t,f_ext_x,f_ext_y,f_ext_z,f_ext_phi,f_ext_motion_0,f_ext_motion_1,f_ext_motion_2,f_ext_motion_3,f_ext_motion_4,tau_v_0,tau_v_1,tau_v_2,tau_v_3,tau_v_4,tau_v_5,tau_v_6,tau_x_0,tau_x_1,tau_x_2,tau_x_3,tau_x_4,tau_x_5,tau_x_6,tau_phi_0,tau_phi_1,tau_phi_2,tau_phi_3,tau_phi_4,tau_phi_5,tau_phi_6,tau_0,tau_1,tau_2,tau_3,tau_4,tau_5,tau_6
0.000000000000000000e+00,-1.411122165291921693e+00,5.954199131191301175e-02,9.712230847766056829e-01,9.710879097651430314e-01,-1.411122165291921693e+00,6.170737914009631619e-02,5.967415171284402575e-01,-8.017883449419751507e-01,3.843934886145011082e-02,3.683130674946778066e-02,3.791134069264659803e-03,4.925005275746702910e-03,2.585369674574009621e-03,1.117794386417788818e-02,-1.087877440232951872e-05,-6.580654780134491746e-03,4.424439352523109825e+00,-7.676538158021061209e-01,6.755504477682033659e+00,6.020589587235614104e-02,-1.300441208834603124e+00,4.649025161128332584e-02,-1.816021766255124126e+00,1.189324595774543178e-02,5.267655041206644739e+00,4.526223812470393515e-01,-2.699192182755791425e+00,-4.163556578949926396e-02,-9.900311694516011896e-01,1.375464743394704505e-18,1.000000000000000000e+00,1.000000000000000000e+00,1.000000000000000000e+00,-1.000000000000000000e+00,-1.000000000000000000e+00,-9.435517966147202173e-01,-1.000000000000000000e+00
1.000000000000000021e-03,-1.410273372035454553e+00,5.913556439897766498e-02,9.684027908344003954e-01,9.682682961634844210e-01,-1.410273372035454553e+00,6.129834351190677905e-02,5.976673474024214450e-01,-8.007143228402197055e-01,3.853568616843090072e-02,3.818913569356884030e-02,3.930930276513760688e-03,5.106569906883752161e-03,2.680650384851787724e-03,1.159010289608213701e-02,-1.126770585250976833e-05,-6.823301002746799682e-03,4.414926774637062401e+00,-7.588227598927518303e-01,6.744809745722417205e+00,4.481491967966214074e-02,-1.298445192178877772e+00,4.245807117137720410e-02,-1.814787422817779383e+00,1.188168311518915908e-02,5.253579803426425165e+00,4.514340719409067337e-01,-2.691996804338732119e+00,-4.152781703467899044e-02,-9.873920011348709114e-01,3.982617563351667458e-17,1.000000000000000000e+00,1.000000000000000000e+00,1.000000000000000000e+00,-1.000000000000000000e+00,-1.000000000000000000e+00,-9.449451976693461486e-01,-1.000000000000000000e+00
2.000000000000000042e-03,-1.408148013816764355e+00,6.418417237650511642e-02,9.615255682988771424e-01,9.613797594913034983e-01,-1.408148013816764355e+00,6.633237909632835883e-02,5.969561203560591611e-01,-7.976749502996354213e-01,4.110924923534266945e-02,2.967514088497397173e-02,3.054525345735882406e-03,3.968059355765715841e-03,2.083028378738149573e-03,9.006127470060036957e-03,-8.760974185927719943e-06,-5.302067566656774172e-03,4.459094827264053151e+00,-7.595452291247966059e-01,6.780028120725630991e+00,4.786540428293722949e-02,-1.305159383300481757e+00,4.478371133540562377e-02,-1.809014037964233879e+00,1.189244890928337767e-02,5.256381288472774749e+00,4.516768289341422937e-01,-2.693424083646821288e+00,-4.154970888799517509e-02,-9.879151259624470161e-01,-1.375372178106166548e-18,1.000000000000000000e+00,1.000000000000000000e+00,1.000000000000000000e+00,-1.000000000000000000e+00,-1.000000000000000000e+00,-9.431401756012273152e-01,-1.000000000000000000e+00
3.000000000000000062e-03,-1.405815302354334495e+00,6.768193569992939085e-02,9.500272226829804545e-01,9.498767735675452961e-01,-1.405815302354334495e+00,6.976161763991127474e-02,5.962988452647647319e-01,-7.926092946102878400e-01,4.294448005116834055e-02,3.318176985609697788e-02,3.415395914541587315e-03,4.437007972486079269e-03,2.329207658683090081e-03,1.007043428372574219e-02,-9.797947427331820097e-06,-5.928646899932789836e-03,4.397855387815296169e+00,-7.449555067202930925e-01,6.718507931593073579e+00,1.983002030425184969e-02,-1.297946065162495444e+00,4.034633735952486422e-02,-1.813553206202711099e+00,1.161409230428909686e-02,5.239085455219858467e+00,4.499146300404346377e-01,-2.684578708514794965e+00,-4.137859910159607385e-02,-9.846664435009329086e-01,0.000000000000000000e+00,1.000000000000000000e+00,1.000000000000000000e+00,1.000000000000000000e+00,-1.000000000000000000e+00,-1.000000000000000000e+00,-9.443299040888353257e-01,-1.000000000000000000e+00
4.000000000000000083e-03,-1.403994874789356917e+00,6.107691585982387428e-02,9.335021569237460515e-01,9.333663248888747210e-01,-1.403994874789356917e+00,6.311869925521172708e-02,5.978353938983256288e-01,-7.854676925353916150e-01,4.010909995358851593e-02,4.342191088685601330e-02,4.469404030355168637e-03,5.806343276988414244e-03,3.048029404435871788e-03,1.317827846021011294e-02,-1.282177746099808494e-05,-7.758291902765894650e-03,4.422272868445444871e+00,-7.426541664321695269e-01,6.737157125995977935e+00,1.974235074656818800e-02,-1.302518377063585309e+00,3.886107912186707869e-02,-1.810922583586836332e+00,1.159278796041739168e-02,5.233924990910137076e+00,4.494600716855823852e-01,-2.681933641057391071e+00,-4.133649832003089691e-02,-9.836973158573997233e-01,-3.830804429814724887e-17,2.000000000000000000e+00,2.000000000000000000e+00,2.000000000000000000e+00,-2.000000000000000000e+00,-1.330676596923406008e+00,-9.448490585129936115e-01,-1.818680875489602222e+00
5.000000000000000104e-03,-1.402683390174014333e+00,4.520764710776060263e-02,9.154746854336952566e-01,9.153729031899108248e-01,-1.402683390174014333e+00,4.722371366821097316e-02,6.014818299622287645e-01,-7.777125368714952192e-01,3.298375063619904402e-02,4.152557583468229063e-02,4.274220528275978100e-03,5.552853784223523749e-03,2.914963507081475783e-03,1.260273398050983790e-02,-1.227401556872974966e-05,-7.419459063274851281e-03,4.485145560848343038e+00,-7.488685347291785810e-01,6.796318218052178395e+00,3.313473959762427978e-02,-1.312173776241901901e+00,4.080905044936186665e-02,-1.807121693408682672e+00,1.168369777232667987e-02,5.239171459088047378e+00,4.500054082884390461e-01,-2.684600803502122268e+00,-4.138901389467039560e-02,-9.846801323115450533e-01,-3.834655852698990984e-17,3.000000000000000000e+00,3.000000000000000000e+00,3.000000000000000000e+00,-2.648551100397416480e+00,-1.340960056156062397e+00,-9.438833558777518506e-01,-1.814541152471957464e+00
6.000000000000000125e-03,-1.401900006304208190e+00,2.871107335326283927e-02,8.992655625693236621e-01,8.991994939268234122e-01,-1.401900006304208190e+00,3.071071275570346273e-02,6.052111199639181871e-01,-7.707411167453064316e-01,2.553110003105408740e-02,1.885382789193408223e-02,1.940650794796333492e-03,2.521107028261433854e-03,1.323466032282556975e-03,5.721975686627483841e-03,-5.572361041297801353e-06,-3.368630270554534133e-03,4.555538337760566492e+00,-7.387965809575025578e-01,6.856823740236117182e+00,1.472627368211604226e-02,-1.322772720503517796e+00,3.861989203047082320e-02,-1.799535491026223788e+00,1.176208109235322118e-02,5.223584185999634144e+00,4.487972862526882767e-01,-2.676614255008193055e+00,-4.128200438204403244e-02,-9.817503945918970576e-01,-3.823251570406725506e-17,4.000000000000000000e+00,4.000000000000000000e+00,4.000000000000000000e+00,-2.660564515293794230e+00,-1.358332749198934319e+00,-9.431360749224675377e-01,-1.802904121296778239e+00
7.000000000000000146e-03,-1.401566422370321252e+00,1.544915465512190084e-02,8.800944255636353741e-01,8.800579817866196475e-01,-1.401566422370321252e+00,1.740180971637900892e-02,6.079863509683303135e-01,-7.625373012261391636e-01,1.955646385929509651e-02,1.122871720478030126e-02,1.155803306095990737e-03,1.501518855318514012e-03,7.882161178483188891e-04,3.407839085686787273e-03,-3.318112731515492563e-06,-2.006256959129601794e-03,4.560074411306782594e+00,-7.350563172077185792e-01,6.859083304305857887e+00,8.141927735414083989e-03,-1.323821925347565376e+00,3.760174842718171095e-02,-1.798666762104317973e+00,1.172452155760539405e-02,5.218599895368612351e+00,4.483467276032233606e-01,-2.674064565403963645e+00,-4.123998044491391374e-02,-9.808159224840543589e-01,0.000000000000000000e+00,4.583027650069167791e+00,4.484699381466989543e+00,5.000000000000000000e+00,-2.665134421550701127e+00,-1.361654066706792454e+00,-9.432174921696041547e-01,-1.800673019063447677e+00
8.000000000000000167e-03,-1.401614115030870744e+00,5.749468750110918458e-03,8.599383726656723015e-01,8.599232636551034092e-01,-1.401614115030870744e+00,7.683866119912683215e-03,6.097554458111801301e-01,-7.539267845372075172e-01,1.521282388148522888e-02,4.177932013261303340e-02,4.300481606160385870e-03,5.586923616561787452e-03,2.932721360031382424e-03,1.267973210559424600e-02,-1.233837101420979692e-05,-7.464787586647917382e-03,4.643890302828532768e+00,-7.469442567223625318e-01,6.936803045492150765e+00,3.253732685128626900e-02,-1.335275911071932997e+00,4.241414251995019591e-02,-1.791291545070232027e+00,1.192038830426834888e-02,5.233247236959389426e+00,4.497926133387959435e-01,-2.681543243437062518e+00,-4.137969365269886235e-02,-9.835657427410681164e-01,3.968194342414030140e-17,4.697590011265414311e+00,4.490603461843186928e+00,6.000000000000000000e+00,-2.646073195225745245e+00,-1.363975872619037633e+00,-9.411639385921320988e-01,-1.798756332656879842e+00
9.000000000000001055e-03,-1.402717274911714718e+00,1.124381306555753690e-03,8.480799807869563445e-01,8.480753172147250663e-01,-1.402717274911714718e+00,3.028923252630663122e-03,6.102680397085626929e-01,-7.489282365430428579e-01,1.318723472336422869e-02,5.782719895406464305e-02,5.952315853608910676e-03,7.732931561084620785e-03,4.059189540689586359e-03,1.755015403543875793e-02,-1.707279557757408398e-05,-1.033209286033596151e-02,4.654052471737474050e+00,-7.396197124118831789e-01,6.944050870481939697e+00,1.576609804426051809e-02,-1.336346798838762950e+00,4.193314060375706587e-02,-1.788840430444831098e+00,1.188367175887241299e-02,5.225874010089921029e+00,4.491346544085733083e-01,-2.677767388775939228e+00,-4.131856582378510417e-02,-9.821797765659485702e-01,1.374355954743297434e-18,4.723763342450411074e+00,4.492206613531646298e+00,7.000000000000000000e+00,-2.657942101190989170e+00,-1.360115210627109272e+00,-9.402637087577691011e-01,-1.799172523305166971e+00
1.000000000000000021e-02,-1.405829575420366240e+00,-7.714663424014459037e-04,8.462597805306285581e-01,8.462593964212221653e-01,-1.405829575420366240e+00,1.115917942273740278e-03,6.101130514078705325e-01,-7.484608295248886822e-01,1.239717553892726205e-02,5.907148151940857378e-02,6.080358316103879300e-03,7.899262490139166010e-03,4.146420526761950519e-03,1.792762555546737954e-02,-1.742694020969562372e-05,-1.055431147808919695e-02,4.670366574152911454e+00,-7.391206177046621972e-01,6.957368792068458596e+00,1.183320411038474296e-02,-1.337506299961715550e+00,4.446592714510162747e-02,-1.785210847148379631e+00,1.181158029346240403e-02,5.230161900438524469e+00,4.494102510172517939e-01,-2.679961235309231693e+00,-4.134125280229465627e-02,-9.829785808406481529e-01,0.000000000000000000e+00,4.741249635965782083e+00,4.497121641049965923e+00,7.414678305575849393e+00,-2.663981610672085054e+00,-1.360919927208542823e+00,-9.385300806357561587e-01,-1.795765158626468905e+00
1.099999999999999936e-02,-1.409143282511142292e+00,-3.612920964289619008e-03,8.542759629876546246e-01,8.542819016338363269e-01,-1.409143282511142292e+00,-1.704898018976782866e-03,6.101747098350064347e-01,-7.521516120665509009e-01,1.116357090305841043e-02,7.617770110671839845e-02,7.841100382466228980e-03,1.018658753731054543e-02,5.346640632439774755e-03,2.311884094227254979e-02,-2.238638095525867722e-05,-1.361044590679434674e-02,4.697177715552960819e+00,-7.662618199177857470e-01,6.973434649441470512e+00,7.867329161278216465e-02,-1.334516019053760605e+00,5.133245748463906299e-02,-1.770070783309002138e+00,1.191661061992763289e-02,5.269056612053584665e+00,4.527628909224901133e-01,-2.699859668515099287e+00,-4.165336190838264674e-02,-9.902751902258641881e-01,0.000000000000000000e+00,4.785272027279606988e+00,4.510635892518264356e+00,7.436384127901271235e+00,-2.615839736269877314e+00,-1.353050540019870684e+00,-9.389651191221803916e-01,-1.783681229215796415e+00
1.200000000000000025e-02,-1.411629749825394908e+00,-2.720006452585126133e-03,8.659629409055835669e-01,8.659668501477507663e-01,-1.411629749825394908e+00,-7.924027588682566389e-04,6.087292638658171606e-01,-7.572045000286544703e-01,1.164474590812253178e-02,1.510595803280562199e-01,1.554857506518365559e-02,2.019635509580107458e-02,1.059972447818610490e-02,4.584156240573548230e-02,-4.402131928309046269e-05,-2.698755708067744619e-02,4.820666934491951494e+00,-7.275618108071135737e-01,7.081191924971213858e+00,-2.111595166380142441e-02,-1.346731794808679217e+00,5.381049278442646966e-02,-1.749515416066596218e+00,1.179210864533377333e-02,5.231654175070969082e+00,4.494708584498421922e-01,-2.680710169970919932e+00,-4.135327516719174840e-02,-9.832183580505449161e-01,3.965539194445664277e-17,4.983518623465340802e+00,4.519640939329039320e+00,7.550859138516857527e+00,-2.691226397156535555e+00,-1.342243507570135330e+00,-9.294518865854014544e-01,-1.776502973147273678e+00
1.300000000000000114e-02,-1.419127754637552030e+00,1.239297684105732100e-02,8.589209401148660827e-01,8.588919716293433870e-01,-1.419127754637552030e+00,1.426002501567026973e-02,6.022241959451837268e-01,-7.551734831906111722e-01,1.873098977172785173e-02,1.181426328589063185e-01,1.216104832864498345e-02,1.579185701682066581e-02,8.287233693009720542e-03,3.584941964370513129e-02,-3.403796281740369860e-05,-2.110490256730657502e-02,4.909427858434504799e+00,-6.982198398462269306e-01,7.165557938127793847e+00,-1.028083184638092229e-01,-1.346957541649705270e+00,5.571049953096296470e-02,-1.726756554489248696e+00,1.145499572417606887e-02,5.204181153287059658e+00,4.467870304253290792e-01,-2.666652421563527664e+00,-4.110328670949049690e-02,-9.780161956938062673e-01,0.000000000000000000e+00,5.039025487017586791e+00,4.518122361769477457e+00,7.628136825569943547e+00,-2.761173506334327232e+00,-1.352211408715490615e+00,-9.223397341256607262e-01,-1.747861457056555379e+00
1.400000000000000029e-02,-1.428117002809730085e+00,1.161781034334876533e-02,8.462418798397425279e-01,8.462171582491940791e-01,-1.428117002809730085e+00,1.329713489942513024e-02,5.989908426805415909e-01,-7.511853092620288663e-01,1.889160168375767640e-02,1.014387210094091218e-01,1.044042177837345951e-02,1.355965429738784263e-02,7.114709118219184752e-03,3.078034324424265902e-02,-2.908199692131206444e-05,-1.812064501390407006e-02,4.183401889359217307e+00,-8.532285439153332041e-01,6.473363054427247576e+00,2.566312405522301332e-01,-1.222938840860307685e+00,8.790634040407759031e-02,-1.753100524156477436e+00,1.094421858495471696e-02,5.446447627200634578e+00,4.663733246953382650e-01,-2.790726395950225758e+00,-4.287112139712088987e-02,-1.023504495182434804e+00,1.265740721316180164e-18,4.295784828953581602e+00,4.603659505063674828e+00,6.953296033419973377e+00,-2.526980446279776249e+00,-1.235029619013185975e+00,-9.356272367752784813e-01,-1.771221169170381415e+00
1.499999999999999944e-02,-1.428140644891627176e+00,-3.717996584775540292e-02,8.556723121054738979e-01,8.557455364863956193e-01,-1.428140644891627176e+00,-3.545465199348211971e-02,6.080739990308147158e-01,-7.554205551027163290e-01,-2.472477579865561652e-03,1.830717498397911869e-01,1.884229243433566126e-02,2.446537304382324918e-02,1.283530793480625563e-02,5.554625187040608536e-02,-5.171999949239053531e-05,-3.270030693932843985e-02,4.696328169331201785e+00,-7.635485669327684022e-01,6.942311001478173260e+00,5.792288727697389450e-02,-1.295451742272263118e+00,7.257607051177870916e-02,-1.705223813174493008e+00,1.084867157971427035e-02,5.313851662275530963e+00,4.551592753255678803e-01,-2.722827022904792837e+00,-4.185435402016545597e-02,-9.985574893226346616e-01,1.254683565393884027e-18,4.890248590750707613e+00,4.569145387777098222e+00,7.421935649847564598e+00,-2.652068827693012665e+00,-1.281759844422022399e+00,-9.260331388103483219e-01,-1.737924120113821358e+00
1.600000000000000033e-02,-1.425130374434730340e+00,-9.619566107406039845e-02,8.604227834763233940e-01,8.605943318581253942e-01,-1.425130374434730340e+00,-9.464865296604163536e-02,6.182516486794888966e-01,-7.574666562660521407e-01,-2.822217938638338364e-02,2.446275712262675484e-01,2.517234634527220141e-02,3.268874963902576591e-02,1.714420179170605962e-02,7.421857286637748019e-02,-6.793899558025301639e-05,-4.369247899455135781e-02,4.632083556305934380e+00,-7.625593179573794123e-01,6.858570163076620041e+00,6.787783098044225527e-02,-1.279840273058513223e+00,7.639392068981905315e-02,-1.690514634254424831e+00,9.699684832575050653e-03,5.328508721058528685e+00,4.549813600079545828e-01,-2.730306707314311687e+00,-4.180460845161742406e-02,-1.001248546057196265e+00,0.000000000000000000e+00,4.886410812364776923e+00,4.591121749446421596e+00,7.346240272723600029e+00,-2.645284674542163206e+00,-1.247426308643753146e+00,-9.249225643629573890e-01,-1.734207113248976251e+00
1.700000000000000122e-02,-1.430034334599897150e+00,-1.296150005253808579e-01,8.421657456908190342e-01,8.423656112319483080e-01,-1.430034334599897150e+00,-1.283096589894694162e-01,6.192698856286418252e-01,-7.513545716649094874e-01,-4.210126288958850049e-02,2.351093375350737091e-01,2.418664094950927906e-02,3.141412009627639335e-02,1.646903707810383477e-02,7.132514549226663669e-02,-6.393268495593555471e-05,-4.198875591893162784e-02,4.733338333883333249e+00,-7.461902129281141605e-01,6.931786456746397818e+00,3.888514808996421102e-02,-1.286018837686313532e+00,7.919497618515326798e-02,-1.661144763587886874e+00,8.350876556871797071e-03,5.321751817785645322e+00,4.527780463492844243e-01,-2.726780658256465095e+00,-4.156509037698040421e-02,-9.998952731938058891e-01,0.000000000000000000e+00,4.976798547975278986e+00,4.599748245807040448e+00,7.415978623191959329e+00,-2.671426473088396758e+00,-1.256258782571027410e+00,-9.207642296936086046e-01,-1.703133519506818461e+00
1.800000000000000211e-02,-1.447504383708654085e+00,-1.310655967117372867e-01,8.155709240052418929e-01,8.157242175332168888e-01,-1.447504383708654085e+00,-1.301081229362286706e-01,6.097600126388339481e-01,-7.439021430782157829e-01,-4.119584015763107926e-02,2.920021513986806871e-01,3.002494140594205024e-02,3.901177661381596135e-02,2.044371768079984025e-02,8.857664199317341613e-02,-7.767320728170861582e-05,-5.214413221859333369e-02,4.751307262909414852e+00,-7.445916435990272975e-01,6.907117462471154212e+00,5.896046455130725394e-02,-1.287918812914674138e+00,8.576247960278290949e-02,-1.639080062309752561e+00,6.359795509244916753e-03,5.351003065727717001e+00,4.527663908491770250e-01,-2.741684050946916695e+00,-4.149926569217019662e-02,-1.005283484746146927e+00,3.916315621963349886e-17,5.049669209817340132e+00,4.636436363534631511e+00,7.398895629934147955e+00,-2.662279868714809705e+00,-1.240841436613670856e+00,-9.195986783506456819e-01,-1.691224194528345937e+00
1.899999999999999953e-02,-1.471202386328853695e+00,-1.468863214480100321e-01,8.133631825159309825e-01,8.134784746628110907e-01,-1.471202386328853695e+00,-1.462464678590154610e-01,6.025209895051519826e-01,-7.478706511867443396e-01,-4.660220738730928153e-02,2.614452322040055066e-01,2.687367184402708262e-02,3.492966531998051294e-02,1.830074157950240324e-02,7.930472592243742458e-02,-6.895456859719638961e-05,-4.668567037456285845e-02,3.637954216679958108e+00,-8.612735333427076201e-01,5.808986886197283539e+00,3.435891932945411287e-01,-1.113111190814703999e+00,1.196199412098290782e-01,-1.681194942967944250e+00,4.455862450183357276e-03,5.594998135586303434e+00,4.708113853618338673e-01,-2.866641050237422661e+00,-4.307590248841846464e-02,-1.051047953428198900e+00,-4.146359464676062171e-17,4.049669209817340132e+00,4.760598274087622706e+00,6.398895629934147955e+00,-2.504751115363379466e+00,-1.076882367380684880e+00,-9.314969667869670289e-01,-1.727880613342507088e+00
2.000000000000000042e-02,-1.491642874123445317e+00,-2.302672517389806328e-01,8.665349704800223707e-01,8.666748495214329218e-01,-1.491642874123445317e+00,-2.297402174092248450e-01,6.127811550290765963e-01,-7.746826606053158759e-01,-8.253215694044631345e-02,2.881659999136164663e-01,2.961079407293555621e-02,3.849650481832565807e-02,2.015991306662474891e-02,8.740277842558506760e-02,-7.406393160740210090e-05,-5.145240816833924341e-02,4.184566487439304261e+00,-8.209034370279398862e-01,6.318675917197224656e+00,2.574662969754869524e-01,-1.186917667672586330e+00,1.125425605537777179e-01,-1.630779734448480900e+00,3.404607064133488483e-03,5.529592737461386243e+00,4.640237069242375001e-01,-2.833043513907967714e+00,-4.243166900013540382e-02,-1.038673634136224155e+00,4.046907980967296574e-17,4.476137094417054207e+00,4.738300094506382010e+00,6.821196128939787329e+00,-2.555417303865856304e+00,-1.141946558247136645e+00,-9.262051375140537557e-01,-1.682232142616820081e+00
2.100000000000000130e-02,-1.513594413273018358e+00,-3.364196068605591616e-01,9.547167810092009876e-01,9.547669005308307977e-01,-1.513594413273018358e+00,-3.362773401101155635e-01,6.301120553279515590e-01,-8.162449568289247281e-01,-1.284359160799513622e-01,2.534150310509853399e-01,2.602614401440932548e-02,3.385041266136212812e-02,1.771839900931440268e-02,7.685508515704832233e-02,-6.340376459312305690e-05,-4.524270670384583637e-02,4.051524488789307377e+00,-8.245600476375404275e-01,6.157774178637454021e+00,2.844179333682773647e-01,-1.159311608935718052e+00,1.195688145193263691e-01,-1.612614634494734078e+00,8.405591127373721180e-04,5.572073786149862151e+00,4.644363648273957534e-01,-2.854733452458082521e+00,-4.238557518988460282e-02,-1.046530023246333041e+00,-4.077880171369286571e-17,4.305780078953030277e+00,4.773539882526731226e+00,6.656060956126212069e+00,-2.552597120080490889e+00,-1.124842098968554138e+00,-9.270246124915998420e-01,-1.657857341198579970e+00
2.199999999999999872e-02,-1.540206628099130004e+00,-4.146582850826761035e-01,1.045815969279546787e+00,1.045690548336533965e+00,-1.540206628099130004e+00,-4.149744716334521910e-01,6.424524756448789509e-01,-8.593559034055707757e-01,-1.611935603724504451e-01,2.176035657764801567e-01,2.233600316977717160e-02,2.906323304970455032e-02,1.520425871989468207e-02,6.598665165193889903e-02,-5.275254491439805408e-05,-3.884424058785191508e-02,4.118351166504812255e+00,-8.544960561231802476e-01,6.196039979120019581e+00,3.703580185420699555e-01,-1.161810273971640051e+00,1.288827855196984506e-01,-1.586739838797227353e+00,-1.724323339537095099e-03,5.633688242049565531e+00,4.664218927779962276e-01,-2.886164848901466851e+00,-4.248612524277611824e-02,-1.057958508715658885e+00,0.000000000000000000e+00,4.334230408941755819e+00,4.801528189096162968e+00,6.691525104947720237e+00,-2.500602571639502170e+00,-1.138309747562477270e+00,-9.291284757408748707e-01,-1.625584079385079317e+00
2.299999999999999961e-02,-1.565732581381174215e+00,-4.556517616509841995e-01,1.125952533799423616e+00,1.125569975692147118e+00,-1.565732581381174215e+00,-4.565959549594877376e-01,6.486964496683883530e-01,-8.971880280658777185e-01,-1.765063912499147125e-01,1.884550727596116526e-01,1.933049635004613354e-02,2.516481548204600044e-02,1.315846454186799137e-02,5.713951563974446757e-02,-4.426120921517757360e-05,-3.363575965553249059e-02,4.059687209007763364e+00,-8.684102833008063849e-01,6.094886004533296209e+00,4.295646244848847495e-01,-1.152643689513463743e+00,1.385781365774782226e-01,-1.568544912638735411e+00,-4.832567161631141049e-03,5.692173951012357236e+00,4.674629807002838033e-01,-2.916010279448177478e+00,-4.247726056483875495e-02,-1.068778567275749714e+00,0.000000000000000000e+00,4.243309714605744354e+00,4.843094164061596985e+00,6.587513800715625756e+00,-2.473287190421424864e+00,-1.137981434438557926e+00,-9.302446919074867093e-01,-1.602180672294267971e+00
2.400000000000000050e-02,-1.587083239091954034e+00,-4.696948053965951386e-01,1.187396156585424523e+00,1.186880857131624278e+00,-1.587083239091954034e+00,-4.709954074774876376e-01,6.522473322085174940e-01,-9.260957557547921937e-01,-1.790340415890043224e-01,1.617425612868822749e-01,1.658546962207295070e-02,2.159677850767369872e-02,1.129067869492262136e-02,4.903815678517609022e-02,-3.756150396904706513e-05,-2.886668717715734286e-02,3.739722142202536403e+00,-8.698849640574930486e-01,5.753172182324131967e+00,4.515737818931148118e-01,-1.103061184641784598e+00,1.451686376937805778e-01,-1.568634036876426219e+00,-6.364794990281260646e-03,5.739425661128816358e+00,4.695315568382815719e-01,-2.940183045476944201e+00,-4.261271040444587765e-02,-1.077588865576147636e+00,0.000000000000000000e+00,3.895099908499137342e+00,4.886126166693395945e+00,6.244300517670087203e+00,-2.477318584888906550e+00,-1.096635738261054316e+00,-9.324577893863360556e-01,-1.597500724053583454e+00
2.500000000000000139e-02,-1.607837856990404379e+00,-4.863657232364619887e-01,1.234164696120621851e+00,1.233337208155643294e+00,-1.607837856990404379e+00,-4.884602797246438977e-01,6.613030584254955269e-01,-9.483113625538113212e-01,-1.821213164749846958e-01,6.245760771104055809e-02,6.399972326004123302e-03,8.337951590046065523e-03,4.356941796398478874e-03,1.893325893968346094e-02,-1.406369352743355852e-05,-1.114505369254870093e-02,3.584637531391123844e+00,-8.624674221565299392e-01,5.570071857772433077e+00,4.408405043271350632e-01,-1.075581498044515083e+00,1.579055198989610109e-01,-1.556241914288967187e+00,-9.934494646803916293e-03,5.781454814677879916e+00,4.686878092912574179e-01,-2.961579190333243794e+00,-4.241334448635424026e-02,-1.085292981223930919e+00,-4.230708972340604943e-17,3.637160644455360359e+00,4.925387364847353844e+00,6.047097618653736184e+00,-2.516381744209709836e+00,-1.099061583591185665e+00,-9.274015250184973747e-01,-1.567386967981515777e+00
2.600000000000000228e-02,-1.631051543889652455e+00,-5.160781873654080032e-01,1.259356141432041998e+00,1.258159217869897262e+00,-1.631051543889652455e+00,-5.189893726522493145e-01,6.787115665905257833e-01,-9.617027680871282902e-01,-1.904366617102984383e-01,6.363233369388893168e-02,6.515010218930086631e-03,8.492623449845776440e-03,4.435582020974731046e-03,1.928669792407010017e-02,-1.379343728482451381e-05,-1.135294873069365648e-02,3.496412195938243705e+00,-8.509224875570547963e-01,5.433815377697555071e+00,4.644863859420110264e-01,-1.063755958387538003e+00,1.515973561722178675e-01,-1.537843214523796354e+00,-1.356089389216077676e-02,5.793578373675241089e+00,4.652195076074637226e-01,-2.967726528031068511e+00,-4.197466494566441664e-02,-1.087406127431472802e+00,0.000000000000000000e+00,3.546483635739972051e+00,4.949170896337116154e+00,5.907527508754864876e+00,-2.498804560068082381e+00,-1.086443925409132483e+00,-9.358225646965396827e-01,-1.549196163254489944e+00
2.699999999999999969e-02,-1.648240603197940191e+00,-5.394251392801938660e-01,1.239213244605725128e+00,1.237746481968448276e+00,-1.648240603197940191e+00,-5.427822702230010732e-01,6.986971675686728389e-01,-9.549584160982733660e-01,-1.952982562599263894e-01,-3.953054656389503457e-02,-4.045104753223546790e-03,-5.274678601472021153e-03,-2.753802169383901943e-03,-1.197987051368943311e-02,8.310581195796701583e-06,7.051754172111568408e-03,3.644261249481008491e+00,-9.002184096601369978e-01,5.543054841960277201e+00,6.053035973414515603e-01,-1.083926033062219574e+00,1.617249597133283701e-01,-1.511444866404690890e+00,-1.610187612973305177e-02,5.869533723348283161e+00,4.683850223354228959e-01,-3.006471816765210470e+00,-4.218140291838325812e-02,-1.101508783353676524e+00,0.000000000000000000e+00,3.588628826787380266e+00,4.965270208934922991e+00,6.006165185694228192e+00,-2.403922021593142944e+00,-1.138087306494292461e+00,-9.397755130591524120e-01,-1.504393112232579321e+00
2.800000000000000058e-02,-1.649941191806016283e+00,-5.421703007574634192e-01,1.167808820961389049e+00,1.165960968839560685e+00,-1.649941191806016283e+00,-5.461328560720197789e-01,7.173769534949866467e-01,-9.239568190434358508e-01,-1.902097950646153834e-01,-1.831849542931680008e-01,-1.873122553351594041e-02,-2.443690287259046856e-02,-1.275111458861350605e-02,-5.550638224194151538e-02,3.691808827290953172e-05,3.267243197565600221e-02,3.382727072730014495e+00,-9.014248011249501591e-01,5.267293364240742903e+00,6.269702581349326787e-01,-1.033913226757696258e+00,1.638740493107423146e-01,-1.500475186685822582e+00,-2.027268586930552896e-02,5.899324848086384243e+00,4.658038130083471118e-01,-3.021644518237320387e+00,-4.180644942221411337e-02,-1.106915097952252180e+00,2.345389197398748394e-18,3.179269432567541021e+00,4.979168821427918168e+00,5.708660274376499366e+00,-2.407425374691001263e+00,-1.131226058421851866e+00,-9.430041305532369522e-01,-1.467802754710166635e+00
2.900000000000000147e-02,-1.640896299046345153e+00,-5.122019789210811025e-01,1.050161846470856863e+00,1.048376142018396351e+00,-1.640896299046345153e+00,-5.158471051003138408e-01,7.316514746048548012e-01,-8.717354228243311409e-01,-1.696793665932912476e-01,-2.576012163620161610e-01,-2.633668491418407823e-02,-3.436059488889626340e-02,-1.792670512884542156e-02,-7.805086114245193829e-02,5.125680468059657491e-05,4.594244957806814522e-02,3.873807960142747753e+00,-8.694774885574727552e-01,5.727283809046090468e+00,5.567579316620840935e-01,-1.103193730083653623e+00,1.610548069226832579e-01,-1.460253846825598112e+00,-2.053197588587348313e-02,5.840471548022409642e+00,4.605573483488399900e-01,-2.991459903208483428e+00,-4.132237875172436320e-02,-1.095825495091807156e+00,2.375406896803246445e-18,3.595674767894858181e+00,4.944657374550753381e+00,6.153480562506034701e+00,-2.452628676675244535e+00,-1.222566969977829876e+00,-9.347194313644433539e-01,-1.414311397247530078e+00
2.999999999999999889e-02,-1.628065054971094439e+00,-4.379172450363951197e-01,8.980553499764539760e-01,8.962063424112327592e-01,-1.628065054971094439e+00,-4.416889368588231557e-01,7.381092545883066736e-01,-8.040297047082066717e-01,-1.283988053115845962e-01,-4.553645978525986404e-01,-4.651964621127158833e-02,-6.072247433760538660e-02,-3.166661435763232918e-02,-1.379465012893439368e-01,8.743485297874674747e-05,8.119705252762356162e-02,3.461374157477175029e+00,-9.268571166918203597e-01,5.287445158080475771e+00,7.125524326479941717e-01,-1.040150859695032182e+00,1.807853910169699707e-01,-1.462760285243080327e+00,-2.535069521842480897e-02,5.959171395236791291e+00,4.646050654626069920e-01,-3.052080503105667031e+00,-4.152512499848483307e-02,-1.117878998760281961e+00,-4.360338115456562038e-17,2.980658864406152020e+00,4.985794632333698573e+00,5.691327749205476572e+00,-2.371194684815305376e+00,-1.219622485982861049e+00,-9.370061728903331666e-01,-1.381563232715456779e+00
3.099999999999999978e-02,-1.609106528932448876e+00,-3.497158996144116294e-01,7.354795054441150004e-01,7.337971826362299499e-01,-1.609106528932448876e+00,-3.532322297392588850e-01,7.438287583605559528e-01,-7.308348502043118256e-01,-8.036023229259925404e-02,-5.179067146175989622e-01,-5.287420070938817634e-02,-6.904684894784449134e-02,-3.599061554034020671e-02,-1.568700410489874408e-01,9.553900715061828099e-05,9.233440040605833676e-02,3.383666735804140124e+00,-9.260802658776067231e-01,5.183162384233806819e+00,7.360082975170449959e-01,-1.023655817870013696e+00,1.807891626316567302e-01,-1.446445203387018985e+00,-2.889958176882599650e-02,5.967318151747901034e+00,4.609662845065320980e-01,-3.056131747709148083e+00,-4.107520828143091524e-02,-1.119232867219501104e+00,0.000000000000000000e+00,2.836860439417715263e+00,4.988363685160906336e+00,5.575081819792494287e+00,-2.356114065732442864e+00,-1.221601067200432045e+00,-9.383481655806937827e-01,-1.354110802980960759e+00
3.200000000000000067e-02,-1.582152247702867109e+00,-2.827819506752617951e-01,5.788051257262740723e-01,5.772472679223131786e-01,-1.582152247702867109e+00,-2.859485913078420594e-01,7.572079822078958689e-01,-6.587889968451492440e-01,-4.166935927343803914e-02,-7.704632154849493375e-01,-7.860834473282984902e-02,-1.026885373045194894e-01,-5.350195214226437235e-02,-2.333237994182968122e-01,1.366218140443489293e-04,1.373331776803614346e-01,3.211778560716963771e+00,-9.523172221483385824e-01,5.006681890634877341e+00,8.011392457291858227e-01,-9.915362365463280536e-01,1.900817026733342407e-01,-1.443154717232977280e+00,-3.332695511023922585e-02,6.012828813805644934e+00,4.594478469872337878e-01,-3.079255845582356432e+00,-4.078671900667003858e-02,-1.127549833312800454e+00,-3.856299475089931481e-18,2.407988390121775346e+00,4.981903246924476392e+00,5.363441200317591750e+00,-2.331618551995434885e+00,-1.265646754971294863e+00,-9.373315088254218219e-01,-1.305821539552615818e+00
3.300000000000000155e-02,-1.548785241691491121e+00,-2.552352565002832252e-01,4.403671743844027042e-01,4.387531873005782179e-01,-1.548785241691491121e+00,-2.579998547861066527e-01,7.827421867938811895e-01,-5.933948331596797798e-01,-2.056577085586289155e-02,-8.621302812319736608e-01,-8.789054089377747181e-02,-1.148753068866770338e-01,-5.981472972975749453e-02,-2.610332008211748156e-01,1.449695227270802903e-04,1.536399802384017521e-01,2.961184099963559468e+00,-9.816205689045249816e-01,4.738118296805728491e+00,8.850554023319717745e-01,-9.461556964437567441e-01,2.002375655728662052e-01,-1.434527978600040221e+00,-3.861299727277169719e-02,6.068631552715197941e+00,4.577272960632410848e-01,-3.107633736185365869e+00,-4.045273259215084044e-02,-1.137769206036882474e+00,4.440153053727325594e-17,2.060440821458814131e+00,4.999120442916895612e+00,5.080970285982291834e+00,-2.282393063583151527e+00,-1.247641629857082490e+00,-9.373866709412891352e-01,-1.280887998361638580e+00
3.400000000000000244e-02,-1.512815810033320885e+00,-2.432750381533107242e-01,3.170278094830418225e-01,3.154759277839997988e-01,-1.512815810033320885e+00,-2.452841518788672071e-01,8.134478368569617590e-01,-5.341498606694629059e-01,-6.302287401467016048e-03,-9.303812109030897837e-01,-9.483766316412671482e-02,-1.239534044169506855e-01,-6.453228586421534685e-02,-2.816791447645354829e-01,1.539098762632006240e-04,1.657908852790738186e-01,3.669507524718415237e+00,-9.460120189652897471e-01,5.408044212823044816e+00,8.122871504805079246e-01,-1.048027089526217148e+00,1.950168125769187466e-01,-1.382030365268549499e+00,-3.845664220708053249e-02,5.983767046203621653e+00,4.508232492249396040e-01,-3.064114042928689940e+00,-3.983295112321764975e-02,-1.121802823856871800e+00,-4.450202631786850867e-18,2.700669671608245004e+00,4.942917364074205899e+00,5.734914057631034012e+00,-2.316359178312397127e+00,-1.369539185413970239e+00,-9.266321014036899006e-01,-1.216239479989475569e+00
3.500000000000000333e-02,-1.477468799383444331e+00,-2.008668702200546163e-01,1.985952756048231793e-01,1.971387432195808309e-01,-1.477468799383444331e+00,-2.022965619242208246e-01,8.356713638666002364e-01,-4.767149318079747511e-01,2.187357230900688343e-02,-9.801560839153640181e-01,-9.982181840064024980e-02,-1.305492887682946357e-01,-6.792690965279206405e-02,-2.966879402839150415e-01,1.538523701009978663e-04,1.746215087834228630e-01,3.238080260527506304e+00,-1.004402677715267478e+00,4.944927964804249676e+00,9.745896282195385396e-01,-9.803480704427054437e-01,2.134020286365051478e-01,-1.380770257360682596e+00,-4.454047169184482263e-02,6.093962567829625421e+00,4.526564579789644771e-01,-3.120290548466534641e+00,-3.979269589863163731e-02,-1.142194813169792988e+00,0.000000000000000000e+00,2.213383704920297568e+00,4.989738071713717638e+00,5.267035134014919073e+00,-2.213627829899788235e+00,-1.316828706625252199e+00,-9.286389321631868254e-01,-1.206148748577259733e+00
3.600000000000000422e-02,-1.440889664064796793e+00,-1.444186091750073453e-01,9.834094532587001058e-02,9.720026512006396668e-02,-1.440889664064796793e+00,-1.451887897332936328e-01,8.522433030760616646e-01,-4.266287998729484388e-01,5.621861599578847207e-02,-9.833563983734042724e-01,-1.000776714088546376e-01,-1.309462745278276719e-01,-6.809536777087998871e-02,-2.976039000547497371e-01,1.464578935177637765e-04,1.751577289061430065e-01,3.258810281902671413e+00,-1.003922460364995439e+00,4.938114160333764602e+00,9.912533644988924530e-01,-9.793802714051500491e-01,2.169814032865323983e-01,-1.361366873418586421e+00,-4.856998169643765573e-02,6.095754343335349823e+00,4.479343631437972539e-01,-3.120986433858591980e+00,-3.922894302261987348e-02,-1.142309227492092960e+00,-5.621271434942193887e-18,2.226883901832829693e+00,4.991754211561500121e+00,5.255102248949733657e+00,-2.197828437130579626e+00,-1.316213114482519542e+00,-9.251813663120428410e-01,-1.186209144512443414e+00
3.699999999999999817e-02,-1.402508009640143438e+00,-1.002065763862788755e-01,2.745095257554034524e-02,2.658161700485897963e-02,-1.402508009640143438e+00,-1.004406809304412285e-01,8.687106801964165070e-01,-3.883115542445740309e-01,8.450572112483703546e-02,-1.010169737569148074e+00,-1.027167852428196304e-01,-1.345052189764575079e-01,-6.989307796029553543e-02,-3.056756215698634427e-01,1.406458057188371413e-04,1.799055589214326178e-01,3.177248362453124919e+00,-1.000717426137472499e+00,4.821040783753616665e+00,1.031406265502193831e+00,-9.655890394090197448e-01,2.075834346162959421e-01,-1.344545515285480830e+00,-5.331133017624963694e-02,6.082959208236973225e+00,4.411365851529179816e-01,-3.114206586183830616e+00,-3.845326782555811423e-02,-1.139686966321363792e+00,0.000000000000000000e+00,2.113767294707726840e+00,4.979524996856681263e+00,5.127672149930077694e+00,-2.152693398641932099e+00,-1.309717928804441378e+00,-9.319628858993490583e-01,-1.164639956364048157e+00
3.799999999999999906e-02,-1.365457061081076340e+00,-6.763718248634430219e-02,-2.033854636070293875e-02,-2.097946738106797396e-02,-1.365457061081076340e+00,-6.744113634247429767e-02,8.837972922984123070e-01,-3.590059986093187550e-01,1.067780108256460719e-01,-1.001964450754815772e+00,-1.017834051772642245e-01,-1.334517272149130795e-01,-6.927160309269321525e-02,-3.031862177927156510e-01,1.283209866434483566e-04,1.784385774287881588e-01,3.190007310738163682e+00,-9.403234256926333856e-01,4.804961391397058357e+00,9.611619067523656801e-01,-9.667790808218749143e-01,1.699047641003773590e-01,-1.326315039793043216e+00,-5.724573913180095591e-02,5.965012970321749819e+00,4.265721888627002079e-01,-3.053619780007231554e+00,-3.700052022934864626e-02,-1.117419028874778286e+00,0.000000000000000000e+00,2.130797120851546822e+00,4.922906139451852070e+00,5.098081853044845069e+00,-2.161729476347558965e+00,-1.306965818843939253e+00,-9.473859437877575340e-01,-1.147876462364255001e+00
3.899999999999999994e-02,-1.334116328131869311e+00,-3.157204185847741623e-02,-5.567362167348052782e-02,-5.597730751094570634e-02,-1.334116328131869311e+00,-3.103042089918072247e-02,8.929853538414718184e-01,-3.341414325987093759e-01,1.297198538134999302e-01,-1.041993651471515570e+00,-1.058236094106343034e-01,-1.387688375211008074e-01,-7.201656654625199216e-02,-3.152758082709655740e-01,1.301565228569567377e-04,1.855526166496329066e-01,3.445561956548742533e+00,-9.392549586840642784e-01,5.035581498278704160e+00,9.505766438912549576e-01,-1.002328872270775495e+00,1.838572254024019026e-01,-1.301308593352115794e+00,-5.855600574112316409e-02,5.968089536112750615e+00,4.252304846714752840e-01,-3.055111576552685726e+00,-3.683615365141705567e-02,-1.117914521223865698e+00,3.688407480871636745e-17,2.345012299336104000e+00,4.923010968018052047e+00,5.322043145429078415e+00,-2.176551499207683094e+00,-1.354440834193157972e+00,-9.339271392986068232e-01,-1.115755976702482943e+00
4.000000000000000083e-02,-1.308855347777100331e+00,1.922912581029862303e-02,-9.463323263213882508e-02,-9.442322385873833102e-02,-1.308855347777100331e+00,2.023518702555979210e-02,8.926442108517892438e-01,-3.054786058907058566e-01,1.583732775207799814e-01,-1.005529811880347069e+00,-1.020030965144636814e-01,-1.339696743414275082e-01,-6.945022477210809064e-02,-3.042568274863850508e-01,1.146257514525023634e-04,1.790664106839759961e-01,3.212022975390410817e+00,-8.656955309210868643e-01,4.760172887076885573e+00,8.739482405632078565e-01,-9.761999386913220444e-01,1.382955310265056026e-01,-1.298662991898160923e+00,-6.292100067487126080e-02,5.846583320121923499e+00,4.098401101773815336e-01,-2.992807820310770417e+00,-3.528804109316520388e-02,-1.095023894086327276e+00,-7.283448064850676291e-18,2.143572162835192696e+00,4.878884692686372482e+00,5.036043322912839848e+00,-2.188309804519670720e+00,-1.315744807270872396e+00,-9.566137373083691831e-01,-1.119596581214184816e+00
4.100000000000000172e-02,-1.286106721765887029e+00,6.184027768363323935e-02,-1.611545079117291113e-01,-1.604311727482739258e-01,-1.286106721765887029e+00,6.369328202309819387e-02,8.875066251505808745e-01,-2.613256919987748672e-01,1.821869603786606950e-01,-1.017991392851757437e+00,-1.031572924581156125e-01,-1.356632697815205457e-01,-7.026296845000420954e-02,-3.080294781658015069e-01,1.054642413506442822e-04,1.812854302853441069e-01,3.107054968570770015e+00,-7.860114844797552180e-01,4.612729061568190403e+00,7.453476000825470793e-01,-9.634171733041267949e-01,1.124036241170309480e-01,-1.284063116334194454e+00,-6.690972950275449194e-02,5.742335398414399883e+00,3.963287879450740347e-01,-2.939412561334884266e+00,-3.392254907413128073e-02,-1.075375087005374652e+00,0.000000000000000000e+00,2.022153846216258266e+00,4.853166621476528775e+00,4.873394579731743725e+00,-2.264327929702341535e+00,-1.305369200544059582e+00,-9.628659986469930709e-01,-1.102777686048850292e+00
4.200000000000000261e-02,-1.265391552888457616e+00,7.666088021468078773e-02,-2.871813441877759110e-01,-2.862011932974692918e-01,-1.265391552888457616e+00,8.024270658378915289e-02,8.815924318453944863e-01,-1.868412680941699822e-01,1.922779873383508031e-01,-9.881406225036561963e-01,-1.000155019752108354e-01,-1.317176744695999491e-01,-6.814755914730639963e-02,-2.990038499532367555e-01,8.986663500837900598e-05,1.759722178952891902e-01,3.095536238016731723e+00,-6.682200686870894968e-01,4.557966780584266964e+00,5.294443038338024765e-01,-9.640205117220764786e-01,7.828598350306120723e-02,-1.263983273619680103e+00,-7.055010147265734777e-02,5.585473638021095866e+00,3.788491615738379115e-01,-2.859178924348917850e+00,-3.220877072888232717e-02,-1.045891220065191085e+00,0.000000000000000000e+00,2.036845514040418248e+00,4.817238067358795561e+00,4.805098267688504343e+00,-2.397882179662421898e+00,-1.295233132404195464e+00,-9.675153699271215046e-01,-1.088011055724390941e+00
4.300000000000000350e-02,-1.250158148532678037e+00,6.732859473719783605e-02,-5.091541982384986120e-01,-5.081964386145384482e-01,-1.250158148532678037e+00,7.421264739027914892e-02,8.738127680829572697e-01,-6.645145522061997323e-02,1.904284033434714141e-01,-1.026781384223834026e+00,-1.037984503027178373e-01,-1.368981779989413561e-01,-7.075176752159441362e-02,-3.107016199205971385e-01,7.972275874628028931e-05,1.828552506512517717e-01,3.074992646086018855e+00,-5.505654196991073279e-01,4.499229404540144195e+00,2.978321674970059174e-01,-9.621822617961720558e-01,5.165533097122386452e-02,-1.245742814912730312e+00,-7.444770640606326872e-02,5.441847321069559484e+00,3.621634675078662102e-01,-2.785771637697396663e+00,-3.055738539591278113e-02,-1.018890658606815380e+00,3.979810331908665049e-17,1.973763555456121699e+00,4.787483451067734208e+00,4.724494694049068855e+00,-2.558691237721984812e+00,-1.303441267112682045e+00,-9.671556048768452651e-01,-1.062887564261478568e+00
4.399999999999999745e-02,-1.239469400820241818e+00,3.678579756052016703e-02,-8.158277484923094347e-01,-8.152376136331882517e-01,-1.239469400820241818e+00,4.812217191543721739e-02,8.649459242846424534e-01,9.529281586718660324e-02,1.780415191519327811e-01,-9.656089458134469172e-01,-9.756937906537814509e-02,-1.287612479002988586e-01,-6.651719780847023533e-02,-2.921935335942087986e-01,7.058413457330697978e-05,1.719622913938598785e-01,2.948018833583678777e+00,-5.880386904808453385e-01,4.351526931434669621e+00,4.023411633703013468e-01,-9.404423314934431399e-01,5.941087681138127602e-02,-1.237520417625945779e+00,-7.727825752719164054e-02,5.499706412751409701e+00,3.635365679200063260e-01,-2.815352563278083142e+00,-3.058911365061706480e-02,-1.029671584218625924e+00,-3.127437638039231836e-17,1.905131630243040108e+00,4.814098343205186481e+00,4.586302251454377199e+00,-2.479528597716251781e+00,-1.263224978738269000e+00,-9.701901232726714008e-01,-1.065558126232085900e+00
4.499999999999999833e-02,-1.226262080729522808e+00,-6.713213614768731574e-03,-1.170249168395508521e+00,-1.170220498508723894e+00,-1.226262080729522808e+00,1.059095073213777577e-02,8.552904906105416316e-01,2.840474403029515926e-01,1.592169534222066807e-01,-1.069150855261852717e+00,-1.079130378119638745e-01,-1.425915331598235636e-01,-7.359722282038583252e-02,-3.235403833286750186e-01,6.554289780443584739e-05,1.904096809391978840e-01,3.152445439777305403e+00,-4.618693575495554371e-01,4.506213531555184559e+00,1.640889126140003818e-01,-9.774685887114599181e-01,2.705899263169377067e-02,-1.211306326019537583e+00,-7.970401146062593145e-02,5.332820588341581569e+00,3.466701138398580739e-01,-2.730131318274120034e+00,-2.896940695178592054e-02,-9.983744790972757244e-01,0.000000000000000000e+00,2.003590573054826685e+00,4.763038192980062036e+00,4.710292112235219264e+00,-2.639639628480505706e+00,-1.329978378991920840e+00,-9.712499435677774962e-01,-1.020896645080339615e+00
4.599999999999999922e-02,-1.207920249049774464e+00,-4.104225819606732717e-02,-1.581730321173147269e+00,-1.582179052343249515e+00,-1.207920249049774464e+00,-1.627028587815268143e-02,8.406924627064945588e-01,5.032726962564179063e-01,1.442038723017805280e-01,-1.028551339262079978e+00,-1.036998812177230278e-01,-1.372178897980974865e-01,-7.075378159805184586e-02,-3.112744898767813573e-01,5.098835488789389328e-05,1.831902251861644570e-01,3.189604625945580807e+00,-4.058628921270837631e-01,4.508256487413267344e+00,7.476068509273593732e-02,-9.874933684065364536e-01,1.070694056975074471e-02,-1.197345910040308326e+00,-8.325298059511923587e-02,5.260492862068915976e+00,3.363117970788720990e-01,-2.693235569935297224e+00,-2.790725268370005535e-02,-9.847753380660434486e-01,3.846213144173158781e-17,2.077800306088381621e+00,4.750930088724108380e+00,4.707350394694042706e+00,-2.689228666440613313e+00,-1.326675110967017845e+00,-9.740174091414047775e-01,-1.014155684854143757e+00
4.700000000000000011e-02,-1.187694252644765802e+00,-4.884632974251242044e-02,-2.045951745320228277e+00,-2.046480865003955874e+00,-1.187694252644765802e+00,-1.485184435898694033e-02,8.189700366811519805e-01,7.496302668503121991e-01,1.412980034543782071e-01,-1.050997867347456483e+00,-1.058338724033955069e-01,-1.402671167536642671e-01,-7.223989781831832713e-02,-3.180922685802194949e-01,3.768968680304336962e-05,1.872017643754610716e-01,3.351237276270505383e+00,-3.444820722632258581e-01,4.640933028128630511e+00,-3.970823163323369820e-02,-1.010721367828165684e+00,-1.933992487666846838e-03,-1.174325401479362707e+00,-8.699277656028615857e-02,5.181574705500028521e+00,3.251752417195637457e-01,-2.652967810370855162e+00,-2.677002344685629545e-02,-9.699376274489638350e-01,0.000000000000000000e+00,2.213246632362762867e+00,4.731258760833407351e+00,4.825841153094530434e+00,-2.764915939822407243e+00,-1.355583659855241319e+00,-9.718339302498275600e-01,-9.871236371039016078e-01
4.800000000000000100e-02,-1.173629788429792153e+00,-1.745096710002352891e-02,-2.519259214180211703e+00,-2.519177463570101416e+00,-1.173629788429792153e+00,2.676623853171247042e-02,7.900325373677788976e-01,1.002241731474914799e+00,1.566287756673444831e-01,-9.815660995240225173e-01,-9.871144250981542245e-02,-1.310597742153289391e-01,-6.740995959707844765e-02,-2.971038562269514571e-01,2.081317463480173886e-05,1.748490173107867252e-01,3.493073404476877641e+00,-2.861918608913857631e-01,4.741026373980756325e+00,-1.438606701316759162e-01,-1.033913974711699435e+00,-9.604378732199325697e-03,-1.150078166460042128e+00,-9.080267468750553850e-02,5.119779110364601316e+00,3.153341979597267253e-01,-2.621449016176210733e+00,-2.574998732266602433e-02,-9.583056503280974470e-01,0.000000000000000000e+00,2.420704630265349877e+00,4.734875806963400713e+00,4.925300797725154389e+00,-2.832719645904965056e+00,-1.356767818261316982e+00,-9.678892158856620132e-01,-9.752291491492554032e-01
4.900000000000000189e-02,-1.165761584885310675e+00,4.245254741278950417e-02,-2.967521118644059985e+00,-2.966279739507053037e+00,-1.165761584885310675e+00,9.575132046243559070e-02,7.587432748327844756e-01,1.245271220448606941e+00,1.854827342249908972e-01,-9.444437231225436546e-01,-9.492817261381697458e-02,-1.261264936030274675e-01,-6.484307170839179180e-02,-2.858805933996537707e-01,1.530123078525571449e-05,1.682438498809351590e-01,3.191654887275267694e+00,-3.031427263693134977e-01,4.416177487326901741e+00,-5.936932079151406583e-02,-9.918938295320928189e-01,-2.112803370136462355e-02,-1.154125217670560977e+00,-9.323844351594676172e-02,5.136612851911478650e+00,3.137655553521294660e-01,-2.630118649256683483e+00,-2.552519594685428994e-02,-9.614352549591606012e-01,1.079248720221298558e-17,2.153972720636777360e+00,4.738541952928348344e+00,4.603816549076004350e+00,-2.754331041756589382e+00,-1.303299618878600796e+00,-9.825479874297399219e-01,-9.858813677896258731e-01
5.000000000000000278e-02,-1.156367026486896821e+00,1.058704216805857745e-01,-3.374251277374119340e+00,-3.371692232680589374e+00,-1.156367026486896821e+00,1.687356427346803356e-01,7.326272024256216264e-01,1.472139540090131149e+00,2.166725818922115299e-01,-9.717951261341261082e-01,-9.758274544442521736e-02,-1.298207968533059697e-01,-6.667448525572715334e-02,-2.941747952813496547e-01,4.525708081126182199e-06,1.731243544165912418e-01,3.426397318307404571e+00,-2.522153724458864876e-01,4.620794718684168245e+00,-1.654791535881192099e-01,-1.025693424881405358e+00,-2.217039054235204337e-02,-1.127913837803067310e+00,-9.575509947672300459e-02,5.084998930930124672e+00,3.063557701309382320e-01,-2.603780249735792029e+00,-2.477060097067552633e-02,-9.517223724762777781e-01,2.608043251445761619e-17,2.358847092696555681e+00,4.735200813039813106e+00,4.797329691961801146e+00,-2.835933888579638129e+00,-1.344638821133430584e+00,-9.738882373105487433e-01,-9.547894833864760677e-01
5.100000000000000366e-02,-1.150174570494913340e+00,1.777450267361297964e-01,-3.739372986176654923e+00,-3.735180235964862039e+00,-1.150174570494913340e+00,2.508629688388078205e-01,7.113774347496102379e-01,1.680750040410775803e+00,2.526262774424812285e-01,-9.949321880260508788e-01,-9.978345333555746488e-02,-1.329648951816448654e-01,-6.820574477664934077e-02,-3.012056797932898267e-01,-9.544890411628378091e-06,1.772613964518412466e-01,3.465642138731510169e+00,-2.040171541309052927e-01,4.628885967300756299e+00,-2.469968836051068539e-01,-1.032418078203584555e+00,-3.212715778146692930e-02,-1.111363336186389050e+00,-9.949249231518234038e-02,5.033720814364609275e+00,2.975039339347592127e-01,-2.577690152545786706e+00,-2.384264661301966834e-02,-9.420772841474156500e-01,-2.526854993588489338e-17,2.371217458390276533e+00,4.729920206898146517e+00,4.793425006053871229e+00,-2.892892780927543317e+00,-1.357466404609894095e+00,-9.742139868192941643e-01,-9.341019397345478037e-01
5.200000000000000455e-02,-1.153822946577171882e+00,2.663368237559207152e-01,-4.076762725213178840e+00,-4.070439534696480344e+00,-1.153822946577171882e+00,3.499308728247235711e-01,6.935573347598213978e-01,1.874618034971234470e+00,2.972375446129355558e-01,-1.052073750477117597e+00,-1.053812988065359196e-01,-1.406576125777276309e-01,-7.206120142119523675e-02,-3.185352849997246105e-01,-2.575069856842344330e-05,1.874592384905534037e-01,3.512386721293554448e+00,-1.722767487940980724e-01,4.646196692862383237e+00,-2.916264113191535667e-01,-1.039751171703324761e+00,-3.874953860516899828e-02,-1.094910530689337858e+00,-1.037903847625884224e-01,5.006908774694908359e+00,2.900022495819190582e-01,-2.564152261303665359e+00,-2.301950526183274559e-02,-9.370166625978944008e-01,1.201284918115776276e-17,2.356522586053848123e+00,4.729250727094274076e+00,4.795541329866574998e+00,-2.927839874044014135e+00,-1.381305961964882201e+00,-9.757919519016319265e-01,-9.074512921987845093e-01
5.299999999999999850e-02,-1.163935603494371307e+00,3.626532152075134796e-01,-4.410475417869684556e+00,-4.401642832408465544e+00,-1.163935603494371307e+00,4.575490597086879219e-01,6.815809959920171579e-01,2.063267025752285377e+00,3.464396778443487035e-01,-9.922213508457728981e-01,-9.925487862585197218e-02,-1.327032213765676483e-01,-6.789723104355943617e-02,-3.004450586868016582e-01,-4.057357028062827522e-05,1.768122692731459444e-01,3.476872244137995338e+00,-1.386503131703230862e-01,4.577495770426665445e+00,-3.254441119933837445e-01,-1.036187311895809593e+00,-5.310504880381942266e-02,-1.081376574447418859e+00,-1.082010304524335526e-01,4.973797943879865180e+00,2.818287329368783234e-01,-2.547448970600060036e+00,-2.213241753473964638e-02,-9.307880835047592782e-01,3.633607183525435958e-17,2.376449862839788985e+00,4.735892752083690205e+00,4.726621281986975731e+00,-2.940790313637002829e+00,-1.358764788117351019e+00,-9.839337058788593104e-01,-9.045643051742728868e-01
5.399999999999999939e-02,-1.173663294946519553e+00,4.568206371998859705e-01,-4.762988085495803325e+00,-4.751857815530608597e+00,-1.173663294946519553e+00,5.608813583346907716e-01,6.774516898648043073e-01,2.256117828589421670e+00,3.954804076442399730e-01,-1.005219551131803390e+00,-1.005098500852387028e-01,-1.344654094006363376e-01,-6.876718510994936362e-02,-3.043966643081619794e-01,-4.646497102392601480e-05,1.791376954786346454e-01,3.488743695903268716e+00,-1.220244502057294678e-01,4.569558024735830948e+00,-3.251169383524775136e-01,-1.038969163094596970e+00,-6.936411462926042604e-02,-1.071515571528803168e+00,-1.092374090464373615e-01,4.944524372798681178e+00,2.781163583607794143e-01,-2.532531579594512028e+00,-2.176081601668118648e-02,-9.253045931951850989e-01,2.347776076373955676e-17,2.374286735725028130e+00,4.721990072507713521e+00,4.713208973695973469e+00,-2.926415703056938877e+00,-1.365126643419440011e+00,-9.947151727954693934e-01,-8.923778760501684948e-01
5.500000000000000028e-02,-1.181549454773342278e+00,5.429817334281752395e-01,-5.138017825620591061e+00,-5.124325278472459999e+00,-1.181549454773342278e+00,6.598081385067646742e-01,6.822920593855031912e-01,2.454787766267647608e+00,4.418550713057101120e-01,-1.073820797929147863e+00,-1.072516977460791776e-01,-1.436723944724864199e-01,-7.339399199481108638e-02,-3.251868617681616391e-01,-6.532503833414174421e-05,1.913716296409404827e-01,3.504892449934291498e+00,-7.995724011693228217e-02,4.563915078148783167e+00,-4.143356062828426611e-01,-1.038705649863089775e+00,-6.945631638738572478e-02,-1.056428389770948995e+00,-1.130604006824676572e-01,4.916911701811344848e+00,2.711446841600677060e-01,-2.518631913130164435e+00,-2.100246984301972972e-02,-9.200975327648153179e-01,3.591376091993831844e-17,2.318011251322675825e+00,4.729702763948333555e+00,4.691387367836364675e+00,-3.006361511407817932e+00,-1.384894981474271258e+00,-9.896191741905351336e-01,-8.650567601300085396e-01
5.600000000000000117e-02,-1.193349881767029164e+00,6.178055148850305489e-01,-5.530765524337609484e+00,-5.514589792410605540e+00,-1.193349881767029164e+00,7.485655354506959291e-01,6.967977024895131155e-01,2.655517958570066561e+00,4.839585409293011287e-01,-1.142596640288936705e+00,-1.139924720726507579e-01,-1.529118211080487955e-01,-7.803079572191330693e-02,-3.460397470436833989e-01,-8.529187074853586360e-05,2.036426101295232827e-01,3.474040127987366500e+00,-5.829319755971726358e-02,4.494199088635168593e+00,-4.277919207270037827e-01,-1.035882899881888974e+00,-7.511508025457244719e-02,-1.040642215545830807e+00,-1.173652351381190700e-01,4.908616315976257027e+00,2.651908382583134105e-01,-2.514624942679842601e+00,-2.031879613292386297e-02,-9.185156078880066799e-01,-3.584840279227972981e-17,2.214078252560310656e+00,4.736330646343889228e+00,4.606478105785432930e+00,-3.020447659128759454e+00,-1.402241443058496184e+00,-9.937159800133277265e-01,-8.369996054163075794e-01
5.700000000000000205e-02,-1.209898563387464820e+00,6.744122624776931474e-01,-5.937885082483168375e+00,-5.919424565774351166e+00,-1.209898563387464820e+00,8.208068973050608452e-01,7.219281391781893209e-01,2.856379412176548449e+00,5.185899713514349196e-01,-1.258114429293236913e+00,-1.253646067524357421e-01,-1.684059398424240794e-01,-8.584380278355144278e-02,-3.810491154886792575e-01,-1.122879173465992270e-04,2.242442718170041815e-01,3.427882869828242640e+00,-4.310723719809876620e-02,4.414630957608192574e+00,-4.334757351599995978e-01,-1.033096235092458626e+00,-7.745697207984685029e-02,-1.031460210665336108e+00,-1.224984851806750902e-01,4.913026092717362125e+00,2.592973069370446138e-01,-2.517164900974568020e+00,-1.961161133698899675e-02,-9.193046990184171596e-01,1.417590689022025507e-17,2.047269955354330762e+00,4.744554248766827520e+00,4.505522324702813108e+00,-3.036484438918118922e+00,-1.433756961918126960e+00,-9.968739590156106001e-01,-8.072159388483319820e-01
5.800000000000000294e-02,-1.226699295677509127e+00,7.078649464941038083e-01,-6.356859889501020433e+00,-6.336555637457437662e+00,-1.226699295677509127e+00,8.710930436115205122e-01,7.576773757405339538e-01,3.056743854680724404e+00,5.433412034767443055e-01,-1.379553384801363691e+00,-1.372984273208539829e-01,-1.846798228742240755e-01,-9.403927600693341715e-02,-4.178452268356372956e-01,-1.440811508548036160e-04,2.458966964189292781e-01,3.423392261946754278e+00,-4.264162144746570099e-02,4.363952520754798670e+00,-3.952250647466779565e-01,-1.037089429726399947e+00,-7.680656052613062112e-02,-1.015391502432638982e+00,-1.282342839052466044e-01,4.938417103451786971e+00,2.544064372372316085e-01,-2.530466329382206947e+00,-1.897690014832590852e-02,-9.240119999227949243e-01,0.000000000000000000e+00,1.915604593240144204e+00,4.758477054683467600e+00,4.433679135117806425e+00,-3.019730670135817974e+00,-1.473911556710363335e+00,-1.000962641599780323e+00,-7.694948060137096757e-01
5.900000000000000383e-02,-1.242766609802198774e+00,7.281920921536555458e-01,-6.779358597959904031e+00,-6.758120971537412203e+00,-1.242766609802198774e+00,9.043050684775661985e-01,8.002307488454911688e-01,3.252973739172443590e+00,5.625362350959000057e-01,-1.405875716999595459e+00,-1.398681865278735281e-01,-1.882219392493102161e-01,-9.580184104947815638e-02,-4.258291230265229821e-01,-1.545596586019867987e-04,2.505946363134925470e-01,3.584300678201799872e+00,-2.608807684218024045e-02,4.525828098752194606e+00,-4.279325763970902030e-01,-1.054462726508313075e+00,-8.143845216482520355e-02,-1.000027976985694789e+00,-1.292308458719025055e-01,4.919547776509691772e+00,2.516193312110371338e-01,-2.520883607609770927e+00,-1.869257229599989578e-02,-9.204728818835417048e-01,0.000000000000000000e+00,2.049194115330301713e+00,4.753591513139637570e+00,4.589225490713921829e+00,-3.044618025056339494e+00,-1.498984421830835911e+00,-1.002065893706968858e+00,-7.494333406722022417e-01
5.999999999999999778e-02,-1.259280970474932371e+00,7.482075679599839990e-01,-7.187361858421954963e+00,-7.164481302705486776e+00,-1.259280970474932371e+00,9.424397656268455048e-01,8.449361185336867752e-01,3.437954790331706700e+00,5.821308176839191662e-01,-1.339503575428198756e+00,-1.331011544033447735e-01,-1.793332569432439794e-01,-9.118742741853762268e-02,-4.057220938695214052e-01,-1.671224898414511910e-04,2.387596215655684584e-01,3.481278665447186338e+00,-5.143898259509999127e-02,4.382957305078606147e+00,-3.482314629320297228e-01,-1.043775702636784430e+00,-6.842266939358963851e-02,-9.919380561871975477e-01,-1.363304123311298299e-01,4.989247603195562597e+00,2.487541317223026793e-01,-2.556868511204134276e+00,-1.819631122002080686e-02,-9.334466635761337061e-01,0.000000000000000000e+00,2.005444677687857613e+00,4.804707466197117860e+00,4.452378179857664264e+00,-2.996287401554701635e+00,-1.467694107726326580e+00,-1.002036455459564657e+00,-7.531784346216290338e-01
6.099999999999999867e-02,-1.273387557776797463e+00,7.682255415006111754e-01,-7.569129386424727990e+00,-7.544736176646214432e+00,-1.273387557776797463e+00,9.792069116678738805e-01,8.899471209993082832e-01,3.607074433138445446e+00,6.018347638307990355e-01,-1.362628464863133715e+00,-1.352633304084014387e-01,-1.824331432499375627e-01,-9.267430304828118415e-02,-4.127255847813202649e-01,-1.890990296528619529e-04,2.428788625081484687e-01,3.548804384018887426e+00,-6.174461526380921328e-02,4.419747397563916103e+00,-3.021295568023747435e-01,-1.051410039635030547e+00,-6.221262461183887926e-02,-9.713214359482533755e-01,-1.416336954572362805e-01,5.025613798077632310e+00,2.452983120200268319e-01,-2.575727349091536666e+00,-1.771034882408138028e-02,-9.401958392225031602e-01,3.668129435881167454e-17,2.044542223698517347e+00,4.828605852405422283e+00,4.482612566334005066e+00,-2.970531208942192691e+00,-1.481845973240432102e+00,-1.002597562863994929e+00,-7.284425734401048791e-01
6.199999999999999956e-02,-1.280673251042798721e+00,7.847868258297459043e-01,-7.916242641149219494e+00,-7.890151260823428103e+00,-1.280673251042798721e+00,1.014051772283630193e+00,9.341665833152056342e-01,3.757813122835406361e+00,6.198715995818881996e-01,-1.286837918524902813e+00,-1.275774228253349629e-01,-1.722930558298313430e-01,-8.742424979204235780e-02,-3.897668594798409658e-01,-1.993000958599299311e-04,2.293657473403677982e-01,3.457808099852155870e+00,-8.771548727295674919e-02,4.295838875663335443e+00,-2.179626794803283807e-01,-1.040384857808662966e+00,-5.398266977914047832e-02,-9.629578150859436914e-01,-1.488341042740458364e-01,5.083154024355637901e+00,2.413043832876759498e-01,-2.605455866690732591e+00,-1.711039925773795781e-02,-9.508814139751882166e-01,1.722175751841692258e-17,2.022136077053207082e+00,4.867861114257346244e+00,4.364850203121179995e+00,-2.910842795963103580e+00,-1.447262116546241817e+00,-1.005063383850188785e+00,-7.335920677455758376e-01
6.300000000000000044e-02,-1.276273825546439866e+00,7.907374101096397156e-01,-8.219551659734971594e+00,-8.191982875986711932e+00,-1.276273825546439866e+00,1.038128941095126878e+00,9.776273481263796361e-01,3.887440148758614100e+00,6.326513312066472938e-01,-1.226850507553141734e+00,-1.214635972530556385e-01,-1.642679098091979484e-01,-8.325337657185062634e-02,-3.715948505528969270e-01,-2.107244992123132759e-04,2.186695426227022176e-01,3.372575526234196097e+00,-1.231008310024487296e-01,4.165654594757926432e+00,-9.632050076427978169e-02,-1.032350904752308507e+00,-4.784152979214142953e-02,-9.512803031355536731e-01,-1.565513632265080890e-01,5.145215417694701365e+00,2.370385905615283451e-01,-2.637497467043031119e+00,-1.646874754732190194e-02,-9.624050028688448943e-01,1.315138629863295179e-18,1.989173655454546497e+00,4.900650989439196969e+00,4.238425275510256718e+00,-2.817071344379161513e+00,-1.420414502852527461e+00,-1.010457257160198630e+00,-7.326107605128514555e-01
6.400000000000000133e-02,-1.260618010660255361e+00,7.894768525364794787e-01,-8.480324069020246824e+00,-8.452347068449101997e+00,-1.260618010660255361e+00,1.047377224678345708e+00,1.017825692728472786e+00,3.996688251680920789e+00,6.413860803189768145e-01,-1.276404085323703308e+00,-1.263235159682735698e-01,-1.709007708737440567e-01,-8.658310951706414682e-02,-3.866003951150741580e-01,-2.262177498062267300e-04,2.274988578254185934e-01,3.583190258179442811e+00,-8.659052179316691078e-02,4.371852543898172350e+00,-1.829653137299415144e-01,-1.060200547814324601e+00,-4.773343147061834268e-02,-9.355638081026310671e-01,-1.568631068537872653e-01,5.102575541262821091e+00,2.331066005736791569e-01,-2.615728384682906249e+00,-1.610198006420443528e-02,-9.544065641517813781e-01,-1.815051590408271426e-17,2.149923066001952598e+00,4.889661503501380402e+00,4.434058373598107394e+00,-2.885276807929911591e+00,-1.462902922993603028e+00,-1.002366213372205994e+00,-7.080649502772125015e-01
6.500000000000000222e-02,-1.239539043509157112e+00,7.920329602062146090e-01,-8.699806726337621754e+00,-8.670484200707022637e+00,-1.239539043509157112e+00,1.066141177786627203e+00,1.050796344679952199e+00,4.086427350043546625e+00,6.512475795136487555e-01,-1.230256751234911183e+00,-1.215981567997558299e-01,-1.647320211839777004e-01,-8.335877748895804962e-02,-3.726164959026828649e-01,-2.381024318092125371e-04,2.192672006676448515e-01,3.416356072503578645e+00,-1.374464426570578546e-01,4.164878289639643683e+00,-3.145904267585778596e-02,-1.037103979292302691e+00,-3.859251288934500979e-02,-9.259366222004196123e-01,-1.648792794519682303e-01,5.177150543152058582e+00,2.295313358863192432e-01,-2.654119488662451953e+00,-1.551479582673710202e-02,-9.682565917282321966e-01,3.777152412463634708e-17,2.021220041816699009e+00,4.918105943695245230e+00,4.229677604341985031e+00,-2.768937308827267962e+00,-1.425235271021722649e+00,-1.007087207049386368e+00,-7.066694215327747886e-01
6.600000000000000311e-02,-1.212650786350875753e+00,7.887472357683519286e-01,-8.870803345022657993e+00,-8.840392507792310894e+00,-1.212650786350875753e+00,1.077373888753100140e+00,1.078343129800954925e+00,4.154141383577645286e+00,6.575826418039059096e-01,-1.190411260738461152e+00,-1.175210757680469759e-01,-1.593869965716062653e-01,-8.057193521066194353e-02,-3.605291945340238779e-01,-2.481205422737403458e-04,2.121516810005911746e-01,3.349377414645926088e+00,-1.418669047205367018e-01,4.071839881565080255e+00,-1.184563445795659697e-02,-1.029019504408714480e+00,-2.930914180665547542e-02,-9.190789277175624994e-01,-1.709424424009133303e-01,5.198072708489092975e+00,2.238875705514732917e-01,-2.665028665795980967e+00,-1.480186201105157529e-02,-9.720683102568927758e-01,0.000000000000000000e+00,1.988023711506551550e+00,4.938684728000509061e+00,4.136340455544947226e+00,-2.757446235464599216e+00,-1.404350560953789850e+00,-1.001625572605822079e+00,-7.069272467169713803e-01
6.700000000000000400e-02,-1.177553204987512592e+00,7.634023970388880143e-01,-8.994634245170791687e+00,-8.963687859476145547e+00,-1.177553204987512592e+00,1.067018454425147089e+00,1.103778440031170094e+00,4.201345328526895351e+00,6.528605248866974353e-01,-1.176929081509213937e+00,-1.160275049125782248e-01,-1.575631453095776568e-01,-7.955955671227771253e-02,-3.564216146979125033e-01,-2.654785693067782419e-04,2.097313681979590672e-01,3.218397128114515837e+00,-1.644553964613622576e-01,3.895427142265325493e+00,6.881271102596855926e-02,-1.012254211502319201e+00,-1.988819112488354052e-02,-9.066987672126417541e-01,-1.787662888588201215e-01,5.240300999628382250e+00,2.178649289454080706e-01,-2.686896569122568579e+00,-1.399556159530358432e-02,-9.798451055739135773e-01,0.000000000000000000e+00,1.862701757746481945e+00,4.959818098254441310e+00,3.955728925901155879e+00,-2.697643414808877704e+00,-1.382671387795535223e+00,-9.999987752681038788e-01,-6.969673990146827425e-01
6.800000000000000488e-02,-1.131725229927455612e+00,7.099323766260190460e-01,-9.084928897570142325e+00,-9.054459082226552269e+00,-1.131725229927455612e+00,1.027962928111707086e+00,1.128034185733009398e+00,4.234512731353913928e+00,6.342085511885882099e-01,-1.114565943442179519e+00,-1.097235399200894301e-01,-1.492157907249488380e-01,-7.524598984670922974e-02,-3.375236853396741399e-01,-2.719663714804727438e-04,1.986082040441198571e-01,3.159559996913806845e+00,-1.825261129278498151e-01,3.806017521186789931e+00,1.446191800648113923e-01,-1.006148530264173502e+00,-2.016462946838646492e-02,-8.978115118976441877e-01,-1.858980854957611450e-01,5.255422523594657669e+00,2.104432082677166749e-01,-2.694849593839260038e+00,-1.308746790921666396e-02,-9.825589079510799184e-01,-3.832868566711934943e-17,1.859095967975866293e+00,4.963172870746718424e+00,3.867244938729557990e+00,-2.625476403621157750e+00,-1.356759683513064196e+00,-1.002995503790946819e+00,-6.992033078535243584e-01
6.900000000000000577e-02,-1.075155847667989439e+00,6.371600801186387830e-01,-9.156189996310841295e+00,-9.127855994720691868e+00,-1.075155847667989439e+00,9.612664333477348722e-01,1.148983084338112137e+00,4.259746220818306561e+00,6.055543756102812480e-01,-1.102082023936537425e+00,-1.084463288529210201e-01,-1.475418544064481807e-01,-7.437098263943135723e-02,-3.337378429208301966e-01,-2.755935065832703702e-04,1.963795334623466560e-01,3.242609253728921281e+00,-1.674549936847334608e-01,3.875594622608538486e+00,1.228626802464182349e-01,-1.017411084170277258e+00,-2.208852473612536033e-02,-8.861458885021743503e-01,-1.866980965191887831e-01,5.220581299501594330e+00,2.065694149150524850e-01,-2.677058819227813302e+00,-1.270942702712889172e-02,-9.760102439269094932e-01,3.807298379119209219e-17,1.953829133273194962e+00,4.944679976963939794e+00,3.934622183117142846e+00,-2.628567121620826175e+00,-1.363858354118236305e+00,-9.983743621696180570e-01,-6.897663550398276389e-01
7.000000000000000666e-02,-1.013082573353071947e+00,5.609573441821753548e-01,-9.216513691701795352e+00,-9.189741360285612615e+00,-1.013082573353071947e+00,8.985830525747202646e-01,1.162486469096597475e+00,4.280795967591748408e+00,5.743999454149055772e-01,-1.025672331761317668e+00,-1.007743761307876573e-01,-1.373384322991109685e-01,-6.913141617752149859e-02,-3.106068158389870826e-01,-2.751800746369234638e-04,1.827665917840214371e-01,3.182639771215347579e+00,-1.538418040939557863e-01,3.763404246708871970e+00,1.527639372077940760e-01,-1.013494496144403012e+00,-3.547640459181030520e-02,-8.690553695756653152e-01,-1.918036221658004914e-01,5.183580328834055173e+00,1.972507264196112775e-01,-2.658275442184391935e+00,-1.169365620266829033e-02,-9.690051845596783231e-01,-3.779836609209575003e-17,1.965163817288229531e+00,4.928964148609312090e+00,3.823316540829372556e+00,-2.574642921154119080e+00,-1.335794968186058362e+00,-1.004756769226125668e+00,-6.862887777916438781e-01
7.100000000000000755e-02,-9.499756302268216324e-01,4.883774567187802451e-01,-9.263758843248560026e+00,-9.238702668661412432e+00,-9.499756302268216324e-01,8.379221002966141807e-01,1.166824181405041960e+00,4.296330335435971648e+00,5.438053394058346424e-01,-9.560677598178309866e-01,-9.381169167471327397e-02,-1.280362295904778347e-01,-6.436617108505873763e-02,-2.895296983394626822e-01,-2.727056304760166485e-04,1.703624818873114011e-01,3.188893478307414764e+00,-1.464749992038699988e-01,3.736608808561542983e+00,1.688248259870736290e-01,-1.016916686280409987e+00,-3.839974922120401035e-02,-8.557834285380446770e-01,-1.966894148881226101e-01,5.161715250736789606e+00,1.894693897163988450e-01,-2.647228656986544859e+00,-1.082731842305095261e-02,-9.648324688089189305e-01,0.000000000000000000e+00,2.036136303601461250e+00,4.921428559858205709e+00,3.798041968687464021e+00,-2.542770002084529857e+00,-1.317273703042923572e+00,-1.003504923660599069e+00,-6.854209466507332760e-01
7.200000000000000844e-02,-8.879329146620119628e-01,4.187742400958638922e-01,-9.288256648041896213e+00,-9.264758442089510382e+00,-8.879329146620119628e-01,7.818787845910132317e-01,1.162665607917499289e+00,4.302742824211860828e+00,5.134946237237755229e-01,-8.957178612101729387e-01,-8.774568465338875023e-02,-1.199788607952601976e-01,-6.022310865947959335e-02,-2.712574605261748872e-01,-2.732014303373827961e-04,1.596087872058212787e-01,3.100068426650580022e+00,-1.463989325576761924e-01,3.604463363892951744e+00,2.113253530951545722e-01,-1.007510537465263756e+00,-4.257149068222676469e-02,-8.432075588302793134e-01,-2.032640494216960136e-01,5.149706693209251007e+00,1.804538390495484534e-01,-2.641246731663830172e+00,-9.791152525403971213e-03,-9.624823657315444425e-01,0.000000000000000000e+00,2.001086516018711237e+00,4.915562075998185954e+00,3.664938342147240125e+00,-2.490144487228155512e+00,-1.288559150516842555e+00,-1.005327057844108696e+00,-6.835987716244580348e-01
7.299999999999999545e-02,-8.289843175167808109e-01,3.533761036487520490e-01,-9.282936767290946634e+00,-9.261056029060668493e+00,-8.289843175167808109e-01,7.284441795711678047e-01,1.150834709535087264e+00,4.297355303570060236e+00,4.840782736182009938e-01,-8.407851882463640569e-01,-8.223170353343101091e-02,-1.126465630462573919e-01,-5.645108153143507668e-02,-2.546259092339683838e-01,-2.738727545851047242e-04,1.498206897052298259e-01,3.172272105673948239e+00,-1.297870057835200097e-01,3.638969784534071827e+00,2.101823119194150546e-01,-1.021507217862475780e+00,-4.552739963767934300e-02,-8.258695319402987733e-01,-2.089107415334028883e-01,5.122051996865352841e+00,1.712529475898310893e-01,-2.627237414476016664e+00,-8.772170684584842948e-03,-9.572134451932665655e-01,2.417441594466736217e-17,2.122576175894181016e+00,4.910033287548402292e+00,3.697576169077645414e+00,-2.473506184088036797e+00,-1.284905297781029132e+00,-1.003014717585530846e+00,-6.760488422350690030e-01
7.399999999999999634e-02,-7.755467287947338528e-01,2.971111051411990389e-01,-9.250564979673656651e+00,-9.230671983324983287e+00,-7.755467287947338528e-01,6.752201035381677485e-01,1.131244505795167221e+00,4.281037229511168718e+00,4.578477221332538649e-01,-7.604790846693831874e-01,-7.433544510589353005e-02,-1.018903624811912101e-01,-5.103455269568060032e-02,-2.303045504864311976e-01,-2.530209904412313764e-04,1.355094172209583836e-01,3.112051575947337501e+00,-1.308456829935889243e-01,3.557681827025241272e+00,2.244202188996977099e-01,-1.013610221060168515e+00,-4.318040875979746451e-02,-8.197056672041038716e-01,-2.109617483950615158e-01,5.113588632126637279e+00,1.680433866455492975e-01,-2.622968165961041986e+00,-8.413036053971156142e-03,-9.555948726682170768e-01,0.000000000000000000e+00,2.140610742882892659e+00,4.908407504027154644e+00,3.623834851189599249e+00,-2.449582499757025023e+00,-1.252327807600570830e+00,-9.990283024184557492e-01,-6.841962499831455435e-01
7.499999999999999722e-02,-7.283018794671549667e-01,2.546922318023188136e-01,-9.194053474388622860e+00,-9.175181953207275143e+00,-7.283018794671549667e-01,6.415010120003487026e-01,1.103802850444641992e+00,4.255950877506864849e+00,4.372517486954942689e-01,-7.030158518635143405e-01,-6.861477586172702592e-02,-9.422673742473011704e-02,-4.711655036222042042e-02,-2.129128874125300885e-01,-2.480532981669505803e-04,1.252748547374807064e-01,3.214359316813677925e+00,-1.258449491337904624e-01,3.634091362440689199e+00,2.487082915295238117e-01,-1.031233249944413899e+00,-4.756201174070262550e-02,-8.056382195822106018e-01,-2.163935616904577031e-01,5.096752324544619128e+00,1.600021575411162689e-01,-2.614451613351764792e+00,-7.509408395065513692e-03,-9.523622191144122118e-01,0.000000000000000000e+00,2.294949903259706048e+00,4.902292599549102015e+00,3.699866782557075240e+00,-2.412859872184461629e+00,-1.251655545752009546e+00,-1.000172284153281854e+00,-6.803633648447299231e-01
7.599999999999999811e-02,-6.892055808672952200e-01,2.323969796003699240e-01,-9.109192450443769573e+00,-9.090620240009062769e+00,-6.892055808672952200e-01,6.261142925111486957e-01,1.068545349005269651e+00,4.219912546672270004e+00,4.252971880288773376e-01,-6.728118250438087644e-01,-6.556968368646837186e-02,-9.020199524274941094e-02,-4.503686844191598371e-02,-2.037705320532650632e-01,-2.498086425406874497e-04,1.198942489571289682e-01,3.213038580800620103e+00,-1.084642446717608982e-01,3.584268782125817232e+00,2.470359792809641575e-01,-1.033830968995868016e+00,-4.894113730685591829e-02,-7.856479932934775645e-01,-2.215383278411576506e-01,5.079608003937425842e+00,1.522736574757740935e-01,-2.605793488474748898e+00,-6.640405463984816112e-03,-9.490729444502673529e-01,0.000000000000000000e+00,2.318688427915653882e+00,4.905574075579196780e+00,3.646340444358841637e+00,-2.403794377635700474e+00,-1.244241906513117835e+00,-9.982638903996639002e-01,-6.657537443363485963e-01
7.699999999999999900e-02,-6.604817294524266691e-01,2.289007163621140095e-01,-8.994326293679140605e+00,-8.975173315720786249e+00,-6.604817294524266691e-01,6.297340453656622428e-01,1.026963462351722978e+00,4.172148479186314596e+00,4.216066988082046718e-01,-6.178116674407500009e-01,-6.010909877651567090e-02,-8.285624665314834936e-02,-4.129641784338450999e-02,-1.871197416706334438e-01,-2.426574772354645707e-04,1.100958527430082323e-01,3.188923840810741872e+00,-9.728420492969466760e-02,3.528736437264509362e+00,2.484846239036623550e-01,-1.032399339926055593e+00,-5.011897369180288997e-02,-7.740612761817222687e-01,-2.279678893374035842e-01,5.069859151355230686e+00,1.436164667275345586e-01,-2.600955350781482878e+00,-5.645794317693523384e-03,-9.471556691746105816e-01,6.331944917257774886e-17,2.343144284032588232e+00,4.912465847649020390e+00,3.589496657338895780e+00,-2.393767144721204776e+00,-1.225164875914382501e+00,-9.975173003436489383e-01,-6.639654234387138976e-01
7.799999999999999989e-02,-6.432578945789718672e-01,2.364099988252980067e-01,-8.855029138220169571e+00,-8.834800494486151123e+00,-6.432578945789718672e-01,6.432192075024203426e-01,9.823613900429895018e-01,4.114809262080595609e+00,4.228062823087817002e-01,-5.465407588208925915e-01,-5.308474868955211784e-02,-7.332439765702725154e-02,-3.647694275225731031e-02,-1.655400155372446225e-01,-2.271851010508105424e-04,9.739762501983248444e-02,3.192099595843504112e+00,-7.778007589213599415e-02,3.501406910303940911e+00,2.318069326513141903e-01,-1.033132243673621664e+00,-5.310620656934181283e-02,-7.590948762696906327e-01,-2.342395570712952901e-01,5.053533422264614217e+00,1.346080937280168255e-01,-2.592752714177755102e+00,-4.626670740256811840e-03,-9.440101094837386464e-01,0.000000000000000000e+00,2.411319279951316119e+00,4.922668597682926084e+00,3.562690606374930624e+00,-2.397422724278698070e+00,-1.203298929951123197e+00,-9.973435011541312845e-01,-6.616972512498581205e-01
7.900000000000000078e-02,-6.363870121715839989e-01,2.440383284819966914e-01,-8.704313707513529508e+00,-8.683567584614689139e+00,-6.363870121715839989e-01,6.482945534286320699e-01,9.386831294728322783e-01,4.053117171612947267e+00,4.240075607017408377e-01,-4.782884909124036632e-01,-4.642675474342743136e-02,-6.417213488598430549e-02,-3.190534452388601311e-02,-1.448678008235642911e-01,-2.024096695379784105e-04,8.523443255952378728e-02,3.040374698978636658e+00,-7.310181739776741572e-02,3.323761949796120163e+00,2.322616438858260968e-01,-1.013774162615537433e+00,-5.284575736471908841e-02,-7.572041321715937690e-01,-2.368183751098953960e-01,5.053894949737107289e+00,1.314917688805479212e-01,-2.593015174186917626e+00,-4.258603116321067056e-03,-9.440427710584029519e-01,2.740466106173481156e-17,2.325267832956337433e+00,4.934366377595912567e+00,3.391081583790684029e+00,-2.392658874824977300e+00,-1.162900566555422621e+00,-9.970909380926600285e-01,-6.719696996120699817e-01
8.000000000000000167e-02,-6.383879456642409522e-01,2.439442667393433295e-01,-8.558315495383460814e+00,-8.536920014288432057e+00,-6.383879456642409522e-01,6.521269764679396008e-01,8.984626816105315550e-01,3.994723047871231891e+00,4.219204723326727691e-01,-4.592866506629067480e-01,-4.451484798022472406e-02,-6.164363594190689494e-02,-3.059293022531035106e-02,-1.391178164274001205e-01,-2.045000364757939670e-04,8.185030578481952701e-02,3.153329473229472324e+00,-2.559950621169796228e-02,3.416782867068219431e+00,1.502809476116726550e-01,-1.029641840244091444e+00,-6.253312968363869406e-02,-7.406326941754828308e-01,-2.408412557656604835e-01,5.005169982031775433e+00,1.225374835629139819e-01,-2.568194368455065213e+00,-3.320098442110449004e-03,-9.348614855000872970e-01,-3.645534580066084539e-17,2.453201566800905287e+00,4.935055627839852299e+00,3.477676714689226678e+00,-2.448506351068703069e+00,-1.172079755113601962e+00,-9.975991152202017265e-01,-6.587823883906632760e-01
8.100000000000000255e-02,-6.508106093554509863e-01,2.436062602895509577e-01,-8.427376438363864963e+00,-8.405350340059662528e+00,-6.508106093554509863e-01,6.558226168725876937e-01,8.612094101848446481e-01,3.943212108029969354e+00,4.200640041372582512e-01,-4.933216825731650546e-01,-4.774410405617229153e-02,-6.622727328125503632e-02,-3.281476537509674801e-02,-1.494296784294474045e-01,-2.296790593156059423e-04,8.791615221435669647e-02,3.146663602632073342e+00,-1.896456788812205668e-02,3.369572383726906040e+00,1.711551628543416248e-01,-1.028589283976119928e+00,-6.410325605784766845e-02,-7.209832107711169336e-01,-2.475394383121054254e-01,5.016329271167039749e+00,1.153048196141676363e-01,-2.574095644013396633e+00,-2.448443285459075882e-03,-9.368640742314363612e-01,-3.653196507065022509e-17,2.405802481746802890e+00,4.949620599222745554e+00,3.418649930059818765e+00,-2.435755246534151652e+00,-1.180467405691026261e+00,-1.001197009348599787e+00,-6.330670585567602648e-01
8.200000000000000344e-02,-6.702936001657474607e-01,2.484523465799132746e-01,-8.321071977860594160e+00,-8.298014500270216587e+00,-6.702936001657474607e-01,6.670253237794749879e-01,8.266829580193201243e-01,3.903105841374461704e+00,4.210916198273263467e-01,-5.507013656178659788e-01,-5.321002974849815825e-02,-7.394105869739807380e-02,-3.657592801096795632e-02,-1.668100445548314215e-01,-2.685029014312326624e-04,9.814031980074838790e-02,3.171257906574460605e+00,1.043687338774318754e-02,3.351352954384109406e+00,1.394674241529580971e-01,-1.039644364608159233e+00,-6.775052963761862834e-02,-7.086645528913682046e-01,-2.540528104309206503e-01,5.006369502913798897e+00,1.065452623191968512e-01,-2.569237830642982168e+00,-1.441115550061728562e-03,-9.349153770389810880e-01,0.000000000000000000e+00,2.366503730525673976e+00,4.963596346553043936e+00,3.383957158005908017e+00,-2.466346334500992388e+00,-1.207895524713052504e+00,-1.002934409578031039e+00,-6.105242330906197612e-01
8.300000000000000433e-02,-6.924321141947273883e-01,2.581529026688111350e-01,-8.249273091529317981e+00,-8.224869982756638720e+00,-6.924321141947273883e-01,6.845898235694167777e-01,7.958288150093756341e-01,3.878878833829521700e+00,4.249085627546336785e-01,-5.287408315366356470e-01,-5.100686984722745121e-02,-7.100490766957673339e-02,-3.505820092027484708e-02,-1.601565231253737065e-01,-2.705733033557486964e-04,9.422417683838346658e-02,3.200547882798176591e+00,1.560346171142909522e-02,3.354377576146942541e+00,1.488996816332480988e-01,-1.044926635990001351e+00,-6.462986973894427334e-02,-6.959814155168717598e-01,-2.621897610217799324e-01,5.027786765377822320e+00,9.842630294354073883e-02,-2.580449192399014269e+00,-4.457994912928332169e-04,-9.388162591578039784e-01,0.000000000000000000e+00,2.409617290239761012e+00,4.992383357242023756e+00,3.381798971420906685e+00,-2.466607711686040982e+00,-1.205528958606667755e+00,-1.003716702200103894e+00,-6.017572386784882932e-01
8.400000000000000522e-02,-7.161105237476519392e-01,2.715912059192843175e-01,-8.207359715737919004e+00,-8.181975400530925313e+00,-7.161105237476519392e-01,6.998527214758245574e-01,7.699686456923007238e-01,3.868024212066521805e+00,4.310452115378660132e-01,-4.530215085127584640e-01,-4.367695584069430925e-02,-6.084142005980560514e-02,-3.002061377633235412e-02,-1.372216038272558170e-01,-2.355691154405221662e-04,8.073053357735057722e-02,3.150722746923878326e+00,2.284976933000558430e-02,3.286806882279145636e+00,1.450626312813371732e-01,-1.036551774539500315e+00,-6.645110415097064960e-02,-6.880487888964476051e-01,-2.649217173522176449e-01,5.032694130007009825e+00,9.550550775550940841e-02,-2.583046708440656758e+00,-9.314877143794206033e-05,-9.397014616021185374e-01,3.065696212395453019e-17,2.432779521058901828e+00,5.011866943496321447e+00,3.321470969974849474e+00,-2.468004690935651890e+00,-1.173866527138194060e+00,-1.006388134868529738e+00,-6.073182553190970001e-01
8.500000000000000611e-02,-7.427328372196169148e-01,2.854477431101953289e-01,-8.187148167492351192e+00,-8.160139228898591668e+00,-7.427328372196169148e-01,7.231896677292801723e-01,7.502694123075058785e-01,3.867121491430638880e+00,4.382888223987838616e-01,-5.608187171239763513e-01,-5.399407646805565869e-02,-7.532568563405397932e-02,-3.710517693807205419e-02,-1.698697854340827929e-01,-3.041961014233068861e-04,9.993655075756358031e-02,3.214082274896736813e+00,6.777344668028945085e-02,3.326409038358195680e+00,5.972517181708379003e-02,-1.042343377804378468e+00,-6.948202588118602974e-02,-6.685059219471543024e-01,-2.700234166601124808e-01,5.006164027229556446e+00,8.712092724734674110e-02,-2.569690632545881037e+00,8.280748677957377622e-04,-9.346636678994036940e-01,0.000000000000000000e+00,2.383240141112648036e+00,5.019943397441790189e+00,3.338204279971488386e+00,-2.547070637666869253e+00,-1.211385088370665386e+00,-1.004449889882013114e+00,-5.685693711895907221e-01
8.600000000000000699e-02,-7.763959446986505863e-01,3.005190655420150736e-01,-8.190078079302852032e+00,-8.161368011270448974e+00,-7.763959446986505863e-01,7.481730003433598730e-01,7.372705119500140292e-01,3.875282707302580842e+00,4.470825577546245211e-01,-5.294162146631318233e-01,-5.090246508714826174e-02,-7.111861177144987445e-02,-3.497576938790551010e-02,-1.603577161371355919e-01,-2.984035185606508903e-04,9.433908397927015521e-02,3.221669407475337366e+00,8.365514994758105338e-02,3.305643307555262922e+00,5.351907419184277759e-02,-1.046175888867610926e+00,-7.445114218247916860e-02,-6.576444438605060228e-01,-2.761729926290447112e-01,5.008562262467177284e+00,7.984755846302225846e-02,-2.571140140248035166e+00,1.681849288770932531e-03,-9.350378203342155636e-01,0.000000000000000000e+00,2.416080200183160720e+00,5.041314947327609985e+00,3.314372254246835237e+00,-2.552596835444097767e+00,-1.204851755715975692e+00,-1.009787366035255429e+00,-5.633053598812358675e-01
8.700000000000000788e-02,-8.172082196305767710e-01,3.175981844639475526e-01,-8.214407244895966187e+00,-8.183698222815284140e+00,-8.172082196305767710e-01,7.774563586878071586e-01,7.310093703571478585e-01,3.891552956674034114e+00,4.578838585249741522e-01,-5.817414143566027596e-01,-5.585130978994070489e-02,-7.816089115705791845e-02,-3.837006765470877406e-02,-1.762072824588954145e-01,-3.415575271194523448e-04,1.036618129631593499e-01,3.247057729922028013e+00,1.187314685404719794e-01,3.299383211727076937e+00,7.301111149775045550e-03,-1.052426226941569620e+00,-8.321373034779874778e-02,-6.438100363476942922e-01,-2.818489292943262559e-01,4.990572785637945152e+00,7.146861079877199485e-02,-2.562178310037406259e+00,2.620574904899762841e-03,-9.316065975488410089e-01,3.261505394996173542e-17,2.383467386271098665e+00,5.053452944388475920e+00,3.292690931368790874e+00,-2.593247266542340057e+00,-1.226012934495565254e+00,-1.015161885423759180e+00,-5.401482233845349423e-01
8.799999999999999489e-02,-8.639667738342899916e-01,3.355620740178805184e-01,-8.250592203882797904e+00,-8.217709520764898912e+00,-8.639667738342899916e-01,8.087792360222628707e-01,7.319195617055486158e-01,3.911846238644723250e+00,4.701587258043924411e-01,-6.500944738605969331e-01,-6.232248957038611509e-02,-8.736495120966790429e-02,-4.280439205006655173e-02,-1.969118563754076734e-01,-3.978476613819921428e-04,1.158402340577116968e-01,3.269816115018918889e+00,1.228034026921762945e-01,3.293437808841471082e+00,2.766136284375023124e-02,-1.056578917713214105e+00,-8.390919232681598450e-02,-6.298289114415713819e-01,-2.902950727973586664e-01,5.016945339846324181e+00,6.343045124786296507e-02,-2.575958766708308811e+00,3.615024762793766187e-03,-9.364463610232558466e-01,3.359231632890389818e-17,2.329426568360963401e+00,5.077426252968114895e+00,3.269503308879666115e+00,-2.591101795914624972e+00,-1.249875749325828123e+00,-1.020753401011453843e+00,-5.139886773838596712e-01
8.899999999999999578e-02,-9.158052115616083233e-01,3.622538163034578762e-01,-8.282955210395739343e+00,-8.248131262194990043e+00,-9.158052115616083233e-01,8.407767399553931487e-01,7.382784274978457795e-01,3.929256414867328129e+00,4.873561240153435614e-01,-6.089192983161338946e-01,-5.834759992671374046e-02,-8.183740986915850890e-02,-4.006967103474604053e-02,-1.844400799448986383e-01,-3.777905970074981520e-04,1.085026471673102844e-01,3.451804983486851608e+00,1.331461745571302091e-01,3.462256868229751205e+00,2.733667105972521771e-02,-1.082280429208879236e+00,-8.439614267479336740e-02,-6.137527416453633089e-01,-2.935429458505942057e-01,5.036122322420160557e+00,6.107281351363341021e-02,-2.585881308683039670e+00,3.929735413835311678e-03,-9.400002490169264702e-01,3.396809405043843832e-17,2.549342739320123563e+00,5.110920897050577061e+00,3.441492271874226461e+00,-2.598614308658060423e+00,-1.262790773739942640e+00,-1.024774182288727298e+00,-5.052500944780530245e-01
8.999999999999999667e-02,-9.721771676556336672e-01,4.014927959047682737e-01,-8.298441634812306233e+00,-8.260106625002505254e+00,-9.721771676556336672e-01,8.921707096399884573e-01,7.481038534843090781e-01,3.938983493732758578e+00,5.113043470168732174e-01,-6.045492271480267243e-01,-5.784747001066131017e-02,-8.126044703053146578e-02,-3.971635451276513129e-02,-1.831118867527145033e-01,-3.890938698896449863e-04,1.077194551808070694e-01,3.312884996430143225e+00,1.458566147278138325e-01,3.300033582048679026e+00,2.354640079778376471e-03,-1.064767681060143190e+00,-8.168981567162558743e-02,-6.126019930302536443e-01,-3.016973001829109102e-01,5.056720905044123526e+00,5.293001765726494667e-02,-2.596722938486829335e+00,4.927255414441856010e-03,-9.437576688312471207e-01,0.000000000000000000e+00,2.406638469099205757e+00,5.144730049761276014e+00,3.271703152675412340e+00,-2.634084652919816083e+00,-1.242952312398415859e+00,-1.025836578372762320e+00,-5.048825378494465888e-01
9.099999999999999756e-02,-1.031786699958968212e+00,4.353299659449614833e-01,-8.297225570620208046e+00,-8.255742560235612260e+00,-1.031786699958968212e+00,9.360444049925410459e-01,7.654579172667960174e-01,3.940716056228953601e+00,5.336130711489671663e-01,-6.136840845519850873e-01,-5.864991458465961677e-02,-8.249960570441314256e-02,-4.025404165162107389e-02,-1.858761780918092299e-01,-4.083855694334857030e-04,1.093438662578726517e-01,3.277534126979750440e+00,1.415799309227930014e-01,3.245311805870745747e+00,3.284877004717529081e-02,-1.059057358937300464e+00,-8.253012115419987305e-02,-6.040435347007384603e-01,-3.100742124017577539e-01,5.091712701641897709e+00,4.571403684952275032e-02,-2.614928499639563420e+00,5.845188867083839050e-03,-9.502142684113716875e-01,3.588068683563645377e-17,2.353775830026007654e+00,5.174642717980031392e+00,3.208526237015855376e+00,-2.622333771244009348e+00,-1.239088348162025843e+00,-1.033152775135004919e+00,-4.946996684428658364e-01
9.199999999999999845e-02,-1.088780880409334184e+00,4.438084253924393652e-01,-8.291687996257012472e+00,-8.248363365392911817e+00,-1.088780880409334184e+00,9.558020392142306809e-01,7.944754623805275751e-01,3.940552433312582092e+00,5.451495425467615119e-01,-5.978160768071280051e-01,-5.705476188042504782e-02,-8.037295689322587755e-02,-3.914211207309328810e-02,-1.810650734977104215e-01,-4.129760832053728874e-04,1.065116735546877413e-01,3.183053788666385664e+00,1.604890373950998705e-01,3.119953057955215492e+00,1.431400048850310636e-02,-1.049325061610256959e+00,-8.847022810966195805e-02,-5.984318965822933434e-01,-3.175771392428984319e-01,5.096594375361456208e+00,3.707010914931986589e-02,-2.617755810467557342e+00,6.862929540092289719e-03,-9.510472579019773054e-01,3.706345609018464323e-17,2.267660572616359005e+00,5.200028650876130420e+00,3.076650210211309577e+00,-2.642583922052147649e+00,-1.223527205567874976e+00,-1.039930462094844632e+00,-4.919202230276056298e-01
9.299999999999999933e-02,-1.137942323822900059e+00,4.182984828577017145e-01,-8.297700147121226166e+00,-8.254560155459941484e+00,-1.137942323822900059e+00,9.428881122327430475e-01,8.361883545170322174e-01,3.945742721237757156e+00,5.418111524453046446e-01,-6.210966813116998164e-01,-5.919231459918060378e-02,-8.351532893587985951e-02,-4.059047995635883116e-02,-1.881131212376614126e-01,-4.453703670748666507e-04,1.106555787756667297e-01,3.138904280409319458e+00,1.603509209220405907e-01,3.044002645998958645e+00,4.543727214808090248e-02,-1.043111754191609508e+00,-9.088124349434459348e-02,-5.852221807869629755e-01,-3.268992358303984269e-01,5.124572457807277992e+00,2.814976005944682877e-02,-2.632432583612349664e+00,7.963929562661993186e-03,-9.561863029282420268e-01,5.661229027293130609e-19,2.190908363267221048e+00,5.225731064130137327e+00,2.988637077122525909e+00,-2.627585791420627981e+00,-1.223260945866609051e+00,-1.047512916789661519e+00,-4.745666020112962458e-01
9.400000000000000022e-02,-1.179469616371696894e+00,3.714341462450542197e-01,-8.316092289681657590e+00,-8.275499338736803878e+00,-1.179469616371696894e+00,9.008135156991325942e-01,8.868018100885231014e-01,3.956075642694832251e+00,5.290814395153471406e-01,-6.151729098125361395e-01,-5.860286798883032611e-02,-8.272397454697855146e-02,-4.017873883644264982e-02,-1.863184068996440457e-01,-4.464365762506602325e-04,1.095991867996412295e-01,3.361076730118268685e+00,1.806077321374617295e-01,3.259626271134860698e+00,2.304081654845140797e-02,-1.075264318616885317e+00,-9.342972486556924694e-02,-5.710566526229585715e-01,-3.294142911931951523e-01,5.129599430775377833e+00,2.552758690676014061e-02,-2.635103624357240104e+00,8.277895999118389109e-03,-9.571007544028559133e-01,0.000000000000000000e+00,2.416489529112537227e+00,5.251604294924009153e+00,3.202429883494642304e+00,-2.652241546645231374e+00,-1.253304829517410957e+00,-1.050976915844675785e+00,-4.614574658233173698e-01
9.500000000000000111e-02,-1.214944607685605638e+00,3.265764564767358880e-01,-8.343003891703736130e+00,-8.304047529758783242e+00,-1.214944607685605638e+00,8.689998517926411647e-01,9.390227654206155794e-01,3.970508672191346733e+00,5.176534757905453255e-01,-4.593209404932689921e-01,-4.369952517778506046e-02,-6.177271815099291685e-02,-2.994512560316022615e-02,-1.391131493981378753e-01,-3.450442510672023185e-04,8.182984817502092501e-02,3.297902972628702578e+00,1.902615587584558510e-01,3.173967624977853674e+00,2.581665391776626767e-02,-1.069413930605180640e+00,-9.983040987742392014e-02,-5.671737191317828275e-01,-3.366952998915030970e-01,5.134511227656608945e+00,1.715956766769102110e-02,-2.637946886815237590e+00,9.260538295756497867e-03,-9.579518604973863427e-01,-3.732570629272125277e-17,2.501886732243930656e+00,5.281073261237279937e+00,3.129354474494551841e+00,-2.642075358500631577e+00,-1.199266541707562084e+00,-1.058127314625877613e+00,-4.853438709567619025e-01
9.600000000000000200e-02,-1.242619148689296571e+00,2.848954632464208991e-01,-8.387511990144812302e+00,-8.350119662579292168e+00,-1.242619148689296571e+00,8.408474477621243892e-01,9.913568233221007331e-01,3.992643484061368486e+00,5.076244550915157694e-01,-3.881157550056873462e-01,-3.688102019218569144e-02,-5.219880193668283846e-02,-2.525994588583886299e-02,-1.175432709443753054e-01,-3.006340240620315914e-04,6.914064314376718035e-02,3.278029804875828734e+00,1.937054190074252169e-01,3.124410238922664895e+00,4.337258658811368739e-02,-1.069100980683602931e+00,-1.001113149373075994e-01,-5.571151321317794336e-01,-3.444628319161666119e-01,5.153498512493479566e+00,9.367179948742053452e-03,-2.647985655542163919e+00,1.020751049629866139e-02,-9.614234317127494656e-01,-7.731748489605917076e-17,2.545451217953974776e+00,5.310322911308719362e+00,3.081578616934724124e+00,-2.629873014839888778e+00,-1.176436741131679620e+00,-1.061835380674119200e+00,-4.879744889880123782e-01
9.700000000000000289e-02,-1.260121374244925985e+00,2.358923382597073459e-01,-8.456776997676595187e+00,-8.421332603682039064e+00,-1.260121374244925985e+00,8.086281975317782811e-01,1.045000889314940506e+00,4.025931751326845998e+00,4.940737915376331446e-01,-3.329895123287181513e-01,-3.160070694250587814e-02,-4.478536516538328405e-02,-2.163031658629576207e-02,-1.008437093139148977e-01,-2.667556746743785694e-04,5.931650363684799060e-02,3.252954487743347833e+00,2.243530135263022418e-01,3.064782442385845851e+00,-7.843178204606990334e-04,-1.071906316230584189e+00,-1.044845058202552579e-01,-5.497311939325576491e-01,-3.507335230971628803e-01,5.136821541453648443e+00,4.517420002327090741e-04,-2.639776552303812807e+00,1.120725369525573355e-02,-9.582404715847897547e-01,-4.058404405989993031e-17,2.569231452317466857e+00,5.329573848037445494e+00,3.020448819220695302e+00,-2.662191186710569202e+00,-1.161542771849243483e+00,-1.062991733079719392e+00,-4.904146902957096654e-01
9.800000000000000377e-02,-1.269261355648959810e+00,1.768696394654599713e-01,-8.552674033919963392e+00,-8.519867464521633238e+00,-1.269261355648959810e+00,7.690087040074110591e-01,1.099313777550796623e+00,4.070637604856631064e+00,4.756392660605622824e-01,-2.301477874601978724e-01,-2.181045020916917709e-02,-3.095375994904985342e-02,-1.491910428226725892e-02,-6.969482648472791197e-02,-1.908172569332629678e-04,4.099373566482150677e-02,3.254640048246865369e+00,2.321923703388980020e-01,3.029686261828855809e+00,1.036382092824491424e-02,-1.078826512975191498e+00,-1.031740547590745266e-01,-5.407502042991071400e-01,-3.593579496484184399e-01,5.149866249381332750e+00,-8.858762692688820425e-03,-2.646832670441718438e+00,1.231656933418079358e-02,-9.605904817322542533e-01,0.000000000000000000e+00,2.665134311138249057e+00,5.360248169511061533e+00,2.989873739187117074e+00,-2.651387953795740771e+00,-1.136204770125738506e+00,-1.063955353748262223e+00,-4.997564686342856333e-01
9.900000000000000466e-02,-1.272900493821395695e+00,1.133105219900877314e-01,-8.666205295717425372e+00,-8.637186738467345748e+00,-1.272900493821395695e+00,7.176062616492577817e-01,1.152352764050091460e+00,4.121773754143942092e+00,4.546494410653942331e-01,-2.289645357346501153e-01,-2.168900878996011736e-02,-3.079605797980998483e-02,-1.483244290826769840e-02,-6.933598853580343058e-02,-1.919670800568734029e-04,4.078239035563950565e-02,3.322052770501841668e+00,2.360799133268220440e-01,3.101176110531790986e+00,9.804145532826165355e-03,-1.086899662938679789e+00,-1.051376084538038352e-01,-5.370497269434203469e-01,-3.618575167807413506e-01,5.150248503310844939e+00,-1.182769131275191593e-02,-2.647137285679928898e+00,1.266120445081140786e-02,-9.606383834528758880e-01,-4.187090041588380955e-17,2.731230717986450340e+00,5.364639407847707098e+00,3.058552361239229356e+00,-2.652165583055370313e+00,-1.143574447023671725e+00,-1.065967958986736797e+00,-4.962673365877808274e-01
1.000000000000000056e-01,-1.271354715412945424e+00,5.360299923645372999e-02,-8.783665496332375255e+00,-8.757598579926128224e+00,-1.271354715412945424e+00,6.783214178122939364e-01,1.201063480668751238e+00,4.174487194952059887e+00,4.351604963160642381e-01,-1.497787134880358417e-01,-1.416959854949278313e-02,-2.014552133077961854e-02,-9.684244890734551928e-03,-4.535471677813490005e-02,-1.294768609880874442e-04,2.667642149105101806e-02,3.340331938106158027e+00,2.533776702434247796e-01,3.072608137099240189e+00,1.294492605109504729e-02,-1.097130653201199069e+00,-1.088611583985193421e-01,-5.233086322427620285e-01,-3.685706270114126881e-01,5.144562432771643046e+00,-2.038482941888877450e-02,-2.644560013943419996e+00,1.364172130477116218e-02,-9.595121313738027569e-01,0.000000000000000000e+00,2.821982597606709664e+00,5.383770504465575257e+00,3.032077786349571813e+00,-2.641299332783059395e+00,-1.128843648674562772e+00,-1.068502766633310230e+00,-4.966322107517109896e-01
1.010000000000000064e-01,-1.262894813752137413e+00,-1.417750712525589485e-03,-8.907366001008231393e+00,-8.884042436006799548e+00,-1.262894813752137413e+00,6.441747287536314648e-01,1.244120899636529831e+00,4.229476841975144730e+00,4.172666660118139470e-01,-4.831023538817665053e-02,-4.564564381725009362e-03,-6.498173019991894742e-03,-3.117989762833845400e-03,-1.462853799710860103e-02,-4.295769822620128519e-05,8.603950950237453793e-03,3.296869551427227485e+00,2.521878061509787994e-01,2.997050356695029283e+00,4.582697624587683816e-02,-1.097342882715604651e+00,-1.115548444560303110e-01,-5.184243843485226710e-01,-3.758800393903730108e-01,5.149830717579249040e+00,-2.874952259845763025e-02,-2.647594427592826261e+00,1.462568770256551277e-02,-9.604367421315149755e-01,0.000000000000000000e+00,2.872679276648677504e+00,5.397453959348503361e+00,2.961802661076579746e+00,-2.604885441109783262e+00,-1.097345733010147706e+00,-1.072034544285771496e+00,-5.098204333982851999e-01
1.020000000000000073e-01,-1.244908278704692117e+00,-5.794392381718405094e-02,-9.034101029435287700e+00,-9.013649012643000447e+00,-1.244908278704692117e+00,6.103035189402872263e-01,1.281939518625310193e+00,4.286022611639547009e+00,3.979855137510991958e-01,7.906932358556773011e-03,7.460857278564752421e-04,1.063703434210350445e-03,5.092888192166602135e-04,2.394214741518771710e-03,7.252824070418704166e-06,-1.408157345496376025e-03,3.275303937040070945e+00,2.601328215370771191e-01,2.948093436344126683e+00,5.805734267351496392e-02,-1.098847257416903478e+00,-1.166658904914703310e-01,-5.120505630122667018e-01,-3.827011243005347119e-01,5.139032706058860533e+00,-3.782475721620491560e-02,-2.642384904962647330e+00,1.565471468933042620e-02,-9.583610732742817717e-01,0.000000000000000000e+00,2.900509745098093006e+00,5.399911613323793880e+00,2.911332382562132004e+00,-2.583818273469915550e+00,-1.080798327986054241e+00,-1.075019710941681694e+00,-5.134587203577630765e-01
1.030000000000000082e-01,-1.218295168719284671e+00,-1.191706880168305061e-01,-9.152336673226930230e+00,-9.135190969085702051e+00,-1.218295168719284671e+00,5.724982020164189889e-01,1.314882077117060621e+00,4.339237685512172149e+00,3.757620536148704726e-01,1.533524389804574728e-01,1.444869762496080873e-02,2.063303255978121004e-02,9.856566009496145822e-03,4.643451383572655411e-02,1.451808216404056311e-04,-2.730987651407695838e-02,3.249579826882468048e+00,2.655814024360826919e-01,2.883793744375289680e+00,8.566847070191660474e-02,-1.102383893136886783e+00,-1.223191991780275822e-01,-5.040054165180307688e-01,-3.901220797052820655e-01,5.129088905000049436e+00,-4.756470248339630252e-02,-2.637647576601875876e+00,1.676497580802828805e-02,-9.564465968014971287e-01,0.000000000000000000e+00,3.012810186157643066e+00,5.409119005061093333e+00,2.856862074451674616e+00,-2.542122539890462996e+00,-1.039184403493131903e+00,-1.078620615157884322e+00,-5.313152930321076717e-01
1.040000000000000091e-01,-1.184828885213058625e+00,-1.878823469263383728e-01,-9.255514128476129088e+00,-9.242984126046144056e+00,-1.184828885213058625e+00,5.168036419828911932e-01,1.343541238710206143e+00,4.385623786098563848e+00,3.490855988302642432e-01,1.369802724731986054e-01,1.290004851369522254e-02,1.843098728701744737e-02,8.798157377835916226e-03,4.147682702822720613e-02,1.309907473468561849e-04,-2.439390284505876458e-02,3.165786265756029394e+00,2.536362334688037068e-01,2.802719471959353115e+00,1.084716015346696844e-01,-1.090304031021870124e+00,-1.223754815774646260e-01,-5.095148761693361061e-01,-3.926858808355869757e-01,5.126073385977397479e+00,-5.087922298706194779e-02,-2.636224446883265404e+00,1.714478202026975540e-02,-9.558630967566990044e-01,0.000000000000000000e+00,2.910080657393641079e+00,5.392609667959896491e+00,2.770271236259308711e+00,-2.518954687970759831e+00,-1.031682421973373120e+00,-1.078107587586816907e+00,-5.339087790143948187e-01
1.049999999999999961e-01,-1.144715149430092005e+00,-2.669588917083690616e-01,-9.337578662517781680e+00,-9.330156403765714757e+00,-1.144715149430092005e+00,4.580652899305481807e-01,1.368065347022190847e+00,4.423959387733563453e+00,3.168396234292719660e-01,2.471428061252107788e-01,2.324185610004233030e-02,3.325825342564226600e-02,1.584202404400905304e-02,7.483208765045827604e-02,2.431595102310474970e-04,-4.401033932892588207e-02,3.172573522623046927e+00,2.635950285774139035e-01,2.762755538938332922e+00,1.264752577218851426e-01,-1.097953902066778564e+00,-1.242081556798142472e-01,-4.953226889690983681e-01,-3.994188183707742534e-01,5.114579697028096561e+00,-5.992418226099419098e-02,-2.630633945281676933e+00,1.817019119315162537e-02,-9.536569764144187111e-01,0.000000000000000000e+00,3.020297510377483619e+00,5.401416581705552389e+00,2.736089610102980796e+00,-2.488316663515782512e+00,-1.004951623223168777e+00,-1.077621972584001941e+00,-5.393330282980242085e-01
1.059999999999999970e-01,-1.099652681832715029e+00,-3.521980971283987238e-01,-9.395700398694943445e+00,-9.394177155235217569e+00,-1.099652681832715029e+00,3.907237613889583683e-01,1.387290089329532572e+00,4.452327453740976715e+00,2.807004799864374345e-01,3.153762894954019735e-01,2.962115708349593451e-02,4.244893493267062889e-02,2.017844177587600069e-02,9.549252032715746519e-02,3.184168809642213540e-04,-5.616014650471407715e-02,3.119572250842618022e+00,2.487282238528181200e-01,2.683995323703928459e+00,1.879770974798553040e-01,-1.096664781929219901e+00,-1.263838013766441781e-01,-4.939880372773188810e-01,-4.068325194510201137e-01,5.117749202223909499e+00,-6.855601883823839171e-02,-2.632553456293364569e+00,1.918041925340008280e-02,-9.541949714643999103e-01,-3.714845934606181209e-17,3.028116020886999937e+00,5.396098583160223505e+00,2.657888239798360530e+00,-2.424397917037633299e+00,-9.819918423486622139e-01,-1.080260355960079854e+00,-5.501481837820330068e-01
1.069999999999999979e-01,-1.051435607740208722e+00,-4.365946558685198098e-01,-9.427502125288910406e+00,-9.432046334944599764e+00,-1.051435607740208722e+00,3.239029967722444892e-01,1.399312266572432906e+00,4.469864875019191608e+00,2.438363560329903923e-01,4.000207075237218191e-01,3.751663451635556257e-02,5.385411332477214874e-02,2.554037451187134503e-02,1.211228466795813835e-01,4.156205115842153742e-04,-7.123217361311534601e-02,3.159471991363378418e+00,2.846045943633127573e-01,2.682321080580253536e+00,1.486619697206572610e-01,-1.113618329022767028e+00,-1.350110974276212128e-01,-4.861951962711435482e-01,-4.109114760787582754e-01,5.068845363881799848e+00,-7.746597678022457134e-02,-2.607757910525725364e+00,2.010846993842553207e-02,-9.450284762833043306e-01,1.075945722345277066e-17,3.148581222808342073e+00,5.390966592761468945e+00,2.658709217124801238e+00,-2.433555566293196915e+00,-9.723870124047601093e-01,-1.079623953199341457e+00,-5.574273698842588942e-01
1.079999999999999988e-01,-1.006268421021353721e+00,-5.102548619896072335e-01,-9.435048224481004553e+00,-9.445071172717049990e+00,-1.006268421021353721e+00,2.666937659105803604e-01,1.401624059855658633e+00,4.476528588605161119e+00,2.107464442880258026e-01,4.462031833965043881e-01,4.178323198625957108e-02,6.008791382318606072e-02,2.842774846315255025e-02,1.351075888533984914e-01,4.769713337733972919e-04,-7.945492632414287437e-02,3.185280298237904262e+00,3.018994341590196528e-01,2.662736309689142988e+00,1.524661373304622425e-01,-1.124939679392391589e+00,-1.388671493240329347e-01,-4.728266862730415854e-01,-4.174336867055967182e-01,5.046311201132265722e+00,-8.714298363008964043e-02,-2.596499033450765825e+00,2.118543720931513261e-02,-9.407696225841581938e-01,3.661736114401037884e-17,3.214049794928811821e+00,5.389993867277544481e+00,2.635681239882239790e+00,-2.415605147657151175e+00,-9.686466533296779202e-01,-1.079159800574417849e+00,-5.522816125971844459e-01
1.089999999999999997e-01,-9.669921627721110857e-01,-5.745050277499770264e-01,-9.422464452701358795e+00,-9.437686564882048046e+00,-9.669921627721110857e-01,2.072792618078482807e-01,1.395080859562581654e+00,4.473165283215799981e+00,1.807922914895174205e-01,4.629287514605636700e-01,4.332625671554118929e-02,6.234451974838355059e-02,2.947197373052106925e-02,1.401717044300449799e-01,4.994692124887476240e-04,-8.243246678747982725e-02,3.017561261048878229e+00,2.809097412122683601e-01,2.487598422837089540e+00,1.929019178159639691e-01,-1.102243102908612160e+00,-1.378390596089817677e-01,-4.797466185087159163e-01,-4.205409426400659734e-01,5.047278000794512387e+00,-9.078232352583844034e-02,-2.597122378413576183e+00,2.161324526449238254e-02,-9.409289982620628878e-01,-1.203902119121159980e-17,3.059949069869376093e+00,5.371513998722321936e+00,2.459160619059634456e+00,-2.374748486867090946e+00,-9.404581532140747768e-01,-1.078268588658555904e+00,-5.621790852961957574e-01
1.100000000000000006e-01,-9.292595667097233170e-01,-6.367941936383323398e-01,-9.392131448268768779e+00,-9.412392342710900195e+00,-9.292595667097233170e-01,1.565578918097084715e-01,1.381722531710254387e+00,4.462835127121026702e+00,1.507977394428879903e-01,5.838552601430511135e-01,5.456951480352761896e-02,7.865132752820583328e-02,3.709510333723470277e-02,1.767906743770447653e-01,6.465425350850855651e-04,-1.039654220110384358e-01,3.122480018445325189e+00,2.889984720282446906e-01,2.561979917824664277e+00,2.204308912856215719e-01,-1.127056536853011437e+00,-1.423785250274891001e-01,-4.724993919268631881e-01,-4.272107195242522693e-01,5.038140667697641462e+00,-9.954099020541039289e-02,-2.592732826821187775e+00,2.260859839437658406e-02,-9.391847660123110453e-01,0.000000000000000000e+00,3.279124559064124256e+00,5.381708654529413494e+00,2.541090255147459676e+00,-2.335206832198331472e+00,-9.276572640815899939e-01,-1.080916748504715086e+00,-5.764648139379016101e-01
1.110000000000000014e-01,-8.928060099001924321e-01,-6.853971919083743369e-01,-9.348238214125116130e+00,-9.372594067047208100e+00,-8.928060099001924321e-01,1.175052043804928337e-01,1.359377044103650123e+00,4.446884743446426036e+00,1.260461942588051998e-01,6.027345692784993325e-01,5.626138502467910307e-02,8.121297344307411292e-02,3.822396986559954690e-02,1.825088765366578436e-01,6.828717088004173817e-04,-1.073262196692579135e-01,3.160231703970261208e+00,2.987074857308947839e-01,2.556391896333574554e+00,2.389247821347135758e-01,-1.140679583461832625e+00,-1.437593397045120180e-01,-4.605203550808242285e-01,-4.334722674297853406e-01,5.029142022734069073e+00,-1.077913351884636495e-01,-2.588390709247918586e+00,2.354846955619705612e-02,-9.374652618595940012e-01,-1.367812926600933235e-17,3.329494005818975033e+00,5.384110893489642891e+00,2.529813534588184698e+00,-2.311241957247605505e+00,-9.346222373689776486e-01,-1.080541729855305721e+00,-5.678465747500821559e-01
1.120000000000000023e-01,-8.587796220577765816e-01,-7.081704026452237954e-01,-9.292282825148678427e+00,-9.318640040976625016e+00,-8.587796220577765816e-01,1.047530832146607027e-01,1.325477737399632927e+00,4.426095063700121734e+00,1.122113614165299866e-01,6.593468315796127133e-01,6.145694396869029463e-02,8.886334651753063918e-02,4.172545997126323597e-02,1.996530870594774854e-01,7.663800316019486964e-04,-1.174056436909507589e-01,3.186143326484769389e+00,3.069538937180287808e-01,2.545684464572125272e+00,2.567768379024427672e-01,-1.153136624332758320e+00,-1.457872914735081071e-01,-4.530733794519820057e-01,-4.406175744356748414e-01,5.019878676757678626e+00,-1.171200968085728544e-01,-2.583956279784684007e+00,2.461220634031537416e-02,-9.356944675657050681e-01,5.098504852409513050e-17,3.404872583628707261e+00,5.388289514444397632e+00,2.517427714281082807e+00,-2.285453981910977816e+00,-9.288713309329654777e-01,-1.080715379007611165e+00,-5.704790231429327507e-01
1.130000000000000032e-01,-8.272331693152484844e-01,-7.034196508422685401e-01,-9.231384845622347513e+00,-9.257380008578225628e+00,-8.272331693152484844e-01,1.190829540833219236e-01,1.280482702231320991e+00,4.403487147537795465e+00,1.101703872369776960e-01,7.241674563845136303e-01,6.740348812640138687e-02,9.762317524548630443e-02,4.572576133828038653e-02,2.192824064871346235e-01,8.638763082484568912e-04,-1.289458525202894779e-01,3.238109885785893649e+00,3.155318309703940560e-01,2.570450615839217967e+00,2.724754354893278996e-01,-1.168193699256894869e+00,-1.487326355075725137e-01,-4.472806603443429951e-01,-4.478160308474842255e-01,5.009869801425668179e+00,-1.265575370350325579e-01,-2.579157941739117277e+00,2.568507896938642190e-02,-9.337880117856282025e-01,-5.181824516345340184e-17,3.514461311322923276e+00,5.392805120522463191e+00,2.541516254049671630e+00,-2.260956744911509109e+00,-9.232262138003739516e-01,-1.081656770984952276e+00,-5.762265128646325563e-01
1.140000000000000041e-01,-7.977550041413945525e-01,-6.761500941845950408e-01,-9.178694966692299673e+00,-9.202394315217249599e+00,-7.977550041413945525e-01,1.468302036559517854e-01,1.226956140701323639e+00,4.384134208906471208e+00,1.176904401196684491e-01,7.712822576587134993e-01,7.175151007829311256e-02,1.039816890789149184e-01,4.866447668672643778e-02,2.335490091338525420e-01,9.279385564113278246e-04,-1.373341288898921597e-01,3.170704995717230190e+00,3.228391602624556267e-01,2.484681586519068563e+00,2.622265459114127562e-01,-1.162562254799222039e+00,-1.506560002811475618e-01,-4.470800526356273341e-01,-4.486997773220151031e-01,4.987800148504155651e+00,-1.294234322299006035e-01,-2.567926633160763750e+00,2.597087332147254152e-02,-9.296603211385936483e-01,0.000000000000000000e+00,3.493287476053928309e+00,5.382390818844904778e+00,2.459239843368083100e+00,-2.257035610562624584e+00,-9.030423723438969485e-01,-1.079388382863329943e+00,-5.844141815255194938e-01
1.150000000000000050e-01,-7.696368659008054891e-01,-6.362912197574219775e-01,-9.142259285031059335e+00,-9.162256321248957391e+00,-7.696368659008054891e-01,1.970544463099634935e-01,1.167766729020493610e+00,4.372590783895175193e+00,1.306385059052012632e-01,7.118479625796723109e-01,6.613768992115182099e-02,9.598543649615344509e-02,4.482375940781774953e-02,2.155500178690281099e-01,8.759804038752861321e-04,-1.267476322247583498e-01,3.234192795223777228e+00,3.452912367346266942e-01,2.514644589273063779e+00,2.468459461556351542e-01,-1.179565860268305011e+00,-1.535808752604386762e-01,-4.379143803114408096e-01,-4.541648164835239698e-01,4.965433763827729940e+00,-1.377768926054011300e-01,-2.556757134121184105e+00,2.689325245494781150e-02,-9.254534074906901608e-01,5.255293404256865910e-17,3.491875941319925403e+00,5.376862690483508622e+00,2.472853133163816164e+00,-2.265087428557731375e+00,-9.371225899443289542e-01,-1.078158302347253406e+00,-5.646620125361990761e-01
1.160000000000000059e-01,-7.468405825512729468e-01,-5.872590887485382716e-01,-9.118330171701620301e+00,-9.133622854255408541e+00,-7.468405825512729468e-01,2.564213596897164660e-01,1.105604227409976437e+00,4.366034371838057204e+00,1.476854307977230052e-01,6.714409073740545963e-01,6.230854474649473451e-02,9.055877132687616127e-02,4.220211135974247935e-02,2.033150960386731210e-01,8.430385555515466619e-04,-1.195511300886413636e-01,3.229625890417619605e+00,3.535591240584972095e-01,2.478578465706514855e+00,2.527126617946275910e-01,-1.186616885936991883e+00,-1.537527870598205393e-01,-4.331927712134013841e-01,-4.602734795988028260e-01,4.956715528761499456e+00,-1.457829236621499269e-01,-2.552539737919673701e+00,2.780602057360355428e-02,-9.237883843820936525e-01,-1.733035390801304295e-17,3.440793318192871375e+00,5.372583197566491719e+00,2.423354313371241187e+00,-2.257624964765303943e+00,-9.554957693247152495e-01,-1.076698132886362513e+00,-5.527439013020427616e-01
1.170000000000000068e-01,-7.307022079422846872e-01,-5.324883034857905706e-01,-9.093487710012315262e+00,-9.103327545680102162e+00,-7.307022079422846872e-01,3.232493179514872583e-01,1.043115743564723807e+00,4.358777939535701584e+00,1.675990554667124433e-01,5.973266933191475614e-01,5.535821247367694181e-02,8.058338533722346486e-02,3.746400603076711910e-02,1.808749022725767708e-01,7.673976379186396362e-04,-1.063539095220579211e-01,3.223753277514461946e+00,3.582721443725334631e-01,2.438584447941589239e+00,2.781140144478103648e-01,-1.190821367992079161e+00,-1.581267472122348805e-01,-4.235621146201046794e-01,-4.674735866657209193e-01,4.948791741543394629e+00,-1.550111056126690090e-01,-2.548802556287628196e+00,2.886218959106941553e-02,-9.222785320998098113e-01,0.000000000000000000e+00,3.353606384167888699e+00,5.362422098389605374e+00,2.364156727666143709e+00,-2.233224535809050781e+00,-9.810842761284329638e-01,-1.079637881674126110e+00,-5.299160241421625450e-01
1.180000000000000077e-01,-7.194984911386269610e-01,-4.740234305801752090e-01,-9.063033733992257979e+00,-9.066902048851948948e+00,-7.194984911386269610e-01,3.931487158124209458e-01,9.825963753951123536e-01,4.349072353156326898e+00,1.896115753713771279e-01,5.046304110746002713e-01,4.670737692526395757e-02,6.809568124300892367e-02,3.158321941169930924e-02,1.528066066122981681e-01,6.628626171625236251e-04,-8.984799459310378877e-02,3.311896542343870653e+00,3.726675147041943470e-01,2.494042139167628847e+00,2.896495586268558187e-01,-1.209711315079292859e+00,-1.616913113383173783e-01,-4.114058326655649078e-01,-4.747836514652027384e-01,4.942129415370326129e+00,-1.642526060009912026e-01,-2.545711557645260914e+00,2.992326652833110501e-02,-9.210020724175016493e-01,5.494019702692945233e-17,3.341743301953268297e+00,5.361504306999784752e+00,2.397885214409646970e+00,-2.224478779606705814e+00,-1.026981441938663586e+00,-1.082030521138656498e+00,-5.012538272586686272e-01
1.190000000000000085e-01,-7.130566817371357669e-01,-4.047724007038673855e-01,-9.031922155771699323e+00,-9.029074344128106944e+00,-7.130566817371357669e-01,4.639773836070417712e-01,9.236848172186200578e-01,4.338620117646494911e+00,2.169812602594840545e-01,5.281312781579597937e-01,4.886002973577671660e-02,7.127155283760915061e-02,3.303032673392222729e-02,1.599225415778033066e-01,6.988576464126857422e-04,-9.403139903434142022e-02,3.387749890867521430e+00,4.013235903234235180e-01,2.547023754984437893e+00,2.498718449712274692e-01,-1.226186660339442902e+00,-1.653968774737059888e-01,-4.035669081379280598e-01,-4.749627881216141323e-01,4.916403055820401491e+00,-1.665638995596065430e-01,-2.532583162198747573e+00,3.013603276260119410e-02,-9.161968342671625853e-01,0.000000000000000000e+00,3.440918380903867035e+00,5.366586675879601920e+00,2.451731408262440848e+00,-2.249680990493597932e+00,-1.036128085999038273e+00,-1.080894854094455848e+00,-4.975983071722694939e-01
1.199999999999999956e-01,-7.117770527222230248e-01,-3.260978959507599972e-01,-9.000560025600453429e+00,-8.989452919035828771e+00,-7.117770527222230248e-01,5.533144030463637009e-01,8.664831224151812172e-01,4.328337108047409565e+00,2.492761664176273428e-01,4.100961637834429352e-01,3.789540668934628098e-02,5.535671486466291896e-02,2.559714862230077007e-02,1.241807076229025780e-01,5.537351886139963526e-04,-7.301447872935862282e-02,3.310574551259215514e+00,3.973202143041764667e-01,2.445523768952202470e+00,2.720449889641570751e-01,-1.217152461818679310e+00,-1.647374506801482785e-01,-3.985672259112393867e-01,-4.830895711821640015e-01,4.920909830986841982e+00,-1.758372199016769999e-01,-2.535238246122707206e+00,3.122756191262473363e-02,-9.170033886075784624e-01,3.565120458456028571e-17,3.237581143860494670e+00,5.356125451980364716e+00,2.325043263915188341e+00,-2.237596108536249684e+00,-1.061744192283151866e+00,-1.081187104099112783e+00,-4.715817046405979540e-01
1.209999999999999964e-01,-7.151146097716626349e-01,-2.499216756877022105e-01,-8.965478842876676069e+00,-8.946256091904182028e+00,-7.151146097716626349e-01,6.377881028328710178e-01,8.156163505082837384e-01,4.316321263539601105e+00,2.810677285280593907e-01,3.234608669139131254e-01,2.986021196787457671e-02,4.367053498921930066e-02,2.015368134198351757e-02,9.794665514296682640e-02,4.445280371798442966e-04,-5.758865428755305382e-02,3.368711411656289290e+00,4.110942367485120319e-01,2.479891293358827298e+00,2.745411509033487407e-01,-1.231682715604693223e+00,-1.689009266408337262e-01,-3.921249812980372451e-01,-4.891000204248793781e-01,4.914456305559292026e+00,-1.834835673308070070e-01,-2.532219266500379096e+00,3.210372213969042016e-02,-9.157773190244462569e-01,0.000000000000000000e+00,3.203072258145323037e+00,5.355410754275678364e+00,2.340078261017239480e+00,-2.237524434255047101e+00,-1.101632338322035887e+00,-1.084233717628100058e+00,-4.497136355855902989e-01
1.219999999999999973e-01,-7.217884789789116295e-01,-1.807313746655658804e-01,-8.927746955551326025e+00,-8.900766109967904072e+00,-7.217884789789116295e-01,7.167232295602603553e-01,7.731345217273823955e-01,4.303327175181975051e+00,3.104729697813605749e-01,1.702603409864955897e-01,1.570042251986105211e-02,2.299116130809971195e-02,1.058709205645515586e-02,5.155565036203071244e-02,2.385454877330708367e-04,-3.031202978549722357e-02,3.390196544308269111e+00,4.337357559486943459e-01,2.470415298278573868e+00,2.528369005659942825e-01,-1.241285164648141759e+00,-1.724723118419564660e-01,-3.844446972142767649e-01,-4.952295443198357905e-01,4.899556709948062583e+00,-1.919313460400084992e-01,-2.524905029432605641e+00,3.305640193082021172e-02,-9.129732656624669485e-01,-5.730676013904025234e-17,3.065227340974929326e+00,5.348992888416617575e+00,2.301475113546664897e+00,-2.261481036810156553e+00,-1.156673112355290911e+00,-1.085207032016690221e+00,-4.147567269997740613e-01
1.229999999999999982e-01,-7.320372372777140813e-01,-1.198785559281114743e-01,-8.891079698322753799e+00,-8.856899643033468550e+00,-7.320372372777140813e-01,7.880341257407962319e-01,7.399973411549606306e-01,4.290687839700789930e+00,3.370165610209687190e-01,6.690647358460519167e-03,6.162867771728618334e-04,9.037008622140309776e-04,4.151979089330795885e-04,2.025957736626008126e-03,9.555443893907477118e-06,-1.191134040575507307e-03,3.394690446401472883e+00,4.441728683285467993e-01,2.436026126527730984e+00,2.624101944278665055e-01,-1.248966611575129004e+00,-1.734058696548315126e-01,-3.747748209894583016e-01,-5.034824272393844113e-01,4.902012305087062316e+00,-2.014745803909204214e-01,-2.526529495189203001e+00,3.417725988282927646e-02,-9.134023999345602940e-01,-2.276417331384203133e-17,2.897898666520549060e+00,5.346801460192781796e+00,2.235455246999024759e+00,-2.263704102852403643e+00,-1.212763393955673674e+00,-1.086798714145497780e+00,-3.759659550300338271e-01
1.239999999999999991e-01,-7.462295554061416647e-01,-6.642654291619082274e-02,-8.856335049992219766e+00,-8.816442180825072583e+00,-7.462295554061416647e-01,8.422768401736496768e-01,7.163526706773405417e-01,4.278229940328198033e+00,3.610998227203714994e-01,-1.671384773112492839e-02,-1.538968308447454577e-03,-2.257686186146316311e-03,-1.036489894556953933e-03,-5.061017301328563783e-03,-2.402406316570988834e-05,2.975535825862974000e-03,3.487493955158624814e+00,4.685494093440930596e-01,2.510508595091670347e+00,2.322837774188811488e-01,-1.266712886246396330e+00,-1.757320531869254743e-01,-3.668007033861765409e-01,-5.050669187625848044e-01,4.892478260192151041e+00,-2.041165911806528954e-01,-2.521738868256797605e+00,3.446424101804867329e-02,-9.116184210616554706e-01,5.844546371951222347e-17,2.965713188664914846e+00,5.359488701227796525e+00,2.304134317724871206e+00,-2.290491580732473498e+00,-1.237309662529676224e+00,-1.087374498311746596e+00,-3.638251675603135227e-01
1.250000000000000000e-01,-7.632676444690854600e-01,-1.555552167692519916e-02,-8.827371800454079320e+00,-8.781092392992336571e+00,-7.632676444690854600e-01,9.028572774467973350e-01,6.992722268914590700e-01,4.268357406741627003e+00,3.849871034760188881e-01,-1.353168383001698838e-01,-1.244746392792193956e-02,-1.828198330014424097e-02,-8.375816481491502388e-03,-4.097438176092929596e-02,-1.978969805591195550e-04,2.408973035222088804e-02,3.489747523539508123e+00,4.851103568575682035e-01,2.480882135979527447e+00,2.255480629729267883e-01,-1.274478852453716504e+00,-1.802235906838313417e-01,-3.609285153108187649e-01,-5.115028441629820843e-01,4.884974149972717505e+00,-2.123094179547705962e-01,-2.518229101112333446e+00,3.540441140087908362e-02,-9.102039775683744560e-01,5.919026923671784266e-17,2.842927841076356099e+00,5.357637042902363866e+00,2.250290734724612385e+00,-2.301056854620898040e+00,-1.280048822813766751e+00,-1.090625465232764935e+00,-3.368387849585978144e-01
1.260000000000000009e-01,-7.817542263252696966e-01,3.269715260705841064e-02,-8.809204652717610884e+00,-8.756723787114804480e+00,-7.817542263252696966e-01,9.606998664660936216e-01,6.886946248165873863e-01,4.262991493337003668e+00,4.085045892433805670e-01,-2.243355893746087903e-01,-2.061889254986523992e-02,-3.031401518467976425e-02,-1.386207927363362381e-02,-6.792916028774598214e-02,-3.332145206781419035e-04,3.993636339309218630e-02,3.540506098438587657e+00,5.002434758505248658e-01,2.507243139386580388e+00,2.235085967737336088e-01,-1.286713407282132238e+00,-1.836160270124717886e-01,-3.529131100508188790e-01,-5.180130549414220242e-01,4.884532285850168520e+00,-2.200066258779255490e-01,-2.518327410756509011e+00,3.630159272443021778e-02,-9.101070341082411197e-01,0.000000000000000000e+00,2.798157454122557120e+00,5.364156869150828122e+00,2.256922498323974846e+00,-2.308680893256408684e+00,-1.318340974845447988e+00,-1.094056275641391185e+00,-3.129767466577266788e-01
1.270000000000000018e-01,-7.986810691157639752e-01,7.551286222644482127e-02,-8.800865584790308560e+00,-8.742353973524590316e+00,-7.986810691157639752e-01,1.015964682214346881e+00,6.850891381646491141e-01,4.262299590602307120e+00,4.303334601930065006e-01,-2.981754279984139000e-01,-2.737987806259690321e-02,-4.030117274605615751e-02,-1.838913134492486945e-02,-9.028839421479588345e-02,-4.506322058259153033e-04,5.308064021620401834e-02,3.538451267883645723e+00,5.051251855395829660e-01,2.475331587841509418e+00,2.461892498042960731e-01,-1.292261812766633211e+00,-1.879785286842172443e-01,-3.462430891179211767e-01,-5.260277164561637520e-01,4.888500693511689477e+00,-2.291100193026874288e-01,-2.520743917343646778e+00,3.737402170640138216e-02,-9.108338458687947892e-01,0.000000000000000000e+00,2.714248123429068293e+00,5.366246000988676101e+00,2.205920395792765998e+00,-2.292943798884275353e+00,-1.345176185275027692e+00,-1.099263006758838035e+00,-2.931624489017171653e-01
1.280000000000000027e-01,-8.112814069107170400e-01,1.114632725408267744e-01,-8.804482918425716065e+00,-8.740447741929257219e+00,-8.112814069107170400e-01,1.065793972857548733e+00,6.884602849969555516e-01,4.267571195315024823e+00,4.497047031661121075e-01,-3.495609465592529053e-01,-3.207042029024451818e-02,-4.725484547485334780e-02,-2.151509452004162284e-02,-1.058474356117000414e-01,-5.375819541033558663e-04,6.222661069004612605e-02,3.588829457466436335e+00,5.327379461968856367e-01,2.498598815977305154e+00,2.195166167777601873e-01,-1.306348149975045336e+00,-1.945655412423306641e-01,-3.392023054230520751e-01,-5.317113459115472285e-01,4.870308155499171399e+00,-2.372164884985260569e-01,-2.511772240996199113e+00,3.828065702723480734e-02,-9.074368682535076669e-01,3.524497078623262951e-17,2.707557164995635812e+00,5.370975681405812274e+00,2.214127482003925618e+00,-2.313770718738480614e+00,-1.373914928559510695e+00,-1.102539991449941637e+00,-2.769756947330058727e-01
1.290000000000000036e-01,-8.200208010438173600e-01,1.443526311208332968e-01,-8.822631398593934193e+00,-8.754355203347378378e+00,-8.200208010438173600e-01,1.104955859386139494e+00,6.976574165367349645e-01,4.279316979388413600e+00,4.681683480273184372e-01,-3.975911281834403899e-01,-3.646635958699431107e-02,-5.375197568339815102e-02,-2.445502528187300934e-02,-1.203911010946646237e-01,-6.149732161863076746e-04,7.077622994436881532e-02,3.663013251733000519e+00,5.385427779151147343e-01,2.566338132716243781e+00,2.261719711626992702e-01,-1.317900866384819736e+00,-1.953980666616683404e-01,-3.334377357668334985e-01,-5.349258578772377870e-01,4.876774137961395361e+00,-2.404735676925243426e-01,-2.515231571210627681e+00,3.867450280321450828e-02,-9.086384909381944874e-01,0.000000000000000000e+00,2.730496265672322398e+00,5.378850556289515694e+00,2.272112589340321342e+00,-2.313514625329801788e+00,-1.399617464676269796e+00,-1.104651530816048943e+00,-2.626615058224646693e-01
1.300000000000000044e-01,-8.256630671197455751e-01,1.775631072894176543e-01,-8.851025099775471361e+00,-8.777282382216233358e+00,-8.256630671197455751e-01,1.153901190207453631e+00,7.100754194328791069e-01,4.296250311309687930e+00,4.873635192101397062e-01,-4.438605493740287455e-01,-4.067791897948504903e-02,-6.001546113779264446e-02,-2.725064614221294271e-02,-1.343998282928074717e-01,-6.973297443792533367e-04,7.901033901252570157e-02,3.659105787715007274e+00,5.624425869063974792e-01,2.530106584887940269e+00,2.002158949713354064e-01,-1.324739700000035603e+00,-2.003526633165262916e-01,-3.274879109581576575e-01,-5.397873575062651641e-01,4.856264678116075650e+00,-2.477910817690411605e-01,-2.505048463749681709e+00,3.948498104025767452e-02,-9.048119977440280959e-01,-6.246364357631434286e-17,2.675457880834713364e+00,5.378029346042987768e+00,2.222300041981106311e+00,-2.332083214920559477e+00,-1.419654547252585219e+00,-1.105861990804933637e+00,-2.484775719456320253e-01
1.310000000000000053e-01,-8.277445891531237665e-01,2.064866613962615394e-01,-8.890719077892910605e+00,-8.811915409816700517e+00,-8.277445891531237665e-01,1.199028470712239391e+00,7.263789125680771841e-01,4.318358454191511875e+00,5.050138191336792648e-01,-5.107661193339886330e-01,-4.677703046078351273e-02,-6.907019082715504243e-02,-3.130508402452742561e-02,-1.546558798178238048e-01,-8.137833648591449561e-04,9.091681692423130012e-02,3.668147730256539951e+00,5.607193838476233205e-01,2.509818823957488565e+00,2.342086800638800703e-01,-1.333183213949885815e+00,-2.005872941633939366e-01,-3.224927028047748223e-01,-5.476833604713914339e-01,4.867611380756409645e+00,-2.561271560695397298e-01,-2.511249342996897838e+00,4.048399544262410582e-02,-9.069166505305137349e-01,-3.521342087818733911e-17,2.609698250451159662e+00,5.381553734143249557e+00,2.184621477060793904e+00,-2.308345746957545241e+00,-1.447355098325085354e+00,-1.108317728058766827e+00,-2.315758858805435638e-01
1.320000000000000062e-01,-8.243233008240414827e-01,2.283600252206056114e-01,-8.942820083559780642e+00,-8.859413401144905720e+00,-8.243233008240414827e-01,1.239747367673338818e+00,7.462585244714851074e-01,4.346416543146159661e+00,5.198001015287462279e-01,-5.229109353013394745e-01,-4.785443499351581947e-02,-7.072226988359057998e-02,-3.198732766017355761e-02,-1.583305660045021268e-01,-8.464129804989055372e-04,9.307525153153556330e-02,3.726182931600677595e+00,5.857317825072224649e-01,2.539196833577656687e+00,2.120076946669031126e-01,-1.346763188497531072e+00,-2.038784313704898044e-01,-3.123214887415199925e-01,-5.531062140209258571e-01,4.851688124362340204e+00,-2.637183986390089219e-01,-2.503433704210080712e+00,4.133409552203323734e-02,-9.039466352812934868e-01,6.400522612193962441e-17,2.650165782278412152e+00,5.389565471876046843e+00,2.204756165055057338e+00,-2.323413337203351414e+00,-1.463759658979999934e+00,-1.108671479632282075e+00,-2.192462372099843737e-01
1.330000000000000071e-01,-8.159340719089397398e-01,2.466148561210415591e-01,-9.004494965279533858e+00,-8.916624667685828953e+00,-8.159340719089397398e-01,1.278887408109349311e+00,7.679552227784423035e-01,4.378952480945786263e+00,5.331434751153396601e-01,-4.890089798057207782e-01,-4.471900689656539002e-02,-6.614798566544358160e-02,-2.985174157122930105e-02,-1.480639350855766090e-01,-8.048012364209500454e-04,8.703820805332125599e-02,3.737640683382814633e+00,5.908989797031957147e-01,2.523201788032328086e+00,2.331724170436544619e-01,-1.355186877988155070e+00,-2.070853391963441426e-01,-3.074118566243411732e-01,-5.604145133479819796e-01,4.848850905907848841e+00,-2.724710462596427463e-01,-2.502391637556159232e+00,4.234772526946085913e-02,-9.034196426871108354e-01,-6.485116273108236494e-17,2.688217190229111875e+00,5.395030878714479172e+00,2.184582756107241952e+00,-2.299070962083733960e+00,-1.460903087804270806e+00,-1.111309783119875938e+00,-2.203736485710199866e-01
1.340000000000000080e-01,-8.035184845730410919e-01,2.661629062115005162e-01,-9.069206036783610259e+00,-8.978006439124810001e+00,-8.035184845730410919e-01,1.310244713520606563e+00,7.900710343285742843e-01,4.412513664363483912e+00,5.470485522539783041e-01,-5.208054017439159855e-01,-4.761656076795530573e-02,-7.045433833255707046e-02,-3.177117969638890149e-02,-1.576914043212766514e-01,-8.618019190275731569e-04,9.269703420672158189e-02,3.824817506992761018e+00,5.907403636597551300e-01,2.613647626930579282e+00,2.521922033096559712e-01,-1.367619460132599940e+00,-2.077694317754030240e-01,-3.044037768138010414e-01,-5.635064647422592943e-01,4.854483813389908420e+00,-2.756291903447071756e-01,-2.505428911070459286e+00,4.272727615904970550e-02,-9.044705008245016442e-01,3.510568792132294763e-17,2.740505640506585738e+00,5.397607616281708154e+00,2.267564098253315397e+00,-2.285007887457191966e+00,-1.482583588294826837e+00,-1.113101734518932240e+00,-2.117067426070793901e-01
1.350000000000000089e-01,-7.856427514658890221e-01,2.907242476627153183e-01,-9.129677092449108855e+00,-9.033314658534319364e+00,-7.856427514658890221e-01,1.354529689773554590e+00,8.099287731878759278e-01,4.445034160935766643e+00,5.632030883976579805e-01,-4.816920711352416506e-01,-4.401120807714518912e-02,-6.517010286242948258e-02,-2.932781841848226476e-02,-1.458459180113303166e-01,-8.093160420228197142e-04,8.573214065894978198e-02,3.829087771504581461e+00,5.980812858012459765e-01,2.582309308477741538e+00,2.714329929901255767e-01,-1.373768653035813747e+00,-2.107934714772919660e-01,-2.942562785226481292e-01,-5.693888838716937295e-01,4.845412832487671295e+00,-2.832145718993271943e-01,-2.501148104094727653e+00,4.358918420383148251e-02,-9.027853138653095799e-01,-3.503497889490352659e-17,2.778006816497646358e+00,5.399482910211772513e+00,2.233924633715985042e+00,-2.259042929523084275e+00,-1.476025386843312637e+00,-1.114388101384624408e+00,-2.085241378636983889e-01
1.360000000000000098e-01,-7.629120383620154877e-01,3.184200186104603758e-01,-9.191215569840208488e+00,-9.089360002111337877e+00,-7.629120383620154877e-01,1.401202951589658241e+00,8.272144673856359764e-01,4.478151897697664197e+00,5.804924186182173207e-01,-4.072915396899136620e-01,-3.719197739506085315e-02,-5.511040298635876827e-02,-2.475194966377199102e-02,-1.233168924123919652e-01,-6.941317515935806247e-04,7.248765192966311055e-02,3.846988401212838582e+00,6.247005782627930159e-01,2.578277866954771458e+00,2.339048495580826892e-01,-1.379708401511167803e+00,-2.150242223490027027e-01,-2.867762373879484405e-01,-5.718763016270618227e-01,4.812520887420697058e+00,-2.886988354337607920e-01,-2.484545743004188623e+00,4.415248802311681070e-02,-8.966636669769902923e-01,0.000000000000000000e+00,2.867820559895863486e+00,5.400029488288429214e+00,2.234468628534651558e+00,-2.275392843109877550e+00,-1.458872805900442993e+00,-1.112382021077586547e+00,-2.142885854582853300e-01
1.370000000000000107e-01,-7.368588607360850862e-01,3.444692193815121484e-01,-9.259086526723747212e+00,-9.151512567093703865e+00,-7.368588607360850862e-01,1.448847848044963360e+00,8.418628038560852511e-01,4.513772077696168950e+00,5.965807926556123686e-01,-3.690714426443545970e-01,-3.368073898586790987e-02,-4.994664153571565235e-02,-2.238216114904294923e-02,-1.117433064185355263e-01,-6.390783496262727667e-04,6.568314719364341803e-02,3.845172164765440215e+00,6.250406570439914766e-01,2.551409245621481414e+00,2.608606027147015727e-01,-1.381255097353424777e+00,-2.161556465202391641e-01,-2.771905911746715967e-01,-5.785294595277250540e-01,4.807575292046390558e+00,-2.968363076901530118e-01,-2.482396946045945185e+00,4.508590106996226976e-02,-8.957496324806153432e-01,0.000000000000000000e+00,2.897571262593360952e+00,5.398935210104514049e+00,2.204626296395613139e+00,-2.243918504480286735e+00,-1.447912502701998116e+00,-1.112544357350480739e+00,-2.115074439810281648e-01
1.380000000000000115e-01,-7.078503066399040033e-01,3.667335662811695984e-01,-9.330670985886550639e+00,-9.217602913865786007e+00,-7.078503066399040033e-01,1.493891253671229880e+00,8.539058632408358385e-01,4.550656951792120708e+00,6.103658442475136114e-01,-2.705261722175406613e-01,-2.467201285358501875e-02,-3.661651688151360690e-02,-1.636884243175103226e-02,-8.190580737113509202e-02,-4.763944670296828233e-04,4.814348453670415362e-02,3.860855778391056425e+00,6.354100043017019139e-01,2.543922421847170323e+00,2.679546487314274916e-01,-1.386774465279315915e+00,-2.200157315673932357e-01,-2.693341486074708468e-01,-5.838901770662666690e-01,4.789938688836338443e+00,-3.044625409971204455e-01,-2.473724120291578288e+00,4.592935505003355179e-02,-8.924772443874366967e-01,0.000000000000000000e+00,3.006439429107249151e+00,5.400676680284456133e+00,2.202843363968536305e+00,-2.222138313991901981e+00,-1.422750917600417608e+00,-1.112969370421859505e+00,-2.211906640707667071e-01
1.390000000000000124e-01,-6.762802709353702424e-01,3.866867824024547984e-01,-9.404025711594490744e+00,-9.287219460073110611e+00,-6.762802709353702424e-01,1.527344411864699047e+00,8.631543243173352975e-01,4.587307878279909268e+00,6.223540942794343334e-01,-2.651432930246199193e-01,-2.417649251253188233e-02,-3.588999585933729669e-02,-1.603124759644350417e-02,-8.027586573061072650e-02,-4.694745735963798102e-04,4.718508077532825723e-02,3.898014045227879087e+00,6.369410823302155134e-01,2.583999166523942126e+00,2.778258753959609306e-01,-1.391302000159147623e+00,-2.230786981982757766e-01,-2.676103957665877386e-01,-5.847920951425080727e-01,4.777204581943372830e+00,-3.065053318299185703e-01,-2.467292663937147523e+00,4.613750981934159473e-02,-8.901107921239079790e-01,0.000000000000000000e+00,3.048078657060750984e+00,5.389969171761056721e+00,2.241603838834686169e+00,-2.205498036137630180e+00,-1.425440356070416748e+00,-1.113658964895780201e+00,-2.204253149912594745e-01
1.400000000000000133e-01,-6.424326548154130068e-01,4.076952055056430324e-01,-9.477085917544503246e+00,-9.354953284279494241e+00,-6.424326548154130068e-01,1.570420936583869054e+00,8.672244328405138702e-01,4.623800153118835077e+00,6.341331262385137002e-01,-1.353817569860230607e-01,-1.233695394227304377e-02,-1.832845958922882379e-02,-8.168219542071593342e-03,-4.098840440296002557e-02,-2.434369178434678737e-04,2.409194677452663677e-02,3.921579253219009242e+00,6.574670316762437627e-01,2.573839566515664146e+00,2.665137922985635344e-01,-1.401641795385134337e+00,-2.273961026745527081e-01,-2.590859962032950881e-01,-5.881082592334682113e-01,4.748901783950622679e+00,-3.125962471250510188e-01,-2.453076641371743971e+00,4.677815408569792333e-02,-8.848544775629560988e-01,0.000000000000000000e+00,3.198089236999518192e+00,5.394031861684593032e+00,2.242914859801384164e+00,-2.194731068615252134e+00,-1.395852045702396405e+00,-1.112494017155352344e+00,-2.349940494287684478e-01
1.410000000000000142e-01,-6.097682971953020115e-01,4.333191756121891336e-01,-9.546433516466931835e+00,-9.418515865868320347e+00,-6.097682971953020115e-01,1.616699501040043341e+00,8.650553345859788301e-01,4.657645564768835733e+00,6.471963843984172016e-01,-7.403040566103526177e-02,-6.742951650443841649e-03,-1.002446315862636807e-02,-4.457687679260079715e-03,-2.241349435397919226e-02,-1.350406804617869687e-04,1.317383261171087630e-02,3.956818454643148630e+00,6.688238638861458973e-01,2.588014014682895603e+00,2.696112310060528316e-01,-1.408006410995478852e+00,-2.294029792480903607e-01,-2.486974751292820862e-01,-5.922939953031555183e-01,4.732648108251748198e+00,-3.187300398260060064e-01,-2.445032318940743910e+00,4.744864234347084819e-02,-8.818422044011157146e-01,0.000000000000000000e+00,3.290494053678957531e+00,5.394729020487450732e+00,2.259259511698263445e+00,-2.179878775613951269e+00,-1.382971263005987161e+00,-1.111380224329667987e+00,-2.355236425175712134e-01
1.420000000000000151e-01,-5.812483627239766193e-01,4.663346319535706108e-01,-9.602448932611181931e+00,-9.467500742592443785e+00,-5.812483627239766193e-01,1.670605633109272459e+00,8.556097492669511029e-01,4.684568629195287492e+00,6.627971087030781749e-01,1.044347107298015109e-01,9.507083225953030098e-03,1.414519844806962773e-02,6.273956883977804821e-03,3.161894919181530705e-02,1.936505079266161763e-04,-1.858405963244378137e-02,3.974650563280138105e+00,6.773698775817675877e-01,2.590671900740060263e+00,2.756200463881178231e-01,-1.414103730197357578e+00,-2.329452231349165292e-01,-2.450081954480782809e-01,-5.973406824197887710e-01,4.716434134815492563e+00,-3.258611252578181849e-01,-2.437055927696317958e+00,4.823373195355723508e-02,-8.788451857280779045e-01,6.912496404553811808e-17,3.481744591590151039e+00,5.403311095623213767e+00,2.278955973930311796e+00,-2.155161924424222164e+00,-1.334251049051984994e+00,-1.111596758355067882e+00,-2.635922550805220310e-01
1.430000000000000160e-01,-5.582789431223604826e-01,5.081458286637093869e-01,-9.636152713136047154e+00,-9.492924947913873979e+00,-5.582789431223604826e-01,1.731481223502553846e+00,8.387520269594326283e-01,4.700649972971599588e+00,6.815267110540758067e-01,2.134188567251209534e-01,1.941732484669101907e-02,2.891314381071730458e-02,1.278935371990680588e-02,6.461463105890666303e-02,4.025827671262071370e-04,-3.797637690890693501e-02,3.995736218154386510e+00,6.787948823586154035e-01,2.585562350861954073e+00,3.025013608903088791e-01,-1.419261919261487259e+00,-2.319500807279079035e-01,-2.342475613302339443e-01,-6.050249563887810655e-01,4.717548057395856809e+00,-3.347028096478013581e-01,-2.438052409819972510e+00,4.925429121573757230e-02,-8.790731727858225319e-01,-1.869083501593651467e-18,3.604130118490726176e+00,5.415760264601162888e+00,2.279772685024870071e+00,-2.122761695209756549e+00,-1.305392996986842968e+00,-1.110620670746604199e+00,-2.722239382391408724e-01
1.440000000000000169e-01,-5.407751274640175687e-01,5.557357726626578343e-01,-9.649175718226659981e+00,-9.498810980449970742e+00,-5.407751274640175687e-01,1.785503919882289736e+00,8.159984363595866874e-01,4.706115151609453484e+00,7.020040229663648823e-01,2.863761318694835190e-01,2.605018768976792923e-02,3.879962189270159262e-02,1.714717663285780444e-02,8.670291649680392232e-02,5.432648348480493151e-04,-5.095806296900437515e-02,3.977002363392252882e+00,6.860750856405982701e-01,2.565073947138096333e+00,2.890613746652234695e-01,-1.415949303342572074e+00,-2.351811495891975579e-01,-2.332922771284712538e-01,-6.048848431474512788e-01,4.696524523260963591e+00,-3.361799593406997744e-01,-2.427341819110017784e+00,4.937733645667831406e-02,-8.751654832471902346e-01,-3.391902330627848112e-17,3.658493652114285233e+00,5.408649796591330272e+00,2.267693609690098366e+00,-2.121133267811936562e+00,-1.279869050389089935e+00,-1.109803368001539781e+00,-2.842503400974756289e-01
1.449999999999999900e-01,-5.273155280919848975e-01,6.052289990893733318e-01,-9.647980505160070663e+00,-9.488699826436169715e+00,-5.273155280919848975e-01,1.847811022014350435e+00,7.873496270035281741e-01,4.705010153661447703e+00,7.225777686722000270e-01,4.235955868872485208e-01,3.851456400757103521e-02,5.740328813370051270e-02,2.530359792382212356e-02,1.282459879391484869e-01,8.164105477438145502e-04,-7.537252492744281329e-02,4.019261445266656629e+00,6.949817666864093191e-01,2.591630877519059073e+00,2.944746239308557167e-01,-1.424772001204628769e+00,-2.357069024652045375e-01,-2.271557615545340969e-01,-6.110300750080921439e-01,4.692805365988328425e+00,-3.436069074301646431e-01,-2.425790585512008324e+00,5.021889435578495708e-02,-8.744940817778996678e-01,0.000000000000000000e+00,3.831826957145812784e+00,5.426301696682309661e+00,2.305427258222594755e+00,-2.106012363657330688e+00,-1.246307118909695477e+00,-1.109384573695360476e+00,-3.025282864819769379e-01
1.459999999999999909e-01,-5.186246813339205897e-01,6.568695728516924515e-01,-9.636693919246502205e+00,-9.468272148070383309e+00,-5.186246813339205897e-01,1.910280047285095151e+00,7.537427914033053566e-01,4.698490451207021579e+00,7.434361212410998121e-01,5.741043646521429844e-01,5.217527894103266006e-02,7.781501859226226669e-02,3.421747602395359966e-02,1.738122985387502428e-01,1.123020043401513901e-03,-1.021504899250210846e-01,4.007820528000601179e+00,7.020557606399118189e-01,2.560975250077609289e+00,2.997790811146924250e-01,-1.423679246656237574e+00,-2.387505364908508732e-01,-2.190596966006696511e-01,-6.158442629313747307e-01,4.681395041185278494e+00,-3.500942229978040721e-01,-2.420258158139148907e+00,5.093566270976779276e-02,-8.723937132328198896e-01,0.000000000000000000e+00,3.966080629721369544e+00,5.435626080766223112e+00,2.288696045672067303e+00,-2.086261601000503063e+00,-1.198931285407719427e+00,-1.110021229680269172e+00,-3.212101865256907218e-01
1.469999999999999918e-01,-5.143780514856785002e-01,7.105074797691008914e-01,-9.616237828929687481e+00,-9.438011647478594668e+00,-5.143780514856785002e-01,1.975041013094306575e+00,7.155793060510228232e-01,4.687172973068821413e+00,7.645955641916961643e-01,7.014011496114448407e-01,6.371196193276576492e-02,9.509179630946205941e-02,4.169805161780415492e-02,2.123496891404522413e-01,1.394899915163765741e-03,-1.247960656225930443e-01,4.025944173442126406e+00,7.149655591846748592e-01,2.553739353359985031e+00,3.006461424404924809e-01,-1.428870233779852006e+00,-2.415204598291705862e-01,-2.091661795606109542e-01,-6.216393887824178677e-01,4.671722246125728617e+00,-3.575827746377486238e-01,-2.415651309638827016e+00,5.177009169033378738e-02,-8.706175009432746137e-01,-7.193822916168954828e-17,4.105705934271153268e+00,5.450399767243169435e+00,2.291248375031698536e+00,-2.073307115580530269e+00,-1.164750452949065984e+00,-1.110743060857281472e+00,-3.339622451832040539e-01
1.479999999999999927e-01,-5.138071873547436219e-01,7.654744835388449520e-01,-9.585695154772231774e+00,-9.397222995364931108e+00,-5.138071873547436219e-01,2.040515317403291728e+00,6.738816241245849659e-01,4.670819405533888968e+00,7.858893547266476709e-01,7.882843842074305218e-01,7.157381833292239537e-02,1.069021951546381410e-01,4.673528163366334059e-02,2.386530732182045311e-01,1.595277882153183164e-03,-1.402506652637695028e-01,4.031770943324473500e+00,7.068642773164821591e-01,2.546826048712086177e+00,3.406780603280717412e-01,-1.429391806498563344e+00,-2.405985902025861434e-01,-2.025408063775117895e-01,-6.311431470646127195e-01,4.686731131426113528e+00,-3.674196201915498339e-01,-2.423824807123582392e+00,5.292933726083454138e-02,-8.734476285938164164e-01,0.000000000000000000e+00,4.188912180467291080e+00,5.465169227075517888e+00,2.286308623675174623e+00,-2.036411465161847012e+00,-1.137809396019524133e+00,-1.112450940914249564e+00,-3.427914716412813201e-01
1.489999999999999936e-01,-5.160854901085082380e-01,8.152182071254775453e-01,-9.545082733473872594e+00,-9.349137373046243482e+00,-5.160854901085082380e-01,2.089692679319122615e+00,6.321098236866603548e-01,4.649112784989410940e+00,8.045115597000216390e-01,8.789764619409825563e-01,7.979359172419540902e-02,1.192107338027022928e-01,5.206417886831617853e-02,2.661091398777726269e-01,1.789123426732285678e-03,-1.563845552490081281e-01,3.929773017202342622e+00,7.071452244090001837e-01,2.439486979503146635e+00,3.254228011000360743e-01,-1.413180406526435062e+00,-2.416710411645238421e-01,-2.030551468395874470e-01,-6.316627677057271573e-01,4.670847816316388901e+00,-3.692597939906110405e-01,-2.415766871583392650e+00,5.310436822777179350e-02,-8.704998168897174482e-01,-3.371156100102479884e-17,4.177086711437597799e+00,5.457786632449584729e+00,2.189437919315238013e+00,-2.038279891615040196e+00,-1.093966898420890566e+00,-1.110381734627509109e+00,-3.594397020885956029e-01
1.499999999999999944e-01,-5.203013679077161946e-01,8.554826118015699254e-01,-9.500906764724099673e+00,-9.297001437766319043e+00,-5.203013679077161946e-01,2.136549582211001663e+00,5.907619327042697988e-01,4.625971898029424878e+00,8.187205077420607324e-01,9.336736353900918495e-01,8.472945171416225441e-02,1.266573952085807420e-01,5.516156196555003360e-02,2.826663630125418880e-01,1.931091833504171296e-03,-1.661106754458943902e-01,4.056650731848661984e+00,7.372158859782865781e-01,2.544166919141587879e+00,3.060576156688477045e-01,-1.432415079080380238e+00,-2.460172317057339464e-01,-1.866872961077263304e-01,-6.368529268845020130e-01,4.661351036715907448e+00,-3.760089794523245876e-01,-2.411248123715954872e+00,5.384746600015394291e-02,-8.687684072055243956e-01,-1.073376649264461765e-16,4.353471440354251598e+00,5.483296374408356044e+00,2.294815334897843950e+00,-2.050028946081556835e+00,-1.095901250067684352e+00,-1.112854547077753997e+00,-3.527979715536208039e-01
1.509999999999999953e-01,-5.282127913649323769e-01,8.987576851842958847e-01,-9.460128653240817087e+00,-9.247856009017670686e+00,-5.282127913649323769e-01,2.186082969381877295e+00,5.476915384494203121e-01,4.603567267697700416e+00,8.343132986404251383e-01,1.008866138343229135e+00,9.152634624098583693e-02,1.368877497714194591e-01,5.945933403926589866e-02,3.054277639670194278e-01,2.117660660044617862e-03,-1.794823783546242169e-01,4.093843157850187708e+00,7.407515704941134427e-01,2.565326964102805363e+00,3.259638662318138924e-01,-1.440173667265986612e+00,-2.470363390840416284e-01,-1.802842521118117325e-01,-6.442188254510297085e-01,4.670119087690990156e+00,-3.838470885028474333e-01,-2.416145277320538298e+00,5.475852312331462579e-02,-8.704373951069753756e-01,0.000000000000000000e+00,4.458490470742386691e+00,5.502397004426089921e+00,2.318367625371377194e+00,-2.030722077049458285e+00,-1.079987380175652767e+00,-1.115356073530972436e+00,-3.597666304664359771e-01
1.519999999999999962e-01,-5.393580523332657251e-01,9.505846393442282105e-01,-9.421909278917940611e+00,-9.199390366331083868e+00,-5.393580523332657251e-01,2.246597984636333756e+00,5.024232398667597410e-01,4.581847434881961334e+00,8.539445301899849516e-01,1.044859485974579894e+00,9.476095917299423577e-02,1.418057058864465036e-01,6.140755201070164510e-02,3.163196670624078832e-01,2.230296677017515501e-03,-1.858778997095551777e-01,4.055571449606543588e+00,7.512623369129030060e-01,2.514258200491545470e+00,3.151435873447373526e-01,-1.431450842582761229e+00,-2.512641298610818197e-01,-1.714855678566279962e-01,-6.495992528880055739e-01,4.656141637848040915e+00,-3.911354432743488485e-01,-2.409350383502259607e+00,5.555501698332320631e-02,-8.678740227231365179e-01,-7.517512842339335297e-17,4.450831682693118019e+00,5.502164933933938684e+00,2.264928463103642819e+00,-2.032799244146820783e+00,-1.059576158537030022e+00,-1.116907855907200764e+00,-3.573634675661832572e-01
1.529999999999999971e-01,-5.522463281813114744e-01,1.003185437875789177e+00,-9.384638876107860739e+00,-9.151509909796372355e+00,-5.522463281813114744e-01,2.308179851878922495e+00,4.586233216841606453e-01,4.560329109653279644e+00,8.741893063040893086e-01,1.057554611105017361e+00,9.589083688689492568e-02,1.435721687635956589e-01,6.197000518575628003e-02,3.201608679078229436e-01,2.296900261230999662e-03,-1.881297793083966385e-01,4.077681849134570768e+00,7.460736124225990640e-01,2.523896809301140021e+00,3.551022961115951060e-01,-1.429746313858101026e+00,-2.518649212718651609e-01,-1.579649776921078774e-01,-6.594970446215060456e-01,4.673347303491709681e+00,-4.012062861586260243e-01,-2.418683654542753914e+00,5.673935401354309599e-02,-8.711276488662562656e-01,3.370918187473551232e-17,4.475739415618082084e+00,5.515311752801203227e+00,2.266262691906109961e+00,-2.001611353245402292e+00,-1.052846091936735062e+00,-1.120695669876890399e+00,-3.460947570005045160e-01
1.539999999999999980e-01,-5.654804300738854872e-01,1.046670087791670145e+00,-9.345625862022458819e+00,-9.105428140650829505e+00,-5.654804300738854872e-01,2.351046448078993656e+00,4.207852556302311697e-01,4.537695986642389379e+00,8.906252989659655395e-01,1.128406973880351272e+00,1.023011993311689349e-01,1.532055157354322017e-01,6.605631043263923696e-02,3.416094710887156993e-01,2.464853672315706068e-03,-2.007313167021506362e-01,3.950543578053314242e+00,7.421407772097659006e-01,2.391806745220013131e+00,3.445398990006218187e-01,-1.409400966182923876e+00,-2.535212906090920093e-01,-1.593177611386763226e-01,-6.603120767619991005e-01,4.659943365063164755e+00,-4.031813939757017962e-01,-2.411907119130622945e+00,5.693417339026952267e-02,-8.686455875377823155e-01,0.000000000000000000e+00,4.418638475171666080e+00,5.504385341604099757e+00,2.141830866979743675e+00,-2.001310909697362028e+00,-1.010857321703938716e+00,-1.119702024474558577e+00,-3.600490778408269588e-01
1.549999999999999989e-01,-5.776191532121229821e-01,1.076022754876477583e+00,-9.298929965665648112e+00,-9.051712569316418211e+00,-5.776191532121229821e-01,2.386299025236704896e+00,3.893939076554386314e-01,4.512550308342188288e+00,9.009295056497391707e-01,1.210629713619217895e+00,1.097370679433633256e-01,1.644151327313547184e-01,7.067101036200498787e-02,3.664965677068328653e-01,2.687017097550156199e-03,-2.153492551919814757e-01,4.034469904372544491e+00,7.390014561121379666e-01,2.462640329365102687e+00,3.881025402826761006e-01,-1.423007234596267656e+00,-2.519061377421951131e-01,-1.510122875739472459e-01,-6.710383941037096900e-01,4.688888065870417954e+00,-4.133101909476611380e-01,-2.427250919444415178e+00,5.814697246859361346e-02,-8.740817247871516260e-01,-7.765785905146737806e-17,4.574061223888052474e+00,5.537626589925919163e+00,2.213745271148796157e+00,-1.968477368799734339e+00,-9.983636944208411634e-01,-1.123300845431796535e+00,-3.663615427659288049e-01
1.559999999999999998e-01,-5.901194518833716707e-01,1.099984853035739452e+00,-9.242570805829130265e+00,-8.989256444483952890e+00,-5.901194518833716707e-01,2.414197662366674990e+00,3.632007540539801127e-01,4.483447481587841565e+00,9.091369860431983696e-01,1.192172727080392347e+00,1.080521639866242473e-01,1.619521335924943017e-01,6.941172689107212579e-02,3.609085493937635447e-01,2.685264311792309993e-03,-2.120606337990976198e-01,4.035969276034972353e+00,7.620111040789718793e-01,2.454616462511487018e+00,3.517519201492197434e-01,-1.419058711897304148e+00,-2.571579717259450670e-01,-1.402652602269204851e-01,-6.743150757326118461e-01,4.667464072077671666e+00,-4.186960143629381292e-01,-2.416555421931953163e+00,5.870388420800173174e-02,-8.701399127138984557e-01,3.365520022075658854e-17,4.553826927382752743e+00,5.537527340143267196e+00,2.197872581741043163e+00,-1.995391774891661418e+00,-9.994462782955388924e-01,-1.124612620128051299e+00,-3.523258940260181049e-01
1.570000000000000007e-01,-6.045472540602927491e-01,1.125663376076737610e+00,-9.174327549642898205e+00,-8.914346876824710719e+00,-6.045472540602927491e-01,2.443322284108798037e+00,3.411558707787731848e-01,4.449290199605433926e+00,9.185474867532472665e-01,1.259985772152485417e+00,1.141904111426542412e-01,1.712274102175856128e-01,7.314337387004266056e-02,3.814384682411117167e-01,2.884764165237453659e-03,-2.241172462560055700e-01,4.035522800096036811e+00,7.438771454304469177e-01,2.448607981512582743e+00,4.111003905013072002e-01,-1.418611135569525672e+00,-2.559804191458296962e-01,-1.375708412707574158e-01,-6.857949135934323648e-01,4.697568235201831754e+00,-4.295600217785975894e-01,-2.432527239419518317e+00,6.000416762536205789e-02,-8.758031445426566197e-01,4.549920448380812828e-17,4.609713658655089752e+00,5.555635791774932386e+00,2.190275369951570905e+00,-1.948283475048168567e+00,-9.771684997030519737e-01,-1.128898799523248897e+00,-3.616880875267629580e-01
1.580000000000000016e-01,-6.190358091975473043e-01,1.151703976976631072e+00,-9.092199873064023663e+00,-8.825236688588953271e+00,-6.190358091975473043e-01,2.471784370189425317e+00,3.242954041505630158e-01,4.409674280686163073e+00,9.285973962879540133e-01,1.258602286137854964e+00,1.140560010527674056e-01,1.710912407605841012e-01,7.283562014637237625e-02,3.810148736672905323e-01,2.930368435489003401e-03,-2.238617011365174048e-01,4.025572977856074708e+00,7.510109999979023288e-01,2.415908598036847987e+00,4.210500649446847765e-01,-1.419303789707753394e+00,-2.594761218110877010e-01,-1.298563220226163495e-01,-6.933413529299863320e-01,4.695919899943512554e+00,-4.383216993353938329e-01,-2.432133518778817116e+00,6.099317414089210077e-02,-8.755545065046888009e-01,-3.384979305400001447e-17,4.590833911063943340e+00,5.560986900994182136e+00,2.148678139462038228e+00,-1.938247833687759769e+00,-9.772957418995709133e-01,-1.132100259880287396e+00,-3.537180231591338098e-01
1.590000000000000024e-01,-6.317066194123276412e-01,1.176128901583777475e+00,-9.001585449744787581e+00,-8.730646092147040349e+00,-6.317066194123276412e-01,2.487496455449805133e+00,3.137450208706564769e-01,4.366770277464637751e+00,9.383376497217998935e-01,1.277862862796161014e+00,1.157978422657238438e-01,1.737275983229815968e-01,7.387262643265657402e-02,3.868434366360593013e-01,2.991820675180886530e-03,-2.272839306725109310e-01,4.023826173655995930e+00,7.453218669206886915e-01,2.414582213180641812e+00,4.361185904811602509e-01,-1.416284900225275756e+00,-2.575088662443764109e-01,-1.266298148114166633e-01,-6.980537740551910897e-01,4.710137142591441339e+00,-4.426409525115184707e-01,-2.439646355170238756e+00,6.151671414206000971e-02,-8.782239168283952901e-01,-8.078631494835927941e-17,4.603635262396965189e+00,5.571256851777853569e+00,2.145668858992105132e+00,-1.929655138256421765e+00,-9.679247494471563407e-01,-1.132740962397590812e+00,-3.539137454839276775e-01
1.600000000000000033e-01,-6.417171052346847260e-01,1.197277091857675391e+00,-8.907742772008750975e+00,-8.631126402481443805e+00,-6.417171052346847260e-01,2.506992371617646320e+00,3.080922176709911531e-01,4.323793790642562307e+00,9.470816865483662195e-01,1.242666580747320504e+00,1.126210631597616835e-01,1.690000034109951366e-01,7.163204006745177432e-02,3.761904660165090175e-01,2.953925383774848312e-03,-2.210190690056582086e-01,4.022996876905758690e+00,7.523130127157540148e-01,2.406647546310409780e+00,4.388017882570510730e-01,-1.415972857802819451e+00,-2.621523709400649937e-01,-1.228216380920683221e-01,-7.040407058822015784e-01,4.704865007549273948e+00,-4.498398058612098072e-01,-2.437326136303379354e+00,6.231458446358555808e-02,-8.773051786672455554e-01,8.147956663508036670e-17,4.561622751770877393e+00,5.569799083424789465e+00,2.125807743860195220e+00,-1.926892307978876673e+00,-9.774678073227249797e-01,-1.136503624223535569e+00,-3.438407070977264612e-01
1.610000000000000042e-01,-6.499871196470228263e-01,1.215847266620915246e+00,-8.815932494140717779e+00,-8.534198637465994608e+00,-6.499871196470228263e-01,2.523173385494802190e+00,3.075973372475527268e-01,4.282435790811480736e+00,9.552242562092208011e-01,1.205900494979131210e+00,1.092971406896421915e-01,1.640488325911262923e-01,6.932616654111954657e-02,3.650597113771606450e-01,2.906711640170468042e-03,-2.144741642383363456e-01,4.051075671445355297e+00,7.648696691801875058e-01,2.411259644054545959e+00,4.405148770855421558e-01,-1.423166468643225713e+00,-2.644517194838077456e-01,-1.141728213012935256e-01,-7.101015429221904096e-01,4.703071729960955238e+00,-4.568733403943598392e-01,-2.436779441906132160e+00,6.310255319251623085e-02,-8.770295382799377926e-01,-4.829154972006032267e-17,4.546874623502295876e+00,5.577238539830784880e+00,2.118435136251312301e+00,-1.926938398279470332e+00,-9.950042040735488369e-01,-1.138574546123575226e+00,-3.286469855396298989e-01
1.620000000000000051e-01,-6.570398494855080873e-01,1.235022966214784912e+00,-8.731718874853195089e+00,-8.444222133490960402e+00,-6.570398494855080873e-01,2.542303836445766851e+00,3.106519574401176986e-01,4.245082893836632287e+00,9.642509820396383269e-01,1.198370434536669249e+00,1.086298432050551432e-01,1.630771056475020520e-01,6.868348792219076959e-02,3.627778962783447247e-01,2.933654551158722344e-03,-2.131274991456004742e-01,4.076168821566374945e+00,7.802426809465572433e-01,2.417068970593829746e+00,4.342673948972525233e-01,-1.427738133310209268e+00,-2.676828055874875822e-01,-1.046517667393429690e-01,-7.161911663591159494e-01,4.696154154336096731e+00,-4.643060078367858834e-01,-2.433632341519317510e+00,6.392224359896274410e-02,-8.758076492495543430e-01,-8.288662155218907647e-17,4.558348089743928355e+00,5.585026678487708729e+00,2.115840068404545971e+00,-1.930681458699874398e+00,-1.001037993432901674e+00,-1.140556800285883243e+00,-3.177792658849435403e-01
1.630000000000000060e-01,-6.629085168055550703e-01,1.253660800781699169e+00,-8.663417860297425221e+00,-8.369623832705574529e+00,-6.629085168055550703e-01,2.564346178764460582e+00,3.166889149222787969e-01,4.215158649535856838e+00,9.736106477904766798e-01,1.174921829860836819e+00,1.065103159872671235e-01,1.599348034952234598e-01,6.712591348103638667e-02,3.556762906549361114e-01,2.922132231051225923e-03,-2.089492024944965276e-01,4.030307778050073786e+00,8.012797760691469096e-01,2.332990205603123979e+00,4.123466355794778715e-01,-1.427430919679506527e+00,-2.741533665689271926e-01,-9.660866828086507596e-02,-7.196420231243544352e-01,4.667595478239737083e+00,-4.703715089763849111e-01,-2.419332301299995436e+00,6.454054689115693022e-02,-8.705584205585571445e-01,8.328631069771894078e-17,4.485587584786555837e+00,5.575385570296150561e+00,2.022553500121962333e+00,-1.939859752239481150e+00,-1.007214082133413680e+00,-1.141789654896433026e+00,-3.055578707753615064e-01
1.640000000000000069e-01,-6.675695337278925168e-01,1.262037520437034210e+00,-8.615555705733441982e+00,-8.319589867089339563e+00,-6.675695337278925168e-01,2.570012308338490037e+00,3.280661639521528228e-01,4.194025825646208183e+00,9.787435542418490009e-01,1.138610465700613084e+00,1.032200713088238242e-01,1.550098229196575639e-01,6.498264094317963979e-02,3.446830556094558351e-01,2.846581487233405035e-03,-2.024890075489811647e-01,3.964774047443317961e+00,7.947801039274469126e-01,2.259710456956298685e+00,4.187501248239504648e-01,-1.418981624352128268e+00,-2.731648494586836340e-01,-9.773930771308493581e-02,-7.222572579504447088e-01,4.667362646201142162e+00,-4.733661664883237474e-01,-2.419371496474884697e+00,6.487986257743366680e-02,-8.705390495120449712e-01,-8.358919650393236824e-17,4.381127255193486114e+00,5.565362821437412677e+00,1.941354113387632419e+00,-1.935638730707754496e+00,-1.009418706165238877e+00,-1.140857317483495281e+00,-3.002283152620661699e-01
1.650000000000000078e-01,-6.696533214050961469e-01,1.261576702039401976e+00,-8.579205785286147190e+00,-8.280099068905276027e+00,-6.696533214050961469e-01,2.575714869804089258e+00,3.424273889524358516e-01,4.178959766728657321e+00,9.801577679127444487e-01,1.181260712036240612e+00,1.071003907231921626e-01,1.608725705517771443e-01,6.722023198626218832e-02,3.575959756874468320e-01,2.995660956440304810e-03,-2.100692263335434129e-01,4.090533822921784690e+00,8.092934455140041727e-01,2.353822893436035901e+00,4.494310769173076592e-01,-1.443492363093706876e+00,-2.764739545391833864e-01,-8.456173163670900605e-02,-7.308237510425832362e-01,4.679709961499709081e+00,-4.821837335701217309e-01,-2.426162072547730642e+00,6.590195782935075186e-02,-8.729117042657134062e-01,0.000000000000000000e+00,4.540970783915442510e+00,5.596103797736906138e+00,2.032511730417691176e+00,-1.909510763644160614e+00,-1.019994429576909223e+00,-1.146389997848456410e+00,-2.946309579702524051e-01
1.660000000000000087e-01,-6.684572932184282834e-01,1.262821930773327939e+00,-8.550388587013337371e+00,-8.247005165886294620e+00,-6.684572932184282834e-01,2.586652278837415775e+00,3.569443147812562667e-01,4.168115548462540509e+00,9.825412228400391967e-01,1.084522991025280936e+00,9.833788623409722707e-02,1.477480209114622467e-01,6.152230148559147821e-02,3.283114507425228257e-01,2.791956612021492899e-03,-1.928605507347996295e-01,4.007657043470279845e+00,8.263459294006825218e-01,2.237521482425811392e+00,4.245424245391667961e-01,-1.437993119029342459e+00,-2.830560755989452448e-01,-8.096321618770695172e-02,-7.333905228996938641e-01,4.644867564578939678e+00,-4.876931478418272681e-01,-2.408614514673907969e+00,6.644698326513873154e-02,-8.664976241102116949e-01,-8.487906396401698408e-17,4.358789511595866806e+00,5.569551380213719760e+00,1.897576355495446343e+00,-1.922549788649149827e+00,-1.043234685021680930e+00,-1.146761743097135300e+00,-2.738237669225066506e-01
1.670000000000000095e-01,-6.647291793272274152e-01,1.264219454238114437e+00,-8.534549394901699060e+00,-8.227459027767164201e+00,-6.647291793272274152e-01,2.597248957821268966e+00,3.719566509402653653e-01,4.163468623643545641e+00,9.851305943618660077e-01,1.079655553113285427e+00,9.790479922715208949e-02,1.471285242702932150e-01,6.108166507495248199e-02,3.268390878518476761e-01,2.814950055282244585e-03,-1.919909681562266268e-01,4.047077185477865768e+00,8.550457015335023447e-01,2.242494025764653287e+00,3.982913140203610536e-01,-1.453694685818182064e+00,-2.884275407609927511e-01,-7.529353624796425448e-02,-7.363209523388065669e-01,4.621668998731037092e+00,-4.927483719926600836e-01,-2.397016242434800937e+00,6.696500943832131569e-02,-8.622453411036178350e-01,8.521828840273981286e-17,4.390411786252344406e+00,5.574619499491690888e+00,1.896874178042286641e+00,-1.937643263339487554e+00,-1.059890588528012989e+00,-1.147857931809328269e+00,-2.672845044041908258e-01
1.680000000000000104e-01,-6.595537863603696538e-01,1.264440724050087450e+00,-8.535248154140933963e+00,-8.223780683373398404e+00,-6.595537863603696538e-01,2.611264572803198014e+00,3.869083097020696860e-01,4.166504350359795161e+00,9.872999166663165571e-01,1.060870635194523626e+00,9.621120576728543761e-02,1.446158740967222744e-01,5.983403975163391342e-02,3.211521571376874662e-01,2.805795532753534681e-03,-1.886450624579183721e-01,4.037965136597117422e+00,8.714233510317119791e-01,2.193592804484522318e+00,3.970507677462947194e-01,-1.458912995531528312e+00,-2.934399259302232776e-01,-6.512737718330877112e-02,-7.408975896114001758e-01,4.602153057638686207e+00,-4.993962582757253132e-01,-2.387394747997040323e+00,6.767449829296853792e-02,-8.586908544245369646e-01,3.312834274852323688e-17,4.357938182180241427e+00,5.569787614437683665e+00,1.838812420305519391e+00,-1.930509940499111732e+00,-1.070086340100872446e+00,-1.149324984822006623e+00,-2.537724396412270877e-01
1.690000000000000113e-01,-6.525655642973779980e-01,1.262506238958234217e+00,-8.549299602964985922e+00,-8.236464051044553258e+00,-6.525655642973779980e-01,2.616315279265188920e+00,4.027244833937180801e-01,4.175331877836357286e+00,9.885064201675046736e-01,1.000883782133158650e+00,9.077313974941339514e-02,1.364544013007082113e-01,5.639336456216269972e-02,3.029926761886209685e-01,2.659504124087537155e-03,-1.779765201996388602e-01,3.977044617948592098e+00,8.634518090712876015e-01,2.119887273995364474e+00,4.131818783724386379e-01,-1.453043350703231873e+00,-2.937482741688832166e-01,-6.620185814822437953e-02,-7.428186783473454957e-01,4.597671733632866520e+00,-5.019115138159117029e-01,-2.385237132929002968e+00,6.795116774715521946e-02,-8.578830998492341653e-01,-8.597085757569836584e-17,4.235109721734405142e+00,5.551896682453567600e+00,1.754430161480160955e+00,-1.915661889994401790e+00,-1.082099506767455699e+00,-1.148971869894029885e+00,-2.441783783478633230e-01
1.700000000000000122e-01,-6.406114623079235404e-01,1.251345651505094914e+00,-8.568266275999658177e+00,-8.252869074788803161e+00,-6.406114623079235404e-01,2.621298332957996635e+00,4.198001757327064487e-01,4.187821134685019153e+00,9.854608544382374991e-01,9.939395184031626362e-01,9.015045745719188486e-02,1.355494748983788189e-01,5.584120388696851151e-02,3.008906943709450665e-01,2.675727856904279011e-03,-1.767371851176512410e-01,3.944720748686027179e+00,8.650516551272142696e-01,2.049254817384539962e+00,4.388224141765076358e-01,-1.457266065007120304e+00,-2.968048664436215844e-01,-6.144608372956881365e-02,-7.485527356712103897e-01,4.588403067304950511e+00,-5.091178152618731634e-01,-2.380890384963979312e+00,6.874978864988752492e-02,-8.562361179122718324e-01,0.000000000000000000e+00,4.190107531417979203e+00,5.543605179889356194e+00,1.675686477021045562e+00,-1.886226766900503282e+00,-1.087625581986287671e+00,-1.150365256498989242e+00,-2.381832688472200477e-01
1.710000000000000131e-01,-6.220598181029939333e-01,1.232946410287105277e+00,-8.593539211763863150e+00,-8.277049438806992399e+00,-6.220598181029939333e-01,2.619069610053883501e+00,4.380974433773381360e-01,4.204279913190549500e+00,9.789426134833082438e-01,1.030250698502118034e+00,9.345372164691381767e-02,1.405376588246508296e-01,5.772426921842398889e-02,3.118815035102362465e-01,2.807207880353218641e-03,-1.831884091618068700e-01,3.989389782587891453e+00,8.876286226481435726e-01,2.061347177240758111e+00,4.289117593948605367e-01,-1.470371073758343528e+00,-3.013841998807217926e-01,-5.205267341671533654e-02,-7.517803187628905315e-01,4.567986268624347979e+00,-5.143009708590724482e-01,-2.370730172188814322e+00,6.928916512044806797e-02,-8.525054787599315453e-01,0.000000000000000000e+00,4.267860162327119511e+00,5.549068612919405119e+00,1.687583865206336409e+00,-1.884094143575529845e+00,-1.089200405127659144e+00,-1.151082470760300236e+00,-2.352410825785222204e-01
1.720000000000000140e-01,-5.967688289409054381e-01,1.214390673297342405e+00,-8.629272912748829683e+00,-8.310981118986218164e+00,-5.967688289409054381e-01,2.620436709776988948e+00,4.553360086519214756e-01,4.226503913699380277e+00,9.721244952317412702e-01,9.682567767211783805e-01,8.784386795123791392e-02,1.321265380868869577e-01,5.408779203696219284e-02,2.931171106951501737e-01,2.673548106887071660e-03,-1.721622124164983170e-01,3.949482382815623804e+00,8.879702333647414569e-01,1.993592752541670121e+00,4.502615196746108106e-01,-1.471477447193702659e+00,-3.050572735718744544e-01,-4.999473544716773188e-02,-7.567000456956375354e-01,4.551638033839597419e+00,-5.210826505502743622e-01,-2.362745988206282455e+00,7.002442852170716325e-02,-8.495498752311186896e-01,-8.757962253320594525e-17,4.161039113841164649e+00,5.527452135155576762e+00,1.604636640078282772e+00,-1.858396676494709521e+00,-1.108335907976845336e+00,-1.151933600696106064e+00,-2.221569478636661321e-01
1.730000000000000149e-01,-5.662098386688305673e-01,1.197690315815201689e+00,-8.672676963845251663e+00,-8.352011473774739514e+00,-5.662098386688305673e-01,2.625584154763413558e+00,4.712452351171225740e-01,4.253003481555780674e+00,9.659243283733672802e-01,1.012049146967173741e+00,9.182349348061676075e-02,1.381506282663803598e-01,5.635843381608628133e-02,3.063764947705883146e-01,2.832431726439997403e-03,-1.799451307582856374e-01,3.966220393646933573e+00,9.140320744765947358e-01,1.958338655880855317e+00,4.374038547283986555e-01,-1.486060213544571518e+00,-3.099571109524376089e-01,-4.009454022475396340e-02,-7.591171519286185054e-01,4.518916427521441292e+00,-5.262616581127826931e-01,-2.346283784801862282e+00,7.053970565465327025e-02,-8.435422395804834661e-01,-5.535423018828547348e-17,4.219152388685488475e+00,5.524771995478652720e+00,1.570227626034452761e+00,-1.852521496257377276e+00,-1.109144013119329975e+00,-1.150666918806480865e+00,-2.200396709830396702e-01
1.740000000000000158e-01,-5.332591509236931371e-01,1.186910534454000965e+00,-8.719169485548734500e+00,-8.398149959924445795e+00,-5.332591509236931371e-01,2.627498883947072539e+00,4.853158229188141992e-01,4.280754439429637515e+00,9.621085830899760438e-01,1.009501723997084710e+00,9.159762222980691315e-02,1.378191035405587905e-01,5.615792972894969454e-02,3.056060921731040825e-01,2.837976117765266589e-03,-1.794909759559116524e-01,3.990506582371184052e+00,9.144580525847956221e-01,1.977188287699909619e+00,4.518661329711611829e-01,-1.491279679391681379e+00,-3.108339053141370711e-01,-3.859789335780880459e-02,-7.604871829127590743e-01,4.511656363742829079e+00,-5.283489382666348710e-01,-2.342686628888311695e+00,7.076058995654689598e-02,-8.422208998324145490e-01,-8.801858168286477404e-17,4.239521123455509688e+00,5.517712038557431420e+00,1.586658452973833455e+00,-1.834662566188201005e+00,-1.114912997262030414e+00,-1.150216829028786414e+00,-2.180888693137205403e-01
1.750000000000000167e-01,-4.983048811311007742e-01,1.183078840794213882e+00,-8.764368765943284956e+00,-8.439111874251494783e+00,-4.983048811311007742e-01,2.644848990555908941e+00,4.954900491782177618e-01,4.308815884634634052e+00,9.611117149046646269e-01,1.000057707699795184e+00,9.074957930908240933e-02,1.365702473598624789e-01,5.547456164518679844e-02,3.027478742777506837e-01,2.845499315201488640e-03,-1.778077427827764456e-01,3.928912549768000417e+00,9.195390200409754300e-01,1.877811532146579143e+00,4.569441265738705127e-01,-1.494310188163157083e+00,-3.135200318738681213e-01,-3.958352694516057563e-02,-7.629184200696415008e-01,4.483120047960741594e+00,-5.332225033987590956e-01,-2.328359990610349595e+00,7.125216138623977069e-02,-8.369878450382521873e-01,0.000000000000000000e+00,4.166051837398153879e+00,5.493408647310799253e+00,1.481159276107682610e+00,-1.815941302391292256e+00,-1.120310152499166545e+00,-1.147662377596919026e+00,-2.173912697279370143e-01
1.759999999999999898e-01,-4.625004764712987715e-01,1.181262124906201416e+00,-8.811026884752745758e+00,-8.481561595042997226e+00,-4.625004764712987715e-01,2.663210070772730198e+00,5.036345358857672316e-01,4.337608999711416224e+00,9.607290452574723805e-01,9.991283059204764117e-01,9.068000460451738909e-02,1.364780112941192669e-01,5.527556444199927671e-02,3.024656724156394860e-01,2.874561480941227685e-03,-1.776377604725455917e-01,3.961117384599412095e+00,9.468360331134519914e-01,1.880223810360608372e+00,4.301580862257476379e-01,-1.506219213492714815e+00,-3.188105907902598624e-01,-3.282387704376069776e-02,-7.631551342390110459e-01,4.446512834784136281e+00,-5.361865295354605321e-01,-2.309801521749603292e+00,7.150381408414366313e-02,-8.302420404560431066e-01,-8.832808661166561731e-17,4.197090556280877571e+00,5.484028872502105578e+00,1.480515292119267023e+00,-1.824367871081856274e+00,-1.132249726992931471e+00,-1.146178069765361851e+00,-2.104616375163063657e-01
1.769999999999999907e-01,-4.281022312837268196e-01,1.181754589744618666e+00,-8.862303314866935011e+00,-8.527464075621329798e+00,-4.281022312837268196e-01,2.686879303964284205e+00,5.091449326320410806e-01,4.368198825892902981e+00,9.611913669855697284e-01,1.020096134027931978e+00,9.259864930207781231e-02,1.393928702988624924e-01,5.626546541114005318e-02,3.088174512065313682e-01,2.971754399673565139e-03,-1.813633727306336318e-01,3.952818578598214394e+00,9.618883869319545532e-01,1.840900016318526955e+00,4.253488102777145952e-01,-1.515590943748960751e+00,-3.242440263314830817e-01,-3.228168332845612887e-02,-7.652186094031715458e-01,4.414721359521788457e+00,-5.408615741848175063e-01,-2.293798737592644521e+00,7.196496829778503690e-02,-8.244111329170484836e-01,8.856734324785814660e-17,4.207696103222975381e+00,5.469208395755821073e+00,1.439431312432571941e+00,-1.812184461903789900e+00,-1.134808524244644401e+00,-1.145683404848858000e+00,-2.136450560590896774e-01
1.779999999999999916e-01,-3.965142376952509040e-01,1.184089558063901926e+00,-8.915727510594823713e+00,-8.574877367536405615e+00,-3.965142376952509040e-01,2.713621796862136115e+00,5.121530140783112639e-01,4.399254918868073183e+00,9.623585898676079164e-01,1.044302572480962699e+00,9.481138649335314750e-02,1.427462985594946665e-01,5.742032082973416718e-02,3.161462920706037405e-01,3.081135249268348621e-03,-1.856623230734905927e-01,3.914771679175199193e+00,9.716906673506342518e-01,1.763467378319814927e+00,4.291105701193684285e-01,-1.518946604805260447e+00,-3.279023993416284588e-01,-2.709518164404871310e-02,-7.680040808821716469e-01,4.385544168063439052e+00,-5.461657671761731558e-01,-2.279187667333839151e+00,7.250507385337690014e-02,-8.190726101129016667e-01,8.889019925387513071e-17,4.191070170773990355e+00,5.452046221907425938e+00,1.360047909703136604e+00,-1.792656776384736528e+00,-1.130295238881279696e+00,-1.143893874205261785e+00,-2.127575047175392087e-01
1.789999999999999925e-01,-3.680771587613320683e-01,1.192085697669327926e+00,-8.970209439013032693e+00,-8.625654815770570139e+00,-3.680771587613320683e-01,2.735654343940445266e+00,5.124589555866619905e-01,4.429623068180235990e+00,9.659959105277672320e-01,1.055393780683488991e+00,9.582822709999892774e-02,1.442780994697696051e-01,5.796986821870672019e-02,3.195047414152903387e-01,3.126882167123065052e-03,-1.876329121741457939e-01,4.050172215486986360e+00,9.917348579255218510e-01,1.894096218114860619e+00,4.279191188418662861e-01,-1.542186244052590416e+00,-3.303977058726506044e-01,-2.249456239065138197e-02,-7.696873819259744121e-01,4.381450416497465028e+00,-5.483615357534643575e-01,-2.277230953810141401e+00,7.274468031337474883e-02,-8.183451112864518207e-01,-8.908515509618699959e-17,4.335878614244500717e+00,5.469013501522986154e+00,1.490012781831165922e+00,-1.791341966749568471e+00,-1.149936822323925467e+00,-1.145615934991979445e+00,-2.101274745647972730e-01
1.799999999999999933e-01,-3.412665753236326371e-01,1.211252409785802175e+00,-9.022596009353625490e+00,-8.669304223526761888e+00,-3.412665753236326371e-01,2.778045253079390431e+00,5.069699828664263608e-01,4.459277114871532000e+00,9.745840187004439770e-01,1.090907079780032651e+00,9.907005000677293616e-02,1.491771152716012960e-01,5.974433481695244630e-02,3.302551530904150878e-01,3.269986772541351970e-03,-1.939411320143421269e-01,3.936272683059626409e+00,9.787579873061900138e-01,1.756447307137237512e+00,4.532948309732484082e-01,-1.531620860706964571e+00,-3.314913371531831854e-01,-2.517991478507529413e-02,-7.734879765894954184e-01,4.361651501752707993e+00,-5.541175264128707090e-01,-2.267446295803059453e+00,7.335734416680080028e-02,-8.147497204499627443e-01,0.000000000000000000e+00,4.253691786250163531e+00,5.439479539065670721e+00,1.351506895995967961e+00,-1.754407130012858529e+00,-1.128008363449748863e+00,-1.142971070830604452e+00,-2.191210467994174071e-01
1.809999999999999942e-01,-3.152250634763704706e-01,1.229453311694882700e+00,-9.066905608608600176e+00,-8.705336116866691398e+00,-3.152250634763704706e-01,2.817349082636360524e+00,5.001958047902105298e-01,4.485292157835523597e+00,9.826123509617896712e-01,1.118863091679098032e+00,1.016275851206211861e-01,1.530435934887180993e-01,6.110632141800808464e-02,3.387191155943244936e-01,3.390211405744711012e-03,-1.989067090331392840e-01,3.898107826414163757e+00,9.791873659763066229e-01,1.694123388815090170e+00,4.683256065753806374e-01,-1.532204120720431995e+00,-3.338741116472162540e-01,-2.381472494674410911e-02,-7.770123921169245218e-01,4.343071437301277982e+00,-5.594651372720679250e-01,-2.258265954398088748e+00,7.392659759585565316e-02,-8.113790980211160742e-01,8.993415903917932864e-17,4.239958525976337711e+00,5.423886388398205582e+00,1.287701845031740344e+00,-1.728834026404699964e+00,-1.119558407530251820e+00,-1.141862998262587636e+00,-2.227214339798833098e-01
1.819999999999999951e-01,-2.884020563253821834e-01,1.236845783740990523e+00,-9.096583397587849618e+00,-8.728396630406427548e+00,-2.884020563253821834e-01,2.844768754106120845e+00,4.949206628745447811e-01,4.505298777077994643e+00,9.855712202233664065e-01,1.127467876202545849e+00,1.024362721959517220e-01,1.542743131847570393e-01,6.138469456320715112e-02,3.413259663941630717e-01,3.457615217168292284e-03,-2.004320265179616867e-01,3.905346727197304801e+00,9.712486782523761519e-01,1.671977753463752325e+00,5.183232845831630131e-01,-1.539997120938619624e+00,-3.325614001591717384e-01,-1.892106354387612654e-02,-7.855081710566861330e-01,4.348891189862817086e+00,-5.686271399069359189e-01,-2.261801474555094504e+00,7.498520076200608508e-02,-8.125781018811282230e-01,-3.124048722244319959e-17,4.247306432343163962e+00,5.422576140311145210e+00,1.257624926741573335e+00,-1.682093495408724548e+00,-1.123685953782450619e+00,-1.141681886823131542e+00,-2.193530900618378410e-01
1.829999999999999960e-01,-2.605624821388922152e-01,1.235917102259686651e+00,-9.111539372750655730e+00,-8.738089875350787850e+00,-2.605624821388922152e-01,2.862416139406611215e+00,4.907457181427696824e-01,4.519244389892562275e+00,9.846215020892169489e-01,1.206668718739582369e+00,1.096664573863080222e-01,1.651631970237584512e-01,6.548384735630055631e-02,3.653029941617180198e-01,3.746327877162837841e-03,-2.145056133869420734e-01,3.877978956921519504e+00,9.884412749976083656e-01,1.622281814917311937e+00,4.953732922324556864e-01,-1.543821317215982925e+00,-3.374087322234364250e-01,-1.967241727490785796e-02,-7.869509424559378852e-01,4.313230513049437498e+00,-5.728459893383153201e-01,-2.243837701410374308e+00,7.538555162994027559e-02,-8.060400460258521083e-01,1.220638105049849301e-16,4.297696733205164321e+00,5.411338245433354288e+00,1.214599022602754985e+00,-1.682980561821618037e+00,-1.103132771424324643e+00,-1.139702450372125808e+00,-2.341780306618498064e-01
1.839999999999999969e-01,-2.349908190354922932e-01,1.231074927222892246e+00,-9.121281077865349474e+00,-8.746874620747984608e+00,-2.349908190354922932e-01,2.864524104764375689e+00,4.875745883230529487e-01,4.529862448795030971e+00,9.818529748567550453e-01,1.236149803395380387e+00,1.123599206687709712e-01,1.692163444021969887e-01,6.701144944840828344e-02,3.742286262348755721e-01,3.853449096884692653e-03,-2.197446810588289667e-01,3.931058339740112206e+00,1.009077879644868947e+00,1.676927486874167261e+00,4.661470051835266415e-01,-1.553495549896944938e+00,-3.414802188474505562e-01,-1.987319588258948388e-02,-7.853725975545280402e-01,4.290761158762997241e+00,-5.726962967202624544e-01,-2.232339038039444112e+00,7.531596046124028332e-02,-8.018836330699714576e-01,-9.090304433874879894e-17,4.381835545580964997e+00,5.412198959076636839e+00,1.273447534556101823e+00,-1.699180583407509326e+00,-1.103950963200829083e+00,-1.139510402820537394e+00,-2.396178769414185339e-01
1.849999999999999978e-01,-2.143745730950917250e-01,1.230022679272017250e+00,-9.133261625200024270e+00,-8.754279892380081307e+00,-2.143745730950917250e-01,2.879584565826243558e+00,4.814197307347420907e-01,4.540908441865384226e+00,9.807939252308613964e-01,1.263050671478523901e+00,1.148449889561980880e-01,1.729498951734610712e-01,6.826162004645304482e-02,3.823717242039145203e-01,3.982050629552724187e-03,-2.245202807584038285e-01,3.954056034685069942e+00,1.032315896281432277e+00,1.674843684425794121e+00,4.439118854093362931e-01,-1.560863549693109809e+00,-3.454288966013412399e-01,-1.166432497087267761e-02,-7.872811651306782510e-01,4.263924358164572936e+00,-5.767846706527723910e-01,-2.218883034248507080e+00,7.571609277325253018e-02,-7.969821469898312749e-01,0.000000000000000000e+00,4.429825541032915481e+00,5.411085243402203204e+00,1.271008908946482885e+00,-1.706709528792717867e+00,-1.102775732715942869e+00,-1.138428992961619812e+00,-2.361846057292765200e-01
1.859999999999999987e-01,-2.005948540324695162e-01,1.235924387020002957e+00,-9.148073548998064908e+00,-8.762602145561334765e+00,-2.005948540324695162e-01,2.903715273044646494e+00,4.720568479000739059e-01,4.551799606159083744e+00,9.829108365965002481e-01,1.315562698560545307e+00,1.196627897400991541e-01,1.801976268833976047e-01,7.086518634909001746e-02,3.982657683486711120e-01,4.197868615596339961e-03,-2.338460793271747717e-01,3.937668206266609516e+00,1.038794145348288067e+00,1.627554176182829604e+00,4.528239320146345559e-01,-1.567007155469565260e+00,-3.467638389556640388e-01,-9.141869227951487931e-03,-7.926170343677580998e-01,4.251535072416797512e+00,-5.836863095711204430e-01,-2.212985770785467654e+00,7.647318983971340689e-02,-7.947882454673347308e-01,0.000000000000000000e+00,4.460613870459396502e+00,5.409992007505184830e+00,1.224065493495106738e+00,-1.689296652421742984e+00,-1.092268197281180520e+00,-1.137354215807402369e+00,-2.429879485551262597e-01
1.869999999999999996e-01,-1.925756043506632875e-01,1.245172304001826102e+00,-9.162602038134462390e+00,-8.770500351391776306e+00,-1.925756043506632875e-01,2.929514253611979591e+00,4.607524549663989943e-01,4.561202127690644481e+00,9.865070137919811355e-01,1.396469419470613982e+00,1.270679293246791686e-01,1.913324051198796172e-01,7.499964202963002591e-02,4.227562664902903000e-01,4.504020082813340459e-03,-2.482194273700030207e-01,3.933068256667659135e+00,1.048173442857124993e+00,1.606107151522090160e+00,4.513601344430918649e-01,-1.570100141890696799e+00,-3.497958202736133337e-01,-6.204780138183249583e-03,-7.968031271037731011e-01,4.237411898289476397e+00,-5.894098505653699860e-01,-2.206139330821426103e+00,7.709181480402826914e-02,-7.922621557639015766e-01,-9.222694708162864609e-17,4.532734549034500127e+00,5.412653270471280642e+00,1.208029706076599874e+00,-1.679779554348704185e+00,-1.070252060596378119e+00,-1.137553955954701657e+00,-2.544242075081863397e-01
1.880000000000000004e-01,-1.885527611443618967e-01,1.255942645959947201e+00,-9.177946646204670600e+00,-8.778380406641220546e+00,-1.885527611443618967e-01,2.958400582547600077e+00,4.477084863748364008e-01,4.569955419807370411e+00,9.906847974893182585e-01,1.426654600836240627e+00,1.298670332469394617e-01,1.955245639805571478e-01,7.637249398872471284e-02,4.318912378929058438e-01,4.654624066148144688e-03,-2.535757654189318977e-01,3.951886139206565396e+00,1.069992486569723233e+00,1.590989617138095058e+00,4.406602379898613142e-01,-1.581098374718560740e+00,-3.554518145388385064e-01,3.397291139548980210e-04,-8.001213871566992264e-01,4.215361539305018113e+00,-5.947266454530013569e-01,-2.195224343637175668e+00,7.764651892322252391e-02,-7.882679766242877140e-01,6.236075947031678421e-17,4.578419352886106353e+00,5.415221059121680725e+00,1.191787535665650877e+00,-1.678191611658589544e+00,-1.071560617902432400e+00,-1.139065167096978026e+00,-2.532360363049769303e-01
1.890000000000000013e-01,-1.888697879495629117e-01,1.267306999859763472e+00,-9.198998321861518335e+00,-8.795147680137061386e+00,-1.888697879495629117e-01,2.978760554674415140e+00,4.341336587913150469e-01,4.579385365895924487e+00,9.950806344361287081e-01,1.468095375447208140e+00,1.336578763224500199e-01,2.012241270107893998e-01,7.850512332292296225e-02,4.444361145485991038e-01,4.808261674604586040e-03,-2.609387551354001578e-01,3.929782571363167776e+00,1.084830151981927449e+00,1.570370178122110438e+00,4.035968141954840438e-01,-1.579394034161467841e+00,-3.604379865127393945e-01,-2.980570553725386818e-03,-7.976274722269730555e-01,4.188981785643752787e+00,-5.938259482737883177e-01,-2.181681009332840482e+00,7.748250671412815205e-02,-7.833796418751333146e-01,0.000000000000000000e+00,4.600250474583402749e+00,5.407469813948130088e+00,1.177768356859111520e+00,-1.699579071814433462e+00,-1.057475412898740696e+00,-1.139009366713268134e+00,-2.639193256891255723e-01
1.900000000000000022e-01,-1.937031927432248946e-01,1.279645331584850609e+00,-9.225802140274007357e+00,-8.814274954487537173e+00,-1.937031927432248946e-01,3.010228285832339701e+00,4.180896470887351946e-01,4.590517386449671555e+00,9.997915435983585342e-01,1.535817018905401010e+00,1.398952480309282875e-01,2.105595042276510731e-01,8.186115098578269911e-02,4.649264741141321822e-01,5.086531258121020256e-03,-2.729612024094118516e-01,3.974749492946988205e+00,1.100979742129688299e+00,1.601544209830656706e+00,3.932553245399088016e-01,-1.589467815723300648e+00,-3.601130651390999082e-01,1.352356355639822150e-03,-8.044422498043679592e-01,4.188849408629247151e+00,-6.014602651331297789e-01,-2.182129021807087899e+00,7.834532680823923234e-02,-7.834740381398871412e-01,0.000000000000000000e+00,4.706124262048021478e+00,5.429724398789863571e+00,1.210643448925178056e+00,-1.707012546281396315e+00,-1.046196014800929275e+00,-1.138500572020866075e+00,-2.716088460537720017e-01
1.910000000000000031e-01,-2.023393028775505864e-01,1.296723447664178464e+00,-9.254115972895053943e+00,-8.834164623517892778e+00,-2.023393028775505864e-01,3.045929996585346800e+00,4.001463025178623734e-01,4.600993323193192985e+00,1.006566547195940409e+00,1.580830286513333238e+00,1.440633500383203813e-01,2.167857881238408335e-01,8.401056337126178164e-02,4.785454047254543153e-01,5.288930273203752870e-03,-2.809495076958312687e-01,3.969157948184987017e+00,1.089209970297698060e+00,1.576343199402950868e+00,4.436425965219032985e-01,-1.592771140782509587e+00,-3.595308532935257428e-01,4.419009593142897430e-03,-8.142757958729308632e-01,4.206224368280780723e+00,-6.112257685689312936e-01,-2.191660484839269785e+00,7.949513393520524218e-02,-7.868370398589404902e-01,0.000000000000000000e+00,4.735712438825389725e+00,5.439497688616799387e+00,1.181903218957860435e+00,-1.664007324946104704e+00,-1.034730602121850085e+00,-1.141078962879262582e+00,-2.765304981026883713e-01
1.920000000000000040e-01,-2.105020763261792882e-01,1.317621206530024347e+00,-9.272043309381079013e+00,-8.842253295233861721e+00,-2.105020763261792882e-01,3.085687838693665697e+00,3.810400158874993615e-01,4.606703460578667197e+00,1.014922636466514483e+00,1.649873729456537985e+00,1.504351749840845687e-01,2.263262227782787683e-01,8.738031600293630352e-02,4.994398183702163374e-01,5.583979868651543256e-03,-2.932075804516246498e-01,3.930231846707016086e+00,1.079178273457219950e+00,1.517924197933015362e+00,4.779060184873867856e-01,-1.591739147137002819e+00,-3.585596066743007571e-01,5.128904726285299365e-03,-8.233917860066420902e-01,4.214114700868823782e+00,-6.208655457914137310e-01,-2.196332956172348361e+00,8.060916332085436842e-02,-7.884476990158183485e-01,-3.022308640358583180e-17,4.756713790156911870e+00,5.443728149310128828e+00,1.123384874919880483e+00,-1.631046621682025410e+00,-1.011690165445932266e+00,-1.141423325821467660e+00,-2.880786757253394059e-01
1.930000000000000049e-01,-2.161069452508380673e-01,1.335416080682298112e+00,-9.274692705272453708e+00,-8.835496999839467236e+00,-2.161069452508380673e-01,3.120457282451841508e+00,3.631464529609076952e-01,4.605907928556898234e+00,1.021725964180706825e+00,1.717021992891379467e+00,1.566479703307532001e-01,2.355992074637780487e-01,9.061070215645668224e-02,5.197537008041537288e-01,5.880634860676736513e-03,-3.051235865924043500e-01,3.907674808362144869e+00,1.097673268291186055e+00,1.467072323189443361e+00,4.577237516555302532e-01,-1.593930330406359230e+00,-3.633692280803715313e-01,1.064944469258807813e-02,-8.265441985638396494e-01,4.189192556266918999e+00,-6.261667580509916453e-01,-2.183972541930100597e+00,8.115303979240956478e-02,-7.839316757368171018e-01,6.563405644452576815e-17,4.798152602689684798e+00,5.443513794888858115e+00,1.076504772602229654e+00,-1.635638088118113620e+00,-9.930235898097958813e-01,-1.141420268956511830e+00,-2.944741418998161886e-01
1.940000000000000058e-01,-2.207307836059903550e-01,1.345177756760103982e+00,-9.271782969587938794e+00,-8.828744529272729125e+00,-2.207307836059903550e-01,3.135080966938485147e+00,3.487522646936386250e-01,4.601821800127044781e+00,1.024841872320985114e+00,1.762442725415446221e+00,1.608217478887742358e-01,2.418537731958102233e-01,9.289682167361215659e-02,5.334990065654924285e-01,6.059821172320319430e-03,-3.131895382981991216e-01,3.889538843883173058e+00,1.107799223207142081e+00,1.444191528656466161e+00,4.342157198717039313e-01,-1.593443355717308663e+00,-3.657109960030312523e-01,9.447746646825128103e-03,-8.262311269820566961e-01,4.174042073409668596e+00,-6.268964471813708306e-01,-2.176284049860677250e+00,8.120043548009735213e-02,-7.811460411503493573e-01,0.000000000000000000e+00,4.825750442316562250e+00,5.442663044505585468e+00,1.059148854670905582e+00,-1.649171508315361079e+00,-9.787439136717189792e-01,-1.140797215981060209e+00,-3.037417916513739935e-01
1.950000000000000067e-01,-2.249103022516334982e-01,1.345060770502799485e+00,-9.265906657297447779e+00,-8.817680878441695569e+00,-2.249103022516334982e-01,3.148764612361247384e+00,3.361723451235902327e-01,4.596570806286216282e+00,1.023373366667986506e+00,1.841164990180932826e+00,1.681060057439931199e-01,2.527348672395404172e-01,9.671774729431961704e-02,5.573193266978624383e-01,6.400613648993216248e-03,-3.271634540153646742e-01,3.846132327768718717e+00,1.099712179962939462e+00,1.387645715634854060e+00,4.564086818929273814e-01,-1.590349205729833848e+00,-3.648147058678169463e-01,8.869503596618991126e-03,-8.340521842035015787e-01,4.177503306387987614e+00,-6.353797735046131656e-01,-2.178622862365903412e+00,8.216855956091603796e-02,-7.819273859302887653e-01,-1.264879934057824932e-16,4.853245133746149520e+00,5.445321492094920224e+00,1.005000809369781312e+00,-1.625496433178656330e+00,-9.508613194710553440e-01,-1.140341478149112575e+00,-3.182939504187458080e-01
1.960000000000000075e-01,-2.288258932151492897e-01,1.336315274026639965e+00,-9.251505705934485846e+00,-8.800451288971384400e+00,-2.288258932151492897e-01,3.150897245068003727e+00,3.267745795304771161e-01,4.587332306753874711e+00,1.017980072200989294e+00,1.911449553347649877e+00,1.746314085493472779e-01,2.624595837546003230e-01,1.000940595581496506e-01,5.785889815417750714e-01,6.712548460369802648e-03,-3.396400718060308965e-01,3.854469459985114810e+00,1.104116753347513136e+00,1.384710630783737129e+00,4.695753276399918241e-01,-1.592850859501416139e+00,-3.680633071189920447e-01,1.293589040570483628e-02,-8.402383255951070273e-01,4.176030481676944461e+00,-6.423702213982778186e-01,-2.178349879252266419e+00,8.295414282738168554e-02,-7.817806171484431577e-01,9.725845478658978848e-17,4.925680687737657770e+00,5.454778643573805041e+00,1.004799993140059744e+00,-1.608680492054124889e+00,-9.313077351322593955e-01,-1.143131375807065364e+00,-3.267041814003259770e-01
1.970000000000000084e-01,-2.306153200944999759e-01,1.325176428314987831e+00,-9.228401384052203227e+00,-8.774436676176780026e+00,-2.306153200944999759e-01,3.150991222949071524e+00,3.189986460033717441e-01,4.574602545372192353e+00,1.011502998732082270e+00,1.938414093267259108e+00,1.772175447252868075e-01,2.662298875974760670e-01,1.011397067682292122e-01,5.867333086890321736e-01,6.885051325635127908e-03,-3.444098246162080601e-01,3.870864645955202299e+00,1.111041571281192963e+00,1.373199371465567031e+00,4.882123852349942172e-01,-1.600159756731763139e+00,-3.697413428345028286e-01,2.047713690564814670e-02,-8.478450050126296045e-01,4.176616277241850916e+00,-6.508049579681536301e-01,-2.179243434121664436e+00,8.390815431186672557e-02,-7.820373293376213786e-01,0.000000000000000000e+00,4.961433734209832025e+00,5.464875393248330937e+00,9.886243010948894128e-01,-1.589891342118441075e+00,-9.295182937308642535e-01,-1.144893620846489046e+00,-3.239326877105599412e-01
1.980000000000000093e-01,-2.281473642875874175e-01,1.316121949605303154e+00,-9.199887296567119677e+00,-8.742369474234360283e+00,-2.281473642875874175e-01,3.152947705203049455e+00,3.118822486670567162e-01,4.560100084402621157e+00,1.005969368809140452e+00,1.972850142732276213e+00,1.805037142151398877e-01,2.710458132891651051e-01,1.025513321645951520e-01,5.971431558003100770e-01,7.089423451208334663e-03,-3.505087602607391828e-01,3.846322343490625961e+00,1.101343638583020645e+00,1.329991097418079526e+00,5.305132707755282340e-01,-1.600917417045657487e+00,-3.712738595886729831e-01,2.191612969331724337e-02,-8.568520229177976066e-01,4.181666976870961783e+00,-6.604725250557367255e-01,-2.182488091382360551e+00,8.501532817944890130e-02,-7.831391980037550882e-01,-2.995869284152774444e-17,4.962320463305104568e+00,5.463514329669122205e+00,9.405643856515079060e-01,-1.549423488442237096e+00,-9.187589330658986198e-01,-1.147323634141219628e+00,-3.285926305674219949e-01
1.990000000000000102e-01,-2.208912055224702686e-01,1.308272226463546017e+00,-9.164943200646284538e+00,-8.707760495155081770e+00,-2.208912055224702686e-01,3.143670982883696396e+00,3.071597743475544262e-01,4.543042474174900924e+00,1.001077340627732681e+00,1.983365563068919757e+00,1.815110640851922141e-01,2.725166381452913678e-01,1.029689550761180988e-01,6.003199678927013672e-01,7.154615277223837222e-03,-3.523695695033350894e-01,3.842356254029125395e+00,1.103241212853265596e+00,1.324094599800596406e+00,5.291093787629642664e-01,-1.600878719281553675e+00,-3.715174287307307921e-01,2.193670564254733557e-02,-8.586897285858678952e-01,4.177669249779438765e+00,-6.627982867621604601e-01,-2.180608834639743421e+00,8.526882608603812697e-02,-7.824429471674290149e-01,9.939650604584221683e-17,4.967032088512176813e+00,5.462421526717895937e+00,9.338129511837273133e-01,-1.548530500800661125e+00,-9.152899253028141668e-01,-1.146805760620935866e+00,-3.304328638607876290e-01
2.000000000000000111e-01,-2.090957496294337803e-01,1.299063856809574258e+00,-9.122349001475496877e+00,-8.662444554894220161e+00,-2.090957496294337803e-01,3.141157834648467428e+00,3.032960125804232132e-01,4.523985633537408013e+00,9.955645505815911012e-01,2.020432151169816226e+00,1.850443063298744806e-01,2.776825658621500659e-01,1.045178462341215531e-01,6.115177758919261297e-01,7.367883970361872002e-03,-3.589308239372338005e-01,3.804958220580255013e+00,1.098595056506558976e+00,1.268327282595390848e+00,5.519498567097770314e-01,-1.596085416847409233e+00,-3.724958021533402164e-01,2.771960476340676327e-02,-8.646387524432030958e-01,4.170796682230115238e+00,-6.698882287688313619e-01,-2.177588208931177771e+00,8.605134306032978520e-02,-7.813012906139874536e-01,0.000000000000000000e+00,4.960751619306868143e+00,5.454436045066548999e+00,8.761216196887096075e-01,-1.521120505987279214e+00,-8.985162978951533042e-01,-1.146429208796965638e+00,-3.312112191738270095e-01
2.010000000000000120e-01,-1.932951948310297208e-01,1.285525750607062090e+00,-9.075097521358223673e+00,-8.613881507560828155e+00,-1.932951948310297208e-01,3.132254276290095341e+00,3.021579340385989187e-01,4.503593935892380884e+00,9.881414829732703131e-01,2.055775364737324029e+00,1.884192003091868794e-01,2.826106786931884551e-01,1.060029034057320546e-01,6.221963841987039334e-01,7.569550529652179297e-03,-3.651880932584056216e-01,3.791810828414943213e+00,1.095896292804889871e+00,1.236763323421002925e+00,5.773395880002085701e-01,-1.600473916775473793e+00,-3.742658166625140170e-01,2.719167526535251622e-02,-8.705545774808559623e-01,4.166307511697048049e+00,-6.767636331713747788e-01,-2.175770280136126278e+00,8.681838470833069810e-02,-7.805955763744969467e-01,2.983540748568906723e-17,4.977031615671410947e+00,5.450623004811125050e+00,8.426103689428166010e-01,-1.492427788730185556e+00,-8.914591478684392722e-01,-1.147291842507358606e+00,-3.379964179930530777e-01
2.020000000000000129e-01,-1.721937100412235244e-01,1.268148855787073037e+00,-9.025007997009108607e+00,-8.562780157379664914e+00,-1.721937100412235244e-01,3.120539511510393105e+00,3.032601200623012416e-01,4.483073682123655423e+00,9.789614366656891331e-01,2.083545954558768898e+00,1.911275738090687515e-01,2.865093088192720572e-01,1.070302516465577863e-01,6.305803662162653422e-01,7.757638941115758101e-03,-3.700964999509743225e-01,3.791045363726889494e+00,1.092941833276988239e+00,1.209238274424667248e+00,6.141614106436862341e-01,-1.603509785345741623e+00,-3.747656245559243260e-01,3.537306334176282263e-02,-8.780382714083715401e-01,4.165399867484231855e+00,-6.851287021360616958e-01,-2.175889067642682306e+00,8.775930556665084703e-02,-7.805837071660225446e-01,2.982295021268761946e-17,4.996553046877286519e+00,5.449469274570288846e+00,8.106188811078776091e-01,-1.454697405352438189e+00,-8.851701135628254891e-01,-1.147591692780831174e+00,-3.347234366092114444e-01
2.030000000000000138e-01,-1.464453693633414044e-01,1.244934959026900989e+00,-8.977434626846278576e+00,-8.514891253423032325e+00,-1.464453693633414044e-01,3.104967386927895312e+00,3.068325535788590797e-01,4.464587123159604154e+00,9.671893908235467130e-01,1.995444360523829008e+00,1.832051864119970397e-01,2.744584218352434379e-01,1.021151684953105765e-01,6.038873970865307195e-01,7.511750839474715634e-03,-3.544179552937249400e-01,3.730979275675523787e+00,1.114658458141228436e+00,1.110449629889236789e+00,5.761422838014360615e-01,-1.602756561528029255e+00,-3.794658030156671247e-01,4.079765235605629925e-02,-8.761160935269797223e-01,4.116827289649934052e+00,-6.863637486255796949e-01,-2.151193108186407521e+00,8.778381877374971665e-02,-7.716487079992165876e-01,0.000000000000000000e+00,4.850307542672373629e+00,5.414690934203159500e+00,6.985443030989004765e-01,-1.472935655889660911e+00,-9.110853456677489026e-01,-1.143602760175409072e+00,-3.136203029376686269e-01
2.040000000000000147e-01,-1.192245218929256084e-01,1.213293212744697369e+00,-8.936596287631978441e+00,-8.479659688034253406e+00,-1.192245218929256084e-01,3.070863918075310117e+00,3.146604881503645146e-01,4.448813414688947532e+00,9.518002790858162143e-01,1.979537152457640170e+00,1.818024735009203530e-01,2.722965936826038380e-01,1.011722096230170953e-01,5.990657116766252566e-01,7.479169099254200266e-03,-3.515841479205966680e-01,3.771674313685940749e+00,1.107003266401726416e+00,1.151610907604165179e+00,6.126717051159102922e-01,-1.610156855132699905e+00,-3.777252352424969595e-01,4.021644162268576961e-02,-8.818667554264498776e-01,4.131323919322674953e+00,-6.917293126922262614e-01,-2.158976963124268345e+00,8.842648150323415002e-02,-7.744209505766666002e-01,0.000000000000000000e+00,4.869344710717131264e+00,5.420129659225321639e+00,7.321781885945427559e-01,-1.445133048385340846e+00,-9.226646619528405813e-01,-1.144667016719909336e+00,-3.113677062979108845e-01
2.050000000000000155e-01,-9.008477701635773938e-02,1.176651008180010560e+00,-8.895422594932504978e+00,-8.441732879688538915e+00,-9.008477701635773938e-02,3.041413606445566131e+00,3.235595976244891592e-01,4.433948471188347007e+00,9.341456713989850780e-01,1.985927238017952901e+00,1.825536163229208586e-01,2.732555183678651023e-01,1.011284641423436381e-01,6.009827538711082218e-01,7.582007227362004206e-03,-3.526979076630167298e-01,3.707618024115045596e+00,1.090189450667874205e+00,1.069283307387927096e+00,6.576067229368717237e-01,-1.603099043759654174e+00,-3.792834434275712541e-01,4.206978689766781299e-02,-8.875150639688186294e-01,4.123012756587582039e+00,-6.985485891146142601e-01,-2.155218164442785245e+00,8.917538664405898208e-02,-7.730232656229764077e-01,-1.027403798619252687e-16,4.806030198164179978e+00,5.395755823578377353e+00,6.439902366411779377e-01,-1.396482977363570077e+00,-9.129409032444869565e-01,-1.144724701823185642e+00,-3.106281207653490140e-01
2.060000000000000164e-01,-5.779644830055132021e-02,1.131796880877004252e+00,-8.853656866970913697e+00,-8.404704271508586899e+00,-5.779644830055132021e-02,3.004854440086814016e+00,3.353400488157892156e-01,4.419719357450103026e+00,9.127449825704005981e-01,1.921415244936654387e+00,1.768031952139643426e-01,2.644378189370980570e-01,9.747439526317024094e-02,5.814329287659274481e-01,7.413565283844118781e-03,-3.412132019949074002e-01,3.670769718424444328e+00,1.106677998472375357e+00,1.004733419700907460e+00,6.365847077999221559e-01,-1.606499849086881371e+00,-3.856705640144911240e-01,4.221529147205188570e-02,-8.866322951576882661e-01,4.082108351434678539e+00,-7.003620232028714421e-01,-2.134493346022694027e+00,8.928088433398299884e-02,-7.655245798568777182e-01,2.920567024423279780e-17,4.705552668203410782e+00,5.365589545121018489e+00,5.688092154351340746e-01,-1.400434242959601505e+00,-9.357860359869709654e-01,-1.143781578587524717e+00,-2.989979105228555145e-01
2.070000000000000173e-01,-2.254670349963530662e-02,1.072682938390388863e+00,-8.820052119609426811e+00,-8.379431693459988395e+00,-2.254670349963530662e-02,2.954503777892129257e+00,3.516337676444799554e-01,4.409708100610493453e+00,8.848944007294015091e-01,1.883444908684890562e+00,1.734629489737855856e-01,2.592781581080679798e-01,9.522776376279563915e-02,5.699269704828930916e-01,7.335069590377200736e-03,-3.344511133203377229e-01,3.644339867128528976e+00,1.105079851876429320e+00,9.526405623769232944e-01,6.616159787438243844e-01,-1.609875460064645880e+00,-3.891773461219905639e-01,4.326907355058756677e-02,-8.901500616513179365e-01,4.065367426145363616e+00,-7.053904156935867364e-01,-2.126324256919562394e+00,8.981185066814829920e-02,-7.625418247468034316e-01,0.000000000000000000e+00,4.637634714162101268e+00,5.343910226995578938e+00,5.065283047914045378e-01,-1.369480514412942274e+00,-9.501366389136045587e-01,-1.144384101278416832e+00,-2.911820397697501561e-01
2.080000000000000182e-01,1.471179264185359936e-02,9.971917488725327017e-01,-8.796613199374515801e+00,-8.367032649556170654e+00,1.471179264185359936e-02,2.892673470112111289e+00,3.723749958432149842e-01,4.404871692795556015e+00,8.496856805826400461e-01,1.795164352460840052e+00,1.654976325112146041e-01,2.471914837125749054e-01,9.042279838503901324e-02,5.431934419385725521e-01,7.063588140700134688e-03,-3.187524983246527999e-01,3.582507797284359974e+00,1.115924106744187183e+00,8.611408983346386936e-01,6.455986780428141225e-01,-1.607276843979501102e+00,-3.941366425406579999e-01,4.607091083643942431e-02,-8.893699629454770994e-01,4.024198866109285788e+00,-7.073421661063581389e-01,-2.105475034117971322e+00,8.993827376123553208e-02,-7.549991760142307218e-01,-1.029592371449868461e-16,4.488302186799723259e+00,5.305620605364687492e+00,4.009902159408554878e-01,-1.369453557690118339e+00,-9.741451282796930178e-01,-1.142072230414188594e+00,-2.726815874882134727e-01
2.089999999999999913e-01,5.120218347559159222e-02,9.074774169631213416e-01,-8.780951574911476598e+00,-8.369507122117427755e+00,5.120218347559159222e-02,2.807129558118767854e+00,3.986178435046200952e-01,4.403142971416651896e+00,8.083220740720009623e-01,1.723541505859377487e+00,1.589510984513009262e-01,2.373509014596548172e-01,8.670644341590159898e-02,5.215149012356075087e-01,6.804788370043893947e-03,-3.060278967138108097e-01,3.621245376739282928e+00,1.122150342827604952e+00,8.989463436202013158e-01,6.487103190149159371e-01,-1.614403564129807789e+00,-3.942965885731347098e-01,4.653095819566627211e-02,-8.914987333155367510e-01,4.021904402446374149e+00,-7.098427970307739088e-01,-2.104491505972557963e+00,9.021655319002222506e-02,-7.546272567416463239e-01,0.000000000000000000e+00,4.453288149283123332e+00,5.303005843725279611e+00,4.264544480490822242e-01,-1.369074743541740524e+00,-1.002672109704177972e+00,-1.142119056944737032e+00,-2.594969385181445376e-01
2.099999999999999922e-01,8.654664383459399757e-02,8.085412097983391000e-01,-8.769405790520023558e+00,-8.374724602022553199e+00,8.654664383459399757e-02,2.724005258259699858e+00,4.264370703153799735e-01,4.403960161814182150e+00,7.629067145176351428e-01,1.697212883512699833e+00,1.566723865693374074e-01,2.337844697891170997e-01,8.508019511149170211e-02,5.135314712985121766e-01,6.764794107728021137e-03,-3.013338698112388303e-01,3.527926081853661966e+00,1.118491818162846041e+00,7.745731400268627276e-01,6.582711528737411610e-01,-1.608226115200834583e+00,-3.992365538073708309e-01,4.664305156476244996e-02,-8.916835763611500321e-01,3.988119764322007210e+00,-7.123509774816417783e-01,-2.087456020903834641e+00,9.042386744039669633e-02,-7.484596154796554490e-01,-1.032290737197206561e-16,4.333455389005211877e+00,5.263283969054191047e+00,2.960066323343380490e-01,-1.344104672918601695e+00,-1.004270776461925641e+00,-1.140931375179298213e+00,-2.546908182464764914e-01
2.109999999999999931e-01,1.210061990455751635e-01,6.998142829983239332e-01,-8.760306545557288160e+00,-8.385316653721723412e+00,1.210061990455751635e-01,2.630432553714204147e+00,4.568965909056801888e-01,4.406121864500906149e+00,7.131715999306704745e-01,1.702686005432984873e+00,1.573278385332420037e-01,2.345998653592411831e-01,8.506748534828323383e-02,5.151726354114093409e-01,6.847516179751123380e-03,-3.022880461937409446e-01,3.525356986886576394e+00,1.129671874367563555e+00,7.450550479931984382e-01,6.612632353414049646e-01,-1.611610630240476683e+00,-4.033453100878684472e-01,5.451116750742873718e-02,-8.939090392016548758e-01,3.967087480617192519e+00,-7.162231041592170833e-01,-2.077022639080617239e+00,9.081230411825806648e-02,-7.446716988440468254e-01,0.000000000000000000e+00,4.334133953117905946e+00,5.254087193517998244e+00,2.634318091932225103e-01,-1.330691918390928929e+00,-1.005625690710809206e+00,-1.141169492752164061e+00,-2.477768786863122075e-01
2.119999999999999940e-01,1.551608211126401793e-01,5.815198763959191774e-01,-8.750027866727213777e+00,-8.396604247982409674e+00,1.551608211126401793e-01,2.529464397438724088e+00,4.892197407282651844e-01,4.408337670521078167e+00,6.590609206418838184e-01,1.593657457272313005e+00,1.474157193575143521e-01,2.196523178959762235e-01,7.933129637579010296e-02,4.821758935772398891e-01,6.470699399359998959e-03,-2.829177578955880956e-01,3.465365386355066413e+00,1.126019971789193219e+00,6.510601741538000198e-01,6.860006715804449762e-01,-1.610726319749040236e+00,-4.080391903172528867e-01,5.693087740140223563e-02,-8.967252342186202707e-01,3.944475742811508034e+00,-7.208405260362734657e-01,-2.065839625920512290e+00,9.128757249951652275e-02,-7.406098229779871644e-01,-1.038159605479052562e-16,4.162297609408758703e+00,5.217911433958215994e+00,1.498719660135027776e-01,-1.300507657964277142e+00,-1.037262853672283658e+00,-1.142178313895880093e+00,-2.259868804941859710e-01
2.129999999999999949e-01,1.896183844559338194e-01,4.553144047325529131e-01,-8.738329025146725826e+00,-8.408439439169363538e+00,1.896183844559338194e-01,2.421539088410484819e+00,5.229327976792924604e-01,4.410641098559102247e+00,6.012499662660309996e-01,1.528961091052211785e+00,1.416020487431137176e-01,2.107950270879320187e-01,7.582218099212592599e-02,4.625877461356379117e-01,6.269305023244963436e-03,-2.714155201801392026e-01,3.463884517612047187e+00,1.145032897502832991e+00,6.180471591566826239e-01,6.738787902712357614e-01,-1.622578627256723749e+00,-4.142550393336285608e-01,5.618245694733420281e-02,-8.984284131860080791e-01,3.915309877864943555e+00,-7.246605913886723371e-01,-2.051294660695402339e+00,9.165792153588997460e-02,-7.353312897382622282e-01,1.040145075660481829e-16,4.094417195478250449e+00,5.201944824110889876e+00,1.041815948559423055e-01,-1.301593689432040568e+00,-1.068332959585196029e+00,-1.143317024048645880e+00,-2.152330632328048887e-01
2.139999999999999958e-01,2.229924481814742343e-01,3.293609012160219063e-01,-8.731939935886487092e+00,-8.429160487905292598e+00,2.229924481814742343e-01,2.303151561733478125e+00,5.571195067984446858e-01,4.414935580898382561e+00,5.435579046582819096e-01,1.457888818807874243e+00,1.350763501299771518e-01,2.010160949503466132e-01,7.220608541233881905e-02,4.410806046367358735e-01,5.997339264541762596e-03,-2.587937590093323248e-01,3.525742241224051554e+00,1.160919408868222868e+00,6.761158586970460460e-01,6.658458669214412096e-01,-1.635267192503079281e+00,-4.162011276728147524e-01,5.651202904287616624e-02,-9.004247865548478114e-01,3.912251788264898611e+00,-7.270509238055978818e-01,-2.049928619725831069e+00,9.192316546948105238e-02,-7.348222661598645677e-01,0.000000000000000000e+00,4.083206273477077985e+00,5.208247547263098909e+00,1.500810298417947775e-01,-1.311876667392050999e+00,-1.102263422396862369e+00,-1.145026054568137441e+00,-2.022817299664561586e-01
2.149999999999999967e-01,2.549069288740908878e-01,2.161396882601771541e-01,-8.731286876576797695e+00,-8.450037017803371242e+00,2.549069288740908878e-01,2.208837088532359161e+00,5.855398865362411165e-01,4.422315121343951105e+00,4.913902177197035925e-01,1.419903105326704829e+00,1.317011704774084246e-01,1.958335766645490361e-01,7.008238029596038088e-02,4.295777726909006944e-01,5.892609325131069678e-03,-2.520373290505087405e-01,3.504871313855985715e+00,1.169215543261972412e+00,6.190104877013503648e-01,6.736642991424505178e-01,-1.641077093259903030e+00,-4.198500015260342999e-01,6.095283726252043177e-02,-9.030457029071961017e-01,3.891035042627022822e+00,-7.313451247497230190e-01,-2.039464397031776954e+00,9.236555851764326197e-02,-7.310173362659411200e-01,2.779146560502765544e-17,4.021728716275494442e+00,5.191951756366403714e+00,8.349893961617638194e-02,-1.295717717593366070e+00,-1.119133762051359060e+00,-1.144974728466844338e+00,-1.910844917879882809e-01
2.159999999999999976e-01,2.839609835867251686e-01,1.138430691527928529e-01,-8.733510338309072196e+00,-8.471835317249531982e+00,2.839609835867251686e-01,2.124892804625470699e+00,6.097051870434070375e-01,4.430754193705640276e+00,4.440369123738481250e-01,1.386977153484033609e+00,1.287838670715579503e-01,1.913473290657823622e-01,6.823763484720722639e-02,4.196103419683901992e-01,5.802838006641562567e-03,-2.461827437009911357e-01,3.460492442660956236e+00,1.184551791539070642e+00,5.490026618911999501e-01,6.497690017968306142e-01,-1.643517536528303458e+00,-4.270274906740150755e-01,5.949260816959070497e-02,-9.007658419185701204e-01,3.851206011860183409e+00,-7.314894088465927480e-01,-2.019206713121387331e+00,9.229251626370080230e-02,-7.237073321582274676e-01,0.000000000000000000e+00,3.946703754226419392e+00,5.164541670470812029e+00,8.860582110389564336e-03,-1.301200076477349477e+00,-1.131614678296212428e+00,-1.144931984825600990e+00,-1.866901355314004307e-01
2.169999999999999984e-01,3.109015684854882222e-01,1.051504672177716593e-02,-8.736397511222454781e+00,-8.494311389276479218e+00,3.109015684854882222e-01,2.042406928677376943e+00,6.323837164338418360e-01,4.439567271781644564e+00,3.960467146227779067e-01,1.253306586418626134e+00,1.165155915028613237e-01,1.729647896358426640e-01,6.144054388137470263e-02,3.791647234069373540e-01,5.290704858885210589e-03,-2.224468827834423235e-01,3.396896823563415602e+00,1.175931585988026828e+00,4.527194123104800183e-01,6.852549633000049045e-01,-1.641140530349056048e+00,-4.316880589767677079e-01,6.220238950231961328e-02,-9.045531976688766518e-01,3.833410296089243996e+00,-7.368139869606479264e-01,-2.010573165350828528e+00,9.286365184520360694e-02,-7.205587779738460430e-01,1.047278346847705395e-16,3.745650212313164751e+00,5.125857473580132329e+00,-1.111297850143252441e-01,-1.263877658169448859e+00,-1.169112155096915240e+00,-1.146956132091728531e+00,-1.602444932811226130e-01
2.179999999999999993e-01,3.382613805859849831e-01,-9.838313890307243126e-02,-8.737215094643113744e+00,-8.516377906195875980e+00,3.382613805859849831e-01,1.954460081694850526e+00,6.553418607959136111e-01,4.447983322913442450e+00,3.454413652601684981e-01,1.177083478432203512e+00,1.095790045459282269e-01,1.625003200822768556e-01,5.748889540023372630e-02,3.561001922075096027e-01,5.014878188642886425e-03,-2.089090004937014244e-01,3.438667293994811303e+00,1.190848082269006403e+00,4.620557336683029925e-01,7.033483471176461554e-01,-1.657940593809770879e+00,-4.371105288984805104e-01,6.551357094952095506e-02,-9.104597197250657858e-01,3.824169043786111111e+00,-7.438652967323816645e-01,-2.006459395775177068e+00,9.364977843781829847e-02,-7.190301438870485562e-01,0.000000000000000000e+00,3.705291052701949361e+00,5.124596130601045907e+00,-1.193092429818018163e-01,-1.245622153257297082e+00,-1.208190623164443034e+00,-1.151125794596886021e+00,-1.433954295441804694e-01
2.190000000000000002e-01,3.653804772891078301e-01,-2.023317192263174302e-01,-8.736115178736843845e+00,-8.538415098811068304e+00,3.653804772891078301e-01,1.859062705009306260e+00,6.774992554558699753e-01,4.455233938826652640e+00,2.972280495024357538e-01,1.131163869395864108e+00,1.053525290674743320e-01,1.561783000376118224e-01,5.517704681178117049e-02,3.422069074229150965e-01,4.834022287989881393e-03,-2.007563285975687006e-01,3.479686782325623895e+00,1.211370394238656889e+00,4.999735228477917293e-01,6.791800010814902366e-01,-1.667874156985699630e+00,-4.420605494976499461e-01,6.436107572305289903e-02,-9.092954189929981501e-01,3.808061221393729046e+00,-7.436452720671578032e-01,-1.998255390113735430e+00,9.358833829688822936e-02,-7.160722021157366335e-01,0.000000000000000000e+00,3.701555232728489742e+00,5.124784144699860100e+00,-8.749344918175425145e-02,-1.263898342220464155e+00,-1.232078911265896304e+00,-1.153298729325396677e+00,-1.363952528745158155e-01
2.200000000000000011e-01,3.903241543792766444e-01,-2.913198582333048070e-01,-8.734290919714659651e+00,-8.554111774961038250e+00,3.903241543792766444e-01,1.788819966202289446e+00,6.932402350102816468e-01,4.462482891352643755e+00,2.556954479182406703e-01,1.138788457297766010e+00,1.061982355678674217e-01,1.572755223439171179e-01,5.535394984453134715e-02,3.445070367446776416e-01,4.908166100210327280e-03,-2.020998235526082210e-01,3.461719928387776868e+00,1.231641598204991084e+00,4.553227988661263659e-01,6.531845367644100175e-01,-1.672369571953735257e+00,-4.477354027548066107e-01,6.722297772735577603e-02,-9.086390977772024202e-01,3.774075824849139504e+00,-7.451472930155310648e-01,-1.981121376232871434e+00,9.368337812065560821e-02,-7.098788471396106914e-01,-2.692819190388788263e-17,3.691869287908340347e+00,5.111915658621998482e+00,-1.325489718054875810e-01,-1.272582889623929958e+00,-1.234179157088401979e+00,-1.152706083794206915e+00,-1.348768458252524727e-01
2.210000000000000020e-01,4.107355069846185258e-01,-3.679401263114139287e-01,-8.734571428154433548e+00,-8.569459375007552282e+00,4.107355069846185258e-01,1.729879761768729374e+00,7.044387307616237770e-01,4.469760640732359569e+00,2.198256034772257395e-01,1.049446971754655067e+00,9.798469552582569908e-02,1.449723259395846731e-01,5.084733285585298079e-02,3.174714501011078327e-01,4.557911641742847658e-03,-1.862347462849517354e-01,3.463160395697960858e+00,1.241254301212703748e+00,4.214130431732467374e-01,6.664483863043718648e-01,-1.682230237719750665e+00,-4.518151966172461176e-01,7.129243339093248311e-02,-9.120137169106269370e-01,3.759585226161588078e+00,-7.497707587356976511e-01,-1.974147725322957569e+00,9.417945072147353158e-02,-7.073315467747538499e-01,-1.055949534858327204e-16,3.600593650541989099e+00,5.098824222900117498e+00,-1.833853896228662406e-01,-1.256852006162732627e+00,-1.270579336897169398e+00,-1.154588831750257061e+00,-1.149423128940193634e-01
2.220000000000000029e-01,4.287897091999935961e-01,-4.348569988237780404e-01,-8.737259437523640315e+00,-8.584729154919877203e+00,4.287897091999935961e-01,1.682625455854807939e+00,7.114406129262347278e-01,4.477615967667089691e+00,1.883358472363693970e-01,1.025203996925302619e+00,9.586371022463935354e-02,1.416677053411393994e-01,4.949312672674073543e-02,3.101311899307643838e-01,4.490868172245299043e-03,-1.819233221209873019e-01,3.479870902494484497e+00,1.247794779085324768e+00,4.233110646573610691e-01,6.807857767514677860e-01,-1.689082491484448223e+00,-4.541010039626475758e-01,7.322081509773334385e-02,-9.186804275600713998e-01,3.755816023249273883e+00,-7.572450516806695786e-01,-1.972874967273674729e+00,9.502400283543027681e-02,-7.068258611851120365e-01,0.000000000000000000e+00,3.586394471859715605e+00,5.099474512559238448e+00,-1.922662816821691101e-01,-1.242596063795466277e+00,-1.283927298718253507e+00,-1.156435996975514247e+00,-1.087025070232539581e-01
2.230000000000000038e-01,4.443584590507782539e-01,-4.876519720284302473e-01,-8.738166853743367213e+00,-8.594834362841593745e+00,4.443584590507782539e-01,1.649905053328770244e+00,7.136393436701111703e-01,4.484068131881658203e+00,1.632515335450826499e-01,1.036024117531147315e+00,9.702405396277496985e-02,1.432060181542366695e-01,4.982290141802167560e-02,3.133939786780482462e-01,4.579105326266089647e-03,-1.838313178359627931e-01,3.524495344806456654e+00,1.275334045881150846e+00,4.358184231466782355e-01,6.627026188421440978e-01,-1.704629364722553220e+00,-4.566338958540835935e-01,7.926082057698674577e-02,-9.228770191048107918e-01,3.739934897362645394e+00,-7.628252130254093988e-01,-1.965289373283145347e+00,9.562464442497596584e-02,-7.040523002650204143e-01,-8.018983433254734702e-17,3.637642443232793177e+00,5.112292997206571599e+00,-1.838007717244944939e-01,-1.252763853022979657e+00,-1.295610741619529049e+00,-1.156107090792837910e+00,-1.045704972589761306e-01
2.240000000000000047e-01,4.543360178890128998e-01,-5.227728477760293924e-01,-8.736122635141041926e+00,-8.600215705828194501e+00,4.543360178890128998e-01,1.621548630113069933e+00,7.117061268541511332e-01,4.487266980433960661e+00,1.463975839572421167e-01,1.059141463234450908e+00,9.923948308662303153e-02,1.464170595732846858e-01,5.086848309221835701e-02,3.203845535072233353e-01,4.695369146552633328e-03,-1.879298509348182045e-01,3.516737137854859974e+00,1.283415906375667381e+00,4.287290217764749833e-01,6.472479836315975232e-01,-1.704311506016170652e+00,-4.604364057908272301e-01,7.777838712464861526e-02,-9.217773276053450315e-01,3.724417146367732023e+00,-7.626284902913899044e-01,-1.957394656244361375e+00,9.556722496822127322e-02,-7.012060076656289054e-01,0.000000000000000000e+00,3.654101273483965961e+00,5.107072535830022630e+00,-1.874824089416302353e-01,-1.259278189520545377e+00,-1.288359727540725919e+00,-1.156947044309903694e+00,-1.101514638101695892e-01
2.250000000000000056e-01,4.598157365103625605e-01,-5.365894560801587332e-01,-8.732989338020241021e+00,-8.597660110026048130e+00,4.598157365103625605e-01,1.622735854912473519e+00,7.016526419168880313e-01,4.489138985462216347e+00,1.390102838926542406e-01,1.134991013691753814e+00,1.065165627530972881e-01,1.569516301878722819e-01,5.431159942212948621e-02,3.433229255641710442e-01,5.074246738929685807e-03,-2.013788948999366002e-01,3.605002966085841809e+00,1.307883796475542759e+00,5.131736778166929858e-01,6.435494404914088307e-01,-1.717296966675310843e+00,-4.648389507439441015e-01,8.434749160091117859e-02,-9.285936359962646547e-01,3.724676362476818881e+00,-7.699517357900426129e-01,-1.958186333028371529e+00,9.639438698171483300e-02,-7.014561826551387602e-01,0.000000000000000000e+00,3.811400343781330857e+00,5.139076721705459150e+00,-9.982642778547734519e-02,-1.260325293114833212e+00,-1.277579654129425091e+00,-1.161220886660152996e+00,-1.170314032990254216e-01
2.260000000000000064e-01,4.592817391495639390e-01,-5.207925692950221563e-01,-8.729071648245250614e+00,-8.586758973342831780e+00,4.592817391495639390e-01,1.653930794848536223e+00,6.825908507093018107e-01,4.489009417301562443e+00,1.449652569335016516e-01,1.214833787365332318e+00,1.141997898924749094e-01,1.680469252538049074e-01,5.790347186050183448e-02,3.674647001045444061e-01,5.479842645153676535e-03,-2.155324396956461996e-01,3.654476350272659158e+00,1.338277260868561580e+00,5.365916045465073392e-01,6.182841220542613092e-01,-1.732216145312380551e+00,-4.686691851450442425e-01,8.966380380658983684e-02,-9.317395972652527947e-01,3.707669969442170643e+00,-7.744072242926808292e-01,-1.949955560808712018e+00,9.685554294149785470e-02,-6.984685481365490167e-01,2.642022911293986641e-17,3.937570540372738570e+00,5.160147020203207369e+00,-6.976869449236858256e-02,-1.273767966893948778e+00,-1.267895902266338304e+00,-1.161657890636439650e+00,-1.258686358890563350e-01
2.270000000000000073e-01,4.525628619258635910e-01,-4.748431692236806390e-01,-8.720864699132587106e+00,-8.564406283846244250e+00,4.525628619258635910e-01,1.711695691748465809e+00,6.548457403793559450e-01,4.485170792226850445e+00,1.645021719905146174e-01,1.249894772685079536e+00,1.176741722489297454e-01,1.729479347399712763e-01,5.936237638142926459e-02,3.780617833573897690e-01,5.683162727217504380e-03,-2.217415159979268247e-01,3.643143310914233268e+00,1.332909069502564936e+00,5.077213292314345372e-01,6.534617473627691853e-01,-1.733610086956598018e+00,-4.706909531909314603e-01,9.292146869821688027e-02,-9.386874687852774235e-01,3.708583288895993757e+00,-7.818491601205305175e-01,-1.951079406722390441e+00,9.770004474926372029e-02,-6.988382105899382246e-01,0.000000000000000000e+00,3.954350614814035048e+00,5.159166530647488536e+00,-1.011798961491247040e-01,-1.238255282978192096e+00,-1.257848258849944445e+00,-1.163846001053651991e+00,-1.288200472997099444e-01
2.280000000000000082e-01,4.446564064129588933e-01,-4.103515926489707533e-01,-8.703663685809017281e+00,-8.528081934020811161e+00,4.446564064129588933e-01,1.787167734681888831e+00,6.213685043798674590e-01,4.476705797651057139e+00,1.921650978202109894e-01,1.271254050462877538e+00,1.199005325808593231e-01,1.759570344525215324e-01,6.013274496614738618e-02,3.845074800243345470e-01,5.831950304652097627e-03,-2.255143510318071143e-01,3.642569915132284120e+00,1.317393113559440998e+00,4.993600466039128660e-01,7.097296667887612598e-01,-1.735334700287380238e+00,-4.688209058350322755e-01,9.330633777372082660e-02,-9.512558501300740765e-01,3.727885788443395132e+00,-7.941936654578098942e-01,-1.961964615527734379e+00,9.914427011186358052e-02,-7.026978500142341266e-01,-8.359394352615031346e-17,3.962568115465087359e+00,5.165179434583696327e+00,-1.188765844013754958e-01,-1.192102203772825941e+00,-1.251682950151181917e+00,-1.165686805544614346e+00,-1.322080132580863709e-01
2.290000000000000091e-01,4.393301715266369478e-01,-3.396655017011557254e-01,-8.678501110510488559e+00,-8.484714848913545993e+00,4.393301715266369478e-01,1.855092480391117737e+00,5.878447015470107395e-01,4.464165509793954989e+00,2.225292131129121831e-01,1.324015131894940245e+00,1.249486261584597802e-01,1.832779120369767978e-01,6.254339829481171675e-02,4.004613249288450083e-01,6.092039029344364226e-03,-2.348686730779302456e-01,3.626991752601885999e+00,1.325281838580125271e+00,4.861013424011767503e-01,6.892176215705927422e-01,-1.732962344609495275e+00,-4.721746671435754217e-01,9.191432142216961199e-02,-9.490440292961765945e-01,3.709088472779785040e+00,-7.929796360975464031e-01,-1.952325860555126136e+00,9.896038463641201877e-02,-6.992316604728666674e-01,0.000000000000000000e+00,4.001962855200649649e+00,5.159318937518370340e+00,-1.236003816593928550e-01,-1.200564840689721580e+00,-1.233540635044238165e+00,-1.165314288587097735e+00,-1.429543516557606475e-01
2.300000000000000100e-01,4.366461407203960920e-01,-2.637096606733759785e-01,-8.650848968073251655e+00,-8.435518550695233486e+00,4.366461407203960920e-01,1.936170817470173056e+00,5.516527858659042716e-01,4.450904839764855403e+00,2.548457700048089025e-01,1.433035184293683040e+00,1.354834141043365081e-01,1.984226526518168554e-01,6.742747847620254864e-02,4.334191792043017855e-01,6.649929490061227445e-03,-2.541899866024737720e-01,3.714669095044633274e+00,1.352677427235240648e+00,5.723952212571823406e-01,6.713844247902402973e-01,-1.746972933328076349e+00,-4.737561596435979072e-01,9.598458997543350690e-02,-9.552941737533861000e-01,3.708143782075209227e+00,-7.997062890755465281e-01,-1.952480112529218159e+00,9.970716380593601380e-02,-6.992613957286502036e-01,0.000000000000000000e+00,4.192410105584929880e+00,5.196304623414786050e+00,-2.888841516654733210e-02,-1.213668209262775299e+00,-1.213846590317838592e+00,-1.166367625882186898e+00,-1.582053966270402512e-01
2.310000000000000109e-01,4.333103553015090759e-01,-1.763036137740056630e-01,-8.621009022839249525e+00,-8.381080008288201100e+00,4.333103553015090759e-01,2.027406577570808111e+00,5.128682371697111941e-01,4.435931202199563828e+00,2.922049763772504027e-01,1.467906076849670560e+00,1.390084622046649510e-01,2.033107468260733075e-01,6.881349390169798352e-02,4.439521564150848976e-01,6.865775395382123052e-03,-2.603593284750230219e-01,3.707244660035764472e+00,1.338221720608456788e+00,5.512742021051895147e-01,7.270423540052458611e-01,-1.745848276033117985e+00,-4.732101501588126258e-01,1.013344369410952017e-01,-9.643495377823387837e-01,3.718356301212308868e+00,-8.088009751960164584e-01,-1.958471611765002729e+00,1.007546249460656296e-01,-7.013853229941727774e-01,1.116642840225446308e-16,4.210801199103096693e+00,5.195586484025430885e+00,-5.421602626475363618e-02,-1.162615763858058981e+00,-1.201141494671967624e+00,-1.167729697757603269e+00,-1.590248915339277092e-01
2.320000000000000118e-01,4.292644925075230211e-01,-7.720563105001498894e-02,-8.584790809408607615e+00,-8.316925543412839517e+00,4.292644925075230211e-01,2.129164966858923425e+00,4.714902854331630144e-01,4.417695714426279174e+00,3.347481150176380149e-01,1.528992889826066293e+00,1.450748102723340982e-01,2.118360235044250417e-01,7.137790838381256886e-02,4.624104830771132990e-01,7.214939046676476994e-03,-2.711750329658450531e-01,3.747758378334397733e+00,1.372465118490868496e+00,5.752086389626787089e-01,6.830553270369350560e-01,-1.755353967401801274e+00,-4.773935770638324527e-01,1.074855138966646639e-01,-9.638900853771007471e-01,3.690184509088989095e+00,-8.099746472161161170e-01,-1.944323071175545925e+00,1.008047729617047722e-01,-6.962952997260639654e-01,-1.116116862808177834e-16,4.312861182783363390e+00,5.207724437852191635e+00,-2.292998474901236650e-02,-1.189889835754798231e+00,-1.192138711362983106e+00,-1.166473937743220057e+00,-1.636895190691805002e-01
2.330000000000000127e-01,4.226736358243016745e-01,3.492236490162203832e-02,-8.548126504616325505e+00,-8.248377149391213692e+00,4.226736358243016745e-01,2.244094630779936317e+00,4.271714319662545667e-01,4.398312469142270587e+00,3.832067716512163602e-01,1.556276020565942275e+00,1.479841236724059872e-01,2.156792095178247937e-01,7.232447324678951961e-02,4.706409877307222711e-01,7.412909133797539532e-03,-2.759913605034431949e-01,3.839749428671131337e+00,1.396600757628968736e+00,6.658188569935350465e-01,6.863400954326553949e-01,-1.765746097834274497e+00,-4.816188873317981956e-01,1.173118825600556886e-01,-9.712480217810162131e-01,3.690514840072800506e+00,-8.177800651236927232e-01,-1.945236629651384996e+00,1.016737108625429820e-01,-6.965999558499464950e-01,0.000000000000000000e+00,4.424777427456056955e+00,5.235099721374175452e+00,6.371800138766711696e-02,-1.186572060971940124e+00,-1.193431399241009272e+00,-1.170805934047947083e+00,-1.586794779433874925e-01
2.340000000000000135e-01,4.125643437648226497e-01,1.642222575997246414e-01,-8.516397757904806909e+00,-8.182718214357032949e+00,4.125643437648226497e-01,2.366246467544499410e+00,3.807127614101978308e-01,4.379394319400608637e+00,4.397484915576622133e-01,1.596534805570776205e+00,1.519188232771536418e-01,2.212818575035612745e-01,7.408382594954306122e-02,4.828086488650037422e-01,7.628282117307700130e-03,-2.831231314118622944e-01,3.849022964500941502e+00,1.390127279458774234e+00,6.885871300571075881e-01,7.025044402930296084e-01,-1.763455003531722465e+00,-4.801011074159682313e-01,1.159195596605672590e-01,-9.758500480894346518e-01,3.698466510655801898e+00,-8.222201539870044318e-01,-1.949677320942432290e+00,1.021917220440434620e-01,-6.981823242821618702e-01,0.000000000000000000e+00,4.469707721982283388e+00,5.240512613391729246e+00,8.764883357366443084e-02,-1.173089054699859579e+00,-1.178454632622675469e+00,-1.170655149580822396e+00,-1.672035717512950215e-01
2.350000000000000144e-01,4.019901267525021749e-01,3.058285869448416072e-01,-8.482827089526566056e+00,-8.109290662620420420e+00,4.019901267525021749e-01,2.508244705872153535e+00,3.305785659665297915e-01,4.359633440413627881e+00,5.016459092511929008e-01,1.689504490588870533e+00,1.610923053034073182e-01,2.342346384078173582e-01,7.806228607620480098e-02,5.108998627291572170e-01,8.143404090472670942e-03,-2.995853509570965412e-01,3.847005225386056271e+00,1.389430091861261207e+00,6.769148196827816655e-01,7.245421172177683999e-01,-1.758565871242045109e+00,-4.802777401072711450e-01,1.263132391270992694e-01,-9.812307815669989441e-01,3.694365786903877069e+00,-8.281620355139012180e-01,-1.948160358078816934e+00,1.028338104122434732e-01,-6.976279975467586381e-01,0.000000000000000000e+00,4.555278934407927416e+00,5.244888184068545733e+00,8.298742257669780575e-02,-1.145555954784843733e+00,-1.144832198100644405e+00,-1.169762333563557188e+00,-1.732721118299972718e-01
2.360000000000000153e-01,3.934029402921898622e-01,4.488341729523470658e-01,-8.442795782088287737e+00,-8.028968751780437785e+00,3.934029402921898622e-01,2.649134484278000912e+00,2.807890270727662618e-01,4.337058114727038394e+00,5.639072716336998026e-01,1.755253290641403119e+00,1.676775873433045128e-01,2.434088105066950503e-01,8.077184866413078534e-02,5.307547973891543203e-01,8.529491198569969651e-03,-3.112173747521009837e-01,3.838846355235940422e+00,1.374946401670068541e+00,6.596725088743253806e-01,7.779346017929190671e-01,-1.754424192795677184e+00,-4.795465143972404420e-01,1.333693413919934678e-01,-9.895701268213650259e-01,3.702286797471641133e+00,-8.365689115254368868e-01,-1.952952272559788316e+00,1.037869410500576045e-01,-6.993325022881058395e-01,8.826173664518668565e-17,4.604529519055978071e+00,5.244910786485014853e+00,6.651240785558354407e-02,-1.094245822102738241e+00,-1.119882454356465384e+00,-1.170349525486776177e+00,-1.778480333601074326e-01
2.370000000000000162e-01,3.895979106147075544e-01,5.865572207344489364e-01,-8.398448247926152632e+00,-7.945025396097629589e+00,3.895979106147075544e-01,2.784699948226608157e+00,2.322838827425734720e-01,4.313206865711723736e+00,6.232699162419212957e-01,1.827366220881140757e+00,1.749501901363741119e-01,2.534736493660089129e-01,8.370653685963844182e-02,5.525259599320320181e-01,8.960665437465868688e-03,-3.239708385552298453e-01,3.852850541711889676e+00,1.391388830832247292e+00,6.614104201178885312e-01,7.644826312845734995e-01,-1.756180922264705124e+00,-4.812947267357602921e-01,1.407574314902477752e-01,-9.911354649927531790e-01,3.682861551194188010e+00,-8.393284957729680862e-01,-1.943395982437594371e+00,1.040279411536045306e-01,-6.958971938693606640e-01,0.000000000000000000e+00,4.689081297600277587e+00,5.249200572162809664e+00,7.555557371092935792e-02,-1.095206814293382624e+00,-1.099627021179068631e+00,-1.168231255167655025e+00,-1.832134070649820701e-01
2.380000000000000171e-01,3.895219690722088179e-01,7.132289163085981931e-01,-8.354630079102504325e+00,-7.863475906714423758e+00,3.895219690722088179e-01,2.911062677137826515e+00,1.864024775453388405e-01,4.289919327249124059e+00,6.771649356523676833e-01,1.810888714684929957e+00,1.737828763352495809e-01,2.512638425921734364e-01,8.254701562136747273e-02,5.475129434349063073e-01,8.965300774896092437e-03,-3.210184681299142473e-01,3.816926732952688361e+00,1.389444095305466309e+00,6.187098421094326950e-01,7.772619553237951617e-01,-1.746514444851896108e+00,-4.841650620137991634e-01,1.479544745211310852e-01,-9.930372303464802819e-01,3.662122946047175365e+00,-8.425309015712120209e-01,-1.933219964822531667e+00,1.043187998126919314e-01,-6.922385926654885946e-01,0.000000000000000000e+00,4.634778217291137814e+00,5.225349917687891477e+00,2.744278313039411055e-02,-1.073410993877369046e+00,-1.094682701604297925e+00,-1.167438353904391768e+00,-1.730639936087831621e-01
2.390000000000000180e-01,3.920066621417931385e-01,8.245505860156211453e-01,-8.312816594130604031e+00,-7.791584313523104655e+00,3.920066621417931385e-01,3.012310953705237271e+00,1.464343250917990447e-01,4.267236666532401301e+00,7.240104456924012499e-01,1.828109026076913057e+00,1.755736552226388192e-01,2.536793446568923471e-01,8.319621937545000623e-02,5.527087348055012006e-01,9.079198048226107265e-03,-3.240604807837490497e-01,3.851889257664785404e+00,1.384571011222016201e+00,6.605871858091005855e-01,8.061077905804843180e-01,-1.747033002147553749e+00,-4.815931243403045459e-01,1.521372821227203187e-01,-9.990798630976388539e-01,3.675415982982067398e+00,-8.481687559606171378e-01,-1.940483926719464680e+00,1.049816879915733692e-01,-6.948366410849697861e-01,2.612309688954561813e-17,4.680918420644060163e+00,5.235560649426722613e+00,6.609777450537579480e-02,-1.051179916763530287e+00,-1.089342579350478957e+00,-1.167350567377048343e+00,-1.719231986610287033e-01
2.399999999999999911e-01,4.000115055357665317e-01,9.181839712810014875e-01,-8.266448998697134343e+00,-7.716284351480855896e+00,4.000115055357665317e-01,3.104222392205475245e+00,1.101879162288313535e-01,4.243815659294387643e+00,7.623504975977404285e-01,1.785786081458356600e+00,1.718854178780763742e-01,2.478835916500699288e-01,8.089875586820263753e-02,5.398842494497033684e-01,8.947389812199987857e-03,-3.165292358833333708e-01,3.765379384775218607e+00,1.349700684549723695e+00,5.506949272896048964e-01,8.849164019386251967e-01,-1.730922024503121825e+00,-4.801896268391859235e-01,1.620224187641617353e-01,-1.005142379357710336e+00,3.672658419262454732e+00,-8.547452892475844166e-01,-1.939696744709155096e+00,1.056974651868307913e-01,-6.945518265187246021e-01,-2.609755898586350365e-17,4.546023086875864649e+00,5.194244521690254857e+00,-5.616677030790959146e-02,-9.738815869023271787e-01,-1.085340309866587694e+00,-1.165794063545710690e+00,-1.545068171191716633e-01
2.409999999999999920e-01,4.155233649858740552e-01,9.887453143847656500e-01,-8.210537662341382159e+00,-7.638228376600570080e+00,4.155233649858740552e-01,3.169860133876248653e+00,8.075588723141580161e-02,4.217639138413098010e+00,7.899403957811854671e-01,1.742167528559834366e+00,1.680410550186784424e-01,2.418893202940495812e-01,7.858767355431227342e-02,5.266674330149708760e-01,8.799388854281586445e-03,-3.087694070678680958e-01,3.792287779990895391e+00,1.359927852277334370e+00,5.710439912311059407e-01,8.899390109299053497e-01,-1.735107274454859461e+00,-4.818047202011671026e-01,1.662921310751932502e-01,-1.008501971902394434e+00,3.662279004582904118e+00,-8.588637839587741629e-01,-1.934853776387718938e+00,1.061159740636908738e-01,-6.928105771334749363e-01,0.000000000000000000e+00,4.525953336648335323e+00,5.190247911878916653e+00,-4.593047243361864096e-02,-9.663270919035011897e-01,-1.102323867376197697e+00,-1.165815908480360319e+00,-1.424772759926748456e-01
2.419999999999999929e-01,4.356642090268179612e-01,1.038467075445870469e+00,-8.147631348204734891e+00,-7.558324807844123860e+00,4.356642090268179612e-01,3.214659632396826172e+00,5.727928830936450388e-02,4.189505878869465683e+00,8.078748898043426330e-01,1.672450425405485719e+00,1.617158856805181177e-01,2.322781175667830156e-01,7.507622540701000546e-02,5.055607142430985634e-01,8.524527351038153899e-03,-2.963832299549848392e-01,3.784816984575903653e+00,1.372751296313786007e+00,5.578622178837414625e-01,8.765323637815936042e-01,-1.729842011543820668e+00,-4.855566966919832028e-01,1.746338270268646409e-01,-1.007545107307761700e+00,3.634017250441570646e+00,-8.593982965340937197e-01,-1.920631794988487462e+00,1.060800284505355046e-01,-6.877157240014826201e-01,-1.166833713362625703e-16,4.449722302673627894e+00,5.168484432435874965e+00,-6.925796108356924163e-02,-9.690232057998838799e-01,-1.118201268850186558e+00,-1.164747893342427565e+00,-1.217494029281203094e-01
2.429999999999999938e-01,4.559080957892870933e-01,1.072948399210607695e+00,-8.084415687154589136e+00,-7.481577519594404535e+00,4.559080957892870933e-01,3.245765408710161726e+00,3.839484310316933907e-02,4.161541392976195297e+00,8.188881445119431390e-01,1.708040026352566354e+00,1.655834870729775976e-01,2.372907325776245913e-01,7.627483088791461863e-02,5.162826081590875527e-01,8.789909000510607445e-03,-3.026558152628806009e-01,3.784836230167125670e+00,1.382131216642032756e+00,5.461435173167921153e-01,8.806527682030829141e-01,-1.728201230040669945e+00,-4.891550552979893052e-01,1.825955078939285325e-01,-1.009304333638012530e+00,3.613503470823278274e+00,-8.623909141385220911e-01,-1.910563401363744029e+00,1.063417039786353768e-01,-6.841054009375620026e-01,5.131732997420046551e-17,4.483571922881679939e+00,5.161218174538288572e+00,-7.895666424410538453e-02,-9.536358022727464689e-01,-1.105576917902947098e+00,-1.164470547235040732e+00,-1.200603073689520128e-01
2.439999999999999947e-01,4.747650079053473138e-01,1.096285853588427006e+00,-8.023910438375278176e+00,-7.414807687131609981e+00,4.747650079053473138e-01,3.256625302164778191e+00,2.451828210890415194e-02,4.134376579351130232e+00,8.250815443316414921e-01,1.727682737841212290e+00,1.676317590370794697e-01,2.400428435754736467e-01,7.701699380364300518e-02,5.222061605169582288e-01,8.919343827582472753e-03,-3.061238459562869441e-01,3.790274758456643411e+00,1.373555019250823239e+00,5.593857534110997509e-01,9.025028011983190490e-01,-1.722797799320600731e+00,-4.853295960239595308e-01,1.869985444859114665e-01,-1.014256991890414294e+00,3.622337787216429295e+00,-8.671171128054263599e-01,-1.915488005546679640e+00,1.068883753933767417e-01,-6.858676063542483714e-01,-1.174641912864539520e-16,4.503700504407441407e+00,5.163524565504332031e+00,-6.768851581885296231e-02,-9.359682105447174605e-01,-1.093703263410265691e+00,-1.162277858550625265e+00,-1.191253014703755886e-01
2.449999999999999956e-01,4.923257246938388398e-01,1.112187068497159981e+00,-7.966850567881821554e+00,-7.351509367150254270e+00,4.923257246938388398e-01,3.265421576304242457e+00,1.145606979552089497e-02,4.109017632123728170e+00,8.277496409974686165e-01,1.688011660099789202e+00,1.641822077792711998e-01,2.345889230330222008e-01,7.494190408817451299e-02,5.101914272999894528e-01,8.779284829704778886e-03,-2.990707325353441637e-01,3.776144627862689340e+00,1.391067353612796653e+00,5.380576861778502140e-01,8.695462342913682363e-01,-1.717651514815649039e+00,-4.892760525654228920e-01,1.945646666678604586e-01,-1.009601081387784260e+00,3.589389228379472385e+00,-8.638466648331873943e-01,-1.898588175937188982e+00,1.064020766618198055e-01,-6.798289143274766078e-01,1.678867281155208009e-16,4.454555206574694282e+00,5.144638789771540210e+00,-9.120005562231497942e-02,-9.541000375576462744e-01,-1.101058010853839697e+00,-1.160325682063194641e+00,-1.045060658674835385e-01
2.459999999999999964e-01,5.087033878392783759e-01,1.118156764611599518e+00,-7.914916105626381260e+00,-7.293291613198298329e+00,5.087033878392783759e-01,3.271707345439368808e+00,5.259348959852716901e-05,4.086004637392301575e+00,8.258679301297380260e-01,1.666914884487316728e+00,1.625033426961275396e-01,2.317416081470022038e-01,7.363828495341581681e-02,5.037903211572087869e-01,8.747236755453670354e-03,-2.953065408662691738e-01,3.744702804267059371e+00,1.370749752329605942e+00,4.907875669883131065e-01,9.349222455226042783e-01,-1.713709913072569258e+00,-4.901573872049925229e-01,1.984280633527096827e-01,-1.018165728319734065e+00,3.593255279415890957e+00,-8.727195552299390480e-01,-1.901376094132765093e+00,1.073967494536859912e-01,-6.808293784882645250e-01,0.000000000000000000e+00,4.393451960434641812e+00,5.126508374441624660e+00,-1.501903800946237377e-01,-8.928155636567449704e-01,-1.102522842461674424e+00,-1.162239528937803357e+00,-9.687847751355949111e-02
2.469999999999999973e-01,5.258964365140068598e-01,1.117787088071828583e+00,-7.865783311676815437e+00,-7.239907910134216529e+00,5.258964365140068598e-01,3.271655320061939598e+00,-9.951282805338216783e-03,4.064801497174580724e+00,8.210967107249562691e-01,1.600472218036993910e+00,1.564427512568381806e-01,2.225745882704210088e-01,7.033195444612927449e-02,4.836785952818756784e-01,8.476863872799144869e-03,-2.835055407362424007e-01,3.822240989203002037e+00,1.402338654248355798e+00,5.565495743935832129e-01,9.189912883669417720e-01,-1.723077301955502794e+00,-4.928586956814926534e-01,2.113713272741662152e-01,-1.022686251042302930e+00,3.584323762406065761e+00,-8.779247940345317192e-01,-1.897401241403505745e+00,1.079330492782205053e-01,-6.794117865487057095e-01,0.000000000000000000e+00,4.400026956197693018e+00,5.143105167911260267e+00,-9.880063137052749744e-02,-9.080779985904346985e-01,-1.131465657395406721e+00,-1.163793618357399140e+00,-7.213421346207618545e-02
2.479999999999999982e-01,5.428546653668703259e-01,1.121007286323453700e+00,-7.822167323854830379e+00,-7.190380617458511203e+00,5.428546653668703259e-01,3.277405308235382009e+00,-2.111823300899022537e-02,4.046345870348504015e+00,8.179827573089786252e-01,1.522541323546332981e+00,1.492438954999387724e-01,2.118082206544826263e-01,6.654394251785759884e-02,4.600978032408415963e-01,8.140809463303583585e-03,-2.696719266836985485e-01,3.814676267932209708e+00,1.416946025094627082e+00,5.299237653975232831e-01,9.126838197210340731e-01,-1.723930404506093694e+00,-4.985574704630065801e-01,2.178269315499662961e-01,-1.022218594797261515e+00,3.556385473215617932e+00,-8.789327115236671428e-01,-1.883417791681534226e+00,1.079512367396037037e-01,-6.744074000519163503e-01,0.000000000000000000e+00,4.314998996681281618e+00,5.122575393810183009e+00,-1.372007254716612334e-01,-9.041900294426425955e-01,-1.155881364525648491e+00,-1.164824061051619397e+00,-5.184499513373225232e-02
2.489999999999999991e-01,5.588452461508823799e-01,1.124399889443691514e+00,-7.788607997412614559e+00,-7.154917735407237522e+00,5.588452461508823799e-01,3.276254240484964164e+00,-3.093831988553934209e-02,4.032093102568349074e+00,8.152399210787169004e-01,1.442771651405648781e+00,1.415554951269083206e-01,2.007342458454103862e-01,6.294310448692688742e-02,4.359827634454671030e-01,7.738443954914443756e-03,-2.555339044759374345e-01,3.767694355842101217e+00,1.406974818009745443e+00,4.836169464310036692e-01,9.207674866038978445e-01,-1.715232051945833724e+00,-4.993487564379627819e-01,2.172851645553714461e-01,-1.020910905788675382e+00,3.542960181541219278e+00,-8.782909130820714116e-01,-1.876579287526689788e+00,1.078376412289910463e-01,-6.719593288916183571e-01,0.000000000000000000e+00,4.189555101459074393e+00,5.091490494677873180e+00,-1.939397208056573563e-01,-8.928686964358650835e-01,-1.171411647271375589e+00,-1.163569641374666785e+00,-3.824873992056598837e-02
2.500000000000000000e-01,5.741857175394466939e-01,1.126632828883438631e+00,-7.762215235373635558e+00,-7.123423492448318406e+00,5.741857175394466939e-01,3.283005427747550442e+00,-4.223644177883091599e-02,4.021598028761811605e+00,8.117318726335382983e-01,1.472887995200924616e+00,1.449010527654830405e-01,2.049997090985222203e-01,6.393498573342390467e-02,4.450649229455899691e-01,7.968303064791773874e-03,-2.608467436766704894e-01,3.854523680771088756e+00,1.440006899154472997e+00,5.692722852516409748e-01,9.064410626498550227e-01,-1.725326518503098372e+00,-5.067028967386595362e-01,2.265344933471526434e-01,-1.023728334119543781e+00,3.531533642077332225e+00,-8.817608273578733113e-01,-1.871196301669502127e+00,1.081683940597708421e-01,-6.700515198022978236e-01,0.000000000000000000e+00,4.303683341852469368e+00,5.116441593997288706e+00,-1.074888330077101162e-01,-9.008202532862231715e-01,-1.172093201497737436e+00,-1.168786113476165678e+00,-3.431225032951784604e-02
2.510000000000000009e-01,5.891500860851199839e-01,1.138819859194832418e+00,-7.740042700841986978e+00,-7.093315484963204298e+00,5.891500860851199839e-01,3.300007138376384930e+00,-5.627216737279714526e-02,4.013273880949492778e+00,8.126060939433743524e-01,1.384408480334370806e+00,1.365390409101007452e-01,1.927481486442711167e-01,5.981713947670713044e-02,4.183120225990810681e-01,7.548399290407580703e-03,-2.451582396935162722e-01,3.857944281347473581e+00,1.429366182568106325e+00,5.622728878409142261e-01,9.613776920563591455e-01,-1.724275132803013699e+00,-5.083768332824433189e-01,2.328335291145638419e-01,-1.031310586294766907e+00,3.537270915029532947e+00,-8.893195557818923680e-01,-1.874879641879632297e+00,1.090089749358056914e-01,-6.713859570324354209e-01,-1.194532180827196053e-16,4.211042175387077258e+00,5.103176138507739878e+00,-1.342985192967070252e-01,-8.536848103465660698e-01,-1.196954135268126995e+00,-1.172214391024471114e+00,-1.232471057895254130e-02
2.520000000000000018e-01,6.067160166114746733e-01,1.168521847243461753e+00,-7.720311543323048475e+00,-7.059898198629672272e+00,6.067160166114746733e-01,3.335639527652515035e+00,-7.518927035883797572e-02,4.006985964692136193e+00,8.210923166011769858e-01,1.365327834962409392e+00,1.350433753182617158e-01,1.901549383939677429e-01,5.868242340863454032e-02,4.125222388209537905e-01,7.509917783196476924e-03,-2.417548748718145180e-01,3.916730586417373594e+00,1.448394973541038411e+00,6.050503774075570718e-01,9.700279049995416125e-01,-1.735543134208611837e+00,-5.104480013783745385e-01,2.400814903044181936e-01,-1.036449613903482447e+00,3.532436374388015832e+00,-8.948618808828907589e-01,-1.873039134768519576e+00,1.095891397161643521e-01,-6.707432851566467180e-01,0.000000000000000000e+00,4.245608807476300761e+00,5.115874723247316069e+00,-9.965656508136594427e-02,-8.443288063603434646e-01,-1.213431755671493750e+00,-1.173681368751824605e+00,-1.673384567396324352e-03
2.530000000000000027e-01,6.262864584744212149e-01,1.215282291909126844e+00,-7.703176511268219784e+00,-7.023490892040302747e+00,6.262864584744212149e-01,3.389161415779608166e+00,-9.854640258325034208e-02,4.002660429886607751e+00,8.370737423394464249e-01,1.158533814745477342e+00,1.149500329664054077e-01,1.614160946113420980e-01,4.952629662066349719e-02,3.500229238867746395e-01,6.429224310379393070e-03,-2.051190285560287596e-01,3.919060257290392535e+00,1.468606288250096981e+00,6.038525786039428134e-01,9.404500507205134641e-01,-1.735051793220545813e+00,-5.140983649532973043e-01,2.437198608638810882e-01,-1.034259315762048548e+00,3.501243916685425006e+00,-8.941092389072130553e-01,-1.857288753978098672e+00,1.093975835100485794e-01,-6.651139969000801067e-01,4.961735033756545323e-17,4.043334756273821107e+00,5.084800237901927034e+00,-1.288405656919281439e-01,-8.673124066369216623e-01,-1.275631285823722649e+00,-1.172783137542998011e+00,3.860083230785238406e-02
2.540000000000000036e-01,6.440987242137085067e-01,1.270139842626924587e+00,-7.690597778569983944e+00,-6.993332945597139805e+00,6.440987242137085067e-01,3.442650682773311210e+00,-1.216252603771663110e-01,4.000219610473480181e+00,8.570492671802900642e-01,1.099663099669647703e+00,1.092195883463751294e-01,1.532327993753297146e-01,4.692395270151557274e-02,3.322310922249703258e-01,6.120686462349480932e-03,-1.946899672329527320e-01,3.906957430022984568e+00,1.480554920514235206e+00,5.917377523479787627e-01,9.139893825903945279e-01,-1.731936704726765974e+00,-5.182817922140283695e-01,2.455142380127893487e-01,-1.027393357066708868e+00,3.470079852953958266e+00,-8.885658480814920823e-01,-1.841024931549563481e+00,1.086865728571906609e-01,-6.592936732177987480e-01,0.000000000000000000e+00,3.979227172625923625e+00,5.059854361814569046e+00,-1.435952963581836050e-01,-8.801115962576533391e-01,-1.291019039644605071e+00,-1.171454778969477584e+00,5.082427077983661667e-02
2.550000000000000044e-01,6.584174178490416196e-01,1.322824559435469283e+00,-7.687169128797791018e+00,-6.968745066481577766e+00,6.584174178490416196e-01,3.504144150598847318e+00,-1.453150050389143411e-01,4.001864268179741835e+00,8.760313134103256960e-01,9.966396180351472234e-01,9.926552915575335978e-02,1.389291335317499043e-01,4.231678066805973082e-02,3.010941776450806739e-01,5.592100180053338580e-03,-1.764367482948256682e-01,3.914705828296323631e+00,1.513483948559633196e+00,5.702200480084294032e-01,8.748394579674537708e-01,-1.736877241045452269e+00,-5.261526520080971325e-01,2.558911552566347503e-01,-1.019400307254012317e+00,3.422604490028211988e+00,-8.826323975740015815e-01,-1.816531472329272701e+00,1.078729716210918288e-01,-6.505389932190518421e-01,1.180793920306355748e-16,3.891945139077458204e+00,5.035353967743597892e+00,-1.734832160338222740e-01,-8.993752336937591574e-01,-1.327910091779279877e+00,-1.171099545047095569e+00,7.945440696180919304e-02
2.560000000000000053e-01,6.696752174636044774e-01,1.367416966726356709e+00,-7.695151843393237101e+00,-6.957577216244321683e+00,6.696752174636044774e-01,3.560521076158285503e+00,-1.672437165150071348e-01,4.008209196579623601e+00,8.915287235923499143e-01,9.567744242938426291e-01,9.555007270258172869e-02,1.334185361075708454e-01,4.043404266077247483e-02,2.890392596633436506e-01,5.408763493278415102e-03,-1.693666150485766964e-01,3.890275650484018133e+00,1.508567008724878367e+00,5.355515311050287330e-01,8.959641914737109802e-01,-1.735470748104069205e+00,-5.277589645009785890e-01,2.561870755001103284e-01,-1.021400605548479668e+00,3.410121655569851029e+00,-8.852770870427554284e-01,-1.810560178886150506e+00,1.081141609173235513e-01,-6.484162742347272523e-01,0.000000000000000000e+00,3.825649469229380983e+00,5.014238736997310930e+00,-2.163070198301558500e-01,-8.741619447516670860e-01,-1.338317327523402156e+00,-1.170766475242427385e+00,8.682046045153363201e-02
2.570000000000000062e-01,6.802079814283530368e-01,1.401110995552152794e+00,-7.712411345726740919e+00,-6.957513775339886131e+00,6.802079814283530368e-01,3.610734392545016824e+00,-1.871102895576112202e-01,4.018740959009350355e+00,9.021632335933316149e-01,8.710454814836398052e-01,8.725595913830243300e-02,1.215083142161981072e-01,3.661302172650193754e-02,2.631281660378890219e-01,4.966127191339120631e-03,-1.541772403272208547e-01,3.893658145547981508e+00,1.529299931035153381e+00,5.238389136569103766e-01,8.793775572230523307e-01,-1.735660522799939987e+00,-5.347489438448250754e-01,2.646156520065888196e-01,-1.018052271291557842e+00,3.377455868206238776e+00,-8.833880916756762236e-01,-1.793970836334014107e+00,1.077906505157563422e-01,-6.424922232990430970e-01,0.000000000000000000e+00,3.746651355740063583e+00,4.994011758379694577e+00,-2.380408638025677259e-01,-8.779802573844598390e-01,-1.364741706246294539e+00,-1.172275039952529019e+00,1.104384116793679649e-01
2.580000000000000071e-01,6.915743158972755822e-01,1.426541200747875049e+00,-7.740896834215808653e+00,-6.970418913257169002e+00,6.915743158972755822e-01,3.656468756752924598e+00,-2.051618798492929885e-01,4.034363726207200074e+00,9.091984131046098039e-01,8.249788642467186239e-01,8.291284649449502664e-02,1.151313237707041054e-01,3.448336130587217191e-02,2.492027295286866062e-01,4.744616491517747621e-03,-1.460115733650194647e-01,3.929713796068958320e+00,1.551038909311152958e+00,5.504258961699415309e-01,8.728473099008761116e-01,-1.740155122274947397e+00,-5.401338097496952706e-01,2.724896346071652431e-01,-1.019055391583679748e+00,3.359417432624256961e+00,-8.852187333838257288e-01,-1.785146721960084948e+00,1.079195108813706255e-01,-6.393569160550133246e-01,-7.048963864119081647e-17,3.735637268731997196e+00,4.993369188429904959e+00,-2.196615134431800787e-01,-8.778160507533366852e-01,-1.383032881864890040e+00,-1.174746109313191011e+00,1.264780612421457229e-01
2.590000000000000080e-01,7.026680026325049511e-01,1.457960490157604205e+00,-7.781943143801343332e+00,-6.998109262509465189e+00,7.026680026325049511e-01,3.702803618097584515e+00,-2.231312320930033399e-01,4.055014966354557160e+00,9.194769023141453612e-01,8.005039738568733299e-01,8.054243233286997872e-02,1.117318692306717431e-01,3.339790558328348258e-02,2.418067499500896333e-01,4.617150887774360522e-03,-1.416761653825419354e-01,4.040206378951591404e+00,1.587904082148314577e+00,6.721030898853518343e-01,8.417308057949657307e-01,-1.753516605355824876e+00,-5.437863813450313222e-01,2.777019224434588707e-01,-1.020480052786748582e+00,3.357364265115197366e+00,-8.867442028169236767e-01,-1.784300315151135630e+00,1.080740749824639774e-01,-6.390637506022363024e-01,4.752102772945585413e-17,3.820230300021716374e+00,5.025810779596382005e+00,-1.029092437009000993e-01,-9.091716037728864164e-01,-1.403635780423271306e+00,-1.178232981059493145e+00,1.360257570609169908e-01
2.600000000000000089e-01,7.131434913800412945e-01,1.500456937747531416e+00,-7.832661374319037861e+00,-7.027226154258619850e+00,7.131434913800412945e-01,3.770947865416294231e+00,-2.457500177287120224e-01,4.079775458192872684e+00,9.347953859109850994e-01,7.420394816026483209e-01,7.488147307043847845e-02,1.036123219610277646e-01,3.079586985783072661e-02,2.241387078016645884e-01,4.314594936734562902e-03,-1.313191278198383716e-01,3.923303531397209110e+00,1.570821995954400085e+00,5.285925095997396905e-01,8.631880510034705134e-01,-1.734773195719889971e+00,-5.488052066621338376e-01,2.859824109938284842e-01,-1.013110225019450361e+00,3.313231859610399344e+00,-8.812687852375298281e-01,-1.761556324302291143e+00,1.073203876254457123e-01,-6.309421229027856182e-01,4.688420880258046097e-17,3.652232787980406847e+00,4.958935328635237560e+00,-2.490639536767623730e-01,-8.675724034409899588e-01,-1.403314100292779587e+00,-1.175432734628184983e+00,1.546632831739901681e-01
2.610000000000000098e-01,7.280089918739530708e-01,1.528804297915897337e+00,-7.886093315595827491e+00,-7.063245976195859477e+00,7.280089918739530708e-01,3.825998777229851378e+00,-2.647554234969996534e-01,4.106369735424596712e+00,9.437288921677128295e-01,7.151169159891211935e-01,7.236659451524957154e-02,9.988942864231571683e-02,2.953047762500994947e-02,2.159980022246575093e-01,4.189503993428263934e-03,-1.265448211149389490e-01,3.837049352221445275e+00,1.538030557381953267e+00,4.313481299594362217e-01,9.207222637087627559e-01,-1.719857848052405380e+00,-5.466383501741355344e-01,2.883566293086609611e-01,-1.016592469501414797e+00,3.305719714587315394e+00,-8.851892919396771031e-01,-1.758233438872301768e+00,1.077164679477650849e-01,-6.297746899670482179e-01,4.676641900716790701e-17,3.535573798709151561e+00,4.916116866484517622e+00,-3.539517333379251784e-01,-8.079806975385290801e-01,-1.396143377879982772e+00,-1.172223536147755540e+00,1.618118081937220676e-01
2.620000000000000107e-01,7.517037198556607569e-01,1.515823988938808320e+00,-7.929085639360831550e+00,-7.100401780178406952e+00,7.517037198556607569e-01,3.840887397698588224e+00,-2.729211357215642342e-01,4.130239180960178835e+00,9.336401294675598095e-01,6.885213581408586858e-01,6.989107396368665626e-02,9.621726583269270272e-02,2.827002775177682448e-02,2.079575435297392749e-01,4.068237444956012729e-03,-1.218290472721735573e-01,3.712113499088504298e+00,1.519782110945006925e+00,2.833559623667649130e-01,9.367050941250875118e-01,-1.699420560229322419e+00,-5.507156554150786087e-01,2.951924976300155934e-01,-1.009279436776737926e+00,3.259942810772383570e+00,-8.799010587759338309e-01,-1.734675254792893417e+00,1.069830977394278931e-01,-6.213608282018693307e-01,0.000000000000000000e+00,3.391355420452625502e+00,4.849615995681077152e+00,-5.003278305764762290e-01,-7.697001329160291228e-01,-1.384479918960155320e+00,-1.168008246171991837e+00,1.733634503578420361e-01
2.630000000000000115e-01,7.833601477190883511e-01,1.449045395759321009e+00,-7.953566373409561407e+00,-7.135940549642286967e+00,7.833601477190883511e-01,3.799645126478727430e+00,-2.661864177426340738e-01,4.147907691854620715e+00,8.988568345265508519e-01,6.560853462065502351e-01,6.682118547960044785e-02,9.172722545799227856e-02,2.677802800552531864e-02,1.981542482444506037e-01,3.910743252847143775e-03,-1.160808269924464009e-01,3.641606106172978308e+00,1.519932541098793388e+00,1.954760370657131485e-01,9.341591794650508929e-01,-1.686982458282399566e+00,-5.566018443958639095e-01,3.026790730036671428e-01,-1.003384882384068533e+00,3.218451819710635764e+00,-8.758299622992109512e-01,-1.713431152950434688e+00,1.063966137326598366e-01,-6.137754040402687572e-01,0.000000000000000000e+00,3.294306569995459899e+00,4.805205546289029961e+00,-5.886266997755055241e-01,-7.524939454798584837e-01,-1.382431596305289112e+00,-1.166466505183285651e+00,1.865982460112207419e-01
2.640000000000000124e-01,8.187334703103951172e-01,1.347832368180695184e+00,-7.963464501181989341e+00,-7.173867689765573097e+00,8.187334703103951172e-01,3.710665886877831277e+00,-2.474558731313948601e-01,4.159912223294084832e+00,8.485780172041587077e-01,7.405854978895366481e-01,7.551488164856082208e-02,1.035562351323803532e-01,3.016632480640248429e-02,2.236726713388794696e-01,4.427326508229612566e-03,-1.310278446991371970e-01,3.815743558412431291e+00,1.563041484958067606e+00,3.829375833305383448e-01,9.214375396587314304e-01,-1.709671858136667888e+00,-5.581647011522932189e-01,3.099904189274919064e-01,-1.013260010996678506e+00,3.243534531137226562e+00,-8.847258984205743637e-01,-1.727038360964076258e+00,1.074458968759467031e-01,-6.186619036201309596e-01,-1.632349655860661992e-16,3.543069045305289322e+00,4.882090897743854185e+00,-3.982320799576556380e-01,-7.754344964989423605e-01,-1.378553289921841785e+00,-1.172399278264194766e+00,1.789625742283545429e-01
2.650000000000000133e-01,8.531371530209446163e-01,1.238804552546249660e+00,-7.965622207536853239e+00,-7.202018020068551074e+00,8.531371530209446163e-01,3.621699920095737824e+00,-2.275265562704189559e-01,4.168612793661939264e+00,7.944629402866382195e-01,6.866884048257128059e-01,7.023130974457830744e-02,9.606164942783991523e-02,2.781197931174798910e-02,2.073875231630316895e-01,4.138987100130111889e-03,-1.214829359067657044e-01,3.618380888734032741e+00,1.539610051688616421e+00,1.722538644886005277e-01,9.027685939427269046e-01,-1.678677125111372348e+00,-5.649591361789312316e-01,3.088177106149635476e-01,-9.982069738189975894e-01,3.174745331372514912e+00,-8.725838127320747484e-01,-1.691185872059452144e+00,1.058858080580914879e-01,-6.058433999795241887e-01,1.156376992807580039e-16,3.306862319740747846e+00,4.784586692805709696e+00,-6.042682988156342638e-01,-7.606052988049772923e-01,-1.365403793890249018e+00,-1.166663549058325478e+00,1.873347747081979542e-01
2.660000000000000142e-01,8.860508357930072521e-01,1.110262136485402396e+00,-7.962836619624196643e+00,-7.232695916865918839e+00,8.860508357930072521e-01,3.511062348733258176e+00,-2.011807698761801932e-01,4.174944923048571788e+00,7.315739826899798626e-01,7.467171684847059288e-01,7.658657606915168781e-02,1.044985188197056492e-01,3.007933389131505972e-02,2.255071785833840659e-01,4.535626936670081842e-03,-1.320917084776236372e-01,3.601941432946747845e+00,1.540258829764723059e+00,1.349058809325722197e-01,9.229709432496981947e-01,-1.672680233077693535e+00,-5.659274226473208769e-01,3.223781226270564515e-01,-1.000861086700924885e+00,3.165218359232836676e+00,-8.757543108072198823e-01,-1.686779012094716590e+00,1.061887213726002283e-01,-6.042970282734988485e-01,-1.159470295838910659e-16,3.347797514730528778e+00,4.782063765066711269e+00,-6.363499110549419857e-01,-7.337287349537033876e-01,-1.340984333121709282e+00,-1.165688823984149636e+00,1.902864141494327033e-01
2.670000000000000151e-01,9.177779050445779019e-01,9.490477266448372751e-01,-7.956446303431710554e+00,-7.269101946502313005e+00,9.177779050445779019e-01,3.371333009092716715e+00,-1.656463971569308857e-01,4.179743575991312632e+00,6.539083878277609507e-01,7.573570303285328542e-01,7.792251968485236491e-02,1.060323087922707130e-01,3.031858350436919189e-02,2.287095978150801845e-01,4.640496591344614799e-03,-1.339614649217591436e-01,3.498906798597392509e+00,1.545403275350755390e+00,1.248221977989222298e-02,8.847107343099260834e-01,-1.657170294250601250e+00,-5.716488661146019723e-01,3.275203574184873401e-01,-9.913170411495546563e-01,3.113314700626692133e+00,-8.684905405190826988e-01,-1.659951009339670547e+00,1.052177493877049508e-01,-5.947121742999013083e-01,-7.086847979067405376e-17,3.264946787776370929e+00,4.736640495662300054e+00,-7.499760119469196518e-01,-7.449216915253752402e-01,-1.323242947047816198e+00,-1.161720543823158591e+00,1.935588924967281410e-01
2.680000000000000160e-01,9.484244130157790664e-01,7.560946892836852840e-01,-7.949193400000637233e+00,-7.315142962140643412e+00,9.484244130157790664e-01,3.201568105354143157e+00,-1.208032504572250504e-01,4.184049502037129109e+00,5.619526939988626069e-01,8.687668168453116513e-01,8.968469756853900132e-02,1.216832751868919260e-01,3.454876410452652202e-02,2.623408988721913637e-01,5.371991782033602378e-03,-1.536528138756678707e-01,3.468711344873005142e+00,1.533044845708024795e+00,-3.930458772096279141e-02,9.355651191170858416e-01,-1.649148709250666256e+00,-5.726382270036890487e-01,3.399684186291271337e-01,-9.996025222558712064e-01,3.117438999935606692e+00,-8.768190254228692693e-01,-1.662993024214603821e+00,1.061313688539004541e-01,-5.958393642423506220e-01,0.000000000000000000e+00,3.337875639462445587e+00,4.740168543212170071e+00,-7.944403379569401347e-01,-6.928791409929914158e-01,-1.280676441524574383e+00,-1.163105599464006046e+00,1.863156047534592630e-01
2.690000000000000169e-01,9.796182782640884268e-01,5.429952563763016382e-01,-7.943357767239751510e+00,-7.374051491565432492e+00,9.796182782640884268e-01,3.002522450633280826e+00,-6.775716491207768588e-02,4.188730038847594095e+00,4.612663995113210347e-01,9.557619088074843505e-01,9.877608141099041006e-02,1.338875752969842237e-01,3.792429804967384355e-02,2.886065571540048502e-01,5.927815850369375951e-03,-1.690338908950001495e-01,3.489464419524696659e+00,1.546186412533267163e+00,-1.763796736840406165e-02,9.249241789509384803e-01,-1.647891446440615137e+00,-5.756325733014966417e-01,3.467797879523837890e-01,-1.001898830945393559e+00,3.117531287632050674e+00,-8.791702157481723345e-01,-1.663323013101208891e+00,1.063843659562657556e-01,-5.959706536153772660e-01,-7.205694001387422939e-17,3.443327497386787339e+00,4.762493781576308649e+00,-7.629206078195921448e-01,-7.004745361005966231e-01,-1.252900523330344518e+00,-1.165675411066504630e+00,1.777458970573835839e-01
2.700000000000000178e-01,1.010902877865597294e+00,3.264061446898921526e-01,-7.938384538079524155e+00,-7.430812315649592215e+00,1.010902877865597294e+00,2.812031005394805216e+00,-1.472822206113863844e-02,4.193737871199200384e+00,3.588170380227168055e-01,1.012225369217060411e+00,1.048833068200961810e-01,1.418489347369102094e-01,3.994735319111984012e-02,3.056435171730624289e-01,6.324201197366504865e-03,-1.790052508864804770e-01,3.427895462953387984e+00,1.544000586699006305e+00,-1.005011700242031125e-01,9.300184379492075770e-01,-1.635896242799974143e+00,-5.777517560841040067e-01,3.575901988808023457e-01,-1.003101612058662440e+00,3.098883053966660750e+00,-8.814827902460382614e-01,-1.654239855522701585e+00,1.065910490800397875e-01,-5.927231961042955799e-01,0.000000000000000000e+00,3.437019220111785955e+00,4.747766947485764000e+00,-8.401350255333311923e-01,-6.842740643823741475e-01,-1.223661676546871968e+00,-1.164150750991033156e+00,1.785849479943218687e-01
2.710000000000000187e-01,1.041129209127193533e+00,1.112610920394654368e-01,-7.929044338493787869e+00,-7.485157126026233065e+00,1.041129209127193533e+00,2.618118780938122558e+00,3.942302595787752773e-02,4.196577917221920195e+00,2.571894849167382646e-01,1.087355161899553169e+00,1.130273263464249972e-01,1.524435251327735663e-01,4.263335593240244470e-02,3.283151186153374645e-01,6.852994409587008680e-03,-1.922743048829990142e-01,3.428998530889689977e+00,1.539557053002054587e+00,-1.068819723039075020e-01,9.692586497495088160e-01,-1.631325922299492248e+00,-5.809347991454328897e-01,3.667126271359951728e-01,-1.011950429199014900e+00,3.108775406379676642e+00,-8.900187381060437053e-01,-1.660215118148421709e+00,1.075290705452194573e-01,-5.949216368963367030e-01,-1.611026820632989830e-16,3.504403263590227802e+00,4.761359785728155991e+00,-8.444571852771776133e-01,-6.483231124665104206e-01,-1.195481733138935354e+00,-1.169003441632182616e+00,1.744383222529959920e-01
2.720000000000000195e-01,1.070785336312157332e+00,-8.769319023824695414e-02,-7.912951708701362996e+00,-7.528069739525613535e+00,1.070785336312157332e+00,2.439397638084605635e+00,9.091283241968971252e-02,4.196286338627297496e+00,1.630149829048279653e-01,1.196151508891770687e+00,1.247576283999546759e-01,1.677744570529492718e-01,4.656645679811514255e-02,3.611482985117847599e-01,7.609497083258914309e-03,-2.114920244783329850e-01,3.515674565967918497e+00,1.565760782335984036e+00,-2.669114568732300352e-02,9.819905684469565355e-01,-1.638923279829269664e+00,-5.849748012824007581e-01,3.812624863291718680e-01,-1.023377143012455637e+00,3.124083467654282575e+00,-9.009776773707314224e-01,-1.669180325340272830e+00,1.087517972060105115e-01,-5.981951816734139005e-01,0.000000000000000000e+00,3.688448931847233325e+00,4.814601878390221579e+00,-7.598943660051051818e-01,-6.406233000952011869e-01,-1.169023184111474212e+00,-1.175560485872555683e+00,1.697704618508388830e-01
2.730000000000000204e-01,1.099014287940766499e+00,-2.442466768600761728e-01,-7.894485033459975654e+00,-7.555515446913918076e+00,1.099014287940766499e+00,2.301464037113315264e+00,1.329961216484997211e-01,4.194409319095202981e+00,8.817078975647743566e-02,1.279240218142800201e+00,1.338935726211645250e-01,1.795131506205632499e-01,4.944324482324909814e-02,3.862177133947966023e-01,8.214319749408428850e-03,-2.261614494750078530e-01,3.598625797619245503e+00,1.597994927530097753e+00,3.719578002229295688e-02,9.853364574650916863e-01,-1.651751246383747151e+00,-5.898281871459060133e-01,3.941575244020347757e-01,-1.031660462348100271e+00,3.128096032987146113e+00,-9.092617210215413470e-01,-1.672199195937434268e+00,1.096511191252877854e-01,-5.993307455691508911e-01,1.636334635142341530e-16,3.846205553413945211e+00,4.859984533138407947e+00,-6.925527903786851125e-01,-6.374194936490934493e-01,-1.155882413863662750e+00,-1.180944612965648455e+00,1.679960749270270892e-01
2.740000000000000213e-01,1.124490594753290162e+00,-3.641659080471854049e-01,-7.880107054519934984e+00,-7.578580869845840340e+00,1.124490594753290162e+00,2.189478476369504989e+00,1.687643879922668400e-01,4.193184114424000519e+00,3.040017242987697044e-02,1.252070030584903737e+00,1.311942721663393596e-01,1.757246810616032995e-01,4.827668157858835268e-02,3.780075375437448315e-01,8.064586938119826937e-03,-2.213499806048959129e-01,3.411298929557998960e+00,1.571710610152519116e+00,-1.704109953513419096e-01,9.656480068179360554e-01,-1.622896499989214592e+00,-5.943078634055858345e-01,3.958935280465589734e-01,-1.014414228012955776e+00,3.067948537436290923e+00,-8.944729751698936582e-01,-1.640372208343420901e+00,1.078357315922130882e-01,-5.879354192094705667e-01,0.000000000000000000e+00,3.648954732129947143e+00,4.770853419755149538e+00,-8.891592894596322960e-01,-6.264475199468965139e-01,-1.137053230853256602e+00,-1.174178695676936668e+00,1.745435474416630606e-01
2.750000000000000222e-01,1.147019642476057699e+00,-4.682317649653545688e-01,-7.870581814865801107e+00,-7.599364461123175651e+00,1.147019642476057699e+00,2.101180353334019646e+00,1.997840716095546643e-01,4.193636270953519762e+00,-2.036274470436705286e-02,1.243123621539645285e+00,1.306926406443374988e-01,1.745495044567175746e-01,4.760802586586301149e-02,3.752900956115207687e-01,8.075903086438931261e-03,-2.197482917583856998e-01,3.570082502989345485e+00,1.618213576502904871e+00,-5.772858843134054396e-03,9.530017577691655140e-01,-1.642812835998790133e+00,-5.954094817614057344e-01,4.067031051553549048e-01,-1.028692268840735835e+00,3.094246903452986697e+00,-9.077494298199648703e-01,-1.655131377113411517e+00,1.093411086799023074e-01,-5.932904259458785523e-01,-1.191842469474548236e-16,3.784513855688254935e+00,4.843153120600229400e+00,-7.389727842063813501e-01,-6.545215934783830125e-01,-1.158181631707366988e+00,-1.180624004620845158e+00,1.869548133969690940e-01
2.760000000000000231e-01,1.160947383126836208e+00,-5.424207752706085017e-01,-7.860241976226002514e+00,-7.610039970147808752e+00,1.160947383126836208e+00,2.040812552642491617e+00,2.246972367635615975e-01,4.192221539909902539e+00,-5.718771475244138758e-02,1.218897666180309924e+00,1.285390950872156157e-01,1.712065036086629910e-01,4.639291571528158381e-02,3.679540891922835621e-01,7.979392550071611606e-03,-2.154433073785719244e-01,3.618250449143968428e+00,1.650042569372159207e+00,3.207670405632745414e-02,9.184010504019556320e-01,-1.652019086837363870e+00,-5.969618937886578269e-01,4.123547980288748138e-01,-1.031444956477439945e+00,3.085948370100064952e+00,-9.108921191281483809e-01,-1.651402932199129703e+00,1.096334349505371925e-01,-5.919981575500912196e-01,-4.348257662674757273e-17,3.805703158846838186e+00,4.864530034559439109e+00,-7.076089114631579635e-01,-6.866089660818924800e-01,-1.174431562694543185e+00,-1.180980658788677529e+00,1.969114906503028339e-01
2.770000000000000240e-01,1.161059164616203843e+00,-5.667979897017034752e-01,-7.843419365988874681e+00,-7.598071694659799924e+00,1.161059164616203843e+00,2.027262645714356992e+00,2.385053386023678335e-01,4.185675219670748071e+00,-7.084673164469751372e-02,1.084164425797093267e+00,1.147362442354732809e-01,1.523559330930928379e-01,4.097524784760926686e-02,3.272670820036512329e-01,7.159068245635218097e-03,-1.916110357473169989e-01,3.697830800234460202e+00,1.685998123970529283e+00,1.048810850647894366e-01,8.979634702962526749e-01,-1.662917505981933886e+00,-6.001267839806332383e-01,4.216301246372602396e-01,-1.038123369907652416e+00,3.087157738827367215e+00,-9.175826909334870995e-01,-1.652848799127375923e+00,1.103429748137500638e-01,-5.925762252789082973e-01,0.000000000000000000e+00,3.743871856123901054e+00,4.887892107033369626e+00,-6.603456727756048528e-01,-7.139100809835139394e-01,-1.225307449164532603e+00,-1.185543941013906144e+00,2.300190888899432407e-01
2.780000000000000249e-01,1.146331665172197756e+00,-5.344144671841466465e-01,-7.817446561836118413e+00,-7.558896094984607572e+00,1.146331665172197756e+00,2.064257589334604681e+00,2.397944294093395934e-01,4.172669511071285697e+00,-5.804211318544383325e-02,1.157740346956990019e+00,1.229814151224064706e-01,1.627743288408368960e-01,4.343123921784045743e-02,3.494593307898293255e-01,7.714068758910471064e-03,-2.045937990049176147e-01,3.802297847702736711e+00,1.721212866090920945e+00,1.988180344032188795e-01,8.982375560191203645e-01,-1.679448559359682847e+00,-6.030999600031917707e-01,4.309692511145741811e-01,-1.049181495805479702e+00,3.101314593899294536e+00,-9.281061615991506031e-01,-1.661241352279362760e+00,1.115065613758203927e-01,-5.956532612326979059e-01,0.000000000000000000e+00,3.910856698854247249e+00,4.945508875112622604e+00,-5.665137983550948553e-01,-7.195725570424019724e-01,-1.218482667194033198e+00,-1.191039152476979002e+00,2.263754521096565664e-01
2.790000000000000258e-01,1.119942623072193388e+00,-4.554186052691943654e-01,-7.785405959821202870e+00,-7.501106716760276960e+00,1.119942623072193388e+00,2.133858029255625510e+00,2.323521637440678356e-01,4.154680241495202431e+00,-2.319843622110220882e-02,1.116498660860994585e+00,1.187423602817876261e-01,1.569993139108403768e-01,4.177997399134087547e-02,3.370040849845646891e-01,7.461406670205502495e-03,-1.972983809786565679e-01,3.689507552739041518e+00,1.704087659640920460e+00,7.774415979298021639e-02,8.868971177595992295e-01,-1.660942085360466391e+00,-6.052747852624692504e-01,4.315938625012717411e-01,-1.040504699205996975e+00,3.068772462906001586e+00,-9.207470167550275697e-01,-1.644110965847092709e+00,1.105896667342867873e-01,-5.895291189660029074e-01,4.320757769614054099e-17,3.765501514394038907e+00,4.891602482828709242e+00,-6.860035430512070320e-01,-7.154338740961525556e-01,-1.213348333641615096e+00,-1.187342497558266707e+00,2.342954815226152288e-01
2.800000000000000266e-01,1.089935777951838602e+00,-3.505583682399556200e-01,-7.755945183736276505e+00,-7.434930282845950700e+00,1.089935777951838602e+00,2.235931249364620399e+00,2.165884237071599716e-01,4.137314341719324773e+00,2.322455780017371185e-02,1.137422775820156273e+00,1.213936907580928093e-01,1.600150346692087167e-01,4.226799496413519153e-02,3.433092447549823123e-01,7.664277189845709187e-03,-2.009802864712780246e-01,3.829400247900136556e+00,1.744289193178056863e+00,2.095163151607272733e-01,9.015878388502461815e-01,-1.684772883600919924e+00,-6.128683395720060378e-01,4.386716803875496673e-01,-1.052592162591320379e+00,3.088281404966835453e+00,-9.320316662504636307e-01,-1.655296208332547758e+00,1.118518854289503872e-01,-5.936106360364100665e-01,1.219586029548978429e-16,3.914230861128972450e+00,4.953964288902985125e+00,-5.625003164205276684e-01,-7.114403745181663297e-01,-1.229611753416987252e+00,-1.198814698418570357e+00,2.376913939162717537e-01
2.810000000000000275e-01,1.061476605365082593e+00,-2.193518197959144489e-01,-7.737145023593049231e+00,-7.368557388829437116e+00,1.061476605365082593e+00,2.369786982934450226e+00,1.931769793741117403e-01,4.124654800456514891e+00,8.151891653453918751e-02,1.049454379236292256e+00,1.123782717054284813e-01,1.477123737434853923e-01,3.870984583581033034e-02,3.167470006640942803e-01,7.133298436077358841e-03,-1.854209382618151880e-01,3.857262434927323902e+00,1.760139838047736216e+00,2.298808366696538652e-01,9.169320023981034629e-01,-1.686299562152919318e+00,-6.210844650577338477e-01,4.470707403365757338e-01,-1.056157276350554008e+00,3.078148926700066568e+00,-9.361958784465469474e-01,-1.650754925952940155e+00,1.122581216929661313e-01,-5.920480597071252626e-01,-1.656865587076777995e-16,3.850559537813062150e+00,4.950667036453231695e+00,-5.586026680334077454e-01,-6.951130777190264176e-01,-1.257294439795858976e+00,-1.205999226328781537e+00,2.616498020747604070e-01
2.820000000000000284e-01,1.039134129709552656e+00,-6.043055242162664875e-02,-7.724947348122527480e+00,-7.300480275003855546e+00,1.039134129709552656e+00,2.526153427092442172e+00,1.627795749293761696e-01,4.115848364362175715e+00,1.522446894433871489e-01,9.713501034167377757e-01,1.043984913674798343e-01,1.367782893645118625e-01,3.559312607822304880e-02,2.931599787259722700e-01,6.652625504921551303e-03,-1.716055464764495164e-01,3.873030110288390837e+00,1.743581687247889311e+00,2.334677065369834548e-01,9.866195299348383685e-01,-1.688967245212273482e+00,-6.165124420140488670e-01,4.514638230708234445e-01,-1.069099766264597795e+00,3.102342538851596832e+00,-9.479934912763814392e-01,-1.664368770425951771e+00,1.135809269674339095e-01,-5.970010844381078430e-01,-1.238751042501561523e-16,3.775280447440530374e+00,4.950322717466965727e+00,-5.777474953748861219e-01,-6.421561144128903331e-01,-1.282226339518867331e+00,-1.206860900947235304e+00,2.798582765943737893e-01
2.830000000000000293e-01,1.026057373599682299e+00,1.152523097105974115e-01,-7.708683544911695051e+00,-7.221542008275778635e+00,1.026057373599682299e+00,2.699336235668726047e+00,1.274457311047453023e-01,4.107141496181170304e+00,2.301181208791478472e-01,8.827093921879394234e-01,9.524446487309758125e-02,1.243523522184499519e-01,3.210976512528022214e-02,2.663930938043180263e-01,6.095611789272625466e-03,-1.559293844596784107e-01,3.891129656609693122e+00,1.756211051890465003e+00,2.340837816465272669e-01,9.934863293220685954e-01,-1.693855745332936813e+00,-6.177994003547059298e-01,4.577664616830577904e-01,-1.069950831928090595e+00,3.088081441498352397e+00,-9.492910033344692522e-01,-1.657504713030385490e+00,1.136386154331751330e-01,-5.946070847271240911e-01,1.239752235503922494e-16,3.703888216869541949e+00,4.939536958261914634e+00,-5.908548694694919501e-01,-6.319086185830367075e-01,-1.313824036095443626e+00,-1.206310873292557373e+00,3.018370772233794908e-01
2.840000000000000302e-01,1.019776918099506657e+00,3.043020503843647528e-01,-7.685816523657241106e+00,-7.134821401124522566e+00,1.019776918099506657e+00,2.873795216651025441e+00,8.972890199667482580e-02,4.096582199290535797e+00,3.139689208262625986e-01,8.103745830270672190e-01,8.755640265997562122e-02,1.141810816926554090e-01,2.940685261007692369e-02,2.445596519349602649e-01,5.611382834546953940e-03,-1.431471513804399298e-01,3.979645383928763991e+00,1.782901870834630698e+00,3.382401106782561007e-01,9.749548855183987062e-01,-1.705830393656597277e+00,-6.181611105369241299e-01,4.570690287963881104e-01,-1.072822216846162302e+00,3.091082039824441630e+00,-9.519883548310296151e-01,-1.659367914308618852e+00,1.139290029242241570e-01,-5.953001854323990427e-01,8.084272650125514459e-17,3.717197750109669130e+00,4.961540313319048323e+00,-4.995671624601181193e-01,-6.550061761801432292e-01,-1.347341738797412924e+00,-1.207849913134776187e+00,3.139218774159482361e-01
2.850000000000000311e-01,1.016543139770619719e+00,5.053996843547963191e-01,-7.654172299979645544e+00,-7.032130304130186360e+00,1.016543139770619719e+00,3.064461751181685845e+00,4.570234809420860994e-02,4.083107588186592807e+00,4.025630901326241462e-01,6.982020943306517236e-01,7.570987044291013768e-02,9.842360394280566527e-02,2.515953603776490202e-02,2.106993206984732192e-01,4.872391393703987168e-03,-1.233220536815422819e-01,3.929897662889200394e+00,1.776664863323801358e+00,2.661617794109054080e-01,9.888114623250391366e-01,-1.702494004758631441e+00,-6.195439283743804371e-01,4.592752925518535090e-01,-1.066776951931470707e+00,3.058177589403143326e+00,-9.471421722958144329e-01,-1.642424118033875668e+00,1.132581656716823149e-01,-5.892938767477737816e-01,0.000000000000000000e+00,3.561322805288381410e+00,4.910552323169855349e+00,-5.825567889421032763e-01,-6.284531196710716472e-01,-1.378536518388475907e+00,-1.203965413728450340e+00,3.359532388703112549e-01
2.860000000000000320e-01,1.014533970841979604e+00,7.002900938461572578e-01,-7.612912695339391966e+00,-6.922412674164941215e+00,1.014533970841979604e+00,3.244541368353827782e+00,1.407140076384280711e-03,4.065769721944514359e+00,4.879962142018327009e-01,6.540442227180146562e-01,7.116054077943292921e-02,9.223936577976950268e-02,2.341660682379738401e-02,1.973672041722835113e-01,4.596649180109422562e-03,-1.155138665992094804e-01,3.912558618602764327e+00,1.790550126794528740e+00,2.305356364739675201e-01,9.713909998045213712e-01,-1.705349643607854127e+00,-6.250975146627263390e-01,4.603330565913802963e-01,-1.056984616968887014e+00,3.016376454251208372e+00,-9.388799177072266744e-01,-1.620634963081397872e+00,1.121880521776633111e-01,-5.815415800055263595e-01,0.000000000000000000e+00,3.509618224351891858e+00,4.878087121825169348e+00,-6.161049154534896655e-01,-6.258273564530790756e-01,-1.395794387257907276e+00,-1.202042445488143318e+00,3.448191899921708159e-01
2.870000000000000329e-01,1.015225306583807940e+00,8.690256542624310576e-01,-7.569160005355828780e+00,-6.817595333891119935e+00,1.015225306583807940e+00,3.401144312985045381e+00,-3.975162774554390904e-02,4.047873170567896750e+00,5.610641149074342415e-01,5.382422979947174557e-01,5.878363800525622518e-02,7.594536459558975938e-02,1.912949743199884867e-02,1.624163122457090713e-01,3.812932333194143930e-03,-9.505343348949252258e-02,3.867485152511039193e+00,1.789026131167879452e+00,1.603759352336086574e-01,9.891845722512744299e-01,-1.701485607487687846e+00,-6.314947372244821278e-01,4.657940579956622029e-01,-1.048929388489322045e+00,2.976941832841652147e+00,-9.323032977359754225e-01,-1.600238702051114625e+00,1.113124329672941087e-01,-5.742919543151967510e-01,1.215437967288635228e-16,3.356798062016434159e+00,4.824751602014788254e+00,-6.959819979067770612e-01,-5.919246323678413191e-01,-1.427756862274684568e+00,-1.201973759206484749e+00,3.707406245061697914e-01
2.880000000000000338e-01,1.019658358109266638e+00,1.003841378956067398e+00,-7.529896026943473153e+00,-6.728124125734834315e+00,1.019658358109266638e+00,3.526950161171601650e+00,-7.625340981989021938e-02,4.032447845018285904e+00,6.183384701663843241e-01,5.680452289082464912e-01,6.228694770846616990e-02,8.019019504569549484e-02,2.003235829293162004e-02,1.714009478330423553e-01,4.057398435582483531e-03,-1.003065176694297039e-01,3.875691152903937287e+00,1.809186827926724250e+00,1.537518542674209954e-01,9.696142021134379618e-01,-1.704262450274496743e+00,-6.341653131224952444e-01,4.718359309027592707e-01,-1.044206565715618762e+00,2.947463190515437592e+00,-9.286198409887898020e-01,-1.585178198534887395e+00,1.107770684397536426e-01,-5.689619323145160834e-01,-4.139645523383077417e-17,3.399529816096564794e+00,4.818936966150627832e+00,-6.946777916756733395e-01,-5.955316381285178373e-01,-1.422084434001700926e+00,-1.199069847001428935e+00,3.715294132333294974e-01
2.889999999999999791e-01,1.026253768851783654e+00,1.121857619327899291e+00,-7.493694836393202330e+00,-6.651582105789338506e+00,1.026253768851783654e+00,3.629115912859945059e+00,-1.105614225902793596e-01,4.018072663621691021e+00,6.680727350905426576e-01,5.492969821922005780e-01,6.031514364106371068e-02,7.755724233344615803e-02,1.932094223995149337e-02,1.657416318238343900e-01,3.934222667881072735e-03,-9.699294160940707954e-02,4.008334860043863301e+00,1.817838338922481922e+00,3.149311060599681578e-01,1.020375908546748978e+00,-1.717438264245135793e+00,-6.301626521745125054e-01,4.726723222700166538e-01,-1.063787730386855701e+00,2.997812358253141518e+00,-9.461521933626133585e-01,-1.612499131495648941e+00,1.128358535632819765e-01,-5.787973614819581503e-01,1.653670374563193212e-16,3.493844111849208289e+00,4.875965840816687269e+00,-5.536638449691989594e-01,-5.728022807089484525e-01,-1.438860778858019440e+00,-1.205025790988589529e+00,3.756793806606097408e-01
2.899999999999999800e-01,1.034542570559237040e+00,1.248469752626643947e+00,-7.458192258422225329e+00,-6.568207212529593164e+00,1.034542570559237040e+00,3.747260666151620789e+00,-1.528008089473870679e-01,4.004007801498245200e+00,7.211343758482738897e-01,5.493408045041549004e-01,6.054592200605226487e-02,7.759775082798306411e-02,1.917714036909363984e-02,1.657465360143075550e-01,3.965515277992833799e-03,-9.699102734978241880e-02,3.984512548385900743e+00,1.824533576809790780e+00,2.819168502729276771e-01,1.015547775871458391e+00,-1.708968639905350972e+00,-6.329270210897565141e-01,4.826431966460217327e-01,-1.057828137205567787e+00,2.965939215574534327e+00,-9.413373707692023196e-01,-1.596105501093349144e+00,1.121691297512221047e-01,-5.729883578114044473e-01,1.225781054721783726e-16,3.476025215684487968e+00,4.851018714390376907e+00,-5.818227696682916061e-01,-5.613805848527970710e-01,-1.431052974139821243e+00,-1.201949863623168024e+00,3.856521692962394110e-01
2.909999999999999809e-01,1.044661094813166935e+00,1.381225915341931731e+00,-7.424683999944931223e+00,-6.485021373561868252e+00,1.044661094813166935e+00,3.870169933309926424e+00,-2.000527294897421204e-01,3.990431177930784390e+00,7.767479310765872391e-01,6.070208188548794626e-01,6.713614911035606370e-02,8.578724569083961971e-02,2.104218600602420636e-02,1.831440919792067246e-01,4.413669805955468435e-03,-1.071668445414449555e-01,3.989128958252749158e+00,1.822501649509278510e+00,2.870550889977013798e-01,1.042293336351365118e+00,-1.705878908968606167e+00,-6.341849551927228879e-01,4.869357252755902588e-01,-1.059303750079024775e+00,2.956984473730332574e+00,-9.430287615291593761e-01,-1.591928617424550607e+00,1.122855408041308900e-01,-5.715697847232165119e-01,-1.642530256784015487e-16,3.536846027028603956e+00,4.846622272349966565e+00,-5.701864268406183767e-01,-5.285930950671612338e-01,-1.410449276185268497e+00,-1.201341070109984033e+00,3.797688807341451644e-01
2.919999999999999818e-01,1.056621260252508243e+00,1.517124921155265316e+00,-7.388930034096192756e+00,-6.397565161154727065e+00,1.056621260252508243e+00,3.996137520648962216e+00,-2.517607964490350403e-01,3.975632582543858540e+00,8.333117291879678090e-01,6.527789798190659631e-01,7.248798244678121561e-02,9.229927914269472899e-02,2.244804928213749509e-02,1.969399150720579639e-01,4.784853958686914079e-03,-1.152334920062960955e-01,4.054717916742539785e+00,1.829784837790839669e+00,3.499824281822369598e-01,1.089994083177622697e+00,-1.709347545721890071e+00,-6.335303387764986693e-01,4.989383735291332278e-01,-1.068835755104163399e+00,2.968974646003132101e+00,-9.519050015801688858e-01,-1.599116347628308343e+00,1.132445343437146895e-01,-5.742396823967192976e-01,8.219893203555623593e-17,3.638661141457442572e+00,4.871247466240752999e+00,-5.096232942552371137e-01,-4.866742151685481410e-01,-1.399163096306117460e+00,-1.202985167214530859e+00,3.837048815228372156e-01
2.929999999999999827e-01,1.068401636857688741e+00,1.660321707031626737e+00,-7.343564158662445607e+00,-6.297176585851600450e+00,1.068401636857688741e+00,4.126762625816328800e+00,-3.079912849187849133e-01,3.956162701434404738e+00,8.927327160536555617e-01,6.562203256855312361e-01,7.317379600493018055e-02,9.283465738221746699e-02,2.237625393446206895e-02,1.979671275816758114e-01,4.850628351160631881e-03,-1.158282414126085846e-01,4.030525907095380056e+00,1.836801081112202638e+00,3.264339590929241641e-01,1.069401676334017059e+00,-1.704295524049165511e+00,-6.330101988639399435e-01,4.997791498351985551e-01,-1.064081196800379381e+00,2.939377726386063205e+00,-9.481853873777374986e-01,-1.584000022763834226e+00,1.127016485207485708e-01,-5.688975343654939509e-01,0.000000000000000000e+00,3.622665035980531911e+00,4.849352603503195525e+00,-5.289167709025959230e-01,-4.922220924953550902e-01,-1.393626747946741018e+00,-1.197057104878273215e+00,3.839509084225899427e-01
2.939999999999999836e-01,1.076655525302992356e+00,1.804354672515618763e+00,-7.285872099984007200e+00,-6.190017682410688948e+00,1.076655525302992356e+00,4.245386806051638651e+00,-3.640065866549569429e-01,3.930159075350707187e+00,9.526461797962471056e-01,7.134300916266704817e-01,7.966278317484813687e-02,1.009456188131975379e-01,2.425779426036836495e-02,2.152227714086486499e-01,5.288304428703639176e-03,-1.259220395203479725e-01,4.053723171058783770e+00,1.840138349519300887e+00,3.549496266644899811e-01,1.083259232166252639e+00,-1.704411715319856135e+00,-6.341601189106884640e-01,5.026123328742013729e-01,-1.063967088224973212e+00,2.933751442837121193e+00,-9.482471906223726155e-01,-1.581240185216388872e+00,1.126758102423849883e-01,-5.679369483235318095e-01,0.000000000000000000e+00,3.703186174460481261e+00,4.853552575531270286e+00,-4.923519451446850548e-01,-4.737231587897678953e-01,-1.376513133668822331e+00,-1.196808762805516624e+00,3.766902933538534004e-01
2.949999999999999845e-01,1.079660740202095903e+00,1.939651083136579635e+00,-7.216846973094401818e+00,-6.070425154216819053e+00,1.079660740202095903e+00,4.358332823962212998e+00,-4.209585571017613881e-01,3.898177134187886583e+00,1.008086368742415084e+00,7.975577372045089541e-01,8.938862211508771805e-02,1.129038978557384415e-01,2.690221203681858811e-02,2.405888075166074669e-01,5.957968159906286247e-03,-1.407559650553742159e-01,3.998693239780839015e+00,1.831946233233078702e+00,2.820509858775910317e-01,1.092081257818327433e+00,-1.696543922592059328e+00,-6.330954561918381573e-01,5.074449559885041428e-01,-1.059273821448870612e+00,2.906499810932689609e+00,-9.445145648707667929e-01,-1.567265542522031652e+00,1.121388689880507272e-01,-5.630055278892818205e-01,0.000000000000000000e+00,3.736977155536477024e+00,4.827834666280856446e+00,-5.495596811374373614e-01,-4.482820726668856337e-01,-1.343816246087401245e+00,-1.190143015921213854e+00,3.666889909331298991e-01
2.959999999999999853e-01,1.076259046433708733e+00,2.054944421271077459e+00,-7.137751535331273267e+00,-5.948843565905439945e+00,1.076259046433708733e+00,4.447645869785779027e+00,-4.738962375809990246e-01,3.860445007180834054e+00,1.054448186506664609e+00,7.652504329348397416e-01,8.607748870918749406e-02,1.083763282162851227e-01,2.561576376450858464e-02,2.308296892189250216e-01,5.758509185848311764e-03,-1.350398580610083221e-01,4.000013490441524766e+00,1.853430399447970167e+00,2.873888011120946939e-01,1.051156755183877189e+00,-1.689639601304348648e+00,-6.346059539849544517e-01,5.163302281903069391e-01,-1.054483879670788049e+00,2.880564817039822145e+00,-9.405904161500319161e-01,-1.553948360692830821e+00,1.115833694548137162e-01,-5.583027616609256283e-01,-1.221990617106600983e-16,3.710780043705576681e+00,4.820072705196979612e+00,-5.448252868216520994e-01,-4.771758417444450506e-01,-1.347226542630610036e+00,-1.187150206460031665e+00,3.812903701292985059e-01
2.969999999999999862e-01,1.063603525167472252e+00,2.147944488920486616e+00,-7.058624772730289543e+00,-5.834112131458367934e+00,1.063603525167472252e+00,4.516744939362409283e+00,-5.224179916835450799e-01,3.820746647774249549e+00,1.090844404966000880e+00,9.730540107738877564e-01,1.098922218942953999e-01,1.378684835394395902e-01,3.228525798074576708e-02,2.934934201011198951e-01,7.383285138391677306e-03,-1.716898674646681611e-01,4.008659141065853859e+00,1.880184343095852473e+00,2.937227645388312269e-01,1.016863679643848606e+00,-1.686869259880736216e+00,-6.424081505809572379e-01,5.245187535303517112e-01,-1.048843861395883481e+00,2.851156165474577620e+00,-9.359385649144249530e-01,-1.538833127374661602e+00,1.109303613182044124e-01,-5.529677542687306824e-01,3.995065990803560548e-17,3.932869290443858468e+00,4.841232730464724909e+00,-5.043473168361541914e-01,-4.896841897500672225e-01,-1.282445478461411881e+00,-1.187992619711296216e+00,3.528288860656835224e-01
2.979999999999999871e-01,1.044433171270064298e+00,2.222604321412655182e+00,-6.994447856853015288e+00,-5.738767560040457738e+00,1.044433171270064298e+00,4.574802474820660159e+00,-5.675663194475368822e-01,3.785705894751197231e+00,1.119001020327305751e+00,1.087637261668008337e+00,1.233412578964699219e-01,1.541777071378191699e-01,3.574821845850968682e-02,3.280311465907154167e-01,8.324889496429324978e-03,-1.918826380499767115e-01,3.986493811709130863e+00,1.865167955059744420e+00,2.642542005948899098e-01,1.069961583222359680e+00,-1.677209746293126802e+00,-6.426729077061050788e-01,5.338864874688109552e-01,-1.057337493556884889e+00,2.858671572657755178e+00,-9.440156646500770243e-01,-1.543696437362127583e+00,1.117818998369561750e-01,-5.548191500435318835e-01,0.000000000000000000e+00,4.016793579820253868e+00,4.847180785613970144e+00,-5.255837569173679169e-01,-4.379866356812582295e-01,-1.237396699865455307e+00,-1.189167168253207674e+00,3.420038494188342160e-01
2.989999999999999880e-01,1.024506623545124784e+00,2.281576690621156978e+00,-6.948148433062622864e+00,-5.671547352400425623e+00,1.024506623545124784e+00,4.616915579966358152e+00,-6.076554876446881304e-01,3.757513931810563257e+00,1.140325885265052630e+00,1.206267695771580550e+00,1.369828135048120066e-01,1.710215610860912339e-01,3.952210321550771871e-02,3.638017682924418184e-01,9.259584702550038501e-03,-2.128025827312572393e-01,4.005738965539318741e+00,1.885423433805389459e+00,2.929530796741329768e-01,1.033163063743491428e+00,-1.675855149826500856e+00,-6.450626651972577452e-01,5.371926709637786512e-01,-1.056188136297654845e+00,2.850521810039026604e+00,-9.431424344455927589e-01,-1.539564199098966357e+00,1.116431828252708730e-01,-5.533684665063552943e-01,0.000000000000000000e+00,4.155818525013244447e+00,4.872928057349227515e+00,-4.791677936853685482e-01,-4.668790321399672316e-01,-1.200410198708788290e+00,-1.189171547001063090e+00,3.243900882325214119e-01
2.999999999999999889e-01,1.006042992712646411e+00,2.316809222011342762e+00,-6.910665485635275829e+00,-5.615223480071352746e+00,1.006042992712646411e+00,4.646952516908561037e+00,-6.429726686672385672e-01,3.733112648126586830e+00,1.150438261494407977e+00,1.187401790694941672e+00,1.353635388424216379e-01,1.684323485044284807e-01,3.855869600639236922e-02,3.580913217042046015e-01,9.188454663992404875e-03,-2.094507767437163159e-01,3.839920280611718084e+00,1.813065521064765484e+00,1.332119106631858285e-01,1.129602088527005943e+00,-1.639194188690897391e+00,-6.439846093304614216e-01,5.383918621726326847e-01,-1.061069031926477058e+00,2.848699016376611937e+00,-9.480039842102788716e-01,-1.539350278404357786e+00,1.121217678327086631e-01,-5.533912639691483948e-01,-1.229684738771774267e-16,3.966253039380182699e+00,4.797128076283798670e+00,-6.463597250426645902e-01,-3.711894938709594527e-01,-1.168981099153984182e+00,-1.188187418635617387e+00,3.289410854289162578e-01
3.009999999999999898e-01,9.952657815176230161e-01,2.304766456219861759e+00,-6.871086191319626835e+00,-5.574603517400082531e+00,9.952657815176230161e-01,4.631152069415356287e+00,-6.636060381676943676e-01,3.709471469689488377e+00,1.138987696145003170e+00,1.285514950366376086e+00,1.470647963696233296e-01,1.824200268799881786e-01,4.139561896058555762e-02,3.876505931739065991e-01,1.002187627819299022e-02,-2.267284186934221679e-01,3.791122642626669315e+00,1.812291747116105300e+00,6.709122393762489978e-02,1.125457268387188403e+00,-1.631965692914928212e+00,-6.456625226898105030e-01,5.441561043233869022e-01,-1.059292419247532369e+00,2.830239696117953230e+00,-9.468868113715750434e-01,-1.530098059881388028e+00,1.118978901007051802e-01,-5.501526338506901315e-01,0.000000000000000000e+00,4.017345173745512810e+00,4.789596239603681305e+00,-6.973755605539619928e-01,-3.632451725336140469e-01,-1.132417209640316447e+00,-1.185793280262307681e+00,3.174276856299647065e-01
3.019999999999999907e-01,9.934051282899686308e-01,2.234096110908319943e+00,-6.826316969373539045e+00,-5.549521010934019394e+00,9.934051282899686308e-01,4.559890936013127671e+00,-6.662247885192531527e-01,3.685748317770815241e+00,1.100805941822067036e+00,1.263790336183303609e+00,1.451587775745267761e-01,1.794157114846832712e-01,4.030964111768869235e-02,3.810654665268422003e-01,9.934598252189988724e-03,-2.228637491458294040e-01,3.695024788070385924e+00,1.788947060573017334e+00,-4.408568267790513584e-02,1.144753306408710314e+00,-1.614572371104747273e+00,-6.442758746360732758e-01,5.496751519856348800e-01,-1.059837579440580768e+00,2.816468610387741656e+00,-9.478825009386990796e-01,-1.523461813833929979e+00,1.119120711278744490e-01,-5.478655493430006906e-01,1.228294838537555078e-16,3.898977544813108764e+00,4.750574448535285654e+00,-8.125524721319209442e-01,-3.383988663075309655e-01,-1.121594833450030526e+00,-1.182206825726884070e+00,3.268114028398055870e-01
3.029999999999999916e-01,9.987847056902803278e-01,2.102430578024282237e+00,-6.775501025597792548e+00,-5.540099624160267133e+00,9.987847056902803278e-01,4.431131304494092760e+00,-6.495096182356072667e-01,3.661433939466136600e+00,1.035085828158885501e+00,1.226526389872728551e+00,1.414611336123103302e-01,1.742071128041967898e-01,3.872712049765112546e-02,3.697959521807847039e-01,9.725422364485291835e-03,-2.162594451736788714e-01,3.604402265043392894e+00,1.773069789578572086e+00,-1.554812339918347774e-01,1.159895405958314196e+00,-1.599365483967989832e+00,-6.467979351938092369e-01,5.565804905706209782e-01,-1.058923522664939165e+00,2.796785697085717448e+00,-9.477298718084007367e-01,-1.513733657134399335e+00,1.117891846379370085e-01,-5.444669303502982505e-01,3.911533025857093949e-17,3.772005132251182502e+00,4.711316620276599920e+00,-9.290039929960388632e-01,-3.151111306784339927e-01,-1.117780347149267994e+00,-1.181539443179622006e+00,3.403210453969420790e-01
3.039999999999999925e-01,1.009859773379288228e+00,1.921740324460149640e+00,-6.717462103889888958e+00,-5.549102898654402871e+00,1.009859773379288228e+00,4.245567101342090588e+00,-6.138871846654607722e-01,3.635822046253829765e+00,9.478987500086171192e-01,1.309147471879963387e+00,1.512001254173991616e-01,1.859706581680197757e-01,4.119480577568480212e-02,3.946939182376785760e-01,1.041052915319086968e-02,-2.308151589899552214e-01,3.661822956709385402e+00,1.794962798536178683e+00,-9.295078226853392689e-02,1.143710332438139687e+00,-1.605161830361591324e+00,-6.454990090522736423e-01,5.614837802104565290e-01,-1.070344853962298837e+00,2.821582582470087974e+00,-9.581361740425975437e-01,-1.527445604628337783e+00,1.129803920964449482e-01,-5.494347861887842743e-01,0.000000000000000000e+00,3.900625574627050174e+00,4.767745506423666235e+00,-8.651162981431115284e-01,-3.425404664145133005e-01,-1.097487520027467855e+00,-1.184523266087867066e+00,3.306686212205013353e-01
3.049999999999999933e-01,1.021717691608689860e+00,1.716001678046531698e+00,-6.656218210470191465e+00,-5.559339459163302521e+00,1.021717691608689860e+00,4.042727718044265117e+00,-5.695806684913944373e-01,3.609539566755008089e+00,8.496725102732337609e-01,1.208286220374866549e+00,1.400826353751393472e-01,1.717175933466469351e-01,3.766313590118818000e-02,3.642562328674788796e-01,9.684619862950234054e-03,-2.130032332525882977e-01,3.567296170342185935e+00,1.786883596467474078e+00,-2.075870237741245239e-01,1.139422389514596290e+00,-1.587877262334027595e+00,-6.520397202173046081e-01,5.705048449497256424e-01,-1.065121571710577975e+00,2.792598023505799887e+00,-9.540143943510952518e-01,-1.512587735161664337e+00,1.123969830144643106e-01,-5.441859646242260817e-01,-1.624838558786502374e-16,3.710460819006474509e+00,4.719564255348413617e+00,-9.898838247785729516e-01,-3.355022097458798536e-01,-1.111224046452084391e+00,-1.186541064978580362e+00,3.575016116971372337e-01
3.059999999999999942e-01,1.036124536451290323e+00,1.489254946526678225e+00,-6.599615714903205088e+00,-5.583105195633063289e+00,1.036124536451290323e+00,3.821222874244135426e+00,-5.158750831816670823e-01,3.586290218729034418e+00,7.426119100948984642e-01,1.256547821429943257e+00,1.462007317908718962e-01,1.786480364605247950e-01,3.881635858426287639e-02,3.787772744167355876e-01,1.014619675449473027e-02,-2.214826628992224988e-01,3.542806109465653552e+00,1.782763768269662430e+00,-2.369186648905141634e-01,1.159044038322360359e+00,-1.581754546222406077e+00,-6.558444934976679352e-01,5.742637628725130172e-01,-1.073307027477873765e+00,2.800136798005871341e+00,-9.618347035533238998e-01,-1.517439777128315681e+00,1.132259389531712623e-01,-5.460266293419819839e-01,0.000000000000000000e+00,3.726046903417723044e+00,4.729101298066405334e+00,-1.020105331983313324e+00,-3.195793802216924662e-01,-1.089751332852499033e+00,-1.191724926085155234e+00,3.527810999732905461e-01
3.069999999999999951e-01,1.054727829903675751e+00,1.241131639169806844e+00,-6.553749950732774998e+00,-5.624676380989869884e+00,1.054727829903675751e+00,3.585395622746934130e+00,-4.532843127042585629e-01,3.569136812453685526e+00,6.263946256456904838e-01,1.188611151384816766e+00,1.388605651212718728e-01,1.690591727753221751e-01,3.634595520575695932e-02,3.582633850397772268e-01,9.676613141754464645e-03,-2.094748325985216486e-01,3.483297585734674406e+00,1.792427740245670309e+00,-3.099796938244480660e-01,1.126908895963719681e+00,-1.567295377219733332e+00,-6.614663215518941097e-01,5.861838171858444468e-01,-1.069307330048238747e+00,2.774033869518627959e+00,-9.587927563641732709e-01,-1.504182707645855821e+00,1.127640702053558097e-01,-5.413553030508196917e-01,1.626841765204163910e-16,3.602601407071252204e+00,4.705322174885569808e+00,-1.099713277413299162e+00,-3.409278564763791874e-01,-1.096267921974600323e+00,-1.193145011460959193e+00,3.767089845873229370e-01
3.079999999999999960e-01,1.077006758859916369e+00,9.779746079390927438e-01,-6.519416615302362494e+00,-5.682860951786300241e+00,1.077006758859916369e+00,3.341304945723547526e+00,-3.833311222380882954e-01,3.558359830187233008e+00,5.038310078027696814e-01,1.201473049596245124e+00,1.409539532933255235e-01,1.709603727822857633e-01,3.634276803710864701e-02,3.620989190569212646e-01,9.865455399839604539e-03,-2.117036581522655780e-01,3.473446369920533350e+00,1.787247949584761963e+00,-3.372517788617732659e-01,1.162778205751851646e+00,-1.565358646804543730e+00,-6.600274046272791573e-01,5.935925402527866268e-01,-1.083887155200820462e+00,2.794568968489635097e+00,-9.725290489257740756e-01,-1.516277355821414874e+00,1.142703764292251206e-01,-5.458150332802325089e-01,-1.646473869987780449e-16,3.591032264315957789e+00,4.722770871367722556e+00,-1.138820455005261634e+00,-3.171563820324545535e-01,-1.088989351318397247e+00,-1.195976982507672037e+00,3.818888821005209655e-01
3.089999999999999969e-01,1.103828185283372232e+00,7.034225622435035241e-01,-6.492390543425634597e+00,-5.757853374615019781e+00,1.103828185283372232e+00,3.081081431229991452e+00,-3.049076708804043800e-01,3.552394046222481450e+00,3.767970494606308618e-01,1.083865101499609906e+00,1.273335009776006554e-01,1.542479823011865536e-01,3.266749580087172089e-02,3.266425073954916658e-01,8.924779339207629739e-03,-1.909697412842594755e-01,3.389866501141712174e+00,1.769209645010157539e+00,-4.205705024295364747e-01,1.156057316108750843e+00,-1.550525187357696622e+00,-6.606437055660887570e-01,5.922466085209389108e-01,-1.083541724822004282e+00,2.787734308988519150e+00,-9.724574661374277840e-01,-1.512904193002305941e+00,1.142267248152958464e-01,-5.446346811991437109e-01,-1.255890135508699772e-16,3.390189877819318021e+00,4.684277454976277788e+00,-1.238779986265777566e+00,-3.241793810926834052e-01,-1.109655955146908957e+00,-1.196353607426025034e+00,4.012768672366793243e-01
3.099999999999999978e-01,1.132628461486861138e+00,4.310264388884789133e-01,-6.472211027037031883e+00,-5.836053207706814128e+00,1.132628461486861138e+00,2.831215697599821723e+00,-2.257474851333870491e-01,3.550420144139558865e+00,2.506643628801104584e-01,9.980473648784132790e-01,1.177344590951964892e-01,1.420891347452911124e-01,2.978710026095746088e-02,3.007493885703603764e-01,8.280544819646453933e-03,-1.758212385277413414e-01,3.506868942588228677e+00,1.825136814829695808e+00,-3.065546336144619466e-01,1.112781649451575872e+00,-1.570960736378214317e+00,-6.645062662598112402e-01,5.976724821175917191e-01,-1.096440787905447856e+00,2.807635956198610394e+00,-9.843430062510196699e-01,-1.524497904128784720e+00,1.155191444450645866e-01,-5.489084182248703536e-01,1.270850723617893113e-16,3.408475519561194211e+00,4.750507230123502289e+00,-1.148808505120190615e+00,-3.819291544162514151e-01,-1.154692203362789549e+00,-1.205134139665035242e+00,4.218512435898504886e-01
3.109999999999999987e-01,1.159557455978152074e+00,1.891722604079261183e-01,-6.458006115529538960e+00,-5.908973054069067921e+00,1.159557455978152074e+00,2.612597668721772237e+00,-1.517360712558527558e-01,3.551123409965133870e+00,1.387590743963525997e-01,8.138861069254436087e-01,9.637178499537162046e-02,1.159178580390756302e-01,2.406751046201025673e-02,2.452331389117053950e-01,6.800092913993442331e-03,-1.433580777729645817e-01,3.520178370120372602e+00,1.815038530388331184e+00,-2.820820462066785939e-01,1.158543140186675258e+00,-1.567202167516636546e+00,-6.622781738779394134e-01,5.993176315630520667e-01,-1.116333985645198146e+00,2.844625229326727567e+00,-1.002638398215109916e+00,-1.545384813793990508e+00,1.175722575488378496e-01,-5.565247659606789021e-01,0.000000000000000000e+00,3.217730491400618398e+00,4.756035544710430329e+00,-1.168802586382712949e+00,-3.627741631453049731e-01,-1.204396771056093218e+00,-1.212002846924624677e+00,4.559595537900874573e-01
3.119999999999999996e-01,1.182127518207058303e+00,2.286507648009639126e-03,-6.441214978823278869e+00,-5.959430534006970426e+00,1.182127518207058303e+00,2.444267444834955061e+00,-8.910998152577651044e-02,3.550387757717510695e+00,5.218384068342098170e-02,7.275079640809082315e-01,8.651846749332406383e-02,1.036574241844255007e-01,2.129067875476171531e-02,2.191824450950626835e-01,6.125660951023930399e-03,-1.281215861304737524e-01,3.615047966553408987e+00,1.861154491678352452e+00,-1.875140700455302789e-01,1.121467469161414821e+00,-1.582046032176804173e+00,-6.631297189782952017e-01,6.051322654204198681e-01,-1.128440950412374244e+00,2.861352145801755675e+00,-1.013826523733183382e+00,-1.555328239984647531e+00,1.187737936767095104e-01,-5.602125236835827637e-01,0.000000000000000000e+00,3.214114980221942641e+00,4.809025104973431830e+00,-1.097683169594288133e+00,-4.125700920684710060e-01,-1.244089793405032118e+00,-1.217216581710854006e+00,4.770106792899461157e-01
3.130000000000000004e-01,1.195674062433900620e+00,-1.163706068210429434e-01,-6.421591282460833661e+00,-5.981380817492041757e+00,1.195674062433900620e+00,2.339542740205252880e+00,-4.199099583496869459e-02,3.547081570887524293e+00,-2.909311697979977129e-03,6.716953687163997877e-01,8.024381950972775401e-02,9.574385751730904448e-02,1.943914676326088248e-02,2.023431444067249063e-01,5.702039161788454054e-03,-1.182706316423689924e-01,3.675463732374451453e+00,1.909810549858213191e+00,-1.264600201905117793e-01,1.060155872476067351e+00,-1.591025137945000445e+00,-6.682832865328265370e-01,6.104982855864297120e-01,-1.130690730737084593e+00,2.851273096629564296e+00,-1.016270221328122947e+00,-1.550819752539052132e+00,1.189448975770790173e-01,-5.586971204597713792e-01,3.974582508479219826e-17,3.216468370353766648e+00,4.841327465997505186e+00,-1.046986384001325598e+00,-4.712247332997239191e-01,-1.269737095961196438e+00,-1.221278367830809675e+00,4.922276539440607057e-01
3.140000000000000013e-01,1.198492664631390037e+00,-1.795076144919930949e-01,-6.406587751391799479e+00,-5.989824971027131184e+00,1.198492664631390037e+00,2.280040880423829464e+00,-6.513566157473256804e-03,3.543777066958041733e+00,-3.183355655859596012e-02,6.034046288986719686e-01,7.219144768086474540e-02,8.602160655451573934e-02,1.739704696004895287e-02,1.817641216058871745e-01,5.136289065787472304e-03,-1.062397834514509642e-01,3.572678216390220207e+00,1.881427192484241395e+00,-2.291307581721469533e-01,1.072920373077096867e+00,-1.570114328902400214e+00,-6.711481814436729421e-01,6.118954473008417771e-01,-1.124275080493413403e+00,2.829385303598070944e+00,-1.010699033805854130e+00,-1.539261260375868412e+00,1.182560341199539039e-01,-5.545688779252695433e-01,-9.088206392031945283e-17,3.051807764795478661e+00,4.783003943763176835e+00,-1.153808185423485178e+00,-4.489438403387225884e-01,-1.270094173176559149e+00,-1.220580770303155038e+00,5.056556638493907574e-01
3.150000000000000022e-01,1.197743933568888641e+00,-2.141654860969856577e-01,-6.401196440635351870e+00,-5.994184548070531804e+00,1.197743933568888641e+00,2.256309892437281750e+00,1.899647620178070151e-02,3.543879058063174714e+00,-4.802172075079963465e-02,5.832777027273404746e-01,7.008214652192247540e-02,8.318081453625536525e-02,1.664258301322690120e-02,1.756806012495177038e-01,5.001928755153977647e-03,-1.026778071065202191e-01,3.636179133010262632e+00,1.897873827983748596e+00,-1.684220243850347298e-01,1.096154102477663761e+00,-1.578128220442577723e+00,-6.709238640849077839e-01,6.181837344266004619e-01,-1.138798681682263059e+00,2.852987102418353071e+00,-1.023984829107527528e+00,-1.552918916142753458e+00,1.197006038556441693e-01,-5.595964574916263423e-01,0.000000000000000000e+00,3.080658154055340159e+00,4.820943076924024240e+00,-1.109226038956306892e+00,-4.401222306518627891e-01,-1.282747015337415863e+00,-1.225518392821380198e+00,5.155059273200802705e-01
3.160000000000000031e-01,1.199840599368927618e+00,-2.272992757927731478e-01,-6.407777120282776906e+00,-6.001333345305108757e+00,1.199840599368927618e+00,2.257270622349998757e+00,3.683479635574295891e-02,3.549101264756097329e+00,-5.464132104365934661e-02,6.193438383337429576e-01,7.470057672669301596e-02,8.835682124989992225e-02,1.749730930019048961e-02,1.865260059935174852e-01,5.348327562457644638e-03,-1.090103705867332962e-01,3.622992321985301079e+00,1.894040620021054666e+00,-1.903633332020869262e-01,1.125417620200366509e+00,-1.572495455706633738e+00,-6.732281266911503970e-01,6.257843386537805808e-01,-1.142603105357385296e+00,2.849388542095702803e+00,-1.027757135981779868e+00,-1.551770782620265798e+00,1.200425813761304833e-01,-5.592877688502402300e-01,0.000000000000000000e+00,3.099733054961658851e+00,4.818129738843450305e+00,-1.129763647933966775e+00,-4.088558531197087897e-01,-1.265926868336985756e+00,-1.227167567978932894e+00,5.167739680670473401e-01
3.170000000000000040e-01,1.208322259914056396e+00,-2.206732554882233077e-01,-6.421138281393464986e+00,-6.006741231975302853e+00,1.208322259914056396e+00,2.280081859616495787e+00,4.607174217711412084e-02,3.557650877607847040e+00,-5.294071057248628254e-02,5.685798779768073130e-01,6.888138535158459808e-02,8.114854847705470220e-02,1.588424897567456556e-02,1.712188623684817446e-01,4.948040190267915042e-03,-1.000581772180540174e-01,3.597541448997971791e+00,1.881596567788050400e+00,-2.230227310298108501e-01,1.170167638949029199e+00,-1.565272666346182895e+00,-6.761033003275672693e-01,6.311118876263249744e-01,-1.145940039546578415e+00,2.843465949808930748e+00,-1.031079052905030879e+00,-1.549439371945073640e+00,1.203183284184635715e-01,-5.585657384251340174e-01,0.000000000000000000e+00,3.020181287428200800e+00,4.793943902948566205e+00,-1.172953235457787180e+00,-3.633874840203698553e-01,-1.273735475559237385e+00,-1.229720998562433332e+00,5.310537104082709847e-01
3.180000000000000049e-01,1.225127603571171564e+00,-2.059247576156048587e-01,-6.433749182630441155e+00,-6.007720227501988752e+00,1.225127603571171564e+00,2.311456514594288691e+00,4.970639775358314666e-02,3.566800689778702349e+00,-4.838767753089612267e-02,5.064854744673905618e-01,6.164427835704799213e-02,7.231637591566808521e-02,1.398027839275983730e-02,1.525017363149814842e-01,4.443682139664884706e-03,-8.911412750777769620e-02,3.569370263162157553e+00,1.877910008864812630e+00,-2.445436468507234951e-01,1.184076414112783304e+00,-1.552646390131825260e+00,-6.796097138564406448e-01,6.374283911298361804e-01,-1.145065415015039445e+00,2.825564065326499286e+00,-1.030702947763907806e+00,-1.540687039828896765e+00,1.201572466441980930e-01,-5.555311949300189012e-01,3.932178825513223482e-17,2.930790322614508447e+00,4.765118352548359582e+00,-1.202930218698963216e+00,-3.426303473233536234e-01,-1.279987407172645808e+00,-1.230697226646794595e+00,5.483142636220584842e-01
3.190000000000000058e-01,1.246544705491533733e+00,-1.817766254815432747e-01,-6.448652741748166051e+00,-6.010507813478101369e+00,1.246544705491533733e+00,2.343493279134011953e+00,4.986214148076568986e-02,3.577109037715602291e+00,-3.976906473086855298e-02,4.814954241143757918e-01,5.869485875797456065e-02,6.875652882745862671e-02,1.323711492992755458e-02,1.449711406405929381e-01,4.235777877954610519e-03,-8.471174110114336464e-02,3.669613156024797096e+00,1.933020981172807184e+00,-1.175455348602887362e-01,1.108760911830268592e+00,-1.563113853620170079e+00,-6.841190664091421070e-01,6.389637229389827366e-01,-1.142931091630409401e+00,2.815470409644446725e+00,-1.028875343722379432e+00,-1.535506746658563904e+00,1.199043072124559989e-01,-5.537026109132540119e-01,0.000000000000000000e+00,3.008177488508763542e+00,4.807186249575228665e+00,-1.077664349755209638e+00,-4.135087198983677381e-01,-1.298238405767121240e+00,-1.233585899444441525e+00,5.542519818378394136e-01
3.200000000000000067e-01,1.268801277917026571e+00,-1.459690704097766911e-01,-6.471988098155257774e+00,-6.013507751888721664e+00,1.268801277917026571e+00,2.397010936594544450e+00,4.084153182435649315e-02,3.590616262084828314e+00,-2.683885180508596702e-02,5.031222836307829294e-01,6.158485656346665560e-02,7.186519601097662857e-02,1.367672747616830928e-02,1.514614343663586715e-01,4.458869359099662186e-03,-8.849863025601246991e-02,3.542094902704131076e+00,1.896668850631472614e+00,-2.999582843302954216e-01,1.158127446793375537e+00,-1.548834197011954128e+00,-6.830895860564862865e-01,6.503649060410525706e-01,-1.129413559305139092e+00,2.768589425870056964e+00,-1.017062791952273670e+00,-1.510812020096083730e+00,1.184184492992620547e-01,-5.449061626034460426e-01,-1.309228183514651048e-16,2.915803627029775136e+00,4.726843133064996039e+00,-1.245155880271592519e+00,-3.390078458265398664e-01,-1.278954313346333249e+00,-1.223536879300832547e+00,5.618662757850400036e-01
3.210000000000000075e-01,1.291521618521605186e+00,-1.171285675873919851e-01,-6.500410330302329953e+00,-6.024197957417773530e+00,1.291521618521605186e+00,2.445013810490618500e+00,2.798050607352025806e-02,3.605581911149864371e+00,-1.776728511575347003e-02,5.882120704490367835e-01,7.228452368549771745e-02,8.404161266770698857e-02,1.581807487563376136e-02,1.770540353091576702e-01,5.249385630866903497e-03,-1.034461350484767173e-01,3.557003679449771472e+00,1.918106064378228393e+00,-2.768293385037929322e-01,1.125021116428374102e+00,-1.545986979687144602e+00,-6.848150976270891421e-01,6.554772875195610249e-01,-1.125354563776699512e+00,2.746545950115240053e+00,-1.013671415057395109e+00,-1.499584283022901365e+00,1.179192530097193936e-01,-5.409607313142732465e-01,0.000000000000000000e+00,3.019861186122108965e+00,4.736936538178965428e+00,-1.206459140893481052e+00,-3.587450917188935162e-01,-1.251013691368267677e+00,-1.220526443310495424e+00,5.520311524710843631e-01
3.220000000000000084e-01,1.313489089545895050e+00,-9.773515664556042815e-02,-6.528714814466147764e+00,-6.038021655105624497e+00,1.313489089545895050e+00,2.485148643833966720e+00,1.077966937704001246e-02,3.619319933214115270e+00,-1.386402892422548827e-02,6.531592642086156975e-01,8.062869878886173847e-02,9.334914023967237628e-02,1.734946954334598904e-02,1.965741622199831395e-01,5.874647841332348609e-03,-1.148431833918318878e-01,3.553868848899985000e+00,1.914333751317417898e+00,-2.836282408602952554e-01,1.154835849046087271e+00,-1.539689177327669967e+00,-6.840376192338272210e-01,6.641443459835888463e-01,-1.128552484423746893e+00,2.741387189975066363e+00,-1.016778801394670806e+00,-1.497630063055412686e+00,1.181616294990154026e-01,-5.403787309131324879e-01,3.810197572183686164e-17,3.078475628684853582e+00,4.736349640081345846e+00,-1.207057902015293616e+00,-3.254447444659794297e-01,-1.224953385608671397e+00,-1.218541702305627306e+00,5.493011625917569862e-01
3.230000000000000093e-01,1.334979472010793922e+00,-7.213362158503144883e-02,-6.552854726724270940e+00,-6.044889075401391310e+00,1.334979472010793922e+00,2.530696424901355712e+00,-1.486219732365112040e-02,3.629758550662523398e+00,-8.100702748117957763e-03,7.991292108474391531e-01,9.910282188617006160e-02,1.142535314307629446e-01,2.094762551428255154e-02,2.404736994198659883e-01,7.246987585127243406e-03,-1.404803329936593348e-01,3.588956415227535501e+00,1.913413420176313329e+00,-2.613436495601677567e-01,1.220651718626843074e+00,-1.543349939858311259e+00,-6.860786495126374174e-01,6.723471479843289300e-01,-1.138059928878112137e+00,2.750019608097330259e+00,-1.025692683852636122e+00,-1.503304320689496265e+00,1.190759665745135115e-01,-5.425637028600560630e-01,1.319314501283235758e-16,3.250025697196862406e+00,4.762535850159813400e+00,-1.172782801982040990e+00,-2.617049765483706603e-01,-1.183800273863931718e+00,-1.221395364787566162e+00,5.318668149906696785e-01
3.240000000000000102e-01,1.357194963995098869e+00,-2.258522643081750658e-02,-6.568838130778457796e+00,-6.038216358588695876e+00,1.357194963995098869e+00,2.586520382230501625e+00,-5.136738637490123605e-02,3.634990411019569212e+00,7.947609333566238443e-03,8.053373334233040470e-01,1.000292558895620604e-01,1.151543657554489203e-01,2.101742795106421521e-02,2.423306310019350540e-01,7.323064000508280706e-03,-1.415617719156479493e-01,3.664124272330549381e+00,1.934624610094357378e+00,-1.679463010162135506e-01,1.217482592885147596e+00,-1.550641654057126617e+00,-6.849644514724707589e-01,6.733031116571582819e-01,-1.144938470771808880e+00,2.762012935698073601e+00,-1.031979886960114223e+00,-1.510176765410449207e+00,1.197646427136130620e-01,-5.450888131477601428e-01,-1.327295818092893564e-16,3.324523134982044326e+00,4.796666801681992887e+00,-1.084771822220878867e+00,-2.716767445742374054e-01,-1.188546380341578557e+00,-1.222730200619722707e+00,5.317413397415102772e-01
3.250000000000000111e-01,1.377449272930908020e+00,6.483769497468194754e-02,-6.574395924450281647e+00,-6.004052773842657231e+00,1.377449272930908020e+00,2.679223019278238471e+00,-1.059341744751771397e-01,3.633657982184695268e+00,3.989289375950016286e-02,8.931934133174620483e-01,1.114279040136248178e-01,1.277596420342326511e-01,2.301979522994664767e-02,2.687323908004418116e-01,8.183801731652950995e-03,-1.569743825575178053e-01,3.667126675130844227e+00,1.940778753073182594e+00,-1.626682027941193653e-01,1.224971948970568825e+00,-1.546166076051367799e+00,-6.878631789931094476e-01,6.789488582716693976e-01,-1.141795183152265247e+00,2.742601089819336480e+00,-1.029298924810058802e+00,-1.500374930941118068e+00,1.193353125657464625e-01,-5.416832728699643162e-01,-1.323668462587695400e-16,3.418524905296041361e+00,4.794807746906143642e+00,-1.064207485569945488e+00,-2.523831867406026164e-01,-1.158098372685179678e+00,-1.221362650131420757e+00,5.219744757141514535e-01
3.260000000000000120e-01,1.391570333470777632e+00,1.872767192049941132e-01,-6.565288798185888730e+00,-5.942455907539812010e+00,1.391570333470777632e+00,2.797375083911072924e+00,-1.745997192035606271e-01,3.623445788326355554e+00,8.716626138164858262e-02,9.173147281899330929e-01,1.149062736762019310e-01,1.312434008955394582e-01,2.336374930918056619e-02,2.759486031569802211e-01,8.463733346058752161e-03,-1.611793003243424394e-01,3.705678302050891659e+00,1.948633120470781410e+00,-1.105413971469494383e-01,1.234376783562610935e+00,-1.544440965688131717e+00,-6.823409444994497086e-01,6.845104391206225936e-01,-1.149398606394593347e+00,2.749828411031858266e+00,-1.036293515286807132e+00,-1.505078934087987985e+00,1.200330486196100194e-01,-5.435020228669910081e-01,3.817111291992354305e-17,3.473594423846231294e+00,4.813367805178841330e+00,-1.015591511538217251e+00,-2.473384012161964907e-01,-1.148459313911541546e+00,-1.217379234020382173e+00,5.233311387962801264e-01
3.270000000000000129e-01,1.396306237240463100e+00,3.407458924873530970e-01,-6.531603366678760736e+00,-5.844859929967429757e+00,1.396306237240463100e+00,2.935227879044053800e+00,-2.549549544771232967e-01,3.599930166621913230e+00,1.481087040017926570e-01,9.387806928741893042e-01,1.181278056414236666e-01,1.343561383643414320e-01,2.359310549307479937e-02,2.823578644889979672e-01,8.729141157731771378e-03,-1.649110654233012785e-01,3.725239272044958305e+00,1.944872728599849276e+00,-9.397384961300758732e-02,1.266489632369781404e+00,-1.545474738393721514e+00,-6.746101442506818868e-01,6.885762044340103527e-01,-1.158720445348876638e+00,2.759512424894343674e+00,-1.044893522093574445e+00,-1.511216751803758473e+00,1.209025790356981073e-01,-5.458569245111577484e-01,0.000000000000000000e+00,3.505299519570271194e+00,4.822512959135616839e+00,-1.004511233342240573e+00,-2.211340139409022632e-01,-1.142214294869025482e+00,-1.211737927604107812e+00,5.236651390107091020e-01
3.280000000000000138e-01,1.388389309708864650e+00,5.193283424673831306e-01,-6.461690559426819469e+00,-5.702930546845915494e+00,1.388389309708864650e+00,3.082163199917769436e+00,-3.433772550809150448e-01,3.557989153175194819e+00,2.203513175775496935e-01,9.293066057562591187e-01,1.174922507548073758e-01,1.330427000360829837e-01,2.302535571604598028e-02,2.794597125476949162e-01,8.711070796568446198e-03,-1.632061917085613489e-01,3.729102847703576362e+00,1.953386594013540423e+00,-8.904785728756792196e-02,1.259853713557398169e+00,-1.544975714349609008e+00,-6.729498719632247550e-01,6.902088375546611143e-01,-1.159333413608462982e+00,2.747184443079459637e+00,-1.045697274585843717e+00,-1.505410325302115604e+00,1.208649279560065626e-01,-5.438999737049440286e-01,3.810363011870741807e-17,3.499076039851372499e+00,4.818063287847807352e+00,-1.001702431837328655e+00,-2.225312560286714647e-01,-1.144651073845907474e+00,-1.208138774871600152e+00,5.270026458460997931e-01
3.290000000000000147e-01,1.368256705236826187e+00,7.078749489397934136e-01,-6.361911829113113370e+00,-5.533374776654659044e+00,1.368256705236826187e+00,3.218194003758610755e+00,-4.329693289787230892e-01,3.500829858265862349e+00,2.976842165277896468e-01,9.978173812811107490e-01,1.263486650531513433e-01,1.428626604095937780e-01,2.460437912721824896e-02,3.000445947082106546e-01,9.378430749134910455e-03,-1.752235060676988476e-01,3.731758470949495088e+00,1.964183171299142439e+00,-1.041340812513348313e-01,1.256712064599859069e+00,-1.547201283873725686e+00,-6.763614208533151873e-01,6.967567093103912423e-01,-1.152374862138558109e+00,2.726082332372871786e+00,-1.039520325130981915e+00,-1.494171025067233094e+00,1.201081187068086392e-01,-5.398854344718880816e-01,-1.336022800819505442e-16,3.577200990092047395e+00,4.816614168725165790e+00,-1.000791745972723135e+00,-2.128545813401557796e-01,-1.127048570458706322e+00,-1.206868424576068355e+00,5.215332032426922559e-01
3.300000000000000155e-01,1.337819861300729940e+00,8.972318114101007769e-01,-6.252283777897929440e+00,-5.351151701280197237e+00,1.337819861300729940e+00,3.355779020236269616e+00,-5.251837062468988071e-01,3.437087153417618168e+00,3.752924845894609618e-01,9.671918872399720701e-01,1.230172436530823643e-01,1.385140062431140517e-01,2.353330836350109659e-02,2.907861964067512961e-01,9.157667851739348733e-03,-1.698048303175258011e-01,3.776819652468461630e+00,1.981244726192414207e+00,-3.851851480465706690e-02,1.249486542916601106e+00,-1.548337898783687105e+00,-6.759773940496734967e-01,6.974859271141495842e-01,-1.161413193710498559e+00,2.736470869779616510e+00,-1.047732892812829775e+00,-1.500640514525167557e+00,1.209317756334374744e-01,-5.423578682948080321e-01,3.793622638149051107e-17,3.582598345997935141e+00,4.840732839625113471e+00,-9.477374013743726788e-01,-2.276206632450653577e-01,-1.136619926743498432e+00,-1.209177594492742092e+00,5.276810967966237831e-01
3.310000000000000164e-01,1.299865534433438441e+00,1.089438179059853740e+00,-6.139298813189700610e+00,-5.164440175015518442e+00,1.299865534433438441e+00,3.493769188471298914e+00,-6.171497459710951761e-01,3.370444665141288709e+00,4.546320549797617239e-01,1.018057027918138679e+00,1.300155896453236426e-01,1.458408857991231322e-01,2.446106568053964953e-02,3.060357756265771334e-01,9.705271152154013037e-03,-1.786983536198021583e-01,3.797755605257056466e+00,1.976094445405815803e+00,-1.602395131555978125e-02,1.300175879741412910e+00,-1.548114863988090839e+00,-6.768330349148018454e-01,7.007685867639257271e-01,-1.173099087154763520e+00,2.753309263803349172e+00,-1.058385878535883506e+00,-1.510623772748697524e+00,1.220470940932338322e-01,-5.460975223002226819e-01,0.000000000000000000e+00,3.642713546020431625e+00,4.859419298854488645e+00,-9.285689440523201554e-01,-1.859868273267449579e-01,-1.120031994268279707e+00,-1.213225286062870723e+00,5.220702331441235966e-01
3.320000000000000173e-01,1.259251399615374689e+00,1.284863601057056881e+00,-6.020865340951010225e+00,-4.970146113840861801e+00,1.259251399615374689e+00,3.633089805421690244e+00,-7.071456215211641139e-01,3.301244617263126013e+00,5.357769912677737834e-01,9.271603427825041432e-01,1.189545670928340987e-01,1.328579091200355611e-01,2.195927622162553369e-02,2.786625603835345411e-01,8.906330434025491391e-03,-1.627027878874413858e-01,3.799627943600449420e+00,1.961572256037940720e+00,-8.981684104490850196e-03,1.355942388592731307e+00,-1.542619894661412250e+00,-6.744853043875507215e-01,7.043104886625655148e-01,-1.187050407829224996e+00,2.773672668389147500e+00,-1.071119479601351454e+00,-1.522661272108356334e+00,1.233847505915705994e-01,-5.505964608971825047e-01,-9.920741137426605269e-17,3.539737878553729011e+00,4.854199491519922915e+00,-9.472432545858066044e-01,-1.447596072939995038e-01,-1.140572583686306984e+00,-1.216175434850707671e+00,5.416077007751239902e-01
3.330000000000000182e-01,1.223182498770482241e+00,1.464435888155234622e+00,-5.898719350982601028e+00,-4.777552651120023697e+00,1.223182498770482241e+00,3.756920696255064751e+00,-7.883270593129422243e-01,3.232081998572132964e+00,6.100395156331314128e-01,8.443108735539681664e-01,1.088337896951627748e-01,1.210124024264838255e-01,1.970235906258333350e-02,2.537100486333256910e-01,8.172994981165571798e-03,-1.481224585262451432e-01,3.722204597382597235e+00,1.940437121910481233e+00,-1.256745345138847725e-01,1.391276475663465018e+00,-1.536217082068849216e+00,-6.738993165845000854e-01,7.108898592907983982e-01,-1.182602448814303431e+00,2.749375037083542139e+00,-1.067386084214346109e+00,-1.510307096110296898e+00,1.228239198363632184e-01,-5.462663735157439193e-01,-1.371200494544126192e-16,3.383913022122261971e+00,4.798645948689186369e+00,-1.072048216301747070e+00,-9.932826138424855067e-02,-1.159683113599160320e+00,-1.211992695119078478e+00,5.627674007645531162e-01
3.340000000000000191e-01,1.195461223978838472e+00,1.602701617851424398e+00,-5.775892457757639598e+00,-4.606234272655484574e+00,1.195461223978838472e+00,3.835647531364053897e+00,-8.515524689310524087e-01,3.165829789853066512e+00,6.662810016144793401e-01,8.917987793571819921e-01,1.151345946522266267e-01,1.278288458919075721e-01,2.070564879657811608e-02,2.679622153305047383e-01,8.654957221294348746e-03,-1.564392510794042901e-01,3.711429702761093630e+00,1.948420668731037919e+00,-1.470264864582970787e-01,1.371655734122214865e+00,-1.535808965730922626e+00,-6.737794988443408517e-01,7.146288051328195667e-01,-1.178814175632697303e+00,2.736110045602325958e+00,-1.064045763733497685e+00,-1.503340568344730288e+00,1.223954739088583127e-01,-5.437940644691973135e-01,0.000000000000000000e+00,3.424414306485578319e+00,4.799665308985590073e+00,-1.083243404299887302e+00,-1.109791854259373073e-01,-1.145451276491559423e+00,-1.208918606092243886e+00,5.581895540534153044e-01
3.350000000000000200e-01,1.170150108618355667e+00,1.693442367506977408e+00,-5.654206343770672660e+00,-4.451184775251112669e+00,1.170150108618355667e+00,3.876177308454408443e+00,-8.984937548971275723e-01,3.101594410158982740e+00,7.013313450738551946e-01,7.189937842275518909e-01,9.323245390812297251e-02,1.030793583132972452e-01,1.646665041937449281e-02,2.159951189855703613e-01,7.025953366980950549e-03,-1.260914346680483966e-01,3.688821598991650852e+00,1.947595975376621880e+00,-1.751202359335302106e-01,1.366662650979790783e+00,-1.532635678716492311e+00,-6.703967008978203301e-01,7.162114711696510039e-01,-1.183229763475581953e+00,2.734620782705538655e+00,-1.068172624012359018e+00,-1.503363718119927528e+00,1.227473890467487977e-01,-5.439261341689182183e-01,3.784666625138007879e-17,3.224585619743620679e+00,4.775449211990284049e+00,-1.140213501632592052e+00,-1.202344167207622522e-01,-1.193893170684173111e+00,-1.207296881699757574e+00,5.901200365016026073e-01
3.360000000000000209e-01,1.146195500051669480e+00,1.735202803097365853e+00,-5.531578693412082970e+00,-4.315475016987100787e+00,1.146195500051669480e+00,3.871171268110939145e+00,-9.261910827973018900e-01,3.038906077445436615e+00,7.151068248722218801e-01,6.460546856873414789e-01,8.411074838115495389e-02,9.264362469073719741e-02,1.460324639649094106e-02,1.940493285483489982e-01,6.354201542282162177e-03,-1.132727058808311454e-01,3.624511017203893903e+00,1.928210432730597779e+00,-2.642008915631898214e-01,1.401224245483950970e+00,-1.523722067172000205e+00,-6.718550102196155782e-01,7.224955083961717150e-01,-1.183653487493243617e+00,2.723998226026254077e+00,-1.068775996273734874e+00,-1.498345246205292636e+00,1.227048008458351824e-01,-5.422326103977842537e-01,-3.768543122525960749e-17,3.086912215397991766e+00,4.736319407138006810e+00,-1.240333263146187637e+00,-8.251775432485072836e-02,-1.206967937777815969e+00,-1.207733419075117665e+00,6.092228025153405557e-01
3.370000000000000218e-01,1.126148092201827655e+00,1.722209183107900277e+00,-5.405908633118302831e+00,-4.198655702181088856e+00,1.126148092201827655e+00,3.815906565227509262e+00,-9.330746598164793015e-01,2.977333278941897809e+00,7.049225341810353429e-01,5.552945948294056855e-01,7.261874173587304360e-02,7.964710533129810976e-02,1.236460226098086423e-02,1.667536985397970184e-01,5.501283961208146972e-03,-9.733208301876905555e-02,3.582330938474527215e+00,1.913261513940390346e+00,-3.316035493560915426e-01,1.440257871875773477e+00,-1.521113796085781456e+00,-6.717864709428792436e-01,7.260852228697860511e-01,-1.191137521171949487e+00,2.727658539527171744e+00,-1.075843070797907197e+00,-1.501312977498272749e+00,1.233901405493703363e-01,-5.434444370784476952e-01,1.004037383717207663e-16,2.946488012131983414e+00,4.713538795203435328e+00,-1.327799514822700644e+00,-4.869050336151840852e-02,-1.230969956996614156e+00,-1.209729624060118969e+00,6.287531398510171066e-01
3.380000000000000226e-01,1.114682751655911241e+00,1.656691980173629286e+00,-5.281747533211281542e+00,-4.105465419716352926e+00,1.114682751655911241e+00,3.713036359809624543e+00,-9.197194131932373562e-01,2.919621667424327160e+00,6.716873873070959844e-01,5.032171571360245510e-01,6.612251503863238178e-02,7.219301263402565227e-02,1.102961378989291558e-02,1.510829909983910646e-01,5.022651437313724668e-03,-8.817845229399587370e-02,3.563094599488448200e+00,1.907520481842919446e+00,-3.616291193579683760e-01,1.472884241227992552e+00,-1.517398496596230384e+00,-6.748791079295771711e-01,7.304714192679639950e-01,-1.200876632640564434e+00,2.736517426595201474e+00,-1.084860144351482480e+00,-1.507183544012468124e+00,1.242914455915898331e-01,-5.457111565603687264e-01,3.782524383510995290e-17,2.865435123983908206e+00,4.710160423476753344e+00,-1.374296251075425301e+00,-2.326968899458265599e-02,-1.242024060006249542e+00,-1.215567613052632279e+00,6.422929669739680936e-01
3.390000000000000235e-01,1.114288460207750964e+00,1.555208875038579741e+00,-5.160033271117542064e+00,-4.034935708472005444e+00,1.114288460207750964e+00,3.572661729374373429e+00,-8.887578966488662857e-01,2.866947821820791109e+00,6.231582084865948667e-01,5.108716599686357052e-01,6.723505748355808331e-02,7.329725466731441819e-02,1.113778210398069096e-02,1.533699442540624458e-01,5.111726904692255602e-03,-8.951087752830556854e-02,3.570020379090126816e+00,1.893649792996142001e+00,-3.449005221969725365e-01,1.504856941593841757e+00,-1.514312593779552518e+00,-6.668491504581809393e-01,7.304438070671026573e-01,-1.221574271038395665e+00,2.779227503409659850e+00,-1.103624728388101328e+00,-1.531030514665544295e+00,1.263955187580737272e-01,-5.543952626476015277e-01,1.416590619217534584e-16,2.859317768020366746e+00,4.740112353889360364e+00,-1.375227995917759349e+00,-1.503579096772184737e-02,-1.234547130767416512e+00,-1.216132686201090163e+00,6.409329295387972136e-01
3.400000000000000244e-01,1.119395226176813196e+00,1.446333565792638831e+00,-5.032954154715802986e+00,-3.959038714658215330e+00,1.119395226176813196e+00,3.427611524494416528e+00,-8.505349613890567095e-01,2.813695890052837711e+00,5.717874292241912348e-01,4.736241937523520407e-01,6.260948059709137148e-02,6.796390843189803466e-02,1.017156297392407885e-02,1.421550473024198180e-01,4.771731316108994425e-03,-8.295936814578405705e-02,3.611771206919499821e+00,1.890378161868314200e+00,-2.964435124847335512e-01,1.552645109198373730e+00,-1.515878637652064320e+00,-6.593886008329812309e-01,7.343640681926910663e-01,-1.249856040998520657e+00,2.831550727625228969e+00,-1.129309431738428238e+00,-1.560725129050106297e+00,1.292022824164598960e-01,-5.652887234838864794e-01,3.911809591004817574e-17,2.835539359673330928e+00,4.784538370090634096e+00,-1.357789035791263643e+00,2.091543122191511644e-03,-1.244521307933184717e+00,-1.219905593000758737e+00,6.514047000469069815e-01
3.410000000000000253e-01,1.129060281041573299e+00,1.350718432375965117e+00,-4.901772879636985714e+00,-3.874393896424801031e+00,1.129060281041573299e+00,3.292550619573084258e+00,-8.092998830093395268e-01,2.760427236233952808e+00,5.272101201333846410e-01,4.609848690786003678e-01,6.118960723344145369e-02,6.615814955896742733e-02,9.759771336696598104e-03,1.383319141285763165e-01,4.674177112925161255e-03,-8.072264066430723251e-02,3.609492494124360462e+00,1.900562739947394997e+00,-2.998565515712313667e-01,1.540896693992277244e+00,-1.512031209157997713e+00,-6.592838409138926936e-01,7.404219739593084215e-01,-1.256829945731696929e+00,2.835430357577073401e+00,-1.135802190365285957e+00,-1.563756256706885450e+00,1.298208758401937224e-01,-5.665137224027188001e-01,-1.066006631054178475e-16,2.813647417471263790e+00,4.797182704757909200e+00,-1.369500592377549841e+00,-1.309979137791160778e-02,-1.243878419189227591e+00,-1.221123386203686545e+00,6.596993332950010780e-01
3.420000000000000262e-01,1.141310876207748848e+00,1.276341082557320927e+00,-4.774255502369906701e+00,-3.784115855878027901e+00,1.141310876207748848e+00,3.178526285910724170e+00,-7.681056469114341256e-01,2.709704931156957208e+00,4.929718085815342210e-01,4.194203211198981318e-01,5.593442517103350275e-02,6.020450860438002205e-02,8.733946083070952271e-03,1.258292664918714832e-01,4.283740020019865397e-03,-7.342095102917664540e-02,3.637543511083872527e+00,1.892939590830068797e+00,-2.485566192540130115e-01,1.587916692803923002e+00,-1.507764322893813791e+00,-6.556958882028589564e-01,7.406809537216139105e-01,-1.281372928633747410e+00,2.877793135009550252e+00,-1.158133428036373758e+00,-1.588070290486858660e+00,1.322276373590419996e-01,-5.754817615922905860e-01,0.000000000000000000e+00,2.775590903570023471e+00,4.826667151010652468e+00,-1.346485538686006622e+00,8.580348400135294484e-03,-1.249707419042900280e+00,-1.226893909775129465e+00,6.672600026924372374e-01
3.430000000000000271e-01,1.154947967571392509e+00,1.230941917005901498e+00,-4.647326758318797602e+00,-3.682112670488092654e+00,1.154947967571392509e+00,3.091101791183706204e+00,-7.289556915300084983e-01,2.660065724794332009e+00,4.724910332205248809e-01,4.479983401079784544e-01,6.004015513986450669e-02,6.432389634361157515e-02,9.169387048119242295e-03,1.343726672014304013e-01,4.609673236493703856e-03,-7.839966141708748504e-02,3.653507882561377151e+00,1.899021684481285499e+00,-2.243687225830907628e-01,1.604184704543597517e+00,-1.507303517171395102e+00,-6.577552350427799954e-01,7.411800045125128689e-01,-1.292855566605648931e+00,2.889729323782941339e+00,-1.168675065420233805e+00,-1.595692866451543068e+00,1.332835405523167815e-01,-5.784091245262114045e-01,0.000000000000000000e+00,2.808650656063706563e+00,4.848791163404091442e+00,-1.328719891659713159e+00,1.766122514017369124e-02,-1.239647309417647891e+00,-1.231554686332497761e+00,6.627803430954253283e-01
3.440000000000000280e-01,1.170511479618614903e+00,1.213313942516522248e+00,-4.513965555743845393e+00,-3.566805537003228110e+00,1.170511479618614903e+00,3.020912779732301878e+00,-6.902461580626948479e-01,2.609202316441086023e+00,4.653933562822876735e-01,4.301773721568785680e-01,5.774580036674104022e-02,6.176927243409920110e-02,8.753424705145833318e-03,1.290167462426502487e-01,4.437205615913167311e-03,-7.527268462158992479e-02,3.620474391740169828e+00,1.875232290619269104e+00,-2.450974262364569722e-01,1.633436642827617469e+00,-1.495995331545339813e+00,-6.526660949012769164e-01,7.407525791042446350e-01,-1.301565447101032946e+00,2.904402688596405380e+00,-1.176622844418568903e+00,-1.604154679631003111e+00,1.341401557369393538e-01,-5.815302521335252717e-01,0.000000000000000000e+00,2.749086316796015783e+00,4.837380779582415968e+00,-1.359950998220926577e+00,3.803538790176019119e-02,-1.232838429565750182e+00,-1.229759141418888868e+00,6.654798944826547658e-01
3.450000000000000289e-01,1.184461764889069180e+00,1.217032444869976304e+00,-4.379968065892935414e+00,-3.439237186132818369e+00,1.184461764889069180e+00,2.972698405090786533e+00,-6.546881739095689046e-01,2.558077941333761540e+00,4.681006416862844022e-01,4.501110387852103045e-01,6.069859448646594546e-02,6.464259128028579382e-02,9.008687795029356182e-03,1.349647003371895748e-01,4.674854247676661287e-03,-7.873689589191257276e-02,3.679546484376008397e+00,1.921190141448269495e+00,-1.745882394080185418e-01,1.577634107399522367e+00,-1.500852267288875108e+00,-6.586307859242261920e-01,7.468142789882822319e-01,-1.301939822360792975e+00,2.894347448298305370e+00,-1.176915834137498118e+00,-1.599451726001333673e+00,1.340265422097629833e-01,-5.799834800532387424e-01,0.000000000000000000e+00,2.827717700800425504e+00,4.876236184233040838e+00,-1.286861482265230894e+00,-1.280893080678194990e-02,-1.231861024741922384e+00,-1.233939411729788382e+00,6.680773830963696591e-01
3.460000000000000298e-01,1.196421836349757628e+00,1.240581102925907953e+00,-4.260906116705955426e+00,-3.316856307428678541e+00,1.196421836349757628e+00,2.948359992299053545e+00,-6.226946252871973231e-01,2.513461663016072656e+00,4.801254112020744702e-01,5.093238830079680479e-01,6.897495051516876197e-02,7.315580551653297348e-02,1.003628356936907100e-02,1.526863318891032162e-01,5.323392146329691127e-03,-8.906912954473335253e-02,3.660743843721931068e+00,1.912321029714143750e+00,-1.876818271823124107e-01,1.596960718562825843e+00,-1.496123924427332774e+00,-6.587733283978965959e-01,7.450823542533520083e-01,-1.307139266509419251e+00,2.895132377873800955e+00,-1.181641952001796669e+00,-1.600732902924948631e+00,1.344298332616969960e-01,-5.805909947910509183e-01,-3.991136224213723274e-17,2.862928460220479643e+00,4.876428358103113148e+00,-1.296167973667576190e+00,6.264099207246284773e-03,-1.209007759276532701e+00,-1.234040931042617917e+00,6.560132247086186696e-01
3.470000000000000306e-01,1.206690769664549689e+00,1.280261370520096698e+00,-4.169027093239293436e+00,-3.211320519794577777e+00,1.206690769664549689e+00,2.950809482185448029e+00,-5.956291916135278974e-01,2.480287021709298045e+00,4.995330020909651836e-01,5.171812129699808747e-01,7.037305612798960830e-02,7.429080808528522317e-02,1.000742109753539194e-02,1.550003403675092595e-01,5.444599063004960243e-03,-9.041147621381707966e-02,3.689832523662532893e+00,1.938752402437488032e+00,-1.601523754681694056e-01,1.569832012334428262e+00,-1.497023972589058172e+00,-6.586706499290240213e-01,7.539281695848990550e-01,-1.309188854031606786e+00,2.887051982301247932e+00,-1.183584219064734322e+00,-1.597255161742259233e+00,1.344956773512827053e-01,-5.794918880480365297e-01,-3.978309716603742391e-17,2.897824882600906982e+00,4.896177440866725128e+00,-1.269445786447618296e+00,-1.741572831029557927e-02,-1.207527954870266207e+00,-1.232717938914055678e+00,6.635166933710819892e-01
3.480000000000000315e-01,1.215701928201434967e+00,1.332997996162577081e+00,-4.111974812562130488e+00,-3.131534378847244504e+00,1.215701928201434967e+00,2.979716924645128273e+00,-5.743050929632088630e-01,2.461619769471750097e+00,5.248298338615622338e-01,5.768762991958535924e-01,7.888913958190610365e-02,8.287026482190318344e-02,1.095223218318968836e-02,1.728420451480492115e-01,6.117782266396328168e-03,-1.008098373454681951e-01,3.710488578833691431e+00,1.957753989317271293e+00,-1.408857181554438176e-01,1.556306015913524243e+00,-1.498532234066795921e+00,-6.593453908145691100e-01,7.591715945313861624e-01,-1.310901801233302688e+00,2.878275097833681961e+00,-1.185150983723636697e+00,-1.593419729210345359e+00,1.345116676878811701e-01,-5.782625196891149066e-01,-1.520632713012154655e-16,2.976463076796242113e+00,4.914918226732859274e+00,-1.243166437057177109e+00,-2.616148111363142750e-02,-1.191178521230865428e+00,-1.231490128237287873e+00,6.583617571859178286e-01
3.490000000000000324e-01,1.224420136337170062e+00,1.402676515486583009e+00,-4.088205761882511169e+00,-3.078131566213431203e+00,1.224420136337170062e+00,3.034144660306656860e+00,-5.592465230989236424e-01,2.456884922392066350e+00,5.580071488373109512e-01,5.834249518309981841e-01,7.992020784516912224e-02,8.381474398374799684e-02,1.100556744410446063e-02,1.747887113702937811e-01,6.202382625816309572e-03,-1.019423167481949416e-01,3.745879034457836987e+00,1.951355864597284606e+00,-6.919495026266075932e-02,1.588617194840086233e+00,-1.494139721000731891e+00,-6.562991325443470192e-01,7.555080637186954995e-01,-1.325463764703848080e+00,2.906155748180450527e+00,-1.198300985686416187e+00,-1.609187585485763350e+00,1.359497392003091165e-01,-5.840421702739266863e-01,-4.002336279606620284e-17,3.003840221584987091e+00,4.937431820622903977e+00,-1.183681191965328949e+00,-9.564823201572657946e-03,-1.183401270430129104e+00,-1.234138920192457300e+00,6.535657469705005163e-01
3.500000000000000333e-01,1.231033326405010397e+00,1.491702992827992347e+00,-4.088825708084934618e+00,-3.034966654214552584e+00,1.231033326405010397e+00,3.119719682553863560e+00,-5.542995546219513514e-01,2.461186450367198741e+00,5.993724507733665385e-01,6.560128393412205661e-01,9.027530083125376303e-02,9.424508725647458285e-02,1.214905108773884322e-02,1.964808692573513094e-01,7.022109296178301839e-03,-1.145844934306930740e-01,3.739767164531151877e+00,1.968933906267311462e+00,-8.324650220852269911e-02,1.552020586404677882e+00,-1.495789548144621506e+00,-6.570490444947604258e-01,7.576539714441102857e-01,-1.316851618470821883e+00,2.876208663030197954e+00,-1.190497015147878201e+00,-1.593504475144069454e+00,1.349081525344670573e-01,-5.785083764919175531e-01,-3.959550332849828265e-17,3.078928385401550560e+00,4.935417870128762985e+00,-1.179498430099926276e+00,-2.933483765165272733e-02,-1.164400526352803222e+00,-1.228535311690499787e+00,6.430694780134171840e-01
3.510000000000000342e-01,1.235841654074721241e+00,1.593953839046415855e+00,-4.110163295902501623e+00,-3.004834066167621831e+00,1.235841654074721241e+00,3.225694250048116274e+00,-5.576829211101030914e-01,2.472982053347530851e+00,6.464433056140058698e-01,6.198095214975765099e-01,8.566301280740587498e-02,8.904605154265970990e-02,1.128673559278411953e-02,1.855921479072221714e-01,6.675478324546666765e-03,-1.082263672378384889e-01,3.778040060008656553e+00,1.976533094281596403e+00,-4.358944438219536366e-02,1.582182469376491429e+00,-1.498936357226664740e+00,-6.562381003397700363e-01,7.620214193314895912e-01,-1.324561736427394276e+00,2.882881383680431231e+00,-1.197406124657991455e+00,-1.598063134345681702e+00,1.355502334886825588e-01,-5.803022898675204155e-01,0.000000000000000000e+00,3.073287845078838565e+00,4.945077490769433481e+00,-1.151949517497527165e+00,-4.593929376406152842e-03,-1.177793975830760065e+00,-1.229864911882743828e+00,6.537950520936510745e-01
3.519999999999999796e-01,1.241009807484445338e+00,1.706931227024196751e+00,-4.151581460205276741e+00,-2.987059223823443688e+00,1.241009807484445338e+00,3.350629795707337877e+00,-5.707333862816300618e-01,2.491849722881168905e+00,6.977939116806070041e-01,7.035005995368265319e-01,9.769382304320012311e-02,1.010727400614868099e-01,1.255883386686429057e-02,2.105927067147336795e-01,7.630593185084931507e-03,-1.227947176931447060e-01,3.789451313840745073e+00,1.976594177840456990e+00,-4.604242561758642438e-02,1.624244235326987473e+00,-1.500462267972201058e+00,-6.578551027155802311e-01,7.684751086817647181e-01,-1.325839066611860462e+00,2.874182797846715154e+00,-1.198540889726113168e+00,-1.594186731951948266e+00,1.355170345011424415e-01,-5.790649101170060042e-01,1.538128858810592965e-16,3.167112846765711254e+00,4.948470798730371989e+00,-1.143510575282212782e+00,4.261633724190350136e-02,-1.154352526756324826e+00,-1.229289419647501269e+00,6.456803909886201787e-01
3.529999999999999805e-01,1.249420942017876568e+00,1.831316650130890844e+00,-4.206416105418946394e+00,-2.975745417275651228e+00,1.249420942017876568e+00,3.491789847132482638e+00,-5.947651885302025487e-01,2.515119967795545808e+00,7.534443328429926146e-01,7.556447971657611618e-01,1.054716451574521374e-01,1.085657680179983042e-01,1.320918325243953043e-02,2.261344350402864356e-01,8.256065921208257177e-03,-1.318451882067302183e-01,3.809291706778040520e+00,1.974939531031297824e+00,-1.233064445038378754e-02,1.652997396084253001e+00,-1.496061713028002504e+00,-6.536060440538603578e-01,7.722509756988168439e-01,-1.333719078599061580e+00,2.879506927545660400e+00,-1.205572235230854661e+00,-1.598145702809309565e+00,1.361412098920376790e-01,-5.806747858216629865e-01,1.151387235505808357e-16,3.231217425344739880e+00,4.959918103734410444e+00,-1.109337111663240227e+00,6.806087652738296301e-02,-1.133786068095678390e+00,-1.226024763954315144e+00,6.404057874920867643e-01
3.539999999999999813e-01,1.259977783242837379e+00,1.969370427495626297e+00,-4.268631509576455763e+00,-2.968966250553786157e+00,1.259977783242837379e+00,3.644842143127170697e+00,-6.289946354395458128e-01,2.540151121089478270e+00,8.147980302071429204e-01,6.555269593207786460e-01,9.165574951186308827e-02,9.418187929784614665e-02,1.137929018584929106e-02,1.961540742982315066e-01,7.179238942510514192e-03,-1.143621223524865782e-01,3.859466144359046780e+00,2.000604003661429875e+00,7.112817187188147372e-02,1.611586496058868834e+00,-1.499830449853880587e+00,-6.541245013811484155e-01,7.661723948134980811e-01,-1.331585824858894318e+00,2.871160019296920662e+00,-1.203584468748909897e+00,-1.593848197953424917e+00,1.358601709728105289e-01,-5.791679277262832271e-01,3.947364794618124403e-17,3.183407278820930664e+00,4.963419772470214042e+00,-1.038274417579182263e+00,2.911758829129321158e-02,-1.167816204582838635e+00,-1.226113190164921152e+00,6.518102724610115306e-01
3.549999999999999822e-01,1.265605634699715765e+00,2.120484471598965470e+00,-4.334528563981318250e+00,-2.956123750628360636e+00,1.265605634699715765e+00,3.813911986036542245e+00,-6.755714936911524360e-01,2.563826926950237617e+00,8.811640725279938913e-01,5.422363977578932293e-01,7.617382600440963936e-02,7.790173149380155704e-02,9.226327191942749334e-03,1.622041887209792477e-01,5.978221649662133694e-03,-9.456058971598932383e-02,3.838419013375884870e+00,1.987700157817494429e+00,6.117061473863294463e-02,1.622840725527254113e+00,-1.491842321862760112e+00,-6.471429644964911132e-01,7.661175687841432769e-01,-1.331985419318562069e+00,2.862412264193364475e+00,-1.203740451554487612e+00,-1.589817756107979374e+00,1.357121947271767992e-01,-5.778624331930674041e-01,1.545377041678809571e-16,3.048669991815216029e+00,4.926286248015268932e+00,-1.064668105322053249e+00,4.224929661121748503e-02,-1.193925938414603927e+00,-1.219027176039896299e+00,6.715569790681540363e-01
3.559999999999999831e-01,1.263082695639047071e+00,2.267025491633754886e+00,-4.393813640154552225e+00,-2.938949761987739162e+00,1.263082695639047071e+00,3.975874391959292709e+00,-7.278519338452441589e-01,2.581799154021625853e+00,9.451289749803173379e-01,4.654026939739095980e-01,6.566453532890192957e-02,6.686053880870834742e-02,7.775713484318325097e-03,1.391817346470435590e-01,5.161687921488645678e-03,-8.113297150328951934e-02,3.808561680943011396e+00,1.997243730630180236e+00,2.549105870845547184e-02,1.581428293412064034e+00,-1.491786112428313382e+00,-6.480154394723754985e-01,7.636499227696454950e-01,-1.316862736476611451e+00,2.820579136602200165e+00,-1.189935714581633608e+00,-1.567413437992132064e+00,1.340109378339969237e-01,-5.698512442510104137e-01,0.000000000000000000e+00,2.957101638440309266e+00,4.883487402561282664e+00,-1.097584117064469567e+00,2.179056890425029591e-02,-1.218593439947272872e+00,-1.212704995801897168e+00,6.825169512663560312e-01
3.569999999999999840e-01,1.248266384096921255e+00,2.390362359680314519e+00,-4.437536112089068396e+00,-2.916366435338678009e+00,1.248266384096921255e+00,4.111005445326116003e+00,-7.812481339403868352e-01,2.589696123859843269e+00,9.983620089098301786e-01,4.264436824387958236e-01,6.045942429704860566e-02,6.126460117990591148e-02,6.974063003281615394e-03,1.274922207641092098e-01,4.761838365267310330e-03,-7.431239660989474860e-02,3.787401530964580765e+00,2.005539498523166486e+00,-2.505801004248131569e-03,1.562371360865281167e+00,-1.492657091816909976e+00,-6.518541462620452975e-01,7.617720182044710464e-01,-1.307446145403340809e+00,2.789229747771047041e+00,-1.181371821346732798e+00,-1.550958455978643569e+00,1.328862148191795323e-01,-5.640270853179412125e-01,-1.133949523342222369e-16,2.906399068000036223e+00,4.855228670591262841e+00,-1.122613021171074976e+00,1.838696788991921183e-02,-1.232278656233621206e+00,-1.211119393214719286e+00,6.874596215945761868e-01
3.579999999999999849e-01,1.220460586067295905e+00,2.474344660909971960e+00,-4.460623396443213373e+00,-2.891794930468778002e+00,1.220460586067295905e+00,4.202031016780498618e+00,-8.310400984995831575e-01,2.585582427023103591e+00,1.033733152545468714e+00,3.336320726785078072e-01,4.754118574152893517e-02,4.792865317035975570e-02,5.333745500144593255e-03,9.971151362989205680e-02,3.751645587879398440e-03,-5.811434073103428910e-02,3.699944750288015616e+00,1.986266431283221889e+00,-9.228944159351459842e-02,1.558820489388795583e+00,-1.473672965590808293e+00,-6.533534866817032327e-01,7.665654029767542399e-01,-1.297522890970234322e+00,2.756215051186688303e+00,-1.172373734728192174e+00,-1.533643533833113581e+00,1.317082903360564106e-01,-5.578868815337834075e-01,1.505517624530343812e-16,2.736053931996289101e+00,4.790022668211438628e+00,-1.216734523151346892e+00,3.051070105582659453e-02,-1.242253161624859770e+00,-1.207488722627607203e+00,7.084510622457200757e-01
3.589999999999999858e-01,1.185073896752508293e+00,2.512669688737176443e+00,-4.466409316843610533e+00,-2.877467736590095804e+00,1.185073896752508293e+00,4.240577858637790243e+00,-8.732155168577377946e-01,2.572381206443059565e+00,1.048725605042311715e+00,3.560505545188236698e-01,5.082210529533036369e-02,5.114754178073421809e-02,5.648654386488531631e-03,1.063996569518325386e-01,4.013037097718196063e-03,-6.201046168604806841e-02,3.755913615891524504e+00,2.001849403672675276e+00,-2.683461236760453783e-02,1.564707164227046921e+00,-1.480535190833039749e+00,-6.508825933618701542e-01,7.673910845503397749e-01,-1.313431684750654194e+00,2.786413357804115698e+00,-1.186694149276033894e+00,-1.550774090163453023e+00,1.332597728544452909e-01,-5.641715214154076063e-01,1.523993182894555298e-16,2.798532485659693592e+00,4.839084866772120463e+00,-1.162381219862904214e+00,1.958172845008242929e-02,-1.240875761026761781e+00,-1.211041077679559486e+00,7.053806228642918175e-01
3.599999999999999867e-01,1.146118845130021269e+00,2.509855166852283048e+00,-4.464892540117113562e+00,-2.870445285555345727e+00,1.146118845130021269e+00,4.242072867832616723e+00,-9.111830938317930784e-01,2.554406486846754198e+00,1.044618475528983348e+00,3.102369972739012494e-01,4.445549544635380573e-02,4.456332054425736489e-02,4.829118951777375962e-03,9.268330933682158990e-02,3.516495431528243384e-03,-5.401244259081195570e-02,3.638760947241017174e+00,1.949687325035816654e+00,-1.494305386193456875e-01,1.623843694781873070e+00,-1.453736722016655047e+00,-6.499032311778464299e-01,7.733955733038493374e-01,-1.315502217061168322e+00,2.780613624414074447e+00,-1.188660386839717642e+00,-1.548417991284069206e+00,1.333469699095998773e-01,-5.634486087109129571e-01,1.144980445721763442e-16,2.633495727453750490e+00,4.774756444896244290e+00,-1.293527604914806117e+00,8.025482244958123679e-02,-1.227706442770233553e+00,-1.209835344457230955e+00,7.193831307130374997e-01
3.609999999999999876e-01,1.113666610909904708e+00,2.444507588693980438e+00,-4.453093560578603061e+00,-2.880998434884443071e+00,1.113666610909904708e+00,4.183958368416502260e+00,-9.372983414198710062e-01,2.532810996491179356e+00,1.011492804203059315e+00,3.176605419285636334e-01,4.572786833496703118e-02,4.562827947056931344e-02,4.833403471897512391e-03,9.487063283049572415e-02,3.624469625195075352e-03,-5.528229044615493026e-02,3.510422968090310292e+00,1.895763986614629415e+00,-3.179385081295178495e-01,1.702593248986357111e+00,-1.433723869012585972e+00,-6.507859761668338683e-01,7.833220983818081073e-01,-1.314797774775804395e+00,2.767083314608499212e+00,-1.188147562820916381e+00,-1.541905791910933354e+00,1.331339970375572945e-01,-5.612394842285002294e-01,-1.525700983698275812e-16,2.513285735243069752e+00,4.708575169558095297e+00,-1.460457791479864875e+00,1.655208605473212635e-01,-1.205719239144532828e+00,-1.208400990770138961e+00,7.280398079356530383e-01
3.619999999999999885e-01,1.092704856159661064e+00,2.290104598643585287e+00,-4.424033543485111686e+00,-2.915687754513494490e+00,1.092704856159661064e+00,4.039234678103017728e+00,-9.431749640671545087e-01,2.506248713974885689e+00,9.371492519463928694e-01,2.934268924418806379e-01,4.244411781134524442e-02,4.214180441716967179e-02,4.353591029002131831e-03,8.760115842524143770e-02,3.371731128445752505e-03,-5.104140437635867888e-02,3.427717784368003340e+00,1.887241685417051507e+00,-4.123675710448443943e-01,1.682983310451603431e+00,-1.416832678996784001e+00,-6.545469172981632777e-01,7.919036444680498388e-01,-1.311159536205715348e+00,2.746239650272156219e+00,-1.185046863093055958e+00,-1.531441482100171392e+00,1.326187930385479274e-01,-5.575967060053401703e-01,-3.763817389130680107e-17,2.409985140604168574e+00,4.675925453500552997e+00,-1.555272629720730659e+00,1.558954193804341637e-01,-1.196612727532994747e+00,-1.208771892175057650e+00,7.408622400916911044e-01
3.629999999999999893e-01,1.080434138135277999e+00,2.045758009738086081e+00,-4.377900633897159999e+00,-2.975984585519160674e+00,1.080434138135277999e+00,3.807184726466137370e+00,-9.271917233493723876e-01,2.474652460685720534e+00,8.213695312114150937e-01,3.373333130065835350e-01,4.903483671442852160e-02,4.844163002562457132e-02,4.875949429141098607e-03,1.006711618189820440e-01,3.903896331359164515e-03,-5.865100628932239102e-02,3.337412780255355926e+00,1.854331216779782965e+00,-5.237970265048191854e-01,1.720399009166329929e+00,-1.400893235871790710e+00,-6.521890687661404673e-01,7.990616592894034254e-01,-1.322082713234886242e+00,2.755065663871696380e+00,-1.195181843953655898e+00,-1.537576980593031051e+00,1.335841185602441306e-01,-5.600010435891668026e-01,0.000000000000000000e+00,2.352663380027053108e+00,4.658431717365907332e+00,-1.670537240432850457e+00,1.876979780024399802e-01,-1.166637955492564549e+00,-1.208286216023948256e+00,7.404106530000810205e-01
3.639999999999999902e-01,1.073807613631461599e+00,1.734179371194682240e+00,-4.313228627902708112e+00,-3.056965168554856671e+00,1.073807613631461599e+00,3.502325405538303293e+00,-8.922640230034857289e-01,2.437507866560649550e+00,6.749630929827399317e-01,4.240677428246848457e-01,6.174379286595939320e-02,6.089495435788681854e-02,6.075604338736263939e-03,1.265402119046127316e-01,4.919252549098733322e-03,-7.371993330268576672e-02,3.346631196898208316e+00,1.861882250900515068e+00,-5.143537519977844363e-01,1.713853852261745248e+00,-1.400920232348095151e+00,-6.514409525226027009e-01,8.019363832911847734e-01,-1.341529037745812003e+00,2.791135579804650213e+00,-1.212816826930425584e+00,-1.558100129682221668e+00,1.354975741521121102e-01,-5.675348003659077545e-01,-1.939143306273506464e-16,2.429169901977080936e+00,4.714761623571124716e+00,-1.666275624570323188e+00,1.618293269182598526e-01,-1.138882446291370254e+00,-1.214056500339411926e+00,7.282164499884987707e-01
3.649999999999999911e-01,1.066016359337132791e+00,1.382304268507082989e+00,-4.232249904675464691e+00,-3.137828706862519024e+00,1.066016359337132791e+00,3.158597054508199165e+00,-8.479438590602544901e-01,2.393112156797137402e+00,5.097561215917753019e-01,5.514990064126146230e-01,8.064759784949263044e-02,7.917974253982916488e-02,7.700796390616562737e-03,1.645050878570698816e-01,6.440416625588404886e-03,-9.582865792647017600e-02,3.235072532333177708e+00,1.830508342673215383e+00,-6.619650877287075463e-01,1.741149180685096276e+00,-1.383544198461714503e+00,-6.538948502425537823e-01,8.131462607355376404e-01,-1.346580727469947947e+00,2.788722688303080677e+00,-1.217666633973449430e+00,-1.557869526336226107e+00,1.358755011082629638e-01,-5.676216899642253511e-01,-1.562819798527554002e-16,2.439990811275844607e+00,4.699878628825788773e+00,-1.800451979162327909e+00,1.909804507394867179e-01,-1.083163609496381463e+00,-1.215076123581190659e+00,7.173176028090673118e-01
3.659999999999999920e-01,1.060852988437104960e+00,9.969096092861955416e-01,-4.142504811570469236e+00,-3.228396416309408323e+00,1.060852988437104960e+00,2.780581137484070986e+00,-7.944170232584188973e-01,2.345809703250292255e+00,3.290462229108534475e-01,5.261101925816921154e-01,7.724864695291044914e-02,7.552913132159561060e-02,7.175620021112860333e-03,1.568844898468507720e-01,6.180617929286421480e-03,-9.138196619337926596e-02,3.204989224651493718e+00,1.818197345176218116e+00,-7.055930500055880294e-01,1.784321179528704171e+00,-1.377276661025020221e+00,-6.589246566327926491e-01,8.189118885297598238e-01,-1.368096209787912132e+00,2.821855980494348604e+00,-1.237289958848779792e+00,-1.577394967618402255e+00,1.379172948465979820e-01,-5.748932208233553665e-01,0.000000000000000000e+00,2.363003207445273812e+00,4.717301972623477724e+00,-1.867353877532772266e+00,2.141018319314147711e-01,-1.082474876331571245e+00,-1.227637259526861424e+00,7.275299223363805856e-01
3.669999999999999929e-01,1.059390663342596461e+00,6.030860143230878379e-01,-4.046336425570142836e+00,-3.317897366936384707e+00,1.059390663342596461e+00,2.393346667753017520e+00,-7.374822718376933262e-01,2.296417693898114454e+00,1.442193689056269490e-01,6.664617837006414636e-01,9.831057148660166112e-02,9.567190877754810918e-02,8.836712077463521747e-03,1.986670180718125012e-01,7.883929426296190646e-03,-1.157083118565412072e-01,3.254126986854889658e+00,1.822866001350266663e+00,-6.397745975494097959e-01,1.828356048955732005e+00,-1.377290462350543088e+00,-6.563564895056060999e-01,8.222811988520400961e-01,-1.412043650797530692e+00,2.899136724768430096e+00,-1.277243385256011221e+00,-1.621763927110532633e+00,1.421922897487697124e-01,-5.912624282183276403e-01,1.242480042477810052e-16,2.508545119758000652e+00,4.820313297605298253e+00,-1.821346074027872852e+00,2.154288339226629045e-01,-1.036431154529960930e+00,-1.239734988297637619e+00,7.065728869954990277e-01
3.679999999999999938e-01,1.056225318434065752e+00,2.571276915183423051e-01,-3.944327885717453075e+00,-3.381838609422679554e+00,1.056225318434065752e+00,2.046217178017021077e+00,-6.896092872951682384e-01,2.244063482107898189e+00,-1.872744815331612439e-02,6.949584995600419646e-01,1.030200807885225528e-01,9.975187116124517583e-02,8.944649448123728058e-03,2.070850560191185852e-01,8.279172253208224794e-03,-1.205992194241107818e-01,3.345211699890783930e+00,1.876175887766101669e+00,-5.194550555159804794e-01,1.772632972900863413e+00,-1.387007593749183032e+00,-6.591073016413729890e-01,8.224507865809672635e-01,-1.443593545767900554e+00,2.950511072007819369e+00,-1.305876733842223025e+00,-1.651730384947671215e+00,1.451887025795194075e-01,-6.023870404593947292e-01,-4.032726301900411287e-17,2.596576653682925340e+00,4.929707040562443687e+00,-1.725579918196958218e+00,1.298472374013159292e-01,-1.034733835150545067e+00,-1.253215169847559318e+00,7.018515671568564818e-01
3.689999999999999947e-01,1.048361227222791126e+00,-2.543783820158729281e-02,-3.840077899903858505e+00,-3.418106156461667933e+00,1.048361227222791126e+00,1.750255885321127636e+00,-6.521444977437658164e-01,2.190799407687953337e+00,-1.521493333831193118e-01,7.302119544662472039e-01,1.084120351563982454e-01,1.048092112243034224e-01,9.304010198607918017e-03,2.175625749439716039e-01,8.719480690793458832e-03,-1.266967724392516204e-01,3.195313996791277589e+00,1.820454090856015172e+00,-7.118430920523813876e-01,1.813413317682811554e+00,-1.365792288419351852e+00,-6.578378458116110883e-01,8.305260767737927541e-01,-1.441921425848288862e+00,2.941756171004006326e+00,-1.304527576170236403e+00,-1.647293756249331942e+00,1.449792102321658116e-01,-6.008370188306293436e-01,1.673721247793488828e-16,2.483604525409235819e+00,4.870622297016419466e+00,-1.911561456998314590e+00,1.754235716320875216e-01,-1.003250503243214409e+00,-1.249955383951447008e+00,7.038293043345413835e-01
3.699999999999999956e-01,1.031949339165421975e+00,-2.615311216426490781e-01,-3.730551603763267998e+00,-3.426702297731020419e+00,1.031949339165421975e+00,1.497706633040429169e+00,-6.223704894730893722e-01,2.133925718249316983e+00,-2.639656766422706635e-01,6.926591745546000212e-01,1.032489104365200694e-01,9.941144383071164048e-02,8.612625719431823632e-03,2.063114940176192513e-01,8.316973193495504416e-03,-1.201352201662307523e-01,3.330603958639404283e+00,1.895631378569796466e+00,-5.506149819977388393e-01,1.733210698391473459e+00,-1.388349415915402840e+00,-6.569487453823434908e-01,8.278633529619390252e-01,-1.476000415250653397e+00,2.997142959822707731e+00,-1.335756235834868466e+00,-1.679617032850848624e+00,1.483062164463833654e-01,-6.127746214748983622e-01,0.000000000000000000e+00,2.547262717943350907e+00,4.996023248829024155e+00,-1.786959774001895651e+00,6.220629126005666754e-02,-1.033731705451400362e+00,-1.261406393663746295e+00,7.077281327957082313e-01
3.709999999999999964e-01,9.982092112303341258e-01,-4.219060770617154565e-01,-3.617581902788024717e+00,-3.398847570578547472e+00,9.982092112303341258e-01,1.308716452564625099e+00,-6.049901107167715564e-01,2.073248482476268695e+00,-3.399600647377936102e-01,6.087423890450746056e-01,9.122809885499388871e-02,8.735671022787659667e-02,7.315533365926395019e-03,1.812414685778970247e-01,7.364103230888940227e-03,-1.055255506124146703e-01,3.432574764751786134e+00,1.951845150363685777e+00,-3.915766062361380473e-01,1.648814898894061187e+00,-1.395798375716120754e+00,-6.558772057526216503e-01,8.217785086287745511e-01,-1.508203068599598184e+00,3.051950883177907414e+00,-1.364507258470305073e+00,-1.711347163964329177e+00,1.512631936031914037e-01,-6.245813017770560638e-01,4.166427938015515835e-17,2.533114085197262444e+00,5.095024132396586580e+00,-1.668727154478566677e+00,-5.521673170434160394e-02,-1.063293713535032214e+00,-1.273094404298788840e+00,7.162529580163599086e-01
3.719999999999999973e-01,9.412215266001976444e-01,-4.722636218111583295e-01,-3.513427931682422400e+00,-3.328098717371112514e+00,9.412215266001976444e-01,1.221051877294807131e+00,-6.070434592815194819e-01,2.013304694828307539e+00,-3.639335051371533347e-01,5.411492470577443648e-01,8.146592588113726885e-02,7.765156047051495480e-02,6.315276982915829333e-03,1.610627623123059016e-01,6.587064828301971396e-03,-9.376834548591653218e-02,3.474619118265154238e+00,1.987761550634850272e+00,-3.332115676032670892e-01,1.597935910577503282e+00,-1.404087737522731638e+00,-6.611095142206018238e-01,8.169493358315376152e-01,-1.523564452641330336e+00,3.072427207409052841e+00,-1.378238060525620368e+00,-1.723854157590871461e+00,1.525950003361977170e-01,-6.293358298464483136e-01,0.000000000000000000e+00,2.492203912681568490e+00,5.141654683925040992e+00,-1.633798067658372544e+00,-1.196029700304523519e-01,-1.090429974874227881e+00,-1.283858279238748068e+00,7.231809903456211108e-01
3.729999999999999982e-01,8.684076684527464174e-01,-4.244693289213713472e-01,-3.424437885514724833e+00,-3.224610725360276042e+00,8.684076684527464174e-01,1.228346332609412395e+00,-6.250713577907258678e-01,1.958155658753610195e+00,-3.415213576167946408e-01,4.312082108102338607e-01,6.523162578649435717e-02,6.187634265931771932e-02,4.870349210491637520e-03,1.282971747136437690e-01,5.283951340034113986e-03,-7.468551578928156465e-02,3.496979924101859538e+00,1.978935204098446698e+00,-3.082951487081054820e-01,1.672496892005996605e+00,-1.404063194462147113e+00,-6.629769305259038958e-01,8.186793061715610387e-01,-1.553029544768713022e+00,3.118315569245414309e+00,-1.404928803423018735e+00,-1.750876989489813518e+00,1.553526019605763475e-01,-6.394179509039777942e-01,-1.802928497784303662e-16,2.375158590143380266e+00,5.162482399130355226e+00,-1.651347609471806699e+00,-7.350974827332527883e-02,-1.120413417787927024e+00,-1.297110930089847569e+00,7.439937903822793075e-01
3.739999999999999991e-01,7.977576179468909290e-01,-3.222953704109791651e-01,-3.344511445241439507e+00,-3.105172095522750642e+00,7.977576179468909290e-01,1.283564322629055399e+00,-6.460198176182425644e-01,1.910013873512552030e+00,-2.932132443480927053e-01,4.414097071679392581e-01,6.687883548804246514e-02,6.333907898278784421e-02,4.929828306023210059e-03,1.313162424987905363e-01,5.421033289300412200e-03,-7.644049879127165492e-02,3.394632018314069910e+00,1.937668054001674856e+00,-4.363421841899417508e-01,1.706200168037221410e+00,-1.388531640303701797e+00,-6.612537558538142957e-01,8.236802290466438414e-01,-1.549521240941489353e+00,3.106219971024998916e+00,-1.401851851473272070e+00,-1.744552638692790314e+00,1.549476695728702336e-01,-6.371800542537831014e-01,0.000000000000000000e+00,2.286520484540520037e+00,5.110766860514716292e+00,-1.774854956680425921e+00,-3.342264234954569341e-02,-1.102267728232041000e+00,-1.293012776818297072e+00,7.472397302553721588e-01
3.750000000000000000e-01,7.375754800822744706e-01,-2.034714191148505325e-01,-3.271459980411064450e+00,-2.982824052255824920e+00,7.375754800822744706e-01,1.358900914383352587e+00,-6.628265092889297216e-01,1.868270970420869981e+00,-2.370463556379635017e-01,3.623845701340696612e-01,5.516493122412968048e-02,5.199720900288660325e-02,3.921859690353952585e-03,1.077712577670600219e-01,4.477739557382084609e-03,-6.272907606093791610e-02,3.488128385886933636e+00,1.979006536075459843e+00,-3.137042037131619887e-01,1.687597829874476485e+00,-1.402235958199060661e+00,-6.659988157791180141e-01,8.173133258540451473e-01,-1.571091292797670791e+00,3.139078909106479465e+00,-1.421072109818130924e+00,-1.764062516300287653e+00,1.568743105411748162e-01,-6.444992154462156897e-01,4.278645957956635369e-17,2.279421663223332395e+00,5.173250376406068440e+00,-1.682779104528406400e+00,-7.254282673545721372e-02,-1.137590389890825948e+00,-1.306020291667951749e+00,7.545842497931072312e-01
3.760000000000000009e-01,6.904678768218692753e-01,-6.631569552968363812e-02,-3.216603163319163183e+00,-2.867704908382206153e+00,6.904678768218692753e-01,1.458493140261220011e+00,-6.757827395555030536e-01,1.838899711684658378e+00,-1.721414058180577022e-01,2.677796282163855124e-01,4.094004519620565719e-02,3.842054830553351397e-02,2.811798433902821560e-03,7.961092714694929795e-02,3.327498394358118557e-03,-4.633421717917364513e-02,3.498335332563089928e+00,1.988821839861894869e+00,-2.976020588764429764e-01,1.680074752860407195e+00,-1.402837379615798685e+00,-6.661967717729427862e-01,8.173854492037621045e-01,-1.578035793032352085e+00,3.142847183487190499e+00,-1.427151138456770996e+00,-1.767188890891629338e+00,1.573616329054267349e-01,-6.458231850134927843e-01,0.000000000000000000e+00,2.188079167747123410e+00,5.172609068545290789e+00,-1.686332649027680430e+00,-8.430233959731932292e-02,-1.165864819563422472e+00,-1.308692458392077596e+00,7.710512320245884732e-01
3.770000000000000018e-01,6.549977370407557009e-01,9.545179342707099668e-02,-3.192561066119058655e+00,-2.767545001089320333e+00,6.549977370407557009e-01,1.594444063839561831e+00,-6.881003059574809511e-01,1.826570191721554881e+00,-9.563117411184317296e-02,2.076513949418737626e-01,3.190470075017751844e-02,2.979088916143189311e-02,2.105862544020535229e-03,6.171273671109426401e-02,2.596545108617261469e-03,-3.591391581711030762e-02,3.536949975220522902e+00,2.023102669227367478e+00,-2.549764728861880769e-01,1.639517216370804276e+00,-1.410650749923626712e+00,-6.696964669222039701e-01,8.180546774887249573e-01,-1.577741985751903941e+00,3.131159302719815685e+00,-1.426591104219324668e+00,-1.761776519912490180e+00,1.570925978032079451e-01,-6.440398705023472337e-01,0.000000000000000000e+00,2.166859384410492861e+00,5.186166672697360980e+00,-1.651776687944080946e+00,-1.201534409976653672e-01,-1.191845415409324538e+00,-1.311139792315934027e+00,7.821407616716146149e-01
3.780000000000000027e-01,6.304928568118959298e-01,2.797897778409394465e-01,-3.210666465573992046e+00,-2.693125105534254438e+00,6.304928568118959298e-01,1.770236887788406044e+00,-7.014289303288684385e-01,1.835554350602891960e+00,-8.504378615841565181e-03,1.810330837978888219e-01,2.795687741781551633e-02,2.596782687137184215e-02,1.767792944419508110e-03,5.378094454322737000e-02,2.278516213884265729e-03,-3.129483631360890222e-02,3.587831054511403828e+00,2.054867810100478032e+00,-2.045222655387229360e-01,1.621918735189270544e+00,-1.420992659959688265e+00,-6.719545237527797532e-01,8.197227615099785814e-01,-1.579335328491331403e+00,3.122534359279710792e+00,-1.427782202542894785e+00,-1.758156076497453979e+00,1.570066102776652150e-01,-6.429199686959475857e-01,0.000000000000000000e+00,2.189528809817961275e+00,5.205359046798004208e+00,-1.606336641210245775e+00,-1.344695483637639299e-01,-1.210205105138795645e+00,-1.312595976234842921e+00,7.884279251963697277e-01
3.790000000000000036e-01,6.171108804620824007e-01,4.934782419459523006e-01,-3.273056831282869616e+00,-2.645461805681663670e+00,6.171108804620824007e-01,1.989460638153224936e+00,-7.181169448490741791e-01,1.866910384049810023e+00,9.235015858311290682e-02,4.313525156462821863e-02,6.672929586303982114e-03,6.187320964801162199e-03,4.158354592973415118e-04,1.281293449651046273e-02,5.440818823420033590e-04,-7.455528115159905378e-03,3.644364374489939440e+00,2.069681303484889767e+00,-1.050917087196858724e-01,1.605594655705914420e+00,-1.423762251831537817e+00,-6.663648025229007565e-01,8.110293235186896155e-01,-1.588821429402634822e+00,3.137485784178208448e+00,-1.436243549956172094e+00,-1.766971310640296000e+00,1.578641655232946028e-01,-6.462131512976106995e-01,0.000000000000000000e+00,2.098678196651932559e+00,5.213840017249402159e+00,-1.535147937711056843e+00,-1.609608194750842269e-01,-1.253085151811732745e+00,-1.312033871938169671e+00,8.035737954035296893e-01
3.800000000000000044e-01,6.122155612765538546e-01,7.444197617839136694e-01,-3.370577362945772926e+00,-2.608600403124998302e+00,6.122155612765538546e-01,2.260565521756225493e+00,-7.435074733752293774e-01,1.914292437009169623e+00,2.099987841743050643e-01,7.235060828916911602e-02,1.124548114267370086e-02,1.037671405198415872e-02,6.724935897642039719e-04,2.148373451441976112e-02,9.180373639316545802e-04,-1.249970166737315869e-02,3.692689851138566404e+00,2.081650801374903104e+00,-5.712656814761374324e-02,1.647781506361060799e+00,-1.431980873094707452e+00,-6.705309003243523636e-01,8.116251623995174302e-01,-1.588532459503597005e+00,3.126959633001346717e+00,-1.435633944815488228e+00,-1.762119423971690857e+00,1.575951758240481670e-01,-6.446311168380729484e-01,1.419060521261021356e-16,2.176507999924138570e+00,5.219855915518923695e+00,-1.482383798911117712e+00,-1.136654240208658517e-01,-1.252901962756239662e+00,-1.314243979798493500e+00,7.991254607321444103e-01
3.810000000000000053e-01,6.207145240194209546e-01,1.028290297756864868e+00,-3.498310196681870377e+00,-2.582081620964494562e+00,6.207145240194209546e-01,2.574569803160639658e+00,-7.773215697778734778e-01,1.976659875743555839e+00,3.421993458646367392e-01,-3.774048191768467064e-02,-5.892334032775017882e-03,-5.412252956845661073e-03,-3.388158147318838607e-04,-1.120298488859185898e-02,-4.814950649259090200e-04,6.517581040020488381e-03,3.710954216054519250e+00,2.088964120020419202e+00,-1.953008832145619600e-02,1.648831434736897750e+00,-1.431467647944320465e+00,-6.709214373072740489e-01,8.084225717080062434e-01,-1.579319939470579914e+00,3.099883652964944059e+00,-1.426924044469841446e+00,-1.747845508634109590e+00,1.564508662055015820e-01,-6.395804475995813254e-01,0.000000000000000000e+00,2.093893794666254582e+00,5.182955438952588700e+00,-1.451866385748143307e+00,-9.935288971194372598e-02,-1.286219766627410888e+00,-1.310983379971781160e+00,8.149401527480267804e-01
3.820000000000000062e-01,6.423738256611906117e-01,1.328501588518834042e+00,-3.649766169009407868e+00,-2.567363752528974086e+00,6.423738256611906117e-01,2.914507320516285915e+00,-8.170784841957100531e-01,2.050853536117195564e+00,4.812469149062231777e-01,-1.639006178198099406e-01,-2.572014653384328484e-02,-2.350195012021612934e-02,-1.412789993858359124e-03,-4.863489040230593169e-02,-2.103876000054611447e-03,2.829167435715992940e-02,3.708662465020763133e+00,2.092045172001597564e+00,7.573821744920716803e-03,1.634168908053638125e+00,-1.423423108000307691e+00,-6.701704136596314809e-01,8.059019637113259416e-01,-1.563826541586301966e+00,3.059941393384171704e+00,-1.412424780035172134e+00,-1.726398682638470516e+00,1.546483677360128428e-01,-6.319217622191803940e-01,-1.399919425619025347e-16,1.980935305614651032e+00,5.126266418851925799e+00,-1.428352908410467359e+00,-9.364256457869074568e-02,-1.317409630666600773e+00,-1.304196051878866669e+00,8.341936380684857877e-01
3.830000000000000071e-01,6.739899089751428818e-01,1.619002318040836386e+00,-3.810766165413105533e+00,-2.563644672532884972e+00,6.739899089751428818e-01,3.251281788198719713e+00,-8.567357151593614217e-01,2.130480636213734513e+00,6.153946173925063379e-01,-1.319642259510042104e-01,-2.081561023655973189e-02,-1.892010737705073289e-02,-1.087430660017874029e-03,-3.914317002143108404e-02,-1.704891558960464331e-03,2.276786169527368273e-02,3.652504588133166585e+00,2.073454924648891140e+00,-5.214219153882115876e-02,1.648274157827838815e+00,-1.412682114058232408e+00,-6.699640284808815460e-01,8.074082432069594750e-01,-1.537612692980259155e+00,2.997345688762740767e+00,-1.388473280407701127e+00,-1.692309651451223917e+00,1.518133366561296438e-01,-6.196474045854764023e-01,1.785471819038066383e-16,1.982927669201903331e+00,5.049985003175072151e+00,-1.459535579323572918e+00,-4.512292428340297645e-02,-1.300011947423533876e+00,-1.291316324625318313e+00,8.301761049022333694e-01
3.840000000000000080e-01,7.145949073288417885e-01,1.896076720701380225e+00,-3.968605011971801044e+00,-2.567150581688843580e+00,7.145949073288417885e-01,3.571368163990941813e+00,-8.946934143356728431e-01,2.210355679685603647e+00,7.431416402730586235e-01,-1.181263013588612631e-01,-1.866636710306050079e-02,-1.693568579685162528e-02,-9.584556015816334505e-04,-3.503425736949408731e-02,-1.529395519097635336e-03,2.037719298614408536e-02,3.783502246491776688e+00,2.100173611050331068e+00,1.415857853641815378e-01,1.665111383364807462e+00,-1.422346284016488660e+00,-6.618813579720924656e-01,7.977615931413916117e-01,-1.554590099836555162e+00,3.027394889794905453e+00,-1.403598427228514023e+00,-1.709626330409557804e+00,1.533922567706005602e-01,-6.260577699525886608e-01,0.000000000000000000e+00,2.110785845296360375e+00,5.108902133742176055e+00,-1.278948327661184159e+00,-4.547340264633197709e-02,-1.303988284615382298e+00,-1.289468523443778825e+00,8.181387861275356554e-01
3.850000000000000089e-01,7.566045848539276752e-01,2.166586718496278152e+00,-4.117123363521471902e+00,-2.560969385737050352e+00,7.566045848539276752e-01,3.884100745930314957e+00,-9.363104075707385787e-01,2.284984426611274433e+00,8.673380706584028488e-01,-7.901229774011642171e-02,-1.254500881586497266e-02,-1.132603939918912228e-02,-6.130255727259713641e-04,-2.342487988054747783e-02,-1.029126925664441364e-03,1.362344136812120021e-02,3.647316556023753709e+00,2.076124579123465264e+00,-1.336293339219030152e-03,1.624536128376727451e+00,-1.392211947625769275e+00,-6.677930423935278803e-01,8.086850436525617747e-01,-1.499898916540698401e+00,2.911164469863032345e+00,-1.353922661936296068e+00,-1.645067495518979905e+00,1.477646901656567147e-01,-6.025992132241692056e-01,0.000000000000000000e+00,2.068405341742939108e+00,4.974744040170632431e+00,-1.366584994674704401e+00,-2.114439271497842512e-02,-1.267872137340660066e+00,-1.271421382543361345e+00,8.223084850206829888e-01
3.860000000000000098e-01,8.020063188368937723e-01,2.390967268241300125e+00,-4.258925296651920434e+00,-2.570819885791227222e+00,8.020063188368937723e-01,4.152836894832651282e+00,-9.709716446310804328e-01,2.356783434112538433e+00,9.701013348049130069e-01,-5.757885343361646147e-02,-9.182710555582423995e-03,-8.252526906818689195e-03,-4.276915438269916943e-04,-1.706481420185029796e-02,-7.541388794282235034e-04,9.923666746106236947e-03,3.593264234423925174e+00,2.057198464729441678e+00,-4.074523373815674976e-02,1.644479306182971889e+00,-1.373428738826693252e+00,-6.735378186282532376e-01,8.122362374717285727e-01,-1.473178355943621343e+00,2.850653141386141787e+00,-1.329502635335765293e+00,-1.611851811616790364e+00,1.449201607574339412e-01,-5.906038968183111582e-01,0.000000000000000000e+00,2.062507025046687481e+00,4.898668895560001069e+00,-1.378500395980740922e+00,3.219980302235453395e-02,-1.245573392271109636e+00,-1.264895854325992719e+00,8.221599042178348027e-01
3.870000000000000107e-01,8.573767652875838863e-01,2.517473956164017146e+00,-4.399560803829042577e+00,-2.625071357322964261e+00,8.573767652875838863e-01,4.336220791831930654e+00,-9.865619203378741542e-01,2.429728294674124101e+00,1.027432732054806896e+00,-1.210849823536847836e-01,-1.940719815892615746e-02,-1.735289826192136509e-02,-8.545490472680985269e-04,-3.587316667746669185e-02,-1.595778527861716964e-03,2.085915838147789012e-02,3.444193878897052752e+00,1.996683273986553431e+00,-2.017008274231533171e-01,1.703594184018334623e+00,-1.342512552702743500e+00,-6.808221885561427378e-01,8.177261461900682260e-01,-1.436299627838289350e+00,2.769237505353409734e+00,-1.295963550161703948e+00,-1.566935651203752000e+00,1.410717605277153341e-01,-5.743365223980195777e-01,7.513079251348761624e-17,1.886809268705078591e+00,4.746513581181036834e+00,-1.515017275846778588e+00,1.358039837673145345e-01,-1.237313958852494844e+00,-1.256754489482024173e+00,8.385853045715462306e-01
3.880000000000000115e-01,9.295698735615579578e-01,2.514813193853795426e+00,-4.534932879076652767e+00,-2.735669147706262017e+00,9.295698735615579578e-01,4.405225979674559866e+00,-9.749999816208264614e-01,2.503804936772334511e+00,1.024657946426901445e+00,-6.488095332470422694e-02,-1.045126995005879467e-02,-9.297130011567213137e-03,-4.324983900282609005e-04,-1.921457914608060147e-02,-8.606561293411909772e-04,1.117151682616360220e-02,3.356076481465963379e+00,1.972782004794957578e+00,-3.188052736415423194e-01,1.738128852208312258e+00,-1.327200140270276219e+00,-6.901366641427841842e-01,8.282391483381860153e-01,-1.404429496123931642e+00,2.696375695829879682e+00,-1.267145491084497255e+00,-1.526951394789239025e+00,1.377440537176042590e-01,-5.598835643098455384e-01,1.631038081901354880e-16,1.886766032017327621e+00,4.658706430674778964e+00,-1.595247894737606753e+00,2.107449590290449704e-01,-1.208670665698752700e+00,-1.250880884581970998e+00,8.394106651643497008e-01
3.890000000000000124e-01,1.017088994858172502e+00,2.412186492649357472e+00,-4.659576677494956520e+00,-2.892178117886555544e+00,1.017088994858172502e+00,4.377853837577625029e+00,-9.417594252438363789e-01,2.576671722281670629e+00,9.753808621687830582e-01,-2.106020419252629949e-02,-3.398458480783836388e-03,-3.017687134251104825e-03,-1.376613413052885787e-04,-6.236189595787901274e-03,-2.799681329446975821e-04,3.625643940689059208e-03,3.501150451166634703e+00,2.011986105686526471e+00,-1.168968110921075887e-01,1.734911860423314467e+00,-1.343666936211723506e+00,-6.811307169491433999e-01,8.171721711821045009e-01,-1.434308683545160612e+00,2.750744985426625711e+00,-1.293949943922562351e+00,-1.558089233938645846e+00,1.405879344481412718e-01,-5.713673895207664888e-01,-1.665759250900072850e-16,2.045781563428947791e+00,4.759332632632368387e+00,-1.413864442148921041e+00,1.766849651433633206e-01,-1.209315191359370045e+00,-1.252778074602854508e+00,8.207978151227933727e-01
3.900000000000000133e-01,1.103885805009037657e+00,2.268817170155053464e+00,-4.770790887802438540e+00,-3.051257243976794875e+00,1.103885805009037657e+00,4.312517394493418088e+00,-9.051634281976894680e-01,2.642515162739187851e+00,9.065488310004127248e-01,6.057305283439828880e-02,9.819515950829464657e-03,8.677987511104510998e-03,3.739116402166643965e-04,1.792956710193466252e-02,8.100886331264016069e-04,-1.042299146133623261e-02,3.353265992833346143e+00,1.980930357473761783e+00,-3.001204563693291583e-01,1.711772769764093871e+00,-1.320957089249817251e+00,-6.862414726311159008e-01,8.279313975089740429e-01,-1.391744179346934285e+00,2.659102919064588733e+00,-1.255458649638678370e+00,-1.507283148461685540e+00,1.362242773517544636e-01,-5.529185884033449572e-01,-1.616367888194649574e-16,2.022094866320810258e+00,4.649852792489180153e+00,-1.546901118496903038e+00,2.048635329426249929e-01,-1.166803244796128292e+00,-1.238349972401334487e+00,8.175084060476377479e-01
3.910000000000000142e-01,1.184505563343692947e+00,2.080820491053384735e+00,-4.859357280251161981e+00,-3.213160541138226023e+00,1.184505563343692947e+00,4.197471432897419419e+00,-8.623364832163376015e-01,2.697141154372252991e+00,8.169474803560983212e-01,1.075306911026565060e-01,1.750524162424439700e-02,1.540318366288809943e-02,6.276038775053409749e-04,3.181776898803553855e-02,1.446062960627529908e-03,-1.849490618247540824e-02,3.314866786891341288e+00,1.969819443913387147e+00,-3.528293665286323932e-01,1.728599590274142894e+00,-1.312678847244811653e+00,-6.855889521056056646e-01,8.358106237134285132e-01,-1.384437975417892819e+00,2.635773540498299816e+00,-1.248823177754333491e+00,-1.495079812026037791e+00,1.353393873516424428e-01,-5.486145266695392486e-01,-1.607936963622370546e-16,2.037959502576105031e+00,4.623098226035931013e+00,-1.586249360620077820e+00,2.341473821256104537e-01,-1.145521690905133783e+00,-1.232757415814517366e+00,8.173157175309530009e-01
3.920000000000000151e-01,1.254986659419537576e+00,1.842218560763262403e+00,-4.925085598563184952e+00,-3.380254693570345470e+00,1.254986659419537576e+00,4.027917028116492659e+00,-8.130143474572690820e-01,2.739551934781693898e+00,7.039238670553482624e-01,2.487502294712246598e-01,4.068865722460700274e-02,3.562498437358727066e-02,1.357662304497411158e-03,7.357492900887004084e-02,3.365952204333892434e-03,-4.276290091834981932e-02,3.322082807296126816e+00,1.998317398475994766e+00,-3.589648169263404132e-01,1.688618569664606106e+00,-1.317241849009227916e+00,-6.916659467658331506e-01,8.413839064205469453e-01,-1.375319515763214540e+00,2.608854077058413878e+00,-1.240418767249070298e+00,-1.480911777069332080e+00,1.342393847467879542e-01,-5.436023975017745258e-01,0.000000000000000000e+00,2.195513521004136770e+00,4.647860132759014995e+00,-1.563758599801823523e+00,2.090644548997714347e-01,-1.109427535253569852e+00,-1.231902392063273899e+00,7.986210055021971677e-01
3.930000000000000160e-01,1.312136909771240534e+00,1.581212701578347257e+00,-4.983696183709978911e+00,-3.551681549438536312e+00,1.312136909771240534e+00,3.837058695216426507e+00,-7.662443275539715382e-01,2.774871843357254786e+00,5.803634181882908472e-01,3.926613934157611174e-01,6.454254303199646881e-02,5.622631082168565164e-02,1.986636528514747983e-03,1.160950849695821241e-01,5.347883453334277559e-03,-6.746897557072537022e-02,3.326476214548996335e+00,2.019218809125893799e+00,-3.684086632480829682e-01,1.685564332414116073e+00,-1.319041007044480907e+00,-7.029197732439036450e-01,8.481654695988832815e-01,-1.371058220017613349e+00,2.589705497223133701e+00,-1.236564001215460840e+00,-1.471289643991565255e+00,1.336334374600769981e-01,-5.402754533790031788e-01,0.000000000000000000e+00,2.348079387947143992e+00,4.673466849381024524e+00,-1.548746353641858198e+00,2.162613249510655644e-01,-1.069312484614821868e+00,-1.237847343169572456e+00,7.806964940281578835e-01
3.940000000000000169e-01,1.359820321857357017e+00,1.308537186345324121e+00,-5.053403251326009205e+00,-3.744337875330842280e+00,1.359820321857357017e+00,3.637181307540735098e+00,-7.242313762274791289e-01,2.811573051188267947e+00,4.514051675216624315e-01,3.955903395136325940e-01,6.512948632480697331e-02,5.664173123876176802e-02,1.949100740786530693e-03,1.169453490202506107e-01,5.399354972069462556e-03,-6.796064660980304095e-02,3.269643773018162669e+00,2.013640090194646959e+00,-4.331390662508137757e-01,1.671125277270232523e+00,-1.308332910115304282e+00,-7.125771336422909163e-01,8.525126229583537274e-01,-1.356872509801629656e+00,2.559108616609881981e+00,-1.223785586270298431e+00,-1.454341630892128645e+00,1.321908305814181728e-01,-5.341178453445822871e-01,0.000000000000000000e+00,2.308361602730165441e+00,4.637878193129335358e+00,-1.600282921282350612e+00,2.187327471188904027e-01,-1.059196730513635609e+00,-1.241295624014803645e+00,7.845519763485506726e-01
3.950000000000000178e-01,1.397104488194054417e+00,1.023821008515945818e+00,-5.138637699206975107e+00,-3.953376248347664657e+00,1.397104488194054417e+00,3.438694970507024884e+00,-6.899404994007415359e-01,2.850378408375433992e+00,3.163073904280805371e-01,3.689878059617521244e-01,6.102872506983834933e-02,5.282769624278751963e-02,1.685098031650379040e-03,1.090421697592079409e-01,5.065733255143671163e-03,-6.336161659759159681e-02,3.277309087897369189e+00,2.022554507454331407e+00,-4.132627455272748218e-01,1.658042498274719501e+00,-1.311408752600351946e+00,-7.133866649369262625e-01,8.458241073133319077e-01,-1.369151935323080993e+00,2.573377026637911680e+00,-1.234661516405785697e+00,-1.463490426248035492e+00,1.331873926362603655e-01,-5.376595692669519089e-01,0.000000000000000000e+00,2.277144958536040154e+00,4.656960259162080895e+00,-1.595096565690272916e+00,1.962371700583343814e-01,-1.069179190204883723e+00,-1.245980500948734582e+00,7.824624907157402554e-01
3.960000000000000187e-01,1.420703241909839543e+00,7.382896704361662232e-01,-5.225223891198303328e+00,-4.164463264566841794e+00,1.420703241909839543e+00,3.241185287621731970e+00,-6.623575369000154200e-01,2.885607109311972174e+00,1.808874706086698314e-01,4.409501839105838261e-01,7.323103509308231951e-02,6.312026349010801951e-02,1.864200639118481764e-03,1.302633443315342754e-01,6.086816037903070541e-03,-7.568567230626113695e-02,3.253093743232364332e+00,2.042612817660589108e+00,-4.445573750596480411e-01,1.603819685920028215e+00,-1.309678140348272013e+00,-7.204775632643850569e-01,8.491412990210938094e-01,-1.362296938209139441e+00,2.551335755958683560e+00,-1.228455779782597013e+00,-1.452024100494148984e+00,1.323556742206304926e-01,-5.336160323098870784e-01,6.893151068083596148e-17,2.331746988933808495e+00,4.667179608712354266e+00,-1.609892891352137090e+00,1.536597860649977221e-01,-1.047059121796107384e+00,-1.248006779536369182e+00,7.734556267148328113e-01
3.970000000000000195e-01,1.421902895162879155e+00,4.646428877919079881e-01,-5.299883579074532669e+00,-4.359539356483550954e+00,1.421902895162879155e+00,3.049438565406831003e+00,-6.429343091443077141e-01,2.910356786417450436e+00,5.152437319456804748e-02,3.653891749514133758e-01,6.096936209503299453e-02,5.229706721655637963e-02,1.406563207762070566e-03,1.079000246540130215e-01,5.074461604868733822e-03,-6.268560668077509390e-02,3.249588152062624857e+00,2.076322231317131894e+00,-4.378567540999226959e-01,1.514035553880338059e+00,-1.308343349762598695e+00,-7.233185574587963629e-01,8.511132322995887955e-01,-1.363263843773893980e+00,2.543284682950397002e+00,-1.229210928942537917e+00,-1.448615787025267387e+00,1.322523687917498136e-01,-5.325492701814368290e-01,0.000000000000000000e+00,2.251713483240144420e+00,4.680576276362561572e+00,-1.614770615825904310e+00,6.682633006283274224e-02,-1.068190956316835916e+00,-1.250793366035364285e+00,7.884276256188137433e-01
3.980000000000000204e-01,1.396412225274201724e+00,2.090312753951905078e-01,-5.354132574914044262e+00,-4.527773038586125232e+00,1.396412225274201724e+00,2.865257582644463952e+00,-6.304474113709952476e-01,2.920931587582426214e+00,-6.844423097504041820e-02,3.399305191715765173e-01,5.699534454893335350e-02,4.864533072366582916e-02,1.172906174468267776e-03,1.003417556875926819e-01,4.751043841159403348e-03,-5.828816083786740598e-02,3.228405349482164066e+00,2.079212931366324124e+00,-4.547885821527699046e-01,1.509253076054357878e+00,-1.303195652849399533e+00,-7.281753686324161645e-01,8.515899259640693497e-01,-1.376703197858147210e+00,2.556858141275737850e+00,-1.241384779010553441e+00,-1.457697382677706210e+00,1.333734024467399804e-01,-5.360913137855638499e-01,6.899271882451112116e-17,2.191632670795593540e+00,4.693066417190995487e+00,-1.647528030439657565e+00,5.272859955111994235e-02,-1.069480494715066898e+00,-1.259515638576820695e+00,7.933017651262020964e-01
3.990000000000000213e-01,1.352354792031456254e+00,-4.898723131612969794e-02,-5.392633646843076889e+00,-4.688212261575069206e+00,1.352354792031456254e+00,2.665251055400459812e+00,-6.158560714450110884e-01,2.922369659389379315e+00,-1.880104134371097524e-01,3.920489313306631529e-01,6.583422491100203444e-02,5.609880302334381563e-02,1.300229808847096257e-03,1.157104022378924735e-01,5.491132635405704746e-03,-6.721328761125777707e-02,3.113177720711690188e+00,2.081662444309183790e+00,-6.247912718727184345e-01,1.446940145213724493e+00,-1.290817613111506112e+00,-7.456731297712246853e-01,8.686200886973904911e-01,-1.343392047809729206e+00,2.490813364776904848e+00,-1.211443617066099376e+00,-1.420536901250481154e+00,1.300973339103774495e-01,-5.224911348086489493e-01,6.719351132468524312e-17,2.161834604232624191e+00,4.638310033997091075e+00,-1.780136085915474009e+00,2.770347377209042561e-02,-1.045009876963236106e+00,-1.262673131944467952e+00,8.014068010861328251e-01
4.000000000000000222e-01,1.298271352829065695e+00,-3.386198133081566031e-01,-5.427615220501468052e+00,-4.860171343843164848e+00,1.298271352829065695e+00,2.439755083665116064e+00,-5.945236750387863367e-01,2.920682858599356280e+00,-3.213390817700461088e-01,2.831841393764108483e-01,4.773917543666910540e-02,4.051990996700513548e-02,8.514392097924271957e-04,8.355504057838925025e-02,3.985920528490905120e-03,-4.853091746501535936e-02,3.113656608858694774e+00,2.079027725993731757e+00,-5.961004467063525381e-01,1.454689002847674217e+00,-1.282389612186092709e+00,-7.458348925515734251e-01,8.664018615928016365e-01,-1.375691759788080670e+00,2.542993633198801007e+00,-1.240418743560971926e+00,-1.451228882863210501e+00,1.330567989158000786e-01,-5.339402717692126599e-01,1.597990265374451920e-16,2.021148988447024841e+00,4.669760534629201487e+00,-1.795999280300319523e+00,4.311559194256131544e-03,-1.065777772691903547e+00,-1.275789243792295302e+00,8.178709441277863812e-01
4.010000000000000231e-01,1.240486195573922812e+00,-6.325648748175580760e-01,-5.457101856576898058e+00,-5.028677781812505465e+00,1.240486195573922812e+00,2.211899355896022712e+00,-5.704279609431481823e-01,2.916448626944630362e+00,-4.561143338142785164e-01,2.758269558059735505e-01,4.674076183801641193e-02,3.946372205173487302e-02,7.103852469752793214e-04,8.135241922166276674e-02,3.908915452063169670e-03,-4.724606418390282780e-02,3.180172659955441183e+00,2.103239697212790027e+00,-5.169732053584161768e-01,1.489198710662149150e+00,-1.292584088087340044e+00,-7.531169108992926686e-01,8.632049476045943193e-01,-1.417194902771805154e+00,2.608109836205164900e+00,-1.277773769792094782e+00,-1.489803467864308395e+00,1.368543242030456075e-01,-5.483682624328021227e-01,1.646227447925610127e-16,2.038804712989609413e+00,4.758090295255971824e+00,-1.755283253098776086e+00,1.056280448160362706e-04,-1.074377344662631684e+00,-1.297576257880031836e+00,8.159588834206915609e-01
4.020000000000000240e-01,1.182273597135022447e+00,-8.761583153664715962e-01,-5.481005439329527995e+00,-5.168857893084294552e+00,1.182273597135022447e+00,2.022864825104702557e+00,-5.538860427373598627e-01,2.910471530044933086e+00,-5.673828858670487696e-01,4.554542906119183332e-01,7.751645810936109993e-02,6.515417198651880792e-02,1.007540241559809827e-03,1.342836797226112378e-01,6.491467825268389114e-03,-7.797849970382818297e-02,3.201902878118843887e+00,2.133448364257881646e+00,-4.947401603053255270e-01,1.449274780359262049e+00,-1.294043378574019965e+00,-7.565087859363914813e-01,8.701982240975280058e-01,-1.435741646463458920e+00,2.633105260158758565e+00,-1.294353595766304155e+00,-1.505215663769575940e+00,1.384436605872382542e-01,-5.542375011739540946e-01,2.376878832105005998e-16,2.221615522267303078e+00,4.844070082526001464e+00,-1.723939584085110832e+00,-5.493334316875408269e-02,-1.021316038264170389e+00,-1.304254819285077360e+00,7.922197243937000311e-01
4.030000000000000249e-01,1.119389564927777636e+00,-1.029009738051211320e+00,-5.502159661346261998e+00,-5.260889033916537727e+00,1.119389564927777636e+00,1.911980269973240665e+00,-5.555620610543514637e-01,2.902268974971628612e+00,-6.368772810090884695e-01,5.590651059372617748e-01,9.560595059963064579e-02,7.995805476689177294e-02,1.016012589239286869e-03,1.647634936554378537e-01,8.017516219069145342e-03,-9.566751375343673924e-02,3.310729311223025828e+00,2.184631659180969798e+00,-3.596398924502187122e-01,1.405233791286516931e+00,-1.312375105429836042e+00,-7.482602467560561799e-01,8.654630197841142181e-01,-1.480251761710579705e+00,2.704462217111365252e+00,-1.334312686374505175e+00,-1.547300983077804171e+00,1.425050667594745246e-01,-5.699470245747312314e-01,0.000000000000000000e+00,2.389542655449707897e+00,4.984699826891966445e+00,-1.613994524057832169e+00,-1.410511792020479604e-01,-1.005106545014923691e+00,-1.310189755111718091e+00,7.697955060306774788e-01
4.040000000000000258e-01,1.050298993449854335e+00,-1.093534412151752067e+00,-5.516545077734686053e+00,-5.304582693367914104e+00,1.050298993449854335e+00,1.868017546614719304e+00,-5.720493585908279499e-01,2.891032424042872417e+00,-6.653656376166042774e-01,5.242710287730996122e-01,8.979074001655444615e-02,7.497653513364813116e-02,8.838420885210143295e-04,1.544887351009951171e-01,7.533936867291481446e-03,-8.969836164506976572e-02,3.179855360099757888e+00,2.157481316745127220e+00,-5.308761042231721072e-01,1.387073118948964012e+00,-1.295151429382049635e+00,-7.598587649485016859e-01,8.749490444917159548e-01,-1.453268990524293924e+00,2.650952504304132429e+00,-1.310067455981323681e+00,-1.517202204760752293e+00,1.398520154016696659e-01,-5.589318063302873840e-01,1.688152442968688920e-16,2.250857398348563798e+00,4.898224561065814164e+00,-1.765967025070847685e+00,-1.292452437232672613e-01,-1.000810678879384907e+00,-1.311256634411497535e+00,7.852506828466464528e-01
4.050000000000000266e-01,9.744211103368356497e-01,-1.081995825315357429e+00,-5.526990855926388946e+00,-5.305400041830693247e+00,9.744211103368356497e-01,1.889728362394095251e+00,-6.039045738367394556e-01,2.876095113296608830e+00,-6.589984743065314676e-01,7.511267171653470687e-01,1.292497755643092494e-01,1.074010731294283011e-01,9.876529040230013108e-04,2.212552612194103596e-01,1.085640569886893794e-02,-1.284505933878573591e-01,3.406708925007150945e+00,2.239423760140644148e+00,-2.269852813738310049e-01,1.345560257458044084e+00,-1.327137580126804828e+00,-7.479170914218226107e-01,8.580615619364655444e-01,-1.523148678024472735e+00,2.771865303889609500e+00,-1.372412301780938648e+00,-1.587327229664655004e+00,1.462852417215527168e-01,-5.849713684483134335e-01,0.000000000000000000e+00,2.634686964148025279e+00,5.140538839594563036e+00,-1.491996510025341172e+00,-2.407793193025879186e-01,-9.595970771858417514e-01,-1.322032054171267124e+00,7.296109685486081853e-01
4.060000000000000275e-01,8.889886582889998667e-01,-9.409171634358954872e-01,-5.537349422669988641e+00,-5.239720595910262624e+00,8.889886582889998667e-01,2.023089670278041652e+00,-6.631786071577705499e-01,2.858410766166541883e+00,-5.931469903151276313e-01,6.710929081942500485e-01,1.159800493189103859e-01,9.595065310700363892e-02,6.539046596951632621e-04,1.976161272164079497e-01,9.751005450578165146e-03,-1.147159095323598832e-01,3.490827359043201739e+00,2.273608972376792714e+00,-1.066608749140609547e-01,1.327810326637109961e+00,-1.336196684547748870e+00,-7.454162404861283120e-01,8.524349008166691721e-01,-1.551609764098994759e+00,2.816612074325773651e+00,-1.397551592998644621e+00,-1.613909072593769034e+00,1.487634413995025939e-01,-5.949641670389749226e-01,0.000000000000000000e+00,2.610310503138457250e+00,5.206201096021477071e+00,-1.408261814805702006e+00,-2.854448412969639026e-01,-9.898171159318384094e-01,-1.330629402074524847e+00,7.377189912843092889e-01
4.070000000000000284e-01,7.919814362013967157e-01,-6.395845475788504153e-01,-5.543842998081668583e+00,-5.087703297149735349e+00,7.919814362013967157e-01,2.293150396518397471e+00,-7.572970709399337030e-01,2.835320746698888783e+00,-4.537270942668256701e-01,5.539699065860224092e-01,9.620106989248627949e-02,7.920191426177894400e-02,3.301688408960362208e-04,1.630695457969493778e-01,8.096408337427602603e-03,-9.465168154962706748e-02,3.533475015673636754e+00,2.289277619099835182e+00,-3.104601600458056776e-02,1.325759944293608550e+00,-1.340997592846062236e+00,-7.468449022927958758e-01,8.419985585894382840e-01,-1.566413276838025892e+00,2.835060862973936668e+00,-1.410383645173618250e+00,-1.625609904806299522e+00,1.499072403914166185e-01,-5.995011796958555905e-01,0.000000000000000000e+00,2.521031645421633272e+00,5.220539551966258074e+00,-1.362227746916419679e+00,-2.995197916717949327e-01,-1.028020806657696351e+00,-1.338249673651223937e+00,7.473468770398111749e-01
4.080000000000000293e-01,6.898623523884271913e-01,-2.249638578598037730e-01,-5.539677516110642408e+00,-4.866755136757570988e+00,6.898623523884271913e-01,2.655810640593327498e+00,-8.735518407899113269e-01,2.806137817231554976e+00,-2.622370108908541608e-01,4.881158363564315206e-01,8.518528291180028911e-02,6.978022673767608763e-02,9.639771218507853516e-05,1.436284764933246638e-01,7.177747494999632376e-03,-8.335800972520890362e-02,3.502131743485186632e+00,2.292768713225653787e+00,-6.306810143916030675e-02,1.302384022519544438e+00,-1.335211596542760670e+00,-7.506114753621863089e-01,8.441504106453900924e-01,-1.551001969089099486e+00,2.797335457550803817e+00,-1.396161278233593928e+00,-1.605271698264840063e+00,1.481680448300404240e-01,-5.922326099352791529e-01,-2.552887391113245076e-16,2.439245610752518445e+00,5.175289453688258767e+00,-1.389449152935078091e+00,-3.027912780331105669e-01,-1.043415075219395582e+00,-1.335666337802465797e+00,7.607924009201809668e-01
4.090000000000000302e-01,5.915487028681357673e-01,2.423189925983029180e-01,-5.516799200897006372e+00,-4.605029120848291413e+00,5.915487028681357673e-01,3.047539780434526779e+00,-9.945360157001467138e-01,2.771294124201235221e+00,-4.640383019304590573e-02,5.132267586456101816e-01,8.971530068202673847e-02,7.336760468085011533e-02,3.282544986173136756e-05,1.509975731610484484e-01,7.562455825262041041e-03,-8.763152240133653681e-02,3.509076132331060194e+00,2.284055186015907069e+00,-4.475910968825580483e-02,1.327982856768777031e+00,-1.332719474085674483e+00,-7.462435339721548155e-01,8.424936623001844094e-01,-1.553304692230976336e+00,2.798277597522475180e+00,-1.398112886248011222e+00,-1.606234670450202628e+00,1.482985442423902234e-01,-5.926668030319104385e-01,0.000000000000000000e+00,2.468998198745694150e+00,5.172048084220408626e+00,-1.369504391255417008e+00,-2.782189882315638796e-01,-1.033423356682235728e+00,-1.331347881178803316e+00,7.548621398988478726e-01
4.100000000000000311e-01,5.012517113831913562e-01,7.045526339766450263e-01,-5.474604889867320523e+00,-4.325878090745884919e+00,5.012517113831913562e-01,3.428479525709223541e+00,-1.109394766223904316e+00,2.730157599342787123e+00,1.669829582112813959e-01,3.181760462810010459e-01,5.588347155408703026e-02,4.547817079843795990e-02,-9.630408429365596324e-05,9.357590815842430076e-02,4.714699857610942478e-03,-5.430110609997548798e-02,3.406811742412723998e+00,2.248581886601665580e+00,-1.189511639584456271e-01,1.318312364020228333e+00,-1.301644726195319901e+00,-7.488934080840490282e-01,8.444562773950283763e-01,-1.530100231702272495e+00,2.748679854291269375e+00,-1.376706622097845889e+00,-1.578853044620700752e+00,1.458107342059401512e-01,-5.827641895236398417e-01,0.000000000000000000e+00,2.194887556991452549e+00,5.053145212447021528e+00,-1.450179615257853660e+00,-2.606369846847660932e-01,-1.062258083830955657e+00,-1.326942897750078121e+00,7.901551712950528605e-01
4.110000000000000320e-01,4.344519934421766094e-01,1.089144304660578655e+00,-5.423786192935679651e+00,-4.076802946041594211e+00,4.344519934421766094e-01,3.739434412073685099e+00,-1.198049940039466632e+00,2.692159725478352694e+00,3.444466033359082635e-01,1.648337465170706673e-01,2.909173400697359635e-02,2.355752445050784960e-02,-1.139368415548662136e-04,4.845851070082997369e-02,2.456973423803214193e-03,-2.811680890345719108e-02,3.280530831410633397e+00,2.176999154830260963e+00,-2.748518839038466277e-01,1.435691554366597789e+00,-1.277447983818627897e+00,-7.550671201616432349e-01,8.513593028199744062e-01,-1.510833212378696722e+00,2.704168015286910531e+00,-1.359125067702928291e+00,-1.554574057975778967e+00,1.437347452226822864e-01,-5.740266540596331568e-01,1.755082561479743606e-16,1.934531365549007287e+00,4.910258904124145118e+00,-1.610419427156267069e+00,-1.189964404507360407e-01,-1.085254727895115678e+00,-1.326636800797473148e+00,8.232424939165174926e-01
4.120000000000000329e-01,4.095547691401278390e-01,1.341662069278242608e+00,-5.373355645454641838e+00,-3.896878369061412162e+00,4.095547691401278390e-01,3.935396673452438598e+00,-1.246475236455306224e+00,2.665574206390371792e+00,4.603250450419044126e-01,5.345154780159155905e-02,9.474734580456146971e-03,7.638661147059244705e-03,-5.525270443271524941e-05,1.570863757082872902e-02,8.008864531108285910e-04,-9.113637447918723766e-03,3.238131639833961017e+00,2.127981385829027516e+00,-3.311071017367612779e-01,1.561043558698974376e+00,-1.268369069447520037e+00,-7.560877311088650687e-01,8.518751809522776552e-01,-1.515096763551583292e+00,2.703799413509200278e+00,-1.362630569692596216e+00,-1.555427586911473092e+00,1.439141069235316261e-01,-5.745422642356768916e-01,1.035303912537048178e-16,1.776486424083969284e+00,4.841255533918683795e+00,-1.686099010282298138e+00,5.560719083068571544e-03,-1.108746324953159723e+00,-1.329829108891431133e+00,8.427615435043590564e-01
4.130000000000000338e-01,4.351620467743636533e-01,1.453425599879109464e+00,-5.327101176469845711e+00,-3.791736283447476374e+00,4.351620467743636533e-01,4.014123674666524977e+00,-1.253798056394775706e+00,2.653176815439300729e+00,5.100848201188177278e-01,-1.774954436009083258e-01,-3.161592169430700594e-02,-2.536382588359654272e-02,2.502829161510734075e-04,-5.214410083916031641e-02,-2.674657191408991944e-03,3.024901887043791870e-02,3.146367937696128880e+00,2.085212500975120342e+00,-4.278067170526711482e-01,1.623012056441807349e+00,-1.245142741707299550e+00,-7.639562931383232502e-01,8.578551030407743916e-01,-1.496596739269190568e+00,2.661113707829991792e+00,-1.345719263876760108e+00,-1.532183806054994601e+00,1.419239741981730973e-01,-5.661671919391104701e-01,0.000000000000000000e+00,1.472275754826029903e+00,4.714710287110804643e+00,-1.798889806813027903e+00,9.107853330296382388e-02,-1.155362868348286831e+00,-1.332798142268842634e+00,8.881041219112123519e-01
4.140000000000000346e-01,5.050918818203818939e-01,1.483188931997543314e+00,-5.279355364944247064e+00,-3.733784128578556682e+00,5.050918818203818939e-01,4.016254294556121707e+00,-1.231728748345954694e+00,2.652246658528604417e+00,5.209502326784882786e-01,-2.018951781740702667e-01,-3.602367485378418777e-02,-2.885035356285578501e-02,3.096313904610872815e-04,-5.930470069998307336e-02,-3.048018319142578245e-03,3.440165898424966950e-02,3.347291370681686029e+00,2.119710085089645979e+00,-1.490658560289169210e-01,1.661267384955414261e+00,-1.274175974590916471e+00,-7.380308943194608950e-01,8.320456964792994903e-01,-1.567308584733747789e+00,2.784628694807886440e+00,-1.409028118122600315e+00,-1.603623753643106165e+00,1.485225048530605385e-01,-5.926358699452828338e-01,0.000000000000000000e+00,1.578087607773867918e+00,4.868315105043747870e+00,-1.586944327714372882e+00,5.795326270276918157e-02,-1.184958170437839131e+00,-1.333714782583886427e+00,8.664473554635491181e-01
4.150000000000000355e-01,5.953872543049077981e-01,1.506459097486395837e+00,-5.224984801505199172e+00,-3.668215188962157924e+00,5.953872543049077981e-01,4.014234985128196875e+00,-1.203182966547770461e+00,2.653090098421306831e+00,5.280532081105753228e-01,-2.927048506270940598e-01,-5.245882818433104944e-02,-4.181953236054773704e-02,5.520978634124833109e-04,-8.594636925196710853e-02,-4.442413240295983723e-03,4.985086135291776077e-02,3.226220238959557118e+00,2.102117687832286919e+00,-3.295805934435376838e-01,1.646787123660275132e+00,-1.261187441106137896e+00,-7.512273690540777205e-01,8.482956195513966513e-01,-1.510415540365302345e+00,2.674584590625346703e+00,-1.357645175563025663e+00,-1.541473323466543421e+00,1.429086569653449101e-01,-5.698625942374003772e-01,0.000000000000000000e+00,1.423099847967160603e+00,4.724243450273302614e+00,-1.729045301367110987e+00,1.058658980571441921e-01,-1.204225153392760150e+00,-1.325532376531774137e+00,8.981464809043143704e-01
4.160000000000000364e-01,7.006391189036587086e-01,1.511287357941230480e+00,-5.175476098239652600e+00,-3.617506346951998797e+00,7.006391189036587086e-01,3.997898216749011802e+00,-1.166345231032856811e+00,2.660361203295847687e+00,5.262708243840124034e-01,-3.153516286147167724e-01,-5.675613787773478580e-02,-4.504703792258987760e-02,6.978450636500831399e-04,-9.256190799056929208e-02,-4.809578532202039500e-03,5.368275465185861489e-02,3.234314669022737121e+00,2.098642839142267569e+00,-3.349819959286378657e-01,1.680765236987602496e+00,-1.263581390925704540e+00,-7.463155552880522681e-01,8.527585075795864888e-01,-1.506874814254468120e+00,2.660758490239031104e+00,-1.354124453277915752e+00,-1.534552029234392601e+00,1.423484385721228707e-01,-5.674818693209662257e-01,0.000000000000000000e+00,1.412088226153552117e+00,4.702645191503563638e+00,-1.734153487129143301e+00,1.469110528168599827e-01,-1.213794860344151072e+00,-1.318607003141220479e+00,9.064412622314450552e-01
4.169999999999999818e-01,8.146830805387457186e-01,1.478941760856099297e+00,-5.151537683199591378e+00,-3.607152558982718027e+00,8.146830805387457186e-01,3.964096321944508006e+00,-1.121284755590775672e+00,2.680752490356767215e+00,5.072131865326233724e-01,-3.076132650113059808e-01,-5.562542340562334764e-02,-4.393294981540186994e-02,7.954882148763341848e-04,-9.025422314252518063e-02,-4.717706451656231842e-03,5.233857877187533814e-02,3.268036068026190843e+00,2.152399600574207206e+00,-3.029629209179973692e-01,1.590675903924243295e+00,-1.274495033371690234e+00,-7.545878446231230052e-01,8.549172886690333817e-01,-1.479507863466350326e+00,2.603830883140261676e+00,-1.329195899976043371e+00,-1.502932849654908587e+00,1.395193983170987251e-01,-5.559904649037250568e-01,1.718907664417949913e-16,1.480914939548534592e+00,4.700605060308845395e+00,-1.676091770709442708e+00,8.853854248421104411e-02,-1.225229858197116606e+00,-1.315296015978504318e+00,9.072558674409089141e-01
4.179999999999999827e-01,9.231607211590240336e-01,1.447039318067532498e+00,-5.171034664235246936e+00,-3.634190614185169643e+00,9.231607211590240336e-01,3.952996441501598568e+00,-1.080998582033806166e+00,2.717863664154657855e+00,4.887061854255355109e-01,-2.830190361530869891e-01,-5.143512219662760288e-02,-4.041259011083984942e-02,8.394980812716828968e-04,-8.300380336345847265e-02,-4.365100299219404692e-03,4.812856125750921560e-02,3.352813243354054062e+00,2.214125433744687399e+00,-1.955701569522138028e-01,1.511861298195519954e+00,-1.292527495184360387e+00,-7.579121692779340336e-01,8.485212207660367545e-01,-1.471740935783607540e+00,2.582384211678995012e+00,-1.321682364957581068e+00,-1.491711097341647863e+00,1.385105711932340389e-01,-5.520344080793558872e-01,0.000000000000000000e+00,1.598053271417359422e+00,4.745074523227055252e+00,-1.557665112020634846e+00,2.098969893514376905e-02,-1.237020727354584793e+00,-1.314311677656509358e+00,8.966497820235459493e-01
4.189999999999999836e-01,1.018135002092463770e+00,1.456755956074697878e+00,-5.232958250035157910e+00,-3.679566695855195135e+00,1.018135002092463770e+00,3.995845203824018643e+00,-1.055615415937342760e+00,2.769535582501627236e+00,4.900805112216184423e-01,-3.536729552359935136e-01,-6.438498367137254763e-02,-5.049836903699557455e-02,1.094216277397570911e-03,-1.037106751306734048e-01,-5.465155491055468176e-03,6.013282077280113214e-02,3.378928571911276268e+00,2.188804666025912837e+00,-1.193004583466779622e-01,1.581851463112933898e+00,-1.283558912114847850e+00,-7.487899069972835386e-01,8.384574755974170124e-01,-1.490034828224570784e+00,2.611840720071467281e+00,-1.337926748450852577e+00,-1.509115682235076639e+00,1.401382543592206709e-01,-5.585431441618073922e-01,0.000000000000000000e+00,1.535220788450712082e+00,4.736260402426007765e+00,-1.507725575834526044e+00,7.382999715525483120e-02,-1.247131332886300514e+00,-1.312798206650146460e+00,8.985902963702181445e-01
4.199999999999999845e-01,1.094875248921306943e+00,1.515566737777407580e+00,-5.321212171710351768e+00,-3.717375310205443206e+00,1.094875248921306943e+00,4.097970511862016885e+00,-1.050422552760367445e+00,2.825956175094840983e+00,5.143851597603157355e-01,-3.629271555736560129e-01,-6.636975844720419127e-02,-5.180977467744905807e-02,1.250695695824177809e-03,-1.063825486926855413e-01,-5.637405281573968849e-03,6.167544618574669069e-02,3.377221188170505428e+00,2.216325566663098989e+00,-1.287002373342207018e-01,1.516825413810334089e+00,-1.290461985459029570e+00,-7.529394297329889962e-01,8.377298273921101046e-01,-1.459474043225024609e+00,2.551005220191176814e+00,-1.310048758186249884e+00,-1.475030882034938706e+00,1.370164483086020457e-01,-5.461103375727831555e-01,1.014371198799220000e-16,1.554819989371824862e+00,4.700961028407070863e+00,-1.490558770197919713e+00,4.304522747121956178e-02,-1.259828085843113010e+00,-1.304687172587346122e+00,8.994052735778569341e-01
4.209999999999999853e-01,1.153289226269240020e+00,1.593613044882051799e+00,-5.421691102713262822e+00,-3.754021448114650106e+00,1.153289226269240020e+00,4.223938910206158859e+00,-1.056769591815661213e+00,2.882220631092336394e+00,5.482353113578062320e-01,-4.273378383226911215e-01,-7.853198837328881354e-02,-6.098791349669697298e-02,1.637331583946542496e-03,-1.252072061360773314e-01,-6.675606810186205178e-03,7.258054792184119586e-02,3.336212310993010632e+00,2.212295539895581697e+00,-1.420394381272547801e-01,1.480749618899134923e+00,-1.274012773942634569e+00,-7.532724201197997793e-01,8.385867051930057103e-01,-1.437969951752267717e+00,2.505125874066375768e+00,-1.290358406147426473e+00,-1.449721891986553324e+00,1.347409534586643254e-01,-5.369340880338605571e-01,0.000000000000000000e+00,1.470904520918051794e+00,4.638889425588669013e+00,-1.493385757771378275e+00,3.266505849652814181e-02,-1.264479026620047630e+00,-1.296882114963846755e+00,9.111672531148469201e-01
4.219999999999999862e-01,1.194064127190171742e+00,1.652614941836799467e+00,-5.525387726848094871e+00,-3.803779958558191510e+00,1.194064127190171742e+00,4.335009077828654966e+00,-1.063993123922733819e+00,2.935590754540869263e+00,5.743407521950710803e-01,-4.250921341751587867e-01,-7.845840834624118187e-02,-6.065198708613750433e-02,1.774878393906662629e-03,-1.245002947123642068e-01,-6.674041725282323263e-03,7.216318930616572036e-02,3.282892512189369061e+00,2.186905584179199558e+00,-1.784539566261336141e-01,1.498710470630439717e+00,-1.256617642874787055e+00,-7.531082472684083040e-01,8.389874028897307268e-01,-1.424702025864829302e+00,2.474593254026962175e+00,-1.278138322866368304e+00,-1.433145779967625266e+00,1.332758078858881090e-01,-5.309690440417561552e-01,9.951901051805264167e-17,1.433098352149380972e+00,4.583040429859920550e+00,-1.517244266578639422e+00,6.733956905672111581e-02,-1.247842129701262959e+00,-1.290751333035446757e+00,9.111505921958965581e-01
4.229999999999999871e-01,1.226414623033195817e+00,1.655872854131894556e+00,-5.625560534191826001e+00,-3.878394840785172271e+00,1.226414623033195817e+00,4.398511076702943612e+00,-1.062567299648785157e+00,2.985168497333694049e+00,5.753398835420778790e-01,-3.563295890125583454e-01,-6.608128935197173093e-02,-5.082395882049470931e-02,1.624217573099980515e-03,-1.043139591087588469e-01,-5.625777837093231745e-03,6.045558852807786376e-02,3.191730436171734908e+00,2.125724521174442661e+00,-2.683634256063790469e-01,1.595834433966387911e+00,-1.229377565763811742e+00,-7.523844065686985383e-01,8.451175601006729599e-01,-1.419292682632843805e+00,2.456275847933139911e+00,-1.273052728399604261e+00,-1.423839161499387052e+00,1.325386114814291194e-01,-5.277143090335429942e-01,2.303925239132086374e-16,1.416108164526332702e+00,4.515919079755611243e+00,-1.592240112826478038e+00,1.736194900401008268e-01,-1.201152913391141386e+00,-1.285724493439334815e+00,9.055731486287510457e-01
4.239999999999999880e-01,1.262108478784148113e+00,1.583522779578958151e+00,-5.718332224896061078e+00,-3.992810675831737655e+00,1.262108478784148113e+00,4.389115028646926042e+00,-1.044320530837607786e+00,3.032784354572274577e+00,5.418909924780620502e-01,-3.273185464014258805e-01,-6.079839269639861210e-02,-4.668045940269156813e-02,1.533367021607149553e-03,-9.580668532347458299e-02,-5.177258753334446593e-03,5.552299056547392586e-02,3.187871224485180566e+00,2.139240683415041033e+00,-2.612826033225298383e-01,1.553486217329417274e+00,-1.226139743226532186e+00,-7.544495083332370955e-01,8.462599323789068428e-01,-1.408265624808308969e+00,2.434463660528454643e+00,-1.263048472920359488e+00,-1.411612239694601811e+00,1.314274214662025930e-01,-5.232432082775551052e-01,-9.874075503648705059e-17,1.452287053275445716e+00,4.512905951247097036e+00,-1.571011535645580937e+00,1.434073446564226029e-01,-1.190519007083804315e+00,-1.282869975364126613e+00,9.017829229443806716e-01
4.249999999999999889e-01,1.297379656844881213e+00,1.441328942816186398e+00,-5.806716193001612680e+00,-4.136404492482975925e+00,1.297379656844881213e+00,4.322677404344838159e+00,-1.014292085120759523e+00,3.077318114709268304e+00,4.762024417069313786e-01,-3.647341993249865744e-01,-6.805418764454272684e-02,-5.200366273291550517e-02,1.841240395295809171e-03,-1.067144647806626268e-01,-5.799587019316139111e-03,6.183750519003267110e-02,3.123174357465880568e+00,2.106334709019381801e+00,-3.084792763186172682e-01,1.593678709383217873e+00,-1.203800795848049443e+00,-7.596431902616749277e-01,8.483300290020797663e-01,-1.404500193446740042e+00,2.420653976235864757e+00,-1.259313983342896348e+00,-1.404697280099655110e+00,1.308403147755775042e-01,-5.208651377521174020e-01,-1.631936072185226568e-16,1.353939964694153897e+00,4.458934497610703929e+00,-1.619796922394429073e+00,1.908226696788585808e-01,-1.179674945853134593e+00,-1.286307915033108484e+00,9.101675341921122708e-01
4.259999999999999898e-01,1.334626372371667369e+00,1.240426585123900693e+00,-5.886406099698017869e+00,-4.304477615648725219e+00,1.334626372371667369e+00,4.202369253174124353e+00,-9.723929303377520927e-01,3.118490895661006679e+00,3.834980176657155071e-01,-2.021535101179216809e-01,-3.787338360799966108e-02,-2.881503215621569747e-02,1.089465558459302421e-03,-5.912307009583002426e-02,-3.230292551000892107e-03,3.425626755646617172e-02,3.101163842364366374e+00,2.095688036094814688e+00,-3.470602028065339906e-01,1.629436077070419708e+00,-1.201029283537408343e+00,-7.620454896652939514e-01,8.529252688482760192e-01,-1.406389223242711539e+00,2.416761350815865850e+00,-1.260762126862767785e+00,-1.403492371910677994e+00,1.308066307503514547e-01,-5.205956625748408007e-01,2.277598683823261327e-16,1.492621109003733126e+00,4.474576003302680682e+00,-1.636637361825517445e+00,2.270331707182010050e-01,-1.129345722882886927e+00,-1.285871444791135465e+00,8.871815364047423991e-01
4.269999999999999907e-01,1.368991218038052127e+00,1.004639582269108766e+00,-5.953980512405754766e+00,-4.480472804224918448e+00,1.368991218038052127e+00,4.047783107204514508e+00,-9.255499869934610269e-01,3.153475950155114838e+00,2.746227337515174671e-01,-1.113983349212576135e-01,-2.096693211028442805e-02,-1.587285923268654322e-02,6.434501525416482046e-04,-3.256525720894294651e-02,-1.790008567213052619e-03,1.886624522011463856e-02,3.123422139651883089e+00,2.145932699754665496e+00,-3.260401156125121713e-01,1.530436002912797022e+00,-1.208886430640480514e+00,-7.678109647933193393e-01,8.570245705957195703e-01,-1.397968023154065875e+00,2.394126141860259072e+00,-1.252951617905553539e+00,-1.391576844367237387e+00,1.297870080525948822e-01,-5.163697016343560264e-01,-9.873819244443487686e-17,1.614055781576559490e+00,4.519091909504640014e+00,-1.594864592750752097e+00,1.395026086981012714e-01,-1.111664679796828592e+00,-1.285970674994888485e+00,8.758908158158340562e-01
4.279999999999999916e-01,1.388410303423709635e+00,7.860280080223612797e-01,-6.013086414313689509e+00,-4.641095100217718539e+00,1.388410303423709635e+00,3.903240259852645888e+00,-8.878659584054653386e-01,3.180693271631282126e+00,1.738488540549360251e-01,1.124326329988775686e-01,2.126437105047303960e-02,1.601272410630450588e-02,-6.939735359495708203e-04,3.285066344193303400e-02,1.816920293826298875e-03,-1.902917783066258167e-02,3.198490678334813264e+00,2.170025901161253934e+00,-2.354980965794530312e-01,1.525191270643656560e+00,-1.223166502193515637e+00,-7.535011634370216704e-01,8.522692122757967725e-01,-1.437622792280770945e+00,2.454219802825202468e+00,-1.288079809883769355e+00,-1.427710899058627581e+00,1.331935485095157301e-01,-5.299732574915970718e-01,1.670475553331538765e-16,1.873300519052919944e+00,4.645510075036930253e+00,-1.507565182356917832e+00,9.678639804907940292e-02,-1.057122290242066942e+00,-1.281657500634792335e+00,8.332400344451343921e-01
4.289999999999999925e-01,1.389118443747711318e+00,6.132227427839155309e-01,-6.064987297230189256e+00,-4.775366952734719561e+00,1.389118443747711318e+00,3.788929072252487984e+00,-8.649923179925675942e-01,3.200284507386672139e+00,9.464292693293745173e-02,1.036665201663480862e-01,1.963751355583862046e-02,1.476196140381608526e-02,-6.535881325361637701e-04,3.028430128041802866e-02,1.678429507653906704e-03,-1.754184360077649940e-02,3.118589156943152751e+00,2.160753812348776393e+00,-3.248413394461703296e-01,1.478286224646989666e+00,-1.208059594760405142e+00,-7.610150099707487792e-01,8.592551133265853291e-01,-1.415516519190671785e+00,2.413435769750314819e+00,-1.268209895771629236e+00,-1.404450197813948753e+00,1.310661128155962418e-01,-5.214036119125854407e-01,6.415859538927487466e-17,1.806739157918828997e+00,4.593827095654929416e+00,-1.578289273813983318e+00,7.318243870050475386e-02,-1.046709180664390892e+00,-1.280740192375680264e+00,8.417132697258089546e-01
4.299999999999999933e-01,1.369104554974522436e+00,4.933919094628765878e-01,-6.107735519817928171e+00,-4.871096834545147303e+00,1.369104554974522436e+00,3.717564308099221559e+00,-8.629270731479544709e-01,3.208841504556498414e+00,3.969837733737577312e-02,4.412513171696851311e-01,8.396192011630454477e-02,6.280835316303638727e-02,-2.947187226105653715e-03,1.288423907032735793e-01,7.182425925506323583e-03,-7.462157994788953808e-02,3.246520927850948368e+00,2.182180699006956104e+00,-1.599008757201488828e-01,1.519354312655379902e+00,-1.229578546397672500e+00,-7.409219209976842802e-01,8.449010966061087924e-01,-1.483081505963227853e+00,2.522521255666187123e+00,-1.328180048935518442e+00,-1.468884225308771274e+00,1.370320352427258637e-01,-5.455245015964950150e-01,-6.702632736888813461e-17,2.204690739057405757e+00,4.788663874789447661e+00,-1.425272571492630869e+00,4.752290012050297552e-02,-9.637041204516729742e-01,-1.279263996668673187e+00,7.702795166582191433e-01
4.309999999999999942e-01,1.330421235675801839e+00,4.625411467149794786e-01,-6.135207316048939319e+00,-4.905389461181956179e+00,1.330421235675801839e+00,3.713740345989449132e+00,-8.892006089105166655e-01,3.204050857391504969e+00,2.540495335887268946e-02,4.743750672867063090e-01,9.063624578876808280e-02,6.749518560923409294e-02,-3.328636553807732580e-03,1.384537845158372027e-01,7.758749668503931579e-03,-8.017949552951471326e-02,3.250206243353257918e+00,2.195202232715945279e+00,-1.529875033381823957e-01,1.498540731160148409e+00,-1.231304301992864225e+00,-7.430129554539772752e-01,8.445829979572836432e-01,-1.489138640733989272e+00,2.525960658011666027e+00,-1.333240495722918917e+00,-1.471977143909792840e+00,1.373490303835347981e-01,-5.468441830520643920e-01,0.000000000000000000e+00,2.235442669905975066e+00,4.811799136516379249e+00,-1.418732813451867303e+00,2.323495069654783751e-02,-9.555014870934922522e-01,-1.282098388837537906e+00,7.644035024277688883e-01
4.319999999999999951e-01,1.274432798167031589e+00,5.240214786168213568e-01,-6.144961054401975709e+00,-4.873906303282647734e+00,1.274432798167031589e+00,3.778912835325852537e+00,-9.447584763185910006e-01,3.184626435498709718e+00,5.326559960330295995e-02,4.249970029283685613e-01,8.157611995248552350e-02,6.044439634245561688e-02,-3.144851093871984127e-03,1.239801735428077423e-01,6.988954187059637224e-03,-7.178882804474487345e-02,3.235817501597803236e+00,2.185375380729832173e+00,-1.486604350097560090e-01,1.500801421749237807e+00,-1.227887327601940193e+00,-7.394386361643848771e-01,8.368358957321301306e-01,-1.503299276276830021e+00,2.542146023079225436e+00,-1.345529876736455854e+00,-1.482611218974478229e+00,1.383809259654746882e-01,-5.509996517263714422e-01,-1.746846584372444682e-16,2.157515228249341721e+00,4.809097523761542980e+00,-1.433745915403756177e+00,1.504535168088759478e-02,-9.655262280936577346e-01,-1.283449333703696738e+00,7.650470676873850628e-01
4.329999999999999960e-01,1.208236410364810443e+00,6.274063320394290821e-01,-6.128424094150971335e+00,-4.796303198484344499e+00,1.208236410364810443e+00,3.866095732319903888e+00,-1.014754195694785643e+00,3.149769724199609655e+00,1.001561123808798748e-01,2.887493718276933352e-01,5.568901115174454408e-02,4.104937510712496074e-02,-2.249941349799700584e-03,8.419042921876510044e-02,4.774789498277075619e-03,-4.874294354142144625e-02,3.153148566319841972e+00,2.149409062590021513e+00,-2.342681658598716465e-01,1.523267663326690613e+00,-1.210734298858531233e+00,-7.399288684268786609e-01,8.385420851984506374e-01,-1.499735433195334977e+00,2.527095091396623250e+00,-1.342057318199211036e+00,-1.475220294404065768e+00,1.377882998236747147e-01,-5.484589780431025074e-01,1.072487898416562900e-16,1.942162504952200219e+00,4.732193165138389723e+00,-1.535276108951957763e+00,4.579742757282514315e-02,-9.887555698160913620e-01,-1.283613056971704136e+00,7.897991416570293577e-01
4.339999999999999969e-01,1.141154506109774092e+00,7.170948626754791722e-01,-6.084658695098616121e+00,-4.708210248703740497e+00,1.141154506109774092e+00,3.920465881998696389e+00,-1.081220153968447617e+00,3.103567651356370138e+00,1.407839027347902172e-01,3.599981990645422236e-01,6.953850805635823640e-02,5.116912301732756685e-02,-2.852335192742415024e-03,1.049458080859565351e-01,5.963962606745145181e-03,-6.075688227646069278e-02,3.135563495145634594e+00,2.179187849955235734e+00,-2.795992917944141731e-01,1.441133566449170678e+00,-1.216631434338868667e+00,-7.471094572131208311e-01,8.460328721955525655e-01,-1.478293867118200655e+00,2.488051905663168917e+00,-1.322779818084659942e+00,-1.452889386714917075e+00,1.357307741161178916e-01,-5.402227506658187073e-01,0.000000000000000000e+00,2.017267827091976162e+00,4.736778263674763068e+00,-1.551209986861746604e+00,-1.460815545848881403e-02,-9.759548521367943374e-01,-1.281368245272194395e+00,7.852759899190918658e-01
4.349999999999999978e-01,1.075523018889983362e+00,7.535799229296230584e-01,-6.028839843682359145e+00,-4.634962919392609848e+00,1.075523018889983362e+00,3.928347145667001605e+00,-1.138118572050355937e+00,3.051676417813112163e+00,1.567392589704274808e-01,1.498522501839937016e-01,2.907299399576986076e-02,2.128995720201214831e-02,-1.242303895166831009e-03,4.366242837885146721e-02,2.495391860662717325e-03,-2.527465961408142253e-02,3.053052834301663854e+00,2.124897323891861589e+00,-3.474469870449179987e-01,1.503764164804623160e+00,-1.192731832910969292e+00,-7.451031168580419806e-01,8.450536106249770807e-01,-1.492005575981470100e+00,2.503521247461723220e+00,-1.334719728614660150e+00,-1.463090111809621785e+00,1.367304114819480054e-01,-5.442100734781579741e-01,1.733774949388250215e-16,1.710899508504187372e+00,4.657491565349354268e+00,-1.660876758457565883e+00,3.943174909983454546e-02,-1.012338993050169833e+00,-1.286817798475537344e+00,8.197789510108959288e-01
4.359999999999999987e-01,1.021187097926705478e+00,7.189233292335385217e-01,-5.965247746655327532e+00,-4.594485807505895636e+00,1.021187097926705478e+00,3.871915752817925771e+00,-1.176364207027410735e+00,3.000053283365478496e+00,1.397458287643329466e-01,1.664341112540247414e-01,3.241993602227392912e-02,2.363574232744512782e-02,-1.435550490825627168e-03,4.847171528985675520e-02,2.784558423122081555e-03,-2.805547460264239817e-02,3.011392556427017642e+00,2.122794011423471794e+00,-3.866731588147540033e-01,1.476582131527780062e+00,-1.185435935685420272e+00,-7.505143265233766847e-01,8.453055969128286939e-01,-1.491791004162831058e+00,2.495906365206422173e+00,-1.334253091575474448e+00,-1.459789296665212177e+00,1.364779693958415308e-01,-5.431541429223440964e-01,-1.733529861987174358e-16,1.686035663518211436e+00,4.651120312652167854e+00,-1.697290508062783365e+00,1.535728437174225733e-02,-1.000486250999721882e+00,-1.290883911022598696e+00,8.172501223101861223e-01
4.369999999999999996e-01,9.814650021563910975e-01,6.148336721037892527e-01,-5.898905602789416669e+00,-4.588859552592803759e+00,9.814650021563910975e-01,3.757322951457695126e+00,-1.194261641830638210e+00,2.951940885308134366e+00,9.052215670098617828e-02,1.567594285702395840e-01,3.067365052425961858e-02,2.225078007265688870e-02,-1.412416897171437291e-03,4.563039854603395673e-02,2.636812762841121097e-03,-2.640755533399546939e-02,2.970108479657568523e+00,2.112562065771337760e+00,-4.185617205650253303e-01,1.483521102590783958e+00,-1.175164237831306080e+00,-7.591145175702229686e-01,8.438859744923576933e-01,-1.498680515334007923e+00,2.498728273699649005e+00,-1.340186031045625725e+00,-1.462807628128228288e+00,1.368536012939341462e-01,-5.444815467465698999e-01,0.000000000000000000e+00,1.628187392893800212e+00,4.641963989995246287e+00,-1.736496971537994316e+00,1.930105756538423242e-02,-9.926802379913379770e-01,-1.300959251553951868e+00,8.174784191583621684e-01
4.380000000000000004e-01,9.562155794927750252e-01,4.694388013904803314e-01,-5.836968733041601354e+00,-4.610532294324121594e+00,9.562155794927750252e-01,3.610203421103935106e+00,-1.196294025930270788e+00,2.910949971531032077e+00,2.211770757921263653e-02,1.180754103368839292e-01,2.321434945885997303e-02,1.675272873063265652e-02,-1.109952573136556431e-03,3.435201869982935918e-02,1.996947380570615604e-03,-1.987785973939938666e-02,2.998283532624012260e+00,2.127962482259171839e+00,-3.739980403003357878e-01,1.469824776714075298e+00,-1.180208634424523950e+00,-7.561982662980234471e-01,8.388747292038329917e-01,-1.527092670378596972e+00,2.537795437996056780e+00,-1.365198513546768133e+00,-1.487008809981802848e+00,1.391621368402220227e-01,-5.536980283988802709e-01,-6.711950629088425391e-17,1.589266272582299244e+00,4.688972269714088981e+00,-1.722443825116471317e+00,-1.829398584086410276e-02,-1.006694478884472499e+00,-1.307899347316333172e+00,8.189968694644335079e-01
4.390000000000000013e-01,9.439728401762753629e-01,3.298541460560856509e-01,-5.773184592689567296e+00,-4.632146972860131662e+00,9.439728401762753629e-01,3.461456127233352387e+00,-1.189988536277825082e+00,2.875520178996031628e+00,-4.370710416501352724e-02,2.395109043368800206e-01,4.716261874118402725e-02,3.397683903274282408e-02,-2.282829719167711602e-03,6.966908139929395283e-02,4.058091884139858330e-03,-4.031237152842306881e-02,3.019017603645211878e+00,2.125799915026143516e+00,-3.616000591687018040e-01,1.498560409920654646e+00,-1.186504503495479312e+00,-7.493190787016377197e-01,8.387041684784296569e-01,-1.554039617093599057e+00,2.579704197841280244e+00,-1.389176809434950366e+00,-1.512019183875983108e+00,1.415229762411621683e-01,-5.630835560255303962e-01,0.000000000000000000e+00,1.704488890888492758e+00,4.752666731608607087e+00,-1.716800029570909381e+00,-1.574160367449617404e-02,-9.753124458550230802e-01,-1.308344542843028258e+00,7.983917969500066159e-01
4.400000000000000022e-01,9.322865084688196635e-01,2.390162130607352831e-01,-5.708132667442189501e+00,-4.622824613646464798e+00,9.322865084688196635e-01,3.356992685528372267e+00,-1.189441227130369594e+00,2.840499839388155756e+00,-8.702285042513119295e-02,3.371649652174643630e-01,6.668212816162674694e-02,4.780345477431437173e-02,-3.337957096432590549e-03,9.802342871722194428e-02,5.741921949114032683e-03,-5.671185910394280216e-02,3.084136212724395421e+00,2.189302776593388344e+00,-2.732346351300192766e-01,1.380895552458863751e+00,-1.201449324979110056e+00,-7.492754612733901753e-01,8.346847553111929052e-01,-1.565293145812950204e+00,2.591162390540607596e+00,-1.398789012348261807e+00,-1.519937726988264348e+00,1.422564081821987014e-01,-5.662275628652935211e-01,1.818997439109078581e-16,1.856008032128909635e+00,4.847147295295622271e+00,-1.624220192703966559e+00,-1.423801316258331839e-01,-9.611694880796894935e-01,-1.309761102189569648e+00,7.779728962072502974e-01
4.410000000000000031e-01,9.140849879385166687e-01,2.296119977690505021e-01,-5.657806642080419834e+00,-4.581523223085154584e+00,9.140849879385166687e-01,3.327633186668901732e+00,-1.202071892720896873e+00,2.812061778651298027e+00,-9.228942771947371004e-02,4.378676615666475813e-01,8.695121948183068272e-02,6.204805106899143746e-02,-4.480969660274058096e-03,1.272371617443622815e-01,7.491358844361865194e-03,-7.360507919746134275e-02,3.124331266711506405e+00,2.216469317060134614e+00,-2.068594174627096383e-01,1.330554514387697562e+00,-1.208244235896987595e+00,-7.441279125875347455e-01,8.283850889892612201e-01,-1.583707964272982105e+00,2.615208206186327988e+00,-1.414766367686606907e+00,-1.535135439026316773e+00,1.436496062742421698e-01,-5.720599624475422029e-01,-1.149659736610522674e-16,1.978490964005171993e+00,4.918628742728293091e+00,-1.559577734080325184e+00,-2.090618942988932694e-01,-9.373574678783832548e-01,-1.308696516190715142e+00,7.547800097917998219e-01
4.420000000000000040e-01,8.810410294002766207e-01,3.244609346341776890e-01,-5.632945642029857147e+00,-4.503437597369037704e+00,8.810410294002766207e-01,3.399176563635645909e+00,-1.234976557727853752e+00,2.792192144760631489e+00,-4.860040071218550695e-02,5.189973820409667926e-01,1.035390540231631018e-01,7.349904789228715873e-02,-5.509911992485745647e-03,1.507267562175878817e-01,8.926356336028836574e-03,-8.718194611408784656e-02,3.191595818095143144e+00,2.259554004335844191e+00,-9.827943230301722233e-02,1.254534698942235904e+00,-1.217301651217026937e+00,-7.369904750034270702e-01,8.209751141058706514e-01,-1.603236746375732658e+00,2.640800602077814307e+00,-1.431559381103323147e+00,-1.551317924115418689e+00,1.450817837392327780e-01,-5.782897235205909370e-01,0.000000000000000000e+00,2.107356453760377057e+00,5.003893660436822266e+00,-1.456339765514053086e+00,-3.022931371656685240e-01,-9.214931112602061658e-01,-1.306353842187989223e+00,7.337931679917828465e-01
4.430000000000000049e-01,8.321229467799186041e-01,5.319945523323850178e-01,-5.629016614344171110e+00,-4.379158610311048250e+00,8.321229467799186041e-01,3.576564848288461107e+00,-1.290380158883220441e+00,2.778344159277708947e+00,4.791248553894819628e-02,4.903668336824099638e-01,9.830074836615325384e-02,6.940481374868832931e-02,-5.396694343112600455e-03,1.423299987249060927e-01,8.479202110972066525e-03,-8.231397421180539076e-02,3.212066307184484160e+00,2.249068704936882490e+00,-4.765313914719948585e-02,1.288431688522722274e+00,-1.219228366632665317e+00,-7.290830284399940631e-01,8.076979562155359726e-01,-1.627102882360300651e+00,2.672518373259606506e+00,-1.452253516447686410e+00,-1.571251661175917080e+00,1.469007143155752482e-01,-5.859276101019194050e-01,-7.050524838485177174e-17,2.075330258506593584e+00,5.019887826562642097e+00,-1.430501841846197664e+00,-2.882166669963073802e-01,-9.299976535921841148e-01,-1.306531436430941495e+00,7.253839820037304431e-01
4.440000000000000058e-01,7.808855176725862934e-01,8.241787879240503045e-01,-5.630019735932753733e+00,-4.215027980811339781e+00,7.808855176725862934e-01,3.822294078486604185e+00,-1.358713164423383857e+00,2.767853655424719506e+00,1.836987838153105734e-01,4.816363388190856298e-01,9.670381534376645827e-02,6.815615005886904720e-02,-5.363617492444103935e-03,1.397688254977520195e-01,8.343208991740454911e-03,-8.082905753846059138e-02,3.177624175264734507e+00,2.193680963762211888e+00,-7.555356753473768672e-02,1.399201117076182888e+00,-1.205035877816420964e+00,-7.192433660352343106e-01,8.063585648951463458e-01,-1.640830456445859564e+00,2.692249440161542218e+00,-1.464350061326725738e+00,-1.583316675831013765e+00,1.480322350419159272e-01,-5.905006482100362275e-01,1.196714083503826615e-16,2.018430057637960573e+00,4.982634219267520592e+00,-1.471747478802594378e+00,-1.894791762472749774e-01,-9.172348172767530450e-01,-1.301400805253530191e+00,7.255295073566858655e-01
4.450000000000000067e-01,7.350157150651500659e-01,1.136618206476915915e+00,-5.615579408835861486e+00,-4.022916723633954916e+00,7.350157150651500659e-01,4.079555622729315267e+00,-1.426089764002797855e+00,2.751955607175776919e+00,3.287193527426215400e-01,3.216341714402144447e-01,6.486616996842767269e-02,4.549108832210528586e-02,-3.698489892568396047e-03,9.328632836894834579e-02,5.599317038314555878e-03,-5.394109330546692505e-02,3.115696831212726892e+00,2.172417130196725221e+00,-1.089671944501258705e-01,1.373984197524154460e+00,-1.190528254744037673e+00,-7.214822204121228433e-01,7.973820267744016199e-01,-1.622376017006169402e+00,2.655076412453302392e+00,-1.447299758751228849e+00,-1.562632985761052362e+00,1.460474429832329668e-01,-5.829807219622700210e-01,-1.185478485153217115e-16,1.814954985646771934e+00,4.892359712618455703e+00,-1.510775864879249308e+00,-1.923472781294663092e-01,-9.511944833918563047e-01,-1.298863625336078131e+00,7.434409334689345838e-01
4.460000000000000075e-01,6.997777164218490498e-01,1.412891440358745587e+00,-5.571967374540172990e+00,-3.826641936807947175e+00,6.997777164218490498e-01,4.289509777660128087e+00,-1.475452014312448323e+00,2.728753483019703996e+00,4.571921275036484045e-01,1.989812745501232105e-01,4.029456742552994797e-02,2.812932406927047546e-02,-2.353486736115969515e-03,5.768273971964152369e-02,3.479663448986826044e-03,-3.335004840842183127e-02,3.074472395950181181e+00,2.148499921141493907e+00,-1.360587120987578058e-01,1.384269992206146549e+00,-1.176807196543184997e+00,-7.163160706642263120e-01,7.979028394532088342e-01,-1.617260621933597875e+00,2.640419603417035521e+00,-1.442196520126468817e+00,-1.555091352638618751e+00,1.452927043972281340e-01,-5.803371233015279795e-01,0.000000000000000000e+00,1.656193048566706461e+00,4.829214091984059820e+00,-1.550125908155956189e+00,-1.731748471685881641e-01,-9.738317524263153668e-01,-1.293173530516767311e+00,7.645527910447870168e-01
4.470000000000000084e-01,6.763212613860484224e-01,1.615243259492935568e+00,-5.500328525044232642e+00,-3.646384221767742684e+00,6.763212613860484224e-01,4.423404433012640524e+00,-1.497747629561543725e+00,2.699518003683530676e+00,5.519386106790756807e-01,2.944818676644644917e-02,5.990929925605563422e-03,4.160274748097027298e-03,-3.593824925019859125e-04,8.531653348057319231e-03,5.176195605253591792e-04,-4.932019781159951988e-03,2.997676276373865800e+00,2.098438220133569398e+00,-1.945788067624407702e-01,1.445051422266749430e+00,-1.151100502236887202e+00,-7.162229985360587525e-01,7.990905466654605327e-01,-1.614357649916567050e+00,2.627662928876464132e+00,-1.439148986000883923e+00,-1.548950390276784495e+00,1.447172472298610402e-01,-5.782414490102510962e-01,6.918496959800081114e-17,1.412766813223745199e+00,4.732092078935639101e+00,-1.629567518015227590e+00,-1.042583505025370533e-01,-9.978516016589689119e-01,-1.293946827985784420e+00,7.941585268843006640e-01
4.480000000000000093e-01,6.750098628345325702e-01,1.715041237624668646e+00,-5.418150051105617315e+00,-3.514496490768995951e+00,6.750098628345325702e-01,4.466097943330550990e+00,-1.486557323912699236e+00,2.674216466661299307e+00,5.993295455440998953e-01,-6.208976111870856407e-02,-1.269230601570902478e-02,-8.766099603543443808e-03,7.816214432505128214e-04,-1.797776694006195108e-02,-1.097095146816573843e-03,1.039123244406653379e-02,2.945733305599713692e+00,2.069263323286538281e+00,-2.409181255729211379e-01,1.496887694364129162e+00,-1.137976298480479542e+00,-7.244007303374493389e-01,7.970953370313168529e-01,-1.608429816653089484e+00,2.609917309128295670e+00,-1.433354196463259234e+00,-1.539909673594697770e+00,1.438615112602563695e-01,-5.750645055362406666e-01,0.000000000000000000e+00,1.275213727827915644e+00,4.666488326399124809e+00,-1.683038421639723836e+00,-4.224035778731809188e-02,-1.012092554160285207e+00,-1.300562331020506557e+00,8.074865694753834422e-01
4.490000000000000102e-01,7.018531683362858598e-01,1.728932333758447237e+00,-5.348835354070421211e+00,-3.447218211568461310e+00,7.018531683362858598e-01,4.440262746899086288e+00,-1.446068833107076346e+00,2.664689704629420675e+00,6.066390805522229313e-01,-1.227164314901064979e-01,-2.512660296407472765e-02,-1.732196358639640291e-02,1.560317281035616087e-03,-3.552468883757156637e-02,-2.172065166146294572e-03,2.053248100120645681e-02,3.015170375606993858e+00,2.095825384412323800e+00,-1.368741855601793844e-01,1.458581767193019019e+00,-1.152866796619392398e+00,-7.129426423393838697e-01,7.819639977745613812e-01,-1.634512223439012590e+00,2.649990058717632380e+00,-1.456336468815189189e+00,-1.563970268816211373e+00,1.460717433288905021e-01,-5.841112057740430741e-01,0.000000000000000000e+00,1.257941720677874686e+00,4.720688840165881750e+00,-1.610532617961764945e+00,-1.038281843421567374e-01,-1.042319742128073434e+00,-1.299225913279573374e+00,8.024964787757677964e-01
4.500000000000000111e-01,7.444739238270348114e-01,1.704924094433605708e+00,-5.304328625520907003e+00,-3.416981987841225088e+00,7.444739238270348114e-01,4.400784297153109037e+00,-1.393438944669661561e+00,2.669944751880088507e+00,5.960743425156556086e-01,-2.806502858557043401e-01,-5.771911458888459578e-02,-3.959166752570456027e-02,3.667865203028311798e-03,-8.119962131108252046e-02,-4.991387893806794110e-03,4.692553531024814401e-02,2.973691115763306136e+00,2.060587503750717975e+00,-1.753409562603063798e-01,1.544460331801890351e+00,-1.138084317697464432e+00,-7.187239788891994774e-01,7.837692228336344824e-01,-1.635975402566235637e+00,2.645016657591284126e+00,-1.457127062119449867e+00,-1.562343345613334211e+00,1.458931803181706954e-01,-5.836886700260627281e-01,-1.901284889648589594e-16,1.057065427341366215e+00,4.647885046753117422e+00,-1.672059685905460835e+00,-1.421514860841555095e-02,-1.073390758690376368e+00,-1.307404036809069137e+00,8.306947581438823835e-01
4.510000000000000120e-01,8.004095934465739193e-01,1.669156676123315197e+00,-5.293550138559876217e+00,-3.423174636736999510e+00,8.004095934465739193e-01,4.369168397452177999e+00,-1.334678806800031481e+00,2.694238106121324083e+00,5.797223534536758427e-01,-3.240614739643014053e-01,-6.692698475771975686e-02,-4.568489861023539156e-02,4.340219352762867723e-03,-9.370817297600805840e-02,-5.788793702159462928e-03,5.414769138235314694e-02,3.021232777584551332e+00,2.124322352936973690e+00,-8.476781320051413049e-02,1.385365981181243322e+00,-1.150902838684108698e+00,-7.207080691492284696e-01,7.711998323808559874e-01,-1.624481727090736793e+00,2.621119687322043035e+00,-1.446156700442212895e+00,-1.549278855667234112e+00,1.445404788139803831e-01,-5.789511385757846185e-01,6.887701640973257863e-17,1.072689576529513023e+00,4.678515055501296871e+00,-1.576609412252962361e+00,-1.595726551332279086e-01,-1.100070532846136429e+00,-1.305448001427172544e+00,8.253475237632093009e-01
4.520000000000000129e-01,8.538881127829017759e-01,1.655640994169042202e+00,-5.329020263478252417e+00,-3.454348141194333977e+00,8.538881127829017759e-01,4.382588617422599420e+00,-1.281521322563640597e+00,2.738534999374333534e+00,5.738544435719583614e-01,-2.562062596437972295e-01,-5.316350974219062608e-02,-3.609049984104438502e-02,3.523190525869790684e-03,-7.403929120401109287e-02,-4.598910157111877652e-03,4.277647486804674742e-02,3.080170075352540060e+00,2.154462409804946965e+00,-5.225159984899641064e-03,1.330181789121468672e+00,-1.167082591969744287e+00,-7.070885134218488632e-01,7.611395977604862306e-01,-1.639149342151996924e+00,2.638802893584554887e+00,-1.458372153840295393e+00,-1.560912706441610398e+00,1.454715748654800134e-01,-5.834526567688039789e-01,6.930420626822666227e-17,1.184814473556745851e+00,4.740101793647311545e+00,-1.499687813666239267e+00,-2.272077267942719248e-01,-1.095650308308275367e+00,-1.295140080347764622e+00,8.039160726285330405e-01
4.530000000000000138e-01,8.867776633975832379e-01,1.716926998201713905e+00,-5.404137508649204946e+00,-3.475298004057508106e+00,8.867776633975832379e-01,4.480495989568241022e+00,-1.249438498051286262e+00,2.794950150069859696e+00,6.032621712565333638e-01,-2.609493475549188313e-01,-5.441375160565646574e-02,-3.672933212456048341e-02,3.685739398992676080e-03,-7.536078729359907413e-02,-4.707676486437943793e-03,4.353375508740668642e-02,3.150511096600300931e+00,2.199327644928422920e+00,9.999102450563202016e-02,1.244671665676697625e+00,-1.183815226782716223e+00,-6.967623989184473787e-01,7.486816638398094970e-01,-1.648757516450316540e+00,2.647869975012024035e+00,-1.466062479241703631e+00,-1.567546334496252136e+00,1.459380547236921177e-01,-5.860958113747175569e-01,0.000000000000000000e+00,1.240804232595065670e+00,4.792783868334790753e+00,-1.402800786860632254e+00,-3.191889294205618177e-01,-1.113237959352623152e+00,-1.287565886779602931e+00,7.922154189272161418e-01
4.540000000000000147e-01,8.951870244628045148e-01,1.865748954190599829e+00,-5.501971448052564995e+00,-3.468933870365054517e+00,8.951870244628045148e-01,4.660386977310261969e+00,-1.240709472282486958e+00,2.855636614853134692e+00,6.740455908599959356e-01,-3.839980007247359994e-01,-8.020312132483373158e-02,-5.403513334126970602e-02,5.471890650602251847e-03,-1.108732977466984487e-01,-6.939245112887997696e-03,6.404527129151776910e-02,3.120133540084737866e+00,2.195057914034979518e+00,1.050073787666945813e-01,1.207173968546494613e+00,-1.172030775767665567e+00,-7.012664420291647716e-01,7.414512386942062605e-01,-1.627529050038164060e+00,2.611384801082237583e+00,-1.446945229605841599e+00,-1.546414419063939061e+00,1.439385927667162224e-01,-5.782510548449616428e-01,0.000000000000000000e+00,1.108606489321837696e+00,4.726239593792383786e+00,-1.395972984180416709e+00,-3.337685598668421738e-01,-1.138965480747647696e+00,-1.286456741987014540e+00,8.054965099857240851e-01
4.550000000000000155e-01,8.811366800481510442e-01,2.068559712974246789e+00,-5.610567036901980664e+00,-3.437530726183140040e+00,8.811366800481510442e-01,4.892932072720608261e+00,-1.251787664282224544e+00,2.913600275442054688e+00,7.703295183432400384e-01,-4.043605606390590634e-01,-8.483150159283388281e-02,-5.685533567512603831e-02,5.897225954034022652e-03,-1.166801008529235600e-01,-7.340191889453769568e-03,6.739066403445932718e-02,3.150647471059008886e+00,2.188089330692469581e+00,1.218129209230765508e-01,1.262822203497546480e+00,-1.186261194517596040e+00,-6.923621061179184855e-01,7.349484135734466461e-01,-1.637230168911813832e+00,2.621780244842337293e+00,-1.454714037676589244e+00,-1.553627668022751429e+00,1.444335620911243734e-01,-5.810861162825194937e-01,0.000000000000000000e+00,1.109056741508136046e+00,4.725038073941972172e+00,-1.389756452428638767e+00,-2.849082385711709242e-01,-1.158507733279395158e+00,-1.280788414289891763e+00,8.023390776079060149e-01
4.560000000000000164e-01,8.572367703326934096e-01,2.292719814205453677e+00,-5.711394152051235018e+00,-3.387140250646142547e+00,8.572367703326934096e-01,5.138469444201077430e+00,-1.274668050039893474e+00,2.963554482856211258e+00,8.764908177906359787e-01,-4.140929705348004308e-01,-8.722894187365096141e-02,-5.818623053352845603e-02,6.169781999552928324e-03,-1.194228534949489662e-01,-7.548735617422231391e-03,6.896639937377441187e-02,3.125294342141348380e+00,2.170617464702356614e+00,9.712593413116971108e-02,1.287141901632879337e+00,-1.181143991770344570e+00,-6.912530739837150495e-01,7.339369231113885839e-01,-1.625662574135411376e+00,2.598208744275273041e+00,-1.443698917437764795e+00,-1.540667535730938065e+00,1.430877734866951578e-01,-5.763789203774766223e-01,-1.889270372419566572e-16,1.085538797471136574e+00,4.681597267103978943e+00,-1.404759213840123699e+00,-2.473558520985058018e-01,-1.157479071778598545e+00,-1.275180729978613980e+00,8.029033224851627182e-01
4.570000000000000173e-01,8.330986094836413391e-01,2.483817795212765578e+00,-5.784289358654017832e+00,-3.329408970330016260e+00,8.330986094836413391e-01,5.342507850508011913e+00,-1.297667896874845628e+00,2.998451313238400306e+00,9.669416451326997564e-01,-4.784339155861473403e-01,-1.012477728906296115e-01,-6.717266185730494388e-02,7.300867463055107226e-03,-1.378885956437760629e-01,-8.763818373397225941e-03,7.961908475524187567e-02,2.984122813478808922e+00,2.087120842809813137e+00,-3.759984080679557028e-02,1.377038185024574757e+00,-1.140484683970830249e+00,-6.942429930908218250e-01,7.408798893268699892e-01,-1.602199508417997187e+00,2.553473568883259937e+00,-1.422295303907806119e+00,-1.515504732700261536e+00,1.406905942149467570e-01,-5.671276010302834791e-01,0.000000000000000000e+00,9.034893894746643950e-01,4.539346638802443046e+00,-1.527067806571906550e+00,-1.311656802126316690e-01,-1.137682685399659555e+00,-1.270134412494502429e+00,8.204989740821118094e-01
4.580000000000000182e-01,8.300161619750268116e-01,2.540993458309083408e+00,-5.814499596641398149e+00,-3.310670927277736375e+00,8.300161619750268116e-01,5.413364141251769013e+00,-1.294642793888830967e+00,3.017614549023270420e+00,9.944462709072376949e-01,-5.311517838568041716e-01,-1.129228758579772507e-01,-7.450257288566956848e-02,8.306565489803009045e-03,-1.529726330595616857e-01,-9.778787472313948959e-03,8.831554631825100365e-02,2.827341108106200984e+00,1.964882445347691853e+00,-2.347170183077450512e-01,1.591803853287512061e+00,-1.098916227352753738e+00,-6.913137022042885604e-01,7.590027751374167631e-01,-1.597991224552069545e+00,2.537929077274229783e+00,-1.418273482125398832e+00,-1.507846690767294717e+00,1.400132371554052568e-01,-5.644484934278790611e-01,0.000000000000000000e+00,6.981980996973272680e-01,4.389888646763944635e+00,-1.727493073318813410e+00,9.226372801002033497e-02,-1.111875623256910250e+00,-1.265540983104481487e+00,8.473183214556677667e-01
4.590000000000000191e-01,8.603423606423121761e-01,2.436229167377345739e+00,-5.806878499517732273e+00,-3.362084795630578160e+00,8.603423606423121761e-01,5.324606679477002835e+00,-1.256000044960223327e+00,3.026761221035189742e+00,9.459336206591461016e-01,-4.462796306913507927e-01,-9.503291746659003891e-02,-6.257892739727430320e-02,7.035096322000040578e-03,-1.285001921070847430e-01,-8.229956196773184629e-03,7.418323728132433792e-02,2.918215860286445196e+00,2.035646519886079364e+00,-8.775488805424447314e-02,1.446812227959752395e+00,-1.118860986127372614e+00,-6.877885393098001066e-01,7.406540757505092332e-01,-1.612733472088413667e+00,2.559414678420719458e+00,-1.431057454460418210e+00,-1.521022155311703150e+00,1.411738394884741732e-01,-5.694315592522544156e-01,-6.699316497623732985e-17,8.592027575066807366e-01,4.500028280840208339e+00,-1.581391269911937014e+00,-6.717483102995072675e-02,-1.106187338745983073e+00,-1.265450054758827658e+00,8.148373130318334878e-01
4.600000000000000200e-01,9.132760855874648698e-01,2.203377560789202327e+00,-5.777854387329384167e+00,-3.461053579135132896e+00,9.132760855874648698e-01,5.124410416713972793e+00,-1.195685483587592302e+00,3.028024834572931034e+00,8.369310168155421614e-01,-4.676083750907277792e-01,-9.998972961456034647e-02,-6.551690194131226663e-02,7.538441759849329182e-03,-1.345560692551224513e-01,-8.664267414450503232e-03,7.766846989402619028e-02,2.702109873100393411e+00,1.882889015590380133e+00,-3.641206816661995971e-01,1.741147255235246050e+00,-1.056289493918254330e+00,-7.015858308582167968e-01,7.741970334302475942e-01,-1.598973501244405737e+00,2.528437777736325387e+00,-1.418781934580332305e+00,-1.504187644258824008e+00,1.397144343228062524e-01,-5.633267610982956031e-01,0.000000000000000000e+00,6.355279967652598394e-01,4.311337063712144868e+00,-1.848419518187844224e+00,2.444980527362713707e-01,-1.051131128850570473e+00,-1.273576859370963099e+00,8.518655033242737984e-01
4.610000000000000209e-01,1.001279537104022621e+00,1.809820882702605438e+00,-5.718929404859068200e+00,-3.630123546934405532e+00,1.001279537104022621e+00,4.775333307657227522e+00,-1.100986635981077821e+00,3.022477253862279056e+00,6.519978897930492900e-01,-3.945198346690807489e-01,-8.468409389285071198e-02,-5.523615009463415937e-02,6.490477363777169550e-03,-1.134579520585614065e-01,-7.342030729467540449e-03,6.548175434639606773e-02,2.621101057778582710e+00,1.847659337917657352e+00,-4.525517843245877025e-01,1.770406711702925628e+00,-1.038140678988400678e+00,-7.072128259737083811e-01,7.788661448857091552e-01,-1.596845620000356458e+00,2.516929741337204263e+00,-1.416792296839296972e+00,-1.498759605284095242e+00,1.392862514613572023e-01,-5.614747698719479985e-01,1.198180409600455709e-16,6.297356031091454476e-01,4.279904985362010805e+00,-1.924580231258518737e+00,2.781375837826075559e-01,-1.012312379585604827e+00,-1.276029626575123865e+00,8.443478992321052923e-01
4.620000000000000218e-01,1.121587298074279371e+00,1.252325576697653764e+00,-5.614987412637710840e+00,-3.858282087838415197e+00,1.121587298074279371e+00,4.267324961236990788e+00,-9.690382795110307201e-01,3.003944320952516289e+00,3.895158258652987038e-01,-3.048494382884097131e-01,-6.572082963590365756e-02,-4.264506223967455545e-02,5.127541478836722226e-03,-8.761042126882408188e-02,-5.700964728689806617e-03,5.055653513307181018e-02,2.582114813942697928e+00,1.813014716925224423e+00,-5.013191625085129388e-01,1.844611815709612745e+00,-1.027746892584757488e+00,-7.051578961392557243e-01,7.826606416603930638e-01,-1.624627756153444791e+00,2.552254330368902480e+00,-1.441186353551225041e+00,-1.521291410978933278e+00,1.414104310644314355e-01,-5.701143845125606902e-01,0.000000000000000000e+00,6.526376195008434244e-01,4.299548217658223592e+00,-1.985150578299412549e+00,3.284479462095161728e-01,-9.739468827891502034e-01,-1.280973245380506276e+00,8.332171767934648532e-01
4.630000000000000226e-01,1.251177351117236825e+00,6.212474678137920314e-01,-5.465444273686175691e+00,-4.093664202758819926e+00,1.251177351117236825e+00,3.674090761002652528e+00,-8.210656383927505964e-01,2.967141161909454539e+00,9.203223978881985845e-02,-1.882962782130525037e-01,-4.077658810735054762e-02,-2.631637010164920160e-02,3.239140630045847687e-03,-5.407562582122193984e-02,-3.539127770943910692e-03,3.120012302798143289e-02,2.635173526570419256e+00,1.853460237081240525e+00,-4.425534367602703134e-01,1.780522312972258492e+00,-1.046301000666617576e+00,-6.989148814971909429e-01,7.763755403111040065e-01,-1.662335588573801592e+00,2.602598018304729255e+00,-1.474358500857200438e+00,-1.552889804731423684e+00,1.443721714442214310e-01,-5.821657748564567081e-01,-1.932243980888138745e-16,7.845416597835651595e-01,4.415281667278619260e+00,-1.943228307719119918e+00,2.308716488708806580e-01,-9.560044550436180844e-01,-1.284619784124591657e+00,8.075756633390852590e-01
4.640000000000000235e-01,1.373379916779758458e+00,8.903982578274405313e-04,-5.288750104664697638e+00,-4.306994424645411712e+00,1.373379916779758458e+00,3.069312217496495077e+00,-6.763617518915580051e-01,2.916591680726869917e+00,-2.004447125140730035e-01,-1.068208129415398888e-01,-2.316666253980619733e-02,-1.492458046622770901e-02,1.851331021289458374e-03,-3.067000449481226132e-02,-2.011156412042491327e-03,1.769482682469659951e-02,2.608497527860517362e+00,1.839091130493100135e+00,-4.873589068682472880e-01,1.828186282414060004e+00,-1.040730693269365181e+00,-7.069346651133801007e-01,7.824746566384019886e-01,-1.681178689558659345e+00,2.628807478524831875e+00,-1.491037583375670383e+00,-1.569115425383043716e+00,1.459094665400074708e-01,-5.883235600693692557e-01,0.000000000000000000e+00,8.204980253603181284e-01,4.444731946478126083e+00,-1.993321070710145415e+00,2.609221880523057702e-01,-9.254912312241699857e-01,-1.297269381594791771e+00,8.001694834630985742e-01
4.650000000000000244e-01,1.466499405533099099e+00,-5.301414450723844762e-01,-5.113165650746983815e+00,-4.468888673705353476e+00,1.466499405533099099e+00,2.540580041209146600e+00,-5.607316905596243517e-01,2.856792314644672093e+00,-4.512084061740061491e-01,2.031723793587574822e-01,4.424822114299402365e-02,2.836190719884186529e-02,-3.592227269048725059e-03,5.829550212983038160e-02,3.842840715481011388e-03,-3.362837205925850448e-02,2.774931423888214344e+00,1.962333094459757676e+00,-2.700636232248637691e-01,1.600517011245978338e+00,-1.088965737626388375e+00,-6.944280359533605562e-01,7.576655239133698316e-01,-1.732336329043427492e+00,2.703028459611541923e+00,-1.535671052811919735e+00,-1.614562676579791800e+00,1.499731387779054126e-01,-6.055401612846946779e-01,-2.013644771008402668e-16,1.245767474203544278e+00,4.709609775214294025e+00,-1.777372768837941708e+00,-1.763789260286219296e-02,-8.806970967186525945e-01,-1.296125356522574323e+00,7.240371518541111051e-01
4.660000000000000253e-01,1.504105113843397623e+00,-8.637909457536545599e-01,-4.950473852731051672e+00,-4.527628642697417050e+00,1.504105113843397623e+00,2.180345164960299620e+00,-5.002975109660835473e-01,2.786721828992701155e+00,-6.089336851373186033e-01,3.972677483605513982e-01,8.685924524144704451e-02,5.541326715249945273e-02,-7.155416854442957740e-03,1.139175171129191422e-01,7.546692657249900148e-03,-6.570574909852927581e-02,2.833631558619012836e+00,1.991787929943796165e+00,-1.634995843572804586e-01,1.548952747142471997e+00,-1.093864422700075778e+00,-6.843372124253037647e-01,7.486207140401746063e-01,-1.781618829659019188e+00,2.773898142232119834e+00,-1.578737526678964054e+00,-1.658066557390488693e+00,1.538914834549690580e-01,-6.220390640189438214e-01,1.348096068556442991e-16,1.449280477320544991e+00,4.852545317417362725e+00,-1.686823843883745067e+00,-1.162692271024596546e-01,-8.260554221321876334e-01,-1.298829583786997866e+00,6.829149649416454970e-01
4.670000000000000262e-01,1.473108354006491316e+00,-9.426323863179322249e-01,-4.805416844324138737e+00,-4.452873735179223580e+00,1.473108354006491316e+00,2.037768966787117275e+00,-5.098626482295247619e-01,2.704759535269937842e+00,-6.465855591402437375e-01,4.693505486232898427e-01,1.030725004174900677e-01,6.540280648304103162e-02,-8.622715762921867588e-03,1.344918144171765584e-01,8.958261521664644123e-03,-7.756103932034481840e-02,2.915527539735173868e+00,2.039820524746682295e+00,-5.050715525817423002e-02,1.476694144482697535e+00,-1.114795846633620302e+00,-6.757398820481000934e-01,7.349358023719299027e-01,-1.823180114020013232e+00,2.832207676928374607e+00,-1.614758096338033688e+00,-1.694228123991359469e+00,1.570676841214251052e-01,-6.357877841831494070e-01,-1.381653787339101007e-16,1.561697974338450479e+00,4.975100702092547067e+00,-1.599862445113166887e+00,-2.261566952715838019e-01,-8.232363480950186663e-01,-1.302569404709585044e+00,6.573747630515849316e-01
4.680000000000000271e-01,1.382510868010918603e+00,-7.908931694234324628e-01,-4.683164854406154376e+00,-4.261421408670091004e+00,1.382510868010918603e+00,2.097101007751863477e+00,-5.829170518122589462e-01,2.615218354771797316e+00,-5.755652093159007165e-01,4.652114640043070737e-01,1.026230676255377450e-01,6.476239934266642129e-02,-8.721914872218957532e-03,1.332083346331967011e-01,8.923146953871061854e-03,-7.680885254067526535e-02,2.927321507124999389e+00,2.043443802599542281e+00,-1.910705250430083657e-02,1.465138814215498630e+00,-1.120847548425575546e+00,-6.714231651128579337e-01,7.225312326592335799e-01,-1.849033508003382176e+00,2.863970887877354432e+00,-1.637115169782435320e+00,-1.714833686361600718e+00,1.589035564157959823e-01,-6.437349766019211383e-01,0.000000000000000000e+00,1.543499463125924231e+00,5.010037758102433791e+00,-1.591459822944069735e+00,-2.584167870183210480e-01,-8.287356573765828349e-01,-1.306234994760907986e+00,6.457223801185583145e-01
4.690000000000000280e-01,1.256297599536487120e+00,-5.083861864232688266e-01,-4.575030255451918215e+00,-4.006813341044670018e+00,1.256297599536487120e+00,2.266010856742059154e+00,-6.911062486602538302e-01,2.522147365122195950e+00,-4.423658273954497733e-01,5.160272307697177929e-01,1.139934178396628528e-01,7.181195825534417154e-02,-9.740372008953102761e-03,1.477222828896469775e-01,9.914280191491067068e-03,-8.517320999402143433e-02,2.834609316126018186e+00,1.992311439279130125e+00,-1.771441237523359580e-01,1.565920504241866240e+00,-1.103405291626341933e+00,-6.793406228733498420e-01,7.462476846094245886e-01,-1.830015853047388008e+00,2.830950401652931436e+00,-1.620269236936436874e+00,-1.695697029831783498e+00,1.571628496986438583e-01,-6.366335771622341211e-01,7.365703105360851938e-17,1.520620693848347971e+00,4.937255258771724442e+00,-1.725601402433428522e+00,-1.395168975988703708e-01,-7.985201590380510694e-01,-1.306059919844092754e+00,6.610744746154032514e-01
4.700000000000000289e-01,1.117837555234645563e+00,-2.211787124536849225e-01,-4.466510076266424711e+00,-3.747168474645348191e+00,1.117837555234645563e+00,2.440770514992391504e+00,-8.038017925991299828e-01,2.424735171868841910e+00,-3.063572949217817643e-01,2.581684115787130085e-01,5.727211297207773777e-02,3.589426464450458376e-02,-4.961224655392759350e-03,7.385434397838042120e-02,4.982318319096889873e-03,-4.257650685042174699e-02,2.809355625158530323e+00,1.977668921988197326e+00,-1.418242098194621992e-01,1.531784009033452021e+00,-1.090914460661856822e+00,-6.745109129451950514e-01,7.289227871869877751e-01,-1.852259977345708242e+00,2.858413438792538841e+00,-1.639284519762748138e+00,-1.713542833191138870e+00,1.586844931843902629e-01,-6.435095587392251071e-01,-1.409943079187643097e-16,1.215264059391535145e+00,4.893354473752814293e+00,-1.745214464937705712e+00,-1.867200488130796032e-01,-8.583756234990861378e-01,-1.313038153365323257e+00,6.863462803365658615e-01
4.710000000000000298e-01,9.808455487586419386e-01,1.249014692617855804e-02,-4.345183760448734667e+00,-3.507837632877677692e+00,9.808455487586419386e-01,2.564342616969263577e+00,-8.999374394960614199e-01,2.324055775063592399e+00,-1.943094917867895788e-01,1.661507761582298182e-01,3.699872547571145254e-02,2.308026839433725136e-02,-3.245793416476134251e-03,4.749947961894435133e-02,3.219843976250396506e-03,-2.737937590069390581e-02,2.752362881403290995e+00,1.937553206934574224e+00,-2.061431462362383060e-01,1.585085186168682991e+00,-1.078091919618562766e+00,-6.715607649102236509e-01,7.310612755496418425e-01,-1.866816521120464589e+00,2.873325814631679798e+00,-1.651773781863271617e+00,-1.723907884188338402e+00,1.595986493259398120e-01,-6.475838908823602358e-01,1.423513237446014245e-16,1.051697136441056113e+00,4.847877747041965613e+00,-1.834836659705172845e+00,-1.420684914361315387e-01,-8.709937906736786584e-01,-1.315924811816333584e+00,7.036818996489480060e-01
4.720000000000000306e-01,8.519569142523290006e-01,1.721364741331228299e-01,-4.199658406344212835e+00,-3.291931128473768453e+00,8.519569142523290006e-01,2.613417521386511844e+00,-9.706780255284099823e-01,2.217979329136900102e+00,-1.158230899550826143e-01,1.084775466453827830e-01,2.425967856662944455e-02,1.505519087921566856e-02,-2.157581518086009419e-03,3.098987817397995392e-02,2.111921867790388270e-03,-1.786031210407516140e-02,2.706976121112455669e+00,1.902849595794091631e+00,-2.506127426473196973e-01,1.648619457958518719e+00,-1.065759085941532902e+00,-6.737999227430959692e-01,7.306712285970459186e-01,-1.887359426480305524e+00,2.896898059418716809e+00,-1.669402088766349657e+00,-1.739609645195482557e+00,1.609703280592363617e-01,-6.536866264855837327e-01,-7.522596397047722191e-17,9.280942412775329275e-01,4.824007333779437801e+00,-1.904959640534453769e+00,-9.314776875504984788e-02,-8.737988797083166004e-01,-1.325374627360889512e+00,7.128109164929706809e-01
4.730000000000000315e-01,7.429654317079713577e-01,2.534107324140381090e-01,-4.037654574704770738e+00,-3.108460419296103616e+00,7.429654317079713577e-01,2.589275050203525996e+00,-1.013415927891982760e+00,2.112627039853253397e+00,-7.351415903769802085e-02,1.294356491224046835e-02,2.907600369883744929e-03,1.794577831304419724e-03,-2.622600938627199507e-04,3.694967610134367031e-03,2.532171545045341920e-04,-2.129171580888974957e-03,2.700909292333808054e+00,1.882766197648392481e+00,-2.410418399824700852e-01,1.727568637702463272e+00,-1.057457082827032435e+00,-6.781470823300748130e-01,7.271545971657966678e-01,-1.923454262561587580e+00,2.943397833892928084e+00,-1.700824900283656627e+00,-1.769264148205259568e+00,1.636491433966205111e-01,-6.650530086863315482e-01,7.637662318819372399e-17,7.903985946844609423e-01,4.829071631911205031e+00,-1.940072162434822278e+00,-4.195777059665901920e-02,-8.901129718202775987e-01,-1.342946873861901924e+00,7.250254255849077900e-01
4.740000000000000324e-01,6.631675290499651210e-01,2.845009912373696048e-01,-3.870083032821297842e+00,-2.953305426081445972e+00,6.631675290499651210e-01,2.517234704040175242e+00,-1.032875147837707841e+00,2.015592663401966078e+00,-5.499187410777518770e-02,2.837240764371773416e-02,6.382822851315431145e-03,3.932498726910295395e-03,-5.783678696958645740e-04,8.097334992413288135e-03,5.559435280970762006e-04,-4.665721972572541010e-03,2.697744994336838786e+00,1.849213526150810472e+00,-2.512399078136545727e-01,1.797253896041315580e+00,-1.057808579805349369e+00,-6.612520140729423179e-01,7.241197587798218205e-01,-1.969782811966326541e+00,3.011156915200878803e+00,-1.741647856016866669e+00,-1.810573308778938406e+00,1.674574524193679081e-01,-6.806604539854479441e-01,7.811497989073031975e-17,7.563345900142299794e-01,4.866753264203004470e+00,-1.988955265103610870e+00,-1.389778060731869033e-02,-8.822537923935681592e-01,-1.341356524530293193e+00,7.194540368072493974e-01
4.750000000000000333e-01,6.003837222771506443e-01,3.221406736643637192e-01,-3.705709362240845461e+00,-2.795860206632383882e+00,6.003837222771506443e-01,2.453410319534403694e+00,-1.046150173889632162e+00,1.925011693637939558e+00,-3.392956242755254537e-02,9.882844289123543513e-02,2.232827197732457913e-02,1.368383722203370817e-02,-2.047871004601183736e-03,2.818506580470661604e-02,1.944996593781189199e-03,-1.623795750932889581e-02,2.778936849451004054e+00,1.904853670700180635e+00,-1.168106493773131138e-01,1.696392464497055164e+00,-1.074217303253969247e+00,-6.567003319394943972e-01,7.073316857495712817e-01,-2.006607924630261497e+00,3.062087203094526977e+00,-1.773099089258528327e+00,-1.842443395969733499e+00,1.701116985079350608e-01,-6.928044680630316421e-01,1.538890520249219008e-16,8.711573677119779369e-01,4.989269145772032843e+00,-1.876225901413807629e+00,-1.480988024772795231e-01,-8.759205389413275977e-01,-1.347559803408744816e+00,6.910937282402425108e-01
4.760000000000000342e-01,5.378894602987093210e-01,4.417329328546948375e-01,-3.580421875407641785e+00,-2.621024765746839513e+00,5.378894602987093210e-01,2.478866266503239046e+00,-1.073925372066250494e+00,1.852196639663830746e+00,2.535674302477808340e-02,1.237313854076132480e-01,2.808146332262612122e-02,1.711420912364862434e-02,-2.608717000616820811e-03,3.526022250319800488e-02,2.446586229553793235e-03,-2.031083659548658937e-02,2.831048623975761735e+00,1.960942676822400532e+00,-1.337677261135455931e-02,1.543348959447579993e+00,-1.085625722618016598e+00,-6.500168622040297661e-01,6.947120732303571078e-01,-2.022995503378833604e+00,3.080832354476383816e+00,-1.786488036259791023e+00,-1.855088823503447504e+00,1.709999305622707244e-01,-6.977510564713907959e-01,-2.351946544036168482e-16,9.317845060045413241e-01,5.069856494621410192e+00,-1.782750599747496834e+00,-3.143485810564843330e-01,-8.793655695525478544e-01,-1.345321332445866824e+00,6.744012366348702825e-01
4.770000000000000351e-01,4.611793687615056703e-01,6.849057853009553609e-01,-3.516723437803406238e+00,-2.422651590884556061e+00,4.611793687615056703e-01,2.639545214979098997e+00,-1.128635588285577640e+00,1.803267196681709761e+00,1.428597239690732601e-01,9.439750944887387307e-02,2.151063843624942407e-02,1.304495204927984958e-02,-2.019985202581587105e-03,2.688265745954603048e-02,1.874212544808774583e-03,-1.548294793474266212e-02,2.851973169754785431e+00,1.973420650841128055e+00,4.669345015601683579e-02,1.502719172729708452e+00,-1.083506564509595815e+00,-6.432866602342610651e-01,6.882502327052513191e-01,-2.039295268788499538e+00,3.100101379880948027e+00,-1.799879771995796851e+00,-1.867931371246036809e+00,1.719295469904779106e-01,-7.027407803727324653e-01,2.370918345705899638e-16,9.070754104151597108e-01,5.095032669158325866e+00,-1.740141369790500159e+00,-3.672321837189099214e-01,-8.846943600595719159e-01,-1.344153228062184624e+00,6.727672847705088444e-01
4.780000000000000360e-01,3.696113522399661067e-01,1.043058930337061652e+00,-3.498873328986806808e+00,-2.191508383391095993e+00,3.696113522399661067e-01,2.920167377048387802e+00,-1.208969036536143848e+00,1.770622540899591035e+00,3.144179399556006338e-01,1.508902061865922128e-01,3.453400079622899466e-02,2.083093686406193440e-02,-3.281615856514118190e-03,4.293847623056872009e-02,3.009457748001115145e-03,-2.472633946091919166e-02,2.874972811138075457e+00,1.963094801977588899e+00,6.796042304543525869e-02,1.563113610740326287e+00,-1.090998918334945333e+00,-6.360933647983294525e-01,6.820202161467139312e-01,-2.058585746879534106e+00,3.122243873406087111e+00,-1.816019323779819006e+00,-1.882769683304899910e+00,1.730879508725487181e-01,-7.085223500176136557e-01,4.786829373956593242e-16,9.672772704451335635e-01,5.119872676179904936e+00,-1.727227963870321847e+00,-3.229376884210877208e-01,-8.749724912318279646e-01,-1.341606257067941899e+00,6.572938766857951975e-01
4.790000000000000369e-01,2.754914512392546699e-01,1.493086387985733676e+00,-3.496794923191725690e+00,-1.920589100184913134e+00,2.754914512392546699e-01,3.281496488661632238e+00,-1.307728236629491558e+00,1.744878831519023343e+00,5.282703973250900686e-01,6.400538927135285272e-02,1.467069683314389805e-02,8.833485747600303140e-03,-1.399484145074653130e-03,1.820934254564032795e-02,1.278501988992430949e-03,-1.048539003760426414e-02,2.880807957636622785e+00,1.937378701367394651e+00,1.210746336878225082e-01,1.591084382360393290e+00,-1.083872070438226753e+00,-6.204002465384129694e-01,6.666734914175519444e-01,-2.080561561292388895e+00,3.153242332021916283e+00,-1.835069925906263055e+00,-1.901954043421335339e+00,1.747729499661201946e-01,-7.158078490397695726e-01,8.161174747008666788e-17,8.642517856155866873e-01,5.105291730222455193e+00,-1.705161806470840258e+00,-3.122691452060166739e-01,-8.908897779264662864e-01,-1.334929593589190056e+00,6.561881013799477635e-01
4.799999999999999822e-01,1.865560131298948654e-01,1.975741655105241357e+00,-3.489700104699684502e+00,-1.622703915201962221e+00,1.865560131298948654e-01,3.667205190884089916e+00,-1.411680832118541895e+00,1.717252887866890676e+00,7.566658867665960742e-01,-1.600883393319949000e-01,-3.684815637758889761e-02,-2.207411764121277459e-02,3.553350925818211416e-03,-4.551301789506619067e-02,-3.211478357908729812e-03,2.620362470791040566e-02,2.789384099813633000e+00,1.882676001781229846e+00,2.962309016214093038e-02,1.674880451527239078e+00,-1.055349843928946152e+00,-6.312503552096916382e-01,6.735025881974292528e-01,-2.050440097821738306e+00,3.100900084911656585e+00,-1.807611503141832054e+00,-1.871819848630652983e+00,1.717963164395302500e-01,-7.046508011026242357e-01,1.581917929615651144e-16,5.788556626598997390e-01,4.946727930315297783e+00,-1.800062530620903711e+00,-1.933860461775956940e-01,-9.290665453844821897e-01,-1.339112634670224455e+00,6.997062129053397417e-01
4.809999999999999831e-01,1.251015325664607547e-01,2.388595702176778968e+00,-3.478747922686340477e+00,-1.362150868611886612e+00,1.251015325664607547e-01,3.993948115485702388e+00,-1.494768404178307808e+00,1.695533619080421772e+00,9.515045305701274048e-01,-3.246945696780676460e-01,-7.502091261490821672e-02,-4.473253863712293998e-02,7.306046633741341591e-03,-9.224964495789855778e-02,-6.539314828466315579e-03,5.310436006606341491e-02,2.726056873254022683e+00,1.848097716611562635e+00,-3.616905753548355085e-02,1.720035851468778132e+00,-1.039141775655821665e+00,-6.376701784071587831e-01,6.761140314477115387e-01,-2.024840034813584211e+00,3.055239863831941793e+00,-1.784406352523044692e+00,-1.845693792398819699e+00,1.692655473461804061e-01,-6.949894774290508170e-01,-2.354324812283872411e-16,3.765222687623708264e-01,4.828316667828596032e+00,-1.865307948695651197e+00,-1.183518942963002196e-01,-9.621258732675398440e-01,-1.339198970664675858e+00,7.292183915137747663e-01
4.819999999999999840e-01,1.083095055017403163e-01,2.638084734128234299e+00,-3.472478967393870519e+00,-1.201097950434813821e+00,1.083095055017403163e-01,4.192250583743119208e+00,-1.535665575441814923e+00,1.687680640081494543e+00,1.069037403482028692e+00,-5.008001740962346737e-01,-1.162042788224845746e-01,-6.893247003202843115e-02,1.144039779084190557e-02,-1.421813402701435636e-01,-1.013076171937575022e-02,8.183531666563895191e-02,2.618906646692769957e+00,1.779846411087748770e+00,-1.749182172719361272e-01,1.859680861080589720e+00,-1.009021231794027473e+00,-6.523438610599350262e-01,6.922586287072081124e-01,-1.992521716384554775e+00,2.998324195321869112e+00,-1.755318363086227906e+00,-1.812967033724322219e+00,1.661560998413717516e-01,-6.828724417805464020e-01,0.000000000000000000e+00,1.255847562119805083e-01,4.661966327587133030e+00,-1.999169050390192437e+00,5.815422514710941182e-02,-9.850464722227991743e-01,-1.345347064559857309e+00,7.740939453728470365e-01
4.829999999999999849e-01,1.501218235599845741e-01,2.655219202037563342e+00,-3.481378148181581533e+00,-1.189756363706414355e+00,1.501218235599845741e-01,4.213628201031184517e+00,-1.518961333561144711e+00,1.701935484882672878e+00,1.076868361518108941e+00,-7.004809518893732045e-01,-1.632506313833857470e-01,-9.631438139399442488e-02,1.625502629024045201e-02,-1.987192633790882956e-01,-1.423604127989463314e-02,1.143580782537131635e-01,2.522479655997130088e+00,1.755627401798688147e+00,-2.914782935991132584e-01,1.882982496317675558e+00,-9.804433756070871642e-01,-6.733252485906988660e-01,7.139121247526869496e-01,-1.943726039329255029e+00,2.915568539596940845e+00,-1.711913105318939587e+00,-1.764840962859239637e+00,1.616928341845271233e-01,-6.649557063557712810e-01,7.525738875849366878e-17,-1.217273352214981452e-01,4.507945310012242857e+00,-2.099705780312047576e+00,1.343965597486763697e-01,-1.017469804801648170e+00,-1.352516996226364565e+00,8.282702030064001963e-01
4.839999999999999858e-01,2.438186928473560777e-01,2.484122050878133869e+00,-3.514860700614493627e+00,-1.317738560697563122e+00,2.438186928473560777e-01,4.097398344563767836e+00,-1.454949122776822312e+00,1.741736840036092415e+00,9.955309445152130676e-01,-7.410415825024115888e-01,-1.729739559543030381e-01,-1.018595594508743818e-01,1.728301863970677435e-02,-2.101731771368120227e-01,-1.508316341675523808e-02,1.209429708252358904e-01,2.637880538607106917e+00,1.800002899088150921e+00,-9.118666831304239606e-02,1.789780827460126567e+00,-1.006513689383045307e+00,-6.487430598397581072e-01,6.754479000242893383e-01,-1.998008571093669694e+00,2.995203876053468939e+00,-1.759284132664300282e+00,-1.813480583044725369e+00,1.660347421837625737e-01,-6.833365575519284585e-01,7.729979840044164981e-17,-1.011696149889743657e-01,4.622232819187316544e+00,-1.952330360428217171e+00,-6.416736944892031946e-03,-1.050652124336094673e+00,-1.347162780808441651e+00,7.963908708495253119e-01
4.849999999999999867e-01,3.636587715838319190e-01,2.225214020548605731e+00,-3.576077246020148870e+00,-1.515029407494786096e+00,3.636587715838319190e-01,3.929960788757966839e+00,-1.371332100632661977e+00,1.799226553301368714e+00,8.723523459540207803e-01,-9.123957945834491046e-01,-2.138147686067278785e-01,-1.252893123176032630e-01,2.157779388905550072e-02,-2.585898559307820421e-01,-1.864898010513005994e-02,1.487817254293374303e-01,2.512343622596627135e+00,1.724921298111031787e+00,-2.922315160057425421e-01,1.987662902416741373e+00,-9.730059149641102634e-01,-6.739772461236468448e-01,7.089217178650599749e-01,-1.956334591310011639e+00,2.923985775981064794e+00,-1.722271031388467710e+00,-1.772144107659577639e+00,1.622200822438223944e-01,-6.679584093381062404e-01,-7.540368774384097753e-17,-3.563867632968336085e-01,4.435092305485368591e+00,-2.139791859711813515e+00,2.370965886462192418e-01,-1.069375688651069911e+00,-1.360584635566883360e+00,8.577034432943972941e-01
4.859999999999999876e-01,5.206210886260733695e-01,1.868103166028368456e+00,-3.668535709280149604e+00,-1.798381115471640257e+00,5.206210886260733695e-01,3.703213341505428691e+00,-1.265717868258764867e+00,1.878815061997070934e+00,7.016798002693629410e-01,-9.947505789717352442e-01,-2.339889252707973988e-01,-1.364773821153380806e-01,2.382299493091330489e-02,-2.817469393270590761e-01,-2.041052953337322423e-02,1.620828003336998446e-01,2.501682698417353024e+00,1.717513723215869925e+00,-3.052770961122011628e-01,2.015486914807999241e+00,-9.714946551947540865e-01,-6.767731145271623783e-01,7.080460449411621893e-01,-1.952973127460294389e+00,2.911914388485726590e+00,-1.718790567273583259e+00,-1.766332477710622850e+00,1.615857494580295595e-01,-6.659325735531440582e-01,7.504412140642680845e-17,-4.460410080146766099e-01,4.395439186430799339e+00,-2.160545045501122807e+00,2.729774320282897238e-01,-1.091655845063783659e+00,-1.363116217613679737e+00,8.701288452748621172e-01
4.869999999999999885e-01,7.077634204819565067e-01,1.417332062766198941e+00,-3.796613947894335706e+00,-2.167006158473122834e+00,7.077634204819565067e-01,3.424498788820118822e+00,-1.141517584426877230e+00,1.980135608457934238e+00,4.859526017669199005e-01,-1.088678897105500587e+00,-2.571548898993522014e-01,-1.492237656027853299e-01,2.643265752738432547e-02,-3.081289170723841009e-01,-2.243276384849483829e-02,1.772324092517041372e-01,2.528651770638427720e+00,1.775047233659559964e+00,-2.787636875377237922e-01,1.887238200996475435e+00,-9.899262716000754025e-01,-6.850703663528125986e-01,7.038910822914999921e-01,-1.926962123629161638e+00,2.865668228879953539e+00,-1.695262120549162033e+00,-1.739900822537507441e+00,1.590350844473260583e-01,-6.561415758023271261e-01,2.240951740789263166e-16,-4.869892500962345050e-01,4.383560572640161190e+00,-2.123249573689671266e+00,1.737700359863523225e-01,-1.139020104225133334e+00,-1.363644706003634521e+00,8.811234915432043513e-01
4.879999999999999893e-01,8.933233530461183181e-01,9.610222738614389026e-01,-3.959454191851325966e+00,-2.567115295957751453e+00,8.933233530461183181e-01,3.163978565901891749e+00,-1.022535081775208576e+00,2.094829930927743611e+00,2.674929541295678614e-01,-1.043639158537824629e+00,-2.475720637212935893e-01,-1.428907845772872109e-01,2.569614640394457528e-02,-2.951500133573518037e-01,-2.159924686080449269e-02,1.697394038546121697e-01,2.584040544626598823e+00,1.826589653330220386e+00,-2.329198878789601190e-01,1.803076628483434973e+00,-1.016499457894862957e+00,-6.824890951509642312e-01,6.981047164308289421e-01,-1.922805075437594491e+00,2.851449111020386784e+00,-1.691037232760806974e+00,-1.733011882531918735e+00,1.582856595635451225e-01,-6.537207057260200349e-01,0.000000000000000000e+00,-3.824036893488202971e-01,4.430466700629312804e+00,-2.066847905217054304e+00,9.576089235546081380e-02,-1.153363811688669749e+00,-1.357809047737788655e+00,8.678441202854411118e-01
4.889999999999999902e-01,1.061466001348974952e+00,5.564826003817848754e-01,-4.152988664753631376e+00,-2.964383543075073124e+00,1.061466001348974952e+00,2.961320304128801872e+00,-9.228818915195100558e-01,2.217625880665943683e+00,7.370878750504618326e-02,-1.148014589332046809e+00,-2.727252458334139540e-01,-1.571231578344420565e-01,2.839903365780228894e-02,-3.245845184433805430e-01,-2.379465167984198826e-02,1.866568242900980557e-01,2.563097177839106511e+00,1.809000196188261134e+00,-2.343455758419224488e-01,1.837140327326461708e+00,-1.003789247839033782e+00,-6.859230235040563173e-01,6.965792614122314763e-01,-1.916498218767862527e+00,2.839241939933188075e+00,-1.685327728169393913e+00,-1.726214197491132030e+00,1.576348540384101271e-01,-6.512185821882863213e-01,0.000000000000000000e+00,-5.014156302608028248e-01,4.375516890288034588e+00,-2.076796461845758390e+00,1.393251634931319538e-01,-1.170738912244004171e+00,-1.360936257372184599e+00,8.832360857023295875e-01
4.899999999999999911e-01,1.202907859944580160e+00,2.199405835994088232e-01,-4.364297480857199929e+00,-3.332739683536634523e+00,1.202907859944580160e+00,2.826360303201041813e+00,-8.490146813196496334e-01,2.338652824055666990e+00,-8.770989222073460878e-02,-1.074250766185793626e+00,-2.562371007124192857e-01,-1.468896742749709883e-01,2.691432006841095945e-02,-3.035134370842181850e-01,-2.235621268686956847e-02,1.745132409402677942e-01,2.585509296033426274e+00,1.835305792609987385e+00,-1.762691219687625988e-01,1.731695060590114910e+00,-1.014678651006172938e+00,-6.759817171016376802e-01,6.802691724935350237e-01,-1.916182378705096001e+00,2.832697030015128181e+00,-1.684238793129628542e+00,-1.723633379573558111e+00,1.571953895555570913e-01,-6.503953551101365749e-01,7.283075657706533450e-17,-4.049238488574633532e-01,4.411765721912696669e+00,-2.007397589373362212e+00,3.497600108496776161e-02,-1.160996698534833893e+00,-1.348733284898643747e+00,8.547824134338029012e-01
4.909999999999999920e-01,1.311672797914452016e+00,-3.662986933599898798e-02,-4.570883971103093302e+00,-3.648645843008226475e+00,1.311672797914452016e+00,2.753489701617484187e+00,-8.012173747045362449e-01,2.448123168968509678e+00,-2.108390132036468967e-01,-1.070623425007957819e+00,-2.562961811835771098e-01,-1.462544634608123062e-01,2.713988036656006519e-02,-3.022867743261773987e-01,-2.236491172637720612e-02,1.737834027381439661e-01,2.579663241280196750e+00,1.836002889494366741e+00,-1.792354634111454903e-01,1.737912880168837937e+00,-1.010950622550493172e+00,-6.777095974262292710e-01,6.832200190662660599e-01,-1.906979794275725615e+00,2.812392615805058060e+00,-1.675674323440282443e+00,-1.712746908162907200e+00,1.560947553481929762e-01,-6.464445225471845413e-01,0.000000000000000000e+00,-3.979399780034866829e-01,4.392099324115847025e+00,-2.001164250312240434e+00,5.230585237249080199e-02,-1.157142641528477567e+00,-1.346519031699791036e+00,8.570034218044100260e-01
4.919999999999999929e-01,1.386415443681576987e+00,-2.228234867655971563e-01,-4.766163174137962422e+00,-3.912534134458427459e+00,1.386415443681576987e+00,2.730940928592355377e+00,-7.778444232177614825e-01,2.542537711662128164e+00,-2.999842561204930647e-01,-1.010070227317947378e+00,-2.427902570838187390e-01,-1.378369863581028754e-01,2.594739701295442277e-02,-2.849780261612026022e-01,-2.119111020096763401e-02,1.638063881269665734e-01,2.571404437271535670e+00,1.852543848682411287e+00,-1.778108722126054420e-01,1.692589765075473540e+00,-1.007013273543050813e+00,-6.834733285470130371e-01,6.869975339071128229e-01,-1.887368070936162878e+00,2.776292321627811255e+00,-1.657849314966337140e+00,-1.692365770327753483e+00,1.540931074201132289e-01,-6.389311154878744015e-01,0.000000000000000000e+00,-3.260338609825745859e-01,4.386045913226404025e+00,-1.973497173537045457e+00,2.617139176067448045e-02,-1.137898192284140020e+00,-1.343595554235855083e+00,8.508039220340793962e-01
4.929999999999999938e-01,1.435124712489382226e+00,-3.712371194260901675e-01,-4.953347289735556380e+00,-4.146379105041209989e+00,1.435124712489382226e+00,2.735142900992198367e+00,-7.709200378406992904e-01,2.625351251331732083e+00,-3.705499076462385744e-01,-9.993069679724420062e-01,-2.412313384179446685e-01,-1.362118436210132955e-01,2.602110314169589489e-02,-2.817218861424758414e-01,-2.105881650689606088e-02,1.619076294766422786e-01,2.522318492410281721e+00,1.830822691963881477e+00,-1.927365727606113466e-01,1.698629399657260119e+00,-9.865035820094910646e-01,-6.888744721017983075e-01,6.838154800767065611e-01,-1.876982924854869950e+00,2.752894025961294400e+00,-1.648220691564789453e+00,-1.679936755570959894e+00,1.528493731140604106e-01,-6.344183737132446099e-01,-1.476853226715869043e-16,-3.539714004170302353e-01,4.342485379507231791e+00,-1.977169107946414206e+00,4.471374722799612011e-02,-1.115376095037906357e+00,-1.344351662321938923e+00,8.457231095533487286e-01
4.939999999999999947e-01,1.471941574602576575e+00,-5.373251080458563145e-01,-5.142903885865051983e+00,-4.396043730341079758e+00,1.471941574602576575e+00,2.722678492204180234e+00,-7.644497617905715581e-01,2.706359191704561518e+00,-4.484175692387234458e-01,-9.212037408495510338e-01,-2.226774531963380266e-01,-1.255097795163179208e-01,2.409404759007408720e-02,-2.596336798833684401e-01,-1.944139021766034051e-02,1.492050377950648876e-01,2.491140558225876322e+00,1.861458692884445210e+00,-2.904866095186733332e-01,1.660206693253309052e+00,-9.886070819664027898e-01,-7.139428941047825106e-01,7.117121888974199395e-01,-1.815695203072006159e+00,2.660041212808156974e+00,-1.594334344730036657e+00,-1.623935388359773802e+00,1.477428610064970560e-01,-6.133287735836673304e-01,2.111803944251003490e-16,-2.457583856956808699e-01,4.298822452496263935e+00,-2.010330733765028022e+00,6.036535248360933720e-02,-1.100497900843274257e+00,-1.346713057906110400e+00,8.609172266924850492e-01
4.949999999999999956e-01,1.500542878898937227e+00,-7.562061237353689958e-01,-5.343313844247152389e+00,-4.684539536816126670e+00,1.500542878898937227e+00,2.679167756543943124e+00,-7.534480595881655196e-01,2.788419500726598166e+00,-5.502852646254259295e-01,-8.105288494163803703e-01,-1.966874314776312360e-01,-1.103188534951899391e-01,2.146557092430127767e-02,-2.282764396926503236e-01,-1.717692189277205198e-02,1.311642349484217762e-01,2.493711736427287828e+00,1.862457500714399083e+00,-2.449149863962167828e-01,1.627994653147349258e+00,-9.795191436153252162e-01,-7.056722946766482707e-01,7.067155421625276324e-01,-1.831958735789697146e+00,2.677540711465426604e+00,-1.608022980383145617e+00,-1.636049415643933358e+00,1.486875812658044471e-01,-6.180753738877026171e-01,2.816961686860282830e-16,-1.487758487787896877e-01,4.343310780702194229e+00,-1.963256820274552394e+00,1.341080842771717740e-02,-1.059108002042171037e+00,-1.340924590457122978e+00,8.378797771109497416e-01
4.959999999999999964e-01,1.515848862925492480e+00,-9.822093678412555651e-01,-5.532357277630940651e+00,-4.968859459912956744e+00,1.515848862925492480e+00,2.623384828282857129e+00,-7.433735514394368415e-01,2.862696361155988800e+00,-6.549571918633417811e-01,-7.245288934260660785e-01,-1.764534011519350853e-01,-9.851409033352384603e-02,1.940803747974400098e-02,-2.039172027840804868e-01,-1.541347347397923305e-02,1.171506191073877212e-01,2.493351388781440914e+00,1.856420872434227265e+00,-2.142720607699442059e-01,1.627214390350153916e+00,-9.745703890399535219e-01,-7.012138872799280609e-01,6.984308335010531721e-01,-1.850255486051306741e+00,2.698379465117473064e+00,-1.623523776854724820e+00,-1.650151101893235994e+00,1.498155913913016557e-01,-6.235567317105525920e-01,2.152056716351064034e-16,-8.143299069593190609e-02,4.378346936399765355e+00,-1.936309927958192789e+00,-3.528674063338076844e-03,-1.028672000432732325e+00,-1.340184092464459908e+00,8.155814526084410598e-01
4.969999999999999973e-01,1.506855897329986593e+00,-1.141859101911265384e+00,-5.696531397402499586e+00,-5.192887210490506611e+00,1.506855897329986593e+00,2.605424070920931090e+00,-7.488760632337219114e-01,2.920901158494450200e+00,-7.283023725261913439e-01,-6.162956198039954980e-01,-1.507043677153326877e-01,-8.370474988571711961e-02,1.672135229154595587e-02,-1.733263546418864487e-01,-1.316801043295415079e-02,9.955976186755063906e-02,2.536800273045217935e+00,1.909641446297539735e+00,-1.335583950522683527e-01,1.497413200860482796e+00,-9.864779556172500463e-01,-7.008688611315724293e-01,6.887291084917028794e-01,-1.855008347065517205e+00,2.699398495716460289e+00,-1.626921760481163437e+00,-1.652210080642776413e+00,1.497791166864391732e-01,-6.245048051213956120e-01,-2.157581855516630635e-16,6.549630617570523228e-02,4.458335574298667225e+00,-1.844184905419148812e+00,-1.380755274907476682e-01,-1.010025193572697377e+00,-1.338541676685922166e+00,7.882888703592533242e-01
4.979999999999999982e-01,1.459398227813586191e+00,-1.165868915020383145e+00,-5.843112213788006493e+00,-5.319584302610071980e+00,1.459398227813586191e+00,2.683884035750034869e+00,-7.858740963872056229e-01,2.962943206266524410e+00,-7.375825321526963130e-01,-5.095415431291518971e-01,-1.251322604859778642e-01,-6.912628684178162564e-02,1.400302068058646016e-02,-1.431913746556289779e-01,-1.093519852785487974e-02,8.223602578993742529e-02,2.594553509734151220e+00,1.967975936095190725e+00,-3.714127372411807348e-02,1.345049216086672939e+00,-1.008354008790670608e+00,-6.938405556583130407e-01,6.710015589545519354e-01,-1.866022464841652129e+00,2.709639604899997334e+00,-1.635663622722309363e+00,-1.659941535005351021e+00,1.502146632295254802e-01,-6.275824277473176505e-01,6.930821764887961002e-17,2.189895017633471941e-01,4.552483280509210140e+00,-1.741931183288209173e+00,-3.008892982380916292e-01,-1.001330720216774051e+00,-1.332358181933485763e+00,7.532375847444894301e-01
4.989999999999999991e-01,1.372913947332890183e+00,-1.057167421600152979e+00,-5.977221716167449905e+00,-5.356293305253069903e+00,1.372913947332890183e+00,2.855679328919409787e+00,-8.514337208133824220e-01,2.992753080646802566e+00,-6.837795613481598700e-01,-4.209939666491387955e-01,-1.035248839187960790e-01,-5.708968986483253794e-02,1.161968311171100894e-02,-1.182765817850649909e-01,-9.048370479677415867e-03,6.792335056909371005e-02,2.535258643985449201e+00,1.972587917639455846e+00,-1.500780467585461908e-01,1.345092664126163129e+00,-9.964072211577659210e-01,-7.191001613159141437e-01,6.995211476868121725e-01,-1.810925997279129840e+00,2.626869413166379008e+00,-1.587275853158784722e+00,-1.609862862977395226e+00,1.456590544186576186e-01,-6.087132944886485264e-01,0.000000000000000000e+00,3.033386800571805653e-01,4.495932446887039191e+00,-1.794443589782163562e+00,-2.531505157395210759e-01,-9.690247485241733072e-01,-1.336861826284239996e+00,7.674444982559058825e-01
5.000000000000000000e-01,1.253466565538373878e+00,-8.744888949155580349e-01,-6.100791194358129665e+00,-5.337965321889861947e+00,1.253466565538373878e+00,3.080667175595182883e+00,-9.347325976125071545e-01,3.011046668414631977e+00,-5.942224725463538526e-01,-3.708334745618714900e-01,-9.155436394655307175e-02,-5.023671937596124043e-02,1.035410045202219027e-02,-1.041090550953721466e-01,-8.002600491618515333e-03,5.977782230274679420e-02,2.599840986907723472e+00,2.029590662429105574e+00,-1.950364033003471054e-02,1.162005373572217781e+00,-1.018436952501883930e+00,-7.043594052795811855e-01,6.716314068596708209e-01,-1.832071899882717014e+00,2.653673791050178199e+00,-1.604704145933377069e+00,-1.627360803462354122e+00,1.469105953654547270e-01,-6.154555760652888896e-01,0.000000000000000000e+00,3.969356124631349680e-01,4.591710089532730521e+00,-1.674444505639373082e+00,-4.550013294381141660e-01,-9.756354122318013911e-01,-1.327817581836488570e+00,7.314092291624175735e-01
5.010000000000000009e-01,1.099858159059748042e+00,-5.997538252970719963e-01,-6.209125329023886586e+00,-5.250048384825015013e+00,1.099858159059748042e+00,3.368966304295831549e+00,-1.037767621808595164e+00,3.016619114534171864e+00,-4.602842529931426285e-01,-2.960221099129711209e-01,-7.334667329526592394e-02,-4.006121050717847965e-02,8.353185305799490715e-03,-8.305053209011883930e-02,-6.412073848863823755e-03,4.767934758159493580e-02,2.628917623943894277e+00,2.057503506459594789e+00,8.131919677508148148e-03,1.108527219598265834e+00,-1.032726492586009348e+00,-7.024400893500062359e-01,6.680347389902965283e-01,-1.835133844644454282e+00,2.653882473642628526e+00,-1.606526202656028079e+00,-1.628613106105698982e+00,1.467618027350430232e-01,-6.160526697470082302e-01,-6.779339049515982465e-17,4.977616693864688746e-01,4.638039306806957640e+00,-1.638455493485698522e+00,-5.117327012016336107e-01,-9.690152219410851364e-01,-1.324904832945878352e+00,7.157140865718913947e-01
5.020000000000000018e-01,9.143580100241420761e-01,-2.211068385125660729e-01,-6.302249139139950884e+00,-5.084091010099246688e+00,9.143580100241420761e-01,3.730851249628601263e+00,-1.164472561353886881e+00,3.008640098971768762e+00,-2.764801141276985730e-01,-1.829566148505543111e-01,-4.551315154499939453e-02,-2.473149460439847541e-02,5.225545367613640760e-03,-5.129057097946501664e-02,-3.980069755195493955e-03,2.944098602467713072e-02,2.620723637662951244e+00,2.059053985782108853e+00,8.866420448312872793e-03,1.098220131686630907e+00,-1.029210128448958539e+00,-7.043914406347894230e-01,6.684906901971118254e-01,-1.834199889231884928e+00,2.646998063021734016e+00,-1.604913818142144954e+00,-1.625770367605401168e+00,1.462626430952487233e-01,-6.151412049132624071e-01,0.000000000000000000e+00,6.035671335805119497e-01,4.660538897258843072e+00,-1.620778892298230467e+00,-5.223246905511566007e-01,-9.342380563331748045e-01,-1.323512715303247322e+00,6.979316762217889769e-01
5.030000000000000027e-01,7.221343025696784768e-01,1.934787967692985777e-01,-6.378787504400841080e+00,-4.880891597134239923e+00,7.221343025696784768e-01,4.111357596722033492e+00,-1.297868720208843252e+00,2.992153714736996761e+00,-7.547650109874737279e-02,-2.703668794517918861e-01,-6.753825025603332755e-02,-3.650432318837872753e-02,7.817156675211087147e-03,-7.573554236089914682e-02,-5.907589327758437994e-03,4.346489886328228774e-02,2.549846034140518913e+00,1.992916577990216931e+00,-4.862930561770623106e-02,1.234209537856843397e+00,-9.965153502846659794e-01,-7.079864053787147116e-01,6.742264480640579594e-01,-1.842385932564927442e+00,2.652267170287379461e+00,-1.611382366953908463e+00,-1.630599232646783747e+00,1.464933729436009580e-01,-6.171404110741315341e-01,0.000000000000000000e+00,4.370932221237995852e-01,4.577645498021563064e+00,-1.696515995759993567e+00,-3.885725381147292490e-01,-9.257575197019641822e-01,-1.331034405780604724e+00,7.176913469273402679e-01
5.040000000000000036e-01,5.451506168357816984e-01,5.929483617104980286e-01,-6.431644656459932108e+00,-4.672583323111589415e+00,5.451506168357816984e-01,4.459215831870467106e+00,-1.421174631765468765e+00,2.971253790350866453e+00,1.178468714134693340e-01,-2.205539219225609582e-01,-5.517279135834532444e-02,-2.976710348277843837e-02,6.402301765748769080e-03,-6.176575417189872352e-02,-4.826132080619306708e-03,3.544553982842907347e-02,2.588597471191312671e+00,2.037379136691998216e+00,1.947094051246567314e-02,1.103172990635503226e+00,-1.014242857620078375e+00,-7.034380798444619387e-01,6.585681793437171416e-01,-1.843202600424776350e+00,2.651793824234119246e+00,-1.611747250895922079e+00,-1.630760181580376278e+00,1.464021812145485102e-01,-6.172471135657309205e-01,-2.143711462273922683e-16,5.248409488439753634e-01,4.634000169567771721e+00,-1.622043413866234740e+00,-5.211848891791243110e-01,-9.296064305774285330e-01,-1.325511325490812187e+00,6.940137191721460486e-01
5.050000000000000044e-01,3.882910080725909263e-01,9.394439672563077437e-01,-6.458912051761527273e+00,-4.471156384830820230e+00,3.882910080725909263e-01,4.754877542312858196e+00,-1.528143046624599988e+00,2.943982646845987983e+00,2.858478946877569538e-01,-3.694457550824855607e-01,-9.275948986366219784e-02,-4.981217351488431005e-02,1.084333519782073978e-02,-1.033894910578899845e-01,-8.116723798872635745e-03,5.932272129876751954e-02,2.480067431478749640e+00,1.950615328511019264e+00,-1.265295657182412548e-01,1.332261084261420869e+00,-9.735564594910833813e-01,-7.240399139383768556e-01,6.822336146465166618e-01,-1.827969881874392799e+00,2.623263229407684083e+00,-1.597988115270617238e+00,-1.614742504092967490e+00,1.448380301369923406e-01,-6.113627346612547919e-01,6.685341176353341782e-17,2.826517945218712802e-01,4.481119068055041232e+00,-1.774329854503742698e+00,-2.716380846337259070e-01,-9.321079204119809836e-01,-1.343519372398504164e+00,7.415563359452842507e-01
5.060000000000000053e-01,2.786253559560366022e-01,1.141287655822506242e+00,-6.453595909561017585e+00,-4.333399760646066134e+00,2.786253559560366022e-01,4.916613081346563163e+00,-1.592881631358709305e+00,2.916050713917018200e+00,3.846388360119391558e-01,-5.579417307915151003e-01,-1.406476289577255900e-01,-7.514239129030847453e-02,1.656700826743046084e-02,-1.560188872298920448e-01,-1.231061751851643751e-02,8.950491480798411503e-02,2.401539063373081095e+00,1.899151510843359869e+00,-2.071809242688638641e-01,1.418668717628956966e+00,-9.463299378007132834e-01,-7.319815006660143064e-01,6.909260035449635851e-01,-1.822670276298005820e+00,2.608997087754556077e+00,-1.592778504458305600e+00,-1.607551240586842844e+00,1.440215067922069325e-01,-6.088148853186632348e-01,2.119870746353327304e-16,2.092705628356017478e-02,4.367500969640190966e+00,-1.875101820017477827e+00,-1.723155146904554180e-01,-9.583273182383984512e-01,-1.353107003503194017e+00,7.804309183529478666e-01
5.070000000000000062e-01,2.282967601968228233e-01,1.145541241357636686e+00,-6.412595390219726355e+00,-4.291734948800562499e+00,2.282967601968228233e-01,4.900475028358201257e+00,-1.600107301113786074e+00,2.890691602172011709e+00,3.890622444857397833e-01,-5.979504545609408694e-01,-1.512697330329463297e-01,-8.044730213783740647e-02,1.793559171506547284e-02,-1.670895255064995255e-01,-1.324330554860341132e-02,9.584114205182692192e-02,2.376271562810680749e+00,1.898364294577129296e+00,-2.215457960149643801e-01,1.375265817612953745e+00,-9.423540388888447250e-01,-7.321726450146213150e-01,6.887564975766711228e-01,-1.825065701306104682e+00,2.606619942258327605e+00,-1.594331688998243735e+00,-1.607499963728274750e+00,1.438529061524952135e-01,-6.089426766808898606e-01,0.000000000000000000e+00,-4.674459305636480266e-02,4.353714503802510016e+00,-1.896324787151045577e+00,-2.142985544002555254e-01,-9.655906582428490648e-01,-1.354358627244114599e+00,7.845976396284980448e-01
5.080000000000000071e-01,2.225831107304578893e-01,9.921736368111837567e-01,-6.346217134438136398e+00,-4.328336822478063617e+00,2.225831107304578893e-01,4.745985755794029259e+00,-1.560463619933906365e+00,2.868555750871720544e+00,3.184905447034036552e-01,-6.917602154758548672e-01,-1.756897612856964663e-01,-9.295563493807218469e-02,2.097366557090533587e-02,-1.931500867243729769e-01,-1.538346969365599753e-02,1.107704159648609660e-01,2.367544947127236732e+00,1.884135834871710991e+00,-2.505320168743380704e-01,1.425009178428155776e+00,-9.424655876758183393e-01,-7.293025941472908169e-01,6.940955031858698776e-01,-1.846961267794967609e+00,2.631496940225608316e+00,-1.612839309440736058e+00,-1.624428867055979886e+00,1.451773868867598516e-01,-6.155033167400254523e-01,2.148127878204241076e-16,-1.711765361435857447e-01,4.339943013811623729e+00,-1.956326961253146424e+00,-1.784460230569187844e-01,-9.904382875134314368e-01,-1.360189380580972163e+00,8.048659191507310240e-01
5.090000000000000080e-01,2.456389759756959501e-01,7.768405297116915964e-01,-6.260927755503018943e+00,-4.394970147995829635e+00,2.456389759756959501e-01,4.526249547523460315e+00,-1.495643298073197958e+00,2.848991090902189161e+00,2.176792725324849520e-01,-6.291368025149659537e-01,-1.600048704917714781e-01,-8.451151309701537828e-02,1.914376527912958759e-02,-1.756209706673986515e-01,-1.401002620129245153e-02,1.007119002071527047e-01,2.417892889670988588e+00,1.896493950244377391e+00,-1.395951580906867884e-01,1.373696969540299628e+00,-9.529457144517388123e-01,-7.106616002250663033e-01,6.672702878462219989e-01,-1.903209214799941096e+00,2.710133940418805398e+00,-1.661579425040468516e+00,-1.673397187113315754e+00,1.494403000094714218e-01,-6.341019781447411185e-01,-2.213540496668580228e-16,-1.144531276439184619e-01,4.446623020171410978e+00,-1.885686096228170738e+00,-2.805564522938865379e-01,-9.791263851096660975e-01,-1.358773604571100080e+00,7.679821880533744816e-01
5.100000000000000089e-01,2.685352610067372470e-01,5.935915967437406238e-01,-6.176773056377945714e+00,-4.438374528343979719e+00,2.685352610067372470e-01,4.336554844559064037e+00,-1.434288273388856449e+00,2.829824496783139409e+00,1.320123144745537769e-01,-7.298902824719695204e-01,-1.863217926730901530e-01,-9.796814407749412923e-02,2.244563426950164919e-02,-2.036239622523687287e-01,-1.631849238640162292e-02,1.167525779238409306e-01,2.411558294420735660e+00,1.966002715354631780e+00,-1.388514598040540005e-01,1.183666345896909444e+00,-9.573913135042666500e-01,-7.335757416277408627e-01,6.754385534077149700e-01,-1.862030783955879398e+00,2.646059989765639386e+00,-1.624905919597193993e+00,-1.635249724341986344e+00,1.458257809675348460e-01,-6.198220144774256868e-01,0.000000000000000000e+00,-1.803627720071132590e-01,4.425740912447181152e+00,-1.861725523478742206e+00,-4.291377441755752642e-01,-1.015189494789100477e+00,-1.369716248491568367e+00,7.921911313315559422e-01
5.110000000000000098e-01,2.798615026606656730e-01,4.670809938754107993e-01,-6.140969624420677953e+00,-4.484234414030574101e+00,2.798615026606656730e-01,4.221529853373176877e+00,-1.386207556096999527e+00,2.829158107432995006e+00,7.388726837602307973e-02,-6.083123274878099451e-01,-1.559047639272124752e-01,-8.152936005221123050e-02,1.890723281651247173e-02,-1.695607810484647815e-01,-1.365658401675148674e-02,9.720433512886408889e-02,2.445393247539960679e+00,2.028245424613321912e+00,-1.026554313623999071e-01,1.052828917873493531e+00,-9.790059217859008456e-01,-7.461331988225907708e-01,6.693135233846490006e-01,-1.847955107139309661e+00,2.620644996693042739e+00,-1.611768250658683899e+00,-1.621044635366360342e+00,1.442721040547310929e-01,-6.145518900342635815e-01,0.000000000000000000e+00,-1.087418708715892635e-02,4.492985657379152009e+00,-1.795953042073294981e+00,-5.493084846763542917e-01,-1.004294598779634562e+00,-1.374341672873605980e+00,7.665178585135130618e-01
5.120000000000000107e-01,2.734965648419896977e-01,4.026959446387143871e-01,-6.182135156829050793e+00,-4.552090020653717595e+00,2.734965648419896977e-01,4.202313120769923138e+00,-1.357007827334654193e+00,2.856831112654980132e+00,4.634862552236604372e-02,-6.270458724765358705e-01,-1.612871263208486838e-01,-8.393839523882914988e-02,1.967428602766076173e-02,-1.746541065719493246e-01,-1.412915056554851605e-02,1.001083864611437835e-01,2.456337739637404205e+00,2.047811942636800442e+00,-5.474592240594250425e-02,9.569735248091534308e-01,-9.817358559790767547e-01,-7.374895248268341641e-01,6.600693960472659993e-01,-1.858653532241306028e+00,2.631342809715091935e+00,-1.620234108048069110e+00,-1.628942536245475248e+00,1.446942955922703167e-01,-6.176497453511402558e-01,-1.493887356527087182e-16,-2.936166508043769330e-02,4.517867626031043748e+00,-1.758918425692840737e+00,-6.522947254086610691e-01,-1.011695666958755790e+00,-1.369268420743523063e+00,7.601777825084097273e-01
5.130000000000000115e-01,2.462133848822803117e-01,4.040802931009388477e-01,-6.286881608060877369e+00,-4.626715846093402362e+00,2.462133848822803117e-01,4.275705990424841119e+00,-1.348459225812039808e+00,2.905597169035844640e+00,5.113816849859351144e-02,-7.168928089097879042e-01,-1.851407967271421207e-01,-9.584301229840755387e-02,2.272681252953977910e-02,-1.995211255263755756e-01,-1.621947898494488852e-02,1.143417961166108276e-01,2.420955464399146884e+00,2.046962972526514157e+00,-4.931939534528129165e-02,8.835977827558837427e-01,-9.704754337215275584e-01,-7.397777951100500404e-01,6.519737923160643378e-01,-1.848162769924654558e+00,2.610886903101014234e+00,-1.610238029409620131e+00,-1.617849940500517558e+00,1.434397032903870495e-01,-6.135610041999970399e-01,-2.149300333465606500e-16,-1.441001144352955787e-01,4.472709078900386714e+00,-1.755400437053308949e+00,-7.115253452150940294e-01,-1.026556855957516223e+00,-1.369558278294991771e+00,7.663155884326748879e-01
5.140000000000000124e-01,2.111385216562264300e-01,4.348055865071951409e-01,-6.416023168707673641e+00,-4.705432713283610902e+00,2.111385216562264300e-01,4.383299234619051354e+00,-1.345759829084146153e+00,2.963988244137941042e+00,7.035547082260407148e-02,-7.499517920706419982e-01,-1.939357120544278335e-01,-1.002235081702850528e-01,2.385668729971851185e-02,-2.086672789125683380e-01,-1.699054918327754654e-02,1.195763294967064905e-01,2.384983922544304136e+00,1.980151177560118381e+00,-7.285037024740020906e-02,1.032878245594114341e+00,-9.484221130035452862e-01,-7.292773192532115978e-01,6.506439044569882757e-01,-1.876484803573627458e+00,2.648851192980728797e+00,-1.634669293023666814e+00,-1.641910898600034585e+00,1.454963377678085423e-01,-6.227344917430240878e-01,0.000000000000000000e+00,-2.414526730999653203e-01,4.435066658486420010e+00,-1.807743171441352104e+00,-5.851759657062017839e-01,-1.011593054148305137e+00,-1.369002360179513156e+00,7.702202339536947662e-01
5.150000000000000133e-01,1.771934836515335898e-01,4.526714957293325181e-01,-6.535111750038098855e+00,-4.780908735424813649e+00,1.771934836515335898e-01,4.478337719742734535e+00,-1.340856320506483623e+00,3.016792218493233868e+00,8.373551459974046263e-02,-5.826951964378170867e-01,-1.512340614704557606e-01,-7.777309622029004998e-02,1.872097227498827759e-02,-1.620064610409679695e-01,-1.325329923082109104e-02,9.282185863527153691e-02,2.382254778542555407e+00,2.004963115437017329e+00,-8.371588642946009573e-02,9.714351989448219982e-01,-9.532338044395914922e-01,-7.373287474940519726e-01,6.555877195027761672e-01,-1.854534904735145151e+00,2.612740403942819700e+00,-1.614804988688290477e+00,-1.620920995968588629e+00,1.433822513061795145e-01,-6.149107668257365322e-01,2.156655978407366753e-16,-5.497532263040683098e-02,4.466469457909381546e+00,-1.776293971338040567e+00,-6.307648247487783744e-01,-9.718580141743798917e-01,-1.365492813550609696e+00,7.484095781380479817e-01
5.160000000000000142e-01,1.540310294134076274e-01,4.343875629214777323e-01,-6.640556877423517967e+00,-4.868511156524697014e+00,1.540310294134076274e-01,4.536880791459282136e+00,-1.327751763577587507e+00,3.065244577631465628e+00,7.976753686423260215e-02,-6.742928305313511395e-01,-1.756082873743145534e-01,-8.989507354626122271e-02,2.185889625044826201e-02,-1.873409130990529026e-01,-1.539192935252821359e-02,1.073205792677192211e-01,2.336452904129086239e+00,1.964001499649400406e+00,-1.038852652520132480e-01,1.037171442403334032e+00,-9.275751434353395330e-01,-7.362179641184686263e-01,6.584558349475251315e-01,-1.863262190181172118e+00,2.619956866024049535e+00,-1.621744504959417466e+00,-1.626775345368061787e+00,1.436793094422579853e-01,-6.172534608474394835e-01,-2.166771075755538984e-16,-2.011021165834370183e-01,4.408350078299134722e+00,-1.815524843757691853e+00,-5.677450067142795209e-01,-9.712367470921343671e-01,-1.368863354318436309e+00,7.657764142152441167e-01
5.170000000000000151e-01,1.521258704995257505e-01,3.426302610136429116e-01,-6.739255665508927962e+00,-4.995290128175730260e+00,1.521258704995257505e-01,4.536743210300376639e+00,-1.298823737908032516e+00,3.114247584643545341e+00,4.065236003425212741e-02,-8.957416625068281846e-01,-2.341701303894273278e-01,-1.192583774586308820e-01,2.933212444374077785e-02,-2.486681463836309947e-01,-2.053034402814614065e-02,1.424275015782054676e-01,2.272774579497851555e+00,1.923220318366622550e+00,-1.600022342833362643e-01,1.127582525005116354e+00,-8.990281798766266430e-01,-7.492041438486243266e-01,6.674565257406364083e-01,-1.855401986057727548e+00,2.602064212499415330e+00,-1.614411779401958347e+00,-1.617446032473577100e+00,1.426810779846669763e-01,-6.138670449493730530e-01,0.000000000000000000e+00,-4.783690690667041778e-01,4.291114400476611301e+00,-1.893672391143925493e+00,-4.605313830247199647e-01,-1.005015248275590523e+00,-1.383601532826143510e+00,8.098840273188419037e-01
5.180000000000000160e-01,1.863163000398233293e-01,1.451172746176296879e-01,-6.827371714844253425e+00,-5.181163638212524347e+00,1.863163000398233293e-01,4.448551102337949814e+00,-1.244839483259747803e+00,3.165943325593603586e+00,-4.956932077338438436e-02,-8.284525609098631893e-01,-2.174261839714201894e-01,-1.101665285799158095e-01,2.740917073352912986e-02,-2.298090865391005932e-01,-1.906761404319723407e-02,1.316021680981942221e-01,2.251253003989904578e+00,1.887829655408087781e+00,-1.950792055148575788e-01,1.256857928161792870e+00,-8.910319969892902536e-01,-7.554507209873647655e-01,6.680840028314818380e-01,-1.869036807974382652e+00,2.614412102902191837e+00,-1.625716747816089214e+00,-1.626879113455789616e+00,1.433244919785076898e-01,-6.176172994668590599e-01,0.000000000000000000e+00,-4.462363648943412642e-01,4.284815574338860067e+00,-1.930962481910862616e+00,-3.426120145604676370e-01,-9.775165915498831293e-01,-1.392135634497420948e+00,7.996861709296760878e-01
5.190000000000000169e-01,2.577014204084608351e-01,-1.416353358844402166e-01,-6.903197427812377107e+00,-5.419597817841988352e+00,2.577014204084608351e-01,4.278101773984449352e+00,-1.167691644981053045e+00,3.221003446544529858e+00,-1.836526065727363544e-01,-8.651802564817505647e-01,-2.273651958693849173e-01,-1.149989867699403590e-01,2.872084863574683733e-02,-2.399328480321973600e-01,-1.994044383576364793e-02,1.373913431198596768e-01,2.247008517133095129e+00,1.918501603487252849e+00,-1.938114400869015985e-01,1.157134296153197184e+00,-8.968148025731170758e-01,-7.643767669449447189e-01,6.664303413351668759e-01,-1.848114960467119428e+00,2.583043732089542743e+00,-1.607292842707756186e+00,-1.607941949584916985e+00,1.415792599818127273e-01,-6.104739587838743375e-01,-2.149107128047069864e-16,-4.662866998157748633e-01,4.274180139707411286e+00,-1.916103269564598088e+00,-4.220868047959729363e-01,-9.951683906235017085e-01,-1.394791169564582711e+00,8.038216844550263307e-01
5.200000000000000178e-01,3.414334385503814406e-01,-4.707220922827681786e-01,-6.979378077311381823e+00,-5.681613957636057144e+00,3.414334385503814406e-01,4.080754889798324569e+00,-1.085241020757844010e+00,3.276410729808226119e+00,-3.384050145829131107e-01,-7.460824901056906100e-01,-1.967752272568049909e-01,-9.904903992044984673e-02,2.500631065560516425e-02,-2.067510342072978735e-01,-1.726342070910624402e-02,1.183704452970849308e-01,2.243609635728729401e+00,1.939588312046738539e+00,-1.771818626372054784e-01,1.080563310232512064e+00,-8.968820309452480988e-01,-7.681643077140909437e-01,6.638200585890148275e-01,-1.842547565072086835e+00,2.569496930765769349e+00,-1.601861409321036822e+00,-1.601051241887683441e+00,1.407635138053548729e-01,-6.080107078629564121e-01,-2.142590890243233931e-16,-3.450204194490480436e-01,4.312310015555702591e+00,-1.878092311878692078e+00,-4.954816209995662191e-01,-9.628695513471910994e-01,-1.393438436286153603e+00,7.821905038860995640e-01
5.210000000000000187e-01,4.200561376765561405e-01,-7.862647084171437983e-01,-7.061395551135945858e+00,-5.941073586363616599e+00,4.200561376765561405e-01,3.896814591781006865e+00,-1.009235303217959068e+00,3.331955285790821453e+00,-4.870586056685869414e-01,-7.969962007513813340e-01,-2.109122947908809165e-01,-1.056897493307178554e-01,2.693828948399200687e-02,-2.207070649746350199e-01,-1.850624823001371586e-02,1.263409983499114986e-01,2.245768373620521174e+00,1.942137729884067410e+00,-1.580950771842537517e-01,1.055317731948800741e+00,-8.996609756982245631e-01,-7.645141589579202979e-01,6.554523949166537466e-01,-1.854608298765761720e+00,2.581566759048460558e+00,-1.611656710631513612e+00,-1.609912367037527270e+00,1.413085823114268724e-01,-6.114900559613425379e-01,1.505204532954380535e-16,-4.058361258966218799e-01,4.312792194141646718e+00,-1.875441537146485205e+00,-5.276563456047345113e-01,-9.790594583614327107e-01,-1.394510463149276625e+00,7.817933932665653840e-01
5.220000000000000195e-01,4.808156512897563961e-01,-1.021796004570598715e+00,-7.150201135504927308e+00,-6.155088284316464708e+00,4.808156512897563961e-01,3.779461808962035985e+00,-9.570873703243303332e-01,3.383589056576284282e+00,-5.983758487133659099e-01,-6.362518230023684884e-01,-1.690117804525097522e-01,-8.426111304843512950e-02,2.170945020145330709e-02,-1.760560302304043367e-01,-1.483247041990030241e-02,1.007633334433692962e-01,2.291409203057771737e+00,1.957239496316211858e+00,-8.665288558800127161e-02,1.022401666959918298e+00,-9.222020720262862348e-01,-7.533350766104134344e-01,6.287958753508890997e-01,-1.886196860071241987e+00,2.620709854024068530e+00,-1.638207782182676819e+00,-1.635766122390269528e+00,1.432687221703655978e-01,-6.214343845954376500e-01,0.000000000000000000e+00,-2.310394800158387385e-01,4.408937569887770636e+00,-1.809121780819113345e+00,-5.916550052288979122e-01,-9.549893800863249460e-01,-1.389601931625751297e+00,7.295592087942583959e-01
5.230000000000000204e-01,5.124916415443998563e-01,-1.105491253005529195e+00,-7.253658401359466268e+00,-6.283192746804208362e+00,5.124916415443998563e-01,3.789348231634496855e+00,-9.481008356491996691e-01,3.430394652359851637e+00,-6.385924316066415862e-01,-7.013541850349546136e-01,-1.870387294749721041e-01,-9.276655967742505893e-02,2.415752704336469187e-02,-1.939198072006759754e-01,-1.641560742715788418e-02,1.109676397809854220e-01,2.329202502134565922e+00,2.005136049032546275e+00,-4.162050559148114393e-02,9.012732675792665127e-01,-9.494667616633948315e-01,-7.540702209678308288e-01,6.126299402310331210e-01,-1.876723145571165485e+00,2.602365976825863569e+00,-1.629063523189922202e+00,-1.625869217448111748e+00,1.420991801075709160e-01,-6.177921684377457590e-01,-2.182159148543762225e-16,-2.488748284715541770e-01,4.420463296383437601e+00,-1.763450588458828294e+00,-7.004384228254805222e-01,-1.001287388756499919e+00,-1.388277996832734562e+00,7.235975800120183488e-01
5.240000000000000213e-01,5.165962782863358083e-01,-1.050151150064285055e+00,-7.377144386187356240e+00,-6.340430583832369571e+00,5.165962782863358083e-01,3.914590239634295532e+00,-9.779914559887500358e-01,3.476308543982536303e+00,-6.133238654020051195e-01,-7.875581585846422872e-01,-2.102941279629445825e-01,-1.041213867317066777e-01,2.721336638376194855e-02,-2.176969717060753262e-01,-1.845821321591504388e-02,1.245662244742370417e-01,2.293166395129578206e+00,2.002795724083989093e+00,-1.041474270233118116e-01,9.295983472007054438e-01,-9.391953923075042621e-01,-7.740216386223067735e-01,6.282618585692361091e-01,-1.833025880357550541e+00,2.539494183935609772e+00,-1.590974101856814427e+00,-1.587211467171995460e+00,1.386606875038449427e-01,-6.031524718899136106e-01,6.396864347213027128e-17,-3.274176438126146227e-01,4.331995780056654866e+00,-1.799242915611833027e+00,-6.303997535875280889e-01,-1.018231676509734562e+00,-1.395632323728135393e+00,7.528280830434732618e-01
5.250000000000000222e-01,4.966516307276399034e-01,-9.173102525451529710e-01,-7.513285258078972184e+00,-6.356464240059974458e+00,4.966516307276399034e-01,4.109291402849162722e+00,-1.035922725003806333e+00,3.517644328656497343e+00,-5.509949112097274337e-01,-7.079219954074607024e-01,-1.897267285959510497e-01,-9.348129254999217042e-02,2.467691388530734650e-02,-1.955391337831706711e-01,-1.665423205794105618e-02,1.118685263341721720e-01,2.322967931509322792e+00,2.013408230817696154e+00,-1.887665628980569887e-02,8.312035794048697745e-01,-9.519655318468946970e-01,-7.516397892574837591e-01,6.007259627115232314e-01,-1.853190982974982193e+00,2.564104163342065590e+00,-1.607345398810707371e+00,-1.603715668558882701e+00,1.397286274049565902e-01,-6.095194815742495109e-01,-2.154690247449098274e-16,-2.381450468731201031e-01,4.387785665563810333e+00,-1.719703347650505254e+00,-7.478351752687055765e-01,-1.007776038225108639e+00,-1.377813502889674302e+00,7.125944890456952230e-01
5.260000000000000231e-01,4.505462584067996823e-01,-7.035570570454754424e-01,-7.637101838864555070e+00,-6.310180149484075685e+00,4.505462584067996823e-01,4.359121873814036263e+00,-1.117809285867603419e+00,3.545223461331051151e+00,-4.499135006950450988e-01,-6.942886345504830636e-01,-1.866938130324021505e-01,-9.158065965731329583e-02,2.439328299074346521e-02,-1.916419042758132629e-01,-1.638933710309743719e-02,1.096218181053511542e-01,2.301194176238996913e+00,1.996067901809132739e+00,-2.571325658224010713e-02,8.284042447662323116e-01,-9.471878726027558315e-01,-7.465702912479432740e-01,5.942473133554749820e-01,-1.845481694212329549e+00,2.549542285322515589e+00,-1.599813202353577601e+00,-1.595799952963006696e+00,1.387547114979945651e-01,-6.066064946984317530e-01,0.000000000000000000e+00,-2.385761525238156988e-01,4.358916374099246482e+00,-1.717107118593130810e+00,-7.430024252060308809e-01,-1.000075065380574557e+00,-1.369566123049472450e+00,7.038691314608260807e-01
5.270000000000000240e-01,3.835585071905049936e-01,-4.351239669942155164e-01,-7.722768118356919231e+00,-6.197005540732140716e+00,3.835585071905049936e-01,4.628995852741499384e+00,-1.215086908735804272e+00,3.549427160138054482e+00,-3.225701386449632557e-01,-6.781121898364801392e-01,-1.830072211705809915e-01,-8.933388928235981574e-02,2.403955249158287732e-02,-1.870311665459515049e-01,-1.606997454239563611e-02,1.069653922760292197e-01,2.265707238956806258e+00,1.944140708604108703e+00,-7.255437823262539387e-02,9.819101827010883188e-01,-9.283176494958074176e-01,-7.475569587740329425e-01,6.017548359371573952e-01,-1.848730509107657793e+00,2.548424531599529086e+00,-1.602000582958636343e+00,-1.596643315513435191e+00,1.385971966165703284e-01,-6.070720229826641612e-01,-1.508649921530002663e-16,-2.611354599873316751e-01,4.309558019033056020e+00,-1.763888850473621650e+00,-5.906935803207640223e-01,-9.767516194251886219e-01,-1.370698956299092774e+00,7.087202282131864761e-01
5.280000000000000249e-01,3.237469497738501567e-01,-1.925958891605874523e-01,-7.748357571951951073e+00,-6.053370675609976104e+00,3.237469497738501567e-01,4.840541467957063304e+00,-1.304966284747571148e+00,3.528177670503237273e+00,-2.080670647429879450e-01,-7.266429758093457814e-01,-1.968505985688943360e-01,-9.561453913318809783e-02,2.600029729508245360e-02,-2.002627377584143553e-01,-1.729002356038251281e-02,1.145117427959952972e-01,2.218383527012203871e+00,1.869564367321272513e+00,-1.261573969206592483e-01,1.205764742047685356e+00,-9.032653233035938811e-01,-7.521241972556277355e-01,6.036961137788491305e-01,-1.863857317435705152e+00,2.563343312104057858e+00,-1.614455220802975211e+00,-1.607618897300002292e+00,1.393180024866606803e-01,-6.114081218373348392e-01,0.000000000000000000e+00,-3.721167662328470627e-01,4.236057080856435952e+00,-1.836227156856822695e+00,-3.758538579572344718e-01,-9.642100585753474729e-01,-1.380822342653345025e+00,7.182078565748444277e-01
5.290000000000000258e-01,2.895298529090298834e-01,-6.623250637999733570e-03,-7.717388477199556895e+00,-5.907965608260895785e+00,2.895298529090298834e-01,4.965286612781581788e+00,-1.376449449485816379e+00,3.489113671799118244e+00,-1.218729324792489910e-01,-5.895045746366611716e-01,-1.599035152038241758e-01,-7.753411601444404333e-02,2.115790958820518500e-02,-1.624246348507623061e-01,-1.404576793262396830e-02,9.286991971063077167e-02,2.253492796309693791e+00,1.925549759351768753e+00,-9.430822217986956080e-02,1.075568376497401779e+00,-9.245480315183394193e-01,-7.575262916730156615e-01,6.009487019921575524e-01,-1.839565115933901485e+00,2.528412174383107391e+00,-1.593098485838282397e+00,-1.586192122024221218e+00,1.373510474291158301e-01,-6.032987084551624246e-01,2.138742924259925000e-16,-1.755768942608688654e-01,4.294058418531051302e+00,-1.764940824032595890e+00,-4.894658359386142576e-01,-9.496216189399858676e-01,-1.374870768060802106e+00,6.938186217027885183e-01
5.300000000000000266e-01,2.717619512844617335e-01,1.258224448618880942e-01,-7.652194676338964996e+00,-5.766125078921957581e+00,2.717619512844617335e-01,5.032267503466869130e+00,-1.435252329611514055e+00,3.437769475746422998e+00,-6.155071161167890992e-02,-7.448180114547999775e-01,-2.026297271443227854e-01,-9.787371764227369153e-02,2.692627583829280274e-02,-2.050929970308625339e-01,-1.780301531074091059e-02,1.172494826093542636e-01,2.187880791921751111e+00,1.861242200541562086e+00,-1.478307528380594649e-01,1.231546084416947462e+00,-8.873544546086153950e-01,-7.641209454672727164e-01,6.107739850951409144e-01,-1.844549482354931769e+00,2.530188250000906081e+00,-1.597013218371343024e+00,-1.588650836900858954e+00,1.374143347844777319e-01,-6.043709787440244563e-01,2.144545985236925935e-16,-4.014867018879806349e-01,4.188800723398145465e+00,-1.842717688851676305e+00,-3.301784766456186682e-01,-9.550331168550001415e-01,-1.386294939522038083e+00,7.280234677044954417e-01
5.310000000000000275e-01,2.747373276100837369e-01,1.789443176009983816e-01,-7.541283298274627178e+00,-5.639852284578032560e+00,2.747373276100837369e-01,5.009495090503381043e+00,-1.469743734487959586e+00,3.373357064981465037e+00,-3.934691907418247370e-02,-6.846608766667896528e-01,-1.869197454777975220e-01,-8.987165223801567293e-02,2.496624688174822401e-02,-1.883911453715502171e-01,-1.642793567269122679e-02,1.076823777260635107e-01,2.146371551599355332e+00,1.819685767901460416e+00,-1.891229993070634441e-01,1.336203018594344538e+00,-8.678277876483168063e-01,-7.683915180011156032e-01,6.154549115100661494e-01,-1.851778504512813894e+00,2.534565921735554728e+00,-1.602689846836288012e+00,-1.592896051454032680e+00,1.375675125796478604e-01,-6.061485322879335280e-01,-4.305898723742216358e-16,-3.900678295802482154e-01,4.167331944159218260e+00,-1.881684498381367199e+00,-2.317267859779399142e-01,-9.186514204402191908e-01,-1.390967985961740316e+00,7.231372892361291882e-01
5.320000000000000284e-01,3.019819738619936578e-01,1.360933344545691703e-01,-7.366440165246627814e+00,-5.526874578354684431e+00,3.019819738619936578e-01,4.872024168554426993e+00,-1.472113457860126040e+00,3.290701956336296252e+00,-6.344766045026790924e-02,-5.419541220958360439e-01,-1.485061129519227863e-01,-7.104829630663665740e-02,1.993860360089412184e-02,-1.490033511850849812e-01,-1.305581711277004932e-02,8.515279935913380727e-02,2.137078700640766549e+00,1.795484918050136880e+00,-2.090404759181305749e-01,1.404384463432993835e+00,-8.611379397449014927e-01,-7.602816121711261088e-01,6.224523572312430364e-01,-1.876956302219242145e+00,2.563308026068232159e+00,-1.623835085964571157e+00,-1.612531656013278081e+00,1.390177685734798052e-01,-6.137798818739794715e-01,0.000000000000000000e+00,-2.818317236743116405e-01,4.210286831166445864e+00,-1.903923858189338292e+00,-1.882085889793901345e-01,-8.711235223565066965e-01,-1.387117311157875621e+00,7.076051565903768159e-01
5.330000000000000293e-01,3.418883618639304567e-01,4.433567028860974091e-02,-7.133129311315652643e+00,-5.401599975604439940e+00,3.418883618639304567e-01,4.658993145215021947e+00,-1.453485475692041451e+00,3.189186519560972322e+00,-1.114998729414281853e-01,-3.996030166328146116e-01,-1.099177622061527637e-01,-5.232305202338098649e-02,1.483555588833128727e-02,-1.097777136646166662e-01,-9.666174450785122371e-03,6.272403851146876597e-02,2.126323510713441500e+00,1.764533414760574681e+00,-1.710608490714967678e-01,1.421916789787600832e+00,-8.540791731009091947e-01,-7.442628675696755236e-01,6.013687261834819164e-01,-1.925593985404373543e+00,2.623969534783496815e+00,-1.665173019713124924e+00,-1.652291853962017276e+00,1.421745234381854850e-01,-6.290873841378679110e-01,-2.238802553793194815e-16,-1.988734913237466539e-01,4.278585187337919038e+00,-1.888556920808002637e+00,-2.155395082860851463e-01,-8.216823633273403482e-01,-1.383016426158328649e+00,6.640927646949504881e-01
5.340000000000000302e-01,3.824144999073549878e-01,-1.922584005992344913e-02,-6.862766658086067117e+00,-5.234896177349274815e+00,3.824144999073549878e-01,4.437769467721119021e+00,-1.431312911883153793e+00,3.075903533015505786e+00,-1.472908468034904717e-01,-2.735650741744661829e-01,-7.534374807304522470e-02,-3.580496504909966293e-02,1.018688101264126483e-02,-7.513324523659586918e-02,-6.626417663584297651e-03,4.292640056517716546e-02,2.144919054131668723e+00,1.774919840611244526e+00,-1.403945000811797628e-01,1.409158467980371698e+00,-8.597449414501464604e-01,-7.430941932780241732e-01,5.943397517924398077e-01,-1.947640858844646994e+00,2.652143214563849050e+00,-1.683978351502553483e+00,-1.670570401870438815e+00,1.436515522568926340e-01,-6.361032024299067000e-01,-6.640159882342571839e-17,-7.628687888744445367e-02,4.351719307102047907e+00,-1.860177816632832881e+00,-2.512250528774258584e-01,-7.912266344298497511e-01,-1.385823813371515278e+00,6.372661523576168552e-01
5.350000000000000311e-01,4.036450240712294857e-01,-5.604497949711184646e-03,-6.583021334252860512e+00,-5.008276158213043061e+00,4.036450240712294857e-01,4.272396425976922707e+00,-1.423742819074609756e+00,2.954395486671290261e+00,-1.462138751255637192e-01,-1.984212570684940058e-01,-5.483482677875126110e-02,-2.594062079362263740e-02,7.448434396224869192e-03,-5.445507214663392048e-02,-4.824001724510491168e-03,3.110676637675861139e-02,2.161373850922743589e+00,1.794257519844623117e+00,-1.196991455575357743e-01,1.338341326729344694e+00,-8.737443460533622641e-01,-7.367366335687955958e-01,5.864934362739837592e-01,-1.963124776904547453e+00,2.668662285267530354e+00,-1.696542288792024289e+00,-1.682291047082307145e+00,1.443612883541023073e-01,-6.407116766693632393e-01,0.000000000000000000e+00,-1.721830502978694000e-04,4.408084978333402404e+00,-1.842182055143182673e+00,-3.365012859567375614e-01,-7.838381298458938495e-01,-1.382272311962669420e+00,6.176002026507423359e-01
5.360000000000000320e-01,3.985650625089909860e-01,1.016596280296937493e-01,-6.298684130269659676e+00,-4.718104852413016026e+00,3.985650625089909860e-01,4.174115841051700748e+00,-1.433890114817700123e+00,2.826433585595175213e+00,-1.000771083778211196e-01,-2.377887267687912587e-01,-6.592522256687299853e-02,-3.105881818082636969e-02,8.992579346773721394e-03,-6.521655234490633668e-02,-5.800853706583373320e-03,3.724816461471800594e-02,2.151865641729147960e+00,1.767245249100579896e+00,-1.033084172263487588e-01,1.389741034254268426e+00,-8.658913629079560970e-01,-7.302222162702225461e-01,5.755767347378899501e-01,-1.997174161552481619e+00,2.710785566041438610e+00,-1.725149444481487659e+00,-1.710044500672558865e+00,1.464593937551493252e-01,-6.514260363727950587e-01,0.000000000000000000e+00,-8.309724659212491815e-02,4.412105592575144897e+00,-1.859516679888662871e+00,-3.113108870715167176e-01,-7.846485214977131362e-01,-1.387449106349601058e+00,6.128248993526079769e-01
5.370000000000000329e-01,3.657936955017800362e-01,2.892306743626269494e-01,-6.007868034775607491e+00,-4.370271881517901136e+00,3.657936955017800362e-01,4.132657303465261833e+00,-1.459014877859289960e+00,2.691042277725602005e+00,-1.468412236638408364e-02,-3.017122025826162179e-01,-8.395180252790990227e-02,-3.936194906253347170e-02,1.150377130296609263e-02,-8.268507995909318842e-02,-7.388357593430981349e-03,4.721662729631987548e-02,2.139704235639705576e+00,1.776742750055591014e+00,-8.709239211453981278e-02,1.312332602468707421e+00,-8.664777521670466998e-01,-7.310109899277615897e-01,5.647622310223523456e-01,-2.001048890791174539e+00,2.711236178315362899e+00,-1.727561130225237385e+00,-1.711780111025180684e+00,1.462778165022532995e-01,-6.522266693860407916e-01,2.326515264697211470e-16,-1.630568577340851810e-01,4.404027125843043677e+00,-1.854015471402310711e+00,-3.879437372535071704e-01,-8.028850156238866997e-01,-1.390626016907233531e+00,6.119788583186724917e-01
5.380000000000000338e-01,3.101169780971324563e-01,5.205440847117195347e-01,-5.721722597806537358e+00,-3.996495667312713440e+00,3.101169780971324563e-01,4.127601968641000596e+00,-1.491096975625052945e+00,2.554646875939783790e+00,9.314659244228853940e-02,-2.894215734764870041e-01,-8.082828777632597439e-02,-3.771280213647201784e-02,1.112983481205104958e-02,-7.925310648406000413e-02,-7.115779345780857967e-03,4.524813638366716878e-02,2.120589871607680976e+00,1.762492379845169488e+00,-9.823662247630218780e-02,1.330569401706904520e+00,-8.567413152690812606e-01,-7.292113326882714297e-01,5.675882785928885177e-01,-2.015728659634941522e+00,2.725242988919956311e+00,-1.739507658000624568e+00,-1.722255536206535043e+00,1.468942320383256062e-01,-6.563990204917774518e-01,0.000000000000000000e+00,-1.845603615037475498e-01,4.406907080988800018e+00,-1.875457082613398940e+00,-3.805562996875794801e-01,-7.891001897148156585e-01,-1.392726132525829774e+00,6.128364149765557212e-01
5.390000000000000346e-01,2.433838603612891727e-01,7.580967430686953445e-01,-5.440779898160898576e+00,-3.626636119194853514e+00,2.433838603612891727e-01,4.126052233192688767e+00,-1.520081155227246406e+00,2.421895407613733564e+00,2.051317556820854149e-01,-3.055455564198352736e-01,-8.543618810483491477e-02,-3.979872065415542004e-02,1.178293092187954888e-02,-8.364623633353227006e-02,-7.522152816718096630e-03,4.775326919678482551e-02,2.115705082198187537e+00,1.734008562771334860e+00,-9.950527997782224188e-02,1.395600465292960557e+00,-8.521294615102981140e-01,-7.185889237445086675e-01,5.639336491865638568e-01,-2.050739678098479679e+00,2.770626304002751894e+00,-1.769464846535627744e+00,-1.751475009641303204e+00,1.492907088688882333e-01,-6.675969242402817194e-01,-2.384332771623044361e-16,-2.405801523201274161e-01,4.419198678669251201e+00,-1.908768847167605420e+00,-3.440916134264631054e-01,-7.864849889749422340e-01,-1.393708000801508584e+00,6.116869183833484325e-01
5.400000000000000355e-01,1.747850140448112544e-01,9.583356451361053630e-01,-5.154653533536410315e+00,-3.273378194601862745e+00,1.747850140448112544e-01,4.095589756633699174e+00,-1.537504608782853444e+00,2.287743919043760066e+00,3.008009195523426715e-01,-4.663388458424997385e-01,-1.308422611392974222e-01,-6.067023377236281656e-02,1.812211625032590298e-02,-1.275660975290014987e-01,-1.152268175476298812e-02,7.281381889845811584e-02,2.065195890801158285e+00,1.674399342630070286e+00,-1.345053491512067656e-01,1.530813518807699003e+00,-8.202188532719786318e-01,-7.159378022072538927e-01,5.709027015301904040e-01,-2.083823093065314769e+00,2.809427479629220237e+00,-1.797371307174078225e+00,-1.777636385055751278e+00,1.512660662972198644e-01,-6.777334758004771587e-01,-1.721980335637810033e-16,-4.849660481066562223e-01,4.352984561119993323e+00,-1.992546890097647738e+00,-2.287007499977263825e-01,-7.965188845037602938e-01,-1.405193959762493838e+00,6.437165204286483533e-01
5.410000000000000364e-01,1.261685690665764470e-01,1.077228140099735443e+00,-4.859902682770600890e+00,-2.967537329094172449e+00,1.261685690665764470e-01,3.996598147456939643e+00,-1.529684125642302828e+00,2.157649459699671368e+00,3.579901421261046934e-01,-6.217310819012933365e-01,-1.749930873024442279e-01,-8.080880535373065332e-02,2.432977782534664554e-02,-1.699587670973358444e-01,-1.541354029629269512e-02,9.699546767610328635e-02,2.036627387410200107e+00,1.638572123207468589e+00,-1.467329767330711188e-01,1.616394874404672555e+00,-8.066405074839542166e-01,-7.182536758082994632e-01,5.634295876694507266e-01,-2.114550250181255198e+00,2.845496037199699124e+00,-1.823233726337080363e+00,-1.801955066297069363e+00,1.530954278984393013e-01,-6.871619115397613609e-01,1.418781380076040275e-16,-6.996539446723484268e-01,4.309075073104723153e+00,-2.050775508423882343e+00,-1.612304140670501595e-01,-8.235038466828507042e-01,-1.420829127644353651e+00,6.604250553455541795e-01
5.420000000000000373e-01,1.040088019840716416e-01,1.100567904237795602e+00,-4.561220472028525208e+00,-2.721295780553986798e+00,1.040088019840716416e-01,3.822372454514285867e+00,-1.493324146352835502e+00,2.035009078221379220e+00,3.696486569756423091e-01,-7.544358159321709056e-01,-2.130995262060748352e-01,-9.794428952310180181e-02,2.974899464874450339e-02,-2.060742802935263684e-01,-1.877265448897405542e-02,1.175849385383033741e-01,2.021312439271551575e+00,1.632025135445115849e+00,-1.618494198737743528e-01,1.626519219634392055e+00,-8.035611332910864713e-01,-7.214586233476389943e-01,5.630478037272013125e-01,-2.132196507794395846e+00,2.863466412869212441e+00,-1.837645218571956729e+00,-1.814998077582516300e+00,1.539048398223094305e-01,-6.922909195386703907e-01,-2.479182146493496704e-16,-8.653198844550151758e-01,4.282392022108253649e+00,-2.097438927968832800e+00,-1.587298632993797420e-01,-8.557305737623034370e-01,-1.432522197375283524e+00,6.806327422655045201e-01
5.430000000000000382e-01,1.005157076283081097e-01,1.051827123087953453e+00,-4.269417074152562996e+00,-2.527717668104968229e+00,1.005157076283081097e-01,3.597902978163654453e+00,-1.435350728972724310e+00,1.922518149807797450e+00,3.470695052431757577e-01,-8.319700246572717672e-01,-2.358703863071890949e-01,-1.078728395914872462e-01,3.306817608466397496e-02,-2.270633673259485064e-01,-2.078234811643739702e-02,1.295359364840208971e-01,2.011495827506102785e+00,1.635981307516305439e+00,-1.510125969331351792e-01,1.575955047760903227e+00,-8.010641940645208958e-01,-7.183373189846511409e-01,5.589286399880940559e-01,-2.155054524261075688e+00,2.887927342973285683e+00,-1.856540380518771682e+00,-1.832300200430471815e+00,1.550613681480369210e-01,-6.990568248596482626e-01,0.000000000000000000e+00,-9.755287214122446704e-01,4.288038264182402415e+00,-2.115425817043394385e+00,-2.232769765849046129e-01,-8.730661932424323979e-01,-1.438176491960736714e+00,6.884645764721148975e-01
5.440000000000000391e-01,1.065356608963849983e-01,9.683801519851145123e-01,-3.990292099788881774e+00,-2.370427600609742669e+00,1.065356608963849983e-01,3.352799449812621457e+00,-1.364508888226952044e+00,1.821704452656478734e+00,3.078284588867249427e-01,-9.129114566785451190e-01,-2.591380978782275024e-01,-1.183211349831072984e-01,3.638058520240132487e-02,-2.490850953724384753e-01,-2.283361027197627902e-02,1.420897165021410835e-01,1.997675687588535087e+00,1.615539479108527798e+00,-1.466672503316414911e-01,1.573366415827127218e+00,-7.963684633323553363e-01,-7.057452604851088829e-01,5.516971017624632267e-01,-2.193046418967856681e+00,2.936676936121647152e+00,-1.889004201120258131e+00,-1.863839227604157767e+00,1.576291321417378766e-01,-7.111481251389303315e-01,-1.088368783400471850e-16,-1.108282188057866602e+00,4.293078317351947781e+00,-2.153992586435006906e+00,-2.540922265746292097e-01,-8.878244265630559351e-01,-1.439726995896015715e+00,6.937868182646041992e-01
5.450000000000000400e-01,1.058501576290208357e-01,8.863271264634321467e-01,-3.724758390720942280e+00,-2.220830811088077894e+00,1.058501576290208357e-01,3.118863791971822508e+00,-1.292809375050077758e+00,1.726055948063035528e+00,2.699010407449277116e-01,-8.212722871363330457e-01,-2.339165996560131355e-01,-1.063008689820996860e-01,3.295664301303329047e-02,-2.238945692773180174e-01,-2.061296965848929963e-02,1.276965073933179762e-01,2.015770549298100622e+00,1.621358457997911007e+00,-1.301721198808896973e-01,1.531196205168150470e+00,-8.091487341619725271e-01,-6.898920760879116987e-01,5.466545761081705868e-01,-2.232493906699331898e+00,2.984698896681938329e+00,-1.921988644046864980e+00,-1.895782130652171604e+00,1.599564398679878263e-01,-7.234528737320519154e-01,0.000000000000000000e+00,-1.037995644537564210e+00,4.372140755023836256e+00,-2.158461632909854266e+00,-3.316292824709878295e-01,-8.730868635713027182e-01,-1.433957919478452858e+00,6.743510835014885352e-01
5.460000000000000409e-01,9.426015586174932293e-02,8.386688790581056097e-01,-3.488255297250398179e+00,-2.070973503044013508e+00,9.426015586174932293e-02,2.929566394056576151e+00,-1.231244805223282501e+00,1.640191866746244731e+00,2.486216093604108335e-01,-8.387819500687383467e-01,-2.396489769207646170e-01,-1.084402375201464624e-01,3.387808907149571225e-02,-2.284991555130203855e-01,-2.112062541980800831e-02,1.303008001826675699e-01,2.025961055404438937e+00,1.637282466801315062e+00,-1.248347069573891577e-01,1.483986883721165828e+00,-8.152038861705594996e-01,-6.856292689037638555e-01,5.508686290235944583e-01,-2.251838735714333239e+00,3.005798979698685702e+00,-1.937777808812811031e+00,-1.910627858803101597e+00,1.608810159153083175e-01,-7.292404844321543900e-01,0.000000000000000000e+00,-1.064659630378632649e+00,4.403432469579236397e+00,-2.171052753290346526e+00,-3.927628860104400710e-01,-8.828220257682715122e-01,-1.435990378755726216e+00,6.811694292062620004e-01
5.470000000000000417e-01,7.119939322578983099e-02,8.406034393316708098e-01,-3.300540107413563184e+00,-1.925449092115821159e+00,7.119939322578983099e-02,2.809417188053801695e+00,-1.188480912510411658e+00,1.569638362209970328e+00,2.512260582240311013e-01,-7.952188203022102497e-01,-2.280158761082083374e-01,-1.026651704138432653e-01,3.234871293073247889e-02,-2.164459313510025129e-01,-2.009621172586121760e-02,1.234038813653423883e-01,2.019728950511508359e+00,1.608421863512839334e+00,-1.092987801317282792e-01,1.533004170779311170e+00,-8.114730014331998920e-01,-6.744716224969486973e-01,5.377828869916774224e-01,-2.296468536829399110e+00,3.060530780101169857e+00,-1.975023342200615151e+00,-1.946968655940034765e+00,1.635146510357669003e-01,-7.432266741900385165e-01,-2.670321337706650819e-16,-1.071958406620101112e+00,4.440936767505800908e+00,-2.186987292746186640e+00,-3.816157722299911015e-01,-8.644042817484355323e-01,-1.437794508412848282e+00,6.611867683570196164e-01
5.480000000000000426e-01,4.529774154672019937e-02,8.872950355198460093e-01,-3.170887419339477820e+00,-1.793293712024312425e+00,4.529774154672019937e-02,2.761506322389576162e+00,-1.166490127127612020e+00,1.518391790131829566e+00,2.748963034999596378e-01,-8.450592247026816883e-01,-2.431806857387059373e-01,-1.089424456888941906e-01,3.463247673840640084e-02,-2.298076199283796694e-01,-2.143640648580586242e-02,1.309957397131183421e-01,2.017933780568928359e+00,1.607970776302134475e+00,-1.193645733308713042e-01,1.550524485183589984e+00,-8.098206541295028815e-01,-6.752676664558930897e-01,5.440194372571744985e-01,-2.307730138539285214e+00,3.069168049682349242e+00,-1.983857615343899816e+00,-1.954335955874720643e+00,1.637838801184548498e-01,-7.461976261820422174e-01,0.000000000000000000e+00,-1.134855582673038654e+00,4.433958140245778168e+00,-2.212164634363665172e+00,-3.691789939527242437e-01,-8.758443939394275901e-01,-1.442901699123741110e+00,6.750151769702927851e-01
5.490000000000000435e-01,2.556818445552946212e-02,9.579488288318593892e-01,-3.085645008614323448e+00,-1.681295903168952721e+00,2.556818445552946212e-02,2.759006191336677016e+00,-1.159214505068089096e+00,1.483564688037273038e+00,3.092420242107525308e-01,-9.564098518608401545e-01,-2.755620526334341958e-01,-1.232429756307694274e-01,3.929295375275249774e-02,-2.600115660681777685e-01,-2.429171101038386793e-02,1.482027323417954012e-01,1.987821460210390967e+00,1.569059296594033759e+00,-1.169963108742018698e-01,1.574782532519384937e+00,-7.924088942292164539e-01,-6.593651358222764047e-01,5.383650725313973151e-01,-2.335244723147970713e+00,3.103580020578099230e+00,-2.007210982557575907e+00,-1.976878477488602126e+00,1.655547633428396670e-01,-7.548596178555047054e-01,-4.255820882126409416e-16,-1.303833114798419901e+00,4.397077264538698849e+00,-2.247450269062547079e+00,-3.628029912164646986e-01,-8.868656969545545277e-01,-1.438516464688164964e+00,6.865678048731922445e-01
5.500000000000000444e-01,9.612388679522330254e-03,1.015185015670079904e+00,-3.021442506948301521e+00,-1.591728458653689060e+00,9.612388679522330254e-03,2.761542314133000886e+00,-1.157723565726686665e+00,1.453647487170839359e+00,3.373341356856667250e-01,-9.998502967724434143e-01,-2.890262778850906100e-01,-1.286426781123385932e-01,4.135502807324733382e-02,-2.715816796667641642e-01,-2.548341758094371454e-02,1.547681411625541070e-01,1.966038081299883444e+00,1.560276566480802263e+00,-1.408085033345454207e-01,1.590044827475780798e+00,-7.789632437991407254e-01,-6.609515008108906020e-01,5.515868627179769668e-01,-2.333049397982471351e+00,3.094847748603102300e+00,-2.004527453017649119e+00,-1.973052262133250023e+00,1.648877263067040355e-01,-7.535305333454591636e-01,-1.178090911365910156e-16,-1.366861613455031321e+00,4.366098037198813842e+00,-2.273978634464532966e+00,-3.416524065842219127e-01,-8.856571971592008818e-01,-1.439965451737293511e+00,7.063550038805309628e-01
5.510000000000000453e-01,8.682108015693933145e-03,1.012906379161204073e+00,-2.978687905749942022e+00,-1.557702580965641070e+00,8.682108015693933145e-03,2.733518546134161120e+00,-1.150330379542164438e+00,1.432900368307404193e+00,3.371023852468928994e-01,-1.007691287976416383e+00,-2.921821833691600201e-01,-1.294742734172080190e-01,4.194169755285183376e-02,-2.734915938127654988e-01,-2.576683508902542774e-02,1.558290491636706576e-01,1.935428922131714913e+00,1.526193791751969675e+00,-1.650074970123167339e-01,1.667539651150397928e+00,-7.613674974119345462e-01,-6.596591151759105820e-01,5.556780032378259016e-01,-2.346609596931119146e+00,3.107045149141734353e+00,-2.015525883842956834e+00,-1.982514612254966613e+00,1.653828399073501432e-01,-7.572863583673092869e-01,2.728834343788328105e-16,-1.418871962775820617e+00,4.341056757524543563e+00,-2.310007654272481670e+00,-2.730332635517168649e-01,-8.694762513173499574e-01,-1.442712308632245310e+00,7.115070524014968090e-01
5.520000000000000462e-01,3.608564697453123249e-02,9.108479661516816206e-01,-2.968457204211332634e+00,-1.613791310039278670e+00,3.608564697453123249e-02,2.652745709320538214e+00,-1.129023565559762243e+00,1.428536043591730031e+00,2.891078903342053641e-01,-1.022648165776745444e+00,-2.975222026934595254e-01,-1.311891150348316604e-01,4.286358676580616367e-02,-2.772997518774089620e-01,-2.624481074319922128e-02,1.579673952781818214e-01,1.911509636231645270e+00,1.506937778480061052e+00,-1.994219008133769622e-01,1.772284767569007213e+00,-7.397652165625614451e-01,-6.717384113168460846e-01,5.743291000939740876e-01,-2.345858185596931378e+00,3.099353353539074707e+00,-2.014220852325117939e+00,-1.979554007752221567e+00,1.648178361580615314e-01,-7.563199151701551770e-01,0.000000000000000000e+00,-1.456996715142031551e+00,4.308768929325676567e+00,-2.344831868173326228e+00,-1.644056534174082040e-01,-8.522471322819088480e-01,-1.454303137230200438e+00,7.322964953721559089e-01
5.530000000000000471e-01,1.013067914817630255e-01,6.898694920433781075e-01,-2.996065247066108217e+00,-1.776906948018357912e+00,1.013067914817630255e-01,2.508969624928442776e+00,-1.089295118200628965e+00,1.445175869132155899e+00,1.837643256764187050e-01,-1.102764406137890951e+00,-3.219404369994553483e-01,-1.412352636119529881e-01,4.655895234297775798e-02,-2.987430429502197504e-01,-2.840863918152500625e-02,1.701474526910539686e-01,1.892903646049903577e+00,1.511994341320793911e+00,-2.247977038488974677e-01,1.786153367418325866e+00,-7.289323439643589087e-01,-6.851255128235197445e-01,5.877363112366058573e-01,-2.332054349729104636e+00,3.073415270586534298e+00,-2.001901621905301631e+00,-1.965161877646508959e+00,1.633459015066549558e-01,-7.510142708104342590e-01,1.191501388435186942e-16,-1.541915109817092011e+00,4.263469174907873693e+00,-2.367934589366152309e+00,-1.324495578852053490e-01,-8.643294854079237588e-01,-1.464548422815479034e+00,7.578837639276598814e-01
5.540000000000000480e-01,1.998672454266825771e-01,3.803090242873454763e-01,-3.058522785367807639e+00,-2.028391020682827506e+00,1.998672454266825771e-01,2.320522882839494816e+00,-1.036126845948267761e+00,1.482286050727192217e+00,3.510052255744117167e-02,-1.049355976629778642e+00,-3.067054481013355982e-01,-1.343209444690541265e-01,4.440901027293358422e-02,-2.841832036072844403e-01,-2.706666533632364272e-02,1.618436801150511528e-01,1.910777255825227838e+00,1.510042552018817208e+00,-2.144696954641080733e-01,1.777695507149072762e+00,-7.403439854686572064e-01,-6.698943227630235198e-01,5.833365766392755170e-01,-2.354212115240670311e+00,3.100364934058549959e+00,-2.020685429748674267e+00,-1.983046031270349951e+00,1.647180468096512418e-01,-7.579052382834836621e-01,-1.533510053476002757e-16,-1.492790836045221115e+00,4.303702037976031569e+00,-2.369476069681836439e+00,-1.609415138483435981e-01,-8.598091422662903494e-01,-1.454866226382830918e+00,7.451802567543265310e-01
5.550000000000000488e-01,3.118905648561613453e-01,3.574205649284689645e-02,-3.143628474684907914e+00,-2.318416959791301135e+00,3.118905648561613453e-01,2.123351191396317450e+00,-9.818289768521495375e-01,1.528601311255021633e+00,-1.308350257474730771e-01,-1.121287751268594146e+00,-3.287919367720482100e-01,-1.432950167801834429e-01,4.776494052491166847e-02,-3.033869282054101890e-01,-2.902306374270811201e-02,1.727464085261440907e-01,1.883255520314697673e+00,1.492255654682911326e+00,-2.330712832481743879e-01,1.808104121386933771e+00,-7.242217790762786045e-01,-6.713316713636843236e-01,5.903731278774657643e-01,-2.355420516539068920e+00,3.095778697634216758e+00,-2.021036986154324921e+00,-1.981947152569033976e+00,1.642932452435507673e-01,-7.576299094837907200e-01,0.000000000000000000e+00,-1.593452747492965393e+00,4.259242415545079652e+00,-2.397403286182683058e+00,-1.260780906571885296e-01,-8.633154620381380262e-01,-1.457984644590183176e+00,7.631195364036098550e-01
5.560000000000000497e-01,4.269298995739035929e-01,-3.074118743158672507e-01,-3.241767966402242518e+00,-2.618021442312767899e+00,4.269298995739035929e-01,1.936369111521018871e+00,-9.315693215518023873e-01,1.579938562957103665e+00,-2.967712817746974152e-01,-1.001666315760022297e+00,-2.945712928561015076e-01,-1.278072600660987435e-01,4.292331902572212726e-02,-2.707874157098818513e-01,-2.600963556943157798e-02,1.541563663554185726e-01,1.901583920091320046e+00,1.520481865654597753e+00,-2.216534284118219789e-01,1.700208314961392020e+00,-7.419500416250919272e-01,-6.618379207969710132e-01,5.892842295801146157e-01,-2.353260733150932094e+00,3.087420853926328590e+00,-2.018565492174243303e+00,-1.978226153507533613e+00,1.636716740922431190e-01,-7.563382483357580233e-01,2.736911389035433030e-16,-1.453343128819634344e+00,4.313331426724825057e+00,-2.368026180652163859e+00,-2.350945195204194593e-01,-8.490657832427306317e-01,-1.444185804702160514e+00,7.434405959355334659e-01
5.570000000000000506e-01,5.206421025761450716e-01,-5.907234001343326657e-01,-3.355075187727900143e+00,-2.889489414337140349e+00,5.206421025761450716e-01,1.804531677529459088e+00,-8.992982456875556752e-01,1.631759104970301744e+00,-4.339877937669883723e-01,-9.222635588794036998e-01,-2.721306299168025911e-01,-1.174666510471257808e-01,3.978042025593035713e-02,-2.490800458849043442e-01,-2.403312523654484167e-02,1.417694836485553500e-01,1.920187161467146408e+00,1.557847966386975980e+00,-1.914232027375285805e-01,1.517682525800562843e+00,-7.634178329217826686e-01,-6.466092488234528313e-01,5.812144159439646129e-01,-2.349101746856585571e+00,3.076856420399131320e+00,-2.013996890456641431e+00,-1.973101703018991016e+00,1.628144950047886730e-01,-7.544870114839522524e-01,2.732083584330703053e-16,-1.351178144268842862e+00,4.362573756869304376e+00,-2.322886744241295709e+00,-4.156387569624978018e-01,-8.496833838018982288e-01,-1.425129385543949967e+00,7.229838995925201850e-01
5.580000000000000515e-01,5.682900735280879134e-01,-7.453367722299701903e-01,-3.491000676766184085e+00,-3.091553768839752969e+00,5.682900735280879134e-01,1.784631032900880321e+00,-9.019514941387892781e-01,1.681466868327859077e+00,-5.088256394701174967e-01,-9.043552397421905642e-01,-2.677698622316400656e-01,-1.149687713634928166e-01,3.927049618274283671e-02,-2.439942924325311790e-01,-2.365324142052728854e-02,1.388450239685362908e-01,1.922261933680450063e+00,1.574114225246002974e+00,-1.686760119855366113e-01,1.399654720585824075e+00,-7.777063766688603330e-01,-6.378230196007752539e-01,5.653248960432568637e-01,-2.346237232350618207e+00,3.067187785154527724e+00,-2.010661864314073899e+00,-1.968750725889220066e+00,1.620457218045494585e-01,-7.529443216011642015e-01,-2.728792336522238942e-16,-1.328330538412358708e+00,4.373532148168890465e+00,-2.294306647663103327e+00,-5.298255091206531819e-01,-8.596549472968419980e-01,-1.414420582622466727e+00,7.041699200117929047e-01
5.590000000000000524e-01,5.777093240884966230e-01,-7.780461729876411159e-01,-3.649574590091617665e+00,-3.230158466606032341e+00,5.777093240884966230e-01,1.868375448499706604e+00,-9.359405500601680750e-01,1.732327175602867531e+00,-5.250168404465188621e-01,-8.997338154022661572e-01,-2.666970481348829858e-01,-1.143084491910919959e-01,3.915821485512782640e-02,-2.426645277240910559e-01,-2.356152132852035522e-02,1.380783771941357652e-01,1.917337526162407269e+00,1.540325324961114628e+00,-2.003540554509319060e-01,1.573474379727005212e+00,-7.622695523315794475e-01,-6.408045615675143081e-01,5.816119209935187717e-01,-2.353865327269843988e+00,3.074651692335224507e+00,-2.017062132115608364e+00,-1.974259415760030834e+00,1.624015735578210884e-01,-7.551108287174339573e-01,0.000000000000000000e+00,-1.336261616509702765e+00,4.348279969161455760e+00,-2.331724636757632307e+00,-3.616268211778977948e-01,-8.425325064978494982e-01,-1.419476911613468673e+00,7.196902981876545091e-01
5.600000000000000533e-01,5.642968617659817054e-01,-7.302660833116803030e-01,-3.822783959459532976e+00,-3.324985563649160536e+00,5.642968617659817054e-01,2.022730025154410249e+00,-9.918263597624802363e-01,1.782283945346382126e+00,-5.025329334818943172e-01,-9.366289899910260619e-01,-2.785387656547970714e-01,-1.187997030390578745e-01,4.100787196190387035e-02,-2.523830715526077517e-01,-2.460916121788956842e-02,1.435802718721790883e-01,1.927656739561941723e+00,1.557039249060024888e+00,-1.580437602134746600e-01,1.421534273070693910e+00,-7.834326417504022810e-01,-6.236517352151365046e-01,5.557406760729241002e-01,-2.354130395295473299e+00,3.071325022757229295e+00,-2.016016423719049655e+00,-1.973451426501736439e+00,1.618420478380817040e-01,-7.548670138399853347e-01,0.000000000000000000e+00,-1.363102645724557638e+00,4.349825506162456890e+00,-2.292859886971581940e+00,-5.109092814691386097e-01,-8.739736654649282732e-01,-1.403127910273011425e+00,6.993209479451032440e-01
5.610000000000000542e-01,5.289173102350678279e-01,-5.994882785651145518e-01,-4.004415611424900767e+00,-3.369545816118856951e+00,5.289173102350678279e-01,2.245192993538937198e+00,-1.067993918155082600e+00,1.830529422849658916e+00,-4.401764718936973519e-01,-1.018497946009545796e+00,-3.037706076533841504e-01,-1.289779044276462283e-01,4.484078481611580846e-02,-2.742050688340704756e-01,-2.684318421177023239e-02,1.559661441713592889e-01,1.917721524994323579e+00,1.565021313805918357e+00,-1.599998115263382148e-01,1.374985097770066833e+00,-7.796492129039096497e-01,-6.246456041157304462e-01,5.604234789449498155e-01,-2.331870214150807641e+00,3.037596397045731145e+00,-1.996146112394250993e+00,-1.953277809842840052e+00,1.598222626554464121e-01,-7.472440427338972180e-01,0.000000000000000000e+00,-1.432646635166029858e+00,4.298847103198266240e+00,-2.285123828348235797e+00,-5.334519272566573544e-01,-8.940320190825337132e-01,-1.398732831061397786e+00,7.163896231163091599e-01
5.620000000000000551e-01,4.688042902819624103e-01,-4.055872415746691884e-01,-4.192649754913500892e+00,-3.375874332810648859e+00,4.688042902819624103e-01,2.519183492120938173e+00,-1.158621922885896049e+00,1.876878520250547355e+00,-3.465392908933260241e-01,-1.124162629414158676e+00,-3.364062514670367321e-01,-1.421026861040013411e-01,4.979716578319263315e-02,-3.023549068763174974e-01,-2.973056560100839282e-02,1.719419705806555787e-01,1.891533561439283417e+00,1.562661056633367407e+00,-1.551040056979404169e-01,1.300512521051639059e+00,-7.730408313117365093e-01,-6.219633756063503993e-01,5.538490857261659794e-01,-2.311802036220907741e+00,3.006491486540458613e+00,-1.977961410319422964e+00,-1.934925413204034106e+00,1.578868657785281460e-01,-7.403071144680807292e-01,-1.479710415903805889e-16,-1.544431104195783000e+00,4.232746291706789066e+00,-2.275168102121364555e+00,-5.846157263692024486e-01,-9.175088724095258330e-01,-1.392001055675439414e+00,7.257910563068215026e-01
5.630000000000000560e-01,3.960156477252312346e-01,-2.027976471724335372e-01,-4.383410881315780827e+00,-3.376638355682119563e+00,3.960156477252312346e-01,2.802450937139242981e+00,-1.249095924169844052e+00,1.923906702023627791e+00,-2.474093325807843191e-01,-1.126668944303634845e+00,-3.382854976086869803e-01,-1.421323764874111162e-01,5.022602819554247006e-02,-3.027100491176988317e-01,-2.990425931992063066e-02,1.721063553023114978e-01,1.876882549257665289e+00,1.544673625026826702e+00,-1.758209906687697166e-01,1.361705754902372334e+00,-7.636150722343685304e-01,-6.228414319419770528e-01,5.608910237545001731e-01,-2.304038010668867376e+00,2.990186230710220716e+00,-1.970611254440811866e+00,-1.926372172807663041e+00,1.568123903910662309e-01,-7.371487951252062576e-01,0.000000000000000000e+00,-1.553824405714836931e+00,4.196574358128360771e+00,-2.288564621596992588e+00,-5.144403897097482581e-01,-9.095127309610011590e-01,-1.389894486387103889e+00,7.329973790568116154e-01
5.640000000000000568e-01,3.274139593226331746e-01,-3.061435747969976084e-02,-4.572005103019722405e+00,-3.398626604677355445e+00,3.274139593226331746e-01,3.058350062190649421e+00,-1.327920209171226995e+00,1.975352169624371212e+00,-1.626046506647510215e-01,-1.035604245802200118e+00,-3.112871469399124957e-01,-1.305566170168148132e-01,4.626400684578955980e-02,-2.781465610649351827e-01,-2.752014639668386858e-02,1.581292587215170631e-01,1.885314678503306363e+00,1.561396291878563325e+00,-1.850010737405848038e-01,1.346414504053577765e+00,-7.695757173563327891e-01,-6.289940207238333691e-01,5.679244695645258023e-01,-2.279233144679506218e+00,2.955998986185388588e+00,-1.949154573963949089e+00,-1.904981528609320351e+00,1.549442975775809084e-01,-7.290005246751576351e-01,-2.650959529568305804e-16,-1.429522711978399974e+00,4.206108131124039140e+00,-2.264712264721348678e+00,-5.123030177099530125e-01,-8.927779808436870912e-01,-1.385514691795674880e+00,7.260537282860426433e-01
5.650000000000000577e-01,2.728594476304520011e-01,7.310315878245532417e-02,-4.754915025538257289e+00,-3.459916883868790816e+00,2.728594476304520011e-01,3.262443275925749120e+00,-1.387011035403419301e+00,2.029722497127889991e+00,-1.098994150037130024e-01,-1.359446151167623240e+00,-4.099351445796898807e-01,-1.710798132485579492e-01,6.108384298505935284e-02,-3.647797634647109710e-01,-3.624574083868549457e-02,2.073394967739052019e-01,1.834094986660312010e+00,1.509171329374833670e+00,-2.024690527877608948e-01,1.463573885466538771e+00,-7.321795676060366409e-01,-6.309907540028656392e-01,5.726412172408165135e-01,-2.284094818489578405e+00,2.957193352963516819e+00,-1.952456767735985643e+00,-1.907449968958321973e+00,1.547549490062473942e-01,-7.300285366813207277e-01,2.656630342264956110e-16,-1.809445982996889635e+00,4.056429537758661219e+00,-2.326005633772304737e+00,-3.827922405067238354e-01,-9.422043820645001899e-01,-1.397265031522871848e+00,7.799807140147219098e-01
5.660000000000000586e-01,2.468802368923274648e-01,8.426300373597839233e-02,-4.924619847111311621e+00,-3.573692828814849509e+00,2.468802368923274648e-01,3.389351037829891666e+00,-1.416138250680978983e+00,2.089876414402744853e+00,-1.018917765574366696e-01,-1.367116068878580837e+00,-4.134277619493501033e-01,-1.717677507350182931e-01,6.175673906978906141e-02,-3.665206596221111668e-01,-3.656159563129865453e-02,2.082904603288315837e-01,1.819303563195678874e+00,1.513686424772685113e+00,-2.056432901303403837e-01,1.433117424769782211e+00,-7.301747425916036427e-01,-6.382498423339193483e-01,5.689943376694710508e-01,-2.266043132159618612e+00,2.928968221078316336e+00,-1.936341207422644484e+00,-1.890806560721741914e+00,1.530704990437631585e-01,-7.237513756668157994e-01,0.000000000000000000e+00,-1.813855637842520574e+00,4.029226883901650957e+00,-2.313752248288003077e+00,-3.959323968821706341e-01,-9.436249031699517342e-01,-1.398562813632033608e+00,7.772847979983026345e-01
5.670000000000000595e-01,2.450031519691658610e-01,2.121860696318034201e-02,-5.082073396726668690e+00,-3.728457968404342626e+00,2.450031519691658610e-01,3.453479610022413659e+00,-1.418545600510237481e+00,2.155586979347225096e+00,-1.298640693221787823e-01,-1.371967700865601048e+00,-4.162608270252898257e-01,-1.720772436592596932e-01,6.234516376320159425e-02,-3.674742268075594231e-01,-3.681681085361188099e-02,2.087892231077977667e-01,1.800321314646872617e+00,1.527850636523044869e+00,-1.995296909039846467e-01,1.353533264354582100e+00,-7.299586618214040090e-01,-6.491982134072947774e-01,5.594306359955210084e-01,-2.240719770504715935e+00,2.891593068317499071e+00,-1.913704551610390547e+00,-1.868295544293494537e+00,1.508221094508948590e-01,-7.152126360345645306e-01,0.000000000000000000e+00,-1.812366156723444366e+00,4.003182877815254948e+00,-2.285311486173634776e+00,-4.524171161757108428e-01,-9.466107791780686842e-01,-1.401227660295471189e+00,7.682198591033188029e-01
5.680000000000000604e-01,2.491265101058994236e-01,-6.204457285205045025e-02,-5.239672253071859132e+00,-3.896654501087233324e+00,2.491265101058994236e-01,3.503440958227800106e+00,-1.408241524175146475e+00,2.228035509016524252e+00,-1.676148253910949293e-01,-1.303892416338191973e+00,-3.969518453089218024e-01,-1.632062850407595134e-01,5.962117787836964528e-02,-3.488785844384600932e-01,-3.511631724791691722e-02,1.981796762169096282e-01,1.792931847137537282e+00,1.560993929822878101e+00,-1.812892907191810954e-01,1.169087783198425212e+00,-7.357586660915119703e-01,-6.447327228522753417e-01,5.578950156864779242e-01,-2.216888007965873264e+00,2.855982981975031088e+00,-1.892354096774458760e+00,-1.846999939225812293e+00,1.486527826207048320e-01,-7.071344018302485601e-01,0.000000000000000000e+00,-1.727848577166527955e+00,4.020025066488987164e+00,-2.236849672534399591e+00,-6.182909781490174561e-01,-9.359844679092672592e-01,-1.386983441930440764e+00,7.560746919033876079e-01
5.690000000000000613e-01,2.439116958583601447e-01,-1.143126118689119508e-01,-5.410159891355850625e+00,-4.056043001015122940e+00,2.439116958583601447e-01,3.582096117803664548e+00,-1.397597702897736882e+00,2.310342330666621979e+00,-1.906547296210930054e-01,-1.290992389605847279e+00,-3.934703310245903918e-01,-1.614845144959572709e-01,5.915284192970778065e-02,-3.453102094382305420e-01,-3.481044649141217667e-02,1.961382773381885047e-01,1.787743433953587369e+00,1.585075020599899576e+00,-1.672855202719812917e-01,1.053829152949331771e+00,-7.411770668338210077e-01,-6.482254696508463754e-01,5.516546607291319404e-01,-2.192456700853759433e+00,2.822905051378799879e+00,-1.871168510821057840e+00,-1.826181733997126466e+00,1.468296671978991108e-01,-6.991878898409996657e-01,0.000000000000000000e+00,-1.695705656506019343e+00,4.014509740954109063e+00,-2.199938545588996153e+00,-7.131997391180868728e-01,-9.396576090741524112e-01,-1.382223805983258114e+00,7.477929380673205007e-01
5.700000000000000622e-01,2.179319448538954707e-01,-1.042707767956285725e-01,-5.598638578213479988e+00,-4.184869837061694575e+00,2.179319448538954707e-01,3.720549794211206240e+00,-1.397795182160862737e+00,2.398249220539845794e+00,-1.831438552677394915e-01,-1.193994400300180114e+00,-3.650681516488668010e-01,-1.490739819199013438e-01,5.501480218357140267e-02,-3.190601107387101010e-01,-3.230094929325057207e-02,1.811909759495125283e-01,1.784988345807709820e+00,1.565186584769262090e+00,-1.498330361212510953e-01,1.036299929996060687e+00,-7.448389118810506693e-01,-6.290775984186451897e-01,5.375894486178598441e-01,-2.211984495685822782e+00,2.844869756277208506e+00,-1.886593814965382032e+00,-1.841669427013440385e+00,1.475797236155864944e-01,-7.051536833784793901e-01,-3.966322799031512821e-16,-1.620990550178293077e+00,4.044988189397603406e+00,-2.185500833006534638e+00,-7.503546948338083444e-01,-9.163192990041743036e-01,-1.366532231090375360e+00,7.187804245673719006e-01
5.710000000000000631e-01,1.751591490970588749e-01,-6.558138013366576757e-03,-5.806269027336891320e+00,-4.268095172083320676e+00,1.751591490970588749e-01,3.936517068300980249e+00,-1.415590926562801943e+00,2.492402197849895806e+00,-1.341003086312263504e-01,-1.151917204361700975e+00,-3.532306769328283358e-01,-1.435789279466773982e-01,5.335439536919571457e-02,-3.075551540223461222e-01,-3.125802628345499684e-02,1.746246252752452210e-01,1.781056308180592129e+00,1.600570641967128616e+00,-1.324793205936521112e-01,8.954678201702710449e-01,-7.529520758033980687e-01,-6.386327458385190337e-01,5.306825907576110390e-01,-2.171618466542262649e+00,2.789889196826881523e+00,-1.851082225456826214e+00,-1.807315029799250850e+00,1.443898529421655252e-01,-6.920402122035783643e-01,0.000000000000000000e+00,-1.542479362723371494e+00,4.037229161861182192e+00,-2.127140473997155556e+00,-8.584928142597840761e-01,-9.161173768835786380e-01,-1.361930984325552485e+00,7.053072160328562878e-01
5.720000000000000639e-01,1.162406221461317612e-01,1.756778166317298773e-01,-6.041911808031336761e+00,-4.313851775053751503e+00,1.162406221461317612e-01,4.233939519425211628e+00,-1.453331555679391096e+00,2.595030599181485709e+00,-4.474175977628733203e-02,-1.302109976720354778e+00,-4.006198814537220709e-01,-1.620042554205796126e-01,6.066247444005661710e-02,-3.473301057590298946e-01,-3.545456987975049989e-02,1.971666781560013348e-01,1.759633002684458214e+00,1.611793707745641679e+00,-1.202578707831637450e-01,7.962033041905054453e-01,-7.531899023257543346e-01,-6.456645716401102630e-01,5.170629489537379442e-01,-2.136127825246089351e+00,2.741053924842443035e+00,-1.819551530218064483e+00,-1.777040739467449448e+00,1.414744394690512774e-01,-6.804817630411573726e-01,-2.484240128192310237e-16,-1.678604799281985915e+00,3.952227751134362421e+00,-2.101813656421807508e+00,-9.201749608368874345e-01,-9.590455686157329795e-01,-1.361600904561018233e+00,7.142296271097390292e-01
5.730000000000000648e-01,4.655849699716085865e-02,4.108505505728137219e-01,-6.306562211534079587e+00,-4.343464345014606209e+00,4.655849699716085865e-02,4.590843341526962718e+00,-1.505105134039519177e+00,2.707598022332099674e+00,7.012373637125057790e-02,-1.290775134180358386e+00,-3.984781322407443538e-01,-1.602690964577258570e-01,6.049001745425642423e-02,-3.439575990855052168e-01,-3.526966340680028761e-02,1.952090311684868684e-01,1.744837424164368045e+00,1.617848988829271084e+00,-1.194873150382054494e-01,7.364372556913068024e-01,-7.529240508836294588e-01,-6.488140819668574144e-01,5.125411076072896588e-01,-2.103332930277298729e+00,2.695014287356839677e+00,-1.790507383567649713e+00,-1.748731774521222748e+00,1.387532723908348753e-01,-6.696821607190841519e-01,0.000000000000000000e+00,-1.649270640293289070e+00,3.914385143945366075e+00,-2.070263795063580936e+00,-9.518045013756595285e-01,-9.581283775782998280e-01,-1.353765906092742055e+00,7.077501387757765272e-01
5.740000000000000657e-01,-2.593645551117083892e-02,6.755350353972164879e-01,-6.587785473999489660e+00,-4.368040527810999940e+00,-2.593645551117083892e-02,4.977498064579071624e+00,-1.563674397474231537e+00,2.827728953771815767e+00,1.987895589417577602e-01,-1.312066289943503161e+00,-4.055187522850878801e-01,-1.628058161578606611e-01,6.160926135101010837e-02,-3.495150871504961176e-01,-3.589370440307469712e-02,1.983484654312395734e-01,1.726835198284121686e+00,1.621056227981931608e+00,-1.000014190171101963e-01,6.502599153563882739e-01,-7.497528297784077367e-01,-6.473344385398630552e-01,5.000576243230225870e-01,-2.073283869119988854e+00,2.655368305464683054e+00,-1.764507938181654634e+00,-1.723486173439493063e+00,1.365841704201505302e-01,-6.600231141254524481e-01,-1.112674326166602763e-16,-1.658514960779370329e+00,3.870905781161526615e+00,-2.027315173356625255e+00,-1.011616996732094487e+00,-9.626837465087534351e-01,-1.343251257068390103e+00,6.984060897542621049e-01
5.750000000000000666e-01,-9.797883848840317766e-02,9.307334012509020926e-01,-6.867753086610629332e+00,-4.394428380270454682e+00,-9.797883848840317766e-02,5.359225348268861211e+00,-1.622607580255089443e+00,2.945798084671555017e+00,3.235263013689998468e-01,-1.317929639069896464e+00,-4.085959769458334390e-01,-1.632294316401116108e-01,6.222108585379375334e-02,-3.507499484118959954e-01,-3.617148098749166374e-02,1.990083558106614525e-01,1.703466905734778880e+00,1.597044547514018920e+00,-1.284330177555923769e-01,7.445365153945058267e-01,-7.322133222399415109e-01,-6.553265987170870943e-01,5.105780887618251995e-01,-2.047473319871539577e+00,2.618782479767980842e+00,-1.741547726119597295e+00,-1.701113111380150089e+00,1.343908944125731253e-01,-6.514949129525332561e-01,2.380956299294114063e-16,-1.661936053206657160e+00,3.807231050336166156e+00,-2.033210175515301366e+00,-8.943555101318505507e-01,-9.485723762392643810e-01,-1.342992992657111806e+00,7.095864445724868741e-01
5.760000000000000675e-01,-1.456691529755924641e-01,1.101762492499823054e+00,-7.129293631794721975e+00,-4.463790384632757124e+00,-1.456691529755924641e-01,5.667034822575943487e+00,-1.661769712576479208e+00,3.061450545648840116e+00,4.076975702135466895e-01,-1.436025216256834991e+00,-4.464962197442322589e-01,-1.775538358017045293e-01,6.814560903859895324e-02,-3.818570167633068557e-01,-3.953376975196176701e-02,2.166163860039951317e-01,1.662605237129158864e+00,1.575977107325481796e+00,-1.391363639190766888e-01,8.069228256537708255e-01,-7.016399631162311135e-01,-6.709979817961804205e-01,5.167266813935189607e-01,-2.016124076100350049e+00,2.575084115233098991e+00,-1.714062796587268567e+00,-1.674088831214881834e+00,1.318945779098114890e-01,-6.411986359157774151e-01,2.344456055192354914e-16,-1.789544055228026176e+00,3.704565002814348418e+00,-2.030752996308049507e+00,-7.990203965225119997e-01,-9.516024019697264524e-01,-1.351730387463919492e+00,7.333430673975143144e-01
5.769999999999999574e-01,-1.424526455212776210e-01,1.119596199176158491e+00,-7.366561024208213126e+00,-4.617676938314525081e+00,-1.424526455212776210e-01,5.847801011145254080e+00,-1.664703550556296596e+00,3.177772982620650666e+00,4.173960521056061523e-01,-1.585270431142818515e+00,-4.944464625157767856e-01,-1.956486796907337400e-01,7.565941513423719844e-02,-4.211538930218207688e-01,-4.379197493776207373e-02,2.388576294424600843e-01,1.639977792421543956e+00,1.526411610707014033e+00,-1.708967105841054102e-01,1.064977166554303745e+00,-6.704365791046982270e-01,-6.881492349438365075e-01,5.291047085099758185e-01,-2.015672963267435946e+00,2.569867280813859178e+00,-1.712988795536178888e+00,-1.672310072761163724e+00,1.314091854141920257e-01,-6.406125133996615206e-01,-2.343951491885667355e-16,-1.960965601988710505e+00,3.601832429005096259e+00,-2.079534185811017899e+00,-5.316734910726227392e-01,-9.601812867123269424e-01,-1.372553723281259908e+00,7.679623379524356253e-01
5.779999999999999583e-01,-6.702486290514883538e-02,9.500509415372189181e-01,-7.576899637139938193e+00,-4.878762876064461018e+00,-6.702486290514883538e-02,5.874493825168456418e+00,-1.623171733016594009e+00,3.298076901717879927e+00,3.349141752053493848e-01,-1.677688524513833102e+00,-5.249664460610035110e-01,-2.066535285040281278e-01,8.053378051192019993e-02,-4.452790384563868886e-01,-4.650660957859674427e-02,2.524848262705116086e-01,1.628459797037777435e+00,1.528996442479027662e+00,-2.013139020988947148e-01,1.153620742585562464e+00,-6.603678662182037584e-01,-7.140034145862915738e-01,5.415899487636485210e-01,-1.980082040854787451e+00,2.519441840939322219e+00,-1.682096213778446980e+00,-1.641276563325211102e+00,1.286320936842943186e-01,-6.288079877856513900e-01,-2.302541861632916435e-16,-2.029310768330843118e+00,3.523471837357346814e+00,-2.090063644381369823e+00,-4.071220402277284656e-01,-9.770148109902963007e-01,-1.389318011950539722e+00,7.940747750341599076e-01
5.789999999999999591e-01,7.187269628594677995e-02,6.344519643458728098e-01,-7.764102145987978432e+00,-5.229416139168225897e+00,7.187269628594677995e-02,5.773821808109802944e+00,-1.545018681753098644e+00,3.423037781685445147e+00,1.796242018654828354e-01,-1.675309473661664939e+00,-5.248167615369425665e-01,-2.062274952845977449e-01,8.057114081149524543e-02,-4.445048979340144868e-01,-4.649414542454689825e-02,2.520273915874292614e-01,1.633883348700129190e+00,1.547801075558213002e+00,-1.767673760464901489e-01,1.009864452145441627e+00,-6.817944000911293490e-01,-7.043322662884635710e-01,5.196221053871057372e-01,-1.966170917492262360e+00,2.500687753656980039e+00,-1.669882034183148400e+00,-1.629520232775839572e+00,1.275544816505457257e-01,-6.243099958570675900e-01,1.219017534487629356e-16,-2.007597042453798331e+00,3.523672067678250919e+00,-2.052876905514236405e+00,-5.390846398189026445e-01,-9.987448163745981100e-01,-1.375136407570078045e+00,7.716494969745351096e-01
5.799999999999999600e-01,2.369035489671136863e-01,2.455790219776980976e-01,-7.934033166662127101e+00,-5.611682164459638855e+00,2.369035489671136863e-01,5.614108533936244427e+00,-1.452504575735273695e+00,3.544122627272588311e+00,-1.155189416418142545e-02,-1.820069225677036329e+00,-5.718240880477438726e-01,-2.236491796394530218e-01,8.799455865926016085e-02,-4.824874490579322273e-01,-5.067298476889151027e-02,2.735074792952259526e-01,1.614047103791851789e+00,1.550509748794148823e+00,-2.084375504803045176e-01,1.073815131171295567e+00,-6.604057436444069618e-01,-7.253281467995752463e-01,5.444412178000154201e-01,-1.931775343634806852e+00,2.452202713899285236e+00,-1.640175386180649841e+00,-1.599555853830135321e+00,1.249238870999680728e-01,-6.129150547512675073e-01,-1.194390483292582485e-16,-2.137797465519991391e+00,3.430888374645690853e+00,-2.072262116300407353e+00,-4.377461639995796072e-01,-1.017969305602371088e+00,-1.388916186319734347e+00,8.179486970952412062e-01
5.809999999999999609e-01,4.167824212635006242e-01,-1.985832454426179616e-01,-8.084623027564514786e+00,-6.019895454269388324e+00,4.167824212635006242e-01,5.400131806063969364e+00,-1.347107265524082553e+00,3.660105176396280413e+00,-2.297512543224576320e-01,-1.763547410312735098e+00,-5.555594008530068129e-01,-2.163272833714497412e-01,8.566416769201198878e-02,-4.671123468019203751e-01,-4.924190946488295889e-02,2.647420848768753388e-01,1.628398534533259889e+00,1.566092033238888792e+00,-2.173170736107820633e-01,1.046774436450764290e+00,-6.816554565244506980e-01,-7.287413336264001451e-01,5.374290884452653794e-01,-1.917666805038408917e+00,2.430656988396262097e+00,-1.627573523986669768e+00,-1.586845947403295431e+00,1.236230754235522339e-01,-6.080954146284248685e-01,0.000000000000000000e+00,-2.052815680817884125e+00,3.441189620782143965e+00,-2.061217880968901461e+00,-4.544073432605191254e-01,-1.025144727902818964e+00,-1.386078657719708174e+00,8.021711733221407181e-01
5.819999999999999618e-01,5.999343384954116676e-01,-6.704997313759633037e-01,-8.222000542624126496e+00,-6.436912035403427268e+00,5.999343384954116676e-01,5.159169144461651868e+00,-1.238456519077280049e+00,3.769228608674225267e+00,-4.612394988693483411e-01,-1.623950533389766804e+00,-5.131060122981843108e-01,-1.988103403757497667e-01,7.930877945066923396e-02,-4.297317330823272608e-01,-4.549446887593776301e-02,2.435041344069928393e-01,1.643488499715633600e+00,1.575129882663390157e+00,-2.272841476684822337e-01,1.055626683026021473e+00,-6.944380839531759664e-01,-7.294837531802013109e-01,5.398044255175271644e-01,-1.913239528681947466e+00,2.420700132937436244e+00,-1.623230801526236444e+00,-1.581887559546042654e+00,1.229142370032845211e-01,-6.062762144974584988e-01,1.047370630318768814e-16,-1.893701562356080670e+00,3.482724003302641869e+00,-2.049325289570468556e+00,-4.469520970693519613e-01,-1.001255580032218706e+00,-1.381254436553597476e+00,7.833085599245200870e-01
5.829999999999999627e-01,7.694877379810776130e-01,-1.107791649941662904e+00,-8.357902005817511082e+00,-6.829698801053966761e+00,7.694877379810776130e-01,4.943373601641985360e+00,-1.144291619299855789e+00,3.870650653271534569e+00,-6.757505890701962503e-01,-1.535673151048177587e+00,-4.867338638200399137e-01,-1.876116583987337549e-01,7.541188497287239223e-02,-4.059745075932846836e-01,-4.316862178835549624e-02,2.299911980147607837e-01,1.640045979112370933e+00,1.598737019762503708e+00,-2.240126477058584642e-01,9.562826437725707729e-01,-7.020148357490864077e-01,-7.337861124904643262e-01,5.380700424210765886e-01,-1.889764964631100330e+00,2.386737680824157604e+00,-1.602627428422666922e+00,-1.561285149150968277e+00,1.209605062208834875e-01,-5.984431927444002763e-01,0.000000000000000000e+00,-1.785392136566906984e+00,3.498740836766621509e+00,-2.014251734527259252e+00,-5.295906204055250699e-01,-9.870288371214875900e-01,-1.375397927023220168e+00,7.680612404358373446e-01
5.839999999999999636e-01,9.228341010291639668e-01,-1.496890491045959726e+00,-8.492177438418970326e+00,-7.192249505348410565e+00,9.228341010291639668e-01,4.757026995991461504e+00,-1.065417271503313446e+00,3.964629036542403284e+00,-8.666918977764975773e-01,-1.562725128033422450e+00,-4.958145848197290095e-01,-1.907869490617135622e-01,7.688171998426285292e-02,-4.129919156526216661e-01,-4.397931157195621166e-02,2.339493156371226512e-01,1.628746204763159344e+00,1.565883832009820287e+00,-2.430768418311234913e-01,1.134753747350196296e+00,-6.793693674600127519e-01,-7.423890177523936318e-01,5.497027533002480926e-01,-1.897648949876203917e+00,2.394925720366074540e+00,-1.609183391238117267e+00,-1.567245445573218099e+00,1.213287008594011590e-01,-6.007618246294574860e-01,0.000000000000000000e+00,-1.831627873146467023e+00,3.464994967556165761e+00,-2.043047182130954376e+00,-3.556099782387589503e-01,-9.710325822532333007e-01,-1.387130153953807232e+00,7.836520689373707160e-01
5.849999999999999645e-01,1.057722201780700866e+00,-1.840453290094751004e+00,-8.616858145534189717e+00,-7.515342536906102211e+00,1.057722201780700866e+00,4.599689029298530407e+00,-1.005033805501732491e+00,4.044288747520634608e+00,-1.035030522986736923e+00,-1.329626607026306528e+00,-4.230747966903454782e-01,-1.620319065541336867e-01,6.574667965218033983e-02,-3.510819649231519124e-01,-3.753747407275351278e-02,1.988383481743714598e-01,1.627769881085729287e+00,1.577681052190703204e+00,-2.240389623394809238e-01,1.004515957914678070e+00,-6.997580273604161460e-01,-7.339071559939628342e-01,5.258468683594703652e-01,-1.890871927742504122e+00,2.383670203436397905e+00,-1.602518023621685606e+00,-1.561013025294379908e+00,1.204545476566779294e-01,-5.984168857587446322e-01,0.000000000000000000e+00,-1.592728653683081363e+00,3.538276458936755908e+00,-1.988588892515300355e+00,-4.907503877275214976e-01,-9.303854446268901013e-01,-1.369861515825460785e+00,7.246852165338417695e-01
5.859999999999999654e-01,1.162083226460102425e+00,-2.090210128356829511e+00,-8.733398999321419609e+00,-7.767592926689023791e+00,1.162083226460102425e+00,4.506188698588251995e+00,-9.728562554510328253e-01,4.108309711489982696e+00,-1.157613098057549195e+00,-1.203864878859321585e+00,-3.840665990680885433e-01,-1.464410128648980514e-01,5.980909046750851332e-02,-3.176108068657581551e-01,-3.408710484987725886e-02,1.798471225748127234e-01,1.618350957462745265e+00,1.586897050502734219e+00,-2.214122176482234972e-01,9.445654634984439468e-01,-6.994970704997259814e-01,-7.360149444515425854e-01,5.248950068627016297e-01,-1.873682519435264648e+00,2.358908811829612873e+00,-1.587274272006335307e+00,-1.546007621145271793e+00,1.189700688643016563e-01,-5.927166374017333039e-01,1.144717089353384100e-16,-1.459196440831840968e+00,3.561739263264258160e+00,-1.955127502519456995e+00,-5.416330671793193607e-01,-8.981378085011825219e-01,-1.362818686703153093e+00,7.047421294375144640e-01
5.869999999999999662e-01,1.222674127733190286e+00,-2.223808550308318033e+00,-8.844753153821510949e+00,-7.935166563889071156e+00,1.222674127733190286e+00,4.495343638009986265e+00,-9.745972540026307529e-01,4.155100349329181597e+00,-1.222972596244813470e+00,-1.149604251045666325e+00,-3.678574183180341461e-01,-1.395502397409680295e-01,5.742127862665500487e-02,-3.030048126594963032e-01,-3.266080190032343011e-02,1.715384455553304599e-01,1.578457797394697826e+00,1.564461295179536249e+00,-2.152502346696117397e-01,8.975319740919320832e-01,-6.842713043102917059e-01,-7.295178107927815514e-01,5.133068150955895081e-01,-1.870347141449227202e+00,2.350936688576136024e+00,-1.583742758741445655e+00,-1.542219937626522430e+00,1.183198211671546846e-01,-5.913319912147954049e-01,0.000000000000000000e+00,-1.441493595100195702e+00,3.547540565437637738e+00,-1.938543233152025369e+00,-5.872666849079353213e-01,-8.689562958026333384e-01,-1.353510603907900345e+00,6.848452606509199958e-01
5.879999999999999671e-01,1.239564016812331859e+00,-2.259845819998208327e+00,-8.937155280835757054e+00,-8.021619405679967230e+00,1.239564016812331859e+00,4.542385909888372097e+00,-1.001909563138132508e+00,4.181082765278587132e+00,-1.239830387885141771e+00,-1.018553615220146202e+00,-3.269343334421181968e-01,-1.233684545435296681e-01,5.115211499769368314e-02,-2.681873949770500198e-01,-2.903792250932142258e-02,1.517921864933780007e-01,1.548492532800495036e+00,1.535859140276613743e+00,-2.134173314967413582e-01,8.655568313941417458e-01,-6.756357598981901358e-01,-7.136345034310872526e-01,5.023922183185294266e-01,-1.880707426025516993e+00,2.360150550764397615e+00,-1.591756375805837509e+00,-1.549718423565334513e+00,1.185118277071137566e-01,-5.942670470324900034e-01,2.186679737992874194e-16,-1.350768508445168159e+00,3.569075357598893383e+00,-1.928542161846108494e+00,-6.330094771734990911e-01,-8.253113271681263852e-01,-1.336939472972898502e+00,6.541844048119076493e-01
5.889999999999999680e-01,1.226421841962578752e+00,-2.244317441322929874e+00,-8.995762613178529321e+00,-8.050890401387198025e+00,1.226421841962578752e+00,4.598246352136692749e+00,-1.037931718423284355e+00,4.186415411712357759e+00,-1.230736709814804319e+00,-9.413619141861548911e-01,-3.024507923654730090e-01,-1.139327647272168620e-01,4.736047016996616094e-02,-2.477785980358691298e-01,-2.686792729644055938e-02,1.402302067742128011e-01,1.563320070024226238e+00,1.539159556846634302e+00,-2.408137463650082133e-01,1.010033475410948345e+00,-6.680432988425942797e-01,-7.327963270708406363e-01,5.260732275941157887e-01,-1.869261732454487568e+00,2.344110030263339972e+00,-1.581956195520324515e+00,-1.539764743736582675e+00,1.176552685291027828e-01,-5.904842759079820258e-01,1.135513443871624560e-16,-1.247303576616416221e+00,3.580818794744501155e+00,-1.936702706612549507e+00,-4.823707981556681901e-01,-7.981666283493605851e-01,-1.350148530275263159e+00,6.663034343683287286e-01
5.899999999999999689e-01,1.198939960348129663e+00,-2.237391028537323301e+00,-9.012170607405533218e+00,-8.053300470718671278e+00,1.198939960348129663e+00,4.622714483924566409e+00,-1.071485980237928182e+00,4.168926181390481212e+00,-1.224693747085094486e+00,-8.866695943230522570e-01,-2.856941449641483000e-01,-1.071111655389067469e-01,4.483457151714920902e-02,-2.331694068934641317e-01,-2.538853923526697073e-02,1.319339110145701655e-01,1.518090419067658736e+00,1.485477941408816172e+00,-2.331762220510687211e-01,1.032294568229905618e+00,-6.501453512072761232e-01,-7.159700199363789874e-01,5.032120504444073106e-01,-1.902559865404183981e+00,2.382559754853789347e+00,-1.609380344542202357e+00,-1.566272664541950910e+00,1.193185119880600387e-01,-6.007197139649317341e-01,3.365483390683613048e-16,-1.271139040659577502e+00,3.582343551298457385e+00,-1.949667732132177811e+00,-4.891435247948960896e-01,-7.639962461126802440e-01,-1.342078273136577682e+00,6.351459614589778369e-01
5.909999999999999698e-01,1.164746864487850475e+00,-2.231897090056309096e+00,-8.977286098984860629e+00,-8.018884309751708628e+00,1.164746864487850475e+00,4.611997913100839952e+00,-1.098494147737269389e+00,4.129137075469943241e+00,-1.219343126616737383e+00,-9.676519107000719488e-01,-3.127255739641375820e-01,-1.166497366577752270e-01,4.919174748831735278e-02,-2.542183886686160132e-01,-2.780223393855230096e-02,1.438112342195775051e-01,1.493091761958533770e+00,1.470244530784881043e+00,-2.333742360277258621e-01,1.042421619615079731e+00,-6.399156955002294200e-01,-7.199654450617857249e-01,4.946849703013517230e-01,-1.911061300348790626e+00,2.389315085713648035e+00,-1.615864581041324133e+00,-1.572184892414260959e+00,1.194008656691179227e-01,-6.030648353061767164e-01,0.000000000000000000e+00,-1.385621449090328916e+00,3.546834042534391607e+00,-1.965888553726825139e+00,-4.805715253108638896e-01,-7.747332184997275384e-01,-1.350832514306514742e+00,6.384962045209292558e-01
5.919999999999999707e-01,1.120282840069719787e+00,-2.195494444453029992e+00,-8.899033764943862224e+00,-7.932713050172555569e+00,1.120282840069719787e+00,4.591847282832596910e+00,-1.124074182469926075e+00,4.071118370568366451e+00,-1.199493370524712832e+00,-9.160234690391677592e-01,-2.968171123029259006e-01,-1.102197157837233044e-01,4.678317376210560513e-02,-2.404469445606449984e-01,-2.639751796846954643e-02,1.359933434570718691e-01,1.498816134109256071e+00,1.480999989544519835e+00,-2.400826376970818521e-01,9.972921584713042575e-01,-6.535438997671898509e-01,-7.189511262388613710e-01,4.916914523936840031e-01,-1.915621945929559589e+00,2.391761844390247305e+00,-1.619061835876288713e+00,-1.575048363651578631e+00,1.192832898415573800e-01,-6.042239576722950867e-01,0.000000000000000000e+00,-1.332829280859471277e+00,3.575944721631841183e+00,-1.969364189357093897e+00,-5.309730314181687616e-01,-7.747075544862774832e-01,-1.349572601879625910e+00,6.276847958507558722e-01
5.929999999999999716e-01,1.059133935182034136e+00,-2.106669268423325025e+00,-8.796082573316812869e+00,-7.792393605654179822e+00,1.059133935182034136e+00,4.592137404051279681e+00,-1.155827806325638862e+00,4.000805294676084145e+00,-1.154496040137927393e+00,-7.403910055174586224e-01,-2.406205673619723484e-01,-8.889541936679984380e-02,3.800367721299166557e-02,-1.941522078264433515e-01,-2.140664055550988917e-02,1.097847905073722902e-01,1.489545651407742088e+00,1.469028257345984523e+00,-2.401713349800942976e-01,9.463911726960733128e-01,-6.623109434996343747e-01,-7.051973573317117383e-01,4.785056843996943199e-01,-1.937809383167913069e+00,2.416174807892347509e+00,-1.636945388812018898e+00,-1.592463546736126112e+00,1.201918237113062116e-01,-6.109479633822608724e-01,-1.167317097367786749e-16,-1.188654737277629714e+00,3.644582497876359461e+00,-1.966012143158913039e+00,-6.080686968270611059e-01,-7.362713276147715424e-01,-1.337551961269482392e+00,5.882904749070665407e-01
5.939999999999999725e-01,9.808852895464775790e-01,-1.959993193990666072e+00,-8.683311667603609507e+00,-7.607583090884872945e+00,9.808852895464775790e-01,4.622353767564018057e+00,-1.194058355863606868e+00,3.926302140208377978e+00,-1.081863714531243525e+00,-7.081243612307008828e-01,-2.303575052331519601e-01,-8.495922634935509921e-02,3.640807321050889417e-02,-1.856297289477711887e-01,-2.049612152802877257e-02,1.049577640835058362e-01,1.493600137887085566e+00,1.487518911042098990e+00,-2.471192124328274731e-01,9.160946865681915963e-01,-6.662783828163227895e-01,-7.135513962033113167e-01,4.852955668601770522e-01,-1.929978106842337837e+00,2.405111022867811865e+00,-1.630100910889593413e+00,-1.585675474360073389e+00,1.195563516596617332e-01,-6.083624226567054816e-01,-2.243829515858560717e-16,-1.144502330185953154e+00,3.662272428676758729e+00,-1.962179349671775874e+00,-6.331727145813729196e-01,-7.323517601044322589e-01,-1.342409940388045619e+00,5.902533309436827080e-01
5.949999999999999734e-01,8.841979547754077462e-01,-1.766451506867538601e+00,-8.573622741191247343e+00,-7.390777728368126631e+00,8.841979547754077462e-01,4.690816816317175508e+00,-1.242019660435761175e+00,3.849484303459156820e+00,-9.859996769706069752e-01,-5.961885966837539019e-01,-1.944834657313940229e-01,-7.138236355944566069e-02,3.079799621454927527e-02,-1.561375717736151469e-01,-1.731026633424151071e-02,8.826331277345671189e-02,1.494630830513922204e+00,1.462869153897788932e+00,-2.448755590761177436e-01,8.986743781398699449e-01,-6.778704187682369486e-01,-6.879700377203207262e-01,4.720379513230020252e-01,-1.971619290421892323e+00,2.454549560752930404e+00,-1.664298426277412313e+00,-1.619327069162688204e+00,1.216632483462594949e-01,-6.213103937333507298e-01,2.292210038184730497e-16,-1.073177056591724021e+00,3.722935248919325701e+00,-1.980556348912975828e+00,-6.898546948082689978e-01,-7.123447421955926284e-01,-1.326590697787912942e+00,5.603012640964589730e-01
5.959999999999999742e-01,7.724312098338340649e-01,-1.500682170314210362e+00,-8.472190171600505693e+00,-7.130228388850419208e+00,7.724312098338340649e-01,4.815588894714199597e+00,-1.304768831847840982e+00,3.773504425973088328e+00,-8.556085531199396632e-01,-5.598930333343506982e-01,-1.831174385032221519e-01,-6.690739085708735656e-02,2.904444197904567510e-02,-1.465035792491913291e-01,-1.630219429143411197e-02,8.280091497682412482e-02,1.491067149680879611e+00,1.446345321752077195e+00,-2.437363241503944233e-01,9.003975622945925572e-01,-6.846741297557837891e-01,-6.780257563818846700e-01,4.592855019877060685e-01,-1.994215370869315773e+00,2.480681631287636968e+00,-1.682356908146654728e+00,-1.637539636696276002e+00,1.226069940361016047e-01,-6.283032104306541799e-01,-2.318423901488901497e-16,-1.063041254522786971e+00,3.743909514536492011e+00,-1.993000623154136619e+00,-7.080976324226377905e-01,-7.085707149688734718e-01,-1.322631161103972941e+00,5.420864169645299713e-01
5.969999999999999751e-01,6.495436514339727463e-01,-1.150716764543961101e+00,-8.384594637338114609e+00,-6.819703137937514370e+00,6.495436514339727463e-01,5.011708831834388533e+00,-1.387170992014992610e+00,3.699579383442889835e+00,-6.852503005395831348e-01,-6.687664281987849568e-01,-2.193615619358753599e-01,-7.974996119773163084e-02,3.485718227356674609e-02,-1.748222288054314955e-01,-1.953425504236961860e-02,9.878403319923333148e-02,1.479211874132606797e+00,1.432316619217369524e+00,-2.456500173613433979e-01,9.150764314688026868e-01,-6.850108239838589297e-01,-6.779643882569433844e-01,4.482296479220937435e-01,-2.001705937624506326e+00,2.487203503704546570e+00,-1.687670121080446561e+00,-1.643070958889361721e+00,1.225777160181212300e-01,-6.304523096392596893e-01,0.000000000000000000e+00,-1.191260491690684375e+00,3.700158560986040790e+00,-2.013070099639521437e+00,-6.931373451469923230e-01,-7.372553367711691674e-01,-1.327950952938572682e+00,5.470136811213270889e-01
5.979999999999999760e-01,5.264860145677875414e-01,-7.454876192736681340e-01,-8.307085434550838698e+00,-6.477587639127211361e+00,5.264860145677875414e-01,5.253977406198410804e+00,-1.481869024295423776e+00,3.628861550878237807e+00,-4.890883886202631037e-01,-8.624255443681609901e-01,-2.837500370681784179e-01,-1.026270207510775467e-01,4.516624761368943225e-02,-2.252207872235785502e-01,-2.527286009805996408e-02,1.272326539097073939e-01,1.458822702787334835e+00,1.403916283100387297e+00,-2.484013433604193022e-01,9.477110714840581984e-01,-6.752787948044851607e-01,-6.701014678967504024e-01,4.418868562466990446e-01,-2.015096659708619953e+00,2.501043282885202945e+00,-1.697841423885563028e+00,-1.653474243677920175e+00,1.228814001044778725e-01,-6.344565612914440100e-01,1.205595205502719147e-16,-1.418699501289446108e+00,3.621209528917411991e+00,-2.048869787997059877e+00,-6.605969245801724954e-01,-7.776181819235857828e-01,-1.329830889286254481e+00,5.691195101564066050e-01
5.989999999999999769e-01,4.075591158984896989e-01,-3.068542013775474864e-01,-8.227679689948557140e+00,-6.113772910499841728e+00,4.075591158984896989e-01,5.514585512994909955e+00,-1.580147018219566712e+00,3.559894406050424731e+00,-2.779542692480745925e-01,-8.736362722268170566e-01,-2.877358714494189229e-01,-1.038863389850330221e-01,4.582621555879586722e-02,-2.280719409270723363e-01,-2.562918741027711209e-02,1.288333712994987335e-01,1.448366445770502331e+00,1.417940319457958953e+00,-2.401317969217002801e-01,7.939062542293160440e-01,-6.877159626345255017e-01,-6.621213479835961202e-01,4.294489456990956411e-01,-1.996737520398399024e+00,2.477526557947095753e+00,-1.681939565353789190e+00,-1.638308048760042990e+00,1.215827059381475866e-01,-6.286322749591453096e-01,1.194071415146306617e-16,-1.422007346854713639e+00,3.607731005955635784e+00,-2.025957701260522548e+00,-7.985755789719310993e-01,-7.942051976234503208e-01,-1.316382810353018629e+00,5.582823169985944300e-01
5.999999999999999778e-01,2.882614881412562946e-01,1.316765637004291278e-01,-8.137087687770442557e+00,-5.737762758467343183e+00,2.882614881412562946e-01,5.771274840400386630e+00,-1.677550241228834782e+00,3.485452598471939556e+00,-6.633152223056035246e-02,-9.218240812667303219e-01,-3.044295214450090103e-01,-1.093858305187119379e-01,4.856459070888895918e-02,-2.404135807658995816e-01,-2.712433271008114419e-02,1.357751958318105800e-01,1.445647648875806990e+00,1.367272343964633707e+00,-2.614623722562719466e-01,9.942407808259050572e-01,-6.696914096626396251e-01,-6.504980070315379281e-01,4.415054717193573897e-01,-2.032146969655164170e+00,2.518260126658439901e+00,-1.710971181980195155e+00,-1.666491160290993312e+00,1.232779161979070948e-01,-6.394859674739493682e-01,-2.362421534612033235e-16,-1.508323402046087391e+00,3.581102949178064598e+00,-2.081819384755179136e+00,-6.236857887561992886e-01,-7.868270742306321397e-01,-1.317108307215568486e+00,5.772806675511676922e-01
6.009999999999999787e-01,1.869970767041672366e-01,5.101353789922482562e-01,-8.015770006701272266e+00,-5.381967546769633515e+00,1.869970767041672366e-01,5.962149967146896934e+00,-1.756318387745190890e+00,3.403555380322753177e+00,1.160410976105107628e-01,-1.120628112816286048e+00,-3.710432033291357068e-01,-1.327343970469783696e-01,5.927315933872139009e-02,-2.920050144736839881e-01,-3.306507663053528945e-02,1.648788336525386922e-01,1.408363446992107582e+00,1.331447244586889012e+00,-2.622216931785625871e-01,1.028091041202737532e+00,-6.453723486271359944e-01,-6.436852703063131731e-01,4.384372855094516575e-01,-2.044605833718812438e+00,2.530909449438874415e+00,-1.720594618073522764e+00,-1.676030729960320764e+00,1.235957499581171876e-01,-6.431636472862841680e-01,2.376884852281929554e-16,-1.756870499542990904e+00,3.491313490696627664e+00,-2.115550708299063665e+00,-5.886665294188618835e-01,-8.137816131427028088e-01,-1.319913994223132825e+00,6.033161191619905717e-01
6.019999999999999796e-01,1.198409337897818894e-01,7.772709042452965456e-01,-7.850835400373126660e+00,-5.070878562634645093e+00,1.198409337897818894e-01,6.043670833636670459e+00,-1.802629037332129647e+00,3.312760369531726479e+00,2.441318056500487721e-01,-1.348937553538403389e+00,-4.479108143073511350e-01,-1.594426223548102151e-01,7.166922609025974666e-02,-3.511468782008163037e-01,-3.992561673786920035e-02,1.982281202365799855e-01,1.387322433960265222e+00,1.295029325009090959e+00,-2.736243981962550031e-01,1.188579089389350418e+00,-6.179589332427922743e-01,-6.503591881039019196e-01,4.453574718622195228e-01,-2.064801554415070850e+00,2.552182565195653119e+00,-1.736803909844211402e+00,-1.691571729656946799e+00,1.243423488381455166e-01,-6.491726383677424161e-01,0.000000000000000000e+00,-2.026416673993209017e+00,3.399301075897393165e+00,-2.169870930395276787e+00,-4.313234141773366614e-01,-8.447634626054629781e-01,-1.339457443209513654e+00,6.435855920987995082e-01
6.029999999999999805e-01,9.896592365233450317e-02,9.125667106402315376e-01,-7.646987779732771884e+00,-4.824009575824684148e+00,9.896592365233450317e-02,6.003176802085944175e+00,-1.810739823634404333e+00,3.218376607862455163e+00,3.073385930511796649e-01,-1.481467214340659755e+00,-4.933894969474946768e-01,-1.747540030523696275e-01,7.906993673809203926e-02,-3.852613757523364879e-01,-4.398809156292894651e-02,2.174360439468928929e-01,1.362253965707481917e+00,1.262854232700088453e+00,-2.807482201640784658e-01,1.286237562997169626e+00,-5.991634881243106392e-01,-6.537947901021170516e-01,4.413969964763585496e-01,-2.085979125958666192e+00,2.574571230280438883e+00,-1.753734898891823102e+00,-1.707911272564892613e+00,1.251222839774374651e-01,-6.554843190572826606e-01,-2.425039145034954145e-16,-2.205192374591844029e+00,3.344035966033032548e+00,-2.209237122108270945e+00,-3.426037728296309481e-01,-8.593025798992096620e-01,-1.353267200722328756e+00,6.588330404232511928e-01
6.039999999999999813e-01,1.191374697494257257e-01,9.692590805337810700e-01,-7.420352614351429565e+00,-4.621282275584146504e+00,1.191374697494257257e-01,5.885987276224873277e+00,-1.792418814596381083e+00,3.126874337388453107e+00,3.302048612527197502e-01,-1.378220526635753895e+00,-4.594816541638283569e-01,-1.624617495887242247e-01,7.367013529999910659e-02,-3.582906744939416965e-01,-4.096604678923537746e-02,2.021984212028755112e-01,1.346286500171293588e+00,1.247143742958540802e+00,-2.698919771699513914e-01,1.155746765649060315e+00,-6.151023303206626380e-01,-6.280161831230866021e-01,4.139739174996012738e-01,-2.112855731637568901e+00,2.607067927981141064e+00,-1.775849441340832113e+00,-1.729838043785600910e+00,1.265440540809177061e-01,-6.638909694634765879e-01,-2.456275553552822994e-16,-2.144789758102029431e+00,3.394730016775853620e+00,-2.208203168099507785e+00,-5.004211428365414882e-01,-8.468489507336866007e-01,-1.332873199375798512e+00,6.161723387024765630e-01
6.049999999999999822e-01,1.481201273820216269e-01,1.012413890011193196e+00,-7.188463178469915782e+00,-4.419270932189997225e+00,1.481201273820216269e-01,5.759255957222769062e+00,-1.768325034175894483e+00,3.035358118493967972e+00,3.463451098921240812e-01,-1.515660433669759222e+00,-5.066549298186029393e-01,-1.783096156188953008e-01,8.136299371976257744e-02,-3.936462491400964936e-01,-4.518602169981238842e-02,2.221023318846934991e-01,1.336884709934343496e+00,1.263565544074765956e+00,-2.815841964299805600e-01,1.150433600841613613e+00,-6.008089090820255551e-01,-6.431384851267722969e-01,4.349596284998439311e-01,-2.095594955654239033e+00,2.581992422333512227e+00,-1.760636559116988131e+00,-1.714635404368548555e+00,1.250554376809872026e-01,-6.581104057238537086e-01,0.000000000000000000e+00,-2.274370679389654981e+00,3.338903036589675466e+00,-2.220530371165863937e+00,-4.828388098071723644e-01,-8.693997205411347906e-01,-1.346434912550438234e+00,6.570619603845374579e-01
6.059999999999999831e-01,1.791632319911999893e-01,1.023966715062595068e+00,-6.954443665304232525e+00,-4.239777885717179728e+00,1.791632319911999893e-01,5.606877741419890704e+00,-1.733561581468449520e+00,2.946224068087101688e+00,3.476698036678994574e-01,-1.447340173942664565e+00,-4.850201308979247838e-01,-1.699452013698286579e-01,7.799052790626932741e-02,-3.755628094302290720e-01,-4.326626035115355151e-02,2.118563355390862823e-01,1.334131983790161069e+00,1.258604890516537678e+00,-2.880184019712930255e-01,1.148620608912281016e+00,-6.018886566318704112e-01,-6.392922449146739572e-01,4.362618996860615495e-01,-2.109899226070594658e+00,2.596846676571817891e+00,-1.771806910879003549e+00,-1.725656763598430565e+00,1.254622877587185104e-01,-6.623577670327169820e-01,-2.452823349614267110e-16,-2.223107416223098376e+00,3.370431436190430396e+00,-2.229770514220125399e+00,-4.990456267798802359e-01,-8.519891783033810562e-01,-1.344916272298544602e+00,6.481182352251475542e-01
6.069999999999999840e-01,2.111328344981754368e-01,9.805513323097210243e-01,-6.722237593198389760e+00,-4.099204578240916774e+00,2.111328344981754368e-01,5.417239241572477937e+00,-1.685287939175484029e+00,2.860168915463560779e+00,3.236828624616789885e-01,-1.443268860257564068e+00,-4.850016903780138833e-01,-1.690988051676292070e-01,7.810896669916583823e-02,-3.741270608464424829e-01,-4.327810520923908166e-02,2.109977769117037383e-01,1.323782076001233321e+00,1.247161293439016161e+00,-2.949955854345208683e-01,1.175712405852294307e+00,-5.947207353446299916e-01,-6.386630263779791150e-01,4.388514656576971706e-01,-2.129227058256904836e+00,2.617061411424203676e+00,-1.787204350213076331e+00,-1.740513770624604106e+00,1.261178578131295080e-01,-6.681013092467459336e-01,-1.255658106776556047e-16,-2.248713842513235583e+00,3.379221014485206176e+00,-2.251298740815226296e+00,-4.866923980731439614e-01,-8.427299383779429665e-01,-1.350042440833964186e+00,6.498492425694007979e-01
6.079999999999999849e-01,2.438014318515062950e-01,8.951930456875580866e-01,-6.505157085038822729e+00,-3.999170056808305063e+00,2.438014318515062950e-01,5.208174166327967924e+00,-1.629257032718762099e+00,2.781420533632218639e+00,2.805591760286325620e-01,-1.462687069202558199e+00,-4.929514103799599312e-01,-1.709994341455622346e-01,7.951885045833133325e-02,-3.787763254878084296e-01,-4.400145853312659172e-02,2.135691380623951363e-01,1.316291268359652156e+00,1.253968220128905742e+00,-3.008308241815501050e-01,1.177561787935911486e+00,-5.915547835188821324e-01,-6.503824529495326745e-01,4.409266147622418197e-01,-2.132128976183434776e+00,2.617004940867554641e+00,-1.788738963887012368e+00,-1.741961832548882594e+00,1.257784295617754844e-01,-6.687002746813680565e-01,3.733493500002637863e-16,-2.278524777026341042e+00,3.378021750616500452e+00,-2.260569222214124707e+00,-4.848811941546397608e-01,-8.445526794449150776e-01,-1.363084186164027267e+00,6.544957528246373446e-01
6.089999999999999858e-01,2.802469936125544514e-01,7.870192107670648252e-01,-6.314403015077825643e+00,-3.937971536887577173e+00,2.802469936125544514e-01,4.998346211458709831e+00,-1.570459138901165064e+00,2.715535149533478965e+00,2.267156043320588399e-01,-1.475360860674771457e+00,-4.977143188122382655e-01,-1.723569712277032706e-01,8.032856500405108346e-02,-3.819283497915108572e-01,-4.443050348286851914e-02,2.153291967176820532e-01,1.302646433407608662e+00,1.227155741123803878e+00,-3.008828864987067586e-01,1.212006111622220939e+00,-5.844432112163571169e-01,-6.399641275263798779e-01,4.339633581183844901e-01,-2.168343723477374141e+00,2.660391258904310163e+00,-1.818760487731116537e+00,-1.771301780795818459e+00,1.277345100519906296e-01,-6.799726399316777803e-01,0.000000000000000000e+00,-2.341058150744537159e+00,3.389832681215875887e+00,-2.292000345457526400e+00,-4.789671041695464648e-01,-8.386370509558773723e-01,-1.364367270940926247e+00,6.492925548360665156e-01
6.099999999999999867e-01,3.143834922639224261e-01,6.640503085856697130e-01,-6.147412717417159556e+00,-3.900309186931089300e+00,3.143834922639224261e-01,4.797836405812091698e+00,-1.514340412449180828e+00,2.656668849078561490e+00,1.670386456742438408e-01,-1.403195671212497997e+00,-4.745699537249479238e-01,-1.635910337965172379e-01,7.671307625362962235e-02,-3.629024445870216997e-01,-4.238124575891380474e-02,2.045575699640705403e-01,1.316794664763813127e+00,1.240838146561670019e+00,-3.159651262777450342e-01,1.273483691068167944e+00,-5.842559991937299468e-01,-6.537931023754409710e-01,4.504022218247597520e-01,-2.172665174931699195e+00,2.661695529348198974e+00,-1.821790231296153140e+00,-1.773658977512033053e+00,1.275390457276959211e-01,-6.809489013411805791e-01,0.000000000000000000e+00,-2.259066181380384286e+00,3.427963722184920847e+00,-2.301346391370415745e+00,-4.234622101902354996e-01,-8.196193980530557255e-01,-1.377123249475535438e+00,6.549597917888303478e-01
6.109999999999999876e-01,3.471231995065809373e-01,5.108285306417179594e-01,-5.992956387546414909e+00,-3.894322083199481366e+00,3.471231995065809373e-01,4.583746018602667505e+00,-1.456325707728452823e+00,2.601555725133005925e+00,9.394562969461361934e-02,-1.325291604213692853e+00,-4.492977654247296004e-01,-1.541978531990182422e-01,7.273133590270566828e-02,-3.424430623005914609e-01,-4.013872524619301746e-02,1.929848859821645946e-01,1.303055247016807527e+00,1.245782039789703921e+00,-3.190856259933755323e-01,1.228176913137050352e+00,-5.778635538492853385e-01,-6.562252079062266263e-01,4.556851295524206868e-01,-2.177751960037783707e+00,2.664733426082589229e+00,-1.825327604553684813e+00,-1.776962589204514442e+00,1.273895504475598683e-01,-6.822589236911239530e-01,2.531778895291817196e-16,-2.199988317234669033e+00,3.461217700447563494e+00,-2.298611083746078698e+00,-4.760543401647584494e-01,-7.929170657023170143e-01,-1.378622856843543687e+00,6.486700155345855867e-01
6.119999999999999885e-01,3.713902483349386663e-01,3.140143236886292488e-01,-5.845204704178033950e+00,-3.923069968170226574e+00,3.713902483349386663e-01,4.344484440536932723e+00,-1.394173530220685464e+00,2.546148276905128238e+00,1.900188696464577554e-03,-1.372463688813906790e+00,-4.665390838445321320e-01,-1.593256783090328255e-01,7.563725615078409348e-02,-3.542662808161715637e-01,-4.169505878678429756e-02,1.996009358610295326e-01,1.280387270430987989e+00,1.232215505040326731e+00,-3.245575133495120501e-01,1.229863492150589099e+00,-5.650250621059195177e-01,-6.553830880503626055e-01,4.570086333281119795e-01,-2.199821245266112779e+00,2.687563885174089506e+00,-1.843148526326929382e+00,-1.793786032586159429e+00,1.281893303442426524e-01,-6.887749939320246817e-01,1.285758311789918166e-16,-2.291897663649031358e+00,3.453240306369884216e+00,-2.327031717985474479e+00,-4.882852842847862362e-01,-7.911020125778485124e-01,-1.385853140769171654e+00,6.566095691891415953e-01
