Timestamp,Fx,Fy,Fz,Mx,My,Mz
1777555777501695,-9.477127075195312,-8.02983283996582,-34.030555725097656,-109.76347351074219,-187.3795928955078,-12.077237129211426
1777555777505495,0.12528252601623535,-0.004785473458468914,-0.15370136499404907,0.8125626444816589,1.678722620010376,-0.18593019247055054
1777555777515476,0.10447037220001221,-0.01210620068013668,-0.14425918459892273,1.0187480449676514,1.5734775066375732,-0.2201598882675171
1777555777525495,0.10914427042007446,-0.01468185056000948,-0.16603407263755798,0.8844540119171143,1.6581335067749023,-0.11617618799209595
1777555777535500,0.13864615559577942,-0.021907517686486244,-0.1599353551864624,0.7427451014518738,1.6013725996017456,-0.015318870544433594
1777555777545531,0.12001000344753265,-0.0005792398005723953,-0.1801607310771942,0.806228518486023,1.711929440498352,-0.11303424835205078
1777555777555546,0.11322703957557678,-0.0141837690025568,-0.16872268915176392,0.7242517471313477,1.5873874425888062,-0.1227109432220459
1777555777565558,0.11159500479698181,-0.010977860540151596,-0.18327873945236206,0.7852598428726196,1.6276142597198486,-0.19623923301696777
1777555777575525,0.12071329355239868,-0.016515716910362244,-0.12358123064041138,0.703775942325592,1.7728132009506226,-0.10769927501678467
1777555777585540,0.11788836866617203,-0.02088494971394539,-0.15161064267158508,0.604753315448761,1.5454174280166626,-0.18407738208770752
1777555777595601,0.11943323910236359,-0.02259468287229538,-0.16012100875377655,0.7441408634185791,1.6139957904815674,-0.12279093265533447
1777555777605581,0.1127915233373642,-0.020298801362514496,-0.15229687094688416,0.8285397887229919,1.6620140075683594,-0.21407264471054077
1777555777615595,0.11715303361415863,-0.020670922473073006,-0.1431274712085724,0.7044626474380493,1.7115360498428345,-0.1847354769706726
1777555777625572,0.11155316233634949,-0.017257118597626686,-0.14230498671531677,0.6991918087005615,1.7739489078521729,-0.24427008628845215
1777555777635591,0.10277894139289856,-0.014897349290549755,-0.12440743297338486,0.759823739528656,1.9425501823425293,-0.42705219984054565
1777555777645554,0.11963038146495819,-0.01166030764579773,-0.14273998141288757,0.837992787361145,1.714248538017273,-0.10871797800064087
1777555777655575,0.1264805644750595,-0.029160350561141968,-0.15616844594478607,0.6390706300735474,1.5831289291381836,-0.1444379687309265
1777555777665562,0.12195461988449097,-0.014476362615823746,-0.15316064655780792,0.7797740697860718,1.6442919969558716,-0.23115038871765137
1777555777675578,0.10480357706546783,-0.014132789336144924,-0.12889422476291656,0.7247620820999146,1.7110787630081177,-0.1756609082221985
1777555777685589,0.1345384418964386,-0.022749070078134537,-0.140860915184021,0.903588056564331,1.7289959192276,-0.2959721088409424
1777555777695569,0.11633837223052979,-0.019343161955475807,-0.13376225531101227,0.7945972681045532,1.7606394290924072,-0.40813148021698
1777555777705520,0.12638942897319794,0.007790429517626762,-0.14535872638225555,0.9792759418487549,1.515059471130371,-0.3276762366294861
1777555777715489,0.11886315047740936,-0.01637393794953823,-0.15063321590423584,0.6634844541549683,1.4683647155761719,-0.13208436965942383
1777555777725537,0.12154971063137054,0.004626662470400333,-0.1472659856081009,0.8808586597442627,1.6295455694198608,-0.1590462327003479
1777555777735580,0.11673547327518463,-0.00474060932174325,-0.17786426842212677,0.8471317887306213,1.6520214080810547,-0.07691675424575806
1777555777745539,0.13158060610294342,-0.011371538043022156,-0.16238951683044434,0.7965535521507263,1.6131125688552856,-0.09412658214569092
1777555777755498,0.11844412982463837,-0.011589696630835533,-0.1451898217201233,0.796601414680481,1.7789607048034668,-0.2588995695114136
1777555777765493,0.10435810685157776,-0.004743631929159164,-0.1691422313451767,0.8323764801025391,1.6981288194656372,-0.2593897581100464
1777555777775515,0.11881879717111588,-0.006784283090382814,-0.14705049991607666,0.7630671858787537,1.7064837217330933,-0.27136313915252686
1777555777785447,0.1153954267501831,-0.015502690337598324,-0.13213619589805603,0.7347341179847717,1.7497354745864868,-0.112582266330719
1777555777795509,0.11380369961261749,0.0005881553515791893,-0.14561188220977783,0.8285415172576904,1.7559195756912231,-0.3065720200538635
1777555777805499,0.11411892622709274,-0.000833663041703403,-0.11672288924455643,0.800179660320282,1.8303093910217285,-0.21708476543426514
1777555777815501,0.11908409744501114,0.005698497407138348,-0.17439231276512146,0.72200608253479,1.612533450126648,-0.33170050382614136
1777555777825496,0.12455768883228302,-0.012606119737029076,-0.13466253876686096,0.8157804012298584,1.5838539600372314,-0.14805388450622559
1777555777835496,0.13211819529533386,-0.002677108161151409,-0.15384680032730103,0.7500603199005127,1.6688854694366455,-0.19606930017471313
1777555777845495,0.10478496551513672,-0.01551198959350586,-0.17960022389888763,0.6629948616027832,1.7146060466766357,-0.23322200775146484
1777555777855492,0.11485528945922852,-0.01880071312189102,-0.12151776999235153,0.6699013113975525,1.6367465257644653,-0.2142748236656189
1777555777865500,0.1136290431022644,-0.011818667873740196,-0.14665411412715912,0.7780462503433228,1.6498829126358032,-0.19453877210617065
1777555777875486,0.12127579003572464,-0.003014584071934223,-0.15885931253433228,0.7979686260223389,1.6090601682662964,-0.21442121267318726
1777555777885492,0.11853979527950287,-0.0166628398001194,-0.18550875782966614,0.7689275145530701,1.6320582628250122,-0.23639845848083496
1777555777895548,0.10481720417737961,-0.007322190795093775,-0.17237737774848938,0.7677082419395447,1.7122178077697754,-0.2251628041267395
1777555777905514,0.11077795922756195,0.006481992546468973,-0.15623383224010468,0.8058168888092041,1.5228919982910156,-0.17474395036697388
1777555777915531,0.11524388939142227,-0.010646913200616837,-0.14950725436210632,0.6998373866081238,1.7216159105300903,-0.2592031955718994
1777555777925515,0.09972386062145233,-0.027133379131555557,-0.152460515499115,0.7447846531867981,1.575598955154419,-0.24114912748336792
1777555777935538,0.12442560493946075,-0.007355904206633568,-0.17962615191936493,0.788105309009552,1.6549816131591797,-0.23960775136947632
1777555777945529,0.10855801403522491,-0.0034413847606629133,-0.15494969487190247,0.8862665295600891,1.790373682975769,-0.2393307089805603
1777555777955532,0.10254088044166565,-0.007378647569566965,-0.16205063462257385,0.662929892539978,1.7295717000961304,-0.06393545866012573
1777555777965552,0.11062683165073395,-0.032509900629520416,-0.13980168104171753,0.6989473104476929,1.5717003345489502,-0.22133487462997437
1777555777975481,0.12273721396923065,-0.019239965826272964,-0.16281437873840332,0.7483086585998535,1.7065075635910034,-0.16040712594985962
1777555777985487,0.11907938122749329,-0.0021084786858409643,-0.17859765887260437,0.885088324546814,1.6435648202896118,-0.156396746635437
1777555777995475,0.11574118584394455,-0.013597067445516586,-0.15827316045761108,0.6991215348243713,1.7237766981124878,-0.21085983514785767
1777555778005488,0.11685135960578918,-0.01669321209192276,-0.11228753626346588,0.6874066591262817,1.5776808261871338,-0.10576558113098145
1777555778015452,0.10709642618894577,-0.0007531024166382849,-0.16964803636074066,0.8538530468940735,1.650842308998108,-0.21829122304916382
1777555778025462,0.1078983023762703,-0.007924014702439308,-0.1605311930179596,0.900859534740448,1.8768715858459473,-0.29674720764160156
1777555778035442,0.10694165527820587,0.0010961631778627634,-0.14020361006259918,0.7978981733322144,1.916728138923645,-0.21048694849014282
1777555778045440,0.11491908133029938,0.005840378813445568,-0.11817248165607452,0.8292213678359985,1.807987928390503,-0.24043792486190796
1777555778055480,0.1160883903503418,-0.022345909848809242,-0.16594049334526062,0.7473323941230774,1.7903616428375244,-0.29281115531921387
1777555778065589,0.11314725875854492,-0.005382136441767216,-0.12465997785329819,0.8603357076644897,1.835435390472412,-0.3614562749862671
1777555778075440,0.12530890107154846,-0.006217502057552338,-0.1754598766565323,0.8560435771942139,1.62107253074646,-0.14828485250473022
1777555778085524,0.12727314233779907,-0.013610206544399261,-0.1180969774723053,0.8223794102668762,1.669851303100586,0.04551452398300171
1777555778095438,0.11679790914058685,-0.009136690758168697,-0.16178849339485168,0.7609939575195312,1.6509029865264893,-0.15486353635787964
1777555778105571,0.11383849382400513,-0.022275205701589584,-0.14891695976257324,0.5215702056884766,1.6921321153640747,-0.08115345239639282
1777555778115594,0.11982503533363342,-0.017310114577412605,-0.1917138248682022,0.7939783334732056,1.5195832252502441,-0.032456815242767334
1777555778125474,0.1085355132818222,-0.025974905118346214,-0.16016040742397308,0.6472909450531006,1.668783187866211,-0.12963390350341797
1777555778135563,0.12097430974245071,-0.001283874036744237,-0.16242872178554535,1.040718674659729,1.4577430486679077,-0.0972941517829895
1777555778145589,0.10686258971691132,0.0003738825907930732,-0.12523309886455536,0.7699824571609497,1.7714195251464844,-0.21307915449142456
1777555778155465,0.11142975091934204,-0.017227772623300552,-0.15511181950569153,0.8252103328704834,1.7127041816711426,-0.20196533203125
1777555778165491,0.12429015338420868,-0.006404241546988487,-0.17609450221061707,0.8656156659126282,1.668661117553711,-0.09693342447280884
1777555778175481,0.1176859512925148,-0.013450552709400654,-0.15265314280986786,0.7632899880409241,1.8486123085021973,-0.17247503995895386
1777555778185490,0.12935520708560944,-0.0005214086268097162,-0.16510668396949768,0.9338046312332153,1.6337231397628784,-0.23071229457855225
1777555778195510,0.10534808039665222,0.0001656977692618966,-0.14514686167240143,0.9412356615066528,1.7897316217422485,-0.20967602729797363
1777555778205475,0.12041555345058441,-0.005034112371504307,-0.16305550932884216,0.7758736610412598,1.5869896411895752,-0.31389886140823364
1777555778215516,0.10685095191001892,-0.01707063429057598,-0.1615234613418579,0.6889499425888062,1.7953472137451172,-0.2376287579536438
1777555778225519,0.11381952464580536,-0.020119620487093925,-0.13821196556091309,0.6792515516281128,1.7723262310028076,-0.19415760040283203
1777555778235483,0.11982260644435883,-0.011729762889444828,-0.14520063996315002,0.7072232961654663,1.7853238582611084,-0.14919543266296387
1777555778245486,0.12525132298469543,-0.005618682596832514,-0.16993527114391327,0.7692542672157288,1.7769851684570312,-0.06938672065734863
1777555778255477,0.11313396692276001,-0.0007966548437252641,-0.11406274139881134,0.8424139022827148,1.708465576171875,-0.1446084976196289
1777555778265478,0.11113111674785614,-0.01371139008551836,-0.14668415486812592,0.7470035552978516,1.629969596862793,-0.2567185163497925
1777555778275483,0.11875136941671371,-0.017158308997750282,-0.14890407025814056,0.7438297867774963,1.5504627227783203,-0.2454761266708374
1777555778285488,0.10915888845920563,-0.014043888077139854,-0.14895465970039368,0.8947946429252625,1.5884828567504883,-0.19096243381500244
1777555778295476,0.12043581902980804,-0.004096847493201494,-0.14572075009346008,0.9013967514038086,1.5740883350372314,-0.34376323223114014
1777555778305522,0.12386743724346161,-0.017436910420656204,-0.18189002573490143,0.9523465633392334,1.5941436290740967,-0.17743301391601562
1777555778315461,0.12947222590446472,-0.005283599253743887,-0.16216622292995453,0.8217343688011169,1.5213747024536133,-0.3165907859802246
1777555778325416,0.10638511925935745,-0.008588539436459541,-0.13924936950206757,0.8215938806533813,1.680037021636963,-0.17573386430740356
1777555778335410,0.11492347717285156,-0.012506832368671894,-0.166396364569664,0.8855699300765991,1.5239863395690918,-0.25725752115249634
1777555778345408,0.11586561053991318,-0.004468876868486404,-0.16631409525871277,0.7201230525970459,1.5400714874267578,-0.05381220579147339
1777555778355451,0.1174003928899765,0.004538641311228275,-0.131400004029274,0.7472664713859558,1.696678638458252,-0.16819530725479126
1777555778365409,0.10397638380527496,-0.020801974460482597,-0.15309742093086243,0.8571977615356445,1.7284228801727295,-0.18646997213363647
1777555778375425,0.10181690007448196,-0.0068628424778580666,-0.1537168025970459,0.8778875470161438,1.7436740398406982,-0.10404610633850098
1777555778385427,0.1147884726524353,-0.018728718161582947,-0.15207567811012268,0.7094525098800659,1.6224678754806519,-0.17255204916000366
1777555778395435,0.11964777112007141,-0.008899473585188389,-0.15263304114341736,0.9443650245666504,1.7076491117477417,-0.24120855331420898
1777555778405411,0.1081310361623764,-0.01981097273528576,-0.1622646450996399,0.7617585062980652,1.519702672958374,-0.29845303297042847
1777555778415425,0.11540177464485168,-0.021500805392861366,-0.16318847239017487,0.8178281784057617,1.6886247396469116,-0.25260937213897705
1777555778425439,0.12557807564735413,-0.009684883058071136,-0.12150328606367111,0.7447682619094849,1.5295027494430542,-0.29973143339157104
1777555778435373,0.11845572292804718,-0.014232485555112362,-0.1444866955280304,0.7559860944747925,1.6689224243164062,-0.16292887926101685
1777555778445366,0.11660836637020111,0.00024207861861214042,-0.14128513634204865,1.0231261253356934,1.650691032409668,-0.21802669763565063
1777555778455371,0.12020654231309891,-0.012318101711571217,-0.15632688999176025,0.6697344779968262,1.6848098039627075,-0.14825397729873657
1777555778465412,0.11723227053880692,-0.007811724208295345,-0.14414480328559875,0.8709582686424255,1.9347833395004272,-0.20617294311523438
1777555778475378,0.12618672847747803,0.00666756322607398,-0.1452735960483551,0.9993214011192322,1.674768328666687,-0.1149289608001709
1777555778485420,0.10007645189762115,-0.00919127743691206,-0.12986236810684204,0.8275163769721985,1.7326228618621826,-0.3196970820426941
1777555778495429,0.12460297346115112,-0.01584705151617527,-0.15492329001426697,0.7799264192581177,1.5199594497680664,-0.20624935626983643
1777555778505411,0.11859387159347534,-0.004338497761636972,-0.17881076037883759,0.691559910774231,1.5533150434494019,-0.2609817385673523
1777555778515413,0.10786212980747223,-0.006439775228500366,-0.15164116024971008,0.7674240469932556,1.5247727632522583,-0.26141297817230225
1777555778525417,0.12975524365901947,-0.023501459509134293,-0.16202276945114136,0.714475154876709,1.6808332204818726,-0.18827825784683228
1777555778535402,0.12018845975399017,-0.027275726199150085,-0.17785842716693878,0.8981413245201111,1.7145005464553833,-0.027065694332122803
1777555778545445,0.11571893095970154,-0.011691391468048096,-0.16707666218280792,0.7546199560165405,1.6222810745239258,-0.24463272094726562
1777555778555418,0.12142668664455414,-0.006946280598640442,-0.18982991576194763,0.7909809350967407,1.6586045026779175,-0.08356130123138428
1777555778565410,0.11100229620933533,-0.009901360608637333,-0.1369183361530304,0.7580822110176086,1.7714769840240479,-0.18690288066864014
1777555778575432,0.11319532990455627,-0.00995284877717495,-0.13496020436286926,0.7193313241004944,1.8568696975708008,-0.1294264793395996
1777555778585438,0.11362149566411972,-0.01654571294784546,-0.1378815621137619,0.7854588031768799,1.7003514766693115,-0.3095720410346985
1777555778595411,0.11288142204284668,-0.009497353807091713,-0.15006576478481293,0.8960822224617004,1.7161678075790405,-0.21120983362197876
1777555778605408,0.10390850156545639,-0.015527854673564434,-0.15830683708190918,0.6411594152450562,1.8702366352081299,-0.37659013271331787
1777555778615371,0.11996740847826004,-0.004011803772300482,-0.1808614730834961,0.8254890441894531,1.7532492876052856,-0.22777479887008667
1777555778625407,0.10783950984477997,-0.015195977874100208,-0.15751904249191284,0.5077396631240845,1.6915422677993774,-0.24035972356796265
1777555778635416,0.10743124783039093,-0.014687488786876202,-0.16989479959011078,0.696212649345398,1.6374026536941528,-0.16719824075698853
1777555778645393,0.12102636694908142,-0.0015751755563542247,-0.16172149777412415,0.8510228991508484,1.6586406230926514,-0.17972642183303833
1777555778655365,0.11309240013360977,-0.011315437965095043,-0.13255655765533447,0.7288355827331543,1.5427170991897583,-0.14260464906692505
1777555778665373,0.12252772599458694,-0.0051033818162977695,-0.11919160187244415,0.8108555674552917,1.7451684474945068,-0.2579270601272583
1777555778675358,0.11932055652141571,-0.0093917828053236,-0.16371729969978333,0.6658939719200134,1.5983091592788696,-0.20572298765182495
1777555778685393,0.11576502025127411,-0.009852051734924316,-0.1593559980392456,0.8478353023529053,1.7092037200927734,-0.18601977825164795
1777555778695372,0.13552305102348328,-0.009175711311399937,-0.12737268209457397,0.8807386159896851,1.7991678714752197,-0.29935961961746216
1777555778705395,0.11974135041236877,-0.014127388596534729,-0.13130652904510498,0.7635062336921692,1.6068986654281616,-0.08306103944778442
1777555778715368,0.10284469276666641,-0.007461925502866507,-0.1638372540473938,0.8491618037223816,1.8177717924118042,-0.15142154693603516
1777555778725398,0.13529224693775177,-0.015509512275457382,-0.17011786997318268,0.7138186693191528,1.6548705101013184,-0.09273481369018555
1777555778735400,0.1348986029624939,-0.02447403222322464,-0.205024853348732,0.721320629119873,1.3460924625396729,-0.16223078966140747
1777555778745401,0.12282197177410126,-0.014249774627387524,-0.1982611119747162,0.7333594560623169,1.5861327648162842,-0.18731826543807983
1777555778755396,0.10970449447631836,-0.006322151981294155,-0.14769123494625092,0.7149454355239868,1.8553693294525146,-0.448547899723053
1777555778765354,0.1245393380522728,-0.015026400797069073,-0.1215064525604248,0.8524447083473206,1.8365164995193481,-0.1380692720413208
1777555778775336,0.12398327887058258,-0.030149508267641068,-0.11581309139728546,0.7156686782836914,1.600553035736084,-0.2591238021850586
1777555778785349,0.12463615834712982,-0.0034298922400921583,-0.16216608881950378,0.834320068359375,1.6118842363357544,-0.35429275035858154
1777555778795368,0.1059168204665184,-0.002604929730296135,-0.14371240139007568,0.9387927651405334,1.6798264980316162,-0.22519397735595703
1777555778805366,0.12195272743701935,-0.016151202842593193,-0.14118528366088867,0.8046900033950806,1.7213581800460815,-0.22464865446090698
1777555778815374,0.11276295781135559,-0.021767180413007736,-0.1448037028312683,0.6733119487762451,1.7442619800567627,-0.20161181688308716
1777555778825368,0.12484697997570038,-0.009916025213897228,-0.13778667151927948,0.9176812171936035,1.7313432693481445,-0.2585490345954895
1777555778835358,0.11495724320411682,-0.022195717319846153,-0.134379580616951,0.6942436695098877,1.545807123184204,-0.2320520281791687
1777555778845362,0.11965295672416687,-0.016099488362669945,-0.16120082139968872,0.6943352818489075,1.6674095392227173,-0.10966473817825317
1777555778855370,0.13372400403022766,-0.015011711977422237,-0.14260444045066833,0.8184724450111389,1.8131201267242432,-0.07426893711090088
1777555778865422,0.11438354849815369,-0.039704740047454834,-0.15986911952495575,0.6504877805709839,1.59909188747406,-0.10295915603637695
1777555778875403,0.11033265292644501,-0.02395818941295147,-0.1480998992919922,0.7667205333709717,1.6229039430618286,-0.0948604941368103
1777555778885407,0.12549887597560883,-0.020144188776612282,-0.12446507811546326,0.7446588277816772,1.75070059299469,-0.23844444751739502
1777555778895418,0.11772352457046509,-0.018774643540382385,-0.12666842341423035,0.7623081207275391,1.7326000928878784,-0.27489739656448364
1777555778905474,0.12774035334587097,0.0008315285667777061,-0.15803390741348267,0.8760178685188293,1.7228412628173828,-0.08018743991851807
1777555778915397,0.10642995685338974,0.003544640727341175,-0.153896763920784,0.7213543653488159,1.7031337022781372,-0.16944283246994019
1777555778925454,0.11114044487476349,-0.01764032617211342,-0.15312331914901733,0.8188557624816895,1.6304486989974976,-0.36323267221450806
1777555778935382,0.11778434365987778,0.00037165352841839194,-0.16445469856262207,0.9619261026382446,1.7379894256591797,-0.04123795032501221
1777555778945411,0.107984259724617,0.005369560327380896,-0.17135316133499146,0.8098302483558655,1.6497952938079834,-0.2863961458206177
1777555778955388,0.10380654036998749,-0.0008212655666284263,-0.16728828847408295,0.7030496597290039,1.7785893678665161,-0.239463210105896
1777555778965387,0.11365467309951782,-0.015123771503567696,-0.1496753841638565,0.7522534132003784,1.716485619544983,-0.30342334508895874
1777555778975402,0.12205969542264938,-0.005310600157827139,-0.13238587975502014,0.7389969229698181,1.7800719738006592,-0.1803848147392273
1777555778985331,0.11491094529628754,-0.01928374543786049,-0.13133038580417633,0.8218886256217957,1.7011713981628418,-0.11043441295623779
1777555778995416,0.09353040903806686,-0.01016639731824398,-0.12597933411598206,0.6934372782707214,1.954928994178772,-0.21376043558120728
1777555779005406,0.1150256097316742,-0.012912139296531677,-0.16558866202831268,0.7218853831291199,1.7251123189926147,-0.23579305410385132
1777555779015422,0.11563772708177567,-0.006233528256416321,-0.15323792397975922,0.70420241355896,1.6248105764389038,-0.34578967094421387
1777555779025400,0.1199941635131836,-0.006858068518340588,-0.1489759236574173,0.8131590485572815,1.792609691619873,-0.3629854917526245
1777555779035402,0.1279318481683731,-0.00578372972086072,-0.13844066858291626,0.7144985198974609,1.7504125833511353,-0.2962254285812378
1777555779045403,0.11975537240505219,-0.021737104281783104,-0.13504204154014587,0.7469054460525513,1.6130090951919556,-0.1308557391166687
1777555779055368,0.11311659216880798,-0.008648709394037724,-0.14285698533058167,0.842971920967102,1.6893374919891357,-0.27678024768829346
1777555779065332,0.11166581511497498,-0.018041711300611496,-0.15155115723609924,0.7314403057098389,1.6739670038223267,-0.27470940351486206
1777555779075361,0.11422289907932281,-0.01585691049695015,-0.13127098977565765,0.7570322751998901,1.529285192489624,-0.1852547526359558
1777555779085365,0.115097776055336,-0.01668274775147438,-0.1530517339706421,0.862795352935791,1.744347333908081,-0.3015397787094116
1777555779095415,0.12358294427394867,-0.00017999392002820969,-0.15192058682441711,0.878942608833313,1.7898006439208984,-0.24422842264175415
1777555779105403,0.10601961612701416,0.00501590920612216,-0.1469113826751709,0.8867967128753662,1.7605540752410889,-0.33670681715011597
1777555779115351,0.13081702589988708,-0.009333815425634384,-0.16126039624214172,0.7284634113311768,1.5122956037521362,-0.08090460300445557
1777555779125367,0.11631157994270325,-0.00964574608951807,-0.15479692816734314,0.7956011891365051,1.6878557205200195,-0.17468702793121338
1777555779135361,0.1229100227355957,-0.0067433263175189495,-0.15008121728897095,0.8988641500473022,1.5828673839569092,-0.2514001131057739
1777555779145386,0.11873198300600052,-0.012254929170012474,-0.13138727843761444,0.8488023281097412,1.7001011371612549,-0.06473344564437866
1777555779155335,0.12111958861351013,-0.01129523478448391,-0.14171220362186432,0.7360737919807434,1.6171623468399048,-0.3638477921485901
1777555779165330,0.10858838260173798,0.004706203006207943,-0.14007723331451416,0.9363399147987366,1.6961238384246826,-0.330574631690979
1777555779175404,0.11096283793449402,-0.022053107619285583,-0.157599076628685,0.8021525144577026,1.7718241214752197,-0.26624423265457153
1777555779185368,0.11602649092674255,-0.024724481627345085,-0.11766714602708817,0.8064005374908447,1.648846983909607,-0.25554007291793823
1777555779195386,0.11572585254907608,-0.012051579542458057,-0.14587844908237457,0.8627234697341919,1.5234529972076416,-0.16307497024536133
1777555779205382,0.10756976157426834,-0.02997860312461853,-0.14764642715454102,0.7958860397338867,1.7443065643310547,-0.2857646942138672
1777555779215376,0.1134035587310791,-0.0172826386988163,-0.1664857268333435,0.6885451078414917,1.6924774646759033,-0.28859829902648926
1777555779225397,0.12323889136314392,-0.016217771917581558,-0.14590279757976532,0.7261770367622375,1.7406294345855713,-0.26212549209594727
1777555779235373,0.12076515704393387,-0.01807354763150215,-0.12639814615249634,0.7812120914459229,1.6058359146118164,-0.3476637005805969
1777555779245378,0.13023462891578674,-0.0316852368414402,-0.15314555168151855,0.7287431955337524,1.7244445085525513,-0.07537353038787842
1777555779255377,0.12012641131877899,-0.020972199738025665,-0.17254015803337097,0.7050796151161194,1.8769538402557373,-0.17900270223617554
1777555779265384,0.11047657579183578,0.012986715883016586,-0.14424756169319153,0.9687153697013855,1.7778226137161255,-0.3685811161994934
1777555779275374,0.12293794006109238,-0.015687918290495872,-0.18334531784057617,0.7257821559906006,1.5448713302612305,-0.1180647611618042
1777555779285431,0.12352895736694336,-0.019415654242038727,-0.15319761633872986,0.6799549460411072,1.6131725311279297,-0.3828076124191284
1777555779295370,0.12399889528751373,-0.010520374402403831,-0.17780199646949768,0.785972535610199,1.633209466934204,0.00344085693359375
1777555779305393,0.12899556756019592,-0.020771857351064682,-0.19912715256214142,0.7076379656791687,1.647258996963501,-0.20948362350463867
1777555779315401,0.1176256611943245,-0.007146400865167379,-0.17417095601558685,0.8782829642295837,1.60230553150177,-0.18507081270217896
1777555779325393,0.12686559557914734,-0.009111421182751656,-0.14981970191001892,0.8209660649299622,1.6499533653259277,-0.16142159700393677
1777555779335372,0.10738299787044525,-0.0046787867322564125,-0.1979382336139679,0.795127809047699,1.6787893772125244,-0.1520330309867859
1777555779345323,0.12051652371883392,-0.01272924616932869,-0.13044904172420502,0.6965069770812988,1.71425461769104,-0.19824349880218506
1777555779355361,0.12712065875530243,-0.031316179782152176,-0.13226386904716492,0.6522184014320374,1.6140940189361572,-0.1019483208656311
1777555779365356,0.11922936141490936,-0.003340410999953747,-0.17377635836601257,0.9059765934944153,1.643747329711914,-0.329200804233551
1777555779375289,0.11605797708034515,-0.016098761931061745,-0.18032753467559814,0.8152980208396912,1.6441129446029663,-0.25266730785369873
1777555779385267,0.10832184553146362,-0.020110376179218292,-0.14832298457622528,0.7330924272537231,1.718016266822815,-0.071682870388031
1777555779395337,0.11324756592512131,-0.003007154446095228,-0.13913267850875854,0.8017005920410156,1.629257082939148,-0.24277770519256592
1777555779405346,0.12567628920078278,-0.000586175883654505,-0.13749614357948303,0.7599018216133118,1.64837646484375,-0.2658120393753052
1777555779415386,0.11464662849903107,-0.017253920435905457,-0.13366246223449707,0.7621870040893555,1.7313801050186157,-0.15676790475845337
1777555779425365,0.11412313580513,-0.022526584565639496,-0.13963867723941803,0.8988116979598999,1.7593634128570557,-0.24476832151412964
1777555779435375,0.13765418529510498,-0.023073794320225716,-0.12018381059169769,0.6847092509269714,1.6744900941848755,-0.27905726432800293
1777555779445379,0.12070572376251221,-0.004221903160214424,-0.14805322885513306,0.7141355276107788,1.7492570877075195,-0.1348879337310791
1777555779455411,0.1061665341258049,-0.02701396495103836,-0.14842626452445984,0.8268889784812927,1.7551023960113525,-0.1823667287826538
1777555779465399,0.13193249702453613,-0.007517260033637285,-0.14857117831707,0.8785951137542725,1.6903923749923706,-0.10754275321960449
1777555779475377,0.12673801183700562,-0.01883811317384243,-0.1574561595916748,0.7132835984230042,1.7009518146514893,-0.16400593519210815
1777555779485394,0.1244720071554184,-0.02873063273727894,-0.15620385110378265,0.8967222571372986,1.554964303970337,-0.2318185567855835
1777555779495352,0.11547893285751343,-0.016686756163835526,-0.1487986147403717,0.9759179353713989,1.7043778896331787,-0.12700849771499634
1777555779505343,0.1280069798231125,-0.002841576701030135,-0.17168864607810974,0.8883443474769592,1.6669971942901611,-0.16911834478378296
1777555779515300,0.12091493606567383,-0.017969364300370216,-0.18137793242931366,0.7225480079650879,1.4853919744491577,-0.03570741415023804
1777555779525359,0.12786966562271118,-0.02247341349720955,-0.13651564717292786,0.8180990219116211,1.6120564937591553,-0.1414455771446228
1777555779535321,0.12447254359722137,-0.02094404771924019,-0.16791082918643951,0.6434608697891235,1.6650949716567993,-0.13183104991912842
1777555779545332,0.12624160945415497,-0.008800527080893517,-0.13498321175575256,0.7897831201553345,1.666547417640686,-0.10296505689620972
1777555779555356,0.11447654664516449,-0.03012007474899292,-0.14058341085910797,0.6342747211456299,1.7944831848144531,-0.1300157904624939
1777555779565340,0.1090124249458313,-0.025712205097079277,-0.1527337282896042,0.6517888307571411,1.725649118423462,-0.019566714763641357
1777555779575329,0.11190979182720184,0.006745896767824888,-0.15175485610961914,0.9367119073867798,1.7551449537277222,-0.36567968130111694
1777555779585296,0.10035350918769836,-0.014980647712945938,-0.1465047001838684,0.9311219453811646,1.6530689001083374,-0.23360681533813477
1777555779595276,0.10740786790847778,0.00875239260494709,-0.13498421013355255,0.907332181930542,1.9098255634307861,-0.26300036907196045
1777555779605342,0.10578815639019012,0.0008935565710999072,-0.1568906456232071,1.0745253562927246,1.6676201820373535,-0.18324512243270874
1777555779615289,0.10061010718345642,-0.015351559035480022,-0.14248494803905487,0.7387446165084839,1.738960862159729,-0.1311677098274231
1777555779625305,0.12535087764263153,-0.008637786842882633,-0.15113016963005066,0.7517787218093872,1.8036373853683472,-0.1702507734298706
1777555779635304,0.12079030275344849,-0.03136328607797623,-0.12315630912780762,0.7178575396537781,1.8440395593643188,-0.22666090726852417
1777555779645348,0.11807209998369217,-0.01278997864574194,-0.10784266889095306,0.8352413177490234,1.6830273866653442,-0.32738661766052246
1777555779655321,0.10965840518474579,-0.024106213822960854,-0.14861610531806946,0.723904550075531,1.697324275970459,-0.2652844786643982
1777555779665343,0.10494840145111084,-0.0018477023113518953,-0.12463027983903885,0.8887673616409302,1.8786109685897827,-0.2955819368362427
1777555779675278,0.12594984471797943,-0.004149409011006355,-0.13423219323158264,0.8560553789138794,1.6974502801895142,-0.29069381952285767
1777555779685337,0.12352140247821808,0.013873374089598656,-0.12940311431884766,1.031704306602478,1.8030674457550049,-0.13316398859024048
1777555779695324,0.11939311027526855,-0.02975865639746189,-0.13893230259418488,0.723904013633728,1.8215205669403076,-0.1831079125404358
1777555779705353,0.12788867950439453,-0.01759164035320282,-0.15687930583953857,0.829852283000946,1.676796317100525,-0.24251556396484375
1777555779715433,0.11651518195867538,-0.005316576920449734,-0.13689397275447845,0.7766538858413696,1.615569829940796,-0.16703689098358154
1777555779725337,0.12822376191616058,-0.016273554414510727,-0.13515466451644897,0.7745186686515808,1.645988941192627,-0.14763784408569336
1777555779735345,0.11664386093616486,0.002469039522111416,-0.1389746367931366,0.8834671378135681,1.604020595550537,-0.21515989303588867
1777555779745369,0.11112475395202637,-0.02048097550868988,-0.15364785492420197,0.7642613649368286,1.6470119953155518,0.09552234411239624
1777555779755348,0.1173098161816597,-0.02641592174768448,-0.15097549557685852,0.7993807196617126,1.6449840068817139,-0.2134021520614624
1777555779765345,0.11734719574451447,-0.03788109868764877,-0.14900705218315125,0.7816446423530579,1.722873330116272,-0.34657472372055054
1777555779775375,0.10422353446483612,-0.015872972086071968,-0.14181633293628693,0.8238706588745117,1.773897409439087,-0.3019752502441406
1777555779785366,0.09598807990550995,-0.005995295941829681,-0.11768462508916855,0.7881965637207031,1.8499904870986938,-0.1451309323310852
1777555779795372,0.1284486949443817,-0.008980590850114822,-0.1495669186115265,0.7286046743392944,1.6748814582824707,-0.18578368425369263
1777555779805302,0.22505855560302734,-0.5389949083328247,-0.9362331628799438,-16.90483856201172,-8.894405364990234,0.5707318782806396
1777555779815313,1.878774881362915,-5.450388431549072,-9.399826049804688,-177.32037353515625,-95.65531158447266,9.479312896728516
1777555779825373,5.544890403747559,-0.9870399236679077,-18.728927612304688,-265.44476318359375,-96.38655853271484,-19.380615234375
1777555779835336,3.9864745140075684,1.2310476303100586,-14.538816452026367,-191.328857421875,-47.07327651977539,-15.23398208618164
1777555779845290,2.2378599643707275,0.3392840027809143,-8.481245040893555,-110.3211441040039,-23.67556381225586,-4.030481338500977
1777555779855364,2.0836901664733887,-0.27626022696495056,-5.747347354888916,-83.54484558105469,-25.42540740966797,-7.019394874572754
1777555779865360,2.301340103149414,-1.6871824264526367,-6.846500873565674,-112.22080993652344,-46.60346603393555,-4.877782821655273
1777555779875208,1.5030632019042969,-1.4960881471633911,-8.027371406555176,-133.45556640625,-55.55527877807617,5.909187316894531
1777555779885244,1.8125414848327637,0.30170002579689026,-8.93100357055664,-130.51097106933594,-39.87217712402344,0.9873466491699219
1777555779895271,1.590991735458374,-0.3832857012748718,-8.196524620056152,-115.72777557373047,-33.37162780761719,3.8847904205322266
1777555779905307,2.1039185523986816,-0.9814719557762146,-7.963493347167969,-116.83666229248047,-38.02599334716797,-0.8021049499511719
1777555779915292,2.4812405109405518,-1.1148265600204468,-8.471794128417969,-130.1171875,-47.101932525634766,-4.3690643310546875
1777555779925269,1.9764878749847412,-0.698479175567627,-8.576696395874023,-134.7050323486328,-49.542640686035156,-0.010770797729492188
1777555779935255,1.8196165561676025,0.0276089608669281,-8.611202239990234,-126.05467224121094,-38.76976776123047,0.7757339477539062
1777555779945328,1.5037899017333984,-0.7206452488899231,-7.9865007400512695,-114.95700073242188,-35.200408935546875,5.140918731689453
1777555779955271,1.9453997611999512,-1.0952800512313843,-8.048882484436035,-118.83958435058594,-39.68397903442383,0.7926807403564453
1777555779965336,2.0963399410247803,-0.8836812973022461,-8.163687705993652,-127.18621826171875,-46.43760681152344,-1.3471393585205078
1777555779975301,2.105149507522583,-0.4083985388278961,-8.710030555725098,-132.15914916992188,-44.929847717285156,-1.387460708618164
1777555779985239,1.9891340732574463,-0.2793729901313782,-8.543343544006348,-124.98592376708984,-38.60517120361328,-0.35036659240722656
1777555779995276,1.8814146518707275,-0.8918135166168213,-8.248632431030273,-119.93026733398438,-38.257057189941406,1.9455604553222656
1777555780005266,1.9317376613616943,-0.9610665440559387,-7.963801383972168,-121.35533142089844,-41.93167495727539,0.38776588439941406
1777555780015239,1.78251314163208,-0.6668931245803833,-8.04659652709961,-125.49234008789062,-45.16014862060547,1.1421546936035156
1777555780025298,1.7746200561523438,-0.38401567935943604,-8.442106246948242,-125.66629028320312,-40.76219177246094,1.4286632537841797
1777555780035258,1.9021587371826172,-0.5791926383972168,-8.370023727416992,-122.37326049804688,-38.79535675048828,0.9944686889648438
1777555780045298,2.029407262802124,-0.931437075138092,-8.340165138244629,-122.3993911743164,-40.084144592285156,0.2799530029296875
1777555780055304,2.2204365730285645,-0.6949359178543091,-8.188232421875,-125.430419921875,-43.646236419677734,-2.694295883178711
1777555780065274,1.779184103012085,-0.6875404119491577,-8.250397682189941,-126.33671569824219,-44.04759216308594,1.6853065490722656
1777555780075233,1.786299705505371,-0.4658224284648895,-8.356119155883789,-122.56082916259766,-38.891483306884766,1.8538360595703125
1777555780085325,1.6555349826812744,-0.8290657997131348,-8.003902435302734,-119.14836883544922,-39.55101013183594,3.3487186431884766
1777555780095335,1.884093999862671,-0.8270220160484314,-8.165046691894531,-121.8614730834961,-41.01960754394531,1.1049613952636719
1777555780105338,2.1128149032592773,-0.5125254988670349,-8.248358726501465,-126.14642333984375,-43.78569030761719,-2.0688133239746094
1777555780115343,1.9367754459381104,-0.6047914028167725,-8.541353225708008,-127.2235107421875,-42.50495529174805,0.6405658721923828
1777555780125312,1.9767851829528809,-0.5775080323219299,-8.422741889953613,-123.10047149658203,-38.92033004760742,0.3379020690917969
1777555780135424,1.8212754726409912,-0.7875322103500366,-7.9837799072265625,-120.27496337890625,-40.651641845703125,1.6013412475585938
1777555780145420,1.797372817993164,-0.7424954771995544,-8.065585136413574,-121.95137786865234,-41.84369659423828,1.4305057525634766
1777555780155389,1.7449545860290527,-0.6162053346633911,-8.132038116455078,-124.4532699584961,-42.95264434814453,1.6197166442871094
1777555780165278,1.8178834915161133,-0.6360583901405334,-8.449758529663086,-123.459716796875,-39.23320388793945,2.1607799530029297
1777555780175233,1.9871327877044678,-0.6863172650337219,-8.21621322631836,-121.916748046875,-40.33534240722656,-0.1893939971923828
1777555780185202,2.019744634628296,-0.7018416523933411,-8.180025100708008,-123.04045867919922,-41.523834228515625,-0.5463180541992188
1777555780195265,2.009256362915039,-0.6283393502235413,-8.287446975708008,-125.56880187988281,-42.64436340332031,-0.7778205871582031
1777555780205274,1.6799864768981934,-0.6510239839553833,-8.178842544555664,-123.69396209716797,-42.018131256103516,2.631990432739258
1777555780215211,1.6942002773284912,-0.6876893043518066,-8.207816123962402,-120.18522644042969,-38.29966735839844,3.1004981994628906
1777555780225218,1.7885334491729736,-0.6964871883392334,-7.895199775695801,-119.43706512451172,-40.57939147949219,1.1325740814208984
1777555780235266,1.9027869701385498,-0.6833575367927551,-8.185449600219727,-123.89472961425781,-42.30550003051758,0.6544914245605469
1777555780245242,2.0427019596099854,-0.5877296924591064,-8.476127624511719,-126.12522888183594,-41.884220123291016,-0.7792339324951172
1777555780255208,1.8691179752349854,-0.6892461776733398,-8.309625625610352,-124.03433227539062,-41.132484436035156,1.1001205444335938
1777555780265227,1.8777310848236084,-0.668529748916626,-8.161794662475586,-120.29438781738281,-39.155757904052734,1.0805797576904297
1777555780275167,1.792327880859375,-0.7115685939788818,-7.888531684875488,-120.55633544921875,-41.88665008544922,1.1177387237548828
1777555780285268,1.7434353828430176,-0.7016992568969727,-8.186381340026855,-123.28465270996094,-41.92428207397461,2.2952232360839844
1777555780295209,1.7798478603363037,-0.6211065649986267,-8.245171546936035,-123.3607177734375,-41.22548294067383,1.7363109588623047
1777555780305251,1.8120620250701904,-0.6690648198127747,-8.214731216430664,-121.68647766113281,-39.892330169677734,1.8210124969482422
1777555780315217,2.005934715270996,-0.603340208530426,-8.12337875366211,-121.70039367675781,-40.53982162475586,-0.7390289306640625
1777555780325233,1.9313619136810303,-0.7183337807655334,-8.199216842651367,-123.88836669921875,-42.59401321411133,0.2211933135986328
1777555780335210,1.8938624858856201,-0.6697292327880859,-8.33629035949707,-124.39259338378906,-41.745208740234375,1.2309379577636719
1777555780345231,1.684016227722168,-0.6343812346458435,-8.052045822143555,-120.56755828857422,-40.177040100097656,2.8704872131347656
1777555780355178,1.6799826622009277,-0.7283068299293518,-7.9899091720581055,-119.19916534423828,-39.25783920288086,2.753032684326172
1777555780365251,1.8572421073913574,-0.6871516704559326,-8.011048316955566,-121.43450927734375,-41.37629699707031,0.8092231750488281
1777555780375163,1.8982009887695312,-0.7025373578071594,-8.283014297485352,-124.8722915649414,-42.319637298583984,0.5171451568603516
1777555780385170,1.9681167602539062,-0.6038550734519958,-8.343019485473633,-124.10687255859375,-40.85355758666992,0.10812568664550781
1777555780395226,1.837454080581665,-0.5825799107551575,-8.069007873535156,-121.21586608886719,-40.44767761230469,0.8150749206542969
1777555780405197,1.7915427684783936,-0.7354201078414917,-8.078001976013184,-120.70462036132812,-39.98176956176758,1.8443984985351562
1777555780415198,1.7601549625396729,-0.7163489460945129,-7.9957780838012695,-121.84642028808594,-41.95627212524414,1.6906147003173828
1777555780425170,1.7030346393585205,-0.6885980367660522,-8.149774551391602,-122.13465881347656,-41.045867919921875,2.820728302001953
1777555780435174,1.8500165939331055,-0.582817792892456,-8.133749008178711,-121.660400390625,-40.161476135253906,0.9510288238525391
1777555780445170,1.8731367588043213,-0.6802345514297485,-8.105703353881836,-121.66246795654297,-40.60887908935547,0.9216938018798828
1777555780455207,1.9680354595184326,-0.7256011962890625,-8.26138687133789,-123.15071868896484,-41.193397521972656,0.07893562316894531
1777555780465229,1.8725438117980957,-0.681521475315094,-8.12781047821045,-123.22794342041016,-42.354698181152344,0.5651092529296875
1777555780475219,1.7260186672210693,-0.6579341292381287,-8.16234016418457,-121.41888427734375,-40.23834991455078,2.421112060546875
1777555780485219,1.71217942237854,-0.6328015923500061,-7.986540794372559,-119.78785705566406,-40.192928314208984,2.165346145629883
1777555780495221,1.7249267101287842,-0.7044986486434937,-8.050561904907227,-120.80854797363281,-40.5759162902832,2.2438297271728516
1777555780505267,1.8587253093719482,-0.6991609334945679,-8.230701446533203,-122.72577667236328,-41.39124298095703,1.1613197326660156
1777555780515226,1.9048547744750977,-0.5983366966247559,-8.195037841796875,-123.30313110351562,-41.92787551879883,0.43471527099609375
1777555780525216,1.901092767715454,-0.6238979697227478,-8.251226425170898,-122.2919921875,-39.961822509765625,0.6371612548828125
1777555780535290,1.8290865421295166,-0.7126150131225586,-8.038643836975098,-121.1300048828125,-41.026336669921875,1.4241104125976562
1777555780545225,1.7433068752288818,-0.7172452807426453,-8.066466331481934,-120.95047760009766,-40.84589767456055,2.184345245361328
1777555780555257,1.7308475971221924,-0.6485506892204285,-8.035917282104492,-120.78712463378906,-40.90397644042969,2.0434303283691406
1777555780565199,1.723283052444458,-0.6531257629394531,-8.055091857910156,-120.89042663574219,-40.91893005371094,2.281320571899414
1777555780575227,1.8659677505493164,-0.6268163919448853,-8.19019889831543,-121.65650177001953,-40.0717887878418,0.8088092803955078
1777555780585136,1.8986897468566895,-0.6791878938674927,-8.133034706115723,-122.32180786132812,-41.559059143066406,0.539398193359375
1777555780595159,1.8603005409240723,-0.6702513098716736,-8.140722274780273,-122.73255157470703,-41.18061447143555,0.9470443725585938
1777555780605258,1.794964075088501,-0.6046378016471863,-8.06283950805664,-121.44894409179688,-40.567745208740234,1.3396472930908203
1777555780615243,1.663034200668335,-0.7319024801254272,-8.025537490844727,-120.22584533691406,-40.19588851928711,2.858875274658203
1777555780625237,1.7355549335479736,-0.701503336429596,-8.007513999938965,-120.32875061035156,-40.38978958129883,2.307706832885742
1777555780635133,1.777712106704712,-0.6715324521064758,-8.046442985534668,-121.27102661132812,-40.966461181640625,1.6643238067626953
1777555780645153,1.85540771484375,-0.658154308795929,-8.191694259643555,-122.49491882324219,-40.80587387084961,1.06842041015625
1777555780655167,1.8758699893951416,-0.6402055025100708,-8.12015438079834,-121.94580841064453,-41.083251953125,0.8888168334960938
1777555780665171,1.8295388221740723,-0.6846339106559753,-8.15656852722168,-121.2853775024414,-39.99006271362305,1.2240543365478516
1777555780675193,1.7732539176940918,-0.6814231872558594,-7.966446399688721,-120.83084106445312,-41.50129318237305,1.6033592224121094
1777555780685153,1.6875669956207275,-0.6446875333786011,-8.03161334991455,-120.64616394042969,-40.5223274230957,2.371103286743164
1777555780695160,1.7383391857147217,-0.6721128225326538,-8.063407897949219,-120.72647094726562,-40.46793746948242,2.3959808349609375
1777555780705172,1.7492961883544922,-0.6542966961860657,-8.048151016235352,-120.64022827148438,-40.84075164794922,1.9469795227050781
1777555780715156,1.9023258686065674,-0.6733320355415344,-8.199668884277344,-121.53742980957031,-40.381195068359375,0.9462966918945312
1777555780725171,1.9078614711761475,-0.6478039622306824,-8.062664031982422,-122.12228393554688,-41.65898513793945,0.5277233123779297
1777555780735156,1.7767112255096436,-0.6630937457084656,-8.135689735412598,-121.75714111328125,-40.9871711730957,1.8637886047363281
1777555780745227,1.758636474609375,-0.6679543256759644,-8.061653137207031,-120.30659484863281,-40.06291961669922,2.0984458923339844
1777555780755180,1.679004192352295,-0.7182233929634094,-7.895902156829834,-119.56416320800781,-40.521697998046875,2.612396240234375
1777555780765183,1.7226574420928955,-0.678248941898346,-8.04096794128418,-120.41372680664062,-40.29655075073242,2.0066871643066406
1777555780775169,1.811192274093628,-0.6370811462402344,-8.081235885620117,-121.74552917480469,-41.3261833190918,1.1563549041748047
1777555780785130,1.8349380493164062,-0.6696006655693054,-8.173738479614258,-122.1910629272461,-40.810951232910156,1.1925735473632812
1777555780795153,1.821850061416626,-0.6385354399681091,-8.08227252960205,-121.01142120361328,-40.308753967285156,0.9973564147949219
1777555780805123,1.7807729244232178,-0.6874143481254578,-7.964008331298828,-120.63260650634766,-40.694847106933594,1.5440807342529297
1777555780815156,1.7111988067626953,-0.6973386406898499,-8.018182754516602,-120.7812271118164,-40.65790557861328,2.2935867309570312
1777555780825225,1.7072184085845947,-0.6679140329360962,-8.017725944519043,-120.59159851074219,-40.706138610839844,2.2550792694091797
1777555780835181,1.7323803901672363,-0.6702015995979309,-8.049508094787598,-120.43782043457031,-40.164310455322266,2.280364990234375
1777555780845159,1.8117122650146484,-0.6538639664649963,-8.046565055847168,-120.70655822753906,-40.573028564453125,1.3335914611816406
1777555780855180,1.8529953956604004,-0.6736217141151428,-8.114289283752441,-121.48098754882812,-40.67949295043945,1.026926040649414
1777555780865275,1.8418922424316406,-0.682985246181488,-8.10924243927002,-121.74468994140625,-41.08897399902344,1.1240711212158203
1777555780875171,1.7466425895690918,-0.6476250886917114,-8.057866096496582,-120.57415771484375,-40.44286346435547,1.8476810455322266
1777555780885238,1.719343900680542,-0.6623050570487976,-8.00002384185791,-119.56886291503906,-40.017330169677734,2.2917232513427734
1777555780895215,1.6837913990020752,-0.6960291266441345,-7.952069282531738,-119.8365478515625,-40.80620574951172,2.437742233276367
1777555780905234,1.7549939155578613,-0.6863636374473572,-8.083139419555664,-120.8433837890625,-40.593563079833984,2.0035400390625
1777555780915272,1.845883846282959,-0.6436111927032471,-8.085495948791504,-121.44062042236328,-41.04909133911133,1.2660179138183594
1777555780925208,1.8229949474334717,-0.6726405024528503,-8.101557731628418,-121.46221923828125,-40.666465759277344,1.5646648406982422
1777555780935224,1.8338332176208496,-0.6347728967666626,-8.077560424804688,-120.69804382324219,-40.34162139892578,1.0773124694824219
1777555780945222,1.7114136219024658,-0.7256758213043213,-7.968152046203613,-120.42028045654297,-41.04773712158203,2.3292293548583984
1777555780955180,1.6961140632629395,-0.6959609389305115,-8.034564971923828,-120.12125396728516,-40.17381286621094,2.6672229766845703
1777555780965191,1.7077956199645996,-0.6445203423500061,-7.971799850463867,-120.22315979003906,-40.212493896484375,2.0465126037597656
1777555780975233,1.7268071174621582,-0.6750887632369995,-8.005367279052734,-120.74252319335938,-40.455665588378906,1.9847488403320312
1777555780985170,1.8352465629577637,-0.6379434466362,-8.086331367492676,-121.17965698242188,-40.43227005004883,1.0999488830566406
1777555780995175,1.8014919757843018,-0.6877984404563904,-8.074535369873047,-121.35907745361328,-40.869937896728516,1.4099712371826172
1777555781005226,1.7634170055389404,-0.6750830411911011,-8.045073509216309,-120.72772216796875,-40.4687614440918,1.886526107788086
1777555781015229,1.7224884033203125,-0.6508285403251648,-7.983281135559082,-119.92095184326172,-40.398929595947266,2.0312156677246094
1777555781025113,1.6883857250213623,-0.6979867815971375,-8.008543968200684,-119.87467956542969,-40.24980545043945,2.5207462310791016
1777555781035147,1.7235989570617676,-0.6810797452926636,-7.988848686218262,-120.20219421386719,-40.627845764160156,2.1143360137939453
1777555781045154,1.7859292030334473,-0.6465246677398682,-8.04440689086914,-120.5620346069336,-40.180458068847656,1.532663345336914
1777555781055159,1.808406114578247,-0.6803580522537231,-8.06630802154541,-120.76438903808594,-40.64221954345703,1.2406539916992188
1777555781065231,1.8000123500823975,-0.656891405582428,-8.03386116027832,-120.88280487060547,-40.48560333251953,1.4189815521240234
1777555781075114,1.7705302238464355,-0.685592770576477,-8.049890518188477,-120.38160705566406,-40.48133087158203,1.9544010162353516
1777555781085177,1.6891629695892334,-0.6947274208068848,-7.936079025268555,-119.9350357055664,-40.781856536865234,2.4902496337890625
1777555781095173,1.6901307106018066,-0.6699793338775635,-8.00012493133545,-119.58023071289062,-40.063419342041016,2.6901283264160156
1777555781105242,1.732229232788086,-0.6740975975990295,-8.001977920532227,-119.99992370605469,-40.50583267211914,2.193634033203125
1777555781115221,1.780374526977539,-0.6739829182624817,-8.044321060180664,-120.67345428466797,-40.86921310424805,1.7750720977783203
1777555781125122,1.8081011772155762,-0.6475558280944824,-8.11174201965332,-121.08587646484375,-40.450477600097656,1.20489501953125
1777555781135176,1.787048101425171,-0.6824108362197876,-8.052786827087402,-120.69581604003906,-40.97734451293945,1.583303451538086
1777555781145178,1.7339348793029785,-0.6767954230308533,-8.050985336303711,-119.8682861328125,-40.30902862548828,2.173786163330078
1777555781155179,1.6965091228485107,-0.6915318369865417,-7.951070785522461,-119.50079345703125,-40.37898254394531,2.3154830932617188
1777555781165112,1.6768121719360352,-0.6806207299232483,-7.933460712432861,-119.71278381347656,-40.48551559448242,2.388978958129883
1777555781175164,1.721940517425537,-0.6581728458404541,-8.012919425964355,-120.23169708251953,-40.461456298828125,2.041841506958008
1777555781185115,1.7765860557556152,-0.6641888618469238,-8.055377960205078,-120.44180297851562,-40.39504623413086,1.5399284362792969
1777555781195103,1.7760930061340332,-0.6655479073524475,-8.040921211242676,-120.6025619506836,-40.38487243652344,1.3323307037353516
1777555781205117,1.779045581817627,-0.6584315299987793,-8.008342742919922,-120.20663452148438,-40.46869659423828,1.661935806274414
1777555781215128,1.7202632427215576,-0.6876735091209412,-7.963091850280762,-120.01541137695312,-40.28662109375,2.2884674072265625
1777555781225174,1.6781642436981201,-0.686351478099823,-7.9504194259643555,-119.82679748535156,-40.515193939208984,2.528837203979492
1777555781235151,1.7014310359954834,-0.6890210509300232,-7.992467403411865,-119.51670837402344,-39.995361328125,2.3717784881591797
1777555781245109,1.7488493919372559,-0.6745577454566956,-7.9943342208862305,-120.0570068359375,-40.49259567260742,1.9548835754394531
1777555781255163,1.7852752208709717,-0.6573417782783508,-8.021472930908203,-120.37255859375,-40.68084716796875,1.5727863311767578
1777555781265205,1.793858528137207,-0.6533775329589844,-8.06887149810791,-120.63892364501953,-40.45630645751953,1.5152168273925781
1777555781275154,1.7356600761413574,-0.6689460873603821,-8.006060600280762,-120.18125915527344,-40.60087585449219,1.9107990264892578
1777555781285143,1.7065701484680176,-0.6838681101799011,-7.948796272277832,-119.3734130859375,-40.13117218017578,2.6456737518310547
1777555781295143,1.6777353286743164,-0.6861691474914551,-7.923974514007568,-119.19232177734375,-40.42985534667969,2.4255142211914062
1777555781305192,1.6959035396575928,-0.6648862361907959,-7.96189022064209,-119.78804016113281,-40.46978759765625,2.5209732055664062
1777555781315194,1.7642087936401367,-0.6511760950088501,-8.039077758789062,-120.10556030273438,-40.290260314941406,1.9260711669921875
1777555781325121,1.792217493057251,-0.6369519829750061,-8.020196914672852,-120.23672485351562,-40.475887298583984,1.4130687713623047
1777555781335126,1.7632114887237549,-0.6800037622451782,-8.023486137390137,-120.18867492675781,-40.404727935791016,1.8879985809326172
1777555781345193,1.7477357387542725,-0.6657677888870239,-7.963762283325195,-119.70024108886719,-40.43758010864258,1.938100814819336
1777555781355143,1.6809144020080566,-0.6852542161941528,-7.9686689376831055,-119.52555847167969,-40.29020309448242,2.455373764038086
1777555781365060,1.676774501800537,-0.664089024066925,-7.93419075012207,-119.39933776855469,-40.209312438964844,2.349668502807617
1777555781375126,1.717982530593872,-0.6348806619644165,-7.969866752624512,-119.52464294433594,-40.20966339111328,2.183095932006836
1777555781385059,1.7420706748962402,-0.6636139154434204,-7.995888710021973,-120.1868667602539,-40.37510681152344,1.8894176483154297
1777555781395073,1.775698184967041,-0.659467339515686,-8.032652854919434,-120.31982421875,-40.21321487426758,1.5759925842285156
1777555781405081,1.761939287185669,-0.6640427112579346,-7.9976396560668945,-120.10009002685547,-40.401920318603516,1.7799701690673828
1777555781415104,1.713977336883545,-0.6778850555419922,-7.952247619628906,-119.69152069091797,-40.37405776977539,2.2061080932617188
1777555781425137,1.6939566135406494,-0.6777373552322388,-7.963895320892334,-119.38846588134766,-40.20140075683594,2.440706253051758
1777555781435076,1.6694467067718506,-0.6901995539665222,-7.928272724151611,-119.44515991210938,-40.04995346069336,2.4010143280029297
1777555781445046,1.7089910507202148,-0.6791700720787048,-7.968901634216309,-119.84718322753906,-40.22163391113281,2.2057952880859375
1777555781455038,1.7724859714508057,-0.6431549191474915,-7.986982822418213,-120.219482421875,-40.3570671081543,1.755868911743164
1777555781465109,1.7872774600982666,-0.6563575863838196,-8.002910614013672,-120.29617309570312,-40.603858947753906,1.6727142333984375
1777555781475055,1.7286553382873535,-0.6622471809387207,-8.01150894165039,-120.05574798583984,-40.49092483520508,2.1034908294677734
1777555781485083,1.7186381816864014,-0.6496516466140747,-7.955514907836914,-119.36997985839844,-40.40101623535156,2.1235618591308594
1777555781495083,1.66947603225708,-0.6856476068496704,-7.926339149475098,-119.09461975097656,-40.324127197265625,2.748342514038086
1777555781505122,1.701040267944336,-0.659187912940979,-7.957300186157227,-119.35624694824219,-40.422603607177734,2.410154342651367
1777555781515096,1.7432787418365479,-0.6739195585250854,-7.9757866859436035,-119.92030334472656,-40.31003952026367,1.9956645965576172
1777555781525090,1.7563896179199219,-0.6660802960395813,-8.014896392822266,-120.02597045898438,-40.50074005126953,1.9110298156738281
1777555781535093,1.7605655193328857,-0.6515346765518188,-8.018280029296875,-119.74988555908203,-40.378822326660156,1.7755546569824219
1777555781545143,1.7395994663238525,-0.6658957600593567,-7.991257190704346,-119.48211669921875,-40.69416427612305,2.3185081481933594
1777555781555096,1.696197748184204,-0.6654122471809387,-7.9464802742004395,-119.36985778808594,-40.284881591796875,2.466388702392578
1777555781565023,1.6864826679229736,-0.6488766670227051,-7.9389495849609375,-119.31809997558594,-40.2414436340332,2.3927688598632812
1777555781575099,1.6777348518371582,-0.6734762191772461,-7.939932823181152,-119.37385559082031,-40.1504020690918,2.4237594604492188
1777555781585051,1.728579044342041,-0.6600939631462097,-8.008317947387695,-119.6387939453125,-40.29890823364258,2.035776138305664
1777555781595072,1.7573325634002686,-0.6524680852890015,-8.020803451538086,-119.78643798828125,-40.224578857421875,1.7422256469726562
1777555781605044,1.7576563358306885,-0.6690585017204285,-7.988485336303711,-119.8957290649414,-40.509117126464844,1.8010501861572266
1777555781615071,1.7133278846740723,-0.6682784557342529,-7.969944953918457,-119.51144409179688,-40.37236785888672,2.2064151763916016
1777555781625124,1.6966516971588135,-0.6799166798591614,-7.94682502746582,-119.27649688720703,-40.059539794921875,2.5675601959228516
1777555781635042,1.6809101104736328,-0.6786484122276306,-7.894706726074219,-119.01163482666016,-40.21929931640625,2.4985198974609375
1777555781645088,1.7074520587921143,-0.6556569337844849,-7.9532365798950195,-119.3604965209961,-40.087974548339844,2.25335693359375
1777555781655022,1.7476227283477783,-0.6732900142669678,-7.9591522216796875,-119.93218231201172,-40.432682037353516,1.9544639587402344
1777555781665117,1.7473177909851074,-0.6541582942008972,-7.994329929351807,-120.04824829101562,-40.329078674316406,1.8541336059570312
1777555781675068,1.7437820434570312,-0.6672044396400452,-7.971208572387695,-119.5594253540039,-40.316741943359375,2.0171051025390625
1777555781685039,1.6881866455078125,-0.6661492586135864,-7.92928409576416,-119.0106201171875,-40.255470275878906,2.3252220153808594
1777555781695086,1.677250862121582,-0.6945000290870667,-7.900371551513672,-119.0761947631836,-40.10304641723633,2.6467533111572266
1777555781705056,1.6918489933013916,-0.6763316988945007,-7.955788612365723,-119.21267700195312,-40.392757415771484,2.6837081909179688
1777555781715071,1.7101593017578125,-0.6858262419700623,-7.988154411315918,-119.46305847167969,-40.32176208496094,2.350515365600586
1777555781725075,1.7290589809417725,-0.6567482948303223,-7.971123695373535,-119.57295989990234,-39.98775100708008,1.9746589660644531
1777555781735113,1.7528388500213623,-0.6690927147865295,-7.967426300048828,-119.6373519897461,-40.3123779296875,1.9751548767089844
1777555781745065,1.7328760623931885,-0.6796659231185913,-7.974697589874268,-119.5465087890625,-40.59269714355469,2.2089099884033203
1777555781755088,1.67759108543396,-0.6772375702857971,-7.909868240356445,-119.3281021118164,-40.09198760986328,2.4297103881835938
1777555781765104,1.6703834533691406,-0.658176600933075,-7.925607204437256,-118.84862518310547,-40.1453742980957,2.538118362426758
1777555781775090,1.6647119522094727,-0.6667510271072388,-7.917606353759766,-118.94174194335938,-40.03908157348633,2.606691360473633
1777555781785016,1.7150146961212158,-0.67144376039505,-7.965600967407227,-119.41433715820312,-40.14054870605469,2.20361328125
1777555781795046,1.7187895774841309,-0.6740860939025879,-7.9877777099609375,-119.70797729492188,-40.29930114746094,2.1480464935302734
1777555781805069,1.750748634338379,-0.6366446018218994,-7.940247535705566,-119.5428237915039,-40.209659576416016,1.9460506439208984
1777555781815025,1.697925329208374,-0.6894859075546265,-7.925232887268066,-119.277587890625,-40.27051544189453,2.1042118072509766
1777555781825084,1.6666560173034668,-0.6883302330970764,-7.929948806762695,-119.12633514404297,-40.28162384033203,2.7040443420410156
1777555781835012,1.6724131107330322,-0.6576054096221924,-7.950155258178711,-119.04463195800781,-40.143714904785156,2.712961196899414
1777555781845026,1.6849277019500732,-0.6659761667251587,-7.937158107757568,-119.0398178100586,-40.15557098388672,2.231945037841797
1777555781855017,1.7135460376739502,-0.6519482135772705,-7.916007041931152,-119.186767578125,-40.248111724853516,2.1331329345703125
1777555781865067,1.7485220432281494,-0.6602452397346497,-7.972182273864746,-119.77991485595703,-40.238853454589844,1.8482608795166016
1777555781875042,1.718080759048462,-0.670169472694397,-7.945183753967285,-119.58560180664062,-40.25981140136719,2.1996326446533203
1777555781885046,1.6860740184783936,-0.667376697063446,-7.911877632141113,-119.02088928222656,-40.05828094482422,2.3899688720703125
1777555781895006,1.6709253787994385,-0.6629958152770996,-7.927556991577148,-118.81014251708984,-40.09964370727539,2.423288345336914
1777555781905074,1.6698954105377197,-0.6872849464416504,-7.936444282531738,-119.01107025146484,-40.316036224365234,2.586275100708008
1777555781915033,1.704881191253662,-0.6739369034767151,-7.960639953613281,-119.37602996826172,-40.339664459228516,2.2772045135498047
1777555781925067,1.7198998928070068,-0.6608653664588928,-7.973799228668213,-119.40399169921875,-40.29969024658203,2.203388214111328
1777555781935070,1.7373871803283691,-0.6635200381278992,-7.968639373779297,-119.29740905761719,-40.36162567138672,2.033041000366211
1777555781945050,1.7281618118286133,-0.668035089969635,-7.945446491241455,-119.17737579345703,-40.1932258605957,2.2843971252441406
1777555781955018,1.7023265361785889,-0.6688575744628906,-7.925362586975098,-119.09258270263672,-40.2855339050293,2.2316837310791016
1777555781965039,1.6554529666900635,-0.6674527525901794,-7.896902561187744,-118.8928451538086,-40.2363166809082,2.650014877319336
1777555781975014,1.6708850860595703,-0.6695792078971863,-7.88220739364624,-118.79266357421875,-39.85260772705078,2.6528244018554688
1777555781985001,1.688643455505371,-0.6792741417884827,-7.934831619262695,-119.10452270507812,-40.01801681518555,2.3814544677734375
1777555781994995,1.7216875553131104,-0.6646336317062378,-7.943869590759277,-119.30235290527344,-40.16239929199219,2.185413360595703
1777555782005073,1.7356719970703125,-0.646443784236908,-7.965938091278076,-119.38758850097656,-40.27500915527344,1.9896087646484375
1777555782015030,1.701756477355957,-0.6741823554039001,-7.935300827026367,-119.09687805175781,-40.32049560546875,2.2163619995117188
1777555782025007,1.6762726306915283,-0.6699014902114868,-7.917202949523926,-118.88683319091797,-40.21211242675781,2.5902957916259766
1777555782035016,1.663543462753296,-0.6913440823554993,-7.889954566955566,-118.648681640625,-39.99903106689453,2.6306819915771484
1777555782045064,1.6929311752319336,-0.6599721312522888,-7.917870044708252,-118.99589538574219,-40.26754379272461,2.5838165283203125
1777555782055009,1.7130794525146484,-0.649206817150116,-7.953763008117676,-119.22219848632812,-40.12915802001953,2.379528045654297
1777555782065066,1.7158238887786865,-0.6537595987319946,-7.987886428833008,-119.16474151611328,-40.09859848022461,2.0455856323242188
1777555782075070,1.7228453159332275,-0.6839030981063843,-7.94338321685791,-119.2493896484375,-40.04938507080078,2.3200225830078125
1777555782085049,1.6909315586090088,-0.6646465063095093,-7.937087059020996,-119.0292739868164,-40.162513732910156,2.3595848083496094
1777555782095019,1.6807360649108887,-0.6734815835952759,-7.902039527893066,-118.91458129882812,-40.160064697265625,2.4715747833251953
1777555782105059,1.6692728996276855,-0.6503360271453857,-7.907351970672607,-118.71472930908203,-40.134735107421875,2.6989593505859375
1777555782115066,1.7002778053283691,-0.6698127388954163,-7.929399490356445,-118.86353302001953,-40.143218994140625,2.516080856323242
1777555782125003,1.709834098815918,-0.6660840511322021,-7.925285339355469,-119.2142333984375,-40.316619873046875,2.3530216217041016
1777555782135080,1.7149019241333008,-0.6533023715019226,-7.951038360595703,-119.3270263671875,-40.44185256958008,2.186849594116211
1777555782145092,1.7117209434509277,-0.6805110573768616,-7.956181526184082,-119.24173736572266,-40.36756134033203,2.329418182373047
1777555782155033,1.6728241443634033,-0.6728386282920837,-7.924766540527344,-118.81778717041016,-40.17061233520508,2.5085678100585938
1777555782165010,1.6670715808868408,-0.6797305345535278,-7.914423942565918,-118.85331726074219,-40.11088562011719,2.590545654296875
1777555782175086,1.6585628986358643,-0.6589779853820801,-7.887026786804199,-118.64066314697266,-39.96319580078125,2.5813465118408203
1777555782185051,1.6991596221923828,-0.6715290546417236,-7.933541297912598,-118.9937744140625,-40.23271560668945,2.56414794921875
1777555782195002,1.7005136013031006,-0.6701546907424927,-7.948507785797119,-119.08456420898438,-39.9627685546875,2.1789112091064453
1777555782205081,1.7205188274383545,-0.6679908037185669,-7.92404317855835,-119.17695617675781,-40.17469787597656,2.1116065979003906
1777555782215029,1.6869781017303467,-0.6660662889480591,-7.9258880615234375,-119.0123291015625,-40.03963851928711,2.352214813232422
1777555782225023,1.6613452434539795,-0.6827354431152344,-7.916919231414795,-118.84011840820312,-40.08061218261719,2.29290771484375
1777555782235038,1.6473958492279053,-0.6751036643981934,-7.915195465087891,-118.73484802246094,-40.04317092895508,2.6000308990478516
1777555782245031,1.6676301956176758,-0.665079653263092,-7.900355339050293,-118.7220687866211,-39.92006301879883,2.6744384765625
1777555782255005,1.7036070823669434,-0.6669425368309021,-7.928869724273682,-118.91984558105469,-40.09663772583008,2.4323654174804688
1777555782265083,1.709118366241455,-0.6745343208312988,-7.918732166290283,-119.14772033691406,-40.279457092285156,2.268260955810547
1777555782275056,1.7018508911132812,-0.654025137424469,-7.930920600891113,-119.1141357421875,-40.18760299682617,2.195873260498047
1777555782285040,1.6870248317718506,-0.6744733452796936,-7.922834873199463,-118.85729217529297,-40.23109436035156,2.331878662109375
1777555782294974,1.6589646339416504,-0.6809885501861572,-7.8739237785339355,-118.6819839477539,-40.070335388183594,2.7720794677734375
1777555782305024,1.671510934829712,-0.6735250353813171,-7.920072555541992,-118.66382598876953,-40.140533447265625,2.714536666870117
1777555782315011,1.6788723468780518,-0.661770761013031,-7.9292449951171875,-118.80915069580078,-40.43370056152344,2.6620845794677734
1777555782324952,1.7005527019500732,-0.6578724980354309,-7.924628734588623,-119.01316833496094,-39.8785400390625,2.444915771484375
1777555782335030,1.694014072418213,-0.6558616757392883,-7.932662010192871,-118.91755676269531,-40.14167404174805,2.3299713134765625
1777555782345059,1.6924803256988525,-0.6691015362739563,-7.928447723388672,-118.99248504638672,-40.15957260131836,2.30242919921875
1777555782355044,1.6822309494018555,-0.6924768686294556,-7.89898681640625,-118.9701919555664,-40.10391616821289,2.5757198333740234
1777555782365042,1.6534428596496582,-0.660956621170044,-7.8761138916015625,-118.61305236816406,-39.969478607177734,2.5825462341308594
1777555782375011,1.6525037288665771,-0.670086681842804,-7.850525379180908,-118.38130187988281,-39.91691207885742,2.640970230102539
1777555782385046,1.6704275608062744,-0.6786738038063049,-7.914384841918945,-118.58341979980469,-40.1290397644043,2.3698577880859375
1777555782394992,1.7041423320770264,-0.6504104733467102,-7.940282821655273,-118.92655944824219,-40.27912139892578,2.234903335571289
1777555782405011,1.67793869972229,-0.6729990839958191,-7.9299163818359375,-119.07637786865234,-40.23466110229492,2.4089221954345703
1777555782414993,1.6762433052062988,-0.6609134078025818,-7.902591228485107,-118.7850341796875,-39.97749328613281,2.3255558013916016
1777555782424993,1.6636614799499512,-0.695085883140564,-7.910392761230469,-118.81111145019531,-40.164520263671875,2.7003021240234375
1777555782434963,1.6685924530029297,-0.6867980360984802,-7.911357879638672,-118.67543029785156,-40.24116897583008,2.5356597900390625
1777555782445016,1.6629436016082764,-0.6650406718254089,-7.8852858543396,-118.67284393310547,-40.08050537109375,2.6023120880126953
1777555782455018,1.6741373538970947,-0.6714594960212708,-7.908965110778809,-118.71238708496094,-40.022727966308594,2.502796173095703
1777555782464965,1.6871726512908936,-0.6601195335388184,-7.924119472503662,-118.81597137451172,-40.05401611328125,2.3054428100585938
1777555782474978,1.704071044921875,-0.6732656359672546,-7.945284843444824,-118.89562225341797,-40.03868103027344,2.4999332427978516
1777555782485004,1.669982671737671,-0.6582909226417542,-7.902352333068848,-118.599609375,-40.07523727416992,2.355367660522461
1777555782494998,1.6652183532714844,-0.6700292229652405,-7.936018466949463,-118.66275787353516,-40.24063491821289,2.5116119384765625
1777555782505019,1.6584594249725342,-0.6608214974403381,-7.911277770996094,-118.49079132080078,-40.206459045410156,2.571340560913086
1777555782515063,1.6527845859527588,-0.6536383032798767,-7.871218681335449,-118.39127349853516,-40.153656005859375,2.7532119750976562
1777555782525034,1.6616225242614746,-0.664484441280365,-7.902990341186523,-118.65099334716797,-39.90839385986328,2.5043792724609375
1777555782535030,1.7032182216644287,-0.6805322766304016,-7.909431457519531,-118.7706527709961,-40.30885314941406,2.41259765625
1777555782545006,1.6888160705566406,-0.6611773371696472,-7.908473014831543,-118.87273406982422,-40.147789001464844,2.4377079010009766
1777555782555033,1.6685137748718262,-0.6660511493682861,-7.878475189208984,-118.67687225341797,-39.962093353271484,2.5506839752197266
1777555782564986,1.6690163612365723,-0.6738848686218262,-7.865908622741699,-118.46389770507812,-40.0513916015625,2.6255626678466797
1777555782575012,1.639399528503418,-0.6856563687324524,-7.894518852233887,-118.44983673095703,-40.02024841308594,2.633831024169922
1777555782584978,1.6726343631744385,-0.6723675727844238,-7.923546314239502,-118.6509780883789,-39.89950180053711,2.6766433715820312
1777555782594980,1.6855688095092773,-0.6758599281311035,-7.887876987457275,-118.79679107666016,-40.01688003540039,2.487913131713867
1777555782604994,1.6835741996765137,-0.6539505124092102,-7.923248767852783,-118.76554107666016,-40.088802337646484,2.531829833984375
1777555782614991,1.6871602535247803,-0.6645503044128418,-7.886452674865723,-118.68046569824219,-40.058311462402344,2.1952896118164062
1777555782625043,1.6781749725341797,-0.6775978803634644,-7.918928146362305,-118.689697265625,-40.110408782958984,2.7121620178222656
1777555782634960,1.665024757385254,-0.6805914640426636,-7.884526252746582,-118.5067138671875,-39.884063720703125,2.6063175201416016
1777555782645012,1.67063570022583,-0.66603684425354,-7.870366096496582,-118.4915542602539,-40.07591247558594,2.6680374145507812
1777555782654960,1.6662707328796387,-0.6583309769630432,-7.8652496337890625,-118.5880126953125,-39.983680725097656,2.6618118286132812
1777555782665024,1.6712796688079834,-0.6624689698219299,-7.9116740226745605,-118.64905548095703,-40.03937911987305,2.5911178588867188
1777555782674994,1.666616439819336,-0.6592146754264832,-7.888372421264648,-118.75743103027344,-39.91239929199219,2.3918285369873047
1777555782685007,1.6910624504089355,-0.6835399866104126,-7.891897201538086,-118.72012329101562,-40.0766716003418,2.6130599975585938
1777555782694956,1.6872632503509521,-0.6777583956718445,-7.874561309814453,-118.63504028320312,-40.081783294677734,2.598611831665039
1777555782705048,1.656562089920044,-0.6787720918655396,-7.900803565979004,-118.60345458984375,-40.128868103027344,2.9020614624023438
1777555782715024,1.663745403289795,-0.6745259761810303,-7.915990352630615,-118.37532806396484,-39.92927551269531,2.757173538208008
1777555782724996,1.6706504821777344,-0.678048312664032,-7.8887128829956055,-118.57321166992188,-40.00395584106445,2.746713638305664
1777555782735006,1.6772220134735107,-0.652979850769043,-7.921014785766602,-118.45082092285156,-40.25225067138672,2.5478649139404297
1777555782745013,1.6831388473510742,-0.6449618339538574,-7.914943695068359,-118.58277893066406,-39.99247741699219,2.463226318359375
1777555782754982,1.6613214015960693,-0.6916144490242004,-7.890475273132324,-118.60733795166016,-40.05453872680664,2.679536819458008
1777555782764920,1.6719584465026855,-0.6751947999000549,-7.891504287719727,-118.40619659423828,-40.16120147705078,2.7365245819091797
1777555782774918,1.6413450241088867,-0.660785973072052,-7.88847017288208,-118.27124786376953,-40.04619216918945,2.701732635498047
1777555782784934,1.675203800201416,-0.6680835485458374,-7.903531074523926,-118.47142028808594,-40.12005615234375,2.708606719970703
1777555782794967,1.6609141826629639,-0.6495060324668884,-7.892923831939697,-118.52073669433594,-40.018795013427734,2.4632740020751953
1777555782804985,1.6755976676940918,-0.65598464012146,-7.872308254241943,-118.54486846923828,-39.9237174987793,2.5483875274658203
1777555782814978,1.6577963829040527,-0.6656843423843384,-7.893218517303467,-118.57647705078125,-40.0701904296875,2.603719711303711
1777555782824988,1.6673915386199951,-0.6597322821617126,-7.892038345336914,-118.38267517089844,-40.171199798583984,2.6356334686279297
1777555782834954,1.6668732166290283,-0.6895615458488464,-7.886242866516113,-118.41805267333984,-40.02409744262695,2.618183135986328
1777555782844963,1.6465928554534912,-0.6677806377410889,-7.869447231292725,-118.45021057128906,-39.877357482910156,2.671609878540039
1777555782854974,1.6525201797485352,-0.6587105989456177,-7.905138969421387,-118.41798400878906,-39.795108795166016,2.6282958984375
1777555782864946,1.6675572395324707,-0.6927022933959961,-7.9305739402771,-118.53956604003906,-39.90863800048828,2.5874805450439453
1777555782874977,1.672257423400879,-0.6616161465644836,-7.87425422668457,-118.50211334228516,-40.14147186279297,2.526418685913086
1777555782884964,1.6660776138305664,-0.6709362268447876,-7.909198760986328,-118.43634033203125,-40.059715270996094,2.558225631713867
1777555782894986,1.6527132987976074,-0.6601689457893372,-7.917326927185059,-118.41744995117188,-40.07212448120117,2.6375865936279297
1777555782904962,1.6593213081359863,-0.6712639927864075,-7.888174057006836,-118.42212677001953,-40.10264587402344,2.7385482788085938
1777555782914973,1.666182279586792,-0.6560131311416626,-7.859321594238281,-118.276611328125,-40.03200912475586,2.721538543701172
1777555782924978,1.6573717594146729,-0.6834871768951416,-7.8909807205200195,-118.35237121582031,-39.97475814819336,2.6426639556884766
1777555782934963,1.6732738018035889,-0.6551561951637268,-7.906005859375,-118.35008239746094,-40.17534255981445,2.5408096313476562
1777555782944956,1.6777803897857666,-0.6702816486358643,-7.903414726257324,-118.57981872558594,-40.1584587097168,2.639131546020508
1777555782954939,1.650848388671875,-0.6781107783317566,-7.895876884460449,-118.40880584716797,-40.031070709228516,2.809122085571289
1777555782965012,1.6515305042266846,-0.6732059717178345,-7.860608100891113,-118.3408203125,-39.96587371826172,2.5341567993164062
1777555782974965,1.6522881984710693,-0.6702482104301453,-7.854953289031982,-118.34944152832031,-39.89079666137695,2.6007118225097656
1777555782984932,1.6686649322509766,-0.667721688747406,-7.910073757171631,-118.21746063232422,-40.133365631103516,2.716175079345703
1777555782994975,1.6639220714569092,-0.6864067316055298,-7.877985000610352,-118.61830139160156,-39.95199203491211,2.615152359008789
1777555783004945,1.6749560832977295,-0.6663194894790649,-7.888750076293945,-118.44271850585938,-40.0955810546875,2.456167221069336
1777555783014952,1.6634495258331299,-0.66094970703125,-7.883374214172363,-118.25312042236328,-39.910804748535156,2.5223770141601562
1777555783024931,1.6553692817687988,-0.679631233215332,-7.879575252532959,-118.45915222167969,-39.8502311706543,2.6243724822998047
1777555783034909,1.6558067798614502,-0.6811618208885193,-7.881128311157227,-118.27178955078125,-40.00370407104492,2.5113487243652344
1777555783044940,1.6373355388641357,-0.6629535555839539,-7.856389999389648,-118.11853790283203,-39.8505744934082,2.903593063354492
1777555783054962,1.6510117053985596,-0.6607873439788818,-7.882633209228516,-117.965087890625,-39.831993103027344,2.783456802368164
1777555783064953,1.6550805568695068,-0.6783031225204468,-7.902524948120117,-118.48731994628906,-40.20105743408203,2.7549571990966797
1777555783074964,1.6649525165557861,-0.6553000211715698,-7.889462471008301,-118.54315185546875,-39.86138153076172,2.636798858642578
1777555783084983,1.6675631999969482,-0.6637868881225586,-7.892849445343018,-118.37217712402344,-40.01531219482422,2.5910415649414062
1777555783094909,1.658724308013916,-0.6665535569190979,-7.875636100769043,-118.114501953125,-39.720760345458984,2.6934986114501953
1777555783104951,1.6583094596862793,-0.656899094581604,-7.888698101043701,-118.10198211669922,-40.159149169921875,2.6793270111083984
1777555783114997,1.6507270336151123,-0.6579334139823914,-7.868939399719238,-118.124267578125,-40.08584976196289,2.9014625549316406
1777555783124961,1.654097318649292,-0.6613489985466003,-7.8707733154296875,-118.14508056640625,-39.9815559387207,2.730741500854492
1777555783134980,1.6813971996307373,-0.6769709587097168,-7.892624855041504,-118.40365600585938,-40.139991760253906,2.775705337524414
1777555783144959,1.6544220447540283,-0.6665315628051758,-7.922995567321777,-118.2593994140625,-40.07025909423828,2.6106224060058594
1777555783154930,1.6558678150177002,-0.6870136260986328,-7.891648292541504,-118.47237396240234,-40.009918212890625,2.578786849975586
1777555783164920,1.6575040817260742,-0.6816858053207397,-7.883898735046387,-118.19374084472656,-39.920467376708984,2.8665084838867188
1777555783174969,1.642338752746582,-0.6691478490829468,-7.866113662719727,-118.16050720214844,-39.98965835571289,2.6967811584472656
1777555783184919,1.6542837619781494,-0.6581050157546997,-7.88016414642334,-118.19253540039062,-39.945709228515625,2.723541259765625
1777555783194924,1.6457829475402832,-0.6615535020828247,-7.889518737792969,-118.29373168945312,-39.9015998840332,2.735494613647461
1777555783204975,1.6621112823486328,-0.6619356870651245,-7.859406471252441,-118.15462493896484,-39.96895217895508,2.5882625579833984
1777555783214932,1.656825065612793,-0.6802462935447693,-7.856032848358154,-118.40969848632812,-39.83834457397461,2.6545276641845703
1777555783224909,1.6527636051177979,-0.6838344931602478,-7.888748645782471,-118.27558898925781,-40.05169677734375,2.765993118286133
1777555783234948,1.6490209102630615,-0.6860344409942627,-7.857590675354004,-118.1494369506836,-39.87608337402344,2.6867313385009766
1777555783244906,1.6338624954223633,-0.682935893535614,-7.879240036010742,-118.21780395507812,-39.9906120300293,2.773836135864258
1777555783254926,1.6356267929077148,-0.6959375739097595,-7.864149570465088,-118.38621520996094,-39.89803695678711,2.758729934692383
1777555783264955,1.6530733108520508,-0.6744770407676697,-7.84610652923584,-118.15263366699219,-40.06742858886719,2.6928939819335938
1777555783274962,1.6793029308319092,-0.6688523292541504,-7.857852935791016,-118.31449890136719,-40.153961181640625,2.6808319091796875
1777555783284965,1.661606788635254,-0.6824691891670227,-7.85582160949707,-118.39149475097656,-40.12508010864258,2.813405990600586
1777555783294916,1.6534342765808105,-0.6604599356651306,-7.856081962585449,-118.0339126586914,-39.8243408203125,2.8501052856445312
1777555783304914,1.6406080722808838,-0.6590920090675354,-7.910332679748535,-118.13147735595703,-40.078857421875,3.0316410064697266
1777555783314919,1.6400744915008545,-0.6706943511962891,-7.900257587432861,-118.21870422363281,-40.10578536987305,2.879566192626953
1777555783324896,1.6531686782836914,-0.670321524143219,-7.888690948486328,-117.99630737304688,-40.02157974243164,2.827930450439453
1777555783334878,1.6622216701507568,-0.6648482084274292,-7.893596649169922,-118.28265380859375,-40.05409622192383,2.7259387969970703
1777555783344916,1.6656877994537354,-0.6608396768569946,-7.884510517120361,-118.2394790649414,-40.10773468017578,2.767721176147461
1777555783354936,1.6519711017608643,-0.6746436357498169,-7.873140335083008,-118.24421691894531,-39.91554260253906,2.7059249877929688
1777555783364887,1.6372134685516357,-0.6713231801986694,-7.88960075378418,-118.11576843261719,-39.9271125793457,2.8034515380859375
1777555783374919,1.640855073928833,-0.6737879514694214,-7.830819129943848,-118.0102767944336,-40.00630569458008,2.8111019134521484
1777555783384899,1.6438961029052734,-0.6651725172996521,-7.83935546875,-118.13005065917969,-40.051353454589844,2.755331039428711
1777555783394918,1.6435790061950684,-0.6703343391418457,-7.850024223327637,-118.27828216552734,-39.976661682128906,2.793537139892578
1777555783404882,1.6415719985961914,-0.6582556366920471,-7.879595756530762,-118.1722183227539,-39.838653564453125,2.767353057861328
1777555783414888,1.658461093902588,-0.6772329807281494,-7.869441986083984,-118.34336853027344,-40.005096435546875,2.7119884490966797
1777555783424907,1.6510372161865234,-0.6769608855247498,-7.869692802429199,-118.19264221191406,-39.830711364746094,2.909465789794922
1777555783435206,1.6379132270812988,-0.6842213869094849,-7.863979816436768,-118.30963134765625,-39.93021774291992,2.892597198486328
1777555783444875,1.6260836124420166,-0.6916646957397461,-7.855189800262451,-118.11207580566406,-39.87398910522461,2.8465137481689453
1777555783454884,1.6211600303649902,-0.6629446148872375,-7.829864501953125,-117.98797607421875,-39.77214813232422,2.6930084228515625
1777555783464943,1.6429190635681152,-0.6887454390525818,-7.86076021194458,-118.05799102783203,-40.01865768432617,2.8245410919189453
1777555783474904,1.647118330001831,-0.6569547653198242,-7.8739824295043945,-118.23148345947266,-40.00129318237305,2.796142578125
1777555783484946,1.660409688949585,-0.656293511390686,-7.888131141662598,-118.2336654663086,-39.97297286987305,2.722341537475586
1777555783494883,1.6484098434448242,-0.6573872566223145,-7.875910758972168,-117.93197631835938,-40.04194641113281,2.746856689453125
1777555783504927,1.6485466957092285,-0.6745359897613525,-7.8813581466674805,-117.95362091064453,-39.90203857421875,2.9188060760498047
1777555783514910,1.6493518352508545,-0.6829630732536316,-7.850786209106445,-118.02099609375,-40.07442855834961,2.9220142364501953
1777555783524865,1.6449010372161865,-0.6816327571868896,-7.882885932922363,-118.02900695800781,-39.971221923828125,2.8084545135498047
1777555783534976,1.6454596519470215,-0.6764136552810669,-7.87969970703125,-117.94379425048828,-39.93360137939453,2.9598541259765625
1777555783544927,1.6490209102630615,-0.6867682933807373,-7.892648220062256,-117.99737548828125,-39.93903732299805,2.8647384643554688
1777555783554905,1.6482219696044922,-0.6743966341018677,-7.8813066482543945,-118.13172149658203,-39.98590850830078,2.844066619873047
1777555783564886,1.6310920715332031,-0.6739322543144226,-7.8602070808410645,-118.04817199707031,-39.99281692504883,2.7656002044677734
1777555783574905,1.6482796669006348,-0.6547555327415466,-7.877013206481934,-117.99501037597656,-39.99720764160156,2.8980350494384766
1777555783584909,1.6387486457824707,-0.6687570810317993,-7.872358322143555,-117.78166198730469,-39.82471466064453,2.8351287841796875
1777555783594911,1.627197027206421,-0.6764531135559082,-7.860939979553223,-118.07522583007812,-39.82140350341797,2.8679981231689453
1777555783604913,1.6332731246948242,-0.6643235683441162,-7.863600730895996,-117.89210510253906,-39.79598617553711,2.755084991455078
1777555783614925,1.6561052799224854,-0.6599429249763489,-7.850417137145996,-118.04600524902344,-39.92842102050781,2.9358901977539062
1777555783624907,1.6429064273834229,-0.6613500714302063,-7.852217674255371,-117.9911880493164,-39.767845153808594,2.627826690673828
1777555783634902,1.6259708404541016,-0.6901811957359314,-7.850776672363281,-117.94563293457031,-39.80002212524414,2.9334239959716797
1777555783644891,1.6385791301727295,-0.6818608641624451,-7.820359230041504,-118.02632141113281,-39.90413284301758,2.870014190673828
1777555783654900,1.6330068111419678,-0.6623196601867676,-7.81539249420166,-117.87501525878906,-39.82168960571289,2.7409324645996094
1777555783664942,1.6352636814117432,-0.667030930519104,-7.835986137390137,-117.88677978515625,-39.84735107421875,2.793111801147461
1777555783674902,1.635244369506836,-0.6527896523475647,-7.8691606521606445,-117.89381408691406,-39.98124694824219,2.6659317016601562
1777555783684911,1.6345877647399902,-0.6568032503128052,-7.871800422668457,-117.87763977050781,-39.96747970581055,2.6497936248779297
1777555783694828,1.638962745666504,-0.6675586700439453,-7.877226829528809,-118.03314971923828,-39.96073913574219,2.684173583984375
1777555783704854,1.6371843814849854,-0.6679277420043945,-7.888032913208008,-117.92549133300781,-39.988258361816406,2.7896556854248047
1777555783714876,1.6367697715759277,-0.6685912609100342,-7.852443695068359,-117.91426086425781,-39.8714714050293,2.9923171997070312
1777555783724836,1.6331422328948975,-0.6847121119499207,-7.8620100021362305,-117.93540954589844,-39.720027923583984,2.9701499938964844
1777555783734888,1.6528403759002686,-0.6674794554710388,-7.889008522033691,-118.09622192382812,-39.96607971191406,2.761545181274414
1777555783744920,1.6412982940673828,-0.6634691953659058,-7.844499111175537,-118.04142761230469,-39.8547477722168,2.9114837646484375
1777555783754862,1.6534631252288818,-0.6659298539161682,-7.84951114654541,-118.09173583984375,-39.82644271850586,2.75360107421875
1777555783764801,1.6353864669799805,-0.6626096367835999,-7.838362216949463,-117.71092224121094,-39.89191436767578,2.8467559814453125
1777555783774801,1.6234874725341797,-0.6661340594291687,-7.843730926513672,-117.71717834472656,-39.953765869140625,2.875387191772461
1777555783784841,1.6381111145019531,-0.6602057218551636,-7.823046684265137,-117.96994018554688,-39.785888671875,2.949911117553711
1777555783794836,1.6354119777679443,-0.6473466157913208,-7.862063407897949,-117.92611694335938,-39.81007385253906,2.8960418701171875
1777555783804838,1.6402957439422607,-0.6757137179374695,-7.853222846984863,-118.14472198486328,-39.90294647216797,2.8735218048095703
1777555783814835,1.6486740112304688,-0.6785620450973511,-7.842112064361572,-118.05146026611328,-39.934471130371094,2.930978775024414
1777555783824892,1.6429908275604248,-0.6723912358283997,-7.856158256530762,-117.90237426757812,-39.978187561035156,2.727100372314453
1777555783834804,1.6388001441955566,-0.6815285086631775,-7.831978797912598,-117.93465423583984,-39.85646057128906,2.9739723205566406
1777555783844895,1.6243820190429688,-0.6868105530738831,-7.883357048034668,-118.02214050292969,-39.93849563598633,3.026641845703125
1777555783854938,1.632126808166504,-0.6668077707290649,-7.816139221191406,-117.91290283203125,-39.73805236816406,2.829183578491211
1777555783864984,1.6415700912475586,-0.656980037689209,-7.8647003173828125,-117.79301452636719,-39.88188171386719,2.829629898071289
1777555783874976,1.6438946723937988,-0.6634148955345154,-7.851687431335449,-117.9407730102539,-40.05992889404297,2.737215042114258
1777555783885002,1.6339168548583984,-0.6781319379806519,-7.838159561157227,-118.01051330566406,-39.855621337890625,2.9887046813964844
1777555783894941,1.6415894031524658,-0.6455314755439758,-7.85377311706543,-117.80513000488281,-39.723297119140625,2.6665000915527344
1777555783905018,1.6160337924957275,-0.6667153835296631,-7.832223892211914,-117.84185791015625,-39.99994659423828,2.838541030883789
1777555783915055,1.6332266330718994,-0.6688454747200012,-7.862372875213623,-117.9504165649414,-39.92802429199219,3.012582778930664
1777555783924982,1.6494288444519043,-0.671154797077179,-7.880790710449219,-117.9393539428711,-39.906314849853516,2.8743343353271484
1777555783935033,1.6584370136260986,-0.6727783679962158,-7.845091819763184,-117.91219329833984,-39.956809997558594,2.8165035247802734
1777555783944981,1.629488468170166,-0.6805939078330994,-7.8601484298706055,-117.8426513671875,-40.09614562988281,2.888751983642578
1777555783954934,1.644127368927002,-0.6867174506187439,-7.8344221115112305,-117.95834350585938,-39.96393966674805,2.899425506591797
1777555783964909,1.6342108249664307,-0.6582612991333008,-7.860258102416992,-117.89790344238281,-39.9500617980957,2.7365360260009766
1777555783974904,1.6231958866119385,-0.6504114270210266,-7.847419738769531,-117.8272476196289,-39.73854064941406,3.013792037963867
1777555783984974,1.6309304237365723,-0.6607704758644104,-7.867587089538574,-117.78419494628906,-39.8896484375,3.0069732666015625
1777555783994978,1.6365807056427002,-0.677654504776001,-7.849940299987793,-117.76335906982422,-39.953121185302734,3.0757503509521484
1777555784004970,1.636007308959961,-0.659583568572998,-7.845432281494141,-117.88854217529297,-39.911983489990234,2.7294273376464844
1777555784014987,1.6174511909484863,-0.6689651012420654,-7.832071304321289,-117.87554931640625,-39.856842041015625,2.842954635620117
1777555784024990,1.624239444732666,-0.6671357154846191,-7.822582244873047,-117.77110290527344,-39.69825744628906,2.9022293090820312
1777555784034966,1.618473768234253,-0.6661043167114258,-7.8105926513671875,-117.70948791503906,-39.789306640625,2.9183406829833984
1777555784044841,1.6243364810943604,-0.6871421337127686,-7.873913764953613,-117.71675872802734,-39.8607292175293,2.8395118713378906
1777555784054890,1.628674030303955,-0.6628572940826416,-7.836863040924072,-117.85137939453125,-39.835601806640625,2.9071807861328125
1777555784064908,1.6223316192626953,-0.6540133357048035,-7.85795259475708,-117.727783203125,-39.910560607910156,2.7677860260009766
1777555784074869,1.6388778686523438,-0.6672481894493103,-7.832791328430176,-117.84048461914062,-39.828556060791016,2.9700489044189453
1777555784084882,1.6354539394378662,-0.6599324345588684,-7.831469535827637,-117.6259536743164,-39.86572265625,2.944742202758789
1777555784094787,1.626204490661621,-0.6784486770629883,-7.867676734924316,-117.71139526367188,-39.74660110473633,3.006824493408203
1777555784104839,1.6295742988586426,-0.6541807651519775,-7.842218399047852,-117.68208312988281,-39.89870071411133,3.125537872314453
1777555784114849,1.6287384033203125,-0.661916196346283,-7.854514122009277,-117.78593444824219,-39.81813430786133,2.939697265625
1777555784124880,1.6304645538330078,-0.6716899871826172,-7.850918769836426,-117.84302520751953,-39.69822692871094,2.927305221557617
1777555784134827,1.635521650314331,-0.6801133155822754,-7.85592794418335,-117.95458984375,-40.131656646728516,3.1245269775390625
1777555784144837,1.6418707370758057,-0.6651644706726074,-7.853900909423828,-117.72389221191406,-39.62639617919922,2.842622756958008
1777555784154847,1.6252491474151611,-0.674742579460144,-7.846249103546143,-117.78334045410156,-39.94807434082031,2.898538589477539
1777555784164813,1.623152256011963,-0.6709063649177551,-7.834866523742676,-117.68113708496094,-39.68693923950195,2.9475650787353516
1777555784174844,1.6256811618804932,-0.6616705060005188,-7.84700870513916,-117.72310638427734,-39.724735260009766,2.8765182495117188
1777555784184864,1.629605770111084,-0.6747793555259705,-7.837979316711426,-117.7611083984375,-39.82658386230469,2.9210166931152344
1777555784194842,1.636937141418457,-0.6669792532920837,-7.84177303314209,-117.74146270751953,-39.83644104003906,2.976285934448242
1777555784204848,1.6301417350769043,-0.6712371706962585,-7.851835250854492,-117.87232208251953,-39.840118408203125,2.944683074951172
1777555784214833,1.6383755207061768,-0.6645321846008301,-7.837375640869141,-117.86003112792969,-39.91855239868164,2.961933135986328
1777555784224845,1.645035982131958,-0.6658050417900085,-7.861001014709473,-117.83045959472656,-39.8651008605957,2.7720069885253906
1777555784234795,1.6223247051239014,-0.6686111688613892,-7.828210830688477,-117.72277069091797,-39.707698822021484,2.9878768920898438
1777555784244781,1.638944387435913,-0.6842061281204224,-7.8461408615112305,-117.71160125732422,-39.93067169189453,3.1149959564208984
1777555784254859,1.6147217750549316,-0.6690056920051575,-7.8428955078125,-117.65399169921875,-39.83280563354492,2.914836883544922
1777555784264879,1.624314785003662,-0.6764145493507385,-7.834255218505859,-117.63529968261719,-39.8339958190918,3.0237388610839844
1777555784274802,1.6406490802764893,-0.6678170561790466,-7.840330123901367,-117.74063873291016,-39.78471374511719,3.047819137573242
1777555784284877,1.645932912826538,-0.6720027327537537,-7.850665092468262,-117.78433227539062,-39.88862228393555,3.019289016723633
1777555784294752,1.6303706169128418,-0.676302969455719,-7.830777168273926,-117.76173400878906,-39.91227340698242,3.103025436401367
1777555784304812,1.6176433563232422,-0.6587367653846741,-7.832622528076172,-117.69654846191406,-39.842247009277344,3.0450477600097656
1777555784314865,1.6268925666809082,-0.6662034392356873,-7.873976707458496,-117.53539276123047,-39.782470703125,3.096559524536133
1777555784324783,1.6173286437988281,-0.6774135828018188,-7.816679000854492,-117.58452606201172,-39.88838577270508,2.960031509399414
1777555784334840,1.6448919773101807,-0.6806066632270813,-7.837732315063477,-117.69538116455078,-40.088783264160156,2.9347705841064453
1777555784344842,1.6375904083251953,-0.6705935597419739,-7.847835540771484,-117.64559936523438,-39.92132568359375,3.015186309814453
1777555784354793,1.6173827648162842,-0.6758859157562256,-7.849630832672119,-117.59489440917969,-39.82765197753906,2.8464889526367188
1777555784364800,1.619203805923462,-0.6640839576721191,-7.855237007141113,-117.6646728515625,-39.842376708984375,2.87176513671875
1777555784374812,1.6085536479949951,-0.6680929064750671,-7.826630592346191,-117.62997436523438,-39.93901443481445,2.9212265014648438
1777555784384770,1.616586685180664,-0.6722081899642944,-7.829619407653809,-117.63832092285156,-39.740325927734375,2.9132614135742188
1777555784394799,1.6317052841186523,-0.6487852334976196,-7.824213981628418,-117.65821838378906,-39.563228607177734,3.0296268463134766
1777555784404799,1.6392321586608887,-0.6718279719352722,-7.816773414611816,-117.63926696777344,-39.704864501953125,2.9789810180664062
1777555784414805,1.6297905445098877,-0.6755186319351196,-7.8613457679748535,-117.72080993652344,-39.99610900878906,2.8488197326660156
1777555784424759,1.6239988803863525,-0.6694164872169495,-7.842467308044434,-117.58953857421875,-39.83977508544922,3.0081100463867188
1777555784434769,1.6136972904205322,-0.6745416522026062,-7.816675186157227,-117.49600982666016,-39.962825775146484,3.0125179290771484
1777555784444794,1.6102068424224854,-0.6753360033035278,-7.835417747497559,-117.59252166748047,-39.79976272583008,3.1179256439208984
1777555784454768,1.6265215873718262,-0.6771488189697266,-7.8380231857299805,-117.76625061035156,-39.87591552734375,2.9861412048339844
1777555784464801,1.6221623420715332,-0.6714145541191101,-7.835756301879883,-117.77140808105469,-39.71062469482422,2.8570289611816406
1777555784474768,1.631636142730713,-0.6830899119377136,-7.861733436584473,-117.74072265625,-39.78998565673828,2.9735336303710938
1777555784484761,1.6345722675323486,-0.6740733981132507,-7.837592601776123,-117.74449157714844,-39.80128860473633,2.946502685546875
1777555784494757,1.6093025207519531,-0.664277970790863,-7.839195251464844,-117.5949478149414,-39.75027084350586,2.926046371459961
1777555784504778,1.6196928024291992,-0.6679770350456238,-7.81806755065918,-117.66475677490234,-39.93545150756836,2.995044708251953
1777555784514796,1.6303472518920898,-0.657672107219696,-7.828656196594238,-117.52481079101562,-39.8714599609375,2.9727783203125
1777555784524763,1.6234123706817627,-0.6728720664978027,-7.828122138977051,-117.71237182617188,-39.86104202270508,2.875234603881836
1777555784534794,1.6439428329467773,-0.6828910112380981,-7.836440086364746,-117.8227310180664,-39.962589263916016,2.933229446411133
1777555784544763,1.6152994632720947,-0.6598637104034424,-7.847009181976318,-117.51390075683594,-39.9442253112793,3.0224361419677734
1777555784554743,1.6229248046875,-0.6784656643867493,-7.850507736206055,-117.74129486083984,-39.83126449584961,3.098217010498047
1777555784564705,1.6178054809570312,-0.6723657250404358,-7.832744598388672,-117.55358123779297,-39.963890075683594,2.9182300567626953
1777555784574724,1.606403112411499,-0.6621218919754028,-7.830682754516602,-117.44213104248047,-39.622474670410156,3.1224594116210938
1777555784584728,1.6392097473144531,-0.6920090317726135,-7.841760635375977,-117.70011901855469,-39.78357696533203,3.017009735107422
1777555784594708,1.624952793121338,-0.6606216430664062,-7.84941291809082,-117.39212036132812,-39.784637451171875,2.9523048400878906
1777555784604727,1.6200742721557617,-0.6867660880088806,-7.82838249206543,-117.81232452392578,-39.834415435791016,3.0786609649658203
1777555784614743,1.6267879009246826,-0.6490373015403748,-7.811550617218018,-117.72767639160156,-39.88665008544922,2.9975929260253906
1777555784624738,1.6279418468475342,-0.673419177532196,-7.843201637268066,-117.55707550048828,-39.722469329833984,2.962383270263672
1777555784634738,1.6097004413604736,-0.6667426824569702,-7.845245361328125,-117.56269073486328,-39.69784927368164,3.0399932861328125
1777555784644736,1.6031460762023926,-0.6723953485488892,-7.823472023010254,-117.53274536132812,-39.884456634521484,2.960559844970703
1777555784654725,1.6129484176635742,-0.6700839996337891,-7.8047308921813965,-117.7266845703125,-39.76411437988281,2.9871654510498047
1777555784664734,1.6120541095733643,-0.6854550838470459,-7.842685699462891,-117.77810668945312,-39.717315673828125,2.998485565185547
1777555784674721,1.6143357753753662,-0.6742795705795288,-7.8495330810546875,-117.54448699951172,-39.753665924072266,2.906343460083008
1777555784684761,1.6243586540222168,-0.6636885404586792,-7.854307651519775,-117.50901794433594,-39.79423522949219,2.9978275299072266
1777555784694719,1.6266839504241943,-0.6760985255241394,-7.807432174682617,-117.57246398925781,-39.78049850463867,2.966533660888672
1777555784704779,1.6279165744781494,-0.6497535705566406,-7.837798118591309,-117.44410705566406,-39.924659729003906,3.148530960083008
1777555784714785,1.6086599826812744,-0.6638970375061035,-7.882957458496094,-117.50243377685547,-39.76802062988281,3.1236228942871094
1777555784724750,1.6277434825897217,-0.6767823100090027,-7.826519966125488,-117.66769409179688,-39.8060302734375,2.9913501739501953
1777555784734789,1.6394290924072266,-0.6718218922615051,-7.848867893218994,-117.52716827392578,-39.78602600097656,3.1191139221191406
1777555784744801,1.6322274208068848,-0.6662635207176208,-7.829153060913086,-117.53052520751953,-39.84404754638672,2.9823646545410156
1777555784754751,1.621098518371582,-0.6658525466918945,-7.8399224281311035,-117.68965911865234,-39.705406188964844,2.8841629028320312
1777555784764754,1.6020140647888184,-0.6714158058166504,-7.834723949432373,-117.4560546875,-39.77546310424805,2.897214889526367
1777555784774753,1.6085386276245117,-0.6808032393455505,-7.8180437088012695,-117.45941925048828,-39.79494094848633,3.1490306854248047
1777555784784764,1.6187045574188232,-0.6797345876693726,-7.823230743408203,-117.42210388183594,-39.8167610168457,3.159086227416992
1777555784794713,1.6231849193572998,-0.661406934261322,-7.849865913391113,-117.6338882446289,-39.603050231933594,3.106534957885742
1777555784804764,1.6177942752838135,-0.6815618872642517,-7.8459014892578125,-117.75041961669922,-39.820472717285156,2.893871307373047
1777555784814713,1.6297614574432373,-0.664797842502594,-7.85543155670166,-117.502685546875,-39.78211975097656,3.037120819091797
1777555784824771,1.6137199401855469,-0.6770758032798767,-7.824001312255859,-117.65625762939453,-39.77796936035156,2.9225711822509766
1777555784834725,1.6193501949310303,-0.6682738661766052,-7.807742118835449,-117.56595611572266,-39.8243408203125,3.104816436767578
1777555784844757,1.6222834587097168,-0.6735852956771851,-7.801959037780762,-117.3475112915039,-39.658973693847656,3.039499282836914
1777555784854755,1.603499412536621,-0.6695693731307983,-7.824283123016357,-117.33628845214844,-39.77571487426758,3.062664031982422
1777555784864720,1.639582633972168,-0.6609994173049927,-7.8128862380981445,-117.43726348876953,-39.74637222290039,2.9731674194335938
1777555784874715,1.6222853660583496,-0.66884845495224,-7.836503028869629,-117.57707214355469,-39.91004180908203,3.1005020141601562
1777555784884723,1.6239373683929443,-0.6608819365501404,-7.8429460525512695,-117.47357177734375,-39.91664123535156,3.021242141723633
1777555784894724,1.6156809329986572,-0.6748409271240234,-7.797475814819336,-117.66929626464844,-39.786354064941406,3.071310043334961
1777555784904736,1.6264331340789795,-0.6716919541358948,-7.850739479064941,-117.62010192871094,-39.97643280029297,3.065885543823242
1777555784914723,1.6163992881774902,-0.6633002758026123,-7.850680351257324,-117.57902526855469,-40.04420852661133,3.1381969451904297
1777555784924716,1.6285359859466553,-0.6570523977279663,-7.801392078399658,-117.45242309570312,-39.67085266113281,3.0991783142089844
1777555784934742,1.6276631355285645,-0.6798350811004639,-7.872879505157471,-117.57240295410156,-39.94572448730469,3.119852066040039
1777555784944718,1.619415283203125,-0.6577296257019043,-7.841503143310547,-117.35051727294922,-39.817604064941406,2.9275970458984375
1777555784954752,1.6224074363708496,-0.6872410774230957,-7.812714576721191,-117.7802505493164,-39.881591796875,3.1244449615478516
1777555784964748,1.6135151386260986,-0.6815846562385559,-7.806066513061523,-117.66970825195312,-39.68094253540039,3.285907745361328
1777555784974714,1.6099193096160889,-0.6809400320053101,-7.793891429901123,-117.47306060791016,-39.73920822143555,2.9161758422851562
1777555784984733,1.6011219024658203,-0.6671685576438904,-7.815642833709717,-117.40498352050781,-39.871299743652344,3.049396514892578
1777555784994686,1.611868143081665,-0.6589876413345337,-7.809674263000488,-117.47296905517578,-39.78013229370117,2.9612483978271484
1777555785004722,1.619539737701416,-0.6605328917503357,-7.806667327880859,-117.5534896850586,-39.8629264831543,2.9388465881347656
1777555785014681,1.6165666580200195,-0.6520610451698303,-7.810303211212158,-117.472412109375,-39.92450714111328,2.984874725341797
1777555785024726,1.623727560043335,-0.6662145853042603,-7.827829360961914,-117.46360778808594,-39.816795349121094,2.9866275787353516
1777555785034709,1.6023552417755127,-0.665081799030304,-7.85644006729126,-117.63959503173828,-39.87028503417969,3.0810794830322266
1777555785044710,1.6326608657836914,-0.6593528389930725,-7.802928924560547,-117.29580688476562,-39.778282165527344,3.0836753845214844
1777555785054722,1.6110084056854248,-0.6699758768081665,-7.808443069458008,-117.39149475097656,-39.63138961791992,2.9202404022216797
1777555785064725,1.6275734901428223,-0.6488528847694397,-7.806154727935791,-117.40692901611328,-39.72219467163086,2.9978771209716797
1777555785074714,1.6273133754730225,-0.6563807129859924,-7.831976890563965,-117.43217468261719,-39.854427337646484,2.9302120208740234
1777555785084708,1.607903003692627,-0.6952146291732788,-7.8371357917785645,-117.6304931640625,-39.77840042114258,3.08319091796875
1777555785094685,1.6136524677276611,-0.6616505980491638,-7.816847324371338,-117.31139373779297,-39.67926025390625,3.135824203491211
1777555785104734,1.6221590042114258,-0.6706222295761108,-7.8279523849487305,-117.39965057373047,-39.88067626953125,3.0623207092285156
1777555785114742,1.6106336116790771,-0.6810163855552673,-7.838798522949219,-117.58373260498047,-39.91407012939453,3.0547657012939453
1777555785124727,1.6253268718719482,-0.674188494682312,-7.805440902709961,-117.41592407226562,-39.754573822021484,3.0207443237304688
1777555785134691,1.611579179763794,-0.6526809930801392,-7.836034297943115,-117.31866455078125,-39.80708694458008,3.1915760040283203
1777555785144722,1.6233088970184326,-0.6589967012405396,-7.845455646514893,-117.44265747070312,-39.93770980834961,3.133525848388672
1777555785154675,1.6098856925964355,-0.6692429184913635,-7.820535659790039,-117.40398406982422,-39.885986328125,3.159780502319336
1777555785164671,1.6058199405670166,-0.6694580912590027,-7.7855119705200195,-117.49146270751953,-39.753570556640625,3.17132568359375
1777555785174708,1.6062710285186768,-0.655924916267395,-7.8290300369262695,-117.30956268310547,-39.66239547729492,3.0676727294921875
1777555785184710,1.6002564430236816,-0.6595557928085327,-7.8215837478637695,-117.34734344482422,-39.52776336669922,3.1290206909179688
1777555785194708,1.618304967880249,-0.6781227588653564,-7.813666343688965,-117.27191162109375,-39.783905029296875,3.0953445434570312
1777555785204711,1.6142826080322266,-0.6814938187599182,-7.8342437744140625,-117.5230712890625,-39.831077575683594,3.092876434326172
1777555785214703,1.606663465499878,-0.6682378649711609,-7.828507423400879,-117.61164093017578,-39.784244537353516,3.2131099700927734
1777555785224714,1.6122641563415527,-0.6711634397506714,-7.829188823699951,-117.32716369628906,-39.722694396972656,3.1432933807373047
1777555785234679,1.6104767322540283,-0.6688313484191895,-7.824646949768066,-117.37598419189453,-39.620574951171875,3.0533084869384766
1777555785244670,1.604658603668213,-0.6890881657600403,-7.827053070068359,-117.5007095336914,-39.74421691894531,3.112092971801758
1777555785254662,1.6067001819610596,-0.6767803430557251,-7.8255767822265625,-117.42959594726562,-39.78805160522461,3.0794429779052734
1777555785264705,1.5945243835449219,-0.6725181341171265,-7.799354553222656,-117.474853515625,-39.63737106323242,3.068767547607422
1777555785274701,1.6285059452056885,-0.6669290065765381,-7.822333335876465,-117.26283264160156,-39.70420837402344,2.999378204345703
1777555785284666,1.5947680473327637,-0.6778270602226257,-7.83034086227417,-117.41380310058594,-39.92225646972656,3.054544448852539
1777555785294703,1.6082837581634521,-0.6803934574127197,-7.814960479736328,-117.49118041992188,-39.78211975097656,3.2791175842285156
1777555785304729,1.612727165222168,-0.6723724603652954,-7.839000701904297,-117.31497192382812,-39.815311431884766,3.348184585571289
1777555785314727,1.6046009063720703,-0.661312997341156,-7.834560871124268,-117.4347915649414,-39.696754455566406,3.0874786376953125
1777555785324764,1.6034197807312012,-0.683321475982666,-7.826216697692871,-117.24846649169922,-39.70936965942383,3.1088085174560547
1777555785334729,1.6132144927978516,-0.6704120635986328,-7.828092575073242,-117.45902252197266,-40.01273727416992,3.032581329345703
1777555785344670,1.6178388595581055,-0.6759852170944214,-7.863107681274414,-117.4396743774414,-40.09762954711914,3.176057815551758
1777555785354618,1.6127698421478271,-0.6741145849227905,-7.818146705627441,-117.37608337402344,-39.857513427734375,3.214761734008789
1777555785364715,1.5988044738769531,-0.6841872334480286,-7.80982780456543,-117.27429962158203,-39.65730285644531,3.051485061645508
1777555785374723,1.6075599193572998,-0.6731292605400085,-7.825234413146973,-117.25729370117188,-39.891448974609375,3.187837600708008
1777555785384707,1.6055500507354736,-0.6713860630989075,-7.808265209197998,-117.42202758789062,-39.67903137207031,3.278402328491211
1777555785394648,1.6115179061889648,-0.6795632243156433,-7.800412178039551,-117.37641906738281,-39.53120422363281,3.087221145629883
1777555785404723,1.6102266311645508,-0.6880097389221191,-7.798069000244141,-117.49414825439453,-39.7281494140625,3.1449546813964844
1777555785414706,1.599773645401001,-0.6681186556816101,-7.829403400421143,-117.4141616821289,-39.68061828613281,3.0290660858154297
1777555785424740,1.6056418418884277,-0.6801133751869202,-7.793553352355957,-117.3041763305664,-39.907962799072266,3.066455841064453
1777555785434737,1.6069562435150146,-0.6697515249252319,-7.790406227111816,-117.19651794433594,-39.65753936767578,3.087322235107422
1777555785444662,1.6092150211334229,-0.6747090220451355,-7.793128490447998,-117.4126968383789,-39.77655029296875,3.078439712524414
1777555785454672,1.6025352478027344,-0.6924104690551758,-7.820631504058838,-117.20533752441406,-39.842689514160156,3.230733871459961
1777555785464767,1.6066720485687256,-0.6879497766494751,-7.796357154846191,-117.50887298583984,-39.723514556884766,3.0820274353027344
1777555785474714,1.600038766860962,-0.6763569116592407,-7.82450008392334,-117.46124267578125,-39.971336364746094,3.030172348022461
1777555785484784,1.614889144897461,-0.6528955101966858,-7.843502044677734,-117.43517303466797,-39.94533157348633,3.108602523803711
1777555785494676,1.6089625358581543,-0.6780973672866821,-7.822905540466309,-117.23932647705078,-39.661415100097656,3.2087020874023438
1777555785504724,1.6103649139404297,-0.6648191213607788,-7.790482521057129,-117.12474060058594,-39.711883544921875,3.1059131622314453
1777555785514756,1.6115028858184814,-0.6821677088737488,-7.81306266784668,-117.492919921875,-39.910133361816406,3.3000411987304688
1777555785524692,1.6071925163269043,-0.6702993512153625,-7.823482036590576,-117.32669830322266,-39.776405334472656,3.2071456909179688
1777555785534715,1.6002368927001953,-0.6674044132232666,-7.824032306671143,-117.28985595703125,-39.81767654418945,3.194049835205078
1777555785544712,1.6007883548736572,-0.6828202605247498,-7.793755531311035,-117.40323638916016,-39.72665786743164,3.3098068237304688
1777555785554708,1.6275050640106201,-0.6797898411750793,-7.800884246826172,-117.38411712646484,-39.91988754272461,3.113260269165039
1777555785564718,1.598339319229126,-0.6772381067276001,-7.825394630432129,-117.28713989257812,-39.74564743041992,3.0597457885742188
1777555785574690,1.602708101272583,-0.6715536117553711,-7.811938762664795,-117.30059814453125,-39.68788146972656,3.183574676513672
1777555785584655,1.5793743133544922,-0.6708502769470215,-7.795183181762695,-117.28504943847656,-39.66611099243164,3.0629215240478516
1777555785594662,1.612755298614502,-0.6710041761398315,-7.843563079833984,-117.26643371582031,-39.80005645751953,3.0971126556396484
1777555785604657,1.6037380695343018,-0.6690655946731567,-7.802985191345215,-117.24177551269531,-39.84299850463867,3.0709190368652344
1777555785614630,1.6187293529510498,-0.6748747825622559,-7.824008941650391,-117.32232666015625,-39.86308670043945,3.1435775756835938
1777555785624674,1.5999999046325684,-0.6765657067298889,-7.825838088989258,-117.42922973632812,-39.82347106933594,2.972494125366211
1777555785634658,1.5866327285766602,-0.6786590814590454,-7.790223121643066,-117.27409362792969,-39.48304748535156,3.1580886840820312
1777555785644639,1.6149868965148926,-0.6909143924713135,-7.815930366516113,-117.31663513183594,-39.811519622802734,3.130403518676758
1777555785654650,1.6013295650482178,-0.6563723683357239,-7.786550998687744,-117.3639907836914,-39.76981735229492,3.296489715576172
1777555785664678,1.6139066219329834,-0.6760749816894531,-7.8093085289001465,-117.44255828857422,-39.8516960144043,3.205108642578125
1777555785674669,1.59254789352417,-0.6618529558181763,-7.7748188972473145,-117.22846984863281,-39.7432746887207,3.181131362915039
1777555785684679,1.6030323505401611,-0.6707724928855896,-7.801776885986328,-117.28675079345703,-39.71320343017578,2.9737014770507812
1777555785694671,1.6058502197265625,-0.6760233044624329,-7.806148529052734,-117.5391616821289,-39.917572021484375,3.1129913330078125
1777555785704687,1.618255376815796,-0.6620596647262573,-7.827328205108643,-117.27711486816406,-39.79167175292969,3.288339614868164
1777555785714666,1.6039178371429443,-0.6749765872955322,-7.801499366760254,-117.24071502685547,-39.7242431640625,3.369058609008789
1777555785724629,1.5776546001434326,-0.6779035329818726,-7.80601692199707,-117.29353332519531,-39.52878952026367,3.1828575134277344
1777555785734686,1.6044268608093262,-0.6644001007080078,-7.848409652709961,-117.10443115234375,-39.80986785888672,3.339998245239258
1777555785744676,1.594116449356079,-0.665814995765686,-7.82939338684082,-117.32691955566406,-39.915061950683594,3.2897777557373047
1777555785754629,1.5913312435150146,-0.6719394326210022,-7.802909851074219,-117.337158203125,-39.64806365966797,3.1943817138671875
1777555785764594,1.6009409427642822,-0.664529025554657,-7.77408504486084,-117.18955993652344,-39.87080001831055,3.074695587158203
1777555785774581,1.6142735481262207,-0.6692023277282715,-7.8086371421813965,-117.21709442138672,-39.912418365478516,3.2045116424560547
1777555785784640,1.6087090969085693,-0.6636815667152405,-7.806952953338623,-117.2958755493164,-39.700443267822266,3.2119293212890625
1777555785794683,1.6021921634674072,-0.661404013633728,-7.794986724853516,-117.1455078125,-39.73598861694336,3.246389389038086
1777555785804664,1.6127903461456299,-0.668553352355957,-7.817312240600586,-117.36073303222656,-39.71549606323242,3.2135677337646484
1777555785814665,1.6072008609771729,-0.6771088242530823,-7.8148956298828125,-117.31103515625,-39.65260696411133,3.1123428344726562
1777555785824611,1.5989317893981934,-0.6737615466117859,-7.791386604309082,-117.3313980102539,-39.719703674316406,3.179079055786133
1777555785834670,1.6166338920593262,-0.6738131046295166,-7.79543399810791,-117.24858093261719,-39.742393493652344,3.237092971801758
1777555785844624,1.6034557819366455,-0.672292172908783,-7.794862270355225,-117.1748275756836,-39.74485778808594,3.2296676635742188
1777555785854608,1.5943958759307861,-0.6694044470787048,-7.788355350494385,-117.2392578125,-39.82455062866211,3.029336929321289
1777555785864627,1.6079554557800293,-0.6669904589653015,-7.804297924041748,-117.19908905029297,-39.71913146972656,3.124521255493164
1777555785874684,1.6086106300354004,-0.6519256234169006,-7.782657623291016,-117.21424865722656,-39.75285720825195,3.0647735595703125
1777555785884677,1.6081433296203613,-0.6690995097160339,-7.821708679199219,-117.23587036132812,-39.69440460205078,3.379873275756836
1777555785894608,1.6022145748138428,-0.6717921495437622,-7.815725326538086,-117.30729675292969,-39.844970703125,3.0498600006103516
1777555785904720,1.6021718978881836,-0.6649367213249207,-7.801309585571289,-117.10359191894531,-39.8507080078125,3.279703140258789
1777555785914727,1.6000468730926514,-0.6821598410606384,-7.781955718994141,-117.32254791259766,-39.83189010620117,3.180940628051758
1777555785924630,1.5937185287475586,-0.6604791283607483,-7.8075761795043945,-117.22784423828125,-39.63898468017578,3.171846389770508
1777555785934622,1.5998594760894775,-0.6693927645683289,-7.801545143127441,-117.0450439453125,-39.71605682373047,3.292104721069336
1777555785944642,1.6091690063476562,-0.6536526679992676,-7.815408229827881,-117.04518127441406,-39.58180618286133,3.117311477661133
1777555785954624,1.5979695320129395,-0.6750244498252869,-7.821560859680176,-117.31278228759766,-39.829959869384766,3.0971717834472656
1777555785964714,1.6098132133483887,-0.6678889393806458,-7.800765037536621,-117.3031234741211,-39.806819915771484,3.1819705963134766
1777555785974621,1.5841937065124512,-0.6802622675895691,-7.792785167694092,-117.25053405761719,-39.76559829711914,3.299297332763672
1777555785984626,1.5920119285583496,-0.6565241813659668,-7.797686576843262,-117.13040924072266,-39.4856071472168,3.167226791381836
1777555785994624,1.6066741943359375,-0.6738668084144592,-7.806269645690918,-117.16496276855469,-39.78803253173828,3.1334381103515625
1777555786004617,1.5992228984832764,-0.6730738878250122,-7.8090596199035645,-117.27619934082031,-39.60603332519531,3.099109649658203
1777555786014578,1.588592290878296,-0.6827647686004639,-7.828218936920166,-117.18885040283203,-39.75054168701172,3.1810073852539062
1777555786024632,1.597510576248169,-0.6821397542953491,-7.813834190368652,-117.11154174804688,-39.63703155517578,3.0401248931884766
1777555786034605,1.6000936031341553,-0.6735668778419495,-7.816305160522461,-117.180908203125,-39.87944793701172,3.199857711791992
1777555786044579,1.5997650623321533,-0.6697902679443359,-7.7736124992370605,-117.16091918945312,-39.69924545288086,3.115407943725586
1777555786054637,1.586695671081543,-0.6625736951828003,-7.807703971862793,-117.21867370605469,-39.60059356689453,3.1553421020507812
1777555786064615,1.591322422027588,-0.6617158651351929,-7.8069868087768555,-117.1397476196289,-39.68505859375,3.2834644317626953
1777555786074628,1.6022536754608154,-0.6783492565155029,-7.816808223724365,-117.29534149169922,-39.7298583984375,3.1428375244140625
1777555786084634,1.5995194911956787,-0.6595422625541687,-7.807270050048828,-117.05866241455078,-39.78441619873047,3.0245704650878906
1777555786094570,1.6036901473999023,-0.6752358078956604,-7.793855667114258,-117.22418212890625,-39.783485412597656,3.3155269622802734
1777555786104689,1.6127402782440186,-0.6830597519874573,-7.796445846557617,-117.12603759765625,-39.924964904785156,3.326099395751953
1777555786114676,1.5973758697509766,-0.6687701940536499,-7.794055938720703,-117.13429260253906,-39.73757553100586,3.3192386627197266
1777555786124638,1.5978202819824219,-0.6748055219650269,-7.831961631774902,-117.1316909790039,-39.765785217285156,3.167604446411133
1777555786134696,1.6048266887664795,-0.665503203868866,-7.809499740600586,-117.12120819091797,-39.7667236328125,3.2956409454345703
1777555786144607,1.5877888202667236,-0.6670016050338745,-7.833232402801514,-117.13583374023438,-39.76289367675781,3.2395458221435547
1777555786154599,1.6131768226623535,-0.6838768124580383,-7.7957587242126465,-117.2816162109375,-39.74067306518555,3.272430419921875
1777555786164566,1.5917537212371826,-0.6827232837677002,-7.788110733032227,-117.18464660644531,-39.755226135253906,3.233022689819336
1777555786174577,1.6110310554504395,-0.6638224720954895,-7.7910919189453125,-117.14723205566406,-39.82073974609375,3.145021438598633
1777555786184665,1.5943849086761475,-0.6557022333145142,-7.773410797119141,-116.89884948730469,-39.56991195678711,3.1631221771240234
1777555786194617,1.5947251319885254,-0.6729980111122131,-7.830027103424072,-117.02565002441406,-39.56562805175781,3.1990318298339844
1777555786204621,1.5934715270996094,-0.6763694882392883,-7.800164222717285,-117.12060546875,-39.66822814941406,3.3738536834716797
1777555786214623,1.602562427520752,-0.6724769473075867,-7.781279563903809,-117.19609069824219,-39.608402252197266,3.203317642211914
1777555786224627,1.5921339988708496,-0.6839410066604614,-7.792191505432129,-117.15303039550781,-39.616546630859375,3.146791458129883
1777555786234616,1.606074333190918,-0.6651501059532166,-7.824190139770508,-117.06431579589844,-39.79319763183594,3.1716270446777344
1777555786244619,1.5925559997558594,-0.672046959400177,-7.795809745788574,-117.02291870117188,-39.75848388671875,3.2079010009765625
1777555786254613,1.5909233093261719,-0.6819970011711121,-7.761882781982422,-117.14337158203125,-39.60569381713867,3.2005767822265625
1777555786264621,1.606147050857544,-0.6785572171211243,-7.7758893966674805,-117.29301452636719,-39.81905746459961,3.2233829498291016
1777555786274607,1.6145505905151367,-0.684526801109314,-7.790208339691162,-117.14588165283203,-39.68572235107422,3.1653404235839844
1777555786284667,1.5901415348052979,-0.6730323433876038,-7.792257308959961,-117.1531753540039,-39.73736572265625,3.325448989868164
1777555786294599,1.5867161750793457,-0.657018780708313,-7.772482395172119,-117.17761993408203,-39.52695846557617,3.199342727661133
1777555786304603,1.6042640209197998,-0.6688371896743774,-7.798743724822998,-117.09709930419922,-39.87482452392578,3.2924423217773438
1777555786314649,1.5906758308410645,-0.675990879535675,-7.819797515869141,-116.98265838623047,-39.75779342651367,3.494457244873047
1777555786324590,1.5968668460845947,-0.6812883615493774,-7.808603286743164,-117.1009292602539,-39.65407180786133,3.2681427001953125
1777555786334618,1.6031427383422852,-0.6848504543304443,-7.7971086502075195,-117.16358947753906,-40.01445388793945,3.3448009490966797
1777555786344605,1.5912842750549316,-0.6733330488204956,-7.806286811828613,-117.1475830078125,-39.830322265625,3.1966896057128906
1777555786354588,1.6021678447723389,-0.6725961565971375,-7.777168273925781,-117.15415954589844,-39.617149353027344,3.261974334716797
1777555786364599,1.5998845100402832,-0.6746563911437988,-7.787666320800781,-117.1001205444336,-39.74436950683594,3.0890064239501953
1777555786374579,1.5835459232330322,-0.6784305572509766,-7.792641639709473,-117.18508911132812,-39.833290100097656,3.3831539154052734
1777555786384702,1.5962953567504883,-0.6805845499038696,-7.786130428314209,-117.10283660888672,-39.88657760620117,3.1683788299560547
1777555786394631,1.5869088172912598,-0.6723399758338928,-7.797417640686035,-117.0277099609375,-39.659420013427734,3.297269821166992
1777555786404599,1.5933918952941895,-0.6719692349433899,-7.824735164642334,-117.14419555664062,-39.66501235961914,3.1653900146484375
1777555786414645,1.6100585460662842,-0.682145357131958,-7.809736251831055,-117.137939453125,-39.817142486572266,3.4233760833740234
1777555786424623,1.6022605895996094,-0.671190619468689,-7.80065393447876,-117.01838684082031,-39.88504409790039,3.2551231384277344
1777555786434641,1.5941691398620605,-0.6730895042419434,-7.829623222351074,-117.07565307617188,-39.68504333496094,3.2995223999023438
1777555786444641,1.5851600170135498,-0.6611899137496948,-7.7969560623168945,-117.0096435546875,-39.691463470458984,3.351764678955078
1777555786454621,1.587040901184082,-0.6805777549743652,-7.795980930328369,-116.95140838623047,-39.637184143066406,3.042041778564453
1777555786464630,1.5854835510253906,-0.6841069459915161,-7.819694519042969,-117.0605697631836,-39.7184944152832,3.164173126220703
1777555786474646,1.6027202606201172,-0.6604634523391724,-7.81325626373291,-117.15664672851562,-39.70012664794922,3.1743927001953125
1777555786484584,1.602400302886963,-0.6665714383125305,-7.827197074890137,-117.15911102294922,-39.7808837890625,3.2864322662353516
1777555786494570,1.584169864654541,-0.6585597991943359,-7.79351806640625,-116.82904815673828,-39.76814270019531,3.2999954223632812
1777555786504578,1.5924298763275146,-0.6800583600997925,-7.794690132141113,-117.11408996582031,-39.85755920410156,3.270040512084961
1777555786514586,1.5944702625274658,-0.6622812151908875,-7.81633186340332,-116.9653091430664,-39.86028289794922,3.2148799896240234
1777555786524590,1.5935993194580078,-0.6774709224700928,-7.789334774017334,-117.08091735839844,-39.772483825683594,3.2911548614501953
1777555786534570,1.60636568069458,-0.6639049053192139,-7.807152271270752,-116.8861083984375,-39.779747009277344,3.3711013793945312
1777555786544574,1.5916571617126465,-0.6563361883163452,-7.786766052246094,-116.99247741699219,-39.76873779296875,3.148225784301758
1777555786554604,1.5999879837036133,-0.675849437713623,-7.8015851974487305,-117.17237854003906,-39.725341796875,3.3005542755126953
1777555786564569,1.5901594161987305,-0.6695294976234436,-7.796514511108398,-117.14105224609375,-39.627559661865234,3.1635208129882812
1777555786574586,1.5804486274719238,-0.6795589327812195,-7.789074897766113,-117.08968353271484,-39.80885696411133,3.3922080993652344
1777555786584592,1.5969421863555908,-0.6789030432701111,-7.825136184692383,-116.97338104248047,-39.55402374267578,3.2664451599121094
1777555786594547,1.5798029899597168,-0.6761148571968079,-7.743264675140381,-117.03079223632812,-39.61671447753906,3.1376304626464844
1777555786604567,1.5944316387176514,-0.6721129417419434,-7.789656639099121,-117.10517120361328,-39.81770324707031,3.259654998779297
1777555786614565,1.5794012546539307,-0.6775826215744019,-7.780662536621094,-117.12093353271484,-39.834163665771484,3.236684799194336
1777555786624591,1.5987327098846436,-0.6811251640319824,-7.795472145080566,-117.18843841552734,-39.78173065185547,3.116006851196289
1777555786634575,1.5946571826934814,-0.6906853914260864,-7.772772789001465,-117.09044647216797,-39.80107879638672,3.4076881408691406
1777555786644582,1.5855793952941895,-0.6793384552001953,-7.804758071899414,-117.18456268310547,-39.801307678222656,3.3250389099121094
1777555786654665,1.598393201828003,-0.6549690365791321,-7.801568031311035,-117.17835998535156,-39.668983459472656,3.3409671783447266
1777555786664597,1.5656116008758545,-0.6576341986656189,-7.74720573425293,-116.90238189697266,-39.61988830566406,3.3176841735839844
1777555786674634,1.5944554805755615,-0.682297945022583,-7.797600746154785,-117.10203552246094,-39.751590728759766,3.317291259765625
1777555786684611,1.6104938983917236,-0.6846464276313782,-7.777275085449219,-117.09001159667969,-39.7775993347168,3.3833465576171875
1777555786694580,1.5875604152679443,-0.6721459627151489,-7.756834983825684,-117.27926635742188,-39.65846633911133,3.2154407501220703
1777555786704589,1.5967521667480469,-0.6564421057701111,-7.836573600769043,-117.02070617675781,-39.884395599365234,3.334331512451172
1777555786714636,1.5734562873840332,-0.6626221537590027,-7.778651237487793,-116.89414978027344,-39.623756408691406,3.4105091094970703
1777555786724598,1.5881576538085938,-0.6704201698303223,-7.788923263549805,-116.86835479736328,-39.73149871826172,3.1788387298583984
1777555786734642,1.6080429553985596,-0.6605440974235535,-7.839685440063477,-117.12065887451172,-39.85953140258789,3.336912155151367
1777555786744629,1.58868408203125,-0.6822286248207092,-7.795757293701172,-117.1755599975586,-39.78868865966797,3.547048568725586
1777555786754612,1.5756983757019043,-0.6753864288330078,-7.781382083892822,-117.17247009277344,-39.66444396972656,3.2481956481933594
1777555786764618,1.5945253372192383,-0.6810532808303833,-7.816384315490723,-116.98960876464844,-39.664283752441406,3.2817764282226562
1777555786774526,1.5906710624694824,-0.6713739037513733,-7.79586124420166,-116.88821411132812,-39.69065856933594,3.322673797607422
1777555786784571,1.591700553894043,-0.661008894443512,-7.771480560302734,-116.99205017089844,-39.63840866088867,3.345785140991211
1777555786794552,1.5835464000701904,-0.6864014267921448,-7.792107582092285,-117.0556640625,-39.715850830078125,3.2691192626953125
1777555786804660,1.5785465240478516,-0.6618368625640869,-7.782504081726074,-117.067138671875,-39.63056945800781,3.199617385864258
1777555786814534,1.5925383567810059,-0.671346127986908,-7.793283462524414,-117.23297119140625,-39.65571594238281,3.0968856811523438
1777555786824618,1.582658290863037,-0.6654460430145264,-7.796722412109375,-117.12661743164062,-39.780330657958984,3.2904224395751953
1777555786834558,1.5833897590637207,-0.6766864061355591,-7.816457748413086,-116.95262145996094,-39.650394439697266,3.279499053955078
1777555786844508,1.5782287120819092,-0.6729484796524048,-7.7928314208984375,-116.80033874511719,-39.6282958984375,3.340982437133789
1777555786854618,1.599897861480713,-0.6847354173660278,-7.8021240234375,-116.93629455566406,-39.71598815917969,3.4060306549072266
1777555786864627,1.6050565242767334,-0.684978187084198,-7.767378330230713,-117.16190338134766,-39.81026840209961,3.2550430297851562
1777555786874611,1.593470573425293,-0.6801814436912537,-7.796107292175293,-117.06936645507812,-39.900848388671875,3.3407344818115234
1777555786884674,1.5921132564544678,-0.66667640209198,-7.755385398864746,-117.01587677001953,-39.352027893066406,3.115060806274414
1777555786894546,1.5926916599273682,-0.6866611838340759,-7.782132148742676,-116.93540954589844,-39.683841705322266,3.2289562225341797
1777555786904594,1.5960209369659424,-0.667190670967102,-7.795540809631348,-116.97126770019531,-39.708953857421875,3.3614063262939453
1777555786914590,1.6019823551177979,-0.6675935983657837,-7.82093620300293,-117.13783264160156,-39.997337341308594,3.5136566162109375
1777555786924504,1.5841922760009766,-0.6590456962585449,-7.7756123542785645,-116.97402954101562,-39.4140625,3.3678054809570312
1777555786934606,1.5875284671783447,-0.6550295352935791,-7.794548034667969,-116.77112579345703,-39.68510055541992,3.378843307495117
1777555786944576,1.5882203578948975,-0.665778398513794,-7.800683975219727,-117.19381713867188,-39.68793487548828,3.296365737915039
1777555786954496,1.6010055541992188,-0.6819232106208801,-7.788132190704346,-116.9715347290039,-39.65065383911133,3.2167739868164062
1777555786964500,1.594330072402954,-0.671520471572876,-7.776062965393066,-116.86248016357422,-39.578067779541016,3.4215354919433594
1777555786974554,1.5816478729248047,-0.6691473722457886,-7.7816362380981445,-117.01042175292969,-39.61204528808594,3.273347854614258
1777555786984520,1.5723836421966553,-0.6727200150489807,-7.782920837402344,-116.92924499511719,-39.794036865234375,3.298360824584961
1777555786994513,1.5876789093017578,-0.6830048561096191,-7.8049516677856445,-117.13676452636719,-39.58260726928711,3.3545093536376953
1777555787004504,1.5792860984802246,-0.6817320585250854,-7.809278964996338,-117.07771301269531,-39.711769104003906,3.3755416870117188
1777555787014510,1.5868239402770996,-0.6668780446052551,-7.7849225997924805,-117.04413604736328,-39.55765151977539,3.2764244079589844
1777555787024533,1.58872389793396,-0.6686958074569702,-7.753547191619873,-117.03180694580078,-39.53221893310547,3.3027992248535156
1777555787034516,1.5826947689056396,-0.6662032008171082,-7.763920783996582,-117.04329681396484,-39.64149475097656,3.2781620025634766
1777555787044539,1.57220458984375,-0.6625633239746094,-7.762092113494873,-116.9073715209961,-39.66037368774414,3.2565650939941406
1777555787054526,1.5743815898895264,-0.6643767356872559,-7.798386573791504,-117.01563262939453,-39.53753662109375,3.284679412841797
1777555787064599,1.5786514282226562,-0.6733274459838867,-7.80495548248291,-117.02308654785156,-39.65515899658203,3.365633010864258
1777555787074553,1.5936493873596191,-0.6697559356689453,-7.789242744445801,-116.87286376953125,-39.81435012817383,3.246206283569336
1777555787084642,1.5915155410766602,-0.6703413724899292,-7.777037620544434,-117.0320053100586,-39.739776611328125,3.219846725463867
1777555787094530,1.5961620807647705,-0.6736115217208862,-7.798807144165039,-117.09134674072266,-39.662601470947266,3.446941375732422
1777555787104631,1.5940325260162354,-0.6699346303939819,-7.825830459594727,-116.96630859375,-39.885189056396484,3.464315414428711
1777555787114545,1.589202642440796,-0.6654704809188843,-7.799049377441406,-116.86834716796875,-39.7492561340332,3.2686901092529297
1777555787124528,1.59110689163208,-0.6744615435600281,-7.786568641662598,-116.7339096069336,-39.71772384643555,3.086343765258789
1777555787134562,1.6014668941497803,-0.6642223000526428,-7.818405628204346,-116.97312927246094,-39.87050247192383,3.333110809326172
1777555787144564,1.5961086750030518,-0.6723906993865967,-7.804422855377197,-116.92627716064453,-39.75788497924805,3.44488525390625
1777555787154446,1.5826385021209717,-0.6831934452056885,-7.805788993835449,-117.10193634033203,-39.8021125793457,3.3433589935302734
1777555787164461,1.5820693969726562,-0.6642206311225891,-7.75545597076416,-117.03425598144531,-39.359657287597656,3.324432373046875
1777555787174470,1.590195894241333,-0.6838677525520325,-7.778325080871582,-117.1204605102539,-39.78950881958008,3.162813186645508
1777555787184500,1.567737340927124,-0.6796400547027588,-7.784008979797363,-117.04420471191406,-39.77666473388672,3.4343109130859375
1777555787194453,1.5804073810577393,-0.679644763469696,-7.778666973114014,-116.92347717285156,-39.73986053466797,3.3729324340820312
1777555787204465,1.5783374309539795,-0.6473404765129089,-7.778591156005859,-116.80785369873047,-39.670597076416016,3.2018260955810547
1777555787214429,1.5847296714782715,-0.6747531890869141,-7.810532569885254,-117.1162109375,-39.665367126464844,3.176715850830078
1777555787224477,1.5892434120178223,-0.6589425802230835,-7.800539016723633,-116.96135711669922,-39.612361907958984,3.2749099731445312
1777555787234446,1.5869617462158203,-0.6674551963806152,-7.757472991943359,-116.93844604492188,-39.75764083862305,3.3816299438476562
1777555787244472,1.5690803527832031,-0.6614432334899902,-7.753664970397949,-116.9077377319336,-39.52973556518555,3.2513790130615234
1777555787254445,1.5768818855285645,-0.67264324426651,-7.795310974121094,-117.22967529296875,-39.54956817626953,3.221588134765625
1777555787264501,1.5740420818328857,-0.6831901669502258,-7.798194408416748,-117.03294372558594,-39.817378997802734,3.4092845916748047
1777555787274514,1.5871293544769287,-0.66585773229599,-7.790862083435059,-116.8668441772461,-39.75403594970703,3.260906219482422
1777555787284527,1.5964994430541992,-0.6752971410751343,-7.766409873962402,-116.91275787353516,-39.66648483276367,3.2603759765625
1777555787294462,1.5867862701416016,-0.6751528978347778,-7.7623162269592285,-116.98280334472656,-39.610137939453125,3.2886199951171875
1777555787304529,1.5887665748596191,-0.6659825444221497,-7.806196212768555,-116.95587158203125,-39.921939849853516,3.5125656127929688
1777555787314513,1.5708742141723633,-0.6659766435623169,-7.791251182556152,-116.84854125976562,-39.643775939941406,3.2971572875976562
1777555787324423,1.5667204856872559,-0.6720547080039978,-7.778987884521484,-116.88033294677734,-39.67909622192383,3.337949752807617
1777555787334473,1.6088252067565918,-0.65675288438797,-7.795813083648682,-116.82200622558594,-39.83649444580078,3.519855499267578
1777555787344462,1.5868122577667236,-0.6649102568626404,-7.77792501449585,-116.97759246826172,-39.697303771972656,3.284029006958008
1777555787354426,1.5765230655670166,-0.6714001893997192,-7.769253730773926,-116.90396118164062,-39.736419677734375,3.3783950805664062
1777555787364462,1.5776481628417969,-0.6628027558326721,-7.758106231689453,-116.92157745361328,-39.47626495361328,3.288217544555664
1777555787374523,1.5659966468811035,-0.6825602650642395,-7.784581184387207,-116.8576889038086,-39.88070297241211,3.3282642364501953
1777555787384550,1.5858466625213623,-0.6767745018005371,-7.736273765563965,-117.0457534790039,-39.58053970336914,3.4582481384277344
1777555787394548,1.5902276039123535,-0.6708519458770752,-7.79216194152832,-116.96147155761719,-39.76758575439453,3.422260284423828
1777555787404518,1.5958318710327148,-0.653445839881897,-7.780389785766602,-117.04399108886719,-39.692657470703125,3.320985794067383
1777555787414481,1.5846893787384033,-0.6612745523452759,-7.768080711364746,-116.86802673339844,-39.55250549316406,3.203859329223633
1777555787424457,1.5912539958953857,-0.6644116044044495,-7.783412933349609,-116.80461120605469,-39.726253509521484,3.3287830352783203
1777555787434432,1.5812416076660156,-0.6714111566543579,-7.790822982788086,-116.92487335205078,-39.685791015625,3.316059112548828
1777555787444430,1.5912294387817383,-0.6557617783546448,-7.789028167724609,-116.86859130859375,-39.720977783203125,3.339834213256836
1777555787454452,1.5936522483825684,-0.6725542545318604,-7.788572788238525,-116.92948913574219,-39.56706237792969,3.1764583587646484
1777555787464465,1.5881123542785645,-0.6815577745437622,-7.782949924468994,-117.07456970214844,-39.64232635498047,3.2403812408447266
1777555787474446,1.59114408493042,-0.6727948784828186,-7.790133476257324,-116.96809387207031,-39.70621109008789,3.457927703857422
1777555787484478,1.5834903717041016,-0.66706383228302,-7.773341178894043,-116.87655639648438,-39.70120620727539,3.2829952239990234
1777555787494449,1.5778276920318604,-0.6683826446533203,-7.751462936401367,-116.76487731933594,-39.61721420288086,3.467395782470703
1777555787504440,1.5890300273895264,-0.6538383364677429,-7.831501483917236,-116.74172973632812,-39.735042572021484,3.429473876953125
1777555787514505,1.573411226272583,-0.6638883352279663,-7.790766716003418,-116.7935791015625,-39.80728530883789,3.302011489868164
1777555787524481,1.5906624794006348,-0.6643956899642944,-7.772270202636719,-116.84610748291016,-39.65361404418945,3.3559398651123047
1777555787534523,1.5768139362335205,-0.6604456305503845,-7.802041053771973,-116.80532836914062,-39.621177673339844,3.3741073608398438
1777555787544474,1.5968453884124756,-0.6707397699356079,-7.8333821296691895,-116.69364929199219,-39.89313507080078,3.3937129974365234
1777555787554513,1.5983350276947021,-0.6722097992897034,-7.770632743835449,-116.8809814453125,-39.66267776489258,3.477581024169922
1777555787564507,1.575260877609253,-0.6635949611663818,-7.787822723388672,-116.80770874023438,-39.76470184326172,3.241365432739258
1777555787574494,1.5751683712005615,-0.6741688847541809,-7.765071868896484,-116.69217681884766,-39.65182113647461,3.353677749633789
1777555787584497,1.5767583847045898,-0.660460889339447,-7.7747955322265625,-116.65205383300781,-39.54207992553711,3.3836288452148438
1777555787594482,1.5939404964447021,-0.6629533171653748,-7.782939910888672,-116.86019134521484,-39.57747268676758,3.4144744873046875
1777555787604474,1.5744833946228027,-0.6613487601280212,-7.800967693328857,-116.90277099609375,-39.75199890136719,3.2539196014404297
1777555787614489,1.59869384765625,-0.6757448315620422,-7.791098594665527,-117.0426025390625,-39.74940490722656,3.4514694213867188
1777555787624459,1.5928211212158203,-0.6713826060295105,-7.755819320678711,-116.76899719238281,-39.530818939208984,3.5319862365722656
1777555787634467,1.5882184505462646,-0.6769782304763794,-7.760669708251953,-116.69340515136719,-39.62860107421875,3.470857620239258
1777555787644411,1.5802268981933594,-0.6754651069641113,-7.781414031982422,-116.90017700195312,-39.76566696166992,3.3885936737060547
1777555787654458,1.5870206356048584,-0.6768954992294312,-7.7785820960998535,-116.91804504394531,-39.53673553466797,3.490093231201172
1777555787664500,1.586090087890625,-0.6846437454223633,-7.80440092086792,-117.0304946899414,-39.60544967651367,3.4301414489746094
1777555787674476,1.5881054401397705,-0.6689403653144836,-7.7543487548828125,-116.86824798583984,-39.76648712158203,3.2268123626708984
1777555787684457,1.5944983959197998,-0.6726851463317871,-7.795897960662842,-116.91815185546875,-39.82874298095703,3.2951622009277344
1777555787694484,1.5697128772735596,-0.6784337759017944,-7.754278182983398,-117.10313415527344,-39.52880096435547,3.3393630981445312
1777555787704538,1.5696802139282227,-0.6753861308097839,-7.810791015625,-116.91508483886719,-39.84541702270508,3.339822769165039
1777555787714461,1.5785984992980957,-0.6665925979614258,-7.809304237365723,-116.71202850341797,-39.796180725097656,3.390439987182617
1777555787724449,1.5732479095458984,-0.661856472492218,-7.790862083435059,-116.74693298339844,-39.65061569213867,3.319734573364258
1777555787734493,1.591325044631958,-0.6744160056114197,-7.830312728881836,-116.68817138671875,-39.91361618041992,3.544452667236328
1777555787744445,1.5838744640350342,-0.6804252862930298,-7.782658100128174,-117.05736541748047,-39.70359420776367,3.292306900024414
1777555787754473,1.5882270336151123,-0.6853927373886108,-7.779046058654785,-117.0291748046875,-39.5584716796875,3.370634078979492
1777555787764465,1.581796646118164,-0.6744920015335083,-7.777523994445801,-116.72807312011719,-39.49269485473633,3.2620582580566406
1777555787774453,1.5792505741119385,-0.6616541743278503,-7.771048545837402,-116.68858337402344,-39.5887451171875,3.3319931030273438
1777555787784451,1.5771830081939697,-0.6698064208030701,-7.784244537353516,-116.83281707763672,-39.64971923828125,3.584646224975586
1777555787794451,1.6007297039031982,-0.6750810146331787,-7.830451011657715,-116.86149597167969,-39.71754837036133,3.4030323028564453
1777555787804438,1.5762338638305664,-0.6836646795272827,-7.7880096435546875,-116.84137725830078,-39.662113189697266,3.4315567016601562
1777555787814434,1.579160451889038,-0.681222140789032,-7.771439075469971,-116.81815338134766,-39.53364562988281,3.1500911712646484
1777555787824454,1.5915806293487549,-0.6667817831039429,-7.783747673034668,-116.78144073486328,-39.72551727294922,3.4240379333496094
1777555787834427,1.5718421936035156,-0.6642716526985168,-7.763993263244629,-116.69769287109375,-39.481990814208984,3.2896728515625
1777555787844432,1.5766348838806152,-0.6819360852241516,-7.7535810470581055,-116.83163452148438,-39.73788070678711,3.269550323486328
1777555787854496,1.5756194591522217,-0.6748185157775879,-7.7766900062561035,-116.77635192871094,-39.60321044921875,3.3289241790771484
1777555787864472,1.5669991970062256,-0.6748248934745789,-7.77545690536499,-116.84132385253906,-39.707271575927734,3.353038787841797
1777555787874465,1.599179744720459,-0.6779173016548157,-7.7857770919799805,-116.9134521484375,-39.68773651123047,3.3846435546875
1777555787884442,1.5774869918823242,-0.6854279041290283,-7.803858757019043,-116.9676513671875,-39.655643463134766,3.3382034301757812
1777555787894451,1.5635967254638672,-0.6657081246376038,-7.768800735473633,-116.70193481445312,-39.65274429321289,3.469026565551758
1777555787904487,1.5990149974822998,-0.6594817638397217,-7.771928310394287,-116.58184814453125,-39.83572006225586,3.5091991424560547
1777555787914498,1.586733102798462,-0.6750271320343018,-7.7728118896484375,-116.79254150390625,-39.66627502441406,3.6750850677490234
1777555787924471,1.5892083644866943,-0.6448230147361755,-7.756452560424805,-116.75184631347656,-39.83501434326172,3.42327880859375
1777555787934569,1.5857734680175781,-0.6684278249740601,-7.810580253601074,-116.63771057128906,-39.46653747558594,3.473583221435547
1777555787944504,1.583055019378662,-0.6816731095314026,-7.778062343597412,-116.76490783691406,-39.68836975097656,3.3951549530029297
1777555787954460,1.5717720985412598,-0.6664077639579773,-7.786009788513184,-117.02255249023438,-39.702186584472656,3.310638427734375
1777555787964434,1.5796489715576172,-0.6695584654808044,-7.771353721618652,-116.73485565185547,-39.63811111450195,3.291891098022461
1777555787974450,1.5674235820770264,-0.6730314493179321,-7.758584022521973,-116.86199951171875,-39.68068313598633,3.5064926147460938
1777555787984460,1.5704939365386963,-0.6785545349121094,-7.760063171386719,-116.77433776855469,-39.75114059448242,3.438976287841797
1777555787994452,1.5864293575286865,-0.6738651394844055,-7.772015571594238,-116.69192504882812,-39.76396942138672,3.59185791015625
1777555788004436,1.5848236083984375,-0.6705979108810425,-7.766406059265137,-116.92526245117188,-39.543678283691406,3.3072891235351562
1777555788014449,1.593069076538086,-0.6746041774749756,-7.755272388458252,-116.75434875488281,-39.56847381591797,3.3359031677246094
1777555788024449,1.5829565525054932,-0.6875953674316406,-7.777009963989258,-116.85586547851562,-39.37982940673828,3.3798370361328125
1777555788034408,1.5772554874420166,-0.6608203053474426,-7.774907112121582,-116.61054229736328,-39.58375930786133,3.385406494140625
1777555788044410,1.5882596969604492,-0.6741759181022644,-7.755982398986816,-116.66189575195312,-39.75181579589844,3.4204578399658203
1777555788054456,1.5639498233795166,-0.6683892011642456,-7.770027160644531,-116.90235900878906,-39.620582580566406,3.558076858520508
1777555788064449,1.5835940837860107,-0.6589586734771729,-7.757856845855713,-116.60653686523438,-39.66263198852539,3.468372344970703
1777555788074427,1.5847856998443604,-0.6683814525604248,-7.7835693359375,-116.8633041381836,-39.70053482055664,3.342893600463867
1777555788084447,1.583228349685669,-0.6668810248374939,-7.759915351867676,-116.70680236816406,-39.584049224853516,3.2740840911865234
1777555788094454,1.5849807262420654,-0.662921667098999,-7.781956672668457,-116.79676055908203,-39.65520477294922,3.5112781524658203
1777555788104442,1.5778741836547852,-0.6557655930519104,-7.768311500549316,-116.73944091796875,-39.82193374633789,3.482088088989258
1777555788114492,1.5718510150909424,-0.6623749732971191,-7.768093109130859,-116.82691192626953,-39.83059310913086,3.5054779052734375
1777555788124417,1.569406509399414,-0.6556596755981445,-7.780893325805664,-116.61700439453125,-39.5480842590332,3.2610912322998047
1777555788134509,1.579908847808838,-0.6618990898132324,-7.7897257804870605,-116.94168090820312,-39.73298645019531,3.443727493286133
1777555788144443,1.584120273590088,-0.659826397895813,-7.804830551147461,-116.88445281982422,-39.76177978515625,3.470590591430664
1777555788154438,1.5674543380737305,-0.6893885731697083,-7.809073448181152,-116.90105438232422,-39.513465881347656,3.3766937255859375
1777555788164415,1.5642714500427246,-0.6816498041152954,-7.794651508331299,-116.79257202148438,-39.6140022277832,3.378541946411133
1777555788174445,1.5865914821624756,-0.6701332926750183,-7.757930755615234,-116.6465072631836,-39.541866302490234,3.323596954345703
1777555788184429,1.5705046653747559,-0.6781875491142273,-7.7935261726379395,-116.80174255371094,-39.69188690185547,3.426668167114258
1777555788194447,1.564427137374878,-0.6629766225814819,-7.753852844238281,-116.7275390625,-39.64556121826172,3.417367935180664
1777555788204428,1.577514886856079,-0.6892250776290894,-7.764154434204102,-116.7735366821289,-39.68603515625,3.3959484100341797
1777555788214447,1.5885417461395264,-0.6731528043746948,-7.764382362365723,-116.677001953125,-39.608306884765625,3.341756820678711
1777555788224412,1.5903682708740234,-0.6549453139305115,-7.779605865478516,-116.63040161132812,-39.692039489746094,3.1684093475341797
1777555788234447,1.5819213390350342,-0.6786386966705322,-7.77191162109375,-116.92595672607422,-39.46942901611328,3.262727737426758
1777555788244407,1.5774319171905518,-0.6790245175361633,-7.775120735168457,-116.65469360351562,-39.618507385253906,3.4525318145751953
1777555788254450,1.574636697769165,-0.6756186485290527,-7.801405906677246,-116.68572998046875,-39.505008697509766,3.312284469604492
1777555788264426,1.586418628692627,-0.6772724986076355,-7.77488899230957,-116.73490905761719,-39.72489547729492,3.4820423126220703
1777555788274444,1.5800492763519287,-0.6724728941917419,-7.775280952453613,-116.60035705566406,-39.56853103637695,3.5701847076416016
1777555788284423,1.5711898803710938,-0.6738184094429016,-7.790928840637207,-116.6429443359375,-39.8054084777832,3.248992919921875
1777555788294456,1.5661661624908447,-0.68597412109375,-7.745054721832275,-116.83080291748047,-39.590579986572266,3.3713035583496094
1777555788304444,1.5671501159667969,-0.6786110401153564,-7.771798610687256,-116.73331451416016,-39.63105392456055,3.499937057495117
1777555788314477,1.5763802528381348,-0.6702211499214172,-7.753942012786865,-116.65756225585938,-39.85652160644531,3.529134750366211
1777555788324462,1.5685603618621826,-0.6626301407814026,-7.7874555587768555,-116.78523254394531,-39.59040451049805,3.5727272033691406
1777555788334387,1.5793416500091553,-0.6812698841094971,-7.782512187957764,-116.63514709472656,-39.61175537109375,3.559701919555664
1777555788344378,1.578016996383667,-0.6516876816749573,-7.7845458984375,-116.7578125,-39.6479377746582,3.435823440551758
1777555788354382,1.578160047531128,-0.6703856587409973,-7.796998023986816,-116.80618286132812,-39.58035659790039,3.393047332763672
1777555788364381,1.5726468563079834,-0.6644447445869446,-7.760359764099121,-116.64715576171875,-39.5357780456543,3.349637985229492
1777555788374383,1.577528715133667,-0.6874625086784363,-7.794079780578613,-116.81576538085938,-39.63544845581055,3.5699386596679688
1777555788384382,1.562011957168579,-0.6805533766746521,-7.782214164733887,-116.76719665527344,-39.80213928222656,3.6765289306640625
1777555788394376,1.5695343017578125,-0.6609164476394653,-7.780613899230957,-116.7453842163086,-39.583465576171875,3.3553733825683594
1777555788404447,1.567521333694458,-0.6864285469055176,-7.802500247955322,-116.76339721679688,-39.65740966796875,3.42474365234375
1777555788414383,1.569847822189331,-0.677996814250946,-7.796184539794922,-116.53584289550781,-39.57337951660156,3.375009536743164
1777555788424411,1.5702104568481445,-0.6820862889289856,-7.775093078613281,-116.75304412841797,-39.54990005493164,3.5677967071533203
1777555788434436,1.5798254013061523,-0.6650855541229248,-7.785747051239014,-116.88359832763672,-39.74761962890625,3.3784847259521484
1777555788444422,1.5749170780181885,-0.6619419455528259,-7.798424243927002,-116.89726257324219,-39.58864974975586,3.5567779541015625
1777555788454457,1.5747175216674805,-0.6806250214576721,-7.76101541519165,-116.68505096435547,-39.5059814453125,3.4862918853759766
1777555788464410,1.5759310722351074,-0.6697157025337219,-7.751068115234375,-116.57731628417969,-39.782066345214844,3.561006546020508
1777555788474429,1.5753240585327148,-0.669339656829834,-7.761770248413086,-116.86602020263672,-39.7228889465332,3.5356616973876953
1777555788484409,1.5831120014190674,-0.6798748970031738,-7.782645225524902,-116.80193328857422,-39.73646926879883,3.4194698333740234
1777555788494320,1.562852382659912,-0.6570895314216614,-7.768064975738525,-116.45272827148438,-39.54766845703125,3.2615299224853516
1777555788504363,1.5906379222869873,-0.6855872273445129,-7.785028457641602,-116.5609130859375,-39.842708587646484,3.5132884979248047
1777555788514357,1.5860810279846191,-0.6493927836418152,-7.775385856628418,-116.71563720703125,-39.787925720214844,3.5029067993164062
1777555788524347,1.5672547817230225,-0.6602605581283569,-7.8017120361328125,-116.72734832763672,-39.81892395019531,3.5699539184570312
1777555788534346,1.5821802616119385,-0.6702742576599121,-7.816886901855469,-116.79865264892578,-39.60779571533203,3.484468460083008
1777555788544349,1.570340633392334,-0.6773030161857605,-7.7821197509765625,-116.66667938232422,-39.57554244995117,3.4205875396728516
1777555788554321,1.5847527980804443,-0.6906426548957825,-7.77824592590332,-116.7530288696289,-39.671531677246094,3.4258365631103516
1777555788564291,1.5781183242797852,-0.6777226328849792,-7.777363300323486,-116.88340759277344,-39.63819122314453,3.5401382446289062
1777555788574345,1.5836632251739502,-0.6915614008903503,-7.780143737792969,-116.75228881835938,-39.57137680053711,3.516874313354492
1777555788584318,1.5780587196350098,-0.6709712147712708,-7.77852725982666,-116.72496032714844,-39.5548210144043,3.542957305908203
1777555788594328,1.578481674194336,-0.6666674613952637,-7.7809834480285645,-116.6094970703125,-39.5697021484375,3.467254638671875
1777555788604338,1.5809001922607422,-0.667073130607605,-7.778522491455078,-116.80120849609375,-39.774986267089844,3.5309581756591797
1777555788614308,1.5701746940612793,-0.6729657053947449,-7.774262428283691,-116.7829818725586,-39.551673889160156,3.4101810455322266
1777555788624319,1.5679516792297363,-0.6705896854400635,-7.7907395362854,-116.63914489746094,-39.43419647216797,3.4835205078125
1777555788634380,1.5686314105987549,-0.679061770439148,-7.7566986083984375,-116.59730529785156,-39.67805862426758,3.3208847045898438
1777555788644388,1.5813648700714111,-0.6616331934928894,-7.752999305725098,-116.71534729003906,-39.78547286987305,3.407512664794922
1777555788654442,1.5877900123596191,-0.6573059558868408,-7.7423272132873535,-116.70867919921875,-39.458702087402344,3.398344039916992
1777555788664327,1.563718318939209,-0.6754462122917175,-7.786559104919434,-116.53456115722656,-39.59090042114258,3.5582504272460938
1777555788674324,1.5865392684936523,-0.6881288886070251,-7.7931413650512695,-116.69387817382812,-39.68703842163086,3.5347766876220703
1777555788684326,1.5716826915740967,-0.6746699213981628,-7.746731758117676,-116.663818359375,-39.620765686035156,3.328704833984375
1777555788694311,1.5799264907836914,-0.6731739640235901,-7.748746871948242,-116.87147521972656,-39.80269241333008,3.4682178497314453
1777555788704323,1.572481393814087,-0.6586478352546692,-7.782480239868164,-116.57081604003906,-39.72521209716797,3.493619918823242
1777555788714333,1.5787744522094727,-0.6758330464363098,-7.760193824768066,-116.7634506225586,-39.57182693481445,3.689107894897461
1777555788724339,1.5671005249023438,-0.6837009191513062,-7.774096965789795,-116.6330337524414,-39.591636657714844,3.5637664794921875
1777555788734352,1.5712261199951172,-0.680862545967102,-7.8172760009765625,-116.7096176147461,-39.87037658691406,3.5257015228271484
1777555788744338,1.5642435550689697,-0.6714128851890564,-7.79300594329834,-116.73257446289062,-39.70030975341797,3.593282699584961
1777555788754385,1.579700231552124,-0.6584186553955078,-7.7665276527404785,-116.49726104736328,-39.52199172973633,3.498910903930664
1777555788764338,1.5779016017913818,-0.6797645688056946,-7.748492240905762,-116.60603332519531,-39.48145294189453,3.571878433227539
1777555788774328,1.589935302734375,-0.6681007146835327,-7.7436723709106445,-116.60740661621094,-39.88806915283203,3.4417266845703125
1777555788784268,1.5636916160583496,-0.6815509796142578,-7.751143455505371,-116.85804748535156,-39.62702941894531,3.3999996185302734
1777555788794263,1.5640873908996582,-0.6616083383560181,-7.77768087387085,-116.52529907226562,-39.537227630615234,3.4900436401367188
1777555788804300,1.5540788173675537,-0.6687813997268677,-7.737323760986328,-116.60429382324219,-39.569488525390625,3.4632644653320312
1777555788814358,1.5637946128845215,-0.674023449420929,-7.743524551391602,-116.83642578125,-39.541656494140625,3.4087066650390625
1777555788824318,1.5887701511383057,-0.6560502648353577,-7.764532089233398,-116.81489562988281,-39.7249870300293,3.2435150146484375
1777555788834297,1.5750677585601807,-0.6696485280990601,-7.803536415100098,-116.78145599365234,-39.6588020324707,3.4915714263916016
1777555788844300,1.5626020431518555,-0.6765298247337341,-7.7535576820373535,-116.55790710449219,-39.57919692993164,3.552297592163086
1777555788854361,1.560938835144043,-0.6844676733016968,-7.759787559509277,-116.5881576538086,-39.51191711425781,3.574594497680664
1777555788864317,1.5724530220031738,-0.6807092428207397,-7.78437614440918,-116.90691375732422,-39.574951171875,3.4526138305664062
1777555788874325,1.560333251953125,-0.6754584312438965,-7.775698661804199,-116.65863037109375,-39.66351318359375,3.712259292602539
1777555788884316,1.566343069076538,-0.6639460921287537,-7.774030685424805,-116.61283111572266,-39.519893646240234,3.467744827270508
1777555788894324,1.580536127090454,-0.6768894791603088,-7.740848541259766,-116.67733764648438,-39.55976104736328,3.467914581298828
1777555788904359,1.5816912651062012,-0.682653546333313,-7.799419403076172,-116.72503662109375,-39.8907470703125,3.4849109649658203
1777555788914330,1.5645246505737305,-0.6680408120155334,-7.775606155395508,-116.77789306640625,-39.757102966308594,3.400554656982422
1777555788924329,1.5637974739074707,-0.6728047728538513,-7.7681989669799805,-116.60392761230469,-39.590965270996094,3.6404361724853516
1777555788934315,1.5696027278900146,-0.6728174686431885,-7.752598762512207,-116.49267578125,-39.65555191040039,3.5598487854003906
1777555788944332,1.57340407371521,-0.6595830917358398,-7.7595367431640625,-116.62033081054688,-39.55012893676758,3.413423538208008
1777555788954313,1.573838710784912,-0.6686457991600037,-7.772212982177734,-116.7769775390625,-39.55947494506836,3.3813838958740234
1777555788964269,1.5778164863586426,-0.6607019305229187,-7.772950649261475,-116.80176544189453,-39.62238693237305,3.4679946899414062
1777555788974320,1.5654675960540771,-0.6900284886360168,-7.753003120422363,-116.69514465332031,-39.554222106933594,3.5784530639648438
1777555788984318,1.5767490863800049,-0.6722334027290344,-7.765688896179199,-116.52782440185547,-39.71641159057617,3.5302886962890625
1777555788994272,1.5748872756958008,-0.6757869720458984,-7.736291885375977,-116.65006256103516,-39.909515380859375,3.51910400390625
1777555789004345,1.562164068222046,-0.6640319228172302,-7.766256332397461,-116.48206329345703,-39.754249572753906,3.5520896911621094
1777555789014378,1.5721969604492188,-0.68463134765625,-7.76292610168457,-116.6839599609375,-39.591468811035156,3.4117813110351562
1777555789024330,1.5677931308746338,-0.6865373849868774,-7.791107177734375,-116.83666229248047,-39.468204498291016,3.447721481323242
1777555789034334,1.586562156677246,-0.676162600517273,-7.792555332183838,-116.7409896850586,-39.75639724731445,3.4907970428466797
1777555789044314,1.5718042850494385,-0.6896841526031494,-7.765754699707031,-116.85482025146484,-39.612667083740234,3.4555587768554688
1777555789054347,1.5586378574371338,-0.6761172413825989,-7.7590179443359375,-116.5549087524414,-39.51620864868164,3.6601715087890625
1777555789064381,1.5576441287994385,-0.6670057773590088,-7.7680983543396,-116.51728820800781,-39.7171630859375,3.3719520568847656
1777555789074354,1.5665497779846191,-0.687421441078186,-7.792381286621094,-116.7211685180664,-39.611839294433594,3.4989852905273438
1777555789084313,1.582779884338379,-0.660978376865387,-7.753439426422119,-116.67969512939453,-39.649593353271484,3.548715591430664
1777555789094353,1.584336280822754,-0.6725147366523743,-7.78926944732666,-116.63739013671875,-39.75402069091797,3.5003910064697266
1777555789104429,1.5828425884246826,-0.6687586903572083,-7.799692630767822,-116.63639068603516,-39.678001403808594,3.50616455078125
1777555789114317,1.5693809986114502,-0.674102783203125,-7.770971298217773,-116.51307678222656,-39.732791900634766,3.6128082275390625
1777555789124321,1.5818233489990234,-0.671471118927002,-7.778771877288818,-116.56338500976562,-39.70969009399414,3.6608829498291016
1777555789134353,1.5656499862670898,-0.6668582558631897,-7.744561195373535,-116.51033782958984,-39.809322357177734,3.670072555541992
1777555789144305,1.569762945175171,-0.6664198040962219,-7.765052795410156,-116.55707550048828,-39.67982864379883,3.5045299530029297
1777555789154345,1.564713954925537,-0.6804746389389038,-7.760471343994141,-116.56437683105469,-39.596763610839844,3.358936309814453
1777555789164265,1.5623500347137451,-0.6764420866966248,-7.773414611816406,-116.6473388671875,-39.64446258544922,3.5324478149414062
1777555789174261,1.5772087574005127,-0.6626321077346802,-7.758742332458496,-116.71054077148438,-39.54977035522461,3.5671234130859375
1777555789184254,1.5542798042297363,-0.674108624458313,-7.789422988891602,-116.58722686767578,-39.619014739990234,3.5201778411865234
1777555789194251,1.5804979801177979,-0.6788081526756287,-7.775778770446777,-116.5829086303711,-39.619354248046875,3.5074024200439453
1777555789204292,1.56449294090271,-0.6719413995742798,-7.7287397384643555,-116.40202331542969,-39.54805374145508,3.4856185913085938
1777555789214214,1.576786756515503,-0.6621389985084534,-7.7792558670043945,-116.47554016113281,-39.621395111083984,3.4551849365234375
1777555789224322,1.5817656517028809,-0.6807808876037598,-7.772890090942383,-116.7584457397461,-39.57483673095703,3.5472774505615234
1777555789234258,1.5684857368469238,-0.6822943687438965,-7.760908126831055,-116.73910522460938,-39.63663101196289,3.3334407806396484
1777555789244257,1.5699553489685059,-0.6897451281547546,-7.7371721267700195,-116.73912048339844,-39.47526168823242,3.5166187286376953
1777555789254290,1.5829010009765625,-0.6599240899085999,-7.7804107666015625,-116.56482696533203,-39.4392204284668,3.466531753540039
1777555789264328,1.565220832824707,-0.6815762519836426,-7.755183219909668,-116.5580062866211,-39.655967712402344,3.457796096801758
1777555789274300,1.5750093460083008,-0.6873360872268677,-7.752091884613037,-116.79812622070312,-39.50240707397461,3.543376922607422
1777555789284281,1.5690555572509766,-0.668576180934906,-7.747419834136963,-116.50788879394531,-39.73040008544922,3.3207321166992188
1777555789294213,1.5644066333770752,-0.677501916885376,-7.776182174682617,-116.61723327636719,-39.48439407348633,3.6220951080322266
1777555789304329,1.5805549621582031,-0.6710100173950195,-7.773571968078613,-116.6554183959961,-39.70152282714844,3.4570159912109375
1777555789314319,1.575629711151123,-0.6782270073890686,-7.779611587524414,-116.66659545898438,-39.81516647338867,3.5316505432128906
1777555789324348,1.5813989639282227,-0.6749997735023499,-7.7710041999816895,-116.49817657470703,-39.5968017578125,3.5728931427001953
1777555789334298,1.5697741508483887,-0.6531405448913574,-7.779735565185547,-116.44719696044922,-39.87638854980469,3.713430404663086
1777555789344337,1.5558342933654785,-0.6590539216995239,-7.763619899749756,-116.62939453125,-39.612892150878906,3.6679515838623047
1777555789354315,1.5592076778411865,-0.6782432198524475,-7.777936935424805,-116.58843994140625,-39.489253997802734,3.5201988220214844
1777555789364311,1.5690038204193115,-0.6695765852928162,-7.786237716674805,-116.60574340820312,-39.547523498535156,3.561023712158203
1777555789374330,1.5717418193817139,-0.675394594669342,-7.766379356384277,-116.66561889648438,-39.71744918823242,3.4477577209472656
1777555789384267,1.579432725906372,-0.6491886377334595,-7.777850151062012,-116.50486755371094,-39.55780792236328,3.3381690979003906
1777555789394266,1.5594866275787354,-0.6794604659080505,-7.7522382736206055,-116.56352233886719,-39.59834289550781,3.4448604583740234
1777555789404315,1.5672380924224854,-0.6738187074661255,-7.745789527893066,-116.487548828125,-39.41886901855469,3.567392349243164
1777555789414271,1.5620782375335693,-0.6770638227462769,-7.747431755065918,-116.58202362060547,-39.68357467651367,3.486011505126953
1777555789424312,1.55704665184021,-0.6940430998802185,-7.776649475097656,-116.7650146484375,-39.723384857177734,3.4884376525878906
1777555789434248,1.5775437355041504,-0.6558211445808411,-7.7616071701049805,-116.63892364501953,-39.768123626708984,3.4646053314208984
1777555789444211,1.5572891235351562,-0.6616021990776062,-7.754926681518555,-116.4410400390625,-39.55434799194336,3.509275436401367
1777555789454302,1.5679352283477783,-0.6740540862083435,-7.7558441162109375,-116.53301239013672,-39.565673828125,3.5281848907470703
1777555789464294,1.557755470275879,-0.6922492980957031,-7.723507881164551,-116.60781860351562,-39.69717788696289,3.565082550048828
1777555789474298,1.5610296726226807,-0.6607836484909058,-7.752685546875,-116.59523010253906,-39.60672378540039,3.508005142211914
1777555789484316,1.5536322593688965,-0.6635013818740845,-7.746545791625977,-116.46941375732422,-39.51566696166992,3.5069198608398438
1777555789494305,1.5533380508422852,-0.6587400436401367,-7.7268967628479,-116.47748565673828,-39.49958038330078,3.525196075439453
1777555789504303,1.5699975490570068,-0.6608000993728638,-7.781904220581055,-116.57298278808594,-39.613651275634766,3.6309852600097656
1777555789514318,1.5616297721862793,-0.6632840633392334,-7.778381824493408,-116.55750274658203,-39.648658752441406,3.683103561401367
1777555789524220,1.5665614604949951,-0.6796557903289795,-7.775264739990234,-116.43855285644531,-39.53001403808594,3.6359634399414062
1777555789534282,1.5752131938934326,-0.6552232503890991,-7.75783109664917,-116.48767852783203,-39.74497604370117,3.7125072479248047
1777555789544224,1.581407070159912,-0.6689515709877014,-7.767691612243652,-116.51860809326172,-39.84211349487305,3.517047882080078
1777555789554230,1.565051555633545,-0.674934446811676,-7.761552810668945,-116.53536224365234,-39.37834548950195,3.5081958770751953
1777555789564277,1.5829663276672363,-0.6712888479232788,-7.786370754241943,-116.57499694824219,-39.52960205078125,3.5210609436035156
1777555789574264,1.5870468616485596,-0.6724295616149902,-7.751487731933594,-116.614501953125,-39.55862808227539,3.5619029998779297
1777555789584259,1.5685677528381348,-0.6647312045097351,-7.761488914489746,-116.48690032958984,-39.515907287597656,3.4411277770996094
1777555789594237,1.5565428733825684,-0.6763184666633606,-7.759882926940918,-116.65734100341797,-39.706764221191406,3.5295772552490234
1777555789604274,1.569897174835205,-0.6793708801269531,-7.751340866088867,-116.36599731445312,-39.561767578125,3.6438121795654297
1777555789614271,1.5539209842681885,-0.6582382321357727,-7.759191036224365,-116.4454345703125,-39.48013687133789,3.4552860260009766
1777555789624217,1.5565450191497803,-0.694690465927124,-7.753637313842773,-116.78068542480469,-39.66992950439453,3.503110885620117
1777555789634282,1.5857985019683838,-0.6827218532562256,-7.765837669372559,-116.728759765625,-39.66023254394531,3.517232894897461
1777555789644208,1.5545039176940918,-0.6776001453399658,-7.759160041809082,-116.67350769042969,-39.706268310546875,3.4840564727783203
1777555789654326,1.566070318222046,-0.6666808724403381,-7.768731117248535,-116.50352478027344,-39.479881286621094,3.441305160522461
1777555789664266,1.5642104148864746,-0.6890172362327576,-7.752525329589844,-116.47413635253906,-39.51006317138672,3.739044189453125
1777555789674259,1.5690603256225586,-0.6811978220939636,-7.778596878051758,-116.55992889404297,-39.53756332397461,3.6355419158935547
1777555789684283,1.5527985095977783,-0.6730228066444397,-7.727940559387207,-116.60966491699219,-39.55281066894531,3.58233642578125
1777555789694233,1.5689244270324707,-0.6652196049690247,-7.799929618835449,-116.55171203613281,-39.502620697021484,3.4692249298095703
1777555789704352,1.5704243183135986,-0.6860189437866211,-7.780361175537109,-116.61129760742188,-39.70610046386719,3.701528549194336
1777555789714385,1.5813734531402588,-0.6628224849700928,-7.779405117034912,-116.55657958984375,-39.62279510498047,3.4853153228759766
1777555789724279,1.570859432220459,-0.6734814047813416,-7.765927314758301,-116.53585815429688,-39.64077377319336,3.4828624725341797
1777555789734315,1.5658338069915771,-0.6452801823616028,-7.756084442138672,-116.40094757080078,-39.6380615234375,3.474712371826172
1777555789744295,1.5636141300201416,-0.6910997033119202,-7.779568672180176,-116.58454895019531,-39.58048629760742,3.561939239501953
1777555789754219,1.6058251857757568,-0.5747919678688049,-7.70537805557251,-115.24047088623047,-38.698734283447266,2.8605098724365234
1777555789764244,1.9104620218276978,-0.11195164918899536,-7.375617027282715,-107.78108215332031,-32.79651641845703,-1.9578466415405273
1777555789774262,1.8481879234313965,-0.053342707455158234,-6.368897438049316,-94.74652099609375,-29.338577270507812,-3.5895042419433594
1777555789784269,1.9619354009628296,0.11213580518960953,-5.6383867263793945,-83.38623046875,-25.64727783203125,-6.440434455871582
1777555789794218,2.1123099327087402,-0.1417779177427292,-5.3448944091796875,-80.69444274902344,-26.88826560974121,-8.306861877441406
1777555789804205,2.052478551864624,-0.31555482745170593,-5.289244651794434,-83.53343200683594,-30.326234817504883,-8.006591796875
1777555789814236,2.1220548152923584,-0.09531813114881516,-5.497838020324707,-84.44036865234375,-28.905826568603516,-8.534036636352539
1777555789824197,2.0428271293640137,-0.06939693540334702,-5.306891441345215,-81.34342193603516,-27.320436477661133,-8.045005798339844
1777555789834190,2.146322250366211,-0.053871266543865204,-5.189470291137695,-78.6593246459961,-25.855255126953125,-9.404043197631836
1777555789844186,2.1756129264831543,-0.25024881958961487,-5.166701793670654,-79.78440856933594,-27.903860092163086,-9.398566246032715
1777555789854141,2.173584461212158,-0.174822598695755,-5.229056358337402,-81.6861343383789,-29.112646102905273,-9.6415433883667
1777555789864257,2.1013402938842773,-0.06480486690998077,-5.277134895324707,-81.43103790283203,-27.49228858947754,-8.968321800231934
1777555789874222,2.0402088165283203,-0.08131860941648483,-5.140429973602295,-78.66184997558594,-26.458209991455078,-8.29099178314209
1777555789884216,2.1567130088806152,-0.13506115972995758,-5.110764503479004,-78.18048095703125,-26.160669326782227,-9.244473457336426
1777555789894142,2.1736135482788086,-0.20626133680343628,-5.096427917480469,-80.01791381835938,-28.287851333618164,-9.363972663879395
1777555789904178,2.19677734375,-0.05932535231113434,-5.2108259201049805,-81.12944030761719,-28.285076141357422,-9.985387802124023
1777555789914227,2.1326651573181152,-0.06840015202760696,-5.260866165161133,-80.19486236572266,-27.285385131835938,-9.249404907226562
1777555789924220,2.12846040725708,-0.11616084724664688,-5.140745639801025,-78.33057403564453,-26.467750549316406,-9.054547309875488
1777555789934226,2.1533336639404297,-0.16945450007915497,-5.096899032592773,-78.41665649414062,-27.204063415527344,-9.39542007446289
1777555789944206,2.1458659172058105,-0.13532985746860504,-5.122988224029541,-79.9913558959961,-28.421953201293945,-9.382142066955566
1777555789954201,2.133045196533203,-0.06542571634054184,-5.240053176879883,-80.60066223144531,-27.56800079345703,-9.36796760559082
1777555789964168,2.147897720336914,-0.10095479339361191,-5.228179931640625,-79.46240234375,-26.49220085144043,-9.291932106018066
1777555789974179,2.162652015686035,-0.14510932564735413,-5.11616325378418,-78.75221252441406,-27.00293731689453,-9.776817321777344
1777555789984195,2.205498218536377,-0.11540333926677704,-5.127320766448975,-79.5419921875,-27.648107528686523,-10.160761833190918
1777555789994166,2.146491050720215,-0.08815163373947144,-5.165700912475586,-80.19122314453125,-28.12454605102539,-9.544800758361816
1777555790004164,2.109508514404297,-0.11427003890275955,-5.202269554138184,-79.66255187988281,-27.124553680419922,-8.984603881835938
1777555790014176,2.1179311275482178,-0.14311754703521729,-5.083029747009277,-78.55101776123047,-26.56725311279297,-9.257116317749023
1777555790024178,2.167473316192627,-0.13180111348628998,-5.118137359619141,-78.68479919433594,-27.445293426513672,-9.611822128295898
1777555790034119,2.198374032974243,-0.09952691197395325,-5.155595779418945,-80.02317810058594,-27.916397094726562,-10.134627342224121
1777555790044135,2.1603174209594727,-0.11515361815690994,-5.218743324279785,-80.38074493408203,-27.52923011779785,-9.716886520385742
1777555790054188,2.152885913848877,-0.1212165579199791,-5.155531406402588,-79.24112701416016,-26.781494140625,-9.237552642822266
1777555790064226,2.1327126026153564,-0.12581457197666168,-5.0718231201171875,-78.52833557128906,-26.934200286865234,-9.552377700805664
1777555790074181,2.17152738571167,-0.11166797578334808,-5.071100234985352,-78.92042541503906,-27.626358032226562,-9.723210334777832
1777555790084213,2.1208229064941406,-0.0994856134057045,-5.194000244140625,-79.87097930908203,-27.644119262695312,-9.447665214538574
1777555790094127,2.15311336517334,-0.10925032943487167,-5.206246376037598,-79.78762817382812,-26.851362228393555,-9.40090274810791
1777555790104176,2.172482490539551,-0.09438460320234299,-5.14971923828125,-78.76888275146484,-26.79405975341797,-9.81482219696045
1777555790114223,2.1871914863586426,-0.08991619199514389,-5.0936431884765625,-79.06320190429688,-27.395721435546875,-9.99000358581543
1777555790124130,2.17577862739563,-0.12764905393123627,-5.160859107971191,-79.94258117675781,-27.66246223449707,-9.74862289428711
1777555790134202,2.1310253143310547,-0.11357085406780243,-5.178284645080566,-79.53278350830078,-27.560293197631836,-9.23969841003418
1777555790144197,2.109813690185547,-0.118206687271595,-5.16917610168457,-78.55692291259766,-26.70503807067871,-8.9581937789917
1777555790154170,2.144850730895996,-0.09306597709655762,-5.056850433349609,-78.34092712402344,-26.833602905273438,-9.625590324401855
1777555790164142,2.1621811389923096,-0.13879446685314178,-5.1332292556762695,-79.42074584960938,-27.462751388549805,-9.64072322845459
1777555790174148,2.1832008361816406,-0.11675076186656952,-5.1987690925598145,-79.98848724365234,-27.462343215942383,-9.613847732543945
1777555790184160,2.152146816253662,-0.10011011362075806,-5.119699954986572,-79.20232391357422,-26.90823745727539,-9.475882530212402
1777555790194200,2.1364898681640625,-0.11702831834554672,-5.07997989654541,-78.32758331298828,-26.802734375,-9.277488708496094
1777555790204216,2.114786148071289,-0.1181500032544136,-5.046751022338867,-78.48094177246094,-27.1437931060791,-9.485801696777344
1777555790214179,2.120352268218994,-0.13832682371139526,-5.114394187927246,-79.17263793945312,-27.471233367919922,-9.128745079040527
1777555790224163,2.112931728363037,-0.12772563099861145,-5.101039409637451,-79.08189392089844,-27.2353572845459,-9.027137756347656
1777555790234128,2.1168715953826904,-0.09656278789043427,-5.105520248413086,-78.45049285888672,-26.656448364257812,-9.368583679199219
1777555790244143,2.1148526668548584,-0.13354183733463287,-5.106346130371094,-78.61092376708984,-26.901981353759766,-9.379984855651855
1777555790254108,2.1082406044006348,-0.14936856925487518,-5.112614154815674,-79.1394271850586,-27.403118133544922,-9.076924324035645
1777555790264152,2.068856716156006,-0.16652800142765045,-5.102329730987549,-78.98377990722656,-27.212858200073242,-8.50642204284668
1777555790274141,2.028085708618164,-0.13711722195148468,-5.07311487197876,-77.99310302734375,-27.010557174682617,-8.412137985229492
1777555790284160,2.0174121856689453,-0.1319107860326767,-5.028047561645508,-77.63864135742188,-26.651254653930664,-8.214323997497559
1777555790294143,2.0487303733825684,-0.15884922444820404,-5.052297592163086,-78.14913177490234,-27.136442184448242,-8.328169822692871
1777555790304154,2.044649124145508,-0.15409938991069794,-5.100156307220459,-78.78929138183594,-27.425085067749023,-8.177997589111328
1777555790314184,2.0292086601257324,-0.12559664249420166,-5.081326484680176,-78.24555969238281,-27.05736541748047,-8.194944381713867
1777555790324116,1.9661321640014648,-0.13796360790729523,-5.013248443603516,-77.48681640625,-26.736839294433594,-7.853272438049316
1777555790334140,1.977173089981079,-0.1946258544921875,-5.019328594207764,-77.6634292602539,-27.14143943786621,-7.421921730041504
1777555790344175,1.9516639709472656,-0.18158824741840363,-5.026672840118408,-77.852294921875,-27.327167510986328,-7.416555404663086
1777555790354169,1.9377126693725586,-0.15273785591125488,-5.049104690551758,-77.8447265625,-26.91718292236328,-7.539322853088379
1777555790364106,1.94864022731781,-0.1369379311800003,-5.025859832763672,-77.75527954101562,-26.678150177001953,-7.4295196533203125
1777555790374128,1.9596407413482666,-0.1599472612142563,-5.036075592041016,-77.5971908569336,-26.702075958251953,-7.476259231567383
1777555790384118,1.9553143978118896,-0.16618695855140686,-5.007391929626465,-77.75821685791016,-27.05974578857422,-7.258155822753906
1777555790394149,1.9333059787750244,-0.14531457424163818,-4.99943733215332,-77.68592834472656,-27.158748626708984,-7.372617721557617
1777555790404263,1.9111568927764893,-0.15083648264408112,-5.024434566497803,-77.2772216796875,-26.7574520111084,-7.046539306640625
1777555790414159,1.8980590105056763,-0.16782991588115692,-5.001416206359863,-77.05223083496094,-26.840312957763672,-6.936389923095703
1777555790424157,1.9240485429763794,-0.1679578274488449,-5.008790969848633,-77.36335754394531,-26.762847900390625,-6.943955421447754
1777555790434125,1.9306851625442505,-0.15995198488235474,-5.01142692565918,-77.47911834716797,-27.039865493774414,-7.29637336730957
1777555790444133,1.9145210981369019,-0.1462574005126953,-5.032576084136963,-77.608154296875,-26.85643768310547,-7.1528730392456055
1777555790454165,1.9179877042770386,-0.16228075325489044,-5.032835483551025,-77.44918823242188,-26.710689544677734,-7.260931015014648
1777555790464192,1.908231496810913,-0.18099911510944366,-4.9689717292785645,-77.04721069335938,-26.70142936706543,-6.9216766357421875
1777555790474128,1.8940953016281128,-0.17561133205890656,-4.986931800842285,-77.22637939453125,-26.871322631835938,-6.913884162902832
1777555790484157,1.893794298171997,-0.15642380714416504,-5.023669719696045,-77.35112762451172,-26.89289093017578,-6.966856002807617
1777555790494115,1.8916265964508057,-0.1579136848449707,-4.9830708503723145,-77.29267883300781,-26.822296142578125,-6.802484512329102
1777555790504173,1.9124172925949097,-0.1741955727338791,-5.044573783874512,-77.23043060302734,-26.651840209960938,-6.888337135314941
1777555790514164,1.9054800271987915,-0.16753676533699036,-5.027228355407715,-77.32551574707031,-26.830442428588867,-7.102062225341797
1777555790524121,1.9003697633743286,-0.16942241787910461,-4.985555171966553,-77.41104125976562,-26.895523071289062,-6.963418960571289
1777555790534147,1.8914086818695068,-0.15981294214725494,-5.0121002197265625,-77.26022338867188,-26.783180236816406,-6.839434623718262
1777555790544170,1.884243369102478,-0.1642991006374359,-4.977007865905762,-76.97412872314453,-26.782310485839844,-6.691732406616211
1777555790554138,1.8865466117858887,-0.17521624267101288,-4.9934821128845215,-77.05927276611328,-26.672607421875,-6.775073051452637
1777555790564132,1.9064176082611084,-0.1335216909646988,-4.988421440124512,-76.97242736816406,-26.72222328186035,-7.0443878173828125
1777555790574121,1.901097059249878,-0.15850073099136353,-5.0135016441345215,-77.43645477294922,-26.716459274291992,-6.979861259460449
1777555790584142,1.8946306705474854,-0.1629827469587326,-5.021403789520264,-77.37703704833984,-26.729522705078125,-7.078190803527832
1777555790594122,1.8935617208480835,-0.17399188876152039,-4.950562000274658,-76.97822570800781,-26.616361618041992,-7.019383430480957
1777555790604140,1.8823280334472656,-0.16428279876708984,-4.94570779800415,-76.85069274902344,-26.658382415771484,-6.688372611999512
1777555790614090,1.8830457925796509,-0.16604559123516083,-4.975497245788574,-77.00102996826172,-26.77225685119629,-6.756375312805176
1777555790624113,1.8747698068618774,-0.1795063614845276,-4.979336738586426,-77.18834686279297,-26.80326271057129,-6.754764556884766
1777555790634114,1.8846896886825562,-0.17570362985134125,-5.004467010498047,-77.3014907836914,-26.707576751708984,-6.822353363037109
1777555790644113,1.9033437967300415,-0.14937567710876465,-4.991645336151123,-77.00980377197266,-26.47930145263672,-6.991353988647461
1777555790654130,1.9095258712768555,-0.17492738366127014,-4.984411239624023,-77.25430297851562,-26.8389949798584,-7.01513671875
1777555790664123,1.892232060432434,-0.17044362425804138,-4.985619068145752,-77.13264465332031,-26.633102416992188,-6.9063262939453125
1777555790674115,1.880697250366211,-0.1733274906873703,-4.9881486892700195,-76.9334716796875,-26.697755813598633,-6.884563446044922
1777555790684130,1.8865790367126465,-0.16833212971687317,-4.9732255935668945,-76.72128295898438,-26.665925979614258,-6.6398420333862305
1777555790694077,1.8927836418151855,-0.17342154681682587,-5.001900672912598,-77.03002166748047,-26.712200164794922,-6.772490501403809
1777555790704115,1.8914066553115845,-0.16107408702373505,-5.025397300720215,-77.13790893554688,-26.79413604736328,-6.835060119628906
1777555790714113,1.9026243686676025,-0.1800066977739334,-5.028831481933594,-77.08018493652344,-26.800586700439453,-6.8735246658325195
1777555790724107,1.901763677597046,-0.18297669291496277,-5.006304740905762,-77.12167358398438,-26.820518493652344,-6.870369911193848
1777555790734114,1.8957622051239014,-0.1844007670879364,-5.010206699371338,-76.94275665283203,-26.895822525024414,-6.507133483886719
1777555790744125,1.8819806575775146,-0.17053008079528809,-4.971249103546143,-76.94648742675781,-26.6595401763916,-6.530092239379883
1777555790754102,1.8626028299331665,-0.1773834079504013,-4.963521957397461,-76.98825073242188,-26.658241271972656,-6.827415466308594
1777555790764066,1.8924163579940796,-0.16927923262119293,-4.972292900085449,-77.0910415649414,-26.579538345336914,-6.83204460144043
1777555790774071,1.9024887084960938,-0.191608726978302,-4.98776912689209,-77.28466033935547,-26.738521575927734,-6.921780586242676
1777555790784063,1.917354941368103,-0.17188425362110138,-4.973633766174316,-77.07745361328125,-26.636140823364258,-6.821544647216797
1777555790794056,1.8993229866027832,-0.18414083123207092,-4.998886585235596,-77.0554428100586,-26.805984497070312,-6.825361251831055
1777555790804068,1.8727030754089355,-0.15011584758758545,-4.967968940734863,-76.79051971435547,-26.440786361694336,-6.796573638916016
1777555790814065,1.8621652126312256,-0.17799045145511627,-4.9838762283325195,-76.79505157470703,-26.5318603515625,-6.675568580627441
1777555790824052,1.8730344772338867,-0.17848274111747742,-4.958810329437256,-76.83110046386719,-26.456741333007812,-6.725500106811523
1777555790834067,1.8789122104644775,-0.1707019954919815,-4.963898658752441,-76.87641906738281,-26.48175621032715,-6.808926582336426
1777555790844079,1.8987412452697754,-0.1572273224592209,-4.980851173400879,-77.02469635009766,-26.68206214904785,-7.008289337158203
1777555790854061,1.8918492794036865,-0.16471612453460693,-4.980329990386963,-77.11334228515625,-26.71221923828125,-7.073971748352051
1777555790864068,1.8837871551513672,-0.1763717085123062,-4.9634318351745605,-76.96122741699219,-26.67020606994629,-6.872076988220215
1777555790874091,1.8671154975891113,-0.17672313749790192,-4.943913459777832,-76.8399658203125,-26.716751098632812,-6.734910011291504
1777555790884124,1.8756035566329956,-0.16568948328495026,-4.962764263153076,-76.84451293945312,-26.57444953918457,-6.685162544250488
1777555790894058,1.8787379264831543,-0.18020497262477875,-4.981366157531738,-76.86244201660156,-26.706239700317383,-6.575706481933594
1777555790904099,1.897378921508789,-0.17265073955059052,-4.95834493637085,-76.93439483642578,-26.55549430847168,-6.986119270324707
1777555790914101,1.8770339488983154,-0.15629281103610992,-4.9849467277526855,-76.86083221435547,-26.67059326171875,-6.800868034362793
1777555790924059,1.9031845331192017,-0.16848239302635193,-4.948328495025635,-76.87933349609375,-26.451854705810547,-6.82686710357666
1777555790934068,1.882070779800415,-0.1874547153711319,-4.9673848152160645,-76.7629165649414,-26.874977111816406,-6.49488639831543
1777555790944097,1.8585090637207031,-0.16294562816619873,-4.969280242919922,-76.63273620605469,-26.617631912231445,-6.588590621948242
1777555790954077,1.864609956741333,-0.16223971545696259,-4.962975025177002,-76.78271484375,-26.61680030822754,-6.691961288452148
1777555790964065,1.8778620958328247,-0.1712222397327423,-4.94714879989624,-76.75871276855469,-26.545822143554688,-6.654006004333496
1777555790974066,1.8911346197128296,-0.16989611089229584,-4.923686504364014,-77.017333984375,-26.57347297668457,-6.93065071105957
1777555790984066,1.9085383415222168,-0.18466633558273315,-4.990208148956299,-76.90360260009766,-26.735788345336914,-6.741155624389648
1777555790994024,1.8885711431503296,-0.1748003363609314,-4.978271484375,-76.84110260009766,-26.553659439086914,-6.6592254638671875
1777555791004058,1.8791474103927612,-0.17250338196754456,-4.957163333892822,-76.75035095214844,-26.512165069580078,-6.748286247253418
1777555791014017,1.875421404838562,-0.17213685810565948,-4.932636737823486,-76.67027282714844,-26.405017852783203,-6.73220157623291
1777555791024058,1.8759205341339111,-0.18050220608711243,-4.964527606964111,-76.67588806152344,-26.603931427001953,-6.591144561767578
1777555791034027,1.89779531955719,-0.17473164200782776,-4.978534698486328,-76.79644012451172,-26.54248809814453,-6.7359209060668945
1777555791044074,1.8844075202941895,-0.17387357354164124,-4.964837074279785,-77.0217514038086,-26.561737060546875,-6.880368232727051
1777555791054045,1.8648583889007568,-0.1826857626438141,-4.979292869567871,-77.10409545898438,-26.70167350769043,-6.789348602294922
1777555791064076,1.8810529708862305,-0.15567192435264587,-4.968189716339111,-76.7955551147461,-26.423805236816406,-6.893366813659668
1777555791074048,1.8917869329452515,-0.19296850264072418,-4.990141868591309,-76.88027954101562,-26.742835998535156,-6.604313850402832
1777555791084058,1.8628510236740112,-0.1806347370147705,-4.959300518035889,-76.63038635253906,-26.57992935180664,-6.506650924682617
1777555791094021,1.863347053527832,-0.16586562991142273,-4.970856666564941,-76.73489379882812,-26.354442596435547,-6.6412858963012695
1777555791104076,1.9097107648849487,-0.15442824363708496,-4.97627592086792,-76.79234313964844,-26.596771240234375,-6.621491432189941
1777555791114036,1.8846789598464966,-0.16207768023014069,-4.968937873840332,-77.01319122314453,-26.670419692993164,-6.658243179321289
1777555791124006,1.8879034519195557,-0.16525694727897644,-4.9359660148620605,-76.74235534667969,-26.365467071533203,-6.749176979064941
1777555791134051,1.891176462173462,-0.16549985110759735,-4.922651767730713,-76.65570831298828,-26.637432098388672,-6.881345748901367
1777555791144097,1.8769222497940063,-0.15530815720558167,-4.96218729019165,-76.5497055053711,-26.60538101196289,-6.733884811401367
1777555791154023,1.8815547227859497,-0.16959722340106964,-4.9491963386535645,-76.61251831054688,-26.585620880126953,-6.560250282287598
1777555791164027,1.8766429424285889,-0.1858447939157486,-4.971731185913086,-76.62734985351562,-26.8135929107666,-6.6302289962768555
1777555791174027,1.9035993814468384,-0.16222941875457764,-4.952113628387451,-76.7711410522461,-26.387432098388672,-6.862358093261719
1777555791184036,1.874147891998291,-0.1705770492553711,-4.9365949630737305,-76.70427703857422,-26.522537231445312,-6.692849159240723
1777555791194002,1.8847193717956543,-0.17141900956630707,-4.965032577514648,-77.00505828857422,-26.577171325683594,-6.819190979003906
1777555791204012,1.8823438882827759,-0.18859678506851196,-4.966156959533691,-76.95359802246094,-26.430824279785156,-6.782841682434082
1777555791214007,1.8882356882095337,-0.17266668379306793,-4.9525651931762695,-76.65538024902344,-26.636062622070312,-6.6168107986450195
1777555791224017,1.8695919513702393,-0.15620267391204834,-4.9429192543029785,-76.54277038574219,-26.395830154418945,-6.745177268981934
1777555791234024,1.8767374753952026,-0.16912129521369934,-4.94797945022583,-76.74288940429688,-26.516616821289062,-6.6615800857543945
1777555791244046,1.8842986822128296,-0.1569008231163025,-4.948783874511719,-76.849365234375,-26.543725967407227,-6.883815765380859
1777555791254039,1.8784425258636475,-0.16448237001895905,-4.934288024902344,-76.82650756835938,-26.412696838378906,-6.875295639038086
1777555791264065,1.8788319826126099,-0.16953949630260468,-4.9596991539001465,-76.74161529541016,-26.413801193237305,-6.785061836242676
1777555791274043,1.8863484859466553,-0.1760503649711609,-4.952706813812256,-76.52595520019531,-26.583520889282227,-6.4864044189453125
1777555791284096,1.8855509757995605,-0.1642894446849823,-4.986448287963867,-76.5441665649414,-26.459457397460938,-6.601659774780273
1777555791294033,1.8734029531478882,-0.19354522228240967,-4.981272220611572,-76.85955047607422,-26.565324783325195,-6.502345085144043
1777555791304080,1.8724653720855713,-0.16322243213653564,-4.941979885101318,-76.70177459716797,-26.644723892211914,-6.549715995788574
1777555791314078,1.8918319940567017,-0.16976384818553925,-4.9782843589782715,-76.97959899902344,-26.51484489440918,-6.6224565505981445
1777555791324045,1.8848481178283691,-0.16188883781433105,-4.97093391418457,-76.71951293945312,-26.66645622253418,-6.691949844360352
1777555791334074,1.8844648599624634,-0.17653201520442963,-4.9514923095703125,-76.80033874511719,-26.608901977539062,-6.615180015563965
1777555791344028,1.8910108804702759,-0.17975524067878723,-4.9600443840026855,-76.74537658691406,-26.60947036743164,-6.666136741638184
1777555791354029,1.8745934963226318,-0.1705324351787567,-4.945833683013916,-76.44065856933594,-26.462800979614258,-6.547283172607422
1777555791364039,1.877835750579834,-0.1824588030576706,-4.948917865753174,-76.69683837890625,-26.410144805908203,-6.719446182250977
1777555791374050,1.884140968322754,-0.19068880379199982,-4.913970470428467,-76.77594757080078,-26.646608352661133,-6.663108825683594
1777555791383995,1.8970508575439453,-0.1664707213640213,-4.9596781730651855,-76.76124572753906,-26.593524932861328,-6.782749176025391
1777555791394041,1.8836970329284668,-0.17408843338489532,-4.960237979888916,-76.81497192382812,-26.50184440612793,-6.654911041259766
1777555791404033,1.8756223917007446,-0.16454581916332245,-4.968622207641602,-76.63040161132812,-26.652206420898438,-6.725732803344727
1777555791414004,1.8586907386779785,-0.1697593778371811,-4.941437721252441,-76.45875549316406,-26.406631469726562,-6.623960494995117
1777555791424001,1.8587219715118408,-0.18776755034923553,-4.94407320022583,-76.6847915649414,-26.40814971923828,-6.432585716247559
1777555791434052,1.875051498413086,-0.17407304048538208,-4.93798828125,-76.62290954589844,-26.488893508911133,-6.571715354919434
1777555791444017,1.885270118713379,-0.18643586337566376,-4.954789638519287,-77.00916290283203,-26.634828567504883,-6.70388126373291
1777555791453966,1.8806754350662231,-0.15783418715000153,-4.935544967651367,-76.60208892822266,-26.5760498046875,-6.9906206130981445
1777555791464003,1.8678950071334839,-0.18960189819335938,-4.961370944976807,-76.63753509521484,-26.557941436767578,-6.611147880554199
1777555791474011,1.8852239847183228,-0.16019098460674286,-4.930622100830078,-76.64073181152344,-26.541135787963867,-6.764898300170898
1777555791484052,1.8577474355697632,-0.1777454912662506,-4.9613471031188965,-76.65157318115234,-26.498775482177734,-6.600192070007324
1777555791493980,1.8768141269683838,-0.17031770944595337,-4.952672004699707,-76.44141387939453,-26.506752014160156,-6.630122184753418
1777555791504026,1.875389575958252,-0.16175776720046997,-4.939720153808594,-76.57909393310547,-26.643644332885742,-6.598003387451172
1777555791514020,1.86921226978302,-0.1754632443189621,-4.969412803649902,-76.81271362304688,-26.712665557861328,-6.691385269165039
1777555791524025,1.883367896080017,-0.1602173149585724,-4.969410419464111,-76.65567016601562,-26.474319458007812,-6.692045211791992
1777555791534042,1.8834784030914307,-0.16100667417049408,-4.97469425201416,-76.51600646972656,-26.554134368896484,-6.654264450073242
1777555791544038,1.879254698753357,-0.17252123355865479,-4.957966327667236,-76.72247314453125,-26.630096435546875,-6.650912284851074
1777555791553978,1.8739240169525146,-0.1769234836101532,-4.960868835449219,-76.53778839111328,-26.468507766723633,-6.617602348327637
1777555791563958,1.8800957202911377,-0.17484498023986816,-4.950150012969971,-76.714111328125,-26.385204315185547,-6.6367998123168945
1777555791574021,1.8766536712646484,-0.17598147690296173,-4.956907272338867,-76.79701232910156,-26.725919723510742,-6.533801078796387
1777555791584010,1.8827518224716187,-0.1740497648715973,-4.957720756530762,-76.75968170166016,-26.510236740112305,-6.738663673400879
1777555791594024,1.8793812990188599,-0.1774154156446457,-4.971312046051025,-76.6815185546875,-26.422502517700195,-6.903757095336914
1777555791603973,1.889375925064087,-0.17296676337718964,-4.916574954986572,-76.79739379882812,-26.56390380859375,-6.648569107055664
1777555791614020,1.8757983446121216,-0.17370961606502533,-4.958576202392578,-76.71282196044922,-26.479751586914062,-6.535653114318848
1777555791624042,1.8664727210998535,-0.1563607007265091,-4.93224573135376,-76.47463989257812,-26.473114013671875,-6.790595054626465
1777555791634017,1.8617401123046875,-0.1793481707572937,-4.941190719604492,-76.6749267578125,-26.2812557220459,-6.8037919998168945
1777555791644032,1.8742964267730713,-0.1863212287425995,-4.962810516357422,-76.82439422607422,-26.406190872192383,-6.685344696044922
1777555791654009,1.8836079835891724,-0.1741667538881302,-4.970019340515137,-76.74525451660156,-26.582637786865234,-6.709000587463379
1777555791664003,1.885670781135559,-0.17788967490196228,-4.962638854980469,-76.55416870117188,-26.34359359741211,-6.770752906799316
1777555791673973,1.8913228511810303,-0.16388863325119019,-4.960593223571777,-76.71209716796875,-26.704540252685547,-6.650399208068848
1777555791683986,1.875680923461914,-0.18504512310028076,-4.955705165863037,-76.62844848632812,-26.577959060668945,-6.6085405349731445
1777555791693993,1.8781837224960327,-0.17324857413768768,-4.94185209274292,-76.7046890258789,-26.499467849731445,-6.669223785400391
1777555791704029,1.8813740015029907,-0.1985480636358261,-4.931235313415527,-76.83196258544922,-26.756576538085938,-6.452200889587402
1777555791714013,1.8719273805618286,-0.171142116189003,-4.952406883239746,-76.84294128417969,-26.390605926513672,-6.726798057556152
1777555791723978,1.8843748569488525,-0.17598672211170197,-4.954718112945557,-76.63829803466797,-26.693843841552734,-6.749066352844238
1777555791734029,1.8848438262939453,-0.17473642528057098,-4.961166858673096,-76.77774047851562,-26.678865432739258,-6.729132652282715
1777555791744057,1.8826044797897339,-0.15721550583839417,-4.934473037719727,-76.58267211914062,-26.499488830566406,-6.695796966552734
1777555791754023,1.8624439239501953,-0.18290245532989502,-4.953993320465088,-76.65336608886719,-26.583946228027344,-6.532270431518555
1777555791763948,1.8809281587600708,-0.178925558924675,-4.928750514984131,-76.5556411743164,-26.582477569580078,-6.794987678527832
1777555791773980,1.8759276866912842,-0.17415741086006165,-4.955922603607178,-76.61646270751953,-26.498655319213867,-6.857586860656738
1777555791784027,1.8815414905548096,-0.1705438494682312,-4.949837684631348,-76.55512237548828,-26.33106231689453,-6.781942367553711
1777555791794013,1.8874918222427368,-0.1653641015291214,-4.933070659637451,-76.62074279785156,-26.620635986328125,-6.710597991943359
1777555791804031,1.8756811618804932,-0.15409812331199646,-4.943246364593506,-76.57361602783203,-26.36197853088379,-6.753419876098633
1777555791813980,1.8849960565567017,-0.18805289268493652,-4.912765979766846,-76.62494659423828,-26.425457000732422,-6.630159378051758
1777555791823990,1.8778923749923706,-0.17270727455615997,-4.95014762878418,-76.55572509765625,-26.393144607543945,-6.855191230773926
1777555791834031,1.8716778755187988,-0.15574079751968384,-4.938422203063965,-76.67001342773438,-26.489665985107422,-6.801669120788574
1777555791843936,1.8813683986663818,-0.15972211956977844,-4.9514665603637695,-76.52017211914062,-26.407405853271484,-6.670951843261719
1777555791853965,1.887317419052124,-0.176311194896698,-4.948857307434082,-76.6227798461914,-26.353479385375977,-6.781791687011719
1777555791864002,1.8823844194412231,-0.1835709512233734,-4.932311534881592,-76.81172180175781,-26.498716354370117,-6.844743728637695
1777555791873972,1.8897734880447388,-0.1877897083759308,-4.952956199645996,-76.77450561523438,-26.705541610717773,-6.753453254699707
1777555791883998,1.8953396081924438,-0.16790375113487244,-4.889708518981934,-76.6617202758789,-26.48580551147461,-6.859097480773926
1777555791893954,1.8742862939834595,-0.17464208602905273,-4.957795143127441,-76.72599029541016,-26.365379333496094,-6.722776412963867
1777555791904006,1.8721082210540771,-0.15401092171669006,-4.933655738830566,-76.512939453125,-26.429866790771484,-6.599750518798828
1777555791913987,1.8797293901443481,-0.162503182888031,-4.975469589233398,-76.68814086914062,-26.53624153137207,-6.69404411315918
1777555791923939,1.881034255027771,-0.17266221344470978,-4.977871417999268,-76.61324310302734,-26.434329986572266,-6.853717803955078
1777555791933988,1.884675145149231,-0.17213670909404755,-4.977324485778809,-76.88128662109375,-26.68050765991211,-6.634005546569824
1777555791943964,1.8945246934890747,-0.16636468470096588,-4.954677581787109,-76.63652038574219,-26.635082244873047,-6.675603866577148
