23:16:06 - Time: 1753132566.642, current_contact_force: 0.0
23:16:06 - Time: 1753132566.642, jac: [[0. 0. 0. 0. 0. 0. 0.]
 [0. 0. 0. 0. 0. 0. 0.]
 [0. 0. 0. 0. 0. 0. 0.]
 [0. 0. 0. 0. 0. 0. 0.]
 [0. 0. 0. 0. 0. 0. 0.]
 [0. 0. 0. 0. 0. 0. 0.]]
23:16:06 - Time: 1753132566.642, tau: [0. 0. 0. 0. 0. 0. 0.]
23:16:06 - Time: 1753132566.642, tau + g: [0. 0. 0. 0. 0. 0. 0.]
23:16:06 - Time: 1753132566.685, current_contact_force: 0.0
23:16:06 - Time: 1753132566.685, jac: [[ 0.00000000e+00  2.93998531e-01  0.00000000e+00  1.26001469e-01
   0.00000000e+00 -1.26000000e-01  0.00000000e+00]
 [ 3.99999074e-01  8.88176364e-17  3.99999074e-01  1.77635273e-16
   1.26000000e-01 -1.02767537e-21  0.00000000e+00]
 [ 0.00000000e+00 -3.99999074e-01  0.00000000e+00  3.99999074e-01
   0.00000000e+00  9.25647686e-07  0.00000000e+00]
 [ 0.00000000e+00  0.00000000e+00  0.00000000e+00  0.00000000e+00
   1.00000000e+00  0.00000000e+00 -7.34641021e-06]
 [ 0.00000000e+00  1.00000000e+00  0.00000000e+00 -1.00000000e+00
   0.00000000e+00  1.00000000e+00  0.00000000e+00]
 [ 1.00000000e+00  2.22044605e-16  1.00000000e+00  4.44089210e-16
  -3.67320510e-06  1.11022302e-15 -1.00000000e+00]]
23:16:06 - Time: 1753132566.685, tau: [ 9.99829531e-01  8.51046727e+01  1.01206292e+00 -3.47164515e+01
  8.85843051e-01 -1.17171706e+00  1.15961958e-18]
23:16:06 - Time: 1753132566.685, tau + g: [ 9.99829531e-01  6.20737835e+01  1.01206292e+00 -1.16668742e+01
  1.71871251e-01 -1.17170817e+00  1.15962289e-18]
23:16:06 - Time: 1753132566.694, current_contact_force: 0.0
23:16:06 - Time: 1753132566.694, jac: [[-2.75598523e-06  2.93950255e-01 -2.75598523e-06  1.26049745e-01
   2.17623568e-07 -1.26000000e-01 -2.71050543e-20]
 [ 3.99999071e-01 -7.73045192e-10  3.99999073e-01 -2.17280834e-07
   1.25999999e-01  2.17598325e-07  5.55111512e-17]
 [ 0.00000000e+00 -3.99999071e-01 -1.82832266e-14  3.99999074e-01
   3.44549180e-06  9.23162423e-07 -1.69406589e-21]
 [ 0.00000000e+00  2.62985069e-09 -6.63274164e-09 -1.72377049e-06
   9.99999992e-01  1.72717118e-06 -7.32663867e-06]
 [ 0.00000000e+00  1.00000000e+00  8.72156008e-18 -1.00000000e+00
  -1.72377047e-06  1.00000000e+00  2.73451858e-05]
 [ 1.00000000e+00  2.22044605e-16  1.00000000e+00 -1.06581410e-14
  -1.24361831e-04  2.73451732e-05 -1.00000000e+00]]
23:16:06 - Time: 1753132566.694, tau: [ 4.09937511e-01  8.19136418e+01  9.71858066e-01 -3.33163040e+01
  8.49986012e-01 -1.12484880e+00 -1.61605004e-10]
23:16:06 - Time: 1753132566.694, tau + g: [ 4.09828403e-01  5.88792808e+01  9.71748964e-01 -1.02668965e+01
  1.36047398e-01 -1.12466064e+00  1.65065160e-06]
23:16:06 - Time: 1753132566.701, current_contact_force: 0.0
23:16:06 - Time: 1753132566.701, jac: [[-5.40356474e-06  2.93826384e-01 -5.40264376e-06  1.26173614e-01
   4.41369646e-07 -1.26000000e-01  0.00000000e+00]
 [ 4.00037050e-01  1.01786487e-05  4.00010464e-01 -4.37645055e-07
   1.25999988e-01  4.41320441e-07 -5.55111512e-17]
 [ 0.00000000e+00 -4.00037050e-01 -7.64950994e-10  3.99999049e-01
   6.79405650e-06  9.13279459e-07  3.38813179e-21]
 [ 0.00000000e+00 -3.46417112e-05  9.04795916e-05 -3.47952885e-06
   9.99999906e-01  3.50293401e-06 -7.24806080e-06]
 [ 0.00000000e+00  9.99999999e-01  3.13436799e-09 -1.00000000e+00
  -3.47953001e-06  9.99999999e-01  5.39211136e-05]
 [ 1.00000000e+00  2.22044605e-16  9.99999996e-01  3.44919449e-09
  -4.34035652e-04  5.39210882e-05 -9.99999999e-01]]
23:16:06 - Time: 1753132566.701, tau: [ 7.18107390e-01  7.84816038e+01  9.33305532e-01 -3.19554002e+01
  8.15130873e-01 -1.07941837e+00 -4.72480871e-08]
23:16:06 - Time: 1753132566.701, tau + g: [ 7.18894703e-01  5.54250102e+01  9.34015783e-01 -8.90897297e+00
  1.01328179e-01 -1.07822718e+00  4.06990311e-06]
23:16:06 - Time: 1753132566.709, current_contact_force: 0.0
23:16:06 - Time: 1753132566.709, jac: [[-7.94468089e-06  2.93629949e-01 -7.94097365e-06  1.26370035e-01
   6.73642835e-07 -1.26000000e-01  2.71050543e-20]
 [ 4.00111471e-01  1.38368529e-05  4.00032792e-01 -6.60682017e-07
   1.25999946e-01  6.73573157e-07  0.00000000e+00]
 [ 0.00000000e+00 -4.00111471e-01 -2.92281909e-09  3.99998952e-01
   1.00484082e-05  8.77300330e-07  0.00000000e+00]
 [ 0.00000000e+00 -4.71234385e-05  2.67904052e-04 -5.27258574e-06
   9.99999572e-01  5.34637396e-06 -6.96227468e-06]
 [ 0.00000000e+00  9.99999999e-01  1.26245601e-08 -1.00000000e+00
  -5.27259647e-06  9.99999997e-01  7.97493425e-05]
 [ 1.00000000e+00  1.11022302e-16  9.99999964e-01  1.40371080e-08
  -9.25089238e-04  7.97493053e-05 -9.99999997e-01]]
23:16:06 - Time: 1753132566.709, tau: [ 4.97325326e-01  7.53712056e+01  8.95874203e-01 -3.06330723e+01
  7.81260463e-01 -1.03541884e+00 -1.63288671e-07]
23:16:06 - Time: 1753132566.709, tau + g: [ 4.96681005e-01  5.22762729e+01  8.95001691e-01 -7.59419902e+00
  6.76529309e-02 -1.03243662e+00  6.18405804e-06]
23:16:06 - Time: 1753132566.711, current_contact_force: 0.0
23:16:06 - Time: 1753132566.711, jac: [[-1.03858529e-05  2.93363889e-01 -1.03748286e-05  1.26636052e-01
   9.15004052e-07 -1.26000000e-01  0.00000000e+00]
 [ 4.00220814e-01  2.08429757e-05  4.00065612e-01 -8.81976650e-07
   1.25999841e-01  9.14921506e-07 -5.55111512e-17]
 [ 0.00000000e+00 -4.00220813e-01 -9.54530074e-09  3.99998696e-01
   1.32081489e-05  7.98450073e-07 -6.77626358e-21]
 [ 0.00000000e+00 -7.10481978e-05  5.28851463e-04 -7.09519198e-06
   9.99998736e-01  7.26194603e-06 -6.33614413e-06]
 [ 0.00000000e+00  9.99999997e-01  3.75739435e-08 -1.00000000e+00
  -7.09524873e-06  9.99999994e-01  1.04826756e-04]
 [ 1.00000000e+00  0.00000000e+00  9.99999860e-01  4.13262523e-08
  -1.59013061e-03  1.04826710e-04 -9.99999994e-01]]
23:16:06 - Time: 1753132566.711, tau: [ 5.90194232e-01  7.22452067e+01  8.60195933e-01 -2.93485064e+01
  7.48358956e-01 -9.92841869e-01 -3.40104942e-07]
23:16:06 - Time: 1753132566.711, tau + g: [ 5.90061366e-01  4.90973680e+01  8.59610385e-01 -6.32110771e+00
  3.51151120e-02 -9.87379197e-01  8.01136899e-06]
23:16:06 - Time: 1753132566.728, current_contact_force: 0.0
23:16:06 - Time: 1753132566.728, jac: [[-1.27277148e-05  2.93031046e-01 -1.27056173e-05  1.26968794e-01
   1.16712793e-06 -1.26000000e-01  0.00000000e+00]
 [ 4.00363580e-01  2.53927744e-05  4.00108480e-01 -1.10308396e-06
   1.25999631e-01  1.16704569e-06  0.00000000e+00]
 [ 0.00000000e+00 -4.00363580e-01 -1.91112971e-08  3.99998164e-01
   1.62760195e-05  6.63053527e-07  0.00000000e+00]
 [ 0.00000000e+00 -8.66555768e-05  8.70039048e-04 -8.94988430e-06
   9.99997067e-01  9.26294710e-06 -5.26113308e-06]
 [ 0.00000000e+00  9.99999996e-01  7.53937357e-08 -1.00000000e+00
  -8.95005951e-06  9.99999992e-01  1.29175184e-04]
 [ 1.00000000e+00  0.00000000e+00  9.99999622e-01  8.31805166e-08
  -2.42198698e-03  1.29175136e-04 -9.99999992e-01]]
23:16:06 - Time: 1753132566.728, tau: [ 4.98938341e-01  6.92977665e+01  8.25401936e-01 -2.81009568e+01
  7.16404791e-01 -9.51675381e-01 -5.69955646e-07]
23:16:06 - Time: 1753132566.728, tau + g: [ 4.96673775e-01  4.60840867e+01  8.22393300e-01 -5.08860354e+00
  3.54614758e-03 -9.43133412e-01  9.57926811e-06]
23:16:06 - Time: 1753132566.738, current_contact_force: 0.0
23:16:06 - Time: 1753132566.738, jac: [[-1.49767374e-05  2.92634172e-01 -1.49368838e-05  1.27365478e-01
   1.43034443e-06 -1.26000000e-01  0.00000000e+00]
 [ 4.00538300e-01  3.09251508e-05  4.00160964e-01 -1.31931707e-06
   1.25999266e-01  1.43028248e-06 -5.55111512e-17]
 [ 0.00000000e+00 -4.00538299e-01 -3.52373115e-08  3.99997209e-01
   1.92515813e-05  4.59962198e-07  0.00000000e+00]
 [ 0.00000000e+00 -1.05678535e-04  1.28831067e-03 -1.08299074e-05
   9.99994173e-01  1.13520059e-05 -3.64875919e-06]
 [ 0.00000000e+00  9.99999994e-01  1.36146786e-07 -1.00000000e+00
  -1.08303567e-05  9.99999988e-01  1.52791258e-04]
 [ 1.00000000e+00  3.33066907e-16  9.99999170e-01  1.50099197e-07
  -3.41369885e-03  1.52791216e-04 -9.99999988e-01]]
23:16:06 - Time: 1753132566.738, tau: [ 5.17763316e-01  6.64091868e+01  7.92303449e-01 -2.68896039e+01
  6.85382271e-01 -9.11903927e-01 -8.45846870e-07]
23:16:06 - Time: 1753132566.738, tau + g: [ 5.14747656e-01  4.31180323e+01  7.88182391e-01 -3.89531476e+00
 -2.69651452e-02 -8.99766947e-01  1.09003508e-05]
23:16:06 - Time: 1753132566.742, current_contact_force: 0.0
23:16:06 - Time: 1753132566.742, jac: [[-1.71339988e-05  2.92175928e-01 -1.70708868e-05  1.27823404e-01
   1.70558553e-06 -1.26000000e-01 -2.71050543e-20]
 [ 4.00743529e-01  3.54283154e-05  4.00222636e-01 -1.53233638e-06
   1.25998690e-01  1.70557154e-06  5.55111512e-17]
 [ 0.00000000e+00 -4.00743529e-01 -5.60167010e-08  3.99995663e-01
   2.21372776e-05  1.80564090e-07  6.77626358e-21]
 [ 0.00000000e+00 -1.21256790e-04  1.78063265e-03 -1.27345320e-05
   9.99989610e-01  1.35365337e-05 -1.43067006e-06]
 [ 0.00000000e+00  9.99999993e-01  2.15913801e-07 -1.00000000e+00
  -1.27354873e-05  9.99999984e-01  1.75694523e-04]
 [ 1.00000000e+00  0.00000000e+00  9.99998415e-01  2.38589704e-07
  -4.55851409e-03  1.75694504e-04 -9.99999985e-01]]
23:16:06 - Time: 1753132566.742, tau: [ 4.72641208e-01  6.36453288e+01  7.60091494e-01 -2.57137045e+01
  6.55270346e-01 -8.73509105e-01 -1.16106818e-06]
23:16:06 - Time: 1753132566.742, tau + g: [ 4.67267749e-01  4.02664510e+01  7.53190804e-01 -2.74018895e+00
 -5.65374980e-02 -8.57337655e-01  1.20011660e-05]
23:16:06 - Time: 1753132566.748, current_contact_force: 0.0
23:16:06 - Time: 1753132566.748, jac: [[-1.92042983e-05  2.91658893e-01 -1.91102371e-05  1.28339950e-01
   1.99333453e-06 -1.26000000e-01  2.71050543e-20]
 [ 4.00977855e-01  4.01044740e-05  4.00293079e-01 -1.73887434e-06
   1.25997841e-01  1.99340465e-06  0.00000000e+00]
 [ 0.00000000e+00 -4.00977854e-01 -8.42278960e-08  3.99993337e-01
   2.49334956e-05 -1.81682319e-07  0.00000000e+00]
 [ 0.00000000e+00 -1.37504717e-04  2.34408832e-03 -1.46606569e-05
   9.99982889e-01  1.58203862e-05  1.44505386e-06]
 [ 0.00000000e+00  9.99999991e-01  3.22323205e-07 -1.00000000e+00
  -1.46624927e-05  9.99999980e-01  1.97888251e-04]
 [ 1.00000000e+00  0.00000000e+00  9.99997253e-01  3.56690060e-07
  -5.84988230e-03  1.97888274e-04 -9.99999980e-01]]
23:16:06 - Time: 1753132566.748, tau: [ 4.66584054e-01  6.09623701e+01  7.29374929e-01 -2.45724553e+01
  6.26051889e-01 -8.36469903e-01 -1.50963514e-06]
23:16:06 - Time: 1753132566.748, tau + g: [ 4.59479879e-01  3.74866666e+01  7.20256801e-01 -1.62200094e+00
 -8.51335139e-02 -8.15894303e-01  1.28939407e-05]
23:16:06 - Time: 1753132566.758, current_contact_force: 0.0
23:16:06 - Time: 1753132566.758, jac: [[-2.11894186e-05  2.91085560e-01 -2.10576138e-05  1.28912577e-01
   2.29400374e-06 -1.26000000e-01 -5.42101086e-20]
 [ 4.01239895e-01  4.42595957e-05  4.00371884e-01 -1.93992822e-06
   1.25996652e-01  2.29420320e-06  0.00000000e+00]
 [ 0.00000000e+00 -4.01239893e-01 -1.18496787e-07  3.99990027e-01
   2.76422193e-05 -6.31309462e-07 -1.35525272e-20]
 [ 0.00000000e+00 -1.52050123e-04  2.97587379e-03 -1.66056993e-05
   9.99973490e-01  1.82068622e-05  5.01438705e-06]
 [ 0.00000000e+00  9.99999988e-01  4.52481981e-07 -1.00000000e+00
  -1.66089136e-05  9.99999976e-01  2.19388425e-04]
 [ 1.00000000e+00  1.11022302e-16  9.99995572e-01  5.01900669e-07
  -7.28144920e-03  2.19388517e-04 -9.99999976e-01]]
23:16:06 - Time: 1753132566.758, tau: [ 4.38525648e-01  5.83814938e+01  6.99601078e-01 -2.34651110e+01
  5.97706780e-01 -8.00763043e-01 -1.88585098e-06]
23:16:06 - Time: 1753132566.758, tau + g: [ 4.28844131e-01  3.48010191e+01  6.87363190e-01 -5.39725247e-01
 -1.12824802e-01 -7.75477421e-01  1.36004525e-05]
23:16:06 - Time: 1753132566.772, current_contact_force: 0.0
23:16:06 - Time: 1753132566.772, jac: [[-2.30929142e-05  2.90458346e-01 -2.29152709e-05  1.29538817e-01
   2.60799611e-06 -1.26000000e-01  0.00000000e+00]
 [ 4.01528300e-01  4.83183732e-05  4.00458653e-01 -2.13357974e-06
   1.25995055e-01  2.60837979e-06 -5.55111512e-17]
 [ 0.00000000e+00 -4.01528299e-01 -1.60530939e-07  3.99985517e-01
   3.02644236e-05 -1.17116501e-06  0.00000000e+00]
 [ 0.00000000e+00 -1.66352158e-04  3.67329312e-03 -1.85680107e-05
   9.99960864e-01  2.06991936e-05  9.29993269e-06]
 [ 0.00000000e+00  9.99999986e-01  6.11060246e-07 -1.00000000e+00
  -1.85732936e-05  9.99999971e-01  2.40203066e-04]
 [ 1.00000000e+00  1.11022302e-16  9.99993253e-01  6.79270575e-07
  -8.84705122e-03  2.40203259e-04 -9.99999971e-01]]
23:16:06 - Time: 1753132566.772, tau: [ 4.24681195e-01  5.58854396e+01  6.71125088e-01 -2.23908910e+01
  5.70216988e-01 -7.66363271e-01 -2.28460939e-06]
23:16:06 - Time: 1753132566.772, tau + g: [ 4.12637032e-01  3.21932488e+01  6.55923186e-01  5.07740304e-01
 -1.39607046e-01 -7.36119969e-01  1.41338454e-05]
23:16:06 - Time: 1753132566.778, current_contact_force: 0.0
23:16:06 - Time: 1753132566.778, jac: [[-2.49168658e-05  2.89779587e-01 -2.46858686e-05  1.30216280e-01
   2.93545443e-06 -1.26000000e-01  0.00000000e+00]
 [ 4.01841758e-01  5.20444592e-05  4.00552997e-01 -2.32032608e-06
   1.25992977e-01  2.93608734e-06  0.00000000e+00]
 [ 0.00000000e+00 -4.01841756e-01 -2.09512513e-07  3.99979581e-01
   3.28018427e-05 -1.80252459e-06  0.00000000e+00]
 [ 0.00000000e+00 -1.79600153e-04  4.43375410e-03 -2.05448112e-05
   9.99944445e-01  2.32985553e-05  1.43118169e-05]
 [ 0.00000000e+00  9.99999984e-01  7.96302930e-07 -1.00000000e+00
  -2.05530237e-05  9.99999966e-01  2.60346254e-04]
 [ 1.00000000e+00  2.22044605e-16  9.99990171e-01  8.87402294e-07
  -1.05407102e-02  2.60346588e-04 -9.99999966e-01]]
23:16:06 - Time: 1753132566.778, tau: [ 4.03512077e-01  5.34798417e+01  6.43617933e-01 -2.13490532e+01
  5.43563050e-01 -7.33243649e-01 -2.70113140e-06]
23:16:06 - Time: 1753132566.778, tau + g: [ 3.88677764e-01  2.96699571e+01  6.24972854e-01  1.52138148e+00
 -1.65525362e-01 -6.97848046e-01  1.45115619e-05]
23:16:06 - Time: 1753132566.780, current_contact_force: 0.0
23:16:06 - Time: 1753132566.780, jac: [[-2.66640713e-05  2.89051550e-01 -2.63715814e-05  1.30942646e-01
   3.27659570e-06 -1.26000000e-01  0.00000000e+00]
 [ 4.02178989e-01  5.55918138e-05  4.00654538e-01 -2.49917171e-06
   1.25990344e-01  3.27755348e-06 -5.55111512e-17]
 [ 0.00000000e+00 -4.02178986e-01 -2.66337534e-07  3.99971987e-01
   3.52557714e-05 -2.52532140e-06  0.00000000e+00]
 [ 0.00000000e+00 -1.92324908e-04  5.25476387e-03 -2.25347595e-05
   9.99923654e-01  2.60067198e-05  2.00495116e-05]
 [ 0.00000000e+00  9.99999982e-01  1.01062200e-06 -1.00000000e+00
  -2.25469904e-05  9.99999961e-01  2.79828621e-04]
 [ 1.00000000e+00  3.33066907e-16  9.99986194e-01  1.12905243e-06
  -1.23566285e-02  2.79829143e-04 -9.99999961e-01]]
23:16:06 - Time: 1753132566.780, tau: [ 3.87811345e-01  5.11568223e+01  6.17253303e-01 -2.03388402e+01
  5.17726589e-01 -7.01375804e-01 -3.13110633e-06]
23:16:06 - Time: 1753132566.780, tau + g: [ 3.70233193e-01  2.72241264e+01  5.95158233e-01  2.50220498e+00
 -1.90591175e-01 -6.60681481e-01  1.47467376e-05]
23:16:06 - Time: 1753132566.790, current_contact_force: 0.0
23:16:06 - Time: 1753132566.790, jac: [[-2.83366306e-05  2.88276425e-01 -2.79749128e-05  1.31715668e-01
   3.63140048e-06 -1.26000000e-01  0.00000000e+00]
 [ 4.02538749e-01  5.88831181e-05  4.00762911e-01 -2.67037936e-06
   1.25987083e-01  3.63276983e-06  0.00000000e+00]
 [ 0.00000000e+00 -4.02538747e-01 -3.30530349e-07  3.99962500e-01
   3.76278409e-05 -3.33827409e-06  1.35525272e-20]
 [ 0.00000000e+00 -2.04259217e-04  6.13392484e-03 -2.45354333e-05
   9.99897904e-01  2.88235925e-05  2.65028486e-05]
 [ 0.00000000e+00  9.99999979e-01  1.25291071e-06 -1.00000000e+00
  -2.45529823e-05  9.99999955e-01  2.98663500e-04]
 [ 1.00000000e+00  1.11022302e-16  9.99981187e-01  1.40343562e-06
  -1.42891835e-02  2.98664264e-04 -9.99999955e-01]]
23:16:06 - Time: 1753132566.790, tau: [ 3.69931157e-01  4.89166354e+01  5.91844578e-01 -1.93595196e+01
  4.92688627e-01 -6.70730167e-01 -3.57056121e-06]
23:16:06 - Time: 1753132566.790, tau + g: [ 3.49399028e-01  2.48568202e+01  5.66041551e-01  3.45114736e+00
 -2.14836573e-01 -6.24634432e-01  1.48537151e-05]
23:16:06 - Time: 1753132566.795, current_contact_force: 0.0
23:16:06 - Time: 1753132566.795, jac: [[-2.99368825e-05  2.87456337e-01 -2.94980190e-05  1.32533163e-01
   3.99989498e-06 -1.26000000e-01  0.00000000e+00]
 [ 4.02919835e-01  6.19776273e-05  4.00877759e-01 -2.83352017e-06
   1.25983117e-01  4.00177420e-06  0.00000000e+00]
 [ 0.00000000e+00 -4.02919832e-01 -4.02473068e-07  3.99950883e-01
   3.99195040e-05 -4.23905856e-06  0.00000000e+00]
 [ 0.00000000e+00 -2.15607096e-04  7.06893071e-03 -2.65454854e-05
   9.99866609e-01  3.17494508e-05  3.36533838e-05]
 [ 0.00000000e+00  9.99999977e-01  1.52411166e-06 -1.00000000e+00
  -2.65699032e-05  9.99999949e-01  3.16862833e-04]
 [ 1.00000000e+00  0.00000000e+00  9.99975015e-01  1.71180262e-06
  -1.63329234e-02  3.16863901e-04 -9.99999949e-01]]
23:16:06 - Time: 1753132566.795, tau: [ 3.54410848e-01  4.67547868e+01  5.67460379e-01 -1.84103566e+01
  4.68430802e-01 -6.41276184e-01 -4.01590576e-06]
23:16:06 - Time: 1753132566.795, tau + g: [ 3.30923406e-01  2.25642734e+01  5.37900198e-01  4.36913917e+00
 -2.38279258e-01 -5.89715907e-01  1.48447602e-05]
23:16:06 - Time: 1753132566.806, current_contact_force: 0.0
23:16:06 - Time: 1753132566.806, jac: [[-3.14668234e-05  2.86593341e-01 -3.09432428e-05  1.33393018e-01
   4.38193584e-06 -1.26000000e-01 -2.71050543e-20]
 [ 4.03321075e-01  6.48532481e-05  4.00998738e-01 -2.98879546e-06
   1.25978373e-01  4.38443535e-06  0.00000000e+00]
 [ 0.00000000e+00 -4.03321072e-01 -4.81848373e-07  3.99936898e-01
   4.21323559e-05 -5.22443062e-06  0.00000000e+00]
 [ 0.00000000e+00 -2.26290137e-04  8.05756264e-03 -2.85628912e-05
   9.99829182e-01  3.47832368e-05  4.14753703e-05]
 [ 0.00000000e+00  9.99999974e-01  1.82334700e-06 -1.00000000e+00
  -2.85959673e-05  9.99999943e-01  3.34439719e-04]
 [ 1.00000000e+00  0.00000000e+00  9.99967537e-01  2.05356095e-06
  -1.84825622e-02  3.34441162e-04 -9.99999943e-01]]
23:16:06 - Time: 1753132566.806, tau: [ 3.38510322e-01  4.46697144e+01  5.43992669e-01 -1.74906337e+01
  4.44934576e-01 -6.12982522e-01 -4.46387062e-06]
23:16:06 - Time: 1753132566.806, tau + g: [ 3.11973760e-01  2.03455994e+01  5.10537468e-01  5.25706457e+00
 -2.60945018e-01 -5.55930267e-01  1.47319940e-05]
23:16:06 - Time: 1753132566.812, current_contact_force: 0.0
23:16:06 - Time: 1753132566.812, jac: [[-3.29284942e-05  2.85689428e-01 -3.23127121e-05  1.34293182e-01
   4.77738724e-06 -1.26000000e-01  2.71050543e-20]
 [ 4.03741339e-01  6.75357894e-05  4.01125518e-01 -3.13611462e-06
   1.25972778e-01  4.78063010e-06  0.00000000e+00]
 [ 0.00000000e+00 -4.03741336e-01 -5.68735208e-07  3.99920310e-01
   4.42679212e-05 -6.29036072e-06  1.35525272e-20]
 [ 0.00000000e+00 -2.36395823e-04  9.09768546e-03 -3.05862807e-05
   9.99785048e-01  3.79239629e-05  4.99368276e-05]
 [ 0.00000000e+00  9.99999972e-01  2.15065490e-06 -1.00000000e+00
  -3.06300670e-05  9.99999938e-01  3.51406714e-04]
 [ 1.00000000e+00  1.11022302e-16  9.99958615e-01  2.42901979e-06
  -2.07329752e-02  3.51408608e-04 -9.99999937e-01]]
23:16:06 - Time: 1753132566.812, tau: [ 3.23843143e-01  4.26582051e+01  5.21456026e-01 -1.65996383e+01
  4.22181819e-01 -5.85817239e-01 -4.91150943e-06]
23:16:06 - Time: 1753132566.812, tau + g: [ 2.94258388e-01  1.81981963e+01  4.84063504e-01  6.11579038e+00
 -2.82853485e-01 -5.23277682e-01  1.45264090e-05]
23:16:06 - Time: 1753132566.821, current_contact_force: 0.0
23:16:06 - Time: 1753132566.821, jac: [[-3.43237514e-05  2.84746528e-01 -3.36086368e-05  1.35231669e-01
   5.18599964e-06 -1.26000000e-01 -5.42101086e-20]
 [ 4.04179532e-01  7.00222209e-05  4.01257776e-01 -3.27569977e-06
   1.25966258e-01  5.19012216e-06  0.00000000e+00]
 [ 0.00000000e+00 -4.04179529e-01 -6.62866911e-07  3.99900889e-01
   4.63277817e-05 -7.43214310e-06  0.00000000e+00]
 [ 0.00000000e+00 -2.45910703e-04  1.01872442e-02 -3.26139350e-05
   9.99733639e-01  4.11697494e-05  5.90004080e-05]
 [ 0.00000000e+00  9.99999970e-01  2.50515246e-06 -9.99999999e-01
  -3.26707362e-05  9.99999932e-01  3.67776840e-04]
 [ 1.00000000e+00  1.11022302e-16  9.99948109e-01  2.83754582e-06
  -2.30791948e-02  3.67779270e-04 -9.99999931e-01]]
23:16:06 - Time: 1753132566.821, tau: [ 3.09413775e-01  4.07181369e+01  4.99782672e-01 -1.57366718e+01
  4.00154444e-01 -5.59747952e-01 -5.35616656e-06]
23:16:06 - Time: 1753132566.821, tau + g: [ 2.76754693e-01  1.61205016e+01  4.58386288e-01  6.94614912e+00
 -3.04027174e-01 -4.91754557e-01  1.42383984e-05]
23:16:06 - Time: 1753132566.829, current_contact_force: 0.0
23:16:06 - Time: 1753132566.829, jac: [[-3.56544259e-05  2.83766507e-01 -3.48330978e-05  1.36206553e-01
   5.60750771e-06 -1.26000000e-01  0.00000000e+00]
 [ 4.04634597e-01  7.23262998e-05  4.01395206e-01 -3.40766402e-06
   1.25958745e-01  5.61266007e-06 -5.55111512e-17]
 [ 0.00000000e+00 -4.04634593e-01 -7.64146235e-07  3.99878406e-01
   4.83134888e-05 -8.64450442e-06  2.71050543e-20]
 [ 0.00000000e+00 -2.54879613e-04  1.13242606e-02 -3.46445012e-05
   9.99674403e-01  4.45186026e-05  6.86242587e-05]
 [ 0.00000000e+00  9.99999968e-01  2.88632325e-06 -9.99999999e-01
  -3.47168857e-05  9.99999925e-01  3.83562892e-04]
 [ 1.00000000e+00  1.11022302e-16  9.99935879e-01  3.27885685e-06
  -2.55164059e-02  3.83565948e-04 -9.99999924e-01]]
23:16:06 - Time: 1753132566.829, tau: [ 2.95791923e-01  3.88468377e+01  4.78961695e-01 -1.49010441e+01
  3.78834693e-01 -5.34741986e-01 -5.79546394e-06]
23:16:06 - Time: 1753132566.829, tau + g: [ 2.60078540e-01  1.41103495e+01  4.33542322e-01  7.74895213e+00
 -3.24485832e-01 -4.61353924e-01  1.38775889e-05]
23:16:06 - Time: 1753132566.837, current_contact_force: 0.0
23:16:06 - Time: 1753132566.837, jac: [[-3.69222366e-05  2.82751174e-01 -3.59881975e-05  1.37215966e-01
   6.04156990e-06 -1.25999999e-01 -5.42101086e-20]
 [ 4.05105514e-01  7.44514211e-05  4.01537508e-01 -3.53227767e-06
   1.25950168e-01  6.04791678e-06  0.00000000e+00]
 [ 0.00000000e+00 -4.05105509e-01 -8.72306302e-07  3.99852644e-01
   5.02266136e-05 -9.92169734e-06 -2.71050543e-20]
 [ 0.00000000e+00 -2.63310732e-04  1.25068297e-02 -3.66764735e-05
   9.99606803e-01  4.79679343e-05  7.87627646e-05]
 [ 0.00000000e+00  9.99999965e-01  3.29318260e-06 -9.99999999e-01
  -3.67672634e-05  9.99999919e-01  3.98777820e-04]
 [ 1.00000000e+00  2.22044605e-16  9.99921787e-01  3.75218248e-06
  -2.80399422e-02  3.98781598e-04 -9.99999917e-01]]
23:16:06 - Time: 1753132566.837, tau: [ 2.82606256e-01  3.70420701e+01  4.58945336e-01 -1.40920776e+01
  3.58204966e-01 -5.10766508e-01 -6.22728024e-06]
23:16:06 - Time: 1753132566.837, tau + g: [ 2.43855794e-01  1.21659623e+01  4.09483252e-01  8.52498290e+00
 -3.44250014e-01 -4.32065808e-01  1.34529226e-05]
23:16:06 - Time: 1753132566.845, current_contact_force: 0.0
23:16:06 - Time: 1753132566.845, jac: [[-3.81288564e-05  2.81702281e-01 -3.70759571e-05  1.38258101e-01
   6.48781944e-06 -1.25999999e-01 -2.71050543e-20]
 [ 4.05591298e-01  7.64068025e-05  4.01684399e-01 -3.64977899e-06
   1.25940464e-01  6.49554071e-06 -5.55111512e-17]
 [ 0.00000000e+00 -4.05591294e-01 -9.87145632e-07  3.99823387e-01
   5.20687101e-05 -1.12575891e-05 -5.42101086e-20]
 [ 0.00000000e+00 -2.71232450e-04  1.37331169e-02 -3.87085468e-05
   9.99530322e-01  5.15149671e-05  8.93672513e-05]
 [ 0.00000000e+00  9.99999963e-01  3.72486708e-06 -9.99999999e-01
  -3.88208188e-05  9.99999913e-01  4.13434442e-04]
 [ 1.00000000e+00  0.00000000e+00  9.99905696e-01  4.25685751e-06
  -3.06452820e-02  4.13439047e-04 -9.99999911e-01]]
23:16:06 - Time: 1753132566.845, tau: [ 2.70051638e-01  3.53014408e+01  4.39711732e-01 -1.33091051e+01
  3.38247965e-01 -4.87788648e-01 -6.64973398e-06]
23:16:06 - Time: 1753132566.845, tau + g: [ 2.28306264e-01  1.02853606e+01  3.86213560e-01  9.27500317e+00
 -3.63338879e-01 -4.03877560e-01  1.29727162e-05]
23:16:06 - Time: 1753132566.854, current_contact_force: 0.0
23:16:06 - Time: 1753132566.854, jac: [[-3.92758821e-05  2.80621522e-01 -3.80983890e-05  1.39331205e-01
   6.94583720e-06 -1.25999999e-01 -5.42101086e-20]
 [ 4.06091004e-01  7.81978371e-05  4.01835605e-01 -3.76048724e-06
   1.25929569e-01  6.95512859e-06  0.00000000e+00]
 [ 0.00000000e+00 -4.06090999e-01 -1.10837825e-06  3.99790433e-01
   5.38413342e-05 -1.26457401e-05  0.00000000e+00]
 [ 0.00000000e+00 -2.78659432e-04  1.50013547e-02 -4.07393633e-05
   9.99444466e-01  5.51565182e-05  1.00386608e-04]
 [ 0.00000000e+00  9.99999961e-01  4.18026913e-06 -9.99999999e-01
  -4.08764377e-05  9.99999907e-01  4.27545589e-04]
 [ 1.00000000e+00  3.33066907e-16  9.99887473e-01  4.79195399e-06
  -3.33280443e-02  4.27551127e-04 -9.99999904e-01]]
23:16:06 - Time: 1753132566.854, tau: [ 2.57981627e-01  3.36227553e+01  4.21223232e-01 -1.25514718e+01
  3.18946614e-01 -4.65775612e-01 -7.06116706e-06]
23:16:06 - Time: 1753132566.854, tau + g: [ 2.13288533e-01  8.46672296e+00  3.63702439e-01  9.99975063e+00
 -3.81771595e-01 -3.76774170e-01  1.24446406e-05]
23:16:06 - Time: 1753132566.863, current_contact_force: 0.0
23:16:06 - Time: 1753132566.863, jac: [[-4.03648633e-05  2.79510542e-01 -3.90574493e-05  1.40433581e-01
   7.41517791e-06 -1.25999999e-01 -4.06575815e-20]
 [ 4.06603719e-01  7.98318619e-05  4.01990863e-01 -3.86471824e-06
   1.25917423e-01  7.42625166e-06  0.00000000e+00]
 [ 0.00000000e+00 -4.06603714e-01 -1.23573898e-06  3.99753585e-01
   5.55460283e-05 -1.40794762e-05  0.00000000e+00]
 [ 0.00000000e+00 -2.85613051e-04  1.63098396e-02 -4.27676782e-05
   9.99348760e-01  5.88892071e-05  1.11767863e-04]
 [ 0.00000000e+00  9.99999959e-01  4.65830325e-06 -9.99999999e-01
  -4.29331119e-05  9.99999901e-01  4.41123974e-04]
 [ 1.00000000e+00  1.11022302e-16  9.99866986e-01  5.35654972e-06
  -3.60839852e-02  4.41130558e-04 -9.99999896e-01]]
23:16:06 - Time: 1753132566.863, tau: [ 2.46455761e-01  3.20038044e+01  4.03454002e-01 -1.18185337e+01
  3.00284134e-01 -4.44694777e-01 -7.46012837e-06]
23:16:06 - Time: 1753132566.863, tau + g: [ 1.98877139e-01  6.70817365e+00  3.41940457e-01  1.06999420e+01
 -3.99566490e-01 -3.50738551e-01  1.18758125e-05]
23:16:06 - Time: 1753132566.869, current_contact_force: 0.0
23:16:06 - Time: 1753132566.869, jac: [[-4.13972931e-05  2.78370928e-01 -3.99550711e-05  1.41563583e-01
   7.89535945e-06 -1.25999999e-01 -1.35525272e-20]
 [ 4.07128569e-01  8.13147185e-05  4.02149923e-01 -3.96283033e-06
   1.25903968e-01  7.90844500e-06 -5.55111512e-17]
 [ 0.00000000e+00 -4.07128564e-01 -1.36891920e-06  3.99712656e-01
   5.71843278e-05 -1.55519535e-05 -2.71050543e-20]
 [ 0.00000000e+00 -2.92109221e-04  1.76569299e-02 -4.47922403e-05
   9.99242757e-01  6.27093707e-05  1.23456697e-04]
 [ 0.00000000e+00  9.99999957e-01  5.15775227e-06 -9.99999999e-01
  -4.49898137e-05  9.99999895e-01  4.54182243e-04]
 [ 1.00000000e+00  0.00000000e+00  9.99844104e-01  5.94957323e-06
  -3.89089940e-02  4.54189988e-04 -9.99999889e-01]]
23:16:06 - Time: 1753132566.869, tau: [ 2.35409284e-01  3.04424922e+01  3.86371877e-01 -1.11096592e+01
  2.82244007e-01 -4.24513780e-01 -7.84535932e-06]
23:16:06 - Time: 1753132566.869, tau + g: [ 1.85013909e-01  5.00791452e+00  3.20903592e-01  1.13762725e+01
 -4.16741609e-01 -3.25751802e-01  1.12727723e-05]
23:16:06 - Time: 1753132566.883, current_contact_force: 0.0
23:16:06 - Time: 1753132566.883, jac: [[-4.23746221e-05  2.77204222e-01 -4.07931438e-05  1.42719621e-01
   8.38587674e-06 -1.25999999e-01 -1.35525272e-20]
 [ 4.07664712e-01  8.26528184e-05  4.02312546e-01 -4.05518633e-06
   1.25889152e-01  8.40122140e-06  0.00000000e+00]
 [ 0.00000000e+00 -4.07664706e-01 -1.50761361e-06  3.99667472e-01
   5.87577540e-05 -1.70562173e-05  0.00000000e+00]
 [ 0.00000000e+00 -2.98165786e-04  1.90410423e-02 -4.68118664e-05
   9.99126035e-01  6.66131723e-05  1.35397910e-04]
 [ 0.00000000e+00  9.99999956e-01  5.67738762e-06 -9.99999999e-01
  -4.70455714e-05  9.99999889e-01  4.66732920e-04]
 [ 1.00000000e+00  3.33066907e-16  9.99818703e-01  6.56992545e-06
  -4.17990903e-02  4.66741942e-04 -9.99999882e-01]]
23:16:06 - Time: 1753132566.883, tau: [ 2.24852797e-01  2.89367579e+01  3.69950274e-01 -1.04242285e+01
  2.64810012e-01 -4.05200599e-01 -8.21577902e-06]
23:16:06 - Time: 1753132566.883, tau + g: [ 1.71719200e-01  3.36414889e+00  3.00576351e-01  1.20294174e+01
 -4.33314394e-01 -3.01793451e-01  1.06415597e-05]
23:16:06 - Time: 1753132566.889, current_contact_force: 0.0
23:16:06 - Time: 1753132566.889, jac: [[-4.32982572e-05  2.76011912e-01 -4.15735283e-05  1.43900152e-01
   8.88619873e-06 -1.25999998e-01 -2.71050543e-20]
 [ 4.08211341e-01  8.38519153e-05  4.02478502e-01 -4.14217096e-06
   1.25872925e-01  8.90406826e-06 -5.55111512e-17]
 [ 0.00000000e+00 -4.08211336e-01 -1.65149369e-06  3.99617866e-01
   6.02678166e-05 -1.85852550e-05  0.00000000e+00]
 [ 0.00000000e+00 -3.03798161e-04  2.04606498e-02 -4.88253861e-05
   9.98998197e-01  7.05965773e-05  1.47535842e-04]
 [ 0.00000000e+00  9.99999954e-01  6.21590807e-06 -9.99999999e-01
  -4.90994105e-05  9.99999883e-01  4.78788413e-04]
 [ 1.00000000e+00  2.22044605e-16  9.99790659e-01  7.21641788e-06
  -4.47504197e-02  4.78798832e-04 -9.99999874e-01]]
23:16:06 - Time: 1753132566.889, tau: [ 2.14751596e-01  2.74846222e+01  3.54160423e-01 -9.76163343e+00
  2.47966214e-01 -3.86723623e-01 -8.57047124e-06]
23:16:06 - Time: 1753132566.889, tau + g: [ 1.58964223e-01  1.77513041e+00  2.80937250e-01  1.26600328e+01
 -4.49301906e-01 -2.78841679e-01  9.98770831e-06]
23:16:06 - Time: 1753132566.898, current_contact_force: 0.0
23:16:06 - Time: 1753132566.898, jac: [[-4.41695687e-05  2.74795442e-01 -4.22980480e-05  1.45103683e-01
   9.39577622e-06 -1.25999998e-01 -2.71050543e-20]
 [ 4.08767684e-01  8.49178484e-05  4.02647575e-01 -4.22417317e-06
   1.25855240e-01  9.41645542e-06  0.00000000e+00]
 [ 0.00000000e+00 -4.08767678e-01 -1.80022853e-06  3.99563684e-01
   6.17160100e-05 -2.01320434e-05  0.00000000e+00]
 [ 0.00000000e+00 -3.09022027e-04  2.19142787e-02 -5.08316740e-05
   9.98858875e-01  7.46554143e-05  1.59814750e-04]
 [ 0.00000000e+00  9.99999952e-01  6.77199515e-06 -9.99999999e-01
  -5.11503855e-05  9.99999877e-01  4.90360992e-04]
 [ 1.00000000e+00  2.22044605e-16  9.99759853e-01  7.88782885e-06
  -4.77592513e-02  4.90372928e-04 -9.99999867e-01]]
23:16:06 - Time: 1753132566.898, tau: [ 2.05098752e-01  2.60841581e+01  3.38976430e-01 -9.12127803e+00
  2.31696975e-01 -3.69051710e-01 -8.90867129e-06]
23:16:06 - Time: 1753132566.898, tau + g: [ 1.46748614e-01  2.39136091e-01  2.61968201e-01  1.32687558e+01
 -4.64720710e-01 -2.56873524e-01  9.31630078e-06]
23:16:06 - Time: 1753132566.904, current_contact_force: 0.0
23:16:06 - Time: 1753132566.904, jac: [[-4.49898920e-05  2.73556206e-01 -4.29684959e-05  1.46328771e-01
   9.91404213e-06 -1.25999998e-01  0.00000000e+00]
 [ 4.09332998e-01  8.58561059e-05  4.02819557e-01 -4.30159187e-06
   1.25836053e-01  9.93783537e-06  5.55111512e-17]
 [ 0.00000000e+00 -4.09332992e-01 -1.95347441e-06  3.99504783e-01
   6.31038136e-05 -2.16895911e-05  2.71050543e-20]
 [ 0.00000000e+00 -3.13851778e-04  2.34005070e-02 -5.28296242e-05
   9.98707727e-01  7.87853766e-05  1.72179142e-04]
 [ 0.00000000e+00  9.99999951e-01  7.34429109e-06 -9.99999999e-01
  -5.31975529e-05  9.99999871e-01  5.01462785e-04]
 [ 1.00000000e+00  3.33066907e-16  9.99726171e-01  8.58288132e-06
  -5.08219740e-02  5.01476356e-04 -9.99999859e-01]]
23:16:06 - Time: 1753132566.904, tau: [ 1.95870935e-01  2.47335070e+01  3.24371992e-01 -8.50257819e+00
  2.15986957e-01 -3.52154245e-01 -9.22975423e-06]
23:16:06 - Time: 1753132566.904, tau + g: [ 1.35053625e-01 -1.24551524e+00  2.43648712e-01  1.38562058e+01
 -4.79586967e-01 -2.35865068e-01  8.63197713e-06]
23:16:06 - Time: 1753132566.915, current_contact_force: 0.0
23:16:06 - Time: 1753132566.915, jac: [[-4.57605316e-05  2.72295557e-01 -4.35866309e-05  1.47574018e-01
   1.04404164e-05 -1.25999997e-01 -5.42101086e-20]
 [ 4.09906577e-01  8.66720946e-05  4.02994250e-01 -4.37482724e-06
   1.25815327e-01  1.04676481e-05  5.55111512e-17]
 [ 0.00000000e+00 -4.09906571e-01 -2.11088429e-06  3.99441030e-01
   6.44326907e-05 -2.32509762e-05 -2.71050543e-20]
 [ 0.00000000e+00 -3.18301522e-04  2.49179614e-02 -5.48181637e-05
   9.98544442e-01  8.29820603e-05  1.84574078e-04]
 [ 0.00000000e+00  9.99999949e-01  7.93142545e-06 -9.99999998e-01
  -5.52399837e-05  9.99999865e-01  5.12105765e-04]
 [ 1.00000000e+00  1.11022302e-16  9.99689499e-01  9.30027006e-06
  -5.39350937e-02  5.12121088e-04 -9.99999852e-01]]
23:16:06 - Time: 1753132566.915, tau: [ 1.87055205e-01  2.34308675e+01  3.10322515e-01 -7.90496166e+00
  2.00821122e-01 -3.36001187e-01 -9.53322337e-06]
23:16:06 - Time: 1753132566.915, tau + g: [ 1.23870675e-01 -2.68047228e+00  2.25959689e-01  1.44229850e+01
 -4.93916402e-01 -2.15791609e-01  7.93897515e-06]
23:16:06 - Time: 1753132566.925, current_contact_force: 0.0
23:16:06 - Time: 1753132566.925, jac: [[-4.64827634e-05  2.71014801e-01 -4.41541811e-05  1.48838072e-01
   1.09743077e-05 -1.25999997e-01  1.35525272e-20]
 [ 4.10487742e-01  8.73709866e-05  4.03171468e-01 -4.44428189e-06
   1.25793024e-01  1.10053226e-05  0.00000000e+00]
 [ 0.00000000e+00 -4.10487735e-01 -2.27210413e-06  3.99372306e-01
   6.57040876e-05 -2.48093802e-05 -2.71050543e-20]
 [ 0.00000000e+00 -3.22384540e-04  2.64653156e-02 -5.67962408e-05
   9.98368735e-01  8.72409753e-05  1.96945436e-04]
 [ 0.00000000e+00  9.99999948e-01  8.53200905e-06 -9.99999998e-01
  -5.72767505e-05  9.99999860e-01  5.22301745e-04]
 [ 1.00000000e+00  2.22044605e-16  9.99649732e-01  1.00386557e-05
  -5.70952300e-02  5.22318935e-04 -9.99999844e-01]]
23:16:06 - Time: 1753132566.925, tau: [ 1.78632843e-01  2.21745005e+01  2.96803746e-01 -7.32786805e+00
  1.86184735e-01 -3.20563109e-01 -9.81869971e-06]
23:16:06 - Time: 1753132566.925, tau + g: [ 1.13184219e-01 -4.06734414e+00  2.08881164e-01  1.49696787e+01
 -5.07724341e-01 -1.96627819e-01  7.24114596e-06]
23:16:06 - Time: 1753132566.931, current_contact_force: 0.0
23:16:06 - Time: 1753132566.931, jac: [[-4.71578375e-05  2.69715203e-01 -4.46728427e-05  1.50119624e-01
   1.15151163e-05 -1.25999997e-01 -2.71050543e-20]
 [ 4.11075846e-01  8.79578193e-05  4.03351034e-01 -4.51035629e-06
   1.25769114e-01  1.15502801e-05  0.00000000e+00]
 [ 0.00000000e+00 -4.11075839e-01 -2.43677733e-06  3.99298501e-01
   6.69194331e-05 -2.63581168e-05  2.71050543e-20]
 [ 0.00000000e+00 -3.26113670e-04  2.80412879e-02 -5.87628302e-05
   9.98180351e-01  9.15575716e-05  2.09240148e-04]
 [ 0.00000000e+00  9.99999947e-01  9.14464781e-06 -9.99999998e-01
  -5.93069328e-05  9.99999854e-01  5.32062369e-04]
 [ 1.00000000e+00  2.22044605e-16  9.99606766e-01  1.07966789e-05
  -6.02991133e-02  5.32081536e-04 -9.99999837e-01]]
23:16:06 - Time: 1753132566.931, tau: [ 1.70589172e-01  2.09627243e+01  2.83792633e-01 -6.77074876e+00
  1.72063366e-01 -3.05811231e-01 -1.00859118e-05]
23:16:06 - Time: 1753132566.931, tau + g: [ 1.02982275e-01 -5.40770345e+00  1.92393829e-01  1.54968562e+01
 -5.21025708e-01 -1.78347888e-01  6.54198509e-06]
23:16:06 - Time: 1753132566.937, current_contact_force: 0.0
23:16:06 - Time: 1753132566.937, jac: [[-4.77869799e-05  2.68397985e-01 -4.51442813e-05  1.51417410e-01
   1.20622368e-05 -1.25999996e-01 -4.06575815e-20]
 [ 4.11670271e-01  8.84374431e-05  4.03532780e-01 -4.57344829e-06
   1.25743568e-01  1.21019359e-05  0.00000000e+00]
 [ 0.00000000e+00 -4.11670264e-01 -2.60454381e-06  3.99219519e-01
   6.80801380e-05 -2.78906582e-05 -2.71050543e-20]
 [ 0.00000000e+00 -3.29501127e-04  2.96446396e-02 -6.07169277e-05
   9.97979063e-01  9.59272528e-05  2.21406399e-04]
 [ 0.00000000e+00  9.99999946e-01  9.76794268e-06 -9.99999998e-01
  -6.13296100e-05  9.99999849e-01  5.41399111e-04]
 [ 1.00000000e+00  0.00000000e+00  9.99560501e-01  1.15729604e-05
  -6.35435821e-02  5.41420360e-04 -9.99999829e-01]]
23:16:06 - Time: 1753132566.937, tau: [ 1.62907653e-01  1.97939158e+01  2.71266763e-01 -6.23306684e+00
  1.58442885e-01 -2.91717454e-01 -1.03346864e-05]
23:16:06 - Time: 1753132566.937, tau + g: [ 9.32501920e-02 -6.70308357e+00  1.76478171e-01  1.60050714e+01
 -5.33835044e-01 -1.60925654e-01  5.84465094e-06]
23:16:06 - Time: 1753132566.941, current_contact_force: 0.0
23:16:06 - Time: 1753132566.941, jac: [[-4.83713946e-05  2.67064330e-01 -4.55701313e-05  1.52730209e-01
   1.26150600e-05 -1.25999996e-01  1.35525272e-20]
 [ 4.12270428e-01  8.88145609e-05  4.03716547e-01 -4.63395045e-06
   1.25716361e-01  1.26597021e-05  5.55111512e-17]
 [ 0.00000000e+00 -4.12270422e-01 -2.77504224e-06  3.99135272e-01
   6.91875947e-05 -2.94006578e-05  2.71050543e-20]
 [ 0.00000000e+00 -3.32558661e-04  3.12741727e-02 -6.26575518e-05
   9.97764671e-01  1.00345396e-04  2.33393813e-04]
 [ 0.00000000e+00  9.99999945e-01  1.04004976e-05 -9.99999998e-01
  -6.33438641e-05  9.99999844e-01  5.50323264e-04]
 [ 1.00000000e+00  1.11022302e-16  9.99510843e-01  1.23661096e-05
  -6.68255801e-02  5.50346696e-04 -9.99999821e-01]]
23:16:06 - Time: 1753132566.941, tau: [ 1.55573475e-01  1.86665076e+01  2.59204700e-01 -5.71429694e+00
  1.45309465e-01 -2.78254379e-01 -1.05649397e-05]
23:16:06 - Time: 1753132566.941, tau + g: [ 8.39745451e-02 -7.95497964e+00  1.61115103e-01  1.64948631e+01
 -5.46166517e-01 -1.44334719e-01  5.15199001e-06]
23:16:06 - Time: 1753132566.947, current_contact_force: 0.0
23:16:06 - Time: 1753132566.947, jac: [[-4.89122654e-05  2.65715382e-01 -4.59519976e-05  1.54056837e-01
   1.31729752e-05 -1.25999996e-01 -1.35525272e-20]
 [ 4.12875757e-01  8.90937118e-05  4.03902185e-01 -4.69224922e-06
   1.25687472e-01  1.32229889e-05  0.00000000e+00]
 [ 0.00000000e+00 -4.12875750e-01 -2.94791006e-06  3.99045687e-01
   7.02431766e-05 -3.08819688e-05  2.71050543e-20]
 [ 0.00000000e+00 -3.35297513e-04  3.29287284e-02 -6.45837418e-05
   9.97537004e-01  1.04807367e-04  2.45153602e-04]
 [ 0.00000000e+00  9.99999944e-01  1.10409214e-05 -9.99999998e-01
  -6.53487761e-05  9.99999838e-01  5.58845943e-04]
 [ 1.00000000e+00  0.00000000e+00  9.99457702e-01  1.31747265e-05
  -7.01421536e-02  5.58871651e-04 -9.99999814e-01]]
23:16:06 - Time: 1753132566.947, tau: [ 1.48571419e-01  1.75789880e+01  2.47585749e-01 -5.21392513e+00
  1.32649582e-01 -2.65395332e-01 -1.07766688e-05]
23:16:06 - Time: 1753132566.947, tau + g: [ 7.51408980e-02 -9.16484746e+00  1.46285645e-01  1.69667557e+01
 -5.58033929e-01 -1.28548564e-01  4.46655572e-06]
23:16:06 - Time: 1753132566.955, current_contact_force: 0.0
23:16:06 - Time: 1753132566.955, jac: [[-4.94107569e-05  2.64352247e-01 -4.62914544e-05  1.55396154e-01
   1.37353718e-05 -1.25999995e-01  0.00000000e+00]
 [ 4.13485722e-01  8.92792884e-05  4.04089553e-01 -4.74872326e-06
   1.25656885e-01  1.37912072e-05  0.00000000e+00]
 [ 0.00000000e+00 -4.13485715e-01 -3.12278480e-06  3.98950700e-01
   7.12482380e-05 -3.23286617e-05  0.00000000e+00]
 [ 0.00000000e+00 -3.37728483e-04  3.46071854e-02 -6.64945578e-05
   9.97295919e-01  1.09308531e-04  2.56638699e-04]
 [ 0.00000000e+00  9.99999943e-01  1.16878329e-05 -9.99999998e-01
  -6.73434270e-05  9.99999833e-01  5.66978079e-04]
 [ 1.00000000e+00  1.11022302e-16  9.99400992e-01  1.39974069e-05
  -7.34904485e-02  5.67006147e-04 -9.99999806e-01]]
23:16:06 - Time: 1753132566.955, tau: [ 1.41887157e-01  1.65298985e+01  2.36390085e-01 -4.73144885e+00
  1.20450007e-01 -2.53114375e-01 -1.09699443e-05]
23:16:06 - Time: 1753132566.955, tau + g: [ 6.67352545e-02 -1.03341040e+01  1.31971189e-01  1.74212594e+01
 -5.69450728e-01 -1.13540640e-01  3.79062973e-06]
23:16:06 - Time: 1753132566.963, current_contact_force: 0.0
23:16:06 - Time: 1753132566.963, jac: [[-4.98680161e-05  2.62975992e-01 -4.65900467e-05  1.56747057e-01
   1.43016416e-05 -1.25999995e-01 -1.35525272e-20]
 [ 4.14099815e-01  8.93755335e-05  4.04278517e-01 -4.80374262e-06
   1.25624585e-01  1.43637695e-05 -5.55111512e-17]
 [ 0.00000000e+00 -4.14099808e-01 -3.29930436e-06  3.98850259e-01
   7.22041140e-05 -3.37350377e-05 -5.42101086e-20]
 [ 0.00000000e+00 -3.39861931e-04  3.63084580e-02 -6.83890801e-05
   9.97041298e-01  1.13844271e-04  2.67803870e-04]
 [ 0.00000000e+00  9.99999942e-01  1.23398634e-05 -9.99999998e-01
  -6.93268966e-05  9.99999828e-01  5.74730414e-04]
 [ 1.00000000e+00  2.22044605e-16  9.99340630e-01  1.48327456e-05
  -7.68677083e-02  5.74760919e-04 -9.99999799e-01]]
23:16:06 - Time: 1753132566.963, tau: [ 1.35506489e-01  1.55178337e+01  2.25598644e-01 -4.26637669e+00
  1.08697809e-01 -2.41386322e-01 -1.11449029e-05]
23:16:06 - Time: 1753132566.963, tau + g: [ 5.87432799e-02 -1.14641270e+01  1.18153392e-01  1.78588712e+01
 -5.80430020e-01 -9.92844580e-02  3.12623984e-06]
23:16:06 - Time: 1753132566.973, current_contact_force: 0.0
23:16:06 - Time: 1753132566.973, jac: [[-5.02851732e-05  2.61587650e-01 -4.68492897e-05  1.58108481e-01
   1.48711803e-05 -1.25999994e-01  1.35525272e-20]
 [ 4.14717553e-01  8.93865492e-05  4.04468952e-01 -4.85766762e-06
   1.25590561e-01  1.49400921e-05  0.00000000e+00]
 [ 0.00000000e+00 -4.14717546e-01 -3.47710789e-06  3.98744321e-01
   7.31121199e-05 -3.50956401e-05  0.00000000e+00]
 [ 0.00000000e+00 -3.41707814e-04  3.80314948e-02 -7.02664093e-05
   9.96773052e-01  1.18409995e-04  2.78605804e-04]
 [ 0.00000000e+00  9.99999942e-01  1.29956597e-05 -9.99999997e-01
  -7.12982640e-05  9.99999824e-01  5.82113506e-04]
 [ 1.00000000e+00  3.33066907e-16  9.99276541e-01  1.56793396e-05
  -8.02712710e-02  5.82146514e-04 -9.99999792e-01]]
23:16:06 - Time: 1753132566.973, tau: [ 1.29415811e-01  1.45414387e+01  2.15193164e-01 -3.81822831e+00
  9.73803503e-02 -2.30186745e-01 -1.13017405e-05]
23:16:06 - Time: 1753132566.973, tau + g: [ 5.11508521e-02 -1.25562554e+01  1.04814299e-01  1.82800746e+01
 -5.90984572e-01 -8.57536699e-02  2.47517854e-06]
23:16:06 - Time: 1753132566.979, current_contact_force: 0.0
23:16:06 - Time: 1753132566.979, jac: [[-5.06633423e-05  2.60188218e-01 -4.70706692e-05  1.59479398e-01
   1.54433884e-05 -1.25999994e-01 -2.71050543e-20]
 [ 4.15338477e-01  8.93162986e-05  4.04660740e-01 -4.91084826e-06
   1.25554806e-01  1.55195961e-05  0.00000000e+00]
 [ 0.00000000e+00 -4.15338470e-01 -3.65583615e-06  3.98632857e-01
   7.39735512e-05 -3.64052644e-05  0.00000000e+00]
 [ 0.00000000e+00 -3.43275702e-04  3.97752772e-02 -7.21256659e-05
   9.96491116e-01  1.23001151e-04  2.89003187e-04]
 [ 0.00000000e+00  9.99999941e-01  1.36538870e-05 -9.99999997e-01
  -7.32566075e-05  9.99999819e-01  5.89137721e-04]
 [ 1.00000000e+00  2.22044605e-16  9.99208650e-01  1.65357909e-05
  -8.36985670e-02  5.89173289e-04 -9.99999785e-01]]
23:16:06 - Time: 1753132566.979, tau: [ 1.23601843e-01  1.35994088e+01  2.05156133e-01 -3.38653423e+00
  8.64852822e-02 -2.19491976e-01 -1.14407062e-05]
23:16:06 - Time: 1753132566.979, tau + g: [ 4.39438075e-02 -1.36117893e+01  9.19363047e-02  1.86853405e+01
 -6.01126830e-01 -7.29221377e-02  1.83901946e-06]
23:16:06 - Time: 1753132566.985, current_contact_force: 0.0
23:16:06 - Time: 1753132566.985, jac: [[-5.10036226e-05  2.58778660e-01 -4.72556420e-05  1.60858817e-01
   1.60176736e-05 -1.25999993e-01 -4.06575815e-20]
 [ 4.15962152e-01  8.91686109e-05  4.04853771e-01 -4.96362346e-06
   1.25517316e-01  1.61017088e-05  5.55111512e-17]
 [ 0.00000000e+00 -4.15962145e-01 -3.83513209e-06  3.98515844e-01
   7.47896835e-05 -3.76589652e-05  0.00000000e+00]
 [ 0.00000000e+00 -3.44574802e-04  4.15388178e-02 -7.39659906e-05
   9.96195450e-01  1.27613234e-04  2.98956765e-04]
 [ 0.00000000e+00  9.99999941e-01  1.43132308e-05 -9.99999997e-01
  -7.52010051e-05  9.99999814e-01  5.95813236e-04]
 [ 1.00000000e+00  1.11022302e-16  9.99136891e-01  1.74007092e-05
  -8.71471168e-02  5.95851409e-04 -9.99999778e-01]]
23:16:06 - Time: 1753132566.985, tau: [ 1.18051795e-01  1.26904873e+01  1.95470792e-01 -2.97083571e+00
  7.60005429e-02 -2.09279117e-01 -1.15620966e-05]
23:16:06 - Time: 1753132566.985, tau + g: [ 3.71081598e-02 -1.46319906e+01  7.95022181e-02  1.90751276e+01
 -6.10868916e-01 -6.07639975e-02  1.21913363e-06]
23:16:06 - Time: 1753132566.989, current_contact_force: 0.0
23:16:06 - Time: 1753132566.989, jac: [[-5.13070985e-05  2.57359905e-01 -4.74056359e-05  1.62245781e-01
   1.65934514e-05 -1.25999993e-01 -5.42101086e-20]
 [ 4.16588164e-01  8.89471852e-05  4.05047940e-01 -5.01632059e-06
   1.25478091e-01  1.66858651e-05  0.00000000e+00]
 [ 0.00000000e+00 -4.16588157e-01 -4.01464122e-06  3.98393273e-01
   7.55617723e-05 -3.88520615e-05  0.00000000e+00]
 [ 0.00000000e+00 -3.45613975e-04  4.33211594e-02 -7.57865441e-05
   9.95886038e-01  1.32241798e-04  3.08429383e-04]
 [ 0.00000000e+00  9.99999940e-01  1.49723990e-05 -9.99999997e-01
  -7.71305348e-05  9.99999810e-01  6.02150038e-04]
 [ 1.00000000e+00  1.11022302e-16  9.99061198e-01  1.82727144e-05
  -9.06145282e-02  6.02190849e-04 -9.99999771e-01]]
23:16:06 - Time: 1753132566.989, tau: [ 1.12753273e-01  1.18134647e+01  1.86121101e-01 -2.57068457e+00
  6.59143531e-02 -1.99526031e-01 -1.16662495e-05]
23:16:06 - Time: 1753132566.989, tau + g: [ 3.06300307e-02 -1.56180829e+01  6.74952540e-02  1.94498825e+01
 -6.20222647e-01 -4.92537158e-02  6.16704363e-07]
23:16:06 - Time: 1753132566.996, current_contact_force: 0.0
23:16:06 - Time: 1753132566.996, jac: [[-5.15748403e-05  2.55932852e-01 -4.75220495e-05  1.63639367e-01
   1.71701463e-05 -1.25999992e-01 -2.71050543e-20]
 [ 4.17216123e-01  8.86555946e-05  4.05243151e-01 -5.06925508e-06
   1.25437132e-01  1.72715081e-05 -5.55111512e-17]
 [ 0.00000000e+00 -4.17216116e-01 -4.19401208e-06  3.98265142e-01
   7.62910531e-05 -3.99801416e-05 -2.71050543e-20]
 [ 0.00000000e+00 -3.46401756e-04  4.51213733e-02 -7.75865079e-05
   9.95562890e-01  1.36882458e-04  3.17386019e-04]
 [ 0.00000000e+00  9.99999940e-01  1.56301239e-05 -9.99999997e-01
  -7.90442756e-05  9.99999806e-01  6.08157924e-04]
 [ 1.00000000e+00  3.33066907e-16  9.98981512e-01  1.91504381e-05
  -9.40984946e-02  6.08201394e-04 -9.99999765e-01]]
23:16:07 - Time: 1753132566.996, tau: [ 1.07694331e-01  1.09671769e+01  1.77091729e-01 -2.18564299e+00
  5.62152122e-02 -1.90211344e-01 -1.17535400e-05]
23:16:07 - Time: 1753132566.996, tau + g: [ 2.44957438e-02 -1.65712523e+01  5.58990627e-02  1.98100404e+01
 -6.29199538e-01 -3.83661395e-02  3.27416018e-08]
23:16:07 - Time: 1753132567.002, current_contact_force: 0.0
23:16:07 - Time: 1753132567.002, jac: [[-5.18079044e-05  2.54498365e-01 -4.76062529e-05  1.65038685e-01
   1.77471930e-05 -1.25999992e-01 -1.35525272e-20]
 [ 4.17845658e-01  8.82972897e-05  4.05439313e-01 -5.12273011e-06
   1.25394444e-01  1.78580904e-05  1.11022302e-16]
 [ 0.00000000e+00 -4.17845651e-01 -4.37289653e-06  3.98131459e-01
   7.69787409e-05 -4.10390645e-05  2.71050543e-20]
 [ 0.00000000e+00 -3.46946372e-04  4.69385585e-02 -7.93650837e-05
   9.95226034e-01  1.41530908e-04  3.25793804e-04]
 [ 0.00000000e+00  9.99999940e-01  1.62851636e-05 -9.99999997e-01
  -8.09413081e-05  9.99999802e-01  6.13846500e-04]
 [ 1.00000000e+00  1.11022302e-16  9.98897778e-01  2.00325264e-05
  -9.75967922e-02  6.13892636e-04 -9.99999759e-01]]
23:16:07 - Time: 1753132567.002, tau: [ 1.02863440e-01  1.01505039e+01  1.68368030e-01 -1.81528340e+00
  4.68918935e-02 -1.81314441e-01 -1.18243749e-05]
23:16:07 - Time: 1753132567.002, tau + g: [ 1.86918163e-02 -1.74926479e+01  4.46977340e-02  2.01560251e+01
 -6.37810807e-01 -2.80765394e-02 -5.31904785e-07]
23:16:07 - Time: 1753132567.012, current_contact_force: 0.0
23:16:07 - Time: 1753132567.012, jac: [[-5.20073340e-05  2.53057282e-01 -4.76595873e-05  1.66442879e-01
   1.83240374e-05 -1.25999992e-01 -4.06575815e-20]
 [ 4.18476420e-01  8.78756023e-05  4.05636340e-01 -5.17703633e-06
   1.25350035e-01  1.84450749e-05  0.00000000e+00]
 [ 0.00000000e+00 -4.18476412e-01 -4.55095014e-06  3.97992242e-01
   7.76260308e-05 -4.20249616e-05  2.71050543e-20]
 [ 0.00000000e+00 -3.47255754e-04  4.87718405e-02 -8.11214947e-05
   9.94875526e-01  1.46182916e-04  3.33622029e-04]
 [ 0.00000000e+00  9.99999940e-01  1.69363032e-05 -9.99999996e-01
  -8.28207157e-05  9.99999798e-01  6.19225182e-04]
 [ 1.00000000e+00  1.11022302e-16  9.98809946e-01  2.09176409e-05
  -1.01107279e-01  6.19273980e-04 -9.99999753e-01]]
23:16:07 - Time: 1753132567.012, tau: [ 9.82495015e-02  9.36236888e+00  1.59936024e-01 -1.45918824e+00
  3.79334406e-02 -1.72815455e-01 -1.18791889e-05]
23:16:07 - Time: 1753132567.012, tau + g: [ 1.32050051e-02 -1.83833821e+01  3.38758111e-02  2.04882493e+01
 -6.46067390e-01 -1.83606486e-02 -1.07653236e-06]
23:16:07 - Time: 1753132567.020, current_contact_force: 0.0
23:16:07 - Time: 1753132567.020, jac: [[-5.21741586e-05  2.51610407e-01 -4.76833654e-05  1.67851122e-01
   1.89001373e-05 -1.25999991e-01 -9.48676901e-20]
 [ 4.19108076e-01  8.73937494e-05  4.05834153e-01 -5.23245180e-06
   1.25303916e-01  1.90319356e-05  0.00000000e+00]
 [ 0.00000000e+00 -4.19108069e-01 -4.72783246e-06  3.97847516e-01
   7.82340972e-05 -4.29342364e-05  0.00000000e+00]
 [ 0.00000000e+00 -3.47337557e-04  5.06203697e-02 -8.28549852e-05
   9.94511437e-01  1.50834340e-04  3.40842144e-04]
 [ 0.00000000e+00  9.99999940e-01  1.75823566e-05 -9.99999996e-01
  -8.46815853e-05  9.99999794e-01  6.24303198e-04]
 [ 1.00000000e+00  3.33066907e-16  9.98717967e-01  2.18044606e-05
  -1.04627889e-01  6.24354638e-04 -9.99999747e-01]]
23:16:07 - Time: 1753132567.020, tau: [ 9.38418320e-02  8.60173612e+00  1.51782376e-01 -1.11694982e+00
  2.93291623e-02 -1.64695259e-01 -1.19184401e-05]
23:16:07 - Time: 1753132567.020, tau + g: [ 8.02231568e-03 -1.92445314e+01  2.34182942e-02  2.08071156e+01
 -6.53979940e-01 -9.19469532e-03 -1.60057429e-06]
23:16:07 - Time: 1753132567.026, current_contact_force: 0.0
23:16:07 - Time: 1753132567.026, jac: [[-5.23093946e-05  2.50158519e-01 -4.76788713e-05  1.69262621e-01
   1.94749633e-05 -1.25999991e-01 -4.06575815e-20]
 [ 4.19740315e-01  8.68548360e-05  4.06032679e-01 -5.28924184e-06
   1.25256100e-01  1.96181580e-05 -5.55111512e-17]
 [ 0.00000000e+00 -4.19740308e-01 -4.90320730e-06  3.97697315e-01
   7.88040944e-05 -4.37635633e-05 -5.42101086e-20]
 [ 0.00000000e+00 -3.47199173e-04  5.24833213e-02 -8.45648212e-05
   9.94133861e-01  1.55481125e-04  3.47427752e-04]
 [ 0.00000000e+00  9.99999940e-01  1.82221669e-05 -9.99999996e-01
  -8.65230087e-05  9.99999790e-01  6.29089587e-04]
 [ 1.00000000e+00  4.44089210e-16  9.98621801e-01  2.26916831e-05
  -1.08156638e-01  6.29143636e-04 -9.99999742e-01]]
23:16:07 - Time: 1753132567.026, tau: [ 8.96301655e-02  7.86761015e+00  1.43894376e-01 -7.88170114e-01
  2.10686281e-02 -1.56935461e-01 -1.19426069e-05]
23:16:07 - Time: 1753132567.026, tau + g: [ 3.13102805e-03 -2.00771371e+01  1.33106472e-02  2.11130157e+01
 -6.61558840e-01 -5.55431485e-04 -2.10358824e-06]
23:16:07 - Time: 1753132567.032, current_contact_force: 0.0
23:16:07 - Time: 1753132567.032, jac: [[-5.24140453e-05  2.48702365e-01 -4.76473606e-05  1.70676610e-01
   2.00479994e-05 -1.25999991e-01 -4.06575815e-20]
 [ 4.20372843e-01  8.62618592e-05  4.06231848e-01 -5.34765903e-06
   1.25206601e-01  2.02032400e-05  0.00000000e+00]
 [ 0.00000000e+00 -4.20372836e-01 -5.07674303e-06  3.97541682e-01
   7.93371564e-05 -4.45098853e-05  2.71050543e-20]
 [ 0.00000000e+00 -3.46847743e-04  5.43598934e-02 -8.62502910e-05
   9.93742913e-01  1.60119314e-04  3.53354584e-04]
 [ 0.00000000e+00  9.99999940e-01  1.88546075e-05 -9.99999996e-01
  -8.83440835e-05  9.99999786e-01  6.33593203e-04]
 [ 1.00000000e+00  2.22044605e-16  9.98521408e-01  2.35780263e-05
  -1.11691611e-01  6.33649813e-04 -9.99999737e-01]]
23:16:07 - Time: 1753132567.032, tau: [ 8.56046426e-02  7.15903426e+00  1.36259920e-01 -4.72460612e-01
  1.31416636e-02 -1.49518386e-01 -1.19521841e-05]
23:16:07 - Time: 1753132567.032, tau + g: [-1.48129195e-03 -2.08822058e+01  3.53879864e-03  2.14063316e+01
 -6.68814207e-01  7.57984365e-03 -2.58524594e-06]
23:16:07 - Time: 1753132567.038, current_contact_force: 0.0
23:16:07 - Time: 1753132567.038, jac: [[-5.24891008e-05  2.47242668e-01 -4.75900605e-05  1.72092352e-01
   2.06187433e-05 -1.25999990e-01 -6.77626358e-20]
 [ 4.21005381e-01  8.56177108e-05  4.06431597e-01 -5.40794326e-06
   1.25155439e-01  2.07866924e-05 -5.55111512e-17]
 [ 0.00000000e+00 -4.21005374e-01 -5.24811280e-06  3.97380667e-01
   7.98343967e-05 -4.51704111e-05  0.00000000e+00]
 [ 0.00000000e+00 -3.46290171e-04  5.62493066e-02 -8.79107056e-05
   9.93338721e-01  1.64745049e-04  3.58600482e-04]
 [ 0.00000000e+00  9.99999940e-01  1.94785832e-05 -9.99999996e-01
  -9.01439146e-05  9.99999783e-01  6.37822712e-04]
 [ 1.00000000e+00  1.11022302e-16  9.98416754e-01  2.44622290e-05
  -1.15230970e-01  6.37881822e-04 -9.99999732e-01]]
23:16:07 - Time: 1753132567.038, tau: [ 8.17558061e-02  6.47508920e+00  1.28867487e-01 -1.69442114e-01
  5.53834598e-03 -1.42427066e-01 -1.19476798e-05]
23:16:07 - Time: 1753132567.038, tau + g: [-5.82677687e-03 -2.16607101e+01 -5.91085672e-03  2.16874355e+01
 -6.75755898e-01  1.52332635e-02 -3.04532337e-06]
23:16:07 - Time: 1753132567.042, current_contact_force: 0.0
23:16:07 - Time: 1753132567.042, jac: [[-5.25355380e-05  2.45780122e-01 -4.75081701e-05  1.73509142e-01
   2.11867077e-05 -1.25999990e-01 -2.71050543e-20]
 [ 4.21637668e-01  8.49251809e-05  4.06631865e-01 -5.47032180e-06
   1.25102632e-01  2.13680392e-05  5.55111512e-17]
 [ 0.00000000e+00 -4.21637661e-01 -5.41699477e-06  3.97214325e-01
   8.02969085e-05 -4.57426109e-05  2.71050543e-20]
 [ 0.00000000e+00 -3.45533134e-04  5.81508031e-02 -8.95453987e-05
   9.92921437e-01  1.69354574e-04  3.63145364e-04]
 [ 0.00000000e+00  9.99999940e-01  2.00930304e-05 -9.99999996e-01
  -9.19216152e-05  9.99999780e-01  6.41786598e-04]
 [ 1.00000000e+00  3.33066907e-16  9.98307810e-01  2.53430525e-05
  -1.18772944e-01  6.41848131e-04 -9.99999728e-01]]
23:16:07 - Time: 1753132567.042, tau: [ 7.80745922e-02  5.81489192e+00  1.21706120e-01  1.21255440e-01
 -1.75100138e-03 -1.35645227e-01 -1.19296129e-05]
23:16:07 - Time: 1753132567.042, tau + g: [-9.91724815e-03 -2.24135895e+01 -1.50514594e-02  2.19566901e+01
 -6.82393518e-01  2.24263779e-02 -3.48369168e-06]
23:16:07 - Time: 1753132567.050, current_contact_force: 0.0
23:16:07 - Time: 1753132567.050, jac: [[-5.25543205e-05  2.44315397e-01 -4.74028601e-05  1.74926297e-01
   2.17514200e-05 -1.25999990e-01 -2.71050543e-20]
 [ 4.22269459e-01  8.41869608e-05  4.06832598e-01 -5.53500942e-06
   1.25048204e-01  2.19468180e-05  0.00000000e+00]
 [ 0.00000000e+00 -4.22269452e-01 -5.58307236e-06  3.97042722e-01
   8.07257647e-05 -4.62242122e-05  0.00000000e+00]
 [ 0.00000000e+00 -3.44583096e-04  6.00636457e-02 -9.11537277e-05
   9.92491223e-01  1.73944242e-04  3.66971189e-04]
 [ 0.00000000e+00  9.99999941e-01  2.06969182e-05 -9.99999996e-01
  -9.36763083e-05  9.99999776e-01  6.45493160e-04]
 [ 1.00000000e+00  1.11022302e-16  9.98194549e-01  2.62192809e-05
  -1.22315835e-01  6.45557026e-04 -9.99999724e-01]]
23:16:07 - Time: 1753132567.050, tau: [ 7.45523232e-02  5.17759425e+00  1.14765407e-01  3.99993149e-01
 -8.73581324e-03 -1.29157274e-01 -1.18985100e-05]
23:16:07 - Time: 1753132567.050, tau + g: [-1.37642064e-02 -2.31417510e+01 -2.38956875e-02  2.22144489e+01
 -6.88736425e-01  2.91801405e-02 -3.90030851e-06]
23:16:07 - Time: 1753132567.062, current_contact_force: 0.0
23:16:07 - Time: 1753132567.062, jac: [[-5.25463985e-05  2.42849137e-01 -4.72752732e-05  1.76343166e-01
   2.23124228e-05 -1.25999989e-01 -2.71050543e-20]
 [ 4.22900522e-01  8.34056463e-05  4.07033744e-01 -5.60220852e-06
   1.24992178e-01  2.25225805e-05  0.00000000e+00]
 [ 0.00000000e+00 -4.22900515e-01 -5.74603445e-06  3.96865926e-01
   8.11220180e-05 -4.66131943e-05  2.71050543e-20]
 [ 0.00000000e+00 -3.43446316e-04  6.19871171e-02 -9.27350738e-05
   9.92048261e-01  1.78510513e-04  3.70061915e-04]
 [ 0.00000000e+00  9.99999941e-01  2.12892483e-05 -9.99999995e-01
  -9.54071278e-05  9.99999773e-01  6.48950518e-04]
 [ 1.00000000e+00  1.11022302e-16  9.98076949e-01  2.70897230e-05
  -1.25858007e-01  6.49016612e-04 -9.99999721e-01]]
23:16:07 - Time: 1753132567.062, tau: [ 7.11806982e-02  4.56238172e+00  1.08035456e-01  6.67123333e-01
 -1.54252875e-02 -1.22948275e-01 -1.18549029e-05]
23:16:07 - Time: 1753132567.062, tau + g: [-1.73788252e-02 -2.38460698e+01 -3.24557606e-02  2.24610562e+01
 -6.94793736e-01  3.55148989e-02 -4.29521011e-06]
23:16:07 - Time: 1753132567.068, current_contact_force: 0.0
23:16:07 - Time: 1753132567.068, jac: [[-5.25127087e-05  2.41381960e-01 -4.71265239e-05  1.77759120e-01
   2.28692745e-05 -1.25999989e-01 -5.42101086e-20]
 [ 4.23530640e-01  8.25837400e-05  4.07235255e-01 -5.67210939e-06
   1.24934579e-01  2.30948927e-05  5.55111512e-17]
 [ 0.00000000e+00 -4.23530633e-01 -5.90557555e-06  3.96684016e-01
   8.14867008e-05 -4.69077829e-05  0.00000000e+00]
 [ 0.00000000e+00 -3.42128861e-04  6.39205191e-02 -9.42888425e-05
   9.91592747e-01  1.83049957e-04  3.72403456e-04]
 [ 0.00000000e+00  9.99999941e-01  2.18690557e-05 -9.99999995e-01
  -9.71132196e-05  9.99999771e-01  6.52166612e-04]
 [ 1.00000000e+00  0.00000000e+00  9.97954992e-01  2.79532119e-05
  -1.29397895e-01  6.52234815e-04 -9.99999718e-01]]
23:16:07 - Time: 1753132567.068, tau: [ 6.79517848e-02  3.96847228e+00  1.01506883e-01  9.22989704e-01
 -2.18283898e-02 -1.17003944e-01 -1.17993270e-05]
23:16:07 - Time: 1753132567.068, tau + g: [-2.07719453e-02 -2.45273906e+01 -4.07434448e-02  2.26968477e+01
 -7.00574333e-01  4.14503878e-02 -4.66850373e-06]
23:16:07 - Time: 1753132567.074, current_contact_force: 0.0
23:16:07 - Time: 1753132567.074, jac: [[-5.24541741e-05  2.39914464e-01 -4.69576990e-05  1.79173559e-01
   2.34215496e-05 -1.25999989e-01 -2.71050543e-20]
 [ 4.24159610e-01  8.17236549e-05  4.07437088e-01 -5.74489033e-06
   1.24875436e-01  2.36633349e-05  0.00000000e+00]
 [ 0.00000000e+00 -4.24159603e-01 -6.06139606e-06  3.96497071e-01
   8.18208252e-05 -4.71064436e-05 -2.71050543e-20]
 [ 0.00000000e+00 -3.40636612e-04  6.58631721e-02 -9.58144638e-05
   9.91124888e-01  1.87559258e-04  3.73983629e-04]
 [ 0.00000000e+00  9.99999942e-01  2.24354091e-05 -9.99999995e-01
  -9.87937433e-05  9.99999768e-01  6.55149203e-04]
 [ 1.00000000e+00  2.22044605e-16  9.97828664e-01  2.88086066e-05
  -1.32933992e-01  6.55219382e-04 -9.99999715e-01]]
23:16:07 - Time: 1753132567.074, tau: [ 6.48580095e-02  3.39511515e+00  9.51707863e-02  1.16792755e+00
 -2.79538589e-02 -1.11310628e-01 -1.17323187e-05]
23:16:07 - Time: 1753132567.074, tau + g: [-2.39540714e-02 -2.51865274e+01 -4.87700586e-02  2.29221505e+01
 -7.06086869e-01  4.70057248e-02 -5.02036074e-06]
23:16:07 - Time: 1753132567.084, current_contact_force: 0.0
23:16:07 - Time: 1753132567.084, jac: [[-5.23717040e-05  2.38447220e-01 -4.67698573e-05  1.80585904e-01
   2.39688383e-05 -1.25999989e-01 -1.35525272e-20]
 [ 4.24787241e-01  8.08277163e-05  4.07639201e-01 -5.82071794e-06
   1.24814778e-01  2.42275022e-05  0.00000000e+00]
 [ 0.00000000e+00 -4.24787234e-01 -6.21320240e-06  3.96305181e-01
   8.21253832e-05 -4.72078756e-05  0.00000000e+00]
 [ 0.00000000e+00 -3.38975273e-04  6.78144140e-02 -9.73113928e-05
   9.90644908e-01  1.92035214e-04  3.74792108e-04]
 [ 0.00000000e+00  9.99999943e-01  2.29874108e-05 -9.99999995e-01
  -1.00447873e-04  9.99999765e-01  6.57905879e-04]
 [ 1.00000000e+00  1.11022302e-16  9.97697953e-01  2.96547925e-05
  -1.36464855e-01  6.57977886e-04 -9.99999713e-01]]
23:16:07 - Time: 1753132567.084, tau: [ 6.18921479e-02  2.84158968e+00  8.90187294e-02  1.40226389e+00
 -3.38102105e-02 -1.05855287e-01 -1.16544138e-05]
23:16:07 - Time: 1753132567.084, tau + g: [-2.69353703e-02 -2.58242655e+01 -5.65464804e-02  2.31372835e+01
 -7.11339773e-01  5.21994084e-02 -5.35101007e-06]
23:16:07 - Time: 1753132567.092, current_contact_force: 0.0
23:16:07 - Time: 1753132567.092, jac: [[-5.22661935e-05  2.36980780e-01 -4.65640301e-05  1.81995602e-01
   2.45107473e-05 -1.25999989e-01 -5.42101086e-20]
 [ 4.25413355e-01  7.98981652e-05  4.07841557e-01 -5.89974738e-06
   1.24752636e-01  2.47870044e-05 -5.55111512e-17]
 [ 0.00000000e+00 -4.25413349e-01 -6.36070725e-06  3.96108437e-01
   8.24013470e-05 -4.72110048e-05  2.71050543e-20]
 [ 0.00000000e+00 -3.37150383e-04  6.97736003e-02 -9.87791099e-05
   9.90153039e-01  1.96474738e-04  3.74820364e-04]
 [ 0.00000000e+00  9.99999943e-01  2.35241974e-05 -9.99999995e-01
  -1.02074800e-04  9.99999763e-01  6.60444051e-04]
 [ 1.00000000e+00  3.33066907e-16  9.97562852e-01  3.04906817e-05
  -1.39989102e-01  6.60517728e-04 -9.99999712e-01]]
23:16:07 - Time: 1753132567.092, tau: [ 5.90473151e-02  2.30720414e+00  8.30427222e-02  1.62631766e+00
 -3.94057428e-02 -1.00625477e-01 -1.15661456e-05]
23:16:07 - Time: 1753132567.092, tau + g: [-2.97256696e-02 -2.64413612e+01 -6.40831556e-02  2.33425573e+01
 -7.16341254e-01  5.70493184e-02 -5.66073215e-06]
23:16:07 - Time: 1753132567.100, current_contact_force: 0.0
23:16:07 - Time: 1753132567.100, jac: [[-5.21385237e-05  2.35515671e-01 -4.63412211e-05  1.83402124e-01
   2.50468995e-05 -1.25999989e-01 -2.71050543e-20]
 [ 4.26037786e-01  7.89371607e-05  4.08044120e-01 -5.98212261e-06
   1.24689041e-01  2.53414661e-05  5.55111512e-17]
 [ 0.00000000e+00 -4.26037779e-01 -6.50362965e-06  3.95906936e-01
   8.26496683e-05 -4.71149764e-05  5.42101086e-20]
 [ 0.00000000e+00 -3.35167320e-04  7.17401026e-02 -1.00217121e-04
   9.89649527e-01  2.00874859e-04  3.74061608e-04]
 [ 0.00000000e+00  9.99999944e-01  2.40449393e-05 -9.99999994e-01
  -1.03673730e-04  9.99999760e-01  6.62770961e-04]
 [ 1.00000000e+00  1.11022302e-16  9.97423359e-01  3.13152138e-05
  -1.43505408e-01  6.62846133e-04 -9.99999710e-01]]
23:16:07 - Time: 1753132567.100, tau: [ 5.63169559e-02  1.79129469e+00  7.72352022e-02  1.84039990e+00
 -4.47485409e-02 -9.56093329e-02 -1.14680438e-05]
23:16:07 - Time: 1753132567.100, tau + g: [-3.23344585e-02 -2.70385432e+01 -7.13901056e-02  2.35382746e+01
 -7.21099308e-01  6.15727175e-02 -5.94985330e-06]
23:16:07 - Time: 1753132567.105, current_contact_force: 0.0
23:16:07 - Time: 1753132567.105, jac: [[-5.19895611e-05  2.34052401e-01 -4.61024066e-05  1.84804963e-01
   2.55769344e-05 -1.25999989e-01 -4.06575815e-20]
 [ 4.26660377e-01  7.79467820e-05  4.08246858e-01 -6.06797668e-06
   1.24624027e-01  2.58905267e-05  0.00000000e+00]
 [ 0.00000000e+00 -4.26660371e-01 -6.64169525e-06  3.95700781e-01
   8.28712793e-05 -4.69191480e-05 -2.71050543e-20]
 [ 0.00000000e+00 -3.33031310e-04  7.37133088e-02 -1.01624958e-04
   9.89134628e-01  2.05232722e-04  3.72510738e-04]
 [ 0.00000000e+00  9.99999945e-01  2.45488411e-05 -9.99999994e-01
  -1.05243889e-04  9.99999758e-01  6.64893678e-04]
 [ 1.00000000e+00  3.33066907e-16  9.97279473e-01  3.21273563e-05
  -1.47012504e-01  6.64970162e-04 -9.99999710e-01]]
23:16:07 - Time: 1753132567.105, tau: [ 5.36948342e-02  1.29322424e+00  7.15890164e-02  2.04481388e+00
 -4.98464811e-02 -9.07955521e-02 -1.13606328e-05]
23:16:07 - Time: 1753132567.105, tau + g: [-3.47708892e-02 -2.76165136e+01 -7.84769367e-02  2.37247305e+01
 -7.25621722e-01  6.57862557e-02 -6.21874046e-06]
23:16:07 - Time: 1753132567.112, current_contact_force: 0.0
23:16:07 - Time: 1753132567.112, jac: [[-5.18201580e-05  2.32591456e-01 -4.58485358e-05  1.86203632e-01
   2.61005077e-05 -1.25999989e-01 -1.35525272e-20]
 [ 4.27280984e-01  7.69290315e-05  4.08449742e-01 -6.15743202e-06
   1.24557628e-01  2.64338408e-05  0.00000000e+00]
 [ 0.00000000e+00 -4.27280978e-01 -6.77463643e-06  3.95490077e-01
   8.30670921e-05 -4.66230812e-05  0.00000000e+00]
 [ 0.00000000e+00 -3.30747434e-04  7.56926221e-02 -1.03002179e-04
   9.88608606e-01  2.09545587e-04  3.70164273e-04]
 [ 0.00000000e+00  9.99999945e-01  2.50351419e-05 -9.99999994e-01
  -1.06784523e-04  9.99999756e-01  6.66819107e-04]
 [ 1.00000000e+00  1.11022302e-16  9.97131198e-01  3.29261053e-05
  -1.50509177e-01  6.66896704e-04 -9.99999709e-01]]
23:16:07 - Time: 1753132567.112, tau: [ 5.11750230e-02  8.12381466e-01  6.60974036e-02  2.23985527e+00
 -5.47072362e-02 -8.61733746e-02 -1.12444308e-05]
23:16:07 - Time: 1753132567.112, tau + g: [-3.70437793e-02 -2.81759480e+01 -8.53528501e-02  2.39022124e+01
 -7.29916079e-01  6.97059753e-02 -6.46779633e-06]
23:16:07 - Time: 1753132567.121, current_contact_force: 0.0
23:16:07 - Time: 1753132567.121, jac: [[-5.16311515e-05  2.31133305e-01 -4.55805307e-05  1.87597668e-01
   2.66172914e-05 -1.25999989e-01 -1.35525272e-20]
 [ 4.27899472e-01  7.58858369e-05  4.08652742e-01 -6.25060075e-06
   1.24489881e-01  2.69710774e-05 -5.55111512e-17]
 [ 0.00000000e+00 -4.27899466e-01 -6.90219248e-06  3.95274932e-01
   8.32379990e-05 -4.62265348e-05 -2.71050543e-20]
 [ 0.00000000e+00 -3.28320633e-04  7.76774610e-02 -1.04348369e-04
   9.88071735e-01  2.13810831e-04  3.67020295e-04]
 [ 0.00000000e+00  9.99999946e-01  2.55031145e-05 -9.99999994e-01
  -1.08294896e-04  9.99999754e-01  6.68553982e-04]
 [ 1.00000000e+00  2.22044605e-16  9.96978541e-01  3.37104855e-05
  -1.53994267e-01  6.68632485e-04 -9.99999709e-01]]
23:16:07 - Time: 1753132567.121, tau: [ 4.87518943e-02  3.48179735e-01  6.07539767e-02  2.42581236e+00
 -5.93382792e-02 -8.17325662e-02 -1.11199481e-05]
23:16:07 - Time: 1753132567.121, tau + g: [-3.91616152e-02 -2.87174968e+01 -9.20266514e-02  2.40710006e+01
 -7.33989764e-01  7.33473181e-02 -6.69745487e-06]
23:16:07 - Time: 1753132567.131, current_contact_force: 0.0
23:16:07 - Time: 1753132567.131, jac: [[-5.14233642e-05  2.29678393e-01 -4.52992865e-05  1.88986627e-01
   2.71269740e-05 -1.25999989e-01 -1.35525272e-20]
 [ 4.28515715e-01  7.48190535e-05  4.08855834e-01 -6.34758497e-06
   1.24420822e-01  2.75019207e-05  5.55111512e-17]
 [ 0.00000000e+00 -4.28515709e-01 -7.02410973e-06  3.95055460e-01
   8.33848730e-05 -4.57294565e-05  0.00000000e+00]
 [ 0.00000000e+00 -3.25755717e-04  7.96672580e-02 -1.05663137e-04
   9.87524297e-01  2.18025946e-04  3.63078385e-04]
 [ 0.00000000e+00  9.99999947e-01  2.59520661e-05 -9.99999994e-01
  -1.09774296e-04  9.99999752e-01  6.70104879e-04]
 [ 1.00000000e+00  1.11022302e-16  9.96821512e-01  3.44795511e-05
  -1.57466666e-01  6.70184068e-04 -9.99999710e-01]]
23:16:07 - Time: 1753132567.131, tau: [ 4.64201086e-02 -9.99438505e-02  5.55527063e-02  2.60296613e+00
 -6.37468883e-02 -7.74634008e-02 -1.09876871e-05]
23:16:07 - Time: 1753132567.131, tau + g: [-4.11325562e-02 -2.92417860e+01 -9.85067615e-02  2.42313678e+01
 -7.37849964e-01  7.67251329e-02 -6.90817709e-06]
23:16:07 - Time: 1753132567.138, current_contact_force: 0.0
23:16:07 - Time: 1753132567.138, jac: [[-5.11976035e-05  2.28227151e-01 -4.50056721e-05  1.90370087e-01
   2.76292601e-05 -1.25999989e-01  0.00000000e+00]
 [ 4.29129596e-01  7.37304665e-05  4.09058994e-01 -6.44847708e-06
   1.24350487e-01  2.80260693e-05  0.00000000e+00]
 [ 0.00000000e+00 -4.29129590e-01 -7.14014175e-06  3.94831776e-01
   8.35085671e-05 -4.51319750e-05  2.71050543e-20]
 [ 0.00000000e+00 -3.23057368e-04  8.16614600e-02 -1.06946121e-04
   9.86966580e-01  2.22188540e-04  3.58339562e-04]
 [ 0.00000000e+00  9.99999948e-01  2.63813377e-05 -9.99999994e-01
  -1.11222031e-04  9.99999750e-01  6.71478208e-04]
 [ 1.00000000e+00  2.22044605e-16  9.96660125e-01  3.52323857e-05
  -1.60925316e-01  6.71557853e-04 -9.99999710e-01]]
23:16:07 - Time: 1753132567.138, tau: [ 4.41746048e-02 -5.32529422e-01  5.04879039e-02  2.77159047e+00
 -6.79401510e-02 -7.33566420e-02 -1.08481404e-05]
23:16:07 - Time: 1753132567.138, tau + g: [-4.29644393e-02 -2.97494176e+01 -1.04801227e-01  2.43835800e+01
 -7.41503680e-01  7.98536851e-02 -7.10044723e-06]
23:16:07 - Time: 1753132567.147, current_contact_force: 0.0
23:16:07 - Time: 1753132567.147, jac: [[-5.09546615e-05  2.26779987e-01 -4.47005295e-05  1.91747645e-01
   2.81238702e-05 -1.25999989e-01 -2.71050543e-20]
 [ 4.29741007e-01  7.26217930e-05  4.09262198e-01 -6.55336007e-06
   1.24278916e-01  2.85432364e-05 -5.55111512e-17]
 [ 0.00000000e+00 -4.29741001e-01 -7.25004947e-06  3.94603999e-01
   8.36099151e-05 -4.44343922e-05  0.00000000e+00]
 [ 0.00000000e+00 -3.20230149e-04  8.36595276e-02 -1.08196986e-04
   9.86398880e-01  2.26296334e-04  3.52806220e-04]
 [ 0.00000000e+00  9.99999949e-01  2.67903044e-05 -9.99999993e-01
  -1.12637435e-04  9.99999748e-01  6.72680220e-04]
 [ 1.00000000e+00  2.22044605e-16  9.96494397e-01  3.59681028e-05
  -1.64369210e-01  6.72760083e-04 -9.99999712e-01]]
23:16:07 - Time: 1753132567.147, tau: [ 4.20105901e-02 -9.50095272e-01  4.55542059e-02  2.93195232e+00
 -7.19249684e-02 -6.94035264e-02 -1.07017908e-05]
23:16:07 - Time: 1753132567.147, tau + g: [-4.46647844e-02 -3.02409709e+01 -1.10917732e-01  2.45278963e+01
 -7.44957723e-01  8.27466665e-02 -7.27476912e-06]
23:16:07 - Time: 1753132567.152, current_contact_force: 0.0
23:16:07 - Time: 1753132567.152, jac: [[-5.06953151e-05  2.25337296e-01 -4.43846750e-05  1.93118915e-01
   2.86105408e-05 -1.25999989e-01 -5.42101086e-20]
 [ 4.30349848e-01  7.14946842e-05  4.09465427e-01 -6.66230784e-06
   1.24206148e-01  2.90531498e-05  5.55111512e-17]
 [ 0.00000000e+00 -4.30349842e-01 -7.35360130e-06  3.94372249e-01
   8.36897315e-05 -4.36371755e-05  0.00000000e+00]
 [ 0.00000000e+00 -3.17278505e-04  8.56609343e-02 -1.09415421e-04
   9.85821497e-01  2.30347161e-04  3.46482066e-04]
 [ 0.00000000e+00  9.99999950e-01  2.71783746e-05 -9.99999993e-01
  -1.14019864e-04  9.99999746e-01  6.73717011e-04]
 [ 1.00000000e+00  1.11022302e-16  9.96324347e-01  3.66858460e-05
  -1.67797385e-01  6.73796845e-04 -9.99999713e-01]]
23:16:07 - Time: 1753132567.152, tau: [ 3.99235297e-02 -1.35313876e+00  4.07465579e-02  3.08431181e+00
 -7.57080598e-02 -6.55957451e-02 -1.05491105e-05]
23:16:07 - Time: 1753132567.152, tau + g: [-4.62408006e-02 -3.07170028e+01 -1.16863607e-01  2.46645691e+01
 -7.48218725e-01  8.54172064e-02 -7.43166294e-06]
23:16:07 - Time: 1753132567.164, current_contact_force: 0.0
23:16:07 - Time: 1753132567.164, jac: [[-5.04203256e-05  2.23899453e-01 -4.40588987e-05  1.94483532e-01
   2.90890240e-05 -1.25999989e-01  1.35525272e-20]
 [ 4.30956026e-01  7.03507276e-05  4.09668661e-01 -6.77538549e-06
   1.24132221e-01  2.95555513e-05 -5.55111512e-17]
 [ 0.00000000e+00 -4.30956021e-01 -7.45057332e-06  3.94136649e-01
   8.37488115e-05 -4.27409494e-05  0.00000000e+00]
 [ 0.00000000e+00 -3.14206771e-04  8.76651667e-02 -1.10601144e-04
   9.85234739e-01  2.34338969e-04  3.39372055e-04]
 [ 0.00000000e+00  9.99999951e-01  2.75449903e-05 -9.99999993e-01
  -1.15368699e-04  9.99999745e-01  6.74594519e-04]
 [ 1.00000000e+00  1.11022302e-16  9.96149998e-01  3.73847894e-05
  -1.71208927e-01  6.74674067e-04 -9.99999715e-01]]
23:16:07 - Time: 1753132567.164, tau: [ 3.79091370e-02 -1.74213716e+00  3.60602001e-02  3.22892242e+00
 -7.92959663e-02 -6.19254275e-02 -1.03905602e-05]
23:16:07 - Time: 1753132567.164, tau + g: [-4.76993921e-02 -3.11780486e+01 -1.22645843e-01  2.47938442e+01
 -7.51293140e-01  8.78778829e-02 -7.57166214e-06]
23:16:07 - Time: 1753132567.168, current_contact_force: 0.0
23:16:07 - Time: 1753132567.168, jac: [[-5.01304387e-05  2.22466817e-01 -4.37239651e-05  1.95841148e-01
   2.95590876e-05 -1.25999990e-01 -1.35525272e-20]
 [ 4.31559456e-01  6.91914490e-05  4.09871882e-01 -6.89264967e-06
   1.24057175e-01  3.00501972e-05  5.55111512e-17]
 [ 0.00000000e+00 -4.31559451e-01 -7.54074937e-06  3.93897325e-01
   8.37879314e-05 -4.17464885e-05  2.71050543e-20]
 [ 0.00000000e+00 -3.11019174e-04  8.96717240e-02 -1.11753898e-04
   9.84638914e-01  2.38269813e-04  3.31482330e-04]
 [ 0.00000000e+00  9.99999952e-01  2.78896269e-05 -9.99999993e-01
  -1.16683349e-04  9.99999744e-01  6.75318530e-04]
 [ 1.00000000e+00  3.33066907e-16  9.95971376e-01  3.80641375e-05
  -1.74602965e-01  6.75397530e-04 -9.99999717e-01]]
23:16:07 - Time: 1753132567.168, tau: [ 3.59633636e-02 -2.11754855e+00  3.14906519e-02  3.36603110e+00
 -8.26950552e-02 -5.83851235e-02 -1.02265890e-05]
23:16:07 - Time: 1753132567.168, tau + g: [-4.90471653e-02 -3.16246232e+01 -1.28271101e-01  2.49159610e+01
 -7.54187247e-01  9.01407357e-02 -7.69531067e-06]
23:16:07 - Time: 1753132567.177, current_contact_force: 0.0
23:16:07 - Time: 1753132567.177, jac: [[-4.98263843e-05  2.21039730e-01 -4.33806137e-05  1.97191431e-01
   3.00205143e-05 -1.25999990e-01 -8.13151629e-20]
 [ 4.32160060e-01  6.80183139e-05  4.10075072e-01 -7.01414881e-06
   1.23981052e-01  3.05368571e-05  5.55111512e-17]
 [ 0.00000000e+00 -4.32160055e-01 -7.62392120e-06  3.93654403e-01
   8.38078484e-05 -4.06547088e-05  0.00000000e+00]
 [ 0.00000000e+00 -3.07719842e-04  9.16801173e-02 -1.12873453e-04
   9.84034338e-01  2.42137859e-04  3.22820162e-04]
 [ 0.00000000e+00  9.99999953e-01  2.82117926e-05 -9.99999993e-01
  -1.17963245e-04  9.99999742e-01  6.75894679e-04]
 [ 1.00000000e+00  4.44089210e-16  9.95788509e-01  3.87231259e-05
  -1.77978673e-01  6.75972861e-04 -9.99999719e-01]]
23:16:07 - Time: 1753132567.177, tau: [ 3.40823897e-02 -2.47981256e+00  2.70336983e-02  3.49587846e+00
 -8.59115240e-02 -5.49677871e-02 -1.00576339e-05]
23:16:07 - Time: 1753132567.177, tau + g: [-5.02904357e-02 -3.20572212e+01 -1.33745724e-01  2.50311528e+01
 -7.56907157e-01  9.22172784e-02 -7.80316038e-06]
23:16:07 - Time: 1753132567.185, current_contact_force: 0.0
23:16:07 - Time: 1753132567.185, jac: [[-4.95088768e-05  2.19618519e-01 -4.30295584e-05  1.98534068e-01
   3.04731020e-05 -1.25999990e-01 -8.13151629e-20]
 [ 4.32757764e-01  6.68327302e-05  4.10278217e-01 -7.13992349e-06
   1.23903892e-01  3.10153148e-05  0.00000000e+00]
 [ 0.00000000e+00 -4.32757759e-01 -7.69988857e-06  3.93408011e-01
   8.38093011e-05 -3.94666607e-05  0.00000000e+00]
 [ 0.00000000e+00 -3.04312803e-04  9.36898697e-02 -1.13959607e-04
   9.83421328e-01  2.45941379e-04  3.13393884e-04]
 [ 0.00000000e+00  9.99999954e-01  2.85110282e-05 -9.99999993e-01
  -1.19207850e-04  9.99999741e-01  6.76328452e-04]
 [ 1.00000000e+00  0.00000000e+00  9.95601430e-01  3.93610209e-05
  -1.81335265e-01  6.76405542e-04 -9.99999722e-01]]
23:16:07 - Time: 1753132567.185, tau: [ 3.22626147e-02 -2.82935123e+00  2.26853760e-02  3.61869886e+00
 -8.89514041e-02 -5.16667601e-02 -9.88411925e-06]
23:16:07 - Time: 1753132567.185, tau + g: [-5.14352352e-02 -3.24763180e+01 -1.39075748e-01  2.51396467e+01
 -7.59458815e-01  9.41185122e-02 -7.89576870e-06]
23:16:07 - Time: 1753132567.194, current_contact_force: 0.0
23:16:07 - Time: 1753132567.194, jac: [[-4.91786144e-05  2.18203498e-01 -4.26714889e-05  1.99868761e-01
   3.09166632e-05 -1.25999990e-01 -2.71050543e-20]
 [ 4.33352503e-01  6.56360494e-05  4.10481301e-01 -7.27000666e-06
   1.23825736e-01  3.14853672e-05 -5.55111512e-17]
 [ 0.00000000e+00 -4.33352498e-01 -7.76845940e-06  3.93158279e-01
   8.37930095e-05 -3.81835211e-05 -2.71050543e-20]
 [ 0.00000000e+00 -3.00801990e-04  9.57005159e-02 -1.15012182e-04
   9.82800203e-01  2.49678751e-04  3.03212836e-04]
 [ 0.00000000e+00  9.99999955e-01  2.87869069e-05 -9.99999993e-01
  -1.20416651e-04  9.99999740e-01  6.76625189e-04]
 [ 1.00000000e+00  1.11022302e-16  9.95410172e-01  3.99771199e-05
  -1.84671997e-01  6.76700905e-04 -9.99999725e-01]]
23:16:07 - Time: 1753132567.194, tau: [ 3.05006473e-02 -3.16656969e+00  1.84419600e-02  3.73472059e+00
 -9.18205649e-02 -4.84757556e-02 -9.70645683e-06]
23:16:07 - Time: 1753132567.194, tau + g: [-5.24873200e-02 -3.28823704e+01 -1.44266913e-01  2.52416638e+01
 -7.61848003e-01  9.58549389e-02 -7.97369643e-06]
23:16:07 - Time: 1753132567.200, current_contact_force: 0.0
23:16:07 - Time: 1753132567.200, jac: [[-4.88362795e-05  2.16794963e-01 -4.23070702e-05  2.01195229e-01
   3.13510248e-05 -1.25999991e-01 -5.42101086e-20]
 [ 4.33944215e-01  6.44295686e-05  4.10684309e-01 -7.40442400e-06
   1.23746625e-01  3.19468246e-05  5.55111512e-17]
 [ 0.00000000e+00 -4.33944211e-01 -7.82944983e-06  3.92905335e-01
   8.37596751e-05 -3.68065863e-05  0.00000000e+00]
 [ 0.00000000e+00 -2.97191249e-04  9.77116018e-02 -1.16031026e-04
   9.82171286e-01  2.53348457e-04  2.92287304e-04]
 [ 0.00000000e+00  9.99999956e-01  2.90390342e-05 -9.99999992e-01
  -1.21589164e-04  9.99999739e-01  6.76790084e-04]
 [ 1.00000000e+00  2.22044605e-16  9.95214772e-01  4.05707517e-05
  -1.87988165e-01  6.76864142e-04 -9.99999728e-01]]
23:16:07 - Time: 1753132567.200, tau: [ 2.87932971e-02 -3.49185697e+00  1.42999513e-02  3.84416597e+00
 -9.45247175e-02 -4.53888427e-02 -9.52504542e-06]
23:16:07 - Time: 1753132567.200, tau + g: [-5.34521780e-02 -3.32758171e+01 -1.49324675e-01  2.53374195e+01
 -7.64080346e-01  9.74365753e-02 -8.03750585e-06]
23:16:07 - Time: 1753132567.214, current_contact_force: 0.0
23:16:07 - Time: 1753132567.214, jac: [[-4.84825387e-05  2.15393197e-01 -4.19369432e-05  2.02513204e-01
   3.17760276e-05 -1.25999991e-01 -4.06575815e-20]
 [ 4.34532847e-01  6.32145321e-05  4.10887228e-01 -7.54319414e-06
   1.23666601e-01  3.23995101e-05  0.00000000e+00]
 [ 0.00000000e+00 -4.34532842e-01 -7.88268436e-06  3.92649312e-01
   8.37099813e-05 -3.53372643e-05  0.00000000e+00]
 [ 0.00000000e+00 -2.93484336e-04  9.97226842e-02 -1.17016013e-04
   9.81534900e-01  2.56949081e-04  2.80628462e-04]
 [ 0.00000000e+00  9.99999957e-01  2.92670470e-05 -9.99999992e-01
  -1.22724933e-04  9.99999738e-01  6.76828191e-04]
 [ 1.00000000e+00  1.11022302e-16  9.95015269e-01  4.11412760e-05
  -1.91283102e-01  6.76900302e-04 -9.99999732e-01]]
23:16:07 - Time: 1753132567.214, tau: [ 2.71375650e-02 -3.80558663e+00  1.02560638e-02  3.94725150e+00
 -9.70694183e-02 -4.24004306e-02 -9.34027071e-06]
23:16:07 - Time: 1753132567.214, tau + g: [-5.43350371e-02 -3.36570797e+01 -1.54254216e-01  2.54271234e+01
 -7.66161314e-01  9.88729671e-02 -8.08775885e-06]
23:16:07 - Time: 1753132567.220, current_contact_force: 0.0
23:16:07 - Time: 1753132567.220, jac: [[-4.81180423e-05  2.13998469e-01 -4.15617252e-05  2.03822435e-01
   3.21915266e-05 -1.25999991e-01  1.35525272e-20]
 [ 4.35118346e-01  6.19921333e-05  4.11090046e-01 -7.68632895e-06
   1.23585704e-01  3.28432595e-05  0.00000000e+00]
 [ 0.00000000e+00 -4.35118342e-01 -7.92799596e-06  3.92390340e-01
   8.36445931e-05 -3.37770679e-05  0.00000000e+00]
 [ 0.00000000e+00 -2.89684926e-04  1.01733331e-01 -1.17967045e-04
   9.80891369e-01  2.60479304e-04  2.68248316e-04]
 [ 0.00000000e+00  9.99999958e-01  2.94706137e-05 -9.99999992e-01
  -1.23823531e-04  9.99999737e-01  6.76744421e-04]
 [ 1.00000000e+00  2.22044605e-16  9.94811705e-01  4.16880839e-05
  -1.94556178e-01  6.76814295e-04 -9.99999735e-01]]
23:16:07 - Time: 1753132567.220, tau: [ 2.55306346e-02 -4.10811749e+00  6.30721340e-03  4.04418800e+00
 -9.94600727e-02 -3.95052540e-02 -9.15250519e-06]
23:16:07 - Time: 1753132567.220, tau + g: [-5.51408726e-02 -3.40265631e+01 -1.59060455e-01  2.55109795e+01
 -7.68096225e-01  1.00173203e-01 -8.12501532e-06]
23:16:07 - Time: 1753132567.228, current_contact_force: 0.0
23:16:07 - Time: 1753132567.228, jac: [[-4.77434248e-05  2.12611036e-01 -4.11820102e-05  2.05122684e-01
   3.25973899e-05 -1.25999992e-01 -1.35525272e-20]
 [ 4.35700668e-01  6.07635163e-05  4.11292748e-01 -7.83383381e-06
   1.23503977e-01  3.32779210e-05  0.00000000e+00]
 [ 0.00000000e+00 -4.35700664e-01 -7.96522608e-06  3.92128550e-01
   8.35641581e-05 -3.21276075e-05  2.71050543e-20]
 [ 0.00000000e+00 -2.85796612e-04  1.03743120e-01 -1.18884045e-04
   9.80241018e-01  2.63937909e-04  2.55159645e-04]
 [ 0.00000000e+00  9.99999959e-01  2.96494334e-05 -9.99999992e-01
  -1.24884561e-04  9.99999736e-01  6.76543550e-04]
 [ 1.00000000e+00  2.22044605e-16  9.94604124e-01  4.22105980e-05
  -1.97806801e-01  6.76610895e-04 -9.99999739e-01]]
23:16:07 - Time: 1753132567.228, tau: [ 2.39698641e-02 -4.39979426e+00  2.45050569e-03  4.13518071e+00
 -1.01701938e-01 -3.66983579e-02 -8.96210812e-06]
23:16:07 - Time: 1753132567.228, tau + g: [-5.58744160e-02 -3.43846561e+01 -1.63748060e-01  2.55891865e+01
 -7.69890251e-01  1.01345929e-01 -8.14983170e-06]
23:16:07 - Time: 1753132567.231, current_contact_force: 0.0
23:16:07 - Time: 1753132567.231, jac: [[-4.73593047e-05  2.11231141e-01 -4.07983691e-05  2.06413729e-01
   3.29934988e-05 -1.25999992e-01 -1.35525272e-20]
 [ 4.36279771e-01  5.95297770e-05  4.11495324e-01 -7.98570790e-06
   1.23421460e-01  3.37033549e-05  0.00000000e+00]
 [ 0.00000000e+00 -4.36279767e-01 -7.99422484e-06  3.91864075e-01
   8.34693058e-05 -3.03905847e-05  0.00000000e+00]
 [ 0.00000000e+00 -2.81822909e-04  1.05751640e-01 -1.19766963e-04
   9.79584172e-01  2.67323771e-04  2.41375953e-04]
 [ 0.00000000e+00  9.99999960e-01  2.98032360e-05 -9.99999992e-01
  -1.25907654e-04  9.99999736e-01  6.76230216e-04]
 [ 1.00000000e+00  2.22044605e-16  9.94392573e-01  4.27082720e-05
  -2.01034411e-01  6.76294737e-04 -9.99999742e-01]]
23:16:07 - Time: 1753132567.231, tau: [ 2.24527774e-02 -4.68094818e+00 -1.31677438e-03  4.22042944e+00
 -1.03800130e-01 -3.39750841e-02 -8.76942549e-06]
23:16:07 - Time: 1753132567.231, tau + g: [-5.65401624e-02 -3.47317323e+01 -1.68321459e-01  2.56619377e+01
 -7.71548416e-01  1.02399363e-01 -8.16275962e-06]
23:16:07 - Time: 1753132567.242, current_contact_force: 0.0
23:16:07 - Time: 1753132567.242, jac: [[-4.69662845e-05  2.09859013e-01 -4.04113502e-05  2.07695358e-01
   3.33797472e-05 -1.25999992e-01 -2.71050543e-20]
 [ 4.36855618e-01  5.82919653e-05  4.11697761e-01 -8.14194438e-06
   1.23338195e-01  3.41194333e-05  0.00000000e+00]
 [ 0.00000000e+00 -4.36855614e-01 -8.01485100e-06  3.91597045e-01
   8.33606484e-05 -2.85677851e-05  0.00000000e+00]
 [ 0.00000000e+00 -2.77767260e-04  1.07758489e-01 -1.20615773e-04
   9.78921154e-01  2.70635859e-04  2.26911411e-04]
 [ 0.00000000e+00  9.99999961e-01  2.99317814e-05 -9.99999992e-01
  -1.26892471e-04  9.99999735e-01  6.75808926e-04]
 [ 1.00000000e+00  1.11022302e-16  9.94177100e-01  4.31805908e-05
  -2.04238483e-01  6.75870329e-04 -9.99999746e-01]]
23:16:07 - Time: 1753132567.242, tau: [ 2.09770563e-02 -4.95189758e+00 -4.99717329e-03  4.30012866e+00
 -1.05759619e-01 -3.13310565e-02 -8.57479007e-06]
23:16:07 - Time: 1753132567.242, tau + g: [-5.71423790e-02 -3.50681503e+01 -1.72784845e-01  2.57294212e+01
 -7.73075608e-01  1.03341308e-01 -8.16434470e-06]
23:16:07 - Time: 1753132567.247, current_contact_force: 0.0
23:16:07 - Time: 1753132567.247, jac: [[-4.65649509e-05  2.08494872e-01 -4.00214798e-05  2.08967375e-01
   3.37560416e-05 -1.25999992e-01  2.71050543e-20]
 [ 4.37428176e-01  5.70510862e-05  4.11900047e-01 -8.30253069e-06
   1.23254223e-01  3.45260400e-05  0.00000000e+00]
 [ 0.00000000e+00 -4.37428172e-01 -8.02697211e-06  3.91327592e-01
   8.32387809e-05 -2.66610721e-05  0.00000000e+00]
 [ 0.00000000e+00 -2.73633033e-04  1.09763276e-01 -1.21430473e-04
   9.78252288e-01  2.73873235e-04  2.11780809e-04]
 [ 0.00000000e+00  9.99999963e-01  3.00348592e-05 -9.99999992e-01
  -1.27838702e-04  9.99999734e-01  6.75284054e-04]
 [ 1.00000000e+00  4.44089210e-16  9.93957757e-01  4.36270709e-05
  -2.07418524e-01  6.75342045e-04 -9.99999750e-01]]
23:16:07 - Time: 1753132567.247, tau: [ 1.95405328e-02 -5.21294854e+00 -8.59307896e-03  4.37446766e+00
 -1.07585243e-01 -2.87621682e-02 -8.37852145e-06]
23:16:07 - Time: 1753132567.247, tau + g: [-5.76851133e-02 -3.53942547e+01 -1.77142195e-01  2.57918200e+01
 -7.74476574e-01  1.04179170e-01 -8.15512546e-06]
23:16:07 - Time: 1753132567.262, current_contact_force: 0.0
23:16:07 - Time: 1753132567.262, jac: [[-4.61558745e-05  2.07138924e-01 -3.96292621e-05  2.10229595e-01
   3.41223004e-05 -1.25999993e-01  0.00000000e+00]
 [ 4.37997414e-01  5.58081013e-05  4.12102172e-01 -8.46744877e-06
   1.23169584e-01  3.49230698e-05  0.00000000e+00]
 [ 0.00000000e+00 -4.37997411e-01 -8.03046449e-06  3.91055847e-01
   8.31042811e-05 -2.46723805e-05  0.00000000e+00]
 [ 0.00000000e+00 -2.69423526e-04  1.11765619e-01 -1.22211086e-04
   9.77577896e-01  2.77035046e-04  1.95999500e-04]
 [ 0.00000000e+00  9.99999964e-01  3.01122882e-05 -9.99999992e-01
  -1.28746068e-04  9.99999734e-01  6.74659846e-04]
 [ 1.00000000e+00  2.22044605e-16  9.93734595e-01  4.40472594e-05
  -2.10574074e-01  6.74714132e-04 -9.99999753e-01]]
23:16:07 - Time: 1753132567.262, tau: [ 1.81411813e-02 -5.46439535e+00 -1.21067304e-02  4.44363065e+00
 -1.09281703e-01 -2.62645682e-02 -8.18092615e-06]
23:16:07 - Time: 1753132567.262, tau + g: [-5.81722006e-02 -3.57103762e+01 -1.81397272e-01  2.58493122e+01
 -7.75755927e-01  1.04919966e-01 -8.13563238e-06]
23:16:07 - Time: 1753132567.269, current_contact_force: 0.0
23:16:07 - Time: 1753132567.269, jac: [[-4.57396103e-05  2.05791364e-01 -3.92351800e-05  2.11481847e-01
   3.44784538e-05 -1.25999993e-01 -1.35525272e-20]
 [ 4.38563307e-01  5.45639303e-05  4.12304125e-01 -8.63667529e-06
   1.23084320e-01  3.53104286e-05  0.00000000e+00]
 [ 0.00000000e+00 -4.38563304e-01 -8.02521334e-06  3.90781939e-01
   8.29577101e-05 -2.26037107e-05 -2.71050543e-20]
 [ 0.00000000e+00 -2.65141973e-04  1.13765144e-01 -1.22957654e-04
   9.76898298e-01  2.80120528e-04  1.79583361e-04]
 [ 0.00000000e+00  9.99999965e-01  3.01639159e-05 -9.99999991e-01
  -1.29614318e-04  9.99999734e-01  6.73940419e-04]
 [ 1.00000000e+00  1.11022302e-16  9.93507670e-01  4.44407348e-05
  -2.13704701e-01  6.73990709e-04 -9.99999757e-01]]
23:16:07 - Time: 1753132567.269, tau: [ 1.67771113e-02 -5.70652113e+00 -1.55402271e-02  4.50779686e+00
 -1.10853571e-01 -2.38346488e-02 -7.98229777e-06]
23:16:07 - Time: 1753132567.269, tau + g: [-5.86072723e-02 -3.60168325e+01 -1.85553638e-01  2.59020710e+01
 -7.76918148e-01  1.05570345e-01 -8.10638704e-06]
23:16:07 - Time: 1753132567.276, current_contact_force: 0.0
23:16:07 - Time: 1753132567.276, jac: [[-4.53166975e-05  2.04452378e-01 -3.88396957e-05  2.12723968e-01
   3.48244432e-05 -1.25999993e-01  0.00000000e+00]
 [ 4.39125831e-01  5.33194520e-05  4.12505893e-01 -8.81018187e-06
   1.22998470e-01  3.56880329e-05  5.55111512e-17]
 [ 0.00000000e+00 -4.39125828e-01 -8.01111275e-06  3.90505998e-01
   8.27996124e-05 -2.04571221e-05  2.71050543e-20]
 [ 0.00000000e+00 -2.60791539e-04  1.15761490e-01 -1.23670246e-04
   9.76213811e-01  2.83129000e-04  1.62548738e-04]
 [ 0.00000000e+00  9.99999966e-01  3.01896182e-05 -9.99999991e-01
  -1.30443233e-04  9.99999733e-01  6.73129769e-04]
 [ 1.00000000e+00  0.00000000e+00  9.93277039e-01  4.48071064e-05
  -2.16810005e-01  6.73175773e-04 -9.99999760e-01]]
23:16:07 - Time: 1753132567.276, tau: [ 1.54465606e-02 -5.93959828e+00 -1.88955375e-02  4.56714067e+00
 -1.12305289e-01 -2.14690334e-02 -7.78291706e-06]
23:16:07 - Time: 1753132567.276, tau + g: [-5.89937637e-02 -3.63139289e+01 -1.89614663e-01  2.59502648e+01
 -7.77967591e-01  1.06136595e-01 -8.06790135e-06]
23:16:07 - Time: 1753132567.283, current_contact_force: 0.0
23:16:07 - Time: 1753132567.283, jac: [[-4.48876597e-05  2.03122138e-01 -3.84432504e-05  2.13955812e-01
   3.51602209e-05 -1.25999994e-01  0.00000000e+00]
 [ 4.39684966e-01  5.20755063e-05  4.12707466e-01 -8.98793529e-06
   1.22912075e-01  3.60558095e-05  5.55111512e-17]
 [ 0.00000000e+00 -4.39684964e-01 -7.98806574e-06  3.90228152e-01
   8.26305158e-05 -1.82347283e-05  2.71050543e-20]
 [ 0.00000000e+00 -2.56375327e-04  1.17754302e-01 -1.24348952e-04
   9.75524752e-01  2.86059865e-04  1.44912403e-04]
 [ 0.00000000e+00  9.99999967e-01  3.01892987e-05 -9.99999991e-01
  -1.31232621e-04  9.99999733e-01  6.72231767e-04]
 [ 1.00000000e+00  1.11022302e-16  9.93042760e-01  4.51460140e-05
  -2.19889612e-01  6.72273200e-04 -9.99999764e-01]]
23:16:07 - Time: 1753132567.283, tau: [ 1.41478879e-02 -6.16388900e+00 -2.21745079e-02  4.62183172e+00
 -1.13641175e-01 -1.91645649e-02 -7.58305218e-06]
23:16:07 - Time: 1753132567.283, tau + g: [-5.93349218e-02 -3.66019583e+01 -1.93583537e-01  2.59940575e+01
 -7.78908483e-01  1.06624663e-01 -8.02067690e-06]
23:16:07 - Time: 1753132567.289, current_contact_force: 0.0
23:16:07 - Time: 1753132567.289, jac: [[-4.44530051e-05  2.01800808e-01 -3.80462656e-05  2.15177238e-01
   3.54857497e-05 -1.25999994e-01  0.00000000e+00]
 [ 4.40240695e-01  5.08328947e-05  4.12908834e-01 -9.16989770e-06
   1.22825173e-01  3.64136951e-05  5.55111512e-17]
 [ 0.00000000e+00 -4.40240692e-01 -7.95598427e-06  3.89948529e-01
   8.24509326e-05 -1.59386908e-05  2.71050543e-20]
 [ 0.00000000e+00 -2.51896380e-04  1.19743234e-01 -1.24993881e-04
   9.74831433e-01  2.88912601e-04  1.26691513e-04]
 [ 0.00000000e+00  9.99999968e-01  3.01628882e-05 -9.99999991e-01
  -1.31982322e-04  9.99999733e-01  6.71250164e-04]
 [ 1.00000000e+00  1.11022302e-16  9.92804894e-01  4.54571284e-05
  -2.22943176e-01  6.71286744e-04 -9.99999767e-01]]
23:16:07 - Time: 1753132567.289, tau: [ 1.28795666e-02 -6.37964574e+00 -2.53788702e-02  4.67203501e+00
 -1.14865427e-01 -1.69182936e-02 -7.38295884e-06]
23:16:07 - Time: 1753132567.289, tau + g: [-5.96338128e-02 -3.68812023e+01 -1.97463273e-01  2.60336083e+01
 -7.79744931e-01  1.07040164e-01 -7.96520439e-06]
23:16:07 - Time: 1753132567.298, current_contact_force: 0.0
23:16:07 - Time: 1753132567.298, jac: [[-4.40132265e-05  2.00488542e-01 -3.76491429e-05  2.16388119e-01
   3.58010029e-05 -1.25999994e-01 -2.71050543e-20]
 [ 4.40793001e-01  4.95923823e-05  4.13109984e-01 -9.35602683e-06
   1.22737804e-01  3.67616364e-05 -5.55111512e-17]
 [ 0.00000000e+00 -4.40792998e-01 -7.91478926e-06  3.89667254e-01
   8.22613586e-05 -1.35712140e-05 -2.71050543e-20]
 [ 0.00000000e+00 -2.47357681e-04  1.21727951e-01 -1.25605165e-04
   9.74134164e-01  2.91686767e-04  1.07903561e-04]
 [ 0.00000000e+00  9.99999969e-01  3.01103445e-05 -9.99999991e-01
  -1.32692203e-04  9.99999733e-01  6.70188595e-04]
 [ 1.00000000e+00  2.22044605e-16  9.92563502e-01  4.57401502e-05
  -2.25970379e-01  6.70220045e-04 -9.99999770e-01]]
23:16:07 - Time: 1753132567.298, tau: [ 1.16401784e-02 -6.58711168e+00 -2.85102495e-02  4.71791100e+00
 -1.15982123e-01 -1.47274671e-02 -7.18288053e-06]
23:16:07 - Time: 1753132567.298, tau + g: [-5.98933295e-02 -3.71519313e+01 -2.01256721e-01  2.60690721e+01
 -7.80480918e-01  1.07388398e-01 -7.90196311e-06]
23:16:07 - Time: 1753132567.308, current_contact_force: 0.0
23:16:07 - Time: 1753132567.308, jac: [[-4.35688012e-05  1.99185484e-01 -3.72522647e-05  2.17588339e-01
   3.61059632e-05 -1.25999994e-01 -4.06575815e-20]
 [ 4.41341873e-01  4.83546982e-05  4.13310907e-01 -9.54627617e-06
   1.22650007e-01  3.70995893e-05  0.00000000e+00]
 [ 0.00000000e+00 -4.41341870e-01 -7.86441060e-06  3.89384453e-01
   8.20622743e-05 -1.11345398e-05  0.00000000e+00]
 [ 0.00000000e+00 -2.42762152e-04  1.23708125e-01 -1.26182958e-04
   9.73433252e-01  2.94381994e-04  8.85663439e-05]
 [ 0.00000000e+00  9.99999971e-01  3.00316514e-05 -9.99999991e-01
  -1.33362163e-04  9.99999733e-01  6.69050578e-04]
 [ 1.00000000e+00  0.00000000e+00  9.92318648e-01  4.59948106e-05
  -2.28970927e-01  6.69076624e-04 -9.99999772e-01]]
23:16:07 - Time: 1753132567.308, tau: [ 1.04284069e-02 -6.78652112e+00 -3.15701716e-02  4.75961576e+00
 -1.16995224e-01 -1.25895190e-02 -6.98304872e-06]
23:16:07 - Time: 1753132567.308, tau + g: [-6.01161989e-02 -3.74144050e+01 -2.04966571e-01  2.61005994e+01
 -7.81120315e-01  1.07674358e-01 -7.83142054e-06]
23:16:07 - Time: 1753132567.314, current_contact_force: 0.0
23:16:07 - Time: 1753132567.314, jac: [[-4.31201918e-05  1.97891769e-01 -3.68559946e-05  2.18777789e-01
   3.64006231e-05 -1.25999994e-01 -2.71050543e-20]
 [ 4.41887299e-01  4.71205376e-05  4.13511590e-01 -9.74059514e-06
   1.22561819e-01  3.74275189e-05  0.00000000e+00]
 [ 0.00000000e+00 -4.41887297e-01 -7.80478713e-06  3.89100249e-01
   8.18541449e-05 -8.63094336e-06  0.00000000e+00]
 [ 0.00000000e+00 -2.38112663e-04  1.25683436e-01 -1.26727431e-04
   9.72729000e-01  2.96997987e-04  6.86979158e-05]
 [ 0.00000000e+00  9.99999972e-01  2.99268185e-05 -9.99999991e-01
  -1.33992128e-04  9.99999733e-01  6.67839517e-04]
 [ 1.00000000e+00  2.22044605e-16  9.92070397e-01  4.62208703e-05
  -2.31944551e-01  6.67859892e-04 -9.99999775e-01]]
23:16:07 - Time: 1753132567.314, tau: [ 9.24303217e-03 -6.97809992e+00 -3.45600702e-02  4.79730099e+00
 -1.17908579e-01 -1.05020592e-02 -6.78368316e-06]
23:16:07 - Time: 1753132567.314, tau + g: [-6.03049893e-02 -3.76688731e+01 -2.08595368e-01  2.61283365e+01
 -7.81666877e-01  1.07902749e-01 -7.75403201e-06]
23:16:07 - Time: 1753132567.320, current_contact_force: 0.0
23:16:07 - Time: 1753132567.320, jac: [[-4.26678457e-05  1.96607523e-01 -3.64606779e-05  2.19956371e-01
   3.66849841e-05 -1.25999994e-01 -1.08420217e-19]
 [ 4.42429271e-01  4.58905620e-05  4.13712022e-01 -9.93892931e-06
   1.22473278e-01  3.77453990e-05  0.00000000e+00]
 [ 0.00000000e+00 -4.42429269e-01 -7.73586663e-06  3.88814763e-01
   8.16374201e-05 -6.06272738e-06  0.00000000e+00]
 [ 0.00000000e+00 -2.33412028e-04  1.27653574e-01 -1.27238776e-04
   9.72021706e-01  2.99534519e-04  4.83165542e-05]
 [ 0.00000000e+00  9.99999973e-01  2.97958803e-05 -9.99999991e-01
  -1.34582052e-04  9.99999733e-01  6.66558706e-04]
 [ 1.00000000e+00  2.22044605e-16  9.91818816e-01  4.64181197e-05
  -2.34891006e-01  6.66573149e-04 -9.99999777e-01]]
23:16:07 - Time: 1753132567.320, tau: [ 8.08292457e-03 -7.16206590e+00 -3.74812926e-02  4.83111420e+00
 -1.18725927e-01 -8.46286354e-03 -6.58499207e-06]
23:16:07 - Time: 1753132567.320, tau + g: [-6.04621172e-02 -3.79155755e+01 -2.12145514e-01  2.61524256e+01
 -7.82124246e-01  1.08077993e-01 -7.67024037e-06]
23:16:07 - Time: 1753132567.328, current_contact_force: 0.0
23:16:07 - Time: 1753132567.328, jac: [[-4.22121958e-05  1.95332863e-01 -3.60666420e-05  2.21123997e-01
   3.69590562e-05 -1.25999994e-01 -2.71050543e-20]
 [ 4.42967783e-01  4.46654009e-05  4.13912193e-01 -1.01412205e-05
   1.22384421e-01  3.80532120e-05 -5.55111512e-17]
 [ 0.00000000e+00 -4.42967781e-01 -7.65760582e-06  3.88528116e-01
   8.14125352e-05 -3.43221826e-06 -2.71050543e-20]
 [ 0.00000000e+00 -2.28663006e-04  1.29618236e-01 -1.27717203e-04
   9.71311666e-01  3.01991432e-04  2.74407229e-05]
 [ 0.00000000e+00  9.99999974e-01  2.96388963e-05 -9.99999991e-01
  -1.35131920e-04  9.99999733e-01  6.65211329e-04]
 [ 1.00000000e+00  2.22044605e-16  9.91563973e-01  4.65863785e-05
  -2.37810071e-01  6.65219585e-04 -9.99999778e-01]]
23:16:07 - Time: 1753132567.328, tau: [ 6.94703973e-03 -7.33862917e+00 -4.03351070e-02  4.86119876e+00
 -1.19450898e-01 -6.46986499e-03 -6.38717245e-06]
23:16:07 - Time: 1753132567.328, tau + g: [-6.05898542e-02 -3.81547427e+01 -2.15619277e-01  2.61730048e+01
 -7.82495959e-01  1.08204250e-01 -7.58047579e-06]
23:16:07 - Time: 1753132567.338, current_contact_force: 0.0
23:16:07 - Time: 1753132567.338, jac: [[-4.17536602e-05  1.94067898e-01 -3.56741968e-05  2.22280586e-01
   3.72228582e-05 -1.25999994e-01 -2.71050543e-20]
 [ 4.43502829e-01  4.34456528e-05  4.14112089e-01 -1.03474072e-05
   1.22295284e-01  3.83509485e-05 -1.11022302e-16]
 [ 0.00000000e+00 -4.43502827e-01 -7.56997027e-06  3.88240428e-01
   8.11799106e-05 -7.41761442e-07 -5.42101086e-20]
 [ 0.00000000e+00 -2.23868307e-04  1.31577128e-01 -1.28162939e-04
   9.70599170e-01  3.04368632e-04  6.08903723e-06]
 [ 0.00000000e+00  9.99999975e-01  2.94559496e-05 -9.99999991e-01
  -1.35641743e-04  9.99999733e-01  6.63800464e-04]
 [ 1.00000000e+00  2.22044605e-16  9.91305936e-01  4.67254952e-05
  -2.40701544e-01  6.63802286e-04 -9.99999780e-01]]
23:16:07 - Time: 1753132567.338, tau: [ 5.83441319e-03 -7.50799253e+00 -4.31227079e-02  4.88769401e+00
 -1.20087017e-01 -4.52114421e-03 -6.19041032e-06]
23:16:07 - Time: 1753132567.338, tau + g: [-6.06903336e-02 -3.83865963e+01 -2.19018802e-01  2.61902082e+01
 -7.82785444e-01  1.08285422e-01 -7.48515560e-06]
23:16:07 - Time: 1753132567.346, current_contact_force: 0.0
23:16:07 - Time: 1753132567.346, jac: [[-4.12926426e-05  1.92812730e-01 -3.52836354e-05  2.23426068e-01
   3.74764165e-05 -1.25999994e-01 -2.71050543e-20]
 [ 4.44034406e-01  4.22318862e-05  4.14311701e-01 -1.05574242e-05
   1.22205903e-01  3.86386070e-05 -5.55111512e-17]
 [ 0.00000000e+00 -4.44034404e-01 -7.47293440e-06  3.87951814e-01
   8.09399525e-05  2.00628272e-06 -2.71050543e-20]
 [ 0.00000000e+00 -2.19030586e-04  1.33529964e-01 -1.28576232e-04
   9.69884504e-01  3.06666090e-04 -1.57197690e-05]
 [ 0.00000000e+00  9.99999976e-01  2.92471468e-05 -9.99999991e-01
  -1.36111559e-04  9.99999734e-01  6.62329084e-04]
 [ 1.00000000e+00  0.00000000e+00  9.91044776e-01  4.68353472e-05
  -2.43565248e-01  6.62324232e-04 -9.99999781e-01]]
23:16:07 - Time: 1753132567.346, tau: [ 4.74415545e-03 -7.67035183e+00 -4.58452216e-02  4.91073535e+00
 -1.20637707e-01 -2.61492104e-03 -5.99488102e-06]
23:16:07 - Time: 1753132567.346, tau + g: [-6.07655570e-02 -3.86113495e+01 -2.22346110e-01  2.62041662e+01
 -7.82996027e-01  1.08325169e-01 -7.38468410e-06]
23:16:07 - Time: 1753132567.354, current_contact_force: 0.0
23:16:07 - Time: 1753132567.354, jac: [[-4.08295327e-05  1.91567451e-01 -3.48952341e-05  2.24560378e-01
   3.77197654e-05 -1.25999994e-01 -5.42101086e-20]
 [ 4.44562511e-01  4.10246402e-05  4.14511015e-01 -1.07712033e-05
   1.22116314e-01  3.89161936e-05  0.00000000e+00]
 [ 0.00000000e+00 -4.44562510e-01 -7.36648143e-06  3.87662389e-01
   8.06930531e-05  4.80954291e-06  0.00000000e+00]
 [ 0.00000000e+00 -2.14152452e-04  1.35476464e-01 -1.28957343e-04
   9.69167951e-01  3.08883835e-04 -3.79668751e-05]
 [ 0.00000000e+00  9.99999977e-01  2.90126176e-05 -9.99999991e-01
  -1.36541436e-04  9.99999734e-01  6.60800060e-04]
 [ 1.00000000e+00  1.11022302e-16  9.90780564e-01  4.69158397e-05
  -2.46401024e-01  6.60788302e-04 -9.99999781e-01]]
23:16:07 - Time: 1753132567.354, tau: [ 3.67544721e-03 -7.82589621e+00 -4.85037118e-02  4.93045435e+00
 -1.21106291e-01 -7.49546142e-04 -5.80074950e-06]
23:16:07 - Time: 1753132567.354, tau + g: [-6.08174006e-02 -3.88292072e+01 -2.25603113e-01  2.62150054e+01
 -7.83130933e-01  1.08326918e-01 -7.27945256e-06]
23:16:07 - Time: 1753132567.363, current_contact_force: 0.0
23:16:07 - Time: 1753132567.363, jac: [[-4.03647061e-05  1.90332147e-01 -3.45092534e-05  2.25683462e-01
   3.79529464e-05 -1.25999994e-01 -5.42101086e-20]
 [ 4.45087145e-01  3.98244263e-05  4.14710019e-01 -1.09886732e-05
   1.22026550e-01  3.91837218e-05  5.55111512e-17]
 [ 0.00000000e+00 -4.45087144e-01 -7.25060328e-06  3.87372267e-01
   8.04395907e-05  7.66564072e-06  2.71050543e-20]
 [ 0.00000000e+00 -2.09236464e-04  1.37416359e-01 -1.29306550e-04
   9.68449786e-01  3.11021956e-04 -6.06334039e-05]
 [ 0.00000000e+00  9.99999978e-01  2.87525136e-05 -9.99999991e-01
  -1.36931466e-04  9.99999734e-01  6.59216164e-04]
 [ 1.00000000e+00  3.33066907e-16  9.90513374e-01  4.69669062e-05
  -2.49208733e-01  6.59197275e-04 -9.99999781e-01]]
23:16:07 - Time: 1753132567.363, tau: [ 2.62753483e-03 -7.97480853e+00 -5.10991847e-02  4.94697882e+00
 -1.21495995e-01  1.07650692e-03 -5.60817061e-06]
23:16:07 - Time: 1753132567.363, tau + g: [-6.08476211e-02 -3.90403665e+01 -2.28791615e-01  2.62228485e+01
 -7.83193288e-01  1.08293876e-01 -7.16983913e-06]
23:16:07 - Time: 1753132567.376, current_contact_force: 0.0
23:16:07 - Time: 1753132567.376, jac: [[-3.98985247e-05  1.89106897e-01 -3.41259381e-05  2.26795272e-01
   3.81760083e-05 -1.25999993e-01  0.00000000e+00]
 [ 4.45608308e-01  3.86317286e-05  4.14908701e-01 -1.12097596e-05
   1.21936646e-01  3.94412119e-05  0.00000000e+00]
 [ 0.00000000e+00 -4.45608307e-01 -7.12530053e-06  3.87081559e-01
   8.01799302e-05  1.05721942e-05  0.00000000e+00]
 [ 0.00000000e+00 -2.04285134e-04  1.39349385e-01 -1.29624149e-04
   9.67730282e-01  3.13080598e-04 -8.37004500e-05]
 [ 0.00000000e+00  9.99999979e-01  2.84670083e-05 -9.99999990e-01
  -1.37281768e-04  9.99999735e-01  6.57580066e-04]
 [ 1.00000000e+00  3.33066907e-16  9.90243277e-01  4.69885073e-05
  -2.51988257e-01  6.57553831e-04 -9.99999780e-01]]
23:16:07 - Time: 1753132567.376, tau: [ 1.59972603e-03 -8.11726555e+00 -5.36325932e-02  4.96043289e+00
 -1.21809947e-01  2.86464925e-03 -5.41728937e-06]
23:16:07 - Time: 1753132567.376, tau + g: [-6.08578619e-02 -3.92450172e+01 -2.31913322e-01  2.62278150e+01
 -7.83186124e-01  1.08229040e-01 -7.05620885e-06]
23:16:07 - Time: 1753132567.386, current_contact_force: 0.0
23:16:07 - Time: 1753132567.386, jac: [[-3.94313367e-05  1.87891773e-01 -3.37455177e-05  2.27895766e-01
   3.83890061e-05 -1.25999993e-01  2.71050543e-20]
 [ 4.46126002e-01  3.74470051e-05  4.15107049e-01 -1.14343856e-05
   1.21846635e-01  3.96886914e-05 -5.55111512e-17]
 [ 0.00000000e+00 -4.46126001e-01 -6.99058234e-06  3.86790374e-01
   7.99144234e-05  1.35268214e-05  0.00000000e+00]
 [ 0.00000000e+00 -1.99300926e-04  1.41275286e-01 -1.29910448e-04
   9.67009706e-01  3.15059959e-04 -1.07149108e-04]
 [ 0.00000000e+00  9.99999980e-01  2.81562959e-05 -9.99999990e-01
  -1.37592488e-04  9.99999735e-01  6.55894346e-04]
 [ 1.00000000e+00  2.22044605e-16  9.89970349e-01  4.69806307e-05
  -2.54739494e-01  6.55860558e-04 -9.99999779e-01]]
23:16:07 - Time: 1753132567.386, tau: [ 5.91385712e-04 -8.25343831e+00 -5.61048421e-02  4.97093713e+00
 -1.22051186e-01  4.61618392e-03 -5.22824131e-06]
23:16:07 - Time: 1753132567.386, tau + g: [-6.08496584e-02 -3.94433417e+01 -2.34969845e-01  2.62300205e+01
 -7.83112378e-01  1.08135204e-01 -6.93891368e-06]
23:16:07 - Time: 1753132567.392, current_contact_force: 0.0
23:16:07 - Time: 1753132567.392, jac: [[-3.89634773e-05  1.86686840e-01 -3.33682072e-05  2.28984913e-01
   3.85920014e-05 -1.25999993e-01 -5.42101086e-20]
 [ 4.46640228e-01  3.62706887e-05  4.15305050e-01 -1.16624714e-05
   1.21756549e-01  3.99261940e-05 -5.55111512e-17]
 [ 0.00000000e+00 -4.46640227e-01 -6.84646632e-06  3.86498819e-01
   7.96434088e-05  1.65271436e-05 -5.42101086e-20]
 [ 0.00000000e+00 -1.94286261e-04  1.43193815e-01 -1.30165771e-04
   9.66288318e-01  3.16960290e-04 -1.30960498e-04]
 [ 0.00000000e+00  9.99999981e-01  2.78205913e-05 -9.99999990e-01
  -1.37863795e-04  9.99999736e-01  6.54161485e-04]
 [ 1.00000000e+00  2.22044605e-16  9.89694665e-01  4.69432906e-05
  -2.57462361e-01  6.54119948e-04 -9.99999777e-01]]
23:16:07 - Time: 1753132567.392, tau: [-3.98067933e-04 -8.38349233e+00 -5.85167917e-02  4.97860862e+00
 -1.22222657e-01  6.33231287e-03 -5.04115272e-06]
23:16:07 - Time: 1753132567.392, tau + g: [-6.08244439e-02 -3.96355159e+01 -2.37962705e-01  2.62295776e+01
 -7.82974895e-01  1.08014975e-01 -6.81829259e-06]
23:16:07 - Time: 1753132567.402, current_contact_force: 0.0
23:16:07 - Time: 1753132567.402, jac: [[-3.84952682e-05  1.85492155e-01 -3.29942072e-05  2.30062685e-01
   3.87850618e-05 -1.25999992e-01 -2.71050543e-20]
 [ 4.47150992e-01  3.51031875e-05  4.15502691e-01 -1.18939350e-05
   1.21666421e-01  4.01537596e-05  5.55111512e-17]
 [ 0.00000000e+00 -4.47150991e-01 -6.69297851e-06  3.86206998e-01
   7.93672127e-05  1.95707884e-05 -2.71050543e-20]
 [ 0.00000000e+00 -1.89243512e-04  1.45104730e-01 -1.30390454e-04
   9.65566375e-01  3.18781890e-04 -1.55115790e-04]
 [ 0.00000000e+00  9.99999982e-01  2.74601291e-05 -9.99999990e-01
  -1.38095886e-04  9.99999736e-01  6.52383876e-04]
 [ 1.00000000e+00  1.11022302e-16  9.89416301e-01  4.68765275e-05
  -2.60156791e-01  6.52334403e-04 -9.99999775e-01]]
23:16:07 - Time: 1753132567.402, tau: [-1.36916718e-03 -8.50758791e+00 -6.08692620e-02  4.98356100e+00
 -1.22327219e-01  8.01414349e-03 -4.85614102e-06]
23:16:07 - Time: 1753132567.402, tau + g: [-6.07835550e-02 -3.98217090e+01 -2.40893343e-01  2.62265951e+01
 -7.82776433e-01  1.07870777e-01 -6.69467164e-06]
23:16:07 - Time: 1753132567.413, current_contact_force: 0.0
23:16:07 - Time: 1753132567.413, jac: [[-3.80270186e-05  1.84307772e-01 -3.26237046e-05  2.31129061e-01
   3.89682606e-05 -1.25999991e-01 -8.13151629e-20]
 [ 4.47658297e-01  3.39448864e-05  4.15699959e-01 -1.21286917e-05
   1.21576280e-01  4.03714341e-05  0.00000000e+00]
 [ 0.00000000e+00 -4.47658297e-01 -6.53015316e-06  3.85915015e-01
   7.90861488e-05  2.26553926e-05  0.00000000e+00]
 [ 0.00000000e+00 -1.84175010e-04  1.47007797e-01 -1.30584847e-04
   9.64844128e-01  3.20525109e-04 -1.79596228e-04]
 [ 0.00000000e+00  9.99999983e-01  2.70751631e-05 -9.99999990e-01
  -1.38288979e-04  9.99999737e-01  6.50563822e-04]
 [ 1.00000000e+00  0.00000000e+00  9.89135333e-01  4.67804072e-05
  -2.62822733e-01  6.50506234e-04 -9.99999772e-01]]
23:16:07 - Time: 1753132567.413, tau: [-2.32239832e-03 -8.62588034e+00 -6.31630364e-02  4.98590463e+00
 -1.22367644e-01  9.66269496e-03 -4.67331497e-06]
23:16:07 - Time: 1753132567.413, tau + g: [-6.07282361e-02 -4.00020841e+01 -2.43763121e-01  2.62211789e+01
 -7.82519662e-01  1.07704862e-01 -6.56836410e-06]
23:16:07 - Time: 1753132567.422, current_contact_force: 0.0
23:16:07 - Time: 1753132567.422, jac: [[-3.75590248e-05  1.83133737e-01 -3.22568728e-05  2.32184029e-01
   3.91416764e-05 -1.25999991e-01 -2.71050543e-20]
 [ 4.48162149e-01  3.27961474e-05  4.15896840e-01 -1.23666548e-05
   1.21486158e-01  4.05792692e-05  5.55111512e-17]
 [ 0.00000000e+00 -4.48162149e-01 -6.35803273e-06  3.85622969e-01
   7.88005188e-05  2.57786051e-05  2.71050543e-20]
 [ 0.00000000e+00 -1.79083043e-04  1.48902792e-01 -1.30749313e-04
   9.64121822e-01  3.22190337e-04 -2.04383152e-04]
 [ 0.00000000e+00  9.99999984e-01  2.66659655e-05 -9.99999990e-01
  -1.38443316e-04  9.99999738e-01  6.48703539e-04]
 [ 1.00000000e+00  1.11022302e-16  9.88851838e-01  4.66550207e-05
  -2.65460153e-01  6.48637669e-04 -9.99999769e-01]]
23:16:07 - Time: 1753132567.422, tau: [-3.25820502e-03 -8.73852016e+00 -6.53988653e-02  4.98574658e+00
 -1.22346619e-01  1.12789042e-02 -4.49277505e-06]
23:16:07 - Time: 1753132567.422, tau + g: [-6.06596450e-02 -4.01767983e+01 -2.46573327e-01  2.62134317e+01
 -7.82207169e-01  1.07519323e-01 -6.43967060e-06]
23:16:07 - Time: 1753132567.428, current_contact_force: 0.0
23:16:07 - Time: 1753132567.428, jac: [[-3.70915711e-05  1.81970090e-01 -3.18938723e-05  2.33227579e-01
   3.93053930e-05 -1.25999990e-01  0.00000000e+00]
 [ 4.48662554e-01  3.16573104e-05  4.16093321e-01 -1.26077353e-05
   1.21396084e-01  4.07773220e-05  0.00000000e+00]
 [ 0.00000000e+00 -4.48662554e-01 -6.17666769e-06  3.85330960e-01
   7.85106125e-05  2.89380896e-05  0.00000000e+00]
 [ 0.00000000e+00 -1.73969853e-04  1.50789493e-01 -1.30884226e-04
   9.63399697e-01  3.23778013e-04 -2.29458017e-04]
 [ 0.00000000e+00  9.99999985e-01  2.62328264e-05 -9.99999990e-01
  -1.38559165e-04  9.99999738e-01  6.46805158e-04]
 [ 1.00000000e+00  2.22044605e-16  9.88565895e-01  4.65004837e-05
  -2.68069031e-01  6.46730847e-04 -9.99999764e-01]]
23:16:07 - Time: 1753132567.428, tau: [-4.17699156e-03 -8.84565336e+00 -6.75774689e-02  4.98319077e+00
 -1.22266751e-01  1.28636315e-02 -4.31461373e-06]
23:16:07 - Time: 1753132567.428, tau + g: [-6.05788576e-02 -4.03460032e+01 -2.49325182e-01  2.62034528e+01
 -7.81841458e-01  1.07316094e-01 -6.30887930e-06]
23:16:07 - Time: 1753132567.437, current_contact_force: 0.0
23:16:07 - Time: 1753132567.437, jac: [[-3.66249294e-05  1.80816867e-01 -3.15348513e-05  2.34259711e-01
   3.94594991e-05 -1.25999989e-01 -8.13151629e-20]
 [ 4.49159518e-01  3.05286945e-05  4.16289389e-01 -1.28518423e-05
   1.21306086e-01  4.09656546e-05  0.00000000e+00]
 [ 0.00000000e+00 -4.49159518e-01 -5.98611640e-06  3.85039082e-01
   7.82167083e-05  3.21315268e-05  0.00000000e+00]
 [ 0.00000000e+00 -1.68837645e-04  1.52667689e-01 -1.30989970e-04
   9.62677986e-01  3.25288615e-04 -2.54802415e-04]
 [ 0.00000000e+00  9.99999986e-01  2.57760533e-05 -9.99999990e-01
  -1.38636811e-04  9.99999739e-01  6.44870726e-04]
 [ 1.00000000e+00  1.11022302e-16  9.88277581e-01  4.63169356e-05
  -2.70649361e-01  6.44787828e-04 -9.99999760e-01]]
23:16:07 - Time: 1753132567.437, tau: [-5.07912579e-03 -8.94742160e+00 -6.96995408e-02  4.97833802e+00
 -1.22130567e-01  1.44176662e-02 -4.13891572e-06]
23:16:07 - Time: 1753132567.437, tau + g: [-6.04868719e-02 -4.05098448e+01 -2.52019845e-01  2.61913387e+01
 -7.81424952e-01  1.07096968e-01 -6.17626607e-06]
23:16:07 - Time: 1753132567.448, current_contact_force: 0.0
23:16:07 - Time: 1753132567.448, jac: [[-3.61593597e-05  1.79674097e-01 -3.11799457e-05  2.35280426e-01
   3.96040876e-05 -1.25999988e-01 -2.71050543e-20]
 [ 4.49653050e-01  2.94105979e-05  4.16485029e-01 -1.30988828e-05
   1.21216194e-01  4.11443344e-05  0.00000000e+00]
 [ 0.00000000e+00 -4.49653049e-01 -5.78644500e-06  3.84747430e-01
   7.79190734e-05  3.53566171e-05  0.00000000e+00]
 [ 0.00000000e+00 -1.63688578e-04  1.54537173e-01 -1.31066942e-04
   9.61956918e-01  3.26722660e-04 -2.80398094e-04]
 [ 0.00000000e+00  9.99999987e-01  2.52959704e-05 -9.99999990e-01
  -1.38676566e-04  9.99999740e-01  6.42902211e-04]
 [ 1.00000000e+00  2.22044605e-16  9.87986974e-01  4.61045398e-05
  -2.73201151e-01  6.42810589e-04 -9.99999754e-01]]
23:16:07 - Time: 1753132567.448, tau: [-5.96494207e-03 -9.04396242e+00 -7.17657506e-02  4.97128614e+00
 -1.21940516e-01  1.59417314e-02 -3.96575835e-06]
23:16:07 - Time: 1753132567.448, tau + g: [-6.03846130e-02 -4.06684642e+01 -2.54658413e-01  2.61771831e+01
 -7.80959997e-01  1.06863597e-01 -6.04209470e-06]
23:16:07 - Time: 1753132567.458, current_contact_force: 0.0
23:16:07 - Time: 1753132567.458, jac: [[-3.56951107e-05  1.78541806e-01 -3.08292799e-05  2.36289734e-01
   3.97392561e-05 -1.25999987e-01  0.00000000e+00]
 [ 4.50143155e-01  2.83032994e-05  4.16680227e-01 -1.33487623e-05
   1.21126434e-01  4.13134331e-05  0.00000000e+00]
 [ 0.00000000e+00 -4.50143155e-01 -5.57772723e-06  3.84456095e-01
   7.76179640e-05  3.86110822e-05  0.00000000e+00]
 [ 0.00000000e+00 -1.58524772e-04  1.56397747e-01 -1.31115545e-04
   9.61236716e-01  3.28080703e-04 -3.06226972e-04]
 [ 0.00000000e+00  9.99999987e-01  2.47929175e-05 -9.99999990e-01
  -1.38678760e-04  9.99999741e-01  6.40901502e-04]
 [ 1.00000000e+00  1.11022302e-16  9.87694155e-01  4.58634820e-05
  -2.75724423e-01  6.40801030e-04 -9.99999748e-01]]
23:16:07 - Time: 1753132567.458, tau: [-6.83474392e-03 -9.13540938e+00 -7.37767463e-02  4.96212999e+00
 -1.21698969e-01  1.74364891e-02 -3.79521177e-06]
23:16:07 - Time: 1753132567.458, tau + g: [-6.02729372e-02 -4.08219973e+01 -2.57241928e-01  2.61610765e+01
 -7.80448864e-01  1.06617505e-01 -5.90661712e-06]
23:16:07 - Time: 1753132567.465, current_contact_force: 0.0
23:16:07 - Time: 1753132567.465, jac: [[-3.52324195e-05  1.77420011e-01 -3.04829671e-05  2.37287648e-01
   3.98651058e-05 -1.25999986e-01  2.71050543e-20]
 [ 4.50629844e-01  2.72070589e-05  4.16874970e-01 -1.36013843e-05
   1.21036834e-01  4.14730273e-05  0.00000000e+00]
 [ 0.00000000e+00 -4.50629844e-01 -5.36004429e-06  3.84165165e-01
   7.73136256e-05  4.18926679e-05  2.71050543e-20]
 [ 0.00000000e+00 -1.53348308e-04  1.58249218e-01 -1.31136196e-04
   9.60517596e-01  3.29363337e-04 -3.32271156e-04]
 [ 0.00000000e+00  9.99999988e-01  2.42672501e-05 -9.99999990e-01
  -1.38643743e-04  9.99999742e-01  6.38870410e-04]
 [ 1.00000000e+00  3.33066907e-16  9.87399202e-01  4.55939706e-05
  -2.78219210e-01  6.38760973e-04 -9.99999741e-01]]
23:16:07 - Time: 1753132567.465, tau: [-7.68880662e-03 -9.22189229e+00 -7.57331571e-02  4.95096157e+00
 -1.21408227e-01  1.89025450e-02 -3.62733931e-06]
23:16:07 - Time: 1753132567.465, tau + g: [-6.01526355e-02 -4.09705755e+01 -2.59771383e-01  2.61431069e+01
 -7.79893749e-01  1.06360093e-01 -5.77007362e-06]
23:16:07 - Time: 1753132567.473, current_contact_force: 0.0
23:16:07 - Time: 1753132567.473, jac: [[-3.47715122e-05  1.76308730e-01 -3.01411095e-05  2.38274187e-01
   3.99817418e-05 -1.25999985e-01 -5.42101086e-20]
 [ 4.51113123e-01  2.61221176e-05  4.17069242e-01 -1.38566509e-05
   1.20947418e-01  4.16231974e-05  0.00000000e+00]
 [ 0.00000000e+00 -4.51113124e-01 -5.13348467e-06  3.83874728e-01
   7.70062935e-05  4.51991452e-05  0.00000000e+00]
 [ 0.00000000e+00 -1.48161225e-04  1.60091401e-01 -1.31129316e-04
   9.59799769e-01  3.30571187e-04 -3.58512956e-04]
 [ 0.00000000e+00  9.99999989e-01  2.37193382e-05 -9.99999990e-01
  -1.38571887e-04  9.99999743e-01  6.36810675e-04]
 [ 1.00000000e+00  3.33066907e-16  9.87102195e-01  4.52962358e-05
  -2.80685560e-01  6.36692167e-04 -9.99999733e-01]]
23:16:07 - Time: 1753132567.473, tau: [-8.52737959e-03 -9.30353738e+00 -7.76355955e-02  4.93787006e+00
 -1.21070516e-01  2.03404522e-02 -3.46219772e-06]
23:16:07 - Time: 1753132567.473, tau + g: [-6.00244384e-02 -4.11143259e+01 -2.62247719e-01  2.61233592e+01
 -7.79296776e-01  1.06092645e-01 -5.63269311e-06]
23:16:07 - Time: 1753132567.486, current_contact_force: 0.0
23:16:07 - Time: 1753132567.486, jac: [[-3.43126040e-05  1.75207971e-01 -2.98037993e-05  2.39249373e-01
   4.00892728e-05 -1.25999984e-01  0.00000000e+00]
 [ 4.51593004e-01  2.50486994e-05  4.17263031e-01 -1.41144628e-05
   1.20858212e-01  4.17640281e-05  0.00000000e+00]
 [ 0.00000000e+00 -4.51593004e-01 -4.89814400e-06  3.83584868e-01
   7.66961927e-05  4.85283129e-05  0.00000000e+00]
 [ 0.00000000e+00 -1.42965522e-04  1.61924115e-01 -1.31095336e-04
   9.59083442e-01  3.31704910e-04 -3.84934898e-04]
 [ 0.00000000e+00  9.99999990e-01  2.31495660e-05 -9.99999990e-01
  -1.38463582e-04  9.99999744e-01  6.34723962e-04]
 [ 1.00000000e+00  2.22044605e-16  9.86803213e-01  4.49705286e-05
  -2.83123528e-01  6.34596289e-04 -9.99999724e-01]]
23:16:07 - Time: 1753132567.486, tau: [-9.35068865e-03 -9.38046741e+00 -7.94846597e-02  4.92294192e+00
 -1.20687993e-01  2.17507162e-02 -3.29983743e-06]
23:16:07 - Time: 1753132567.486, tau + g: [-5.98890185e-02 -4.12533709e+01 -2.64671837e-01  2.61019160e+01
 -7.78659998e-01  1.05816339e-01 -5.49469337e-06]
23:16:07 - Time: 1753132567.493, current_contact_force: 0.0
23:16:07 - Time: 1753132567.493, jac: [[-3.38558996e-05  1.74117741e-01 -2.94711183e-05  2.40213234e-01
   4.01878104e-05 -1.25999982e-01 -5.42101086e-20]
 [ 4.52069493e-01  2.39870110e-05  4.17456320e-01 -1.43747191e-05
   1.20769241e-01  4.18956079e-05  0.00000000e+00]
 [ 0.00000000e+00 -4.52069494e-01 -4.65412484e-06  3.83295667e-01
   7.63835386e-05  5.18779986e-05  0.00000000e+00]
 [ 0.00000000e+00 -1.37763163e-04  1.63747190e-01 -1.31034696e-04
   9.58368813e-01  3.32765195e-04 -4.11519742e-04]
 [ 0.00000000e+00  9.99999991e-01  2.25583310e-05 -9.99999990e-01
  -1.38319236e-04  9.99999745e-01  6.32611864e-04]
 [ 1.00000000e+00  0.00000000e+00  9.86502335e-01  4.46171208e-05
  -2.85533184e-01  6.32474943e-04 -9.99999715e-01]]
23:16:07 - Time: 1753132567.493, tau: [-1.01589382e-02 -9.45280187e+00 -8.12809349e-02  4.90626096e+00
 -1.20262748e-01  2.31337982e-02 -3.14030287e-06]
23:16:07 - Time: 1753132567.493, tau + g: [-5.97469949e-02 -4.13878293e+01 -2.67044594e-01  2.60788571e+01
 -7.77985403e-01  1.05532248e-01 -5.35628129e-06]
23:16:07 - Time: 1753132567.500, current_contact_force: 0.0
23:16:07 - Time: 1753132567.500, jac: [[-3.34015934e-05  1.73038043e-01 -2.91431391e-05  2.41165802e-01
   4.02774696e-05 -1.25999981e-01 -2.71050543e-20]
 [ 4.52542602e-01  2.29372428e-05  4.17649095e-01 -1.46373178e-05
   1.20680529e-01  4.20180287e-05  0.00000000e+00]
 [ 0.00000000e+00 -4.52542603e-01 -4.40153653e-06  3.83007204e-01
   7.60685369e-05  5.52460604e-05  2.71050543e-20]
 [ 0.00000000e+00 -1.32556068e-04  1.65560456e-01 -1.30947840e-04
   9.57656076e-01  3.33752759e-04 -4.38250485e-04]
 [ 0.00000000e+00  9.99999991e-01  2.19460434e-05 -9.99999990e-01
  -1.38139274e-04  9.99999746e-01  6.30475910e-04]
 [ 1.00000000e+00  3.33066907e-16  9.86199643e-01  4.42363040e-05
  -2.87914607e-01  6.30329668e-04 -9.99999705e-01]]
23:16:07 - Time: 1753132567.500, tau: [-1.09523132e-02 -9.52065711e+00 -8.30249958e-02  4.88790838e+00
 -1.19796802e-01  2.44901189e-02 -2.98363270e-06]
23:16:07 - Time: 1753132567.500, tau + g: [-5.95989362e-02 -4.15178158e+01 -2.69366810e-01  2.60542599e+01
 -7.77274910e-01  1.05241351e-01 -5.21765317e-06]
23:16:07 - Time: 1753132567.508, current_contact_force: 0.0
23:16:07 - Time: 1753132567.508, jac: [[-3.29498698e-05  1.71968872e-01 -2.88199247e-05  2.42107113e-01
   4.03583679e-05 -1.25999979e-01 -5.42101086e-20]
 [ 4.53012341e-01  2.18995695e-05  4.17841342e-01 -1.49021557e-05
   1.20592097e-01  4.21313860e-05 -5.55111512e-17]
 [ 0.00000000e+00 -4.53012341e-01 -4.14049500e-06  3.82719557e-01
   7.57513840e-05  5.86303885e-05 -5.42101086e-20]
 [ 0.00000000e+00 -1.27346124e-04  1.67363755e-01 -1.30835219e-04
   9.56945419e-01  3.34668347e-04 -4.65110384e-04]
 [ 0.00000000e+00  9.99999992e-01  2.13131256e-05 -9.99999990e-01
  -1.37924139e-04  9.99999747e-01  6.28317560e-04]
 [ 1.00000000e+00  2.22044605e-16  9.85895214e-01  4.38283890e-05
  -2.90267887e-01  6.28161935e-04 -9.99999694e-01]]
23:16:07 - Time: 1753132567.508, tau: [-1.17309810e-02 -9.58414647e+00 -8.47174080e-02  4.86796285e+00
 -1.19292113e-01  2.58200620e-02 -2.82986010e-06]
23:16:07 - Time: 1753132567.508, tau + g: [-5.94453636e-02 -4.16434414e+01 -2.71639270e-01  2.60281992e+01
 -7.76530374e-01  1.04944535e-01 -5.07899496e-06]
23:16:07 - Time: 1753132567.520, current_contact_force: 0.0
23:16:07 - Time: 1753132567.520, jac: [[-3.25009033e-05  1.70910225e-01 -2.85015297e-05  2.43037205e-01
   4.04306253e-05 -1.25999978e-01 -2.71050543e-20]
 [ 4.53478718e-01  2.08741505e-05  4.18033046e-01 -1.51691283e-05
   1.20503968e-01  4.22357784e-05 -5.55111512e-17]
 [ 0.00000000e+00 -4.53478719e-01 -3.87112256e-06  3.82432801e-01
   7.54322676e-05  6.20289063e-05  0.00000000e+00]
 [ 0.00000000e+00 -1.22135176e-04  1.69156931e-01 -1.30697291e-04
   9.56237024e-01  3.35512728e-04 -4.92082954e-04]
 [ 0.00000000e+00  9.99999993e-01  2.06600117e-05 -9.99999991e-01
  -1.37674290e-04  9.99999748e-01  6.26138209e-04]
 [ 1.00000000e+00  1.11022302e-16  9.85589130e-01  4.33937052e-05
  -2.92593121e-01  6.25973150e-04 -9.99999683e-01]]
23:16:07 - Time: 1753132567.520, tau: [-1.24950932e-02 -9.64338041e+00 -8.63587291e-02  4.84650057e+00
 -1.18750576e-01  2.71239775e-02 -2.67901298e-06]
23:16:07 - Time: 1753132567.520, tau + g: [-5.92867541e-02 -4.17648135e+01 -2.73862725e-01  2.60007475e+01
 -7.75753589e-01  1.04642604e-01 -4.94048258e-06]
23:16:07 - Time: 1753132567.527, current_contact_force: 0.0
23:16:07 - Time: 1753132567.527, jac: [[-3.20548589e-05  1.69862090e-01 -2.81879999e-05  2.43956122e-01
   4.04943645e-05 -1.25999976e-01 -8.13151629e-20]
 [ 4.53941745e-01  1.98611307e-05  4.18224191e-01 -1.54381305e-05
   1.20416165e-01  4.23313075e-05  0.00000000e+00]
 [ 0.00000000e+00 -4.53941746e-01 -3.59354773e-06  3.82147008e-01
   7.51113665e-05  6.54395716e-05  0.00000000e+00]
 [ 0.00000000e+00 -1.16925034e-04  1.70939836e-01 -1.30534519e-04
   9.55531068e-01  3.36286697e-04 -5.19151987e-04]
 [ 0.00000000e+00  9.99999993e-01  1.99871462e-05 -9.99999991e-01
  -1.37390202e-04  9.99999749e-01  6.23939192e-04]
 [ 1.00000000e+00  4.44089210e-16  9.85281468e-01  4.29326001e-05
  -2.94890418e-01  6.23764656e-04 -9.99999671e-01]]
23:16:07 - Time: 1753132567.527, tau: [-1.32447872e-02 -9.69846663e+00 -8.79495108e-02  4.82359535e+00
 -1.18174023e-01  2.84021850e-02 -2.53111427e-06]
23:16:07 - Time: 1753132567.527, tau + g: [-5.91235434e-02 -4.18820365e+01 -2.76037899e-01  2.59719748e+01
 -7.74946285e-01  1.04336283e-01 -4.80228218e-06]
23:16:07 - Time: 1753132567.535, current_contact_force: 0.0
23:16:07 - Time: 1753132567.535, jac: [[-3.16118923e-05  1.68824455e-01 -2.78793734e-05  2.44863911e-01
   4.05497099e-05 -1.25999974e-01  0.00000000e+00]
 [ 4.54401432e-01  1.88606409e-05  4.18414764e-01 -1.57090559e-05
   1.20328706e-01  4.24180776e-05 -5.55111512e-17]
 [ 0.00000000e+00 -4.54401433e-01 -3.30790499e-06  3.81862248e-01
   7.47888508e-05  6.88603778e-05 -2.71050543e-20]
 [ 0.00000000e+00 -1.11717469e-04  1.72712328e-01 -1.30347368e-04
   9.54827722e-01  3.36991072e-04 -5.46301557e-04]
 [ 0.00000000e+00  9.99999994e-01  1.92949843e-05 -9.99999991e-01
  -1.37072363e-04  9.99999750e-01  6.21721780e-04]
 [ 1.00000000e+00  2.22044605e-16  9.84972310e-01  4.24454383e-05
  -2.97159894e-01  6.21537739e-04 -9.99999658e-01]]
23:16:07 - Time: 1753132567.535, tau: [-1.39801880e-02 -9.74951021e+00 -8.94902997e-02  4.79931865e+00
 -1.17564227e-01  2.96549760e-02 -2.38618215e-06]
23:16:07 - Time: 1753132567.535, tau + g: [-5.89561287e-02 -4.19952112e+01 -2.78165486e-01  2.59419492e+01
 -7.74110136e-01  1.04026223e-01 -4.66455040e-06]
23:16:07 - Time: 1753132567.542, current_contact_force: 0.0
23:16:07 - Time: 1753132567.542, jac: [[-3.11721503e-05  1.67797302e-01 -2.75756801e-05  2.45760622e-01
   4.05967882e-05 -1.25999972e-01 -2.71050543e-20]
 [ 4.54857790e-01  1.78727985e-05  4.18604748e-01 -1.59817976e-05
   1.20241614e-01  4.24961958e-05  0.00000000e+00]
 [ 0.00000000e+00 -4.54857791e-01 -3.01433465e-06  3.81578590e-01
   7.44648829e-05  7.22893548e-05 -2.71050543e-20]
 [ 0.00000000e+00 -1.06514218e-04  1.74474269e-01 -1.30136310e-04
   9.54127150e-01  3.37626690e-04 -5.73516025e-04]
 [ 0.00000000e+00  9.99999994e-01  1.85839904e-05 -9.99999991e-01
  -1.36721279e-04  9.99999751e-01  6.19487189e-04]
 [ 1.00000000e+00  1.11022302e-16  9.84661733e-01  4.19326012e-05
  -2.99401674e-01  6.19293621e-04 -9.99999644e-01]]
23:16:07 - Time: 1753132567.542, tau: [-1.47014091e-02 -9.79661368e+00 -9.09816385e-02  4.77373964e+00
 -1.16922904e-01  3.08826172e-02 -2.24423028e-06]
23:16:07 - Time: 1753132567.542, tau + g: [-5.87848711e-02 -4.21044356e+01 -2.80246156e-01  2.59107361e+01
 -7.73246757e-01  1.03713004e-01 -4.52743472e-06]
23:16:07 - Time: 1753132567.550, current_contact_force: 0.0
23:16:07 - Time: 1753132567.550, jac: [[-3.07357710e-05  1.66780612e-01 -2.72769431e-05  2.46646307e-01
   4.06357275e-05 -1.25999970e-01 -2.71050543e-20]
 [ 4.55310829e-01  1.68977076e-05  4.18794130e-01 -1.62562479e-05
   1.20154906e-01  4.25657714e-05  5.55111512e-17]
 [ 0.00000000e+00 -4.55310830e-01 -2.71298256e-06  3.81296100e-01
   7.41396170e-05  7.57245698e-05  0.00000000e+00]
 [ 0.00000000e+00 -1.01316977e-04  1.76225530e-01 -1.29901819e-04
   9.53429512e-01  3.38194409e-04 -6.00780052e-04]
 [ 0.00000000e+00  9.99999995e-01  1.78546381e-05 -9.99999991e-01
  -1.36337464e-04  9.99999752e-01  6.17236576e-04]
 [ 1.00000000e+00  2.22044605e-16  9.84349817e-01  4.13944861e-05
  -3.01615892e-01  6.17033471e-04 -9.99999629e-01]]
23:16:07 - Time: 1753132567.550, tau: [-1.54085544e-02 -9.83987715e+00 -9.24240672e-02  4.74692528e+00
 -1.16251712e-01  3.20853527e-02 -2.10526805e-06]
23:16:07 - Time: 1753132567.550, tau + g: [-5.86100984e-02 -4.22098046e+01 -2.82280557e-01  2.58783991e+01
 -7.72357706e-01  1.03397146e-01 -4.39107368e-06]
23:16:07 - Time: 1753132567.558, current_contact_force: 0.0
23:16:07 - Time: 1753132567.558, jac: [[-3.03028837e-05  1.65774362e-01 -2.69831780e-05  2.47521023e-01
   4.06666577e-05 -1.25999968e-01  0.00000000e+00]
 [ 4.55760561e-01  1.59354603e-05  4.18982893e-01 -1.65322983e-05
   1.20068601e-01  4.26269162e-05  5.55111512e-17]
 [ 0.00000000e+00 -4.55760561e-01 -2.40399995e-06  3.81014841e-01
   7.38131996e-05  7.91641282e-05  0.00000000e+00]
 [ 0.00000000e+00 -9.61274109e-05  1.77965984e-01 -1.29644373e-04
   9.52734963e-01  3.38695106e-04 -6.28078599e-04]
 [ 0.00000000e+00  9.99999995e-01  1.71074094e-05 -9.99999991e-01
  -1.35921449e-04  9.99999754e-01  6.14971043e-04]
 [ 1.00000000e+00  1.11022302e-16  9.84036640e-01  4.08315056e-05
  -3.03802687e-01  6.14758402e-04 -9.99999614e-01]]
23:16:07 - Time: 1753132567.558, tau: [-1.61017193e-02 -9.87939840e+00 -9.38181238e-02  4.71894035e+00
 -1.15552254e-01  3.32634065e-02 -1.96930077e-06]
23:16:07 - Time: 1753132567.558, tau + g: [-5.84321072e-02 -4.23114105e+01 -2.84269314e-01  2.58449995e+01
 -7.71444488e-01  1.03079105e-01 -4.25559722e-06]
23:16:07 - Time: 1753132567.567, current_contact_force: 0.0
23:16:07 - Time: 1753132567.567, jac: [[-2.98736098e-05  1.64778525e-01 -2.66943941e-05  2.48384828e-01
   4.06897100e-05 -1.25999966e-01 -5.42101086e-20]
 [ 4.56206995e-01  1.49861364e-05  4.19171023e-01 -1.68098399e-05
   1.19982718e-01  4.26797441e-05 -5.55111512e-17]
 [ 0.00000000e+00 -4.56206996e-01 -2.08754321e-06  3.80734873e-01
   7.34857699e-05  8.26061743e-05 -2.71050543e-20]
 [ 0.00000000e+00 -9.09471443e-05  1.79695512e-01 -1.29364452e-04
   9.52043649e-01  3.39129675e-04 -6.55396937e-04]
 [ 0.00000000e+00  9.99999996e-01  1.63427938e-05 -9.99999991e-01
  -1.35473775e-04  9.99999755e-01  6.12691640e-04]
 [ 1.00000000e+00  1.11022302e-16  9.83722279e-01  4.02440870e-05
  -3.05962206e-01  6.12469472e-04 -9.99999598e-01]]
23:16:07 - Time: 1753132567.567, tau: [-1.67809914e-02 -9.91527295e+00 -9.51643452e-02  4.68984754e+00
 -1.14826081e-01  3.44169847e-02 -1.83632993e-06]
23:16:07 - Time: 1753132567.567, tau + g: [-5.82511652e-02 -4.24093429e+01 -2.86213034e-01  2.58105966e+01
 -7.70508556e-01  1.02759284e-01 -4.12112694e-06]
23:16:07 - Time: 1753132567.575, current_contact_force: 0.0
23:16:07 - Time: 1753132567.575, jac: [[-2.94480625e-05  1.63793072e-01 -2.64105941e-05  2.49237785e-01
   4.07050170e-05 -1.25999963e-01 -2.71050543e-20]
 [ 4.56650143e-01  1.40498042e-05  4.19358506e-01 -1.70887634e-05
   1.19897273e-01  4.27243706e-05  0.00000000e+00]
 [ 0.00000000e+00 -4.56650144e-01 -1.76377362e-06  3.80456257e-01
   7.31574598e-05  8.60488920e-05  0.00000000e+00]
 [ 0.00000000e+00 -8.57777681e-05  1.81414000e-01 -1.29062538e-04
   9.51355715e-01  3.39499023e-04 -6.82720651e-04]
 [ 0.00000000e+00  9.99999996e-01  1.55612881e-05 -9.99999991e-01
  -1.34994996e-04  9.99999756e-01  6.10399365e-04]
 [ 1.00000000e+00  1.11022302e-16  9.83406813e-01  3.96326714e-05
  -3.08094604e-01  6.10167689e-04 -9.99999581e-01]]
23:16:07 - Time: 1753132567.575, tau: [-1.74464523e-02 -9.94759421e+00 -9.64632682e-02  4.65970746e+00
 -1.14074688e-01  3.55462776e-02 -1.70635337e-06]
23:16:07 - Time: 1753132567.575, tau + g: [-5.80675135e-02 -4.25036888e+01 -2.88112306e-01  2.57752480e+01
 -7.69551309e-01  1.02438033e-01 -3.98777636e-06]
23:16:07 - Time: 1753132567.580, current_contact_force: 0.0
23:16:07 - Time: 1753132567.580, jac: [[-2.90263473e-05  1.62817972e-01 -2.61317748e-05  2.50079958e-01
   4.07127119e-05 -1.25999961e-01 -5.42101086e-20]
 [ 4.57090017e-01  1.31265213e-05  4.19545325e-01 -1.73689590e-05
   1.19812283e-01  4.27609134e-05  0.00000000e+00]
 [ 0.00000000e+00 -4.57090018e-01 -1.43285720e-06  3.80179048e-01
   7.28283946e-05  8.94905051e-05  2.71050543e-20]
 [ 0.00000000e+00 -8.06208372e-05  1.83121338e-01 -1.28739115e-04
   9.50671298e-01  3.39804075e-04 -7.10035643e-04]
 [ 0.00000000e+00  9.99999997e-01  1.47633956e-05 -9.99999991e-01
  -1.34485675e-04  9.99999758e-01  6.08095166e-04]
 [ 1.00000000e+00  1.11022302e-16  9.83090319e-01  3.89977133e-05
  -3.10200041e-01  6.07854012e-04 -9.99999563e-01]]
23:16:07 - Time: 1753132567.580, tau: [-1.80981782e-02 -9.97645348e+00 -9.77154298e-02  4.62857874e+00
 -1.13299524e-01  3.66514616e-02 -1.57936551e-06]
23:16:07 - Time: 1753132567.580, tau + g: [-5.78813682e-02 -4.25945327e+01 -2.89967705e-01  2.57390088e+01
 -7.68574100e-01  1.02115656e-01 -3.85565129e-06]
23:16:07 - Time: 1753132567.596, current_contact_force: 0.0
23:16:07 - Time: 1753132567.596, jac: [[-2.86085621e-05  1.61853190e-01 -2.58579273e-05  2.50911413e-01
   4.07129293e-05 -1.25999958e-01 -5.42101086e-20]
 [ 4.57526626e-01  1.22163343e-05  4.19731467e-01 -1.76503167e-05
   1.19727764e-01  4.27894916e-05 -5.55111512e-17]
 [ 0.00000000e+00 -4.57526627e-01 -1.09496445e-06  3.79903302e-01
   7.24986925e-05  9.29292777e-05 -2.71050543e-20]
 [ 0.00000000e+00 -7.54778711e-05  1.84817423e-01 -1.28394668e-04
   9.49990530e-01  3.40045768e-04 -7.37328135e-04]
 [ 0.00000000e+00  9.99999997e-01  1.39496257e-05 -9.99999991e-01
  -1.33946384e-04  9.99999759e-01  6.05779945e-04]
 [ 1.00000000e+00  0.00000000e+00  9.82772873e-01  3.83396798e-05
  -3.12278683e-01  6.05529349e-04 -9.99999545e-01]]
23:16:07 - Time: 1753132567.596, tau: [-1.87362408e-02 -1.00019401e+01 -9.89213678e-02  4.59651805e+00
 -1.12501985e-01  3.77327009e-02 -1.45535756e-06]
23:16:07 - Time: 1753132567.596, tau + g: [-5.76929227e-02 -4.26819571e+01 -2.91779789e-01  2.57019327e+01
 -7.67578230e-01  1.01792412e-01 -3.72485000e-06]
23:16:07 - Time: 1753132567.607, current_contact_force: 0.0
23:16:07 - Time: 1753132567.607, jac: [[-2.81947977e-05  1.60898690e-01 -2.55890372e-05  2.51732218e-01
   4.07058042e-05 -1.25999956e-01  2.71050543e-20]
 [ 4.57959983e-01  1.13192799e-05  4.19916917e-01 -1.79327261e-05
   1.19643731e-01  4.28102258e-05  0.00000000e+00]
 [ 0.00000000e+00 -4.57959984e-01 -7.50270109e-07  3.79629071e-01
   7.21684655e-05  9.63635152e-05  0.00000000e+00]
 [ 0.00000000e+00 -7.03503544e-05  1.86502158e-01 -1.28029683e-04
   9.49313537e-01  3.40225051e-04 -7.64584676e-04]
 [ 0.00000000e+00  9.99999998e-01  1.31204929e-05 -9.99999991e-01
  -1.33377708e-04  9.99999760e-01  6.03454554e-04]
 [ 1.00000000e+00  3.33066907e-16  9.82454551e-01  3.76590498e-05
  -3.14330702e-01  6.03194565e-04 -9.99999526e-01]]
23:16:07 - Time: 1753132567.607, tau: [-1.93607080e-02 -1.00241414e+01 -1.00081622e-01  4.56358017e+00
 -1.11683421e-01  3.87901495e-02 -1.33431767e-06]
23:16:07 - Time: 1753132567.607, tau + g: [-5.75023493e-02 -4.27660421e+01 -2.93549106e-01  2.56640714e+01
 -7.66564954e-01  1.01468518e-01 -3.59546358e-06]
23:16:07 - Time: 1753132567.612, current_contact_force: 0.0
23:16:07 - Time: 1753132567.612, jac: [[-2.77851379e-05  1.59954431e-01 -2.53250851e-05  2.52542445e-01
   4.06914725e-05 -1.25999953e-01 -5.42101086e-20]
 [ 4.58390099e-01  1.04353850e-05  4.20101660e-01 -1.82160769e-05
   1.19560198e-01  4.28232380e-05  0.00000000e+00]
 [ 0.00000000e+00 -4.58390100e-01 -3.98952955e-07  3.79356405e-01
   7.18378193e-05  9.97915639e-05 -2.71050543e-20]
 [ 0.00000000e+00 -6.52397369e-05  1.88175447e-01 -1.27644646e-04
   9.48640442e-01  3.40342885e-04 -7.91792141e-04]
 [ 0.00000000e+00  9.99999998e-01  1.22765167e-05 -9.99999991e-01
  -1.32780236e-04  9.99999762e-01  6.01119805e-04]
 [ 1.00000000e+00  1.11022302e-16  9.82135429e-01  3.69563136e-05
  -3.16356277e-01  6.00850478e-04 -9.99999506e-01]]
23:16:07 - Time: 1753132567.612, tau: [-1.99716453e-02 -1.00431430e+01 -1.01196732e-01  4.52981804e+00
 -1.10845134e-01  3.98239524e-02 -1.21623116e-06]
23:16:07 - Time: 1753132567.612, tau + g: [-5.73098008e-02 -4.28468656e+01 -2.95276189e-01  2.56254748e+01
 -7.65535485e-01  1.01144157e-01 -3.46757619e-06]
23:16:07 - Time: 1753132567.624, current_contact_force: 0.0
23:16:07 - Time: 1753132567.624, jac: [[-2.73796594e-05  1.59020373e-01 -2.50660465e-05  2.53342168e-01
   4.06700702e-05 -1.25999950e-01 -2.71050543e-20]
 [ 4.58816984e-01  9.56466738e-06  4.20285681e-01 -1.85002587e-05
   1.19477180e-01  4.28286513e-05  0.00000000e+00]
 [ 0.00000000e+00 -4.58816985e-01 -4.11955735e-08  3.79085352e-01
   7.15068539e-05  1.03211811e-04  0.00000000e+00]
 [ 0.00000000e+00 -6.01474337e-05  1.89837204e-01 -1.27240044e-04
   9.47971361e-01  3.40400238e-04 -8.18937731e-04]
 [ 0.00000000e+00  9.99999998e-01  1.14182207e-05 -9.99999991e-01
  -1.32154569e-04  9.99999763e-01  5.98776464e-04]
 [ 1.00000000e+00  3.33066907e-16  9.81815581e-01  3.62319720e-05
  -3.18355589e-01  5.98497863e-04 -9.99999485e-01]]
23:16:07 - Time: 1753132567.624, tau: [-2.05691156e-02 -1.00590286e+01 -1.02267243e-01  4.49528278e+00
 -1.09988382e-01  4.08342471e-02 -1.10108066e-06]
23:16:07 - Time: 1753132567.624, tau + g: [-5.71154122e-02 -4.29245037e+01 -2.96961566e-01  2.55861910e+01
 -7.64490986e-01  1.00819474e-01 -3.34126531e-06]
23:16:07 - Time: 1753132567.630, current_contact_force: 0.0
23:16:07 - Time: 1753132567.630, jac: [[-2.69784328e-05  1.58096472e-01 -2.48118928e-05  2.54131459e-01
   4.06417339e-05 -1.25999948e-01 -2.71050543e-20]
 [ 4.59240650e-01  8.70713564e-06  4.20468966e-01 -1.87851610e-05
   1.19394689e-01  4.28265900e-05  5.55111512e-17]
 [ 0.00000000e+00 -4.59240651e-01  3.22815881e-07  3.78815959e-01
   7.11756631e-05  1.06622687e-04  0.00000000e+00]
 [ 0.00000000e+00 -5.50748256e-05  1.91487344e-01 -1.26816361e-04
   9.47306406e-01  3.40398091e-04 -8.46008981e-04]
 [ 0.00000000e+00  9.99999998e-01  1.05461321e-05 -9.99999991e-01
  -1.31501313e-04  9.99999764e-01  5.96425257e-04]
 [ 1.00000000e+00  2.22044605e-16  9.81495082e-01  3.54865357e-05
  -3.20328825e-01  5.96137456e-04 -9.99999464e-01]]
23:16:07 - Time: 1753132567.630, tau: [-2.11531808e-02 -1.00718803e+01 -1.03293701e-01  4.46002380e+00
 -1.09114378e-01  4.18211652e-02 -9.88846332e-07]
23:16:07 - Time: 1753132567.630, tau + g: [-5.69193022e-02 -4.29990304e+01 -2.98605749e-01  2.55462667e+01
 -7.63432581e-01  1.00494584e-01 -3.21660202e-06]
23:16:07 - Time: 1753132567.646, current_contact_force: 0.0
23:16:07 - Time: 1753132567.646, jac: [[-2.65815219e-05  1.57182681e-01 -2.45625908e-05  2.54910398e-01
   4.06066004e-05 -1.25999945e-01 -5.42101086e-20]
 [ 4.59661108e-01  7.86279003e-06  4.20651501e-01 -1.90706735e-05
   1.19312739e-01  4.28171792e-05  0.00000000e+00]
 [ 0.00000000e+00 -4.59661109e-01  6.92891908e-07  3.78548270e-01
   7.08443355e-05  1.10022663e-04  0.00000000e+00]
 [ 0.00000000e+00 -5.00232592e-05  1.93125791e-01 -1.26374084e-04
   9.46645683e-01  3.40337430e-04 -8.72993755e-04]
 [ 0.00000000e+00  9.99999999e-01  9.66078150e-06 -9.99999991e-01
  -1.30821080e-04  9.99999766e-01  5.94066869e-04]
 [ 1.00000000e+00  2.22044605e-16  9.81174005e-01  3.47205246e-05
  -3.22276177e-01  5.93769949e-04 -9.99999442e-01]]
23:16:07 - Time: 1753132567.646, tau: [-2.17239016e-02 -1.00817783e+01 -1.04276653e-01  4.42408878e+00
 -1.08224292e-01  4.27848333e-02 -8.79505978e-07]
23:16:07 - Time: 1753132567.646, tau + g: [-5.67215745e-02 -4.30705180e+01 -3.00209248e-01  2.55057467e+01
 -7.62361353e-01  1.00169575e-01 -3.09365128e-06]
23:16:07 - Time: 1753132567.655, current_contact_force: 0.0
23:16:07 - Time: 1753132567.655, jac: [[-2.61889848e-05  1.56278954e-01 -2.43181033e-05  2.55679061e-01
   4.05648065e-05 -1.25999942e-01 -2.71050543e-20]
 [ 4.60078369e-01  7.03162265e-06  4.20833271e-01 -1.93566861e-05
   1.19231341e-01  4.28005449e-05 -5.55111512e-17]
 [ 0.00000000e+00 -4.60078370e-01  1.06883989e-06  3.78282326e-01
   7.05129544e-05  1.13410250e-04  0.00000000e+00]
 [ 0.00000000e+00 -4.49940472e-05  1.94752469e-01 -1.25913695e-04
   9.45989293e-01  3.40219247e-04 -8.99880250e-04]
 [ 0.00000000e+00  9.99999999e-01  8.76270178e-06 -9.99999991e-01
  -1.30114489e-04  9.99999767e-01  5.91701950e-04]
 [ 1.00000000e+00  3.33066907e-16  9.80852423e-01  3.39344674e-05
  -3.24197841e-01  5.91395999e-04 -9.99999420e-01]]
23:16:07 - Time: 1753132567.655, tau: [-2.22813384e-02 -1.00888015e+01 -1.05216651e-01  4.38752375e+00
 -1.07319253e-01  4.37253741e-02 -7.73035244e-07]
23:16:07 - Time: 1753132567.655, tau + g: [-5.65223192e-02 -4.31390369e+01 -3.01772563e-01  2.54646743e+01
 -7.61278341e-01  9.98445059e-02 -2.97247217e-06]
23:16:07 - Time: 1753132567.663, current_contact_force: 0.0
23:16:07 - Time: 1753132567.663, jac: [[-2.58008734e-05  1.55385240e-01 -2.40783894e-05  2.56437528e-01
   4.05164890e-05 -1.25999939e-01  0.00000000e+00]
 [ 4.60492445e-01  6.21361781e-06  4.21014263e-01 -1.96430887e-05
   1.19150507e-01  4.27768138e-05 -5.55111512e-17]
 [ 0.00000000e+00 -4.60492446e-01  1.45046431e-06  3.78018169e-01
   7.01815977e-05  1.16784004e-04  0.00000000e+00]
 [ 0.00000000e+00 -3.99884687e-05  1.96367310e-01 -1.25435677e-04
   9.45337334e-01  3.40044544e-04 -9.26656993e-04]
 [ 0.00000000e+00  9.99999999e-01  7.85242802e-06 -9.99999992e-01
  -1.29382166e-04  9.99999769e-01  5.89331109e-04]
 [ 1.00000000e+00  1.11022302e-16  9.80530407e-01  3.31289005e-05
  -3.26094017e-01  5.89016224e-04 -9.99999397e-01]]
23:16:07 - Time: 1753132567.663, tau: [-2.28255518e-02 -1.00930269e+01 -1.06114250e-01  4.35037315e+00
 -1.06400348e-01  4.46429078e-02 -6.69407758e-07]
23:16:07 - Time: 1753132567.663, tau + g: [-5.63216139e-02 -4.32046559e+01 -3.03296186e-01  2.54230913e+01
 -7.60184549e-01  9.95194141e-02 -2.85311812e-06]
23:16:07 - Time: 1753132567.674, current_contact_force: 0.0
23:16:07 - Time: 1753132567.674, jac: [[-2.54172341e-05  1.54501488e-01 -2.38434049e-05  2.57185881e-01
   4.04617846e-05 -1.25999935e-01 -8.13151629e-20]
 [ 4.60903346e-01  5.40875241e-06  4.21194463e-01 -1.99297719e-05
   1.19070247e-01  4.27461132e-05 -5.55111512e-17]
 [ 0.00000000e+00 -4.60903347e-01  1.83756701e-06  3.77755836e-01
   6.98503387e-05  1.20142522e-04 -2.71050543e-20]
 [ 0.00000000e+00 -3.50077691e-05  1.97970249e-01 -1.24940510e-04
   9.44689898e-01  3.39814323e-04 -9.53312844e-04]
 [ 0.00000000e+00  9.99999999e-01  6.93049677e-06 -9.99999992e-01
  -1.28624737e-04  9.99999770e-01  5.86954924e-04]
 [ 1.00000000e+00  1.11022302e-16  9.80208029e-01  3.23043677e-05
  -3.27964908e-01  5.86631207e-04 -9.99999373e-01]]
23:16:07 - Time: 1753132567.674, tau: [-2.33566030e-02 -1.00945303e+01 -1.06970007e-01  4.31267982e+00
 -1.05468626e-01  4.55375527e-02 -5.68595281e-07]
23:16:07 - Time: 1753132567.674, tau + g: [-5.61195249e-02 -4.32674422e+01 -3.04780607e-01  2.53810379e+01
 -7.59080940e-01  9.91943147e-02 -2.73563720e-06]
23:16:07 - Time: 1753132567.679, current_contact_force: 0.0
23:16:07 - Time: 1753132567.679, jac: [[-2.50381078e-05  1.53627644e-01 -2.36131018e-05  2.57924203e-01
   4.04008297e-05 -1.25999932e-01 -2.71050543e-20]
 [ 4.61311085e-01  4.61699628e-06  4.21373856e-01 -2.02166264e-05
   1.18990572e-01  4.27085708e-05  0.00000000e+00]
 [ 0.00000000e+00 -4.61311085e-01  2.22994738e-06  3.77495363e-01
   6.95192459e-05  1.23484441e-04  2.71050543e-20]
 [ 0.00000000e+00 -3.00531607e-05  1.99561228e-01 -1.24428672e-04
   9.44047071e-01  3.39529594e-04 -9.79836993e-04]
 [ 0.00000000e+00  1.00000000e+00  5.99744564e-06 -9.99999992e-01
  -1.27842838e-04  9.99999772e-01  5.84573936e-04]
 [ 1.00000000e+00  1.11022302e-16  9.79885359e-01  3.14614194e-05
  -3.29810721e-01  5.84241499e-04 -9.99999349e-01]]
23:16:07 - Time: 1753132567.679, tau: [-2.38745541e-02 -1.00933858e+01 -1.07784484e-01  4.27448512e+00
 -1.04525099e-01  4.64094262e-02 -4.70567849e-07]
23:16:07 - Time: 1753132567.679, tau + g: [-5.59161086e-02 -4.33274614e+01 -3.06226307e-01  2.53385529e+01
 -7.57968442e-01  9.88692035e-02 -2.62007233e-06]
23:16:07 - Time: 1753132567.690, current_contact_force: 0.0
23:16:07 - Time: 1753132567.690, jac: [[-2.46635303e-05  1.52763655e-01 -2.33874296e-05  2.58652578e-01
   4.03337605e-05 -1.25999929e-01  0.00000000e+00]
 [ 4.61715671e-01  3.83831252e-06  4.21552431e-01 -2.05035436e-05
   1.18911491e-01  4.26643148e-05  0.00000000e+00]
 [ 0.00000000e+00 -4.61715671e-01  2.62740261e-06  3.77236785e-01
   6.91883833e-05  1.26808442e-04  0.00000000e+00]
 [ 0.00000000e+00 -2.51258227e-05  2.01140189e-01 -1.23900640e-04
   9.43408937e-01  3.39191368e-04 -1.00621896e-03]
 [ 0.00000000e+00  1.00000000e+00  5.05381274e-06 -9.99999992e-01
  -1.27037104e-04  9.99999773e-01  5.82188655e-04]
 [ 1.00000000e+00  1.11022302e-16  9.79562466e-01  3.06006119e-05
  -3.31631664e-01  5.81847615e-04 -9.99999324e-01]]
23:16:07 - Time: 1753132567.690, tau: [-2.43794685e-02 -1.00896661e+01 -1.08558244e-01  4.23582891e+00
 -1.03570739e-01  4.72586456e-02 -3.75293908e-07]
23:16:07 - Time: 1753132567.690, tau + g: [-5.57114118e-02 -4.33847776e+01 -3.07633768e-01  2.52956737e+01
 -7.56847947e-01  9.85440594e-02 -2.50646153e-06]
23:16:07 - Time: 1753132567.695, current_contact_force: 0.0
23:16:07 - Time: 1753132567.695, jac: [[-2.42935321e-05  1.51909463e-01 -2.31663347e-05  2.59371090e-01
   4.02607127e-05 -1.25999926e-01 -2.71050543e-20]
 [ 4.62117116e-01  3.07265777e-06  4.21730172e-01 -2.07904152e-05
   1.18833014e-01  4.26134734e-05  0.00000000e+00]
 [ 0.00000000e+00 -4.62117117e-01  3.02972789e-06  3.76980136e-01
   6.88578106e-05  1.30113244e-04 -2.71050543e-20]
 [ 0.00000000e+00 -2.02269017e-05  2.02707083e-01 -1.23356885e-04
   9.42775575e-01  3.38800660e-04 -1.03244859e-03]
 [ 0.00000000e+00  1.00000000e+00  4.10013624e-06 -9.99999992e-01
  -1.26208174e-04  9.99999775e-01  5.79799560e-04]
 [ 1.00000000e+00  4.44089210e-16  9.79239418e-01  2.97225072e-05
  -3.33427952e-01  5.79450042e-04 -9.99999299e-01]]
23:16:07 - Time: 1753132567.695, tau: [-2.48714113e-02 -1.00834427e+01 -1.09291855e-01  4.19674960e+00
 -1.02606484e-01  4.80853286e-02 -2.82740450e-07]
23:16:07 - Time: 1753132567.695, tau + g: [-5.55054734e-02 -4.34394535e+01 -3.09003463e-01  2.52524363e+01
 -7.55720312e-01  9.82188457e-02 -2.39483813e-06]
23:16:07 - Time: 1753132567.708, current_contact_force: 0.0
23:16:07 - Time: 1753132567.708, jac: [[-2.39281390e-05  1.51065011e-01 -2.29497609e-05  2.60079825e-01
   4.01818214e-05 -1.25999922e-01 -2.71050543e-20]
 [ 4.62515433e-01  2.31998263e-06  4.21907068e-01 -2.10771336e-05
   1.18755150e-01  4.25561752e-05  0.00000000e+00]
 [ 0.00000000e+00 -4.62515433e-01  3.43671666e-06  3.76725444e-01
   6.85275834e-05  1.33397610e-04  0.00000000e+00]
 [ 0.00000000e+00 -1.53575114e-05  2.04261863e-01 -1.22797879e-04
   9.42147058e-01  3.38358484e-04 -1.05851606e-03]
 [ 0.00000000e+00  1.00000000e+00  3.13695388e-06 -9.99999992e-01
  -1.25356691e-04  9.99999776e-01  5.77407101e-04]
 [ 1.00000000e+00  1.11022302e-16  9.78916284e-01  2.88276718e-05
  -3.35199799e-01  5.77049234e-04 -9.99999273e-01]]
23:16:07 - Time: 1753132567.708, tau: [-2.53504495e-02 -1.00747853e+01 -1.09985886e-01  4.15728422e+00
 -1.01633236e-01  4.88895943e-02 -1.92873133e-07]
23:16:07 - Time: 1753132567.708, tau + g: [-5.52983248e-02 -4.34915504e+01 -3.10335865e-01  2.52088754e+01
 -7.54586361e-01  9.78935120e-02 -2.28523103e-06]
23:16:07 - Time: 1753132567.713, current_contact_force: 0.0
23:16:07 - Time: 1753132567.713, jac: [[-2.35673721e-05  1.50230240e-01 -2.27376496e-05  2.60778872e-01
   4.00972213e-05 -1.25999919e-01 -5.42101086e-20]
 [ 4.62910630e-01  1.58023184e-06  4.22083105e-01 -2.13635919e-05
   1.18677905e-01  4.24925489e-05 -5.55111512e-17]
 [ 0.00000000e+00 -4.62910631e-01  3.84816080e-06  3.76472741e-01
   6.81977534e-05  1.36660344e-04 -2.71050543e-20]
 [ 0.00000000e+00 -1.05187334e-05  2.05804485e-01 -1.22224087e-04
   9.41523456e-01  3.37865859e-04 -1.08441187e-03]
 [ 0.00000000e+00  1.00000000e+00  2.16480251e-06 -9.99999992e-01
  -1.24483298e-04  9.99999778e-01  5.75011699e-04]
 [ 1.00000000e+00  1.11022302e-16  9.78593130e-01  2.79166764e-05
  -3.36947424e-01  5.74645619e-04 -9.99999247e-01]]
23:16:07 - Time: 1753132567.713, tau: [-2.58166521e-02 -1.00637628e+01 -1.10640913e-01  4.11746844e+00
 -1.00651863e-01  4.96715634e-02 -1.05656403e-07]
23:16:07 - Time: 1753132567.713, tau + g: [-5.50899907e-02 -4.35411283e+01 -3.11631444e-01  2.51650245e+01
 -7.53446885e-01  9.75679963e-02 -2.17766487e-06]
23:16:07 - Time: 1753132567.725, current_contact_force: 0.0
23:16:07 - Time: 1753132567.725, jac: [[-2.32112482e-05  1.49405089e-01 -2.25299402e-05  2.61468317e-01
   4.00070461e-05 -1.25999915e-01 -2.71050543e-20]
 [ 4.63302721e-01  8.53344656e-07  4.22258272e-01 -2.16496840e-05
   1.18601289e-01  4.24227230e-05  0.00000000e+00]
 [ 0.00000000e+00 -4.63302721e-01  4.26385087e-06  3.76222052e-01
   6.78683685e-05  1.39900287e-04  0.00000000e+00]
 [ 0.00000000e+00 -5.71161706e-06  2.07334912e-01 -1.21635972e-04
   9.40904835e-01  3.37323800e-04 -1.11012683e-03]
 [ 0.00000000e+00  1.00000000e+00  1.18421762e-06 -9.99999992e-01
  -1.23588639e-04  9.99999779e-01  5.72613749e-04]
 [ 1.00000000e+00  3.33066907e-16  9.78270021e-01  2.69900954e-05
  -3.38671046e-01  5.72239596e-04 -9.99999220e-01]]
23:16:07 - Time: 1753132567.725, tau: [-2.62700905e-02 -1.00504425e+01 -1.11257510e-01  4.07733661e+00
 -9.96632017e-02  5.04313591e-02 -2.10536123e-08]
23:16:07 - Time: 1753132567.725, tau + g: [-5.48804903e-02 -4.35882460e+01 -3.12890667e-01  2.51209157e+01
 -7.52302646e-01  9.72422257e-02 -2.07216028e-06]
23:16:07 - Time: 1753132567.729, current_contact_force: 0.0
23:16:07 - Time: 1753132567.729, jac: [[-2.28597798e-05  1.48589497e-01 -2.23265697e-05  2.62148250e-01
   3.99114292e-05 -1.25999912e-01 -5.42101086e-20]
 [ 4.63691716e-01  1.39255116e-07  4.22432554e-01 -2.19353043e-05
   1.18525307e-01  4.23468261e-05  0.00000000e+00]
 [ 0.00000000e+00 -4.63691716e-01  4.68357632e-06  3.75973404e-01
   6.75394730e-05  1.43116325e-04  0.00000000e+00]
 [ 0.00000000e+00 -9.37180080e-07  2.08853109e-01 -1.21033993e-04
   9.40291255e-01  3.36733323e-04 -1.13565209e-03]
 [ 0.00000000e+00  1.00000000e+00  1.95732974e-07 -9.99999992e-01
  -1.22673360e-04  9.99999781e-01  5.70213617e-04]
 [ 1.00000000e+00  1.11022302e-16  9.77947022e-01  2.60485059e-05
  -3.40370887e-01  5.69831540e-04 -9.99999193e-01]]
23:16:07 - Time: 1753132567.729, tau: [-2.67108387e-02 -1.00348905e+01 -1.11836257e-01  4.03692179e+00
 -9.86680544e-02  5.11691070e-02  6.09728767e-08]
23:16:07 - Time: 1753132567.729, tau + g: [-5.46698374e-02 -4.36329610e+01 -3.14113999e-01  2.50765798e+01
 -7.51154372e-01  9.69161188e-02 -1.96873407e-06]
23:16:07 - Time: 1753132567.743, current_contact_force: 0.0
23:16:07 - Time: 1753132567.743, jac: [[-2.25129750e-05  1.47783400e-01 -2.21274736e-05  2.62818761e-01
   3.98105029e-05 -1.25999908e-01 -5.42101086e-20]
 [ 4.64077626e-01 -5.62107701e-07  4.22605942e-01 -2.22203485e-05
   1.18449967e-01  4.22649864e-05  5.55111512e-17]
 [ 0.00000000e+00 -4.64077626e-01  5.10712568e-06  3.75726821e-01
   6.72111078e-05  1.46307381e-04  0.00000000e+00]
 [ 0.00000000e+00  3.80359162e-06  2.10359045e-01 -1.20418607e-04
   9.39682775e-01  3.36095445e-04 -1.16097910e-03]
 [ 0.00000000e+00  1.00000000e+00 -8.00119903e-07 -9.99999992e-01
  -1.21738106e-04  9.99999783e-01  5.67811649e-04]
 [ 1.00000000e+00  2.22044605e-16  9.77624198e-01  2.50924878e-05
  -3.42047171e-01  5.67421800e-04 -9.99999165e-01]]
23:16:07 - Time: 1753132567.743, tau: [-2.71389733e-02 -1.00171718e+01 -1.12377736e-01  3.99625580e+00
 -9.76671937e-02  5.18849361e-02  1.40461583e-07]
23:16:07 - Time: 1753132567.743, tau + g: [-5.44580416e-02 -4.36753295e+01 -3.15301905e-01  2.50320467e+01
 -7.50002765e-01  9.65895863e-02 -1.86739943e-06]
23:16:07 - Time: 1753132567.747, current_contact_force: 0.0
23:16:07 - Time: 1753132567.747, jac: [[-2.21708385e-05  1.46986735e-01 -2.19325856e-05  2.63479938e-01
   3.97043986e-05 -1.25999904e-01 -5.42101086e-20]
 [ 4.64460462e-01 -1.25081940e-06  4.22778422e-01 -2.25047128e-05
   1.18375274e-01  4.21773319e-05  5.55111512e-17]
 [ 0.00000000e+00 -4.64460462e-01  5.53428680e-06  3.75482325e-01
   6.68833107e-05  1.49472418e-04  2.71050543e-20]
 [ 0.00000000e+00  8.50974341e-06  2.11852694e-01 -1.19790263e-04
   9.39079448e-01  3.35411178e-04 -1.18609964e-03]
 [ 0.00000000e+00  1.00000000e+00 -1.80281207e-06 -9.99999993e-01
  -1.20783523e-04  9.99999784e-01  5.65408165e-04]
 [ 1.00000000e+00  3.33066907e-16  9.77301609e-01  2.41226225e-05
  -3.43700124e-01  5.65010699e-04 -9.99999137e-01]]
23:16:07 - Time: 1753132567.747, tau: [-2.75545735e-02 -9.99734988e+00 -1.12882531e-01  3.95536925e+00
 -9.66613618e-02  5.25789789e-02  2.17451810e-07]
23:16:07 - Time: 1753132567.747, tau + g: [-5.42451085e-02 -4.37154068e+01 -3.16454848e-01  2.49873448e+01
 -7.48848496e-01  9.62625325e-02 -1.76816614e-06]
23:16:07 - Time: 1753132567.760, current_contact_force: 0.0
23:16:07 - Time: 1753132567.760, jac: [[-2.18333709e-05  1.46199437e-01 -2.17418380e-05  2.64131874e-01
   3.95932469e-05 -1.25999901e-01 -5.42101086e-20]
 [ 4.64840237e-01 -1.92696001e-06  4.22949982e-01 -2.27882946e-05
   1.18301234e-01  4.20839905e-05  5.55111512e-17]
 [ 0.00000000e+00 -4.64840236e-01  5.96484702e-06  3.75239937e-01
   6.65561161e-05  1.52610437e-04  2.71050543e-20]
 [ 0.00000000e+00  1.31803518e-05  2.13334033e-01 -1.19149407e-04
   9.38481324e-01  3.34681533e-04 -1.21100578e-03]
 [ 0.00000000e+00  1.00000000e+00 -2.81181759e-06 -9.99999993e-01
  -1.19810255e-04  9.99999786e-01  5.63003462e-04]
 [ 1.00000000e+00  1.11022302e-16  9.76979319e-01  2.31394929e-05
  -3.45329973e-01  5.62598542e-04 -9.99999108e-01]]
23:16:07 - Time: 1753132567.760, tau: [-2.79577215e-02 -9.97548741e+00 -1.13351229e-01  3.91429158e+00
 -9.56512717e-02  5.32513715e-02  2.91983547e-07]
23:16:07 - Time: 1753132567.760, tau + g: [-5.40310404e-02 -4.37532470e+01 -3.17573288e-01  2.49425019e+01
 -7.47692209e-01  9.59348565e-02 -1.67104070e-06]
23:16:07 - Time: 1753132567.763, current_contact_force: 0.0
23:16:07 - Time: 1753132567.763, jac: [[-2.15005695e-05  1.45421441e-01 -2.15551617e-05  2.64774660e-01
   3.94771772e-05 -1.25999897e-01  0.00000000e+00]
 [ 4.65216960e-01 -2.59061374e-06  4.23120613e-01 -2.30709923e-05
   1.18227853e-01  4.19850893e-05  0.00000000e+00]
 [ 0.00000000e+00 -4.65216959e-01  6.39859341e-06  3.74999677e-01
   6.62295558e-05  1.55720481e-04  0.00000000e+00]
 [ 0.00000000e+00  1.78145240e-05  2.14803042e-01 -1.18496483e-04
   9.37888448e-01  3.33907518e-04 -1.23568991e-03]
 [ 0.00000000e+00  1.00000000e+00 -3.82661393e-06 -9.99999993e-01
  -1.18818945e-04  9.99999787e-01  5.60597819e-04]
 [ 1.00000000e+00  1.11022302e-16  9.76657388e-01  2.21436824e-05
  -3.46936945e-01  5.60185609e-04 -9.99999079e-01]]
23:16:07 - Time: 1753132567.763, tau: [-2.83485026e-02 -9.95164572e+00 -1.13784417e-01  3.87305108e+00
 -9.46376081e-02  5.39022542e-02  3.64097383e-07]
23:16:07 - Time: 1753132567.763, tau + g: [-5.38158369e-02 -4.37889030e+01 -3.18657688e-01  2.48975441e+01
 -7.46534522e-01  9.56064533e-02 -1.57602660e-06]
23:16:07 - Time: 1753132567.779, current_contact_force: 0.0
23:16:07 - Time: 1753132567.779, jac: [[-2.11724279e-05  1.44652678e-01 -2.13724865e-05  2.65408387e-01
   3.93563181e-05 -1.25999893e-01  0.00000000e+00]
 [ 4.65590643e-01 -3.24186873e-06  4.23290302e-01 -2.33527055e-05
   1.18155134e-01  4.18807552e-05 -1.11022302e-16]
 [ 0.00000000e+00 -4.65590643e-01  6.83531294e-06  3.74761562e-01
   6.59036586e-05  1.58801627e-04 -5.42101086e-20]
 [ 0.00000000e+00  2.24113979e-05  2.16259705e-01 -1.17831926e-04
   9.37300864e-01  3.33090136e-04 -1.26014471e-03]
 [ 0.00000000e+00  1.00000000e+00 -4.84668230e-06 -9.99999993e-01
  -1.17810234e-04  9.99999789e-01  5.58191492e-04]
 [ 1.00000000e+00  3.33066907e-16  9.76335875e-01  2.11357749e-05
  -3.48521272e-01  5.57772162e-04 -9.99999050e-01]]
23:16:07 - Time: 1753132567.779, tau: [-2.87270048e-02 -9.92588505e+00 -1.14182687e-01  3.83167494e+00
 -9.36210279e-02  5.45317714e-02  4.33834418e-07]
23:16:07 - Time: 1753132567.779, tau + g: [-5.35994952e-02 -4.38224270e+01 -3.19708506e-01  2.48524969e+01
 -7.45376028e-01  9.52772146e-02 -1.48312443e-06]
23:16:07 - Time: 1753132567.788, current_contact_force: 0.0
23:16:07 - Time: 1753132567.788, jac: [[-2.08489368e-05  1.43893082e-01 -2.11937411e-05  2.66033147e-01
   3.92307968e-05 -1.25999889e-01  0.00000000e+00]
 [ 4.65961298e-01 -3.88081682e-06  4.23459040e-01 -2.36333347e-05
   1.18083083e-01  4.17711144e-05  5.55111512e-17]
 [ 0.00000000e+00 -4.65961298e-01  7.27479267e-06  3.74525608e-01
   6.55784508e-05  1.61852993e-04  2.71050543e-20]
 [ 0.00000000e+00  2.69701417e-05  2.17704011e-01 -1.17156168e-04
   9.36718609e-01  3.32230388e-04 -1.28436318e-03]
 [ 0.00000000e+00  1.00000000e+00 -5.87150802e-06 -9.99999993e-01
  -1.16784761e-04  9.99999791e-01  5.55784719e-04]
 [ 1.00000000e+00  2.22044605e-16  9.76014838e-01  2.01163538e-05
  -3.50083182e-01  5.55358442e-04 -9.99999021e-01]]
23:16:07 - Time: 1753132567.788, tau: [-2.90933192e-02 -9.89826454e+00 -1.14546630e-01  3.79018927e+00
 -9.26021618e-02  5.51400720e-02  5.01236185e-07]
23:16:07 - Time: 1753132567.788, tau + g: [-5.33820107e-02 -4.38538698e+01 -3.20726205e-01  2.48073847e+01
 -7.44217292e-01  9.49470300e-02 -1.39233206e-06]
23:16:07 - Time: 1753132567.796, current_contact_force: 0.0
23:16:07 - Time: 1753132567.796, jac: [[-2.05300837e-05  1.43142585e-01 -2.10188534e-05  2.66649033e-01
   3.91007395e-05 -1.25999885e-01  0.00000000e+00]
 [ 4.66328936e-01 -4.50755333e-06  4.23626815e-01 -2.39127818e-05
   1.18011703e-01  4.16562926e-05  0.00000000e+00]
 [ 0.00000000e+00 -4.66328935e-01  7.71681995e-06  3.74291832e-01
   6.52539560e-05  1.64873732e-04 -5.42101086e-20]
 [ 0.00000000e+00  3.14899534e-05  2.19135951e-01 -1.16469638e-04
   9.36141719e-01  3.31329270e-04 -1.30833860e-03]
 [ 0.00000000e+00  1.00000000e+00 -6.90058089e-06 -9.99999993e-01
  -1.15743163e-04  9.99999792e-01  5.53377721e-04]
 [ 1.00000000e+00  3.33066907e-16  9.75694335e-01  1.90860019e-05
  -3.51622907e-01  5.52944673e-04 -9.99998991e-01]]
23:16:07 - Time: 1753132567.796, tau: [-2.94475402e-02 -9.86884224e+00 -1.14876839e-01  3.74861913e+00
 -9.15816143e-02  5.57273097e-02  5.66344568e-07]
23:16:07 - Time: 1753132567.796, tau + g: [-5.31633772e-02 -4.38832815e+01 -3.21711241e-01  2.47622308e+01
 -7.43058859e-01  9.46157875e-02 -1.30364481e-06]
23:16:07 - Time: 1753132567.809, current_contact_force: 0.0
23:16:07 - Time: 1753132567.809, jac: [[-2.02158532e-05  1.42401116e-01 -2.08477505e-05  2.67256139e-01
   3.89662712e-05 -1.25999881e-01 -5.42101086e-20]
 [ 4.66693568e-01 -5.12217686e-06  4.23793617e-01 -2.41909500e-05
   1.17940997e-01  4.15364148e-05 -5.55111512e-17]
 [ 0.00000000e+00 -4.66693567e-01  8.16118263e-06  3.74060245e-01
   6.49301957e-05  1.67863034e-04  0.00000000e+00]
 [ 0.00000000e+00  3.59700611e-05  2.20555519e-01 -1.15772754e-04
   9.35570226e-01  3.30387772e-04 -1.33206454e-03]
 [ 0.00000000e+00  9.99999999e-01 -7.93339549e-06 -9.99999993e-01
  -1.14686073e-04  9.99999794e-01  5.50970701e-04]
 [ 1.00000000e+00  1.11022302e-16  9.75374422e-01  1.80453004e-05
  -3.53140680e-01  5.50531061e-04 -9.99998961e-01]]
23:16:07 - Time: 1753132567.809, tau: [-2.97897648e-02 -9.83767513e+00 -1.15173909e-01  3.70698860e+00
 -9.05599650e-02  5.62936424e-02  6.29201736e-07]
23:16:07 - Time: 1753132567.809, tau + g: [-5.29435874e-02 -4.39107113e+01 -3.22664076e-01  2.47170576e+01
 -7.41901247e-01  9.42833744e-02 -1.21705564e-06]
23:16:07 - Time: 1753132567.812, current_contact_force: 0.0
23:16:07 - Time: 1753132567.812, jac: [[-1.99062270e-05  1.41668607e-01 -2.06803590e-05  2.67854556e-01
   3.88275158e-05 -1.25999877e-01  2.71050543e-20]
 [ 4.67055205e-01 -5.72478902e-06  4.23959437e-01 -2.44677436e-05
   1.17870969e-01  4.14116051e-05  5.55111512e-17]
 [ 0.00000000e+00 -4.67055204e-01  8.60766917e-06  3.73830861e-01
   6.46071890e-05  1.70820126e-04 -2.71050543e-20]
 [ 0.00000000e+00  4.04097220e-05  2.21962713e-01 -1.15065935e-04
   9.35004158e-01  3.29406877e-04 -1.35553486e-03]
 [ 0.00000000e+00  9.99999999e-01 -8.96945151e-06 -9.99999993e-01
  -1.13614120e-04  9.99999796e-01  5.48563845e-04]
 [ 1.00000000e+00  0.00000000e+00  9.75055154e-01  1.69948291e-05
  -3.54636731e-01  5.48117796e-04 -9.99998931e-01]]
23:16:07 - Time: 1753132567.812, tau: [-3.01200933e-02 -9.80481917e+00 -1.15438434e-01  3.66532073e+00
 -8.95377692e-02  5.68392332e-02  6.89850065e-07]
23:16:07 - Time: 1753132567.812, tau + g: [-5.27226334e-02 -4.39362073e+01 -3.23585167e-01  2.46718866e+01
 -7.40744953e-01  9.39496783e-02 -1.13255523e-06]
23:16:07 - Time: 1753132567.826, current_contact_force: 0.0
23:16:07 - Time: 1753132567.826, jac: [[-1.96011845e-05  1.40944986e-01 -2.05166049e-05  2.68444377e-01
   3.86845955e-05 -1.25999873e-01  0.00000000e+00]
 [ 4.67413859e-01 -6.31549430e-06  4.24124265e-01 -2.47430683e-05
   1.17801621e-01  4.12819870e-05 -5.55111512e-17]
 [ 0.00000000e+00 -4.67413858e-01  9.05606889e-06  3.73603690e-01
   6.42849529e-05  1.73744270e-04  0.00000000e+00]
 [ 0.00000000e+00  4.48082224e-05  2.23357534e-01 -1.14349591e-04
   9.34443542e-01  3.28387566e-04 -1.37874371e-03]
 [ 0.00000000e+00  9.99999999e-01 -1.00082541e-05 -9.99999993e-01
  -1.12527930e-04  9.99999797e-01  5.46157326e-04]
 [ 1.00000000e+00  1.11022302e-16  9.74736586e-01  1.59351653e-05
  -3.56111295e-01  5.45705053e-04 -9.99998900e-01]]
23:16:07 - Time: 1753132567.826, tau: [-3.04386290e-02 -9.77032927e+00 -1.15671011e-01  3.62363766e+00
 -8.85155585e-02  5.73642498e-02  7.48332082e-07]
23:16:07 - Time: 1753132567.826, tau + g: [-5.25005063e-02 -4.39598169e+01 -3.24474975e-01  2.46267385e+01
 -7.39590452e-01  9.36145873e-02 -1.05013219e-06]
23:16:07 - Time: 1753132567.829, current_contact_force: 0.0
23:16:07 - Time: 1753132567.829, jac: [[-1.93007022e-05  1.40230184e-01 -2.03564139e-05  2.69025697e-01
   3.85376315e-05 -1.25999869e-01 -5.42101086e-20]
 [ 4.67769542e-01 -6.89439984e-06  4.24288091e-01 -2.50168314e-05
   1.17732956e-01  4.11476832e-05  0.00000000e+00]
 [ 0.00000000e+00 -4.67769540e-01  9.50617210e-06  3.73378742e-01
   6.39635026e-05  1.76634764e-04  0.00000000e+00]
 [ 0.00000000e+00  4.91648777e-05  2.24739987e-01 -1.13624126e-04
   9.33888399e-01  3.27330810e-04 -1.40168550e-03]
 [ 0.00000000e+00  9.99999999e-01 -1.10493140e-05 -9.99999993e-01
  -1.11428125e-04  9.99999799e-01  5.43751302e-04]
 [ 1.00000000e+00  1.11022302e-16  9.74418769e-01  1.48668838e-05
  -3.57564604e-01  5.43292992e-04 -9.99998870e-01]]
23:16:07 - Time: 1753132567.829, tau: [-3.07454780e-02 -9.73425933e+00 -1.15872236e-01  3.58196059e+00
 -8.74938421e-02  5.78688648e-02  8.04690397e-07]
23:16:07 - Time: 1753132567.829, tau + g: [-5.22771976e-02 -4.39815864e+01 -3.25333956e-01  2.45816329e+01
 -7.38438198e-01  9.32779908e-02 -9.69773165e-07]
23:16:07 - Time: 1753132567.845, current_contact_force: 0.0
23:16:07 - Time: 1753132567.845, jac: [[-1.90047547e-05  1.39524127e-01 -2.01997114e-05  2.69598608e-01
   3.83867436e-05 -1.25999865e-01 -5.42101086e-20]
 [ 4.68122264e-01 -7.46161522e-06  4.24450908e-01 -2.52889415e-05
   1.17664975e-01  4.10088154e-05  1.11022302e-16]
 [ 0.00000000e+00 -4.68122262e-01  9.95777029e-06  3.73156026e-01
   6.36428511e-05  1.79490938e-04  0.00000000e+00]
 [ 0.00000000e+00  5.34790316e-05  2.26110078e-01 -1.12889939e-04
   9.33338749e-01  3.26237575e-04 -1.42435493e-03]
 [ 0.00000000e+00  9.99999999e-01 -1.20921480e-05 -9.99999994e-01
  -1.10315322e-04  9.99999801e-01  5.41345917e-04]
 [ 1.00000000e+00  0.00000000e+00  9.74101757e-01  1.37905561e-05
  -3.58996892e-01  5.40881759e-04 -9.99998839e-01]]
23:16:07 - Time: 1753132567.845, tau: [-3.10407494e-02 -9.69666227e+00 -1.16042703e-01  3.54030981e+00
 -8.64731067e-02  5.83532555e-02  8.58967650e-07]
23:16:07 - Time: 1753132567.845, tau + g: [-5.20526983e-02 -4.40015616e+01 -3.26162570e-01  2.45365887e+01
 -7.37288625e-01  9.29397800e-02 -8.91462996e-07]
23:16:07 - Time: 1753132567.856, current_contact_force: 0.0
23:16:07 - Time: 1753132567.856, jac: [[-1.87133141e-05  1.38826745e-01 -2.00464226e-05  2.70163204e-01
   3.82320502e-05 -1.25999861e-01  2.71050543e-20]
 [ 4.68472037e-01 -8.01725231e-06  4.24612706e-01 -2.55593085e-05
   1.17597679e-01  4.08655044e-05  0.00000000e+00]
 [ 0.00000000e+00 -4.68472035e-01  1.04106562e-05  3.72935548e-01
   6.33230100e-05  1.82312158e-04  2.71050543e-20]
 [ 0.00000000e+00  5.77500560e-05  2.27467819e-01 -1.12147424e-04
   9.32794608e-01  3.25108819e-04 -1.44674696e-03]
 [ 0.00000000e+00  9.99999998e-01 -1.31362793e-05 -9.99999994e-01
  -1.09190132e-04  9.99999802e-01  5.38941304e-04]
 [ 1.00000000e+00  0.00000000e+00  9.73785598e-01  1.27067505e-05
  -3.60408391e-01  5.38471489e-04 -9.99998808e-01]]
23:16:07 - Time: 1753132567.856, tau: [-3.13245551e-02 -9.65759002e+00 -1.16183009e-01  3.49870477e+00
 -8.54538179e-02  5.88176041e-02  9.11206452e-07]
23:16:07 - Time: 1753132567.856, tau + g: [-5.18269998e-02 -4.40197872e+01 -3.26961274e-01  2.44916241e+01
 -7.36142146e-01  9.25998485e-02 -8.15184826e-07]
23:16:07 - Time: 1753132567.862, current_contact_force: 0.0
23:16:07 - Time: 1753132567.862, jac: [[-1.84263504e-05  1.38137964e-01 -1.98964729e-05  2.70719578e-01
   3.80736683e-05 -1.25999857e-01  0.00000000e+00]
 [ 4.68818873e-01 -8.56142509e-06  4.24773476e-01 -2.58278443e-05
   1.17531071e-01  4.07178700e-05  0.00000000e+00]
 [ 0.00000000e+00 -4.68818870e-01  1.08646243e-05  3.72717315e-01
   6.30039891e-05  1.85097822e-04  0.00000000e+00]
 [ 0.00000000e+00  6.19773509e-05  2.28813221e-01 -1.11396967e-04
   9.32255989e-01  3.23945493e-04 -1.46885682e-03]
 [ 0.00000000e+00  9.99999998e-01 -1.41812373e-05 -9.99999994e-01
  -1.08053163e-04  9.99999804e-01  5.36537582e-04]
 [ 1.00000000e+00  3.33066907e-16  9.73470344e-01  1.16160310e-05
  -3.61799335e-01  5.36062302e-04 -9.99998777e-01]]
23:16:07 - Time: 1753132567.862, tau: [-3.15970099e-02 -9.61709355e+00 -1.16293749e-01  3.45716405e+00
 -8.44364205e-02  5.92620977e-02  9.61449337e-07]
23:16:07 - Time: 1753132567.862, tau + g: [-5.16000940e-02 -4.40363072e+01 -3.27730527e-01  2.44467563e+01
 -7.34999155e-01  9.22580924e-02 -7.40920235e-07]
23:16:07 - Time: 1753132567.876, current_contact_force: 0.0
23:16:07 - Time: 1753132567.876, jac: [[-1.81438318e-05  1.37457712e-01 -1.97497874e-05  2.71267822e-01
   3.79117135e-05 -1.25999853e-01  0.00000000e+00]
 [ 4.69162783e-01 -9.09424949e-06  4.24933212e-01 -2.60944619e-05
   1.17465151e-01  4.05660310e-05 -5.55111512e-17]
 [ 0.00000000e+00 -4.69162780e-01  1.13194702e-05  3.72501331e-01
   6.26857966e-05  1.87847362e-04  0.00000000e+00]
 [ 0.00000000e+00  6.61603434e-05  2.30146301e-01 -1.10638951e-04
   9.31722905e-01  3.22748540e-04 -1.49067998e-03]
 [ 0.00000000e+00  9.99999998e-01 -1.52265583e-05 -9.99999994e-01
  -1.06905015e-04  9.99999806e-01  5.34134860e-04]
 [ 1.00000000e+00  3.33066907e-16  9.73156041e-01  1.05189576e-05
  -3.63169956e-01  5.33654310e-04 -9.99998746e-01]]
23:16:07 - Time: 1753132567.876, tau: [-3.18582310e-02 -9.57522287e+00 -1.16375517e-01  3.41570543e+00
 -8.34213392e-02  5.96869278e-02  1.00973871e-06]
23:16:07 - Time: 1753132567.876, tau + g: [-5.13719732e-02 -4.40511650e+01 -3.28470786e-01  2.44020019e+01
 -7.33860030e-01  9.19144111e-02 -6.68649359e-07]
23:16:07 - Time: 1753132567.885, current_contact_force: 0.0
23:16:07 - Time: 1753132567.885, jac: [[-1.78657246e-05  1.36785916e-01 -1.96062915e-05  2.71808031e-01
   3.77462997e-05 -1.25999849e-01  0.00000000e+00]
 [ 4.69503779e-01 -9.61584317e-06  4.25091905e-01 -2.63590761e-05
   1.17399920e-01  4.04101052e-05  5.55111512e-17]
 [ 0.00000000e+00 -4.69503776e-01  1.17749919e-05  3.72287601e-01
   6.23684395e-05  1.90560240e-04  2.71050543e-20]
 [ 0.00000000e+00  7.02984883e-05  2.31467077e-01 -1.09873751e-04
   9.31195362e-01  3.21518893e-04 -1.51221219e-03]
 [ 0.00000000e+00  9.99999998e-01 -1.62717857e-05 -9.99999994e-01
  -1.05746284e-04  9.99999807e-01  5.31733238e-04]
 [ 1.00000000e+00  1.11022302e-16  9.72842738e-01  9.41608543e-06
  -3.64520487e-01  5.31247613e-04 -9.99998715e-01]]
23:16:07 - Time: 1753132567.885, tau: [-3.21083384e-02 -9.53202708e+00 -1.16428906e-01  3.37434590e+00
 -8.24089794e-02  6.00922908e-02  1.05611682e-06]
23:16:07 - Time: 1753132567.885, tau + g: [-5.11426306e-02 -4.40644029e+01 -3.29182509e-01  2.43573765e+01
 -7.32725128e-01  9.15687074e-02 -5.98351004e-07]
23:16:07 - Time: 1753132567.893, current_contact_force: 0.0
23:16:07 - Time: 1753132567.893, jac: [[-1.75919934e-05  1.36122502e-01 -1.94659109e-05  2.72340297e-01
   3.75775396e-05 -1.25999845e-01 -2.71050543e-20]
 [ 4.69841872e-01 -1.01263254e-05  4.25249548e-01 -2.66216035e-05
   1.17335378e-01  4.02502093e-05  5.55111512e-17]
 [ 0.00000000e+00 -4.69841870e-01  1.22309889e-05  3.72076127e-01
   6.20519232e-05  1.93235951e-04  0.00000000e+00]
 [ 0.00000000e+00  7.43912670e-05  2.32775571e-01 -1.09101734e-04
   9.30673368e-01  3.20257480e-04 -1.53344943e-03]
 [ 0.00000000e+00  9.99999997e-01 -1.73164697e-05 -9.99999994e-01
  -1.04577557e-04  9.99999809e-01  5.29332806e-04]
 [ 1.00000000e+00  2.22044605e-16  9.72530479e-01  8.30796462e-06
  -3.65851161e-01  5.28842302e-04 -9.99998684e-01]]
23:16:07 - Time: 1753132567.893, tau: [-3.23474547e-02 -9.48755432e+00 -1.16454508e-01  3.33310167e+00
 -8.13997277e-02  6.04783874e-02  1.10062568e-06]
23:16:07 - Time: 1753132567.893, tau + g: [-5.09120603e-02 -4.40760626e+01 -3.29866152e-01  2.43128955e+01
 -7.31594790e-01  9.12208880e-02 -5.30002752e-07]
23:16:07 - Time: 1753132567.895, current_contact_force: 0.0
23:16:07 - Time: 1753132567.895, jac: [[-1.73226011e-05  1.35467396e-01 -1.93285715e-05  2.72864712e-01
   3.74055443e-05 -1.25999841e-01  0.00000000e+00]
 [ 4.70177075e-01 -1.06258171e-05  4.25406134e-01 -2.68819620e-05
   1.17271524e-01  4.00864588e-05  0.00000000e+00]
 [ 0.00000000e+00 -4.70177072e-01  1.26872628e-05  3.71866911e-01
   6.17362520e-05  1.95874020e-04  2.71050543e-20]
 [ 0.00000000e+00  7.84381875e-05  2.34071807e-01 -1.08323264e-04
   9.30156923e-01  3.18965218e-04 -1.55438794e-03]
 [ 0.00000000e+00  9.99999997e-01 -1.83601683e-05 -9.99999994e-01
  -1.03399418e-04  9.99999811e-01  5.26933644e-04]
 [ 1.00000000e+00  2.22044605e-16  9.72219311e-01  7.19513991e-06
  -3.67162209e-01  5.26438457e-04 -9.99998653e-01]]
23:16:07 - Time: 1753132567.895, tau: [-3.25757047e-02 -9.44185185e+00 -1.16452913e-01  3.29198824e+00
 -8.03939525e-02  6.08454229e-02  1.14330708e-06]
23:16:07 - Time: 1753132567.895, tau + g: [-5.06802572e-02 -4.40861853e+01 -3.30522171e-01  2.42685730e+01
 -7.30469342e-01  9.08708632e-02 -4.63581070e-07]
23:16:07 - Time: 1753132567.911, current_contact_force: 0.0
23:16:07 - Time: 1753132567.911, jac: [[-1.70575093e-05  1.34820525e-01 -1.91941996e-05  2.73381369e-01
   3.72304235e-05 -1.25999837e-01 -2.71050543e-20]
 [ 4.70509399e-01 -1.11144401e-05  4.25561656e-01 -2.71400716e-05
   1.17208359e-01  3.99189680e-05 -5.55111512e-17]
 [ 0.00000000e+00 -4.70509396e-01  1.31436175e-05  3.71659954e-01
   6.14214291e-05  1.98474003e-04 -2.71050543e-20]
 [ 0.00000000e+00  8.24387838e-05  2.35355810e-01 -1.07538698e-04
   9.29646030e-01  3.17643014e-04 -1.57502418e-03]
 [ 0.00000000e+00  9.99999997e-01 -1.94024468e-05 -9.99999994e-01
  -1.02212442e-04  9.99999812e-01  5.24535824e-04]
 [ 1.00000000e+00  1.11022302e-16  9.71909277e-01  6.07815034e-06
  -3.68453861e-01  5.24036152e-04 -9.99998622e-01]]
23:16:07 - Time: 1753132567.911, tau: [-3.27932157e-02 -9.39496600e+00 -1.16424709e-01  3.25102034e+00
 -7.93920047e-02  6.11936067e-02  1.18420249e-06]
23:16:07 - Time: 1753132567.911, tau + g: [-5.04472175e-02 -4.40948112e+01 -3.31151021e-01  2.42244228e+01
 -7.29349092e-01  9.05185481e-02 -3.99061406e-07]
23:16:07 - Time: 1753132567.913, current_contact_force: 0.0
23:16:07 - Time: 1753132567.913, jac: [[-1.67966779e-05  1.34181813e-01 -1.90627218e-05  2.73890361e-01
   3.70522851e-05 -1.25999833e-01 -2.71050543e-20]
 [ 4.70838857e-01 -1.15923179e-05  4.25716108e-01 -2.73958538e-05
   1.17145882e-01  3.97478502e-05  0.00000000e+00]
 [ 0.00000000e+00 -4.70838853e-01  1.35998592e-05  3.71455255e-01
   6.11074566e-05  2.01035483e-04  0.00000000e+00]
 [ 0.00000000e+00  8.63926161e-05  2.36627611e-01 -1.06748386e-04
   9.29140687e-01  3.16291768e-04 -1.59535485e-03]
 [ 0.00000000e+00  9.99999996e-01 -2.04428784e-05 -9.99999994e-01
  -1.01017198e-04  9.99999814e-01  5.22139413e-04]
 [ 1.00000000e+00  2.22044605e-16  9.71600419e-01  4.95752887e-06
  -3.69726349e-01  5.21635453e-04 -9.99998591e-01]]
23:16:07 - Time: 1753132567.913, tau: [-3.30001170e-02 -9.34694224e+00 -1.16370483e-01  3.21021206e+00
 -7.83942180e-02  6.15231527e-02  1.22335309e-06]
23:16:07 - Time: 1753132567.913, tau + g: [-5.02129385e-02 -4.41019799e+01 -3.31753159e-01  2.41804580e+01
 -7.28234332e-01  9.01638619e-02 -3.36418285e-07]
23:16:07 - Time: 1753132567.929, current_contact_force: 0.0
23:16:07 - Time: 1753132567.929, jac: [[-1.65400659e-05  1.33551187e-01 -1.89340655e-05  2.74391778e-01
   3.68712356e-05 -1.25999829e-01 -2.71050543e-20]
 [ 4.71165459e-01 -1.20595747e-05  4.25869484e-01 -2.76492319e-05
   1.17084092e-01  3.95732174e-05  0.00000000e+00]
 [ 0.00000000e+00 -4.71165455e-01  1.40557965e-05  3.71252814e-01
   6.07943356e-05  2.03558075e-04 -2.71050543e-20]
 [ 0.00000000e+00  9.02992696e-05  2.37887239e-01 -1.05952671e-04
   9.28640890e-01  3.14912370e-04 -1.61537690e-03]
 [ 0.00000000e+00  9.99999996e-01 -2.14810440e-05 -9.99999994e-01
  -9.98142464e-05  9.99999816e-01  5.19744468e-04]
 [ 1.00000000e+00  3.33066907e-16  9.71292778e-01  3.83380216e-06
  -3.70979902e-01  5.19236417e-04 -9.99998560e-01]]
23:16:07 - Time: 1753132567.929, tau: [-3.31965403e-02 -9.29782514e+00 -1.16290816e-01  3.16957677e+00
 -7.74009098e-02  6.18342784e-02  1.26079968e-06]
23:16:07 - Time: 1753132567.929, tau + g: [-4.99774186e-02 -4.41077304e+01 -3.32329037e-01  2.41366911e+01
 -7.27125341e-01  8.98067285e-02 -2.75625398e-07]
23:16:07 - Time: 1753132567.937, current_contact_force: 0.0
23:16:07 - Time: 1753132567.937, jac: [[-1.62876307e-05  1.32928572e-01 -1.88081584e-05  2.74885713e-01
   3.66873802e-05 -1.25999825e-01 -5.42101086e-20]
 [ 4.71489218e-01 -1.25163357e-05  4.26021778e-01 -2.79001312e-05
   1.17022988e-01  3.93951801e-05 -5.55111512e-17]
 [ 0.00000000e+00 -4.71489214e-01  1.45112406e-05  3.71052627e-01
   6.04820663e-05  2.06041420e-04 -2.71050543e-20]
 [ 0.00000000e+00  9.41583551e-05  2.39134728e-01 -1.05151891e-04
   9.28146632e-01  3.13505698e-04 -1.63508747e-03]
 [ 0.00000000e+00  9.99999996e-01 -2.25165327e-05 -9.99999994e-01
  -9.86041415e-05  9.99999817e-01  5.17351040e-04]
 [ 1.00000000e+00  2.22044605e-16  9.70986396e-01  2.70749021e-06
  -3.72214749e-01  5.16839097e-04 -9.99998529e-01]]
23:16:07 - Time: 1753132567.937, tau: [-3.33826190e-02 -9.24765842e+00 -1.16186291e-01  3.12912722e+00
 -7.64123817e-02  6.21272055e-02  1.29658271e-06]
23:16:07 - Time: 1753132567.937, tau + g: [-4.97406579e-02 -4.41121008e+01 -3.32879108e-01  2.40931338e+01
 -7.26022383e-01  8.94470766e-02 -2.16655693e-07]
23:16:07 - Time: 1753132567.945, current_contact_force: 0.0
23:16:07 - Time: 1753132567.945, jac: [[-1.60393289e-05  1.32313893e-01 -1.86849290e-05  2.75372256e-01
   3.65008220e-05 -1.25999821e-01 -2.71050543e-20]
 [ 4.71810146e-01 -1.29627270e-05  4.26172985e-01 -2.81484784e-05
   1.16962568e-01  3.92138480e-05  0.00000000e+00]
 [ 0.00000000e+00 -4.71810142e-01  1.49660051e-05  3.70854693e-01
   6.01706481e-05  2.08485188e-04  0.00000000e+00]
 [ 0.00000000e+00  9.79695076e-05  2.40370115e-01 -1.04346377e-04
   9.27657907e-01  3.12072623e-04 -1.65448395e-03]
 [ 0.00000000e+00  9.99999995e-01 -2.35489419e-05 -9.99999995e-01
  -9.73874295e-05  9.99999819e-01  5.14959177e-04]
 [ 1.00000000e+00  1.11022302e-16  9.70681311e-01  1.57910615e-06
  -3.73431116e-01  5.14443537e-04 -9.99998499e-01]]
23:16:07 - Time: 1753132567.945, tau: [-3.35584884e-02 -9.19648493e+00 -1.16057486e-01  3.08887550e+00
 -7.54289198e-02  6.24021592e-02  1.33074220e-06]
23:16:07 - Time: 1753132567.945, tau + g: [-4.95026573e-02 -4.41151288e+01 -3.33403825e-01  2.40497974e+01
 -7.24925707e-01  8.90848398e-02 -1.59481451e-07]
23:16:07 - Time: 1753132567.954, current_contact_force: 0.0
23:16:07 - Time: 1753132567.954, jac: [[-1.57951160e-05  1.31707075e-01 -1.85643064e-05  2.75851499e-01
   3.63116631e-05 -1.25999817e-01 -5.42101086e-20]
 [ 4.72128255e-01 -1.33988752e-05  4.26323100e-01 -2.83942025e-05
   1.16902831e-01  3.90293292e-05  0.00000000e+00]
 [ 0.00000000e+00 -4.72128251e-01  1.54199066e-05  3.70659007e-01
   5.98600797e-05  2.10889076e-04  2.71050543e-20]
 [ 0.00000000e+00  1.01732387e-04  2.41593437e-01 -1.03536454e-04
   9.27174702e-01  3.10614005e-04 -1.67356391e-03]
 [ 0.00000000e+00  9.99999995e-01 -2.45778771e-05 -9.99999995e-01
  -9.61646487e-05  9.99999821e-01  5.12568919e-04]
 [ 1.00000000e+00  3.33066907e-16  9.70377561e-01  4.49155938e-07
  -3.74629233e-01  5.12049779e-04 -9.99998468e-01]]
23:16:07 - Time: 1753132567.954, tau: [-3.37242859e-02 -9.14434670e+00 -1.15904974e-01  3.04883312e+00
 -7.44507953e-02  6.26593685e-02  1.36331774e-06]
23:16:07 - Time: 1753132567.954, tau + g: [-4.92634197e-02 -4.41168513e+01 -3.33903638e-01  2.40066927e+01
 -7.23835550e-01  8.87199565e-02 -1.04074366e-07]
23:16:07 - Time: 1753132567.963, current_contact_force: 0.0
23:16:07 - Time: 1753132567.963, jac: [[-1.55549465e-05  1.31108044e-01 -1.84462205e-05  2.76323531e-01
   3.61200036e-05 -1.25999814e-01 -2.71050543e-20]
 [ 4.72443558e-01 -1.38249076e-05  4.26472117e-01 -2.86372341e-05
   1.16843776e-01  3.88417304e-05  0.00000000e+00]
 [ 0.00000000e+00 -4.72443554e-01  1.58727645e-05  3.70465565e-01
   5.95503590e-05  2.13252805e-04  0.00000000e+00]
 [ 0.00000000e+00  1.05446677e-04  2.42804733e-01 -1.02722441e-04
   9.26697008e-01  3.09130692e-04 -1.69232516e-03]
 [ 0.00000000e+00  9.99999994e-01 -2.56029523e-05 -9.99999995e-01
  -9.49363292e-05  9.99999822e-01  5.10180303e-04]
 [ 1.00000000e+00  1.11022302e-16  9.70075183e-01 -6.81861866e-07
  -3.75809323e-01  5.09657858e-04 -9.99998438e-01]]
23:16:07 - Time: 1753132567.963, tau: [-3.38801501e-02 -9.09128489e+00 -1.15729327e-01  3.00901098e+00
 -7.34782652e-02  6.28990655e-02  1.39434847e-06]
23:16:07 - Time: 1753132567.963, tau + g: [-4.90229490e-02 -4.41173046e+01 -3.34378995e-01  2.39638296e+01
 -7.22752134e-01  8.83523705e-02 -5.04056231e-08]
23:16:07 - Time: 1753132567.975, current_contact_force: 0.0
23:16:07 - Time: 1753132567.975, jac: [[-1.53187740e-05  1.30516725e-01 -1.83306020e-05  2.76788443e-01
   3.59259421e-05 -1.25999810e-01 -5.42101086e-20]
 [ 4.72756067e-01 -1.42409519e-05  4.26620033e-01 -2.88775057e-05
   1.16785399e-01  3.86511573e-05 -5.55111512e-17]
 [ 0.00000000e+00 -4.72756062e-01  1.63244012e-05  3.70274362e-01
   5.92414833e-05  2.15576124e-04 -2.71050543e-20]
 [ 0.00000000e+00  1.09112084e-04  2.44004047e-01 -1.01904649e-04
   9.26224808e-01  3.07623523e-04 -1.71076571e-03]
 [ 0.00000000e+00  9.99999994e-01 -2.66237902e-05 -9.99999995e-01
  -9.37029933e-05  9.99999824e-01  5.07793359e-04]
 [ 1.00000000e+00  2.22044605e-16  9.69774213e-01 -1.81345632e-06
  -3.76971611e-01  5.07267806e-04 -9.99998408e-01]]
23:16:07 - Time: 1753132567.975, tau: [-3.40262214e-02 -9.03733985e+00 -1.15531114e-01  2.96941942e+00
 -7.25115726e-02  6.31214858e-02  1.42387307e-06]
23:16:07 - Time: 1753132567.975, tau + g: [-4.87812506e-02 -4.41165244e+01 -3.34830345e-01  2.39212179e+01
 -7.21675671e-01  8.79820302e-02  1.55403894e-09]
23:16:07 - Time: 1753132567.981, current_contact_force: 0.0
23:16:07 - Time: 1753132567.981, jac: [[-1.50865517e-05  1.29933043e-01 -1.82173822e-05  2.77246323e-01
   3.57295759e-05 -1.25999806e-01  0.00000000e+00]
 [ 4.73065793e-01 -1.46471362e-05  4.26766843e-01 -2.91149518e-05
   1.16727699e-01  3.84577141e-05  5.55111512e-17]
 [ 0.00000000e+00 -4.73065789e-01  1.67746420e-05  3.70085391e-01
   5.89334496e-05  2.17858806e-04  0.00000000e+00]
 [ 0.00000000e+00  1.12728339e-04  2.45191422e-01 -1.01083385e-04
   9.25758088e-01  3.06093328e-04 -1.72888374e-03]
 [ 0.00000000e+00  9.99999994e-01 -2.76400219e-05 -9.99999995e-01
  -9.24651544e-05  9.99999826e-01  5.05408117e-04]
 [ 1.00000000e+00  3.33066907e-16  9.69474685e-01 -2.94514435e-06
  -3.78116322e-01  5.04879648e-04 -9.99998378e-01]]
23:16:07 - Time: 1753132567.981, tau: [-3.41626416e-02 -8.98255113e+00 -1.15310896e-01  2.93006821e+00
 -7.15509469e-02  6.33268677e-02  1.45192970e-06]
23:16:07 - Time: 1753132567.981, tau + g: [-4.85383315e-02 -4.41145458e+01 -3.35258134e-01  2.38788667e+01
 -7.20606360e-01  8.76088895e-02  5.18342559e-08]
23:16:07 - Time: 1753132567.992, current_contact_force: 0.0
23:16:07 - Time: 1753132567.992, jac: [[-1.48582318e-05  1.29356923e-01 -1.81064935e-05  2.77697261e-01
   3.55310003e-05 -1.25999802e-01 -2.71050543e-20]
 [ 4.73372750e-01 -1.50435887e-05  4.26912544e-01 -2.93495087e-05
   1.16670673e-01  3.82615034e-05  0.00000000e+00]
 [ 0.00000000e+00 -4.73372746e-01  1.72233153e-05  3.69898646e-01
   5.86262541e-05  2.20100649e-04  0.00000000e+00]
 [ 0.00000000e+00  1.16295195e-04  2.46366904e-01 -1.00258947e-04
   9.25296831e-01  3.04540922e-04 -1.74667766e-03]
 [ 0.00000000e+00  9.99999993e-01 -2.86512874e-05 -9.99999995e-01
  -9.12233178e-05  9.99999827e-01  5.03024600e-04]
 [ 1.00000000e+00  2.22044605e-16  9.69176634e-01 -4.07645090e-06
  -3.79243677e-01  5.02493409e-04 -9.99998348e-01]]
23:16:07 - Time: 1753132567.992, tau: [-3.42895537e-02 -8.92695745e+00 -1.15069235e-01  2.89096659e+00
 -7.05966051e-02  6.35154527e-02  1.47855603e-06]
23:16:07 - Time: 1753132567.992, tau + g: [-4.82942001e-02 -4.41114031e+01 -3.35662805e-01  2.38367844e+01
 -7.19544387e-01  8.72329071e-02  1.00464977e-07]
23:16:07 - Time: 1753132567.996, current_contact_force: 0.0
23:16:07 - Time: 1753132567.996, jac: [[-1.46337659e-05  1.28788290e-01 -1.79978691e-05  2.78141346e-01
   3.53303094e-05 -1.25999798e-01  0.00000000e+00]
 [ 4.73676951e-01 -1.54304379e-05  4.27057132e-01 -2.95811148e-05
   1.16614318e-01  3.80626267e-05  5.55111512e-17]
 [ 0.00000000e+00 -4.73676946e-01  1.76702528e-05  3.69714119e-01
   5.83198926e-05  2.22301475e-04  2.71050543e-20]
 [ 0.00000000e+00  1.19812429e-04  2.47530540e-01 -9.94316280e-05
   9.24841016e-01  3.02967114e-04 -1.76414605e-03]
 [ 0.00000000e+00  9.99999993e-01 -2.96572354e-05 -9.99999995e-01
  -8.99779801e-05  9.99999829e-01  5.00642832e-04]
 [ 1.00000000e+00  3.33066907e-16  9.68880091e-01 -5.20690917e-06
  -3.80353897e-01  5.00109109e-04 -9.99998319e-01]]
23:16:07 - Time: 1753132567.996, tau: [-3.44071020e-02 -8.87059675e+00 -1.14806685e-01  2.85212331e+00
 -6.96487513e-02  6.36874848e-02  1.50378921e-06]
23:16:07 - Time: 1753132567.996, tau + g: [-4.80488662e-02 -4.41071303e+01 -3.36044802e-01  2.37949793e+01
 -7.18489929e-01  8.68540470e-02  1.47476406e-07]
23:16:08 - Time: 1753132568.012, current_contact_force: 0.0
23:16:08 - Time: 1753132568.012, jac: [[-1.44131052e-05  1.28227071e-01 -1.78914432e-05  2.78578664e-01
   3.51275954e-05 -1.25999794e-01  0.00000000e+00]
 [ 4.73978407e-01 -1.58078124e-05  4.27200603e-01 -2.98097103e-05
   1.16558632e-01  3.78611841e-05  0.00000000e+00]
 [ 0.00000000e+00 -4.73978401e-01  1.81152894e-05  3.69531802e-01
   5.80143608e-05  2.24461129e-04  0.00000000e+00]
 [ 0.00000000e+00  1.23279836e-04  2.48682381e-01 -9.86017154e-05
   9.24390623e-01  3.01372698e-04 -1.78128767e-03]
 [ 0.00000000e+00  9.99999992e-01 -3.06575234e-05 -9.99999995e-01
  -8.87296289e-05  9.99999831e-01  4.98262830e-04]
 [ 1.00000000e+00  3.33066907e-16  9.68585088e-01 -6.33606075e-06
  -3.81447202e-01  4.97726766e-04 -9.99998289e-01]]
23:16:08 - Time: 1753132568.012, tau: [-3.45154317e-02 -8.81350616e+00 -1.14523798e-01  2.81354658e+00
 -6.87075777e-02  6.38432103e-02  1.52766583e-06]
23:16:08 - Time: 1753132568.012, tau + g: [-4.78023410e-02 -4.41017605e+01 -3.36404564e-01  2.37534590e+01
 -7.17443149e-01  8.64722783e-02  1.92898944e-07]
23:16:08 - Time: 1753132568.019, current_contact_force: 0.0
23:16:08 - Time: 1753132568.019, jac: [[-1.41962003e-05  1.27673189e-01 -1.77871509e-05  2.79009304e-01
   3.49229491e-05 -1.25999791e-01  0.00000000e+00]
 [ 4.74277131e-01 -1.61758406e-05  4.27342956e-01 -3.00352373e-05
   1.16503612e-01  3.76572742e-05  0.00000000e+00]
 [ 0.00000000e+00 -4.74277126e-01  1.85582634e-05  3.69351687e-01
   5.77096537e-05  2.26579477e-04  2.71050543e-20]
 [ 0.00000000e+00  1.26697238e-04  2.49822477e-01 -9.77694893e-05
   9.23945630e-01  2.99758460e-04 -1.79810147e-03]
 [ 0.00000000e+00  9.99999992e-01 -3.16518181e-05 -9.99999995e-01
  -8.74787432e-05  9.99999832e-01  4.95884612e-04]
 [ 1.00000000e+00  3.33066907e-16  9.68291655e-01 -7.46345583e-06
  -3.82523810e-01  4.95346395e-04 -9.99998260e-01]]
23:16:08 - Time: 1753132568.019, tau: [-3.46146891e-02 -8.75572205e+00 -1.14221118e-01  2.77524416e+00
 -6.77732649e-02  6.39828782e-02  1.55022196e-06]
23:16:08 - Time: 1753132568.019, tau + g: [-4.75546372e-02 -4.40953266e+01 -3.36742529e-01  2.37122307e+01
 -7.16404204e-01  8.60875749e-02  2.36763138e-07]
23:16:08 - Time: 1753132568.026, current_contact_force: 0.0
23:16:08 - Time: 1753132568.026, jac: [[-1.39830015e-05  1.27126572e-01 -1.76849282e-05  2.79433351e-01
   3.47164596e-05 -1.25999787e-01 -2.71050543e-20]
 [ 4.74573137e-01 -1.65346509e-05  4.27484187e-01 -3.02576400e-05
   1.16449254e-01  3.74509941e-05  5.55111512e-17]
 [ 0.00000000e+00 -4.74573131e-01  1.89990163e-05  3.69173763e-01
   5.74057664e-05  2.28656409e-04  2.71050543e-20]
 [ 0.00000000e+00  1.30064475e-04  2.50950881e-01 -9.69352237e-05
   9.23506013e-01  2.98125172e-04 -1.81458658e-03]
 [ 0.00000000e+00  9.99999992e-01 -3.26397948e-05 -9.99999995e-01
  -8.62257929e-05  9.99999834e-01  4.93508194e-04]
 [ 1.00000000e+00  2.22044605e-16  9.67999822e-01 -8.58865328e-06
  -3.83583937e-01  4.92968010e-04 -9.99998232e-01]]
23:16:08 - Time: 1753132568.026, tau: [-3.47050213e-02 -8.69728001e+00 -1.13899189e-01  2.73722334e+00
 -6.68459821e-02  6.41067393e-02  1.57149311e-06]
23:16:08 - Time: 1753132568.026, tau + g: [-4.73057689e-02 -4.40878604e+01 -3.37059133e-01  2.36713012e+01
 -7.15373238e-01  8.56999159e-02  2.79099630e-07]
23:16:08 - Time: 1753132568.029, current_contact_force: 0.0
23:16:08 - Time: 1753132568.029, jac: [[-1.37734588e-05  1.26587144e-01 -1.75847124e-05  2.79850892e-01
   3.45082145e-05 -1.25999783e-01 -2.71050543e-20]
 [ 4.74866437e-01 -1.68843716e-05  4.27624293e-01 -3.04768646e-05
   1.16395555e-01  3.72424397e-05  0.00000000e+00]
 [ 0.00000000e+00 -4.74866431e-01  1.94373933e-05  3.68998021e-01
   5.71026934e-05  2.30691835e-04  0.00000000e+00]
 [ 0.00000000e+00  1.33381407e-04  2.52067647e-01 -9.60991866e-05
   9.23071746e-01  2.96473598e-04 -1.83074227e-03]
 [ 0.00000000e+00  9.99999991e-01 -3.36211379e-05 -9.99999995e-01
  -8.49712389e-05  9.99999836e-01  4.91133589e-04]
 [ 1.00000000e+00  0.00000000e+00  9.67709616e-01 -9.71122087e-06
  -3.84627800e-01  4.90591623e-04 -9.99998204e-01]]
23:16:08 - Time: 1753132568.029, tau: [-3.47865761e-02 -8.63821489e+00 -1.13558545e-01  2.69949093e+00
 -6.59258879e-02  6.42150465e-02  1.59151418e-06]
23:16:08 - Time: 1753132568.029, tau + g: [-4.70557514e-02 -4.40793936e+01 -3.37354808e-01  2.36306768e+01
 -7.14350385e-01  8.53092852e-02  3.19939113e-07]
23:16:08 - Time: 1753132568.045, current_contact_force: 0.0
23:16:08 - Time: 1753132568.045, jac: [[-1.35675218e-05  1.26054832e-01 -1.74864415e-05  2.80262013e-01
   3.42982998e-05 -1.25999780e-01 -2.71050543e-20]
 [ 4.75157044e-01 -1.72251305e-05  4.27763274e-01 -3.06928590e-05
   1.16342511e-01  3.70317053e-05  0.00000000e+00]
 [ 0.00000000e+00 -4.75157038e-01  1.98732428e-05  3.68824450e-01
   5.68004293e-05  2.32685687e-04 -2.71050543e-20]
 [ 0.00000000e+00  1.36647918e-04  2.53172833e-01 -9.52616396e-05
   9.22642804e-01  2.94804487e-04 -1.84656802e-03]
 [ 0.00000000e+00  9.99999991e-01 -3.45955408e-05 -9.99999995e-01
  -8.37155328e-05  9.99999837e-01  4.88760810e-04]
 [ 1.00000000e+00  2.22044605e-16  9.67421064e-01 -1.08307353e-05
  -3.85655610e-01  4.88217245e-04 -9.99998176e-01]]
23:16:08 - Time: 1753132568.045, tau: [-3.48595020e-02 -8.57856075e+00 -1.13199717e-01  2.66205336e+00
 -6.50131303e-02  6.43080543e-02  1.61031956e-06]
23:16:08 - Time: 1753132568.045, tau + g: [-4.68046017e-02 -4.40699572e+01 -3.37629987e-01  2.35903636e+01
 -7.13335771e-01  8.49156716e-02  3.59312284e-07]
23:16:08 - Time: 1753132568.058, current_contact_force: 0.0
23:16:08 - Time: 1753132568.058, jac: [[-1.33651399e-05  1.25529561e-01 -1.73900547e-05  2.80666798e-01
   3.40868000e-05 -1.25999776e-01 -5.42101086e-20]
 [ 4.75444971e-01 -1.75570552e-05  4.27901127e-01 -3.09055735e-05
   1.16290119e-01  3.68188838e-05  0.00000000e+00]
 [ 0.00000000e+00 -4.75444964e-01  2.03064170e-05  3.68653039e-01
   5.64989684e-05  2.34637917e-04 -2.71050543e-20]
 [ 0.00000000e+00  1.39863909e-04  2.54266495e-01 -9.44228384e-05
   9.22219158e-01  2.93118580e-04 -1.86206342e-03]
 [ 0.00000000e+00  9.99999990e-01 -3.55627061e-05 -9.99999995e-01
  -8.24591174e-05  9.99999839e-01  4.86389868e-04]
 [ 1.00000000e+00  1.11022302e-16  9.67134194e-01 -1.19467825e-05
  -3.86667581e-01  4.85844885e-04 -9.99998148e-01]]
23:16:08 - Time: 1753132568.058, tau: [-3.49239479e-02 -8.51835094e+00 -1.12823232e-01  2.62491658e+00
 -6.41078473e-02  6.43860188e-02  1.62794301e-06]
23:16:08 - Time: 1753132568.058, tau + g: [-4.65523378e-02 -4.40595814e+01 -3.37885096e-01  2.35503670e+01
 -7.12329512e-01  8.45190686e-02  3.97249804e-07]
23:16:08 - Time: 1753132568.063, current_contact_force: 0.0
23:16:08 - Time: 1753132568.063, jac: [[-1.31662624e-05  1.25011258e-01 -1.72954924e-05  2.81065332e-01
   3.38737979e-05 -1.25999773e-01 -2.71050543e-20]
 [ 4.75730231e-01 -1.78802731e-05  4.28037850e-01 -3.11149601e-05
   1.16238374e-01  3.66040667e-05  0.00000000e+00]
 [ 0.00000000e+00 -4.75730224e-01  2.07367716e-05  3.68483777e-01
   5.61983048e-05  2.36548495e-04 -2.71050543e-20]
 [ 0.00000000e+00  1.43029301e-04  2.55348691e-01 -9.35830324e-05
   9.21800779e-01  2.91416606e-04 -1.87722826e-03]
 [ 0.00000000e+00  9.99999990e-01 -3.65223452e-05 -9.99999996e-01
  -8.12024259e-05  9.99999841e-01  4.84020775e-04]
 [ 1.00000000e+00  0.00000000e+00  9.66849029e-01 -1.30589573e-05
  -3.87663923e-01  4.83474551e-04 -9.99998121e-01]]
23:16:08 - Time: 1753132568.063, tau: [-3.49800632e-02 -8.45761806e+00 -1.12429610e-01  2.58808619e+00
 -6.32101671e-02  6.44491976e-02  1.64441772e-06]
23:16:08 - Time: 1753132568.063, tau + g: [-4.62989790e-02 -4.40482963e+01 -3.38120560e-01  2.35106923e+01
 -7.11331716e-01  8.41194745e-02  4.33782261e-07]
23:16:08 - Time: 1753132568.074, current_contact_force: 0.0
23:16:08 - Time: 1753132568.074, jac: [[-1.29708384e-05  1.24499850e-01 -1.72026958e-05  2.81457697e-01
   3.36593749e-05 -1.25999769e-01  0.00000000e+00]
 [ 4.76012838e-01 -1.81949108e-05  4.28173444e-01 -3.13209727e-05
   1.16187274e-01  3.63873440e-05  0.00000000e+00]
 [ 0.00000000e+00 -4.76012831e-01  2.11641658e-05  3.68316651e-01
   5.58984329e-05  2.38417411e-04  0.00000000e+00]
 [ 0.00000000e+00  1.46144036e-04  2.56419483e-01 -9.27424649e-05
   9.21387637e-01  2.89699280e-04 -1.89206244e-03]
 [ 0.00000000e+00  9.99999989e-01 -3.74741786e-05 -9.99999996e-01
  -7.99458822e-05  9.99999842e-01  4.81653542e-04]
 [ 1.00000000e+00  2.22044605e-16  9.66565594e-01 -1.41668642e-05
  -3.88644845e-01  4.81106254e-04 -9.99998094e-01]]
23:16:08 - Time: 1753132568.074, tau: [-3.50279976e-02 -8.39639398e+00 -1.12019364e-01  2.55156736e+00
 -6.23202088e-02  6.44978492e-02  1.65977630e-06]
23:16:08 - Time: 1753132568.074, tau + g: [-4.60445460e-02 -4.40361310e+01 -3.38336801e-01  2.34713443e+01
 -7.10342484e-01  8.37168919e-02  4.68940133e-07]
23:16:08 - Time: 1753132568.083, current_contact_force: 0.0
23:16:08 - Time: 1753132568.083, jac: [[-1.27788169e-05  1.23995263e-01 -1.71116074e-05  2.81843977e-01
   3.34436107e-05 -1.25999766e-01 -5.42101086e-20]
 [ 4.76292805e-01 -1.85010946e-05  4.28307906e-01 -3.15235674e-05
   1.16136813e-01  3.61688043e-05  0.00000000e+00]
 [ 0.00000000e+00 -4.76292797e-01  2.15884625e-05  3.68151649e-01
   5.55993466e-05  2.40244675e-04 -2.71050543e-20]
 [ 0.00000000e+00  1.49208073e-04  2.57478932e-01 -9.19013735e-05
   9.20979701e-01  2.87967308e-04 -1.90656605e-03]
 [ 0.00000000e+00  9.99999989e-01 -3.84179358e-05 -9.99999996e-01
  -7.86899012e-05  9.99999844e-01  4.79288178e-04]
 [ 1.00000000e+00  2.22044605e-16  9.66283912e-01 -1.52701167e-05
  -3.89610554e-01  4.78740000e-04 -9.99998068e-01]]
23:16:08 - Time: 1753132568.083, tau: [-3.50679009e-02 -8.33470986e+00 -1.11593003e-01  2.51536490e+00
 -6.14380823e-02  6.45322335e-02  1.67405076e-06]
23:16:08 - Time: 1753132568.083, tau + g: [-4.57890606e-02 -4.40231144e+01 -3.38534238e-01  2.34323275e+01
 -7.09361906e-01  8.33113281e-02  5.02753753e-07]
23:16:08 - Time: 1753132568.097, current_contact_force: 0.0
23:16:08 - Time: 1753132568.097, jac: [[-1.25901472e-05  1.23497425e-01 -1.70221707e-05  2.82224255e-01
   3.32265836e-05 -1.25999762e-01 -2.71050543e-20]
 [ 4.76570144e-01 -1.87989500e-05  4.28441236e-01 -3.17227022e-05
   1.16086988e-01  3.59485346e-05  0.00000000e+00]
 [ 0.00000000e+00 -4.76570137e-01  2.20095285e-05  3.67988758e-01
   5.53010401e-05  2.42030311e-04  0.00000000e+00]
 [ 0.00000000e+00  1.52221391e-04  2.58527100e-01 -9.10599895e-05
   9.20576938e-01  2.86221385e-04 -1.92073928e-03]
 [ 0.00000000e+00  9.99999988e-01 -3.93533553e-05 -9.99999996e-01
  -7.74348881e-05  9.99999846e-01  4.76924695e-04]
 [ 1.00000000e+00  1.11022302e-16  9.66004005e-01 -1.63683380e-05
  -3.90561256e-01  4.76375798e-04 -9.99998042e-01]]
23:16:08 - Time: 1753132568.097, tau: [-3.50999231e-02 -8.27259616e+00 -1.11151030e-01  2.47948327e+00
 -6.05638887e-02  6.45526109e-02  1.68727250e-06]
23:16:08 - Time: 1753132568.097, tau + g: [-4.55325457e-02 -4.40092746e+01 -3.38713287e-01  2.33936460e+01
 -7.08390066e-01  8.29027947e-02  5.35253284e-07]
23:16:08 - Time: 1753132568.108, current_contact_force: 0.0
23:16:08 - Time: 1753132568.108, jac: [[-1.24047781e-05  1.23006262e-01 -1.69343304e-05  2.82598611e-01
   3.30083703e-05 -1.25999759e-01 -2.71050543e-20]
 [ 4.76844871e-01 -1.90886022e-05  4.28573435e-01 -3.19183370e-05
   1.16037794e-01  3.57266207e-05 -5.55111512e-17]
 [ 0.00000000e+00 -4.76844863e-01  2.24272339e-05  3.67827965e-01
   5.50035075e-05  2.43774365e-04  0.00000000e+00]
 [ 0.00000000e+00  1.55183985e-04  2.59564053e-01 -9.02185387e-05
   9.20179315e-01  2.84462192e-04 -1.93458248e-03]
 [ 0.00000000e+00  9.99999988e-01 -4.02801846e-05 -9.99999996e-01
  -7.61812388e-05  9.99999847e-01  4.74563105e-04]
 [ 1.00000000e+00  1.11022302e-16  9.65725893e-01 -1.74611606e-05
  -3.91497154e-01  4.74013657e-04 -9.99998016e-01]]
23:16:08 - Time: 1753132568.108, tau: [-3.51242143e-02 -8.21008261e+00 -1.10693942e-01  2.44392656e+00
 -5.96977210e-02  6.45592426e-02  1.69947234e-06]
23:16:08 - Time: 1753132568.108, tau + g: [-4.52750253e-02 -4.39946395e+01 -3.38874359e-01  2.33553038e+01
 -7.07427041e-01  8.24913075e-02  5.66468682e-07]
23:16:08 - Time: 1753132568.114, current_contact_force: 0.0
23:16:08 - Time: 1753132568.114, jac: [[-1.22226589e-05  1.22521703e-01 -1.68480324e-05  2.82967126e-01
   3.27890459e-05 -1.25999756e-01 -2.71050543e-20]
 [ 4.77116998e-01 -1.93701754e-05  4.28704501e-01 -3.21104338e-05
   1.15989227e-01  3.55031468e-05  0.00000000e+00]
 [ 0.00000000e+00 -4.77116990e-01  2.28414530e-05  3.67669255e-01
   5.47067430e-05  2.45476896e-04  0.00000000e+00]
 [ 0.00000000e+00  1.58095870e-04  2.60589854e-01 -8.93772408e-05
   9.19786798e-01  2.82690400e-04 -1.94809614e-03]
 [ 0.00000000e+00  9.99999988e-01 -4.11981802e-05 -9.99999996e-01
  -7.49293401e-05  9.99999849e-01  4.72203418e-04]
 [ 1.00000000e+00  1.11022302e-16  9.65449598e-01 -1.85482266e-05
  -3.92418451e-01  4.71653586e-04 -9.99997991e-01]]
23:16:08 - Time: 1753132568.114, tau: [-3.51409242e-02 -8.14719827e+00 -1.10222228e-01  2.40869852e+00
 -5.88396640e-02  6.45523903e-02  1.71068051e-06]
23:16:08 - Time: 1753132568.114, tau + g: [-4.50165246e-02 -4.39792361e+01 -3.39017863e-01  2.33173042e+01
 -7.06472899e-01  8.20768863e-02  5.96429676e-07]
23:16:08 - Time: 1753132568.129, current_contact_force: 0.0
23:16:08 - Time: 1753132568.129, jac: [[-1.20437389e-05  1.22043674e-01 -1.67632235e-05  2.83329882e-01
   3.25686843e-05 -1.25999753e-01 -2.71050543e-20]
 [ 4.77386538e-01 -1.96437933e-05  4.28834435e-01 -3.22989564e-05
   1.15941282e-01  3.52781955e-05  0.00000000e+00]
 [ 0.00000000e+00 -4.77386530e-01  2.32520633e-05  3.67512615e-01
   5.44107409e-05  2.47137981e-04  0.00000000e+00]
 [ 0.00000000e+00  1.60957077e-04  2.61604570e-01 -8.85363098e-05
   9.19399351e-01  2.80906670e-04 -1.96128086e-03]
 [ 0.00000000e+00  9.99999987e-01 -4.21071073e-05 -9.99999996e-01
  -7.36795691e-05  9.99999850e-01  4.69845647e-04]
 [ 1.00000000e+00  0.00000000e+00  9.65175138e-01 -1.96291877e-05
  -3.93325346e-01  4.69295595e-04 -9.99997966e-01]]
23:16:08 - Time: 1753132568.129, tau: [-3.51502026e-02 -8.08397153e+00 -1.09736373e-01  2.37380260e+00
 -5.79897949e-02  6.45323160e-02  1.72092664e-06]
23:16:08 - Time: 1753132568.129, tau + g: [-4.47570697e-02 -4.39630913e+01 -3.39144205e-01  2.32796505e+01
 -7.05527703e-01  8.16595550e-02  6.25165740e-07]
23:16:08 - Time: 1753132568.137, current_contact_force: 0.0
23:16:08 - Time: 1753132568.137, jac: [[-1.18679673e-05  1.21572105e-01 -1.66798517e-05  2.83686956e-01
   3.23473574e-05 -1.25999750e-01 -5.42101086e-20]
 [ 4.77653507e-01 -1.99095786e-05  4.28963237e-01 -3.24838706e-05
   1.15893954e-01  3.50518482e-05 -5.55111512e-17]
 [ 0.00000000e+00 -4.77653498e-01  2.36589466e-05  3.67358030e-01
   5.41154954e-05  2.48757712e-04  0.00000000e+00]
 [ 0.00000000e+00  1.63767652e-04  2.62608268e-01 -8.76959541e-05
   9.19016938e-01  2.79111649e-04 -1.97413737e-03]
 [ 0.00000000e+00  9.99999987e-01 -4.30067402e-05 -9.99999996e-01
  -7.24322935e-05  9.99999852e-01  4.67489806e-04]
 [ 1.00000000e+00  3.33066907e-16  9.64902532e-01 -2.07037050e-05
  -3.94218039e-01  4.66939693e-04 -9.99997942e-01]]
23:16:08 - Time: 1753132568.137, tau: [-3.51521990e-02 -8.02043006e+00 -1.09236854e-01  2.33924192e+00
 -5.71481834e-02  6.44992818e-02  1.73023976e-06]
23:16:08 - Time: 1753132568.137, tau + g: [-4.44966878e-02 -4.39462310e+01 -3.39253785e-01  2.32423457e+01
 -7.04591509e-01  8.12393414e-02  6.52706071e-07]
23:16:08 - Time: 1753132568.144, current_contact_force: 0.0
23:16:08 - Time: 1753132568.144, jac: [[-1.16952938e-05  1.21106925e-01 -1.65978663e-05  2.84038427e-01
   3.21251362e-05 -1.25999747e-01  0.00000000e+00]
 [ 4.77917917e-01 -2.01676533e-05  4.29090909e-01 -3.26651443e-05
   1.15847240e-01  3.48241847e-05 -5.55111512e-17]
 [ 0.00000000e+00 -4.77917908e-01  2.40619880e-05  3.67205485e-01
   5.38210012e-05  2.50336197e-04  0.00000000e+00]
 [ 0.00000000e+00  1.66527662e-04  2.63601018e-01 -8.68563763e-05
   9.18639523e-01  2.77305973e-04 -1.98666652e-03]
 [ 0.00000000e+00  9.99999986e-01 -4.38968617e-05 -9.99999996e-01
  -7.11878720e-05  9.99999854e-01  4.65135909e-04]
 [ 1.00000000e+00  2.22044605e-16  9.64631796e-01 -2.17714494e-05
  -3.95096725e-01  4.64585893e-04 -9.99997918e-01]]
23:16:08 - Time: 1753132568.144, tau: [-3.51470624e-02 -7.95660092e+00 -1.08724143e-01  2.30501930e+00
 -5.63148919e-02  6.44535499e-02  1.73864831e-06]
23:16:08 - Time: 1753132568.144, tau + g: [-4.42354067e-02 -4.39286811e+01 -3.39347002e-01  2.32053923e+01
 -7.03664366e-01  8.08162769e-02  6.79079570e-07]
23:16:08 - Time: 1753132568.152, current_contact_force: 0.0
23:16:08 - Time: 1753132568.152, jac: [[-1.15256682e-05  1.20648061e-01 -1.65172175e-05  2.84384375e-01
   3.19020897e-05 -1.25999744e-01 -2.71050543e-20]
 [ 4.78179782e-01 -2.04181385e-05  4.29217451e-01 -3.28427471e-05
   1.15801133e-01  3.45952835e-05  5.55111512e-17]
 [ 0.00000000e+00 -4.78179773e-01  2.44610767e-05  3.67054965e-01
   5.35272526e-05  2.51873558e-04  2.71050543e-20]
 [ 0.00000000e+00  1.69237185e-04  2.64582887e-01 -8.60177736e-05
   9.18267067e-01  2.75490268e-04 -1.99886929e-03]
 [ 0.00000000e+00  9.99999986e-01 -4.47772636e-05 -9.99999996e-01
  -6.99466536e-05  9.99999855e-01  4.62783971e-04]
 [ 1.00000000e+00  4.44089210e-16  9.64362947e-01 -2.28321014e-05
  -3.95961601e-01  4.62234208e-04 -9.99997895e-01]]
23:16:08 - Time: 1753132568.152, tau: [-3.51349417e-02 -7.89251046e+00 -1.08198703e-01  2.27113728e+00
 -5.54899761e-02  6.43953822e-02  1.74618014e-06]
23:16:08 - Time: 1753132568.152, tau + g: [-4.39732554e-02 -4.39104667e+01 -3.39424249e-01  2.31687928e+01
 -7.02746317e-01  8.03903965e-02  7.04314820e-07]
23:16:08 - Time: 1753132568.162, current_contact_force: 0.0
23:16:08 - Time: 1753132568.162, jac: [[-1.13590405e-05  1.20195444e-01 -1.64378567e-05  2.84724875e-01
   3.16782858e-05 -1.25999741e-01 -2.71050543e-20]
 [ 4.78439117e-01 -2.06611545e-05  4.29342864e-01 -3.30166505e-05
   1.15755629e-01  3.43652215e-05  0.00000000e+00]
 [ 0.00000000e+00 -4.78439107e-01  2.48561055e-05  3.66906455e-01
   5.32342447e-05  2.53369932e-04  0.00000000e+00]
 [ 0.00000000e+00  1.71896318e-04  2.65553947e-01 -8.51803377e-05
   9.17899532e-01  2.73665147e-04 -2.01074676e-03]
 [ 0.00000000e+00  9.99999985e-01 -4.56477463e-05 -9.99999996e-01
  -6.87089780e-05  9.99999857e-01  4.60434009e-04]
 [ 1.00000000e+00  0.00000000e+00  9.64096001e-01 -2.38853509e-05
  -3.96812858e-01  4.59884651e-04 -9.99997872e-01]]
23:16:08 - Time: 1753132568.162, tau: [-3.51159849e-02 -7.82818441e+00 -1.07660994e-01  2.23759810e+00
 -5.46734851e-02  6.43250405e-02  1.75286252e-06]
23:16:08 - Time: 1753132568.162, tau + g: [-4.37102636e-02 -4.38916124e+01 -3.39485915e-01  2.31325493e+01
 -7.01837400e-01  7.99617387e-02  7.28440071e-07]
23:16:08 - Time: 1753132568.175, current_contact_force: 0.0
23:16:08 - Time: 1753132568.175, jac: [[-1.11953610e-05  1.19749002e-01 -1.63597366e-05  2.85060004e-01
   3.14537908e-05 -1.25999738e-01  2.71050543e-20]
 [ 4.78695935e-01 -2.08968205e-05  4.29467150e-01 -3.31868282e-05
   1.15710724e-01  3.41340743e-05 -5.55111512e-17]
 [ 0.00000000e+00 -4.78695925e-01  2.52469708e-05  3.66759938e-01
   5.29419723e-05  2.54825467e-04 -2.71050543e-20]
 [ 0.00000000e+00  1.74505172e-04  2.66514268e-01 -8.43442547e-05
   9.17536880e-01  2.71831213e-04 -2.02230011e-03]
 [ 0.00000000e+00  9.99999985e-01 -4.65081188e-05 -9.99999996e-01
  -6.74751760e-05  9.99999858e-01  4.58086042e-04]
 [ 1.00000000e+00  1.11022302e-16  9.63830972e-01 -2.49308976e-05
  -3.97650688e-01  4.57537237e-04 -9.99997850e-01]]
23:16:08 - Time: 1753132568.175, tau: [-3.50903396e-02 -7.76364786e+00 -1.07111467e-01  2.20440376e+00
 -5.38654615e-02  6.42427859e-02  1.75872213e-06]
23:16:08 - Time: 1753132568.175, tau + g: [-4.34464617e-02 -4.38721425e+01 -3.39532387e-01  2.30966636e+01
 -7.00937646e-01  7.95303451e-02  7.51483223e-07]
23:16:08 - Time: 1753132568.180, current_contact_force: 0.0
23:16:08 - Time: 1753132568.180, jac: [[-1.10345804e-05  1.19308667e-01 -1.62828108e-05  2.85389838e-01
   3.12286697e-05 -1.25999735e-01 -2.71050543e-20]
 [ 4.78950250e-01 -2.11252549e-05  4.29590310e-01 -3.33532555e-05
   1.15666411e-01  3.39019158e-05 -5.55111512e-17]
 [ 0.00000000e+00 -4.78950241e-01  2.56335732e-05  3.66615399e-01
   5.26504305e-05  2.56240328e-04  0.00000000e+00]
 [ 0.00000000e+00  1.77063872e-04  2.67463922e-01 -8.35097057e-05
   9.17179070e-01  2.69989057e-04 -2.03353063e-03]
 [ 0.00000000e+00  9.99999984e-01 -4.73581985e-05 -9.99999996e-01
  -6.62455688e-05  9.99999860e-01  4.55740090e-04]
 [ 1.00000000e+00  1.11022302e-16  9.63567874e-01 -2.59684508e-05
  -3.98475280e-01  4.55191983e-04 -9.99997829e-01]]
23:16:08 - Time: 1753132568.180, tau: [-3.50581528e-02 -7.69892525e+00 -1.06550565e-01  2.17155598e+00
 -5.30659420e-02  6.41488790e-02  1.76378508e-06]
23:16:08 - Time: 1753132568.180, tau + g: [-4.31818810e-02 -4.38520806e+01 -3.39564046e-01  2.30611373e+01
 -7.00047081e-01  7.90962608e-02  7.73471814e-07]
23:16:08 - Time: 1753132568.188, current_contact_force: 0.0
23:16:08 - Time: 1753132568.188, jac: [[-1.08766496e-05  1.18874368e-01 -1.62070341e-05  2.85714452e-01
   3.10029858e-05 -1.25999732e-01  0.00000000e+00]
 [ 4.79202078e-01 -2.13465750e-05  4.29712347e-01 -3.35159096e-05
   1.15622687e-01  3.36688189e-05  1.11022302e-16]
 [ 0.00000000e+00 -4.79202068e-01  2.60158165e-05  3.66472822e-01
   5.23596147e-05  2.57614689e-04  2.71050543e-20]
 [ 0.00000000e+00  1.79572560e-04  2.68402982e-01 -8.26768661e-05
   9.16826063e-01  2.68139259e-04 -2.04443973e-03]
 [ 0.00000000e+00  9.99999984e-01 -4.81978114e-05 -9.99999996e-01
  -6.50204685e-05  9.99999862e-01  4.53396173e-04]
 [ 1.00000000e+00  0.00000000e+00  9.63306720e-01 -2.69977290e-05
  -3.99286822e-01  4.52848908e-04 -9.99997807e-01]]
23:16:08 - Time: 1753132568.188, tau: [-3.50195707e-02 -7.63404041e+00 -1.05978727e-01  2.13905624e+00
 -5.22749571e-02  6.40435797e-02  1.76807691e-06]
23:16:08 - Time: 1753132568.188, tau + g: [-4.29165533e-02 -4.38314500e+01 -3.39581268e-01  2.30259719e+01
 -6.99165727e-01  7.86595337e-02  7.94433003e-07]
23:16:08 - Time: 1753132568.197, current_contact_force: 0.0
23:16:08 - Time: 1753132568.197, jac: [[-1.07215198e-05  1.18446037e-01 -1.61323624e-05  2.86033920e-01
   3.07768012e-05 -1.25999729e-01 -2.71050543e-20]
 [ 4.79451432e-01 -2.15608970e-05  4.29833262e-01 -3.36747697e-05
   1.15579545e-01  3.34348547e-05 -5.55111512e-17]
 [ 0.00000000e+00 -4.79451422e-01  2.63936088e-05  3.66332189e-01
   5.20695205e-05  2.58948739e-04  2.71050543e-20]
 [ 0.00000000e+00  1.82031390e-04  2.69331521e-01 -8.18459064e-05
   9.16477817e-01  2.66282386e-04 -2.05502890e-03]
 [ 0.00000000e+00  9.99999983e-01 -4.90267918e-05 -9.99999996e-01
  -6.38001781e-05  9.99999863e-01  4.51054314e-04]
 [ 1.00000000e+00  2.22044605e-16  9.63047522e-01 -2.80184607e-05
  -4.00085499e-01  4.50508032e-04 -9.99997787e-01]]
23:16:08 - Time: 1753132568.197, tau: [-3.49747386e-02 -7.56901655e+00 -1.05396384e-01  2.10690580e+00
 -5.14925322e-02  6.39271469e-02  1.77162258e-06]
23:16:08 - Time: 1753132568.197, tau + g: [-4.26505110e-02 -4.38102735e+01 -3.39584428e-01  2.29911686e+01
 -6.98293600e-01  7.82202147e-02  8.14393564e-07]
23:16:08 - Time: 1753132568.211, current_contact_force: 0.0
23:16:08 - Time: 1753132568.211, jac: [[-1.05691429e-05  1.18023604e-01 -1.60587527e-05  2.86348316e-01
   3.05501767e-05 -1.25999727e-01  0.00000000e+00]
 [ 4.79698326e-01 -2.17683362e-05  4.29953057e-01 -3.38298167e-05
   1.15536981e-01  3.32000931e-05  0.00000000e+00]
 [ 0.00000000e+00 -4.79698316e-01  2.67668613e-05  3.66193485e-01
   5.17801436e-05  2.60242678e-04  0.00000000e+00]
 [ 0.00000000e+00  1.84440528e-04  2.70249613e-01 -8.10169920e-05
   9.16134292e-01  2.64418997e-04 -2.06529971e-03]
 [ 0.00000000e+00  9.99999983e-01 -4.98449822e-05 -9.99999996e-01
  -6.25849916e-05  9.99999865e-01  4.48714540e-04]
 [ 1.00000000e+00  2.22044605e-16  9.62790291e-01 -2.90303834e-05
  -4.00871494e-01  4.48169376e-04 -9.99997767e-01]]
23:16:08 - Time: 1753132568.211, tau: [-3.49238011e-02 -7.50387628e+00 -1.04803959e-01  2.07510565e+00
 -5.07186868e-02  6.37998386e-02  1.77444650e-06]
23:16:08 - Time: 1753132568.211, tau + g: [-4.23837873e-02 -4.37885733e+01 -3.39573893e-01  2.29567282e+01
 -6.97430711e-01  7.77783572e-02  8.33379871e-07]
23:16:08 - Time: 1753132568.220, current_contact_force: 0.0
23:16:08 - Time: 1753132568.220, jac: [[-1.04194708e-05  1.17607001e-01 -1.59861631e-05  2.86657712e-01
   3.03231716e-05 -1.25999724e-01 -5.42101086e-20]
 [ 4.79942776e-01 -2.19690068e-05  4.30071736e-01 -3.39810333e-05
   1.15494989e-01  3.29646025e-05 -5.55111512e-17]
 [ 0.00000000e+00 -4.79942765e-01  2.71354894e-05  3.66056692e-01
   5.14914802e-05  2.61496716e-04  0.00000000e+00]
 [ 0.00000000e+00  1.86800158e-04  2.71157332e-01 -8.01902830e-05
   9.15795445e-01  2.62549638e-04 -2.07525385e-03]
 [ 0.00000000e+00  9.99999983e-01 -5.06522334e-05 -9.99999996e-01
  -6.13751940e-05  9.99999866e-01  4.46376877e-04]
 [ 1.00000000e+00  3.33066907e-16  9.62535038e-01 -3.00332444e-05
  -4.01644990e-01  4.45832964e-04 -9.99997747e-01]]
23:16:08 - Time: 1753132568.220, tau: [-3.48669018e-02 -7.43864160e+00 -1.04201870e-01  2.04365661e+00
 -4.99534356e-02  6.36619116e-02  1.77657252e-06]
23:16:08 - Time: 1753132568.220, tau + g: [-4.21164158e-02 -4.37663713e+01 -3.39550028e-01  2.29226516e+01
 -6.96577066e-01  7.73340177e-02  8.51417894e-07]
23:16:08 - Time: 1753132568.229, current_contact_force: 0.0
23:16:08 - Time: 1753132568.229, jac: [[-1.02724562e-05  1.17196161e-01 -1.59145529e-05  2.86962180e-01
   3.00958438e-05 -1.25999722e-01 -5.42101086e-20]
 [ 4.80184795e-01 -2.21630219e-05  4.30189301e-01 -3.41284041e-05
   1.15453564e-01  3.27284501e-05  0.00000000e+00]
 [ 0.00000000e+00 -4.80184784e-01  2.74994120e-05  3.65921794e-01
   5.12035266e-05  2.62711076e-04  0.00000000e+00]
 [ 0.00000000e+00  1.89110473e-04  2.72054755e-01 -7.93659348e-05
   9.15461235e-01  2.60674844e-04 -2.08489306e-03]
 [ 0.00000000e+00  9.99999982e-01 -5.14484043e-05 -9.99999996e-01
  -6.01710612e-05  9.99999868e-01  4.44041353e-04]
 [ 1.00000000e+00  1.11022302e-16  9.62281771e-01 -3.10268001e-05
  -4.02406167e-01  4.43498822e-04 -9.99997728e-01]]
23:16:08 - Time: 1753132568.229, tau: [-3.48041833e-02 -7.37333392e+00 -1.03590525e-01  2.01255925e+00
 -4.91967882e-02  6.35136213e-02  1.77802394e-06]
23:16:08 - Time: 1753132568.229, tau + g: [-4.18484304e-02 -4.37436888e+01 -3.39513193e-01  2.28889393e+01
 -6.95732667e-01  7.68872546e-02  8.68533187e-07]
23:16:08 - Time: 1753132568.238, current_contact_force: 0.0
23:16:08 - Time: 1753132568.238, jac: [[-1.01280518e-05  1.16791016e-01 -1.58438823e-05  2.87261792e-01
   2.98682499e-05 -1.25999719e-01 -2.71050543e-20]
 [ 4.80424398e-01 -2.23504933e-05  4.30305755e-01 -3.42719155e-05
   1.15412701e-01  3.24917014e-05  0.00000000e+00]
 [ 0.00000000e+00 -4.80424387e-01  2.78585515e-05  3.65788772e-01
   5.09162792e-05  2.63885988e-04  0.00000000e+00]
 [ 0.00000000e+00  1.91371679e-04  2.72941957e-01 -7.85440977e-05
   9.15131619e-01  2.58795139e-04 -2.09421920e-03]
 [ 0.00000000e+00  9.99999982e-01 -5.22333615e-05 -9.99999996e-01
  -5.89728604e-05  9.99999869e-01  4.41707999e-04]
 [ 1.00000000e+00  2.22044605e-16  9.62030501e-01 -3.20108162e-05
  -4.03155201e-01  4.41166977e-04 -9.99997710e-01]]
23:16:08 - Time: 1753132568.238, tau: [-3.47357873e-02 -7.30797408e+00 -1.02970330e-01  1.98181396e+00
 -4.84487494e-02  6.33552220e-02  1.77882352e-06]
23:16:08 - Time: 1753132568.238, tau + g: [-4.15798658e-02 -4.37205468e+01 -3.39463742e-01  2.28555917e+01
 -6.94897514e-01  7.64381290e-02  8.84750883e-07]
23:16:08 - Time: 1753132568.247, current_contact_force: 0.0
23:16:08 - Time: 1753132568.247, jac: [[-9.98621125e-06  1.16391500e-01 -1.57741126e-05  2.87556617e-01
   2.96404452e-05 -1.25999717e-01 -2.71050543e-20]
 [ 4.80661600e-01 -2.25315319e-05  4.30421101e-01 -3.44115555e-05
   1.15372394e-01  3.22544207e-05  5.55111512e-17]
 [ 0.00000000e+00 -4.80661589e-01  2.82128342e-05  3.65657610e-01
   5.06297349e-05  2.65021696e-04  2.71050543e-20]
 [ 0.00000000e+00  1.93583995e-04  2.73819014e-01 -7.77249173e-05
   9.14806554e-01  2.56911037e-04 -2.10323419e-03]
 [ 0.00000000e+00  9.99999981e-01 -5.30069797e-05 -9.99999996e-01
  -5.77808501e-05  9.99999871e-01  4.39376847e-04]
 [ 1.00000000e+00  1.11022302e-16  9.61781235e-01 -3.29850678e-05
  -4.03892270e-01  4.38837459e-04 -9.99997692e-01]]
23:16:08 - Time: 1753132568.247, tau: [-3.46618542e-02 -7.24258234e+00 -1.02341679e-01  1.95142094e+00
 -4.77093196e-02  6.31869663e-02  1.77899349e-06]
23:16:08 - Time: 1753132568.247, tau + g: [-4.13107568e-02 -4.36969658e+01 -3.39402025e-01  2.28226090e+01
 -6.94071600e-01  7.59867042e-02  9.00095691e-07]
23:16:08 - Time: 1753132568.256, current_contact_force: 0.0
23:16:08 - Time: 1753132568.256, jac: [[-9.84688831e-06  1.15997544e-01 -1.57052062e-05  2.87846726e-01
   2.94124837e-05 -1.25999715e-01 -2.71050543e-20]
 [ 4.80896416e-01 -2.27062473e-05  4.30535343e-01 -3.45473138e-05
   1.15332638e-01  3.20166710e-05  5.55111512e-17]
 [ 0.00000000e+00 -4.80896405e-01  2.85621897e-05  3.65528290e-01
   5.03438908e-05  2.66118452e-04  2.71050543e-20]
 [ 0.00000000e+00  1.95747652e-04  2.74686004e-01 -7.69085345e-05
   9.14485997e-01  2.55023040e-04 -2.11194002e-03]
 [ 0.00000000e+00  9.99999981e-01 -5.37691412e-05 -9.99999996e-01
  -5.65952798e-05  9.99999872e-01  4.37047933e-04]
 [ 1.00000000e+00  0.00000000e+00  9.61533981e-01 -3.39493390e-05
  -4.04617546e-01  4.36510299e-04 -9.99997674e-01]]
23:16:08 - Time: 1753132568.256, tau: [-3.45825233e-02 -7.17717841e+00 -1.01704961e-01  1.92138017e+00
 -4.69784948e-02  6.30091051e-02  1.77855552e-06]
23:16:08 - Time: 1753132568.256, tau + g: [-4.10411387e-02 -4.36729657e+01 -3.39328389e-01  2.27899912e+01
 -6.93254914e-01  7.55330454e-02  9.14591887e-07]
23:16:08 - Time: 1753132568.263, current_contact_force: 0.0
23:16:08 - Time: 1753132568.263, jac: [[-9.71003739e-06  1.15609084e-01 -1.56371266e-05  2.88132186e-01
   2.91844181e-05 -1.25999713e-01 -2.71050543e-20]
 [ 4.81128860e-01 -2.28747481e-05  4.30648483e-01 -3.46791820e-05
   1.15293427e-01  3.17785138e-05  0.00000000e+00]
 [ 0.00000000e+00 -4.81128848e-01  2.89065513e-05  3.65400795e-01
   5.00587442e-05  2.67176515e-04  0.00000000e+00]
 [ 0.00000000e+00  1.97862891e-04  2.75543003e-01 -7.60950855e-05
   9.14169904e-01  2.53131640e-04 -2.12033876e-03]
 [ 0.00000000e+00  9.99999980e-01 -5.45197362e-05 -9.99999996e-01
  -5.54163907e-05  9.99999874e-01  4.34721293e-04]
 [ 1.00000000e+00  2.22044605e-16  9.61288745e-01 -3.49034230e-05
  -4.05331203e-01  4.34185530e-04 -9.99997658e-01]]
23:16:08 - Time: 1753132568.263, tau: [-3.44979329e-02 -7.11178141e+00 -1.01060559e-01  1.89169151e+00
 -4.62562667e-02  6.28218878e-02  1.77753081e-06]
23:16:08 - Time: 1753132568.263, tau + g: [-4.07710470e-02 -4.36485662e+01 -3.39243175e-01  2.27577380e+01
 -6.92447444e-01  7.50772199e-02  9.28263313e-07]
23:16:08 - Time: 1753132568.269, current_contact_force: 0.0
23:16:08 - Time: 1753132568.269, jac: [[-9.57561336e-06  1.15226054e-01 -1.55698382e-05  2.88413067e-01
   2.89562997e-05 -1.25999711e-01  0.00000000e+00]
 [ 4.81358947e-01 -2.30371415e-05  4.30760526e-01 -3.48071532e-05
   1.15254757e-01  3.15400094e-05  0.00000000e+00]
 [ 0.00000000e+00 -4.81358936e-01  2.92458560e-05  3.65275106e-01
   4.97742928e-05  2.68196156e-04 -2.71050543e-20]
 [ 0.00000000e+00  1.99929966e-04  2.76390089e-01 -7.52847019e-05
   9.13858231e-01  2.51237319e-04 -2.12843255e-03]
 [ 0.00000000e+00  9.99999980e-01 -5.52586620e-05 -9.99999997e-01
  -5.42444155e-05  9.99999875e-01  4.32396965e-04]
 [ 1.00000000e+00  2.22044605e-16  9.61045533e-01 -3.58471219e-05
  -4.06033411e-01  4.31863188e-04 -9.99997641e-01]]
23:16:08 - Time: 1753132568.269, tau: [-3.44082198e-02 -7.04640995e+00 -1.00408847e-01  1.86235459e+00
 -4.55426234e-02  6.26255620e-02  1.77594001e-06]
23:16:08 - Time: 1753132568.269, tau + g: [-4.05005177e-02 -4.36237865e+01 -3.39146718e-01  2.27258494e+01
 -6.91649172e-01  7.46192966e-02  9.41133376e-07]
23:16:08 - Time: 1753132568.279, current_contact_force: 0.0
23:16:08 - Time: 1753132568.279, jac: [[-9.44357162e-06  1.14848389e-01 -1.55033065e-05  2.88689436e-01
   2.87281786e-05 -1.25999709e-01 -5.42101086e-20]
 [ 4.81586693e-01 -2.31935337e-05  4.30871475e-01 -3.49312222e-05
   1.15216620e-01  3.13012166e-05 -5.55111512e-17]
 [ 0.00000000e+00 -4.81586681e-01  2.95800439e-05  3.65151206e-01
   4.94905346e-05  2.69177652e-04  2.71050543e-20]
 [ 0.00000000e+00  2.01949139e-04  2.77227340e-01 -7.44775108e-05
   9.13550935e-01  2.49340547e-04 -2.13622360e-03]
 [ 0.00000000e+00  9.99999980e-01 -5.59858237e-05 -9.99999997e-01
  -5.30795782e-05  9.99999877e-01  4.30074991e-04]
 [ 1.00000000e+00  0.00000000e+00  9.60804350e-01 -3.67802470e-05
  -4.06724337e-01  4.29543311e-04 -9.99997626e-01]]
23:16:08 - Time: 1753132568.279, tau: [-3.43135197e-02 -6.98108208e+00 -9.97501929e-02  1.83336893e+00
 -4.48375488e-02  6.24203731e-02  1.77380327e-06]
23:16:08 - Time: 1753132568.279, tau + g: [-4.02295867e-02 -4.35986453e+01 -3.39039351e-01  2.26943246e+01
 -6.90860077e-01  7.41593464e-02  9.53225042e-07]
23:16:08 - Time: 1753132568.291, current_contact_force: 0.0
23:16:08 - Time: 1753132568.291, jac: [[-9.31386809e-06  1.14476024e-01 -1.54374980e-05  2.88961358e-01
   2.85001039e-05 -1.25999707e-01  0.00000000e+00]
 [ 4.81812111e-01 -2.33440296e-05  4.30981335e-01 -3.50513856e-05
   1.15179013e-01  3.10621932e-05  0.00000000e+00]
 [ 0.00000000e+00 -4.81812099e-01  2.99090588e-05  3.65029077e-01
   4.92074676e-05  2.70121290e-04  2.71050543e-20]
 [ 0.00000000e+00  2.03920684e-04  2.78054835e-01 -7.36736349e-05
   9.13247972e-01  2.47441784e-04 -2.14371418e-03]
 [ 0.00000000e+00  9.99999979e-01 -5.67011334e-05 -9.99999997e-01
  -5.19220949e-05  9.99999878e-01  4.27755413e-04]
 [ 1.00000000e+00  2.22044605e-16  9.60565201e-01 -3.77026179e-05
  -4.07404148e-01  4.27225937e-04 -9.99997611e-01]]
23:16:08 - Time: 1753132568.291, tau: [-3.42139669e-02 -6.91581533e+00 -9.90849583e-02  1.80473385e+00
 -4.41410234e-02  6.22065648e-02  1.77114026e-06]
23:16:08 - Time: 1753132568.291, tau + g: [-3.99582903e-02 -4.35731609e+01 -3.38921400e-01  2.26631632e+01
 -6.90080137e-01  7.36974413e-02  9.64560836e-07]
23:16:08 - Time: 1753132568.296, current_contact_force: 0.0
23:16:08 - Time: 1753132568.296, jac: [[-9.18645923e-06  1.14108895e-01 -1.53723802e-05  2.89228901e-01
   2.82721230e-05 -1.25999705e-01  0.00000000e+00]
 [ 4.82035218e-01 -2.34887329e-05  4.31090110e-01 -3.51676412e-05
   1.15141928e-01  3.08229952e-05  0.00000000e+00]
 [ 0.00000000e+00 -4.82035206e-01  3.02328480e-05  3.64908701e-01
   4.89250905e-05  2.71027363e-04 -2.71050543e-20]
 [ 0.00000000e+00  2.05844885e-04  2.78872653e-01 -7.28731926e-05
   9.12949296e-01  2.45541481e-04 -2.15090661e-03]
 [ 0.00000000e+00  9.99999979e-01 -5.74045105e-05 -9.99999997e-01
  -5.07721731e-05  9.99999880e-01  4.25438277e-04]
 [ 1.00000000e+00  2.22044605e-16  9.60328090e-01 -3.86140634e-05
  -4.08073008e-01  4.24911110e-04 -9.99997596e-01]]
23:16:08 - Time: 1753132568.296, tau: [-3.41096943e-02 -6.85062669e+00 -9.84134967e-02  1.77644857e+00
 -4.34530242e-02  6.19843784e-02  1.76797013e-06]
23:16:08 - Time: 1753132568.296, tau + g: [-3.96866649e-02 -4.35473512e+01 -3.38793188e-01  2.26323644e+01
 -6.89309323e-01  7.32336553e-02  9.75162844e-07]
23:16:08 - Time: 1753132568.307, current_contact_force: 0.0
23:16:08 - Time: 1753132568.307, jac: [[-9.06130203e-06  1.13746938e-01 -1.53079216e-05  2.89492128e-01
   2.80442825e-05 -1.25999703e-01  0.00000000e+00]
 [ 4.82256029e-01 -2.36277460e-05  4.31197803e-01 -3.52799888e-05
   1.15105362e-01  3.05836778e-05  0.00000000e+00]
 [ 0.00000000e+00 -4.82256016e-01  3.05513619e-05  3.64790059e-01
   4.86434020e-05  2.71896171e-04  0.00000000e+00]
 [ 0.00000000e+00  2.07722036e-04  2.79680872e-01 -7.20762981e-05
   9.12654864e-01  2.43640076e-04 -2.15780329e-03]
 [ 0.00000000e+00  9.99999978e-01 -5.80958813e-05 -9.99999997e-01
  -4.96300124e-05  9.99999881e-01  4.23123628e-04]
 [ 1.00000000e+00  1.11022302e-16  9.60093020e-01 -3.95144204e-05
  -4.08731081e-01  4.22598872e-04 -9.99997582e-01]]
23:16:08 - Time: 1753132568.307, tau: [-3.40008335e-02 -6.78553267e+00 -9.77361549e-02  1.74851211e+00
 -4.27735248e-02  6.17540534e-02  1.76431158e-06]
23:16:08 - Time: 1753132568.307, tau + g: [-3.94147470e-02 -4.35212338e+01 -3.38655030e-01  2.26019273e+01
 -6.88547606e-01  7.27680632e-02  9.85052711e-07]
23:16:08 - Time: 1753132568.313, current_contact_force: 0.0
23:16:08 - Time: 1753132568.313, jac: [[-8.93835407e-06  1.13390090e-01 -1.52440915e-05  2.89751105e-01
   2.78166276e-05 -1.25999701e-01 -2.71050543e-20]
 [ 4.82474557e-01 -2.37611703e-05  4.31304421e-01 -3.53884295e-05
   1.15069308e-01  3.03442946e-05  1.11022302e-16]
 [ 0.00000000e+00 -4.82474545e-01  3.08645543e-05  3.64673134e-01
   4.83624011e-05  2.72728023e-04  0.00000000e+00]
 [ 0.00000000e+00  2.09552437e-04  2.80479572e-01 -7.12830612e-05
   9.12364631e-01  2.41738000e-04 -2.16440665e-03]
 [ 0.00000000e+00  9.99999978e-01 -5.87751792e-05 -9.99999997e-01
  -4.84958045e-05  9.99999882e-01  4.20811517e-04]
 [ 1.00000000e+00  3.33066907e-16  9.59859993e-01 -4.04035347e-05
  -4.09378526e-01  4.20289270e-04 -9.99997569e-01]]
23:16:08 - Time: 1753132568.313, tau: [-3.38875146e-02 -6.72054925e+00 -9.70532728e-02  1.72092341e+00
 -4.21024960e-02  6.15158268e-02  1.76018281e-06]
23:16:08 - Time: 1753132568.313, tau + g: [-3.91425731e-02 -4.34948256e+01 -3.38507239e-01  2.25718509e+01
 -6.87794953e-01  7.23007413e-02  9.94251643e-07]
23:16:08 - Time: 1753132568.327, current_contact_force: 0.0
23:16:08 - Time: 1753132568.327, jac: [[-8.81757345e-06  1.13038289e-01 -1.51808603e-05  2.90005894e-01
   2.75892023e-05 -1.25999700e-01 -2.71050543e-20]
 [ 4.82690820e-01 -2.38891058e-05  4.31409966e-01 -3.54929658e-05
   1.15033760e-01  3.01048981e-05  0.00000000e+00]
 [ 0.00000000e+00 -4.82690807e-01  3.11723825e-05  3.64557907e-01
   4.80820872e-05  2.73523232e-04  0.00000000e+00]
 [ 0.00000000e+00  2.11336401e-04  2.81268833e-01 -7.04935879e-05
   9.12078552e-01  2.39835671e-04 -2.17071918e-03]
 [ 0.00000000e+00  9.99999978e-01 -5.94423442e-05 -9.99999997e-01
  -4.73697331e-05  9.99999884e-01  4.18501994e-04]
 [ 1.00000000e+00  1.11022302e-16  9.59629012e-01 -4.12812601e-05
  -4.10015503e-01  4.17982351e-04 -9.99997556e-01]]
23:16:08 - Time: 1753132568.327, tau: [-3.37698663e-02 -6.65569191e+00 -9.63651836e-02  1.69368125e+00
 -4.14399051e-02  6.12699333e-02  1.75560158e-06]
23:16:08 - Time: 1753132568.327, tau + g: [-3.88701800e-02 -4.34681435e+01 -3.38350123e-01  2.25421340e+01
 -6.87051330e-01  7.18317669e-02  1.00278040e-06]
23:16:08 - Time: 1753132568.330, current_contact_force: 0.0
23:16:08 - Time: 1753132568.330, jac: [[-8.69891887e-06  1.12691472e-01 -1.51181994e-05  2.90256558e-01
   2.73620496e-05 -1.25999698e-01 -2.71050543e-20]
 [ 4.82904831e-01 -2.40116512e-05  4.31514445e-01 -3.55936021e-05
   1.14998714e-01  2.98655394e-05  0.00000000e+00]
 [ 0.00000000e+00 -4.82904819e-01  3.14748067e-05  3.64444360e-01
   4.78024599e-05  2.74282119e-04  0.00000000e+00]
 [ 0.00000000e+00  2.13074247e-04  2.82048734e-01 -6.97079798e-05
   9.11796583e-01  2.37933499e-04 -2.17674343e-03]
 [ 0.00000000e+00  9.99999977e-01 -6.00973230e-05 -9.99999997e-01
  -4.62519741e-05  9.99999885e-01  4.16195112e-04]
 [ 1.00000000e+00  1.11022302e-16  9.59400077e-01 -4.21474589e-05
  -4.10642168e-01  4.15678165e-04 -9.99997544e-01]]
23:16:08 - Time: 1753132568.330, tau: [-3.36480157e-02 -6.59097565e+00 -9.56722132e-02  1.66678430e+00
 -4.07857170e-02  6.10166052e-02  1.75058518e-06]
23:16:08 - Time: 1753132568.330, tau + g: [-3.85976041e-02 -4.34412037e+01 -3.38183983e-01  2.25127754e+01
 -6.86316697e-01  7.13612182e-02  1.01065933e-06]
23:16:08 - Time: 1753132568.343, current_contact_force: 0.0
23:16:08 - Time: 1753132568.343, jac: [[-8.58234958e-06  1.12349578e-01 -1.50560809e-05  2.90503160e-01
   2.71352111e-05 -1.25999696e-01 -2.71050543e-20]
 [ 4.83116607e-01 -2.41289041e-05  4.31617862e-01 -3.56903438e-05
   1.14964163e-01  2.96262684e-05  0.00000000e+00]
 [ 0.00000000e+00 -4.83116594e-01  3.17717905e-05  3.64332475e-01
   4.75235191e-05  2.75005009e-04  0.00000000e+00]
 [ 0.00000000e+00  2.14766304e-04  2.82819354e-01 -6.89263350e-05
   9.11518678e-01  2.36031884e-04 -2.18248199e-03]
 [ 0.00000000e+00  9.99999977e-01 -6.07400687e-05 -9.99999997e-01
  -4.51426957e-05  9.99999887e-01  4.13890926e-04]
 [ 1.00000000e+00  2.22044605e-16  9.59173190e-01 -4.30020015e-05
  -4.11258675e-01  4.13376764e-04 -9.99997533e-01]]
23:16:08 - Time: 1753132568.343, tau: [-3.35220885e-02 -6.52641501e+00 -9.49746808e-02  1.64023110e+00
 -4.01398938e-02  6.07560723e-02  1.74515044e-06]
23:16:08 - Time: 1753132568.343, tau + g: [-3.83248822e-02 -4.34140220e+01 -3.38009117e-01  2.24837738e+01
 -6.85591015e-01  7.08891744e-02  1.01790831e-06]
23:16:08 - Time: 1753132568.348, current_contact_force: 0.0
23:16:08 - Time: 1753132568.348, jac: [[-8.46782544e-06  1.12012545e-01 -1.49944779e-05  2.90745760e-01
   2.69087276e-05 -1.25999695e-01  0.00000000e+00]
 [ 4.83326162e-01 -2.42409610e-05  4.31720221e-01 -3.57831981e-05
   1.14930102e-01  2.93871340e-05  0.00000000e+00]
 [ 0.00000000e+00 -4.83326149e-01  3.20633005e-05  3.64222233e-01
   4.72452651e-05  2.75692235e-04  2.71050543e-20]
 [ 0.00000000e+00  2.16412906e-04  2.83580775e-01 -6.81487474e-05
   9.11244793e-01  2.34131216e-04 -2.18793749e-03]
 [ 0.00000000e+00  9.99999977e-01 -6.13705409e-05 -9.99999997e-01
  -4.40420589e-05  9.99999888e-01  4.11589493e-04]
 [ 1.00000000e+00  0.00000000e+00  9.58948351e-01 -4.38447661e-05
  -4.11865179e-01  4.11078202e-04 -9.99997522e-01]]
23:16:08 - Time: 1753132568.348, tau: [-3.33922088e-02 -6.46202403e+00 -9.42728989e-02  1.61402010e+00
 -3.95023947e-02  6.04885619e-02  1.73931378e-06]
23:16:08 - Time: 1753132568.348, tau + g: [-3.80520508e-02 -4.33866141e+01 -3.37825818e-01  2.24551275e+01
 -6.84874240e-01  7.04157153e-02  1.02454681e-06]
23:16:08 - Time: 1753132568.362, current_contact_force: 0.0
23:16:08 - Time: 1753132568.362, jac: [[-8.35530685e-06  1.11680314e-01 -1.49333645e-05  2.90984419e-01
   2.66826385e-05 -1.25999694e-01  0.00000000e+00]
 [ 4.83533513e-01 -2.43479168e-05  4.31821530e-01 -3.58721732e-05
   1.14896526e-01  2.91481835e-05  5.55111512e-17]
 [ 0.00000000e+00 -4.83533499e-01  3.23493066e-05  3.64113617e-01
   4.69676982e-05  2.76344133e-04 -2.71050543e-20]
 [ 0.00000000e+00  2.18014397e-04  2.84333076e-01 -6.73753072e-05
   9.10974883e-01  2.32231874e-04 -2.19311259e-03]
 [ 0.00000000e+00  9.99999976e-01 -6.19887054e-05 -9.99999997e-01
  -4.29502169e-05  9.99999889e-01  4.09290872e-04]
 [ 1.00000000e+00  1.11022302e-16  9.58725559e-01 -4.46756389e-05
  -4.12461830e-01  4.08782534e-04 -9.99997511e-01]]
23:16:08 - Time: 1753132568.362, tau: [-3.32584991e-02 -6.39781629e+00 -9.35671730e-02  1.58814962e+00
 -3.88731769e-02  6.02142989e-02  1.73309115e-06]
23:16:08 - Time: 1753132568.362, tau + g: [-3.77791462e-02 -4.33589951e+01 -3.37634373e-01  2.24268352e+01
 -6.84166329e-01  6.99409214e-02  1.03059387e-06]
23:16:08 - Time: 1753132568.367, current_contact_force: 0.0
23:16:08 - Time: 1753132568.367, jac: [[-8.24475483e-06  1.11352823e-01 -1.48727154e-05  2.91219197e-01
   2.64569822e-05 -1.25999692e-01 -5.42101086e-20]
 [ 4.83738673e-01 -2.44498654e-05  4.31921791e-01 -3.59572791e-05
   1.14863429e-01  2.89094634e-05  0.00000000e+00]
 [ 0.00000000e+00 -4.83738660e-01  3.26297814e-05  3.64006608e-01
   4.66908192e-05  2.76961045e-04  0.00000000e+00]
 [ 0.00000000e+00  2.19571127e-04  2.85076337e-01 -6.66061010e-05
   9.10708903e-01  2.30334230e-04 -2.19801003e-03]
 [ 0.00000000e+00  9.99999976e-01 -6.25945341e-05 -9.99999997e-01
  -4.18673159e-05  9.99999891e-01  4.06995123e-04]
 [ 1.00000000e+00  3.33066907e-16  9.58504814e-01 -4.54945140e-05
  -4.13048778e-01  4.06489817e-04 -9.99997502e-01]]
23:16:08 - Time: 1753132568.367, tau: [-3.31210803e-02 -6.33380494e+00 -9.28578019e-02  1.56261789e+00
 -3.82521951e-02  5.99335052e-02  1.72649812e-06]
23:16:08 - Time: 1753132568.367, tau + g: [-3.75062050e-02 -4.33311797e+01 -3.37435065e-01  2.23988950e+01
 -6.83467233e-01  6.94648739e-02  1.03606810e-06]
23:16:08 - Time: 1753132568.374, current_contact_force: 0.0
23:16:08 - Time: 1753132568.374, jac: [[-8.13613096e-06  1.11030013e-01 -1.48125065e-05  2.91450152e-01
   2.62317961e-05 -1.25999691e-01 -2.71050543e-20]
 [ 4.83941660e-01 -2.45468994e-05  4.32021012e-01 -3.60385267e-05
   1.14830805e-01  2.86710186e-05  0.00000000e+00]
 [ 0.00000000e+00 -4.83941646e-01  3.29047007e-05  3.63901188e-01
   4.64146290e-05  2.77543317e-04  0.00000000e+00]
 [ 0.00000000e+00  2.21083454e-04  2.85810639e-01 -6.58412116e-05
   9.10446808e-01  2.28438644e-04 -2.20263253e-03]
 [ 0.00000000e+00  9.99999976e-01 -6.31880048e-05 -9.99999997e-01
  -4.07934946e-05  9.99999892e-01  4.04702308e-04]
 [ 1.00000000e+00  3.33066907e-16  9.58286113e-01 -4.63012928e-05
  -4.13626169e-01  4.04200112e-04 -9.99997492e-01]]
23:16:08 - Time: 1753132568.374, tau: [-3.29800720e-02 -6.27000266e+00 -9.21450778e-02  1.53742306e+00
 -3.76394018e-02  5.96464002e-02  1.71954980e-06]
23:16:08 - Time: 1753132568.374, tau + g: [-3.72332631e-02 -4.33031823e+01 -3.37228171e-01  2.23713053e+01
 -6.82776904e-01  6.89876543e-02  1.04098770e-06]
23:16:08 - Time: 1753132568.385, current_contact_force: 0.0
23:16:08 - Time: 1753132568.385, jac: [[-8.02939744e-06  1.10711825e-01 -1.47527142e-05  2.91677344e-01
   2.60071164e-05 -1.25999690e-01  0.00000000e+00]
 [ 4.84142488e-01 -2.46391103e-05  4.32119198e-01 -3.61159286e-05
   1.14798648e-01  2.84328932e-05  0.00000000e+00]
 [ 0.00000000e+00 -4.84142474e-01  3.31740432e-05  3.63797338e-01
   4.61391290e-05  2.78091301e-04 -2.71050543e-20]
 [ 0.00000000e+00  2.22551743e-04  2.86536061e-01 -6.50807183e-05
   9.10188554e-01  2.26545469e-04 -2.20698289e-03]
 [ 0.00000000e+00  9.99999975e-01 -6.37691013e-05 -9.99999997e-01
  -3.97288852e-05  9.99999894e-01  4.02412492e-04]
 [ 1.00000000e+00  1.11022302e-16  9.58069456e-01 -4.70958845e-05
  -4.14194150e-01  4.01913479e-04 -9.99997484e-01]]
23:16:08 - Time: 1753132568.385, tau: [-3.28355916e-02 -6.20642168e+00 -9.14292862e-02  1.51256316e+00
 -3.70347474e-02  5.93532005e-02  1.71226094e-06]
23:16:08 - Time: 1753132568.385, tau + g: [-3.69603568e-02 -4.32750170e+01 -3.37013964e-01  2.23440641e+01
 -6.82095290e-01  6.85093444e-02  1.04537044e-06]
23:16:08 - Time: 1753132568.396, current_contact_force: 0.0
23:16:08 - Time: 1753132568.396, jac: [[-7.92451703e-06  1.10398202e-01 -1.46933160e-05  2.91900828e-01
   2.57829783e-05 -1.25999689e-01  0.00000000e+00]
 [ 4.84341172e-01 -2.47265881e-05  4.32216354e-01 -3.61894984e-05
   1.14766954e-01  2.81951300e-05  0.00000000e+00]
 [ 0.00000000e+00 -4.84341158e-01  3.34377904e-05  3.63695041e-01
   4.58643206e-05  2.78605351e-04  0.00000000e+00]
 [ 0.00000000e+00  2.23976362e-04  2.87252685e-01 -6.43246970e-05
   9.09934096e-01  2.24655048e-04 -2.21106392e-03]
 [ 0.00000000e+00  9.99999975e-01 -6.43378128e-05 -9.99999997e-01
  -3.86736124e-05  9.99999895e-01  4.00125741e-04]
 [ 1.00000000e+00  1.11022302e-16  9.57854838e-01 -4.78782054e-05
  -4.14752865e-01  3.99629981e-04 -9.99997476e-01]]
23:16:08 - Time: 1753132568.396, tau: [-3.26877554e-02 -6.14307385e+00 -9.07107059e-02  1.48803617e+00
 -3.64381805e-02  5.90541201e-02  1.70464584e-06]
23:16:08 - Time: 1753132568.396, tau + g: [-3.66875218e-02 -4.32466974e+01 -3.36792712e-01  2.23171695e+01
 -6.81422339e-01  6.80300264e-02  1.04923368e-06]
23:16:08 - Time: 1753132568.401, current_contact_force: 0.0
23:16:08 - Time: 1753132568.401, jac: [[-7.82145310e-06  1.10089083e-01 -1.46342899e-05  2.92120663e-01
   2.55594160e-05 -1.25999688e-01  0.00000000e+00]
 [ 4.84537729e-01 -2.48094219e-05  4.32312487e-01 -3.62592509e-05
   1.14735717e-01  2.79577706e-05 -5.55111512e-17]
 [ 0.00000000e+00 -4.84537715e-01  3.36959267e-05  3.63594278e-01
   4.55902056e-05  2.79085824e-04  0.00000000e+00]
 [ 0.00000000e+00  2.25357688e-04  2.87960589e-01 -6.35732202e-05
   9.09683390e-01  2.22767713e-04 -2.21487846e-03]
 [ 0.00000000e+00  9.99999975e-01 -6.48941343e-05 -9.99999997e-01
  -3.76277944e-05  9.99999896e-01  3.97842121e-04]
 [ 1.00000000e+00  3.33066907e-16  9.57642258e-01 -4.86481791e-05
  -4.15302454e-01  3.97349683e-04 -9.99997468e-01]]
23:16:08 - Time: 1753132568.401, tau: [-3.25366779e-02 -6.07997054e+00 -8.99896093e-02  1.46383996e+00
 -3.58496477e-02  5.87493699e-02  1.69671846e-06]
23:16:08 - Time: 1753132568.401, tau + g: [-3.64147936e-02 -4.32182369e+01 -3.36564678e-01  2.22906196e+01
 -6.80757997e-01  6.75497827e-02  1.05259438e-06]
23:16:08 - Time: 1753132568.406, current_contact_force: 0.0
23:16:08 - Time: 1753132568.406, jac: [[-7.72016961e-06  1.09784413e-01 -1.45756151e-05  2.92336904e-01
   2.53364628e-05 -1.25999687e-01 -2.71050543e-20]
 [ 4.84732174e-01 -2.48876993e-05  4.32407601e-01 -3.63252025e-05
   1.14704932e-01  2.77208555e-05  0.00000000e+00]
 [ 0.00000000e+00 -4.84732160e-01  3.39484391e-05  3.63495031e-01
   4.53167860e-05  2.79533084e-04  0.00000000e+00]
 [ 0.00000000e+00  2.26696103e-04  2.88659856e-01 -6.28263569e-05
   9.09436391e-01  2.20883791e-04 -2.21842940e-03]
 [ 0.00000000e+00  9.99999974e-01 -6.54380661e-05 -9.99999997e-01
  -3.65915428e-05  9.99999898e-01  3.95561703e-04]
 [ 1.00000000e+00  3.33066907e-16  9.57431712e-01 -4.94057364e-05
  -4.15843058e-01  3.95072650e-04 -9.99997461e-01]]
23:16:08 - Time: 1753132568.406, tau: [-3.23824716e-02 -6.01712275e+00 -8.92662623e-02  1.43997234e+00
 -3.52690939e-02  5.84391580e-02  1.68849235e-06]
23:16:08 - Time: 1753132568.406, tau + g: [-3.61422078e-02 -4.31896484e+01 -3.36330120e-01  2.22644122e+01
 -6.80102207e-01  6.70686956e-02  1.05546910e-06]
23:16:08 - Time: 1753132568.411, current_contact_force: 0.0
23:16:08 - Time: 1753132568.411, jac: [[-7.62063109e-06  1.09484134e-01 -1.45172711e-05  2.92549606e-01
   2.51141507e-05 -1.25999686e-01 -5.42101086e-20]
 [ 4.84924522e-01 -2.49615067e-05  4.32501704e-01 -3.63873703e-05
   1.14674592e-01  2.74844242e-05  0.00000000e+00]
 [ 0.00000000e+00 -4.84924508e-01  3.41953174e-05  3.63397282e-01
   4.50440639e-05  2.79947496e-04  0.00000000e+00]
 [ 0.00000000e+00  2.27991995e-04  2.89350563e-01 -6.20841729e-05
   9.09193055e-01  2.19003597e-04 -2.22171962e-03]
 [ 0.00000000e+00  9.99999974e-01 -6.59696139e-05 -9.99999997e-01
  -3.55649626e-05  9.99999899e-01  3.93284555e-04]
 [ 1.00000000e+00  1.11022302e-16  9.57223196e-01 -5.01508149e-05
  -4.16374816e-01  3.92798951e-04 -9.99997455e-01]]
23:16:08 - Time: 1753132568.411, tau: [-3.22252479e-02 -5.95454104e+00 -8.85409243e-02  1.41643104e+00
 -3.46964625e-02  5.81236897e-02  1.67998069e-06]
23:16:08 - Time: 1753132568.411, tau + g: [-3.58697994e-02 -4.31609445e+01 -3.36089291e-01  2.22385451e+01
 -6.79454912e-01  6.65868477e-02  1.05787401e-06]
23:16:08 - Time: 1753132568.418, current_contact_force: 0.0
23:16:08 - Time: 1753132568.418, jac: [[-7.52280269e-06  1.09188189e-01 -1.44592385e-05  2.92758825e-01
   2.48925110e-05 -1.25999685e-01  0.00000000e+00]
 [ 4.85114789e-01 -2.50309296e-05  4.32594801e-01 -3.64457728e-05
   1.14644693e-01  2.72485150e-05 -5.55111512e-17]
 [ 0.00000000e+00 -4.85114775e-01  3.44365540e-05  3.63301013e-01
   4.47720420e-05  2.80329427e-04  0.00000000e+00]
 [ 0.00000000e+00  2.29245755e-04  2.90032793e-01 -6.13467308e-05
   9.08953338e-01  2.17127439e-04 -2.22475204e-03]
 [ 0.00000000e+00  9.99999974e-01 -6.64887884e-05 -9.99999997e-01
  -3.45481523e-05  9.99999900e-01  3.91010752e-04]
 [ 1.00000000e+00  2.22044605e-16  9.57016705e-01 -5.08833589e-05
  -4.16897863e-01  3.90528654e-04 -9.99997449e-01]]
23:16:08 - Time: 1753132568.418, tau: [-3.20651161e-02 -5.89223561e+00 -8.78138485e-02  1.39321373e+00
 -3.41316951e-02  5.78031673e-02  1.67119630e-06]
23:16:08 - Time: 1753132568.418, tau + g: [-3.55976032e-02 -4.31321377e+01 -3.35842440e-01  2.22130162e+01
 -6.78816053e-01  6.61043213e-02  1.05982486e-06]
23:16:08 - Time: 1753132568.428, current_contact_force: 0.0
23:16:08 - Time: 1753132568.428, jac: [[-7.42665013e-06  1.08896524e-01 -1.44014984e-05  2.92964613e-01
   2.46715739e-05 -1.25999684e-01  2.71050543e-20]
 [ 4.85302992e-01 -2.50960519e-05  4.32686899e-01 -3.65004295e-05
   1.14615228e-01  2.70131652e-05  5.55111512e-17]
 [ 0.00000000e+00 -4.85302977e-01  3.46721440e-05  3.63206206e-01
   4.45007229e-05  2.80679248e-04  0.00000000e+00]
 [ 0.00000000e+00  2.30457781e-04  2.90706624e-01 -6.06140903e-05
   9.08717195e-01  2.15255615e-04 -2.22752962e-03]
 [ 0.00000000e+00  9.99999973e-01 -6.69956053e-05 -9.99999997e-01
  -3.35412041e-05  9.99999901e-01  3.88740365e-04]
 [ 1.00000000e+00  0.00000000e+00  9.56812236e-01 -5.16033195e-05
  -4.17412336e-01  3.88261831e-04 -9.99997443e-01]]
23:16:08 - Time: 1753132568.428, tau: [-3.19021838e-02 -5.83021623e+00 -8.70852817e-02  1.37031801e+00
 -3.35747321e-02  5.74777902e-02  1.66215164e-06]
23:16:08 - Time: 1753132568.428, tau + g: [-3.53256537e-02 -4.31032397e+01 -3.35589811e-01  2.21878230e+01
 -6.78185569e-01  6.56211986e-02  1.06133705e-06]
23:16:08 - Time: 1753132568.438, current_contact_force: 0.0
23:16:08 - Time: 1753132568.438, jac: [[-7.33213971e-06  1.08609082e-01 -1.43440329e-05  2.93167024e-01
   2.44513687e-05 -1.25999684e-01  0.00000000e+00]
 [ 4.85489144e-01 -2.51569566e-05  4.32778003e-01 -3.65513612e-05
   1.14586194e-01  2.67784109e-05  0.00000000e+00]
 [ 0.00000000e+00 -4.85489129e-01  3.49020849e-05  3.63112843e-01
   4.42301094e-05  2.80997333e-04  0.00000000e+00]
 [ 0.00000000e+00  2.31628474e-04  2.91372137e-01 -5.98863077e-05
   9.08484584e-01  2.13388415e-04 -2.23005531e-03]
 [ 0.00000000e+00  9.99999973e-01 -6.74900852e-05 -9.99999997e-01
  -3.25442043e-05  9.99999903e-01  3.86473470e-04]
 [ 1.00000000e+00  0.00000000e+00  9.56609781e-01 -5.23106543e-05
  -4.17918365e-01  3.85998553e-04 -9.99997439e-01]]
23:16:08 - Time: 1753132568.438, tau: [-3.17365573e-02 -5.76849231e+00 -8.63554645e-02  1.34774142e+00
 -3.30255125e-02  5.71477547e-02  1.65285881e-06]
23:16:08 - Time: 1753132568.438, tau + g: [-3.50539851e-02 -4.30742622e+01 -3.35331641e-01  2.21629634e+01
 -6.77563399e-01  6.51375617e-02  1.06242558e-06]
23:16:08 - Time: 1753132568.444, current_contact_force: 0.0
23:16:08 - Time: 1753132568.444, jac: [[-7.23923832e-06  1.08325808e-01 -1.42868246e-05  2.93366111e-01
   2.42319238e-05 -1.25999683e-01 -2.71050543e-20]
 [ 4.85673262e-01 -2.52137253e-05  4.32868120e-01 -3.65985894e-05
   1.14557584e-01  2.65442872e-05  0.00000000e+00]
 [ 0.00000000e+00 -4.85673248e-01  3.51263766e-05  3.63020907e-01
   4.39602048e-05  2.81284058e-04  0.00000000e+00]
 [ 0.00000000e+00  2.32758241e-04  2.92029410e-01 -5.91634366e-05
   9.08255460e-01  2.11526122e-04 -2.23233210e-03]
 [ 0.00000000e+00  9.99999973e-01 -6.79722536e-05 -9.99999997e-01
  -3.15572330e-05  9.99999904e-01  3.84210143e-04]
 [ 1.00000000e+00  2.22044605e-16  9.56409337e-01 -5.30053273e-05
  -4.18416083e-01  3.83738894e-04 -9.99997435e-01]]
23:16:08 - Time: 1753132568.444, tau: [-3.15683408e-02 -5.70707288e+00 -8.56246313e-02  1.32548146e+00
 -3.24839739e-02  5.68132541e-02  1.64332958e-06]
23:16:08 - Time: 1753132568.444, tau + g: [-3.47826313e-02 -4.30452166e+01 -3.35068166e-01  2.21384348e+01
 -6.76949480e-01  6.46534923e-02  1.06310508e-06]
23:16:08 - Time: 1753132568.453, current_contact_force: 0.0
23:16:08 - Time: 1753132568.453, jac: [[-7.14791343e-06  1.08046649e-01 -1.42298568e-05  2.93561925e-01
   2.40132665e-05 -1.25999683e-01  0.00000000e+00]
 [ 4.85855362e-01 -2.52664385e-05  4.32957257e-01 -3.66421369e-05
   1.14529393e-01  2.63108284e-05  0.00000000e+00]
 [ 0.00000000e+00 -4.85855348e-01  3.53450216e-05  3.62930379e-01
   4.36910123e-05  2.81539799e-04  0.00000000e+00]
 [ 0.00000000e+00  2.33847491e-04  2.92678524e-01 -5.84455275e-05
   9.08029780e-01  2.09669009e-04 -2.23436298e-03]
 [ 0.00000000e+00  9.99999973e-01 -6.84421403e-05 -9.99999997e-01
  -3.05803644e-05  9.99999905e-01  3.81950461e-04]
 [ 1.00000000e+00  1.11022302e-16  9.56210896e-01 -5.36873085e-05
  -4.18905619e-01  3.81482928e-04 -9.99997431e-01]]
23:16:08 - Time: 1753132568.453, tau: [-3.13976370e-02 -5.64596661e+00 -8.48930104e-02  1.30353555e+00
 -3.19500528e-02  5.64744788e-02  1.63357539e-06]
23:16:08 - Time: 1753132568.453, tau + g: [-3.45116257e-02 -4.30161138e+01 -3.34799614e-01  2.21142348e+01
 -6.76343747e-01  6.41690718e-02  1.06338983e-06]
23:16:08 - Time: 1753132568.459, current_contact_force: 0.0
23:16:08 - Time: 1753132568.459, jac: [[-7.05813309e-06  1.07771551e-01 -1.41731136e-05  2.93754517e-01
   2.37954235e-05 -1.25999682e-01  0.00000000e+00]
 [ 4.86035460e-01 -2.53151756e-05  4.33045419e-01 -3.66820274e-05
   1.14501615e-01  2.60780675e-05  5.55111512e-17]
 [ 0.00000000e+00 -4.86035445e-01  3.55580246e-05  3.62841242e-01
   4.34225355e-05  2.81764937e-04  2.71050543e-20]
 [ 0.00000000e+00  2.34896637e-04  2.93319558e-01 -5.77326282e-05
   9.07807501e-01  2.07817341e-04 -2.23615096e-03]
 [ 0.00000000e+00  9.99999972e-01 -6.88997798e-05 -9.99999997e-01
  -2.96136669e-05  9.99999906e-01  3.79694503e-04]
 [ 1.00000000e+00  3.33066907e-16  9.56014452e-01 -5.43565743e-05
  -4.19387101e-01  3.79230732e-04 -9.99997428e-01]]
23:16:08 - Time: 1753132568.459, tau: [-3.12245467e-02 -5.58518181e+00 -8.41608244e-02  1.28190108e+00
 -3.14236848e-02  5.61316161e-02  1.62360733e-06]
23:16:08 - Time: 1753132568.459, tau + g: [-3.42410015e-02 -4.29869646e+01 -3.34526211e-01  2.20903610e+01
 -6.75746137e-01  6.36843811e-02  1.06329372e-06]
23:16:08 - Time: 1753132568.469, current_contact_force: 0.0
23:16:08 - Time: 1753132568.469, jac: [[-6.96986592e-06  1.07500459e-01 -1.41165795e-05  2.93943938e-01
   2.35784204e-05 -1.25999682e-01  2.71050543e-20]
 [ 4.86213570e-01 -2.53600147e-05  4.33132614e-01 -3.67182855e-05
   1.14474246e-01  2.58460365e-05  5.55111512e-17]
 [ 0.00000000e+00 -4.86213555e-01  3.57653927e-05  3.62753479e-01
   4.31547781e-05  2.81959851e-04  2.71050543e-20]
 [ 0.00000000e+00  2.35906098e-04  2.93952591e-01 -5.70247836e-05
   9.07588580e-01  2.05971378e-04 -2.23769906e-03]
 [ 0.00000000e+00  9.99999972e-01 -6.93452108e-05 -9.99999997e-01
  -2.86572035e-05  9.99999908e-01  3.77442348e-04]
 [ 1.00000000e+00  2.22044605e-16  9.55819998e-01 -5.50131068e-05
  -4.19860654e-01  3.76982382e-04 -9.99997425e-01]]
23:16:08 - Time: 1753132568.469, tau: [-3.10491693e-02 -5.52472643e+00 -8.34282895e-02  1.26057540e+00
 -3.09048043e-02  5.57848503e-02  1.61343621e-06]
23:16:08 - Time: 1753132568.469, tau + g: [-3.39707913e-02 -4.29577792e+01 -3.34248176e-01  2.20668106e+01
 -6.75156583e-01  6.31995008e-02  1.06283031e-06]
23:16:08 - Time: 1753132568.478, current_contact_force: 0.0
23:16:08 - Time: 1753132568.478, jac: [[-6.88308110e-06  1.07233323e-01 -1.40602398e-05  2.94130237e-01
   2.33622820e-05 -1.25999682e-01  0.00000000e+00]
 [ 4.86389709e-01 -2.54010328e-05  4.33218849e-01 -3.67509367e-05
   1.14447281e-01  2.56147667e-05 -5.55111512e-17]
 [ 0.00000000e+00 -4.86389694e-01  3.59671350e-05  3.62667071e-01
   4.28877440e-05  2.82124926e-04 -2.71050543e-20]
 [ 0.00000000e+00  2.36876294e-04  2.94577702e-01 -5.63220360e-05
   9.07372974e-01  2.04131367e-04 -2.23901033e-03]
 [ 0.00000000e+00  9.99999972e-01 -6.97784763e-05 -9.99999997e-01
  -2.77110314e-05  9.99999909e-01  3.75194077e-04]
 [ 1.00000000e+00  0.00000000e+00  9.55627528e-01 -5.56568941e-05
  -4.20326402e-01  3.74737956e-04 -9.99997423e-01]]
23:16:08 - Time: 1753132568.478, tau: [-3.08716023e-02 -5.46460808e+00 -8.26956164e-02  1.23955581e+00
 -3.03933447e-02  5.54343624e-02  1.60307248e-06]
23:16:08 - Time: 1753132568.478, tau + g: [-3.37010275e-02 -4.29285678e+01 -3.33965724e-01  2.20435812e+01
 -6.74575018e-01  6.27145107e-02  1.06201280e-06]
23:16:08 - Time: 1753132568.486, current_contact_force: 0.0
23:16:08 - Time: 1753132568.486, jac: [[-6.79774839e-06  1.06970088e-01 -1.40040807e-05  2.94313464e-01
   2.31470322e-05 -1.25999681e-01 -2.71050543e-20]
 [ 4.86563893e-01 -2.54383058e-05  4.33304129e-01 -3.67800076e-05
   1.14420713e-01  2.53842880e-05  0.00000000e+00]
 [ 0.00000000e+00 -4.86563877e-01  3.61632630e-05  3.62582002e-01
   4.26214372e-05  2.82260543e-04  2.71050543e-20]
 [ 0.00000000e+00  2.37807648e-04  2.95194969e-01 -5.56244250e-05
   9.07160642e-01  2.02297552e-04 -2.24008780e-03]
 [ 0.00000000e+00  9.99999972e-01 -7.01996232e-05 -9.99999997e-01
  -2.67752026e-05  9.99999910e-01  3.72949771e-04]
 [ 1.00000000e+00  1.11022302e-16  9.55437034e-01 -5.62879296e-05
  -4.20784469e-01  3.72497534e-04 -9.99997421e-01]]
23:16:08 - Time: 1753132568.486, tau: [-3.06919415e-02 -5.40483403e+00 -8.19630099e-02  1.21883957e+00
 -2.98892387e-02  5.50803306e-02  1.59252633e-06]
23:16:08 - Time: 1753132568.486, tau + g: [-3.34317421e-02 -4.28993401e+01 -3.33679066e-01  2.20206701e+01
 -6.74001375e-01  6.22294903e-02  1.06085405e-06]
23:16:08 - Time: 1753132568.491, current_contact_force: 0.0
23:16:08 - Time: 1753132568.491, jac: [[-6.71383810e-06  1.06710705e-01 -1.39480884e-05  2.94493666e-01
   2.29326942e-05 -1.25999681e-01 -2.71050543e-20]
 [ 4.86736136e-01 -2.54719085e-05  4.33388463e-01 -3.68055253e-05
   1.14394538e-01  2.51546298e-05 -5.55111512e-17]
 [ 0.00000000e+00 -4.86736120e-01  3.63537903e-05  3.62498255e-01
   4.23558621e-05  2.82367089e-04  0.00000000e+00]
 [ 0.00000000e+00  2.38700586e-04  2.95804471e-01 -5.49319877e-05
   9.06951540e-01  2.00470167e-04 -2.24093452e-03]
 [ 0.00000000e+00  9.99999972e-01 -7.06087024e-05 -9.99999997e-01
  -2.58497638e-05  9.99999911e-01  3.70709513e-04]
 [ 1.00000000e+00  2.22044605e-16  9.55248507e-01 -5.69062127e-05
  -4.21234975e-01  3.70261195e-04 -9.99997420e-01]]
23:16:08 - Time: 1753132568.491, tau: [-3.05102811e-02 -5.34541123e+00 -8.12306690e-02  1.19842390e+00
 -2.93924181e-02  5.47229299e-02  1.58180762e-06]
23:16:08 - Time: 1753132568.491, tau + g: [-3.31629663e-02 -4.28701056e+01 -3.33388409e-01  2.19980745e+01
 -6.73435585e-01  6.17445182e-02  1.05936659e-06]
23:16:08 - Time: 1753132568.497, current_contact_force: 0.0
23:16:08 - Time: 1753132568.497, jac: [[-6.63132109e-06  1.06455121e-01 -1.38922503e-05  2.94670892e-01
   2.27192902e-05 -1.25999681e-01  0.00000000e+00]
 [ 4.86906455e-01 -2.55019144e-05  4.33471855e-01 -3.68275182e-05
   1.14368751e-01  2.49258202e-05  0.00000000e+00]
 [ 0.00000000e+00 -4.86906439e-01  3.65387324e-05  3.62415812e-01
   4.20910231e-05  2.82444947e-04  2.71050543e-20]
 [ 0.00000000e+00  2.39555537e-04  2.96406286e-01 -5.42447584e-05
   9.06745626e-01  1.98649439e-04 -2.24155356e-03]
 [ 0.00000000e+00  9.99999971e-01 -7.10057688e-05 -9.99999997e-01
  -2.49347566e-05  9.99999913e-01  3.68473386e-04]
 [ 1.00000000e+00  2.22044605e-16  9.55061940e-01 -5.75117476e-05
  -4.21678039e-01  3.68029020e-04 -9.99997420e-01]]
23:16:08 - Time: 1753132568.497, tau: [-3.03267135e-02 -5.28634630e+00 -8.04987873e-02  1.17830600e+00
 -2.89028140e-02  5.43623322e-02  1.57092593e-06]
23:16:08 - Time: 1753132568.497, tau + g: [-3.28947314e-02 -4.28408735e+01 -3.33093955e-01  2.19757919e+01
 -6.72877579e-01  6.12596725e-02  1.05756260e-06]
23:16:08 - Time: 1753132568.501, current_contact_force: 0.0
23:16:08 - Time: 1753132568.501, jac: [[-6.55016880e-06  1.06203286e-01 -1.38365540e-05  2.94845188e-01
   2.25068418e-05 -1.25999681e-01 -2.71050543e-20]
 [ 4.87074865e-01 -2.55283960e-05  4.33554314e-01 -3.68460150e-05
   1.14343347e-01  2.46978865e-05  5.55111512e-17]
 [ 0.00000000e+00 -4.87074849e-01  3.67181070e-05  3.62334655e-01
   4.18269246e-05  2.82494504e-04  2.71050543e-20]
 [ 0.00000000e+00  2.40372931e-04  2.97000491e-01 -5.35627694e-05
   9.06542860e-01  1.96835588e-04 -2.24194798e-03]
 [ 0.00000000e+00  9.99999971e-01 -7.13908808e-05 -9.99999997e-01
  -2.40302175e-05  9.99999914e-01  3.66241474e-04]
 [ 1.00000000e+00  3.33066907e-16  9.54877324e-01 -5.81045443e-05
  -4.22113779e-01  3.65801091e-04 -9.99997420e-01]]
23:16:08 - Time: 1753132568.501, tau: [-3.01413294e-02 -5.22764555e+00 -7.97675527e-02  1.15848302e+00
 -2.84203571e-02  5.39987063e-02  1.55989057e-06]
23:16:08 - Time: 1753132568.501, tau + g: [-3.26270678e-02 -4.28116527e+01 -3.32795900e-01  2.19538194e+01
 -6.72327286e-01  6.07750304e-02  1.05545397e-06]
23:16:08 - Time: 1753132568.507, current_contact_force: 0.0
23:16:08 - Time: 1753132568.507, jac: [[-6.47035317e-06  1.05955150e-01 -1.37809878e-05  2.95016600e-01
   2.22953695e-05 -1.25999681e-01 -2.71050543e-20]
 [ 4.87241382e-01 -2.55514247e-05  4.33635847e-01 -3.68610454e-05
   1.14318320e-01  2.44708553e-05  0.00000000e+00]
 [ 0.00000000e+00 -4.87241366e-01  3.68919334e-05  3.62254769e-01
   4.15635714e-05  2.82516147e-04 -2.71050543e-20]
 [ 0.00000000e+00  2.41153203e-04  2.97587165e-01 -5.28860503e-05
   9.06343199e-01  1.95028825e-04 -2.24212084e-03]
 [ 0.00000000e+00  9.99999971e-01 -7.17641002e-05 -9.99999997e-01
  -2.31361783e-05  9.99999915e-01  3.64013862e-04]
 [ 1.00000000e+00  0.00000000e+00  9.54694650e-01 -5.86846174e-05
  -4.22542311e-01  3.63577491e-04 -9.99997420e-01]]
23:16:08 - Time: 1753132568.507, tau: [-2.99542180e-02 -5.16931497e+00 -7.90371476e-02  1.13895212e+00
 -2.79449770e-02  5.36322181e-02  1.54871055e-06]
23:16:08 - Time: 1753132568.507, tau + g: [-3.23600056e-02 -4.27824518e+01 -3.32494437e-01  2.19321542e+01
 -6.71784638e-01  6.02906684e-02  1.05305225e-06]
23:16:08 - Time: 1753132568.602, current_contact_force: 0.0
23:16:08 - Time: 1753132568.602, jac: [[-6.39184672e-06  1.05710664e-01 -1.37255405e-05  2.95185176e-01
   2.20848934e-05 -1.25999681e-01 -5.42101086e-20]
 [ 4.87406021e-01 -2.55710708e-05  4.33716459e-01 -3.68726400e-05
   1.14293665e-01  2.42447520e-05  5.55111512e-17]
 [ 0.00000000e+00 -4.87406006e-01  3.70602332e-05  3.62176137e-01
   4.13009683e-05  2.82510262e-04  5.42101086e-20]
 [ 0.00000000e+00  2.41896787e-04  2.98166385e-01 -5.22146284e-05
   9.06146604e-01  1.93229357e-04 -2.24207522e-03]
 [ 0.00000000e+00  9.99999971e-01 -7.21254926e-05 -9.99999997e-01
  -2.22526659e-05  9.99999916e-01  3.61790635e-04]
 [ 1.00000000e+00  0.00000000e+00  9.54513909e-01 -5.92519867e-05
  -4.22963748e-01  3.61358301e-04 -9.99997421e-01]]
23:16:08 - Time: 1753132568.602, tau: [-2.97654667e-02 -5.11136028e+00 -7.83077491e-02  1.11971040e+00
 -2.74766032e-02  5.32630301e-02  1.53739463e-06]
23:16:08 - Time: 1753132568.602, tau + g: [-3.20935746e-02 -4.27532793e+01 -3.32189755e-01  2.19107936e+01
 -6.71249562e-01  5.98066621e-02  1.05036869e-06]
23:16:08 - Time: 1753132568.621, current_contact_force: 0.0
23:16:08 - Time: 1753132568.621, jac: [[-6.31462247e-06  1.05469778e-01 -1.36702016e-05  2.95350958e-01
   2.18754325e-05 -1.25999681e-01 -2.71050543e-20]
 [ 4.87568799e-01 -2.55874035e-05  4.33796159e-01 -3.68808298e-05
   1.14269379e-01  2.40196012e-05 -5.55111512e-17]
 [ 0.00000000e+00 -4.87568783e-01  3.72230295e-05  3.62098741e-01
   4.10391203e-05  2.82477236e-04  0.00000000e+00]
 [ 0.00000000e+00  2.42604120e-04  2.98738226e-01 -5.15485288e-05
   9.05953032e-01  1.91437382e-04 -2.24181417e-03]
 [ 0.00000000e+00  9.99999971e-01 -7.24751265e-05 -9.99999997e-01
  -2.13797027e-05  9.99999917e-01  3.59571878e-04]
 [ 1.00000000e+00  1.11022302e-16  9.54335091e-01 -5.98066767e-05
  -4.23378204e-01  3.59143607e-04 -9.99997422e-01]]
23:16:08 - Time: 1753132568.621, tau: [-2.95751611e-02 -5.05378688e+00 -7.75795290e-02  1.10075495e+00
 -2.70151646e-02  5.28913021e-02  1.52595130e-06]
23:16:08 - Time: 1753132568.621, tau + g: [-3.18278038e-02 -4.27241432e+01 -3.31882039e-01  2.18897348e+01
 -6.70721988e-01  5.93230863e-02  1.04741423e-06]
23:16:08 - Time: 1753132568.631, current_contact_force: 0.0
23:16:08 - Time: 1753132568.631, jac: [[-6.23865399e-06  1.05232444e-01 -1.36149608e-05  2.95513993e-01
   2.16670054e-05 -1.25999681e-01 -2.71050543e-20]
 [ 4.87729731e-01 -2.56004909e-05  4.33874953e-01 -3.68856467e-05
   1.14245455e-01  2.37954267e-05  0.00000000e+00]
 [ 0.00000000e+00 -4.87729715e-01  3.73803473e-05  3.62022565e-01
   4.07780325e-05  2.82417455e-04  0.00000000e+00]
 [ 0.00000000e+00  2.43275639e-04  2.99302767e-01 -5.08877744e-05
   9.05762443e-01  1.89653091e-04 -2.24134078e-03]
 [ 0.00000000e+00  9.99999970e-01 -7.28130740e-05 -9.99999997e-01
  -2.05173064e-05  9.99999918e-01  3.57357679e-04]
 [ 1.00000000e+00  2.22044605e-16  9.54158188e-01 -6.03487166e-05
  -4.23785790e-01  3.56933492e-04 -9.99997424e-01]]
23:16:08 - Time: 1753132568.631, tau: [-2.93833854e-02 -4.99659988e+00 -7.68526540e-02  1.08208283e+00
 -2.65605896e-02  5.25171905e-02  1.51438879e-06]
23:16:08 - Time: 1753132568.631, tau + g: [-3.15627219e-02 -4.26950514e+01 -3.31571467e-01  2.18689748e+01
 -6.70201843e-01  5.88400148e-02  1.04419952e-06]
23:16:08 - Time: 1753132568.645, current_contact_force: 0.0
23:16:08 - Time: 1753132568.645, jac: [[-6.16391537e-06  1.04998615e-01 -1.35598086e-05  2.95674323e-01
   2.14596296e-05 -1.25999681e-01  0.00000000e+00]
 [ 4.87888831e-01 -2.56104001e-05  4.33952849e-01 -3.68871231e-05
   1.14221889e-01  2.35722514e-05  0.00000000e+00]
 [ 0.00000000e+00 -4.87888815e-01  3.75322133e-05  3.61947593e-01
   4.05177101e-05  2.82331306e-04  2.71050543e-20]
 [ 0.00000000e+00  2.43911783e-04  2.99860083e-01 -5.02323858e-05
   9.05574798e-01  1.87876668e-04 -2.24065811e-03]
 [ 0.00000000e+00  9.99999970e-01 -7.31394098e-05 -9.99999997e-01
  -1.96654905e-05  9.99999919e-01  3.55148125e-04]
 [ 1.00000000e+00  0.00000000e+00  9.53983189e-01 -6.08781401e-05
  -4.24186615e-01  3.54728041e-04 -9.99997427e-01]]
23:16:08 - Time: 1753132568.645, tau: [-2.91902219e-02 -4.93980413e+00 -7.61272853e-02  1.06369112e+00
 -2.61128064e-02  5.21408488e-02  1.50271507e-06]
23:16:08 - Time: 1753132568.645, tau + g: [-3.12983571e-02 -4.26660113e+01 -3.31258216e-01  2.18485108e+01
 -6.69689055e-01  5.83575206e-02  1.04073491e-06]
23:16:08 - Time: 1753132568.656, current_contact_force: 0.0
23:16:08 - Time: 1753132568.656, jac: [[-6.09038121e-06  1.04768241e-01 -1.35047358e-05  2.95831992e-01
   2.12533222e-05 -1.25999682e-01 -2.71050543e-20]
 [ 4.88046117e-01 -2.56171971e-05  4.34029853e-01 -3.68852920e-05
   1.14198675e-01  2.33500976e-05 -5.55111512e-17]
 [ 0.00000000e+00 -4.88046101e-01  3.76786558e-05  3.61873809e-01
   4.02581584e-05  2.82219176e-04  0.00000000e+00]
 [ 0.00000000e+00  2.44512994e-04  3.00410250e-01 -4.95823817e-05
   9.05390057e-01  1.86108293e-04 -2.23976922e-03]
 [ 0.00000000e+00  9.99999970e-01 -7.34542119e-05 -9.99999997e-01
  -1.88242643e-05  9.99999921e-01  3.52943301e-04]
 [ 1.00000000e+00  3.33066907e-16  9.53810084e-01 -6.13949852e-05
  -4.24580787e-01  3.52527340e-04 -9.99997429e-01]]
23:16:08 - Time: 1753132568.656, tau: [-2.89957516e-02 -4.88340419e+00 -7.54035794e-02  1.04557683e+00
 -2.56717427e-02  5.17624274e-02  1.49093789e-06]
23:16:08 - Time: 1753132568.656, tau + g: [-3.10347371e-02 -4.26370305e+01 -3.30942457e-01  2.18283399e+01
 -6.69183552e-01  5.78756755e-02  1.03703047e-06]
23:16:08 - Time: 1753132568.667, current_contact_force: 0.0
23:16:08 - Time: 1753132568.667, jac: [[-6.01802662e-06  1.04541278e-01 -1.34497339e-05  2.95987043e-01
   2.10480994e-05 -1.25999682e-01  0.00000000e+00]
 [ 4.88201603e-01 -2.56209470e-05  4.34105973e-01 -3.68801872e-05
   1.14175810e-01  2.31289864e-05  0.00000000e+00]
 [ 0.00000000e+00 -4.88201587e-01  3.78197048e-05  3.61801196e-01
   3.99993827e-05  2.82081449e-04  2.71050543e-20]
 [ 0.00000000e+00  2.45079712e-04  3.00953343e-01 -4.89377786e-05
   9.05208179e-01  1.84348136e-04 -2.23867718e-03]
 [ 0.00000000e+00  9.99999970e-01 -7.37575611e-05 -9.99999997e-01
  -1.79936326e-05  9.99999922e-01  3.50743296e-04]
 [ 1.00000000e+00  2.22044605e-16  9.53638862e-01 -6.18992945e-05
  -4.24968412e-01  3.50331472e-04 -9.99997433e-01]]
23:16:08 - Time: 1753132568.667, tau: [-2.88000534e-02 -4.82740436e+00 -7.46816877e-02  1.02773700e+00
 -2.52373261e-02  5.13820738e-02  1.47906473e-06]
23:16:08 - Time: 1753132568.667, tau + g: [-3.07718890e-02 -4.26081159e+01 -3.30624357e-01  2.18084593e+01
 -6.68685260e-01  5.73945505e-02  1.03309600e-06]
23:16:08 - Time: 1753132568.680, current_contact_force: 0.0
23:16:08 - Time: 1753132568.680, jac: [[-5.94682720e-06  1.04317677e-01 -1.33947947e-05  2.96139517e-01
   2.08439768e-05 -1.25999683e-01  2.71050543e-20]
 [ 4.88355304e-01 -2.56217136e-05  4.34181216e-01 -3.68718429e-05
   1.14153288e-01  2.29089383e-05  0.00000000e+00]
 [ 0.00000000e+00 -4.88355288e-01  3.79553915e-05  3.61729737e-01
   3.97413887e-05  2.81918512e-04  0.00000000e+00]
 [ 0.00000000e+00  2.45612379e-04  3.01489438e-01 -4.82985911e-05
   9.05029127e-01  1.82596363e-04 -2.23738504e-03]
 [ 0.00000000e+00  9.99999970e-01 -7.40495406e-05 -9.99999997e-01
  -1.71735966e-05  9.99999923e-01  3.48548197e-04]
 [ 1.00000000e+00  1.11022302e-16  9.53469513e-01 -6.23911142e-05
  -4.25349596e-01  3.48140525e-04 -9.99997436e-01]]
23:16:08 - Time: 1753132568.680, tau: [-2.86032051e-02 -4.77180869e+00 -7.39617568e-02  1.01016865e+00
 -2.48094839e-02  5.09999322e-02  1.46710288e-06]
23:16:08 - Time: 1753132568.680, tau + g: [-3.05098395e-02 -4.25792743e+01 -3.30304079e-01  2.17888659e+01
 -6.68194107e-01  5.69142154e-02  1.02894101e-06]
23:16:08 - Time: 1753132568.690, current_contact_force: 0.0
23:16:08 - Time: 1753132568.690, jac: [[-5.87675907e-06  1.04097394e-01 -1.33399105e-05  2.96289456e-01
   2.06409694e-05 -1.25999683e-01 -8.13151629e-20]
 [ 4.88507237e-01 -2.56195600e-05  4.34255588e-01 -3.68602938e-05
   1.14131105e-01  2.26899730e-05  0.00000000e+00]
 [ 0.00000000e+00 -4.88507221e-01  3.80857491e-05  3.61659418e-01
   3.94841819e-05  2.81730748e-04  0.00000000e+00]
 [ 0.00000000e+00  2.46111438e-04  3.02018610e-01 -4.76648319e-05
   9.04852861e-01  1.80853132e-04 -2.23589584e-03]
 [ 0.00000000e+00  9.99999970e-01 -7.43302365e-05 -9.99999997e-01
  -1.63641533e-05  9.99999924e-01  3.46358093e-04]
 [ 1.00000000e+00  1.11022302e-16  9.53302027e-01 -6.28704947e-05
  -4.25724442e-01  3.45954583e-04 -9.99997440e-01]]
23:16:08 - Time: 1753132568.690, tau: [-2.84052824e-02 -4.71662096e+00 -7.32439283e-02  9.92868773e-01
 -2.43881433e-02  5.06161441e-02  1.45505937e-06]
23:16:08 - Time: 1753132568.690, tau + g: [-3.02486148e-02 -4.25505125e+01 -3.29981784e-01  2.17695568e+01
 -6.67710019e-01  5.64347389e-02  1.02457477e-06]
23:16:08 - Time: 1753132568.695, current_contact_force: 0.0
23:16:08 - Time: 1753132568.695, jac: [[-5.80779882e-06  1.03880383e-01 -1.32850739e-05  2.96436900e-01
   2.04390912e-05 -1.25999684e-01 -2.71050543e-20]
 [ 4.88657417e-01 -2.56145481e-05  4.34329098e-01 -3.68455751e-05
   1.14109256e-01  2.24721095e-05  0.00000000e+00]
 [ 0.00000000e+00 -4.88657401e-01  3.82108119e-05  3.61590223e-01
   3.92277679e-05  2.81518540e-04  0.00000000e+00]
 [ 0.00000000e+00  2.46577330e-04  3.02540932e-01 -4.70365117e-05
   9.04679342e-01  1.79118596e-04 -2.23421265e-03]
 [ 0.00000000e+00  9.99999970e-01 -7.45997374e-05 -9.99999997e-01
  -1.55652959e-05  9.99999925e-01  3.44173071e-04]
 [ 1.00000000e+00  2.22044605e-16  9.53136391e-01 -6.33374905e-05
  -4.26093051e-01  3.43773734e-04 -9.99997445e-01]]
23:16:08 - Time: 1753132568.695, tau: [-2.82063598e-02 -4.66184472e+00 -7.25283392e-02  9.75834377e-01
 -2.39732313e-02  5.02308477e-02  1.44294101e-06]
23:16:08 - Time: 1753132568.695, tau + g: [-2.99882403e-02 -4.25218367e+01 -3.29657626e-01  2.17505292e+01
 -6.67232922e-01  5.59561888e-02  1.02000625e-06]
23:16:08 - Time: 1753132568.701, current_contact_force: 0.0
23:16:08 - Time: 1753132568.701, jac: [[-5.73992354e-06  1.03666598e-01 -1.32302782e-05  2.96581890e-01
   2.02383561e-05 -1.25999684e-01 -2.71050543e-20]
 [ 4.88805859e-01 -2.56067389e-05  4.34401753e-01 -3.68277227e-05
   1.14087736e-01  2.22553659e-05  0.00000000e+00]
 [ 0.00000000e+00 -4.88805843e-01  3.83306155e-05  3.61522136e-01
   3.89721524e-05  2.81282272e-04  0.00000000e+00]
 [ 0.00000000e+00  2.47010499e-04  3.03056478e-01 -4.64136395e-05
   9.04508533e-01  1.77392903e-04 -2.23233848e-03]
 [ 0.00000000e+00  9.99999969e-01 -7.48581340e-05 -9.99999997e-01
  -1.47770143e-05  9.99999926e-01  3.41993218e-04]
 [ 1.00000000e+00  1.11022302e-16  9.52972594e-01 -6.37921594e-05
  -4.26455524e-01  3.41598063e-04 -9.99997450e-01]]
23:16:08 - Time: 1753132568.701, tau: [-2.80065099e-02 -4.60748326e+00 -7.18151221e-02  9.59062454e-01
 -2.35646749e-02  4.98441785e-02  1.43075441e-06]
23:16:08 - Time: 1753132568.701, tau + g: [-2.97287413e-02 -4.24932531e+01 -3.29331756e-01  2.17317800e+01
 -6.66762743e-01  5.54786317e-02  1.01524422e-06]
23:16:08 - Time: 1753132568.711, current_contact_force: 0.0
23:16:08 - Time: 1753132568.711, jac: [[-5.67311077e-06  1.03455997e-01 -1.31755168e-05  2.96724465e-01
   2.00387768e-05 -1.25999685e-01  0.00000000e+00]
 [ 4.88952579e-01 -2.55961923e-05  4.34473559e-01 -3.68067727e-05
   1.14066540e-01  2.20397596e-05 -5.55111512e-17]
 [ 0.00000000e+00 -4.88952562e-01  3.84451971e-05  3.61455141e-01
   3.87173413e-05  2.81022324e-04  0.00000000e+00]
 [ 0.00000000e+00  2.47411386e-04  3.03565322e-01 -4.57962224e-05
   9.04340395e-01  1.75676191e-04 -2.23027637e-03]
 [ 0.00000000e+00  9.99999969e-01 -7.51055195e-05 -9.99999997e-01
  -1.39992942e-05  9.99999927e-01  3.39818624e-04]
 [ 1.00000000e+00  0.00000000e+00  9.52810626e-01 -6.42345630e-05
  -4.26811960e-01  3.39427657e-04 -9.99997455e-01]]
23:16:08 - Time: 1753132568.711, tau: [-2.78058041e-02 -4.55353964e+00 -7.11044045e-02  9.42549995e-01
 -2.31624011e-02  4.94562690e-02  1.41850596e-06]
23:16:08 - Time: 1753132568.711, tau + g: [-2.94701423e-02 -4.24647677e+01 -3.29004322e-01  2.17133063e+01
 -6.66299408e-01  5.50021329e-02  1.01029715e-06]
23:16:08 - Time: 1753132568.716, current_contact_force: 0.0
23:16:08 - Time: 1753132568.716, jac: [[-5.60733854e-06  1.03248534e-01 -1.31207839e-05  2.96864664e-01
   1.98403659e-05 -1.25999685e-01 -2.71050543e-20]
 [ 4.89097591e-01 -2.55829675e-05  4.34544524e-01 -3.67827617e-05
   1.14045665e-01  2.18253074e-05  0.00000000e+00]
 [ 0.00000000e+00 -4.89097574e-01  3.85545950e-05  3.61389222e-01
   3.84633404e-05  2.80739076e-04  0.00000000e+00]
 [ 0.00000000e+00  2.47780436e-04  3.04067537e-01 -4.51842659e-05
   9.04174892e-01  1.73968598e-04 -2.22802932e-03]
 [ 0.00000000e+00  9.99999969e-01 -7.53419891e-05 -9.99999997e-01
  -1.32321184e-05  9.99999928e-01  3.37649376e-04]
 [ 1.00000000e+00  2.22044605e-16  9.52650475e-01 -6.46647664e-05
  -4.27162456e-01  3.37262601e-04 -9.99997461e-01]]
23:16:08 - Time: 1753132568.716, tau: [-2.76043120e-02 -4.50001671e+00 -7.03963100e-02  9.26293990e-01
 -2.27663367e-02  4.90672485e-02  1.40620185e-06]
23:16:08 - Time: 1753132568.716, tau + g: [-2.92124673e-02 -4.24363861e+01 -3.28675467e-01  2.16951052e+01
 -6.65842844e-01  5.45267567e-02  1.00517329e-06]
23:16:08 - Time: 1753132568.727, current_contact_force: 0.0
23:16:08 - Time: 1753132568.727, jac: [[-5.54258535e-06  1.03044166e-01 -1.30660737e-05  2.97002526e-01
   1.96431350e-05 -1.25999686e-01  0.00000000e+00]
 [ 4.89240911e-01 -2.55671224e-05  4.34614655e-01 -3.67557267e-05
   1.14025106e-01  2.16120252e-05  0.00000000e+00]
 [ 0.00000000e+00 -4.89240895e-01  3.86588487e-05  3.61324366e-01
   3.82101556e-05  2.80432907e-04 -2.71050543e-20]
 [ 0.00000000e+00  2.48118089e-04  3.04563196e-01 -4.45777738e-05
   9.04011987e-01  1.72270251e-04 -2.22560036e-03]
 [ 0.00000000e+00  9.99999969e-01 -7.55676403e-05 -9.99999997e-01
  -1.24754660e-05  9.99999929e-01  3.35485561e-04]
 [ 1.00000000e+00  0.00000000e+00  9.52492128e-01 -6.50828379e-05
  -4.27507109e-01  3.35102981e-04 -9.99997467e-01]]
23:16:08 - Time: 1753132568.727, tau: [-2.74021015e-02 -4.44691708e+00 -6.96909575e-02  9.10291429e-01
 -2.23764088e-02  4.86772438e-02  1.39384807e-06]
23:16:08 - Time: 1753132568.727, tau + g: [-2.89557398e-02 -4.24081138e+01 -3.28345332e-01  2.16771736e+01
 -6.65392976e-01  5.40525662e-02  9.99880660e-07]
23:16:08 - Time: 1753132568.730, current_contact_force: 0.0
23:16:08 - Time: 1753132568.730, jac: [[-5.47883012e-06  1.02842851e-01 -1.30113809e-05  2.97138088e-01
   1.94470952e-05 -1.25999687e-01 -2.71050543e-20]
 [ 4.89382555e-01 -2.55487142e-05  4.34683960e-01 -3.67257051e-05
   1.14004858e-01  2.13999283e-05  5.55111512e-17]
 [ 0.00000000e+00 -4.89382538e-01  3.87579989e-05  3.61260557e-01
   3.79577928e-05  2.80104194e-04  2.71050543e-20]
 [ 0.00000000e+00  2.48424787e-04  3.05052370e-01 -4.39767482e-05
   9.03851641e-01  1.70581274e-04 -2.22299246e-03]
 [ 0.00000000e+00  9.99999969e-01 -7.57825722e-05 -9.99999997e-01
  -1.17293131e-05  9.99999930e-01  3.33327267e-04]
 [ 1.00000000e+00  2.22044605e-16  9.52335574e-01 -6.54888492e-05
  -4.27846012e-01  3.32948884e-04 -9.99997474e-01]]
23:16:08 - Time: 1753132568.730, tau: [-2.71992394e-02 -4.39424315e+00 -6.89884616e-02  8.94539303e-01
 -2.19925443e-02  4.82863784e-02  1.38145043e-06]
23:16:08 - Time: 1753132568.730, tau + g: [-2.86999828e-02 -4.23799561e+01 -3.28014052e-01  2.16595086e+01
 -6.64949731e-01  5.35796232e-02  9.94427041e-07]
23:16:08 - Time: 1753132568.736, current_contact_force: 0.0
23:16:08 - Time: 1753132568.736, jac: [[-5.41605225e-06  1.02644547e-01 -1.29567007e-05  2.97271388e-01
   1.92522572e-05 -1.25999688e-01  0.00000000e+00]
 [ 4.89522537e-01 -2.55277992e-05  4.34752445e-01 -3.66927346e-05
   1.13984916e-01  2.11890312e-05  0.00000000e+00]
 [ 0.00000000e+00 -4.89522521e-01  3.88520875e-05  3.61197779e-01
   3.77062580e-05  2.79753313e-04  0.00000000e+00]
 [ 0.00000000e+00  2.48700971e-04  3.05535131e-01 -4.33811896e-05
   9.03693821e-01  1.68901786e-04 -2.22020861e-03]
 [ 0.00000000e+00  9.99999969e-01 -7.59868861e-05 -9.99999997e-01
  -1.09936324e-05  9.99999931e-01  3.31174582e-04]
 [ 1.00000000e+00  2.22044605e-16  9.52180801e-01 -6.58828747e-05
  -4.28179260e-01  3.30800396e-04 -9.99997480e-01]]
23:16:08 - Time: 1753132568.736, tau: [-2.69957907e-02 -4.34199710e+00 -6.82889328e-02  8.79034605e-01
 -2.16146705e-02  4.78947734e-02  1.36901451e-06]
23:16:08 - Time: 1753132568.736, tau + g: [-2.84452187e-02 -4.23519180e+01 -3.27681760e-01  2.16421072e+01
 -6.64513034e-01  5.31079885e-02  9.88819987e-07]
23:16:08 - Time: 1753132568.743, current_contact_force: 0.0
23:16:08 - Time: 1753132568.743, jac: [[-5.35423156e-06  1.02449210e-01 -1.29020285e-05  2.97402462e-01
   1.90586310e-05 -1.25999689e-01 -2.71050543e-20]
 [ 4.89660873e-01 -2.55044326e-05  4.34820119e-01 -3.66568533e-05
   1.13965277e-01  2.09793481e-05  0.00000000e+00]
 [ 0.00000000e+00 -4.89660856e-01  3.89411573e-05  3.61136019e-01
   3.74555571e-05  2.79380638e-04 -2.71050543e-20]
 [ 0.00000000e+00  2.48947081e-04  3.06011551e-01 -4.27910971e-05
   9.03538488e-01  1.67231899e-04 -2.21725178e-03]
 [ 0.00000000e+00  9.99999969e-01 -7.61806848e-05 -9.99999997e-01
  -1.02683938e-05  9.99999932e-01  3.29027593e-04]
 [ 1.00000000e+00  2.22044605e-16  9.52027796e-01 -6.62649923e-05
  -4.28506944e-01  3.28657601e-04 -9.99997488e-01]]
23:16:08 - Time: 1753132568.743, tau: [-2.67918190e-02 -4.29018091e+00 -6.75924774e-02  8.63774336e-01
 -2.12427145e-02  4.75025465e-02  1.35654576e-06]
23:16:08 - Time: 1753132568.743, tau + g: [-2.81914694e-02 -4.23240045e+01 -3.27348586e-01  2.16249664e+01
 -6.64082812e-01  5.26377215e-02  9.83066833e-07]
23:16:08 - Time: 1753132568.751, current_contact_force: 0.0
23:16:08 - Time: 1753132568.751, jac: [[-5.29334832e-06  1.02256801e-01 -1.28473601e-05  2.97531348e-01
   1.88662260e-05 -1.25999689e-01  0.00000000e+00]
 [ 4.89797578e-01 -2.54786689e-05  4.34886988e-01 -3.66180994e-05
   1.13945936e-01  2.07708920e-05  0.00000000e+00]
 [ 0.00000000e+00 -4.89797561e-01  3.90252523e-05  3.61075261e-01
   3.72056962e-05  2.78986541e-04  0.00000000e+00]
 [ 0.00000000e+00  2.49163556e-04  3.06481701e-01 -4.22064682e-05
   9.03385608e-01  1.65571721e-04 -2.21412492e-03]
 [ 0.00000000e+00  9.99999969e-01 -7.63640729e-05 -9.99999997e-01
  -9.55356417e-06  9.99999933e-01  3.26886386e-04]
 [ 1.00000000e+00  0.00000000e+00  9.51876547e-01 -6.66352823e-05
  -4.28829154e-01  3.26520585e-04 -9.99997495e-01]]
23:16:08 - Time: 1753132568.751, tau: [-2.65873864e-02 -4.23879638e+00 -6.68991977e-02  8.48755499e-01
 -2.08766040e-02  4.71098131e-02  1.34404941e-06]
23:16:08 - Time: 1753132568.751, tau + g: [-2.79387563e-02 -4.22962203e+01 -3.27014653e-01  2.16080833e+01
 -6.63658992e-01  5.21688804e-02  9.77174702e-07]
23:16:08 - Time: 1753132568.761, current_contact_force: 0.0
23:16:08 - Time: 1753132568.761, jac: [[-5.23338322e-06  1.02067277e-01 -1.27926917e-05  2.97658079e-01
   1.86750511e-05 -1.25999690e-01 -2.71050543e-20]
 [ 4.89932666e-01 -2.54505616e-05  4.34953060e-01 -3.65765117e-05
   1.13926889e-01  2.05636756e-05  0.00000000e+00]
 [ 0.00000000e+00 -4.89932650e-01  3.91044173e-05  3.61015491e-01
   3.69566814e-05  2.78571392e-04 -2.71050543e-20]
 [ 0.00000000e+00  2.49350835e-04  3.06945649e-01 -4.16272990e-05
   9.03235145e-01  1.63921354e-04 -2.21083097e-03]
 [ 0.00000000e+00  9.99999969e-01 -7.65371564e-05 -9.99999997e-01
  -8.84910747e-06  9.99999934e-01  3.24751047e-04]
 [ 1.00000000e+00  3.33066907e-16  9.51727042e-01 -6.69938281e-05
  -4.29145980e-01  3.24389433e-04 -9.99997503e-01]]
23:16:08 - Time: 1753132568.761, tau: [-2.63825535e-02 -4.18784508e+00 -6.62091919e-02  8.33975106e-01
 -2.05162665e-02  4.67166856e-02  1.33153053e-06]
23:16:08 - Time: 1753132568.761, tau + g: [-2.76871001e-02 -4.22685697e+01 -3.26680085e-01  2.15914550e+01
 -6.63241500e-01  5.17015222e-02  9.71150506e-07]
23:16:08 - Time: 1753132568.769, current_contact_force: 0.0
23:16:08 - Time: 1753132568.769, jac: [[-5.17431736e-06  1.01880599e-01 -1.27380197e-05  2.97782692e-01
   1.84851148e-05 -1.25999691e-01  0.00000000e+00]
 [ 4.90066154e-01 -2.54201632e-05  4.35018341e-01 -3.65321289e-05
   1.13908132e-01  2.03577109e-05  5.55111512e-17]
 [ 0.00000000e+00 -4.90066137e-01  3.91786981e-05  3.60956695e-01
   3.67085186e-05  2.78135559e-04  2.71050543e-20]
 [ 0.00000000e+00  2.49509354e-04  3.07403468e-01 -4.10535842e-05
   9.03087065e-01  1.62280895e-04 -2.20737286e-03]
 [ 0.00000000e+00  9.99999969e-01 -7.67000429e-05 -9.99999997e-01
  -8.15498506e-06  9.99999935e-01  3.22621662e-04]
 [ 1.00000000e+00  1.11022302e-16  9.51579267e-01 -6.73407153e-05
  -4.29457509e-01  3.22264229e-04 -9.99997512e-01]]
23:16:08 - Time: 1753132568.769, tau: [-2.61773796e-02 -4.13732843e+00 -6.55225543e-02  8.19430177e-01
 -2.01616299e-02  4.63232735e-02  1.31899402e-06]
23:16:08 - Time: 1753132568.769, tau + g: [-2.74365213e-02 -4.22410572e+01 -3.26345000e-01  2.15750784e+01
 -6.62830263e-01  5.12357026e-02  9.65000951e-07]
23:16:08 - Time: 1753132568.778, current_contact_force: 0.0
23:16:08 - Time: 1753132568.778, jac: [[-5.11613227e-06  1.01696727e-01 -1.26833408e-05  2.97905220e-01
   1.82964248e-05 -1.25999692e-01  2.71050543e-20]
 [ 4.90198055e-01 -2.53875256e-05  4.35082840e-01 -3.64849903e-05
   1.13889660e-01  2.01530093e-05  0.00000000e+00]
 [ 0.00000000e+00 -4.90198038e-01  3.92481415e-05  3.60898858e-01
   3.64612138e-05  2.77679410e-04  0.00000000e+00]
 [ 0.00000000e+00  2.49639548e-04  3.07855225e-01 -4.04853172e-05
   9.02941334e-01  1.60650437e-04 -2.20375349e-03]
 [ 0.00000000e+00  9.99999969e-01 -7.68528415e-05 -9.99999997e-01
  -7.47115559e-06  9.99999936e-01  3.20498317e-04]
 [ 1.00000000e+00  2.22044605e-16  9.51433211e-01 -6.76760324e-05
  -4.29763828e-01  3.20145056e-04 -9.99997520e-01]]
23:16:08 - Time: 1753132568.778, tau: [-2.59719224e-02 -4.08724763e+00 -6.48393757e-02  8.05117742e-01
 -1.98126223e-02  4.59296839e-02  1.30644462e-06]
23:16:08 - Time: 1753132568.778, tau + g: [-2.71870395e-02 -4.22136867e+01 -3.26009513e-01  2.15589506e+01
 -6.62425207e-01  5.07714761e-02  9.58732548e-07]
23:16:08 - Time: 1753132568.786, current_contact_force: 0.0
23:16:08 - Time: 1753132568.786, jac: [[-5.05880988e-06  1.01515620e-01 -1.26286521e-05  2.98025699e-01
   1.81089886e-05 -1.25999693e-01  0.00000000e+00]
 [ 4.90328385e-01 -2.53526997e-05  4.35146563e-01 -3.64351350e-05
   1.13871469e-01  1.99495815e-05 -5.55111512e-17]
 [ 0.00000000e+00 -4.90328368e-01  3.93127948e-05  3.60841967e-01
   3.62147732e-05  2.77203307e-04 -1.35525272e-20]
 [ 0.00000000e+00  2.49741851e-04  3.08300989e-01 -3.99224900e-05
   9.02797916e-01  1.59030068e-04 -2.19997576e-03]
 [ 0.00000000e+00  9.99999969e-01 -7.69956622e-05 -9.99999997e-01
  -6.79757519e-06  9.99999937e-01  3.18381096e-04]
 [ 1.00000000e+00  1.11022302e-16  9.51288859e-01 -6.79998700e-05
  -4.30065022e-01  3.18031999e-04 -9.99997529e-01]]
23:16:08 - Time: 1753132568.786, tau: [-2.57662383e-02 -4.03760373e+00 -6.41597427e-02  7.91034841e-01
 -1.94691723e-02  4.55360209e-02  1.29388690e-06]
23:16:08 - Time: 1753132568.786, tau + g: [-2.69386739e-02 -4.21864624e+01 -3.25673735e-01  2.15430686e+01
 -6.62026259e-01  5.03088958e-02  9.52351609e-07]
23:16:08 - Time: 1753132568.793, current_contact_force: 0.0
23:16:08 - Time: 1753132568.793, jac: [[-5.00233250e-06  1.01337241e-01 -1.25739510e-05  2.98144162e-01
   1.79228129e-05 -1.25999695e-01  0.00000000e+00]
 [ 4.90457158e-01 -2.53157356e-05  4.35209518e-01 -3.63826025e-05
   1.13853556e-01  1.97474378e-05  5.55111512e-17]
 [ 0.00000000e+00 -4.90457142e-01  3.93727064e-05  3.60786007e-01
   3.59692028e-05  2.76707615e-04  0.00000000e+00]
 [ 0.00000000e+00  2.49816697e-04  3.08740830e-01 -3.93650934e-05
   9.02656778e-01  1.57419869e-04 -2.19604253e-03]
 [ 0.00000000e+00  9.99999969e-01 -7.71286166e-05 -9.99999997e-01
  -6.13419755e-06  9.99999938e-01  3.16270083e-04]
 [ 1.00000000e+00  1.11022302e-16  9.51146200e-01 -6.83123212e-05
  -4.30361175e-01  3.15925141e-04 -9.99997539e-01]]
23:16:08 - Time: 1753132568.793, tau: [-2.55603822e-02 -3.98839760e+00 -6.34837387e-02  7.77178525e-01
 -1.91312085e-02  4.51423861e-02  1.28132527e-06]
23:16:08 - Time: 1753132568.793, tau + g: [-2.66914433e-02 -4.21593879e+01 -3.25337776e-01  2.15274295e+01
 -6.61633348e-01  4.98480137e-02  9.45864260e-07]
23:16:08 - Time: 1753132568.799, current_contact_force: 0.0
23:16:08 - Time: 1753132568.799, jac: [[-4.94668286e-06  1.01161550e-01 -1.25192351e-05  2.98260641e-01
   1.77379043e-05 -1.25999696e-01 -2.71050543e-20]
 [ 4.90584390e-01 -2.52766824e-05  4.35271711e-01 -3.63274326e-05
   1.13835915e-01  1.95465877e-05  0.00000000e+00]
 [ 0.00000000e+00 -4.90584374e-01  3.94279254e-05  3.60730966e-01
   3.57245085e-05  2.76192692e-04  0.00000000e+00]
 [ 0.00000000e+00  2.49864514e-04  3.09174814e-01 -3.88131169e-05
   9.02517887e-01  1.55819920e-04 -2.19195667e-03]
 [ 0.00000000e+00  9.99999969e-01 -7.72518172e-05 -9.99999997e-01
  -5.48097400e-06  9.99999939e-01  3.14165363e-04]
 [ 1.00000000e+00  2.22044605e-16  9.51005220e-01 -6.86134812e-05
  -4.30652370e-01  3.13824562e-04 -9.99997548e-01]]
23:16:08 - Time: 1753132568.799, tau: [-2.53544078e-02 -3.93962995e+00 -6.28114430e-02  7.63545860e-01
 -1.87986599e-02  4.47488784e-02  1.26876400e-06]
23:16:08 - Time: 1753132568.799, tau + g: [-2.64453658e-02 -4.21324667e+01 -3.25001740e-01  2.15120304e+01
 -6.61246399e-01  4.93888804e-02  9.39276442e-07]
23:16:08 - Time: 1753132568.804, current_contact_force: 0.0
23:16:08 - Time: 1753132568.804, jac: [[-4.89184406e-06  1.00988510e-01 -1.24645022e-05  2.98375169e-01
   1.75542686e-05 -1.25999697e-01 -2.71050543e-20]
 [ 4.90710095e-01 -2.52355888e-05  4.35333151e-01 -3.62696649e-05
   1.13818544e-01  1.93470402e-05  0.00000000e+00]
 [ 0.00000000e+00 -4.90710079e-01  3.94785014e-05  3.60676829e-01
   3.54806963e-05  2.75658896e-04  1.35525272e-20]
 [ 0.00000000e+00  2.49885734e-04  3.09603009e-01 -3.82665488e-05
   9.02381210e-01  1.54230294e-04 -2.18772101e-03]
 [ 0.00000000e+00  9.99999969e-01 -7.73653776e-05 -9.99999997e-01
  -4.83785360e-06  9.99999940e-01  3.12067017e-04]
 [ 1.00000000e+00  1.11022302e-16  9.50865906e-01 -6.89034472e-05
  -4.30938687e-01  3.11730346e-04 -9.99997558e-01]]
23:16:08 - Time: 1753132568.804, tau: [-2.51483673e-02 -3.89130130e+00 -6.21429320e-02  7.50133923e-01
 -1.84714561e-02  4.43555940e-02  1.25620721e-06]
23:16:08 - Time: 1753132568.804, tau + g: [-2.62004591e-02 -4.21057025e+01 -3.24665729e-01  2.14968683e+01
 -6.60865342e-01  4.89315454e-02  9.32593915e-07]
23:16:08 - Time: 1753132568.809, current_contact_force: 0.0
23:16:08 - Time: 1753132568.809, jac: [[-4.83779957e-06  1.00818083e-01 -1.24097506e-05  2.98487778e-01
   1.73719112e-05 -1.25999698e-01 -2.71050543e-20]
 [ 4.90834288e-01 -2.51925022e-05  4.35393845e-01 -3.62093394e-05
   1.13801439e-01  1.91488039e-05  0.00000000e+00]
 [ 0.00000000e+00 -4.90834271e-01  3.95244849e-05  3.60623583e-01
   3.52377723e-05  2.75106582e-04  0.00000000e+00]
 [ 0.00000000e+00  2.49880782e-04  3.10025482e-01 -3.77253763e-05
   9.02246714e-01  1.52651060e-04 -2.18333838e-03]
 [ 0.00000000e+00  9.99999969e-01 -7.74694123e-05 -9.99999997e-01
  -4.20478327e-06  9.99999940e-01  3.09975127e-04]
 [ 1.00000000e+00  2.22044605e-16  9.50728244e-01 -6.91823183e-05
  -4.31220207e-01  3.09642573e-04 -9.99997568e-01]]
23:16:08 - Time: 1753132568.809, tau: [-2.49423115e-02 -3.84341204e+00 -6.14782782e-02  7.36939808e-01
 -1.81495267e-02  4.39626269e-02  1.24365886e-06]
23:16:08 - Time: 1753132568.809, tau + g: [-2.59567402e-02 -4.20790983e+01 -3.24329844e-01  2.14819404e+01
 -6.60490105e-01  4.84760566e-02  9.25822267e-07]
23:16:08 - Time: 1753132568.813, current_contact_force: 0.0
23:16:08 - Time: 1753132568.813, jac: [[-4.78453324e-06  1.00650232e-01 -1.23549786e-05  2.98598500e-01
   1.71908373e-05 -1.25999699e-01  0.00000000e+00]
 [ 4.90956983e-01 -2.51474695e-05  4.35453799e-01 -3.61464960e-05
   1.13784594e-01  1.89518867e-05  5.55111512e-17]
 [ 0.00000000e+00 -4.90956966e-01  3.95659269e-05  3.60571214e-01
   3.49957423e-05  2.74536103e-04  0.00000000e+00]
 [ 0.00000000e+00  2.49850083e-04  3.10442300e-01 -3.71895856e-05
   9.02114367e-01  1.51082283e-04 -2.17881157e-03]
 [ 0.00000000e+00  9.99999969e-01 -7.75640367e-05 -9.99999997e-01
  -3.58170780e-06  9.99999941e-01  3.07889776e-04]
 [ 1.00000000e+00  2.22044605e-16  9.50592222e-01 -6.94501958e-05
  -4.31497008e-01  3.07561323e-04 -9.99997579e-01]]
23:16:08 - Time: 1753132568.813, tau: [-2.47362902e-02 -3.79596240e+00 -6.08175509e-02  7.23960622e-01
 -1.78328019e-02  4.35700680e-02  1.23112279e-06]
23:16:08 - Time: 1753132568.813, tau + g: [-2.57142258e-02 -4.20526574e+01 -3.23994180e-01  2.14672438e+01
 -6.60120615e-01  4.80224611e-02  9.18966910e-07]
23:16:08 - Time: 1753132568.827, current_contact_force: 0.0
23:16:08 - Time: 1753132568.827, jac: [[-4.73202928e-06  1.00484920e-01 -1.23001849e-05  2.98707366e-01
   1.70110512e-05 -1.25999701e-01 -2.71050543e-20]
 [ 4.91078194e-01 -2.51005369e-05  4.35513020e-01 -3.60811749e-05
   1.13768007e-01  1.87562959e-05  0.00000000e+00]
 [ 0.00000000e+00 -4.91078178e-01  3.96028789e-05  3.60519711e-01
   3.47546122e-05  2.73947810e-04 -1.35525272e-20]
 [ 0.00000000e+00  2.49794060e-04  3.10853527e-01 -3.66591616e-05
   9.01984138e-01  1.49524024e-04 -2.17414337e-03]
 [ 0.00000000e+00  9.99999969e-01 -7.76493670e-05 -9.99999997e-01
  -2.96857001e-06  9.99999942e-01  3.05811043e-04]
 [ 1.00000000e+00  1.11022302e-16  9.50457826e-01 -6.97071825e-05
  -4.31769169e-01  3.05486675e-04 -9.99997590e-01]]
23:16:08 - Time: 1753132568.827, tau: [-2.45303516e-02 -3.74895247e+00 -6.01608162e-02  7.11193489e-01
 -1.75212123e-02  4.31780062e-02  1.21860268e-06]
23:16:08 - Time: 1753132568.827, tau + g: [-2.54729319e-02 -4.20263827e+01 -3.23658829e-01  2.14527754e+01
 -6.59756801e-01  4.75708043e-02  9.12033095e-07]
23:16:08 - Time: 1753132568.834, current_contact_force: 0.0
23:16:08 - Time: 1753132568.834, jac: [[-4.68027227e-06  1.00322111e-01 -1.22453684e-05  2.98814406e-01
   1.68325572e-05 -1.25999702e-01  0.00000000e+00]
 [ 4.91197937e-01 -2.50517494e-05  4.35571517e-01 -3.60134163e-05
   1.13751674e-01  1.85620386e-05  0.00000000e+00]
 [ 0.00000000e+00 -4.91197921e-01  3.96353931e-05  3.60469059e-01
   3.45143880e-05  2.73342050e-04  0.00000000e+00]
 [ 0.00000000e+00  2.49713134e-04  3.11259230e-01 -3.61340883e-05
   9.01855993e-01  1.47976339e-04 -2.16933653e-03]
 [ 0.00000000e+00  9.99999969e-01 -7.77255202e-05 -9.99999997e-01
  -2.36531081e-06  9.99999943e-01  3.03739009e-04]
 [ 1.00000000e+00  1.11022302e-16  9.50325042e-01 -6.99533828e-05
  -4.32036766e-01  3.03418709e-04 -9.99997601e-01]]
23:16:08 - Time: 1753132568.834, tau: [-2.43245426e-02 -3.70238218e+00 -5.95081370e-02  6.98635553e-01
 -1.72146889e-02  4.27865276e-02  1.20610210e-06]
23:16:08 - Time: 1753132568.834, tau + g: [-2.52328742e-02 -4.20002769e+01 -3.23323882e-01  2.14385326e+01
 -6.59398594e-01  4.71211305e-02  9.05025908e-07]
23:16:08 - Time: 1753132568.839, current_contact_force: 0.0
23:16:08 - Time: 1753132568.839, jac: [[-4.62924712e-06  1.00161769e-01 -1.21905282e-05  2.98919650e-01
   1.66553591e-05 -1.25999704e-01  0.00000000e+00]
 [ 4.91316226e-01 -2.50011518e-05  4.35629295e-01 -3.59432602e-05
   1.13735591e-01  1.83691211e-05  0.00000000e+00]
 [ 0.00000000e+00 -4.91316210e-01  3.96635221e-05  3.60419245e-01
   3.42750753e-05  2.72719168e-04 -1.35525272e-20]
 [ 0.00000000e+00  2.49607723e-04  3.11659472e-01 -3.56143486e-05
   9.01729904e-01  1.46439281e-04 -2.16439379e-03]
 [ 0.00000000e+00  9.99999969e-01 -7.77926138e-05 -9.99999997e-01
  -1.77186926e-06  9.99999944e-01  3.01673751e-04]
 [ 1.00000000e+00  2.22044605e-16  9.50193858e-01 -7.01889029e-05
  -4.32299874e-01  3.01357501e-04 -9.99997612e-01]]
23:16:08 - Time: 1753132568.839, tau: [-2.41189091e-02 -3.65625133e+00 -5.88595729e-02  6.86283971e-01
 -1.69131632e-02  4.23957160e-02  1.19362448e-06]
23:16:08 - Time: 1753132568.839, tau + g: [-2.49940676e-02 -4.19743427e+01 -3.22989427e-01  2.14245123e+01
 -6.59045921e-01  4.66734828e-02  8.97950279e-07]
23:16:08 - Time: 1753132568.844, current_contact_force: 0.0
23:16:08 - Time: 1753132568.844, jac: [[-4.57893909e-06  1.00003858e-01 -1.21356636e-05  2.99023129e-01
   1.64794600e-05 -1.25999705e-01 -2.71050543e-20]
 [ 4.91433075e-01 -2.49487877e-05  4.35686363e-01 -3.58707469e-05
   1.13719754e-01  1.81775492e-05  0.00000000e+00]
 [ 0.00000000e+00 -4.91433059e-01  3.96873190e-05  3.60370259e-01
   3.40366800e-05  2.72079508e-04  1.35525272e-20]
 [ 0.00000000e+00  2.49478244e-04  3.12054319e-01 -3.50999246e-05
   9.01605838e-01  1.44912899e-04 -2.15931787e-03]
 [ 0.00000000e+00  9.99999969e-01 -7.78507659e-05 -9.99999997e-01
  -1.18818266e-06  9.99999945e-01  2.99615348e-04]
 [ 1.00000000e+00  0.00000000e+00  9.50064259e-01 -7.04138504e-05
  -4.32558567e-01  2.99303130e-04 -9.99997624e-01]]
23:16:08 - Time: 1753132568.844, tau: [-2.39134954e-02 -3.61055959e+00 -5.82151807e-02  6.74135922e-01
 -1.66165670e-02  4.20056527e-02  1.18117312e-06]
23:16:08 - Time: 1753132568.844, tau + g: [-2.47565266e-02 -4.19485827e+01 -3.22655548e-01  2.14107119e+01
 -6.58698714e-01  4.62279028e-02  8.90810982e-07]
23:16:08 - Time: 1753132568.849, current_contact_force: 0.9116952735227115
23:16:08 - Time: 1753132568.849, jac: [[-4.52933379e-06  9.98483450e-02 -1.20807741e-05  2.99124871e-01
   1.63048630e-05 -1.25999706e-01  0.00000000e+00]
 [ 4.91548498e-01 -2.48947003e-05  4.35742727e-01 -3.57959166e-05
   1.13704159e-01  1.79873285e-05  5.55111512e-17]
 [ 0.00000000e+00 -4.91548482e-01  3.97068373e-05  3.60322085e-01
   3.37992078e-05  2.71423408e-04  0.00000000e+00]
 [ 0.00000000e+00  2.49325109e-04  3.12443834e-01 -3.45907972e-05
   9.01483765e-01  1.43397236e-04 -2.15411148e-03]
 [ 0.00000000e+00  9.99999969e-01 -7.79000953e-05 -9.99999997e-01
  -6.14186667e-07  9.99999946e-01  2.97563877e-04]
 [ 1.00000000e+00  0.00000000e+00  9.49936232e-01 -7.06283343e-05
  -4.32812918e-01  2.97255670e-04 -9.99997636e-01]]
23:16:08 - Time: 1753132568.849, tau: [-3.37804002e-02 -3.53759322e+00 -6.05589804e-02  6.52084695e-01
 -1.63835270e-02  4.08986116e-02  1.15322975e-06]
23:16:08 - Time: 1753132568.849, tau + g: [-3.45923207e-02 -4.18952859e+01 -3.25306292e-01  2.13870245e+01
 -6.58415596e-01  4.50666262e-02  8.68091203e-07]
23:16:08 - Time: 1753132568.852, current_contact_force: 1.4894012920732613
23:16:08 - Time: 1753132568.852, jac: [[-4.63890450e-06  9.96959028e-02 -1.21775527e-05  2.99224235e-01
   1.62266837e-05 -1.25999706e-01  0.00000000e+00]
 [ 4.91662011e-01 -2.48426617e-05  4.35797771e-01 -3.57379886e-05
   1.13689208e-01  1.79031828e-05  5.55111512e-17]
 [ 0.00000000e+00 -4.91661994e-01  3.97771181e-05  3.60274331e-01
   3.37392729e-05  2.71455467e-04  0.00000000e+00]
 [ 0.00000000e+00  2.49184372e-04  3.12827804e-01 -3.41701559e-05
   9.01364458e-01  1.42728436e-04 -2.15436619e-03]
 [ 0.00000000e+00  9.99999969e-01 -7.79518023e-05 -9.99999997e-01
  -1.31777315e-07  9.99999946e-01  2.97074384e-04]
 [ 1.00000000e+00  1.11022302e-16  9.49809854e-01 -7.08167292e-05
  -4.33061327e-01  2.96767580e-04 -9.99997635e-01]]
23:16:08 - Time: 1753132568.852, tau: [ 2.17433496e-01 -3.97843476e+00  1.70251434e-02  9.45999267e-01
 -1.55596375e-02  3.88829324e-02  1.13867244e-06]
23:16:08 - Time: 1753132568.852, tau + g: [ 2.16640208e-01 -4.23553593e+01 -2.48032273e-01  2.16794000e+01
 -6.57544623e-01  4.29923613e-02  1.07665077e-06]
23:16:08 - Time: 1753132568.862, current_contact_force: 1.365926104546754
23:16:08 - Time: 1753132568.862, jac: [[-1.04067406e-06  9.95292231e-02 -8.73265057e-06  2.99337615e-01
   1.39051438e-05 -1.25999713e-01 -2.71050543e-20]
 [ 4.91772403e-01 -2.47254867e-05  4.35854036e-01 -3.52440041e-05
   1.13670754e-01  1.53436070e-05  0.00000000e+00]
 [ 0.00000000e+00 -4.91772388e-01  3.85906202e-05  3.60223008e-01
   2.95386068e-05  2.68285221e-04 -1.35525272e-20]
 [ 0.00000000e+00  2.48424384e-04  3.13212840e-01 -3.17398815e-05
   9.01228228e-01  1.22328240e-04 -2.12921606e-03]
 [ 0.00000000e+00  9.99999969e-01 -7.78097094e-05 -9.99999997e-01
   2.36377682e-06  9.99999959e-01  2.60120962e-04]
 [ 1.00000000e+00  2.22044605e-16  9.49682953e-01 -7.14642403e-05
  -4.33344760e-01  2.59861086e-04 -9.99997699e-01]]
23:16:08 - Time: 1753132568.862, tau: [ 2.17500816e-01 -4.16223539e+00  2.44779668e-02  1.09107884e+00
 -1.57992560e-02  3.76001265e-02  1.11949402e-06]
23:16:08 - Time: 1753132568.862, tau + g: [ 2.16985718e-01 -4.25627298e+01 -2.40722421e-01  2.18209119e+01
 -6.57672034e-01  4.19359321e-02 -4.90082876e-06]
23:16:08 - Time: 1753132568.867, current_contact_force: 1.4995042450735887
23:16:08 - Time: 1753132568.867, jac: [[ 4.50159055e-06  9.93565410e-02 -3.29750592e-06  2.99457211e-01
   1.05704853e-05 -1.25999724e-01 -2.71050543e-20]
 [ 4.91880503e-01 -2.41457955e-05  4.35910560e-01 -3.41391974e-05
   1.13650654e-01  1.16653722e-05  5.55111512e-17]
 [ 0.00000000e+00 -4.91880489e-01  3.60748230e-05  3.60170257e-01
   2.31530465e-05  2.63509795e-04  1.35525272e-20]
 [ 0.00000000e+00  2.43021693e-04  3.13595819e-01 -2.89860259e-05
   9.01084415e-01  9.30085720e-05 -2.09132867e-03]
 [ 0.00000000e+00  9.99999970e-01 -7.62105892e-05 -9.99999997e-01
   4.53383803e-06  9.99999975e-01  2.03915252e-04]
 [ 1.00000000e+00  3.33066907e-16  9.49556558e-01 -7.06863555e-05
  -4.33643721e-01  2.03721185e-04 -9.99997792e-01]]
23:16:08 - Time: 1753132568.867, tau: [ 2.27120784e-01 -4.35324425e+00  3.36006954e-02  1.24066985e+00
 -1.61408065e-02  3.62363554e-02  1.27254762e-06]
23:16:08 - Time: 1753132568.867, tau + g: [ 2.27707763e-01 -4.27750746e+01 -2.31332884e-01  2.19676145e+01
 -6.57956565e-01  4.06410143e-02 -8.61704168e-06]
23:16:08 - Time: 1753132568.872, current_contact_force: 1.6396639624107645
23:16:08 - Time: 1753132568.872, jac: [[ 1.19073741e-05  9.91776861e-02  4.04055134e-06  2.99583183e-01
   6.20305885e-06 -1.25999737e-01  0.00000000e+00]
 [ 4.91986265e-01 -2.31376140e-05  4.35967343e-01 -3.24266613e-05
   1.13628876e-01  6.84533357e-06  0.00000000e+00]
 [ 0.00000000e+00 -4.91986254e-01  3.22989024e-05  3.60116000e-01
   1.46087897e-05  2.57121148e-04  0.00000000e+00]
 [ 0.00000000e+00  2.33294547e-04  3.13976816e-01 -2.57268990e-05
   9.00932805e-01  5.45905145e-05 -2.04063703e-03]
 [ 0.00000000e+00  9.99999973e-01 -7.32490812e-05 -9.99999997e-01
   6.60986004e-06  9.99999990e-01  1.28676952e-04]
 [ 1.00000000e+00  2.22044605e-16  9.49430647e-01 -6.86426453e-05
  -4.33958616e-01  1.28565820e-04 -9.99997910e-01]]
23:16:08 - Time: 1753132568.872, tau: [ 2.31569128e-01 -4.52627040e+00  4.09150029e-02  1.37940673e+00
 -1.64458645e-02  3.48537644e-02  1.53600052e-06]
23:16:08 - Time: 1753132568.872, tau + g: [ 2.33175383e-01 -4.29693673e+01 -2.23832808e-01  2.21032894e+01
 -6.58216408e-01  3.93209508e-02 -1.26238717e-05]
23:16:08 - Time: 1753132568.879, current_contact_force: 1.8205323414360808
23:16:08 - Time: 1753132568.879, jac: [[ 2.10383879e-05  9.89933204e-02  1.31459247e-05  2.99714904e-01
   8.66858962e-07 -1.25999753e-01  0.00000000e+00]
 [ 4.92089717e-01 -2.17140347e-05  4.36024272e-01 -3.01199073e-05
   1.13605581e-01  9.52557501e-07  5.55111512e-17]
 [ 0.00000000e+00 -4.92089710e-01  2.73177355e-05  3.60060366e-01
   4.04421205e-06  2.49286471e-04 -1.69406589e-21]
 [ 0.00000000e+00  2.19348478e-04  3.14355595e-01 -2.19780890e-05
   9.00774134e-01  7.63042586e-06 -1.97846378e-03]
 [ 0.00000000e+00  9.99999976e-01 -6.89534230e-05 -9.99999998e-01
   8.58679763e-06  9.99999999e-01  3.56137362e-05]
 [ 1.00000000e+00  1.11022302e-16  9.49305301e-01 -6.53577806e-05
  -4.34287876e-01  3.55987094e-05 -9.99998042e-01]]
23:16:08 - Time: 1753132568.879, tau: [ 2.34835218e-01 -4.68662411e+00  4.73858721e-02  1.51065941e+00
 -1.67427973e-02  3.34121389e-02  1.91923476e-06]
23:16:08 - Time: 1753132568.879, tau + g: [ 2.37418153e-01 -4.31506284e+01 -2.17234489e-01  2.22314012e+01
 -6.58484075e-01  3.79192050e-02 -1.65957906e-05]
23:16:08 - Time: 1753132568.885, current_contact_force: 2.037803026197765
23:16:08 - Time: 1753132568.885, jac: [[ 3.17685837e-05  9.88039227e-02  2.38922565e-05  2.99851917e-01
  -5.39173415e-06 -1.25999771e-01 -5.42101086e-20]
 [ 4.92190854e-01 -1.98958673e-05  4.36081242e-01 -2.72340915e-05
   1.13580898e-01 -5.96345115e-06  0.00000000e+00]
 [ 0.00000000e+00 -4.92190850e-01  2.11948395e-05  3.60003416e-01
  -8.42424697e-06  2.40156055e-04  3.38813179e-21]
 [ 0.00000000e+00  2.01367176e-04  3.14731994e-01 -1.77121105e-05
   9.00608930e-01 -4.74704307e-05 -1.90599691e-03]
 [ 0.00000000e+00  9.99999980e-01 -6.33766941e-05 -9.99999998e-01
   1.05159441e-05  9.99999996e-01 -7.42599192e-05]
 [ 1.00000000e+00  3.33066907e-16  9.49180577e-01 -6.08968699e-05
  -4.34630367e-01 -7.41695753e-05 -9.99998181e-01]]
23:16:08 - Time: 1753132568.885, tau: [ 2.36025014e-01 -4.83255839e+00  5.27596684e-02  1.63347309e+00
 -1.70353168e-02  3.18991064e-02  2.42256527e-06]
23:16:08 - Time: 1753132568.885, tau + g: [ 2.39525307e-01 -4.33171386e+01 -2.11798986e-01  2.23509843e+01
 -6.58761994e-01  3.64274015e-02 -2.05017083e-05]
23:16:08 - Time: 1753132568.890, current_contact_force: 2.294814929899665
23:16:08 - Time: 1753132568.890, jac: [[ 4.39611694e-05  9.86100220e-02  3.61429511e-05  2.99993720e-01
  -1.25180082e-05 -1.25999789e-01  0.00000000e+00]
 [ 4.92289661e-01 -1.77041594e-05  4.36138126e-01 -2.37868669e-05
   1.13554973e-01 -1.38440030e-05  5.55111512e-17]
 [ 0.00000000e+00 -4.92289661e-01  1.39979776e-05  3.59945209e-01
  -2.26659948e-05  2.29904527e-04 -1.35525272e-20]
 [ 0.00000000e+00  1.79537117e-04  3.15105836e-01 -1.29127743e-05
   9.00437779e-01 -1.10237426e-04 -1.82461712e-03]
 [ 0.00000000e+00  9.99999984e-01 -5.65731944e-05 -9.99999998e-01
   1.24373553e-05  9.99999974e-01 -1.99804523e-04]
 [ 1.00000000e+00  0.00000000e+00  9.49056536e-01 -5.53226302e-05
  -4.34984834e-01 -1.99603713e-04 -9.99998315e-01]]
23:16:08 - Time: 1753132568.890, tau: [ 2.35129464e-01 -4.96328872e+00  5.70188754e-02  1.74745083e+00
 -1.73257066e-02  3.02998843e-02  3.04542664e-06]
23:16:08 - Time: 1753132568.890, tau + g: [ 2.39485370e-01 -4.34680657e+01 -2.07543653e-01  2.24616549e+01
 -6.59052451e-01  3.48301964e-02 -2.42276973e-05]
23:16:08 - Time: 1753132568.895, current_contact_force: 2.592778030972186
23:16:08 - Time: 1753132568.895, jac: [[ 5.74735724e-05  9.84121674e-02  4.97554258e-05  3.00139791e-01
  -2.04530542e-05 -1.25999808e-01 -5.42101086e-20]
 [ 4.92386116e-01 -1.51616709e-05  4.36194783e-01 -1.97989298e-05
   1.13527964e-01 -2.26257093e-05  0.00000000e+00]
 [ 0.00000000e+00 -4.92386119e-01  5.80001054e-06  3.59885801e-01
  -3.85424754e-05  2.18724691e-04  0.00000000e+00]
 [ 0.00000000e+00  1.54062969e-04  3.15476940e-01 -7.56797608e-06
   9.00261295e-01 -1.80158720e-04 -1.73584915e-03]
 [ 0.00000000e+00  9.99999988e-01 -4.86033146e-05 -9.99999999e-01
   1.43896467e-05  9.99999926e-01 -3.39809833e-04]
 [ 1.00000000e+00  0.00000000e+00  9.48933242e-01 -4.87028914e-05
  -4.35349976e-01 -3.39497611e-04 -9.99998436e-01]]
23:16:08 - Time: 1753132568.895, tau: [ 2.32039138e-01 -5.07784462e+00  6.01196180e-02  1.85205707e+00
 -1.76152348e-02  2.86026300e-02  3.78400189e-06]
23:16:08 - Time: 1753132568.895, tau + g: [ 2.37183854e-01 -4.36024028e+01 -2.04513414e-01  2.25628877e+01
 -6.59356460e-01  3.31160774e-02 -2.76772894e-05]
23:16:08 - Time: 1753132568.897, current_contact_force: 2.932339536899243
23:16:08 - Time: 1753132568.897, jac: [[ 7.21566029e-05  9.82109342e-02  6.45803444e-05  3.00289582e-01
  -2.91329649e-05 -1.25999826e-01  5.42101086e-20]
 [ 4.92480187e-01 -1.22927873e-05  4.36251057e-01 -1.52942104e-05
   1.13500042e-01 -3.22395090e-05 -5.55111512e-17]
 [ 0.00000000e+00 -4.92480192e-01 -3.32087086e-06  3.59825237e-01
  -5.59060125e-05  2.06827401e-04  0.00000000e+00]
 [ 0.00000000e+00  1.25167196e-04  3.15845119e-01 -1.67093370e-06
   9.00080122e-01 -2.56677971e-04 -1.64136103e-03]
 [ 0.00000000e+00  9.99999992e-01 -3.95334482e-05 -9.99999999e-01
   1.64086943e-05  9.99999846e-01 -4.92984384e-04]
 [ 1.00000000e+00  2.22044605e-16  9.48810761e-01 -4.11100859e-05
  -4.35724424e-01 -4.92563730e-04 -9.99998531e-01]]
23:16:08 - Time: 1753132568.897, tau: [ 2.26713792e-01 -5.17533789e+00  6.20372271e-02  1.94678165e+00
 -1.79045196e-02  2.67976757e-02  4.63164217e-06]
23:16:08 - Time: 1753132568.897, tau + g: [ 2.32575751e-01 -4.37192244e+01 -2.02733669e-01  2.26541840e+01
 -6.59674353e-01  3.12757983e-02 -3.07548966e-05]
23:16:08 - Time: 1753132568.908, current_contact_force: 3.313155765601743
23:16:08 - Time: 1753132568.908, jac: [[ 8.78549776e-05  9.80069223e-02  8.04620915e-05  3.00442521e-01
  -3.84891268e-05 -1.25999843e-01  0.00000000e+00]
 [ 4.92571840e-01 -9.12359410e-06  4.36306778e-01 -1.02999611e-05
   1.13471387e-01 -4.26109064e-05  5.55111512e-17]
 [ 0.00000000e+00 -4.92571846e-01 -1.32810848e-05  3.59763563e-01
  -7.46003950e-05  1.94439635e-04 -5.42101086e-20]
 [ 0.00000000e+00  9.30913230e-05  3.16210181e-01  4.78024300e-06
   8.99894938e-01 -3.39196667e-04 -1.54294895e-03]
 [ 0.00000000e+00  9.99999996e-01 -2.94364242e-05 -9.99999999e-01
   1.85283211e-05  9.99999726e-01 -6.57960380e-04]
 [ 1.00000000e+00  2.22044605e-16  9.48689159e-01 -3.26218398e-05
  -4.36106753e-01 -6.57437762e-04 -9.99998593e-01]]
23:16:08 - Time: 1753132568.908, tau: [ 2.19147235e-01 -5.25495205e+00  6.27585853e-02  2.03113208e+00
 -1.81933953e-02  2.48780329e-02  5.57882459e-06]
23:16:08 - Time: 1753132568.908, tau + g: [ 2.25650275e-01 -4.38176792e+01 -2.02217964e-01  2.27350629e+01
 -6.60005575e-01  2.93030853e-02 -3.33727059e-05]
23:16:08 - Time: 1753132568.913, current_contact_force: 3.7339299466305187
23:16:08 - Time: 1753132568.913, jac: [[ 1.04408005e-04  9.78007542e-02  9.72394404e-05  3.00598016e-01
  -4.84484951e-05 -1.25999857e-01  0.00000000e+00]
 [ 4.92661034e-01 -5.68182072e-06  4.36361767e-01 -4.84674974e-06
   1.13442192e-01 -5.36601953e-05  0.00000000e+00]
 [ 0.00000000e+00 -4.92661039e-01 -2.39918565e-05  3.59700821e-01
  -9.44615641e-05  1.81802266e-04  0.00000000e+00]
 [ 0.00000000e+00  5.80958782e-05  3.16571933e-01  1.17826358e-05
   8.99706448e-01 -4.27076322e-04 -1.44251987e-03]
 [ 0.00000000e+00  9.99999998e-01 -1.83915245e-05 -1.00000000e+00
   2.07804293e-05  9.99999562e-01 -8.33299495e-04]
 [ 1.00000000e+00  1.11022302e-16  9.48568506e-01 -2.33210107e-05
  -4.36495483e-01 -8.32684220e-04 -9.99998612e-01]]
23:16:08 - Time: 1753132568.913, tau: [ 2.09373172e-01 -5.31598172e+00  6.22848585e-02  2.10465705e+00
 -1.84808926e-02  2.28395658e-02  6.61330802e-06]
23:16:08 - Time: 1753132568.913, tau + g: [ 2.16437065e-01 -4.38970307e+01 -2.02965038e-01  2.28050850e+01
 -6.60348653e-01  2.71948052e-02 -3.54530851e-05]
23:16:08 - Time: 1753132568.921, current_contact_force: 4.192394914162173
23:16:08 - Time: 1753132568.921, jac: [[ 1.21650610e-04  9.75930717e-02  1.14746561e-04  3.00755453e-01
  -5.89340523e-05 -1.25999870e-01  5.42101086e-20]
 [ 4.92747727e-01 -1.99672685e-06  4.36415837e-01  1.03163294e-06
   1.13412656e-01 -6.53028948e-05  0.00000000e+00]
 [ 0.00000000e+00 -4.92747729e-01 -3.53596239e-05  3.59637051e-01
  -1.15318669e-04  1.69167337e-04  0.00000000e+00]
 [ 0.00000000e+00  2.04597193e-05  3.16930175e-01  1.93286661e-05
   8.99515385e-01 -5.19642304e-04 -1.34207005e-03]
 [ 0.00000000e+00  1.00000000e+00 -6.48430241e-06 -1.00000000e+00
   2.31951089e-05  9.99999348e-01 -1.01750196e-03]
 [ 1.00000000e+00  2.22044605e-16  9.48448873e-01 -1.32955400e-05
  -4.36889084e-01 -1.01680534e-03 -9.99998582e-01]]
23:16:08 - Time: 1753132568.921, tau: [ 1.97464362e-01 -5.35785930e+00  6.06324081e-02  2.16696266e+00
 -1.87652016e-02  2.06811419e-02  7.72036937e-06]
23:16:08 - Time: 1753132568.921, tau + g: [ 2.05005568e-01 -4.39566846e+01 -2.04957773e-01  2.28638690e+01
 -6.60701137e-01  2.49511443e-02 -3.69318315e-05]
23:16:08 - Time: 1753132568.928, current_contact_force: 4.685355511432432
23:16:08 - Time: 1753132568.928, jac: [[ 1.39414633e-04  9.73845322e-02  1.32814306e-04  3.00914205e-01
  -6.98654020e-05 -1.25999879e-01  1.08420217e-19]
 [ 4.92831878e-01  1.90107303e-06  4.36468794e-01  7.29834728e-06
   1.13382988e-01 -7.74503489e-05  0.00000000e+00]
 [ 0.00000000e+00 -4.92831875e-01 -4.72866389e-05  3.59572296e-01
  -1.36995412e-04  1.56794953e-04  0.00000000e+00]
 [ 0.00000000e+00 -1.95213037e-05  3.17284710e-01  2.74062413e-05
   8.99322502e-01 -6.16188891e-04 -1.24366055e-03]
 [ 0.00000000e+00  1.00000000e+00  6.19381117e-06 -1.00000000e+00
   2.58006445e-05  9.99999080e-01 -1.20901818e-03]
 [ 1.00000000e+00  2.22044605e-16  9.48330329e-01 -2.63807882e-06
  -4.37285989e-01 -1.20825256e-03 -9.99998496e-01]]
23:16:08 - Time: 1753132568.928, tau: [ 1.83533015e-01 -5.38018062e+00  5.78338817e-02  2.21772885e+00
 -1.90436602e-02  1.84046724e-02  8.88314961e-06]
23:16:08 - Time: 1753132568.928, tau + g: [ 1.91465643e-01 -4.39962161e+01 -2.08161988e-01  2.29111074e+01
 -6.61059579e-01  2.25756633e-02 -3.77609537e-05]
23:16:08 - Time: 1753132568.937, current_contact_force: 5.208763087108421
23:16:08 - Time: 1753132568.937, jac: [[ 1.57530374e-04  9.71758037e-02  1.51271748e-04  3.01073635e-01
  -8.11594952e-05 -1.25999884e-01  5.42101086e-20]
 [ 4.92913447e-01  5.97983729e-06  4.36520443e-01  1.39137550e-05
   1.13353400e-01 -9.00104877e-05  5.55111512e-17]
 [ 0.00000000e+00 -4.92913437e-01 -5.96717475e-05  3.59506599e-01
  -1.59311649e-04  1.44949872e-04 -1.08420217e-19]
 [ 0.00000000e+00 -6.15362780e-05  3.17635339e-01  3.59989192e-05
   8.99128571e-01 -7.15985530e-04 -1.14939037e-03]
 [ 0.00000000e+00  9.99999998e-01  1.95460965e-05 -9.99999999e-01
   2.86234469e-05  9.99998756e-01 -1.40626280e-03]
 [ 1.00000000e+00  0.00000000e+00  9.48212946e-01  8.55458437e-06
  -4.37684603e-01 -1.40544043e-03 -9.99998351e-01]]
23:16:08 - Time: 1753132568.937, tau: [ 1.67729647e-01 -5.38272519e+00  5.39387111e-02  2.25672338e+00
 -1.93127700e-02  1.60150541e-02  1.00831006e-05]
23:16:08 - Time: 1753132568.937, tau + g: [ 1.75966578e-01 -4.40153908e+01 -2.12525852e-01  2.29465808e+01
 -6.61419535e-01  2.00752457e-02 -3.79110026e-05]
23:16:08 - Time: 1753132568.945, current_contact_force: 5.757825659725306
23:16:08 - Time: 1753132568.945, jac: [[ 1.75828343e-04  9.69675591e-02  1.69947920e-04  3.01233097e-01
  -9.27314662e-05 -1.25999887e-01  5.42101086e-20]
 [ 4.92992400e-01  1.02069711e-05  4.36570589e-01  2.08357411e-05
   1.13324107e-01 -1.02888730e-04 -5.55111512e-17]
 [ 0.00000000e+00 -4.92992379e-01 -7.24113286e-05  3.59440007e-01
  -1.82085221e-04  1.33897888e-04  0.00000000e+00]
 [ 0.00000000e+00 -1.05261709e-04  3.17981867e-01  4.50860862e-05
   8.98934372e-01 -8.18284108e-04 -1.06136788e-03]
 [ 0.00000000e+00  9.99999994e-01  3.34713150e-05 -9.99999999e-01
   3.16879114e-05  9.99998374e-01 -1.60763063e-03]
 [ 1.00000000e+00  3.33066907e-16  9.48096794e-01  2.01822822e-05
  -4.38083319e-01 -1.60676250e-03 -9.99998145e-01]]
23:16:08 - Time: 1753132568.945, tau: [ 1.50240612e-01 -5.36547115e+00  4.90130326e-02  2.28381337e+00
 -1.95682468e-02  1.35200080e-02  1.13005222e-05]
23:16:08 - Time: 1753132568.945, tau + g: [ 1.58694751e-01 -4.40141808e+01 -2.17979919e-01  2.29701692e+01
 -6.61775617e-01  1.74599325e-02 -3.73726815e-05]
23:16:08 - Time: 1753132568.950, current_contact_force: 6.327146225494389
23:16:08 - Time: 1753132568.950, jac: [[ 1.94141144e-04  9.67604702e-02  1.88673704e-04  3.01391951e-01
  -1.04495554e-04 -1.25999886e-01  5.42101086e-20]
 [ 4.93068707e-01  1.45493382e-05  4.36619040e-01  2.80200998e-05
   1.13295323e-01 -1.15989001e-04  0.00000000e+00]
 [ 0.00000000e+00 -4.93068672e-01 -8.54003617e-05  3.59372571e-01
  -2.05133928e-04  1.23902146e-04  0.00000000e+00]
 [ 0.00000000e+00 -1.50364482e-04  3.18324104e-01  5.46431496e-05
   8.98740688e-01 -9.22327027e-04 -9.81681580e-04]
 [ 0.00000000e+00  9.99999989e-01  4.78646397e-05 -9.99999998e-01
   3.50162085e-05  9.99997936e-01 -1.81151409e-03]
 [ 1.00000000e+00  3.33066907e-16  9.47981942e-01  3.21423928e-05
  -4.38480529e-01 -1.81060877e-03 -9.99997877e-01]]
23:16:08 - Time: 1753132568.950, tau: [ 1.31284212e-01 -5.32860371e+00  4.31389636e-02  2.29897380e+00
 -1.98051040e-02  1.09298213e-02  1.25151681e-05]
23:16:08 - Time: 1753132568.950, tau + g: [ 1.39869804e-01 -4.39927731e+01 -2.24437849e-01  2.29818606e+01
 -6.62121580e-01  1.47426485e-02 -3.61575873e-05]
23:16:08 - Time: 1753132568.956, current_contact_force: 6.9108821476123525
23:16:08 - Time: 1753132568.956, jac: [[ 2.12305441e-04  9.65552011e-02  2.07283794e-04  3.01549558e-01
  -1.16366079e-04 -1.25999881e-01  0.00000000e+00]
 [ 4.93142346e-01  1.89736014e-05  4.36665613e-01  3.54209744e-05
   1.13267261e-01 -1.29214832e-04  5.55111512e-17]
 [ 0.00000000e+00 -4.93142295e-01 -9.85335923e-05  3.59304345e-01
  -2.28277606e-04  1.15219479e-04  0.00000000e+00]
 [ 0.00000000e+00 -1.96505220e-04  3.18661869e-01  6.46417415e-05
   8.98548300e-01 -1.02735583e-03 -9.12371161e-04]
 [ 0.00000000e+00  9.99999981e-01  6.26187220e-05 -9.99999997e-01
   3.86280182e-05  9.99997441e-01 -2.01632152e-03]
 [ 1.00000000e+00  3.33066907e-16  9.47868456e-01  4.43309020e-05
  -4.38874642e-01 -2.01538397e-03 -9.99997551e-01]]
23:16:08 - Time: 1753132568.956, tau: [ 1.11105561e-01 -5.27251720e+00  3.64132680e-02  2.30229260e+00
 -2.00177686e-02  8.25700555e-03  1.37068934e-05]
23:16:08 - Time: 1753132568.956, tau + g: [ 1.19739515e-01 -4.39515726e+01 -2.31797776e-01  2.29817558e+01
 -6.62450450e-01  1.19388316e-02 -3.42979762e-05]
23:16:08 - Time: 1753132568.964, current_contact_force: 7.502916636254839
23:16:08 - Time: 1753132568.964, jac: [[ 2.30163934e-04  9.63524017e-02  2.25618683e-04  3.01705296e-01
  -1.28258445e-04 -1.25999873e-01  1.08420217e-19]
 [ 4.93213305e-01  2.34465807e-05  4.36710131e-01  4.29913384e-05
   1.13240128e-01 -1.42470508e-04 -5.55111512e-17]
 [ 0.00000000e+00 -4.93213234e-01 -1.11706756e-04  3.59235388e-01
  -2.51340223e-04  1.08096907e-04  0.00000000e+00]
 [ 0.00000000e+00 -2.43341936e-04  3.18994989e-01  7.50499354e-05
   8.98357974e-01 -1.13262011e-03 -8.55399638e-04]
 [ 0.00000000e+00  9.99999970e-01  7.76248605e-05 -9.99999996e-01
   4.25402210e-05  9.99996895e-01 -2.22049575e-03]
 [ 1.00000000e+00  3.33066907e-16  9.47756399e-01  5.66435710e-05
  -4.39264099e-01 -2.21952629e-03 -9.99997169e-01]]
23:16:08 - Time: 1753132568.964, tau: [ 8.99704528e-02 -5.19781057e+00  2.89454666e-02  2.29397229e+00
 -2.02002263e-02  5.51588854e-03  1.48563106e-05]
23:16:08 - Time: 1753132568.964, tau + g: [ 9.85736150e-02 -4.38911969e+01 -2.39944283e-01  2.29700696e+01
 -6.62754696e-01  9.06598289e-03 -3.18455356e-05]
23:16:08 - Time: 1753132568.969, current_contact_force: 8.097033176213722
23:16:08 - Time: 1753132568.969, jac: [[ 2.47567268e-04  9.61527010e-02  2.43526583e-04  3.01858562e-01
  -1.40090129e-04 -1.25999862e-01  1.08420217e-19]
 [ 4.93281580e-01  2.79356170e-05  4.36752433e-01  5.06835060e-05
   1.13214124e-01 -1.55662227e-04  0.00000000e+00]
 [ 0.00000000e+00 -4.93281487e-01 -1.24817820e-04  3.59165766e-01
  -2.74151930e-04  1.02768389e-04  1.08420217e-19]
 [ 0.00000000e+00 -2.90533865e-04  3.19323303e-01  8.58324766e-05
   8.98170459e-01 -1.23738634e-03 -8.12627532e-04]
 [ 0.00000000e+00  9.99999958e-01  9.27742371e-05 -9.99999994e-01
   4.67665630e-05  9.99996303e-01 -2.42253232e-03]
 [ 1.00000000e+00  2.22044605e-16  9.47645830e-01  6.89771691e-05
  -4.39647387e-01 -2.42152574e-03 -9.99996735e-01]]
23:16:08 - Time: 1753132568.969, tau: [ 6.81585517e-02 -5.10527698e+00  2.08554916e-02  2.27432825e+00
 -2.03461889e-02  2.72215958e-03  1.59454187e-05]
23:16:08 - Time: 1753132568.969, tau + g: [ 7.66568794e-02 -4.38124658e+01 -2.48750872e-01  2.29471296e+01
 -6.63026417e-01  6.14315978e-03 -2.88692186e-05]
23:16:08 - Time: 1753132568.974, current_contact_force: 8.687084126191943
23:16:08 - Time: 1753132568.974, jac: [[ 2.64375821e-04  9.59567009e-02  2.60865228e-04  3.02008775e-01
  -1.51781638e-04 -1.25999848e-01  1.08420217e-19]
 [ 4.93347179e-01  3.24089318e-05  4.36792369e-01  5.84496557e-05
   1.13189438e-01 -1.68699227e-04  0.00000000e+00]
 [ 0.00000000e+00 -4.93347061e-01 -1.37768207e-04  3.59095547e-01
  -2.96551004e-04  9.94519210e-05 -2.16840434e-19]
 [ 0.00000000e+00 -3.37745354e-04  3.19646665e-01  9.69510271e-05
   8.97986473e-01 -1.34094650e-03 -7.85789747e-04]
 [ 0.00000000e+00  9.99999943e-01  1.07959182e-04 -9.99999992e-01
   5.13173158e-05  9.99995669e-01 -2.62099685e-03]
 [ 1.00000000e+00  0.00000000e+00  9.47536806e-01  8.12307326e-05
  -4.40023059e-01 -2.61994161e-03 -9.99996256e-01]]
23:16:08 - Time: 1753132568.974, tau: [ 4.59562613e-02 -4.99588806e+00  1.22709974e-02  2.24378377e+00
 -2.04492789e-02 -1.07607376e-04  1.69581713e-05]
23:16:08 - Time: 1753132568.974, tau + g: [ 5.42818331e-02 -4.37163843e+01 -2.58082801e-01  2.29133706e+01
 -6.63257569e-01  3.19043648e-03 -2.54522738e-05]
23:16:08 - Time: 1753132568.980, current_contact_force: 9.26714589275171
23:16:08 - Time: 1753132568.980, jac: [[ 2.80461306e-04  9.57649702e-02  2.77503499e-04  3.02155388e-01
  -1.63257397e-04 -1.25999831e-01  1.08420217e-19]
 [ 4.93410121e-01  3.68359694e-05  4.36829807e-01  6.62423545e-05
   1.13166248e-01 -1.81494858e-04  0.00000000e+00]
 [ 0.00000000e+00 -4.93409977e-01 -1.50463955e-04  3.59024805e-01
  -3.18385619e-04  9.83470558e-05  0.00000000e+00]
 [ 0.00000000e+00 -3.84649696e-04  3.19964945e-01  1.08364430e-04
   8.97806701e-01 -1.44262608e-03 -7.76475740e-04]
 [ 0.00000000e+00  9.99999926e-01  1.23074428e-04 -9.99999990e-01
   5.61989523e-05  9.99995002e-01 -2.81454084e-03]
 [ 1.00000000e+00  2.22044605e-16  9.47429374e-01  9.33068049e-05
  -4.40389742e-01 -2.81341860e-03 -9.99995738e-01]]
23:16:08 - Time: 1753132568.980, tau: [ 2.36496028e-02 -4.87077395e+00  3.32445944e-03  2.20286239e+00
 -2.05032217e-02 -2.95643094e-03  1.78809536e-05]
23:16:08 - Time: 1753132568.980, tau + g: [ 3.17414366e-02 -4.36041222e+01 -2.67800168e-01  2.28693267e+01
 -6.63440190e-01  2.28358031e-04 -2.16886635e-05]
23:16:08 - Time: 1753132568.985, current_contact_force: 9.831654725715628
23:16:08 - Time: 1753132568.985, jac: [[ 2.95708140e-04  9.55780395e-02  2.93322815e-04  3.02297888e-01
  -1.74446541e-04 -1.25999811e-01  2.16840434e-19]
 [ 4.93470437e-01  4.11877141e-05  4.36864632e-01  7.40150678e-05
   1.13144717e-01 -1.93967558e-04  0.00000000e+00]
 [ 0.00000000e+00 -4.93470263e-01 -1.62816779e-04  3.58953617e-01
  -3.39515399e-04  9.96328889e-05  0.00000000e+00]
 [ 0.00000000e+00 -4.30932781e-04  3.20278030e-01  1.20028996e-04
   8.97631786e-01 -1.54179138e-03 -7.86113360e-04]
 [ 0.00000000e+00  9.99999907e-01  1.38018315e-04 -9.99999987e-01
   6.14138599e-05  9.99994309e-01 -3.00191569e-03]
 [ 1.00000000e+00  2.22044605e-16  9.47323580e-01  1.05112619e-04
  -4.40746154e-01 -3.00070103e-03 -9.99995185e-01]]
23:16:08 - Time: 1753132568.985, tau: [ 1.51742352e-03 -4.73119998e+00 -5.84981204e-03  2.15217779e+00
 -2.05020400e-02 -5.80737812e-03  1.87029433e-05]
23:16:08 - Time: 1753132568.985, tau + g: [ 9.32207206e-03 -4.34769888e+01 -2.77761084e-01  2.28156215e+01
 -6.63566633e-01 -2.72258841e-03 -1.76791022e-05]
23:16:08 - Time: 1753132568.990, current_contact_force: 10.37551910639727
23:16:08 - Time: 1753132568.990, jac: [[ 3.10014544e-04  9.53963964e-02  3.08218260e-04  3.02435805e-01
  -1.85283604e-04 -1.25999789e-01  1.08420217e-19]
 [ 4.93528166e-01  4.54369722e-05  4.36896747e-01  8.17226435e-05
   1.13124992e-01 -2.06041707e-04  5.55111512e-17]
 [ 0.00000000e+00 -4.93527963e-01 -1.74745017e-04  3.58882064e-01
  -3.59812715e-04  1.03466537e-04  0.00000000e+00]
 [ 0.00000000e+00 -4.76296472e-04  3.20585826e-01  1.31898812e-04
   8.97462325e-01 -1.63785575e-03 -8.15956580e-04]
 [ 0.00000000e+00  9.99999887e-01  1.52693915e-04 -9.99999985e-01
   6.69601118e-05  9.99993600e-01 -3.18198439e-03]
 [ 1.00000000e+00  3.33066907e-16  9.47219460e-01  1.16561186e-04
  -4.41091114e-01 -3.18064477e-03 -9.99994605e-01]]
23:16:08 - Time: 1753132568.990, tau: [-2.01748030e-02 -4.57854137e+00 -1.51186168e-02  2.09242202e+00
 -2.04402408e-02 -8.64398088e-03  1.94163412e-05]
23:16:08 - Time: 1753132568.990, tau + g: [-1.27028912e-02 -4.33364067e+01 -2.87824811e-01  2.27529559e+01
 -6.63629794e-01 -5.64246340e-03 -1.35269643e-05]
23:16:08 - Time: 1753132568.995, current_contact_force: 10.894206645144532
23:16:08 - Time: 1753132568.995, jac: [[ 3.23293342e-04  9.52204820e-02  3.22099414e-04  3.02568709e-01
  -1.95709078e-04 -1.25999764e-01  0.00000000e+00]
 [ 4.93583361e-01  4.95586133e-05  4.36926076e-01  8.93217593e-05
   1.13107204e-01 -2.17648351e-04  0.00000000e+00]
 [ 0.00000000e+00 -4.93583126e-01 -1.86174418e-04  3.58810229e-01
  -3.79163701e-04  1.09982111e-04  2.16840434e-19]
 [ 0.00000000e+00 -5.20461623e-04  3.20888260e-01  1.43926082e-04
   8.97298860e-01 -1.73028488e-03 -8.67077155e-04]
 [ 0.00000000e+00  9.99999865e-01  1.67010047e-04 -9.99999982e-01
   7.28313140e-05  9.99992884e-01 -3.35373085e-03]
 [ 1.00000000e+00  2.22044605e-16  9.47117045e-01  1.27572252e-04
  -4.41423550e-01 -3.35222681e-03 -9.99994000e-01]]
23:16:08 - Time: 1753132568.995, tau: [-4.11803773e-02 -4.41425679e+00 -2.43526587e-02  2.02435238e+00
 -2.03129882e-02 -1.14505990e-02  2.00164633e-05]
23:16:08 - Time: 1753132568.995, tau + g: [-3.40787317e-02 -4.31838839e+01 -2.97854740e-01  2.26820948e+01
 -6.63623323e-01 -8.51230893e-03 -9.33430324e-06]
23:16:08 - Time: 1753132568.997, current_contact_force: 11.383805181136397
23:16:08 - Time: 1753132568.997, jac: [[ 3.35472459e-04  9.50506877e-02  3.34890882e-04  3.02696218e-01
  -2.05669850e-04 -1.25999736e-01  0.00000000e+00]
 [ 4.93636083e-01  5.35297666e-05  4.36952560e-01  9.67713241e-05
   1.13091468e-01 -2.28725766e-04  5.55111512e-17]
 [ 0.00000000e+00 -4.93635816e-01 -1.97038772e-04  3.58738194e-01
  -3.97468970e-04  1.19290175e-04 -2.16840434e-19]
 [ 0.00000000e+00 -5.63170655e-04  3.21185278e-01  1.56061493e-04
   8.97141879e-01 -1.81860085e-03 -9.40360100e-04]
 [ 0.00000000e+00  9.99999841e-01  1.80882152e-04 -9.99999978e-01
   7.90165409e-05  9.99992170e-01 -3.51626650e-03]
 [ 1.00000000e+00  0.00000000e+00  9.47016359e-01  1.38073110e-04
  -4.41742507e-01 -3.51455211e-03 -9.99993376e-01]]
23:16:08 - Time: 1753132568.997, tau: [-6.12758381e-02 -4.23986184e+00 -3.34290943e-02  1.94877760e+00
 -2.01162564e-02 -1.42127201e-02  2.05016990e-05]
23:16:08 - Time: 1753132568.997, tau + g: [-5.45740604e-02 -4.30209853e+01 -3.07721105e-01  2.26038537e+01
 -6.63541805e-01 -1.13145134e-02 -5.19819856e-06]
23:16:09 - Time: 1753132569.008, current_contact_force: 11.841059240114003
23:16:09 - Time: 1753132569.008, jac: [[ 3.46495111e-04  9.48873535e-02  3.46532517e-04  3.02818001e-01
  -2.15119488e-04 -1.25999704e-01  0.00000000e+00]
 [ 4.93686401e-01  5.73299680e-05  4.36976160e-01  1.04032828e-04
   1.13077878e-01 -2.39219872e-04  0.00000000e+00]
 [ 0.00000000e+00 -4.93686101e-01 -2.07280358e-04  3.58666044e-01
  -4.14644044e-04  1.31477652e-04  0.00000000e+00]
 [ 0.00000000e+00 -6.04189657e-04  3.21476848e-01  1.68254611e-04
   8.96991810e-01 -1.90238495e-03 -1.03650274e-03]
 [ 0.00000000e+00  9.99999817e-01  1.94233022e-04 -9.99999975e-01
   8.55003688e-05  9.99991468e-01 -3.66883435e-03]
 [ 1.00000000e+00  0.00000000e+00  9.46917419e-01  1.47999237e-04
  -4.42047152e-01 -3.66685787e-03 -9.99992733e-01]]
23:16:09 - Time: 1753132569.008, tau: [-8.02644095e-02 -4.05690340e+00 -4.22337641e-02  1.86654378e+00
 -1.98469561e-02 -1.69171907e-02  2.08733447e-05]
23:16:09 - Time: 1753132569.008, tau + g: [-7.39844666e-02 -4.28493063e+01 -3.17303356e-01  2.25190839e+01
 -6.63380916e-01 -1.40331003e-02 -1.20760503e-06]
23:16:09 - Time: 1753132569.013, current_contact_force: 12.263384084603537
23:16:09 - Time: 1753132569.013, jac: [[ 3.56319696e-04  9.47307660e-02  3.56979342e-04  3.02933774e-01
  -2.24018411e-04 -1.25999669e-01  1.08420217e-19]
 [ 4.93734392e-01  6.09412601e-05  4.36996855e-01  1.11070636e-04
   1.13066510e-01 -2.49084482e-04  0.00000000e+00]
 [ 0.00000000e+00 -4.93734061e-01 -2.16850223e-04  3.58593860e-01
  -4.30619483e-04  1.46608136e-04  0.00000000e+00]
 [ 0.00000000e+00 -6.43309983e-04  3.21762958e-01  1.80454299e-04
   8.96849020e-01 -1.98127938e-03 -1.15601701e-03]
 [ 0.00000000e+00  9.99999793e-01  2.06993366e-04 -9.99999971e-01
   9.22630117e-05  9.99990785e-01 -3.81081043e-03]
 [ 1.00000000e+00  1.11022302e-16  9.46820234e-01  1.57294749e-04
  -4.42336779e-01 -3.80851512e-03 -9.99992071e-01]]
23:16:09 - Time: 1753132569.013, tau: [-9.79784142e-02 -3.86693527e+00 -5.06630512e-02  1.77852053e+00
 -1.95030319e-02 -1.95523791e-02  2.11353321e-05]
23:16:09 - Time: 1753132569.013, tau + g: [-9.21350973e-02 -4.26704469e+01 -3.26492131e-01  2.24286592e+01
 -6.63137538e-01 -1.66539385e-02  2.55917250e-06]
23:16:09 - Time: 1753132569.019, current_contact_force: 12.648860273796746
23:16:09 - Time: 1753132569.019, jac: [[ 3.64919410e-04  9.45811591e-02  3.66201204e-04  3.03043304e-01
  -2.32333919e-04 -1.25999628e-01  0.00000000e+00]
 [ 4.93780142e-01  6.43482429e-05  4.37014643e-01  1.17852222e-04
   1.13057424e-01 -2.58281398e-04 -5.55111512e-17]
 [ 0.00000000e+00 -4.93779779e-01 -2.25708288e-04  3.58521722e-01
  -4.45340753e-04  1.64722563e-04  2.16840434e-19]
 [ 0.00000000e+00 -6.80349328e-04  3.22043619e-01  1.92609166e-04
   8.96713813e-01 -2.05498778e-03 -1.29923460e-03]
 [ 0.00000000e+00  9.99999769e-01  2.19102210e-04 -9.99999968e-01
   9.92805572e-05  9.99990130e-01 -3.94170287e-03]
 [ 1.00000000e+00  2.22044605e-16  9.46724807e-01  1.65912680e-04
  -4.42610808e-01 -3.93902798e-03 -9.99991387e-01]]
23:16:09 - Time: 1753132569.019, tau: [-1.14280677e-01 -3.67149590e+00 -5.86253392e-02  1.68558761e+00
 -1.90835265e-02 -2.21082711e-02  2.12938733e-05]
23:16:09 - Time: 1753132569.019, tau + g: [-1.08882194e-01 -4.24859883e+01 -3.35190791e-01  2.23334623e+01
 -6.62809842e-01 -1.91648750e-02  6.03630860e-06]
23:16:09 - Time: 1753132569.023, current_contact_force: 12.996211974692354
23:16:09 - Time: 1753132569.023, jac: [[ 3.72281622e-04  9.44387131e-02  3.74182176e-04  3.03146409e-01
  -2.40040116e-04 -1.25999581e-01 -1.08420217e-19]
 [ 4.93823737e-01  6.75380804e-05  4.37029538e-01  1.24348342e-04
   1.13050660e-01 -2.66780366e-04  0.00000000e+00]
 [ 0.00000000e+00 -4.93823345e-01 -2.33823280e-04  3.58449708e-01
  -4.58767843e-04  1.85840176e-04  0.00000000e+00]
 [ 0.00000000e+00 -7.15152303e-04  3.22318857e-01  2.04668014e-04
   8.96586432e-01 -2.12327463e-03 -1.46631448e-03]
 [ 0.00000000e+00  9.99999744e-01  2.30507132e-04 -9.99999964e-01
   1.06525297e-04  9.99989512e-01 -4.06114870e-03]
 [ 1.00000000e+00  0.00000000e+00  9.46631133e-01  1.73815077e-04
  -4.42868782e-01 -4.05803055e-03 -9.99990678e-01]]
23:16:09 - Time: 1753132569.023, tau: [-1.29064989e-01 -3.47208831e+00 -6.60420518e-02  1.58862241e+00
 -1.85886116e-02 -2.45765054e-02  2.13570480e-05]
23:16:09 - Time: 1753132569.023, tau + g: [-1.24113647e-01 -4.22974722e+01 -3.43316511e-01  2.22343724e+01
 -6.62397320e-01 -2.15557952e-02  9.17157333e-06]
23:16:09 - Time: 1753132569.029, current_contact_force: 13.304772300278936
23:16:09 - Time: 1753132569.029, jac: [[ 3.78407029e-04  9.43035569e-02  3.80919748e-04  3.03242956e-01
  -2.47117717e-04 -1.25999526e-01  4.33680869e-19]
 [ 4.93865273e-01  7.05004659e-05  4.37041568e-01  1.30533154e-04
   1.13046240e-01 -2.74558893e-04  0.00000000e+00]
 [ 0.00000000e+00 -4.93864852e-01 -2.41172534e-04  3.58377891e-01
  -4.70874668e-04  2.09959738e-04  2.16840434e-19]
 [ 0.00000000e+00 -7.47590531e-04  3.22588723e-01  2.16580313e-04
   8.96467058e-01 -2.18596375e-03 -1.65725238e-03]
 [ 0.00000000e+00  9.99999721e-01  2.41164342e-04 -9.99999960e-01
   1.13966141e-04  9.99988936e-01 -4.16890880e-03]
 [ 1.00000000e+00  4.44089210e-16  9.46539200e-01  1.80972923e-04
  -4.43110372e-01 -4.16528190e-03 -9.99989937e-01]]
23:16:09 - Time: 1753132569.029, tau: [-1.42255713e-01 -3.27016257e+00 -7.28482821e-02  1.48848848e+00
 -1.80195852e-02 -2.69503565e-02  2.13343596e-05]
23:16:09 - Time: 1753132569.029, tau + g: [-1.37748665e-01 -4.21063828e+01 -3.50800925e-01  2.21322535e+01
 -6.61900783e-01 -2.38186200e-02  1.19267626e-05]
23:16:09 - Time: 1753132569.035, current_contact_force: 13.574438775316786
23:16:09 - Time: 1753132569.035, jac: [[ 3.83308640e-04  9.41757689e-02  3.86423838e-04  3.03332858e-01
  -2.53553774e-04 -1.25999462e-01  1.08420217e-19]
 [ 4.93904844e-01  7.32275493e-05  4.37050777e-01  1.36384277e-04
   1.13044171e-01 -2.81601951e-04  0.00000000e+00]
 [ 0.00000000e+00 -4.93904397e-01 -2.47741640e-04  3.58306339e-01
  -4.81648289e-04  2.37060931e-04  0.00000000e+00]
 [ 0.00000000e+00 -7.77562296e-04  3.22853282e-01  2.28296656e-04
   8.96355811e-01 -2.24293594e-03 -1.87189185e-03]
 [ 0.00000000e+00  9.99999698e-01  2.51038615e-04 -9.99999956e-01
   1.21569104e-04  9.99988408e-01 -4.26486111e-03]
 [ 1.00000000e+00  0.00000000e+00  9.46448993e-01  1.87365913e-04
  -4.43335365e-01 -4.26065935e-03 -9.99989153e-01]]
23:16:09 - Time: 1753132569.035, tau: [-1.53806667e-01 -3.06710087e+00 -7.89930270e-02  1.38602522e+00
 -1.73788361e-02 -2.92246729e-02  2.12362839e-05]
23:16:09 - Time: 1753132569.035, tau + g: [-1.49736673e-01 -4.19141311e+01 -3.57590349e-01  2.20279447e+01
 -6.61322321e-01 -2.59472467e-02  1.42775070e-05]
23:16:09 - Time: 1753132569.039, current_contact_force: 13.805621725951326
23:16:09 - Time: 1753132569.039, jac: [[ 3.87010624e-04  9.40553794e-02  3.90715665e-04  3.03416076e-01
  -2.59341317e-04 -1.25999388e-01  1.08420217e-19]
 [ 4.93942549e-01  7.57138337e-05  4.37057221e-01  1.41882800e-04
   1.13044445e-01 -2.87901584e-04 -5.55111512e-17]
 [ 0.00000000e+00 -4.93942077e-01 -2.53523999e-04  3.58235114e-01
  -4.91087990e-04  2.67105885e-04  0.00000000e+00]
 [ 0.00000000e+00 -8.04991800e-04  3.23112617e-01  2.39769214e-04
   8.96252755e-01 -2.29412589e-03 -2.10993630e-03]
 [ 0.00000000e+00  9.99999676e-01  2.60103091e-04 -9.99999953e-01
   1.29297843e-04  9.99987933e-01 -4.34899253e-03]
 [ 1.00000000e+00  1.11022302e-16  9.46360486e-01  1.92982086e-04
  -4.43543665e-01 -4.34415034e-03 -9.99988317e-01]]
23:16:09 - Time: 1753132569.039, tau: [-1.63699371e-01 -2.86420513e+00 -8.44390592e-02  1.28203885e+00
 -1.66697801e-02 -3.13957815e-02  2.10738331e-05]
23:16:09 - Time: 1753132569.039, tau + g: [-1.60055559e-01 -4.17220427e+01 -3.63645624e-01  2.19222508e+01
 -6.60665230e-01 -2.79374465e-02  1.62125505e-05]
23:16:09 - Time: 1753132569.045, current_contact_force: 13.999188023799574
23:16:09 - Time: 1753132569.045, jac: [[ 3.89547063e-04  9.39423734e-02  3.93826529e-04  3.03492612e-01
  -2.64478937e-04 -1.25999301e-01  1.08420217e-19]
 [ 4.93978485e-01  7.79560450e-05  4.37060967e-01  1.47013241e-04
   1.13047036e-01 -2.93456429e-04  0.00000000e+00]
 [ 0.00000000e+00 -4.93977992e-01 -2.58520271e-04  3.58164274e-01
  -4.99204230e-04  3.00040798e-04  0.00000000e+00]
 [ 0.00000000e+00 -8.29828067e-04  3.23366827e-01  2.50952161e-04
   8.96157899e-01 -2.33951852e-03 -2.37096185e-03]
 [ 0.00000000e+00  9.99999656e-01  2.68338961e-04 -9.99999949e-01
   1.37114232e-04  9.99987513e-01 -4.42138984e-03]
 [ 1.00000000e+00  1.11022302e-16  9.46273651e-01  1.97817347e-04
  -4.43735284e-01 -4.41584329e-03 -9.99987415e-01]]
23:16:09 - Time: 1753132569.045, tau: [-1.71940818e-01 -2.66268726e+00 -8.91624753e-02  1.17729475e+00
 -1.58967692e-02 -3.34613662e-02  2.08581527e-05]
23:16:09 - Time: 1753132569.045, tau + g: [-1.68709411e-01 -4.15313479e+01 -3.68941604e-01  2.18159350e+01
 -6.59933900e-01 -2.97867274e-02  1.77326051e-05]
23:16:09 - Time: 1753132569.051, current_contact_force: 14.156402240496375
23:16:09 - Time: 1753132569.051, jac: [[ 3.90960645e-04  9.38366935e-02  3.95796524e-04  3.03562509e-01
  -2.68970323e-04 -1.25999199e-01  3.25260652e-19]
 [ 4.94012752e-01  7.99529808e-05  4.37062094e-01  1.51763465e-04
   1.13051909e-01 -2.98271177e-04 -5.55111512e-17]
 [ 0.00000000e+00 -4.94012239e-01 -2.62737762e-04  3.58093869e-01
  -5.06017534e-04  3.35797608e-04 -2.16840434e-19]
 [ 0.00000000e+00 -8.52043575e-04  3.23616024e-01  2.61802077e-04
   8.96071200e-01 -2.37914486e-03 -2.65443061e-03]
 [ 0.00000000e+00  9.99999637e-01  2.75735054e-04 -9.99999945e-01
   1.44978959e-04  9.99987153e-01 -4.48222977e-03]
 [ 1.00000000e+00  2.22044605e-16  9.46188455e-01  2.01874892e-04
  -4.43910333e-01 -4.47591764e-03 -9.99986432e-01]]
23:16:09 - Time: 1753132569.051, tau: [-1.78560877e-01 -2.46366167e+00 -9.31519673e-02  1.07251108e+00
 -1.50649803e-02 -3.54203311e-02  2.06001658e-05]
23:16:09 - Time: 1753132569.051, tau + g: [-1.75725865e-01 -4.13431744e+01 -3.73466370e-01  2.17097122e+01
 -6.59133693e-01 -3.14941732e-02  1.88488953e-05]
23:16:09 - Time: 1753132569.055, current_contact_force: 14.278866918464516
23:16:09 - Time: 1753132569.055, jac: [[ 3.91301336e-04  9.37382431e-02  3.96673226e-04  3.03625849e-01
  -2.72823770e-04 -1.25999081e-01  4.33680869e-19]
 [ 4.94045445e-01  8.17053432e-05  4.37060686e-01  1.56124565e-04
   1.13059013e-01 -3.02355997e-04  0.00000000e+00]
 [ 0.00000000e+00 -4.94044916e-01 -2.66189758e-04  3.58023945e-01
  -5.11557325e-04  3.74295665e-04  0.00000000e+00]
 [ 0.00000000e+00 -8.71632638e-04  3.23860333e-01  2.72278303e-04
   8.95992568e-01 -2.41307769e-03 -2.95970392e-03]
 [ 0.00000000e+00  9.99999620e-01  2.82287344e-04 -9.99999942e-01
   1.52852121e-04  9.99986852e-01 -4.53176880e-03]
 [ 1.00000000e+00  2.22044605e-16  9.46104859e-01  2.05164558e-04
  -4.44069020e-01 -4.52463351e-03 -9.99985352e-01]]
23:16:09 - Time: 1753132569.055, tau: [-1.83609443e-01 -2.26814013e+00 -9.64078674e-02  9.68353828e-01
 -1.41802870e-02 -3.72726534e-02  2.03102731e-05]
23:16:09 - Time: 1753132569.055, tau + g: [-1.81153197e-01 -4.11585427e+01 -3.77220196e-01  2.16042448e+01
 -6.58270790e-01 -3.30602684e-02  1.95815041e-05]
23:16:09 - Time: 1753132569.061, current_contact_force: 14.36846335590893
23:16:09 - Time: 1753132569.061, jac: [[ 3.90625066e-04  9.36468902e-02  3.96510391e-04  3.03682745e-01
  -2.76051660e-04 -1.25998944e-01 -1.08420217e-19]
 [ 4.94076659e-01  8.32155613e-05  4.37056836e-01  1.60090707e-04
   1.13068290e-01 -3.05725918e-04  5.55111512e-17]
 [ 0.00000000e+00 -4.94076117e-01 -2.68894827e-04  3.57954539e-01
  -5.15860747e-04  4.15443394e-04 -2.16840434e-19]
 [ 0.00000000e+00 -8.88609630e-04  3.24099891e-01  2.82343254e-04
   8.95921870e-01 -2.44142689e-03 -3.28605565e-03]
 [ 0.00000000e+00  9.99999605e-01  2.87998397e-04 -9.99999939e-01
   1.60693800e-04  9.99986612e-01 -4.57033264e-03]
 [ 1.00000000e+00  0.00000000e+00  9.46022821e-01  2.07702137e-04
  -4.44211635e-01 -4.56232107e-03 -9.99984157e-01]]
23:16:09 - Time: 1753132569.061, tau: [-1.87153459e-01 -2.07702865e+00 -9.89410197e-02  8.65432991e-01
 -1.32491210e-02 -3.90192356e-02  1.99981141e-05]
23:16:09 - Time: 1753132569.061, tau + g: [-1.85057266e-01 -4.09783630e+01 -3.80214340e-01  2.15001385e+01
 -6.57352034e-01 -3.44867160e-02  1.99576224e-05]
23:16:09 - Time: 1753132569.067, current_contact_force: 14.427294043473555
23:16:09 - Time: 1753132569.067, jac: [[ 3.88992442e-04  9.35624708e-02  3.95366689e-04  3.03733343e-01
  -2.78669947e-04 -1.25998786e-01  2.16840434e-19]
 [ 4.94106488e-01  8.44876078e-05  4.37050644e-01  1.63658955e-04
   1.13079669e-01 -3.08400217e-04  0.00000000e+00]
 [ 0.00000000e+00 -4.94105935e-01 -2.70876116e-04  3.57885682e-01
  -5.18971493e-04  4.59139908e-04  0.00000000e+00]
 [ 0.00000000e+00 -9.03007077e-04  3.24334840e-01  2.91962677e-04
   8.95858933e-01 -2.46433482e-03 -3.63268505e-03]
 [ 0.00000000e+00  9.99999592e-01  2.92876775e-04 -9.99999935e-01
   1.68464616e-04  9.99986432e-01 -4.59830582e-03]
 [ 1.00000000e+00  1.11022302e-16  9.45942295e-01  2.09508645e-04
  -4.44338546e-01 -4.58937009e-03 -9.99982829e-01]]
23:16:09 - Time: 1753132569.067, tau: [-1.89273901e-01 -1.89112622e+00 -1.00771530e-01  7.64300106e-01
 -1.22783270e-02 -4.06617600e-02  1.96723902e-05]
23:16:09 - Time: 1753132569.067, tau + g: [-1.87518425e-01 -4.08034351e+01 -3.82469719e-01  2.13979402e+01
 -6.56384761e-01 -3.57762554e-02  2.00097949e-05]
23:16:09 - Time: 1753132569.071, current_contact_force: 14.457627673381914
23:16:09 - Time: 1753132569.071, jac: [[ 3.86467538e-04  9.34847930e-02  3.93304485e-04  3.03777813e-01
  -2.80697644e-04 -1.25998605e-01  2.16840434e-19]
 [ 4.94135020e-01  8.55268135e-05  4.37042212e-01  1.66829066e-04
   1.13093074e-01 -3.10401796e-04  0.00000000e+00]
 [ 0.00000000e+00 -4.94134460e-01 -2.72160644e-04  3.57817402e-01
  -5.20938665e-04  5.05276565e-04  0.00000000e+00]
 [ 0.00000000e+00 -9.14873693e-04  3.24565334e-01  3.01105857e-04
   8.95803549e-01 -2.48197163e-03 -3.99872912e-03]
 [ 0.00000000e+00  9.99999582e-01  2.96936410e-04 -9.99999932e-01
   1.76126236e-04  9.99986311e-01 -4.61612162e-03]
 [ 1.00000000e+00  1.11022302e-16  9.45863233e-01  2.10609589e-04
  -4.44450189e-01 -4.60621960e-03 -9.99981351e-01]]
23:16:09 - Time: 1753132569.071, tau: [-1.90062810e-01 -1.71112525e+00 -1.01927445e-01  6.65446831e-01
 -1.12750175e-02 -4.22025504e-02  1.93407473e-05]
23:16:09 - Time: 1753132569.071, tau + g: [-1.88628480e-01 -4.06344487e+01 -3.84015507e-01  2.12981362e+01
 -6.55376642e-01 -3.69324867e-02  1.97742350e-05]
23:16:09 - Time: 1753132569.076, current_contact_force: 14.46184746079015
23:16:09 - Time: 1753132569.076, jac: [[ 3.83116751e-04  9.34136400e-02  3.90388710e-04  3.03816352e-01
  -2.82156315e-04 -1.25998398e-01  1.08420217e-19]
 [ 4.94162342e-01  8.63396838e-05  4.37031647e-01  1.69603280e-04
   1.13108419e-01 -3.11756581e-04 -5.55111512e-17]
 [ 0.00000000e+00 -4.94161777e-01 -2.72778618e-04  3.57749716e-01
  -5.21815689e-04  5.53738440e-04  2.16840434e-19]
 [ 0.00000000e+00 -9.24272375e-04  3.24791530e-01  3.09745760e-04
   8.95755480e-01 -2.49453079e-03 -4.38327447e-03]
 [ 0.00000000e+00  9.99999573e-01  3.00195967e-04 -9.99999930e-01
   1.83641822e-04  9.99986247e-01 -4.62425227e-03]
 [ 1.00000000e+00  2.22044605e-16  9.45785584e-01  2.11034245e-04
  -4.44547058e-01 -4.61334810e-03 -9.99979701e-01]]
23:16:09 - Time: 1753132569.076, tau: [-1.89620455e-01 -1.53761348e+00 -1.02443403e-01  5.69304584e-01
 -1.02464310e-02 -4.36444446e-02  1.90097138e-05]
23:16:09 - Time: 1753132569.076, tau + g: [-1.88487771e-01 -4.04719863e+01 -3.84887719e-01  2.12011526e+01
 -6.54335512e-01 -3.79597041e-02  1.92892689e-05]
23:16:09 - Time: 1753132569.085, current_contact_force: 14.442403362058773
23:16:09 - Time: 1753132569.085, jac: [[ 3.79007761e-04  9.33487747e-02  3.86685816e-04  3.03849174e-01
  -2.83069605e-04 -1.25998163e-01  3.25260652e-19]
 [ 4.94188536e-01  8.69337192e-05  4.37019060e-01  1.71986091e-04
   1.13125616e-01 -3.12492940e-04  0.00000000e+00]
 [ 0.00000000e+00 -4.94187969e-01 -2.72762776e-04  3.57682641e-01
  -5.21659290e-04  6.04405720e-04  0.00000000e+00]
 [ 0.00000000e+00 -9.31278229e-04  3.25013591e-01  3.17859119e-04
   8.95714461e-01 -2.50222469e-03 -4.78536837e-03]
 [ 0.00000000e+00  9.99999566e-01  3.02678213e-04 -9.99999927e-01
   1.90976436e-04  9.99986237e-01 -4.62319988e-03]
 [ 1.00000000e+00  2.22044605e-16  9.45709297e-01  2.10814949e-04
  -4.44629697e-01 -4.61126427e-03 -9.99977863e-01]]
23:16:09 - Time: 1753132569.085, tau: [-1.88052675e-01 -1.37107713e+00 -1.02359306e-01  4.76245108e-01
 -9.19979847e-03 -4.49906785e-02  1.86846858e-05]
23:16:09 - Time: 1753132569.085, tau + g: [-1.87202458e-01 -4.03165267e+01 -3.85127811e-01  2.11073555e+01
 -6.53269230e-01 -3.88627423e-02  1.85939485e-05]
23:16:09 - Time: 1753132569.093, current_contact_force: 14.401768636752177
23:16:09 - Time: 1753132569.093, jac: [[ 3.74208586e-04  9.32899426e-02  3.82262827e-04  3.03876512e-01
  -2.83462782e-04 -1.25997898e-01  2.16840434e-19]
 [ 4.94213682e-01  8.73172448e-05  4.37004559e-01  1.73984016e-04
   1.13144569e-01 -3.12641138e-04  0.00000000e+00]
 [ 0.00000000e+00 -4.94213115e-01 -2.72147772e-04  3.57616185e-01
  -5.20528543e-04  6.57154996e-04  0.00000000e+00]
 [ 0.00000000e+00 -9.35976635e-04  3.25231682e-01  3.25426465e-04
   8.95680208e-01 -2.50528059e-03 -5.20402916e-03]
 [ 0.00000000e+00  9.99999562e-01  3.04409388e-04 -9.99999925e-01
   1.98097371e-04  9.99986279e-01 -4.61348792e-03]
 [ 1.00000000e+00  1.11022302e-16  9.45634317e-01  2.09986424e-04
  -4.44698691e-01 -4.60049832e-03 -9.99975817e-01]]
23:16:09 - Time: 1753132569.093, tau: [-1.85468449e-01 -1.21190510e+00 -1.01719032e-01  3.86581857e-01
 -8.14222094e-03 -4.62447831e-02  1.83699533e-05]
23:16:09 - Time: 1753132569.093, tau + g: [-1.84882022e-01 -4.01684501e+01 -3.84781342e-01  2.10170527e+01
 -6.52185534e-01 -3.96468382e-02  1.77268615e-05]
23:16:09 - Time: 1753132569.100, current_contact_force: 14.342401072946783
23:16:09 - Time: 1753132569.100, jac: [[ 3.68786754e-04  9.32368756e-02  3.77186510e-04  3.03898611e-01
  -2.83362319e-04 -1.25997602e-01  2.16840434e-19]
 [ 4.94237853e-01  8.74992472e-05  4.36988257e-01  1.75605364e-04
   1.13165182e-01 -3.12232826e-04 -5.55111512e-17]
 [ 0.00000000e+00 -4.94237289e-01 -2.70969602e-04  3.57550353e-01
  -5.18484007e-04  7.11860454e-04  2.16840434e-19]
 [ 0.00000000e+00 -9.38461398e-04  3.25445968e-01  3.32432106e-04
   8.95652416e-01 -2.50393675e-03 -5.63825577e-03]
 [ 0.00000000e+00  9.99999560e-01  3.05418613e-04 -9.99999923e-01
   2.04974416e-04  9.99986370e-01 -4.59565347e-03]
 [ 1.00000000e+00  1.11022302e-16  9.45560589e-01  2.08585154e-04
  -4.44754661e-01 -4.58159420e-03 -9.99973545e-01]]
23:16:09 - Time: 1753132569.100, tau: [-1.81977731e-01 -1.06039417e+00 -1.00569236e-01  3.00572084e-01
 -7.08056067e-03 -4.74104953e-02  1.80687593e-05]
23:16:09 - Time: 1753132569.100, tau + g: [-1.81637053e-01 -4.00280432e+01 -3.83896719e-01  2.09304954e+01
 -6.51091920e-01 -4.03175075e-02  1.67251487e-05]
23:16:09 - Time: 1753132569.108, current_contact_force: 14.266709074762058
23:16:09 - Time: 1753132569.108, jac: [[ 3.62808577e-04  9.31892952e-02  3.71522636e-04  3.03915727e-01
  -2.82795509e-04 -1.25997272e-01  3.25260652e-19]
 [ 4.94261120e-01  8.74892235e-05  4.36970264e-01  1.76860002e-04
   1.13187353e-01 -3.11300578e-04  5.55111512e-17]
 [ 0.00000000e+00 -4.94260562e-01 -2.69265081e-04  3.57485146e-01
  -5.15586948e-04  7.68394972e-04 -2.16840434e-19]
 [ 0.00000000e+00 -9.38832994e-04  3.25656618e-01  3.38864049e-04
   8.95630768e-01 -2.49843896e-03 -6.08703648e-03]
 [ 0.00000000e+00  9.99999559e-01  3.05737312e-04 -9.99999921e-01
   2.11580063e-04  9.99986504e-01 -4.57024027e-03]
 [ 1.00000000e+00  1.11022302e-16  9.45488061e-01  2.06648795e-04
  -4.44798249e-01 -4.55510246e-03 -9.99971030e-01]]
23:16:09 - Time: 1753132569.108, tau: [-1.77689551e-01 -9.16754741e-01 -9.89582416e-02  2.18419514e-01
 -6.02134790e-03 -4.84916816e-02  1.77833818e-05]
23:16:09 - Time: 1753132569.108, tau + g: [-1.77577307e-01 -3.98955061e+01 -3.82524054e-01  2.08478816e+01
 -6.49995541e-01 -4.08804380e-02  1.56237302e-05]
23:16:09 - Time: 1753132569.115, current_contact_force: 14.177022695619245
23:16:09 - Time: 1753132569.115, jac: [[ 3.56338548e-04  9.31469153e-02  3.65335363e-04  3.03928123e-01
  -2.81790119e-04 -1.25996907e-01  0.00000000e+00]
 [ 4.94283551e-01  8.72970416e-05  4.36950691e-01  1.77759132e-04
   1.13210982e-01 -3.09877464e-04 -5.55111512e-17]
 [ 0.00000000e+00 -4.94283000e-01 -2.67071378e-04  3.57420561e-01
  -5.11898652e-04  8.26631106e-04  0.00000000e+00]
 [ 0.00000000e+00 -9.37196932e-04  3.25863796e-01  3.44713887e-04
   8.95614938e-01 -2.48903737e-03 -6.54935683e-03]
 [ 0.00000000e+00  9.99999561e-01  3.05398684e-04 -9.99999920e-01
   2.17889651e-04  9.99986680e-01 -4.53779250e-03]
 [ 1.00000000e+00  0.00000000e+00  9.45416677e-01  2.04215653e-04
  -4.44830119e-01 -4.52157399e-03 -9.99968257e-01]]
23:16:09 - Time: 1753132569.115, tau: [-1.72710412e-01 -7.81117203e-01 -9.69350542e-02  1.40277490e-01
 -4.97070398e-03 -4.94922737e-02  1.75152341e-05]
23:16:09 - Time: 1753132569.115, tau + g: [-1.72810065e-01 -3.97709584e+01 -3.80714136e-01  2.07693588e+01
 -6.48903119e-01 -4.13413976e-02  1.44547309e-05]
23:16:09 - Time: 1753132569.123, current_contact_force: 14.075569591318963
23:16:09 - Time: 1753132569.123, jac: [[ 3.49438823e-04  9.31094458e-02  3.58686720e-04  3.03936066e-01
  -2.80374074e-04 -1.25996505e-01  1.08420217e-19]
 [ 4.94305207e-01  8.69328132e-05  4.36929646e-01  1.78315072e-04
   1.13235968e-01 -3.07996679e-04  5.55111512e-17]
 [ 0.00000000e+00 -4.94304665e-01 -2.64425597e-04  3.57356591e-01
  -5.07479818e-04  8.86441974e-04  0.00000000e+00]
 [ 0.00000000e+00 -9.33662257e-04  3.26067666e-01  3.49976642e-04
   8.95604593e-01 -2.47598360e-03 -7.02420675e-03]
 [ 0.00000000e+00  9.99999564e-01  3.04437206e-04 -9.99999918e-01
   2.23881441e-04  9.99986893e-01 -4.49884941e-03]
 [ 1.00000000e+00  2.22044605e-16  9.45346383e-01  2.01324210e-04
  -4.44850946e-01 -4.48155454e-03 -9.99965210e-01]]
23:16:09 - Time: 1753132569.123, tau: [-1.67142958e-01 -6.53538646e-01 -9.45484910e-02  6.62524862e-02
 -3.93428103e-03 -5.04162167e-02  1.72649739e-05]
23:16:09 - Time: 1753132569.123, tau + g: [-1.67438776e-01 -3.96544467e+01 -3.78517542e-01  2.06950277e+01
 -6.47820880e-01 -4.17061584e-02  1.32470906e-05]
23:16:09 - Time: 1753132569.128, current_contact_force: 13.964455765266367
23:16:09 - Time: 1753132569.128, jac: [[ 3.42168828e-04  9.30765943e-02  3.51636179e-04  3.03939827e-01
  -2.78575192e-04 -1.25996065e-01  2.16840434e-19]
 [ 4.94326147e-01  8.64067792e-05  4.36907237e-01  1.78541051e-04
   1.13262209e-01 -3.05691212e-04  0.00000000e+00]
 [ 0.00000000e+00 -4.94325616e-01 -2.61364421e-04  3.57293228e-01
  -5.02390051e-04  9.47702047e-04 -2.16840434e-19]
 [ 0.00000000e+00 -9.28340177e-04  3.26268388e-01  3.54650582e-04
   8.95599395e-01 -2.45952830e-03 -7.51058682e-03]
 [ 0.00000000e+00  9.99999569e-01  3.02888183e-04 -9.99999918e-01
   2.29536654e-04  9.99987138e-01 -4.45394069e-03]
 [ 1.00000000e+00  2.22044605e-16  9.45277127e-01  1.98012709e-04
  -4.44861407e-01 -4.43558000e-03 -9.99961876e-01]]
23:16:09 - Time: 1753132569.128, tau: [-1.61084919e-01 -5.34009765e-01 -9.18464424e-02 -3.59213024e-03
 -2.91721792e-03 -5.12674259e-02  1.70326166e-05]
23:16:09 - Time: 1753132569.128, tau + g: [-1.61561976e-01 -3.95459516e+01 -3.75983872e-01  2.06249461e+01
 -6.46754500e-01 -4.19804335e-02  1.20263382e-05]
23:16:09 - Time: 1753132569.134, current_contact_force: 13.845650887254731
23:16:09 - Time: 1753132569.134, jac: [[ 3.34584935e-04  9.30480690e-02  3.44240338e-04  3.03939676e-01
  -2.76420938e-04 -1.25995585e-01  1.08420217e-19]
 [ 4.94346426e-01  8.57292079e-05  4.36883566e-01  1.78451016e-04
   1.13289605e-01 -3.02993559e-04  0.00000000e+00]
 [ 0.00000000e+00 -4.94345908e-01 -2.57923795e-04  3.57230462e-01
  -4.96687422e-04  1.01028784e-03  0.00000000e+00]
 [ 0.00000000e+00 -9.21342834e-04  3.26466119e-01  3.58737007e-04
   8.95599008e-01 -2.43991899e-03 -8.00751385e-03]
 [ 0.00000000e+00  9.99999576e-01  3.00787346e-04 -9.99999917e-01
   2.34839445e-04  9.99987413e-01 -4.40358253e-03]
 [ 1.00000000e+00  1.11022302e-16  9.45208857e-01  1.94318792e-04
  -4.44862182e-01 -4.38417248e-03 -9.99958243e-01]]
23:16:09 - Time: 1753132569.134, tau: [-1.54628302e-01 -4.22461847e-01 -8.88752570e-02 -6.92321700e-02
 -1.92411154e-03 -5.20497543e-02  1.68176486e-05]
23:16:09 - Time: 1753132569.134, tau + g: [-1.55272468e-01 -3.94453950e+01 -3.73161125e-01  2.05591327e+01
 -6.45709078e-01 -4.21698270e-02  1.08145056e-05]
23:16:09 - Time: 1753132569.139, current_contact_force: 13.720977888955586
23:16:09 - Time: 1753132569.139, jac: [[ 3.26740240e-04  9.30235809e-02  3.36552666e-04  3.03935880e-01
  -2.73938230e-04 -1.25995065e-01  2.16840434e-19]
 [ 4.94366096e-01  8.49103062e-05  4.36858735e-01  1.78059447e-04
   1.13318058e-01 -2.99935486e-04  0.00000000e+00]
 [ 0.00000000e+00 -4.94365592e-01 -2.54138676e-04  3.57168279e-01
  -4.90428115e-04  1.07407850e-03  0.00000000e+00]
 [ 0.00000000e+00 -9.12782221e-04  3.26661010e-01  3.62240015e-04
   8.95603099e-01 -2.41739815e-03 -8.51402563e-03]
 [ 0.00000000e+00  9.99999583e-01  2.98170486e-04 -9.99999916e-01
   2.39776848e-04  9.99987713e-01 -4.34827448e-03]
 [ 1.00000000e+00  1.11022302e-16  9.45141522e-01  1.90279200e-04
  -4.44853944e-01 -4.32783704e-03 -9.99954301e-01]]
23:16:09 - Time: 1753132569.139, tau: [-1.47858821e-01 -3.18773724e-01 -8.56792479e-02 -1.30678624e-01
 -9.59002222e-04 -5.27669666e-02  1.66191346e-05]
23:16:09 - Time: 1753132569.139, tau + g: [-1.48656738e-01 -3.93526470e+01 -3.70095191e-01  2.04975712e+01
 -6.44689116e-01 -4.22797945e-02  9.63016041e-06]
23:16:09 - Time: 1753132569.144, current_contact_force: 13.592106476552335
23:16:09 - Time: 1753132569.144, jac: [[ 3.18684408e-04  9.30028453e-02  3.28623343e-04  3.03928704e-01
  -2.71153266e-04 -1.25994503e-01  1.08420217e-19]
 [ 4.94385205e-01  8.39601416e-05  4.36832843e-01  1.77381194e-04
   1.13347472e-01 -2.96547826e-04  0.00000000e+00]
 [ 0.00000000e+00 -4.94384716e-01 -2.50042816e-04  3.57106666e-01
  -4.83666142e-04  1.13895633e-03  0.00000000e+00]
 [ 0.00000000e+00 -9.02769234e-04  3.26853208e-01  3.65166267e-04
   8.95611337e-01 -2.39220175e-03 -9.02918506e-03]
 [ 0.00000000e+00  9.99999593e-01  2.95073140e-04 -9.99999916e-01
   2.44338676e-04  9.99988035e-01 -4.28849680e-03]
 [ 1.00000000e+00  0.00000000e+00  9.45075073e-01  1.85929514e-04
  -4.44837356e-01 -4.26705904e-03 -9.99950040e-01]]
23:16:09 - Time: 1753132569.144, tau: [-1.40855524e-01 -2.22778563e-01 -8.23003120e-02 -1.87973673e-01
 -2.53716669e-05 -5.34227205e-02  1.64358189e-05]
23:16:09 - Time: 1753132569.144, tau + g: [-1.41794575e-01 -3.92675331e+01 -3.66829464e-01  2.04402142e+01
 -6.43698521e-01 -4.23156140e-02  8.48853008e-06]
23:16:09 - Time: 1753132569.150, current_contact_force: 13.460550154375575
23:16:09 - Time: 1753132569.150, jac: [[ 3.10463582e-04  9.29855840e-02  3.20499151e-04  3.03918407e-01
  -2.68091384e-04 -1.25993899e-01  2.16840434e-19]
 [ 4.94403796e-01  8.28885770e-05  4.36805983e-01  1.76431327e-04
   1.13377753e-01 -2.92860317e-04  0.00000000e+00]
 [ 0.00000000e+00 -4.94403322e-01 -2.45668591e-04  3.57045608e-01
  -4.76453118e-04  1.20480722e-03  0.00000000e+00]
 [ 0.00000000e+00 -8.91412847e-04  3.27042853e-01  3.67524729e-04
   8.95623399e-01 -2.36455795e-03 -9.55208355e-03]
 [ 0.00000000e+00  9.99999603e-01  2.91530317e-04 -9.99999916e-01
   2.48517398e-04  9.99988375e-01 -4.22470852e-03]
 [ 1.00000000e+00  2.22044605e-16  9.45009464e-01  1.81303958e-04
  -4.44813067e-01 -4.20230218e-03 -9.99945453e-01]]
23:16:09 - Time: 1753132569.150, tau: [-1.33690604e-01 -1.34270433e-01 -7.87776528e-02 -2.41186762e-01
  8.73848252e-04 -5.40205533e-02  1.62662161e-05]
23:16:09 - Time: 1753132569.150, tau + g: [-1.34758883e-01 -3.91898405e+01 -3.63404566e-01  2.03869876e+01
 -6.42740606e-01 -4.22823644e-02  7.40169825e-06]
23:16:09 - Time: 1753132569.155, current_contact_force: 13.327666323729108
23:16:09 - Time: 1753132569.155, jac: [[ 3.02120361e-04  9.29715259e-02  3.12223433e-04  3.03905240e-01
  -2.64776957e-04 -1.25993253e-01  2.16840434e-19]
 [ 4.94421910e-01  8.17052149e-05  4.36778247e-01  1.75224995e-04
   1.13408811e-01 -2.88901473e-04  5.55111512e-17]
 [ 0.00000000e+00 -4.94421454e-01 -2.41046876e-04  3.56985090e-01
  -4.68838101e-04  1.27152097e-03  0.00000000e+00]
 [ 0.00000000e+00 -8.78819429e-04  3.27230081e-01  3.69326419e-04
   8.95638971e-01 -2.33468608e-03 -1.00818438e-02]
 [ 0.00000000e+00  9.99999614e-01  2.87576264e-04 -9.99999916e-01
   2.52307992e-04  9.99988730e-01 -4.15734594e-03]
 [ 1.00000000e+00  0.00000000e+00  9.44944650e-01  1.76435229e-04
  -4.44781710e-01 -4.13400698e-03 -9.99940535e-01]]
23:16:09 - Time: 1753132569.155, tau: [-1.26429367e-01 -5.30105503e-02 -7.51475954e-02 -2.90410820e-01
  1.73625764e-03 -5.45638731e-02  1.61086923e-05]
23:16:09 - Time: 1753132569.155, tau + g: [-1.27615641e-01 -3.91193246e+01 -3.59858154e-01  2.03377936e+01
 -6.41818116e-01 -4.21849115e-02  6.37885106e-06]
23:16:09 - Time: 1753132569.161, current_contact_force: 13.194659007732158
23:16:09 - Time: 1753132569.161, jac: [[ 2.93693815e-04  9.29604089e-02  3.03836098e-04  3.03889449e-01
  -2.61233304e-04 -1.25992563e-01  4.33680869e-19]
 [ 4.94439587e-01  8.04193518e-05  4.36749722e-01  1.73777311e-04
   1.13440560e-01 -2.84698489e-04  0.00000000e+00]
 [ 0.00000000e+00 -4.94439148e-01 -2.36206948e-04  3.56925096e-01
  -4.60867482e-04  1.33899162e-03 -2.16840434e-19]
 [ 0.00000000e+00 -8.65092169e-04  3.27415019e-01  3.70584162e-04
   8.95657749e-01 -2.30279589e-03 -1.06176222e-02]
 [ 0.00000000e+00  9.99999626e-01  2.83244275e-04 -9.99999917e-01
   2.55707781e-04  9.99989096e-01 -4.08682161e-03]
 [ 1.00000000e+00  2.22044605e-16  9.44880588e-01  1.71354384e-04
  -4.44743895e-01 -4.06258976e-03 -9.99935280e-01]]
23:16:09 - Time: 1753132569.161, tau: [-1.19130321e-01  2.12668348e-02 -7.14434822e-02 -3.35758633e-01
  2.55996340e-03 -5.50559533e-02  1.59615343e-05]
23:16:09 - Time: 1753132569.161, tau + g: [-1.20423994e-01 -3.90557148e+01 -3.56224825e-01  2.02925150e+01
 -6.40933252e-01 -4.20278995e-02  5.42655633e-06]
23:16:09 - Time: 1753132569.166, current_contact_force: 13.062583754360533
23:16:09 - Time: 1753132569.166, jac: [[ 2.85219547e-04  9.29519806e-02  2.95373664e-04  3.03871267e-01
  -2.57482628e-04 -1.25991831e-01  3.25260652e-19]
 [ 4.94456861e-01  7.90399425e-05  4.36720491e-01  1.72103241e-04
   1.13472916e-01 -2.80277169e-04  5.55111512e-17]
 [ 0.00000000e+00 -4.94456440e-01 -2.31176423e-04  3.56865611e-01
  -4.52584913e-04  1.40711760e-03  0.00000000e+00]
 [ 0.00000000e+00 -8.50330606e-04  3.27597788e-01  3.71312337e-04
   8.95679437e-01 -2.26908699e-03 -1.11586104e-02]
 [ 0.00000000e+00  9.99999638e-01  2.78566526e-04 -9.99999917e-01
   2.58716255e-04  9.99989472e-01 -4.01352373e-03]
 [ 1.00000000e+00  1.11022302e-16  9.44817237e-01  1.66090749e-04
  -4.44700213e-01 -3.98844206e-03 -9.99929686e-01]]
23:16:09 - Time: 1753132569.166, tau: [-1.11845370e-01  8.88489602e-02 -6.76956375e-02 -3.77359450e-01
  3.34354850e-03 -5.54999303e-02  1.58230088e-05]
23:16:09 - Time: 1753132569.166, tau + g: [-1.13236453e-01 -3.89987199e+01 -3.52536074e-01  2.02510183e+01
 -6.40087702e-01 -4.18157474e-02  4.54906020e-06]
23:16:09 - Time: 1753132569.171, current_contact_force: 12.93235428435067
23:16:09 - Time: 1753132569.171, jac: [[ 2.76729786e-04  9.29459989e-02  2.86869341e-04  3.03850922e-01
  -2.53545973e-04 -1.25991055e-01  3.25260652e-19]
 [ 4.94473765e-01  7.75755711e-05  4.36690633e-01  1.70217516e-04
   1.13505799e-01 -2.75661886e-04  5.55111512e-17]
 [ 0.00000000e+00 -4.94473362e-01 -2.25981219e-04  3.56806619e-01
  -4.44031284e-04  1.47580195e-03 -2.16840434e-19]
 [ 0.00000000e+00 -8.34630269e-04  3.27778503e-01  3.71526645e-04
   8.95703755e-01 -2.23374844e-03 -1.17040365e-02]
 [ 0.00000000e+00  9.99999652e-01  2.73573955e-04 -9.99999918e-01
   2.61334886e-04  9.99989854e-01 -3.93781589e-03]
 [ 1.00000000e+00  1.11022302e-16  9.44754560e-01  1.60671874e-04
  -4.44651228e-01 -3.91193034e-03 -9.99923752e-01]]
23:16:09 - Time: 1753132569.171, tau: [-1.04620092e-01  1.50039510e-01 -6.39313896e-02 -4.15355808e-01
  4.08603708e-03 -5.58988031e-02  1.56914098e-05]
23:16:09 - Time: 1753132569.171, tau + g: [-1.06099165e-01 -3.89480333e+01 -3.48820325e-01  2.02131571e+01
 -6.39282680e-01 -4.15526487e-02  3.74858847e-06]
23:16:09 - Time: 1753132569.176, current_contact_force: 12.804750475622889
23:16:09 - Time: 1753132569.176, jac: [[ 2.68253512e-04  9.29422329e-02  2.78353138e-04  3.03828629e-01
  -2.49443206e-04 -1.25990237e-01  2.16840434e-19]
 [ 4.94490329e-01  7.60344301e-05  4.36660223e-01  1.68134547e-04
   1.13539135e-01 -2.70875556e-04  5.55111512e-17]
 [ 0.00000000e+00 -4.94489944e-01 -2.20645547e-04  3.56748105e-01
  -4.35244724e-04  1.54495240e-03  0.00000000e+00]
 [ 0.00000000e+00 -8.18082397e-04  3.27957272e-01  3.71243882e-04
   8.95730434e-01 -2.19695854e-03 -1.22531662e-02]
 [ 0.00000000e+00  9.99999665e-01  2.68296161e-04 -9.99999919e-01
   2.63566949e-04  9.99990239e-01 -3.86003713e-03]
 [ 1.00000000e+00  1.11022302e-16  9.44692519e-01  1.55123498e-04
  -4.44597480e-01 -3.83339610e-03 -9.99917477e-01]]
23:16:09 - Time: 1753132569.176, tau: [-9.74940672e-02  2.05154023e-01 -6.01751396e-02 -4.49900618e-01
  4.78685703e-03 -5.62554347e-02  1.55650971e-05]
23:16:09 - Time: 1753132569.176, tau + g: [-9.90522580e-02 -3.89033372e+01 -3.45103000e-01  2.01787747e+01
 -6.38518968e-01 -4.12425747e-02  3.02564292e-06]
23:16:09 - Time: 1753132569.180, current_contact_force: 12.68042730917642
23:16:09 - Time: 1753132569.180, jac: [[ 2.59816588e-04  9.29404629e-02  2.69851993e-04  3.03804593e-01
  -2.45192997e-04 -1.25989375e-01  1.08420217e-19]
 [ 4.94506581e-01  7.44243063e-05  4.36629333e-01  1.65868368e-04
   1.13572851e-01 -2.65939635e-04  0.00000000e+00]
 [ 0.00000000e+00 -4.94506215e-01 -2.15191915e-04  3.56690054e-01
  -4.26260641e-04  1.61448141e-03 -2.16840434e-19]
 [ 0.00000000e+00 -8.00773744e-04  3.28134195e-01  3.70481729e-04
   8.95759219e-01 -2.15888477e-03 -1.28053029e-02]
 [ 0.00000000e+00  9.99999679e-01  2.62761332e-04 -9.99999920e-01
   2.65417326e-04  9.99990626e-01 -3.78050221e-03]
 [ 1.00000000e+00  1.11022302e-16  9.44631082e-01  1.49469555e-04
  -4.44539483e-01 -3.75315615e-03 -9.99910862e-01]]
23:16:09 - Time: 1753132569.180, tau: [-9.05012625e-02  2.54515756e-01 -5.64484667e-02 -4.81154511e-01
  5.44580108e-03 -5.65725546e-02  1.54425251e-05]
23:16:09 - Time: 1753132569.180, tau + g: [-9.21302136e-02 -3.88643069e+01 -3.41406629e-01  2.01477069e+01
 -6.37796952e-01 -4.08892791e-02  2.37928469e-06]
23:16:09 - Time: 1753132569.182, current_contact_force: 12.559924440001373
23:16:09 - Time: 1753132569.182, jac: [[ 2.51441926e-04  9.29404813e-02  2.61389913e-04  3.03779009e-01
  -2.40812831e-04 -1.25988472e-01  2.16840434e-19]
 [ 4.94522547e-01  7.27525718e-05  4.36598029e-01  1.63432571e-04
   1.13606882e-01 -2.60874132e-04  0.00000000e+00]
 [ 0.00000000e+00 -4.94522199e-01 -2.09641156e-04  3.56632452e-01
  -4.17111768e-04  1.68430621e-03  0.00000000e+00]
 [ 0.00000000e+00 -7.82786451e-04  3.28309366e-01  3.69258548e-04
   8.95789866e-01 -2.11968381e-03 -1.33597879e-02]
 [ 0.00000000e+00  9.99999694e-01  2.56996202e-04 -9.99999921e-01
   2.66892331e-04  9.99991013e-01 -3.69950209e-03]
 [ 1.00000000e+00  2.22044605e-16  9.44570217e-01  1.43732186e-04
  -4.44477721e-01 -3.67150312e-03 -9.99903910e-01]]
23:16:09 - Time: 1753132569.182, tau: [-8.36704286e-02  2.98452000e-01 -5.27702618e-02 -5.09283450e-01
  6.06298755e-03 -5.68527622e-02  1.53222641e-05]
23:16:09 - Time: 1753132569.182, tau + g: [-8.53622753e-02 -3.88306142e+01 -3.37750987e-01  2.01197846e+01
 -6.37116669e-01 -4.04963048e-02  1.80739939e-06]
23:16:09 - Time: 1753132569.195, current_contact_force: 12.44367609890659
23:16:09 - Time: 1753132569.195, jac: [[ 2.43149646e-04  9.29420919e-02  2.52988136e-04  3.03752061e-01
  -2.36319021e-04 -1.25987527e-01  0.00000000e+00]
 [ 4.94538250e-01  7.10261799e-05  4.36566375e-01  1.60840270e-04
   1.13641163e-01 -2.55697630e-04  0.00000000e+00]
 [ 0.00000000e+00 -4.94537920e-01 -2.04012464e-04  3.56575288e-01
  -4.07828250e-04  1.75434877e-03  0.00000000e+00]
 [ 0.00000000e+00 -7.64197983e-04  3.28482873e-01  3.67593206e-04
   8.95822148e-01 -2.07950168e-03 -1.39160004e-02]
 [ 0.00000000e+00  9.99999708e-01  2.51026022e-04 -9.99999923e-01
   2.67999528e-04  9.99991398e-01 -3.61730465e-03]
 [ 1.00000000e+00  3.33066907e-16  9.44509894e-01  1.37931780e-04
  -4.44412654e-01 -3.58870617e-03 -9.99896625e-01]]
23:16:09 - Time: 1753132569.195, tau: [-7.70255191e-02  3.37290837e-01 -4.91568805e-02 -5.34456602e-01
  6.63882160e-03 -5.70985303e-02  1.52030140e-05]
23:16:09 - Time: 1753132569.195, tau + g: [-7.87728668e-02 -3.88019307e+01 -3.34153251e-01  2.00948354e+01
 -6.36477845e-01 -4.00669916e-02  1.30694014e-06]
23:16:09 - Time: 1753132569.200, current_contact_force: 12.332021074192319
23:16:09 - Time: 1753132569.200, jac: [[ 2.34957249e-04  9.29451107e-02  2.44665293e-04  3.03723921e-01
  -2.31726727e-04 -1.25986540e-01 -1.08420217e-19]
 [ 4.94553711e-01  6.92516660e-05  4.36534431e-01  1.58104065e-04
   1.13675635e-01 -2.50427322e-04  0.00000000e+00]
 [ 0.00000000e+00 -4.94553399e-01 -1.98323444e-04  3.56518547e-01
  -3.98437722e-04  1.82453573e-03  0.00000000e+00]
 [ 0.00000000e+00 -7.45081115e-04  3.28654796e-01  3.65504905e-04
   8.95855851e-01 -2.03847397e-03 -1.44733570e-02]
 [ 0.00000000e+00  9.99999722e-01  2.44874550e-04 -9.99999924e-01
   2.68747562e-04  9.99991780e-01 -3.53415544e-03]
 [ 1.00000000e+00  1.11022302e-16  9.44450086e-01  1.32087013e-04
  -4.44344711e-01 -3.50501184e-03 -9.99889010e-01]]
23:16:09 - Time: 1753132569.200, tau: [-7.05861094e-02  3.71358312e-01 -4.56223102e-02 -5.56844469e-01
  7.17395771e-03 -5.73122099e-02  1.50836127e-05]
23:16:09 - Time: 1753132569.200, tau + g: [-7.23820132e-02 -3.87779307e+01 -3.30628169e-01  2.00726862e+01
 -6.35879936e-01 -3.96044841e-02  8.74146348e-07]
23:16:09 - Time: 1753132569.205, current_contact_force: 12.225212565081911
23:16:09 - Time: 1753132569.205, jac: [[ 2.26879798e-04  9.29493653e-02  2.36437570e-04  3.03694752e-01
  -2.27049994e-04 -1.25985514e-01  3.25260652e-19]
 [ 4.94568952e-01  6.74351511e-05  4.36502250e-01  1.55236013e-04
   1.13710244e-01 -2.45079056e-04  0.00000000e+00]
 [ 0.00000000e+00 -4.94568657e-01 -1.92590172e-04  3.56462219e-01
  -3.88965418e-04  1.89479835e-03 -2.16840434e-19]
 [ 0.00000000e+00 -7.25503968e-04  3.28825209e-01  3.63013030e-04
   8.95890773e-01 -1.99672612e-03 -1.50313108e-02]
 [ 0.00000000e+00  9.99999737e-01  2.38564056e-04 -9.99999926e-01
   2.69146001e-04  9.99992156e-01 -3.45027858e-03]
 [ 1.00000000e+00  1.11022302e-16  9.44390769e-01  1.26214918e-04
  -4.44274296e-01 -3.42064492e-03 -9.99881071e-01]]
23:16:09 - Time: 1753132569.205, tau: [-6.43678106e-02  4.00976008e-01 -4.21783437e-02 -5.76617253e-01
  7.66926383e-03 -5.74960341e-02  1.49630388e-05]
23:16:09 - Time: 1753132569.205, tau + g: [-6.62057567e-02 -3.87582932e+01 -3.27188241e-01  2.00531642e+01
 -6.35322166e-01 -3.91117408e-02  5.04737462e-07]
23:16:09 - Time: 1753132569.210, current_contact_force: 12.123427739432588
23:16:09 - Time: 1753132569.210, jac: [[ 2.18930085e-04  9.29546950e-02  2.28318884e-04  3.03664705e-01
  -2.22301782e-04 -1.25984448e-01  1.08420217e-19]
 [ 4.94583989e-01  6.55823494e-05  4.36469886e-01  1.52247616e-04
   1.13744937e-01 -2.39667383e-04 -5.55111512e-17]
 [ 0.00000000e+00 -4.94583711e-01 -1.86827258e-04  3.56406293e-01
  -3.79434276e-04  1.96507238e-03  0.00000000e+00]
 [ 0.00000000e+00 -7.05530076e-04  3.28994180e-01  3.60137014e-04
   8.95926728e-01 -1.95437377e-03 -1.55893509e-02]
 [ 0.00000000e+00  9.99999751e-01  2.32115347e-04 -9.99999928e-01
   2.69205178e-04  9.99992526e-01 -3.36587779e-03]
 [ 1.00000000e+00  3.33066907e-16  9.44331920e-01  1.20330941e-04
  -4.44201785e-01 -3.33580949e-03 -9.99872813e-01]]
23:16:09 - Time: 1753132569.210, tau: [-5.83826704e-02  4.26458998e-01 -3.88347569e-02 -5.93943460e-01
  8.12578769e-03 -5.76521226e-02  1.48404113e-05]
23:16:09 - Time: 1753132569.210, tau + g: [-6.02565586e-02 -3.87427040e+01 -3.23843895e-01  2.00360983e+01
 -6.34803563e-01 -3.85915430e-02  1.94081572e-07]
23:16:09 - Time: 1753132569.215, current_contact_force: 12.026776866206157
23:16:09 - Time: 1753132569.215, jac: [[ 2.11118812e-04  9.29609505e-02  2.20321045e-04  3.03633919e-01
  -2.17494013e-04 -1.25983343e-01  1.08420217e-19]
 [ 4.94598839e-01  6.36985775e-05  4.36437387e-01  1.49149803e-04
   1.13779668e-01 -2.34205616e-04  0.00000000e+00]
 [ 0.00000000e+00 -4.94598578e-01 -1.81047916e-04  3.56350760e-01
  -3.69865053e-04  2.03529795e-03  0.00000000e+00]
 [ 0.00000000e+00 -6.85218495e-04  3.29161772e-01  3.56896217e-04
   8.95963542e-01 -1.91152312e-03 -1.61470012e-02]
 [ 0.00000000e+00  9.99999765e-01  2.25547787e-04 -9.99999930e-01
   2.68936057e-04  9.99992890e-01 -3.28113735e-03]
 [ 1.00000000e+00  2.22044605e-16  9.44273518e-01  1.14449021e-04
  -4.44127526e-01 -3.25068995e-03 -9.99864245e-01]]
23:16:09 - Time: 1753132569.215, tau: [-5.26395569e-02  4.48114126e-01 -3.55994847e-02 -6.08988709e-01
  8.54472551e-03 -5.77824860e-02  1.47149851e-05]
23:16:09 - Time: 1753132569.215, tau + g: [-5.45436846e-02 -3.87308575e+01 -3.20603668e-01  2.00213209e+01
 -6.34322991e-01 -3.80465027e-02 -6.26601668e-08]
23:16:09 - Time: 1753132569.220, current_contact_force: 11.935311927286934
23:16:09 - Time: 1753132569.220, jac: [[ 2.03454756e-04  9.29679933e-02  2.12453921e-04  3.03602526e-01
  -2.12637610e-04 -1.25982201e-01  0.00000000e+00]
 [ 4.94613518e-01  6.17887660e-05  4.36404798e-01  1.45952935e-04
   1.13814392e-01 -2.28705882e-04  5.55111512e-17]
 [ 0.00000000e+00 -4.94613273e-01 -1.75264039e-04  3.56295611e-01
  -3.60276444e-04  2.10541943e-03  0.00000000e+00]
 [ 0.00000000e+00 -6.64623922e-04  3.29328042e-01  3.53309818e-04
   8.96001054e-01 -1.86827139e-03 -1.67038194e-02]
 [ 0.00000000e+00  9.99999779e-01  2.18879343e-04 -9.99999932e-01
   2.68350098e-04  9.99993245e-01 -3.19622317e-03]
 [ 1.00000000e+00  1.11022302e-16  9.44215544e-01  1.08581667e-04
  -4.44051844e-01 -3.16545212e-03 -9.99855373e-01]]
23:16:09 - Time: 1753132569.220, tau: [-4.71445215e-02  4.66238619e-01 -3.24787930e-02 -6.21914744e-01
  8.92739323e-03 -5.78890303e-02  1.45861448e-05]
23:16:09 - Time: 1753132569.220, tau + g: [-4.90735681e-02 -3.87224578e+01 -3.17474383e-01  2.00086681e+01
 -6.33879185e-01 -3.74790722e-02 -2.70412016e-07]
23:16:09 - Time: 1753132569.225, current_contact_force: 11.849034643309038
23:16:09 - Time: 1753132569.225, jac: [[ 1.95944933e-04  9.29756960e-02  2.04725597e-04  3.03570646e-01
  -2.07742549e-04 -1.25981022e-01  0.00000000e+00]
 [ 4.94628039e-01  5.98574730e-05  4.36372159e-01  1.42666795e-04
   1.13849070e-01 -2.23179190e-04 -5.55111512e-17]
 [ 0.00000000e+00 -4.94627810e-01 -1.69486269e-04  3.56240839e-01
  -3.50685203e-04  2.17538527e-03  0.00000000e+00]
 [ 0.00000000e+00 -6.43796854e-04  3.29493040e-01  3.49396725e-04
   8.96039115e-01 -1.82470720e-03 -1.72593959e-02]
 [ 0.00000000e+00  9.99999793e-01  2.12126627e-04 -9.99999934e-01
   2.67459140e-04  9.99993591e-01 -3.11128391e-03]
 [ 1.00000000e+00  2.22044605e-16  9.44157980e-01  1.02740034e-04
  -4.43975037e-01 -3.08024435e-03 -9.99846205e-01]]
23:16:09 - Time: 1753132569.225, tau: [-4.19011380e-02  4.81118972e-01 -2.94774453e-02 -6.32878622e-01
  9.27520034e-03 -5.79735607e-02  1.44533964e-05]
23:16:09 - Time: 1753132569.225, tau + g: [-4.38501500e-02 -3.87172199e+01 -3.14461315e-01  1.99979811e+01
 -6.33470771e-01 -3.68915516e-02 -4.34083292e-07]
23:16:09 - Time: 1753132569.230, current_contact_force: 11.767903874008757
23:16:09 - Time: 1753132569.230, jac: [[ 1.88594757e-04  9.29839410e-02  1.97142530e-04  3.03538389e-01
  -2.02817906e-04 -1.25979808e-01  3.25260652e-19]
 [ 4.94642415e-01  5.79088979e-05  4.36339510e-01  1.39300602e-04
   1.13883664e-01 -2.17635488e-04 -5.55111512e-17]
 [ 0.00000000e+00 -4.94642202e-01 -1.63724080e-04  3.56186436e-01
  -3.41106260e-04  2.24514787e-03  0.00000000e+00]
 [ 0.00000000e+00 -6.22783741e-04  3.29656814e-01  3.45175495e-04
   8.96077589e-01 -1.78091104e-03 -1.78133522e-02]
 [ 0.00000000e+00  9.99999806e-01  2.05304944e-04 -9.99999936e-01
   2.66275290e-04  9.99993929e-01 -3.02645198e-03]
 [ 1.00000000e+00  1.11022302e-16  9.44100812e-01  9.69340090e-05
  -4.43897379e-01 -2.99519858e-03 -9.99836749e-01]]
23:16:09 - Time: 1753132569.230, tau: [-3.69108170e-02  4.93030092e-01 -2.65988604e-02 -6.42032063e-01
  9.58962640e-03 -5.80377858e-02  1.43163579e-05]
23:16:09 - Time: 1753132569.230, tau + g: [-3.88751935e-02 -3.87148706e+01 -3.11568352e-01  1.99891066e+01
 -6.33096297e-01 -3.62860970e-02 -5.58487224e-07]
23:16:09 - Time: 1753132569.239, current_contact_force: 11.691842375300453
23:16:09 - Time: 1753132569.239, jac: [[ 1.81408189e-04  9.29926211e-02  1.89709692e-04  3.03505858e-01
  -1.97871903e-04 -1.25978559e-01  1.08420217e-19]
 [ 4.94656658e-01  5.59468975e-05  4.36306886e-01  1.35863013e-04
   1.13918141e-01 -2.12083728e-04  0.00000000e+00]
 [ 0.00000000e+00 -4.94656459e-01 -1.57985845e-04  3.56132396e-01
  -3.31552841e-04  2.31466338e-03  0.00000000e+00]
 [ 0.00000000e+00 -6.01627169e-04  3.29819404e-01  3.40664260e-04
   8.96116352e-01 -1.73695572e-03 -1.83653399e-02]
 [ 0.00000000e+00  9.99999819e-01  1.98428350e-04 -9.99999938e-01
   2.64810826e-04  9.99994256e-01 -2.94184465e-03]
 [ 1.00000000e+00  2.22044605e-16  9.44044025e-01  9.11722887e-05
  -4.43819122e-01 -2.91043143e-03 -9.99827015e-01]]
23:16:09 - Time: 1753132569.239, tau: [-3.21730952e-02  5.02234668e-01 -2.38452623e-02 -6.49520943e-01
  9.87220001e-03 -5.80833211e-02  1.41747493e-05]
23:16:09 - Time: 1753132569.239, tau + g: [-3.41485738e-02 -3.87151487e+01 -3.08798149e-01  1.99818972e+01
 -6.32754255e-01 -3.56647278e-02 -6.48276989e-07]
23:16:09 - Time: 1753132569.246, current_contact_force: 11.620742912911005
23:16:09 - Time: 1753132569.246, jac: [[ 1.74387879e-04  9.30016383e-02  1.82430716e-04  3.03473145e-01
  -1.92911961e-04 -1.25977277e-01  1.08420217e-19]
 [ 4.94670777e-01  5.39750013e-05  4.36274319e-01  1.32362138e-04
   1.13952469e-01 -2.06531930e-04  5.55111512e-17]
 [ 0.00000000e+00 -4.94670592e-01 -1.52278917e-04  3.56078714e-01
  -3.22036587e-04  2.38389155e-03 -2.16840434e-19]
 [ 0.00000000e+00 -5.80366037e-04  3.29980847e-01  3.35880680e-04
   8.96155290e-01 -1.69290685e-03 -1.89150392e-02]
 [ 0.00000000e+00  9.99999832e-01  1.91509709e-04 -9.99999940e-01
   2.63078108e-04  9.99994574e-01 -2.85756508e-03]
 [ 1.00000000e+00  3.33066907e-16  9.43987608e-01  8.54624631e-05
  -4.43740495e-01 -2.82604531e-03 -9.99817011e-01]]
23:16:09 - Time: 1753132569.246, tau: [-2.76858989e-02  5.08982738e-01 -2.12178189e-02 -6.55484918e-01
  1.01244803e-02 -5.81116931e-02  1.40283823e-05]
23:16:09 - Time: 1753132569.246, tau + g: [-2.96685421e-02 -3.87178059e+01 -3.06152265e-01  1.99762118e+01
 -6.32443096e-01 -3.50293342e-02 -7.07896880e-07]
23:16:09 - Time: 1753132569.251, current_contact_force: 11.554473746459971
23:16:09 - Time: 1753132569.251, jac: [[ 1.67535303e-04  9.30109033e-02  1.75308023e-04  3.03440335e-01
  -1.87944749e-04 -1.25975964e-01  2.16840434e-19]
 [ 4.94684782e-01  5.19964284e-05  4.36241839e-01  1.28805556e-04
   1.13986621e-01 -2.00987240e-04  1.11022302e-16]
 [ 0.00000000e+00 -4.94684611e-01 -1.46609696e-04  3.56025386e-01
  -3.12567663e-04  2.45279554e-03  0.00000000e+00]
 [ 0.00000000e+00 -5.59035752e-04  3.30141177e-01  3.30841886e-04
   8.96194299e-01 -1.64882322e-03 -1.94621576e-02]
 [ 0.00000000e+00  9.99999844e-01  1.84560750e-04 -9.99999942e-01
   2.61089501e-04  9.99994881e-01 -2.77370332e-03]
 [ 1.00000000e+00  0.00000000e+00  9.43931549e-01  7.98110939e-05
  -4.43661706e-01 -2.74212939e-03 -9.99806747e-01]]
23:16:09 - Time: 1753132569.251, tau: [-2.34457843e-02  5.13511432e-01 -1.87167722e-02 -6.60057154e-01
  1.03480409e-02 -5.81243425e-02  1.38771494e-05]
23:16:09 - Time: 1753132569.251, tau + g: [-2.54319650e-02 -3.87226066e+01 -3.03631302e-01  1.99719163e+01
 -6.32161255e-01 -3.43816838e-02 -7.41546578e-07]
23:16:09 - Time: 1753132569.256, current_contact_force: 11.492883508483668
23:16:09 - Time: 1753132569.256, jac: [[ 1.60850885e-04  9.30203359e-02  1.68342946e-04  3.03407504e-01
  -1.82976230e-04 -1.25974619e-01  1.08420217e-19]
 [ 4.94698682e-01  5.00141033e-05  4.36209473e-01  1.25200326e-04
   1.14020572e-01 -1.95455991e-04  0.00000000e+00]
 [ 0.00000000e+00 -4.94698524e-01 -1.40983707e-04  3.55972408e-01
  -3.03154870e-04  2.52134178e-03 -2.16840434e-19]
 [ 0.00000000e+00 -5.37668410e-04  3.30300422e-01  3.25564450e-04
   8.96233287e-01 -1.60475732e-03 -2.00064282e-02]
 [ 0.00000000e+00  9.99999855e-01  1.77592129e-04 -9.99999944e-01
   2.58857304e-04  9.99995178e-01 -2.69033731e-03]
 [ 1.00000000e+00  3.33066907e-16  9.43875839e-01  7.42237914e-05
  -4.43582945e-01 -2.65876064e-03 -9.99796232e-01]]
23:16:09 - Time: 1753132569.256, tau: [-1.94481520e-02  5.16044861e-01 -1.63415573e-02 -6.63364166e-01
  1.05444555e-02 -5.81226276e-02  1.37210143e-05]
23:16:09 - Time: 1753132569.256, tau + g: [-2.14345402e-02 -3.87293284e+01 -3.01235019e-01  1.99688830e+01
 -6.31907157e-01 -3.37234278e-02 -7.53156666e-07]
23:16:09 - Time: 1753132569.261, current_contact_force: 11.435805510803828
23:16:09 - Time: 1753132569.261, jac: [[ 1.54334118e-04  9.30298633e-02  1.61535852e-04  3.03374721e-01
  -1.78011709e-04 -1.25973245e-01  0.00000000e+00]
 [ 4.94712484e-01  4.80306733e-05  4.36177246e-01  1.21553011e-04
   1.14054299e-01 -1.89943762e-04 -5.55111512e-17]
 [ 0.00000000e+00 -4.94712338e-01 -1.35405660e-04  3.55919777e-01
  -2.93805753e-04  2.58949975e-03  2.16840434e-19]
 [ 0.00000000e+00 -5.16292996e-04  3.30458608e-01  3.20064351e-04
   8.96272168e-01 -1.56075573e-03 -2.05476088e-02]
 [ 0.00000000e+00  9.99999867e-01  1.70613488e-04 -9.99999946e-01
   2.56393686e-04  9.99995464e-01 -2.60753379e-03]
 [ 1.00000000e+00  2.22044605e-16  9.43820470e-01  6.87052896e-05
  -4.43504379e-01 -2.57600478e-03 -9.99785475e-01]]
23:16:09 - Time: 1753132569.261, tau: [-1.56874413e-02  5.16794133e-01 -1.40909117e-02 -6.65525725e-01
  1.07152864e-02 -5.81078274e-02  1.35600017e-05]
23:16:09 - Time: 1753132569.261, tau + g: [-1.76709901e-02 -3.87377615e+01 -2.98962447e-01  1.99669912e+01
 -6.31679237e-01 -3.30561073e-02 -7.46373581e-07]
23:16:09 - Time: 1753132569.267, current_contact_force: 11.383061515779966
23:16:09 - Time: 1753132569.267, jac: [[ 1.47983673e-04  9.30394206e-02  1.54886245e-04  3.03342048e-01
  -1.73055879e-04 -1.25971842e-01  2.16840434e-19]
 [ 4.94726195e-01  4.60485239e-05  4.36145180e-01  1.17869694e-04
   1.14087783e-01 -1.84455435e-04  0.00000000e+00]
 [ 0.00000000e+00 -4.94726061e-01 -1.29879521e-04  3.55867491e-01
  -2.84526696e-04  2.65724185e-03  0.00000000e+00]
 [ 0.00000000e+00 -4.94935565e-04  3.30615756e-01  3.14356953e-04
   8.96310869e-01 -1.51685954e-03 -2.10854802e-02]
 [ 0.00000000e+00  9.99999878e-01  1.63633516e-04 -9.99999949e-01
   2.53710641e-04  9.99995740e-01 -2.52534926e-03]
 [ 1.00000000e+00  3.33066907e-16  9.43765434e-01  6.32595177e-05
  -4.43426162e-01 -2.49391720e-03 -9.99774487e-01]]
23:16:09 - Time: 1753132569.267, tau: [-1.21573021e-02  5.15957483e-01 -1.19629748e-02 -6.66654850e-01
  1.08620739e-02 -5.80811450e-02  1.33941879e-05]
23:16:09 - Time: 1753132569.267, tau + g: [-1.41352343e-02 -3.87477093e+01 -2.96811990e-01  1.99661271e+01
 -6.31475947e-01 -3.23811587e-02 -7.24552430e-07]
23:16:09 - Time: 1753132569.272, current_contact_force: 11.334465013390616
23:16:09 - Time: 1753132569.272, jac: [[ 1.41797499e-04  9.30489500e-02  1.48392872e-04  3.03309542e-01
  -1.68112866e-04 -1.25970412e-01  1.08420217e-19]
 [ 4.94739821e-01  4.40697957e-05  4.36113295e-01  1.14155999e-04
   1.14121005e-01 -1.78995248e-04  5.55111512e-17]
 [ 0.00000000e+00 -4.94739698e-01 -1.24408572e-04  3.55815547e-01
  -2.75323025e-04  2.72454320e-03  0.00000000e+00]
 [ 0.00000000e+00 -4.73619431e-04  3.30771886e-01  3.08456992e-04
   8.96349322e-01 -1.47310475e-03 -2.16198451e-02]
 [ 0.00000000e+00  9.99999888e-01  1.56660010e-04 -9.99999951e-01
   2.50819935e-04  9.99996005e-01 -2.44383077e-03]
 [ 1.00000000e+00  3.33066907e-16  9.43710726e-01  5.78896686e-05
  -4.43348429e-01 -2.41254382e-03 -9.99763277e-01]]
23:16:09 - Time: 1753132569.272, tau: [-8.85074773e-03  5.13720481e-01 -9.95537809e-03 -6.66857854e-01
  1.09863278e-02 -5.80437106e-02  1.32236928e-05]
23:16:09 - Time: 1753132569.272, tau + g: [-1.08205420e-02 -3.87589874e+01 -2.94781515e-01  1.99661837e+01
 -6.31295766e-01 -3.16999194e-02 -6.90756192e-07]
23:16:09 - Time: 1753132569.277, current_contact_force: 11.289824046397245
23:16:09 - Time: 1753132569.277, jac: [[ 1.35772919e-04  9.30584003e-02  1.42053813e-04  3.03277249e-01
  -1.63186269e-04 -1.25968957e-01  1.08420217e-19]
 [ 4.94753367e-01  4.20963999e-05  4.36081610e-01  1.10417111e-04
   1.14153950e-01 -1.73566845e-04  0.00000000e+00]
 [ 0.00000000e+00 -4.94753255e-01 -1.18995471e-04  3.55763944e-01
  -2.66199095e-04  2.79138150e-03  0.00000000e+00]
 [ 0.00000000e+00 -4.52365348e-04  3.30927014e-01  3.02378567e-04
   8.96387469e-01 -1.42952267e-03 -2.21505263e-02]
 [ 0.00000000e+00  9.99999898e-01  1.49699929e-04 -9.99999953e-01
   2.47733069e-04  9.99996259e-01 -2.36301680e-03]
 [ 1.00000000e+00  1.11022302e-16  9.43656341e-01  5.25982645e-05
  -4.43271299e-01 -2.33192193e-03 -9.99751854e-01]]
23:16:09 - Time: 1753132569.277, tau: [-5.76029021e-03  5.10256322e-01 -8.06532684e-03 -6.66234437e-01
  1.10895207e-02 -5.79965839e-02  1.30486715e-05]
23:16:09 - Time: 1753132569.277, tau + g: [-7.71966761e-03 -3.87714240e+01 -2.92868438e-01  1.99670608e+01
 -6.31137208e-01 -3.10136328e-02 -6.47760045e-07]
23:16:09 - Time: 1753132569.280, current_contact_force: 11.248943626202905
23:16:09 - Time: 1753132569.280, jac: [[ 1.29906714e-04  9.30677262e-02  1.35866570e-04  3.03245215e-01
  -1.58279204e-04 -1.25967476e-01  0.00000000e+00]
 [ 4.94766839e-01  4.01300334e-05  4.36050141e-01  1.06657801e-04
   1.14186603e-01 -1.68173326e-04  0.00000000e+00]
 [ 0.00000000e+00 -4.94766737e-01 -1.13642308e-04  3.55712682e-01
  -2.57158379e-04  2.85773687e-03  0.00000000e+00]
 [ 0.00000000e+00 -4.31191685e-04  3.31081153e-01  2.96135130e-04
   8.96425257e-01 -1.38614028e-03 -2.26773661e-02]
 [ 0.00000000e+00  9.99999907e-01  1.42759454e-04 -9.99999955e-01
   2.44461248e-04  9.99996503e-01 -2.28293797e-03]
 [ 1.00000000e+00  2.22044605e-16  9.43602273e-01  4.73872183e-05
  -4.43194878e-01 -2.25208100e-03 -9.99740229e-01]]
23:16:09 - Time: 1753132569.280, tau: [-2.87805861e-03  5.05726174e-01 -6.28967277e-03 -6.64877830e-01
  1.11730822e-02 -5.79407575e-02  1.28693072e-05]
23:16:09 - Time: 1753132569.280, tau + g: [-4.82496929e-03 -3.87848590e+01 -2.91069798e-01  1.99686645e+01
 -6.30998829e-01 -3.03234527e-02 -5.98059692e-07]
23:16:09 - Time: 1753132569.290, current_contact_force: 11.211627780961821
23:16:09 - Time: 1753132569.290, jac: [[ 1.24195208e-04  9.30768885e-02  1.29828146e-04  3.03213477e-01
  -1.53394339e-04 -1.25965972e-01  1.62630326e-19]
 [ 4.94780240e-01  3.81721940e-05  4.36018901e-01  1.02882440e-04
   1.14218954e-01 -1.62817296e-04  0.00000000e+00]
 [ 0.00000000e+00 -4.94780147e-01 -1.08350661e-04  3.55661760e-01
  -2.48203550e-04  2.92359165e-03  0.00000000e+00]
 [ 0.00000000e+00 -4.10114599e-04  3.31234313e-01  2.89739492e-04
   8.96462641e-01 -1.34298059e-03 -2.32002246e-02]
 [ 0.00000000e+00  9.99999916e-01  1.35844039e-04 -9.99999957e-01
   2.41015355e-04  9.99996737e-01 -2.20361783e-03]
 [ 1.00000000e+00  1.11022302e-16  9.43548521e-01  4.22578920e-05
  -4.43119257e-01 -2.17304336e-03 -9.99728410e-01]]
23:16:09 - Time: 1753132569.290, tau: [-1.95902878e-04  5.00279567e-01 -4.62497970e-03 -6.62874961e-01
  1.12383942e-02 -5.78771595e-02  1.26858049e-05]
23:16:09 - Time: 1753132569.290, tau + g: [-2.12851281e-03 -3.87991438e+01 -2.89382322e-01  1.99709076e+01
 -6.30879229e-01 -2.96304487e-02 -5.43882707e-07]
23:16:09 - Time: 1753132569.295, current_contact_force: 11.177681275944392
23:16:09 - Time: 1753132569.295, jac: [[ 1.18634333e-04  9.30858531e-02  1.23935119e-04  3.03182068e-01
  -1.48533935e-04 -1.25964445e-01  1.08420217e-19]
 [ 4.94793574e-01  3.62241943e-05  4.35987905e-01  9.90950269e-05
   1.14250992e-01 -1.57500903e-04 -5.55111512e-17]
 [ 0.00000000e+00 -4.94793490e-01 -1.03121639e-04  3.55611178e-01
  -2.39336555e-04  2.98893031e-03  0.00000000e+00]
 [ 0.00000000e+00 -3.89148194e-04  3.31386506e-01  2.83203825e-04
   8.96499582e-01 -1.30006297e-03 -2.37189785e-02]
 [ 0.00000000e+00  9.99999924e-01  1.28958470e-04 -9.99999959e-01
   2.37405924e-04  9.99996961e-01 -2.12507349e-03]
 [ 1.00000000e+00  4.44089210e-16  9.43495081e-01  3.72111516e-05
  -4.43044516e-01 -2.09482494e-03 -9.99716407e-01]]
23:16:09 - Time: 1753132569.295, tau: [ 2.29451585e-03  4.94054825e-01 -3.06758177e-03 -6.60306653e-01
  1.12867876e-02 -5.78066559e-02  1.24983859e-05]
23:16:09 - Time: 1753132569.295, tau + g: [ 3.77837882e-04 -3.88141412e+01 -2.87802488e-01  1.99737090e+01
 -6.30777059e-01 -2.89356096e-02 -4.87202096e-07]
23:16:09 - Time: 1753132569.303, current_contact_force: 11.146911043847808
23:16:09 - Time: 1753132569.303, jac: [[ 1.13219701e-04  9.30945911e-02  1.18183709e-04  3.03151016e-01
  -1.43699876e-04 -1.25962897e-01  0.00000000e+00]
 [ 4.94806844e-01  3.42871758e-05  4.35957163e-01  9.52992075e-05
   1.14282708e-01 -1.52225887e-04 -5.55111512e-17]
 [ 0.00000000e+00 -4.94806769e-01 -9.79559372e-05  3.55560936e-01
  -2.30558690e-04  3.05373927e-03  0.00000000e+00]
 [ 0.00000000e+00 -3.68304679e-04  3.31537736e-01  2.76539669e-04
   8.96536047e-01 -1.25740344e-03 -2.42335201e-02]
 [ 0.00000000e+00  9.99999932e-01  1.22106908e-04 -9.99999961e-01
   2.33643129e-04  9.99997174e-01 -2.04731630e-03]
 [ 1.00000000e+00  3.33066907e-16  9.43441951e-01  3.22474182e-05
  -4.42970723e-01 -2.01743591e-03 -9.99704229e-01]]
23:16:09 - Time: 1753132569.303, tau: [ 4.60164696e-03  4.87179517e-01 -1.61363516e-03 -6.57247843e-01
  1.13195398e-02 -5.77300536e-02  1.23072821e-05]
23:16:09 - Time: 1753132569.303, tau + g: [ 2.70234210e-03 -3.88297244e+01 -2.86326574e-01  1.99769933e+01
 -6.30691022e-01 -2.82398484e-02 -4.29751367e-07]
23:16:09 - Time: 1753132569.310, current_contact_force: 11.119127360259856
23:16:09 - Time: 1753132569.310, jac: [[ 1.07946665e-04  9.31030777e-02  1.12569839e-04  3.03120344e-01
  -1.38893707e-04 -1.25961329e-01  1.08420217e-19]
 [ 4.94820054e-01  3.23621217e-05  4.35926684e-01  9.14982934e-05
   1.14314095e-01 -1.46993612e-04  0.00000000e+00]
 [ 0.00000000e+00 -4.94819987e-01 -9.28538743e-05  3.55511035e-01
  -2.21870665e-04  3.11800678e-03  0.00000000e+00]
 [ 0.00000000e+00 -3.47594521e-04  3.31688010e-01  2.69757943e-04
   8.96572009e-01 -1.21501503e-03 -2.47437564e-02]
 [ 0.00000000e+00  9.99999940e-01  1.15292942e-04 -9.99999963e-01
   2.29736767e-04  9.99997378e-01 -1.97035244e-03]
 [ 1.00000000e+00  2.22044605e-16  9.43389130e-01  2.73667161e-05
  -4.42897935e-01 -1.94088126e-03 -9.99691885e-01]]
23:16:09 - Time: 1753132569.310, tau: [ 6.73398282e-03  4.79770932e-01 -2.59163817e-04 -6.53767811e-01
  1.13378729e-02 -5.76481025e-02  1.21127326e-05]
23:16:09 - Time: 1753132569.310, tau + g: [ 4.85331465e-03 -3.88457769e+01 -2.84950709e-01  1.99806912e+01
 -6.30619875e-01 -2.75440056e-02 -3.73040528e-07]
23:16:09 - Time: 1753132569.316, current_contact_force: 11.094144796569896
23:16:09 - Time: 1753132569.316, jac: [[ 1.02810369e-04  9.31112927e-02  1.07089190e-04  3.03090074e-01
  -1.34116661e-04 -1.25959742e-01  1.62630326e-19]
 [ 4.94833206e-01  3.04498695e-05  4.35896478e-01  8.76952840e-05
   1.14345147e-01 -1.41805105e-04 -5.55111512e-17]
 [ 0.00000000e+00 -4.94833146e-01 -8.78154370e-05  3.55461475e-01
  -2.13272671e-04  3.18172276e-03  0.00000000e+00]
 [ 0.00000000e+00 -3.27026583e-04  3.31837331e-01  2.62868955e-04
   8.96607443e-01 -1.17290799e-03 -2.52496075e-02]
 [ 0.00000000e+00  9.99999947e-01  1.08519634e-04 -9.99999965e-01
   2.25696250e-04  9.99997573e-01 -1.89418346e-03]
 [ 1.00000000e+00  2.22044605e-16  9.43336617e-01  2.25687178e-05
  -4.42826198e-01 -1.86516139e-03 -9.99679383e-01]]
23:16:09 - Time: 1753132569.316, tau: [ 8.70000086e-03  4.71936562e-01  9.99900169e-04 -6.49930427e-01
  1.13429527e-02 -5.75614986e-02  1.19149791e-05]
23:16:09 - Time: 1753132569.316, tau + g: [ 6.83906753e-03 -3.88621918e+01 -2.83670914e-01  1.99847387e+01
 -6.30562432e-01 -2.68488536e-02 -3.18372556e-07]
23:16:09 - Time: 1753132569.324, current_contact_force: 11.07178297984376
23:16:09 - Time: 1753132569.324, jac: [[ 9.78058013e-05  9.31192194e-02  1.01737253e-04  3.03060222e-01
  -1.29369692e-04 -1.25958136e-01  0.00000000e+00]
 [ 4.94846301e-01  2.85511231e-05  4.35866551e-01  8.38928854e-05
   1.14375859e-01 -1.36661090e-04  0.00000000e+00]
 [ 0.00000000e+00 -4.94846248e-01 -8.28403164e-05  3.55412258e-01
  -2.04764432e-04  3.24487871e-03  1.08420217e-19]
 [ 0.00000000e+00 -3.06608259e-04  3.31985703e-01  2.55882423e-04
   8.96642332e-01 -1.13109010e-03 -2.57510061e-02]
 [ 0.00000000e+00  9.99999953e-01  1.01789563e-04 -9.99999967e-01
   2.21530601e-04  9.99997758e-01 -1.81880681e-03]
 [ 1.00000000e+00  3.33066907e-16  9.43284413e-01  1.78527847e-05
  -4.42755553e-01 -1.79027266e-03 -9.99666733e-01]]
23:16:09 - Time: 1753132569.324, tau: [ 1.05081141e-02  4.63774592e-01  2.16768124e-03 -6.45794396e-01
  1.13358881e-02 -5.74708857e-02  1.17142634e-05]
23:16:09 - Time: 1753132569.324, tau + g: [ 8.66786016e-03 -3.88788715e+01 -2.82483137e-01  1.99890768e+01
 -6.30517561e-01 -2.61550997e-02 -2.66859939e-07]
23:16:09 - Time: 1753132569.327, current_contact_force: 11.051867186238603
23:16:09 - Time: 1753132569.327, jac: [[ 9.29278386e-05  9.31268447e-02  9.65093753e-05  3.03030800e-01
  -1.24653497e-04 -1.25956514e-01  0.00000000e+00]
 [ 4.94859342e-01  2.66664638e-05  4.35836911e-01  8.00935297e-05
   1.14406228e-01 -1.31562019e-04  5.55111512e-17]
 [ 0.00000000e+00 -4.94859295e-01 -7.79279441e-05  3.55363385e-01
  -1.96345268e-04  3.30746754e-03  0.00000000e+00]
 [ 0.00000000e+00 -2.86345605e-04  3.32133125e-01  2.48807486e-04
   8.96676661e-01 -1.08956691e-03 -2.62478962e-02]
 [ 0.00000000e+00  9.99999959e-01  9.51048645e-05 -9.99999969e-01
   2.17248445e-04  9.99997934e-01 -1.74421635e-03]
 [ 1.00000000e+00  0.00000000e+00  9.43232515e-01  1.32180067e-05
  -4.42686028e-01 -1.71620781e-03 -9.99653943e-01]]
23:16:09 - Time: 1753132569.327, tau: [ 1.21666293e-02  4.55374386e-01  3.24832941e-03 -6.41413512e-01
  1.13177311e-02 -5.73768585e-02  1.15108247e-05]
23:16:09 - Time: 1753132569.327, tau + g: [ 1.03478571e-02 -3.88957273e+01 -2.81383285e-01  1.99936520e+01
 -6.30484190e-01 -2.54633903e-02 -2.19440999e-07]
23:16:09 - Time: 1753132569.336, current_contact_force: 11.034228791763086
23:16:09 - Time: 1753132569.336, jac: [[ 8.81712859e-05  9.31341587e-02  9.14008004e-05  3.03001819e-01
  -1.19968549e-04 -1.25954875e-01  1.08420217e-19]
 [ 4.94872329e-01  2.47963611e-05  4.35807560e-01  7.62993933e-05
   1.14436251e-01 -1.26508103e-04  0.00000000e+00]
 [ 0.00000000e+00 -4.94872288e-01 -7.30775243e-05  3.55314857e-01
  -1.88014136e-04  3.36948352e-03  0.00000000e+00]
 [ 0.00000000e+00 -2.66243455e-04  3.32279599e-01  2.41652722e-04
   8.96710418e-01 -1.04834194e-03 -2.67402324e-02]
 [ 0.00000000e+00  9.99999965e-01  8.84672717e-05 -9.99999971e-01
   2.12858018e-04  9.99998101e-01 -1.67040276e-03]
 [ 1.00000000e+00  3.33066907e-16  9.43180927e-01  8.66323667e-06
  -4.42617647e-01 -1.64295646e-03 -9.99641020e-01]]
23:16:09 - Time: 1753132569.336, tau: [ 1.36837116e-02  4.46816977e-01  4.24599333e-03 -6.36836912e-01
  1.12894773e-02 -5.72799646e-02  1.13048972e-05]
23:16:09 - Time: 1753132569.336, tau + g: [ 1.18870921e-02 -3.89126784e+01 -2.80367256e-01  1.99984149e+01
 -6.30461301e-01 -2.47743136e-02 -1.76895772e-07]
23:16:09 - Time: 1753132569.344, current_contact_force: 11.018705601502651
23:16:09 - Time: 1753132569.344, jac: [[ 8.35309123e-05  9.31411543e-02  8.64067056e-05  3.02973287e-01
  -1.15315114e-04 -1.25953222e-01  1.08420217e-19]
 [ 4.94885265e-01  2.29411829e-05  4.35778505e-01  7.25124149e-05
   1.14465927e-01 -1.21499338e-04  5.55111512e-17]
 [ 0.00000000e+00 -4.94885230e-01 -6.82880645e-05  3.55266676e-01
  -1.79769684e-04  3.43092212e-03 -1.08420217e-19]
 [ 0.00000000e+00 -2.46305539e-04  3.32425123e-01  2.34426170e-04
   8.96743597e-01 -1.00741693e-03 -2.72279788e-02]
 [ 0.00000000e+00  9.99999970e-01  8.18781515e-05 -9.99999973e-01
   2.08367159e-04  9.99998259e-01 -1.59735397e-03]
 [ 1.00000000e+00  1.11022302e-16  9.43129647e-01  4.18712392e-06
  -4.42550425e-01 -1.57050553e-03 -9.99627974e-01]]
23:16:09 - Time: 1753132569.344, tau: [ 1.50673549e-02  4.38175543e-01  5.16479697e-03 -6.32109329e-01
  1.12520668e-02 -5.71807066e-02  1.10967087e-05]
23:16:09 - Time: 1753132569.344, tau + g: [ 1.32934386e-02 -3.89296521e+01 -2.79430959e-01  2.00033209e+01
 -6.30447933e-01 -2.40884033e-02 -1.39861244e-07]
23:16:09 - Time: 1753132569.351, current_contact_force: 11.005142075990648
23:16:09 - Time: 1753132569.351, jac: [[ 7.90014834e-05  9.31478271e-02  8.15222358e-05  3.02945207e-01
  -1.10693277e-04 -1.25951554e-01  1.62630326e-19]
 [ 4.94898150e-01  2.11012047e-05  4.35749747e-01  6.87343120e-05
   1.14495254e-01 -1.16535527e-04  0.00000000e+00]
 [ 0.00000000e+00 -4.94898119e-01 -6.35584031e-05  3.55218843e-01
  -1.71610292e-04  3.49177992e-03  0.00000000e+00]
 [ 0.00000000e+00 -2.26534583e-04  3.32569697e-01  2.27135349e-04
   8.96776192e-01 -9.66792043e-04 -2.77111087e-02]
 [ 0.00000000e+00  9.99999974e-01  7.53385394e-05 -9.99999974e-01
   2.03783322e-04  9.99998409e-01 -1.52505554e-03]
 [ 1.00000000e+00  2.22044605e-16  9.43078677e-01 -2.11855921e-07
  -4.42484372e-01 -1.49883958e-03 -9.99614810e-01]]
23:16:09 - Time: 1753132569.351, tau: [ 1.63253576e-02  4.29515880e-01  6.00881949e-03 -6.27271339e-01
  1.12063850e-02 -5.70795449e-02  1.08864794e-05]
23:16:09 - Time: 1753132569.351, tau + g: [ 1.45745844e-02 -3.89465829e+01 -2.78570337e-01  2.00083296e+01
 -6.30443178e-01 -2.34061416e-02 -1.08845847e-07]
23:16:09 - Time: 1753132569.358, current_contact_force: 10.993389470972582
23:16:09 - Time: 1753132569.358, jac: [[ 7.45777892e-05  9.31541748e-02  7.67425326e-05  3.02917583e-01
  -1.06102963e-04 -1.25949873e-01  1.62630326e-19]
 [ 4.94910984e-01  1.92766187e-05  4.35721290e-01  6.49665975e-05
   1.14524233e-01 -1.11616312e-04  0.00000000e+00]
 [ 0.00000000e+00 -4.94910958e-01 -5.88872348e-05  3.55171360e-01
  -1.63534109e-04  3.55205452e-03  0.00000000e+00]
 [ 0.00000000e+00 -2.06932414e-04  3.32713317e-01  2.19787276e-04
   8.96808203e-01 -9.26466003e-04 -2.81896031e-02]
 [ 0.00000000e+00  9.99999979e-01  6.88491714e-05 -9.99999976e-01
   1.99113574e-04  9.99998551e-01 -1.45349104e-03]
 [ 1.00000000e+00  2.22044605e-16  9.43028019e-01 -4.53537317e-06
  -4.42419493e-01 -1.42794121e-03 -9.99601537e-01]]
23:16:09 - Time: 1753132569.358, tau: [ 1.74653030e-02  4.20896857e-01  6.78207804e-03 -6.22359606e-01
  1.11532638e-02 -5.69768992e-02  1.06744204e-05]
23:16:09 - Time: 1753132569.358, tau + g: [ 1.57380118e-02 -3.89634122e+01 -2.77781387e-01  2.00134043e+01
 -6.30446183e-01 -2.27279620e-02 -8.42431130e-08]
23:16:09 - Time: 1753132569.362, current_contact_force: 10.983305904843553
23:16:09 - Time: 1753132569.362, jac: [[ 7.02546697e-05  9.31601974e-02  7.20627610e-05  3.02890416e-01
  -1.01543953e-04 -1.25948179e-01 -5.42101086e-20]
 [ 4.94923769e-01  1.74675422e-05  4.35693134e-01  6.12105951e-05
   1.14552865e-01 -1.06741185e-04  0.00000000e+00]
 [ 0.00000000e+00 -4.94923747e-01 -5.42731345e-05  3.55124228e-01
  -1.55539093e-04  3.61174445e-03  1.08420217e-19]
 [ 0.00000000e+00 -1.87500053e-04  3.32855982e-01  2.12388489e-04
   8.96839629e-01 -8.86436317e-04 -2.86634506e-02]
 [ 0.00000000e+00  9.99999982e-01  6.24105152e-05 -9.99999977e-01
   1.94364610e-04  9.99998685e-01 -1.38264230e-03]
 [ 1.00000000e+00  0.00000000e+00  9.42977673e-01 -8.78521883e-06
  -4.42355788e-01 -1.35779135e-03 -9.99588163e-01]]
23:16:09 - Time: 1753132569.362, tau: [ 1.84945426e-02  4.12370859e-01  7.48851305e-03 -6.17407120e-01
  1.10934835e-02 -5.68731514e-02  1.04607337e-05]
23:16:09 - Time: 1753132569.362, tau + g: [ 1.67909807e-02 -3.89800878e+01 -2.77060171e-01  2.00185123e+01
 -6.30456148e-01 -2.20542524e-02 -6.63444383e-08]
23:16:09 - Time: 1753132569.368, current_contact_force: 10.974756365977546
23:16:09 - Time: 1753132569.368, jac: [[ 6.60270367e-05  9.31658966e-02  6.74781323e-05  3.02863704e-01
  -9.70159072e-05 -1.25946475e-01  1.08420217e-19]
 [ 4.94936504e-01  1.56740254e-05  4.35665282e-01  5.74674544e-05
   1.14581149e-01 -1.01909517e-04  0.00000000e+00]
 [ 0.00000000e+00 -4.94936486e-01 -4.97145783e-05  3.55077450e-01
  -1.47623044e-04  3.67084908e-03  1.08420217e-19]
 [ 0.00000000e+00 -1.68237797e-04  3.32997687e-01  2.04945067e-04
   8.96870473e-01 -8.46699415e-04 -2.91326462e-02]
 [ 0.00000000e+00  9.99999986e-01  5.60227981e-05 -9.99999979e-01
   1.89542755e-04  9.99998812e-01 -1.31248979e-03]
 [ 1.00000000e+00  1.11022302e-16  9.42927641e-01 -1.29632815e-05
  -4.42293250e-01 -1.28836959e-03 -9.99574693e-01]]
23:16:09 - Time: 1753132569.368, tau: [ 1.94201841e-02  4.03984222e-01  8.13197589e-03 -6.12443429e-01
  1.10277742e-02 -5.67686471e-02  1.02456113e-05]
23:16:09 - Time: 1753132569.368, tau + g: [ 1.77405156e-02 -3.89965636e+01 -2.76402835e-01  2.00236241e+01
 -6.30472322e-01 -2.13853582e-02 -5.53509293e-08]
23:16:09 - Time: 1753132569.374, current_contact_force: 10.967612670587414
23:16:09 - Time: 1753132569.374, jac: [[ 6.18898928e-05  9.31712759e-02  6.29839250e-05  3.02837445e-01
  -9.25183765e-05 -1.25944759e-01  0.00000000e+00]
 [ 4.94949191e-01  1.38960585e-05  4.35637733e-01  5.37381644e-05
   1.14609089e-01 -9.71205697e-05  0.00000000e+00]
 [ 0.00000000e+00 -4.94949176e-01 -4.52099638e-05  3.55031026e-01
  -1.39783630e-04  3.72936853e-03  0.00000000e+00]
 [ 0.00000000e+00 -1.49145305e-04  3.33138430e-01  1.97462652e-04
   8.96900740e-01 -8.07250792e-04 -2.95971912e-02]
 [ 0.00000000e+00  9.99999989e-01  4.96860334e-05 -9.99999980e-01
   1.84653975e-04  9.99998930e-01 -1.24301283e-03]
 [ 1.00000000e+00  0.00000000e+00  9.42877926e-01 -1.70715264e-05
  -4.42231873e-01 -1.21965441e-03 -9.99561134e-01]]
23:16:09 - Time: 1753132569.374, tau: [ 2.02490816e-02  3.95777643e-01  8.71621853e-03 -6.07494866e-01
  1.09568171e-02 -5.66636979e-02  1.00292353e-05]
23:16:09 - Time: 1753132569.374, tau + g: [ 1.85933958e-02 -3.90127990e+01 -2.75805615e-01  2.00287135e+01
 -6.30494003e-01 -2.07215841e-02 -5.13843364e-08]
23:16:09 - Time: 1753132569.378, current_contact_force: 10.961753380102813
23:16:09 - Time: 1753132569.378, jac: [[ 5.78383483e-05  9.31763401e-02  5.85755022e-05  3.02811634e-01
  -8.80508203e-05 -1.25943034e-01  5.42101086e-20]
 [ 4.94961828e-01  1.21335789e-05  4.35610488e-01  5.00235674e-05
   1.14636685e-01 -9.23735152e-05  5.55111512e-17]
 [ 0.00000000e+00 -4.94961816e-01 -4.07576270e-05  3.54984960e-01
  -1.32018422e-04  3.78730362e-03 -5.42101086e-20]
 [ 0.00000000e+00 -1.30221672e-04  3.33278207e-01  1.89946469e-04
   8.96930436e-01 -7.68085152e-04 -3.00570922e-02]
 [ 0.00000000e+00  9.99999992e-01  4.34000457e-05 -9.99999982e-01
   1.79703889e-04  9.99999042e-01 -1.17418987e-03]
 [ 1.00000000e+00  3.33066907e-16  9.42828529e-01 -2.11119764e-05
  -4.42171642e-01 -1.15162345e-03 -9.99547494e-01]]
23:16:09 - Time: 1753132569.378, tau: [ 2.09878284e-02  3.87786581e-01  9.24488502e-03 -6.02584759e-01
  1.08812473e-02 -5.65585834e-02  9.81177780e-06]
23:16:09 - Time: 1753132569.378, tau + g: [ 1.93561476e-02 -3.90287587e+01 -2.75264851e-01  2.00337575e+01
 -6.30520538e-01 -2.00631978e-02 -5.44970802e-08]
23:16:09 - Time: 1753132569.384, current_contact_force: 10.95706368580673
23:16:09 - Time: 1753132569.384, jac: [[ 5.38676348e-05  9.31810952e-02  5.42483274e-05  3.02786267e-01
  -8.36126196e-05 -1.25941300e-01  1.08420217e-19]
 [ 4.94974416e-01  1.03864770e-05  4.35583545e-01  4.63243711e-05
   1.14663942e-01 -8.76674509e-05  0.00000000e+00]
 [ 0.00000000e+00 -4.94974407e-01 -3.63558592e-05  3.54939251e-01
  -1.24324912e-04  3.84465577e-03  0.00000000e+00]
 [ 0.00000000e+00 -1.11465496e-04  3.33417014e-01  1.82401347e-04
   8.96959569e-01 -7.29196529e-04 -3.05123606e-02]
 [ 0.00000000e+00  9.99999994e-01  3.71644930e-05 -9.99999983e-01
   1.74697778e-04  9.99999146e-01 -1.10599868e-03]
 [ 1.00000000e+00  0.00000000e+00  9.42779451e-01 -2.50866944e-05
  -4.42112544e-01 -1.08425373e-03 -9.99533778e-01]]
23:16:09 - Time: 1753132569.384, tau: [ 2.16427527e-02  3.80041635e-01  9.72150460e-03 -5.97733645e-01
  1.08016545e-02 -5.64535531e-02  9.59340087e-06]
23:16:09 - Time: 1753132569.384, tau + g: [ 2.00350390e-02 -3.90444121e+01 -2.74776992e-01  2.00387358e+01
 -6.30551318e-01 -1.94104316e-02 -6.46813999e-08]
23:16:09 - Time: 1753132569.390, current_contact_force: 10.953435267244876
23:16:09 - Time: 1753132569.390, jac: [[ 4.99731180e-05  9.31855484e-02  4.99979770e-05  3.02761337e-01
  -7.92030906e-05 -1.25939557e-01  1.08420217e-19]
 [ 4.94986955e-01  8.65460277e-06  4.35556905e-01  4.26411608e-05
   1.14690861e-01 -8.30014129e-05  0.00000000e+00]
 [ 0.00000000e+00 -4.94986948e-01 -3.20029213e-05  3.54893903e-01
  -1.16700543e-04  3.90142695e-03  5.42101086e-20]
 [ 0.00000000e+00 -9.28749455e-05  3.33554846e-01  1.74831741e-04
   8.96988148e-01 -6.90578397e-04 -3.09630123e-02]
 [ 0.00000000e+00  9.99999996e-01  3.09788883e-05 -9.99999984e-01
   1.69640598e-04  9.99999244e-01 -1.03841659e-03]
 [ 1.00000000e+00  0.00000000e+00  9.42730695e-01 -2.89977686e-05
  -4.42054561e-01 -1.01752183e-03 -9.99519992e-01]]
23:16:09 - Time: 1753132569.390, tau: [ 2.22199141e-02  3.72568914e-01  1.01494862e-02 -5.92959468e-01
  1.07185859e-02 -5.63488282e-02  9.37425701e-06]
23:16:09 - Time: 1753132569.390, tau + g: [ 2.06360767e-02 -3.90597332e+01 -2.74338601e-01  2.00436305e+01
 -6.30585778e-01 -1.87634854e-02 -8.18776621e-08]
23:16:09 - Time: 1753132569.394, current_contact_force: 10.95076612987245
23:16:09 - Time: 1753132569.394, jac: [[ 4.61503069e-05  9.31897078e-02  4.58201522e-05  3.02736836e-01
  -7.48214958e-05 -1.25937806e-01  0.00000000e+00]
 [ 4.94999445e-01  6.93777049e-06  4.35530564e-01  3.89744108e-05
   1.14717446e-01 -7.83743887e-05  0.00000000e+00]
 [ 0.00000000e+00 -4.94999440e-01 -2.76970571e-05  3.54848916e-01
  -1.09142723e-04  3.95761963e-03  0.00000000e+00]
 [ 0.00000000e+00 -7.44478187e-05  3.33691700e-01  1.67241750e-04
   8.97016182e-01 -6.52223780e-04 -3.14090669e-02]
 [ 0.00000000e+00  9.99999997e-01  2.48426193e-05 -9.99999985e-01
   1.64536987e-04  9.99999335e-01 -9.71420651e-04]
 [ 1.00000000e+00  2.22044605e-16  9.42682263e-01 -3.28472977e-05
  -4.41997671e-01 -9.51404123e-04 -9.99506141e-01]]
23:16:09 - Time: 1753132569.394, tau: [ 2.27251030e-02  3.65390378e-01  1.05321141e-02 -5.88277766e-01
  1.06325475e-02 -5.62446036e-02  9.15448938e-06]
23:16:09 - Time: 1753132569.394, tau + g: [ 2.11650042e-02 -3.90747001e+01 -2.73946363e-01  2.00484265e+01
 -6.30623395e-01 -1.81225285e-02 -1.05981869e-07]
23:16:09 - Time: 1753132569.400, current_contact_force: 10.94896042662792
23:16:09 - Time: 1753132569.400, jac: [[ 4.23948625e-05  9.31935821e-02  4.17106879e-05  3.02712757e-01
  -7.04670550e-05 -1.25936049e-01  5.42101086e-20]
 [ 4.95011885e-01  5.23576425e-06  4.35504523e-01  3.53244942e-05
   1.14743700e-01 -7.37853287e-05  0.00000000e+00]
 [ 0.00000000e+00 -4.95011882e-01 -2.34365051e-05  3.54804292e-01
  -1.01648848e-04  4.01323668e-03 -5.42101086e-20]
 [ 0.00000000e+00 -5.61815966e-05  3.33827571e-01  1.59635139e-04
   8.97043684e-01 -6.14125343e-04 -3.18505475e-02]
 [ 0.00000000e+00  9.99999998e-01  1.87549660e-05 -9.99999987e-01
   1.59391287e-04  9.99999419e-01 -9.04987802e-04]
 [ 1.00000000e+00  2.22044605e-16  9.42634156e-01 -3.66373793e-05
  -4.41941855e-01 -8.85876867e-04 -9.99492233e-01]]
23:16:09 - Time: 1753132569.400, tau: [ 2.31638408e-02  3.58524177e-01  1.08725452e-02 -5.83701860e-01
  1.05440061e-02 -5.61410496e-02  8.93423226e-06]
23:16:09 - Time: 1753132569.400, tau + g: [ 2.16273020e-02 -3.90892947e+01 -2.73597087e-01  2.00531105e+01
 -6.30663684e-01 -1.74877025e-02 -1.36852415e-07]
23:16:09 - Time: 1753132569.406, current_contact_force: 10.947928267171084
23:16:09 - Time: 1753132569.406, jac: [[ 3.87026039e-05  9.31971810e-02  3.76655603e-05  3.02689092e-01
  -6.61389551e-05 -1.25934286e-01  5.42101086e-20]
 [ 4.95024275e-01  3.54834240e-06  4.35478778e-01  3.16916937e-05
   1.14769627e-01 -6.92331566e-05  0.00000000e+00]
 [ 0.00000000e+00 -4.95024273e-01 -1.92195087e-05  3.54760032e-01
  -9.42163170e-05  4.06828138e-03  0.00000000e+00]
 [ 0.00000000e+00 -3.80734949e-05  3.33962456e-01  1.52015358e-04
   8.97070665e-01 -5.76275478e-04 -3.22874802e-02]
 [ 0.00000000e+00  9.99999999e-01  1.27151179e-05 -9.99999988e-01
   1.54207545e-04  9.99999497e-01 -8.39095013e-04]
 [ 1.00000000e+00  1.11022302e-16  9.42586377e-01 -4.03700982e-05
  -4.41887088e-01 -8.20916403e-04 -9.99478271e-01]]
23:16:09 - Time: 1753132569.406, tau: [ 2.35413813e-02  3.51984960e-01  1.11738065e-02 -5.79243021e-01
  1.04533915e-02 -5.60383135e-02  8.71361149e-06]
23:16:09 - Time: 1753132569.406, tau + g: [ 2.20281885e-02 -3.91035024e+01 -2.73287709e-01  2.00576716e+01
 -6.30706200e-01 -1.68591226e-02 -1.74316148e-07]
23:16:09 - Time: 1753132569.410, current_contact_force: 10.947585518131284
23:16:09 - Time: 1753132569.410, jac: [[ 3.50695136e-05  9.32005144e-02  3.36808931e-05  3.02665830e-01
  -6.18363591e-05 -1.25932516e-01  5.42101086e-20]
 [ 4.95036615e-01  1.87524184e-06  4.35453328e-01  2.80762102e-05
   1.14795232e-01 -6.47167784e-05  0.00000000e+00]
 [ 0.00000000e+00 -4.95036614e-01 -1.50443260e-05  3.54716139e-01
  -8.68425459e-05  4.12275733e-03  0.00000000e+00]
 [ 0.00000000e+00 -2.01205096e-05  3.34096349e-01  1.44385559e-04
   8.97097137e-01 -5.38666385e-04 -3.27198936e-02]
 [ 0.00000000e+00  1.00000000e+00  6.72218880e-06 -9.99999989e-01
   1.48989535e-04  9.99999569e-01 -7.73719420e-04]
 [ 1.00000000e+00  2.22044605e-16  9.42538927e-01 -4.40475170e-05
  -4.41833345e-01 -7.56499265e-04 -9.99464261e-01]]
23:16:09 - Time: 1753132569.410, tau: [ 2.38627141e-02  3.45784173e-01  1.14387942e-02 -5.74910639e-01
  1.03610981e-02 -5.59365214e-02  8.49274496e-06]
23:16:09 - Time: 1753132569.410, tau + g: [ 2.23726227e-02 -3.91173117e+01 -2.73015294e-01  2.00621007e+01
 -6.30750534e-01 -1.62368803e-02 -2.18173770e-07]
23:16:09 - Time: 1753132569.416, current_contact_force: 10.947853596883895
23:16:09 - Time: 1753132569.416, jac: [[ 3.14917408e-05  9.32035927e-02  2.97529621e-05  3.02642962e-01
  -5.75584139e-05 -1.25930742e-01  5.42101086e-20]
 [ 4.95048904e-01  2.16181913e-07  4.35428170e-01  2.44781717e-05
   1.14820517e-01 -6.02350910e-05  0.00000000e+00]
 [ 0.00000000e+00 -4.95048904e-01 -1.09092382e-05  3.54672612e-01
  -7.95249825e-05  4.17666839e-03  0.00000000e+00]
 [ 0.00000000e+00 -2.31945901e-06  3.34229248e-01  1.36748616e-04
   8.97123113e-01 -5.01290138e-04 -3.31478186e-02]
 [ 0.00000000e+00  1.00000000e+00  7.75231042e-07 -9.99999990e-01
   1.43740764e-04  9.99999635e-01 -7.08838439e-04]
 [ 1.00000000e+00  2.22044605e-16  9.42491809e-01 -4.76716676e-05
  -4.41780602e-01 -6.92602293e-04 -9.99450209e-01]]
23:16:09 - Time: 1753132569.416, tau: [ 2.41325673e-02  3.39930345e-01  1.16702730e-02 -5.70712379e-01
  1.02674870e-02 -5.58357796e-02  8.27174318e-06]
23:16:09 - Time: 1753132569.416, tau + g: [ 2.26653068e-02 -3.91307142e+01 -2.72777035e-01  2.00663903e+01
 -6.30796310e-01 -1.56210452e-02 -2.68204650e-07]
23:16:09 - Time: 1753132569.420, current_contact_force: 10.948659261169666
23:16:09 - Time: 1753132569.420, jac: [[ 2.79656043e-05  9.32064266e-02  2.58781984e-05  3.02620479e-01
  -5.33042574e-05 -1.25928963e-01  0.00000000e+00]
 [ 4.95061143e-01 -1.42913203e-06  4.35403302e-01  2.08976415e-05
   1.14845488e-01 -5.57869894e-05  0.00000000e+00]
 [ 0.00000000e+00 -4.95061143e-01 -6.81255593e-06  3.54629453e-01
  -7.22611168e-05  4.23001868e-03 -5.42101086e-20]
 [ 0.00000000e+00  1.53329774e-05  3.34361149e-01  1.29107144e-04
   8.97148606e-01 -4.64138750e-04 -3.35712880e-02]
 [ 0.00000000e+00  1.00000000e+00 -5.12675193e-06 -9.99999990e-01
   1.38464487e-04  9.99999694e-01 -6.44429869e-04]
 [ 1.00000000e+00  0.00000000e+00  9.42445023e-01 -5.12445432e-05
  -4.41728831e-01 -6.29202732e-04 -9.99436118e-01]]
23:16:09 - Time: 1753132569.420, tau: [ 2.43554130e-02  3.34429350e-01  1.18708766e-02 -5.66654327e-01
  1.01728874e-02 -5.57361766e-02  8.05070976e-06]
23:16:09 - Time: 1753132569.420, tau + g: [ 2.29106913e-02 -3.91437040e+01 -2.72570258e-01  2.00705345e+01
 -6.30843184e-01 -1.50116665e-02 -3.24171083e-07]
23:16:09 - Time: 1753132569.425, current_contact_force: 10.949934396268942
23:16:09 - Time: 1753132569.425, jac: [[ 2.44875932e-05  9.32090270e-02  2.20531909e-05  3.02598370e-01
  -4.90730255e-05 -1.25927181e-01  5.42101086e-20]
 [ 4.95073329e-01 -3.06100536e-06  4.35378721e-01  1.73346253e-05
   1.14870148e-01 -5.13713734e-05  0.00000000e+00]
 [ 0.00000000e+00 -4.95073330e-01 -2.75262669e-06  3.54586664e-01
  -6.50484913e-05  4.28281254e-03  0.00000000e+00]
 [ 0.00000000e+00  3.28402244e-05  3.34492048e-01  1.21463511e-04
   8.97173629e-01 -4.27204231e-04 -3.39903363e-02]
 [ 0.00000000e+00  9.99999999e-01 -1.09847939e-05 -9.99999991e-01
   1.33163722e-04  9.99999748e-01 -5.80471973e-04]
 [ 1.00000000e+00  1.11022302e-16  9.42398573e-01 -5.47680927e-05
  -4.41678006e-01 -5.66278325e-04 -9.99421993e-01]]
23:16:09 - Time: 1753132569.425, tau: [ 2.45354718e-02  3.29284660e-01  1.20431085e-02 -5.62741132e-01
  1.00775991e-02 -5.56377837e-02  7.82974194e-06]
23:16:09 - Time: 1753132569.425, tau + g: [ 2.31129790e-02 -3.91562777e+01 -2.72392414e-01  2.00745291e+01
 -6.30890845e-01 -1.44087752e-02 -3.85822047e-07]
23:16:09 - Time: 1753132569.431, current_contact_force: 10.951615801282637
23:16:09 - Time: 1753132569.431, jac: [[ 2.10543672e-05  9.32114050e-02  1.82746872e-05  3.02576624e-01
  -4.48638573e-05 -1.25925395e-01  0.00000000e+00]
 [ 4.95085464e-01 -4.67975126e-06  4.35354423e-01  1.37890789e-05
   1.14894502e-01 -4.69871534e-05  0.00000000e+00]
 [ 0.00000000e+00 -4.95085465e-01  1.27216053e-06  3.54544245e-01
  -5.78847095e-05  4.33505445e-03  2.71050543e-20]
 [ 0.00000000e+00  5.02057796e-05  3.34621941e-01  1.13819863e-04
   8.97198197e-01 -3.90478634e-04 -3.44049992e-02]
 [ 0.00000000e+00  9.99999999e-01 -1.67999554e-05 -9.99999992e-01
   1.27841258e-04  9.99999797e-01 -5.16943565e-04]
 [ 1.00000000e+00  2.22044605e-16  9.42352459e-01 -5.82442144e-05
  -4.41628099e-01 -5.03807378e-04 -9.99407839e-01]]
23:16:09 - Time: 1753132569.431, tau: [ 2.46767190e-02  3.24497582e-01  1.21893430e-02 -5.58976137e-01
  9.98189324e-03 -5.55406573e-02  7.60893114e-06]
23:16:09 - Time: 1753132569.431, tau + g: [ 2.32761309e-02 -3.91684339e+01 -2.72241087e-01  2.00783708e+01
 -6.30939008e-01 -1.38123856e-02 -4.52896517e-07]
23:16:09 - Time: 1753132569.435, current_contact_force: 10.953644975712866
23:16:09 - Time: 1753132569.435, jac: [[ 1.76627563e-05  9.32135717e-02  1.45395940e-05  3.02555232e-01
  -4.06759006e-05 -1.25923606e-01  0.00000000e+00]
 [ 4.95097547e-01 -6.28568800e-06  4.35330407e-01  1.02609137e-05
   1.14918554e-01 -4.26332553e-05  5.55111512e-17]
 [ 0.00000000e+00 -4.95097547e-01  5.26337029e-06  3.54502196e-01
  -5.07674434e-05  4.38674905e-03  0.00000000e+00]
 [ 0.00000000e+00  6.74331846e-05  3.34750827e-01  1.06178130e-04
   8.97222324e-01 -3.53954106e-04 -3.48153136e-02]
 [ 0.00000000e+00  9.99999998e-01 -2.25733143e-05 -9.99999992e-01
   1.22499670e-04  9.99999840e-01 -4.53824064e-04]
 [ 1.00000000e+00  3.33066907e-16  9.42306682e-01 -6.16747519e-05
  -4.41579084e-01 -4.41768831e-04 -9.99393660e-01]]
23:16:09 - Time: 1753132569.435, tau: [ 2.47828908e-02  3.20067480e-01  1.23118276e-02 -5.55361503e-01
  9.88601499e-03 -5.54448397e-02  7.38836341e-06]
23:16:09 - Time: 1753132569.435, tau + g: [ 2.34038720e-02 -3.91801734e+01 -2.72113985e-01  2.00820577e+01
 -6.30987417e-01 -1.32224970e-02 -5.25126351e-07]
23:16:09 - Time: 1753132569.441, current_contact_force: 10.955967907323439
23:16:09 - Time: 1753132569.441, jac: [[ 1.43097592e-05  9.32155382e-02  1.08449765e-05  3.02534182e-01
  -3.65083160e-05 -1.25921815e-01  5.42101086e-20]
 [ 4.95109577e-01 -7.87913660e-06  4.35306668e-01  6.75000361e-06
   1.14942309e-01 -3.83086252e-05  5.55111512e-17]
 [ 0.00000000e+00 -4.95109576e-01  9.22251691e-06  3.54460520e-01
  -4.36944397e-05  4.43790106e-03 -2.71050543e-20]
 [ 0.00000000e+00  8.45260000e-05  3.34878701e-01  9.85400488e-05
   8.97246021e-01 -3.17622918e-04 -3.52213171e-02]
 [ 0.00000000e+00  9.99999996e-01 -2.83059572e-05 -9.99999993e-01
   1.17141328e-04  9.99999877e-01 -3.91093558e-04]
 [ 1.00000000e+00  3.33066907e-16  9.42261246e-01 -6.50614899e-05
  -4.41530931e-01 -3.80142306e-04 -9.99379460e-01]]
23:16:09 - Time: 1753132569.441, tau: [ 2.48574913e-02  3.15991978e-01  1.24126851e-02 -5.51898330e-01
  9.79018447e-03 -5.53503606e-02  7.16811993e-06]
23:16:09 - Time: 1753132569.441, tau + g: [ 2.34996981e-02 -3.91914985e+01 -2.72008941e-01  2.00855891e+01
 -6.31035841e-01 -1.26390948e-02 -6.02238831e-07]
23:16:09 - Time: 1753132569.445, current_contact_force: 10.958534862137682
23:16:09 - Time: 1753132569.445, jac: [[ 1.09925411e-05  9.32173154e-02  7.18805684e-06  3.02513465e-01
  -3.23602815e-05 -1.25920023e-01  5.42101086e-20]
 [ 4.95121554e-01 -9.46041864e-06  4.35283205e-01  3.25618986e-06
   1.14965770e-01 -3.40122331e-05  5.55111512e-17]
 [ 0.00000000e+00 -4.95121552e-01  1.31510613e-05  3.54419216e-01
  -3.66635250e-05  4.48851532e-03  0.00000000e+00]
 [ 0.00000000e+00  1.01487782e-04  3.35005562e-01  9.09071744e-05
   8.97269305e-01 -2.81477508e-04 -3.56230481e-02]
 [ 0.00000000e+00  9.99999995e-01 -3.39989717e-05 -9.99999994e-01
   1.11768413e-04  9.99999910e-01 -3.28732842e-04]
 [ 1.00000000e+00  2.22044605e-16  9.42216149e-01 -6.84061513e-05
  -4.41483615e-01 -3.18908155e-04 -9.99365244e-01]]
23:16:09 - Time: 1753132569.445, tau: [ 2.49037991e-02  3.12267164e-01  1.24939159e-02 -5.48586760e-01
  9.69459865e-03 -5.52572380e-02  6.94827742e-06]
23:16:09 - Time: 1753132569.445, tau + g: [ 2.35668821e-02 -3.92024133e+01 -2.71923912e-01  2.00889649e+01
 -6.31084072e-01 -1.20621527e-02 -6.83958850e-07]
23:16:09 - Time: 1753132569.451, current_contact_force: 10.961300177218451
23:16:09 - Time: 1753132569.451, jac: [[ 7.70843072e-06  9.32189143e-02  3.56621229e-06  3.02493070e-01
  -2.82309951e-05 -1.25918228e-01 -5.42101086e-20]
 [ 4.95133477e-01 -1.10298544e-05  4.35260013e-01 -2.20713549e-07
   1.14988943e-01 -2.97430760e-05  0.00000000e+00]
 [ 0.00000000e+00 -4.95133474e-01  1.70504083e-05  3.54378284e-01
  -2.96726101e-05  4.53859670e-03  0.00000000e+00]
 [ 0.00000000e+00  1.18322063e-04  3.35131407e-01  8.32808934e-05
   8.97292187e-01 -2.45510503e-04 -3.60205455e-02]
 [ 0.00000000e+00  9.99999993e-01 -3.96534399e-05 -9.99999994e-01
   1.06382925e-04  9.99999937e-01 -2.66723460e-04]
 [ 1.00000000e+00  0.00000000e+00  9.42171395e-01 -7.17103947e-05
  -4.41437108e-01 -2.58047490e-04 -9.99351014e-01]]
23:16:09 - Time: 1753132569.451, tau: [ 2.49248755e-02  3.08887761e-01  1.25574012e-02 -5.45426087e-01
  9.59943276e-03 -5.51654800e-02  6.72890861e-06]
23:16:09 - Time: 1753132569.451, tau + g: [ 2.36084817e-02 -3.92129230e+01 -2.71856973e-01  2.00921862e+01
 -6.31131927e-01 -1.14916331e-02 -7.70010822e-07]
23:16:09 - Time: 1753132569.457, current_contact_force: 10.96422205678854
23:16:09 - Time: 1753132569.457, jac: [[ 4.45491741e-06  9.32203455e-02 -2.30274672e-08  3.02472986e-01
  -2.41196783e-05 -1.25916434e-01  0.00000000e+00]
 [ 4.95145346e-01 -1.25877609e-05  4.35237090e-01 -3.68091535e-06
   1.15011832e-01 -2.55001808e-05  0.00000000e+00]
 [ 0.00000000e+00 -4.95145342e-01  2.09219050e-05  3.54337727e-01
  -2.27196929e-05  4.58815011e-03  0.00000000e+00]
 [ 0.00000000e+00  1.35032334e-04  3.35256235e-01  7.56624382e-05
   8.97314681e-01 -2.09714747e-04 -3.64138483e-02]
 [ 0.00000000e+00  9.99999991e-01 -4.52704323e-05 -9.99999994e-01
   1.00986695e-04  9.99999958e-01 -2.05047728e-04]
 [ 1.00000000e+00  1.11022302e-16  9.42126984e-01 -7.49758126e-05
  -4.41391384e-01 -1.97542214e-04 -9.99336775e-01]]
23:16:09 - Time: 1753132569.457, tau: [ 2.49235712e-02  3.05847308e-01  1.26049060e-02 -5.42414847e-01
  9.50484178e-03 -5.50750849e-02  6.51008255e-06]
23:16:09 - Time: 1753132569.457, tau + g: [ 2.36273463e-02 -3.92230342e+01 -2.71806318e-01  2.00952545e+01
 -6.31179242e-01 -1.09274894e-02 -8.60120321e-07]
23:16:09 - Time: 1753132569.461, current_contact_force: 10.967262372151808
23:16:09 - Time: 1753132569.461, jac: [[ 1.22964698e-06  9.32216196e-02 -3.58198343e-06  3.02453205e-01
  -2.00255784e-05 -1.25914638e-01  0.00000000e+00]
 [ 4.95157161e-01 -1.41344510e-05  4.35214432e-01 -7.12464277e-06
   1.15034441e-01 -2.12826065e-05  0.00000000e+00]
 [ 0.00000000e+00 -4.95157156e-01  2.47668389e-05  3.54297542e-01
  -1.58028611e-05  4.63718050e-03  1.35525272e-20]
 [ 0.00000000e+00  1.51622026e-04  3.35380044e-01  6.80528989e-05
   8.97336800e-01 -1.74083325e-04 -3.68029957e-02]
 [ 0.00000000e+00  9.99999989e-01 -5.08510023e-05 -9.99999995e-01
   9.55813951e-05  9.99999975e-01 -1.43688762e-04]
 [ 1.00000000e+00  1.11022302e-16  9.42082917e-01 -7.82039298e-05
  -4.41346415e-01 -1.37375038e-04 -9.99322530e-01]]
23:16:09 - Time: 1753132569.461, tau: [ 2.49025352e-02  3.03138305e-01  1.26380828e-02 -5.39550912e-01
  9.41096181e-03 -5.49860433e-02  6.29186502e-06]
23:16:09 - Time: 1753132569.461, tau + g: [ 2.36261252e-02 -3.92327545e+01 -2.71770254e-01  2.00981723e+01
 -6.31225872e-01 -1.03696661e-02 -9.54015486e-07]
23:16:09 - Time: 1753132569.467, current_contact_force: 10.970386465789879
23:16:09 - Time: 1753132569.467, jac: [[-1.96958239e-06  9.32227467e-02 -7.11283088e-06  3.02433715e-01
  -1.59479703e-05 -1.25912843e-01  0.00000000e+00]
 [ 4.95168922e-01 -1.56702313e-05  4.35192036e-01 -1.05521376e-05
   1.15056774e-01 -1.70894460e-05  0.00000000e+00]
 [ 0.00000000e+00 -4.95168914e-01  2.85864371e-05  3.54257731e-01
  -8.92029398e-06  4.68569280e-03  0.00000000e+00]
 [ 0.00000000e+00  1.68094501e-04  3.35502833e-01  6.04532358e-05
   8.97358558e-01 -1.38609572e-04 -3.71880271e-02]
 [ 0.00000000e+00  9.99999986e-01 -5.63961821e-05 -9.99999995e-01
   9.01685505e-05  9.99999987e-01 -8.26304868e-05]
 [ 1.00000000e+00  0.00000000e+00  9.42039196e-01 -8.13962031e-05
  -4.41302176e-01 -7.75294978e-05 -9.99308283e-01]]
23:16:09 - Time: 1753132569.467, tau: [ 2.48642220e-02  3.00752370e-01  1.26584747e-02 -5.36831571e-01
  9.31791147e-03 -5.48983382e-02  6.07431878e-06]
23:16:09 - Time: 1753132569.467, tau + g: [ 2.36072747e-02 -3.92420923e+01 -2.71747197e-01  2.01009425e+01
 -6.31271692e-01 -9.81810071e-03 -1.05142822e-06]
23:16:09 - Time: 1753132569.473, current_contact_force: 10.973562959959517
23:16:09 - Time: 1753132569.473, jac: [[-5.14482469e-06  9.32237370e-02 -1.06176033e-05  3.02414507e-01
  -1.18861587e-05 -1.25911048e-01  2.71050543e-20]
 [ 4.95180627e-01 -1.71954018e-05  4.35169900e-01 -1.39636529e-05
   1.15078835e-01 -1.29198276e-05 -5.55111512e-17]
 [ 0.00000000e+00 -4.95180617e-01  3.23818660e-05  3.54218295e-01
  -2.07026318e-06  4.73369192e-03  0.00000000e+00]
 [ 0.00000000e+00  1.84453038e-04  3.35624600e-01  5.28642900e-05
   8.97379966e-01 -1.03287096e-04 -3.75689815e-02]
 [ 0.00000000e+00  9.99999983e-01 -6.19069782e-05 -9.99999995e-01
   8.47495476e-05  9.99999995e-01 -2.18576468e-05]
 [ 1.00000000e+00  0.00000000e+00  9.41995819e-01 -8.45540207e-05
  -4.41258643e-01 -1.79899559e-05 -9.99294036e-01]]
23:16:09 - Time: 1753132569.473, tau: [ 2.48109000e-02  2.98680368e-01  1.26675193e-02 -5.34253611e-01
  9.22579310e-03 -5.48119463e-02  5.85750389e-06]
23:16:09 - Time: 1753132569.473, tau + g: [ 2.35730663e-02 -3.92510569e+01 -2.71735672e-01  2.01035684e+01
 -6.31316592e-01 -9.27272457e-03 -1.15209521e-06]
23:16:09 - Time: 1753132569.477, current_contact_force: 10.97676357001772
23:16:09 - Time: 1753132569.477, jac: [[-8.29799099e-06  9.32245999e-02 -1.40981967e-05  3.02395572e-01
  -7.83947889e-06 -1.25909254e-01  2.71050543e-20]
 [ 4.95192277e-01 -1.87102542e-05  4.35148021e-01 -1.73594496e-05
   1.15100629e-01 -8.77291593e-06  0.00000000e+00]
 [ 0.00000000e+00 -4.95192265e-01  3.61542306e-05  3.54179232e-01
   4.74886684e-06  4.78118278e-03  0.00000000e+00]
 [ 0.00000000e+00  2.00700822e-04  3.35745346e-01  4.52867940e-05
   8.97401037e-01 -6.81097832e-05 -3.79458978e-02]
 [ 0.00000000e+00  9.99999980e-01 -6.73843683e-05 -9.99999995e-01
   7.93256442e-05  9.99999997e-01  3.86441904e-05]
 [ 1.00000000e+00  0.00000000e+00  9.41952790e-01 -8.76787024e-05
  -4.41215790e-01  4.12583917e-05 -9.99279794e-01]]
23:16:09 - Time: 1753132569.477, tau: [ 2.47446595e-02  2.96912538e-01  1.26665529e-02 -5.31813384e-01
  9.13469405e-03 -5.47268390e-02  5.64147796e-06]
23:16:09 - Time: 1753132569.477, tau + g: [ 2.35255949e-02 -3.92596581e+01 -2.71734306e-01  2.01060539e+01
 -6.31360480e-01 -8.73346359e-03 -1.25575879e-06]
23:16:09 - Time: 1753132569.483, current_contact_force: 10.979962922769229
23:16:09 - Time: 1753132569.483, jac: [[-1.14308545e-05  9.32253449e-02 -1.75563740e-05  3.02376900e-01
  -3.80729796e-06 -1.25907461e-01  0.00000000e+00]
 [ 4.95203872e-01 -2.02150718e-05  4.35126394e-01 -2.07397936e-05
   1.15122159e-01 -4.64791259e-06  5.55111512e-17]
 [ 0.00000000e+00 -4.95203857e-01  3.99045754e-05  3.54140542e-01
   1.15386389e-05  4.82817023e-03  0.00000000e+00]
 [ 0.00000000e+00  2.16840939e-04  3.35865070e-01  3.77213824e-05
   8.97421782e-01 -3.30718080e-05 -3.83188148e-02]
 [ 0.00000000e+00  9.99999976e-01 -7.28292987e-05 -9.99999995e-01
   7.38979793e-05  9.99999994e-01  9.88886365e-05]
 [ 1.00000000e+00  2.22044605e-16  9.41910107e-01 -9.07714998e-05
  -4.41173593e-01  1.00229521e-04 -9.99265560e-01]]
23:16:09 - Time: 1753132569.483, tau: [ 2.46674210e-02  2.95438608e-01  1.26568136e-02 -5.29506879e-01
  9.04468782e-03 -5.46429827e-02  5.42629630e-06]
23:16:09 - Time: 1753132569.483, tau + g: [ 2.34667860e-02 -3.92679064e+01 -2.71741824e-01  2.01084033e+01
 -6.31403275e-01 -8.20023936e-03 -1.36216763e-06]
23:16:09 - Time: 1753132569.487, current_contact_force: 10.983138379924316
23:16:09 - Time: 1753132569.487, jac: [[-1.45450557e-05  9.32259809e-02 -2.09937701e-05  3.02358484e-01
   2.10984483e-07 -1.25905670e-01  0.00000000e+00]
 [ 4.95215410e-01 -2.17101281e-05  4.35105017e-01 -2.41049536e-05
   1.15143430e-01 -5.44056877e-07  0.00000000e+00]
 [ 0.00000000e+00 -4.95215394e-01  4.36338842e-05  3.54102226e-01
   1.83005039e-05  4.87465907e-03  0.00000000e+00]
 [ 0.00000000e+00  2.32876365e-04  3.35983771e-01  3.01686000e-05
   8.97442213e-01  1.83236230e-06 -3.86877706e-02]
 [ 0.00000000e+00  9.99999973e-01 -7.82426814e-05 -9.99999995e-01
   6.84675808e-05  9.99999987e-01  1.58888488e-04]
 [ 1.00000000e+00  3.33066907e-16  9.41867772e-01 -9.38335972e-05
  -4.41132031e-01  1.58936587e-04 -9.99251335e-01]]
23:16:09 - Time: 1753132569.487, tau: [ 2.45809431e-02  2.94247900e-01  1.26394464e-02 -5.27329779e-01
  8.95583518e-03 -5.45603400e-02  5.21201219e-06]
23:16:09 - Time: 1753132569.487, tau + g: [ 2.33984046e-02 -3.92758125e+01 -2.71757049e-01  2.01106209e+01
 -6.31444913e-01 -7.67296988e-03 -1.47107735e-06]
23:16:09 - Time: 1753132569.493, current_contact_force: 10.986269866918619
23:16:09 - Time: 1753132569.493, jac: [[-1.76421080e-05  9.32265166e-02 -2.44118965e-05  3.02340313e-01
   4.21593593e-06 -1.25903881e-01  2.71050543e-20]
 [ 4.95226893e-01 -2.31956870e-05  4.35083888e-01 -2.74551986e-05
   1.15164445e-01  3.53937429e-06  0.00000000e+00]
 [ 0.00000000e+00 -4.95226874e-01  4.73430816e-05  3.54064283e-01
   2.50358219e-05  4.92065406e-03  0.00000000e+00]
 [ 0.00000000e+00  2.48809965e-04  3.36101452e-01  2.26289119e-05
   8.97462342e-01  3.66079637e-05 -3.90528030e-02]
 [ 0.00000000e+00  9.99999969e-01 -8.36253928e-05 -9.99999995e-01
   6.30353749e-05  9.99999976e-01  2.18655738e-04]
 [ 1.00000000e+00  3.33066907e-16  9.41825784e-01 -9.68661128e-05
  -4.41091080e-01  2.17391932e-04 -9.99237124e-01]]
23:16:09 - Time: 1753132569.493, tau: [ 2.44868308e-02  2.93329427e-01  1.26155062e-02 -5.25277519e-01
  8.86818524e-03 -5.44788700e-02  4.99867696e-06]
23:16:09 - Time: 1753132569.493, tau + g: [ 2.33220623e-02 -3.92833876e+01 -2.71778892e-01  2.01127116e+01
 -6.31485340e-01 -7.15157034e-03 -1.58225101e-06]
23:16:09 - Time: 1753132569.497, current_contact_force: 10.98933970715851
23:16:09 - Time: 1753132569.497, jac: [[-2.07234032e-05  9.32269602e-02 -2.78121466e-05  3.02322381e-01
   8.20809079e-06 -1.25902094e-01  0.00000000e+00]
 [ 4.95238320e-01 -2.46720018e-05  4.35063004e-01 -3.07907957e-05
   1.15185209e-01  7.60306635e-06  0.00000000e+00]
 [ 0.00000000e+00 -4.95238297e-01  5.10330334e-05  3.54026713e-01
   3.17458633e-05  4.96615990e-03  0.00000000e+00]
 [ 0.00000000e+00  2.64644485e-04  3.36218111e-01  1.51027109e-05
   8.97482178e-01  7.12599349e-05 -3.94139492e-02]
 [ 0.00000000e+00  9.99999965e-01 -8.89782719e-05 -9.99999995e-01
   5.76021935e-05  9.99999959e-01  2.78201587e-04]
 [ 1.00000000e+00  1.11022302e-16  9.41784144e-01 -9.98700997e-05
  -4.41050720e-01  2.75607107e-04 -9.99222930e-01]]
23:16:09 - Time: 1753132569.497, tau: [ 2.43865434e-02  2.92671980e-01  1.25859623e-02 -5.23345339e-01
  8.78177642e-03 -5.43985292e-02  4.78634017e-06]
23:16:09 - Time: 1753132569.497, tau + g: [ 2.32392258e-02 -3.92906430e+01 -2.71806355e-01  2.01146803e+01
 -6.31524515e-01 -6.63595377e-03 -1.69545944e-06]
23:16:09 - Time: 1753132569.500, current_contact_force: 10.992332461840828
23:16:09 - Time: 1753132569.500, jac: [[-2.37902168e-05  9.32273197e-02 -3.11958008e-05  3.02304679e-01
   1.21879504e-05 -1.25900309e-01  0.00000000e+00]
 [ 4.95249691e-01 -2.61393150e-05  4.35042361e-01 -3.41120089e-05
   1.15205724e-01  1.16476674e-05 -5.55111512e-17]
 [ 0.00000000e+00 -4.95249664e-01  5.47045482e-05  3.53989514e-01
   3.84318114e-05  5.01118120e-03  0.00000000e+00]
 [ 0.00000000e+00  2.80382553e-04  3.36333750e-01  7.59032511e-06
   8.97501731e-01  1.05792918e-04 -3.97712461e-02]
 [ 0.00000000e+00  9.99999961e-01 -9.43021194e-05 -9.99999995e-01
   5.21687818e-05  9.99999939e-01  3.37536462e-04]
 [ 1.00000000e+00  3.33066907e-16  9.41742852e-01 -1.02846548e-04
  -4.41010929e-01  3.33592879e-04 -9.99208754e-01]]
23:16:09 - Time: 1753132569.500, tau: [ 2.42814023e-02  2.92264210e-01  1.25517028e-02 -5.21528331e-01
  8.69663742e-03 -5.43192721e-02  4.57504968e-06]
23:16:09 - Time: 1753132569.500, tau + g: [ 2.31512242e-02 -3.92975903e+01 -2.71838519e-01  2.01165320e+01
 -6.31562404e-01 -6.12603174e-03 -1.81048161e-06]
23:16:09 - Time: 1753132569.511, current_contact_force: 10.995234775401098
23:16:09 - Time: 1753132569.511, jac: [[-2.68437139e-05  9.32276025e-02 -3.45640314e-05  3.02287200e-01
   1.61559832e-05 -1.25898528e-01 -2.71050543e-20]
 [ 4.95261005e-01 -2.75978583e-05  4.35021957e-01 -3.74190969e-05
   1.15225994e-01  1.56737888e-05  0.00000000e+00]
 [ 0.00000000e+00 -4.95260975e-01  5.83583791e-05  3.53952687e-01
   4.50947638e-05  5.05572251e-03  0.00000000e+00]
 [ 0.00000000e+00  2.96026674e-04  3.36448371e-01  9.20257082e-08
   8.97521013e-01  1.40211260e-04 -4.01247297e-02]
 [ 0.00000000e+00  9.99999956e-01 -9.95976966e-05 -9.99999994e-01
   4.67358059e-05  9.99999914e-01  3.96670032e-04]
 [ 1.00000000e+00  1.11022302e-16  9.41701908e-01 -1.05796385e-04
  -4.40971688e-01  3.91359260e-04 -9.99194600e-01]]
23:16:09 - Time: 1753132569.511, tau: [ 2.41725988e-02  2.92094700e-01  1.25135380e-02 -5.19821480e-01
  8.61278811e-03 -5.42410513e-02  4.36485176e-06]
23:16:09 - Time: 1753132569.511, tau + g: [ 2.30592570e-02 -3.93042410e+01 -2.71874549e-01  2.01182719e+01
 -6.31598986e-01 -5.62171484e-03 -1.92710479e-06]
23:16:09 - Time: 1753132569.518, current_contact_force: 10.998035226708266
23:16:09 - Time: 1753132569.518, jac: [[-2.98849546e-05  9.32278158e-02 -3.79179086e-05  3.02269937e-01
   2.01126253e-05 -1.25896750e-01 -2.71050543e-20]
 [ 4.95272263e-01 -2.90478525e-05  4.35001789e-01 -4.07123122e-05
   1.15246024e-01  1.96820054e-05 -5.55111512e-17]
 [ 0.00000000e+00 -4.95272229e-01  6.19952246e-05  3.53916231e-01
   5.17357352e-05  5.09978831e-03 -2.71050543e-20]
 [ 0.00000000e+00  3.11579230e-04  3.36561974e-01 -7.39196696e-06
   8.97540031e-01  1.74519018e-04 -4.04744356e-02]
 [ 0.00000000e+00  9.99999951e-01 -1.04865726e-04 -9.99999994e-01
   4.13038592e-05  9.99999884e-01  4.55611236e-04]
 [ 1.00000000e+00  1.11022302e-16  9.41661312e-01 -1.08720480e-04
  -4.40932979e-01  4.48915524e-04 -9.99180470e-01]]
23:16:09 - Time: 1753132569.518, tau: [ 2.40612020e-02  2.92152028e-01  1.24722049e-02 -5.18219704e-01
  8.53024039e-03 -5.41638185e-02  4.15579112e-06]
23:16:09 - Time: 1753132569.518, tau + g: [ 2.29644013e-02 -3.93106068e+01 -2.71913681e-01  2.01199051e+01
 -6.31634245e-01 -5.12291325e-03 -2.04512477e-06]
23:16:09 - Time: 1753132569.525, current_contact_force: 11.000724185999072
23:16:09 - Time: 1753132569.525, jac: [[-3.29148999e-05  9.32279664e-02 -4.12584050e-05  3.02252882e-01
   2.40582807e-05 -1.25894976e-01 -8.13151629e-20]
 [ 4.95283464e-01 -3.04895068e-05  4.34981855e-01 -4.39919000e-05
   1.15265816e-01  2.36728569e-05 -5.55111512e-17]
 [ 0.00000000e+00 -4.95283427e-01  6.56157310e-05  3.53880144e-01
   5.83556602e-05  5.14338297e-03 -2.71050543e-20]
 [ 0.00000000e+00  3.27042478e-04  3.36674562e-01 -1.48614771e-05
   8.97558795e-01  2.08719965e-04 -4.08203986e-02]
 [ 0.00000000e+00  9.99999947e-01 -1.10106889e-04 -9.99999994e-01
   3.58734690e-05  9.99999850e-01  5.14368300e-04]
 [ 1.00000000e+00  2.22044605e-16  9.41621063e-01 -1.11619643e-04
  -4.40894782e-01  5.06270233e-04 -9.99166368e-01]]
23:16:09 - Time: 1753132569.525, tau: [ 2.39481658e-02  2.92424826e-01  1.24283707e-02 -5.16717893e-01
  8.44899897e-03 -5.40875247e-02  3.94791099e-06]
23:16:09 - Time: 1753132569.525, tau + g: [ 2.28676195e-02 -3.93166992e+01 -2.71955224e-01  2.01214371e+01
 -6.31668177e-01 -4.62953718e-03 -2.16434590e-06]
23:16:09 - Time: 1753132569.533, current_contact_force: 11.003293677640597
23:16:09 - Time: 1753132569.533, jac: [[-3.59344168e-05  9.32280607e-02 -4.45864010e-05  3.02236029e-01
   2.79933224e-05 -1.25893206e-01 -2.71050543e-20]
 [ 4.95294609e-01 -3.19230197e-05  4.34962153e-01 -4.72580969e-05
   1.15285373e-01  2.76468485e-05  0.00000000e+00]
 [ 0.00000000e+00 -4.95294567e-01  6.92204939e-05  3.53844427e-01
   6.49553955e-05  5.18651082e-03  2.71050543e-20]
 [ 0.00000000e+00  3.42418556e-04  3.36786138e-01 -2.23163677e-05
   8.97577313e-01  2.42817595e-04 -4.11626529e-02]
 [ 0.00000000e+00  9.99999941e-01 -1.15321830e-04 -9.99999993e-01
   3.04451028e-05  9.99999812e-01  5.72948762e-04]
 [ 1.00000000e+00  2.22044605e-16  9.41581162e-01 -1.14494629e-04
  -4.40857082e-01  5.63431262e-04 -9.99152295e-01]]
23:16:09 - Time: 1753132569.533, tau: [ 2.38343364e-02  2.92901836e-01  1.23826374e-02 -5.15310934e-01
  8.36906212e-03 -5.40121207e-02  3.74125315e-06]
23:16:09 - Time: 1753132569.533, tau + g: [ 2.27697662e-02 -3.93225296e+01 -2.71998555e-01  2.01228729e+01
 -6.31700780e-01 -4.14149732e-03 -2.28458122e-06]
23:16:09 - Time: 1753132569.540, current_contact_force: 11.005737248697399
23:16:09 - Time: 1753132569.540, jac: [[-3.89442837e-05  9.32281046e-02 -4.79026904e-05  3.02219373e-01
   3.19180927e-05 -1.25891440e-01  0.00000000e+00]
 [ 4.95305697e-01 -3.33485787e-05  4.34942679e-01 -5.05111306e-05
   1.15304699e-01  3.16044515e-05  5.55111512e-17]
 [ 0.00000000e+00 -4.95305651e-01  7.28100603e-05  3.53809077e-01
   7.15357234e-05  5.22917606e-03  2.71050543e-20]
 [ 0.00000000e+00  3.57709477e-04  3.36896702e-01 -2.97565354e-05
   8.97595593e-01  2.76815130e-04 -4.15012321e-02]
 [ 0.00000000e+00  9.99999936e-01 -1.20511151e-04 -9.99999993e-01
   2.50191734e-05  9.99999769e-01  6.31359506e-04]
 [ 1.00000000e+00  2.22044605e-16  9.41541607e-01 -1.17346138e-04
  -4.40819861e-01  6.20405824e-04 -9.99138253e-01]]
23:16:09 - Time: 1753132569.540, tau: [ 2.37204594e-02  2.93571951e-01  1.23355448e-02 -5.13993745e-01
  8.29042239e-03 -5.39375570e-02  3.53585792e-06]
23:16:09 - Time: 1753132569.540, tau + g: [ 2.26715953e-02 -3.93281095e+01 -2.72043113e-01  2.01242178e+01
 -6.31732062e-01 -3.65870512e-03 -2.40565240e-06]
23:16:09 - Time: 1753132569.547, current_contact_force: 11.008049843340233
23:16:09 - Time: 1753132569.547, jac: [[-4.19451963e-05  9.32281038e-02 -5.12079847e-05  3.02202906e-01
   3.58329047e-05 -1.25889679e-01 -5.42101086e-20]
 [ 4.95316729e-01 -3.47663600e-05  4.34923432e-01 -5.37512188e-05
   1.15323797e-01  3.55461051e-05  1.11022302e-16]
 [ 0.00000000e+00 -4.95316679e-01  7.63849307e-05  3.53774094e-01
   7.80973548e-05  5.27138283e-03  1.08420217e-19]
 [ 0.00000000e+00  3.72917138e-04  3.37006259e-01 -3.71819057e-05
   8.97613644e-01  3.10715530e-04 -4.18361690e-02]
 [ 0.00000000e+00  9.99999930e-01 -1.25675418e-04 -9.99999992e-01
   1.95960450e-05  9.99999722e-01  6.89606777e-04]
 [ 1.00000000e+00  2.22044605e-16  9.41502398e-01 -1.20174821e-04
  -4.40783105e-01  6.77200499e-04 -9.99124246e-01]]
23:16:09 - Time: 1753132569.547, tau: [ 2.36071866e-02  2.94424258e-01  1.22875752e-02 -5.12761298e-01
  8.21306723e-03 -5.38637850e-02  3.33176418e-06]
23:16:09 - Time: 1753132569.547, tau + g: [ 2.25737671e-02 -3.93334499e+01 -2.72088398e-01  2.01254770e+01
 -6.31762033e-01 -3.18107320e-03 -2.52738975e-06]
23:16:09 - Time: 1753132569.553, current_contact_force: 11.01022768304821
23:16:09 - Time: 1753132569.553, jac: [[-4.49377724e-05  9.32280637e-02 -5.45029189e-05  3.02186624e-01
   3.97380426e-05 -1.25887923e-01 -2.71050543e-20]
 [ 4.95327705e-01 -3.61765297e-05  4.34904408e-01 -5.69785691e-05
   1.15342670e-01  3.94722171e-05  0.00000000e+00]
 [ 0.00000000e+00 -4.95327650e-01  7.99455609e-05  3.53739477e-01
   8.46409320e-05  5.31313520e-03  5.42101086e-20]
 [ 0.00000000e+00  3.88043316e-04  3.37114810e-01 -4.45924286e-05
   8.97631472e-01  3.44521499e-04 -4.21674960e-02]
 [ 0.00000000e+00  9.99999925e-01 -1.30815159e-04 -9.99999991e-01
   1.41760376e-05  9.99999671e-01  7.47696222e-04]
 [ 1.00000000e+00  0.00000000e+00  9.41463535e-01 -1.22981279e-04
  -4.40746798e-01  7.33821266e-04 -9.99110276e-01]]
23:16:09 - Time: 1753132569.553, tau: [ 2.34950826e-02  2.95448071e-01  1.22391560e-02 -5.11608641e-01
  8.13697967e-03 -5.37907562e-02  3.12900940e-06]
23:16:09 - Time: 1753132569.553, tau + g: [ 2.24768542e-02 -3.93385618e+01 -2.72133964e-01  2.01266554e+01
 -6.31790712e-01 -2.70851558e-03 -2.64963215e-06]
23:16:09 - Time: 1753132569.560, current_contact_force: 11.01226815261508
23:16:09 - Time: 1753132569.560, jac: [[-4.79225568e-05  9.32279892e-02 -5.77880558e-05  3.02170521e-01
   4.36337633e-05 -1.25886171e-01 -5.42101086e-20]
 [ 4.95338624e-01 -3.75792430e-05  4.34885607e-01 -6.01933784e-05
   1.15361321e-01  4.33831654e-05  0.00000000e+00]
 [ 0.00000000e+00 -4.95338565e-01  8.34923641e-05  3.53705224e-01
   9.11670323e-05  5.35443713e-03 -5.42101086e-20]
 [ 0.00000000e+00  4.03089675e-04  3.37222360e-01 -5.19880744e-05
   8.97649084e-01  3.78235498e-04 -4.24952444e-02]
 [ 0.00000000e+00  9.99999919e-01 -1.35930863e-04 -9.99999991e-01
   8.75943194e-06  9.99999616e-01  8.05632907e-04]
 [ 1.00000000e+00  1.11022302e-16  9.41425016e-01 -1.25766065e-04
  -4.40710927e-01  7.90273523e-04 -9.99096344e-01]]
23:16:09 - Time: 1753132569.560, tau: [ 2.33846312e-02  2.96632966e-01  1.21906642e-02 -5.10530919e-01
  8.06213880e-03 -5.37184235e-02  2.92762961e-06]
23:16:09 - Time: 1753132569.560, tau + g: [ 2.23813486e-02 -3.93434559e+01 -2.72179418e-01  2.01277581e+01
 -6.31818118e-01 -2.24094792e-03 -2.77222696e-06]
23:16:09 - Time: 1753132569.564, current_contact_force: 11.014169691864746
23:16:09 - Time: 1753132569.564, jac: [[-5.09000267e-05  9.32278849e-02 -6.10638911e-05  3.02154592e-01
   4.75202971e-05 -1.25884425e-01 -5.42101086e-20]
 [ 4.95349487e-01 -3.89746450e-05  4.34867026e-01 -6.33958328e-05
   1.15379752e-01  4.72792990e-05  0.00000000e+00]
 [ 0.00000000e+00 -4.95349423e-01  8.70257136e-05  3.53671335e-01
   9.76761713e-05  5.39529250e-03  0.00000000e+00]
 [ 0.00000000e+00  4.18057770e-04  3.37328911e-01 -5.93688304e-05
   8.97666487e-01  4.11859753e-04 -4.28194451e-02]
 [ 0.00000000e+00  9.99999913e-01 -1.41022984e-04 -9.99999990e-01
   3.34647376e-06  9.99999557e-01  8.63421355e-04]
 [ 1.00000000e+00  2.22044605e-16  9.41386842e-01 -1.28529691e-04
  -4.40675478e-01  8.46562126e-04 -9.99082454e-01]]
23:16:09 - Time: 1753132569.564, tau: [ 2.32762418e-02  2.97968802e-01  1.21424293e-02 -5.09523388e-01
  7.98852040e-03 -5.36467406e-02  2.72765935e-06]
23:16:09 - Time: 1753132569.564, tau + g: [ 2.22876674e-02 -3.93481424e+01 -2.72224419e-01  2.01287898e+01
 -6.31844277e-01 -1.77828775e-03 -2.89502989e-06]
23:16:09 - Time: 1753132569.573, current_contact_force: 11.015931693066962
23:16:09 - Time: 1753132569.573, jac: [[-5.38705964e-05  9.32277550e-02 -6.43308578e-05  3.02138832e-01
   5.13978492e-05 -1.25882685e-01 -1.08420217e-19]
 [ 4.95360295e-01 -4.03628712e-05  4.34848662e-01 -6.65861073e-05
   1.15397966e-01  5.11609395e-05  0.00000000e+00]
 [ 0.00000000e+00 -4.95360225e-01  9.05459442e-05  3.53637807e-01
   1.04168806e-04  5.43570513e-03  0.00000000e+00]
 [ 0.00000000e+00  4.32949044e-04  3.37434467e-01 -6.67346972e-05
   8.97683687e-01  4.45396265e-04 -4.31401285e-02]
 [ 0.00000000e+00  9.99999906e-01 -1.46091944e-04 -9.99999989e-01
  -2.06262209e-06  9.99999493e-01  9.21065568e-04]
 [ 1.00000000e+00  2.22044605e-16  9.41349010e-01 -1.31272624e-04
  -4.40640440e-01  9.02691410e-04 -9.99068607e-01]]
23:16:09 - Time: 1753132569.573, tau: [ 2.31702549e-02  2.99445745e-01  1.20947369e-02 -5.08581433e-01
  7.91609733e-03 -5.35756625e-02  2.52913173e-06]
23:16:09 - Time: 1753132569.573, tau + g: [ 2.21961586e-02 -3.93526316e+01 -2.72268666e-01  2.01297553e+01
 -6.31869215e-01 -1.32045461e-03 -3.01790490e-06]
23:16:09 - Time: 1753132569.580, current_contact_force: 11.017554403947972
23:16:09 - Time: 1753132569.580, jac: [[-5.68346216e-05  9.32276037e-02 -6.75893309e-05  3.02123238e-01
   5.52666007e-05 -1.25880951e-01 -5.42101086e-20]
 [ 4.95371046e-01 -4.17440474e-05  4.34830515e-01 -6.97643658e-05
   1.15415967e-01  5.50283823e-05  5.55111512e-17]
 [ 0.00000000e+00 -4.95370971e-01  9.40533548e-05  3.53604640e-01
   1.10645337e-04  5.47567874e-03  0.00000000e+00]
 [ 0.00000000e+00  4.47764842e-04  3.37539031e-01 -7.40856862e-05
   8.97700690e-01  4.78846822e-04 -4.34573241e-02]
 [ 0.00000000e+00  9.99999900e-01 -1.51138126e-04 -9.99999988e-01
  -7.46766802e-06  9.99999426e-01  9.78569062e-04]
 [ 1.00000000e+00  2.22044605e-16  9.41311521e-01 -1.33995294e-04
  -4.40605801e-01  9.58665224e-04 -9.99054805e-01]]
23:16:09 - Time: 1753132569.580, tau: [ 2.30669480e-02  3.01054285e-01  1.20478318e-02 -5.07700579e-01
  7.84484010e-03 -5.35051459e-02  2.33207836e-06]
23:16:09 - Time: 1753132569.580, tau + g: [ 2.21071073e-02 -3.93569331e+01 -2.72311903e-01  2.01306591e+01
 -6.31892964e-01 -8.67370214e-04 -3.14072398e-06]
23:16:09 - Time: 1753132569.587, current_contact_force: 11.01903883620806
23:16:09 - Time: 1753132569.587, jac: [[-5.97924042e-05  9.32274344e-02 -7.08396313e-05  3.02107805e-01
   5.91267095e-05 -1.25879224e-01 -8.13151629e-20]
 [ 4.95381742e-01 -4.31182900e-05  4.34812581e-01 -7.29307613e-05
   1.15433756e-01  5.88818982e-05  5.55111512e-17]
 [ 0.00000000e+00 -4.95381661e-01  9.75482102e-05  3.53571832e-01
   1.17106115e-04  5.51521698e-03  0.00000000e+00]
 [ 0.00000000e+00  4.62506404e-04  3.37642609e-01 -8.14218163e-05
   8.97717500e-01  5.12213009e-04 -4.37710610e-02]
 [ 0.00000000e+00  9.99999893e-01 -1.56161885e-04 -9.99999987e-01
  -1.28685002e-05  9.99999354e-01  1.03593489e-03]
 [ 1.00000000e+00  1.11022302e-16  9.41274372e-01 -1.36698090e-04
  -4.40571549e-01  1.01448696e-03 -9.99041051e-01]]
23:16:09 - Time: 1753132569.587, tau: [ 2.29665411e-02  3.02785251e-01  1.20019212e-02 -5.06876501e-01
  7.77471717e-03 -5.34351488e-02  2.13652934e-06]
23:16:09 - Time: 1753132569.587, tau + g: [ 2.20207404e-02 -3.93610565e+01 -2.72353915e-01  2.01315057e+01
 -6.31915555e-01 -4.18958532e-04 -3.26336703e-06]
23:16:09 - Time: 1753132569.594, current_contact_force: 11.020386679478245
23:16:09 - Time: 1753132569.594, jac: [[-6.27441966e-05  9.32272507e-02 -7.40820306e-05  3.02092530e-01
   6.29783123e-05 -1.25877502e-01 -8.13151629e-20]
 [ 4.95392383e-01 -4.44857070e-05  4.34794859e-01 -7.60854358e-05
   1.15451336e-01  6.27217342e-05  0.00000000e+00]
 [ 0.00000000e+00 -4.95392296e-01  1.01030744e-04  3.53539381e-01
   1.23551440e-04  5.55432342e-03  0.00000000e+00]
 [ 0.00000000e+00  4.77174878e-04  3.37745203e-01 -8.87431122e-05
   8.97734124e-01  5.45496217e-04 -4.40813673e-02]
 [ 0.00000000e+00  9.99999886e-01 -1.61163544e-04 -9.99999986e-01
  -1.82649753e-05  9.99999279e-01  1.09316568e-03]
 [ 1.00000000e+00  0.00000000e+00  9.41237564e-01 -1.39381371e-04
  -4.40537675e-01  1.07015956e-03 -9.99027346e-01]]
23:16:09 - Time: 1753132569.594, tau: [ 2.28692016e-02  3.04629821e-01  1.19571775e-02 -5.06105030e-01
  7.70569543e-03 -5.33656309e-02  1.94251325e-06]
23:16:09 - Time: 1753132569.594, tau + g: [ 2.19372321e-02 -3.93650108e+01 -2.72394518e-01  2.01322992e+01
 -6.31937023e-01  2.48540957e-05 -3.38572163e-06]
23:16:09 - Time: 1753132569.599, current_contact_force: 11.021600220535152
23:16:09 - Time: 1753132569.599, jac: [[-6.56902053e-05  9.32270555e-02 -7.73167546e-05  3.02077408e-01
   6.68215251e-05 -1.25875788e-01 -8.13151629e-20]
 [ 4.95402968e-01 -4.58463977e-05  4.34777347e-01 -7.92285205e-05
   1.15468709e-01  6.65481155e-05  0.00000000e+00]
 [ 0.00000000e+00 -4.95402876e-01  1.04501159e-04  3.53507286e-01
   1.29981568e-04  5.59300156e-03  0.00000000e+00]
 [ 0.00000000e+00  4.91771320e-04  3.37846819e-01 -9.60496019e-05
   8.97750565e-01  5.78697659e-04 -4.43882712e-02]
 [ 0.00000000e+00  9.99999879e-01 -1.66143396e-04 -9.99999985e-01
  -2.36569678e-05  9.99999199e-01  1.15026364e-03]
 [ 1.00000000e+00  3.33066907e-16  9.41201094e-01 -1.42045459e-04
  -4.40504169e-01  1.12568560e-03 -9.99013693e-01]]
23:16:09 - Time: 1753132569.599, tau: [ 2.27750494e-02  3.06579530e-01  1.19137414e-02 -5.05382165e-01
  7.63774052e-03 -5.32965539e-02  1.75005712e-06]
23:16:09 - Time: 1753132569.599, tau + g: [ 2.18567089e-02 -3.93688048e+01 -2.72433566e-01  2.01330437e+01
 -6.31957405e-01  4.64138915e-04 -3.50768286e-06]
23:16:09 - Time: 1753132569.607, current_contact_force: 11.022682267749262
23:16:09 - Time: 1753132569.607, jac: [[-6.86305956e-05  9.32268517e-02 -8.05439873e-05  3.02062436e-01
   7.06564446e-05 -1.25874080e-01 -6.77626358e-20]
 [ 4.95413498e-01 -4.72004535e-05  4.34760044e-01 -8.23601363e-05
   1.15485878e-01  7.03612464e-05  0.00000000e+00]
 [ 0.00000000e+00 -4.95413400e-01  1.07959630e-04  3.53475545e-01
   1.36396709e-04  5.63125484e-03  0.00000000e+00]
 [ 0.00000000e+00  5.06296701e-04  3.37947460e-01 -1.03341315e-04
   8.97766829e-01  6.11818373e-04 -4.46917996e-02]
 [ 0.00000000e+00  9.99999872e-01 -1.71101706e-04 -9.99999984e-01
  -2.90443673e-05  9.99999115e-01  1.20723063e-03]
 [ 1.00000000e+00  1.11022302e-16  9.41164962e-01 -1.44690648e-04
  -4.40471021e-01  1.18106725e-03 -9.99000093e-01]]
23:16:09 - Time: 1753132569.607, tau: [ 2.26841616e-02  3.08626277e-01  1.18717244e-02 -5.04704073e-01
  7.57081713e-03 -5.32278811e-02  1.55918643e-06]
23:16:09 - Time: 1753132569.607, tau + g: [ 2.17792539e-02 -3.93724468e+01 -2.72470939e-01  2.01337431e+01
 -6.31976736e-01  8.98964719e-04 -3.62915307e-06]
23:16:09 - Time: 1753132569.612, current_contact_force: 11.023636080504428
23:16:09 - Time: 1753132569.612, jac: [[-7.15654946e-05  9.32266420e-02 -8.37638745e-05  3.02047611e-01
   7.44831495e-05 -1.25872380e-01 -8.13151629e-20]
 [ 4.95423974e-01 -4.85479582e-05  4.34742947e-01 -8.54803937e-05
   1.15502845e-01  7.41613117e-05  5.55111512e-17]
 [ 0.00000000e+00 -4.95423869e-01  1.11406309e-04  3.53444156e-01
   1.42797039e-04  5.66908662e-03  0.00000000e+00]
 [ 0.00000000e+00  5.20751907e-04  3.38047132e-01 -1.10618281e-04
   8.97782919e-01  6.44859242e-04 -4.49919795e-02]
 [ 0.00000000e+00  9.99999864e-01 -1.76038713e-04 -9.99999983e-01
  -3.44270757e-05  9.99999028e-01  1.26406813e-03]
 [ 1.00000000e+00  0.00000000e+00  9.41129165e-01 -1.47317204e-04
  -4.40438224e-01  1.23630634e-03 -9.98986548e-01]]
23:16:09 - Time: 1753132569.612, tau: [ 2.25965766e-02  3.10762324e-01  1.18312118e-02 -5.04067094e-01
  7.50488932e-03 -5.31595778e-02  1.36992507e-06]
23:16:09 - Time: 1753132569.612, tau + g: [ 2.17049113e-02 -3.93759450e+01 -2.72506547e-01  2.01344012e+01
 -6.31995055e-01  1.32939782e-03 -3.75004165e-06]
23:16:09 - Time: 1753132569.619, current_contact_force: 11.024465303590473
23:16:09 - Time: 1753132569.619, jac: [[-7.44949954e-05  9.32264285e-02 -8.69765273e-05  3.02032931e-01
   7.83017020e-05 -1.25870687e-01 -9.48676901e-20]
 [ 4.95434395e-01 -4.98889883e-05  4.34726056e-01 -8.85893931e-05
   1.15519612e-01  7.79484778e-05  5.55111512e-17]
 [ 0.00000000e+00 -4.95434284e-01  1.14841320e-04  3.53413118e-01
   1.49182692e-04  5.70650020e-03  1.08420217e-19]
 [ 0.00000000e+00  5.35137749e-04  3.38145839e-01 -1.17880527e-04
   8.97798840e-01  6.77820996e-04 -4.52888371e-02]
 [ 0.00000000e+00  9.99999857e-01 -1.80954629e-04 -9.99999982e-01
  -3.98050057e-05  9.99998936e-01  1.32077732e-03]
 [ 1.00000000e+00  0.00000000e+00  9.41093703e-01 -1.49925364e-04
  -4.40405770e-01  1.29140438e-03 -9.98973061e-01]]
23:16:09 - Time: 1753132569.619, tau: [ 2.25122983e-02  3.12980302e-01  1.17922643e-02 -5.03467745e-01
  7.43992079e-03 -5.30916111e-02  1.18229536e-06]
23:16:09 - Time: 1753132569.619, tau + g: [ 2.16336909e-02 -3.93793069e+01 -2.72540325e-01  2.01350214e+01
 -6.32012400e-01  1.75550207e-03 -3.87026482e-06]
23:16:09 - Time: 1753132569.626, current_contact_force: 11.025173906256274
23:16:09 - Time: 1753132569.626, jac: [[-7.74191598e-05  9.32262134e-02 -9.01820255e-05  3.02018392e-01
   8.21121482e-05 -1.25869002e-01 -6.77626358e-20]
 [ 4.95444762e-01 -5.12236135e-05  4.34709368e-01 -9.16872257e-05
   1.15536182e-01  8.17228945e-05  0.00000000e+00]
 [ 0.00000000e+00 -4.95444645e-01  1.18264768e-04  3.53382429e-01
   1.55553772e-04  5.74349884e-03  1.08420217e-19]
 [ 0.00000000e+00  5.49454964e-04  3.38243587e-01 -1.25128079e-04
   8.97814594e-01  7.10704229e-04 -4.55823980e-02]
 [ 0.00000000e+00  9.99999849e-01 -1.85849646e-04 -9.99999981e-01
  -4.51780780e-05  9.99998841e-01  1.37735907e-03]
 [ 1.00000000e+00  0.00000000e+00  9.41058575e-01 -1.52515344e-04
  -4.40373651e-01  1.34636258e-03 -9.98959633e-01]]
23:16:09 - Time: 1753132569.626, tau: [ 2.24313004e-02  3.15273204e-01  1.17549215e-02 -5.02902719e-01
  7.37587509e-03 -5.30239500e-02  9.96318028e-07]
23:16:09 - Time: 1753132569.626, tau + g: [ 2.15655714e-02 -3.93825400e+01 -2.72572230e-01  2.01356071e+01
 -6.32028809e-01  2.17733884e-03 -3.98974536e-06]
23:16:09 - Time: 1753132569.631, current_contact_force: 11.025766125915705
23:16:09 - Time: 1753132569.631, jac: [[-8.03380219e-05  9.32259986e-02 -9.33804206e-05  3.02003992e-01
   8.59145201e-05 -1.25867324e-01 -6.77626358e-20]
 [ 4.95455075e-01 -5.25518973e-05  4.34692882e-01 -9.47739732e-05
   1.15552556e-01  8.54846956e-05  0.00000000e+00]
 [ 0.00000000e+00 -4.95454951e-01  1.21676736e-04  3.53352087e-01
   1.61910350e-04  5.78008569e-03  1.08420217e-19]
 [ 0.00000000e+00  5.63704221e-04  3.38340379e-01 -1.32360959e-04
   8.97830186e-01  7.43509405e-04 -4.58726876e-02]
 [ 0.00000000e+00  9.99999841e-01 -1.90723930e-04 -9.99999979e-01
  -5.05462204e-05  9.99998742e-01  1.43381397e-03]
 [ 1.00000000e+00  1.11022302e-16  9.41023778e-01 -1.55087334e-04
  -4.40341860e-01  1.40118187e-03 -9.98946265e-01]]
23:16:09 - Time: 1753132569.631, tau: [ 2.23535296e-02  3.17634384e-01  1.17192031e-02 -5.02368884e-01
  7.31271586e-03 -5.29565656e-02  8.12012182e-07]
23:16:09 - Time: 1753132569.631, tau + g: [ 2.15005044e-02 -3.93856510e+01 -2.72602239e-01  2.01361615e+01
 -6.32044321e-01  2.59496708e-03 -4.10841240e-06]
23:16:09 - Time: 1753132569.638, current_contact_force: 11.026246416205494
23:16:09 - Time: 1753132569.638, jac: [[-8.32515910e-05  9.32257858e-02 -9.65717386e-05  3.01989729e-01
   8.97088360e-05 -1.25865655e-01 -8.13151629e-20]
 [ 4.95465335e-01 -5.38738971e-05  4.34676597e-01 -9.78497089e-05
   1.15568736e-01  8.92340004e-05  0.00000000e+00]
 [ 0.00000000e+00 -4.95465204e-01  1.25077290e-04  3.53322091e-01
   1.68252469e-04  5.81626391e-03  0.00000000e+00]
 [ 0.00000000e+00  5.77886125e-04  3.38436222e-01 -1.39579183e-04
   8.97845619e-01  7.76236869e-04 -4.61597308e-02]
 [ 0.00000000e+00  9.99999833e-01 -1.95577629e-04 -9.99999978e-01
  -5.59093653e-05  9.99998639e-01  1.49014239e-03]
 [ 1.00000000e+00  2.22044605e-16  9.40989312e-01 -1.57641508e-04
  -4.40310392e-01  1.45586294e-03 -9.98932960e-01]]
23:16:09 - Time: 1753132569.638, tau: [ 2.22789089e-02  3.20057554e-01  1.16851115e-02 -5.01863286e-01
  7.25040701e-03 -5.28894307e-02  6.29395354e-07]
23:16:09 - Time: 1753132569.638, tau + g: [ 2.14384178e-02 -3.93886467e+01 -2.72630348e-01  2.01366875e+01
 -6.32058974e-01  3.00844334e-03 -4.22620114e-06]
23:16:09 - Time: 1753132569.645, current_contact_force: 11.026619399328595
23:16:09 - Time: 1753132569.645, jac: [[-8.61598545e-05  9.32255764e-02 -9.97559832e-05  3.01975601e-01
   9.34951021e-05 -1.25863994e-01 -4.06575815e-20]
 [ 4.95475541e-01 -5.51896646e-05  4.34660510e-01 -1.00914497e-04
   1.15584725e-01  9.29709147e-05  0.00000000e+00]
 [ 0.00000000e+00 -4.95475403e-01  1.28466477e-04  3.53292437e-01
   1.74580148e-04  5.85203656e-03  0.00000000e+00]
 [ 0.00000000e+00  5.92001220e-04  3.38531121e-01 -1.46782763e-04
   8.97860895e-01  8.08886859e-04 -4.64435519e-02]
 [ 0.00000000e+00  9.99999825e-01 -2.00410872e-04 -9.99999976e-01
  -6.12674491e-05  9.99998532e-01  1.54634445e-03]
 [ 1.00000000e+00  2.22044605e-16  9.40955174e-01 -1.60178017e-04
  -4.40279240e-01  1.51040626e-03 -9.98919719e-01]]
23:16:09 - Time: 1753132569.645, tau: [ 2.22073412e-02  3.22536775e-01  1.16526337e-02 -5.01383141e-01
  7.18891290e-03 -5.28225201e-02  4.48483474e-07]
23:16:09 - Time: 1753132569.645, tau + g: [ 2.13792189e-02 -3.93915333e+01 -2.72656570e-01  2.01371881e+01
 -6.32072807e-01  3.41782185e-03 -4.34305262e-06]
23:16:09 - Time: 1753132569.650, current_contact_force: 11.026889822421309
23:16:09 - Time: 1753132569.650, jac: [[-8.90627802e-05  9.32253718e-02 -1.02933138e-04  3.01961605e-01
   9.72733134e-05 -1.25862342e-01 -1.35525272e-20]
 [ 4.95485695e-01 -5.64992466e-05  4.34644621e-01 -1.03968395e-04
   1.15600524e-01  9.66955320e-05  0.00000000e+00]
 [ 0.00000000e+00 -4.95485550e-01  1.31844332e-04  3.53263125e-01
   1.80893380e-04  5.88740667e-03  0.00000000e+00]
 [ 0.00000000e+00  6.06049996e-04  3.38625081e-01 -1.53971705e-04
   8.97876018e-01  8.41459510e-04 -4.67241751e-02]
 [ 0.00000000e+00  9.99999816e-01 -2.05223766e-04 -9.99999975e-01
  -6.66204104e-05  9.99998422e-01  1.60242005e-03]
 [ 1.00000000e+00  2.22044605e-16  9.40921364e-01 -1.62696997e-04
  -4.40248398e-01  1.56481207e-03 -9.98906544e-01]]
23:16:09 - Time: 1753132569.650, tau: [ 2.21387123e-02  3.25066450e-01  1.16217430e-02 -5.00925838e-01
  7.12819848e-03 -5.27558104e-02  2.69290889e-07]
23:16:09 - Time: 1753132569.650, tau + g: [ 2.13227973e-02 -3.93943167e+01 -2.72680929e-01  2.01376657e+01
 -6.32085855e-01  3.82315453e-03 -4.45891345e-06]
23:16:09 - Time: 1753132569.656, current_contact_force: 11.027062517833373
23:16:09 - Time: 1753132569.656, jac: [[-9.19603191e-05  9.32251730e-02 -1.06103169e-04  3.01947740e-01
   1.01043455e-04 -1.25860698e-01 -1.21972744e-19]
 [ 4.95495796e-01 -5.78026848e-05  4.34628928e-01 -1.07011452e-04
   1.15616135e-01  1.00407935e-04  0.00000000e+00]
 [ 0.00000000e+00 -4.95495644e-01  1.35210872e-04  3.53234153e-01
   1.87192140e-04  5.92237723e-03  0.00000000e+00]
 [ 0.00000000e+00  6.20032893e-04  3.38718107e-01 -1.61146008e-04
   8.97890989e-01  8.73954868e-04 -4.70016241e-02]
 [ 0.00000000e+00  9.99999808e-01 -2.10016408e-04 -9.99999973e-01
  -7.19681889e-05  9.99998307e-01  1.65836894e-03]
 [ 1.00000000e+00  1.11022302e-16  9.40887878e-01 -1.65198570e-04
  -4.40217863e-01  1.61908045e-03 -9.98893436e-01]]
23:16:09 - Time: 1753132569.656, tau: [ 2.20728929e-02  3.27641318e-01  1.15924006e-02 -5.00488932e-01
  7.06822939e-03 -5.26892799e-02  9.18303737e-08]
23:16:09 - Time: 1753132569.656, tau + g: [ 2.12690279e-02 -3.93970025e+01 -2.72703465e-01  2.01381230e+01
 -6.32098158e-01  4.22449112e-03 -4.57373559e-06]
23:16:09 - Time: 1753132569.661, current_contact_force: 11.027142367074996
23:16:09 - Time: 1753132569.661, jac: [[-9.48524076e-05  9.32249812e-02 -1.09266028e-04  3.01934004e-01
   1.04805501e-04 -1.25859064e-01 -6.77626358e-20]
 [ 4.95505845e-01 -5.91000167e-05  4.34613430e-01 -1.10043711e-04
   1.15631560e-01  1.04108195e-04  0.00000000e+00]
 [ 0.00000000e+00 -4.95505685e-01  1.38566107e-04  3.53205517e-01
   1.93476381e-04  5.95695117e-03  0.00000000e+00]
 [ 0.00000000e+00  6.33950300e-04  3.38810206e-01 -1.68305665e-04
   8.97905812e-01  9.06372898e-04 -4.72759221e-02]
 [ 0.00000000e+00  9.99999799e-01 -2.14788875e-04 -9.99999972e-01
  -7.73107249e-05  9.99998189e-01  1.71419067e-03]
 [ 1.00000000e+00  0.00000000e+00  9.40854717e-01 -1.67682841e-04
  -4.40187628e-01  1.67321129e-03 -9.98880398e-01]]
23:16:09 - Time: 1753132569.661, tau: [ 2.20097421e-02  3.30256441e-01  1.15645577e-02 -5.00070143e-01
  7.00897213e-03 -5.26229089e-02 -8.38868512e-08]
23:16:09 - Time: 1753132569.661, tau + g: [ 2.12177730e-02 -3.93995960e+01 -2.72724228e-01  2.01385621e+01
 -6.32109749e-01  4.62187920e-03 -4.68747607e-06]
23:16:09 - Time: 1753132569.666, current_contact_force: 11.027134268298946
23:16:09 - Time: 1753132569.666, jac: [[-9.77389695e-05  9.32247970e-02 -1.12421652e-04  3.01920395e-01
   1.08559421e-04 -1.25857438e-01 -1.21972744e-19]
 [ 4.95515842e-01 -6.03912755e-05  4.34598125e-01 -1.13065207e-04
   1.15646800e-01  1.07796375e-04  0.00000000e+00]
 [ 0.00000000e+00 -4.95515674e-01  1.41910030e-04  3.53177217e-01
   1.99746042e-04  5.99113140e-03 -1.08420217e-19]
 [ 0.00000000e+00  6.47802568e-04  3.38901382e-01 -1.75450663e-04
   8.97920487e-01  9.38713488e-04 -4.75470924e-02]
 [ 0.00000000e+00  9.99999790e-01 -2.19541232e-04 -9.99999970e-01
  -8.26479579e-05  9.99998068e-01  1.76988468e-03]
 [ 1.00000000e+00  1.11022302e-16  9.40821877e-01 -1.70149905e-04
  -4.40157690e-01  1.72720435e-03 -9.98867429e-01]]
23:16:09 - Time: 1753132569.666, tau: [ 2.19491088e-02  3.32907197e-01  1.15381565e-02 -4.99667348e-01
  6.95039413e-03 -5.25566791e-02 -2.57851100e-07]
23:16:09 - Time: 1753132569.666, tau + g: [ 2.11688851e-02 -3.94021021e+01 -2.72743277e-01  2.01389853e+01
 -6.32120665e-01  5.01536430e-03 -4.80009673e-06]
23:16:09 - Time: 1753132569.671, current_contact_force: 11.027043107104845
23:16:09 - Time: 1753132569.671, jac: [[-1.00619918e-04  9.32246212e-02 -1.15569968e-04  3.01906913e-01
   1.12305173e-04 -1.25855822e-01  1.35525272e-20]
 [ 4.95525787e-01 -6.16764910e-05  4.34583013e-01 -1.16075970e-04
   1.15661858e-01  1.11472529e-04  1.11022302e-16]
 [ 0.00000000e+00 -4.95525612e-01  1.45242629e-04  3.53149251e-01
   2.06001046e-04  6.02492079e-03  2.16840434e-19]
 [ 0.00000000e+00  6.61590004e-04  3.38991642e-01 -1.82580980e-04
   8.97935018e-01  9.70976463e-04 -4.78151576e-02]
 [ 0.00000000e+00  9.99999781e-01 -2.24273531e-04 -9.99999968e-01
  -8.79798263e-05  9.99997943e-01  1.82545025e-03]
 [ 1.00000000e+00  1.11022302e-16  9.40789358e-01 -1.72599845e-04
  -4.40128044e-01  1.78105925e-03 -9.98854533e-01]]
23:16:09 - Time: 1753132569.671, tau: [ 2.18908346e-02  3.35589267e-01  1.15131316e-02 -4.99278578e-01
  6.89246380e-03 -5.24905741e-02 -4.30054198e-07]
23:16:09 - Time: 1753132569.671, tau + g: [ 2.11222088e-02 -3.94045254e+01 -2.72760679e-01  2.01393945e+01
 -6.32130940e-01  5.40498998e-03 -4.91156400e-06]
23:16:09 - Time: 1753132569.676, current_contact_force: 11.026873730479972
23:16:09 - Time: 1753132569.676, jac: [[-1.03495158e-04  9.32244545e-02 -1.18710893e-04  3.01893555e-01
   1.16042711e-04 -1.25854215e-01 -7.45388994e-20]
 [ 4.95535682e-01 -6.29556893e-05  4.34568091e-01 -1.19076024e-04
   1.15676735e-01  1.15136705e-04  5.55111512e-17]
 [ 0.00000000e+00 -4.95535499e-01  1.48563882e-04  3.53121615e-01
   2.12241304e-04  6.05832216e-03  0.00000000e+00]
 [ 0.00000000e+00  6.75312881e-04  3.39080992e-01 -1.89696590e-04
   8.97949407e-01  1.00316159e-03 -4.80801402e-02]
 [ 0.00000000e+00  9.99999772e-01 -2.28985814e-04 -9.99999967e-01
  -9.33062666e-05  9.99997814e-01  1.88088656e-03]
 [ 1.00000000e+00  1.11022302e-16  9.40757157e-01 -1.75032735e-04
  -4.40098687e-01  1.83477550e-03 -9.98841710e-01]]
23:16:09 - Time: 1753132569.676, tau: [ 2.18347552e-02  3.38298625e-01  1.14894115e-02 -4.98902014e-01
  6.83515064e-03 -5.24245789e-02 -6.00489447e-07]
23:16:09 - Time: 1753132569.676, tau + g: [ 2.10775828e-02 -3.94068704e+01 -2.72776508e-01  2.01397916e+01
 -6.32140606e-01  5.79079792e-03 -5.02184865e-06]
23:16:09 - Time: 1753132569.681, current_contact_force: 11.026630923713416
23:16:09 - Time: 1753132569.681, jac: [[-1.06364587e-04  9.32242972e-02 -1.21844338e-04  3.01880321e-01
   1.19771982e-04 -1.25852618e-01  6.77626358e-21]
 [ 4.95545525e-01 -6.42288936e-05  4.34553359e-01 -1.22065389e-04
   1.15691433e-01  1.18788942e-04  0.00000000e+00]
 [ 0.00000000e+00 -4.95545334e-01  1.51873759e-04  3.53094309e-01
   2.18466715e-04  6.09133830e-03 -1.08420217e-19]
 [ 0.00000000e+00  6.88971441e-04  3.39169436e-01 -1.96797457e-04
   8.97963654e-01  1.03526857e-03 -4.83420624e-02]
 [ 0.00000000e+00  9.99999763e-01 -2.33678111e-04 -9.99999965e-01
  -9.86272130e-05  9.99997681e-01  1.93619269e-03]
 [ 1.00000000e+00  0.00000000e+00  9.40725273e-01 -1.77448639e-04
  -4.40069615e-01  1.88835252e-03 -9.98828962e-01]]
23:16:09 - Time: 1753132569.681, tau: [ 2.17807024e-02  3.41031528e-01  1.14669198e-02 -4.98535979e-01
  6.77842527e-03 -5.23586802e-02 -7.69151601e-07]
23:16:09 - Time: 1753132569.681, tau + g: [ 2.10348415e-02 -3.94091411e+01 -2.72790842e-01  2.01401782e+01
 -6.32149696e-01  6.17282801e-03 -5.13092553e-06]
23:16:09 - Time: 1753132569.687, current_contact_force: 11.026319390102419
23:16:09 - Time: 1753132569.687, jac: [[-1.09228098e-04  9.32241497e-02 -1.24970207e-04  3.01867209e-01
   1.23492930e-04 -1.25851031e-01 -4.74338450e-20]
 [ 4.95555318e-01 -6.54961243e-05  4.34538816e-01 -1.25044078e-04
   1.15705953e-01  1.22429274e-04  0.00000000e+00]
 [ 0.00000000e+00 -4.95555119e-01  1.55172225e-04  3.53067330e-01
   2.24677171e-04  6.12397200e-03 -1.08420217e-19]
 [ 0.00000000e+00  7.02565895e-04  3.39256982e-01 -2.03883542e-04
   8.97977762e-01  1.06729708e-03 -4.86009463e-02]
 [ 0.00000000e+00  9.99999753e-01 -2.38350444e-04 -9.99999963e-01
  -1.03942597e-04  9.99997545e-01  1.99136764e-03]
 [ 1.00000000e+00  3.33066907e-16  9.40693703e-01 -1.79847616e-04
  -4.40040825e-01  1.94178962e-03 -9.98816291e-01]]
23:16:09 - Time: 1753132569.687, tau: [ 2.17285057e-02  3.43784499e-01  1.14455758e-02 -4.98178935e-01
  6.72225947e-03 -5.22928658e-02 -9.36036824e-07]
23:16:09 - Time: 1753132569.687, tau + g: [ 2.09938169e-02 -3.94113413e+01 -2.72803765e-01  2.01405560e+01
 -6.32158240e-01  6.55111842e-03 -5.23877335e-06]
23:16:09 - Time: 1753132569.693, current_contact_force: 11.025943733213595
23:16:09 - Time: 1753132569.693, jac: [[-1.12085577e-04  9.32240123e-02 -1.28088397e-04  3.01854219e-01
   1.27205492e-04 -1.25849454e-01 -1.55854062e-19]
 [ 4.95565061e-01 -6.67573994e-05  4.34524460e-01 -1.28012102e-04
   1.15720298e-01  1.26057730e-04  0.00000000e+00]
 [ 0.00000000e+00 -4.95564854e-01  1.58459238e-04  3.53040676e-01
   2.30872553e-04  6.15622599e-03  0.00000000e+00]
 [ 0.00000000e+00  7.16096429e-04  3.39343635e-01 -2.10954795e-04
   8.97991732e-01  1.09924676e-03 -4.88568137e-02]
 [ 0.00000000e+00  9.99999744e-01 -2.43002827e-04 -9.99999961e-01
  -1.09252347e-04  9.99997406e-01  2.04641034e-03]
 [ 1.00000000e+00  2.22044605e-16  9.40662447e-01 -1.82229717e-04
  -4.40012314e-01  1.99508607e-03 -9.98803696e-01]]
23:16:09 - Time: 1753132569.693, tau: [ 2.16779937e-02  3.46554321e-01  1.14252961e-02 -4.97829474e-01
  6.66662621e-03 -5.22271252e-02 -1.10114266e-06]
23:16:09 - Time: 1753132569.693, tau + g: [ 2.09543399e-02 -3.94134745e+01 -2.72815365e-01  2.01409262e+01
 -6.32166268e-01  6.92570572e-03 -5.34537445e-06]
23:16:09 - Time: 1753132569.697, current_contact_force: 11.02550844166927
23:16:09 - Time: 1753132569.697, jac: [[-1.14936910e-04  9.32238852e-02 -1.31198806e-04  3.01841348e-01
   1.30909604e-04 -1.25847887e-01 -1.21972744e-19]
 [ 4.95574754e-01 -6.80127347e-05  4.34510289e-01 -1.30969467e-04
   1.15734468e-01  1.29674336e-04 -5.55111512e-17]
 [ 0.00000000e+00 -4.95574539e-01  1.61734754e-04  3.53014344e-01
   2.37052737e-04  6.18810299e-03 -1.08420217e-19]
 [ 0.00000000e+00  7.29563207e-04  3.39429401e-01 -2.18011163e-04
   8.98005566e-01  1.13111719e-03 -4.91096861e-02]
 [ 0.00000000e+00  9.99999734e-01 -2.47635268e-04 -9.99999959e-01
  -1.14556387e-04  9.99997263e-01  2.10131967e-03]
 [ 1.00000000e+00  1.11022302e-16  9.40631501e-01 -1.84594987e-04
  -4.39984079e-01  2.04824106e-03 -9.98791181e-01]]
23:16:09 - Time: 1753132569.697, tau: [ 2.16289954e-02  3.49338022e-01  1.14059951e-02 -4.97486314e-01
  6.61149969e-03 -5.21614492e-02 -1.26446797e-06]
23:16:09 - Time: 1753132569.697, tau + g: [ 2.09162416e-02 -3.94155441e+01 -2.72825729e-01  2.01412903e+01
 -6.32173808e-01  7.29662497e-03 -5.45071454e-06]
23:16:09 - Time: 1753132569.703, current_contact_force: 11.025017876083314
23:16:09 - Time: 1753132569.703, jac: [[-1.17781982e-04  9.32237684e-02 -1.34301327e-04  3.01828598e-01
   1.34605196e-04 -1.25846330e-01 -1.35525272e-19]
 [ 4.95584398e-01 -6.92621441e-05  4.34496304e-01 -1.33916175e-04
   1.15748464e-01  1.33279111e-04 -1.11022302e-16]
 [ 0.00000000e+00 -4.95584174e-01  1.64998723e-04  3.52988333e-01
   2.43217595e-04  6.21960569e-03 -1.08420217e-19]
 [ 0.00000000e+00  7.42966371e-04  3.39514286e-01 -2.25052586e-04
   8.98019265e-01  1.16290794e-03 -4.93595850e-02]
 [ 0.00000000e+00  9.99999724e-01 -2.52247767e-04 -9.99999957e-01
  -1.19854641e-04  9.99997116e-01  2.15609444e-03]
 [ 1.00000000e+00  1.11022302e-16  9.40600864e-01 -1.86943468e-04
  -4.39956117e-01  2.10125374e-03 -9.98778746e-01]]
23:16:09 - Time: 1753132569.703, tau: [ 2.15813412e-02  3.52132862e-01  1.13875857e-02 -4.97148294e-01
  6.55685532e-03 -5.20958295e-02 -1.42601292e-06]
23:16:09 - Time: 1753132569.703, tau + g: [ 2.08793544e-02 -3.94175532e+01 -2.72834950e-01  2.01416493e+01
 -6.32180887e-01  7.66390979e-03 -5.55478253e-06]
23:16:09 - Time: 1753132569.708, current_contact_force: 11.024476258207955
23:16:09 - Time: 1753132569.708, jac: [[-1.20620673e-04  9.32236621e-02 -1.37395853e-04  3.01815966e-01
   1.38292200e-04 -1.25844784e-01 -1.01643954e-19]
 [ 4.95593993e-01 -7.05056397e-05  4.34482502e-01 -1.36852227e-04
   1.15762290e-01  1.36872072e-04 -5.55111512e-17]
 [ 0.00000000e+00 -4.95593760e-01  1.68251095e-04  3.52962640e-01
   2.49366994e-04  6.25073678e-03 -1.08420217e-19]
 [ 0.00000000e+00  7.56306049e-04  3.39598296e-01 -2.32078999e-04
   8.98032830e-01  1.19461856e-03 -4.96065315e-02]
 [ 0.00000000e+00  9.99999714e-01 -2.56840319e-04 -9.99999955e-01
  -1.25147025e-04  9.99996966e-01  2.21073347e-03]
 [ 1.00000000e+00  4.44089210e-16  9.40570535e-01 -1.89275199e-04
  -4.39928427e-01  2.15412323e-03 -9.98766391e-01]]
23:16:09 - Time: 1753132569.708, tau: [ 2.15348642e-02  3.54936323e-01  1.13699804e-02 -4.96814364e-01
  6.50266974e-03 -5.20302593e-02 -1.58577892e-06]
23:16:09 - Time: 1753132569.708, tau + g: [ 2.08435131e-02 -3.94195046e+01 -2.72843117e-01  2.01420044e+01
 -6.32187532e-01  8.02759248e-03 -5.65757027e-06]
23:16:09 - Time: 1753132569.714, current_contact_force: 11.023887661915735
23:16:09 - Time: 1753132569.714, jac: [[-1.23452869e-04  9.32235661e-02 -1.40482276e-04  3.01803451e-01
   1.41970542e-04 -1.25843248e-01 -1.69406589e-19]
 [ 4.95603540e-01 -7.17432324e-05  4.34468882e-01 -1.39777619e-04
   1.15775945e-01  1.40453235e-04  0.00000000e+00]
 [ 0.00000000e+00 -4.95603298e-01  1.71491815e-04  3.52937264e-01
   2.55500798e-04  6.28149889e-03  0.00000000e+00]
 [ 0.00000000e+00  7.69582351e-04  3.39681438e-01 -2.39090329e-04
   8.98046262e-01  1.22624858e-03 -4.98505469e-02]
 [ 0.00000000e+00  9.99999704e-01 -2.61412917e-04 -9.99999953e-01
  -1.30433454e-04  9.99996813e-01  2.26523552e-03]
 [ 1.00000000e+00  2.22044605e-16  9.40540511e-01 -1.91590214e-04
  -4.39901004e-01  2.20684861e-03 -9.98754120e-01]]
23:16:09 - Time: 1753132569.714, tau: [ 2.14894007e-02  3.57746095e-01  1.13530919e-02 -4.96483583e-01
  6.44892081e-03 -5.19647327e-02 -1.74376857e-06]
23:16:09 - Time: 1753132569.714, tau + g: [ 2.08085559e-02 -3.94214010e+01 -2.72850324e-01  2.01423565e+01
 -6.32193766e-01  8.38770409e-03 -5.75907238e-06]
23:16:09 - Time: 1753132569.720, current_contact_force: 11.023256006062216
23:16:09 - Time: 1753132569.720, jac: [[-1.26278452e-04  9.32234804e-02 -1.43560489e-04  3.01791054e-01
   1.45640149e-04 -1.25841723e-01 -1.15196481e-19]
 [ 4.95613038e-01 -7.29749318e-05  4.34455444e-01 -1.42692345e-04
   1.15789433e-01  1.44022612e-04 -1.11022302e-16]
 [ 0.00000000e+00 -4.95612787e-01  1.74720829e-04  3.52912201e-01
   2.61618872e-04  6.31189468e-03 -1.08420217e-19]
 [ 0.00000000e+00  7.82795377e-04  3.39763716e-01 -2.46086500e-04
   8.98059563e-01  1.25779753e-03 -5.00916521e-02]
 [ 0.00000000e+00  9.99999694e-01 -2.65965548e-04 -9.99999951e-01
  -1.35713840e-04  9.99996656e-01  2.31959935e-03]
 [ 1.00000000e+00  4.44089210e-16  9.40510790e-01 -1.93888547e-04
  -4.39873849e-01  2.25942896e-03 -9.98741932e-01]]
23:16:09 - Time: 1753132569.720, tau: [ 2.14447913e-02  3.60560068e-01  1.13368332e-02 -4.96155111e-01
  6.39558761e-03 -5.18992449e-02 -1.89998562e-06]
23:16:09 - Time: 1753132569.720, tau + g: [ 2.07743250e-02 -3.94232448e+01 -2.72856660e-01  2.01427064e+01
 -6.32199614e-01  8.74427450e-03 -5.85928601e-06]
23:16:09 - Time: 1753132569.727, current_contact_force: 11.022585048908367
23:16:09 - Time: 1753132569.727, jac: [[-1.29097310e-04  9.32234049e-02 -1.46630386e-04  3.01778773e-01
   1.49300947e-04 -1.25840209e-01 -1.21972744e-19]
 [ 4.95622488e-01 -7.42007465e-05  4.34442186e-01 -1.45596399e-04
   1.15802753e-01  1.47580213e-04  0.00000000e+00]
 [ 0.00000000e+00 -4.95622228e-01  1.77938083e-04  3.52887450e-01
   2.67721076e-04  6.34192677e-03  0.00000000e+00]
 [ 0.00000000e+00  7.95945214e-04  3.39845139e-01 -2.53067432e-04
   8.98072733e-01  1.28926490e-03 -5.03298680e-02]
 [ 0.00000000e+00  9.99999683e-01 -2.70498197e-04 -9.99999949e-01
  -1.40988089e-04  9.99996497e-01  2.37382372e-03]
 [ 1.00000000e+00  1.11022302e-16  9.40481371e-01 -1.96170230e-04
  -4.39846957e-01  2.31186333e-03 -9.98729828e-01]]
23:16:09 - Time: 1753132569.727, tau: [ 2.14008815e-02  3.63376313e-01  1.13211187e-02 -4.95828203e-01
  6.34265041e-03 -5.18337918e-02 -2.05443490e-06]
23:16:09 - Time: 1753132569.727, tau + g: [ 2.07406672e-02 -3.94250383e+01 -2.72862216e-01  2.01430548e+01
 -6.32205096e-01  9.09733253e-03 -5.95821068e-06]
23:16:09 - Time: 1753132569.729, current_contact_force: 11.021878384098516
23:16:09 - Time: 1753132569.729, jac: [[-1.31909331e-04  9.32233393e-02 -1.49691865e-04  3.01766608e-01
   1.52952861e-04 -1.25838706e-01 -8.80914265e-20]
 [ 4.95631891e-01 -7.54206842e-05  4.34429107e-01 -1.48489771e-04
   1.15815907e-01  1.51126047e-04  0.00000000e+00]
 [ 0.00000000e+00 -4.95631622e-01  1.81143520e-04  3.52863009e-01
   2.73807274e-04  6.37159776e-03  1.08420217e-19]
 [ 0.00000000e+00  8.09031945e-04  3.39925710e-01 -2.60033039e-04
   8.98085774e-01  1.32065019e-03 -5.05652152e-02]
 [ 0.00000000e+00  9.99999673e-01 -2.75010849e-04 -9.99999947e-01
  -1.46256105e-04  9.99996333e-01  2.42790737e-03]
 [ 1.00000000e+00  1.11022302e-16  9.40452251e-01 -1.98435293e-04
  -4.39820328e-01  2.36415080e-03 -9.98717810e-01]]
23:16:09 - Time: 1753132569.729, tau: [ 2.13575222e-02  3.66193080e-01  1.13058643e-02 -4.95502203e-01
  6.29009066e-03 -5.17683706e-02 -2.20712231e-06]
23:16:09 - Time: 1753132569.729, tau + g: [ 2.07074347e-02 -3.94267836e+01 -2.72867081e-01  2.01434025e+01
 -6.32210235e-01  9.44690600e-03 -6.05584806e-06]
23:16:09 - Time: 1753132569.740, current_contact_force: 11.02113943794654
23:16:09 - Time: 1753132569.740, jac: [[-1.34714405e-04  9.32232835e-02 -1.52744824e-04  3.01754559e-01
   1.56595817e-04 -1.25837214e-01 -7.45388994e-20]
 [ 4.95641246e-01 -7.66347521e-05  4.34416206e-01 -1.51372451e-04
   1.15828898e-01  1.54660124e-04  0.00000000e+00]
 [ 0.00000000e+00 -4.95640968e-01  1.84337085e-04  3.52838875e-01
   2.79877329e-04  6.40091025e-03  0.00000000e+00]
 [ 0.00000000e+00  8.22055643e-04  3.40005438e-01 -2.66983232e-04
   8.98098686e-01  1.35195292e-03 -5.07977143e-02]
 [ 0.00000000e+00  9.99999662e-01 -2.79503483e-04 -9.99999944e-01
  -1.51517790e-04  9.99996167e-01  2.48184908e-03]
 [ 1.00000000e+00  1.11022302e-16  9.40423428e-01 -2.00683768e-04
  -4.39793960e-01  2.41629042e-03 -9.98705879e-01]]
23:16:09 - Time: 1753132569.740, tau: [ 2.13145699e-02  3.69008781e-01  1.12909880e-02 -4.95176539e-01
  6.23789095e-03 -5.17029789e-02 -2.35805473e-06]
23:16:09 - Time: 1753132569.740, tau + g: [ 2.06744854e-02 -3.94284827e+01 -2.72871341e-01  2.01437500e+01
 -6.32215049e-01  9.79302183e-03 -6.15220184e-06]
23:16:09 - Time: 1753132569.747, current_contact_force: 11.020371468010095
23:16:09 - Time: 1753132569.747, jac: [[-1.37512430e-04  9.32232372e-02 -1.55789167e-04  3.01742623e-01
   1.60229740e-04 -1.25835733e-01 -2.03287907e-20]
 [ 4.95650555e-01 -7.78429570e-05  4.34403482e-01 -1.54244427e-04
   1.15841725e-01  1.58182450e-04  5.55111512e-17]
 [ 0.00000000e+00 -4.95650267e-01  1.87518725e-04  3.52815047e-01
   2.85931107e-04  6.42986682e-03  0.00000000e+00]
 [ 0.00000000e+00  8.35016378e-04  3.40084328e-01 -2.73917918e-04
   8.98111470e-01  1.38317259e-03 -5.10273861e-02]
 [ 0.00000000e+00  9.99999651e-01 -2.83976082e-04 -9.99999942e-01
  -1.56773039e-04  9.99995997e-01  2.53564762e-03]
 [ 1.00000000e+00  0.00000000e+00  9.40394901e-01 -2.02915684e-04
  -4.39767850e-01  2.46828128e-03 -9.98694035e-01]]
23:16:09 - Time: 1753132569.747, tau: [ 2.12718876e-02  3.71821978e-01  1.12764100e-02 -4.94850718e-01
  6.18603500e-03 -5.16376153e-02 -2.50723998e-06]
23:16:09 - Time: 1753132569.747, tau + g: [ 2.06416835e-02 -3.94301372e+01 -2.72875079e-01  2.01440978e+01
 -6.32219557e-01  1.01357061e-02 -6.24727751e-06]
23:16:09 - Time: 1753132569.754, current_contact_force: 11.019577562709992
23:16:09 - Time: 1753132569.754, jac: [[-1.40303304e-04  9.32232001e-02 -1.58824799e-04  3.01730802e-01
   1.63854557e-04 -1.25834264e-01 -2.16840434e-19]
 [ 4.95659817e-01 -7.90453052e-05  4.34390933e-01 -1.57105687e-04
   1.15854392e-01  1.61693033e-04  0.00000000e+00]
 [ 0.00000000e+00 -4.95659520e-01  1.90688387e-04  3.52791521e-01
   2.91968474e-04  6.45847006e-03  2.16840434e-19]
 [ 0.00000000e+00  8.47914217e-04  3.40162385e-01 -2.80837002e-04
   8.98124128e-01  1.41430869e-03 -5.12542509e-02]
 [ 0.00000000e+00  9.99999641e-01 -2.88428626e-04 -9.99999940e-01
  -1.62021749e-04  9.99995824e-01  2.58930180e-03]
 [ 1.00000000e+00  2.22044605e-16  9.40366667e-01 -2.05131074e-04
  -4.39741998e-01  2.52012247e-03 -9.98682280e-01]]
23:16:09 - Time: 1753132569.754, tau: [ 2.12293448e-02  3.74631380e-01  1.12620532e-02 -4.94524318e-01
  6.13450761e-03 -5.15722788e-02 -2.65468676e-06]
23:16:09 - Time: 1753132569.754, tau + g: [ 2.06088996e-02 -3.94317488e+01 -2.72878379e-01  2.01444463e+01
 -6.32223777e-01  1.04749841e-02 -6.34108221e-06]
23:16:09 - Time: 1753132569.762, current_contact_force: 11.018760642015438
23:16:09 - Time: 1753132569.762, jac: [[-1.43086930e-04  9.32231720e-02 -1.61851631e-04  3.01719094e-01
   1.67470196e-04 -1.25832806e-01  1.35525272e-20]
 [ 4.95669034e-01 -8.02418030e-05  4.34378559e-01 -1.59956218e-04
   1.15866898e-01  1.65191881e-04  0.00000000e+00]
 [ 0.00000000e+00 -4.95668727e-01  1.93846019e-04  3.52768296e-01
   2.97989303e-04  6.48672253e-03  0.00000000e+00]
 [ 0.00000000e+00  8.60749227e-04  3.40239617e-01 -2.87740384e-04
   8.98136659e-01  1.44536076e-03 -5.14783290e-02]
 [ 0.00000000e+00  9.99999630e-01 -2.92861096e-04 -9.99999937e-01
  -1.67263809e-04  9.99995648e-01  2.64281043e-03]
 [ 1.00000000e+00  3.33066907e-16  9.40338725e-01 -2.07329970e-04
  -4.39716401e-01  2.57181310e-03 -9.98670615e-01]]
23:16:09 - Time: 1753132569.762, tau: [ 2.11868177e-02  3.77435824e-01  1.12478433e-02 -4.94196984e-01
  6.08329462e-03 -5.15069693e-02 -2.80040463e-06]
23:16:09 - Time: 1753132569.762, tau + g: [ 2.05760109e-02 -3.94333192e+01 -2.72881319e-01  2.01447959e+01
 -6.32227725e-01  1.08108804e-02 -6.43362459e-06]
23:16:09 - Time: 1753132569.769, current_contact_force: 11.017923458923617
23:16:09 - Time: 1753132569.769, jac: [[-1.45863216e-04  9.32231525e-02 -1.64869578e-04  3.01707499e-01
   1.71076585e-04 -1.25831360e-01 -8.47032947e-20]
 [ 4.95678204e-01 -8.14324565e-05  4.34366358e-01 -1.62796007e-04
   1.15879246e-01  1.68679001e-04  5.55111512e-17]
 [ 0.00000000e+00 -4.95677887e-01  1.96991572e-04  3.52745369e-01
   3.03993466e-04  6.51462677e-03  0.00000000e+00]
 [ 0.00000000e+00  8.73521472e-04  3.40316030e-01 -2.94627963e-04
   8.98149066e-01  1.47632830e-03 -5.16996409e-02]
 [ 0.00000000e+00  9.99999618e-01 -2.97273473e-04 -9.99999935e-01
  -1.72499110e-04  9.99995469e-01  2.69617237e-03]
 [ 1.00000000e+00  1.11022302e-16  9.40311072e-01 -2.09512405e-04
  -4.39691058e-01  2.62335232e-03 -9.98659040e-01]]
23:16:09 - Time: 1753132569.769, tau: [ 2.11441895e-02  3.80234273e-01  1.12337091e-02 -4.93868425e-01
  6.03238291e-03 -5.14416871e-02 -2.94440389e-06]
23:16:09 - Time: 1753132569.769, tau + g: [ 2.05429016e-02 -3.94348495e+01 -2.72883974e-01  2.01451468e+01
 -6.32231416e-01  1.11434191e-02 -6.52491465e-06]
23:16:09 - Time: 1753132569.776, current_contact_force: 11.017068601829264
23:16:09 - Time: 1753132569.776, jac: [[-1.48632076e-04  9.32231412e-02 -1.67878558e-04  3.01696017e-01
   1.74673656e-04 -1.25829926e-01 -2.13452303e-19]
 [ 4.95687329e-01 -8.26172720e-05  4.34354329e-01 -1.65625042e-04
   1.15891436e-01  1.72154403e-04  5.55111512e-17]
 [ 0.00000000e+00 -4.95687003e-01  2.00124999e-04  3.52722738e-01
   3.09980841e-04  6.54218536e-03  0.00000000e+00]
 [ 0.00000000e+00  8.86231020e-04  3.40391629e-01 -3.01499638e-04
   8.98161347e-01  1.50721087e-03 -5.19182068e-02]
 [ 0.00000000e+00  9.99999607e-01 -3.01665739e-04 -9.99999932e-01
  -1.77727538e-04  9.99995287e-01  2.74938652e-03]
 [ 1.00000000e+00  4.44089210e-16  9.40283706e-01 -2.11678416e-04
  -4.39665967e-01  2.67473931e-03 -9.98647556e-01]]
23:16:09 - Time: 1753132569.776, tau: [ 2.11013503e-02  3.83025802e-01  1.12195826e-02 -4.93538405e-01
  5.98176030e-03 -5.13764331e-02 -3.08669561e-06]
23:16:09 - Time: 1753132569.776, tau + g: [ 2.05094626e-02 -3.94363411e+01 -2.72886417e-01  2.01454993e+01
 -6.32234864e-01  1.14726236e-02 -6.61496359e-06]
23:16:09 - Time: 1753132569.783, current_contact_force: 11.0161984974616
23:16:09 - Time: 1753132569.783, jac: [[-1.51393427e-04  9.32231378e-02 -1.70878495e-04  3.01684646e-01
   1.78261339e-04 -1.25828503e-01 -2.74438675e-19]
 [ 4.95696409e-01 -8.37962559e-05  4.34342472e-01 -1.68443308e-04
   1.15903471e-01  1.75618094e-04  0.00000000e+00]
 [ 0.00000000e+00 -4.95696073e-01  2.03246255e-04  3.52700401e-01
   3.15951311e-04  6.56940082e-03  0.00000000e+00]
 [ 0.00000000e+00  8.98877940e-04  3.40466420e-01 -3.08355304e-04
   8.98173505e-01  1.53800801e-03 -5.21340469e-02]
 [ 0.00000000e+00  9.99999596e-01 -3.06037878e-04 -9.99999930e-01
  -1.82948977e-04  9.99995102e-01  2.80245180e-03]
 [ 1.00000000e+00  3.33066907e-16  9.40256626e-01 -2.13828039e-04
  -4.39641127e-01  2.72597327e-03 -9.98636164e-01]]
23:16:09 - Time: 1753132569.783, tau: [ 2.10581973e-02  3.85809590e-01  1.12053990e-02 -4.93206743e-01
  5.93141558e-03 -5.13112084e-02 -3.22729153e-06]
23:16:09 - Time: 1753132569.783, tau + g: [ 2.04755923e-02 -3.94377952e+01 -2.72888717e-01  2.01458536e+01
 -6.32238083e-01  1.17985169e-02 -6.70378372e-06]
23:16:09 - Time: 1753132569.790, current_contact_force: 11.015315414512218
23:16:09 - Time: 1753132569.790, jac: [[-1.54147192e-04  9.32231421e-02 -1.73869319e-04  3.01673387e-01
   1.81839570e-04 -1.25827092e-01 -1.49077799e-19]
 [ 4.95705444e-01 -8.49694151e-05  4.34330785e-01 -1.71250793e-04
   1.15915351e-01  1.79070085e-04  0.00000000e+00]
 [ 0.00000000e+00 -4.95705098e-01  2.06355300e-04  3.52678356e-01
   3.21904761e-04  6.59627569e-03  0.00000000e+00]
 [ 0.00000000e+00  9.11462304e-04  3.40540411e-01 -3.15194854e-04
   8.98185541e-01  1.56871927e-03 -5.23471813e-02]
 [ 0.00000000e+00  9.99999585e-01 -3.10389877e-04 -9.99999927e-01
  -1.88163310e-04  9.99994914e-01  2.85536717e-03]
 [ 1.00000000e+00  2.22044605e-16  9.40229829e-01 -2.15961313e-04
  -4.39616537e-01  2.77705344e-03 -9.98624864e-01]]
23:16:09 - Time: 1753132569.790, tau: [ 2.10146349e-02  3.88584913e-01  1.11910972e-02 -4.92873302e-01
  5.88133840e-03 -5.12460148e-02 -3.36620399e-06]
23:16:09 - Time: 1753132569.790, tau + g: [ 2.04411957e-02 -3.94392128e+01 -2.72890940e-01  2.01462098e+01
 -6.32241084e-01  1.21211213e-02 -6.79138825e-06]
23:16:09 - Time: 1753132569.793, current_contact_force: 11.014421467707736
23:16:09 - Time: 1753132569.793, jac: [[-1.56893299e-04  9.32231535e-02 -1.76850963e-04  3.01662239e-01
   1.85408284e-04 -1.25825693e-01 -2.71050543e-20]
 [ 4.95714435e-01 -8.61367565e-05  4.34319266e-01 -1.74047485e-04
   1.15927077e-01  1.82510388e-04  0.00000000e+00]
 [ 0.00000000e+00 -4.95714078e-01  2.09452093e-04  3.52656600e-01
   3.27841083e-04  6.62281251e-03 -2.16840434e-19]
 [ 0.00000000e+00  9.23984188e-04  3.40613607e-01 -3.22018184e-04
   8.98197453e-01  1.59934426e-03 -5.25576303e-02]
 [ 0.00000000e+00  9.99999573e-01 -3.14721721e-04 -9.99999924e-01
  -1.93370418e-04  9.99994722e-01  2.90813166e-03]
 [ 1.00000000e+00  3.33066907e-16  9.40203314e-01 -2.18078281e-04
  -4.39592194e-01  2.82797911e-03 -9.98613658e-01]]
23:16:09 - Time: 1753132569.793, tau: [ 2.09705743e-02  3.91351136e-01  1.11766194e-02 -4.92537993e-01
  5.83151928e-03 -5.11808544e-02 -3.50344596e-06]
23:16:09 - Time: 1753132569.793, tau + g: [ 2.04061850e-02 -3.94405949e+01 -2.72893148e-01  2.01465680e+01
 -6.32243879e-01  1.24404589e-02 -6.87779128e-06]
23:16:09 - Time: 1753132569.803, current_contact_force: 11.013518622359033
23:16:09 - Time: 1753132569.803, jac: [[-1.59631681e-04  9.32231718e-02 -1.79823366e-04  3.01651201e-01
   1.88967420e-04 -1.25824306e-01 -1.35525272e-19]
 [ 4.95723382e-01 -8.72982878e-05  4.34307916e-01 -1.76833372e-04
   1.15938652e-01  1.85939013e-04  5.55111512e-17]
 [ 0.00000000e+00 -4.95723015e-01  2.12536598e-04  3.52635132e-01
   3.33760174e-04  6.64901380e-03 -2.16840434e-19]
 [ 0.00000000e+00  9.36443674e-04  3.40686014e-01 -3.28825186e-04
   8.98209245e-01  1.62988255e-03 -5.27654138e-02]
 [ 0.00000000e+00  9.99999562e-01 -3.19033403e-04 -9.99999922e-01
  -1.98570180e-04  9.99994528e-01  2.96074430e-03]
 [ 1.00000000e+00  1.11022302e-16  9.40177078e-01 -2.20178986e-04
  -4.39568098e-01  2.87874960e-03 -9.98602546e-01]]
23:16:09 - Time: 1753132569.803, tau: [ 2.09259339e-02  3.94107704e-01  1.11619112e-02 -4.92200763e-01
  5.78194954e-03 -5.11157293e-02 -3.63903089e-06]
23:16:09 - Time: 1753132569.803, tau + g: [ 2.03704793e-02 -3.94419425e+01 -2.72895400e-01  2.01469282e+01
 -6.32246479e-01  1.27565516e-02 -6.96300760e-06]
23:16:09 - Time: 1753132569.810, current_contact_force: 11.012608699231379
23:16:09 - Time: 1753132569.810, jac: [[-1.62362278e-04  9.32231965e-02 -1.82786473e-04  3.01640273e-01
   1.92516920e-04 -1.25822932e-01 -2.10064171e-19]
 [ 4.95732285e-01 -8.84540168e-05  4.34296732e-01 -1.79608444e-04
   1.15950076e-01  1.89355976e-04  0.00000000e+00]
 [ 0.00000000e+00 -4.95731908e-01  2.15608784e-04  3.52613948e-01
   3.39661934e-04  6.67488208e-03 -2.16840434e-19]
 [ 0.00000000e+00  9.48840850e-04  3.40757638e-01 -3.35615754e-04
   8.98220915e-01  1.66033378e-03 -5.29705519e-02]
 [ 0.00000000e+00  9.99999550e-01 -3.23324913e-04 -9.99999919e-01
  -2.03762475e-04  9.99994331e-01  3.01320421e-03]
 [ 1.00000000e+00  4.44089210e-16  9.40151119e-01 -2.22263475e-04
  -4.39544248e-01  2.92936426e-03 -9.98591529e-01]]
23:16:09 - Time: 1753132569.810, tau: [ 2.08806388e-02  3.96854136e-01  1.11469219e-02 -4.91861597e-01
  5.73262127e-03 -5.10506423e-02 -3.77297274e-06]
23:16:09 - Time: 1753132569.810, tau + g: [ 2.03340044e-02 -3.94432562e+01 -2.72897750e-01  2.01472905e+01
 -6.32248893e-01  1.30694207e-02 -7.04705262e-06]
23:16:09 - Time: 1753132569.817, current_contact_force: 11.011693379738512
23:16:09 - Time: 1753132569.817, jac: [[-1.65085032e-04  9.32232274e-02 -1.85740232e-04  3.01629455e-01
   1.96056725e-04 -1.25821569e-01 -1.28749008e-19]
 [ 4.95741144e-01 -8.96039522e-05  4.34285713e-01 -1.82372690e-04
   1.15961351e-01  1.92761291e-04  0.00000000e+00]
 [ 0.00000000e+00 -4.95740757e-01  2.18668620e-04  3.52593047e-01
   3.45546272e-04  6.70041987e-03  0.00000000e+00]
 [ 0.00000000e+00  9.61175807e-04  3.40828486e-01 -3.42389781e-04
   8.98232466e-01  1.69069758e-03 -5.31730647e-02]
 [ 0.00000000e+00  9.99999538e-01 -3.27596247e-04 -9.99999916e-01
  -2.08947180e-04  9.99994131e-01  3.06551054e-03]
 [ 1.00000000e+00  2.22044605e-16  9.40125436e-01 -2.24331797e-04
  -4.39520641e-01  2.97982252e-03 -9.98580607e-01]]
23:16:09 - Time: 1753132569.817, tau: [ 2.08346207e-02  3.99590017e-01  1.11316042e-02 -4.91520510e-01
  5.68352728e-03 -5.09855961e-02 -3.90528590e-06]
23:16:09 - Time: 1753132569.817, tau + g: [ 2.02966929e-02 -3.94445369e+01 -2.72900251e-01  2.01476549e+01
 -6.32251130e-01  1.33790875e-02 -7.12994230e-06]
23:16:09 - Time: 1753132569.824, current_contact_force: 11.010774211349833
23:16:09 - Time: 1753132569.824, jac: [[-1.67799893e-04  9.32232640e-02 -1.88684597e-04  3.01618746e-01
   1.99586784e-04 -1.25820219e-01 -2.10064171e-19]
 [ 4.95749961e-01 -9.07481032e-05  4.34274859e-01 -1.85126103e-04
   1.15972477e-01  1.96154975e-04 -5.55111512e-17]
 [ 0.00000000e+00 -4.95749563e-01  2.21716080e-04  3.52572427e-01
   3.51413098e-04  6.72562969e-03  2.16840434e-19]
 [ 0.00000000e+00  9.73448647e-04  3.40898564e-01 -3.49147161e-04
   8.98243897e-01  1.72097360e-03 -5.33729720e-02]
 [ 0.00000000e+00  9.99999526e-01 -3.31847403e-04 -9.99999913e-01
  -2.14124172e-04  9.99993928e-01  3.11766247e-03]
 [ 1.00000000e+00  1.11022302e-16  9.40100026e-01 -2.26384004e-04
  -4.39497276e-01  3.03012381e-03 -9.98569780e-01]]
23:16:09 - Time: 1753132569.824, tau: [ 2.07878178e-02  4.02314993e-01  1.11159143e-02 -4.91177547e-01
  5.63466107e-03 -5.09205936e-02 -4.03598518e-06]
23:16:09 - Time: 1753132569.824, tau + g: [ 2.02584838e-02 -3.94457853e+01 -2.72902949e-01  2.01480212e+01
 -6.32253197e-01  1.36855727e-02 -7.21169300e-06]
23:16:09 - Time: 1753132569.832, current_contact_force: 11.009852613186961
23:16:09 - Time: 1753132569.832, jac: [[-1.70506815e-04  9.32233061e-02 -1.91619528e-04  3.01608146e-01
   2.03107042e-04 -1.25818881e-01 -2.16840434e-19]
 [ 4.95758735e-01 -9.18864796e-05  4.34264169e-01 -1.87868673e-04
   1.15983457e-01  1.99537045e-04 -5.55111512e-17]
 [ 0.00000000e+00 -4.95758326e-01  2.24751140e-04  3.52552084e-01
   3.57262332e-04  6.75051403e-03  0.00000000e+00]
 [ 0.00000000e+00  9.85659475e-04  3.40967877e-01 -3.55887789e-04
   8.98255209e-01  1.75116152e-03 -5.35702939e-02]
 [ 0.00000000e+00  9.99999514e-01 -3.36078381e-04 -9.99999911e-01
  -2.19293328e-04  9.99993723e-01  3.16965926e-03]
 [ 1.00000000e+00  2.22044605e-16  9.40074888e-01 -2.28420151e-04
  -4.39474153e-01  3.08026764e-03 -9.98559050e-01]]
23:16:09 - Time: 1753132569.832, tau: [ 2.07401749e-02  4.05028766e-01  1.10998119e-02 -4.90832778e-01
  5.58601676e-03 -5.08556382e-02 -4.16508569e-06]
23:16:09 - Time: 1753132569.832, tau + g: [ 2.02193225e-02 -3.94470020e+01 -2.72905890e-01  2.01483894e+01
 -6.32255104e-01  1.39888973e-02 -7.29232147e-06]
23:16:09 - Time: 1753132569.839, current_contact_force: 11.008929881729408
23:16:09 - Time: 1753132569.839, jac: [[-1.73205757e-04  9.32233531e-02 -1.94544990e-04  3.01597653e-01
   2.06617453e-04 -1.25817555e-01 -2.03287907e-19]
 [ 4.95767466e-01 -9.30190918e-05  4.34253640e-01 -1.90600396e-04
   1.15994291e-01  2.02907522e-04  0.00000000e+00]
 [ 0.00000000e+00 -4.95767047e-01  2.27773781e-04  3.52532018e-01
   3.63093896e-04  6.77507542e-03 -2.16840434e-19]
 [ 0.00000000e+00  9.97808407e-04  3.41036431e-01 -3.62611561e-04
   8.98266404e-01  1.78126105e-03 -5.37650502e-02]
 [ 0.00000000e+00  9.99999502e-01 -3.40289188e-04 -9.99999908e-01
  -2.24454523e-04  9.99993514e-01  3.22150020e-03]
 [ 1.00000000e+00  2.22044605e-16  9.40050018e-01 -2.30440295e-04
  -4.39451269e-01  3.13025354e-03 -9.98548417e-01]]
23:16:09 - Time: 1753132569.839, tau: [ 2.06916425e-02  4.07731084e-01  1.10832598e-02 -4.90486293e-01
  5.53758908e-03 -5.07907330e-02 -4.29260291e-06]
23:16:09 - Time: 1753132569.839, tau + g: [ 2.01791603e-02 -3.94481875e+01 -2.72909114e-01  2.01487595e+01
 -6.32256856e-01  1.42890818e-02 -7.37184471e-06]
23:16:09 - Time: 1753132569.845, current_contact_force: 11.00800719662026
23:16:09 - Time: 1753132569.845, jac: [[-1.75896682e-04  9.32234049e-02 -1.97460951e-04  3.01587268e-01
   2.10117970e-04 -1.25816242e-01 -3.65918233e-19]
 [ 4.95776155e-01 -9.41459512e-05  4.34243273e-01 -1.93321265e-04
   1.16004982e-01  2.06266427e-04  0.00000000e+00]
 [ 0.00000000e+00 -4.95775725e-01  2.30783988e-04  3.52512225e-01
   3.68907720e-04  6.79931634e-03 -2.16840434e-19]
 [ 0.00000000e+00  1.00989557e-03  3.41104233e-01 -3.69318374e-04
   8.98277481e-01  1.81127190e-03 -5.39572608e-02]
 [ 0.00000000e+00  9.99999490e-01 -3.44479828e-04 -9.99999905e-01
  -2.29607635e-04  9.99993303e-01  3.27318463e-03]
 [ 1.00000000e+00  3.33066907e-16  9.40025416e-01 -2.32444497e-04
  -4.39428623e-01  3.18008110e-03 -9.98537881e-01]]
23:16:09 - Time: 1753132569.845, tau: [ 2.06421773e-02  4.10421742e-01  1.10662243e-02 -4.90138205e-01
  5.48937334e-03 -5.07258813e-02 -4.41855253e-06]
23:16:09 - Time: 1753132569.845, tau + g: [ 2.01379547e-02 -3.94493425e+01 -2.72912658e-01  2.01491313e+01
 -6.32258459e-01  1.45861468e-02 -7.45027992e-06]
23:16:09 - Time: 1753132569.853, current_contact_force: 11.007085626490449
23:16:09 - Time: 1753132569.853, jac: [[-1.78579559e-04  9.32234611e-02 -2.00367385e-04  3.01576990e-01
   2.13608550e-04 -1.25814941e-01 -1.08420217e-19]
 [ 4.95784803e-01 -9.52670697e-05  4.34233065e-01 -1.96031277e-04
   1.16015529e-01  2.09613783e-04  0.00000000e+00]
 [ 0.00000000e+00 -4.95784361e-01  2.33781746e-04  3.52492704e-01
   3.74703738e-04  6.82323930e-03  0.00000000e+00]
 [ 0.00000000e+00  1.02192108e-03  3.41171289e-01 -3.76008126e-04
   8.98288441e-01  1.84119381e-03 -5.41469456e-02]
 [ 0.00000000e+00  9.99999478e-01 -3.48650314e-04 -9.99999902e-01
  -2.34752539e-04  9.99993089e-01  3.32471196e-03]
 [ 1.00000000e+00  2.22044605e-16  9.40001080e-01 -2.34432819e-04
  -4.39406215e-01  3.22974995e-03 -9.98527443e-01]]
23:16:09 - Time: 1753132569.853, tau: [ 2.05917414e-02  4.13100570e-01  1.10486748e-02 -4.89788640e-01
  5.44136534e-03 -5.06610867e-02 -4.54295054e-06]
23:16:09 - Time: 1753132569.853, tau + g: [ 2.00956685e-02 -3.94504675e+01 -2.72916558e-01  2.01495047e+01
 -6.32259919e-01  1.48801125e-02 -7.52764444e-06]
23:16:09 - Time: 1753132569.856, current_contact_force: 11.0061661347918
23:16:09 - Time: 1753132569.856, jac: [[-1.81254362e-04  9.32235214e-02 -2.03264270e-04  3.01566819e-01
   2.17089151e-04 -1.25813653e-01 -2.16840434e-19]
 [ 4.95793409e-01 -9.63824600e-05  4.34223016e-01 -1.98730429e-04
   1.16025934e-01  2.12949614e-04  5.55111512e-17]
 [ 0.00000000e+00 -4.95792956e-01  2.36767046e-04  3.52473453e-01
   3.80481890e-04  6.84684679e-03  4.33680869e-19]
 [ 0.00000000e+00  1.03388509e-03  3.41237605e-01 -3.82680720e-04
   8.98299286e-01  1.87102655e-03 -5.43341244e-02]
 [ 0.00000000e+00  9.99999466e-01 -3.52800660e-04 -9.99999899e-01
  -2.39889113e-04  9.99992873e-01  3.37608162e-03]
 [ 1.00000000e+00  0.00000000e+00  9.39977006e-01 -2.36405327e-04
  -4.39384041e-01  3.27925977e-03 -9.98517103e-01]]
23:16:09 - Time: 1753132569.856, tau: [ 2.05403026e-02  4.15767435e-01  1.10305838e-02 -4.89437740e-01
  5.39356139e-03 -5.05963525e-02 -4.66581306e-06]
23:16:09 - Time: 1753132569.856, tau + g: [ 2.00522701e-02 -3.94515628e+01 -2.72920843e-01  2.01498795e+01
 -6.32261242e-01  1.51709993e-02 -7.60395570e-06]
23:16:09 - Time: 1753132569.865, current_contact_force: 11.005249585602652
23:16:09 - Time: 1753132569.865, jac: [[-1.83921067e-04  9.32235854e-02 -2.06151589e-04  3.01556753e-01
   2.20559736e-04 -1.25812378e-01 -2.16840434e-19]
 [ 4.95801973e-01 -9.74921356e-05  4.34213125e-01 -2.01418722e-04
   1.16036199e-01  2.16273947e-04 -5.55111512e-17]
 [ 0.00000000e+00 -4.95801510e-01  2.39739882e-04  3.52454468e-01
   3.86242123e-04  6.87014130e-03 -2.16840434e-19]
 [ 0.00000000e+00  1.04578774e-03  3.41303186e-01 -3.89336056e-04
   8.98310015e-01  1.90076991e-03 -5.45188169e-02]
 [ 0.00000000e+00  9.99999453e-01 -3.56930882e-04 -9.99999896e-01
  -2.45017235e-04  9.99992654e-01  3.42729311e-03]
 [ 1.00000000e+00  2.22044605e-16  9.39953194e-01 -2.38362090e-04
  -4.39362102e-01  3.32861028e-03 -9.98506861e-01]]
23:16:09 - Time: 1753132569.865, tau: [ 2.04878334e-02  4.18422235e-01  1.10119266e-02 -4.89085659e-01
  5.34595823e-03 -5.05316823e-02 -4.78715643e-06]
23:16:09 - Time: 1753132569.865, tau + g: [ 2.00077330e-02 -3.94526290e+01 -2.72925543e-01  2.01502555e+01
 -6.32262431e-01  1.54588275e-02 -7.67923114e-06]
23:16:09 - Time: 1753132569.873, current_contact_force: 11.004336749354868
23:16:09 - Time: 1753132569.873, jac: [[-1.86579657e-04  9.32236528e-02 -2.09029330e-04  3.01546794e-01
   2.24020269e-04 -1.25811115e-01 -6.77626358e-20]
 [ 4.95810497e-01 -9.85961106e-05  4.34203390e-01 -2.04096155e-04
   1.16046325e-01  2.19586810e-04  5.55111512e-17]
 [ 0.00000000e+00 -4.95810023e-01  2.42700250e-04  3.52435749e-01
   3.91984386e-04  6.89312531e-03  0.00000000e+00]
 [ 0.00000000e+00  1.05762918e-03  3.41368039e-01 -3.95974041e-04
   8.98320630e-01  1.93042368e-03 -5.47010430e-02]
 [ 0.00000000e+00  9.99999441e-01 -3.61041002e-04 -9.99999893e-01
  -2.50136783e-04  9.99992432e-01  3.47834596e-03]
 [ 1.00000000e+00  0.00000000e+00  9.39929642e-01 -2.40303179e-04
  -4.39340395e-01  3.37780123e-03 -9.98496719e-01]]
23:16:09 - Time: 1753132569.873, tau: [ 2.04343116e-02  4.21064891e-01  1.09926817e-02 -4.88732559e-01
  5.29855303e-03 -5.04670796e-02 -4.90699709e-06]
23:16:09 - Time: 1753132569.873, tau + g: [ 1.99620356e-02 -3.94536664e+01 -2.72930682e-01  2.01506327e+01
 -6.32263491e-01  1.57436172e-02 -7.75348817e-06]
23:16:09 - Time: 1753132569.880, current_contact_force: 11.003428308495558
23:16:09 - Time: 1753132569.880, jac: [[-1.89230118e-04  9.32237234e-02 -2.11897484e-04  3.01536938e-01
   2.27470719e-04 -1.25809865e-01 -1.35525272e-20]
 [ 4.95818980e-01 -9.96944002e-05  4.34193810e-01 -2.06762731e-04
   1.16056313e-01  2.22888232e-04  0.00000000e+00]
 [ 0.00000000e+00 -4.95818494e-01  2.45648151e-04  3.52417292e-01
   3.97708637e-04  6.91580131e-03  0.00000000e+00]
 [ 0.00000000e+00  1.06940958e-03  3.41432170e-01 -4.02594581e-04
   8.98331132e-01  1.95998771e-03 -5.48808224e-02]
 [ 0.00000000e+00  9.99999428e-01 -3.65131043e-04 -9.99999890e-01
  -2.55247637e-04  9.99992208e-01  3.52923977e-03]
 [ 1.00000000e+00  1.11022302e-16  9.39906346e-01 -2.42228667e-04
  -4.39318919e-01  3.42683244e-03 -9.98486675e-01]]
23:16:09 - Time: 1753132569.880, tau: [ 2.03797193e-02  4.23695351e-01  1.09728300e-02 -4.88378612e-01
  5.25134333e-03 -5.04025477e-02 -5.02535159e-06]
23:16:09 - Time: 1753132569.880, tau + g: [ 1.99151608e-02 -3.94546755e+01 -2.72936282e-01  2.01510109e+01
 -6.32264425e-01  1.60253888e-02 -7.82674415e-06]
23:16:09 - Time: 1753132569.887, current_contact_force: 11.002524863009304
23:16:09 - Time: 1753132569.887, jac: [[-1.91872439e-04  9.32237969e-02 -2.14756045e-04  3.01527188e-01
   2.30911055e-04 -1.25808627e-01 -2.98155597e-19]
 [ 4.95827423e-01 -1.00787020e-04  4.34184384e-01 -2.09418454e-04
   1.16066164e-01  2.26178245e-04 -5.55111512e-17]
 [ 0.00000000e+00 -4.95826926e-01  2.48583588e-04  3.52399096e-01
   4.03414837e-04  6.93817178e-03  2.16840434e-19]
 [ 0.00000000e+00  1.08112912e-03  3.41495584e-01 -4.09197586e-04
   8.98341520e-01  1.98946183e-03 -5.50581747e-02]
 [ 0.00000000e+00  9.99999416e-01 -3.69201035e-04 -9.99999886e-01
  -2.60349679e-04  9.99991981e-01  3.57997417e-03]
 [ 1.00000000e+00  2.22044605e-16  9.39883307e-01 -2.44138631e-04
  -4.39297673e-01  3.47570376e-03 -9.98476730e-01]]
23:16:09 - Time: 1753132569.887, tau: [ 2.03240433e-02  4.26313578e-01  1.09523551e-02 -4.88023994e-01
  5.20432702e-03 -5.03380901e-02 -5.14223656e-06]
23:16:09 - Time: 1753132569.887, tau + g: [ 1.98670961e-02 -3.94556566e+01 -2.72942363e-01  2.01513898e+01
 -6.32265238e-01  1.63041623e-02 -7.89901630e-06]
23:16:09 - Time: 1753132569.893, current_contact_force: 11.001626935840475
23:16:09 - Time: 1753132569.893, jac: [[-1.94506615e-04  9.32238730e-02 -2.17605013e-04  3.01517541e-01
   2.34341249e-04 -1.25807402e-01 -2.43945489e-19]
 [ 4.95835826e-01 -1.01873987e-04  4.34175112e-01 -2.12063329e-04
   1.16075880e-01  2.29456881e-04  5.55111512e-17]
 [ 0.00000000e+00 -4.95835317e-01  2.51506567e-04  3.52381158e-01
   4.09102953e-04  6.96023919e-03  4.33680869e-19]
 [ 0.00000000e+00  1.09278796e-03  3.41558287e-01 -4.15782969e-04
   8.98351796e-01  2.01884592e-03 -5.52331196e-02]
 [ 0.00000000e+00  9.99999403e-01 -3.73251006e-04 -9.99999883e-01
  -2.65442789e-04  9.99991751e-01  3.63054883e-03]
 [ 1.00000000e+00  2.22044605e-16  9.39860520e-01 -2.46033150e-04
  -4.39276655e-01  3.52441506e-03 -9.98466886e-01]]
23:16:09 - Time: 1753132569.893, tau: [ 2.02672740e-02  4.28919556e-01  1.09312433e-02 -4.87668887e-01
  5.15750231e-03 -5.02737102e-02 -5.25766867e-06]
23:16:09 - Time: 1753132569.893, tau + g: [ 1.98178329e-02 -3.94566100e+01 -2.72948941e-01  2.01517693e+01
 -6.32265930e-01  1.65799581e-02 -7.97032170e-06]
23:16:09 - Time: 1753132569.900, current_contact_force: 11.000734978136972
23:16:09 - Time: 1753132569.900, jac: [[-1.97132641e-04  9.32239515e-02 -2.20444391e-04  3.01507997e-01
   2.37761277e-04 -1.25806190e-01 -1.76182853e-19]
 [ 4.95844189e-01 -1.02955317e-04  4.34165991e-01 -2.14697364e-04
   1.16085461e-01  2.32724175e-04  0.00000000e+00]
 [ 0.00000000e+00 -4.95843669e-01  2.54417097e-04  3.52363477e-01
   4.14772955e-04  6.98200600e-03 -2.16840434e-19]
 [ 0.00000000e+00  1.10438630e-03  3.41620286e-01 -4.22350645e-04
   8.98361961e-01  2.04813987e-03 -5.54056768e-02]
 [ 0.00000000e+00  9.99999390e-01 -3.77280993e-04 -9.99999880e-01
  -2.70526853e-04  9.99991519e-01  3.68096349e-03]
 [ 1.00000000e+00  3.33066907e-16  9.39837985e-01 -2.47912303e-04
  -4.39255864e-01  3.57296628e-03 -9.98457141e-01]]
23:16:09 - Time: 1753132569.900, tau: [ 2.02094061e-02  4.31513281e-01  1.09094831e-02 -4.87313473e-01
  5.11086771e-03 -5.02094114e-02 -5.37166460e-06]
23:16:09 - Time: 1753132569.900, tau + g: [ 1.97673665e-02 -3.94575361e+01 -2.72956032e-01  2.01521492e+01
 -6.32266507e-01  1.68527963e-02 -8.04067727e-06]
23:16:09 - Time: 1753132569.904, current_contact_force: 10.999849374365226
23:16:09 - Time: 1753132569.904, jac: [[-1.99750519e-04  9.32240321e-02 -2.23274184e-04  3.01498556e-01
   2.41171117e-04 -1.25804991e-01 -2.16840434e-19]
 [ 4.95852513e-01 -1.04031030e-04  4.34157021e-01 -2.17320566e-04
   1.16094909e-01  2.35980162e-04 -5.55111512e-17]
 [ 0.00000000e+00 -4.95851981e-01  2.57315190e-04  3.52346049e-01
   4.20424821e-04  7.00347469e-03  0.00000000e+00]
 [ 0.00000000e+00  1.11592433e-03  3.41681585e-01 -4.28900531e-04
   8.98372015e-01  2.07734359e-03 -5.55758658e-02]
 [ 0.00000000e+00  9.99999377e-01 -3.81291032e-04 -9.99999877e-01
  -2.75601755e-04  9.99991285e-01  3.73121790e-03]
 [ 1.00000000e+00  2.22044605e-16  9.39815700e-01 -2.49776176e-04
  -4.39235298e-01  3.62135738e-03 -9.98447495e-01]]
23:16:09 - Time: 1753132569.904, tau: [ 2.01504377e-02  4.34094758e-01  1.08870651e-02 -4.86957940e-01
  5.06442198e-03 -5.01451967e-02 -5.48424105e-06]
23:16:09 - Time: 1753132569.904, tau + g: [ 1.97156958e-02 -3.94584351e+01 -2.72963648e-01  2.01525292e+01
 -6.32266968e-01  1.71226972e-02 -8.11009969e-06]
23:16:09 - Time: 1753132569.913, current_contact_force: 10.998970447219484
23:16:09 - Time: 1753132569.913, jac: [[-2.02360253e-04  9.32241146e-02 -2.26094401e-04  3.01489218e-01
   2.44570749e-04 -1.25803804e-01 -2.43945489e-19]
 [ 4.95860797e-01 -1.05101144e-04  4.34148200e-01 -2.19932947e-04
   1.16104226e-01  2.39224880e-04  5.55111512e-17]
 [ 0.00000000e+00 -4.95860254e-01  2.60200861e-04  3.52328873e-01
   4.26058532e-04  7.02464770e-03  2.16840434e-19]
 [ 0.00000000e+00  1.12740226e-03  3.41742191e-01 -4.35432549e-04
   8.98381959e-01  2.10645700e-03 -5.57437061e-02]
 [ 0.00000000e+00  9.99999364e-01 -3.85281164e-04 -9.99999874e-01
  -2.80667384e-04  9.99991048e-01  3.78131187e-03]
 [ 1.00000000e+00  1.11022302e-16  9.39793662e-01 -2.51624852e-04
  -4.39214956e-01  3.66958838e-03 -9.98437950e-01]]
23:16:09 - Time: 1753132569.913, tau: [ 2.00903702e-02  4.36664006e-01  1.08639822e-02 -4.86602471e-01
  5.01816412e-03 -5.00810695e-02 -5.59541467e-06]
23:16:09 - Time: 1753132569.913, tau + g: [ 1.96628231e-02 -3.94593075e+01 -2.72971797e-01  2.01529094e+01
 -6.32267318e-01  1.73896812e-02 -8.17860542e-06]
23:16:09 - Time: 1753132569.920, current_contact_force: 10.998098462377685
23:16:09 - Time: 1753132569.920, jac: [[-2.04961849e-04  9.32241987e-02 -2.28905056e-04  3.01479980e-01
   2.47960156e-04 -1.25802630e-01 -2.03287907e-19]
 [ 4.95869042e-01 -1.06165678e-04  4.34139528e-01 -2.22534518e-04
   1.16113412e-01  2.42458367e-04  5.55111512e-17]
 [ 0.00000000e+00 -4.95868487e-01  2.63074127e-04  3.52311948e-01
   4.31674073e-04  7.04552750e-03  0.00000000e+00]
 [ 0.00000000e+00  1.13882030e-03  3.41802110e-01 -4.41946624e-04
   8.98391794e-01  2.13548007e-03 -5.59092172e-02]
 [ 0.00000000e+00  9.99999352e-01 -3.89251432e-04 -9.99999870e-01
  -2.85723628e-04  9.99990809e-01  3.83124525e-03]
 [ 1.00000000e+00  1.11022302e-16  9.39771869e-01 -2.53458420e-04
  -4.39194835e-01  3.71765930e-03 -9.98428506e-01]]
23:16:09 - Time: 1753132569.920, tau: [ 2.00292079e-02  4.39221048e-01  1.08402293e-02 -4.86247252e-01
  4.97209333e-03 -5.00170327e-02 -5.70520209e-06]
23:16:09 - Time: 1753132569.920, tau + g: [ 1.96087536e-02 -3.94601535e+01 -2.72980489e-01  2.01532893e+01
 -6.32267556e-01  1.76537685e-02 -8.24621068e-06]
23:16:09 - Time: 1753132569.927, current_contact_force: 10.997233633049547
23:16:09 - Time: 1753132569.927, jac: [[-2.07555316e-04  9.32242844e-02 -2.31706163e-04  3.01470844e-01
   2.51339321e-04 -1.25801469e-01 -1.62630326e-19]
 [ 4.95877249e-01 -1.07224653e-04  4.34131003e-01 -2.25125292e-04
   1.16122469e-01  2.45680662e-04  0.00000000e+00]
 [ 0.00000000e+00 -4.95876682e-01  2.65935009e-04  3.52295269e-01
   4.37271435e-04  7.06611653e-03  2.16840434e-19]
 [ 0.00000000e+00  1.15017866e-03  3.41861347e-01 -4.48442682e-04
   8.98401520e-01  2.16441274e-03 -5.60724187e-02]
 [ 0.00000000e+00  9.99999339e-01 -3.93201885e-04 -9.99999867e-01
  -2.90770380e-04  9.99990568e-01  3.88101793e-03]
 [ 1.00000000e+00  0.00000000e+00  9.39750320e-01 -2.55276969e-04
  -4.39174935e-01  3.76557023e-03 -9.98419161e-01]]
23:16:09 - Time: 1753132569.927, tau: [ 1.99669584e-02  4.41765914e-01  1.08158030e-02 -4.85892465e-01
  4.92620901e-03 -4.99530893e-02 -5.81361985e-06]
23:16:09 - Time: 1753132569.927, tau + g: [ 1.95534955e-02 -3.94609733e+01 -2.72989729e-01  2.01536689e+01
 -6.32267686e-01  1.79149795e-02 -8.31293140e-06]
23:16:09 - Time: 1753132569.934, current_contact_force: 10.996376124332121
23:16:09 - Time: 1753132569.934, jac: [[-2.10140667e-04  9.32243714e-02 -2.34497741e-04  3.01461807e-01
   2.54708234e-04 -1.25800321e-01 -3.25260652e-19]
 [ 4.95885418e-01 -1.08278089e-04  4.34122624e-01 -2.27705285e-04
   1.16131397e-01  2.48891808e-04  0.00000000e+00]
 [ 0.00000000e+00 -4.95884839e-01  2.68783529e-04  3.52278837e-01
   4.42850611e-04  7.08641723e-03 -2.16840434e-19]
 [ 0.00000000e+00  1.16147757e-03  3.41919908e-01 -4.54920655e-04
   8.98411139e-01  2.19325502e-03 -5.62333298e-02]
 [ 0.00000000e+00  9.99999325e-01 -3.97132572e-04 -9.99999863e-01
  -2.95807532e-04  9.99990324e-01  3.93062984e-03]
 [ 1.00000000e+00  3.33066907e-16  9.39729013e-01 -2.57080590e-04
  -4.39155255e-01  3.81332127e-03 -9.98409917e-01]]
23:16:09 - Time: 1753132569.934, tau: [ 1.99036315e-02  4.44298635e-01  1.07907018e-02 -4.85538292e-01
  4.88051073e-03 -4.98892423e-02 -5.92068444e-06]
23:16:09 - Time: 1753132569.934, tau + g: [ 1.94970597e-02 -3.94617674e+01 -2.72999520e-01  2.01540480e+01
 -6.32267707e-01  1.81733347e-02 -8.37878321e-06]
23:16:09 - Time: 1753132569.940, current_contact_force: 10.995526057378372
23:16:09 - Time: 1753132569.940, jac: [[-2.12717915e-04  9.32244595e-02 -2.37279809e-04  3.01452870e-01
   2.58066883e-04 -1.25799186e-01 -5.42101086e-20]
 [ 4.95893548e-01 -1.09326008e-04  4.34114390e-01 -2.30274512e-04
   1.16140198e-01  2.52091847e-04  0.00000000e+00]
 [ 0.00000000e+00 -4.95892957e-01  2.71619711e-04  3.52262647e-01
   4.48411600e-04  7.10643204e-03  0.00000000e+00]
 [ 0.00000000e+00  1.17271727e-03  3.41977799e-01 -4.61380475e-04
   8.98420651e-01  2.22200690e-03 -5.63919700e-02]
 [ 0.00000000e+00  9.99999312e-01 -4.01043545e-04 -9.99999860e-01
  -3.00834980e-04  9.99990078e-01  3.98008092e-03]
 [ 1.00000000e+00  2.22044605e-16  9.39707946e-01 -2.58869376e-04
  -4.39135791e-01  3.86091256e-03 -9.98400774e-01]]
23:16:09 - Time: 1753132569.940, tau: [ 1.98392396e-02  4.46819250e-01  1.07649256e-02 -4.85184908e-01
  4.83499820e-03 -4.98254942e-02 -6.02641223e-06]
23:16:09 - Time: 1753132569.940, tau + g: [ 1.94394594e-02 -3.94625359e+01 -2.73009866e-01  2.01544263e+01
 -6.32267622e-01  1.84288545e-02 -8.44378145e-06]
23:16:09 - Time: 1753132569.947, current_contact_force: 10.994683513348477
23:16:09 - Time: 1753132569.947, jac: [[-2.15287079e-04  9.32245485e-02 -2.40052390e-04  3.01444032e-01
   2.61415259e-04 -1.25798063e-01 -1.35525272e-19]
 [ 4.95901640e-01 -1.10368433e-04  4.34106300e-01 -2.32832993e-04
   1.16148874e-01  2.55280821e-04  0.00000000e+00]
 [ 0.00000000e+00 -4.95901038e-01  2.74443583e-04  3.52246699e-01
   4.53954403e-04  7.12616338e-03  2.16840434e-19]
 [ 0.00000000e+00  1.18389799e-03  3.42035025e-01 -4.67822080e-04
   8.98430057e-01  2.25066840e-03 -5.65483585e-02]
 [ 0.00000000e+00  9.99999299e-01 -4.04934861e-04 -9.99999857e-01
  -3.05852623e-04  9.99989830e-01  4.02937119e-03]
 [ 1.00000000e+00  2.22044605e-16  9.39687117e-01 -2.60643423e-04
  -4.39116543e-01  3.90834427e-03 -9.98391730e-01]]
23:16:09 - Time: 1753132569.947, tau: [ 1.97737971e-02  4.49327793e-01  1.07384761e-02 -4.84832486e-01
  4.78967124e-03 -4.97618478e-02 -6.13081950e-06]
23:16:09 - Time: 1753132569.947, tau + g: [ 1.93807098e-02 -3.94632791e+01 -2.73020768e-01  2.01548038e+01
 -6.32267431e-01  1.86815596e-02 -8.50794117e-06]
23:16:09 - Time: 1753132569.952, current_contact_force: 10.993848537172932
23:16:09 - Time: 1753132569.952, jac: [[-2.17848176e-04  9.32246383e-02 -2.42815510e-04  3.01435293e-01
   2.64753356e-04 -1.25796953e-01 -2.43945489e-19]
 [ 4.95909695e-01 -1.11405384e-04  4.34098352e-01 -2.35380746e-04
   1.16157425e-01  2.58458777e-04  5.55111512e-17]
 [ 0.00000000e+00 -4.95909081e-01  2.77255175e-04  3.52230990e-01
   4.59479028e-04  7.14561368e-03  0.00000000e+00]
 [ 0.00000000e+00  1.19501997e-03  3.42091592e-01 -4.74245411e-04
   8.98439358e-01  2.27923956e-03 -5.67025147e-02]
 [ 0.00000000e+00  9.99999286e-01 -4.08806578e-04 -9.99999853e-01
  -3.10860361e-04  9.99989579e-01  4.07850066e-03]
 [ 1.00000000e+00  1.11022302e-16  9.39666523e-01 -2.62402825e-04
  -4.39097509e-01  3.95561661e-03 -9.98382788e-01]]
23:16:09 - Time: 1753132569.952, tau: [ 1.97073205e-02  4.51824304e-01  1.07113560e-02 -4.84481194e-01
  4.74452982e-03 -4.96983056e-02 -6.23392239e-06]
23:16:09 - Time: 1753132569.952, tau + g: [ 1.93208284e-02 -3.94639974e+01 -2.73032224e-01  2.01551803e+01
 -6.32267135e-01  1.89314704e-02 -8.57127706e-06]
23:16:09 - Time: 1753132569.959, current_contact_force: 10.993021141110985
23:16:09 - Time: 1753132569.959, jac: [[-2.20401227e-04  9.32247288e-02 -2.45569196e-04  3.01426651e-01
   2.68081171e-04 -1.25795856e-01 -1.89735380e-19]
 [ 4.95917713e-01 -1.12436887e-04  4.34090545e-01 -2.37917792e-04
   1.16165852e-01  2.61625758e-04  5.55111512e-17]
 [ 0.00000000e+00 -4.95917086e-01  2.80054517e-04  3.52215518e-01
   4.64985482e-04  7.16478535e-03  0.00000000e+00]
 [ 0.00000000e+00  1.20608348e-03  3.42147506e-01 -4.80650411e-04
   8.98448555e-01  2.30772042e-03 -5.68544576e-02]
 [ 0.00000000e+00  9.99999273e-01 -4.12658756e-04 -9.99999850e-01
  -3.15858097e-04  9.99989326e-01  4.12746939e-03]
 [ 1.00000000e+00  2.22044605e-16  9.39646164e-01 -2.64147681e-04
  -4.39078688e-01  4.00272980e-03 -9.98373945e-01]]
23:16:09 - Time: 1753132569.959, tau: [ 1.96398279e-02  4.54308817e-01  1.06835696e-02 -4.84131196e-01
  4.69957396e-03 -4.96348700e-02 -6.33573690e-06]
23:16:09 - Time: 1753132569.959, tau + g: [ 1.92598342e-02 -3.94646910e+01 -2.73044232e-01  2.01555555e+01
 -6.32266735e-01  1.91786076e-02 -8.63380350e-06]
23:16:09 - Time: 1753132569.967, current_contact_force: 10.99220130810029
23:16:09 - Time: 1753132569.967, jac: [[-2.22946255e-04  9.32248197e-02 -2.48313476e-04  3.01418106e-01
   2.71398700e-04 -1.25794772e-01 -1.08420217e-19]
 [ 4.95925693e-01 -1.13462965e-04  4.34082879e-01 -2.40444153e-04
   1.16174158e-01  2.64781813e-04  0.00000000e+00]
 [ 0.00000000e+00 -4.95925055e-01  2.82841643e-04  3.52200281e-01
   4.70473780e-04  7.18368079e-03  2.16840434e-19]
 [ 0.00000000e+00  1.21708877e-03  3.42202772e-01 -4.87037027e-04
   8.98457648e-01  2.33611106e-03 -5.70042064e-02]
 [ 0.00000000e+00  9.99999259e-01 -4.16491460e-04 -9.99999846e-01
  -3.20845736e-04  9.99989071e-01  4.17627748e-03]
 [ 1.00000000e+00  1.11022302e-16  9.39626037e-01 -2.65878090e-04
  -4.39060078e-01  4.04968410e-03 -9.98365203e-01]]
23:16:09 - Time: 1753132569.967, tau: [ 1.95713392e-02  4.56781369e-01  1.06551222e-02 -4.83782647e-01
  4.65480378e-03 -4.95715433e-02 -6.43627891e-06]
23:16:09 - Time: 1753132569.967, tau + g: [ 1.91977479e-02 -3.94653601e+01 -2.73056790e-01  2.01559293e+01
 -6.32266231e-01  1.94229920e-02 -8.69553455e-06]
23:16:09 - Time: 1753132569.973, current_contact_force: 10.991388994928542
23:16:09 - Time: 1753132569.973, jac: [[-2.25483285e-04  9.32249111e-02 -2.51048382e-04  3.01409658e-01
   2.74705943e-04 -1.25793700e-01 -5.42101086e-20]
 [ 4.95933637e-01 -1.14483643e-04  4.34075351e-01 -2.42959854e-04
   1.16182342e-01  2.67926988e-04 -5.55111512e-17]
 [ 0.00000000e+00 -4.95932986e-01  2.85616588e-04  3.52185277e-01
   4.75943937e-04  7.20230242e-03 -2.16840434e-19]
 [ 0.00000000e+00  1.22803610e-03  3.42257396e-01 -4.93405209e-04
   8.98466638e-01  2.36441154e-03 -5.71517801e-02]
 [ 0.00000000e+00  9.99999246e-01 -4.20304755e-04 -9.99999842e-01
  -3.25823186e-04  9.99988814e-01  4.22492505e-03]
 [ 1.00000000e+00  0.00000000e+00  9.39606140e-01 -2.67594151e-04
  -4.39041677e-01  4.09647978e-03 -9.98356562e-01]]
23:16:09 - Time: 1753132569.973, tau: [ 1.95018755e-02  4.59241992e-01  1.06260202e-02 -4.83435700e-01
  4.61021946e-03 -4.95083276e-02 -6.53556414e-06]
23:16:09 - Time: 1753132569.973, tau + g: [ 1.91345916e-02 -3.94660051e+01 -2.73069893e-01  2.01563017e+01
 -6.32265625e-01  1.96646441e-02 -8.75648391e-06]
23:16:09 - Time: 1753132569.980, current_contact_force: 10.990584135189152
23:16:09 - Time: 1753132569.980, jac: [[-2.28012342e-04  9.32250028e-02 -2.53773945e-04  3.01401305e-01
   2.78002901e-04 -1.25792642e-01 -1.89735380e-19]
 [ 4.95941544e-01 -1.15498945e-04  4.34067962e-01 -2.45464918e-04
   1.16190406e-01  2.71061332e-04  0.00000000e+00]
 [ 0.00000000e+00 -4.95940881e-01  2.88379389e-04  3.52170504e-01
   4.81395973e-04  7.22065261e-03  0.00000000e+00]
 [ 0.00000000e+00  1.23892575e-03  3.42311382e-01 -4.99754912e-04
   8.98475527e-01  2.39262198e-03 -5.72971979e-02]
 [ 0.00000000e+00  9.99999233e-01 -4.24098710e-04 -9.99999839e-01
  -3.30790358e-04  9.99988555e-01  4.27341225e-03]
 [ 1.00000000e+00  2.22044605e-16  9.39586472e-01 -2.69295967e-04
  -4.39023483e-01  4.14311715e-03 -9.98348020e-01]]
23:16:09 - Time: 1753132569.980, tau: [ 1.94314591e-02  4.61690716e-01  1.05962709e-02 -4.83090499e-01
  4.56582122e-03 -4.94452250e-02 -6.63360813e-06]
23:16:09 - Time: 1753132569.980, tau + g: [ 1.90703887e-02 -3.94666262e+01 -2.73083535e-01  2.01566723e+01
 -6.32264915e-01  1.99035848e-02 -8.81666498e-06]
23:16:09 - Time: 1753132569.984, current_contact_force: 10.989786642066841
23:16:09 - Time: 1753132569.984, jac: [[-2.30533452e-04  9.32250946e-02 -2.56490200e-04  3.01393047e-01
   2.81289577e-04 -1.25791596e-01 -4.60785923e-19]
 [ 4.95949415e-01 -1.16508896e-04  4.34060709e-01 -2.47959373e-04
   1.16198351e-01  2.74184894e-04  0.00000000e+00]
 [ 0.00000000e+00 -4.95948740e-01  2.91130085e-04  3.52155960e-01
   4.86829909e-04  7.23873375e-03  0.00000000e+00]
 [ 0.00000000e+00  1.24975797e-03  3.42364738e-01 -5.06086093e-04
   8.98484314e-01  2.42074247e-03 -5.74404785e-02]
 [ 0.00000000e+00  9.99999219e-01 -4.27873395e-04 -9.99999835e-01
  -3.35747164e-04  9.99988294e-01  4.32173924e-03]
 [ 1.00000000e+00  2.22044605e-16  9.39567030e-01 -2.70983639e-04
  -4.39005495e-01  4.18959654e-03 -9.98339579e-01]]
23:16:09 - Time: 1753132569.984, tau: [ 1.93601135e-02  4.64127568e-01  1.05658825e-02 -4.82747183e-01
  4.52160933e-03 -4.93822375e-02 -6.73042628e-06]
23:16:09 - Time: 1753132569.984, tau + g: [ 1.90051634e-02 -3.94672237e+01 -2.73097710e-01  2.01570412e+01
 -6.32264103e-01  2.01398349e-02 -8.87609079e-06]
23:16:09 - Time: 1753132569.992, current_contact_force: 10.988996410933613
23:16:09 - Time: 1753132569.992, jac: [[-2.33046645e-04  9.32251865e-02 -2.59197180e-04  3.01384883e-01
   2.84565975e-04 -1.25790562e-01 -3.25260652e-19]
 [ 4.95957250e-01 -1.17513523e-04  4.34053592e-01 -2.50443246e-04
   1.16206179e-01  2.77297724e-04 -1.11022302e-16]
 [ 0.00000000e+00 -4.95956562e-01  2.93868716e-04  3.52141642e-01
   4.92245771e-04  7.25654822e-03 -2.16840434e-19]
 [ 0.00000000e+00  1.26053307e-03  3.42417468e-01 -5.12398711e-04
   8.98493001e-01  2.44877313e-03 -5.75816409e-02]
 [ 0.00000000e+00  9.99999206e-01 -4.31628883e-04 -9.99999832e-01
  -3.40693521e-04  9.99988030e-01  4.36990622e-03]
 [ 1.00000000e+00  3.33066907e-16  9.39547812e-01 -2.72657270e-04
  -4.38987712e-01  4.23591829e-03 -9.98331237e-01]]
23:16:09 - Time: 1753132569.992, tau: [ 1.92878631e-02  4.66552572e-01  1.05348641e-02 -4.82405885e-01
  4.47758409e-03 -4.93193669e-02 -6.82603378e-06]
23:16:09 - Time: 1753132569.992, tau + g: [ 1.89389411e-02 -3.94677980e+01 -2.73112412e-01  2.01574081e+01
 -6.32263190e-01  2.03734151e-02 -8.93477406e-06]
23:16:09 - Time: 1753132569.999, current_contact_force: 10.98821332174932
23:16:09 - Time: 1753132569.999, jac: [[-2.35551949e-04  9.32252783e-02 -2.61894923e-04  3.01376813e-01
   2.87832102e-04 -1.25789542e-01 -2.71050543e-19]
 [ 4.95965049e-01 -1.18512853e-04  4.34046609e-01 -2.52916566e-04
   1.16213890e-01  2.80399872e-04  0.00000000e+00]
 [ 0.00000000e+00 -4.95964349e-01  2.96595323e-04  3.52127549e-01
   4.97643586e-04  7.27409838e-03  0.00000000e+00]
 [ 0.00000000e+00  1.27125131e-03  3.42469577e-01 -5.18692730e-04
   8.98501589e-01  2.47671410e-03 -5.77207038e-02]
 [ 0.00000000e+00  9.99999192e-01 -4.35365249e-04 -9.99999828e-01
  -3.45629347e-04  9.99987765e-01  4.41791343e-03]
 [ 1.00000000e+00  0.00000000e+00  9.39528818e-01 -2.74316965e-04
  -4.38970131e-01  4.28208277e-03 -9.98322995e-01]]
23:16:09 - Time: 1753132569.999, tau: [ 1.92147328e-02  4.68965748e-01  1.05032252e-02 -4.82066730e-01
  4.43374581e-03 -4.92566148e-02 -6.92044568e-06]
23:16:09 - Time: 1753132569.999, tau + g: [ 1.88717477e-02 -3.94683492e+01 -2.73127632e-01  2.01577730e+01
 -6.32262174e-01  2.06043465e-02 -8.99272717e-06]
23:16:10 - Time: 1753132570.007, current_contact_force: 10.987437241316165
23:16:10 - Time: 1753132570.007, jac: [[-2.38049395e-04  9.32253701e-02 -2.64583466e-04  3.01368835e-01
   2.91087965e-04 -1.25788534e-01 -4.87890978e-19]
 [ 4.95972813e-01 -1.19506910e-04  4.34039759e-01 -2.55379362e-04
   1.16221486e-01  2.83491389e-04  5.55111512e-17]
 [ 0.00000000e+00 -4.95972100e-01  2.99309950e-04  3.52113679e-01
   5.03023384e-04  7.29138658e-03  0.00000000e+00]
 [ 0.00000000e+00  1.28191298e-03  3.42521071e-01 -5.24968117e-04
   8.98510078e-01  2.50456551e-03 -5.78576860e-02]
 [ 0.00000000e+00  9.99999178e-01 -4.39082569e-04 -9.99999824e-01
  -3.50554563e-04  9.99987497e-01  4.46576110e-03]
 [ 1.00000000e+00  3.33066907e-16  9.39510044e-01 -2.75962829e-04
  -4.38952751e-01  4.32809037e-03 -9.98314853e-01]]
23:16:10 - Time: 1753132570.007, tau: [ 1.91407483e-02  4.71367110e-01  1.04709762e-02 -4.81729836e-01
  4.39009481e-03 -4.91939829e-02 -7.01367683e-06]
23:16:10 - Time: 1753132570.007, tau + g: [ 1.88036101e-02 -3.94688777e+01 -2.73143361e-01  2.01581356e+01
 -6.32261057e-01  2.08326498e-02 -9.04996218e-06]
23:16:10 - Time: 1753132570.014, current_contact_force: 10.98666802534471
23:16:10 - Time: 1753132570.014, jac: [[-2.40539013e-04  9.32254618e-02 -2.67262846e-04  3.01360950e-01
   2.94333574e-04 -1.25787539e-01 -1.89735380e-19]
 [ 4.95980541e-01 -1.20495724e-04  4.34033042e-01 -2.57831665e-04
   1.16228968e-01  2.86572327e-04  0.00000000e+00]
 [ 0.00000000e+00 -4.95979816e-01  3.02012641e-04  3.52100029e-01
   5.08385198e-04  7.30841516e-03  0.00000000e+00]
 [ 0.00000000e+00  1.29251838e-03  3.42571956e-01 -5.31224843e-04
   8.98518469e-01  2.53232753e-03 -5.79926061e-02]
 [ 0.00000000e+00  9.99999165e-01 -4.42780921e-04 -9.99999820e-01
  -3.55469091e-04  9.99987228e-01  4.51344950e-03]
 [ 1.00000000e+00  3.33066907e-16  9.39491489e-01 -2.77594966e-04
  -4.38935570e-01  4.37394150e-03 -9.98306810e-01]]
23:16:10 - Time: 1753132570.014, tau: [ 1.90659360e-02  4.73756672e-01  1.04381278e-02 -4.81395317e-01
  4.34663140e-03 -4.91314728e-02 -7.10574188e-06]
23:16:10 - Time: 1753132570.014, tau + g: [ 1.87345553e-02 -3.94693837e+01 -2.73159591e-01  2.01584960e+01
 -6.32259839e-01  2.10583459e-02 -9.10649083e-06]
23:16:10 - Time: 1753132570.019, current_contact_force: 10.985905520360753
23:16:10 - Time: 1753132570.019, jac: [[-2.43020837e-04  9.32255532e-02 -2.69933104e-04  3.01353157e-01
   2.97568937e-04 -1.25786556e-01 -1.35525272e-19]
 [ 4.95988234e-01 -1.21479321e-04  4.34026455e-01 -2.60273508e-04
   1.16236336e-01  2.89642739e-04  0.00000000e+00]
 [ 0.00000000e+00 -4.95987496e-01  3.04703441e-04  3.52086599e-01
   5.13729062e-04  7.32518648e-03  0.00000000e+00]
 [ 0.00000000e+00  1.30306781e-03  3.42622237e-01 -5.37462879e-04
   8.98526764e-01  2.56000031e-03 -5.81254827e-02]
 [ 0.00000000e+00  9.99999151e-01 -4.46460387e-04 -9.99999817e-01
  -3.60372860e-04  9.99986957e-01  4.56097891e-03]
 [ 1.00000000e+00  2.22044605e-16  9.39473152e-01 -2.79213483e-04
  -4.38918586e-01  4.41963656e-03 -9.98298866e-01]]
23:16:10 - Time: 1753132570.019, tau: [ 1.89903223e-02  4.76134440e-01  1.04046914e-02 -4.81063276e-01
  4.30335591e-03 -4.90690856e-02 -7.19665531e-06]
23:16:10 - Time: 1753132570.019, tau + g: [ 1.86646108e-02 -3.94698676e+01 -2.73176312e-01  2.01588540e+01
 -6.32258520e-01  2.12814558e-02 -9.16232453e-06]
23:16:10 - Time: 1753132570.027, current_contact_force: 10.985149565476613
23:16:10 - Time: 1753132570.027, jac: [[-2.45494898e-04  9.32256443e-02 -2.72594277e-04  3.01345454e-01
   3.00794069e-04 -1.25785586e-01 -3.79470760e-19]
 [ 4.95995892e-01 -1.22457728e-04  4.34019998e-01 -2.62704924e-04
   1.16243593e-01  2.92702676e-04  0.00000000e+00]
 [ 0.00000000e+00 -4.95995142e-01  3.07382398e-04  3.52073385e-01
   5.19055013e-04  7.34170284e-03  2.16840434e-19]
 [ 0.00000000e+00  1.31356156e-03  3.42671918e-01 -5.43682202e-04
   8.98534962e-01  2.58758403e-03 -5.82563342e-02]
 [ 0.00000000e+00  9.99999137e-01 -4.50121047e-04 -9.99999813e-01
  -3.65265796e-04  9.99986683e-01  4.60834965e-03]
 [ 1.00000000e+00  2.22044605e-16  9.39455030e-01 -2.80818486e-04
  -4.38901798e-01  4.46517601e-03 -9.98291021e-01]]
23:16:10 - Time: 1753132570.027, tau: [ 1.89139341e-02  4.78500418e-01  1.03706785e-02 -4.80733813e-01
  4.26026864e-03 -4.90068228e-02 -7.28643140e-06]
23:16:10 - Time: 1753132570.027, tau + g: [ 1.85938046e-02 -3.94703296e+01 -2.73193513e-01  2.01592095e+01
 -6.32257100e-01  2.15020003e-02 -9.21747440e-06]
23:16:10 - Time: 1753132570.031, current_contact_force: 10.984399993984555
23:16:10 - Time: 1753132570.031, jac: [[-2.47961229e-04  9.32257351e-02 -2.75246408e-04  3.01337841e-01
   3.04008980e-04 -1.25784629e-01 -1.62630326e-19]
 [ 4.96003516e-01 -1.23430975e-04  4.34013670e-01 -2.65125946e-04
   1.16250738e-01  2.95752193e-04 -5.55111512e-17]
 [ 0.00000000e+00 -4.96002753e-01  3.10049558e-04  3.52060385e-01
   5.24363090e-04  7.35796657e-03  0.00000000e+00]
 [ 0.00000000e+00  1.32399993e-03  3.42721006e-01 -5.49882792e-04
   8.98543065e-01  2.61507887e-03 -5.83851790e-02]
 [ 0.00000000e+00  9.99999124e-01 -4.53762985e-04 -9.99999809e-01
  -3.70147833e-04  9.99986408e-01  4.65556203e-03]
 [ 1.00000000e+00  1.11022302e-16  9.39437122e-01 -2.82410082e-04
  -4.38885205e-01  4.51056029e-03 -9.98283275e-01]]
23:16:10 - Time: 1753132570.031, tau: [ 1.88367984e-02  4.80854604e-01  1.03361012e-02 -4.80407021e-01
  4.21736987e-03 -4.89446856e-02 -7.37508425e-06]
23:16:10 - Time: 1753132570.031, tau + g: [ 1.85221646e-02 -3.94707701e+01 -2.73211185e-01  2.01595624e+01
 -6.32255579e-01  2.17200004e-02 -9.27195125e-06]
23:16:10 - Time: 1753132570.039, current_contact_force: 10.98365663483452
23:16:10 - Time: 1753132570.039, jac: [[-2.50419863e-04  9.32258255e-02 -2.77889536e-04  3.01330317e-01
   3.07213686e-04 -1.25783684e-01 -3.25260652e-19]
 [ 4.96011105e-01 -1.24399089e-04  4.34007469e-01 -2.67536610e-04
   1.16257774e-01  2.98791341e-04 -5.55111512e-17]
 [ 0.00000000e+00 -4.96010330e-01  3.12704970e-04  3.52047599e-01
   5.29653334e-04  7.37397997e-03  2.16840434e-19]
 [ 0.00000000e+00  1.33438323e-03  3.42769505e-01 -5.56064629e-04
   8.98551074e-01  2.64248502e-03 -5.85120354e-02]
 [ 0.00000000e+00  9.99999110e-01 -4.57386286e-04 -9.99999805e-01
  -3.75018904e-04  9.99986131e-01  4.70261639e-03]
 [ 1.00000000e+00  3.33066907e-16  9.39419426e-01 -2.83988378e-04
  -4.38868803e-01  4.55578987e-03 -9.98275627e-01]]
23:16:10 - Time: 1753132570.039, tau: [ 1.87589422e-02  4.83196996e-01  1.03009716e-02 -4.80082985e-01
  4.17465986e-03 -4.88826750e-02 -7.46262776e-06]
23:16:10 - Time: 1753132570.039, tau + g: [ 1.84497190e-02 -3.94711893e+01 -2.73229316e-01  2.01599126e+01
 -6.32253958e-01  2.19354770e-02 -9.32576559e-06]
23:16:10 - Time: 1753132570.046, current_contact_force: 10.982919313965862
23:16:10 - Time: 1753132570.046, jac: [[-2.52870836e-04  9.32259155e-02 -2.80523704e-04  3.01322882e-01
   3.10408201e-04 -1.25782751e-01 -3.79470760e-19]
 [ 4.96018661e-01 -1.25362099e-04  4.34001395e-01 -2.69936951e-04
   1.16264701e-01  3.01820175e-04  0.00000000e+00]
 [ 0.00000000e+00 -4.96017872e-01  3.15348684e-04  3.52035023e-01
   5.34925786e-04  7.38974533e-03  0.00000000e+00]
 [ 0.00000000e+00  1.34471177e-03  3.42817421e-01 -5.62227701e-04
   8.98558990e-01  2.66980268e-03 -5.86369218e-02]
 [ 0.00000000e+00  9.99999096e-01 -4.60991037e-04 -9.99999801e-01
  -3.79878945e-04  9.99985852e-01  4.74951309e-03]
 [ 1.00000000e+00  1.11022302e-16  9.39401939e-01 -2.85553482e-04
  -4.38852592e-01  4.60086522e-03 -9.98268077e-01]]
23:16:10 - Time: 1753132570.046, tau: [ 1.86803928e-02  4.85527583e-01  1.02653023e-02 -4.79761783e-01
  4.13213885e-03 -4.88207921e-02 -7.54907563e-06]
23:16:10 - Time: 1753132570.046, tau + g: [ 1.83764957e-02 -3.94715876e+01 -2.73247895e-01  2.01602601e+01
 -6.32252236e-01  2.21484509e-02 -9.37892764e-06]
23:16:10 - Time: 1753132570.052, current_contact_force: 10.982187855515097
23:16:10 - Time: 1753132570.052, jac: [[-2.55314180e-04  9.32260050e-02 -2.83148952e-04  3.01315535e-01
   3.13592543e-04 -1.25781831e-01 -1.35525272e-19]
 [ 4.96026182e-01 -1.26320034e-04  4.33995446e-01 -2.72327007e-04
   1.16271520e-01  3.04838749e-04  0.00000000e+00]
 [ 0.00000000e+00 -4.96025381e-01  3.17980751e-04  3.52022656e-01
   5.40180491e-04  7.40526493e-03 -2.16840434e-19]
 [ 0.00000000e+00  1.35498585e-03  3.42864759e-01 -5.68371993e-04
   8.98566812e-01  2.69703207e-03 -5.87598561e-02]
 [ 0.00000000e+00  9.99999082e-01 -4.64577323e-04 -9.99999797e-01
  -3.84727895e-04  9.99985571e-01  4.79625249e-03]
 [ 1.00000000e+00  1.11022302e-16  9.39384661e-01 -2.87105500e-04
  -4.38836571e-01  4.64578684e-03 -9.98260625e-01]]
23:16:10 - Time: 1753132570.052, tau: [ 1.86011769e-02  4.87846355e-01  1.02291059e-02 -4.79443491e-01
  4.08980703e-03 -4.87590377e-02 -7.63444139e-06]
23:16:10 - Time: 1753132570.052, tau + g: [ 1.83025228e-02 -3.94719653e+01 -2.73266912e-01  2.01606048e+01
 -6.32250415e-01  2.23589431e-02 -9.43144735e-06]
23:16:10 - Time: 1753132570.060, current_contact_force: 10.981462082908097
23:16:10 - Time: 1753132570.060, jac: [[-2.57749930e-04  9.32260941e-02 -2.85765323e-04  3.01308275e-01
   3.16766727e-04 -1.25780924e-01 -1.89735380e-19]
 [ 4.96033670e-01 -1.27272922e-04  4.33989621e-01 -2.74706815e-04
   1.16278233e-01  3.07847116e-04  0.00000000e+00]
 [ 0.00000000e+00 -4.96032856e-01  3.20601221e-04  3.52010496e-01
   5.45417494e-04  7.42054105e-03  0.00000000e+00]
 [ 0.00000000e+00  1.36520579e-03  3.42911524e-01 -5.74497498e-04
   8.98574543e-01  2.72417339e-03 -5.88808565e-02]
 [ 0.00000000e+00  9.99999068e-01 -4.68145236e-04 -9.99999793e-01
  -3.89565698e-04  9.99985289e-01  4.84283498e-03]
 [ 1.00000000e+00  2.22044605e-16  9.39367589e-01 -2.88644541e-04
  -4.38820736e-01  4.69055521e-03 -9.98253270e-01]]
23:16:10 - Time: 1753132570.060, tau: [ 1.85213216e-02  4.90153294e-01  1.01923950e-02 -4.79128175e-01
  4.04766459e-03 -4.86974126e-02 -7.71873836e-06]
23:16:10 - Time: 1753132570.060, tau + g: [ 1.82278282e-02 -3.94723225e+01 -2.73286355e-01  2.01609465e+01
 -6.32248493e-01  2.25669744e-02 -9.48333440e-06]
23:16:10 - Time: 1753132570.063, current_contact_force: 10.98074181982335
23:16:10 - Time: 1753132570.063, jac: [[-2.60178121e-04  9.32261826e-02 -2.88372859e-04  3.01301102e-01
   3.19930773e-04 -1.25780029e-01 -8.13151629e-20]
 [ 4.96041124e-01 -1.28220794e-04  4.33983918e-01 -2.77076413e-04
   1.16284840e-01  3.10845332e-04  0.00000000e+00]
 [ 0.00000000e+00 -4.96040297e-01  3.23210146e-04  3.51998541e-01
   5.50636842e-04  7.43557595e-03 -2.16840434e-19]
 [ 0.00000000e+00  1.37537191e-03  3.42957722e-01 -5.80604208e-04
   8.98582183e-01  2.75122686e-03 -5.89999408e-02]
 [ 0.00000000e+00  9.99999054e-01 -4.71694863e-04 -9.99999789e-01
  -3.94392295e-04  9.99985004e-01  4.88926096e-03]
 [ 1.00000000e+00  2.22044605e-16  9.39350722e-01 -2.90170711e-04
  -4.38805087e-01  4.73517085e-03 -9.98246013e-01]]
23:16:10 - Time: 1753132570.063, tau: [ 1.84408534e-02  4.92448382e-01  1.01551825e-02 -4.78815896e-01
  4.00571164e-03 -4.86359178e-02 -7.80197967e-06]
23:16:10 - Time: 1753132570.063, tau + g: [ 1.81524393e-02 -3.94726598e+01 -2.73306212e-01  2.01612853e+01
 -6.32246472e-01  2.27725656e-02 -9.53459818e-06]
23:16:10 - Time: 1753132570.072, current_contact_force: 10.980026891070796
23:16:10 - Time: 1753132570.072, jac: [[-2.62598787e-04  9.32262707e-02 -2.90971602e-04  3.01294014e-01
   3.23084699e-04 -1.25779146e-01 -1.08420217e-19]
 [ 4.96048545e-01 -1.29163679e-04  4.33978338e-01 -2.79435840e-04
   1.16291343e-01  3.13833450e-04  5.55111512e-17]
 [ 0.00000000e+00 -4.96047705e-01  3.25807578e-04  3.51986789e-01
   5.55838584e-04  7.45037187e-03 -2.16840434e-19]
 [ 0.00000000e+00  1.38548452e-03  3.43003357e-01 -5.86692119e-04
   8.98589733e-01  2.77819272e-03 -5.91171270e-02]
 [ 0.00000000e+00  9.99999040e-01 -4.75226296e-04 -9.99999785e-01
  -3.99207635e-04  9.99984718e-01  4.93553084e-03]
 [ 1.00000000e+00  0.00000000e+00  9.39334057e-01 -2.91684120e-04
  -4.38789622e-01  4.77963429e-03 -9.98238852e-01]]
23:16:10 - Time: 1753132570.072, tau: [ 1.83597986e-02  4.94731596e-01  1.01174811e-02 -4.78506710e-01
  3.96394828e-03 -4.85745537e-02 -7.88417829e-06]
23:16:10 - Time: 1753132570.072, tau + g: [ 1.80763837e-02 -3.94729773e+01 -2.73326472e-01  2.01616211e+01
 -6.32244351e-01  2.29757375e-02 -9.58524786e-06]
23:16:10 - Time: 1753132570.079, current_contact_force: 10.979317123355104
23:16:10 - Time: 1753132570.079, jac: [[-2.65011963e-04  9.32263581e-02 -2.93561595e-04  3.01287011e-01
   3.26228526e-04 -1.25778275e-01 -3.25260652e-19]
 [ 4.96055933e-01 -1.30101605e-04  4.33972878e-01 -2.81785137e-04
   1.16297742e-01  3.16811524e-04 -1.11022302e-16]
 [ 0.00000000e+00 -4.96055080e-01  3.28393571e-04  3.51975238e-01
   5.61022767e-04  7.46493104e-03 -2.16840434e-19]
 [ 0.00000000e+00  1.39554393e-03  3.43048434e-01 -5.92761230e-04
   8.98597194e-01  2.80507120e-03 -5.92324328e-02]
 [ 0.00000000e+00  9.99999026e-01 -4.78739627e-04 -9.99999781e-01
  -4.04011666e-04  9.99984430e-01  4.98164502e-03]
 [ 1.00000000e+00  0.00000000e+00  9.39317594e-01 -2.93184874e-04
  -4.38774339e-01  4.82394603e-03 -9.98231788e-01]]
23:16:10 - Time: 1753132570.079, tau: [ 1.82781832e-02  4.97002912e-01  1.00793037e-02 -4.78200668e-01
  3.92237457e-03 -4.85133211e-02 -7.96534696e-06]
23:16:10 - Time: 1753132570.079, tau + g: [ 1.79996882e-02 -3.94732754e+01 -2.73347123e-01  2.01619539e+01
 -6.32242132e-01  2.31765109e-02 -9.63529235e-06]
23:16:10 - Time: 1753132570.087, current_contact_force: 10.978612345949994
23:16:10 - Time: 1753132570.087, jac: [[-2.67417684e-04  9.32264451e-02 -2.96142880e-04  3.01280093e-01
   3.29362275e-04 -1.25777416e-01 -2.43945489e-19]
 [ 4.96063289e-01 -1.31034604e-04  4.33967538e-01 -2.84124343e-04
   1.16304039e-01  3.19779610e-04  0.00000000e+00]
 [ 0.00000000e+00 -4.96062423e-01  3.30968178e-04  3.51963886e-01
   5.66189444e-04  7.47925570e-03  0.00000000e+00]
 [ 0.00000000e+00  1.40555048e-03  3.43092958e-01 -5.98811541e-04
   8.98604566e-01  2.83186253e-03 -5.93458759e-02]
 [ 0.00000000e+00  9.99999012e-01 -4.82234948e-04 -9.99999777e-01
  -4.08804340e-04  9.99984141e-01  5.02760395e-03]
 [ 1.00000000e+00  2.22044605e-16  9.39301330e-01 -2.94673081e-04
  -4.38759236e-01  4.86810663e-03 -9.98224819e-01]]
23:16:10 - Time: 1753132570.087, tau: [ 1.81960329e-02  4.99262302e-01  1.00406630e-02 -4.77897815e-01
  3.88099051e-03 -4.84522204e-02 -8.04549829e-06]
23:16:10 - Time: 1753132570.087, tau + g: [ 1.79223796e-02 -3.94735545e+01 -2.73368155e-01  2.01622835e+01
 -6.32239813e-01  2.33749064e-02 -9.68474031e-06]
23:16:10 - Time: 1753132570.095, current_contact_force: 10.977912391289152
23:16:10 - Time: 1753132570.095, jac: [[-2.69815984e-04  9.32265314e-02 -2.98715501e-04  3.01273258e-01
   3.32485966e-04 -1.25776570e-01 -1.08420217e-19]
 [ 4.96070611e-01 -1.31962704e-04  4.33962317e-01 -2.86453500e-04
   1.16310235e-01  3.22737762e-04 -5.55111512e-17]
 [ 0.00000000e+00 -4.96069732e-01  3.33531454e-04  3.51952732e-01
   5.71338665e-04  7.49334805e-03 -2.16840434e-19]
 [ 0.00000000e+00  1.41550447e-03  3.43136935e-01 -6.04843058e-04
   8.98611850e-01  2.85856697e-03 -5.94574738e-02]
 [ 0.00000000e+00  9.99998998e-01 -4.85712353e-04 -9.99999773e-01
  -4.13585610e-04  9.99983850e-01  5.07340806e-03]
 [ 1.00000000e+00  2.22044605e-16  9.39285264e-01 -2.96148849e-04
  -4.38744312e-01  4.91211661e-03 -9.98217947e-01]]
23:16:10 - Time: 1753132570.095, tau: [ 1.81133729e-02  5.01509736e-01  1.00015718e-02 -4.77598191e-01
  3.83979607e-03 -4.83912521e-02 -8.12464466e-06]
23:16:10 - Time: 1753132570.095, tau + g: [ 1.78444840e-02 -3.94738147e+01 -2.73389554e-01  2.01626100e+01
 -6.32237397e-01  2.35709447e-02 -9.73360020e-06]
23:16:10 - Time: 1753132570.099, current_contact_force: 10.977217095465148
23:16:10 - Time: 1753132570.099, jac: [[-2.72206897e-04  9.32266172e-02 -3.01279498e-04  3.01266506e-01
   3.35599623e-04 -1.25775736e-01 -1.62630326e-19]
 [ 4.96077902e-01 -1.32885936e-04  4.33957213e-01 -2.88772649e-04
   1.16316331e-01  3.25686033e-04  0.00000000e+00]
 [ 0.00000000e+00 -4.96077010e-01  3.36083451e-04  3.51941773e-01
   5.76470484e-04  7.50721028e-03 -2.16840434e-19]
 [ 0.00000000e+00  1.42540623e-03  3.43180370e-01 -6.10855784e-04
   8.98619048e-01  2.88518476e-03 -5.95672440e-02]
 [ 0.00000000e+00  9.99998984e-01 -4.89171936e-04 -9.99999769e-01
  -4.18355432e-04  9.99983557e-01  5.11905780e-03]
 [ 1.00000000e+00  3.33066907e-16  9.39269394e-01 -2.97612283e-04
  -4.38729565e-01  4.95597653e-03 -9.98211169e-01]]
23:16:10 - Time: 1753132570.099, tau: [ 1.80302279e-02  5.03745182e-01  9.96204256e-03 -4.77301832e-01
  3.79879117e-03 -4.83304167e-02 -8.20279829e-06]
23:16:10 - Time: 1753132570.099, tau + g: [ 1.77660272e-02 -3.94740564e+01 -2.73411311e-01  2.01629334e+01
 -6.32234882e-01  2.37646463e-02 -9.78188023e-06]
23:16:10 - Time: 1753132570.105, current_contact_force: 10.976526298671853
23:16:10 - Time: 1753132570.105, jac: [[-2.74590459e-04  9.32267025e-02 -3.03834916e-04  3.01259836e-01
   3.38703268e-04 -1.25774914e-01 -4.60785923e-19]
 [ 4.96085160e-01 -1.33804330e-04  4.33952225e-01 -2.91081833e-04
   1.16322327e-01  3.28624480e-04  0.00000000e+00]
 [ 0.00000000e+00 -4.96084255e-01  3.38624226e-04  3.51931008e-01
   5.81584953e-04  7.52084460e-03  8.67361738e-19]
 [ 0.00000000e+00  1.43525609e-03  3.43223267e-01 -6.16849730e-04
   8.98626160e-01  2.91171616e-03 -5.96752039e-02]
 [ 0.00000000e+00  9.99998970e-01 -4.92613791e-04 -9.99999765e-01
  -4.23113765e-04  9.99983262e-01  5.16455363e-03]
 [ 1.00000000e+00  2.22044605e-16  9.39253718e-01 -2.99063491e-04
  -4.38714994e-01  4.99968693e-03 -9.98204487e-01]]
23:16:10 - Time: 1753132570.105, tau: [ 1.79466222e-02  5.05968605e-01  9.92208778e-03 -4.77008768e-01
  3.75797569e-03 -4.82697145e-02 -8.27997125e-06]
23:16:10 - Time: 1753132570.105, tau + g: [ 1.76870345e-02 -3.94742800e+01 -2.73433413e-01  2.01632535e+01
 -6.32232270e-01  2.39560318e-02 -9.82958841e-06]
23:16:10 - Time: 1753132570.109, current_contact_force: 10.975839845555992
23:16:10 - Time: 1753132570.109, jac: [[-2.76966702e-04  9.32267871e-02 -3.06381795e-04  3.01253248e-01
   3.41796925e-04 -1.25774103e-01 -1.62630326e-19]
 [ 4.96092387e-01 -1.34717916e-04  4.33947352e-01 -2.93381094e-04
   1.16328225e-01  3.31553156e-04  5.55111512e-17]
 [ 0.00000000e+00 -4.96091469e-01  3.41153833e-04  3.51920435e-01
   5.86682127e-04  7.53425316e-03  0.00000000e+00]
 [ 0.00000000e+00  1.44505436e-03  3.43265631e-01 -6.22824904e-04
   8.98633186e-01  2.93816142e-03 -5.97813708e-02]
 [ 0.00000000e+00  9.99998956e-01 -4.96038015e-04 -9.99999761e-01
  -4.27860569e-04  9.99982966e-01  5.20989600e-03]
 [ 1.00000000e+00  2.22044605e-16  9.39238234e-01 -3.00502580e-04
  -4.38700597e-01  5.04324839e-03 -9.98197899e-01]]
23:16:10 - Time: 1753132570.109, tau: [ 1.78625796e-02  5.08179971e-01  9.88171977e-03 -4.76719026e-01
  3.71734947e-03 -4.82091458e-02 -8.35617541e-06]
23:16:10 - Time: 1753132570.109, tau + g: [ 1.76075305e-02 -3.94744857e+01 -2.73455849e-01  2.01635704e+01
 -6.32229560e-01  2.41451216e-02 -9.87673255e-06]
23:16:10 - Time: 1753132570.114, current_contact_force: 10.975157585525508
23:16:10 - Time: 1753132570.114, jac: [[-2.79335662e-04  9.32268712e-02 -3.08920179e-04  3.01246740e-01
   3.44880618e-04 -1.25773305e-01 -3.25260652e-19]
 [ 4.96099582e-01 -1.35626724e-04  4.33942593e-01 -2.95670476e-04
   1.16334026e-01  3.34472115e-04  0.00000000e+00]
 [ 0.00000000e+00 -4.96098650e-01  3.43672327e-04  3.51910052e-01
   5.91762060e-04  7.54743812e-03  4.33680869e-19]
 [ 0.00000000e+00  1.45480137e-03  3.43307468e-01 -6.28781320e-04
   8.98640128e-01  2.96452081e-03 -5.98857617e-02]
 [ 0.00000000e+00  9.99998942e-01 -4.99444703e-04 -9.99999757e-01
  -4.32595806e-04  9.99982669e-01  5.25508540e-03]
 [ 1.00000000e+00  1.11022302e-16  9.39222941e-01 -3.01929656e-04
  -4.38686371e-01  5.08666145e-03 -9.98191404e-01]]
23:16:10 - Time: 1753132570.114, tau: [ 1.77781233e-02  5.10379242e-01  9.84095067e-03 -4.76432628e-01
  3.67691231e-03 -4.81487108e-02 -8.43142248e-06]
23:16:10 - Time: 1753132570.114, tau + g: [ 1.75275397e-02 -3.94746739e+01 -2.73478609e-01  2.01638840e+01
 -6.32226754e-01  2.43319362e-02 -9.92332027e-06]
23:16:10 - Time: 1753132570.120, current_contact_force: 10.974479372976086
23:16:10 - Time: 1753132570.120, jac: [[-2.81697372e-04  9.32269547e-02 -3.11450108e-04  3.01240312e-01
   3.47954372e-04 -1.25772519e-01  0.00000000e+00]
 [ 4.96106745e-01 -1.36530784e-04  4.33937948e-01 -2.97950021e-04
   1.16339730e-01  3.37381412e-04  5.55111512e-17]
 [ 0.00000000e+00 -4.96105801e-01  3.46179765e-04  3.51899857e-01
   5.96824809e-04  7.56040165e-03  4.33680869e-19]
 [ 0.00000000e+00  1.46449745e-03  3.43348781e-01 -6.34718992e-04
   8.98646987e-01  2.99079460e-03 -5.99883937e-02]
 [ 0.00000000e+00  9.99998928e-01 -5.02833952e-04 -9.99999753e-01
  -4.37319442e-04  9.99982369e-01  5.30012229e-03]
 [ 1.00000000e+00  0.00000000e+00  9.39207837e-01 -3.03344824e-04
  -4.38672317e-01  5.12992668e-03 -9.98185004e-01]]
23:16:10 - Time: 1753132570.120, tau: [ 1.76932759e-02  5.12566380e-01  9.79979245e-03 -4.76149594e-01
  3.63666394e-03 -4.80884098e-02 -8.50572399e-06]
23:16:10 - Time: 1753132570.120, tau + g: [ 1.74470855e-02 -3.94748449e+01 -2.73501682e-01  2.01641944e+01
 -6.32223852e-01  2.45164958e-02 -9.96935899e-06]
23:16:10 - Time: 1753132570.124, current_contact_force: 10.973805067491929
23:16:10 - Time: 1753132570.124, jac: [[-2.84051865e-04  9.32270376e-02 -3.13971625e-04  3.01233963e-01
   3.51018212e-04 -1.25771744e-01 -3.79470760e-19]
 [ 4.96113877e-01 -1.37430126e-04  4.33933414e-01 -3.00219775e-04
   1.16345340e-01  3.40281100e-04  5.55111512e-17]
 [ 0.00000000e+00 -4.96112920e-01  3.48676201e-04  3.51889849e-01
   6.01870431e-04  7.57314586e-03  4.33680869e-19]
 [ 0.00000000e+00  1.47414291e-03  3.43389576e-01 -6.40637938e-04
   8.98653763e-01  3.01698305e-03 -6.00892839e-02]
 [ 0.00000000e+00  9.99998913e-01 -5.06205859e-04 -9.99999748e-01
  -4.42031442e-04  9.99982069e-01  5.34500716e-03]
 [ 1.00000000e+00  3.33066907e-16  9.39192921e-01 -3.04748189e-04
  -4.38658431e-01  5.17304466e-03 -9.98178696e-01]]
23:16:10 - Time: 1753132570.124, tau: [ 1.76080597e-02  5.14741347e-01  9.75825686e-03 -4.75869937e-01
  3.59660409e-03 -4.80282429e-02 -8.57909134e-06]
23:16:10 - Time: 1753132570.124, tau + g: [ 1.73661911e-02 -3.94749989e+01 -2.73525056e-01  2.01645015e+01
 -6.32220854e-01  2.46988206e-02 -1.00148560e-05]
23:16:10 - Time: 1753132570.131, current_contact_force: 10.973134533967439
23:16:10 - Time: 1753132570.131, jac: [[-2.86399175e-04  9.32271199e-02 -3.16484770e-04  3.01227693e-01
   3.54072164e-04 -1.25770982e-01 -2.16840434e-19]
 [ 4.96120979e-01 -1.38324781e-04  4.33928991e-01 -3.02479781e-04
   1.16350855e-01  3.43171234e-04 -5.55111512e-17]
 [ 0.00000000e+00 -4.96120008e-01  3.51161692e-04  3.51880025e-01
   6.06898981e-04  7.58567288e-03  0.00000000e+00]
 [ 0.00000000e+00  1.48373808e-03  3.43429858e-01 -6.46538175e-04
   8.98660457e-01  3.04308643e-03 -6.01884490e-02]
 [ 0.00000000e+00  9.99998899e-01 -5.09560521e-04 -9.99999744e-01
  -4.46731777e-04  9.99981766e-01  5.38974051e-03]
 [ 1.00000000e+00  4.44089210e-16  9.39178190e-01 -3.06139857e-04
  -4.38644712e-01  5.21601595e-03 -9.98172481e-01]]
23:16:10 - Time: 1753132570.131, tau: [ 1.75224961e-02  5.16904104e-01  9.71635544e-03 -4.75593669e-01
  3.55673240e-03 -4.79682102e-02 -8.65153574e-06]
23:16:10 - Time: 1753132570.131, tau + g: [ 1.72848791e-02 -3.94751363e+01 -2.73548722e-01  2.01648053e+01
 -6.32217760e-01  2.48789308e-02 -1.00598182e-05]
23:16:10 - Time: 1753132570.137, current_contact_force: 10.972467642713527
23:16:10 - Time: 1753132570.137, jac: [[-2.88739334e-04  9.32272017e-02 -3.18989586e-04  3.01221501e-01
   3.57116254e-04 -1.25770230e-01 -2.71050543e-19]
 [ 4.96128049e-01 -1.39214778e-04  4.33924678e-01 -3.04730084e-04
   1.16356277e-01  3.46051867e-04 -5.55111512e-17]
 [ 0.00000000e+00 -4.96127065e-01  3.53636294e-04  3.51870383e-01
   6.11910517e-04  7.59798481e-03  0.00000000e+00]
 [ 0.00000000e+00  1.49328330e-03  3.43469632e-01 -6.52419724e-04
   8.98667070e-01  3.06910503e-03 -6.02859058e-02]
 [ 0.00000000e+00  9.99998885e-01 -5.12898035e-04 -9.99999740e-01
  -4.51420415e-04  9.99981462e-01  5.43432281e-03]
 [ 1.00000000e+00  1.11022302e-16  9.39163643e-01 -3.07519932e-04
  -4.38631159e-01  5.25884113e-03 -9.98166358e-01]]
23:16:10 - Time: 1753132570.137, tau: [ 1.74366061e-02  5.19054610e-01  9.67409952e-03 -4.75320799e-01
  3.51704852e-03 -4.79083119e-02 -8.72306828e-06]
23:16:10 - Time: 1753132570.137, tau + g: [ 1.72031714e-02 -3.94752574e+01 -2.73572669e-01  2.01651058e+01
 -6.32214573e-01  2.50568464e-02 -1.01042528e-05]
23:16:10 - Time: 1753132570.142, current_contact_force: 10.97180426949779
23:16:10 - Time: 1753132570.142, jac: [[-2.91072375e-04  9.32272830e-02 -3.21486113e-04  3.01215386e-01
   3.60150509e-04 -1.25769491e-01 -3.79470760e-19]
 [ 4.96135089e-01 -1.40100149e-04  4.33920473e-01 -3.06970730e-04
   1.16361606e-01  3.48923052e-04  0.00000000e+00]
 [ 0.00000000e+00 -4.96134091e-01  3.56100063e-04  3.51860923e-01
   6.16905097e-04  7.61008376e-03 -4.33680869e-19]
 [ 0.00000000e+00  1.50277887e-03  3.43508901e-01 -6.58282608e-04
   8.98673603e-01  3.09503912e-03 -6.03816710e-02]
 [ 0.00000000e+00  9.99998871e-01 -5.16218501e-04 -9.99999736e-01
  -4.56097331e-04  9.99981157e-01  5.47875458e-03]
 [ 1.00000000e+00  2.22044605e-16  9.39149279e-01 -3.08888518e-04
  -4.38617770e-01  5.30152078e-03 -9.98160326e-01]]
23:16:10 - Time: 1753132570.142, tau: [ 1.73504102e-02  5.21192827e-01  9.63150020e-03 -4.75051331e-01
  3.47755202e-03 -4.78485479e-02 -8.79369985e-06]
23:16:10 - Time: 1753132570.142, tau + g: [ 1.71210893e-02 -3.94753626e+01 -2.73596887e-01  2.01654029e+01
 -6.32211291e-01  2.52325874e-02 -1.01481663e-05]
23:16:10 - Time: 1753132570.147, current_contact_force: 10.971144295568527
23:16:10 - Time: 1753132570.147, jac: [[-2.93398330e-04  9.32273637e-02 -3.23974392e-04  3.01209348e-01
   3.63174957e-04 -1.25768763e-01 -1.62630326e-19]
 [ 4.96142099e-01 -1.40980923e-04  4.33916377e-01 -3.09201764e-04
   1.16366844e-01  3.51784844e-04  0.00000000e+00]
 [ 0.00000000e+00 -4.96141088e-01  3.58553056e-04  3.51851642e-01
   6.21882780e-04  7.62197179e-03 -4.33680869e-19]
 [ 0.00000000e+00  1.51222513e-03  3.43547672e-01 -6.64126851e-04
   8.98680056e-01  3.12088898e-03 -6.04757609e-02]
 [ 0.00000000e+00  9.99998857e-01 -5.19522015e-04 -9.99999731e-01
  -4.60762498e-04  9.99980850e-01  5.52303631e-03]
 [ 1.00000000e+00  1.11022302e-16  9.39135095e-01 -3.10245718e-04
  -4.38604543e-01  5.34405548e-03 -9.98154386e-01]]
23:16:10 - Time: 1753132570.147, tau: [ 1.72639279e-02  5.23318714e-01  9.58856831e-03 -4.74785268e-01
  3.43824246e-03 -4.77889183e-02 -8.86344124e-06]
23:16:10 - Time: 1753132570.147, tau + g: [ 1.70386535e-02 -3.94754520e+01 -2.73621367e-01  2.01656968e+01
 -6.32207916e-01  2.54061736e-02 -1.01915654e-05]
23:16:10 - Time: 1753132570.152, current_contact_force: 10.970487607639923
23:16:10 - Time: 1753132570.152, jac: [[-2.95717232e-04  9.32274439e-02 -3.26454462e-04  3.01203385e-01
   3.66189624e-04 -1.25768047e-01 -4.33680869e-19]
 [ 4.96149078e-01 -1.41857130e-04  4.33912386e-01 -3.11423231e-04
   1.16371992e-01  3.54637294e-04 -5.55111512e-17]
 [ 0.00000000e+00 -4.96148053e-01  3.60995328e-04  3.51842539e-01
   6.26843624e-04  7.63365098e-03  0.00000000e+00]
 [ 0.00000000e+00  1.52162239e-03  3.43585947e-01 -6.69952478e-04
   8.98686430e-01  3.14665490e-03 -6.05681921e-02]
 [ 0.00000000e+00  9.99998842e-01 -5.22808676e-04 -9.99999727e-01
  -4.65415893e-04  9.99980542e-01  5.56716852e-03]
 [ 1.00000000e+00  1.11022302e-16  9.39121091e-01 -3.11591635e-04
  -4.38591477e-01  5.38644580e-03 -9.98148536e-01]]
23:16:10 - Time: 1753132570.152, tau: [ 1.71771787e-02  5.25432233e-01  9.54531448e-03 -4.74522609e-01
  3.39911934e-03 -4.77294230e-02 -8.93230307e-06]
23:16:10 - Time: 1753132570.152, tau + g: [ 1.69558842e-02 -3.94755260e+01 -2.73646098e-01  2.01659874e+01
 -6.32204449e-01  2.55776249e-02 -1.02344565e-05]
23:16:10 - Time: 1753132570.158, current_contact_force: 10.96983409783233
23:16:10 - Time: 1753132570.158, jac: [[-2.98029112e-04  9.32275235e-02 -3.28926365e-04  3.01197497e-01
   3.69194538e-04 -1.25767342e-01 -3.79470760e-19]
 [ 4.96156027e-01 -1.42728801e-04  4.33908502e-01 -3.13635178e-04
   1.16377050e-01  3.57480455e-04  5.55111512e-17]
 [ 0.00000000e+00 -4.96154989e-01  3.63426936e-04  3.51833611e-01
   6.31787689e-04  7.64512337e-03  4.33680869e-19]
 [ 0.00000000e+00  1.53097099e-03  3.43623734e-01 -6.75759518e-04
   8.98692727e-01  3.17233715e-03 -6.06589809e-02]
 [ 0.00000000e+00  9.99998828e-01 -5.26078583e-04 -9.99999723e-01
  -4.70057493e-04  9.99980233e-01  5.61115170e-03]
 [ 1.00000000e+00  1.11022302e-16  9.39107264e-01 -3.12926372e-04
  -4.38578570e-01  5.42869233e-03 -9.98142777e-01]]
23:16:10 - Time: 1753132570.158, tau: [ 1.70901810e-02  5.27533345e-01  9.50174906e-03 -4.74263351e-01
  3.36018213e-03 -4.76700621e-02 -9.00029582e-06]
23:16:10 - Time: 1753132570.158, tau + g: [ 1.68728009e-02 -3.94755850e+01 -2.73671071e-01  2.01662746e+01
 -6.32200890e-01  2.57469607e-02 -1.02768461e-05]
23:16:10 - Time: 1753132570.163, current_contact_force: 10.969183663629579
23:16:10 - Time: 1753132570.163, jac: [[-3.00334001e-04  9.32276027e-02 -3.31390138e-04  3.01191683e-01
   3.72189728e-04 -1.25766648e-01  1.08420217e-19]
 [ 4.96162947e-01 -1.43595965e-04  4.33904722e-01 -3.15837650e-04
   1.16382020e-01  3.60314380e-04 -5.55111512e-17]
 [ 0.00000000e+00 -4.96161896e-01  3.65847936e-04  3.51824857e-01
   6.36715034e-04  7.65639101e-03  0.00000000e+00]
 [ 0.00000000e+00  1.54027124e-03  3.43661034e-01 -6.81547999e-04
   8.98698946e-01  3.19793603e-03 -6.07481435e-02]
 [ 0.00000000e+00  9.99998814e-01 -5.29331835e-04 -9.99999718e-01
  -4.74687279e-04  9.99979922e-01  5.65498637e-03]
 [ 1.00000000e+00  1.11022302e-16  9.39093613e-01 -3.14250029e-04
  -4.38565821e-01  5.47079566e-03 -9.98137107e-01]]
23:16:10 - Time: 1753132570.163, tau: [ 1.70029528e-02  5.29622012e-01  9.45788216e-03 -4.74007488e-01
  3.32143029e-03 -4.76108354e-02 -9.06742984e-06]
23:16:10 - Time: 1753132570.163, tau + g: [ 1.67894227e-02 -3.94756291e+01 -2.73696277e-01  2.01665586e+01
 -6.32197239e-01  2.59142008e-02 -1.03187402e-05]
23:16:10 - Time: 1753132570.168, current_contact_force: 10.968536207751745
23:16:10 - Time: 1753132570.168, jac: [[-3.02631930e-04  9.32276814e-02 -3.33845822e-04  3.01185944e-01
   3.75175222e-04 -1.25765966e-01 -3.25260652e-19]
 [ 4.96169837e-01 -1.44458653e-04  4.33901045e-01 -3.18030694e-04
   1.16386902e-01  3.63139122e-04 -5.55111512e-17]
 [ 0.00000000e+00 -4.96168772e-01  3.68258385e-04  3.51816275e-01
   6.41625718e-04  7.66745592e-03  0.00000000e+00]
 [ 0.00000000e+00  1.54952346e-03  3.43697855e-01 -6.87317951e-04
   8.98705088e-01  3.22345183e-03 -6.08356958e-02]
 [ 0.00000000e+00  9.99998799e-01 -5.32568529e-04 -9.99999714e-01
  -4.79305233e-04  9.99979609e-01  5.69867306e-03]
 [ 1.00000000e+00  2.22044605e-16  9.39080136e-01 -3.15562709e-04
  -4.38553229e-01  5.51275636e-03 -9.98131526e-01]]
23:16:10 - Time: 1753132570.168, tau: [ 1.69155117e-02  5.31698197e-01  9.41372362e-03 -4.73755014e-01
  3.28286321e-03 -4.75517429e-02 -9.13371533e-06]
23:16:10 - Time: 1753132570.168, tau + g: [ 1.67057677e-02 -3.94756588e+01 -2.73721708e-01  2.01668393e+01
 -6.32193499e-01  2.60793645e-02 -1.03601450e-05]
23:16:10 - Time: 1753132570.173, current_contact_force: 10.967891638078907
23:16:10 - Time: 1753132570.173, jac: [[-3.04922930e-04  9.32277595e-02 -3.36293456e-04  3.01180277e-01
   3.78151050e-04 -1.25765295e-01 -3.79470760e-19]
 [ 4.96176697e-01 -1.45316894e-04  4.33897471e-01 -3.20214356e-04
   1.16391698e-01  3.65954731e-04 -5.55111512e-17]
 [ 0.00000000e+00 -4.96175619e-01  3.70658339e-04  3.51807864e-01
   6.46519802e-04  7.67832011e-03  4.33680869e-19]
 [ 0.00000000e+00  1.55872799e-03  3.43734199e-01 -6.93069408e-04
   8.98711156e-01  3.24888483e-03 -6.09216541e-02]
 [ 0.00000000e+00  9.99998785e-01 -5.35788766e-04 -9.99999710e-01
  -4.83911336e-04  9.99979296e-01  5.74221227e-03]
 [ 1.00000000e+00  1.11022302e-16  9.39066831e-01 -3.16864512e-04
  -4.38540790e-01  5.55457503e-03 -9.98126034e-01]]
23:16:10 - Time: 1753132570.173, tau: [ 1.68278744e-02  5.33761864e-01  9.36928305e-03 -4.73505920e-01
  3.24448028e-03 -4.74927844e-02 -9.19916238e-06]
23:16:10 - Time: 1753132570.173, tau + g: [ 1.66218539e-02 -3.94756742e+01 -2.73747354e-01  2.01671166e+01
 -6.32189668e-01  2.62424712e-02 -1.04010663e-05]
23:16:10 - Time: 1753132570.178, current_contact_force: 10.967249867493853
23:16:10 - Time: 1753132570.178, jac: [[-3.07207030e-04  9.32278372e-02 -3.38733078e-04  3.01174682e-01
   3.81117239e-04 -1.25764635e-01 -3.79470760e-19]
 [ 4.96183529e-01 -1.46170719e-04  4.33893998e-01 -3.22388684e-04
   1.16396407e-01  3.68761260e-04  5.55111512e-17]
 [ 0.00000000e+00 -4.96182437e-01  3.73047854e-04  3.51799622e-01
   6.51397346e-04  7.68898558e-03  4.33680869e-19]
 [ 0.00000000e+00  1.56788512e-03  3.43770071e-01 -6.98802402e-04
   8.98717148e-01  3.27423532e-03 -6.10060340e-02]
 [ 0.00000000e+00  9.99998771e-01 -5.38992643e-04 -9.99999705e-01
  -4.88505574e-04  9.99978980e-01  5.78560452e-03]
 [ 1.00000000e+00  0.00000000e+00  9.39053698e-01 -3.18155536e-04
  -4.38528505e-01  5.59625223e-03 -9.98120629e-01]]
23:16:10 - Time: 1753132570.178, tau: [ 1.67400572e-02  5.35812979e-01  9.32456978e-03 -4.73260192e-01
  3.20628084e-03 -4.74339599e-02 -9.26378094e-06]
23:16:10 - Time: 1753132570.178, tau + g: [ 1.65376985e-02 -3.94756758e+01 -2.73773207e-01  2.01673908e+01
 -6.32185749e-01  2.64035400e-02 -1.04415101e-05]
23:16:10 - Time: 1753132570.181, current_contact_force: 10.966610813759035
23:16:10 - Time: 1753132570.181, jac: [[-3.09484262e-04  9.32279144e-02 -3.41164726e-04  3.01169159e-01
   3.84073820e-04 -1.25763987e-01 -2.16840434e-19]
 [ 4.96190331e-01 -1.47020156e-04  4.33890625e-01 -3.24553723e-04
   1.16401032e-01  3.71558760e-04 -5.55111512e-17]
 [ 0.00000000e+00 -4.96189226e-01  3.75426987e-04  3.51791547e-01
   6.56258410e-04  7.69945431e-03 -4.33680869e-19]
 [ 0.00000000e+00  1.57699520e-03  3.43805477e-01 -7.04516967e-04
   8.98723066e-01  3.29950361e-03 -6.10888513e-02]
 [ 0.00000000e+00  9.99998757e-01 -5.42180260e-04 -9.99999701e-01
  -4.93087932e-04  9.99978664e-01  5.82885035e-03]
 [ 1.00000000e+00  2.22044605e-16  9.39040734e-01 -3.19435883e-04
  -4.38516371e-01  5.63778857e-03 -9.98115312e-01]]
23:16:10 - Time: 1753132570.181, tau: [ 1.66520759e-02  5.37851508e-01  9.27959291e-03 -4.73017820e-01
  3.16826421e-03 -4.73752691e-02 -9.32758084e-06]
23:16:10 - Time: 1753132570.181, tau + g: [ 1.64533180e-02 -3.94756637e+01 -2.73799260e-01  2.01676616e+01
 -6.32181742e-01  2.65625902e-02 -1.04814821e-05]
23:16:10 - Time: 1753132570.191, current_contact_force: 10.965974399351282
23:16:10 - Time: 1753132570.191, jac: [[-3.11754653e-04  9.32279912e-02 -3.43588438e-04  3.01163708e-01
   3.87020822e-04 -1.25763349e-01 -2.16840434e-19]
 [ 4.96197105e-01 -1.47865236e-04  4.33887352e-01 -3.26709522e-04
   1.16405573e-01  3.74347281e-04 -5.55111512e-17]
 [ 0.00000000e+00 -4.96195986e-01  3.77795793e-04  3.51783638e-01
   6.61103054e-04  7.70972827e-03  0.00000000e+00]
 [ 0.00000000e+00  1.58605853e-03  3.43840419e-01 -7.10213141e-04
   8.98728910e-01  3.32468997e-03 -6.11701217e-02]
 [ 0.00000000e+00  9.99998742e-01 -5.45351715e-04 -9.99999696e-01
  -4.97658399e-04  9.99978346e-01  5.87195026e-03]
 [ 1.00000000e+00  1.11022302e-16  9.39027938e-01 -3.20705649e-04
  -4.38504388e-01  5.67918462e-03 -9.98110082e-01]]
23:16:10 - Time: 1753132570.191, tau: [ 1.65639457e-02  5.39877419e-01  9.23436126e-03 -4.72778789e-01
  3.13042968e-03 -4.73167119e-02 -9.39057177e-06]
23:16:10 - Time: 1753132570.191, tau + g: [ 1.63687285e-02 -3.94756382e+01 -2.73825504e-01  2.01679292e+01
 -6.32177647e-01  2.67196406e-02 -1.05209879e-05]
23:16:10 - Time: 1753132570.199, current_contact_force: 10.96534055130805
23:16:10 - Time: 1753132570.199, jac: [[-3.14018235e-04  9.32280676e-02 -3.46004252e-04  3.01158326e-01
   3.89958274e-04 -1.25762722e-01 -1.62630326e-19]
 [ 4.96203850e-01 -1.48705989e-04  4.33884178e-01 -3.28856126e-04
   1.16410031e-01  3.77126875e-04  0.00000000e+00]
 [ 0.00000000e+00 -4.96202718e-01  3.80154328e-04  3.51775892e-01
   6.65931340e-04  7.71980942e-03 -4.33680869e-19]
 [ 0.00000000e+00  1.59507542e-03  3.43874904e-01 -7.15890961e-04
   8.98734682e-01  3.34979472e-03 -6.12498608e-02]
 [ 0.00000000e+00  9.99998728e-01 -5.48507106e-04 -9.99999692e-01
  -5.02216964e-04  9.99978027e-01  5.91490480e-03]
 [ 1.00000000e+00  2.22044605e-16  9.39015308e-01 -3.21964934e-04
  -4.38492553e-01  5.72044096e-03 -9.98104939e-01]]
23:16:10 - Time: 1753132570.199, tau: [ 1.64756812e-02  5.41890683e-01  9.18888344e-03 -4.72543082e-01
  3.09277652e-03 -4.72582882e-02 -9.45276333e-06]
23:16:10 - Time: 1753132570.199, tau + g: [ 1.62839456e-02 -3.94755997e+01 -2.73851931e-01  2.01681936e+01
 -6.32173467e-01  2.68747101e-02 -1.05600329e-05]
23:16:10 - Time: 1753132570.206, current_contact_force: 10.964709201044004
23:16:10 - Time: 1753132570.206, jac: [[-3.16275034e-04  9.32281435e-02 -3.48412205e-04  3.01153014e-01
   3.92886207e-04 -1.25762106e-01 -1.08420217e-19]
 [ 4.96210567e-01 -1.49542443e-04  4.33881101e-01 -3.30993584e-04
   1.16414406e-01  3.79897591e-04  5.55111512e-17]
 [ 0.00000000e+00 -4.96209421e-01  3.82502649e-04  3.51768309e-01
   6.70743328e-04  7.72969969e-03  0.00000000e+00]
 [ 0.00000000e+00  1.60404621e-03  3.43908935e-01 -7.21550464e-04
   8.98740382e-01  3.37481813e-03 -6.13280839e-02]
 [ 0.00000000e+00  9.99998714e-01 -5.51646533e-04 -9.99999687e-01
  -5.06763616e-04  9.99977707e-01  5.95771448e-03]
 [ 1.00000000e+00  2.22044605e-16  9.39002844e-01 -3.23213834e-04
  -4.38480865e-01  5.76155819e-03 -9.98099881e-01]]
23:16:10 - Time: 1753132570.206, tau: [ 1.63872965e-02  5.43891271e-01  9.14316778e-03 -4.72310683e-01
  3.05530398e-03 -4.71999977e-02 -9.51416497e-06]
23:16:10 - Time: 1753132570.206, tau + g: [ 1.61989844e-02 -3.94755484e+01 -2.73878534e-01  2.01684548e+01
 -6.32169200e-01  2.70278175e-02 -1.05986228e-05]
23:16:10 - Time: 1753132570.214, current_contact_force: 10.964080284186881
23:16:10 - Time: 1753132570.214, jac: [[-3.18525080e-04  9.32282190e-02 -3.50812333e-04  3.01147771e-01
   3.95804652e-04 -1.25761501e-01 -2.16840434e-19]
 [ 4.96217255e-01 -1.50374628e-04  4.33878120e-01 -3.33121942e-04
   1.16418701e-01  3.82659480e-04 -5.55111512e-17]
 [ 0.00000000e+00 -4.96216096e-01  3.84840811e-04  3.51760886e-01
   6.75539079e-04  7.73940101e-03  0.00000000e+00]
 [ 0.00000000e+00  1.61297120e-03  3.43942516e-01 -7.27191690e-04
   8.98746011e-01  3.39976051e-03 -6.14048063e-02]
 [ 0.00000000e+00  9.99998699e-01 -5.54770093e-04 -9.99999683e-01
  -5.11298349e-04  9.99977386e-01  6.00037983e-03]
 [ 1.00000000e+00  1.11022302e-16  9.38990542e-01 -3.24452446e-04
  -4.38469322e-01  5.80253687e-03 -9.98094908e-01]]
23:16:10 - Time: 1753132570.214, tau: [ 1.62988052e-02  5.45879157e-01  9.09722239e-03 -4.72081574e-01
  3.01801127e-03 -4.71418402e-02 -9.57478605e-06]
23:16:10 - Time: 1753132570.214, tau + g: [ 1.61138592e-02 -3.94754845e+01 -2.73905306e-01  2.01687128e+01
 -6.32164849e-01  2.71789815e-02 -1.06367628e-05]
23:16:10 - Time: 1753132570.219, current_contact_force: 10.963453740387301
23:16:10 - Time: 1753132570.219, jac: [[-3.20768402e-04  9.32282941e-02 -3.53204673e-04  3.01142596e-01
   3.98713637e-04 -1.25760907e-01 -3.25260652e-19]
 [ 4.96223916e-01 -1.51202573e-04  4.33875234e-01 -3.35241247e-04
   1.16422914e-01  3.85412591e-04  0.00000000e+00]
 [ 0.00000000e+00 -4.96222743e-01  3.87168869e-04  3.51753622e-01
   6.80318654e-04  7.74891530e-03 -4.33680869e-19]
 [ 0.00000000e+00  1.62185070e-03  3.43975652e-01 -7.32814681e-04
   8.98751569e-01  3.42462216e-03 -6.14800433e-02]
 [ 0.00000000e+00  9.99998685e-01 -5.57877886e-04 -9.99999678e-01
  -5.15821155e-04  9.99977063e-01  6.04290139e-03]
 [ 1.00000000e+00  3.33066907e-16  9.38978402e-01 -3.25680865e-04
  -4.38457924e-01  5.84337760e-03 -9.98090020e-01]]
23:16:10 - Time: 1753132570.219, tau: [ 1.62102205e-02  5.47854315e-01  9.05105511e-03 -4.71855734e-01
  2.98089760e-03 -4.70838156e-02 -9.63463580e-06]
23:16:10 - Time: 1753132570.219, tau + g: [ 1.60285840e-02 -3.94754084e+01 -2.73932240e-01  2.01689676e+01
 -6.32160415e-01  2.73282204e-02 -1.06744581e-05]
23:16:10 - Time: 1753132570.224, current_contact_force: 10.962829513135498
23:16:10 - Time: 1753132570.224, jac: [[-3.23005025e-04  9.32283688e-02 -3.55589261e-04  3.01137489e-01
   4.01613195e-04 -1.25760324e-01 -3.25260652e-19]
 [ 4.96230549e-01 -1.52026307e-04  4.33872443e-01 -3.37351548e-04
   1.16427048e-01  3.88156973e-04  0.00000000e+00]
 [ 0.00000000e+00 -4.96229362e-01  3.89486880e-04  3.51746516e-01
   6.85082115e-04  7.75824446e-03  0.00000000e+00]
 [ 0.00000000e+00  1.63068503e-03  3.44008347e-01 -7.38419478e-04
   8.98757057e-01  3.44940336e-03 -6.15538099e-02]
 [ 0.00000000e+00  9.99998670e-01 -5.60970008e-04 -9.99999674e-01
  -5.20332028e-04  9.99976739e-01  6.08527968e-03]
 [ 1.00000000e+00  3.33066907e-16  9.38966422e-01 -3.26899187e-04
  -4.38446668e-01  5.88408096e-03 -9.98085216e-01]]
23:16:10 - Time: 1753132570.224, tau: [ 1.61215550e-02  5.49816724e-01  9.00467360e-03 -4.71633146e-01
  2.94396216e-03 -4.70259235e-02 -9.69372338e-06]
23:16:10 - Time: 1753132570.224, tau + g: [ 1.59431725e-02 -3.94753204e+01 -2.73959329e-01  2.01692193e+01
 -6.32155897e-01  2.74755527e-02 -1.07117139e-05]
23:16:10 - Time: 1753132570.231, current_contact_force: 10.962207549585331
23:16:10 - Time: 1753132570.231, jac: [[-3.25234979e-04  9.32284432e-02 -3.57966133e-04  3.01132449e-01
   4.04503355e-04 -1.25759751e-01 -5.42101086e-20]
 [ 4.96237154e-01 -1.52845860e-04  4.33869746e-01 -3.39452890e-04
   1.16431104e-01  3.90892676e-04  0.00000000e+00]
 [ 0.00000000e+00 -4.96235954e-01  3.91794898e-04  3.51739565e-01
   6.89829521e-04  7.76739037e-03  0.00000000e+00]
 [ 0.00000000e+00  1.63947450e-03  3.44040606e-01 -7.44006124e-04
   8.98762477e-01  3.47410443e-03 -6.16261212e-02]
 [ 0.00000000e+00  9.99998656e-01 -5.64046558e-04 -9.99999669e-01
  -5.24830964e-04  9.99976414e-01  6.12751523e-03]
 [ 1.00000000e+00  4.44089210e-16  9.38954601e-01 -3.28107507e-04
  -4.38435554e-01  5.92464752e-03 -9.98080495e-01]]
23:16:10 - Time: 1753132570.231, tau: [ 1.60328208e-02  5.51766362e-01  8.95808524e-03 -4.71413786e-01
  2.90720410e-03 -4.69681639e-02 -9.75205778e-06]
23:16:10 - Time: 1753132570.231, tau + g: [ 1.58576374e-02 -3.94752205e+01 -2.73986567e-01  2.01694678e+01
 -6.32151298e-01  2.76209966e-02 -1.07485354e-05]
23:16:10 - Time: 1753132570.236, current_contact_force: 10.961587800356089
23:16:10 - Time: 1753132570.236, jac: [[-3.27458291e-04  9.32285172e-02 -3.60335325e-04  3.01127475e-01
   4.07384148e-04 -1.25759188e-01 -4.87890978e-19]
 [ 4.96243732e-01 -1.53661261e-04  4.33867141e-01 -3.41545322e-04
   1.16435081e-01  3.93619747e-04  5.55111512e-17]
 [ 0.00000000e+00 -4.96242518e-01  3.94092979e-04  3.51732768e-01
   6.94560935e-04  7.77635490e-03  0.00000000e+00]
 [ 0.00000000e+00  1.64821941e-03  3.44072432e-01 -7.49574663e-04
   8.98767828e-01  3.49872566e-03 -6.16969919e-02]
 [ 0.00000000e+00  9.99998642e-01 -5.67107633e-04 -9.99999665e-01
  -5.29317960e-04  9.99976088e-01  6.16960858e-03]
 [ 1.00000000e+00  3.33066907e-16  9.38942937e-01 -3.29305917e-04
  -4.38424580e-01  5.96507786e-03 -9.98075857e-01]]
23:16:10 - Time: 1753132570.236, tau: [ 1.59440297e-02  5.53703212e-01  8.91129721e-03 -4.71197634e-01
  2.87062257e-03 -4.69105364e-02 -9.80964794e-06]
23:16:10 - Time: 1753132570.236, tau + g: [ 1.57719915e-02 -3.94751093e+01 -2.74013947e-01  2.01697133e+01
 -6.32146618e-01  2.77645703e-02 -1.07849276e-05]
23:16:10 - Time: 1753132570.241, current_contact_force: 10.960970219359355
23:16:10 - Time: 1753132570.241, jac: [[-3.29674986e-04  9.32285908e-02 -3.62696870e-04  3.01122567e-01
   4.10255605e-04 -1.25758636e-01 -3.25260652e-19]
 [ 4.96250282e-01 -1.54472537e-04  4.33864627e-01 -3.43628891e-04
   1.16438982e-01  3.96338235e-04 -1.11022302e-16]
 [ 0.00000000e+00 -4.96249055e-01  3.96381177e-04  3.51726124e-01
   6.99276417e-04  7.78513990e-03 -4.33680869e-19]
 [ 0.00000000e+00  1.65692008e-03  3.44103831e-01 -7.55125138e-04
   8.98773111e-01  3.52326733e-03 -6.17664368e-02]
 [ 0.00000000e+00  9.99998627e-01 -5.70153331e-04 -9.99999660e-01
  -5.33793014e-04  9.99975761e-01  6.21156024e-03]
 [ 1.00000000e+00  2.22044605e-16  9.38931429e-01 -3.30494512e-04
  -4.38413744e-01  6.00537256e-03 -9.98071302e-01]]
23:16:10 - Time: 1753132570.241, tau: [ 1.58551929e-02  5.55627257e-01  8.86431648e-03 -4.70984668e-01
  2.83421671e-03 -4.68530408e-02 -9.86650268e-06]
23:16:10 - Time: 1753132570.241, tau + g: [ 1.56862467e-02 -3.94749867e+01 -2.74041464e-01  2.01699556e+01
 -6.32141857e-01  2.79062917e-02 -1.08208953e-05]
23:16:10 - Time: 1753132570.246, current_contact_force: 10.96035476360197
23:16:10 - Time: 1753132570.246, jac: [[-3.31885092e-04  9.32286641e-02 -3.65050805e-04  3.01117724e-01
   4.13117758e-04 -1.25758094e-01 -2.71050543e-19]
 [ 4.96256806e-01 -1.55279717e-04  4.33862205e-01 -3.45703643e-04
   1.16442806e-01  3.99048188e-04 -5.55111512e-17]
 [ 0.00000000e+00 -4.96255564e-01  3.98659548e-04  3.51719631e-01
   7.03976028e-04  7.79374723e-03  0.00000000e+00]
 [ 0.00000000e+00  1.66557682e-03  3.44134805e-01 -7.60657596e-04
   8.98778327e-01  3.54772977e-03 -6.18344706e-02]
 [ 0.00000000e+00  9.99998613e-01 -5.73183749e-04 -9.99999656e-01
  -5.38256126e-04  9.99975432e-01  6.25337077e-03]
 [ 1.00000000e+00  3.33066907e-16  9.38920075e-01 -3.31673384e-04
  -4.38403044e-01  6.04553220e-03 -9.98066828e-01]]
23:16:10 - Time: 1753132570.246, tau: [ 1.57663212e-02  5.57538484e-01  8.81714980e-03 -4.70774864e-01
  2.79798565e-03 -4.67956769e-02 -9.92263070e-06]
23:16:10 - Time: 1753132570.246, tau + g: [ 1.56004147e-02 -3.94748533e+01 -2.74069111e-01  2.01701949e+01
 -6.32137018e-01  2.80461787e-02 -1.08564436e-05]
23:16:10 - Time: 1753132570.253, current_contact_force: 10.959741393025096
23:16:10 - Time: 1753132570.253, jac: [[-3.34088636e-04  9.32287370e-02 -3.67397163e-04  3.01112946e-01
   4.15970638e-04 -1.25757563e-01 -4.33680869e-19]
 [ 4.96263302e-01 -1.56082831e-04  4.33859871e-01 -3.47769627e-04
   1.16446555e-01  4.01749653e-04 -5.55111512e-17]
 [ 0.00000000e+00 -4.96262047e-01  4.00928146e-04  3.51713287e-01
   7.08659831e-04  7.80217871e-03 -4.33680869e-19]
 [ 0.00000000e+00  1.67418992e-03  3.44165360e-01 -7.66172083e-04
   8.98783477e-01  3.57211325e-03 -6.19011078e-02]
 [ 0.00000000e+00  9.99998599e-01 -5.76198984e-04 -9.99999651e-01
  -5.42707295e-04  9.99975103e-01  6.29504069e-03]
 [ 1.00000000e+00  3.33066907e-16  9.38908874e-01 -3.32842623e-04
  -4.38392481e-01  6.08555735e-03 -9.98062436e-01]]
23:16:10 - Time: 1753132570.253, tau: [ 1.56774251e-02  5.59436880e-01  8.76980371e-03 -4.70568199e-01
  2.76192847e-03 -4.67384443e-02 -9.97804064e-06]
23:16:10 - Time: 1753132570.253, tau + g: [ 1.55145068e-02 -3.94747090e+01 -2.74096882e-01  2.01704311e+01
 -6.32132100e-01  2.81842490e-02 -1.08915772e-05]
23:16:10 - Time: 1753132570.261, current_contact_force: 10.959130070308424
23:16:10 - Time: 1753132570.261, jac: [[-3.36285642e-04  9.32288097e-02 -3.69735979e-04  3.01108231e-01
   4.18814275e-04 -1.25757042e-01 -3.79470760e-19]
 [ 4.96269772e-01 -1.56881906e-04  4.33857627e-01 -3.49826890e-04
   1.16450229e-01  4.04442677e-04  0.00000000e+00]
 [ 0.00000000e+00 -4.96268503e-01  4.03187025e-04  3.51707091e-01
   7.13327885e-04  7.81043615e-03  4.33680869e-19]
 [ 0.00000000e+00  1.68275970e-03  3.44195498e-01 -7.71668646e-04
   8.98788561e-01  3.59641809e-03 -6.19663628e-02]
 [ 0.00000000e+00  9.99998584e-01 -5.79199132e-04 -9.99999646e-01
  -5.47146522e-04  9.99974772e-01  6.33657052e-03]
 [ 1.00000000e+00  1.11022302e-16  9.38897824e-01 -3.34002322e-04
  -4.38382052e-01  6.12544858e-03 -9.98058123e-01]]
23:16:10 - Time: 1753132570.261, tau: [ 1.55885145e-02  5.61322436e-01  8.72228456e-03 -4.70364650e-01
  2.72604430e-03 -4.66813430e-02 -1.00327410e-05]
23:16:10 - Time: 1753132570.261, tau + g: [ 1.54285337e-02 -3.94745543e+01 -2.74124773e-01  2.01706644e+01
 -6.32127105e-01  2.83205204e-02 -1.09263008e-05]
23:16:10 - Time: 1753132570.263, current_contact_force: 10.958520760712176
23:16:10 - Time: 1753132570.263, jac: [[-3.38476136e-04  9.32288820e-02 -3.72067286e-04  3.01103580e-01
   4.21648702e-04 -1.25756531e-01 -4.87890978e-19]
 [ 4.96276215e-01 -1.57676970e-04  4.33855470e-01 -3.51875478e-04
   1.16453829e-01  4.07127307e-04  0.00000000e+00]
 [ 0.00000000e+00 -4.96274933e-01  4.05436241e-04  3.51701042e-01
   7.17980253e-04  7.81852135e-03  0.00000000e+00]
 [ 0.00000000e+00  1.69128644e-03  3.44225226e-01 -7.77147334e-04
   8.98793580e-01  3.62064457e-03 -6.20302499e-02]
 [ 0.00000000e+00  9.99998570e-01 -5.82184290e-04 -9.99999642e-01
  -5.51573811e-04  9.99974440e-01  6.37796081e-03]
 [ 1.00000000e+00  0.00000000e+00  9.38886923e-01 -3.35152570e-04
  -4.38371756e-01  6.16520647e-03 -9.98053891e-01]]
23:16:10 - Time: 1753132570.263, tau: [ 1.54995992e-02  5.63195145e-01  8.67459851e-03 -4.70164192e-01
  2.69033220e-03 -4.66243725e-02 -1.00867402e-05]
23:16:10 - Time: 1753132570.263, tau + g: [ 1.53425060e-02 -3.94743894e+01 -2.74152777e-01  2.01708946e+01
 -6.32122034e-01  2.84550101e-02 -1.09606191e-05]
23:16:10 - Time: 1753132570.273, current_contact_force: 10.957913431902309
23:16:10 - Time: 1753132570.273, jac: [[-3.40660145e-04  9.32289540e-02 -3.74391118e-04  3.01098991e-01
   4.24473949e-04 -1.25756030e-01 -4.87890978e-19]
 [ 4.96282632e-01 -1.58468051e-04  4.33853400e-01 -3.53915440e-04
   1.16457356e-01  4.09803590e-04  0.00000000e+00]
 [ 0.00000000e+00 -4.96281336e-01  4.07675846e-04  3.51695137e-01
   7.22616994e-04  7.82643611e-03  0.00000000e+00]
 [ 0.00000000e+00  1.69977047e-03  3.44254545e-01 -7.82608194e-04
   8.98798535e-01  3.64479301e-03 -6.20927833e-02]
 [ 0.00000000e+00  9.99998555e-01 -5.85154554e-04 -9.99999637e-01
  -5.55989165e-04  9.99974107e-01  6.41921209e-03]
 [ 1.00000000e+00  2.22044605e-16  9.38876172e-01 -3.36293457e-04
  -4.38361591e-01  6.20483158e-03 -9.98049738e-01]]
23:16:10 - Time: 1753132570.273, tau: [ 1.54106883e-02  5.65055003e-01  8.62675151e-03 -4.69966801e-01
  2.65479126e-03 -4.65675327e-02 -1.01400466e-05]
23:16:10 - Time: 1753132570.273, tau + g: [ 1.52564335e-02 -3.94742144e+01 -2.74180890e-01  2.01711219e+01
 -6.32116888e-01  2.85877357e-02 -1.09945368e-05]
23:16:10 - Time: 1753132570.281, current_contact_force: 10.95730805378335
23:16:10 - Time: 1753132570.281, jac: [[-3.42837693e-04  9.32290257e-02 -3.76707509e-04  3.01094465e-01
   4.27290048e-04 -1.25755538e-01 -3.25260652e-19]
 [ 4.96289023e-01 -1.59255178e-04  4.33851416e-01 -3.55946821e-04
   1.16460812e-01  4.12471570e-04  5.55111512e-17]
 [ 0.00000000e+00 -4.96287713e-01  4.09905894e-04  3.51689375e-01
   7.27238170e-04  7.83418219e-03 -4.33680869e-19]
 [ 0.00000000e+00  1.70821206e-03  3.44283462e-01 -7.88051276e-04
   8.98803426e-01  3.66886368e-03 -6.21539772e-02]
 [ 0.00000000e+00  9.99998541e-01 -5.88110019e-04 -9.99999633e-01
  -5.60392587e-04  9.99973774e-01  6.46032488e-03]
 [ 1.00000000e+00  0.00000000e+00  9.38865567e-01 -3.37425073e-04
  -4.38351557e-01  6.24432449e-03 -9.98045664e-01]]
23:16:10 - Time: 1753132570.281, tau: [ 1.53217907e-02  5.66902007e-01  8.57874936e-03 -4.69772452e-01
  2.61942055e-03 -4.65108233e-02 -1.01926684e-05]
23:16:10 - Time: 1753132570.281, tau + g: [ 1.51703261e-02 -3.94740297e+01 -2.74209108e-01  2.01713462e+01
 -6.32111667e-01  2.87187142e-02 -1.10280584e-05]
23:16:10 - Time: 1753132570.288, current_contact_force: 10.956704598353921
23:16:10 - Time: 1753132570.288, jac: [[-3.45008804e-04  9.32290971e-02 -3.79016490e-04  3.01089999e-01
   4.30097031e-04 -1.25755057e-01 -3.79470760e-19]
 [ 4.96295388e-01 -1.60038378e-04  4.33849518e-01 -3.57969669e-04
   1.16464195e-01  4.15131294e-04 -5.55111512e-17]
 [ 0.00000000e+00 -4.96294065e-01  4.12126441e-04  3.51683756e-01
   7.31843843e-04  7.84176136e-03  0.00000000e+00]
 [ 0.00000000e+00  1.71661153e-03  3.44311978e-01 -7.93476630e-04
   8.98808254e-01  3.69285691e-03 -6.22138454e-02]
 [ 0.00000000e+00  9.99998527e-01 -5.91050781e-04 -9.99999628e-01
  -5.64784083e-04  9.99973439e-01  6.50129972e-03]
 [ 1.00000000e+00  1.11022302e-16  9.38855107e-01 -3.38547504e-04
  -4.38341651e-01  6.28368576e-03 -9.98041668e-01]]
23:16:10 - Time: 1753132570.288, tau: [ 1.52329151e-02  5.68736157e-01  8.53059767e-03 -4.69581121e-01
  2.58421913e-03 -4.64542439e-02 -1.02446139e-05]
23:16:10 - Time: 1753132570.288, tau + g: [ 1.50841929e-02 -3.94738353e+01 -2.74237424e-01  2.01715676e+01
 -6.32106372e-01  2.88479628e-02 -1.10611884e-05]
23:16:10 - Time: 1753132570.295, current_contact_force: 10.95610303953577
23:16:10 - Time: 1753132570.295, jac: [[-3.47173504e-04  9.32291683e-02 -3.81318094e-04  3.01085595e-01
   4.32894930e-04 -1.25754586e-01 -4.33680869e-19]
 [ 4.96301727e-01 -1.60817679e-04  4.33847703e-01 -3.59984030e-04
   1.16467508e-01  4.17782808e-04  0.00000000e+00]
 [ 0.00000000e+00 -4.96300390e-01  4.14337537e-04  3.51678276e-01
   7.36434072e-04  7.84917536e-03 -4.33680869e-19]
 [ 0.00000000e+00  1.72496916e-03  3.44340099e-01 -7.98884306e-04
   8.98813020e-01  3.71677297e-03 -6.22724019e-02]
 [ 0.00000000e+00  9.99998512e-01 -5.93976935e-04 -9.99999623e-01
  -5.69163659e-04  9.99973103e-01  6.54213715e-03]
 [ 1.00000000e+00  2.22044605e-16  9.38844792e-01 -3.39660839e-04
  -4.38331873e-01  6.32291595e-03 -9.98037749e-01]]
23:16:10 - Time: 1753132570.295, tau: [ 1.51440696e-02  5.70557454e-01  8.48230187e-03 -4.69392783e-01
  2.54918606e-03 -4.63977945e-02 -1.02958909e-05]
23:16:10 - Time: 1753132570.295, tau + g: [ 1.49980430e-02 -3.94736317e+01 -2.74265834e-01  2.01717861e+01
 -6.32101006e-01  2.89754985e-02 -1.10939314e-05]
23:16:10 - Time: 1753132570.303, current_contact_force: 10.955503353053482
23:16:10 - Time: 1753132570.303, jac: [[-3.49331818e-04  9.32292391e-02 -3.83612355e-04  3.01081251e-01
   4.35683775e-04 -1.25754124e-01 -4.87890978e-19]
 [ 4.96308041e-01 -1.61593108e-04  4.33845971e-01 -3.61989953e-04
   1.16470751e-01  4.20426155e-04  5.55111512e-17]
 [ 0.00000000e+00 -4.96306690e-01  4.16539238e-04  3.51672936e-01
   7.41008919e-04  7.85642592e-03  0.00000000e+00]
 [ 0.00000000e+00  1.73328525e-03  3.44367829e-01 -8.04274356e-04
   8.98817724e-01  3.74061218e-03 -6.23296603e-02]
 [ 0.00000000e+00  9.99998498e-01 -5.96888574e-04 -9.99999619e-01
  -5.73531321e-04  9.99972766e-01  6.58283768e-03]
 [ 1.00000000e+00  1.11022302e-16  9.38834619e-01 -3.40765164e-04
  -4.38322222e-01  6.36201563e-03 -9.98033907e-01]]
23:16:10 - Time: 1753132570.303, tau: [ 1.50552622e-02  5.72365904e-01  8.43386724e-03 -4.69207413e-01
  2.51432039e-03 -4.63414746e-02 -1.03465076e-05]
23:16:10 - Time: 1753132570.303, tau + g: [ 1.49118851e-02 -3.94734189e+01 -2.74294334e-01  2.01720017e+01
 -6.32095567e-01  2.91013381e-02 -1.11262916e-05]
23:16:10 - Time: 1753132570.310, current_contact_force: 10.954905516262384
23:16:10 - Time: 1753132570.310, jac: [[-3.51483768e-04  9.32293097e-02 -3.85899304e-04  3.01076966e-01
   4.38463600e-04 -1.25753673e-01 -5.42101086e-20]
 [ 4.96314329e-01 -1.62364692e-04  4.33844322e-01 -3.63987482e-04
   1.16473925e-01  4.23061380e-04  0.00000000e+00]
 [ 0.00000000e+00 -4.96312964e-01  4.18731596e-04  3.51667733e-01
   7.45568445e-04  7.86351476e-03  0.00000000e+00]
 [ 0.00000000e+00  1.74156009e-03  3.44395171e-01 -8.09646832e-04
   8.98822367e-01  3.76437482e-03 -6.23856344e-02]
 [ 0.00000000e+00  9.99998483e-01 -5.99785795e-04 -9.99999614e-01
  -5.77887079e-04  9.99972428e-01  6.62340185e-03]
 [ 1.00000000e+00  1.11022302e-16  9.38824588e-01 -3.41860566e-04
  -4.38312695e-01  6.40098536e-03 -9.98030141e-01]]
23:16:10 - Time: 1753132570.310, tau: [ 1.49665004e-02  5.74161513e-01  8.38529891e-03 -4.69024985e-01
  2.47962117e-03 -4.62852840e-02 -1.03964718e-05]
23:16:10 - Time: 1753132570.310, tau + g: [ 1.48257274e-02 -3.94731972e+01 -2.74322921e-01  2.01722145e+01
 -6.32090058e-01  2.92254983e-02 -1.11582735e-05]
23:16:10 - Time: 1753132570.316, current_contact_force: 10.954309508049196
23:16:10 - Time: 1753132570.316, jac: [[-3.53629379e-04  9.32293801e-02 -3.88178972e-04  3.01072740e-01
   4.41234435e-04 -1.25753230e-01 -2.16840434e-19]
 [ 4.96320591e-01 -1.63132458e-04  4.33842754e-01 -3.65976665e-04
   1.16477030e-01  4.25688528e-04 -5.55111512e-17]
 [ 0.00000000e+00 -4.96319213e-01  4.20914664e-04  3.51662665e-01
   7.50112709e-04  7.87044358e-03  0.00000000e+00]
 [ 0.00000000e+00  1.74979398e-03  3.44422128e-01 -8.15001785e-04
   8.98826950e-01  3.78806120e-03 -6.24403377e-02]
 [ 0.00000000e+00  9.99998469e-01 -6.02668690e-04 -9.99999609e-01
  -5.82230940e-04  9.99972089e-01  6.66383020e-03]
 [ 1.00000000e+00  2.22044605e-16  9.38814696e-01 -3.42947129e-04
  -4.38303292e-01  6.43982569e-03 -9.98026451e-01]]
23:16:10 - Time: 1753132570.316, tau: [ 1.48777915e-02  5.75944291e-01  8.33660185e-03 -4.68845475e-01
  2.44508744e-03 -4.62292225e-02 -1.04457912e-05]
23:16:10 - Time: 1753132570.316, tau + g: [ 1.47395780e-02 -3.94729668e+01 -2.74351588e-01  2.01724245e+01
 -6.32084480e-01  2.93479957e-02 -1.11898813e-05]
23:16:10 - Time: 1753132570.323, current_contact_force: 10.953715308673575
23:16:10 - Time: 1753132570.323, jac: [[-3.55768675e-04  9.32294502e-02 -3.90451392e-04  3.01068573e-01
   4.43996312e-04 -1.25752797e-01 -3.25260652e-19]
 [ 4.96326829e-01 -1.63896433e-04  4.33841267e-01 -3.67957548e-04
   1.16480068e-01  4.28307643e-04  0.00000000e+00]
 [ 0.00000000e+00 -4.96325436e-01  4.23088494e-04  3.51657732e-01
   7.54641774e-04  7.87721408e-03  0.00000000e+00]
 [ 0.00000000e+00  1.75798720e-03  3.44448706e-01 -8.20339269e-04
   8.98831472e-01  3.81167161e-03 -6.24937837e-02]
 [ 0.00000000e+00  9.99998455e-01 -6.05537353e-04 -9.99999604e-01
  -5.86562914e-04  9.99971749e-01  6.70412324e-03]
 [ 1.00000000e+00  0.00000000e+00  9.38804944e-01 -3.44024939e-04
  -4.38294012e-01  6.47853720e-03 -9.98022836e-01]]
23:16:10 - Time: 1753132570.323, tau: [ 1.47891427e-02  5.77714248e-01  8.28778089e-03 -4.68668858e-01
  2.41071825e-03 -4.61732897e-02 -1.04944737e-05]
23:16:10 - Time: 1753132570.323, tau + g: [ 1.46534446e-02 -3.94727278e+01 -2.74380333e-01  2.01726317e+01
 -6.32078833e-01  2.94688466e-02 -1.12211193e-05]
23:16:10 - Time: 1753132570.326, current_contact_force: 10.953122899672096
23:16:10 - Time: 1753132570.326, jac: [[-3.57901679e-04  9.32295200e-02 -3.92716595e-04  3.01064463e-01
   4.46749264e-04 -1.25752374e-01 -4.33680869e-19]
 [ 4.96333041e-01 -1.64656645e-04  4.33839860e-01 -3.69930178e-04
   1.16483039e-01  4.30918767e-04  5.55111512e-17]
 [ 0.00000000e+00 -4.96331635e-01  4.25253139e-04  3.51652933e-01
   7.59155699e-04  7.88382793e-03  0.00000000e+00]
 [ 0.00000000e+00  1.76614004e-03  3.44474908e-01 -8.25659337e-04
   8.98835935e-01  3.83520634e-03 -6.25459855e-02]
 [ 0.00000000e+00  9.99998440e-01 -6.08391877e-04 -9.99999600e-01
  -5.90883011e-04  9.99971409e-01  6.74428152e-03]
 [ 1.00000000e+00  2.22044605e-16  9.38795328e-01 -3.45094079e-04
  -4.38284853e-01  6.51712042e-03 -9.98019296e-01]]
23:16:10 - Time: 1753132570.326, tau: [ 1.47005605e-02  5.79471397e-01  8.23884071e-03 -4.68495109e-01
  2.37651264e-03 -4.61174855e-02 -1.05425269e-05]
23:16:10 - Time: 1753132570.326, tau + g: [ 1.45673347e-02 -3.94724806e+01 -2.74409151e-01  2.01728361e+01
 -6.32073118e-01  2.95880675e-02 -1.12519917e-05]
23:16:10 - Time: 1753132570.336, current_contact_force: 10.95253226372505
23:16:10 - Time: 1753132570.336, jac: [[-3.60028414e-04  9.32295896e-02 -3.94974611e-04  3.01060411e-01
   4.49493322e-04 -1.25751960e-01 -3.25260652e-19]
 [ 4.96339229e-01 -1.65413119e-04  4.33838531e-01 -3.71894601e-04
   1.16485944e-01  4.33521944e-04  0.00000000e+00]
 [ 0.00000000e+00 -4.96337809e-01  4.27408650e-04  3.51648265e-01
   7.63654544e-04  7.89028680e-03  4.33680869e-19]
 [ 0.00000000e+00  1.77425278e-03  3.44500737e-01 -8.30962042e-04
   8.98840340e-01  3.85866570e-03 -6.25969565e-02]
 [ 0.00000000e+00  9.99998426e-01 -6.11232355e-04 -9.99999595e-01
  -5.95191242e-04  9.99971067e-01  6.78430555e-03]
 [ 1.00000000e+00  0.00000000e+00  9.38785848e-01 -3.46154633e-04
  -4.38275813e-01  6.55557592e-03 -9.98015829e-01]]
23:16:10 - Time: 1753132570.336, tau: [ 1.46120515e-02  5.81215756e-01  8.18978586e-03 -4.68324202e-01
  2.34246964e-03 -4.60618095e-02 -1.05899583e-05]
23:16:10 - Time: 1753132570.336, tau + g: [ 1.44812554e-02 -3.94722253e+01 -2.74438040e-01  2.01730378e+01
 -6.32067336e-01  2.97056745e-02 -1.12825027e-05]
23:16:10 - Time: 1753132570.343, current_contact_force: 10.95194338456496
23:16:10 - Time: 1753132570.343, jac: [[-3.62148904e-04  9.32296590e-02 -3.97225472e-04  3.01056416e-01
   4.52228518e-04 -1.25751555e-01 -3.25260652e-19]
 [ 4.96345393e-01 -1.66165883e-04  4.33837281e-01 -3.73850862e-04
   1.16488783e-01  4.36117216e-04  5.55111512e-17]
 [ 0.00000000e+00 -4.96343959e-01  4.29555080e-04  3.51643727e-01
   7.68138371e-04  7.89659233e-03  0.00000000e+00]
 [ 0.00000000e+00  1.78232572e-03  3.44526198e-01 -8.36247439e-04
   8.98844687e-01  3.88204998e-03 -6.26467098e-02]
 [ 0.00000000e+00  9.99998412e-01 -6.14058879e-04 -9.99999590e-01
  -5.99487619e-04  9.99970725e-01  6.82419587e-03]
 [ 1.00000000e+00  0.00000000e+00  9.38776503e-01 -3.47206684e-04
  -4.38266893e-01  6.59390425e-03 -9.98012435e-01]]
23:16:10 - Time: 1753132570.343, tau: [ 1.45236220e-02  5.82947340e-01  8.14062076e-03 -4.68156113e-01
  2.30858830e-03 -4.60062615e-02 -1.06367753e-05]
23:16:10 - Time: 1753132570.343, tau + g: [ 1.43952137e-02 -3.94719620e+01 -2.74466994e-01  2.01732367e+01
 -6.32061489e-01  2.98216836e-02 -1.13126563e-05]
23:16:10 - Time: 1753132570.350, current_contact_force: 10.951356246856998
23:16:10 - Time: 1753132570.350, jac: [[-3.64263171e-04  9.32297282e-02 -3.99469208e-04  3.01052477e-01
   4.54954884e-04 -1.25751160e-01 -4.33680869e-19]
 [ 4.96351531e-01 -1.66914962e-04  4.33836107e-01 -3.75799008e-04
   1.16491558e-01  4.38704626e-04 -5.55111512e-17]
 [ 0.00000000e+00 -4.96350084e-01  4.31692481e-04  3.51639318e-01
   7.72607239e-04  7.90274616e-03  0.00000000e+00]
 [ 0.00000000e+00  1.79035912e-03  3.44551294e-01 -8.41515582e-04
   8.98848976e-01  3.90535947e-03 -6.26952584e-02]
 [ 0.00000000e+00  9.99998397e-01 -6.16871540e-04 -9.99999585e-01
  -6.03772153e-04  9.99970381e-01  6.86395301e-03]
 [ 1.00000000e+00  3.33066907e-16  9.38767290e-01 -3.48250312e-04
  -4.38258090e-01  6.63210595e-03 -9.98009114e-01]]
23:16:10 - Time: 1753132570.350, tau: [ 1.44352779e-02  5.84666171e-01  8.09134972e-03 -4.67990818e-01
  2.27486765e-03 -4.59508412e-02 -1.06829855e-05]
23:16:10 - Time: 1753132570.350, tau + g: [ 1.43092163e-02 -3.94716911e+01 -2.74496011e-01  2.01734329e+01
 -6.32055576e-01  2.99361108e-02 -1.13424567e-05]
23:16:10 - Time: 1753132570.358, current_contact_force: 10.950770836122272
23:16:10 - Time: 1753132570.358, jac: [[-3.66371238e-04  9.32297971e-02 -4.01705849e-04  3.01048593e-01
   4.57672452e-04 -1.25750773e-01 -5.42101086e-19]
 [ 4.96357646e-01 -1.67660382e-04  4.33835010e-01 -3.77739084e-04
   1.16494269e-01  4.41284216e-04 -5.55111512e-17]
 [ 0.00000000e+00 -4.96356184e-01  4.33820903e-04  3.51635036e-01
   7.77061208e-04  7.90874991e-03  0.00000000e+00]
 [ 0.00000000e+00  1.79835328e-03  3.44576028e-01 -8.46766526e-04
   8.98853209e-01  3.92859447e-03 -6.27426151e-02]
 [ 0.00000000e+00  9.99998383e-01 -6.19670432e-04 -9.99999580e-01
  -6.08044858e-04  9.99970037e-01  6.90357748e-03]
 [ 1.00000000e+00  2.22044605e-16  9.38758210e-01 -3.49285601e-04
  -4.38249404e-01  6.67018158e-03 -9.98005864e-01]]
23:16:10 - Time: 1753132570.358, tau: [ 1.43470251e-02  5.86372269e-01  8.04197691e-03 -4.67828291e-01
  2.24130674e-03 -4.58955483e-02 -1.07285960e-05]
23:16:10 - Time: 1753132570.358, tau + g: [ 1.42232696e-02 -3.94714126e+01 -2.74525087e-01  2.01736265e+01
 -6.32049600e-01  3.00489719e-02 -1.13719077e-05]
23:16:10 - Time: 1753132570.364, current_contact_force: 10.950187138629204
23:16:10 - Time: 1753132570.364, jac: [[-3.68473127e-04  9.32298658e-02 -4.03935426e-04  3.01044764e-01
   4.60381254e-04 -1.25750396e-01 -2.16840434e-19]
 [ 4.96363736e-01 -1.68402170e-04  4.33833988e-01 -3.79671137e-04
   1.16496916e-01  4.43856027e-04  0.00000000e+00]
 [ 0.00000000e+00 -4.96362261e-01  4.35940398e-04  3.51630880e-01
   7.81500338e-04  7.91460520e-03  0.00000000e+00]
 [ 0.00000000e+00  1.80630846e-03  3.44600405e-01 -8.52000327e-04
   8.98857385e-01  3.95175526e-03 -6.27887927e-02]
 [ 0.00000000e+00  9.99998369e-01 -6.22455644e-04 -9.99999576e-01
  -6.12305748e-04  9.99969692e-01  6.94306981e-03]
 [ 1.00000000e+00  1.11022302e-16  9.38749260e-01 -3.50312629e-04
  -4.38240832e-01  6.70813168e-03 -9.98002686e-01]]
23:16:10 - Time: 1753132570.364, tau: [ 1.42588690e-02  5.88065660e-01  7.99250641e-03 -4.67668508e-01
  2.20790460e-03 -4.58403826e-02 -1.07736141e-05]
23:16:10 - Time: 1753132570.364, tau + g: [ 1.41373798e-02 -3.94711267e+01 -2.74554219e-01  2.01738174e+01
 -6.32043560e-01  3.01602825e-02 -1.14010136e-05]
23:16:10 - Time: 1753132570.371, current_contact_force: 10.949605141324032
23:16:10 - Time: 1753132570.371, jac: [[-3.70568861e-04  9.32299343e-02 -4.06157968e-04  3.01040990e-01
   4.63081321e-04 -1.25750027e-01 -2.16840434e-19]
 [ 4.96369803e-01 -1.69140352e-04  4.33833041e-01 -3.81595211e-04
   1.16499501e-01  4.46420100e-04  5.55111512e-17]
 [ 0.00000000e+00 -4.96368313e-01  4.38051017e-04  3.51626849e-01
   7.85924689e-04  7.92031362e-03  0.00000000e+00]
 [ 0.00000000e+00  1.81422495e-03  3.44624428e-01 -8.57217040e-04
   8.98861505e-01  3.97484216e-03 -6.28338040e-02]
 [ 0.00000000e+00  9.99998354e-01 -6.25227267e-04 -9.99999571e-01
  -6.16554836e-04  9.99969346e-01  6.98243054e-03]
 [ 1.00000000e+00  2.22044605e-16  9.38740439e-01 -3.51331478e-04
  -4.38232375e-01  6.74595680e-03 -9.97999579e-01]]
23:16:10 - Time: 1753132570.371, tau: [ 1.41708151e-02  5.89746368e-01  7.94294216e-03 -4.67511444e-01
  2.17466028e-03 -4.57853438e-02 -1.08180470e-05]
23:16:10 - Time: 1753132570.371, tau + g: [ 1.40515529e-02 -3.94708337e+01 -2.74583404e-01  2.01740057e+01
 -6.32037459e-01  3.02700583e-02 -1.14297780e-05]
23:16:10 - Time: 1753132570.375, current_contact_force: 10.949024831747504
23:16:10 - Time: 1753132570.375, jac: [[-3.72658462e-04  9.32300025e-02 -4.08373506e-04  3.01037270e-01
   4.65772687e-04 -1.25749668e-01 -5.96311195e-19]
 [ 4.96375845e-01 -1.69874952e-04  4.33832168e-01 -3.83511352e-04
   1.16502023e-01  4.48976478e-04  0.00000000e+00]
 [ 0.00000000e+00 -4.96374342e-01  4.40152811e-04  3.51622941e-01
   7.90334322e-04  7.92587676e-03 -4.33680869e-19]
 [ 0.00000000e+00  1.82210303e-03  3.44648101e-01 -8.62416721e-04
   8.98865571e-01  3.99785544e-03 -6.28776615e-02]
 [ 0.00000000e+00  9.99998340e-01 -6.27985391e-04 -9.99999566e-01
  -6.20792138e-04  9.99968999e-01  7.02166017e-03]
 [ 1.00000000e+00  2.22044605e-16  9.38731747e-01 -3.52342226e-04
  -4.38224030e-01  6.78365747e-03 -9.97996541e-01]]
23:16:10 - Time: 1753132570.375, tau: [ 1.40828684e-02  5.91414421e-01  7.89328802e-03 -4.67357077e-01
  2.14157283e-03 -4.57304316e-02 -1.08619018e-05]
23:16:10 - Time: 1753132570.375, tau + g: [ 1.39657947e-02 -3.94705337e+01 -2.74612638e-01  2.01741914e+01
 -6.32031296e-01  3.03783145e-02 -1.14582050e-05]
23:16:10 - Time: 1753132570.384, current_contact_force: 10.948446197958358
23:16:10 - Time: 1753132570.384, jac: [[-3.74741952e-04  9.32300706e-02 -4.10582068e-04  3.01033603e-01
   4.68455382e-04 -1.25749317e-01 -1.08420217e-19]
 [ 4.96381864e-01 -1.70605997e-04  4.33831367e-01 -3.85419604e-04
   1.16504485e-01  4.51525199e-04 -5.55111512e-17]
 [ 0.00000000e+00 -4.96380347e-01  4.42245829e-04  3.51619156e-01
   7.94729294e-04  7.93129618e-03  0.00000000e+00]
 [ 0.00000000e+00  1.82994296e-03  3.44671427e-01 -8.67599427e-04
   8.98869581e-01  4.02079540e-03 -6.29203776e-02]
 [ 0.00000000e+00  9.99998326e-01 -6.30730106e-04 -9.99999561e-01
  -6.25017668e-04  9.99968651e-01  7.06075924e-03]
 [ 1.00000000e+00  1.11022302e-16  9.38723181e-01 -3.53344952e-04
  -4.38215797e-01  6.82123424e-03 -9.97993573e-01]]
23:16:10 - Time: 1753132570.384, tau: [ 1.39950340e-02  5.93069850e-01  7.84354773e-03 -4.67205381e-01
  2.10864128e-03 -4.56756458e-02 -1.09051854e-05]
23:16:10 - Time: 1753132570.384, tau + g: [ 1.38801107e-02 -3.94702268e+01 -2.74641919e-01  2.01743745e+01
 -6.32025072e-01  3.04850666e-02 -1.14862984e-05]
23:16:10 - Time: 1753132570.391, current_contact_force: 10.94786922847515
23:16:10 - Time: 1753132570.391, jac: [[-3.76819353e-04  9.32301385e-02 -4.12783684e-04  3.01029989e-01
   4.71129438e-04 -1.25748975e-01 -6.50521303e-19]
 [ 4.96387860e-01 -1.71333511e-04  4.33830639e-01 -3.87320014e-04
   1.16506886e-01  4.54066306e-04  0.00000000e+00]
 [ 0.00000000e+00 -4.96386329e-01  4.44330123e-04  3.51615491e-01
   7.99109667e-04  7.93657344e-03  0.00000000e+00]
 [ 0.00000000e+00  1.83774501e-03  3.44694410e-01 -8.72765214e-04
   8.98873538e-01  4.04366232e-03 -6.29619649e-02]
 [ 0.00000000e+00  9.99998311e-01 -6.33461502e-04 -9.99999556e-01
  -6.29231444e-04  9.99968303e-01  7.09972826e-03]
 [ 1.00000000e+00  1.11022302e-16  9.38714740e-01 -3.54339733e-04
  -4.38207675e-01  6.85868764e-03 -9.97990674e-01]]
23:16:10 - Time: 1753132570.391, tau: [ 1.39073165e-02  5.94712685e-01  7.79372496e-03 -4.67056332e-01
  2.07586469e-03 -4.56209861e-02 -1.09479049e-05]
23:16:10 - Time: 1753132570.391, tau + g: [ 1.37945065e-02 -3.94699132e+01 -2.74671244e-01  2.01745550e+01
 -6.32018790e-01  3.05903297e-02 -1.15140620e-05]
23:16:10 - Time: 1753132570.398, current_contact_force: 10.947293912207604
23:16:10 - Time: 1753132570.398, jac: [[-3.78890685e-04  9.32302061e-02 -4.14978383e-04  3.01026427e-01
   4.73794888e-04 -1.25748641e-01 -1.08420217e-19]
 [ 4.96393832e-01 -1.72057521e-04  4.33829982e-01 -3.89212625e-04
   1.16509227e-01  4.56599836e-04 -5.55111512e-17]
 [ 0.00000000e+00 -4.96392287e-01  4.46405743e-04  3.51611945e-01
   8.03475499e-04  7.94171008e-03  0.00000000e+00]
 [ 0.00000000e+00  1.84550946e-03  3.44717053e-01 -8.77914138e-04
   8.98877442e-01  4.06645651e-03 -6.30024354e-02]
 [ 0.00000000e+00  9.99998297e-01 -6.36179666e-04 -9.99999552e-01
  -6.33433482e-04  9.99967954e-01  7.13856776e-03]
 [ 1.00000000e+00  2.22044605e-16  9.38706423e-01 -3.55326648e-04
  -4.38199662e-01  6.89601821e-03 -9.97987843e-01]]
23:16:10 - Time: 1753132570.398, tau: [ 1.38197207e-02  5.96342960e-01  7.74382326e-03 -4.66909908e-01
  2.04324211e-03 -4.55664522e-02 -1.09900669e-05]
23:16:10 - Time: 1753132570.398, tau + g: [ 1.37089871e-02 -3.94695932e+01 -2.74700609e-01  2.01747330e+01
 -6.32012448e-01  3.06941187e-02 -1.15414996e-05]
23:16:10 - Time: 1753132570.405, current_contact_force: 10.946720238397152
23:16:10 - Time: 1753132570.405, jac: [[-3.80955972e-04  9.32302736e-02 -4.17166193e-04  3.01022917e-01
   4.76451764e-04 -1.25748316e-01 -2.16840434e-19]
 [ 4.96399781e-01 -1.72778050e-04  4.33829395e-01 -3.91097482e-04
   1.16511509e-01  4.59125830e-04 -5.55111512e-17]
 [ 0.00000000e+00 -4.96398223e-01  4.48472737e-04  3.51608517e-01
   8.07826849e-04  7.94670764e-03  0.00000000e+00]
 [ 0.00000000e+00  1.85323658e-03  3.44739360e-01 -8.83046257e-04
   8.98881292e-01  4.08917825e-03 -6.30418014e-02]
 [ 0.00000000e+00  9.99998283e-01 -6.38884689e-04 -9.99999547e-01
  -6.37623798e-04  9.99967604e-01  7.17727826e-03]
 [ 1.00000000e+00  3.33066907e-16  9.38698229e-01 -3.56305772e-04
  -4.38191757e-01  6.93322648e-03 -9.97985079e-01]]
23:16:10 - Time: 1753132570.405, tau: [ 1.37322508e-02  5.97960709e-01  7.69384610e-03 -4.66766084e-01
  2.01077260e-03 -4.55120438e-02 -1.10316783e-05]
23:16:10 - Time: 1753132570.405, tau + g: [ 1.36235576e-02 -3.94692668e+01 -2.74730013e-01  2.01749085e+01
 -6.32006049e-01  3.07964488e-02 -1.15686148e-05]
23:16:10 - Time: 1753132570.412, current_contact_force: 10.946148196574894
23:16:10 - Time: 1753132570.412, jac: [[-3.83015234e-04  9.32303409e-02 -4.19347144e-04  3.01019459e-01
   4.79100096e-04 -1.25748000e-01 -2.71050543e-19]
 [ 4.96405707e-01 -1.73495124e-04  4.33828879e-01 -3.92974630e-04
   1.16513732e-01  4.61644327e-04 -5.55111512e-17]
 [ 0.00000000e+00 -4.96404135e-01  4.50531157e-04  3.51605206e-01
   8.12163777e-04  7.95156763e-03 -4.33680869e-19]
 [ 0.00000000e+00  1.86092663e-03  3.44761334e-01 -8.88161628e-04
   8.98885091e-01  4.11182783e-03 -6.30800749e-02]
 [ 0.00000000e+00  9.99998268e-01 -6.41576656e-04 -9.99999542e-01
  -6.41802410e-04  9.99967253e-01  7.21586027e-03]
 [ 1.00000000e+00  2.22044605e-16  9.38690157e-01 -3.57277183e-04
  -4.38183959e-01  6.97031299e-03 -9.97982382e-01]]
23:16:10 - Time: 1753132570.412, tau: [ 1.36449112e-02  5.99565969e-01  7.64379687e-03 -4.66624838e-01
  1.97845522e-03 -4.54577608e-02 -1.10727459e-05]
23:16:10 - Time: 1753132570.412, tau + g: [ 1.35382228e-02 -3.94689343e+01 -2.74759452e-01  2.01750815e+01
 -6.31999593e-01  3.08973345e-02 -1.15954114e-05]
23:16:10 - Time: 1753132570.419, current_contact_force: 10.945577776501212
23:16:10 - Time: 1753132570.419, jac: [[-3.85068492e-04  9.32304080e-02 -4.21521264e-04  3.01016051e-01
   4.81739918e-04 -1.25747692e-01 -2.16840434e-19]
 [ 4.96411610e-01 -1.74208767e-04  4.33828431e-01 -3.94844113e-04
   1.16515898e-01  4.64155367e-04  0.00000000e+00]
 [ 0.00000000e+00 -4.96410024e-01  4.52581050e-04  3.51602011e-01
   8.16486342e-04  7.95629156e-03  0.00000000e+00]
 [ 0.00000000e+00  1.86857987e-03  3.44782979e-01 -8.93260309e-04
   8.98888837e-01  4.13440554e-03 -6.31172679e-02]
 [ 0.00000000e+00  9.99998254e-01 -6.44255657e-04 -9.99999537e-01
  -6.45969336e-04  9.99966902e-01  7.25431431e-03]
 [ 1.00000000e+00  2.22044605e-16  9.38682205e-01 -3.58240954e-04
  -4.38176267e-01  7.00727826e-03 -9.97979752e-01]]
23:16:10 - Time: 1753132570.419, tau: [ 1.35577059e-02  6.01158779e-01  7.59367886e-03 -4.66486146e-01
  1.94628903e-03 -4.54036027e-02 -1.11132762e-05]
23:16:10 - Time: 1753132570.419, tau + g: [ 1.34529875e-02 -3.94685957e+01 -2.74788924e-01  2.01752520e+01
 -6.31993082e-01  3.09967907e-02 -1.16218930e-05]
23:16:10 - Time: 1753132570.422, current_contact_force: 10.945008968136579
23:16:10 - Time: 1753132570.422, jac: [[-3.87115768e-04  9.32304749e-02 -4.23688581e-04  3.01012693e-01
   4.84371260e-04 -1.25747392e-01 -2.16840434e-19]
 [ 4.96417491e-01 -1.74919005e-04  4.33828052e-01 -3.96705975e-04
   1.16518006e-01  4.66658987e-04  0.00000000e+00]
 [ 0.00000000e+00 -4.96415891e-01  4.54622466e-04  3.51598929e-01
   8.20794602e-04  7.96088092e-03 -4.33680869e-19]
 [ 0.00000000e+00  1.87619657e-03  3.44804297e-01 -8.98342357e-04
   8.98892533e-01  4.15691166e-03 -6.31533922e-02]
 [ 0.00000000e+00  9.99998240e-01 -6.46921777e-04 -9.99999532e-01
  -6.50124596e-04  9.99966550e-01  7.29264090e-03]
 [ 1.00000000e+00  3.33066907e-16  9.38674373e-01 -3.59197160e-04
  -4.38168680e-01  7.04412282e-03 -9.97977187e-01]]
23:16:10 - Time: 1753132570.422, tau: [ 1.34706390e-02  6.02739178e-01  7.54349532e-03 -4.66349985e-01
  1.91427310e-03 -4.53495695e-02 -1.11532757e-05]
23:16:10 - Time: 1753132570.422, tau + g: [ 1.33678561e-02 -3.94682512e+01 -2.74818427e-01  2.01754201e+01
 -6.31986515e-01  3.10948319e-02 -1.16480632e-05]
23:16:10 - Time: 1753132570.431, current_contact_force: 10.944441761584702
23:16:10 - Time: 1753132570.431, jac: [[-3.89157082e-04  9.32305416e-02 -4.25849124e-04  3.01009385e-01
   4.86994155e-04 -1.25747101e-01 -2.16840434e-19]
 [ 4.96423348e-01 -1.75625860e-04  4.33827739e-01 -3.98560260e-04
   1.16520058e-01  4.69155225e-04  5.55111512e-17]
 [ 0.00000000e+00 -4.96421735e-01  4.56655454e-04  3.51595961e-01
   8.25088615e-04  7.96533719e-03  4.33680869e-19]
 [ 0.00000000e+00  1.88377698e-03  3.44825294e-01 -9.03407831e-04
   8.98896177e-01  4.17934648e-03 -6.31884597e-02]
 [ 0.00000000e+00  9.99998226e-01 -6.49575104e-04 -9.99999527e-01
  -6.54268207e-04  9.99966197e-01  7.33084055e-03]
 [ 1.00000000e+00  0.00000000e+00  9.38666658e-01 -3.60145877e-04
  -4.38161197e-01  7.08084720e-03 -9.97974688e-01]]
23:16:10 - Time: 1753132570.431, tau: [ 1.33837141e-02  6.04307207e-01  7.49324938e-03 -4.66216333e-01
  1.88240651e-03 -4.52956607e-02 -1.11927511e-05]
23:16:10 - Time: 1753132570.431, tau + g: [ 1.32828331e-02 -3.94679010e+01 -2.74847957e-01  2.01755858e+01
 -6.31979894e-01  3.11914724e-02 -1.16739255e-05]
23:16:10 - Time: 1753132570.439, current_contact_force: 10.943876147075544
23:16:10 - Time: 1753132570.439, jac: [[-3.91192456e-04  9.32306081e-02 -4.28002920e-04  3.01006127e-01
   4.89608634e-04 -1.25746817e-01 -3.25260652e-19]
 [ 4.96429184e-01 -1.76329357e-04  4.33827494e-01 -4.00407011e-04
   1.16522053e-01  4.71644121e-04 -5.55111512e-17]
 [ 0.00000000e+00 -4.96427556e-01  4.58680062e-04  3.51593104e-01
   8.29368441e-04  7.96966184e-03 -4.33680869e-19]
 [ 0.00000000e+00  1.89132138e-03  3.44845971e-01 -9.08456788e-04
   8.98899772e-01  4.20171029e-03 -6.32224819e-02]
 [ 0.00000000e+00  9.99998211e-01 -6.52215724e-04 -9.99999522e-01
  -6.58400190e-04  9.99965843e-01  7.36891378e-03]
 [ 1.00000000e+00  2.22044605e-16  9.38659060e-01 -3.61087176e-04
  -4.38153816e-01  7.11745192e-03 -9.97972253e-01]]
23:16:10 - Time: 1753132570.439, tau: [ 1.32969351e-02  6.05862909e-01  7.44294412e-03 -4.66085167e-01
  1.85068832e-03 -4.52418761e-02 -1.12317086e-05]
23:16:10 - Time: 1753132570.439, tau + g: [ 1.31979226e-02 -3.94675452e+01 -2.74877513e-01  2.01757491e+01
 -6.31973219e-01  3.12867266e-02 -1.16994836e-05]
23:16:10 - Time: 1753132570.446, current_contact_force: 10.943312114913848
23:16:10 - Time: 1753132570.446, jac: [[-3.93221909e-04  9.32306744e-02 -4.30149997e-04  3.01002917e-01
   4.92214730e-04 -1.25746542e-01 -4.33680869e-19]
 [ 4.96434997e-01 -1.77029521e-04  4.33827314e-01 -4.02246272e-04
   1.16523994e-01  4.74125711e-04  0.00000000e+00]
 [ 0.00000000e+00 -4.96433355e-01  4.60696339e-04  3.51590357e-01
   8.33634138e-04  7.97385631e-03  0.00000000e+00]
 [ 0.00000000e+00  1.89883001e-03  3.44866332e-01 -9.13489286e-04
   8.98903317e-01  4.22400337e-03 -6.32554703e-02]
 [ 0.00000000e+00  9.99998197e-01 -6.54843721e-04 -9.99999517e-01
  -6.62520563e-04  9.99965489e-01  7.40686109e-03]
 [ 1.00000000e+00  1.11022302e-16  9.38651577e-01 -3.62021131e-04
  -4.38146538e-01  7.15393750e-03 -9.97969881e-01]]
23:16:10 - Time: 1753132570.446, tau: [ 1.32103054e-02  6.07406328e-01  7.39258254e-03 -4.65956465e-01
  1.81911763e-03 -4.51882155e-02 -1.12701546e-05]
23:16:10 - Time: 1753132570.446, tau + g: [ 1.31131288e-02 -3.94671840e+01 -2.74907093e-01  2.01759100e+01
 -6.31966492e-01  3.13806088e-02 -1.17247408e-05]
23:16:10 - Time: 1753132570.453, current_contact_force: 10.942749655477684
23:16:10 - Time: 1753132570.453, jac: [[-3.95245463e-04  9.32307406e-02 -4.32290383e-04  3.00999755e-01
   4.94812473e-04 -1.25746275e-01 -3.79470760e-19]
 [ 4.96440788e-01 -1.77726375e-04  4.33827200e-01 -4.04078086e-04
   1.16525879e-01  4.76600032e-04 -5.55111512e-17]
 [ 0.00000000e+00 -4.96439133e-01  4.62704332e-04  3.51587720e-01
   8.37885763e-04  7.97792207e-03  0.00000000e+00]
 [ 0.00000000e+00  1.90630313e-03  3.44886381e-01 -9.18505383e-04
   8.98906812e-01  4.24622602e-03 -6.32874366e-02]
 [ 0.00000000e+00  9.99998183e-01 -6.57459182e-04 -9.99999512e-01
  -6.66629349e-04  9.99965134e-01  7.44468301e-03]
 [ 1.00000000e+00  1.11022302e-16  9.38644209e-01 -3.62947813e-04
  -4.38139359e-01  7.19030445e-03 -9.97967573e-01]]
23:16:10 - Time: 1753132570.453, tau: [ 1.31238284e-02  6.08937510e-01  7.34216760e-03 -4.65830205e-01
  1.78769352e-03 -4.51346786e-02 -1.13080954e-05]
23:16:10 - Time: 1753132570.453, tau + g: [ 1.30284557e-02 -3.94668175e+01 -2.74936693e-01  2.01760685e+01
 -6.31959713e-01  3.14731329e-02 -1.17497007e-05]
23:16:10 - Time: 1753132570.460, current_contact_force: 10.942188759153856
23:16:10 - Time: 1753132570.460, jac: [[-3.97263138e-04  9.32308065e-02 -4.34424105e-04  3.00996641e-01
   4.97401895e-04 -1.25746015e-01 -5.42101086e-20]
 [ 4.96446557e-01 -1.78419943e-04  4.33827150e-01 -4.05902497e-04
   1.16527711e-01  4.79067122e-04 -5.55111512e-17]
 [ 0.00000000e+00 -4.96444888e-01  4.64704090e-04  3.51585190e-01
   8.42123376e-04  7.98186052e-03  0.00000000e+00]
 [ 0.00000000e+00  1.91374099e-03  3.44906121e-01 -9.23505139e-04
   8.98910260e-01  4.26837850e-03 -6.33183919e-02]
 [ 0.00000000e+00  9.99998169e-01 -6.60062190e-04 -9.99999507e-01
  -6.70726567e-04  9.99964778e-01  7.48238004e-03]
 [ 1.00000000e+00  0.00000000e+00  9.38636954e-01 -3.63867296e-04
  -4.38132281e-01  7.22655330e-03 -9.97965328e-01]]
23:16:10 - Time: 1753132570.460, tau: [ 1.30375074e-02  6.10456501e-01  7.29170214e-03 -4.65706364e-01
  1.75641508e-03 -4.50812651e-02 -1.13455371e-05]
23:16:10 - Time: 1753132570.460, tau + g: [ 1.29439069e-02 -3.94664458e+01 -2.74966313e-01  2.01762247e+01
 -6.31952883e-01  3.15643129e-02 -1.17743665e-05]
23:16:10 - Time: 1753132570.467, current_contact_force: 10.941629416366187
23:16:10 - Time: 1753132570.467, jac: [[-3.99274954e-04  9.32308723e-02 -4.36551191e-04  3.00993574e-01
   4.99983029e-04 -1.25745764e-01 -2.16840434e-19]
 [ 4.96452304e-01 -1.79110248e-04  4.33827163e-01 -4.07719547e-04
   1.16529489e-01  4.81527016e-04  5.55111512e-17]
 [ 0.00000000e+00 -4.96450621e-01  4.66695660e-04  3.51582768e-01
   8.46347033e-04  7.98567309e-03  8.67361738e-19]
 [ 0.00000000e+00  1.92114385e-03  3.44925554e-01 -9.28488612e-04
   8.98913659e-01  4.29046110e-03 -6.33483476e-02]
 [ 0.00000000e+00  9.99998155e-01 -6.62652831e-04 -9.99999502e-01
  -6.74812238e-04  9.99964422e-01  7.51995269e-03]
 [ 1.00000000e+00  2.22044605e-16  9.38629811e-01 -3.64779648e-04
  -4.38125301e-01  7.26268456e-03 -9.97963144e-01]]
23:16:10 - Time: 1753132570.467, tau: [ 1.29513457e-02  6.11963349e-01  7.24118900e-03 -4.65584922e-01
  1.72528141e-03 -4.50279748e-02 -1.13824860e-05]
23:16:10 - Time: 1753132570.467, tau + g: [ 1.28594863e-02 -3.94660691e+01 -2.74995949e-01  2.01763786e+01
 -6.31946002e-01  3.16541626e-02 -1.17987418e-05]
23:16:10 - Time: 1753132570.470, current_contact_force: 10.941071617498954
23:16:10 - Time: 1753132570.470, jac: [[-4.01280932e-04  9.32309379e-02 -4.38671667e-04  3.00990554e-01
   5.02555905e-04 -1.25745520e-01 -4.87890978e-19]
 [ 4.96458030e-01 -1.79797313e-04  4.33827240e-01 -4.09529278e-04
   1.16531214e-01  4.83979753e-04 -5.55111512e-17]
 [ 0.00000000e+00 -4.96456333e-01  4.68679089e-04  3.51580450e-01
   8.50556792e-04  7.98936118e-03 -4.33680869e-19]
 [ 0.00000000e+00  1.92851196e-03  3.44944685e-01 -9.33455861e-04
   8.98917010e-01  4.31247412e-03 -6.33773148e-02]
 [ 0.00000000e+00  9.99998140e-01 -6.65231187e-04 -9.99999497e-01
  -6.78886385e-04  9.99964065e-01  7.55740147e-03]
 [ 1.00000000e+00  1.11022302e-16  9.38622779e-01 -3.65684940e-04
  -4.38118418e-01  7.29869875e-03 -9.97961022e-01]]
23:16:10 - Time: 1753132570.470, tau: [ 1.28653462e-02  6.13458103e-01  7.19063092e-03 -4.65465856e-01
  1.69429161e-03 -4.49748073e-02 -1.14189480e-05]
23:16:10 - Time: 1753132570.470, tau + g: [ 1.27751974e-02 -3.94656874e+01 -2.75025599e-01  2.01765301e+01
 -6.31939073e-01  3.17426959e-02 -1.18228298e-05]
23:16:10 - Time: 1753132570.479, current_contact_force: 10.940515352940313
23:16:10 - Time: 1753132570.479, jac: [[-4.03281091e-04  9.32310034e-02 -4.40785560e-04  3.00987580e-01
   5.05120554e-04 -1.25745284e-01 -3.79470760e-19]
 [ 4.96463734e-01 -1.80481162e-04  4.33827378e-01 -4.11331734e-04
   1.16532887e-01  4.86425366e-04  5.55111512e-17]
 [ 0.00000000e+00 -4.96462023e-01  4.70654425e-04  3.51578237e-01
   8.54752712e-04  7.99292619e-03  0.00000000e+00]
 [ 0.00000000e+00  1.93584556e-03  3.44963516e-01 -9.38406943e-04
   8.98920314e-01  4.33441781e-03 -6.34053046e-02]
 [ 0.00000000e+00  9.99998126e-01 -6.67797342e-04 -9.99999493e-01
  -6.82949028e-04  9.99963708e-01  7.59472688e-03]
 [ 1.00000000e+00  2.22044605e-16  9.38615857e-01 -3.66583243e-04
  -4.38111632e-01  7.33459636e-03 -9.97958961e-01]]
23:16:10 - Time: 1753132570.479, tau: [ 1.27795118e-02  6.14940814e-01  7.14003059e-03 -4.65349145e-01
  1.66344479e-03 -4.49217624e-02 -1.14549291e-05]
23:16:10 - Time: 1753132570.479, tau + g: [ 1.26910437e-02 -3.94653010e+01 -2.75055263e-01  2.01766794e+01
 -6.31932095e-01  3.18299261e-02 -1.18466338e-05]
23:16:10 - Time: 1753132570.486, current_contact_force: 10.939960613011253
23:16:10 - Time: 1753132570.486, jac: [[-4.05275452e-04  9.32310687e-02 -4.42892898e-04  3.00984652e-01
   5.07677009e-04 -1.25745056e-01 -2.71050543e-19]
 [ 4.96469417e-01 -1.81161818e-04  4.33827578e-01 -4.13126956e-04
   1.16534508e-01  4.88863893e-04 -5.55111512e-17]
 [ 0.00000000e+00 -4.96467692e-01  4.72621714e-04  3.51576127e-01
   8.58934848e-04  7.99636949e-03 -4.33680869e-19]
 [ 0.00000000e+00  1.94314490e-03  3.44982050e-01 -9.43341918e-04
   8.98923572e-01  4.35629248e-03 -6.34323279e-02]
 [ 0.00000000e+00  9.99998112e-01 -6.70351378e-04 -9.99999488e-01
  -6.87000190e-04  9.99963349e-01  7.63192942e-03]
 [ 1.00000000e+00  1.11022302e-16  9.38609043e-01 -3.67474625e-04
  -4.38104941e-01  7.37037792e-03 -9.97956960e-01]]
23:16:10 - Time: 1753132570.486, tau: [ 1.26938455e-02  6.16411533e-01  7.08939064e-03 -4.65234768e-01
  1.63274006e-03 -4.48688399e-02 -1.14904352e-05]
23:16:10 - Time: 1753132570.486, tau + g: [ 1.26070285e-02 -3.94649100e+01 -2.75084937e-01  2.01768265e+01
 -6.31925069e-01  3.19158670e-02 -1.18701570e-05]
23:16:10 - Time: 1753132570.494, current_contact_force: 10.939407387998882
23:16:10 - Time: 1753132570.494, jac: [[-4.07264035e-04  9.32311338e-02 -4.44993706e-04  3.00981769e-01
   5.10225301e-04 -1.25744835e-01 -3.25260652e-19]
 [ 4.96475078e-01 -1.81839303e-04  4.33827839e-01 -4.14914986e-04
   1.16536079e-01  4.91295368e-04  0.00000000e+00]
 [ 0.00000000e+00 -4.96473339e-01  4.74581003e-04  3.51574120e-01
   8.63103259e-04  7.99969246e-03  0.00000000e+00]
 [ 0.00000000e+00  1.95041023e-03  3.45000291e-01 -9.48260846e-04
   8.98926784e-01  4.37809839e-03 -6.34583956e-02]
 [ 0.00000000e+00  9.99998098e-01 -6.72893379e-04 -9.99999483e-01
  -6.91039894e-04  9.99962991e-01  7.66900961e-03]
 [ 1.00000000e+00  2.22044605e-16  9.38602337e-01 -3.68359154e-04
  -4.38098345e-01  7.40604392e-03 -9.97955018e-01]]
23:16:10 - Time: 1753132570.494, tau: [ 1.26083500e-02  6.17870312e-01  7.03871367e-03 -4.65122704e-01
  1.60217654e-03 -4.48160395e-02 -1.15254722e-05]
23:16:10 - Time: 1753132570.494, tau + g: [ 1.25231550e-02 -3.94645144e+01 -2.75114620e-01  2.01769713e+01
 -6.31917996e-01  3.20005317e-02 -1.18934028e-05]
23:16:10 - Time: 1753132570.501, current_contact_force: 10.93885566811279
23:16:10 - Time: 1753132570.501, jac: [[-4.09246858e-04  9.32311987e-02 -4.47088012e-04  3.00978931e-01
   5.12765460e-04 -1.25744622e-01 -1.62630326e-19]
 [ 4.96480718e-01 -1.82513641e-04  4.33828159e-01 -4.16695867e-04
   1.16537598e-01  4.93719827e-04 -5.55111512e-17]
 [ 0.00000000e+00 -4.96478966e-01  4.76532338e-04  3.51572212e-01
   8.67258001e-04  8.00289644e-03 -4.33680869e-19]
 [ 0.00000000e+00  1.95764179e-03  3.45018242e-01 -9.53163784e-04
   8.98929950e-01  4.39983582e-03 -6.34835184e-02]
 [ 0.00000000e+00  9.99998084e-01 -6.75423424e-04 -9.99999478e-01
  -6.95068163e-04  9.99962631e-01  7.70596795e-03]
 [ 1.00000000e+00  1.11022302e-16  9.38595736e-01 -3.69236898e-04
  -4.38091842e-01  7.44159486e-03 -9.97953136e-01]]
23:16:10 - Time: 1753132570.501, tau: [ 1.25230279e-02  6.19317206e-01  6.98800220e-03 -4.65012932e-01
  1.57175336e-03 -4.47633608e-02 -1.15600459e-05]
23:16:10 - Time: 1753132570.501, tau + g: [ 1.24394264e-02 -3.94641144e+01 -2.75144309e-01  2.01771139e+01
 -6.31910876e-01  3.20839336e-02 -1.19163742e-05]
23:16:10 - Time: 1753132570.507, current_contact_force: 10.93830544350975
23:16:10 - Time: 1753132570.507, jac: [[-4.11223943e-04  9.32312634e-02 -4.49175842e-04  3.00976137e-01
   5.15297519e-04 -1.25744416e-01 -4.33680869e-19]
 [ 4.96486338e-01 -1.83184853e-04  4.33828539e-01 -4.18469640e-04
   1.16539068e-01  4.96137304e-04  5.55111512e-17]
 [ 0.00000000e+00 -4.96484571e-01  4.78475766e-04  3.51570405e-01
   8.71399131e-04  8.00598279e-03  0.00000000e+00]
 [ 0.00000000e+00  1.96483982e-03  3.45035906e-01 -9.58050792e-04
   8.98933071e-01  4.42150505e-03 -6.35077072e-02]
 [ 0.00000000e+00  9.99998070e-01 -6.77941596e-04 -9.99999473e-01
  -6.99085019e-04  9.99962271e-01  7.74280493e-03]
 [ 1.00000000e+00  3.33066907e-16  9.38589242e-01 -3.70107924e-04
  -4.38085432e-01  7.47703126e-03 -9.97951311e-01]]
23:16:10 - Time: 1753132570.507, tau: [ 1.24378818e-02  6.20752268e-01  6.93725870e-03 -4.64905431e-01
  1.54146964e-03 -4.47108037e-02 -1.15941620e-05]
23:16:10 - Time: 1753132570.507, tau + g: [ 1.23558458e-02 -3.94637101e+01 -2.75174004e-01  2.01772543e+01
 -6.31903711e-01  3.21660858e-02 -1.19390743e-05]
23:16:10 - Time: 1753132570.514, current_contact_force: 10.937756704247192
23:16:10 - Time: 1753132570.514, jac: [[-4.13195308e-04  9.32313280e-02 -4.51257222e-04  3.00973387e-01
   5.17821509e-04 -1.25744217e-01 -5.42101086e-19]
 [ 4.96491936e-01 -1.83852962e-04  4.33828978e-01 -4.20236346e-04
   1.16540488e-01  4.98547834e-04  0.00000000e+00]
 [ 0.00000000e+00 -4.96490156e-01  4.80411331e-04  3.51568696e-01
   8.75526706e-04  8.00895283e-03  0.00000000e+00]
 [ 0.00000000e+00  1.97200456e-03  3.45053285e-01 -9.62921928e-04
   8.98936147e-01  4.44310636e-03 -6.35309723e-02]
 [ 0.00000000e+00  9.99998056e-01 -6.80447976e-04 -9.99999468e-01
  -7.03090486e-04  9.99961911e-01  7.77952105e-03]
 [ 1.00000000e+00  2.22044605e-16  9.38582851e-01 -3.70972300e-04
  -4.38079113e-01  7.51235361e-03 -9.97949545e-01]]
23:16:10 - Time: 1753132570.514, tau: [ 1.23529140e-02  6.22175553e-01  6.88648561e-03 -4.64800180e-01
  1.51132453e-03 -4.46583679e-02 -1.16278260e-05]
23:16:10 - Time: 1753132570.514, tau + g: [ 1.22724160e-02 -3.94633016e+01 -2.75203702e-01  2.01773925e+01
 -6.31896502e-01  3.22470013e-02 -1.19615064e-05]
23:16:10 - Time: 1753132570.518, current_contact_force: 10.937209440323455
23:16:10 - Time: 1753132570.518, jac: [[-4.15160973e-04  9.32313924e-02 -4.53332177e-04  3.00970681e-01
   5.20337459e-04 -1.25744026e-01 -4.33680869e-19]
 [ 4.96497514e-01 -1.84517990e-04  4.33829474e-01 -4.21996026e-04
   1.16541860e-01  5.00951451e-04  0.00000000e+00]
 [ 0.00000000e+00 -4.96495720e-01  4.82339080e-04  3.51567084e-01
   8.79640782e-04  8.01180788e-03  0.00000000e+00]
 [ 0.00000000e+00  1.97913625e-03  3.45070383e-01 -9.67777253e-04
   8.98939179e-01  4.46464002e-03 -6.35533243e-02]
 [ 0.00000000e+00  9.99998042e-01 -6.82942643e-04 -9.99999463e-01
  -7.07084589e-04  9.99961550e-01  7.81611681e-03]
 [ 1.00000000e+00  3.33066907e-16  9.38576563e-01 -3.71830090e-04
  -4.38072885e-01  7.54756240e-03 -9.97947836e-01]]
23:16:10 - Time: 1753132570.518, tau: [ 1.22681271e-02  6.23587119e-01  6.83568532e-03 -4.64697160e-01
  1.48131716e-03 -4.46060530e-02 -1.16610436e-05]
23:16:10 - Time: 1753132570.518, tau + g: [ 1.21891398e-02 -3.94628891e+01 -2.75233402e-01  2.01775286e+01
 -6.31889248e-01  3.23266930e-02 -1.19836734e-05]
23:16:10 - Time: 1753132570.526, current_contact_force: 10.936663641633844
23:16:10 - Time: 1753132570.526, jac: [[-4.17120957e-04  9.32314567e-02 -4.55400734e-04  3.00968017e-01
   5.22845403e-04 -1.25743841e-01 -5.96311195e-19]
 [ 4.96503071e-01 -1.85179960e-04  4.33830028e-01 -4.23748722e-04
   1.16543183e-01  5.03348189e-04  0.00000000e+00]
 [ 0.00000000e+00 -4.96501263e-01  4.84259058e-04  3.51565569e-01
   8.83741416e-04  8.01454926e-03 -4.33680869e-19]
 [ 0.00000000e+00  1.98623513e-03  3.45087203e-01 -9.72616825e-04
   8.98942167e-01  4.48610631e-03 -6.35747737e-02]
 [ 0.00000000e+00  9.99998027e-01 -6.85425677e-04 -9.99999458e-01
  -7.11067350e-04  9.99961188e-01  7.85259271e-03]
 [ 1.00000000e+00  3.33066907e-16  9.38570377e-01 -3.72681361e-04
  -4.38066747e-01  7.58265813e-03 -9.97946183e-01]]
23:16:10 - Time: 1753132570.526, tau: [ 1.21835232e-02  6.24987022e-01  6.78486015e-03 -4.64596350e-01
  1.45144667e-03 -4.45538589e-02 -1.16938204e-05]
23:16:10 - Time: 1753132570.526, tau + g: [ 1.21060201e-02 -3.94624727e+01 -2.75263102e-01  2.01776626e+01
 -6.31881951e-01  3.24051738e-02 -1.20055784e-05]
23:16:10 - Time: 1753132570.533, current_contact_force: 10.936119297998797
23:16:10 - Time: 1753132570.533, jac: [[-4.19075279e-04  9.32315208e-02 -4.57462919e-04  3.00965396e-01
   5.25345370e-04 -1.25743664e-01 -3.79470760e-19]
 [ 4.96508607e-01 -1.85838892e-04  4.33830638e-01 -4.25494474e-04
   1.16544459e-01  5.05738081e-04  0.00000000e+00]
 [ 0.00000000e+00 -4.96506786e-01  4.86171309e-04  3.51564149e-01
   8.87828663e-04  8.01717825e-03  4.33680869e-19]
 [ 0.00000000e+00  1.99330142e-03  3.45103748e-01 -9.77440702e-04
   8.98945112e-01  4.50750550e-03 -6.35953306e-02]
 [ 0.00000000e+00  9.99998013e-01 -6.87897158e-04 -9.99999453e-01
  -7.15038796e-04  9.99960826e-01  7.88894924e-03]
 [ 1.00000000e+00  2.22044605e-16  9.38564292e-01 -3.73526177e-04
  -4.38060697e-01  7.61764130e-03 -9.97944587e-01]]
23:16:10 - Time: 1753132570.533, tau: [ 1.20991045e-02  6.26375320e-01  6.73401240e-03 -4.64497730e-01
  1.42171223e-03 -4.45017852e-02 -1.17261616e-05]
23:16:10 - Time: 1753132570.533, tau + g: [ 1.20230594e-02 -3.94620523e+01 -2.75292799e-01  2.01777944e+01
 -6.31874611e-01  3.24824563e-02 -1.20272244e-05]
23:16:10 - Time: 1753132570.539, current_contact_force: 10.935576399146647
23:16:10 - Time: 1753132570.539, jac: [[-4.21023960e-04  9.32315847e-02 -4.59518756e-04  3.00962817e-01
   5.27837391e-04 -1.25743494e-01 -4.33680869e-19]
 [ 4.96514124e-01 -1.86494809e-04  4.33831304e-01 -4.27233322e-04
   1.16545687e-01  5.08121162e-04  0.00000000e+00]
 [ 0.00000000e+00 -4.96512288e-01  4.88075880e-04  3.51562823e-01
   8.91902579e-04  8.01969615e-03  0.00000000e+00]
 [ 0.00000000e+00  2.00033537e-03  3.45120020e-01 -9.82248944e-04
   8.98948014e-01  4.52883786e-03 -6.36150054e-02]
 [ 0.00000000e+00  9.99997999e-01 -6.90357164e-04 -9.99999448e-01
  -7.18998949e-04  9.99960464e-01  7.92518689e-03]
 [ 1.00000000e+00  2.22044605e-16  9.38558307e-01 -3.74364602e-04
  -4.38054734e-01  7.65251238e-03 -9.97943046e-01]]
23:16:10 - Time: 1753132570.539, tau: [ 1.20148732e-02  6.27752071e-01  6.68314431e-03 -4.64401281e-01
  1.39211298e-03 -4.44498317e-02 -1.17580727e-05]
23:16:10 - Time: 1753132570.539, tau + g: [ 1.19402603e-02 -3.94616283e+01 -2.75322494e-01  2.01779241e+01
 -6.31867229e-01  3.25585531e-02 -1.20486143e-05]
23:16:10 - Time: 1753132570.547, current_contact_force: 10.935034934719923
23:16:10 - Time: 1753132570.547, jac: [[-4.22967017e-04  9.32316485e-02 -4.61568272e-04  3.00960280e-01
   5.30321497e-04 -1.25743331e-01 -1.62630326e-19]
 [ 4.96519620e-01 -1.87147733e-04  4.33832026e-01 -4.28965307e-04
   1.16546869e-01  5.10497462e-04  5.55111512e-17]
 [ 0.00000000e+00 -4.96517770e-01  4.89972814e-04  3.51561589e-01
   8.95963221e-04  8.02210422e-03  0.00000000e+00]
 [ 0.00000000e+00  2.00733720e-03  3.45136024e-01 -9.87041611e-04
   8.98950874e-01  4.55010366e-03 -6.36338080e-02]
 [ 0.00000000e+00  9.99997985e-01 -6.92805774e-04 -9.99999442e-01
  -7.22947835e-04  9.99960100e-01  7.96130616e-03]
 [ 1.00000000e+00  2.22044605e-16  9.38552420e-01 -3.75196700e-04
  -4.38048859e-01  7.68727188e-03 -9.97941559e-01]]
23:16:10 - Time: 1753132570.547, tau: [ 1.19308314e-02  6.29117335e-01  6.63225809e-03 -4.64306981e-01
  1.36264809e-03 -4.43979980e-02 -1.17895591e-05]
23:16:10 - Time: 1753132570.547, tau + g: [ 1.18576254e-02 -3.94612006e+01 -2.75352183e-01  2.01780517e+01
 -6.31859807e-01  3.26334767e-02 -1.20697510e-05]
23:16:10 - Time: 1753132570.550, current_contact_force: 10.934494894270284
23:16:10 - Time: 1753132570.550, jac: [[-4.24904470e-04  9.32317121e-02 -4.63611492e-04  3.00957784e-01
   5.32797720e-04 -1.25743174e-01 -5.42101086e-19]
 [ 4.96525096e-01 -1.87797684e-04  4.33832801e-01 -4.30690469e-04
   1.16548005e-01  5.12867017e-04 -5.55111512e-17]
 [ 0.00000000e+00 -4.96523233e-01  4.91862155e-04  3.51560448e-01
   9.00010642e-04  8.02440373e-03  0.00000000e+00]
 [ 0.00000000e+00  2.01430714e-03  3.45151760e-01 -9.91818760e-04
   8.98953692e-01  4.57130318e-03 -6.36517486e-02]
 [ 0.00000000e+00  9.99997971e-01 -6.95243064e-04 -9.99999437e-01
  -7.26885480e-04  9.99959737e-01  7.99730754e-03]
 [ 1.00000000e+00  0.00000000e+00  9.38546631e-01 -3.76022534e-04
  -4.38043070e-01  7.72192027e-03 -9.97940127e-01]]
23:16:10 - Time: 1753132570.550, tau: [ 1.18469808e-02  6.30471172e-01  6.58135590e-03 -4.64214812e-01
  1.33331674e-03 -4.43462840e-02 -1.18206259e-05]
23:16:10 - Time: 1753132570.550, tau + g: [ 1.17751569e-02 -3.94607694e+01 -2.75381866e-01  2.01781773e+01
 -6.31852343e-01  3.27072394e-02 -1.20906375e-05]
23:16:10 - Time: 1753132570.557, current_contact_force: 10.933956267278509
23:16:10 - Time: 1753132570.557, jac: [[-4.26836338e-04  9.32317755e-02 -4.65648441e-04  3.00955329e-01
   5.35266089e-04 -1.25743025e-01 -7.58941521e-19]
 [ 4.96530552e-01 -1.88444684e-04  4.33833631e-01 -4.32408848e-04
   1.16549096e-01  5.15229857e-04 -5.55111512e-17]
 [ 0.00000000e+00 -4.96528675e-01  4.93743948e-04  3.51559397e-01
   9.04044900e-04  8.02659593e-03  0.00000000e+00]
 [ 0.00000000e+00  2.02124542e-03  3.45167233e-01 -9.96580451e-04
   8.98956469e-01  4.59243668e-03 -6.36688371e-02]
 [ 0.00000000e+00  9.99997957e-01 -6.97669114e-04 -9.99999432e-01
  -7.30811908e-04  9.99959373e-01  8.03319150e-03]
 [ 1.00000000e+00  1.11022302e-16  9.38540939e-01 -3.76842166e-04
  -4.38037365e-01  7.75645804e-03 -9.97938749e-01]]
23:16:10 - Time: 1753132570.557, tau: [ 1.17633236e-02  6.31813643e-01  6.53043988e-03 -4.64124754e-01
  1.30411809e-03 -4.42946894e-02 -1.18512783e-05]
23:16:10 - Time: 1753132570.557, tau + g: [ 1.16928572e-02 -3.94603347e+01 -2.75411541e-01  2.01783008e+01
 -6.31844840e-01  3.27798535e-02 -1.21112765e-05]
23:16:10 - Time: 1753132570.563, current_contact_force: 10.93341904312648
23:16:10 - Time: 1753132570.563, jac: [[-4.28762640e-04  9.32318388e-02 -4.67679144e-04  3.00952914e-01
   5.37726635e-04 -1.25742882e-01 -2.16840434e-19]
 [ 4.96535988e-01 -1.89088754e-04  4.33834514e-01 -4.34120483e-04
   1.16550141e-01  5.17586016e-04  0.00000000e+00]
 [ 0.00000000e+00 -4.96534098e-01  4.95618237e-04  3.51558436e-01
   9.08066048e-04  8.02868205e-03 -4.33680869e-19]
 [ 0.00000000e+00  2.02815226e-03  3.45182446e-01 -1.00132674e-03
   8.98959204e-01  4.61350443e-03 -6.36850832e-02]
 [ 0.00000000e+00  9.99997943e-01 -7.00083998e-04 -9.99999427e-01
  -7.34727146e-04  9.99959008e-01  8.06895855e-03]
 [ 1.00000000e+00  3.33066907e-16  9.38535342e-01 -3.77655659e-04
  -4.38031745e-01  7.79088567e-03 -9.97937424e-01]]
23:16:10 - Time: 1753132570.563, tau: [ 1.16798614e-02  6.33144808e-01  6.47951209e-03 -4.64036788e-01
  1.27505132e-03 -4.42432138e-02 -1.18815215e-05]
23:16:10 - Time: 1753132570.563, tau + g: [ 1.16107286e-02 -3.94598967e+01 -2.75441206e-01  2.01784223e+01
 -6.31837298e-01  3.28513311e-02 -1.21316709e-05]
23:16:10 - Time: 1753132570.566, current_contact_force: 10.932883211139073
23:16:10 - Time: 1753132570.566, jac: [[-4.30683393e-04  9.32319019e-02 -4.69703625e-04  3.00950539e-01
   5.40179389e-04 -1.25742746e-01 -4.33680869e-19]
 [ 4.96541405e-01 -1.89729914e-04  4.33835449e-01 -4.35825413e-04
   1.16551142e-01  5.19935524e-04  5.55111512e-17]
 [ 0.00000000e+00 -4.96539500e-01  4.97485064e-04  3.51557564e-01
   9.12074142e-04  8.03066333e-03  4.33680869e-19]
 [ 0.00000000e+00  2.03502790e-03  3.45197400e-01 -1.00605770e-03
   8.98961899e-01  4.63450670e-03 -6.37004969e-02]
 [ 0.00000000e+00  9.99997929e-01 -7.02487794e-04 -9.99999422e-01
  -7.38631218e-04  9.99958643e-01  8.10460916e-03]
 [ 1.00000000e+00  2.22044605e-16  9.38529840e-01 -3.78463073e-04
  -4.38026207e-01  7.82520363e-03 -9.97936151e-01]]
23:16:10 - Time: 1753132570.566, tau: [ 1.15965960e-02  6.34464730e-01  6.42857459e-03 -4.63950895e-01
  1.24611563e-03 -4.41918570e-02 -1.19113604e-05]
23:16:10 - Time: 1753132570.566, tau + g: [ 1.15287731e-02 -3.94594555e+01 -2.75470860e-01  2.01785418e+01
 -6.31829717e-01  3.29216843e-02 -1.21518235e-05]
23:16:10 - Time: 1753132570.572, current_contact_force: 10.932348760544643
23:16:10 - Time: 1753132570.572, jac: [[-4.32598618e-04  9.32319648e-02 -4.71721910e-04  3.00948203e-01
   5.42624381e-04 -1.25742616e-01 -7.58941521e-19]
 [ 4.96546802e-01 -1.90368186e-04  4.33836436e-01 -4.37523679e-04
   1.16552099e-01  5.22278415e-04 -5.55111512e-17]
 [ 0.00000000e+00 -4.96544884e-01  4.99344474e-04  3.51556779e-01
   9.16069236e-04  8.03254098e-03 -4.33680869e-19]
 [ 0.00000000e+00  2.04187255e-03  3.45212099e-01 -1.01077337e-03
   8.98964554e-01  4.65544375e-03 -6.37150876e-02]
 [ 0.00000000e+00  9.99997915e-01 -7.04880578e-04 -9.99999417e-01
  -7.42524152e-04  9.99958277e-01  8.14014382e-03]
 [ 1.00000000e+00  0.00000000e+00  9.38524432e-01 -3.79264470e-04
  -4.38020753e-01  7.85941241e-03 -9.97934931e-01]]
23:16:10 - Time: 1753132570.572, tau: [ 1.15135291e-02  6.35773471e-01  6.37762938e-03 -4.63867055e-01
  1.21731019e-03 -4.41406187e-02 -1.19408001e-05]
23:16:10 - Time: 1753132570.572, tau + g: [ 1.14469930e-02 -3.94590111e+01 -2.75500502e-01  2.01786594e+01
 -6.31822098e-01  3.29909249e-02 -1.21717369e-05]
23:16:10 - Time: 1753132570.576, current_contact_force: 10.931815680530068
23:16:10 - Time: 1753132570.576, jac: [[-4.34508331e-04  9.32320276e-02 -4.73734023e-04  3.00945907e-01
   5.45061642e-04 -1.25742493e-01 -4.33680869e-19]
 [ 4.96552180e-01 -1.91003590e-04  4.33837475e-01 -4.39215318e-04
   1.16553013e-01  5.24614718e-04 -5.55111512e-17]
 [ 0.00000000e+00 -4.96550248e-01  5.01196509e-04  3.51556081e-01
   9.20051385e-04  8.03431620e-03  0.00000000e+00]
 [ 0.00000000e+00  2.04868643e-03  3.45226546e-01 -1.01547381e-03
   8.98967169e-01  4.67631585e-03 -6.37288651e-02]
 [ 0.00000000e+00  9.99997901e-01 -7.07262423e-04 -9.99999412e-01
  -7.46405972e-04  9.99957911e-01  8.17556300e-03]
 [ 1.00000000e+00  3.33066907e-16  9.38519116e-01 -3.80059909e-04
  -4.38015379e-01  7.89351248e-03 -9.97933761e-01]]
23:16:10 - Time: 1753132570.576, tau: [ 1.14306623e-02  6.37071093e-01  6.32667844e-03 -4.63785249e-01
  1.18863421e-03 -4.40894987e-02 -1.19698456e-05]
23:16:10 - Time: 1753132570.576, tau + g: [ 1.13653901e-02 -3.94585637e+01 -2.75530131e-01  2.01787749e+01
 -6.31814442e-01  3.30590649e-02 -1.21914139e-05]
23:16:10 - Time: 1753132570.582, current_contact_force: 10.931283960190802
23:16:10 - Time: 1753132570.582, jac: [[-4.36412553e-04  9.32320903e-02 -4.75739989e-04  3.00943649e-01
   5.47491201e-04 -1.25742376e-01 -6.50521303e-19]
 [ 4.96557538e-01 -1.91636147e-04  4.33838564e-01 -4.40900369e-04
   1.16553883e-01  5.26944465e-04  0.00000000e+00]
 [ 0.00000000e+00 -4.96555592e-01  5.03041211e-04  3.51555468e-01
   9.24020643e-04  8.03599020e-03 -4.33680869e-19]
 [ 0.00000000e+00  2.05546976e-03  3.45240743e-01 -1.02015910e-03
   8.98969745e-01  4.69712326e-03 -6.37418387e-02]
 [ 0.00000000e+00  9.99997888e-01 -7.09633406e-04 -9.99999407e-01
  -7.50276707e-04  9.99957545e-01  8.21086719e-03]
 [ 1.00000000e+00  1.11022302e-16  9.38513892e-01 -3.80849451e-04
  -4.38010086e-01  7.92750431e-03 -9.97932643e-01]]
23:16:10 - Time: 1753132570.582, tau: [ 1.13479971e-02  6.38357660e-01  6.27572370e-03 -4.63705459e-01
  1.16008690e-03 -4.40384966e-02 -1.19985016e-05]
23:16:10 - Time: 1753132570.582, tau + g: [ 1.12839664e-02 -3.94581133e+01 -2.75559744e-01  2.01788885e+01
 -6.31806750e-01  3.31261159e-02 -1.22108571e-05]
23:16:10 - Time: 1753132570.588, current_contact_force: 10.930753588587386
23:16:10 - Time: 1753132570.588, jac: [[-4.38311301e-04  9.32321528e-02 -4.77739832e-04  3.00941429e-01
   5.49913089e-04 -1.25742266e-01 -3.25260652e-19]
 [ 4.96562878e-01 -1.92265876e-04  4.33839703e-01 -4.42578872e-04
   1.16554712e-01  5.29267687e-04  0.00000000e+00]
 [ 0.00000000e+00 -4.96560918e-01  5.04878625e-04  3.51554940e-01
   9.27977064e-04  8.03756415e-03  4.33680869e-19]
 [ 0.00000000e+00  2.06222276e-03  3.45254694e-01 -1.02482928e-03
   8.98972281e-01  4.71786625e-03 -6.37540179e-02]
 [ 0.00000000e+00  9.99997874e-01 -7.11993600e-04 -9.99999402e-01
  -7.54136382e-04  9.99957178e-01  8.24605687e-03]
 [ 1.00000000e+00  2.22044605e-16  9.38508758e-01 -3.81633154e-04
  -4.38004873e-01  7.96138837e-03 -9.97931575e-01]]
23:16:10 - Time: 1753132570.588, tau: [ 1.12655350e-02  6.39633236e-01  6.22476707e-03 -4.63627666e-01
  1.13166745e-03 -4.39876122e-02 -1.20267730e-05]
23:16:10 - Time: 1753132570.588, tau + g: [ 1.12027238e-02 -3.94576600e+01 -2.75589340e-01  2.01790001e+01
 -6.31799021e-01  3.31920896e-02 -1.22300693e-05]
23:16:10 - Time: 1753132570.592, current_contact_force: 10.930224554708527
23:16:10 - Time: 1753132570.592, jac: [[-4.40204593e-04  9.32322151e-02 -4.79733576e-04  3.00939247e-01
   5.52327336e-04 -1.25742162e-01 -1.08420217e-19]
 [ 4.96568198e-01 -1.92892798e-04  4.33840892e-01 -4.44250863e-04
   1.16555498e-01  5.31584415e-04  0.00000000e+00]
 [ 0.00000000e+00 -4.96566224e-01  5.06708791e-04  3.51554496e-01
   9.31920702e-04  8.03903922e-03 -4.33680869e-19]
 [ 0.00000000e+00  2.06894564e-03  3.45268399e-01 -1.02948441e-03
   8.98974780e-01  4.73854508e-03 -6.37654120e-02]
 [ 0.00000000e+00  9.99997860e-01 -7.14343080e-04 -9.99999397e-01
  -7.57985024e-04  9.99956811e-01  8.28113251e-03]
 [ 1.00000000e+00  1.11022302e-16  9.38503714e-01 -3.82411076e-04
  -4.37999738e-01  7.99516512e-03 -9.97930556e-01]]
23:16:10 - Time: 1753132570.592, tau: [ 1.11832775e-02  6.40897885e-01  6.17381041e-03 -4.63551850e-01
  1.10337508e-03 -4.39368452e-02 -1.20546644e-05]
23:16:10 - Time: 1753132570.592, tau + g: [ 1.11216641e-02 -3.94572039e+01 -2.75618919e-01  2.01791099e+01
 -6.31791258e-01  3.32569974e-02 -1.22490529e-05]
23:16:10 - Time: 1753132570.598, current_contact_force: 10.92969684751031
23:16:10 - Time: 1753132570.598, jac: [[-4.42092448e-04  9.32322773e-02 -4.81721245e-04  3.00937102e-01
   5.54733972e-04 -1.25742064e-01  0.00000000e+00]
 [ 4.96573499e-01 -1.93516933e-04  4.33842129e-01 -4.45916382e-04
   1.16556243e-01  5.33894678e-04 -5.55111512e-17]
 [ 0.00000000e+00 -4.96571512e-01  5.08531752e-04  3.51554134e-01
   9.35851610e-04  8.04041658e-03  0.00000000e+00]
 [ 0.00000000e+00  2.07563863e-03  3.45281864e-01 -1.03412455e-03
   8.98977240e-01  4.75916000e-03 -6.37760302e-02]
 [ 0.00000000e+00  9.99997846e-01 -7.16681917e-04 -9.99999392e-01
  -7.61822660e-04  9.99956443e-01  8.31609458e-03]
 [ 1.00000000e+00  3.33066907e-16  9.38498759e-01 -3.83183276e-04
  -4.37994682e-01  8.02883503e-03 -9.97929587e-01]]
23:16:10 - Time: 1753132570.598, tau: [ 1.11012260e-02  6.42151671e-01  6.12285555e-03 -4.63477995e-01
  1.07520900e-03 -4.38861953e-02 -1.20821807e-05]
23:16:10 - Time: 1753132570.598, tau + g: [ 1.10407890e-02 -3.94567451e+01 -2.75648479e-01  2.01792177e+01
 -6.31783460e-01  3.33208508e-02 -1.22678105e-05]
23:16:10 - Time: 1753132570.602, current_contact_force: 10.92917045589599
23:16:10 - Time: 1753132570.602, jac: [[-4.43974884e-04  9.32323393e-02 -4.83702863e-04  3.00934995e-01
   5.57133027e-04 -1.25741972e-01 -7.58941521e-19]
 [ 4.96578781e-01 -1.94138300e-04  4.33843414e-01 -4.47575465e-04
   1.16556947e-01  5.36198507e-04  0.00000000e+00]
 [ 0.00000000e+00 -4.96576780e-01  5.10347549e-04  3.51553854e-01
   9.39769842e-04  8.04169737e-03 -4.33680869e-19]
 [ 0.00000000e+00  2.08230192e-03  3.45295089e-01 -1.03874976e-03
   8.98979663e-01  4.77971128e-03 -6.37858817e-02]
 [ 0.00000000e+00  9.99997832e-01 -7.19010186e-04 -9.99999387e-01
  -7.65649317e-04  9.99956075e-01  8.35094356e-03]
 [ 1.00000000e+00  1.11022302e-16  9.38493892e-01 -3.83949812e-04
  -4.37989703e-01  8.06239857e-03 -9.97928666e-01]]
23:16:10 - Time: 1753132570.602, tau: [ 1.10193816e-02  6.43394659e-01  6.07190430e-03 -4.63406081e-01
  1.04716845e-03 -4.38356622e-02 -1.21093264e-05]
23:16:10 - Time: 1753132570.602, tau + g: [ 1.09601002e-02 -3.94562838e+01 -2.75678019e-01  2.01793237e+01
 -6.31775628e-01  3.33836610e-02 -1.22863447e-05]
23:16:10 - Time: 1753132570.608, current_contact_force: 10.928645368743737
23:16:10 - Time: 1753132570.608, jac: [[-4.45851918e-04  9.32324011e-02 -4.85678454e-04  3.00932924e-01
   5.59524530e-04 -1.25741887e-01 -2.16840434e-19]
 [ 4.96584045e-01 -1.94756919e-04  4.33844747e-01 -4.49228151e-04
   1.16557611e-01  5.38495931e-04  0.00000000e+00]
 [ 0.00000000e+00 -4.96582030e-01  5.12156224e-04  3.51553654e-01
   9.43675451e-04  8.04288275e-03  4.33680869e-19]
 [ 0.00000000e+00  2.08893574e-03  3.45308078e-01 -1.04336010e-03
   8.98982048e-01  4.80019918e-03 -6.37949755e-02]
 [ 0.00000000e+00  9.99997818e-01 -7.21327958e-04 -9.99999382e-01
  -7.69465023e-04  9.99955707e-01  8.38567992e-03]
 [ 1.00000000e+00  1.11022302e-16  9.38489111e-01 -3.84710739e-04
  -4.37984800e-01  8.09585618e-03 -9.97927794e-01]]
23:16:10 - Time: 1753132570.608, tau: [ 1.09377457e-02  6.44626915e-01  6.02095842e-03 -4.63336090e-01
  1.01925265e-03 -4.37852457e-02 -1.21361060e-05]
23:16:10 - Time: 1753132570.608, tau + g: [ 1.08795994e-02 -3.94558198e+01 -2.75707538e-01  2.01794278e+01
 -6.31767762e-01  3.34454393e-02 -1.23046579e-05]
23:16:10 - Time: 1753132570.614, current_contact_force: 10.928121574887776
23:16:10 - Time: 1753132570.614, jac: [[-4.47723569e-04  9.32324628e-02 -4.87648042e-04  3.00930889e-01
   5.61908511e-04 -1.25741807e-01  0.00000000e+00]
 [ 4.96589290e-01 -1.95372810e-04  4.33846128e-01 -4.50874476e-04
   1.16558234e-01  5.40786980e-04  0.00000000e+00]
 [ 0.00000000e+00 -4.96587262e-01  5.13957819e-04  3.51553533e-01
   9.47568490e-04  8.04397383e-03  0.00000000e+00]
 [ 0.00000000e+00  2.09554028e-03  3.45320833e-01 -1.04795563e-03
   8.98984397e-01  4.82062395e-03 -6.38033206e-02]
 [ 0.00000000e+00  9.99997804e-01 -7.23635305e-04 -9.99999377e-01
  -7.73269805e-04  9.99955338e-01  8.42030412e-03]
 [ 1.00000000e+00  1.11022302e-16  9.38484416e-01 -3.85466115e-04
  -4.37979972e-01  8.12920834e-03 -9.97926969e-01]]
23:16:10 - Time: 1753132570.614, tau: [ 1.08563194e-02  6.45848504e-01  5.97001964e-03 -4.63268004e-01
  9.91460832e-04 -4.37349455e-02 -1.21625241e-05]
23:16:10 - Time: 1753132570.614, tau + g: [ 1.07992880e-02 -3.94553534e+01 -2.75737034e-01  2.01795300e+01
 -6.31759864e-01  3.35061968e-02 -1.23227527e-05]
23:16:10 - Time: 1753132570.618, current_contact_force: 10.927599063154902
23:16:10 - Time: 1753132570.618, jac: [[-4.49589855e-04  9.32325244e-02 -4.89611650e-04  3.00928890e-01
   5.64285001e-04 -1.25741733e-01 -3.25260652e-19]
 [ 4.96594517e-01 -1.95985992e-04  4.33847554e-01 -4.52514478e-04
   1.16558818e-01  5.43071684e-04  0.00000000e+00]
 [ 0.00000000e+00 -4.96592475e-01  5.15752373e-04  3.51553492e-01
   9.51449012e-04  8.04497173e-03  0.00000000e+00]
 [ 0.00000000e+00  2.10211576e-03  3.45333357e-01 -1.05253640e-03
   8.98986709e-01  4.84098585e-03 -6.38109258e-02]
 [ 0.00000000e+00  9.99997791e-01 -7.25932298e-04 -9.99999372e-01
  -7.77063691e-04  9.99954969e-01  8.45481664e-03]
 [ 1.00000000e+00  2.22044605e-16  9.38479806e-01 -3.86215995e-04
  -4.37975220e-01  8.16245550e-03 -9.97926191e-01]]
23:16:10 - Time: 1753132570.618, tau: [ 1.07751039e-02  6.47059491e-01  5.91908969e-03 -4.63201804e-01
  9.63792236e-04 -4.36847612e-02 -1.21885851e-05]
23:16:10 - Time: 1753132570.618, tau + g: [ 1.07191675e-02 -3.94548846e+01 -2.75766506e-01  2.01796304e+01
 -6.31751933e-01  3.35659445e-02 -1.23406314e-05]
23:16:10 - Time: 1753132570.624, current_contact_force: 10.927077822341284
23:16:10 - Time: 1753132570.624, jac: [[-4.51450793e-04  9.32325858e-02 -4.91569301e-04  3.00926927e-01
   5.66654027e-04 -1.25741666e-01 -6.50521303e-19]
 [ 4.96599725e-01 -1.96596484e-04  4.33849026e-01 -4.54148194e-04
   1.16559363e-01  5.45350070e-04  5.55111512e-17]
 [ 0.00000000e+00 -4.96597669e-01  5.17539928e-04  3.51553528e-01
   9.55317069e-04  8.04587757e-03  0.00000000e+00]
 [ 0.00000000e+00  2.10866239e-03  3.45345653e-01 -1.05710248e-03
   8.98988985e-01  4.86128513e-03 -6.38178000e-02]
 [ 0.00000000e+00  9.99997777e-01 -7.28219008e-04 -9.99999366e-01
  -7.80846708e-04  9.99954599e-01  8.48921793e-03]
 [ 1.00000000e+00  2.22044605e-16  9.38475279e-01 -3.86960434e-04
  -4.37970541e-01  8.19559810e-03 -9.97925459e-01]]
23:16:10 - Time: 1753132570.624, tau: [ 1.06941004e-02  6.48259944e-01  5.86817022e-03 -4.63137474e-01
  9.36246107e-04 -4.36346927e-02 -1.22142933e-05]
23:16:10 - Time: 1753132570.624, tau + g: [ 1.06392394e-02 -3.94544135e+01 -2.75795953e-01  2.01797290e+01
 -6.31743971e-01  3.36246932e-02 -1.23582965e-05]
23:16:10 - Time: 1753132570.628, current_contact_force: 10.926557841238273
23:16:10 - Time: 1753132570.628, jac: [[-4.53306401e-04  9.32326471e-02 -4.93521019e-04  3.00924998e-01
   5.69015620e-04 -1.25741604e-01 -2.16840434e-19]
 [ 4.96604915e-01 -1.97204305e-04  4.33850544e-01 -4.55775659e-04
   1.16559870e-01  5.47622168e-04  0.00000000e+00]
 [ 0.00000000e+00 -4.96602846e-01  5.19320525e-04  3.51553641e-01
   9.59172713e-04  8.04669243e-03  4.33680869e-19]
 [ 0.00000000e+00  2.11518036e-03  3.45357722e-01 -1.06165391e-03
   8.98991226e-01  4.88152206e-03 -6.38239519e-02]
 [ 0.00000000e+00  9.99997763e-01 -7.30495506e-04 -9.99999361e-01
  -7.84618884e-04  9.99954229e-01  8.52350847e-03]
 [ 1.00000000e+00  2.22044605e-16  9.38470836e-01 -3.87699488e-04
  -4.37965935e-01  8.22863660e-03 -9.97924773e-01]]
23:16:10 - Time: 1753132570.628, tau: [ 1.06133097e-02  6.49449927e-01  5.81726288e-03 -4.63074994e-01
  9.08821693e-04 -4.35847395e-02 -1.22396532e-05]
23:16:10 - Time: 1753132570.628, tau + g: [ 1.05595050e-02 -3.94539402e+01 -2.75825374e-01  2.01798258e+01
 -6.31735977e-01  3.36824539e-02 -1.23757502e-05]
23:16:10 - Time: 1753132570.634, current_contact_force: 10.926039108629176
23:16:10 - Time: 1753132570.634, jac: [[-4.55156697e-04  9.32327082e-02 -4.95466827e-04  3.00923104e-01
   5.71369808e-04 -1.25741547e-01 -5.42101086e-19]
 [ 4.96610087e-01 -1.97809475e-04  4.33852106e-01 -4.57396911e-04
   1.16560338e-01  5.49888007e-04  0.00000000e+00]
 [ 0.00000000e+00 -4.96608004e-01  5.21094203e-04  3.51553829e-01
   9.63015997e-04  8.04741742e-03  4.33680869e-19]
 [ 0.00000000e+00  2.12166989e-03  3.45369567e-01 -1.06619076e-03
   8.98993431e-01  4.90169687e-03 -6.38293902e-02]
 [ 0.00000000e+00  9.99997749e-01 -7.32761860e-04 -9.99999356e-01
  -7.88380247e-04  9.99953859e-01  8.55768871e-03]
 [ 1.00000000e+00  2.22044605e-16  9.38466475e-01 -3.88433210e-04
  -4.37961402e-01  8.26157145e-03 -9.97924133e-01]]
23:16:10 - Time: 1753132570.634, tau: [ 1.05327329e-02  6.50629508e-01  5.76636929e-03 -4.63014348e-01
  8.81518250e-04 -4.35349015e-02 -1.22646689e-05]
23:16:10 - Time: 1753132570.634, tau + g: [ 1.04799657e-02 -3.94534647e+01 -2.75854769e-01  2.01799208e+01
 -6.31727954e-01  3.37392371e-02 -1.23929949e-05]
23:16:10 - Time: 1753132570.642, current_contact_force: 10.925521613296468
23:16:10 - Time: 1753132570.642, jac: [[-4.57001698e-04  9.32327691e-02 -4.97406748e-04  3.00921245e-01
   5.73716622e-04 -1.25741497e-01 -3.25260652e-19]
 [ 4.96615241e-01 -1.98412010e-04  4.33853712e-01 -4.59011986e-04
   1.16560769e-01  5.52147614e-04  5.55111512e-17]
 [ 0.00000000e+00 -4.96613144e-01  5.22861002e-04  3.51554093e-01
   9.66846972e-04  8.04805360e-03  4.33680869e-19]
 [ 0.00000000e+00  2.12813116e-03  3.45381192e-01 -1.07071309e-03
   8.98995601e-01  4.92180982e-03 -6.38341233e-02]
 [ 0.00000000e+00  9.99997736e-01 -7.35018140e-04 -9.99999351e-01
  -7.92130826e-04  9.99953488e-01  8.59175910e-03]
 [ 1.00000000e+00  1.11022302e-16  9.38462195e-01 -3.89161654e-04
  -4.37956940e-01  8.29440309e-03 -9.97923537e-01]]
23:16:10 - Time: 1753132570.642, tau: [ 1.04523709e-02  6.51798753e-01  5.71549104e-03 -4.62955518e-01
  8.54335037e-04 -4.34851784e-02 -1.22893448e-05]
23:16:10 - Time: 1753132570.642, tau + g: [ 1.04006227e-02 -3.94529871e+01 -2.75884135e-01  2.01800141e+01
 -6.31719900e-01  3.37950535e-02 -1.24100330e-05]
23:16:10 - Time: 1753132570.650, current_contact_force: 10.925005344029834
23:16:10 - Time: 1753132570.650, jac: [[-4.58841421e-04  9.32328299e-02 -4.99340805e-04  3.00919419e-01
   5.76056090e-04 -1.25741452e-01 -2.16840434e-19]
 [ 4.96620377e-01 -1.99011931e-04  4.33855362e-01 -4.60620919e-04
   1.16561162e-01  5.54401018e-04  0.00000000e+00]
 [ 0.00000000e+00 -4.96618267e-01  5.24620963e-04  3.51554430e-01
   9.70665690e-04  8.04860204e-03 -4.33680869e-19]
 [ 0.00000000e+00  2.13456438e-03  3.45392597e-01 -1.07522095e-03
   8.98997737e-01  4.94186117e-03 -6.38381597e-02]
 [ 0.00000000e+00  9.99997722e-01 -7.37264416e-04 -9.99999346e-01
  -7.95870648e-04  9.99953117e-01  8.62572012e-03]
 [ 1.00000000e+00  1.11022302e-16  9.38457996e-01 -3.89884873e-04
  -4.37952549e-01  8.32713197e-03 -9.97922986e-01]]
23:16:10 - Time: 1753132570.650, tau: [ 1.03722246e-02  6.52957729e-01  5.66462968e-03 -4.62898485e-01
  8.27271317e-04 -4.34355698e-02 -1.23136848e-05]
23:16:10 - Time: 1753132570.650, tau + g: [ 1.03214773e-02 -3.94525075e+01 -2.75913472e-01  2.01801056e+01
 -6.31711817e-01  3.38499136e-02 -1.24268667e-05]
23:16:10 - Time: 1753132570.655, current_contact_force: 10.924490289622153
23:16:10 - Time: 1753132570.655, jac: [[-4.60675885e-04  9.32328906e-02 -5.01269021e-04  3.00917627e-01
   5.78388241e-04 -1.25741412e-01 -3.25260652e-19]
 [ 4.96625496e-01 -1.99609256e-04  4.33857054e-01 -4.62223747e-04
   1.16561519e-01  5.56648246e-04 -5.55111512e-17]
 [ 0.00000000e+00 -4.96623371e-01  5.26374123e-04  3.51554841e-01
   9.74472202e-04  8.04906380e-03 -4.33680869e-19]
 [ 0.00000000e+00  2.14096975e-03  3.45403786e-01 -1.07971440e-03
   8.98999839e-01  4.96185116e-03 -6.38415080e-02]
 [ 0.00000000e+00  9.99997708e-01 -7.39500754e-04 -9.99999341e-01
  -7.99599742e-04  9.99952746e-01  8.65957221e-03]
 [ 1.00000000e+00  0.00000000e+00  9.38453876e-01 -3.90602920e-04
  -4.37948228e-01  8.35975853e-03 -9.97922479e-01]]
23:16:10 - Time: 1753132570.655, tau: [ 1.02922949e-02  6.54106503e-01  5.61378675e-03 -4.62843234e-01
  8.00326361e-04 -4.33860755e-02 -1.23376933e-05]
23:16:10 - Time: 1753132570.655, tau + g: [ 1.02425305e-02 -3.94520259e+01 -2.75942779e-01  2.01801954e+01
 -6.31703706e-01  3.39038278e-02 -1.24434982e-05]
23:16:10 - Time: 1753132570.661, current_contact_force: 10.923976438900166
23:16:10 - Time: 1753132570.661, jac: [[-4.62505106e-04  9.32329511e-02 -5.03191417e-04  3.00915867e-01
   5.80713104e-04 -1.25741378e-01 -5.42101086e-19]
 [ 4.96630596e-01 -2.00204003e-04  4.33858789e-01 -4.63820504e-04
   1.16561840e-01  5.58889326e-04 -5.55111512e-17]
 [ 0.00000000e+00 -4.96628458e-01  5.28120524e-04  3.51555324e-01
   9.78266560e-04  8.04943992e-03 -4.33680869e-19]
 [ 0.00000000e+00  2.14734746e-03  3.45414762e-01 -1.08419350e-03
   8.99001907e-01  4.98178004e-03 -6.38441762e-02]
 [ 0.00000000e+00  9.99997694e-01 -7.41727223e-04 -9.99999336e-01
  -8.03318137e-04  9.99952375e-01  8.69331582e-03]
 [ 1.00000000e+00  2.22044605e-16  9.38449835e-01 -3.91315847e-04
  -4.37943977e-01  8.39228320e-03 -9.97922015e-01]]
23:16:10 - Time: 1753132570.661, tau: [ 1.02125825e-02  6.55245141e-01  5.56296373e-03 -4.62789745e-01
  7.73499443e-04 -4.33366952e-02 -1.23613740e-05]
23:16:10 - Time: 1753132570.661, tau + g: [ 1.01637835e-02 -3.94515425e+01 -2.75972055e-01  2.01802834e+01
 -6.31695566e-01  3.39568065e-02 -1.24599296e-05]
23:16:10 - Time: 1753132570.665, current_contact_force: 10.923463780685095
23:16:10 - Time: 1753132570.665, jac: [[-4.64329101e-04  9.32330115e-02 -5.05108018e-04  3.00914141e-01
   5.83030707e-04 -1.25741349e-01 -3.25260652e-19]
 [ 4.96635679e-01 -2.00796189e-04  4.33860566e-01 -4.65411226e-04
   1.16562124e-01  5.61124285e-04  0.00000000e+00]
 [ 0.00000000e+00 -4.96633528e-01  5.29860203e-04  3.51555878e-01
   9.82048814e-04  8.04973145e-03  4.33680869e-19]
 [ 0.00000000e+00  2.15369771e-03  3.45425526e-01 -1.08865830e-03
   8.99003941e-01  5.00164806e-03 -6.38461728e-02]
 [ 0.00000000e+00  9.99997681e-01 -7.43943890e-04 -9.99999331e-01
  -8.07025860e-04  9.99952003e-01  8.72695142e-03]
 [ 1.00000000e+00  4.44089210e-16  9.38445871e-01 -3.92023705e-04
  -4.37939793e-01  8.42470643e-03 -9.97921593e-01]]
23:16:10 - Time: 1753132570.665, tau: [ 1.01330882e-02  6.56373713e-01  5.51216212e-03 -4.62738003e-01
  7.46789841e-04 -4.32874286e-02 -1.23847312e-05]
23:16:10 - Time: 1753132570.665, tau + g: [ 1.00852373e-02 -3.94510572e+01 -2.76001299e-01  2.01803698e+01
 -6.31687398e-01  3.40088598e-02 -1.24761633e-05]
23:16:10 - Time: 1753132570.671, current_contact_force: 10.922952303850993
23:16:10 - Time: 1753132570.671, jac: [[-4.66147888e-04  9.32330717e-02 -5.07018844e-04  3.00912447e-01
   5.85341079e-04 -1.25741326e-01 -3.25260652e-19]
 [ 4.96640745e-01 -2.01385834e-04  4.33862384e-01 -4.66995948e-04
   1.16562374e-01  5.63353150e-04  0.00000000e+00]
 [ 0.00000000e+00 -4.96638580e-01  5.31593200e-04  3.51556502e-01
   9.85819015e-04  8.04993940e-03  0.00000000e+00]
 [ 0.00000000e+00  2.16002069e-03  3.45436080e-01 -1.09310886e-03
   8.99005943e-01  5.02145546e-03 -6.38475059e-02]
 [ 0.00000000e+00  9.99997667e-01 -7.46150822e-04 -9.99999325e-01
  -8.10722940e-04  9.99951631e-01  8.76047944e-03]
 [ 1.00000000e+00  2.22044605e-16  9.38441984e-01 -3.92726547e-04
  -4.37935678e-01  8.45702864e-03 -9.97921214e-01]]
23:16:10 - Time: 1753132570.671, tau: [ 1.00538127e-02  6.57492283e-01  5.46138335e-03 -4.62687990e-01
  7.20196840e-04 -4.32382754e-02 -1.24077687e-05]
23:16:10 - Time: 1753132570.671, tau + g: [ 1.00068930e-02 -3.94505702e+01 -2.76030510e-01  2.01804545e+01
 -6.31679204e-01  3.40599979e-02 -1.24922013e-05]
23:16:10 - Time: 1753132570.676, current_contact_force: 10.922441997281075
23:16:10 - Time: 1753132570.676, jac: [[-4.67961483e-04  9.32331318e-02 -5.08923919e-04  3.00910785e-01
   5.87644250e-04 -1.25741308e-01 -5.42101086e-19]
 [ 4.96645793e-01 -2.01972954e-04  4.33864243e-01 -4.68574704e-04
   1.16562588e-01  5.65575947e-04 -5.55111512e-17]
 [ 0.00000000e+00 -4.96643614e-01  5.33319552e-04  3.51557196e-01
   9.89577214e-04  8.05006480e-03 -4.33680869e-19]
 [ 0.00000000e+00  2.16631659e-03  3.45446428e-01 -1.09754524e-03
   8.99007911e-01  5.04120248e-03 -6.38481834e-02]
 [ 0.00000000e+00  9.99997654e-01 -7.48348086e-04 -9.99999320e-01
  -8.14409407e-04  9.99951258e-01  8.79390033e-03]
 [ 1.00000000e+00  1.11022302e-16  9.38438173e-01 -3.93424421e-04
  -4.37931629e-01  8.48925028e-03 -9.97920877e-01]]
23:16:10 - Time: 1753132570.676, tau: [ 9.97475660e-03  6.58600920e-01  5.41062884e-03 -4.62639689e-01
  6.93719730e-04 -4.31892353e-02 -1.24304903e-05]
23:16:10 - Time: 1753132570.676, tau + g: [ 9.92875142e-03 -3.94500815e+01 -2.76059687e-01  2.01805375e+01
 -6.31670983e-01  3.41102308e-02 -1.25080457e-05]
23:16:10 - Time: 1753132570.681, current_contact_force: 10.921932849908732
23:16:10 - Time: 1753132570.681, jac: [[-4.69769905e-04  9.32331918e-02 -5.10823264e-04  3.00909155e-01
   5.89940246e-04 -1.25741295e-01 -5.42101086e-19]
 [ 4.96650824e-01 -2.02557568e-04  4.33866142e-01 -4.70147529e-04
   1.16562767e-01  5.67792705e-04  0.00000000e+00]
 [ 0.00000000e+00 -4.96648632e-01  5.35039297e-04  3.51557958e-01
   9.93323460e-04  8.05010866e-03  4.33680869e-19]
 [ 0.00000000e+00  2.17258560e-03  3.45456572e-01 -1.10196749e-03
   8.99009848e-01  5.06088938e-03 -6.38482136e-02]
 [ 0.00000000e+00  9.99997640e-01 -7.50535746e-04 -9.99999315e-01
  -8.18085288e-04  9.99950886e-01  8.82721455e-03]
 [ 1.00000000e+00  2.22044605e-16  9.38434438e-01 -3.94117379e-04
  -4.37927647e-01  8.52137176e-03 -9.97920581e-01]]
23:16:10 - Time: 1753132570.681, tau: [ 9.89592057e-03  6.59699692e-01  5.35990000e-03 -4.62593084e-01
  6.67357802e-04 -4.31403080e-02 -1.24529000e-05]
23:16:10 - Time: 1753132570.681, tau + g: [ 9.85081357e-03 -3.94495912e+01 -2.76088830e-01  2.01806188e+01
 -6.31662735e-01  3.41595685e-02 -1.25236987e-05]
23:16:10 - Time: 1753132570.689, current_contact_force: 10.921424850696676
23:16:10 - Time: 1753132570.689, jac: [[-4.71573168e-04  9.32332516e-02 -5.12716902e-04  3.00907557e-01
   5.92229097e-04 -1.25741288e-01 -4.33680869e-19]
 [ 4.96655838e-01 -2.03139693e-04  4.33868081e-01 -4.71714458e-04
   1.16562913e-01  5.70003448e-04  0.00000000e+00]
 [ 0.00000000e+00 -4.96653632e-01  5.36752475e-04  3.51558789e-01
   9.97057804e-04  8.05007196e-03  0.00000000e+00]
 [ 0.00000000e+00  2.17882791e-03  3.45466513e-01 -1.10637567e-03
   8.99011752e-01  5.08051639e-03 -6.38476041e-02]
 [ 0.00000000e+00  9.99997626e-01 -7.52713868e-04 -9.99999310e-01
  -8.21750613e-04  9.99950513e-01  8.86042252e-03]
 [ 1.00000000e+00  4.44089210e-16  9.38430776e-01 -3.94805470e-04
  -4.37923730e-01  8.55339352e-03 -9.97920326e-01]]
23:16:10 - Time: 1753132570.689, tau: [ 9.81730517e-03  6.60788665e-01  5.30919819e-03 -4.62548156e-01
  6.41110357e-04 -4.30914933e-02 -1.24750015e-05]
23:16:10 - Time: 1753132570.689, tau + g: [ 9.77308028e-03 -3.94490993e+01 -2.76117937e-01  2.01806986e+01
 -6.31654462e-01  3.42080208e-02 -1.25391622e-05]
23:16:10 - Time: 1753132570.696, current_contact_force: 10.920917988657587
23:16:10 - Time: 1753132570.696, jac: [[-4.73371291e-04  9.32333112e-02 -5.14604855e-04  3.00905989e-01
   5.94510830e-04 -1.25741285e-01 -2.16840434e-19]
 [ 4.96660835e-01 -2.03719346e-04  4.33870059e-01 -4.73275524e-04
   1.16563024e-01  5.72208203e-04  0.00000000e+00]
 [ 0.00000000e+00 -4.96658615e-01  5.38459122e-04  3.51559686e-01
   1.00078030e-03  8.04995570e-03  0.00000000e+00]
 [ 0.00000000e+00  2.18504371e-03  3.45476254e-01 -1.11076984e-03
   8.99013625e-01  5.10008376e-03 -6.38463630e-02]
 [ 0.00000000e+00  9.99997613e-01 -7.54882517e-04 -9.99999305e-01
  -8.25405411e-04  9.99950140e-01  8.89352471e-03]
 [ 1.00000000e+00  1.11022302e-16  9.38427189e-01 -3.95488743e-04
  -4.37919879e-01  8.58531598e-03 -9.97920111e-01]]
23:16:10 - Time: 1753132570.696, tau: [ 9.73891094e-03  6.61867907e-01  5.25852476e-03 -4.62504891e-01
  6.14976696e-04 -4.30427909e-02 -1.24967985e-05]
23:16:10 - Time: 1753132570.696, tau + g: [ 9.69555237e-03 -3.94486058e+01 -2.76147007e-01  2.01807767e+01
 -6.31646165e-01  3.42555975e-02 -1.25544382e-05]
23:16:10 - Time: 1753132570.698, current_contact_force: 10.92041225284739
23:16:10 - Time: 1753132570.698, jac: [[-4.75164291e-04  9.32333708e-02 -5.16487143e-04  3.00904452e-01
   5.96785474e-04 -1.25741288e-01 -4.33680869e-19]
 [ 4.96665815e-01 -2.04296545e-04  4.33872076e-01 -4.74830761e-04
   1.16563103e-01  5.74406996e-04  0.00000000e+00]
 [ 0.00000000e+00 -4.96663581e-01  5.40159275e-04  3.51560649e-01
   1.00449098e-03  8.04976086e-03  0.00000000e+00]
 [ 0.00000000e+00  2.19123317e-03  3.45485797e-01 -1.11515005e-03
   8.99015467e-01  5.11959172e-03 -6.38444980e-02]
 [ 0.00000000e+00  9.99997599e-01 -7.57041757e-04 -9.99999300e-01
  -8.29049710e-04  9.99949766e-01  8.92652153e-03]
 [ 1.00000000e+00  1.11022302e-16  9.38423673e-01 -3.96167247e-04
  -4.37916091e-01  8.61713956e-03 -9.97919935e-01]]
23:16:10 - Time: 1753132570.698, tau: [ 9.66073838e-03  6.62937486e-01  5.20788103e-03 -4.62463270e-01
  5.88956129e-04 -4.29942004e-02 -1.25182946e-05]
23:16:10 - Time: 1753132570.698, tau + g: [ 9.61823060e-03 -3.94481110e+01 -2.76176040e-01  2.01808532e+01
 -6.31637842e-01  3.43023082e-02 -1.25695289e-05]
23:16:10 - Time: 1753132570.709, current_contact_force: 10.9199076323771
23:16:10 - Time: 1753132570.709, jac: [[-4.76952183e-04  9.32334301e-02 -5.18363790e-04  3.00902945e-01
   5.99053056e-04 -1.25741295e-01 -4.33680869e-19]
 [ 4.96670778e-01 -2.04871307e-04  4.33874130e-01 -4.76380203e-04
   1.16563148e-01  5.76599853e-04 -5.55111512e-17]
 [ 0.00000000e+00 -4.96668531e-01  5.41852972e-04  3.51561678e-01
   1.00818992e-03  8.04948840e-03  4.33680869e-19]
 [ 0.00000000e+00  2.19739649e-03  3.45495145e-01 -1.11951636e-03
   8.99017278e-01  5.13904051e-03 -6.38420167e-02]
 [ 0.00000000e+00  9.99997586e-01 -7.59191653e-04 -9.99999295e-01
  -8.32683540e-04  9.99949392e-01  8.95941344e-03]
 [ 1.00000000e+00  3.33066907e-16  9.38420230e-01 -3.96841030e-04
  -4.37912367e-01  8.64886469e-03 -9.97919799e-01]]
23:16:10 - Time: 1753132570.709, tau: [ 9.58278793e-03  6.63997469e-01  5.15726828e-03 -4.62423278e-01
  5.63047967e-04 -4.29457217e-02 -1.25394936e-05]
23:16:10 - Time: 1753132570.709, tau + g: [ 9.54111571e-03 -3.94476147e+01 -2.76205035e-01  2.01809281e+01
 -6.31629496e-01  3.43481625e-02 -1.25844360e-05]
23:16:10 - Time: 1753132570.716, current_contact_force: 10.919404116406822
23:16:10 - Time: 1753132570.716, jac: [[-4.78734984e-04  9.32334894e-02 -5.20234816e-04  3.00901468e-01
   6.01313605e-04 -1.25741307e-01 -5.42101086e-19]
 [ 4.96675724e-01 -2.05443648e-04  4.33876223e-01 -4.77923884e-04
   1.16563161e-01  5.78786798e-04  0.00000000e+00]
 [ 0.00000000e+00 -4.96673464e-01  5.43540251e-04  3.51562771e-01
   1.01187715e-03  8.04913929e-03  0.00000000e+00]
 [ 0.00000000e+00  2.20353385e-03  3.45504300e-01 -1.12386882e-03
   8.99019058e-01  5.15843037e-03 -6.38389268e-02]
 [ 0.00000000e+00  9.99997572e-01 -7.61332267e-04 -9.99999289e-01
  -8.36306930e-04  9.99949019e-01  8.99220086e-03]
 [ 1.00000000e+00  2.22044605e-16  9.38416858e-01 -3.97510140e-04
  -4.37908705e-01  8.68049177e-03 -9.97919702e-01]]
23:16:10 - Time: 1753132570.716, tau: [ 9.50506002e-03  6.65047923e-01  5.10668780e-03 -4.62384897e-01
  5.37251527e-04 -4.28973543e-02 -1.25603990e-05]
23:16:10 - Time: 1753132570.716, tau + g: [ 9.46420838e-03 -3.94471171e+01 -2.76233991e-01  2.01810014e+01
 -6.31621126e-01  3.43931699e-02 -1.25991616e-05]
23:16:10 - Time: 1753132570.723, current_contact_force: 10.918901694157508
23:16:10 - Time: 1753132570.723, jac: [[-4.80512712e-04  9.32335485e-02 -5.22100243e-04  3.00900021e-01
   6.03567148e-04 -1.25741324e-01 -5.42101086e-19]
 [ 4.96680654e-01 -2.06013586e-04  4.33878352e-01 -4.79461835e-04
   1.16563142e-01  5.80967857e-04  0.00000000e+00]
 [ 0.00000000e+00 -4.96678380e-01  5.45221146e-04  3.51563928e-01
   1.01555272e-03  8.04871447e-03 -4.33680869e-19]
 [ 0.00000000e+00  2.20964541e-03  3.45513263e-01 -1.12820749e-03
   8.99020808e-01  5.17776153e-03 -6.38352359e-02]
 [ 0.00000000e+00  9.99997559e-01 -7.63463662e-04 -9.99999284e-01
  -8.39919909e-04  9.99948644e-01  9.02488423e-03]
 [ 1.00000000e+00  3.33066907e-16  9.38413556e-01 -3.98174623e-04
  -4.37905106e-01  8.71202124e-03 -9.97919643e-01]]
23:16:10 - Time: 1753132570.723, tau: [ 9.42755504e-03  6.66088916e-01  5.05614083e-03 -4.62348113e-01
  5.11566132e-04 -4.28490980e-02 -1.25810143e-05]
23:16:10 - Time: 1753132570.723, tau + g: [ 9.38750926e-03 -3.94466183e+01 -2.76262907e-01  2.01810732e+01
 -6.31612733e-01  3.44373398e-02 -1.26137076e-05]
23:16:10 - Time: 1753132570.731, current_contact_force: 10.918400354909972
23:16:10 - Time: 1753132570.731, jac: [[-4.82285381e-04  9.32336075e-02 -5.23960091e-04  3.00898603e-01
   6.05813713e-04 -1.25741346e-01 -5.42101086e-19]
 [ 4.96685567e-01 -2.06581137e-04  4.33880519e-01 -4.80994090e-04
   1.16563091e-01  5.83143056e-04  5.55111512e-17]
 [ 0.00000000e+00 -4.96683279e-01  5.46895695e-04  3.51565147e-01
   1.01921669e-03  8.04821489e-03  0.00000000e+00]
 [ 0.00000000e+00  2.21573138e-03  3.45522038e-01 -1.13253242e-03
   8.99022528e-01  5.19703424e-03 -6.38309514e-02]
 [ 0.00000000e+00  9.99997545e-01 -7.65585901e-04 -9.99999279e-01
  -8.43522506e-04  9.99948270e-01  9.05746398e-03]
 [ 1.00000000e+00  0.00000000e+00  9.38410323e-01 -3.98834527e-04
  -4.37901568e-01  8.74345349e-03 -9.97919622e-01]]
23:16:10 - Time: 1753132570.731, tau: [ 9.35027332e-03  6.67120516e-01  5.00562860e-03 -4.62312908e-01
  4.85991108e-04 -4.28009525e-02 -1.26013430e-05]
23:16:10 - Time: 1753132570.731, tau + g: [ 9.31101896e-03 -3.94461181e+01 -2.76291783e-01  2.01811435e+01
 -6.31604318e-01  3.44806815e-02 -1.26280759e-05]
23:16:10 - Time: 1753132570.738, current_contact_force: 10.917900088013198
23:16:10 - Time: 1753132570.738, jac: [[-4.84053010e-04  9.32336663e-02 -5.25814383e-04  3.00897214e-01
   6.08053326e-04 -1.25741373e-01 -4.33680869e-19]
 [ 4.96690464e-01 -2.07146317e-04  4.33882721e-01 -4.82520683e-04
   1.16563008e-01  5.85312418e-04  0.00000000e+00]
 [ 0.00000000e+00 -4.96688163e-01  5.48563934e-04  3.51566429e-01
   1.02286909e-03  8.04764147e-03  0.00000000e+00]
 [ 0.00000000e+00  2.22179191e-03  3.45530626e-01 -1.13684368e-03
   8.99024218e-01  5.21624873e-03 -6.38260807e-02]
 [ 0.00000000e+00  9.99997532e-01 -7.67699045e-04 -9.99999274e-01
  -8.47114750e-04  9.99947896e-01  9.08994054e-03]
 [ 1.00000000e+00  2.22044605e-16  9.38407160e-01 -3.99489898e-04
  -4.37898090e-01  8.77478894e-03 -9.97919638e-01]]
23:16:10 - Time: 1753132570.738, tau: [ 9.27321518e-03  6.68142788e-01  4.95515230e-03 -4.62279267e-01
  4.60525785e-04 -4.27529176e-02 -1.26213885e-05]
23:16:10 - Time: 1753132570.738, tau + g: [ 9.23473804e-03 -3.94456169e+01 -2.76320618e-01  2.01812122e+01
 -6.31595880e-01  3.45232042e-02 -1.26422682e-05]
23:16:10 - Time: 1753132570.745, current_contact_force: 10.917400882869664
23:16:10 - Time: 1753132570.745, jac: [[-4.85815613e-04  9.32337251e-02 -5.27663140e-04  3.00895854e-01
   6.10286017e-04 -1.25741404e-01 -6.50521303e-19]
 [ 4.96695344e-01 -2.07709144e-04  4.33884959e-01 -4.84041644e-04
   1.16562895e-01  5.87475969e-04  0.00000000e+00]
 [ 0.00000000e+00 -4.96693029e-01  5.50225899e-04  3.51567772e-01
   1.02650999e-03  8.04699515e-03  0.00000000e+00]
 [ 0.00000000e+00  2.22782720e-03  3.45539029e-01 -1.14114130e-03
   8.99025879e-01  5.23540522e-03 -6.38206311e-02]
 [ 0.00000000e+00  9.99997518e-01 -7.69803156e-04 -9.99999269e-01
  -8.50696670e-04  9.99947521e-01  9.12231434e-03]
 [ 1.00000000e+00  2.22044605e-16  9.38404064e-01 -4.00140781e-04
  -4.37894673e-01  8.80602800e-03 -9.97919691e-01]]
23:16:10 - Time: 1753132570.745, tau: [ 9.19638090e-03  6.69155802e-01  4.90471311e-03 -4.62247173e-01
  4.35169499e-04 -4.27049929e-02 -1.26411542e-05]
23:16:10 - Time: 1753132570.745, tau + g: [ 9.15866703e-03 -3.94451145e+01 -2.76349411e-01  2.01812794e+01
 -6.31587421e-01  3.45649170e-02 -1.26562864e-05]
23:16:10 - Time: 1753132570.750, current_contact_force: 10.91690272896793
23:16:10 - Time: 1753132570.750, jac: [[-4.87573208e-04  9.32337836e-02 -5.29506381e-04  3.00894522e-01
   6.12511811e-04 -1.25741440e-01 -3.25260652e-19]
 [ 4.96700209e-01 -2.08269632e-04  4.33887232e-01 -4.85557007e-04
   1.16562751e-01  5.89633733e-04 -5.55111512e-17]
 [ 0.00000000e+00 -4.96697880e-01  5.51881625e-04  3.51569175e-01
   1.03013942e-03  8.04627683e-03  0.00000000e+00]
 [ 0.00000000e+00  2.23383740e-03  3.45547250e-01 -1.14542536e-03
   8.99027511e-01  5.25450395e-03 -6.38146099e-02]
 [ 0.00000000e+00  9.99997505e-01 -7.71898295e-04 -9.99999264e-01
  -8.54268297e-04  9.99947146e-01  9.15458580e-03]
 [ 1.00000000e+00  2.22044605e-16  9.38401035e-01 -4.00787222e-04
  -4.37891315e-01  8.83717108e-03 -9.97919781e-01]]
23:16:10 - Time: 1753132570.750, tau: [ 9.11977073e-03  6.70159623e-01  4.85431219e-03 -4.62216611e-01
  4.09921591e-04 -4.26571782e-02 -1.26606435e-05]
23:16:10 - Time: 1753132570.750, tau + g: [ 9.08280641e-03 -3.94446110e+01 -2.76378161e-01  2.01813451e+01
 -6.31578941e-01  3.46058291e-02 -1.26701323e-05]
23:16:10 - Time: 1753132570.755, current_contact_force: 10.916405615849417
23:16:10 - Time: 1753132570.755, jac: [[-4.89325810e-04  9.32338421e-02 -5.31344129e-04  3.00893218e-01
   6.14730736e-04 -1.25741481e-01  0.00000000e+00]
 [ 4.96705057e-01 -2.08827800e-04  4.33889540e-01 -4.87066804e-04
   1.16562577e-01  5.91785734e-04  0.00000000e+00]
 [ 0.00000000e+00 -4.96702715e-01  5.53531149e-04  3.51570638e-01
   1.03375744e-03  8.04548741e-03  0.00000000e+00]
 [ 0.00000000e+00  2.23982270e-03  3.45555290e-01 -1.14969590e-03
   8.99029115e-01  5.27354515e-03 -6.38080244e-02]
 [ 0.00000000e+00  9.99997492e-01 -7.73984523e-04 -9.99999259e-01
  -8.57829659e-04  9.99946771e-01  9.18675535e-03]
 [ 1.00000000e+00  2.22044605e-16  9.38398073e-01 -4.01429266e-04
  -4.37888016e-01  8.86821857e-03 -9.97919906e-01]]
23:16:10 - Time: 1753132570.755, tau: [ 9.04338487e-03  6.71154319e-01  4.80395068e-03 -4.62187565e-01
  3.84781404e-04 -4.26094731e-02 -1.26798595e-05]
23:16:10 - Time: 1753132570.755, tau + g: [ 9.00715665e-03 -3.94441065e+01 -2.76406868e-01  2.01814093e+01
 -6.31570440e-01  3.46459493e-02 -1.26838077e-05]
23:16:10 - Time: 1753132570.761, current_contact_force: 10.915909533142889
23:16:10 - Time: 1753132570.761, jac: [[-4.91073436e-04  9.32339004e-02 -5.33176404e-04  3.00891942e-01
   6.16942818e-04 -1.25741525e-01 -3.25260652e-19]
 [ 4.96709889e-01 -2.09383661e-04  4.33891882e-01 -4.88571065e-04
   1.16562373e-01  5.93931996e-04  0.00000000e+00]
 [ 0.00000000e+00 -4.96707533e-01  5.55174504e-04  3.51572160e-01
   1.03736409e-03  8.04462779e-03  0.00000000e+00]
 [ 0.00000000e+00  2.24578326e-03  3.45563151e-01 -1.15395298e-03
   8.99030690e-01  5.29252905e-03 -6.38008815e-02]
 [ 0.00000000e+00  9.99997478e-01 -7.76061899e-04 -9.99999253e-01
  -8.61380785e-04  9.99946396e-01  9.21882339e-03]
 [ 1.00000000e+00  1.11022302e-16  9.38395176e-01 -4.02066957e-04
  -4.37884775e-01  8.89917088e-03 -9.97920067e-01]]
23:16:10 - Time: 1753132570.761, tau: [ 8.96722350e-03  6.72139957e-01  4.75362969e-03 -4.62160018e-01
  3.59748287e-04 -4.25618773e-02 -1.26988056e-05]
23:16:10 - Time: 1753132570.761, tau + g: [ 8.93171815e-03 -3.94436010e+01 -2.76435532e-01  2.01814721e+01
 -6.31561919e-01  3.46852865e-02 -1.26973143e-05]
23:16:10 - Time: 1753132570.765, current_contact_force: 10.915414470541267
23:16:10 - Time: 1753132570.765, jac: [[-4.92816101e-04  9.32339586e-02 -5.35003226e-04  3.00890693e-01
   6.19148086e-04 -1.25741575e-01 -6.50521303e-19]
 [ 4.96714705e-01 -2.09937233e-04  4.33894257e-01 -4.90069824e-04
   1.16562140e-01  5.96072543e-04  0.00000000e+00]
 [ 0.00000000e+00 -4.96712336e-01  5.56811726e-04  3.51573740e-01
   1.04095941e-03  8.04369887e-03 -4.33680869e-19]
 [ 0.00000000e+00  2.25171926e-03  3.45570837e-01 -1.15819664e-03
   8.99032238e-01  5.31145588e-03 -6.37931883e-02]
 [ 0.00000000e+00  9.99997465e-01 -7.78130483e-04 -9.99999248e-01
  -8.64921706e-04  9.99946020e-01  9.25079037e-03]
 [ 1.00000000e+00  1.11022302e-16  9.38392344e-01 -4.02700339e-04
  -4.37881591e-01  8.93002841e-03 -9.97920263e-01]]
23:16:10 - Time: 1753132570.765, tau: [ 8.89128678e-03  6.73116604e-01  4.70335030e-03 -4.62133956e-01
  3.34821594e-04 -4.25143907e-02 -1.27174850e-05]
23:16:10 - Time: 1753132570.765, tau + g: [ 8.85649130e-03 -3.94430946e+01 -2.76464150e-01  2.01815334e+01
 -6.31553379e-01  3.47238496e-02 -1.27106539e-05]
23:16:10 - Time: 1753132570.774, current_contact_force: 10.91492041782274
23:16:10 - Time: 1753132570.774, jac: [[-4.94553822e-04  9.32340167e-02 -5.36824615e-04  3.00889472e-01
   6.21346565e-04 -1.25741628e-01 -4.33680869e-19]
 [ 4.96719505e-01 -2.10488531e-04  4.33896666e-01 -4.91563110e-04
   1.16561878e-01  5.98207397e-04  1.11022302e-16]
 [ 0.00000000e+00 -4.96717123e-01  5.58442849e-04  3.51575377e-01
   1.04454347e-03  8.04270151e-03  8.67361738e-19]
 [ 0.00000000e+00  2.25763087e-03  3.45578348e-01 -1.16242696e-03
   8.99033757e-01  5.33032586e-03 -6.37849519e-02]
 [ 0.00000000e+00  9.99997452e-01 -7.80190334e-04 -9.99999243e-01
  -8.68452449e-04  9.99945644e-01  9.28265668e-03]
 [ 1.00000000e+00  1.11022302e-16  9.38389576e-01 -4.03329455e-04
  -4.37878464e-01  8.96079156e-03 -9.97920494e-01]]
23:16:10 - Time: 1753132570.774, tau: [ 8.81557482e-03  6.74084326e-01  4.65311359e-03 -4.62109363e-01
  3.10000682e-04 -4.24670128e-02 -1.27359007e-05]
23:16:10 - Time: 1753132570.774, tau + g: [ 8.78147645e-03 -3.94425873e+01 -2.76492724e-01  2.01815932e+01
 -6.31544819e-01  3.47616472e-02 -1.27238280e-05]
23:16:10 - Time: 1753132570.782, current_contact_force: 10.914427364834422
23:16:10 - Time: 1753132570.782, jac: [[-4.96286614e-04  9.32340746e-02 -5.38640593e-04  3.00888277e-01
   6.23538282e-04 -1.25741686e-01  0.00000000e+00]
 [ 4.96724290e-01 -2.11037570e-04  4.33899108e-01 -4.93050956e-04
   1.16561587e-01  6.00336584e-04  0.00000000e+00]
 [ 0.00000000e+00 -4.96721894e-01  5.60067909e-04  3.51577071e-01
   1.04811629e-03  8.04163659e-03  4.33680869e-19]
 [ 0.00000000e+00  2.26351825e-03  3.45585686e-01 -1.16664397e-03
   8.99035250e-01  5.34913922e-03 -6.37761790e-02]
 [ 0.00000000e+00  9.99997438e-01 -7.82241511e-04 -9.99999238e-01
  -8.71973046e-04  9.99945269e-01  9.31442275e-03]
 [ 1.00000000e+00  2.22044605e-16  9.38386872e-01 -4.03954349e-04
  -4.37875393e-01  8.99146072e-03 -9.97920759e-01]]
23:16:10 - Time: 1753132570.782, tau: [ 8.74008770e-03  6.75043190e-01  4.60292060e-03 -4.62086224e-01
  2.85284913e-04 -4.24197435e-02 -1.27540559e-05]
23:16:10 - Time: 1753132570.782, tau + g: [ 8.70667392e-03 -3.94420791e+01 -2.76521252e-01  2.01816517e+01
 -6.31536240e-01  3.47986879e-02 -1.27368385e-05]
23:16:10 - Time: 1753132570.789, current_contact_force: 10.913935301509127
23:16:10 - Time: 1753132570.789, jac: [[-4.98014493e-04  9.32341325e-02 -5.40451180e-04  3.00887108e-01
   6.25723264e-04 -1.25741749e-01 -5.42101086e-19]
 [ 4.96729058e-01 -2.11584366e-04  4.33901582e-01 -4.94533391e-04
   1.16561267e-01  6.02460125e-04  0.00000000e+00]
 [ 0.00000000e+00 -4.96726649e-01  5.61686938e-04  3.51578821e-01
   1.05167794e-03  8.04050497e-03 -4.33680869e-19]
 [ 0.00000000e+00  2.26938156e-03  3.45592855e-01 -1.17084773e-03
   8.99036715e-01  5.36789619e-03 -6.37668767e-02]
 [ 0.00000000e+00  9.99997425e-01 -7.84284071e-04 -9.99999233e-01
  -8.75483525e-04  9.99944893e-01  9.34608899e-03]
 [ 1.00000000e+00  2.22044605e-16  9.38384230e-01 -4.04575063e-04
  -4.37872378e-01  9.02203628e-03 -9.97921057e-01]]
23:16:10 - Time: 1753132570.789, tau: [ 8.66482550e-03  6.75993262e-01  4.55277238e-03 -4.62064523e-01
  2.60673655e-04 -4.23725824e-02 -1.27719537e-05]
23:16:10 - Time: 1753132570.789, tau + g: [ 8.63208397e-03 -3.94415702e+01 -2.76549733e-01  2.01817087e+01
 -6.31527643e-01  3.48349803e-02 -1.27496869e-05]
23:16:10 - Time: 1753132570.796, current_contact_force: 10.913444217858446
23:16:10 - Time: 1753132570.796, jac: [[-4.99737475e-04  9.32341901e-02 -5.42256395e-04  3.00885966e-01
   6.27901537e-04 -1.25741815e-01 -6.50521303e-19]
 [ 4.96733812e-01 -2.12128934e-04  4.33904088e-01 -4.96010447e-04
   1.16560920e-01  6.04578044e-04  0.00000000e+00]
 [ 0.00000000e+00 -4.96731389e-01  5.63299972e-04  3.51580626e-01
   1.05522845e-03  8.03930749e-03  4.33680869e-19]
 [ 0.00000000e+00  2.27522097e-03  3.45599854e-01 -1.17503830e-03
   8.99038153e-01  5.38659698e-03 -6.37570515e-02]
 [ 0.00000000e+00  9.99997412e-01 -7.86318073e-04 -9.99999228e-01
  -8.78983916e-04  9.99944517e-01  9.37765581e-03]
 [ 1.00000000e+00  1.11022302e-16  9.38381651e-01 -4.05191640e-04
  -4.37869417e-01  9.05251863e-03 -9.97921389e-01]]
23:16:10 - Time: 1753132570.796, tau: [ 8.58978825e-03  6.76934609e-01  4.50266991e-03 -4.62044245e-01
  2.36166276e-04 -4.23255292e-02 -1.27895971e-05]
23:16:10 - Time: 1753132570.796, tau + g: [ 8.55770688e-03 -3.94410605e+01 -2.76578168e-01  2.01817644e+01
 -6.31519028e-01  3.48705328e-02 -1.27623748e-05]
23:16:10 - Time: 1753132570.804, current_contact_force: 10.912954103976672
23:16:10 - Time: 1753132570.804, jac: [[-5.01455575e-04  9.32342477e-02 -5.44056259e-04  3.00884849e-01
   6.30073127e-04 -1.25741885e-01 -2.16840434e-19]
 [ 4.96738549e-01 -2.12671290e-04  4.33906626e-01 -4.97482154e-04
   1.16560545e-01  6.06690363e-04  5.55111512e-17]
 [ 0.00000000e+00 -4.96736113e-01  5.64907043e-04  3.51582485e-01
   1.05876787e-03  8.03804501e-03  0.00000000e+00]
 [ 0.00000000e+00  2.28103665e-03  3.45606688e-01 -1.17921573e-03
   8.99039565e-01  5.40524182e-03 -6.37467103e-02]
 [ 0.00000000e+00  9.99997398e-01 -7.88343573e-04 -9.99999222e-01
  -8.82474247e-04  9.99944141e-01  9.40912361e-03]
 [ 1.00000000e+00  2.22044605e-16  9.38379132e-01 -4.05804120e-04
  -4.37866511e-01  9.08290816e-03 -9.97921753e-01]]
23:16:10 - Time: 1753132570.804, tau: [ 8.51497594e-03  6.77867296e-01  4.45261421e-03 -4.62025374e-01
  2.11762153e-04 -4.22785836e-02 -1.28069890e-05]
23:16:10 - Time: 1753132570.804, tau + g: [ 8.48354284e-03 -3.94405501e+01 -2.76606555e-01  2.01818186e+01
 -6.31510395e-01  3.49053539e-02 -1.27749039e-05]
23:16:10 - Time: 1753132570.811, current_contact_force: 10.912464950034064
23:16:10 - Time: 1753132570.811, jac: [[-5.03168810e-04  9.32343052e-02 -5.45850791e-04  3.00883758e-01
   6.32238061e-04 -1.25741960e-01 -4.33680869e-19]
 [ 4.96743272e-01 -2.13211448e-04  4.33909194e-01 -4.98948543e-04
   1.16560142e-01  6.08797105e-04  5.55111512e-17]
 [ 0.00000000e+00 -4.96740822e-01  5.66508186e-04  3.51584399e-01
   1.06229624e-03  8.03671835e-03  0.00000000e+00]
 [ 0.00000000e+00  2.28682876e-03  3.45613357e-01 -1.18338007e-03
   8.99040951e-01  5.42383094e-03 -6.37358596e-02]
 [ 0.00000000e+00  9.99997385e-01 -7.90360629e-04 -9.99999217e-01
  -8.85954550e-04  9.99943764e-01  9.44049281e-03]
 [ 1.00000000e+00  0.00000000e+00  9.38376674e-01 -4.06412546e-04
  -4.37863659e-01  9.11320526e-03 -9.97922150e-01]]
23:16:10 - Time: 1753132570.811, tau: [ 8.44038855e-03  6.78791390e-01  4.40260622e-03 -4.62007897e-01
  1.87460665e-04 -4.22317454e-02 -1.28241323e-05]
23:16:10 - Time: 1753132570.811, tau + g: [ 8.40959205e-03 -3.94400391e+01 -2.76634894e-01  2.01818715e+01
 -6.31501746e-01  3.49394517e-02 -1.27872756e-05]
23:16:10 - Time: 1753132570.818, current_contact_force: 10.911976746295473
23:16:10 - Time: 1753132570.818, jac: [[-5.04877194e-04  9.32343625e-02 -5.47640012e-04  3.00882692e-01
   6.34396364e-04 -1.25742039e-01 -6.50521303e-19]
 [ 4.96747979e-01 -2.13749423e-04  4.33911793e-01 -5.00409643e-04
   1.16559713e-01  6.10898293e-04 -5.55111512e-17]
 [ 0.00000000e+00 -4.96745516e-01  5.68103433e-04  3.51586365e-01
   1.06581362e-03  8.03532835e-03 -4.33680869e-19]
 [ 0.00000000e+00  2.29259745e-03  3.45619863e-01 -1.18753137e-03
   8.99042311e-01  5.44236454e-03 -6.37245060e-02]
 [ 0.00000000e+00  9.99997372e-01 -7.92369297e-04 -9.99999212e-01
  -8.89424852e-04  9.99943388e-01  9.47176380e-03]
 [ 1.00000000e+00  2.22044605e-16  9.38374276e-01 -4.07016958e-04
  -4.37860859e-01  9.14341031e-03 -9.97922579e-01]]
23:16:10 - Time: 1753132570.818, tau: [ 8.36602605e-03  6.79706956e-01  4.35264691e-03 -4.61991798e-01
  1.63261195e-04 -4.21850142e-02 -1.28410301e-05]
23:16:10 - Time: 1753132570.818, tau + g: [ 8.33585468e-03 -3.94395274e+01 -2.76663185e-01  2.01819230e+01
 -6.31493080e-01  3.49728346e-02 -1.27994916e-05]
23:16:10 - Time: 1753132570.826, current_contact_force: 10.911489483096888
23:16:10 - Time: 1753132570.826, jac: [[-5.06580743e-04  9.32344197e-02 -5.49423940e-04  3.00881652e-01
   6.36548063e-04 -1.25742121e-01 -4.33680869e-19]
 [ 4.96752671e-01 -2.14285230e-04  4.33914422e-01 -5.01865483e-04
   1.16559257e-01  6.12993948e-04 -5.55111512e-17]
 [ 0.00000000e+00 -4.96750195e-01  5.69692817e-04  3.51588383e-01
   1.06932005e-03  8.03387582e-03  0.00000000e+00]
 [ 0.00000000e+00  2.29834288e-03  3.45626208e-01 -1.19166969e-03
   8.99043645e-01  5.46084285e-03 -6.37126561e-02]
 [ 0.00000000e+00  9.99997359e-01 -7.94369632e-04 -9.99999207e-01
  -8.92885184e-04  9.99943011e-01  9.50293700e-03]
 [ 1.00000000e+00  1.11022302e-16  9.38371938e-01 -4.07617397e-04
  -4.37858112e-01  9.17352368e-03 -9.97923039e-01]]
23:16:10 - Time: 1753132570.826, tau: [ 8.29188836e-03  6.80614060e-01  4.30273721e-03 -4.61977061e-01
  1.39163132e-04 -4.21383898e-02 -1.28576851e-05]
23:16:10 - Time: 1753132570.826, tau + g: [ 8.26233084e-03 -3.94390151e+01 -2.76691427e-01  2.01819732e+01
 -6.31484397e-01  3.50055107e-02 -1.28115534e-05]
23:16:10 - Time: 1753132570.832, current_contact_force: 10.911003150873247
23:16:10 - Time: 1753132570.832, jac: [[-5.08279472e-04  9.32344768e-02 -5.51202597e-04  3.00880636e-01
   6.38693182e-04 -1.25742208e-01 -2.16840434e-19]
 [ 4.96757348e-01 -2.14818885e-04  4.33917081e-01 -5.03316095e-04
   1.16558775e-01  6.15084093e-04  0.00000000e+00]
 [ 0.00000000e+00 -4.96754858e-01  5.71276372e-04  3.51590453e-01
   1.07281556e-03  8.03236157e-03  0.00000000e+00]
 [ 0.00000000e+00  2.30406521e-03  3.45632395e-01 -1.19579507e-03
   8.99044954e-01  5.47926609e-03 -6.37003162e-02]
 [ 0.00000000e+00  9.99997346e-01 -7.96361690e-04 -9.99999202e-01
  -8.96335575e-04  9.99942635e-01  9.53401279e-03]
 [ 1.00000000e+00  0.00000000e+00  9.38369657e-01 -4.08213902e-04
  -4.37855417e-01  9.20354577e-03 -9.97923530e-01]]
23:16:10 - Time: 1753132570.832, tau: [ 8.21797537e-03  6.81512767e-01  4.25287803e-03 -4.61963674e-01
  1.15165866e-04 -4.20918719e-02 -1.28741000e-05]
23:16:10 - Time: 1753132570.832, tau + g: [ 8.18902065e-03 -3.94385023e+01 -2.76719619e-01  2.01820221e+01
 -6.31475699e-01  3.50374880e-02 -1.28234624e-05]
23:16:10 - Time: 1753132570.839, current_contact_force: 10.9105177401315
23:16:10 - Time: 1753132570.839, jac: [[-5.09973397e-04  9.32345338e-02 -5.52976000e-04  3.00879644e-01
   6.40831749e-04 -1.25742298e-01 -3.25260652e-19]
 [ 4.96762009e-01 -2.15350400e-04  4.33919769e-01 -5.04761506e-04
   1.16558267e-01  6.17168749e-04  0.00000000e+00]
 [ 0.00000000e+00 -4.96759506e-01  5.72854129e-04  3.51592575e-01
   1.07630022e-03  8.03078641e-03  0.00000000e+00]
 [ 0.00000000e+00  2.30976460e-03  3.45638424e-01 -1.19990758e-03
   8.99046238e-01  5.49763447e-03 -6.36874927e-02]
 [ 0.00000000e+00  9.99997332e-01 -7.98345526e-04 -9.99999197e-01
  -8.99776054e-04  9.99942258e-01  9.56499159e-03]
 [ 1.00000000e+00  3.33066907e-16  9.38367435e-01 -4.08806514e-04
  -4.37852774e-01  9.23347694e-03 -9.97924052e-01]]
23:16:10 - Time: 1753132570.839, tau: [ 8.14428698e-03  6.82403142e-01  4.20307026e-03 -4.61951620e-01
  9.12687949e-05 -4.20454603e-02 -1.28902778e-05]
23:16:10 - Time: 1753132570.839, tau + g: [ 8.11592417e-03 -3.94379890e+01 -2.76747761e-01  2.01820697e+01
 -6.31466985e-01  3.50687744e-02 -1.28352202e-05]
23:16:10 - Time: 1753132570.843, current_contact_force: 10.910033241470545
23:16:10 - Time: 1753132570.843, jac: [[-5.11662534e-04  9.32345906e-02 -5.54744170e-04  3.00878676e-01
   6.42963788e-04 -1.25742392e-01 -1.08420217e-19]
 [ 4.96766656e-01 -2.15879791e-04  4.33922486e-01 -5.06201746e-04
   1.16557733e-01  6.19247938e-04  0.00000000e+00]
 [ 0.00000000e+00 -4.96764140e-01  5.74426121e-04  3.51594746e-01
   1.07977405e-03  8.02915112e-03  4.33680869e-19]
 [ 0.00000000e+00  2.31544120e-03  3.45644298e-01 -1.20400726e-03
   8.99047498e-01  5.51594821e-03 -6.36741919e-02]
 [ 0.00000000e+00  9.99997319e-01 -8.00321195e-04 -9.99999191e-01
  -9.03206651e-04  9.99941881e-01  9.59587378e-03]
 [ 1.00000000e+00  1.11022302e-16  9.38365269e-01 -4.09395271e-04
  -4.37850181e-01  9.26331757e-03 -9.97924605e-01]]
23:16:10 - Time: 1753132570.843, tau: [ 8.07082303e-03  6.83285251e-01  4.15331479e-03 -4.61940886e-01
  6.74713184e-05 -4.19991545e-02 -1.29062211e-05]
23:16:10 - Time: 1753132570.843, tau + g: [ 8.04304146e-03 -3.94374752e+01 -2.76775853e-01  2.01821159e+01
 -6.31458256e-01  3.50993780e-02 -1.28468281e-05]
23:16:10 - Time: 1753132570.852, current_contact_force: 10.90954964557422
23:16:10 - Time: 1753132570.852, jac: [[-5.13346896e-04  9.32346474e-02 -5.56507126e-04  3.00877733e-01
   6.45089325e-04 -1.25742490e-01 -5.42101086e-19]
 [ 4.96771288e-01 -2.16407072e-04  4.33925231e-01 -5.07636844e-04
   1.16557174e-01  6.21321681e-04  0.00000000e+00]
 [ 0.00000000e+00 -4.96768758e-01  5.75992380e-04  3.51596967e-01
   1.08323712e-03  8.02745650e-03 -4.33680869e-19]
 [ 0.00000000e+00  2.32109517e-03  3.45650019e-01 -1.20809416e-03
   8.99048733e-01  5.53420751e-03 -6.36604202e-02]
 [ 0.00000000e+00  9.99997306e-01 -8.02288750e-04 -9.99999186e-01
  -9.06627394e-04  9.99941504e-01  9.62665975e-03]
 [ 1.00000000e+00  0.00000000e+00  9.38363160e-01 -4.09980212e-04
  -4.37847638e-01  9.29306804e-03 -9.97925187e-01]]
23:16:10 - Time: 1753132570.852, tau: [ 7.99758336e-03  6.84159158e-01  4.10361247e-03 -4.61931457e-01
  4.37728411e-05 -4.19529543e-02 -1.29219326e-05]
23:16:10 - Time: 1753132570.852, tau + g: [ 7.97037254e-03 -3.94369609e+01 -2.76803893e-01  2.01821609e+01
 -6.31449513e-01  3.51293064e-02 -1.28582877e-05]
23:16:10 - Time: 1753132570.859, current_contact_force: 10.909066943214647
23:16:10 - Time: 1753132570.859, jac: [[-5.15026500e-04  9.32347040e-02 -5.58264886e-04  3.00876812e-01
   6.47208385e-04 -1.25742592e-01 -8.67361738e-19]
 [ 4.96775905e-01 -2.16932258e-04  4.33928005e-01 -5.09066829e-04
   1.16556590e-01  6.23390000e-04 -5.55111512e-17]
 [ 0.00000000e+00 -4.96773362e-01  5.77552938e-04  3.51599237e-01
   1.08668945e-03  8.02570332e-03  0.00000000e+00]
 [ 0.00000000e+00  2.32672665e-03  3.45655588e-01 -1.21216834e-03
   8.99049943e-01  5.55241261e-03 -6.36461835e-02]
 [ 0.00000000e+00  9.99997293e-01 -8.04248246e-04 -9.99999181e-01
  -9.10038315e-04  9.99941127e-01  9.65734991e-03]
 [ 1.00000000e+00  3.33066907e-16  9.38361107e-01 -4.10561376e-04
  -4.37845145e-01  9.32272870e-03 -9.97925798e-01]]
23:16:10 - Time: 1753132570.859, tau: [ 7.92456778e-03  6.85024927e-01  4.05396414e-03 -4.61923319e-01
  2.01727716e-05 -4.19068595e-02 -1.29374149e-05]
23:16:10 - Time: 1753132570.859, tau + g: [ 7.89791741e-03 -3.94364463e+01 -2.76831882e-01  2.01822046e+01
 -6.31440756e-01  3.51585675e-02 -1.28696003e-05]
23:16:10 - Time: 1753132570.866, current_contact_force: 10.908585125242206
23:16:10 - Time: 1753132570.866, jac: [[-5.16701360e-04  9.32347605e-02 -5.60017471e-04  3.00875915e-01
   6.49320994e-04 -1.25742697e-01 -3.25260652e-19]
 [ 4.96780508e-01 -2.17455361e-04  4.33930806e-01 -5.10491728e-04
   1.16555982e-01  6.25452916e-04  5.55111512e-17]
 [ 0.00000000e+00 -4.96777952e-01  5.79107826e-04  3.51601555e-01
   1.09013109e-03  8.02389235e-03 -4.33680869e-19]
 [ 0.00000000e+00  2.33233580e-03  3.45661008e-01 -1.21622984e-03
   8.99051130e-01  5.57056369e-03 -6.36314882e-02]
 [ 0.00000000e+00  9.99997280e-01 -8.06199735e-04 -9.99999176e-01
  -9.13439441e-04  9.99940750e-01  9.68794464e-03]
 [ 1.00000000e+00  1.11022302e-16  9.38359109e-01 -4.11138800e-04
  -4.37842701e-01  9.35229994e-03 -9.97926439e-01]]
23:16:10 - Time: 1753132570.866, tau: [ 7.85177608e-03  6.85882623e-01  4.00437063e-03 -4.61916458e-01
 -3.32947730e-06 -4.18608698e-02 -1.29526707e-05]
23:16:10 - Time: 1753132570.866, tau + g: [ 7.82567603e-03 -3.94359313e+01 -2.76859820e-01  2.01822471e+01
 -6.31431984e-01  3.51871689e-02 -1.28807673e-05]
23:16:10 - Time: 1753132570.874, current_contact_force: 10.908104182607358
23:16:10 - Time: 1753132570.874, jac: [[-5.18371491e-04  9.32348169e-02 -5.61764899e-04  3.00875042e-01
   6.51427175e-04 -1.25742806e-01 -2.16840434e-19]
 [ 4.96785096e-01 -2.17976396e-04  4.33933634e-01 -5.11911571e-04
   1.16555349e-01  6.27510449e-04  0.00000000e+00]
 [ 0.00000000e+00 -4.96782526e-01  5.80657076e-04  3.51603920e-01
   1.09356209e-03  8.02202436e-03  0.00000000e+00]
 [ 0.00000000e+00  2.33792276e-03  3.45666279e-01 -1.22027872e-03
   8.99052293e-01  5.58866099e-03 -6.36163401e-02]
 [ 0.00000000e+00  9.99997267e-01 -8.08143270e-04 -9.99999171e-01
  -9.16830803e-04  9.99940373e-01  9.71844433e-03]
 [ 1.00000000e+00  2.22044605e-16  9.38357166e-01 -4.11712523e-04
  -4.37840306e-01  9.38178210e-03 -9.97927108e-01]]
23:16:10 - Time: 1753132570.874, tau: [ 7.77920803e-03  6.86732310e-01  3.95483276e-03 -4.61910859e-01
 -2.67344888e-05 -4.18149849e-02 -1.29677026e-05]
23:16:10 - Time: 1753132570.874, tau + g: [ 7.75364837e-03 -3.94354160e+01 -2.76887705e-01  2.01822883e+01
 -6.31423200e-01  3.52151183e-02 -1.28917901e-05]
23:16:10 - Time: 1753132570.880, current_contact_force: 10.907624106323626
23:16:10 - Time: 1753132570.880, jac: [[-5.20036908e-04  9.32348732e-02 -5.63507188e-04  3.00874190e-01
   6.53526955e-04 -1.25742919e-01 -3.25260652e-19]
 [ 4.96789669e-01 -2.18495377e-04  4.33936489e-01 -5.13326386e-04
   1.16554692e-01  6.29562621e-04  0.00000000e+00]
 [ 0.00000000e+00 -4.96787086e-01  5.82200719e-04  3.51606333e-01
   1.09698250e-03  8.02010009e-03  0.00000000e+00]
 [ 0.00000000e+00  2.34348769e-03  3.45671404e-01 -1.22431502e-03
   8.99053433e-01  5.60670470e-03 -6.36007454e-02]
 [ 0.00000000e+00  9.99997254e-01 -8.10078903e-04 -9.99999166e-01
  -9.20212429e-04  9.99939996e-01  9.74884936e-03]
 [ 1.00000000e+00  1.11022302e-16  9.38355276e-01 -4.12282580e-04
  -4.37837958e-01  9.41117557e-03 -9.97927806e-01]]
23:16:10 - Time: 1753132570.880, tau: [ 7.70686338e-03  6.87574052e-01  3.90535131e-03 -4.61906509e-01
 -5.00428421e-05 -4.17692044e-02 -1.29825130e-05]
23:16:10 - Time: 1753132570.880, tau + g: [ 7.68183433e-03 -3.94349004e+01 -2.76915538e-01  2.01823283e+01
 -6.31414402e-01  3.52424231e-02 -1.29026700e-05]
23:16:10 - Time: 1753132570.887, current_contact_force: 10.907144887521861
23:16:10 - Time: 1753132570.887, jac: [[-5.21697627e-04  9.32349293e-02 -5.65244358e-04  3.00873362e-01
   6.55620358e-04 -1.25743035e-01 -2.16840434e-19]
 [ 4.96794228e-01 -2.19012318e-04  4.33939370e-01 -5.14736199e-04
   1.16554012e-01  6.31609451e-04 -5.55111512e-17]
 [ 0.00000000e+00 -4.96791632e-01  5.83738785e-04  3.51608792e-01
   1.10039234e-03  8.01812030e-03  0.00000000e+00]
 [ 0.00000000e+00  2.34903072e-03  3.45676385e-01 -1.22833880e-03
   8.99054550e-01  5.62469503e-03 -6.35847099e-02]
 [ 0.00000000e+00  9.99997241e-01 -8.12006688e-04 -9.99999160e-01
  -9.23584348e-04  9.99939618e-01  9.77916012e-03]
 [ 1.00000000e+00  3.33066907e-16  9.38353440e-01 -4.12849010e-04
  -4.37835658e-01  9.44048070e-03 -9.97928531e-01]]
23:16:10 - Time: 1753132570.887, tau: [ 7.63474186e-03  6.88407912e-01  3.85592705e-03 -4.61903393e-01
 -7.32551123e-05 -4.17235281e-02 -1.29971045e-05]
23:16:10 - Time: 1753132570.887, tau + g: [ 7.61023384e-03 -3.94343845e+01 -2.76943317e-01  2.01823670e+01
 -6.31405591e-01  3.52690907e-02 -1.29134084e-05]
23:16:10 - Time: 1753132570.891, current_contact_force: 10.906666517385759
23:16:10 - Time: 1753132570.891, jac: [[-5.23353661e-04  9.32349854e-02 -5.66976426e-04  3.00872555e-01
   6.57707409e-04 -1.25743154e-01 -2.16840434e-19]
 [ 4.96798773e-01 -2.19527231e-04  4.33942278e-01 -5.16141039e-04
   1.16553308e-01  6.33650961e-04 -5.55111512e-17]
 [ 0.00000000e+00 -4.96796163e-01  5.85271306e-04  3.51611296e-01
   1.10379167e-03  8.01608572e-03  0.00000000e+00]
 [ 0.00000000e+00  2.35455201e-03  3.45681222e-01 -1.23235011e-03
   8.99055644e-01  5.64263219e-03 -6.35682396e-02]
 [ 0.00000000e+00  9.99997228e-01 -8.13926674e-04 -9.99999155e-01
  -9.26946591e-04  9.99939241e-01  9.80937699e-03]
 [ 1.00000000e+00  2.22044605e-16  9.38351656e-01 -4.13411848e-04
  -4.37833405e-01  9.46969784e-03 -9.97929284e-01]]
23:16:10 - Time: 1753132570.891, tau: [ 7.56284319e-03  6.89233954e-01  3.80656075e-03 -4.61901499e-01
 -9.63718703e-05 -4.16779558e-02 -1.30114795e-05]
23:16:10 - Time: 1753132570.891, tau + g: [ 7.53884676e-03 -3.94338684e+01 -2.76971043e-01  2.01824046e+01
 -6.31396769e-01  3.52951286e-02 -1.29240065e-05]
23:16:10 - Time: 1753132570.900, current_contact_force: 10.90618898721202
23:16:10 - Time: 1753132570.900, jac: [[-5.25005026e-04  9.32350414e-02 -5.68703413e-04  3.00871771e-01
   6.59788132e-04 -1.25743277e-01 -3.25260652e-19]
 [ 4.96803303e-01 -2.20040131e-04  4.33945211e-01 -5.17540934e-04
   1.16552581e-01  6.35687171e-04  0.00000000e+00]
 [ 0.00000000e+00 -4.96800680e-01  5.86798311e-04  3.51613846e-01
   1.10718053e-03  8.01399709e-03  4.33680869e-19]
 [ 0.00000000e+00  2.36005170e-03  3.45685918e-01 -1.23634900e-03
   8.99056715e-01  5.66051639e-03 -6.35513401e-02]
 [ 0.00000000e+00  9.99997215e-01 -8.15838912e-04 -9.99999150e-01
  -9.30299186e-04  9.99938864e-01  9.83950035e-03]
 [ 1.00000000e+00  3.33066907e-16  9.38349924e-01 -4.13971131e-04
  -4.37831198e-01  9.49882736e-03 -9.97930063e-01]]
23:16:10 - Time: 1753132570.900, tau: [ 7.49116705e-03  6.90052240e-01  3.75725316e-03 -4.61900811e-01
 -1.19393683e-04 -4.16324871e-02 -1.30256405e-05]
23:16:10 - Time: 1753132570.900, tau + g: [ 7.46767297e-03 -3.94333521e+01 -2.76998716e-01  2.01824409e+01
 -6.31387934e-01  3.53205441e-02 -1.29344657e-05]
23:16:10 - Time: 1753132570.907, current_contact_force: 10.905712288362134
23:16:10 - Time: 1753132570.907, jac: [[-5.26651736e-04  9.32350972e-02 -5.70425336e-04  3.00871008e-01
   6.61862552e-04 -1.25743403e-01 -4.33680869e-19]
 [ 4.96807819e-01 -2.20551030e-04  4.33948169e-01 -5.18935910e-04
   1.16551831e-01  6.37718100e-04  0.00000000e+00]
 [ 0.00000000e+00 -4.96805183e-01  5.88319831e-04  3.51616439e-01
   1.11055897e-03  8.01185512e-03  0.00000000e+00]
 [ 0.00000000e+00  2.36552993e-03  3.45690475e-01 -1.24033551e-03
   8.99057764e-01  5.67834783e-03 -6.35340174e-02]
 [ 0.00000000e+00  9.99997202e-01 -8.17743455e-04 -9.99999145e-01
  -9.33642162e-04  9.99938486e-01  9.86953057e-03]
 [ 1.00000000e+00  1.11022302e-16  9.38348244e-01 -4.14526893e-04
  -4.37829037e-01  9.52786961e-03 -9.97930870e-01]]
23:16:10 - Time: 1753132570.907, tau: [ 7.41971312e-03  6.90862833e-01  3.70800499e-03 -4.61901318e-01
 -1.42321114e-04 -4.15871218e-02 -1.30395899e-05]
23:16:10 - Time: 1753132570.907, tau + g: [ 7.39671229e-03 -3.94328356e+01 -2.77026334e-01  2.01824761e+01
 -6.31379088e-01  3.53453443e-02 -1.29447872e-05]
23:16:10 - Time: 1753132570.915, current_contact_force: 10.905236412300003
23:16:10 - Time: 1753132570.915, jac: [[-5.28293806e-04  9.32351530e-02 -5.72142213e-04  3.00870266e-01
   6.63930694e-04 -1.25743533e-01 -3.25260652e-19]
 [ 4.96812321e-01 -2.21059943e-04  4.33951152e-01 -5.20325995e-04
   1.16551059e-01  6.39743768e-04  0.00000000e+00]
 [ 0.00000000e+00 -4.96809672e-01  5.89835897e-04  3.51619077e-01
   1.11392701e-03  8.00966055e-03  0.00000000e+00]
 [ 0.00000000e+00  2.37098685e-03  3.45694894e-01 -1.24430970e-03
   8.99058791e-01  5.69612672e-03 -6.35162770e-02]
 [ 0.00000000e+00  9.99997189e-01 -8.19640351e-04 -9.99999140e-01
  -9.36975549e-04  9.99938109e-01  9.89946804e-03]
 [ 1.00000000e+00  3.33066907e-16  9.38346614e-01 -4.15079171e-04
  -4.37826921e-01  9.55682495e-03 -9.97931703e-01]]
23:16:10 - Time: 1753132570.915, tau: [ 7.34848106e-03  6.91665797e-01  3.65881697e-03 -4.61903005e-01
 -1.65154723e-04 -4.15418596e-02 -1.30533300e-05]
23:16:10 - Time: 1753132570.915, tau + g: [ 7.32596455e-03 -3.94323190e+01 -2.77053898e-01  2.01825101e+01
 -6.31370230e-01  3.53695365e-02 -1.29549722e-05]
23:16:10 - Time: 1753132570.922, current_contact_force: 10.9047613505574
23:16:10 - Time: 1753132570.922, jac: [[-5.29931251e-04  9.32352086e-02 -5.73854062e-04  3.00869546e-01
   6.65992580e-04 -1.25743666e-01 -3.25260652e-19]
 [ 4.96816809e-01 -2.21566881e-04  4.33954160e-01 -5.21711215e-04
   1.16550265e-01  6.41764196e-04  5.55111512e-17]
 [ 0.00000000e+00 -4.96814147e-01  5.91346537e-04  3.51621758e-01
   1.11728471e-03  8.00741406e-03  4.33680869e-19]
 [ 0.00000000e+00  2.37642259e-03  3.45699177e-01 -1.24827162e-03
   8.99059796e-01  5.71385325e-03 -6.34981246e-02]
 [ 0.00000000e+00  9.99997176e-01 -8.21529651e-04 -9.99999135e-01
  -9.40299376e-04  9.99937731e-01  9.92931313e-03]
 [ 1.00000000e+00  2.22044605e-16  9.38345035e-01 -4.15627999e-04
  -4.37824850e-01  9.58569371e-03 -9.97932561e-01]]
23:16:10 - Time: 1753132570.922, tau: [ 7.27747051e-03  6.92461192e-01  3.60968980e-03 -4.61905859e-01
 -1.87895063e-04 -4.14967001e-02 -1.30668631e-05]
23:16:10 - Time: 1753132570.922, tau + g: [ 7.25542955e-03 -3.94318022e+01 -2.77081407e-01  2.01825429e+01
 -6.31361362e-01  3.53931276e-02 -1.29650220e-05]
23:16:10 - Time: 1753132570.928, current_contact_force: 10.904287094763562
23:16:10 - Time: 1753132570.928, jac: [[-5.31564084e-04  9.32352641e-02 -5.75560903e-04  3.00868847e-01
   6.68048236e-04 -1.25743802e-01 -7.58941521e-19]
 [ 4.96821283e-01 -2.22071858e-04  4.33957192e-01 -5.23091597e-04
   1.16549449e-01  6.43779403e-04  0.00000000e+00]
 [ 0.00000000e+00 -4.96818608e-01  5.92851781e-04  3.51624482e-01
   1.12063211e-03  8.00511638e-03  0.00000000e+00]
 [ 0.00000000e+00  2.38183728e-03  3.45703325e-01 -1.25222131e-03
   8.99060779e-01  5.73152763e-03 -6.34795657e-02]
 [ 0.00000000e+00  9.99997163e-01 -8.23411404e-04 -9.99999129e-01
  -9.43613671e-04  9.99937354e-01  9.95906621e-03]
 [ 1.00000000e+00  3.33066907e-16  9.38343505e-01 -4.16173411e-04
  -4.37822823e-01  9.61447626e-03 -9.97933446e-01]]
23:16:10 - Time: 1753132570.928, tau: [ 7.20668110e-03  6.93249082e-01  3.56062416e-03 -4.61909866e-01
 -2.10542688e-04 -4.14516432e-02 -1.30801915e-05]
23:16:10 - Time: 1753132570.928, tau + g: [ 7.18510708e-03 -3.94312854e+01 -2.77108861e-01  2.01825747e+01
 -6.31352484e-01  3.54161248e-02 -1.29749378e-05]
23:16:10 - Time: 1753132570.935, current_contact_force: 10.90381363662344
23:16:10 - Time: 1753132570.935, jac: [[-5.33192320e-04  9.32353196e-02 -5.77262752e-04  3.00868168e-01
   6.70097685e-04 -1.25743941e-01 -6.50521303e-19]
 [ 4.96825743e-01 -2.22574887e-04  4.33960247e-01 -5.24467167e-04
   1.16548611e-01  6.45789407e-04  0.00000000e+00]
 [ 0.00000000e+00 -4.96823054e-01  5.94351660e-04  3.51627247e-01
   1.12396925e-03  8.00276818e-03 -4.33680869e-19]
 [ 0.00000000e+00  2.38723108e-03  3.45707340e-01 -1.25615882e-03
   8.99061742e-01  5.74915006e-03 -6.34606060e-02]
 [ 0.00000000e+00  9.99997151e-01 -8.25285659e-04 -9.99999124e-01
  -9.46918464e-04  9.99936976e-01  9.98872764e-03]
 [ 1.00000000e+00  3.33066907e-16  9.38342024e-01 -4.16715442e-04
  -4.37820840e-01  9.64317294e-03 -9.97934355e-01]]
23:16:10 - Time: 1753132570.935, tau: [ 7.13611244e-03  6.94029528e-01  3.51162071e-03 -4.61915014e-01
 -2.33098143e-04 -4.14066885e-02 -1.30933175e-05]
23:16:10 - Time: 1753132570.935, tau + g: [ 7.11499688e-03 -3.94307685e+01 -2.77136259e-01  2.01826052e+01
 -6.31343595e-01  3.54385350e-02 -1.29847208e-05]
23:16:10 - Time: 1753132570.939, current_contact_force: 10.903340967929761
23:16:10 - Time: 1753132570.939, jac: [[-5.34815974e-04  9.32353749e-02 -5.78959629e-04  3.00867510e-01
   6.72140951e-04 -1.25744083e-01 -4.33680869e-19]
 [ 4.96830189e-01 -2.23075980e-04  4.33963326e-01 -5.25837952e-04
   1.16547752e-01  6.47794230e-04  0.00000000e+00]
 [ 0.00000000e+00 -4.96827488e-01  5.95846200e-04  3.51630054e-01
   1.12729616e-03  8.00037017e-03  0.00000000e+00]
 [ 0.00000000e+00  2.39260412e-03  3.45711224e-01 -1.26008421e-03
   8.99062683e-01  5.76672074e-03 -6.34412508e-02]
 [ 0.00000000e+00  9.99997138e-01 -8.27152465e-04 -9.99999119e-01
  -9.50213783e-04  9.99936599e-01  1.00182978e-02]
 [ 1.00000000e+00  3.33066907e-16  9.38340592e-01 -4.17254125e-04
  -4.37818901e-01  9.67178409e-03 -9.97935289e-01]]
23:16:10 - Time: 1753132570.939, tau: [ 7.06576412e-03  6.94802591e-01  3.46268012e-03 -4.61921290e-01
 -2.55561974e-04 -4.13618358e-02 -1.31062434e-05]
23:16:10 - Time: 1753132570.939, tau + g: [ 7.04509872e-03 -3.94302516e+01 -2.77163602e-01  2.01826347e+01
 -6.31334696e-01  3.54603649e-02 -1.29943721e-05]
23:16:10 - Time: 1753132570.948, current_contact_force: 10.902869080554229
23:16:10 - Time: 1753132570.948, jac: [[-5.36435060e-04  9.32354301e-02 -5.80651549e-04  3.00866872e-01
   6.74178059e-04 -1.25744228e-01 -3.25260652e-19]
 [ 4.96834622e-01 -2.23575151e-04  4.33966428e-01 -5.27203977e-04
   1.16546872e-01  6.49793888e-04  0.00000000e+00]
 [ 0.00000000e+00 -4.96831907e-01  5.97335433e-04  3.51632902e-01
   1.13061290e-03  7.99792301e-03  0.00000000e+00]
 [ 0.00000000e+00  2.39795652e-03  3.45714977e-01 -1.26399751e-03
   8.99063603e-01  5.78423986e-03 -6.34215056e-02]
 [ 0.00000000e+00  9.99997125e-01 -8.29011869e-04 -9.99999114e-01
  -9.53499658e-04  9.99936221e-01  1.00477771e-02]
 [ 1.00000000e+00  3.33066907e-16  9.38339207e-01 -4.17789494e-04
  -4.37817004e-01  9.70031005e-03 -9.97936248e-01]]
23:16:10 - Time: 1753132570.948, tau: [ 6.99563572e-03  6.95568332e-01  3.41380303e-03 -4.61928680e-01
 -2.77934718e-04 -4.13170848e-02 -1.31189712e-05]
23:16:10 - Time: 1753132570.948, tau + g: [ 6.97541231e-03 -3.94297347e+01 -2.77190889e-01  2.01826630e+01
 -6.31325788e-01  3.54816215e-02 -1.30038930e-05]
23:16:10 - Time: 1753132570.955, current_contact_force: 10.90239796645585
23:16:10 - Time: 1753132570.955, jac: [[-5.38049592e-04  9.32354852e-02 -5.82338533e-04  3.00866254e-01
   6.76209031e-04 -1.25744377e-01 -7.58941521e-19]
 [ 4.96839041e-01 -2.24072410e-04  4.33969552e-01 -5.28565268e-04
   1.16545971e-01  6.51788403e-04  0.00000000e+00]
 [ 0.00000000e+00 -4.96836313e-01  5.98819386e-04  3.51635790e-01
   1.13391950e-03  7.99542739e-03  0.00000000e+00]
 [ 0.00000000e+00  2.40328843e-03  3.45718603e-01 -1.26789879e-03
   8.99064503e-01  5.80170762e-03 -6.34013757e-02]
 [ 0.00000000e+00  9.99997112e-01 -8.30863919e-04 -9.99999109e-01
  -9.56776118e-04  9.99935844e-01  1.00771658e-02]
 [ 1.00000000e+00  3.33066907e-16  9.38337870e-01 -4.18321582e-04
  -4.37815149e-01  9.72875117e-03 -9.97937231e-01]]
23:16:10 - Time: 1753132570.955, tau: [ 6.92572681e-03  6.96326813e-01  3.36499007e-03 -4.61937172e-01
 -3.00216913e-04 -4.12724352e-02 -1.31315032e-05]
23:16:10 - Time: 1753132570.955, tau + g: [ 6.90593737e-03 -3.94292179e+01 -2.77218120e-01  2.01826903e+01
 -6.31316871e-01  3.55023115e-02 -1.30132844e-05]
23:16:10 - Time: 1753132570.962, current_contact_force: 10.901927617669378
23:16:10 - Time: 1753132570.962, jac: [[-5.39659585e-04  9.32355403e-02 -5.84020596e-04  3.00865655e-01
   6.78233891e-04 -1.25744528e-01 -3.25260652e-19]
 [ 4.96843446e-01 -2.24567772e-04  4.33972699e-01 -5.29921852e-04
   1.16545050e-01  6.53777791e-04  5.55111512e-17]
 [ 0.00000000e+00 -4.96840705e-01  6.00298088e-04  3.51638717e-01
   1.13721600e-03  7.99288396e-03  0.00000000e+00]
 [ 0.00000000e+00  2.40859998e-03  3.45722102e-01 -1.27178807e-03
   8.99065382e-01  5.81912423e-03 -6.33808664e-02]
 [ 0.00000000e+00  9.99997099e-01 -8.32708663e-04 -9.99999104e-01
  -9.60043191e-04  9.99935466e-01  1.01064643e-02]
 [ 1.00000000e+00  1.11022302e-16  9.38336579e-01 -4.18850421e-04
  -4.37813336e-01  9.75710778e-03 -9.97938237e-01]]
23:16:10 - Time: 1753132570.962, tau: [ 6.85603695e-03  6.97078093e-01  3.31624185e-03 -4.61946753e-01
 -3.22409090e-04 -4.12278867e-02 -1.31438415e-05]
23:16:10 - Time: 1753132570.962, tau + g: [ 6.83667360e-03 -3.94287011e+01 -2.77245294e-01  2.01827165e+01
 -6.31307945e-01  3.55224415e-02 -1.30225476e-05]
23:16:10 - Time: 1753132570.970, current_contact_force: 10.901458026314714
23:16:10 - Time: 1753132570.970, jac: [[-5.41265051e-04  9.32355952e-02 -5.85697756e-04  3.00865076e-01
   6.80252662e-04 -1.25744683e-01 -9.75781955e-19]
 [ 4.96847838e-01 -2.25061248e-04  4.33975868e-01 -5.31273753e-04
   1.16544108e-01  6.55762073e-04  0.00000000e+00]
 [ 0.00000000e+00 -4.96845084e-01  6.01771567e-04  3.51641684e-01
   1.14050244e-03  7.99029339e-03  0.00000000e+00]
 [ 0.00000000e+00  2.41389130e-03  3.45725475e-01 -1.27566543e-03
   8.99066241e-01  5.83648987e-03 -6.33599829e-02]
 [ 0.00000000e+00  9.99997087e-01 -8.34546148e-04 -9.99999098e-01
  -9.63300906e-04  9.99935089e-01  1.01356730e-02]
 [ 1.00000000e+00  1.11022302e-16  9.38335334e-01 -4.19376044e-04
  -4.37811565e-01  9.78538022e-03 -9.97939267e-01]]
23:16:10 - Time: 1753132570.970, tau: [ 6.78656567e-03  6.97822234e-01  3.26755897e-03 -4.61957411e-01
 -3.44511778e-04 -4.11834390e-02 -1.31559882e-05]
23:16:10 - Time: 1753132570.970, tau + g: [ 6.76762067e-03 -3.94281843e+01 -2.77272411e-01  2.01827416e+01
 -6.31299011e-01  3.55420182e-02 -1.30316837e-05]
23:16:10 - Time: 1753132570.976, current_contact_force: 10.900989184594314
23:16:10 - Time: 1753132570.976, jac: [[-5.42866007e-04  9.32356500e-02 -5.87370032e-04  3.00864517e-01
   6.82265368e-04 -1.25744840e-01 -5.42101086e-19]
 [ 4.96852217e-01 -2.25552850e-04  4.33979058e-01 -5.32620997e-04
   1.16543147e-01  6.57741265e-04  5.55111512e-17]
 [ 0.00000000e+00 -4.96849449e-01  6.03239851e-04  3.51644689e-01
   1.14377887e-03  7.98765633e-03  0.00000000e+00]
 [ 0.00000000e+00  2.41916252e-03  3.45728725e-01 -1.27953089e-03
   8.99067080e-01  5.85380473e-03 -6.33387305e-02]
 [ 0.00000000e+00  9.99997074e-01 -8.36376420e-04 -9.99999093e-01
  -9.66549292e-04  9.99934711e-01  1.01647922e-02]
 [ 1.00000000e+00  2.22044605e-16  9.38334135e-01 -4.19898483e-04
  -4.37809834e-01  9.81356883e-03 -9.97940320e-01]]
23:16:10 - Time: 1753132570.976, tau: [ 6.71731249e-03  6.98559294e-01  3.21894203e-03 -4.61969132e-01
 -3.66525500e-04 -4.11390920e-02 -1.31679453e-05]
23:16:10 - Time: 1753132570.976, tau + g: [ 6.69877825e-03 -3.94276677e+01 -2.77299471e-01  2.01827656e+01
 -6.31290068e-01  3.55610480e-02 -1.30406937e-05]
23:16:10 - Time: 1753132570.983, current_contact_force: 10.90052108478266
23:16:10 - Time: 1753132570.983, jac: [[-5.44462464e-04  9.32357047e-02 -5.89037440e-04  3.00863976e-01
   6.84272031e-04 -1.25745000e-01 -4.33680869e-19]
 [ 4.96856582e-01 -2.26042590e-04  4.33982270e-01 -5.33963608e-04
   1.16542166e-01  6.59715388e-04  0.00000000e+00]
 [ 0.00000000e+00 -4.96853801e-01  6.04702968e-04  3.51647732e-01
   1.14704532e-03  7.98497343e-03  0.00000000e+00]
 [ 0.00000000e+00  2.42441377e-03  3.45731852e-01 -1.28338451e-03
   8.99067900e-01  5.87106901e-03 -6.33171142e-02]
 [ 0.00000000e+00  9.99997061e-01 -8.38199526e-04 -9.99999088e-01
  -9.69788377e-04  9.99934334e-01  1.01938223e-02]
 [ 1.00000000e+00  1.11022302e-16  9.38332981e-01 -4.20417768e-04
  -4.37808144e-01  9.84167393e-03 -9.97941396e-01]]
23:16:10 - Time: 1753132570.983, tau: [ 6.64827695e-03  6.99289335e-01  3.17039160e-03 -4.61981905e-01
 -3.88450779e-04 -4.10948452e-02 -1.31797149e-05]
23:16:10 - Time: 1753132570.983, tau + g: [ 6.63014599e-03 -3.94271512e+01 -2.77326474e-01  2.01827886e+01
 -6.31281118e-01  3.55795375e-02 -1.30495787e-05]
23:16:10 - Time: 1753132570.986, current_contact_force: 10.900053719244104
23:16:10 - Time: 1753132570.986, jac: [[-5.46054438e-04  9.32357594e-02 -5.90699998e-04  3.00863454e-01
   6.86272675e-04 -1.25745163e-01 -6.50521303e-19]
 [ 4.96860933e-01 -2.26530481e-04  4.33985502e-01 -5.35301611e-04
   1.16541165e-01  6.61684458e-04  0.00000000e+00]
 [ 0.00000000e+00 -4.96858140e-01  6.06160945e-04  3.51650813e-01
   1.15030183e-03  7.98224532e-03  0.00000000e+00]
 [ 0.00000000e+00  2.42964517e-03  3.45734859e-01 -1.28722633e-03
   8.99068700e-01  5.88828291e-03 -6.32951391e-02]
 [ 0.00000000e+00  9.99997048e-01 -8.40015511e-04 -9.99999083e-01
  -9.73018190e-04  9.99933956e-01  1.02227637e-02]
 [ 1.00000000e+00  3.33066907e-16  9.38331872e-01 -4.20933933e-04
  -4.37806493e-01  9.86969585e-03 -9.97942494e-01]]
23:16:10 - Time: 1753132570.986, tau: [ 6.57945853e-03  7.00012414e-01  3.12190825e-03 -4.61995717e-01
 -4.10288130e-04 -4.10506985e-02 -1.31912991e-05]
23:16:10 - Time: 1753132570.986, tau + g: [ 6.56172353e-03 -3.94266348e+01 -2.77353419e-01  2.01828106e+01
 -6.31272160e-01  3.55974930e-02 -1.30583397e-05]
23:16:10 - Time: 1753132570.995, current_contact_force: 10.899587080410942
23:16:10 - Time: 1753132570.995, jac: [[-5.47641942e-04  9.32358139e-02 -5.92357723e-04  3.00862951e-01
   6.88267323e-04 -1.25745328e-01 -3.25260652e-19]
 [ 4.96865272e-01 -2.27016534e-04  4.33988755e-01 -5.36635032e-04
   1.16540146e-01  6.63648495e-04  5.55111512e-17]
 [ 0.00000000e+00 -4.96862466e-01  6.07613811e-04  3.51653931e-01
   1.15354844e-03  7.97947264e-03  0.00000000e+00]
 [ 0.00000000e+00  2.43485686e-03  3.45737747e-01 -1.29105641e-03
   8.99069481e-01  5.90544660e-03 -6.32728102e-02]
 [ 0.00000000e+00  9.99997036e-01 -8.41824420e-04 -9.99999078e-01
  -9.76238760e-04  9.99933579e-01  1.02516167e-02]
 [ 1.00000000e+00  1.11022302e-16  9.38330806e-01 -4.21447007e-04
  -4.37804882e-01  9.89763493e-03 -9.97943614e-01]]
23:16:10 - Time: 1753132570.995, tau: [ 6.51085673e-03  7.00728591e-01  3.07349252e-03 -4.62010556e-01
 -4.32038067e-04 -4.10066515e-02 -1.32026996e-05]
23:16:10 - Time: 1753132570.995, tau + g: [ 6.49351048e-03 -3.94261186e+01 -2.77380307e-01  2.01828316e+01
 -6.31263196e-01  3.56149209e-02 -1.30669778e-05]
23:16:11 - Time: 1753132571.003, current_contact_force: 10.899121160806494
23:16:11 - Time: 1753132571.003, jac: [[-5.49224991e-04  9.32358684e-02 -5.94010632e-04  3.00862466e-01
   6.90255998e-04 -1.25745497e-01  0.00000000e+00]
 [ 4.96869598e-01 -2.27500761e-04  4.33992029e-01 -5.37963895e-04
   1.16539107e-01  6.65607515e-04 -5.55111512e-17]
 [ 0.00000000e+00 -4.96866778e-01  6.09061592e-04  3.51657084e-01
   1.15678519e-03  7.97665601e-03  0.00000000e+00]
 [ 0.00000000e+00  2.44004896e-03  3.45740517e-01 -1.29487478e-03
   8.99070243e-01  5.92256029e-03 -6.32501326e-02]
 [ 0.00000000e+00  9.99997023e-01 -8.43626299e-04 -9.99999073e-01
  -9.79450115e-04  9.99933202e-01  1.02803816e-02]
 [ 1.00000000e+00  1.11022302e-16  9.38329784e-01 -4.21957021e-04
  -4.37803310e-01  9.92549148e-03 -9.97944755e-01]]
23:16:11 - Time: 1753132571.003, tau: [ 6.44247103e-03  7.01437924e-01  3.02514496e-03 -4.62026409e-01
 -4.53701100e-04 -4.09627041e-02 -1.32139186e-05]
23:16:11 - Time: 1753132571.003, tau + g: [ 6.42550646e-03 -3.94256027e+01 -2.77407137e-01  2.01828515e+01
 -6.31254224e-01  3.56318274e-02 -1.30754941e-05]
23:16:11 - Time: 1753132571.010, current_contact_force: 10.898655953014492
23:16:11 - Time: 1753132571.010, jac: [[-5.50803597e-04  9.32359227e-02 -5.95658741e-04  3.00861999e-01
   6.92238721e-04 -1.25745668e-01 -8.67361738e-19]
 [ 4.96873910e-01 -2.27983173e-04  4.33995322e-01 -5.39288223e-04
   1.16538050e-01  6.67561537e-04  0.00000000e+00]
 [ 0.00000000e+00 -4.96871078e-01  6.10504315e-04  3.51660274e-01
   1.16001212e-03  7.97379605e-03  0.00000000e+00]
 [ 0.00000000e+00  2.44522159e-03  3.45743170e-01 -1.29868150e-03
   8.99070986e-01  5.93962415e-03 -6.32271110e-02]
 [ 0.00000000e+00  9.99997010e-01 -8.45421193e-04 -9.99999067e-01
  -9.82652283e-04  9.99932824e-01  1.03090588e-02]
 [ 1.00000000e+00  3.33066907e-16  9.38328805e-01 -4.22464005e-04
  -4.37801777e-01  9.95326584e-03 -9.97945918e-01]]
23:16:11 - Time: 1753132571.010, tau: [ 6.37430091e-03  7.02140473e-01  2.97686610e-03 -4.62043266e-01
 -4.75277735e-04 -4.09188558e-02 -1.32249580e-05]
23:16:11 - Time: 1753132571.010, tau + g: [ 6.35771107e-03 -3.94250869e+01 -2.77433908e-01  2.01828704e+01
 -6.31245246e-01  3.56482188e-02 -1.30838895e-05]
23:16:11 - Time: 1753132571.017, current_contact_force: 10.898191449716036
23:16:11 - Time: 1753132571.017, jac: [[-5.52377774e-04  9.32359770e-02 -5.97302068e-04  3.00861550e-01
   6.94215516e-04 -1.25745841e-01 -1.08420217e-19]
 [ 4.96878209e-01 -2.28463782e-04  4.33998635e-01 -5.40608041e-04
   1.16536975e-01  6.69510578e-04  0.00000000e+00]
 [ 0.00000000e+00 -4.96875364e-01  6.11942007e-04  3.51663499e-01
   1.16322927e-03  7.97089338e-03  0.00000000e+00]
 [ 0.00000000e+00  2.45037489e-03  3.45745708e-01 -1.30247661e-03
   8.99071711e-01  5.95663839e-03 -6.32037505e-02]
 [ 0.00000000e+00  9.99996998e-01 -8.47209144e-04 -9.99999062e-01
  -9.85845293e-04  9.99932447e-01  1.03376487e-02]
 [ 1.00000000e+00  0.00000000e+00  9.38327868e-01 -4.22967990e-04
  -4.37800282e-01  9.98095833e-03 -9.97947102e-01]]
23:16:11 - Time: 1753132571.017, tau: [ 6.30634582e-03  7.02836295e-01  2.92865644e-03 -4.62061113e-01
 -4.96768474e-04 -4.08751065e-02 -1.32358196e-05]
23:16:11 - Time: 1753132571.017, tau + g: [ 6.29012388e-03 -3.94245713e+01 -2.77460622e-01  2.01828884e+01
 -6.31236261e-01  3.56641012e-02 -1.30921649e-05]
23:16:11 - Time: 1753132571.023, current_contact_force: 10.897727643649423
23:16:11 - Time: 1753132571.023, jac: [[-5.53947537e-04  9.32360311e-02 -5.98940631e-04  3.00861118e-01
   6.96186405e-04 -1.25746018e-01 -3.25260652e-19]
 [ 4.96882496e-01 -2.28942600e-04  4.34001967e-01 -5.41923373e-04
   1.16535882e-01  6.71454656e-04  0.00000000e+00]
 [ 0.00000000e+00 -4.96879638e-01  6.13374696e-04  3.51666759e-01
   1.16643668e-03  7.96794859e-03  0.00000000e+00]
 [ 0.00000000e+00  2.45550896e-03  3.45748133e-01 -1.30626015e-03
   8.99072417e-01  5.97360317e-03 -6.31800558e-02]
 [ 0.00000000e+00  9.99996985e-01 -8.48990198e-04 -9.99999057e-01
  -9.89029173e-04  9.99932070e-01  1.03661515e-02]
 [ 1.00000000e+00  2.22044605e-16  9.38326973e-01 -4.23469004e-04
  -4.37798824e-01  1.00085693e-02 -9.97948307e-01]]
23:16:11 - Time: 1753132571.023, tau: [ 6.23860521e-03  7.03525448e-01  2.88051651e-03 -4.62079939e-01
 -5.18173816e-04 -4.08314558e-02 -1.32465052e-05]
23:16:11 - Time: 1753132571.023, tau + g: [ 6.22274447e-03 -3.94240561e+01 -2.77487276e-01  2.01829053e+01
 -6.31227271e-01  3.56794807e-02 -1.31003214e-05]
23:16:11 - Time: 1753132571.030, current_contact_force: 10.897264527642264
23:16:11 - Time: 1753132571.030, jac: [[-5.55512898e-04  9.32360852e-02 -6.00574444e-04  3.00860704e-01
   6.98151410e-04 -1.25746196e-01 -7.58941521e-19]
 [ 4.96886769e-01 -2.29419637e-04  4.34005318e-01 -5.43234243e-04
   1.16534771e-01  6.73393788e-04  0.00000000e+00]
 [ 0.00000000e+00 -4.96883898e-01  6.14802406e-04  3.51670053e-01
   1.16963438e-03  7.96496229e-03  0.00000000e+00]
 [ 0.00000000e+00  2.46062393e-03  3.45750446e-01 -1.31003218e-03
   8.99073105e-01  5.99051869e-03 -6.31560316e-02]
 [ 0.00000000e+00  9.99996973e-01 -8.50764398e-04 -9.99999052e-01
  -9.92203952e-04  9.99931693e-01  1.03945677e-02]
 [ 1.00000000e+00  2.22044605e-16  9.38326119e-01 -4.23967078e-04
  -4.37797403e-01  1.00360990e-02 -9.97949532e-01]]
23:16:11 - Time: 1753132571.030, tau: [ 6.17107854e-03  7.04207990e-01  2.83244679e-03 -4.62099733e-01
 -5.39494256e-04 -4.07879036e-02 -1.32570168e-05]
23:16:11 - Time: 1753132571.030, tau + g: [ 6.15557241e-03 -3.94235411e+01 -2.77513872e-01  2.01829213e+01
 -6.31218275e-01  3.56943633e-02 -1.31083600e-05]
23:16:11 - Time: 1753132571.035, current_contact_force: 10.896802094588999
23:16:11 - Time: 1753132571.035, jac: [[-5.57073872e-04  9.32361392e-02 -6.02203525e-04  3.00860308e-01
   7.00110554e-04 -1.25746378e-01 -5.42101086e-19]
 [ 4.96891030e-01 -2.29894906e-04  4.34008688e-01 -5.44540674e-04
   1.16533642e-01  6.75327991e-04 -5.55111512e-17]
 [ 0.00000000e+00 -4.96888146e-01  6.16225164e-04  3.51673381e-01
   1.17282242e-03  7.96193507e-03  0.00000000e+00]
 [ 0.00000000e+00  2.46571993e-03  3.45752648e-01 -1.31379273e-03
   8.99073776e-01  6.00738513e-03 -6.31316827e-02]
 [ 0.00000000e+00  9.99996960e-01 -8.52531787e-04 -9.99999047e-01
  -9.95369658e-04  9.99931316e-01  1.04228975e-02]
 [ 1.00000000e+00  2.22044605e-16  9.38325306e-01 -4.24462239e-04
  -4.37796020e-01  1.00635477e-02 -9.97950777e-01]]
23:16:11 - Time: 1753132571.035, tau: [ 6.10376522e-03  7.04883976e-01  2.78444776e-03 -4.62120482e-01
 -5.60730285e-04 -4.07444494e-02 -1.32673561e-05]
23:16:11 - Time: 1753132571.035, tau + g: [ 6.08860723e-03 -3.94230264e+01 -2.77540409e-01  2.01829363e+01
 -6.31209274e-01  3.57087549e-02 -1.31162815e-05]
23:16:11 - Time: 1753132571.042, current_contact_force: 10.896340337461414
23:16:11 - Time: 1753132571.042, jac: [[-5.58630472e-04  9.32361931e-02 -6.03827892e-04  3.00859928e-01
   7.02063858e-04 -1.25746562e-01 -5.42101086e-19]
 [ 4.96895278e-01 -2.30368416e-04  4.34012076e-01 -5.45842689e-04
   1.16532496e-01  6.77257283e-04  0.00000000e+00]
 [ 0.00000000e+00 -4.96892381e-01  6.17642997e-04  3.51676742e-01
   1.17600083e-03  7.95886753e-03  0.00000000e+00]
 [ 0.00000000e+00  2.47079707e-03  3.45754740e-01 -1.31754185e-03
   8.99074428e-01  6.02420268e-03 -6.31070137e-02]
 [ 0.00000000e+00  9.99996948e-01 -8.54292407e-04 -9.99999042e-01
  -9.98526318e-04  9.99930939e-01  1.04511413e-02]
 [ 1.00000000e+00  0.00000000e+00  9.38324533e-01 -4.24954517e-04
  -4.37794672e-01  1.00909159e-02 -9.97952042e-01]]
23:16:11 - Time: 1753132571.042, tau: [ 6.03666468e-03  7.05553465e-01  2.73651991e-03 -4.62142175e-01
 -5.81882392e-04 -4.07010932e-02 -1.32775250e-05]
23:16:11 - Time: 1753132571.042, tau + g: [ 6.02184848e-03 -3.94225120e+01 -2.77566887e-01  2.01829504e+01
 -6.31200268e-01  3.57226615e-02 -1.31240870e-05]
23:16:11 - Time: 1753132571.050, current_contact_force: 10.895879249309608
23:16:11 - Time: 1753132571.050, jac: [[-5.60182710e-04  9.32362469e-02 -6.05447559e-04  3.00859565e-01
   7.04011345e-04 -1.25746748e-01 -3.25260652e-19]
 [ 4.96899514e-01 -2.30840180e-04  4.34015482e-01 -5.47140311e-04
   1.16531332e-01  6.79181680e-04  0.00000000e+00]
 [ 0.00000000e+00 -4.96896604e-01  6.19055930e-04  3.51680136e-01
   1.17916965e-03  7.95576023e-03  0.00000000e+00]
 [ 0.00000000e+00  2.47585547e-03  3.45756725e-01 -1.32127959e-03
   8.99075063e-01  6.04097152e-03 -6.30820293e-02]
 [ 0.00000000e+00  9.99996935e-01 -8.56046302e-04 -9.99999037e-01
  -1.00167396e-03  9.99930562e-01  1.04792995e-02]
 [ 1.00000000e+00  0.00000000e+00  9.38323801e-01 -4.25443941e-04
  -4.37793361e-01  1.01182038e-02 -9.97953326e-01]]
23:16:11 - Time: 1753132571.050, tau: [ 5.96977635e-03  7.06216513e-01  2.68866368e-03 -4.62164801e-01
 -6.02951061e-04 -4.06578345e-02 -1.32875251e-05]
23:16:11 - Time: 1753132571.050, tau + g: [ 5.95529570e-03 -3.94219979e+01 -2.77593306e-01  2.01829636e+01
 -6.31191257e-01  3.57360890e-02 -1.31317772e-05]
23:16:11 - Time: 1753132571.056, current_contact_force: 10.895418823244986
23:16:11 - Time: 1753132571.056, jac: [[-5.61730601e-04  9.32363007e-02 -6.07062543e-04  3.00859219e-01
   7.05953036e-04 -1.25746936e-01 -5.42101086e-19]
 [ 4.96903737e-01 -2.31310207e-04  4.34018906e-01 -5.48433565e-04
   1.16530152e-01  6.81101199e-04  5.55111512e-17]
 [ 0.00000000e+00 -4.96900814e-01  6.20463989e-04  3.51683562e-01
   1.18232891e-03  7.95261375e-03  0.00000000e+00]
 [ 0.00000000e+00  2.48089525e-03  3.45758602e-01 -1.32500598e-03
   8.99075681e-01  6.05769182e-03 -6.30567341e-02]
 [ 0.00000000e+00  9.99996923e-01 -8.57793513e-04 -9.99999031e-01
  -1.00481261e-03  9.99930185e-01  1.05073724e-02]
 [ 1.00000000e+00  0.00000000e+00  9.38323107e-01 -4.25930537e-04
  -4.37792085e-01  1.01454117e-02 -9.97954630e-01]]
23:16:11 - Time: 1753132571.056, tau: [ 5.90309962e-03  7.06873175e-01  2.64087953e-03 -4.62188348e-01
 -6.23936773e-04 -4.06146732e-02 -1.32973583e-05]
23:16:11 - Time: 1753132571.056, tau + g: [ 5.88894839e-03 -3.94214842e+01 -2.77619666e-01  2.01829758e+01
 -6.31182241e-01  3.57490430e-02 -1.31393532e-05]
23:16:11 - Time: 1753132571.063, current_contact_force: 10.894959052468076
23:16:11 - Time: 1753132571.063, jac: [[-5.63274159e-04  9.32363543e-02 -6.08672862e-04  3.00858889e-01
   7.07888953e-04 -1.25747127e-01 -4.33680869e-19]
 [ 4.96907947e-01 -2.31778509e-04  4.34022347e-01 -5.49722472e-04
   1.16528955e-01  6.83015857e-04 -5.55111512e-17]
 [ 0.00000000e+00 -4.96905012e-01  6.21867200e-04  3.51687020e-01
   1.18547866e-03  7.94942867e-03  0.00000000e+00]
 [ 0.00000000e+00  2.48591652e-03  3.45760374e-01 -1.32872109e-03
   8.99076282e-01  6.07436377e-03 -6.30311324e-02]
 [ 0.00000000e+00  9.99996910e-01 -8.59534081e-04 -9.99999026e-01
  -1.00794231e-03  9.99929808e-01  1.05353603e-02]
 [ 1.00000000e+00  1.11022302e-16  9.38322452e-01 -4.26414334e-04
  -4.37790844e-01  1.01725399e-02 -9.97955952e-01]]
23:16:11 - Time: 1753132571.063, tau: [ 5.83663390e-03  7.07523508e-01  2.59316791e-03 -4.62212806e-01
 -6.44840006e-04 -4.05716090e-02 -1.33070261e-05]
23:16:11 - Time: 1753132571.063, tau + g: [ 5.82280607e-03 -3.94209709e+01 -2.77645966e-01  2.01829871e+01
 -6.31173221e-01  3.57615293e-02 -1.31468157e-05]
23:16:11 - Time: 1753132571.068, current_contact_force: 10.894499930229236
23:16:11 - Time: 1753132571.068, jac: [[-5.64813395e-04  9.32364079e-02 -6.10278530e-04  3.00858575e-01
   7.09819118e-04 -1.25747321e-01 -4.33680869e-19]
 [ 4.96912145e-01 -2.32245097e-04  4.34025806e-01 -5.51007054e-04
   1.16527742e-01  6.84925670e-04 -5.55111512e-17]
 [ 0.00000000e+00 -4.96909197e-01  6.23265586e-04  3.51690509e-01
   1.18861893e-03  7.94620554e-03 -8.67361738e-19]
 [ 0.00000000e+00  2.49091939e-03  3.45762042e-01 -1.33242494e-03
   8.99076866e-01  6.09098755e-03 -6.30052288e-02]
 [ 0.00000000e+00  9.99996898e-01 -8.61268048e-04 -9.99999021e-01
  -1.01106306e-03  9.99929432e-01  1.05632635e-02]
 [ 1.00000000e+00  1.11022302e-16  9.38321836e-01 -4.26895359e-04
  -4.37789638e-01  1.01995888e-02 -9.97957293e-01]]
23:16:11 - Time: 1753132571.068, tau: [ 5.77037858e-03  7.08167568e-01  2.54552924e-03 -4.62238163e-01
 -6.65661234e-04 -4.05286415e-02 -1.33165304e-05]
23:16:11 - Time: 1753132571.068, tau + g: [ 5.75686824e-03 -3.94204580e+01 -2.77672206e-01  2.01829975e+01
 -6.31164198e-01  3.57735536e-02 -1.31541658e-05]
23:16:11 - Time: 1753132571.076, current_contact_force: 10.894041449876196
23:16:11 - Time: 1753132571.076, jac: [[-5.66348323e-04  9.32364613e-02 -6.11879564e-04  3.00858277e-01
   7.11743552e-04 -1.25747516e-01 -4.33680869e-19]
 [ 4.96916331e-01 -2.32709981e-04  4.34029281e-01 -5.52287336e-04
   1.16526513e-01  6.86830655e-04  5.55111512e-17]
 [ 0.00000000e+00 -4.96913369e-01  6.24659175e-04  3.51694029e-01
   1.19174976e-03  7.94294492e-03  0.00000000e+00]
 [ 0.00000000e+00  2.49590399e-03  3.45763607e-01 -1.33611759e-03
   8.99077433e-01  6.10756333e-03 -6.29790278e-02]
 [ 0.00000000e+00  9.99996885e-01 -8.62995456e-04 -9.99999016e-01
  -1.01417492e-03  9.99929055e-01  1.05910824e-02]
 [ 1.00000000e+00  2.22044605e-16  9.38321258e-01 -4.27373639e-04
  -4.37788466e-01  1.02265586e-02 -9.97958652e-01]]
23:16:11 - Time: 1753132571.076, tau: [ 5.70433306e-03  7.08805408e-01  2.49796394e-03 -4.62264407e-01
 -6.86400927e-04 -4.04857706e-02 -1.33258727e-05]
23:16:11 - Time: 1753132571.076, tau + g: [ 5.69113439e-03 -3.94199454e+01 -2.77698387e-01  2.01830071e+01
 -6.31155171e-01  3.57851214e-02 -1.31614042e-05]
23:16:11 - Time: 1753132571.083, current_contact_force: 10.893583604804281
23:16:11 - Time: 1753132571.083, jac: [[-5.67878957e-04  9.32365147e-02 -6.13475981e-04  3.00857996e-01
   7.13662276e-04 -1.25747714e-01 -6.50521303e-19]
 [ 4.96920504e-01 -2.33173171e-04  4.34032773e-01 -5.53563338e-04
   1.16525268e-01  6.88730829e-04 -5.55111512e-17]
 [ 0.00000000e+00 -4.96917530e-01  6.26047990e-04  3.51697579e-01
   1.19487118e-03  7.93964737e-03  8.67361738e-19]
 [ 0.00000000e+00  2.50087042e-03  3.45765071e-01 -1.33979907e-03
   8.99077984e-01  6.12409129e-03 -6.29525336e-02]
 [ 0.00000000e+00  9.99996873e-01 -8.64716344e-04 -9.99999011e-01
  -1.01727789e-03  9.99928679e-01  1.06188173e-02]
 [ 1.00000000e+00  4.44089210e-16  9.38320717e-01 -4.27849201e-04
  -4.37787328e-01  1.02534496e-02 -9.97960029e-01]]
23:16:11 - Time: 1753132571.083, tau: [ 5.63849670e-03  7.09437084e-01  2.45047244e-03 -4.62291529e-01
 -7.07059552e-04 -4.04429959e-02 -1.33350547e-05]
23:16:11 - Time: 1753132571.083, tau + g: [ 5.62560400e-03 -3.94194333e+01 -2.77724508e-01  2.01830157e+01
 -6.31146140e-01  3.57962383e-02 -1.31685317e-05]
23:16:11 - Time: 1753132571.089, current_contact_force: 10.89312638849262
23:16:11 - Time: 1753132571.089, jac: [[-5.69405310e-04  9.32365680e-02 -6.15067795e-04  3.00857729e-01
   7.15575313e-04 -1.25747914e-01  1.08420217e-19]
 [ 4.96924665e-01 -2.33634679e-04  4.34036281e-01 -5.54835083e-04
   1.16524007e-01  6.90626207e-04  0.00000000e+00]
 [ 0.00000000e+00 -4.96921678e-01  6.27432055e-04  3.51701159e-01
   1.19798324e-03  7.93631342e-03  0.00000000e+00]
 [ 0.00000000e+00  2.50581880e-03  3.45766434e-01 -1.34346943e-03
   8.99078518e-01  6.14057161e-03 -6.29257506e-02]
 [ 0.00000000e+00  9.99996860e-01 -8.66430753e-04 -9.99999006e-01
  -1.02037202e-03  9.99928302e-01  1.06464685e-02]
 [ 1.00000000e+00  1.11022302e-16  9.38320213e-01 -4.28322072e-04
  -4.37786223e-01  1.02802622e-02 -9.97961423e-01]]
23:16:11 - Time: 1753132571.089, tau: [ 5.57286888e-03  7.10062651e-01  2.40305512e-03 -4.62319517e-01
 -7.27637573e-04 -4.04003173e-02 -1.33440780e-05]
23:16:11 - Time: 1753132571.089, tau + g: [ 5.56027655e-03 -3.94189217e+01 -2.77750568e-01  2.01830234e+01
 -6.31137107e-01  3.58069099e-02 -1.31755493e-05]
23:16:11 - Time: 1753132571.093, current_contact_force: 10.892669794481527
23:16:11 - Time: 1753132571.093, jac: [[-5.70927394e-04  9.32366213e-02 -6.16655023e-04  3.00857479e-01
   7.17482683e-04 -1.25748117e-01 -7.58941521e-19]
 [ 4.96928814e-01 -2.34094514e-04  4.34039805e-01 -5.56102592e-04
   1.16522730e-01  6.92516805e-04  5.55111512e-17]
 [ 0.00000000e+00 -4.96925814e-01  6.28811397e-04  3.51704769e-01
   1.20108596e-03  7.93294361e-03  0.00000000e+00]
 [ 0.00000000e+00  2.51074924e-03  3.45767699e-01 -1.34712871e-03
   8.99079036e-01  6.15700447e-03 -6.28986832e-02]
 [ 0.00000000e+00  9.99996848e-01 -8.68138723e-04 -9.99999001e-01
  -1.02345732e-03  9.99927926e-01  1.06740364e-02]
 [ 1.00000000e+00  2.22044605e-16  9.38319746e-01 -4.28792277e-04
  -4.37785152e-01  1.03069966e-02 -9.97962835e-01]]
23:16:11 - Time: 1753132571.093, tau: [ 5.50744898e-03  7.10682162e-01  2.35571239e-03 -4.62348360e-01
 -7.48135451e-04 -4.03577344e-02 -1.33529441e-05]
23:16:11 - Time: 1753132571.093, tau + g: [ 5.49515151e-03 -3.94184105e+01 -2.77776569e-01  2.01830303e+01
 -6.31128070e-01  3.58171414e-02 -1.31824577e-05]
23:16:11 - Time: 1753132571.099, current_contact_force: 10.892213816388015
23:16:11 - Time: 1753132571.099, jac: [[-5.72445223e-04  9.32366744e-02 -6.18237682e-04  3.00857243e-01
   7.19384406e-04 -1.25748321e-01 -4.33680869e-19]
 [ 4.96932950e-01 -2.34552686e-04  4.34043344e-01 -5.57365889e-04
   1.16521439e-01  6.94402639e-04 -5.55111512e-17]
 [ 0.00000000e+00 -4.96929938e-01  6.30186038e-04  3.51708407e-01
   1.20417938e-03  7.92953848e-03  0.00000000e+00]
 [ 0.00000000e+00  2.51566184e-03  3.45768865e-01 -1.35077696e-03
   8.99079539e-01  6.17339003e-03 -6.28713354e-02]
 [ 0.00000000e+00  9.99996836e-01 -8.69840293e-04 -9.99998996e-01
  -1.02653382e-03  9.99927550e-01  1.07015212e-02]
 [ 1.00000000e+00  0.00000000e+00  9.38319314e-01 -4.29259843e-04
  -4.37784113e-01  1.03336532e-02 -9.97964264e-01]]
23:16:11 - Time: 1753132571.099, tau: [ 5.44223635e-03  7.11295671e-01  2.30844462e-03 -4.62378048e-01
 -7.68553643e-04 -4.03152470e-02 -1.33616547e-05]
23:16:11 - Time: 1753132571.099, tau + g: [ 5.43022833e-03 -3.94178997e+01 -2.77802510e-01  2.01830364e+01
 -6.31119032e-01  3.58269384e-02 -1.31892578e-05]
23:16:11 - Time: 1753132571.105, current_contact_force: 10.89175844789417
23:16:11 - Time: 1753132571.105, jac: [[-5.73958809e-04  9.32367275e-02 -6.19815785e-04  3.00857022e-01
   7.21280505e-04 -1.25748527e-01 -5.42101086e-19]
 [ 4.96937075e-01 -2.35009207e-04  4.34046899e-01 -5.58624993e-04
   1.16520132e-01  6.96283726e-04  0.00000000e+00]
 [ 0.00000000e+00 -4.96934050e-01  6.31556004e-04  3.51712074e-01
   1.20726354e-03  7.92609855e-03  0.00000000e+00]
 [ 0.00000000e+00  2.52055672e-03  3.45769935e-01 -1.35441422e-03
   8.99080025e-01  6.18972847e-03 -6.28437116e-02]
 [ 0.00000000e+00  9.99996823e-01 -8.71535503e-04 -9.99998990e-01
  -1.02960156e-03  9.99927174e-01  1.07289234e-02]
 [ 1.00000000e+00  2.22044605e-16  9.38318918e-01 -4.29724795e-04
  -4.37783107e-01  1.03602322e-02 -9.97965710e-01]]
23:16:11 - Time: 1753132571.105, tau: [ 5.37723036e-03  7.11903232e-01  2.26125220e-03 -4.62408571e-01
 -7.88892602e-04 -4.02728548e-02 -1.33702113e-05]
23:16:11 - Time: 1753132571.105, tau + g: [ 5.36550648e-03 -3.94173895e+01 -2.77828390e-01  2.01830416e+01
 -6.31109990e-01  3.58363060e-02 -1.31959503e-05]
23:16:11 - Time: 1753132571.111, current_contact_force: 10.891303682741826
23:16:11 - Time: 1753132571.111, jac: [[-5.75468166e-04  9.32367804e-02 -6.21389350e-04  3.00856816e-01
   7.23170999e-04 -1.25748736e-01 -4.33680869e-19]
 [ 4.96941188e-01 -2.35464085e-04  4.34050469e-01 -5.59879928e-04
   1.16518810e-01  6.98160081e-04  5.55111512e-17]
 [ 0.00000000e+00 -4.96938150e-01  6.32921317e-04  3.51715769e-01
   1.21033848e-03  7.92262434e-03  0.00000000e+00]
 [ 0.00000000e+00  2.52543399e-03  3.45770910e-01 -1.35804054e-03
   8.99080496e-01  6.20601996e-03 -6.28158158e-02]
 [ 0.00000000e+00  9.99996811e-01 -8.73224391e-04 -9.99998985e-01
  -1.03266056e-03  9.99926798e-01  1.07562431e-02]
 [ 1.00000000e+00  1.11022302e-16  9.38318558e-01 -4.30187158e-04
  -4.37782132e-01  1.03867340e-02 -9.97967172e-01]]
23:16:11 - Time: 1753132571.111, tau: [ 5.31243034e-03  7.12504898e-01  2.21413549e-03 -4.62439917e-01
 -8.09152779e-04 -4.02305576e-02 -1.33786154e-05]
23:16:11 - Time: 1753132571.111, tau + g: [ 5.30098539e-03 -3.94168798e+01 -2.77854210e-01  2.01830459e+01
 -6.31100947e-01  3.58452496e-02 -1.32025361e-05]
23:16:11 - Time: 1753132571.114, current_contact_force: 10.890849514753777
23:16:11 - Time: 1753132571.114, jac: [[-5.76973306e-04  9.32368334e-02 -6.22958391e-04  3.00856625e-01
   7.25055911e-04 -1.25748947e-01 -5.42101086e-19]
 [ 4.96945288e-01 -2.35917331e-04  4.34054054e-01 -5.61130713e-04
   1.16517474e-01  7.00031719e-04  5.55111512e-17]
 [ 0.00000000e+00 -4.96942238e-01  6.34282003e-04  3.51719492e-01
   1.21340423e-03  7.91911638e-03  8.67361738e-19]
 [ 0.00000000e+00  2.53029374e-03  3.45771790e-01 -1.36165594e-03
   8.99080952e-01  6.22226467e-03 -6.27876521e-02]
 [ 0.00000000e+00  9.99996799e-01 -8.74906997e-04 -9.99998980e-01
  -1.03571084e-03  9.99926422e-01  1.07834808e-02]
 [ 1.00000000e+00  3.33066907e-16  9.38318232e-01 -4.30646958e-04
  -4.37781189e-01  1.04131587e-02 -9.97968650e-01]]
23:16:11 - Time: 1753132571.114, tau: [ 5.24783566e-03  7.13100721e-01  2.16709484e-03 -4.62472076e-01
 -8.29334621e-04 -4.01883551e-02 -1.33868684e-05]
23:16:11 - Time: 1753132571.114, tau + g: [ 5.23666450e-03 -3.94163705e+01 -2.77879969e-01  2.01830495e+01
 -6.31091902e-01  3.58537744e-02 -1.32090158e-05]
23:16:11 - Time: 1753132571.120, current_contact_force: 10.890395937805325
23:16:11 - Time: 1753132571.120, jac: [[-5.78474242e-04  9.32368862e-02 -6.24522925e-04  3.00856449e-01
   7.26935259e-04 -1.25749159e-01 -9.75781955e-19]
 [ 4.96949377e-01 -2.36368955e-04  4.34057654e-01 -5.62377370e-04
   1.16516123e-01  7.01898656e-04  5.55111512e-17]
 [ 0.00000000e+00 -4.96946314e-01  6.35638083e-04  3.51723242e-01
   1.21646083e-03  7.91557517e-03  8.67361738e-19]
 [ 0.00000000e+00  2.53513609e-03  3.45772577e-01 -1.36526048e-03
   8.99081392e-01  6.23846278e-03 -6.27592247e-02]
 [ 0.00000000e+00  9.99996787e-01 -8.76583357e-04 -9.99998975e-01
  -1.03875243e-03  9.99926046e-01  1.08106367e-02]
 [ 1.00000000e+00  3.33066907e-16  9.38317940e-01 -4.31104220e-04
  -4.37780277e-01  1.04395068e-02 -9.97970145e-01]]
23:16:11 - Time: 1753132571.120, tau: [ 5.18344565e-03  7.13690754e-01  2.12013060e-03 -4.62505039e-01
 -8.49438572e-04 -4.01462471e-02 -1.33949719e-05]
23:16:11 - Time: 1753132571.120, tau + g: [ 5.17254326e-03 -3.94158618e+01 -2.77905668e-01  2.01830522e+01
 -6.31082856e-01  3.58618856e-02 -1.32153903e-05]
23:16:11 - Time: 1753132571.126, current_contact_force: 10.889942945850782
23:16:11 - Time: 1753132571.126, jac: [[-5.79970987e-04  9.32369389e-02 -6.26082966e-04  3.00856286e-01
   7.28809065e-04 -1.25749374e-01 -5.42101086e-19]
 [ 4.96953454e-01 -2.36818966e-04  4.34061268e-01 -5.63619920e-04
   1.16514759e-01  7.03760907e-04  0.00000000e+00]
 [ 0.00000000e+00 -4.96950378e-01  6.36989582e-04  3.51727018e-01
   1.21950830e-03  7.91200121e-03  0.00000000e+00]
 [ 0.00000000e+00  2.53996114e-03  3.45773273e-01 -1.36885420e-03
   8.99081818e-01  6.25461445e-03 -6.27305374e-02]
 [ 0.00000000e+00  9.99996774e-01 -8.78253511e-04 -9.99998970e-01
  -1.04178537e-03  9.99925671e-01  1.08377112e-02]
 [ 1.00000000e+00  0.00000000e+00  9.38317682e-01 -4.31558967e-04
  -4.37779396e-01  1.04657785e-02 -9.97971655e-01]]
23:16:11 - Time: 1753132571.126, tau: [ 5.11925965e-03  7.14275049e-01  2.07324312e-03 -4.62538795e-01
 -8.69465072e-04 -4.01042332e-02 -1.34029273e-05]
23:16:11 - Time: 1753132571.126, tau + g: [ 5.10862108e-03 -3.94153537e+01 -2.77931306e-01  2.01830541e+01
 -6.31073808e-01  3.58695881e-02 -1.32216603e-05]
23:16:11 - Time: 1753132571.132, current_contact_force: 10.889490532899115
23:16:11 - Time: 1753132571.132, jac: [[-5.81463554e-04  9.32369916e-02 -6.27638529e-04  3.00856138e-01
   7.30677349e-04 -1.25749590e-01 -2.16840434e-19]
 [ 4.96957519e-01 -2.37267374e-04  4.34064895e-01 -5.64858384e-04
   1.16513380e-01  7.05618488e-04  5.55111512e-17]
 [ 0.00000000e+00 -4.96954431e-01  6.38336524e-04  3.51730821e-01
   1.22254669e-03  7.90839501e-03 -8.67361738e-19]
 [ 0.00000000e+00  2.54476900e-03  3.45773878e-01 -1.37243714e-03
   8.99082229e-01  6.27071985e-03 -6.27015944e-02]
 [ 0.00000000e+00  9.99996762e-01 -8.79917495e-04 -9.99998965e-01
  -1.04480968e-03  9.99925295e-01  1.08647045e-02]
 [ 1.00000000e+00  0.00000000e+00  9.38317458e-01 -4.32011224e-04
  -4.37778545e-01  1.04919741e-02 -9.97973180e-01]]
23:16:11 - Time: 1753132571.132, tau: [ 5.05527699e-03  7.14853657e-01  2.02643273e-03 -4.62573334e-01
 -8.89414559e-04 -4.00623133e-02 -1.34107361e-05]
23:16:11 - Time: 1753132571.132, tau + g: [ 5.04489740e-03 -3.94148461e+01 -2.77956883e-01  2.01830553e+01
 -6.31064759e-01  3.58768871e-02 -1.32278266e-05]
23:16:11 - Time: 1753132571.135, current_contact_force: 10.88903869302766
23:16:11 - Time: 1753132571.135, jac: [[-5.82951955e-04  9.32370442e-02 -6.29189631e-04  3.00856004e-01
   7.32540132e-04 -1.25749808e-01 -2.16840434e-19]
 [ 4.96961573e-01 -2.37714189e-04  4.34068537e-01 -5.66092782e-04
   1.16511987e-01  7.07471414e-04  0.00000000e+00]
 [ 0.00000000e+00 -4.96958471e-01  6.39678930e-04  3.51734650e-01
   1.22557604e-03  7.90475706e-03  0.00000000e+00]
 [ 0.00000000e+00  2.54955977e-03  3.45774393e-01 -1.37600933e-03
   8.99082625e-01  6.28677915e-03 -6.26723994e-02]
 [ 0.00000000e+00  9.99996750e-01 -8.81575348e-04 -9.99998960e-01
  -1.04782538e-03  9.99924920e-01  1.08916171e-02]
 [ 1.00000000e+00  0.00000000e+00  9.38317266e-01 -4.32461015e-04
  -4.37777724e-01  1.05180939e-02 -9.97974721e-01]]
23:16:11 - Time: 1753132571.135, tau: [ 4.99149702e-03  7.15426631e-01  1.97969975e-03 -4.62608645e-01
 -9.09287467e-04 -4.00204871e-02 -1.34183996e-05]
23:16:11 - Time: 1753132571.135, tau + g: [ 4.98137161e-03 -3.94143390e+01 -2.77982400e-01  2.01830556e+01
 -6.31055709e-01  3.58837877e-02 -1.32338898e-05]
23:16:11 - Time: 1753132571.145, current_contact_force: 10.888587420380528
23:16:11 - Time: 1753132571.145, jac: [[-5.84436202e-04  9.32370967e-02 -6.30736286e-04  3.00855883e-01
   7.34397433e-04 -1.25750029e-01 -4.33680869e-19]
 [ 4.96965615e-01 -2.38159421e-04  4.34072192e-01 -5.67323135e-04
   1.16510581e-01  7.09319699e-04  0.00000000e+00]
 [ 0.00000000e+00 -4.96962501e-01  6.41016824e-04  3.51738504e-01
   1.22859636e-03  7.90108784e-03  0.00000000e+00]
 [ 0.00000000e+00  2.55433355e-03  3.45774821e-01 -1.37957083e-03
   8.99083006e-01  6.30279252e-03 -6.26429564e-02]
 [ 0.00000000e+00  9.99996738e-01 -8.83227105e-04 -9.99998955e-01
  -1.05083250e-03  9.99924545e-01  1.09184491e-02]
 [ 1.00000000e+00  2.22044605e-16  9.38317107e-01 -4.32908364e-04
  -4.37776933e-01  1.05441381e-02 -9.97976276e-01]]
23:16:11 - Time: 1753132571.145, tau: [ 4.92791904e-03  7.15994020e-01  1.93304450e-03 -4.62644720e-01
 -9.29084227e-04 -3.99787543e-02 -1.34259193e-05]
23:16:11 - Time: 1753132571.145, tau + g: [ 4.91804315e-03 -3.94138326e+01 -2.78007856e-01  2.01830552e+01
 -6.31046659e-01  3.58902946e-02 -1.32398508e-05]
23:16:11 - Time: 1753132571.150, current_contact_force: 10.888136709158307
23:16:11 - Time: 1753132571.150, jac: [[-5.85916309e-04  9.32371492e-02 -6.32278509e-04  3.00855776e-01
   7.36249273e-04 -1.25750251e-01 -1.19262239e-18]
 [ 4.96969645e-01 -2.38603078e-04  4.34075861e-01 -5.68549463e-04
   1.16509162e-01  7.11163359e-04 -5.55111512e-17]
 [ 0.00000000e+00 -4.96966518e-01  6.42350229e-04  3.51742384e-01
   1.23160771e-03  7.89738784e-03 -8.67361738e-19]
 [ 0.00000000e+00  2.55909044e-03  3.45775160e-01 -1.38312168e-03
   8.99083374e-01  6.31876011e-03 -6.26132692e-02]
 [ 0.00000000e+00  9.99996726e-01 -8.84872804e-04 -9.99998950e-01
  -1.05383106e-03  9.99924170e-01  1.09452009e-02]
 [ 1.00000000e+00  2.22044605e-16  9.38316980e-01 -4.33353294e-04
  -4.37776172e-01  1.05701071e-02 -9.97977846e-01]]
23:16:11 - Time: 1753132571.150, tau: [ 4.86454239e-03  7.16555877e-01  1.88646728e-03 -4.62681547e-01
 -9.48805267e-04 -3.99371147e-02 -1.34332964e-05]
23:16:11 - Time: 1753132571.150, tau + g: [ 4.85491141e-03 -3.94133267e+01 -2.78033251e-01  2.01830540e+01
 -6.31037609e-01  3.58964128e-02 -1.32457101e-05]
23:16:11 - Time: 1753132571.156, current_contact_force: 10.887686553635511
23:16:11 - Time: 1753132571.156, jac: [[-5.87392287e-04  9.32372016e-02 -6.33816316e-04  3.00855683e-01
   7.38095671e-04 -1.25750474e-01 -3.25260652e-19]
 [ 4.96973664e-01 -2.39045170e-04  4.34079542e-01 -5.69771787e-04
   1.16507729e-01  7.13002409e-04  5.55111512e-17]
 [ 0.00000000e+00 -4.96970524e-01  6.43679167e-04  3.51746288e-01
   1.23461010e-03  7.89365754e-03  8.67361738e-19]
 [ 0.00000000e+00  2.56383054e-03  3.45775414e-01 -1.38666190e-03
   8.99083727e-01  6.33468210e-03 -6.25833416e-02]
 [ 0.00000000e+00  9.99996713e-01 -8.86512480e-04 -9.99998944e-01
  -1.05682111e-03  9.99923795e-01  1.09718728e-02]
 [ 1.00000000e+00  0.00000000e+00  9.38316885e-01 -4.33795829e-04
  -4.37775439e-01  1.05960011e-02 -9.97979430e-01]]
23:16:11 - Time: 1753132571.156, tau: [ 4.80136639e-03  7.17112250e-01  1.83996841e-03 -4.62719118e-01
 -9.68451012e-04 -3.98955680e-02 -1.34405324e-05]
23:16:11 - Time: 1753132571.156, tau + g: [ 4.79197580e-03 -3.94128215e+01 -2.78058585e-01  2.01830520e+01
 -6.31028558e-01  3.59021471e-02 -1.32514686e-05]
23:16:11 - Time: 1753132571.161, current_contact_force: 10.88723694813479
23:16:11 - Time: 1753132571.161, jac: [[-5.88864150e-04  9.32372539e-02 -6.35349721e-04  3.00855602e-01
   7.39936649e-04 -1.25750700e-01 -4.33680869e-19]
 [ 4.96977671e-01 -2.39485707e-04  4.34083236e-01 -5.70990125e-04
   1.16506283e-01  7.14836863e-04 -5.55111512e-17]
 [ 0.00000000e+00 -4.96974519e-01  6.45003660e-04  3.51750216e-01
   1.23760359e-03  7.88989741e-03  0.00000000e+00]
 [ 0.00000000e+00  2.56855395e-03  3.45775583e-01 -1.39019155e-03
   8.99084066e-01  6.35055865e-03 -6.25531773e-02]
 [ 0.00000000e+00  9.99996701e-01 -8.88146170e-04 -9.99998939e-01
  -1.05980265e-03  9.99923421e-01  1.09984651e-02]
 [ 1.00000000e+00  1.11022302e-16  9.38316821e-01 -4.34235990e-04
  -4.37774735e-01  1.06218204e-02 -9.97981029e-01]]
23:16:11 - Time: 1753132571.161, tau: [ 4.73839035e-03  7.17663190e-01  1.79354816e-03 -4.62757423e-01
 -9.88021882e-04 -3.98541139e-02 -1.34476286e-05]
23:16:11 - Time: 1753132571.161, tau + g: [ 4.72923571e-03 -3.94123169e+01 -2.78083858e-01  2.01830493e+01
 -6.31019508e-01  3.59075024e-02 -1.32571268e-05]
23:16:11 - Time: 1753132571.167, current_contact_force: 10.886787887057675
23:16:11 - Time: 1753132571.167, jac: [[-5.90331910e-04  9.32373061e-02 -6.36878739e-04  3.00855535e-01
   7.41772224e-04 -1.25750927e-01 -4.33680869e-19]
 [ 4.96981667e-01 -2.39924697e-04  4.34086943e-01 -5.72204499e-04
   1.16504825e-01  7.16666736e-04  0.00000000e+00]
 [ 0.00000000e+00 -4.96978502e-01  6.46323731e-04  3.51754168e-01
   1.24058819e-03  7.88610792e-03  0.00000000e+00]
 [ 0.00000000e+00  2.57326078e-03  3.45775668e-01 -1.39371067e-03
   8.99084392e-01  6.36638991e-03 -6.25227802e-02]
 [ 0.00000000e+00  9.99996689e-01 -8.89773910e-04 -9.99998934e-01
  -1.06277572e-03  9.99923046e-01  1.10249781e-02]
 [ 1.00000000e+00  2.22044605e-16  9.38316789e-01 -4.34673801e-04
  -4.37774059e-01  1.06475653e-02 -9.97982641e-01]]
23:16:11 - Time: 1753132571.167, tau: [ 4.67561359e-03  7.18208747e-01  1.74720684e-03 -4.62796452e-01
 -1.00751830e-03 -3.98127523e-02 -1.34545862e-05]
23:16:11 - Time: 1753132571.167, tau + g: [ 4.66669054e-03 -3.94118129e+01 -2.78109070e-01  2.01830459e+01
 -6.31010458e-01  3.59124833e-02 -1.32626855e-05]
23:16:11 - Time: 1753132571.172, current_contact_force: 10.88633936484937
23:16:11 - Time: 1753132571.172, jac: [[-5.91795578e-04  9.32373583e-02 -6.38403384e-04  3.00855480e-01
   7.43602417e-04 -1.25751156e-01 -3.25260652e-19]
 [ 4.96985651e-01 -2.40362150e-04  4.34090662e-01 -5.73414927e-04
   1.16503354e-01  7.18492042e-04  0.00000000e+00]
 [ 0.00000000e+00 -4.96982474e-01  6.47639402e-04  3.51758144e-01
   1.24356395e-03  7.88228953e-03  0.00000000e+00]
 [ 0.00000000e+00  2.57795111e-03  3.45775670e-01 -1.39721928e-03
   8.99084704e-01  6.38217606e-03 -6.24921537e-02]
 [ 0.00000000e+00  9.99996677e-01 -8.91395734e-04 -9.99998929e-01
  -1.06574035e-03  9.99922672e-01  1.10514121e-02]
 [ 1.00000000e+00  0.00000000e+00  9.38316786e-01 -4.35109285e-04
  -4.37773411e-01  1.06732360e-02 -9.97984267e-01]]
23:16:11 - Time: 1753132571.172, tau: [ 4.61303543e-03  7.18748969e-01  1.70094470e-03 -4.62836196e-01
 -1.02694067e-03 -3.97714829e-02 -1.34614067e-05]
23:16:11 - Time: 1753132571.172, tau + g: [ 4.60433967e-03 -3.94113095e+01 -2.78134222e-01  2.01830417e+01
 -6.31001408e-01  3.59170946e-02 -1.32681453e-05]
23:16:11 - Time: 1753132571.177, current_contact_force: 10.88589137602817
23:16:11 - Time: 1753132571.177, jac: [[-5.93255168e-04  9.32374104e-02 -6.39923673e-04  3.00855439e-01
   7.45427248e-04 -1.25751387e-01 -1.08420217e-19]
 [ 4.96989625e-01 -2.40798074e-04  4.34094393e-01 -5.74621430e-04
   1.16501870e-01  7.20312796e-04 -1.11022302e-16]
 [ 0.00000000e+00 -4.96986435e-01  6.48950694e-04  3.51762142e-01
   1.24653090e-03  7.87844269e-03 -8.67361738e-19]
 [ 0.00000000e+00  2.58262505e-03  3.45775590e-01 -1.40071745e-03
   8.99085002e-01  6.39791725e-03 -6.24613017e-02]
 [ 0.00000000e+00  9.99996665e-01 -8.93011678e-04 -9.99998924e-01
  -1.06869656e-03  9.99922298e-01  1.10777674e-02]
 [ 1.00000000e+00  1.11022302e-16  9.38316814e-01 -4.35542462e-04
  -4.37772791e-01  1.06988329e-02 -9.97985906e-01]]
23:16:11 - Time: 1753132571.177, tau: [ 4.55065516e-03  7.19283906e-01  1.65476204e-03 -4.62876645e-01
 -1.04628942e-03 -3.97303054e-02 -1.34680912e-05]
23:16:11 - Time: 1753132571.177, tau + g: [ 4.54218250e-03 -3.94108068e+01 -2.78159312e-01  2.01830368e+01
 -6.30992360e-01  3.59213408e-02 -1.32735069e-05]
23:16:11 - Time: 1753132571.183, current_contact_force: 10.88544391516813
23:16:11 - Time: 1753132571.183, jac: [[-5.94710691e-04  9.32374624e-02 -6.41439618e-04  3.00855410e-01
   7.47246736e-04 -1.25751619e-01  1.08420217e-19]
 [ 4.96993587e-01 -2.41232479e-04  4.34098136e-01 -5.75824026e-04
   1.16500375e-01  7.22129012e-04  1.11022302e-16]
 [ 0.00000000e+00 -4.96990385e-01  6.50257630e-04  3.51766163e-01
   1.24948907e-03  7.87456786e-03  0.00000000e+00]
 [ 0.00000000e+00  2.58728269e-03  3.45775430e-01 -1.40420519e-03
   8.99085287e-01  6.41361365e-03 -6.24302276e-02]
 [ 0.00000000e+00  9.99996653e-01 -8.94621777e-04 -9.99998919e-01
  -1.07164437e-03  9.99921924e-01  1.11040443e-02]
 [ 1.00000000e+00  2.22044605e-16  9.38316872e-01 -4.35973356e-04
  -4.37772198e-01  1.07243562e-02 -9.97987558e-01]]
23:16:11 - Time: 1753132571.183, tau: [ 4.48847211e-03  7.19813607e-01  1.60865911e-03 -4.62917790e-01
 -1.06556495e-03 -3.96892196e-02 -1.34746410e-05]
23:16:11 - Time: 1753132571.183, tau + g: [ 4.48021840e-03 -3.94103048e+01 -2.78184341e-01  2.01830312e+01
 -6.30983312e-01  3.59252266e-02 -1.32787709e-05]
23:16:11 - Time: 1753132571.190, current_contact_force: 10.884996976905395
23:16:11 - Time: 1753132571.190, jac: [[-5.96162160e-04  9.32375143e-02 -6.42951236e-04  3.00855393e-01
   7.49060900e-04 -1.25751853e-01 -2.16840434e-19]
 [ 4.96997538e-01 -2.41665374e-04  4.34101890e-01 -5.77022735e-04
   1.16498867e-01  7.23940704e-04  0.00000000e+00]
 [ 0.00000000e+00 -4.96994323e-01  6.51560231e-04  3.51770207e-01
   1.25243849e-03  7.87066549e-03  0.00000000e+00]
 [ 0.00000000e+00  2.59192412e-03  3.45775190e-01 -1.40768256e-03
   8.99085559e-01  6.42926541e-03 -6.23989351e-02]
 [ 0.00000000e+00  9.99996641e-01 -8.96226064e-04 -9.99998914e-01
  -1.07458382e-03  9.99921550e-01  1.11302431e-02]
 [ 1.00000000e+00  1.11022302e-16  9.38316959e-01 -4.36401988e-04
  -4.37771632e-01  1.07498061e-02 -9.97989224e-01]]
23:16:11 - Time: 1753132571.190, tau: [ 4.42648557e-03  7.20338119e-01  1.56263617e-03 -4.62959622e-01
 -1.08476767e-03 -3.96482252e-02 -1.34810573e-05]
23:16:11 - Time: 1753132571.190, tau + g: [ 4.41844676e-03 -3.94098034e+01 -2.78209308e-01  2.01830248e+01
 -6.30974266e-01  3.59287565e-02 -1.32839380e-05]
23:16:11 - Time: 1753132571.198, current_contact_force: 10.884550555929598
23:16:11 - Time: 1753132571.198, jac: [[-5.97609586e-04  9.32375662e-02 -6.44458539e-04  3.00855388e-01
   7.50869760e-04 -1.25752088e-01 -2.16840434e-19]
 [ 4.97001477e-01 -2.42096767e-04  4.34105656e-01 -5.78217575e-04
   1.16497348e-01  7.25747886e-04  0.00000000e+00]
 [ 0.00000000e+00 -4.96998250e-01  6.52858518e-04  3.51774272e-01
   1.25537919e-03  7.86673602e-03 -8.67361738e-19]
 [ 0.00000000e+00  2.59654944e-03  3.45774871e-01 -1.41114960e-03
   8.99085819e-01  6.44487269e-03 -6.23674275e-02]
 [ 0.00000000e+00  9.99996629e-01 -8.97824575e-04 -9.99998909e-01
  -1.07751493e-03  9.99921176e-01  1.11563641e-02]
 [ 1.00000000e+00  2.22044605e-16  9.38317075e-01 -4.36828378e-04
  -4.37771093e-01  1.07751830e-02 -9.97990902e-01]]
23:16:11 - Time: 1753132571.198, tau: [ 4.36469485e-03  7.20857491e-01  1.51669348e-03 -4.63002132e-01
 -1.10389798e-03 -3.96073219e-02 -1.34873414e-05]
23:16:11 - Time: 1753132571.198, tau + g: [ 4.35686695e-03 -3.94093027e+01 -2.78234215e-01  2.01830178e+01
 -6.30965221e-01  3.59319351e-02 -1.32890088e-05]
23:16:11 - Time: 1753132571.204, current_contact_force: 10.884104646996265
23:16:11 - Time: 1753132571.204, jac: [[-5.99052983e-04  9.32376181e-02 -6.45961544e-04  3.00855396e-01
   7.52673335e-04 -1.25752325e-01 -1.19262239e-18]
 [ 4.97005406e-01 -2.42526666e-04  4.34109433e-01 -5.79408567e-04
   1.16495816e-01  7.27550573e-04  0.00000000e+00]
 [ 0.00000000e+00 -4.97002166e-01  6.54152512e-04  3.51778359e-01
   1.25831122e-03  7.86277988e-03 -8.67361738e-19]
 [ 0.00000000e+00  2.60115875e-03  3.45774474e-01 -1.41460633e-03
   8.99086065e-01  6.46043565e-03 -6.23357085e-02]
 [ 0.00000000e+00  9.99996617e-01 -8.99417342e-04 -9.99998904e-01
  -1.08043772e-03  9.99920803e-01  1.11824076e-02]
 [ 1.00000000e+00  3.33066907e-16  9.38317219e-01 -4.37252549e-04
  -4.37770580e-01  1.08004871e-02 -9.97992592e-01]]
23:16:11 - Time: 1753132571.204, tau: [ 4.30309925e-03  7.21371770e-01  1.47083127e-03 -4.63045311e-01
 -1.12295628e-03 -3.95665096e-02 -1.34934944e-05]
23:16:11 - Time: 1753132571.204, tau + g: [ 4.29547835e-03 -3.94088027e+01 -2.78259061e-01  2.01830101e+01
 -6.30956178e-01  3.59347666e-02 -1.32939839e-05]
23:16:11 - Time: 1753132571.212, current_contact_force: 10.883659244915615
23:16:11 - Time: 1753132571.212, jac: [[-6.00492362e-04  9.32376698e-02 -6.47460263e-04  3.00855415e-01
   7.54471643e-04 -1.25752564e-01 -4.33680869e-19]
 [ 4.97009324e-01 -2.42955082e-04  4.34113221e-01 -5.80595728e-04
   1.16494274e-01  7.29348779e-04 -5.55111512e-17]
 [ 0.00000000e+00 -4.97006071e-01  6.55442234e-04  3.51782467e-01
   1.26123460e-03  7.85879751e-03 -8.67361738e-19]
 [ 0.00000000e+00  2.60575213e-03  3.45774002e-01 -1.41805280e-03
   8.99086298e-01  6.47595444e-03 -6.23037814e-02]
 [ 0.00000000e+00  9.99996605e-01 -9.01004400e-04 -9.99998899e-01
  -1.08335222e-03  9.99920430e-01  1.12083738e-02]
 [ 1.00000000e+00  2.22044605e-16  9.38317392e-01 -4.37674522e-04
  -4.37770093e-01  1.08257187e-02 -9.97994294e-01]]
23:16:11 - Time: 1753132571.212, tau: [ 4.24169808e-03  7.21881003e-01  1.42504978e-03 -4.63089149e-01
 -1.14194297e-03 -3.95257880e-02 -1.34995176e-05]
23:16:11 - Time: 1753132571.212, tau + g: [ 4.23428032e-03 -3.94083034e+01 -2.78283845e-01  2.01830017e+01
 -6.30947137e-01  3.59372556e-02 -1.32988638e-05]
23:16:11 - Time: 1753132571.215, current_contact_force: 10.883214344554935
23:16:11 - Time: 1753132571.215, jac: [[-6.01927735e-04  9.32377215e-02 -6.48954712e-04  3.00855447e-01
   7.56264704e-04 -1.25752804e-01 -5.42101086e-19]
 [ 4.97013230e-01 -2.43382021e-04  4.34117019e-01 -5.81779077e-04
   1.16492720e-01  7.31142516e-04  5.55111512e-17]
 [ 0.00000000e+00 -4.97009966e-01  6.56727706e-04  3.51786596e-01
   1.26414936e-03  7.85478934e-03 -8.67361738e-19]
 [ 0.00000000e+00  2.61032968e-03  3.45773453e-01 -1.42148906e-03
   8.99086520e-01  6.49142922e-03 -6.22716497e-02]
 [ 0.00000000e+00  9.99996593e-01 -9.02585782e-04 -9.99998894e-01
  -1.08625846e-03  9.99920057e-01  1.12342631e-02]
 [ 1.00000000e+00  0.00000000e+00  9.38317593e-01 -4.38094316e-04
  -4.37769632e-01  1.08508780e-02 -9.97996008e-01]]
23:16:11 - Time: 1753132571.215, tau: [ 4.18049063e-03  7.22385238e-01  1.37934925e-03 -4.63133639e-01
 -1.16085845e-03 -3.94851569e-02 -1.35054121e-05]
23:16:11 - Time: 1753132571.215, tau + g: [ 4.17327223e-03 -3.94078048e+01 -2.78308568e-01  2.01829927e+01
 -6.30938098e-01  3.59394064e-02 -1.33036493e-05]
23:16:11 - Time: 1753132571.224, current_contact_force: 10.882769940840006
23:16:11 - Time: 1753132571.224, jac: [[-6.03359114e-04  9.32377731e-02 -6.50444904e-04  3.00855490e-01
   7.58052536e-04 -1.25753045e-01 -9.75781955e-19]
 [ 4.97017126e-01 -2.43807493e-04  4.34120828e-01 -5.82958633e-04
   1.16491155e-01  7.32931799e-04 -5.55111512e-17]
 [ 0.00000000e+00 -4.97013849e-01  6.58008949e-04  3.51790746e-01
   1.26705553e-03  7.85075578e-03  0.00000000e+00]
 [ 0.00000000e+00  2.61489149e-03  3.45772830e-01 -1.42491513e-03
   8.99086728e-01  6.50686015e-03 -6.22393167e-02]
 [ 0.00000000e+00  9.99996581e-01 -9.04161521e-04 -9.99998889e-01
  -1.08915647e-03  9.99919684e-01  1.12600757e-02]
 [ 1.00000000e+00  2.22044605e-16  9.38317821e-01 -4.38511953e-04
  -4.37769196e-01  1.08759654e-02 -9.97997735e-01]]
23:16:11 - Time: 1753132571.224, tau: [ 4.11947620e-03  7.22884520e-01  1.33372990e-03 -4.63178771e-01
 -1.17970310e-03 -3.94446159e-02 -1.35111790e-05]
23:16:11 - Time: 1753132571.224, tau + g: [ 4.11245345e-03 -3.94073069e+01 -2.78333230e-01  2.01829830e+01
 -6.30929061e-01  3.59412233e-02 -1.33083409e-05]
23:16:11 - Time: 1753132571.232, current_contact_force: 10.882326028753294
23:16:11 - Time: 1753132571.232, jac: [[-6.04786511e-04  9.32378247e-02 -6.51930854e-04  3.00855544e-01
   7.59835159e-04 -1.25753288e-01 -6.50521303e-19]
 [ 4.97021011e-01 -2.44231506e-04  4.34124646e-01 -5.84134414e-04
   1.16489579e-01  7.34716641e-04 -5.55111512e-17]
 [ 0.00000000e+00 -4.97017721e-01  6.59285981e-04  3.51794915e-01
   1.26995315e-03  7.84669727e-03 -8.67361738e-19]
 [ 0.00000000e+00  2.61943764e-03  3.45772133e-01 -1.42833105e-03
   8.99086925e-01  6.52224738e-03 -6.22067857e-02]
 [ 0.00000000e+00  9.99996569e-01 -9.05731649e-04 -9.99998884e-01
  -1.09204626e-03  9.99919311e-01  1.12858120e-02]
 [ 1.00000000e+00  1.11022302e-16  9.38318076e-01 -4.38927452e-04
  -4.37768785e-01  1.09009810e-02 -9.97999472e-01]]
23:16:11 - Time: 1753132571.232, tau: [ 4.05865409e-03  7.23378896e-01  1.28819196e-03 -4.63224536e-01
 -1.19847732e-03 -3.94041649e-02 -1.35168196e-05]
23:16:11 - Time: 1753132571.232, tau + g: [ 4.05182335e-03 -3.94068098e+01 -2.78357831e-01  2.01829726e+01
 -6.30920027e-01  3.59427105e-02 -1.33129392e-05]
23:16:11 - Time: 1753132571.239, current_contact_force: 10.881882603334201
23:16:11 - Time: 1753132571.239, jac: [[-6.06209938e-04  9.32378762e-02 -6.53412575e-04  3.00855610e-01
   7.61612591e-04 -1.25753533e-01 -5.42101086e-19]
 [ 4.97024885e-01 -2.44654068e-04  4.34128475e-01 -5.85306438e-04
   1.16487992e-01  7.36497057e-04  0.00000000e+00]
 [ 0.00000000e+00 -4.97021583e-01  6.60558825e-04  3.51799104e-01
   1.27284225e-03  7.84261420e-03  8.67361738e-19]
 [ 0.00000000e+00  2.62396824e-03  3.45771363e-01 -1.43173688e-03
   8.99087109e-01  6.53759106e-03 -6.21740600e-02]
 [ 0.00000000e+00  9.99996557e-01 -9.07296199e-04 -9.99998879e-01
  -1.09492786e-03  9.99918939e-01  1.13114721e-02]
 [ 1.00000000e+00  3.33066907e-16  9.38318358e-01 -4.39340834e-04
  -4.37768398e-01  1.09259251e-02 -9.98001221e-01]]
23:16:11 - Time: 1753132571.239, tau: [ 3.99802360e-03  7.23868411e-01  1.24273562e-03 -4.63270926e-01
 -1.21718149e-03 -3.93638036e-02 -1.35223348e-05]
23:16:11 - Time: 1753132571.239, tau + g: [ 3.99138128e-03 -3.94063134e+01 -2.78382371e-01  2.01829616e+01
 -6.30910995e-01  3.59438722e-02 -1.33174448e-05]
23:16:11 - Time: 1753132571.247, current_contact_force: 10.881439659670956
23:16:11 - Time: 1753132571.247, jac: [[-6.07629406e-04  9.32379276e-02 -6.54890082e-04  3.00855686e-01
   7.63384851e-04 -1.25753778e-01 -7.58941521e-19]
 [ 4.97028748e-01 -2.45075187e-04  4.34132314e-01 -5.86474724e-04
   1.16486394e-01  7.38273059e-04 -5.55111512e-17]
 [ 0.00000000e+00 -4.97025434e-01  6.61827501e-04  3.51803313e-01
   1.27572287e-03  7.83850699e-03  0.00000000e+00]
 [ 0.00000000e+00  2.62848336e-03  3.45770522e-01 -1.43513263e-03
   8.99087282e-01  6.55289135e-03 -6.21411428e-02]
 [ 0.00000000e+00  9.99996546e-01 -9.08855202e-04 -9.99998874e-01
  -1.09780131e-03  9.99918567e-01  1.13370565e-02]
 [ 1.00000000e+00  0.00000000e+00  9.38318667e-01 -4.39752118e-04
  -4.37768037e-01  1.09507980e-02 -9.98002981e-01]]
23:16:11 - Time: 1753132571.247, tau: [ 3.93758403e-03  7.24353112e-01  1.19736111e-03 -4.63317932e-01
 -1.23581599e-03 -3.93235318e-02 -1.35277258e-05]
23:16:11 - Time: 1753132571.247, tau + g: [ 3.93112660e-03 -3.94058177e+01 -2.78406850e-01  2.01829499e+01
 -6.30901967e-01  3.59447127e-02 -1.33218582e-05]
23:16:11 - Time: 1753132571.254, current_contact_force: 10.88099719292061
23:16:11 - Time: 1753132571.254, jac: [[-6.09044928e-04  9.32379790e-02 -6.56363389e-04  3.00855774e-01
   7.65151956e-04 -1.25754025e-01 -7.58941521e-19]
 [ 4.97032601e-01 -2.45494873e-04  4.34136162e-01 -5.87639289e-04
   1.16484787e-01  7.40044660e-04 -5.55111512e-17]
 [ 0.00000000e+00 -4.97029274e-01  6.63092028e-04  3.51807540e-01
   1.27859502e-03  7.83437605e-03  0.00000000e+00]
 [ 0.00000000e+00  2.63298309e-03  3.45769610e-01 -1.43851835e-03
   8.99087443e-01  6.56814839e-03 -6.21080375e-02]
 [ 0.00000000e+00  9.99996534e-01 -9.10408692e-04 -9.99998868e-01
  -1.10066662e-03  9.99918194e-01  1.13625653e-02]
 [ 1.00000000e+00  2.22044605e-16  9.38319001e-01 -4.40161324e-04
  -4.37767699e-01  1.09756000e-02 -9.98004751e-01]]
23:16:11 - Time: 1753132571.254, tau: [ 3.87733466e-03  7.24833042e-01  1.15206862e-03 -4.63365547e-01
 -1.25438120e-03 -3.92833493e-02 -1.35329937e-05]
23:16:11 - Time: 1753132571.254, tau + g: [ 3.87105868e-03 -3.94053228e+01 -2.78431267e-01  2.01829376e+01
 -6.30892941e-01  3.59452361e-02 -1.33261800e-05]
23:16:11 - Time: 1753132571.262, current_contact_force: 10.880555198279925
23:16:11 - Time: 1753132571.262, jac: [[-6.10456516e-04  9.32380303e-02 -6.57832510e-04  3.00855873e-01
   7.66913926e-04 -1.25754274e-01 -2.16840434e-19]
 [ 4.97036443e-01 -2.45913132e-04  4.34140020e-01 -5.88800150e-04
   1.16483168e-01  7.41811875e-04  5.55111512e-17]
 [ 0.00000000e+00 -4.97033104e-01  6.64352426e-04  3.51811786e-01
   1.28145875e-03  7.83022177e-03  8.67361738e-19]
 [ 0.00000000e+00  2.63746752e-03  3.45768629e-01 -1.44189407e-03
   8.99087592e-01  6.58336233e-03 -6.20747471e-02]
 [ 0.00000000e+00  9.99996522e-01 -9.11956699e-04 -9.99998863e-01
  -1.10352382e-03  9.99917823e-01  1.13879989e-02]
 [ 1.00000000e+00  1.11022302e-16  9.38319361e-01 -4.40568471e-04
  -4.37767385e-01  1.10003313e-02 -9.98006533e-01]]
23:16:11 - Time: 1753132571.262, tau: [ 3.81727480e-03  7.25308248e-01  1.10685834e-03 -4.63413760e-01
 -1.27287751e-03 -3.92432557e-02 -1.35381395e-05]
23:16:11 - Time: 1753132571.262, tau + g: [ 3.81117686e-03 -3.94048286e+01 -2.78455624e-01  2.01829247e+01
 -6.30883919e-01  3.59454463e-02 -1.33304107e-05]
23:16:11 - Time: 1753132571.268, current_contact_force: 10.880113671014048
23:16:11 - Time: 1753132571.268, jac: [[-6.11864180e-04  9.32380815e-02 -6.59297458e-04  3.00855982e-01
   7.68670779e-04 -1.25754523e-01 -7.58941521e-19]
 [ 4.97040274e-01 -2.46329973e-04  4.34143886e-01 -5.89957326e-04
   1.16481540e-01  7.43574716e-04  0.00000000e+00]
 [ 0.00000000e+00 -4.97036923e-01  6.65608716e-04  3.51816051e-01
   1.28431408e-03  7.82604455e-03  0.00000000e+00]
 [ 0.00000000e+00  2.64193674e-03  3.45767578e-01 -1.44525984e-03
   8.99087730e-01  6.59853334e-03 -6.20412747e-02]
 [ 0.00000000e+00  9.99996510e-01 -9.13499255e-04 -9.99998858e-01
  -1.10637293e-03  9.99917451e-01  1.14133575e-02]
 [ 1.00000000e+00  1.11022302e-16  9.38319747e-01 -4.40973578e-04
  -4.37767095e-01  1.10249921e-02 -9.98008324e-01]]
23:16:11 - Time: 1753132571.268, tau: [ 3.75740375e-03  7.25778774e-01  1.06173047e-03 -4.63462566e-01
 -1.29130528e-03 -3.92032509e-02 -1.35431644e-05]
23:16:11 - Time: 1753132571.268, tau + g: [ 3.75148052e-03 -3.94043352e+01 -2.78479919e-01  2.01829112e+01
 -6.30874900e-01  3.59453476e-02 -1.33345509e-05]
23:16:11 - Time: 1753132571.276, current_contact_force: 10.879672606426848
23:16:11 - Time: 1753132571.276, jac: [[-6.13267933e-04  9.32381327e-02 -6.60758246e-04  3.00856102e-01
   7.70422532e-04 -1.25754774e-01 -4.33680869e-19]
 [ 4.97044095e-01 -2.46745403e-04  4.34147762e-01 -5.91110835e-04
   1.16479902e-01  7.45333197e-04  5.55111512e-17]
 [ 0.00000000e+00 -4.97040732e-01  6.66860916e-04  3.51820334e-01
   1.28716104e-03  7.82184479e-03  8.67361738e-19]
 [ 0.00000000e+00  2.64639083e-03  3.45766459e-01 -1.44861569e-03
   8.99087857e-01  6.61366155e-03 -6.20076236e-02]
 [ 0.00000000e+00  9.99996498e-01 -9.15036390e-04 -9.99998853e-01
  -1.10921399e-03  9.99917080e-01  1.14386414e-02]
 [ 1.00000000e+00  2.22044605e-16  9.38320158e-01 -4.41376664e-04
  -4.37766828e-01  1.10495827e-02 -9.98010126e-01]]
23:16:11 - Time: 1753132571.276, tau: [ 3.69772079e-03  7.26244663e-01  1.01668520e-03 -4.63511954e-01
 -1.30966489e-03 -3.91633346e-02 -1.35480693e-05]
23:16:11 - Time: 1753132571.276, tau + g: [ 3.69196899e-03 -3.94038426e+01 -2.78504153e-01  2.01828970e+01
 -6.30865885e-01  3.59449437e-02 -1.33386011e-05]
23:16:11 - Time: 1753132571.281, current_contact_force: 10.87923199989445
23:16:11 - Time: 1753132571.281, jac: [[-6.14667786e-04  9.32381838e-02 -6.62214890e-04  3.00856233e-01
   7.72169204e-04 -1.25755026e-01 -7.58941521e-19]
 [ 4.97047905e-01 -2.47159431e-04  4.34151646e-01 -5.92260693e-04
   1.16478254e-01  7.47087329e-04 -5.55111512e-17]
 [ 0.00000000e+00 -4.97044530e-01  6.68109047e-04  3.51824634e-01
   1.28999967e-03  7.81762286e-03  8.67361738e-19]
 [ 0.00000000e+00  2.65082987e-03  3.45765274e-01 -1.45196166e-03
   8.99087972e-01  6.62874711e-03 -6.19737968e-02]
 [ 0.00000000e+00  9.99996487e-01 -9.16568136e-04 -9.99998848e-01
  -1.11204701e-03  9.99916709e-01  1.14638509e-02]
 [ 1.00000000e+00  2.22044605e-16  9.38320593e-01 -4.41777749e-04
  -4.37766584e-01  1.10741034e-02 -9.98011938e-01]]
23:16:11 - Time: 1753132571.281, tau: [ 3.63822522e-03  7.26705960e-01  9.71722689e-04 -4.63561917e-01
 -1.32795671e-03 -3.91235066e-02 -1.35528553e-05]
23:16:11 - Time: 1753132571.281, tau + g: [ 3.63264163e-03 -3.94033508e+01 -2.78528326e-01  2.01828823e+01
 -6.30856874e-01  3.59442388e-02 -1.33425619e-05]
23:16:11 - Time: 1753132571.286, current_contact_force: 10.878791846822772
23:16:11 - Time: 1753132571.286, jac: [[-6.16063751e-04  9.32382349e-02 -6.63667402e-04  3.00856374e-01
   7.73910813e-04 -1.25755280e-01 -3.25260652e-19]
 [ 4.97051705e-01 -2.47572065e-04  4.34155539e-01 -5.93406917e-04
   1.16476596e-01  7.48837127e-04  0.00000000e+00]
 [ 0.00000000e+00 -4.97048317e-01  6.69353128e-04  3.51828951e-01
   1.29283000e-03  7.81337915e-03  0.00000000e+00]
 [ 0.00000000e+00  2.65525396e-03  3.45764022e-01 -1.45529778e-03
   8.99088076e-01  6.64379017e-03 -6.19397972e-02]
 [ 0.00000000e+00  9.99996475e-01 -9.18094523e-04 -9.99998843e-01
  -1.11487202e-03  9.99916338e-01  1.14889862e-02]
 [ 1.00000000e+00  3.33066907e-16  9.38321053e-01 -4.42176849e-04
  -4.37766362e-01  1.10985544e-02 -9.98013760e-01]]
23:16:11 - Time: 1753132571.286, tau: [ 3.57891634e-03  7.27162707e-01  9.26843124e-04 -4.63612447e-01
 -1.34618110e-03 -3.90837667e-02 -1.35575233e-05]
23:16:11 - Time: 1753132571.286, tau + g: [ 3.57349781e-03 -3.94028597e+01 -2.78552438e-01  2.01828670e+01
 -6.30847867e-01  3.59432367e-02 -1.33464337e-05]
23:16:11 - Time: 1753132571.291, current_contact_force: 10.878352142690906
23:16:11 - Time: 1753132571.291, jac: [[-6.17455839e-04  9.32382859e-02 -6.65115796e-04  3.00856524e-01
   7.75647377e-04 -1.25755534e-01 -4.33680869e-19]
 [ 4.97055495e-01 -2.47983312e-04  4.34159440e-01 -5.94549526e-04
   1.16474929e-01  7.50582603e-04  0.00000000e+00]
 [ 0.00000000e+00 -4.97052094e-01  6.70593179e-04  3.51833286e-01
   1.29565205e-03  7.80911404e-03  0.00000000e+00]
 [ 0.00000000e+00  2.65966316e-03  3.45762705e-01 -1.45862410e-03
   8.99088170e-01  6.65879089e-03 -6.19056280e-02]
 [ 0.00000000e+00  9.99996463e-01 -9.19615581e-04 -9.99998838e-01
  -1.11768905e-03  9.99915967e-01  1.15140477e-02]
 [ 1.00000000e+00  1.11022302e-16  9.38321537e-01 -4.42573984e-04
  -4.37766163e-01  1.11229359e-02 -9.98015591e-01]]
23:16:11 - Time: 1753132571.291, tau: [ 3.51979345e-03  7.27614949e-01  8.82046671e-04 -4.63663536e-01
 -1.36433843e-03 -3.90441145e-02 -1.35620744e-05]
23:16:11 - Time: 1753132571.291, tau + g: [ 3.51453686e-03 -3.94023694e+01 -2.78576489e-01  2.01828510e+01
 -6.30838864e-01  3.59419412e-02 -1.33502171e-05]
23:16:11 - Time: 1753132571.296, current_contact_force: 10.877912883017691
23:16:11 - Time: 1753132571.296, jac: [[-6.18844062e-04  9.32383369e-02 -6.66560085e-04  3.00856685e-01
   7.77378914e-04 -1.25755790e-01 -4.33680869e-19]
 [ 4.97059274e-01 -2.48393179e-04  4.34163349e-01 -5.95688535e-04
   1.16473253e-01  7.52323770e-04  0.00000000e+00]
 [ 0.00000000e+00 -4.97055861e-01  6.71829217e-04  3.51837637e-01
   1.29846586e-03  7.80482790e-03  0.00000000e+00]
 [ 0.00000000e+00  2.66405758e-03  3.45761323e-01 -1.46194063e-03
   8.99088252e-01  6.67374939e-03 -6.18712921e-02]
 [ 0.00000000e+00  9.99996451e-01 -9.21131341e-04 -9.99998833e-01
  -1.12049812e-03  9.99915596e-01  1.15390355e-02]
 [ 1.00000000e+00  1.11022302e-16  9.38322044e-01 -4.42969171e-04
  -4.37765986e-01  1.11472483e-02 -9.98017432e-01]]
23:16:11 - Time: 1753132571.296, tau: [ 3.46085583e-03  7.28062727e-01  8.37333492e-04 -4.63715176e-01
 -1.38242905e-03 -3.90045500e-02 -1.35665096e-05]
23:16:11 - Time: 1753132571.296, tau + g: [ 3.45575814e-03 -3.94018800e+01 -2.78600479e-01  2.01828346e+01
 -6.30829865e-01  3.59403562e-02 -1.33539126e-05]
23:16:11 - Time: 1753132571.299, current_contact_force: 10.877474063376411
23:16:11 - Time: 1753132571.299, jac: [[-6.20228432e-04  9.32383877e-02 -6.68000282e-04  3.00856856e-01
   7.79105440e-04 -1.25756047e-01 -6.50521303e-19]
 [ 4.97063043e-01 -2.48801675e-04  4.34167266e-01 -5.96823962e-04
   1.16471567e-01  7.54060641e-04  5.55111512e-17]
 [ 0.00000000e+00 -4.97059618e-01  6.73061263e-04  3.51842005e-01
   1.30127145e-03  7.80052110e-03  1.73472348e-18]
 [ 0.00000000e+00  2.66843728e-03  3.45759878e-01 -1.46524744e-03
   8.99088324e-01  6.68866583e-03 -6.18367923e-02]
 [ 0.00000000e+00  9.99996440e-01 -9.22641831e-04 -9.99998828e-01
  -1.12329926e-03  9.99915226e-01  1.15639500e-02]
 [ 1.00000000e+00  2.22044605e-16  9.38322575e-01 -4.43362429e-04
  -4.37765831e-01  1.11714916e-02 -9.98019281e-01]]
23:16:11 - Time: 1753132571.299, tau: [ 3.40210280e-03  7.28506085e-01  7.92703745e-04 -4.63767359e-01
 -1.40045334e-03 -3.89650728e-02 -1.35708298e-05]
23:16:11 - Time: 1753132571.299, tau + g: [ 3.39716100e-03 -3.94013913e+01 -2.78624408e-01  2.01828175e+01
 -6.30820871e-01  3.59384855e-02 -1.33575207e-05]
23:16:11 - Time: 1753132571.310, current_contact_force: 10.877035679394123
23:16:11 - Time: 1753132571.310, jac: [[-6.21608959e-04  9.32384386e-02 -6.69436402e-04  3.00857037e-01
   7.80826975e-04 -1.25756305e-01 -7.58941521e-19]
 [ 4.97066801e-01 -2.49208807e-04  4.34171191e-01 -5.97955824e-04
   1.16469873e-01  7.55793227e-04 -5.55111512e-17]
 [ 0.00000000e+00 -4.97063364e-01  6.74289334e-04  3.51846389e-01
   1.30406887e-03  7.79619401e-03  0.00000000e+00]
 [ 0.00000000e+00  2.67280234e-03  3.45758370e-01 -1.46854453e-03
   8.99088386e-01  6.70354036e-03 -6.18021317e-02]
 [ 0.00000000e+00  9.99996428e-01 -9.24147082e-04 -9.99998823e-01
  -1.12609248e-03  9.99914856e-01  1.15887915e-02]
 [ 1.00000000e+00  2.22044605e-16  9.38323130e-01 -4.43753774e-04
  -4.37765698e-01  1.11956663e-02 -9.98021140e-01]]
23:16:11 - Time: 1753132571.310, tau: [ 3.34353364e-03  7.28945064e-01  7.48157581e-04 -4.63820078e-01
 -1.41841164e-03 -3.89256827e-02 -1.35750359e-05]
23:16:11 - Time: 1753132571.310, tau + g: [ 3.33874479e-03 -3.94009035e+01 -2.78648277e-01  2.01827999e+01
 -6.30811882e-01  3.59363328e-02 -1.33610419e-05]
23:16:11 - Time: 1753132571.314, current_contact_force: 10.876597726745118
23:16:11 - Time: 1753132571.314, jac: [[-6.22985655e-04  9.32384894e-02 -6.70868457e-04  3.00857227e-01
   7.82543535e-04 -1.25756564e-01 -5.42101086e-19]
 [ 4.97070550e-01 -2.49614582e-04  4.34175123e-01 -5.99084136e-04
   1.16468169e-01  7.57521543e-04  0.00000000e+00]
 [ 0.00000000e+00 -4.97067100e-01  6.75513451e-04  3.51850788e-01
   1.30685812e-03  7.79184698e-03  0.00000000e+00]
 [ 0.00000000e+00  2.67715285e-03  3.45756800e-01 -1.47183197e-03
   8.99088437e-01  6.71837311e-03 -6.17673131e-02]
 [ 0.00000000e+00  9.99996416e-01 -9.25647122e-04 -9.99998818e-01
  -1.12887782e-03  9.99914486e-01  1.16135601e-02]
 [ 1.00000000e+00  2.22044605e-16  9.38323706e-01 -4.44143225e-04
  -4.37765586e-01  1.12197725e-02 -9.98023008e-01]]
23:16:11 - Time: 1753132571.314, tau: [ 3.28514765e-03  7.29379706e-01  7.03695150e-04 -4.63873325e-01
 -1.43630430e-03 -3.88863795e-02 -1.35791290e-05]
23:16:11 - Time: 1753132571.314, tau + g: [ 3.28050886e-03 -3.94004165e+01 -2.78672084e-01  2.01827817e+01
 -6.30802898e-01  3.59339018e-02 -1.33644766e-05]
23:16:11 - Time: 1753132571.323, current_contact_force: 10.876160201154935
23:16:11 - Time: 1753132571.323, jac: [[-6.24358532e-04  9.32385401e-02 -6.72296461e-04  3.00857427e-01
   7.84255138e-04 -1.25756824e-01 -7.58941521e-19]
 [ 4.97074288e-01 -2.50019009e-04  4.34179063e-01 -6.00208916e-04
   1.16466457e-01  7.59245599e-04  0.00000000e+00]
 [ 0.00000000e+00 -4.97070826e-01  6.76733630e-04  3.51855203e-01
   1.30963925e-03  7.78748038e-03  0.00000000e+00]
 [ 0.00000000e+00  2.68148889e-03  3.45755170e-01 -1.47510977e-03
   8.99088478e-01  6.73316423e-03 -6.17323393e-02]
 [ 0.00000000e+00  9.99996405e-01 -9.27141981e-04 -9.99998813e-01
  -1.13165529e-03  9.99914117e-01  1.16382562e-02]
 [ 1.00000000e+00  2.22044605e-16  9.38324306e-01 -4.44530798e-04
  -4.37765494e-01  1.12438105e-02 -9.98024884e-01]]
23:16:11 - Time: 1753132571.323, tau: [ 3.22694413e-03  7.29810052e-01  6.59316593e-04 -4.63927091e-01
 -1.45413168e-03 -3.88471629e-02 -1.35831100e-05]
23:16:11 - Time: 1753132571.323, tau + g: [ 3.22245256e-03 -3.93999302e+01 -2.78695830e-01  2.01827630e+01
 -6.30793918e-01  3.59311962e-02 -1.33678254e-05]
23:16:11 - Time: 1753132571.330, current_contact_force: 10.875723098395971
23:16:11 - Time: 1753132571.330, jac: [[-6.25727600e-04  9.32385907e-02 -6.73720427e-04  3.00857636e-01
   7.85961801e-04 -1.25757085e-01 -4.33680869e-19]
 [ 4.97078016e-01 -2.50422093e-04  4.34183010e-01 -6.01330179e-04
   1.16464737e-01  7.60965409e-04  0.00000000e+00]
 [ 0.00000000e+00 -4.97074542e-01  6.77949891e-04  3.51859634e-01
   1.31241229e-03  7.78309456e-03 -8.67361738e-19]
 [ 0.00000000e+00  2.68581054e-03  3.45753479e-01 -1.47837797e-03
   8.99088509e-01  6.74791386e-03 -6.16972132e-02]
 [ 0.00000000e+00  9.99996393e-01 -9.28631688e-04 -9.99998808e-01
  -1.13442493e-03  9.99913748e-01  1.16628800e-02]
 [ 1.00000000e+00  3.33066907e-16  9.38324927e-01 -4.44916511e-04
  -4.37765424e-01  1.12677805e-02 -9.98026769e-01]]
23:16:11 - Time: 1753132571.330, tau: [ 3.16892239e-03  7.30236145e-01  6.15022049e-04 -4.63981371e-01
 -1.47189413e-03 -3.88080328e-02 -1.35869796e-05]
23:16:11 - Time: 1753132571.330, tau + g: [ 3.16457525e-03 -3.93994449e+01 -2.78719516e-01  2.01827437e+01
 -6.30784944e-01  3.59282196e-02 -1.33710887e-05]
23:16:11 - Time: 1753132571.338, current_contact_force: 10.875286414299264
23:16:11 - Time: 1753132571.338, jac: [[-6.27092871e-04  9.32386413e-02 -6.75140367e-04  3.00857854e-01
   7.87663541e-04 -1.25757347e-01 -4.33680869e-19]
 [ 4.97081734e-01 -2.50823843e-04  4.34186964e-01 -6.02447943e-04
   1.16463007e-01  7.62680984e-04  0.00000000e+00]
 [ 0.00000000e+00 -4.97078248e-01  6.79162252e-04  3.51864079e-01
   1.31517726e-03  7.77868987e-03  0.00000000e+00]
 [ 0.00000000e+00  2.69011787e-03  3.45751729e-01 -1.48163662e-03
   8.99088530e-01  6.76262214e-03 -6.16619374e-02]
 [ 0.00000000e+00  9.99996382e-01 -9.30116270e-04 -9.99998803e-01
  -1.13718676e-03  9.99913379e-01  1.16874318e-02]
 [ 1.00000000e+00  0.00000000e+00  9.38325571e-01 -4.45300380e-04
  -4.37765374e-01  1.12916828e-02 -9.98028662e-01]]
23:16:11 - Time: 1753132571.338, tau: [ 3.11108172e-03  7.30658023e-01  5.70811652e-04 -4.64036156e-01
 -1.48959199e-03 -3.87689888e-02 -1.35907390e-05]
23:16:11 - Time: 1753132571.338, tau + g: [ 3.10687626e-03 -3.93989603e+01 -2.78743141e-01  2.01827239e+01
 -6.30775976e-01  3.59249755e-02 -1.33742670e-05]
23:16:11 - Time: 1753132571.345, current_contact_force: 10.874850144729129
23:16:11 - Time: 1753132571.345, jac: [[-6.28454356e-04  9.32386919e-02 -6.76556295e-04  3.00858082e-01
   7.89360376e-04 -1.25757610e-01 -2.16840434e-19]
 [ 4.97085442e-01 -2.51224265e-04  4.34190924e-01 -6.03562223e-04
   1.16461270e-01  7.64392338e-04 -5.55111512e-17]
 [ 0.00000000e+00 -4.97081944e-01  6.80370731e-04  3.51868538e-01
   1.31793419e-03  7.77426665e-03  0.00000000e+00]
 [ 0.00000000e+00  2.69441096e-03  3.45749920e-01 -1.48488574e-03
   8.99088541e-01  6.77728921e-03 -6.16265149e-02]
 [ 0.00000000e+00  9.99996370e-01 -9.31595755e-04 -9.99998798e-01
  -1.13994080e-03  9.99913010e-01  1.17119119e-02]
 [ 1.00000000e+00  1.11022302e-16  9.38326236e-01 -4.45682423e-04
  -4.37765344e-01  1.13155175e-02 -9.98030563e-01]]
23:16:11 - Time: 1753132571.345, tau: [ 3.05342142e-03  7.31075729e-01  5.26685530e-04 -4.64091439e-01
 -1.50722560e-03 -3.87300309e-02 -1.35943889e-05]
23:16:11 - Time: 1753132571.345, tau + g: [ 3.04935496e-03 -3.93984766e+01 -2.78766706e-01  2.01827036e+01
 -6.30767013e-01  3.59214675e-02 -1.33773607e-05]
23:16:11 - Time: 1753132571.351, current_contact_force: 10.874414285615618
23:16:11 - Time: 1753132571.351, jac: [[-6.29812067e-04  9.32387424e-02 -6.77968224e-04  3.00858318e-01
   7.91052323e-04 -1.25757874e-01 -1.08420217e-18]
 [ 4.97089140e-01 -2.51623367e-04  4.34194891e-01 -6.04673034e-04
   1.16459525e-01  7.66099482e-04  0.00000000e+00]
 [ 0.00000000e+00 -4.97085630e-01  6.81575346e-04  3.51873012e-01
   1.32068311e-03  7.76982524e-03 -8.67361738e-19]
 [ 0.00000000e+00  2.69868988e-03  3.45748054e-01 -1.48812537e-03
   8.99088542e-01  6.79191522e-03 -6.15909481e-02]
 [ 0.00000000e+00  9.99996359e-01 -9.33070173e-04 -9.99998793e-01
  -1.14268708e-03  9.99912641e-01  1.17363204e-02]
 [ 1.00000000e+00  2.22044605e-16  9.38326922e-01 -4.46062655e-04
  -4.37765335e-01  1.13392850e-02 -9.98032471e-01]]
23:16:11 - Time: 1753132571.351, tau: [ 2.99594081e-03  7.31489302e-01  4.82643807e-04 -4.64147212e-01
 -1.52479530e-03 -3.86911586e-02 -1.35979302e-05]
23:16:11 - Time: 1753132571.351, tau + g: [ 2.99201069e-03 -3.93979938e+01 -2.78790209e-01  2.01826827e+01
 -6.30758056e-01  3.59176992e-02 -1.33803703e-05]
23:16:11 - Time: 1753132571.359, current_contact_force: 10.873978832919477
23:16:11 - Time: 1753132571.359, jac: [[-6.31166013e-04  9.32387929e-02 -6.79376167e-04  3.00858563e-01
   7.92739398e-04 -1.25758139e-01 -1.08420217e-19]
 [ 4.97092828e-01 -2.52021156e-04  4.34198865e-01 -6.05780394e-04
   1.16457771e-01  7.67802428e-04  5.55111512e-17]
 [ 0.00000000e+00 -4.97089306e-01  6.82776115e-04  3.51877500e-01
   1.32342406e-03  7.76536599e-03  0.00000000e+00]
 [ 0.00000000e+00  2.70295472e-03  3.45746131e-01 -1.49135554e-03
   8.99088533e-01  6.80650029e-03 -6.15552399e-02]
 [ 0.00000000e+00  9.99996347e-01 -9.34539551e-04 -9.99998788e-01
  -1.14542561e-03  9.99912273e-01  1.17606577e-02]
 [ 1.00000000e+00  0.00000000e+00  9.38327629e-01 -4.46441092e-04
  -4.37765345e-01  1.13629854e-02 -9.98034388e-01]]
23:16:11 - Time: 1753132571.359, tau: [ 2.93863917e-03  7.31898781e-01  4.38686603e-04 -4.64203469e-01
 -1.54230144e-03 -3.86523719e-02 -1.36013638e-05]
23:16:11 - Time: 1753132571.359, tau + g: [ 2.93484280e-03 -3.93975117e+01 -2.78813652e-01  2.01826614e+01
 -6.30749104e-01  3.59136739e-02 -1.33832963e-05]
23:16:11 - Time: 1753132571.362, current_contact_force: 10.873543782665124
23:16:11 - Time: 1753132571.362, jac: [[-6.32516208e-04  9.32388433e-02 -6.80780136e-04  3.00858817e-01
   7.94421619e-04 -1.25758405e-01 -8.67361738e-19]
 [ 4.97096506e-01 -2.52417639e-04  4.34202845e-01 -6.06884317e-04
   1.16456010e-01  7.69501188e-04  0.00000000e+00]
 [ 0.00000000e+00 -4.97092972e-01  6.83973055e-04  3.51882002e-01
   1.32615705e-03  7.76088922e-03  8.67361738e-19]
 [ 0.00000000e+00  2.70720555e-03  3.45744151e-01 -1.49457629e-03
   8.99088515e-01  6.82104458e-03 -6.15193929e-02]
 [ 0.00000000e+00  9.99996336e-01 -9.36003915e-04 -9.99998783e-01
  -1.14815643e-03  9.99911905e-01  1.17849240e-02]
 [ 1.00000000e+00  3.33066907e-16  9.38328357e-01 -4.46817751e-04
  -4.37765374e-01  1.13866191e-02 -9.98036312e-01]]
23:16:11 - Time: 1753132571.362, tau: [ 2.88151582e-03  7.32304207e-01  3.94814033e-04 -4.64260203e-01
 -1.55974435e-03 -3.86136705e-02 -1.36046905e-05]
23:16:11 - Time: 1753132571.362, tau + g: [ 2.87785064e-03 -3.93970306e+01 -2.78837035e-01  2.01826395e+01
 -6.30740159e-01  3.59093951e-02 -1.33861390e-05]
23:16:11 - Time: 1753132571.371, current_contact_force: 10.873109130908226
23:16:11 - Time: 1753132571.371, jac: [[-6.33862661e-04  9.32388936e-02 -6.82180145e-04  3.00859080e-01
   7.96099002e-04 -1.25758672e-01 -6.50521303e-19]
 [ 4.97100175e-01 -2.52812823e-04  4.34206831e-01 -6.07984820e-04
   1.16454241e-01  7.71195774e-04  5.55111512e-17]
 [ 0.00000000e+00 -4.97096629e-01  6.85166185e-04  3.51886517e-01
   1.32888212e-03  7.75639526e-03  0.00000000e+00]
 [ 0.00000000e+00  2.71144244e-03  3.45742116e-01 -1.49778765e-03
   8.99088488e-01  6.83554821e-03 -6.14834097e-02]
 [ 0.00000000e+00  9.99996324e-01 -9.37463294e-04 -9.99998778e-01
  -1.15087956e-03  9.99911538e-01  1.18091196e-02]
 [ 1.00000000e+00  2.22044605e-16  9.38329105e-01 -4.47192649e-04
  -4.37765423e-01  1.14101861e-02 -9.98038243e-01]]
23:16:11 - Time: 1753132571.371, tau: [ 2.82457007e-03  7.32705618e-01  3.51026210e-04 -4.64317405e-01
 -1.57712435e-03 -3.85750541e-02 -1.36079113e-05]
23:16:11 - Time: 1753132571.371, tau + g: [ 2.82103358e-03 -3.93965503e+01 -2.78860357e-01  2.01826171e+01
 -6.30731220e-01  3.59048662e-02 -1.33888990e-05]
23:16:11 - Time: 1753132571.379, current_contact_force: 10.872674873765764
23:16:11 - Time: 1753132571.379, jac: [[-6.35205383e-04  9.32389439e-02 -6.83576206e-04  3.00859351e-01
   7.97771564e-04 -1.25758940e-01 -9.75781955e-19]
 [ 4.97103833e-01 -2.53206714e-04  4.34210823e-01 -6.09081917e-04
   1.16452464e-01  7.72886198e-04  0.00000000e+00]
 [ 0.00000000e+00 -4.97100275e-01  6.86355521e-04  3.51891045e-01
   1.33159929e-03  7.75188445e-03  8.67361738e-19]
 [ 0.00000000e+00  2.71566547e-03  3.45740027e-01 -1.50098965e-03
   8.99088452e-01  6.85001132e-03 -6.14472929e-02]
 [ 0.00000000e+00  9.99996313e-01 -9.38917715e-04 -9.99998773e-01
  -1.15359502e-03  9.99911170e-01  1.18332447e-02]
 [ 1.00000000e+00  0.00000000e+00  9.38329874e-01 -4.47565799e-04
  -4.37765491e-01  1.14336868e-02 -9.98040182e-01]]
23:16:11 - Time: 1753132571.379, tau: [ 2.76780122e-03  7.33103054e-01  3.07323238e-04 -4.64375070e-01
 -1.59444179e-03 -3.85365226e-02 -1.36110268e-05]
23:16:11 - Time: 1753132571.379, tau + g: [ 2.76439095e-03 -3.93960708e+01 -2.78883619e-01  2.01825942e+01
 -6.30722287e-01  3.59000906e-02 -1.33915767e-05]
23:16:11 - Time: 1753132571.386, current_contact_force: 10.87224100739013
23:16:11 - Time: 1753132571.386, jac: [[-6.36544386e-04  9.32389941e-02 -6.84968331e-04  3.00859631e-01
   7.99439322e-04 -1.25759208e-01 -7.58941521e-19]
 [ 4.97107482e-01 -2.53599320e-04  4.34214821e-01 -6.10175624e-04
   1.16450680e-01  7.74572471e-04 -1.11022302e-16]
 [ 0.00000000e+00 -4.97103912e-01  6.87541082e-04  3.51895586e-01
   1.33430860e-03  7.74735710e-03 -8.67361738e-19]
 [ 0.00000000e+00  2.71987471e-03  3.45737884e-01 -1.50418234e-03
   8.99088406e-01  6.86443406e-03 -6.14110451e-02]
 [ 0.00000000e+00  9.99996301e-01 -9.40367204e-04 -9.99998768e-01
  -1.15630283e-03  9.99910803e-01  1.18572996e-02]
 [ 1.00000000e+00  2.22044605e-16  9.38330662e-01 -4.47937218e-04
  -4.37765578e-01  1.14571214e-02 -9.98042127e-01]]
23:16:11 - Time: 1753132571.386, tau: [ 2.71120859e-03  7.33496552e-01  2.63705221e-04 -4.64433190e-01
 -1.61169699e-03 -3.84980757e-02 -1.36140380e-05]
23:16:11 - Time: 1753132571.386, tau + g: [ 2.70792212e-03 -3.93955922e+01 -2.78906820e-01  2.01825709e+01
 -6.30713361e-01  3.58950715e-02 -1.33941724e-05]
23:16:11 - Time: 1753132571.393, current_contact_force: 10.871807527984418
23:16:11 - Time: 1753132571.393, jac: [[-6.37879680e-04  9.32390443e-02 -6.86356534e-04  3.00859918e-01
   8.01102292e-04 -1.25759478e-01 -6.50521303e-19]
 [ 4.97111121e-01 -2.53990647e-04  4.34218824e-01 -6.11265957e-04
   1.16448889e-01  7.76254606e-04 -5.55111512e-17]
 [ 0.00000000e+00 -4.97107539e-01  6.88722883e-04  3.51900139e-01
   1.33701007e-03  7.74281352e-03  0.00000000e+00]
 [ 0.00000000e+00  2.72407023e-03  3.45735687e-01 -1.50736574e-03
   8.99088352e-01  6.87881654e-03 -6.13746688e-02]
 [ 0.00000000e+00  9.99996290e-01 -9.41811787e-04 -9.99998763e-01
  -1.15900302e-03  9.99910436e-01  1.18812844e-02]
 [ 1.00000000e+00  0.00000000e+00  9.38331470e-01 -4.48306922e-04
  -4.37765683e-01  1.14804901e-02 -9.98044080e-01]]
23:16:11 - Time: 1753132571.393, tau: [ 2.65479148e-03  7.33886152e-01  2.20172258e-04 -4.64491759e-01
 -1.62889027e-03 -3.84597132e-02 -1.36169456e-05]
23:16:11 - Time: 1753132571.393, tau + g: [ 2.65162643e-03 -3.93951145e+01 -2.78929962e-01  2.01825471e+01
 -6.30704442e-01  3.58898123e-02 -1.33966866e-05]
23:16:11 - Time: 1753132571.397, current_contact_force: 10.87137443179763
23:16:11 - Time: 1753132571.397, jac: [[-6.39211276e-04  9.32390945e-02 -6.87740827e-04  3.00860214e-01
   8.02760491e-04 -1.25759748e-01 -9.75781955e-19]
 [ 4.97114751e-01 -2.54380702e-04  4.34222833e-01 -6.12352930e-04
   1.16447090e-01  7.77932615e-04  0.00000000e+00]
 [ 0.00000000e+00 -4.97111157e-01  6.89900943e-04  3.51904705e-01
   1.33970373e-03  7.73825405e-03  8.67361738e-19]
 [ 0.00000000e+00  2.72825210e-03  3.45733439e-01 -1.51053988e-03
   8.99088288e-01  6.89315892e-03 -6.13381664e-02]
 [ 0.00000000e+00  9.99996278e-01 -9.43251492e-04 -9.99998758e-01
  -1.16169562e-03  9.99910070e-01  1.19051996e-02]
 [ 1.00000000e+00  2.22044605e-16  9.38332297e-01 -4.48674925e-04
  -4.37765806e-01  1.15037932e-02 -9.98046039e-01]]
23:16:11 - Time: 1753132571.397, tau: [ 2.59854921e-03  7.34271890e-01  1.76724443e-04 -4.64550769e-01
 -1.64602196e-03 -3.84214348e-02 -1.36197505e-05]
23:16:11 - Time: 1753132571.397, tau + g: [ 2.59550325e-03 -3.93946377e+01 -2.78953043e-01  2.01825228e+01
 -6.30695529e-01  3.58843161e-02 -1.33991198e-05]
23:16:11 - Time: 1753132571.403, current_contact_force: 10.870941715116984
23:16:11 - Time: 1753132571.403, jac: [[-6.40539185e-04  9.32391446e-02 -6.89121223e-04  3.00860518e-01
   8.04413935e-04 -1.25760019e-01 -7.58941521e-19]
 [ 4.97118370e-01 -2.54769492e-04  4.34226847e-01 -6.13436559e-04
   1.16445285e-01  7.79606507e-04 -5.55111512e-17]
 [ 0.00000000e+00 -4.97114764e-01  6.91075278e-04  3.51909283e-01
   1.34238960e-03  7.73367898e-03 -8.67361738e-19]
 [ 0.00000000e+00  2.73242040e-03  3.45731139e-01 -1.51370481e-03
   8.99088216e-01  6.90746131e-03 -6.13015405e-02]
 [ 0.00000000e+00  9.99996267e-01 -9.44686344e-04 -9.99998754e-01
  -1.16438064e-03  9.99909703e-01  1.19290453e-02]
 [ 1.00000000e+00  2.22044605e-16  9.38333143e-01 -4.49041243e-04
  -4.37765947e-01  1.15270308e-02 -9.98048004e-01]]
23:16:11 - Time: 1753132571.403, tau: [ 2.54248109e-03  7.34653805e-01  1.33361866e-04 -4.64610214e-01
 -1.66309239e-03 -3.83832404e-02 -1.36224534e-05]
23:16:11 - Time: 1753132571.403, tau + g: [ 2.53955193e-03 -3.93941617e+01 -2.78976063e-01  2.01824980e+01
 -6.30686623e-01  3.58785862e-02 -1.34014723e-05]
23:16:11 - Time: 1753132571.409, current_contact_force: 10.870509374285875
23:16:11 - Time: 1753132571.409, jac: [[-6.41863419e-04  9.32391946e-02 -6.90497733e-04  3.00860830e-01
   8.06062641e-04 -1.25760291e-01 -8.67361738e-19]
 [ 4.97121981e-01 -2.55157023e-04  4.34230866e-01 -6.14516858e-04
   1.16443472e-01  7.81276296e-04  5.55111512e-17]
 [ 0.00000000e+00 -4.97118363e-01  6.92245905e-04  3.51913873e-01
   1.34506772e-03  7.72908862e-03  8.67361738e-19]
 [ 0.00000000e+00  2.73657520e-03  3.45728787e-01 -1.51686054e-03
   8.99088135e-01  6.92172387e-03 -6.12647935e-02]
 [ 0.00000000e+00  9.99996256e-01 -9.46116369e-04 -9.99998749e-01
  -1.16705811e-03  9.99909337e-01  1.19528217e-02]
 [ 1.00000000e+00  3.33066907e-16  9.38334008e-01 -4.49405889e-04
  -4.37766106e-01  1.15502032e-02 -9.98049976e-01]]
23:16:11 - Time: 1753132571.409, tau: [ 2.48658645e-03  7.35031933e-01  9.00846147e-05 -4.64670088e-01
 -1.68010186e-03 -3.83451298e-02 -1.36250551e-05]
23:16:11 - Time: 1753132571.409, tau + g: [ 2.48377182e-03 -3.93936866e+01 -2.78999024e-01  2.01824727e+01
 -6.30677725e-01  3.58726258e-02 -1.34037445e-05]
23:16:11 - Time: 1753132571.413, current_contact_force: 10.870077405678353
23:16:11 - Time: 1753132571.413, jac: [[-6.43183987e-04  9.32392446e-02 -6.91870370e-04  3.00861150e-01
   8.07706624e-04 -1.25760564e-01 -6.50521303e-19]
 [ 4.97125581e-01 -2.55543302e-04  4.34234890e-01 -6.15593842e-04
   1.16441653e-01  7.82941992e-04  0.00000000e+00]
 [ 0.00000000e+00 -4.97121952e-01  6.93412841e-04  3.51918474e-01
   1.34773811e-03  7.72448329e-03  8.67361738e-19]
 [ 0.00000000e+00  2.74071657e-03  3.45726386e-01 -1.52000712e-03
   8.99088045e-01  6.93594671e-03 -6.12279278e-02]
 [ 0.00000000e+00  9.99996244e-01 -9.47541593e-04 -9.99998744e-01
  -1.16972805e-03  9.99908971e-01  1.19765292e-02]
 [ 1.00000000e+00  2.22044605e-16  9.38334891e-01 -4.49768880e-04
  -4.37766283e-01  1.15733107e-02 -9.98051954e-01]]
23:16:11 - Time: 1753132571.413, tau: [ 2.43086459e-03  7.35406313e-01  4.68927711e-05 -4.64730383e-01
 -1.69705070e-03 -3.83071026e-02 -1.36275563e-05]
23:16:11 - Time: 1753132571.413, tau + g: [ 2.42816230e-03 -3.93932124e+01 -2.79021925e-01  2.01824471e+01
 -6.30668833e-01  3.58664380e-02 -1.34059369e-05]
23:16:11 - Time: 1753132571.419, current_contact_force: 10.86964580572227
23:16:11 - Time: 1753132571.419, jac: [[-6.44500900e-04  9.32392946e-02 -6.93239148e-04  3.00861477e-01
   8.09345901e-04 -1.25760837e-01 -5.42101086e-19]
 [ 4.97129173e-01 -2.55928335e-04  4.34238919e-01 -6.16667527e-04
   1.16439827e-01  7.84603608e-04  0.00000000e+00]
 [ 0.00000000e+00 -4.97125531e-01  6.94576102e-04  3.51923087e-01
   1.35040079e-03  7.71986327e-03  0.00000000e+00]
 [ 0.00000000e+00  2.74484457e-03  3.45723935e-01 -1.52314458e-03
   8.99087947e-01  6.95012997e-03 -6.11909459e-02]
 [ 0.00000000e+00  9.99996233e-01 -9.48962042e-04 -9.99998739e-01
  -1.17239049e-03  9.99908606e-01  1.20001679e-02]
 [ 1.00000000e+00  2.22044605e-16  9.38335793e-01 -4.50130229e-04
  -4.37766477e-01  1.15963533e-02 -9.98053938e-01]]
23:16:11 - Time: 1753132571.419, tau: [ 2.37531485e-03  7.35776979e-01  3.78641440e-06 -4.64791093e-01
 -1.71393921e-03 -3.82691588e-02 -1.36299579e-05]
23:16:11 - Time: 1753132571.419, tau + g: [ 2.37272270e-03 -3.93927391e+01 -2.79044766e-01  2.01824209e+01
 -6.30659949e-01  3.58600259e-02 -1.34080498e-05]
23:16:11 - Time: 1753132571.423, current_contact_force: 10.869214570886001
23:16:11 - Time: 1753132571.423, jac: [[-6.45814169e-04  9.32393445e-02 -6.94604077e-04  3.00861812e-01
   8.10980488e-04 -1.25761111e-01  2.16840434e-19]
 [ 4.97132754e-01 -2.56312129e-04  4.34242952e-01 -6.17737925e-04
   1.16437995e-01  7.86261153e-04  0.00000000e+00]
 [ 0.00000000e+00 -4.97129101e-01  6.95735705e-04  3.51927711e-01
   1.35305581e-03  7.71522887e-03  0.00000000e+00]
 [ 0.00000000e+00  2.74895928e-03  3.45721436e-01 -1.52627295e-03
   8.99087841e-01  6.96427378e-03 -6.11538500e-02]
 [ 0.00000000e+00  9.99996222e-01 -9.50377740e-04 -9.99998734e-01
  -1.17504545e-03  9.99908241e-01  1.20237381e-02]
 [ 1.00000000e+00  2.22044605e-16  9.38336712e-01 -4.50489951e-04
  -4.37766688e-01  1.16193315e-02 -9.98055928e-01]]
23:16:11 - Time: 1753132571.423, tau: [ 2.31993654e-03  7.36143969e-01 -3.92343801e-05 -4.64852213e-01
 -1.73076772e-03 -3.82312980e-02 -1.36322605e-05]
23:16:11 - Time: 1753132571.423, tau + g: [ 2.31745241e-03 -3.93922667e+01 -2.79067547e-01  2.01823943e+01
 -6.30651073e-01  3.58533926e-02 -1.34100836e-05]
23:16:11 - Time: 1753132571.433, current_contact_force: 10.868783697675958
23:16:11 - Time: 1753132571.433, jac: [[-6.47123805e-04  9.32393943e-02 -6.95965170e-04  3.00862155e-01
   8.12610400e-04 -1.25761386e-01 -3.25260652e-19]
 [ 4.97136327e-01 -2.56694690e-04  4.34246990e-01 -6.18805053e-04
   1.16436156e-01  7.87914640e-04  0.00000000e+00]
 [ 0.00000000e+00 -4.97132661e-01  6.96891667e-04  3.51932345e-01
   1.35570317e-03  7.71058038e-03  0.00000000e+00]
 [ 0.00000000e+00  2.75306076e-03  3.45718888e-01 -1.52939226e-03
   8.99087726e-01  6.97837827e-03 -6.11166425e-02]
 [ 0.00000000e+00  9.99996210e-01 -9.51788712e-04 -9.99998729e-01
  -1.17769294e-03  9.99907876e-01  1.20472400e-02]
 [ 1.00000000e+00  2.22044605e-16  9.38337649e-01 -4.50848060e-04
  -4.37766917e-01  1.16422453e-02 -9.98057924e-01]]
23:16:11 - Time: 1753132571.433, tau: [ 2.26472900e-03  7.36507319e-01 -8.21695408e-05 -4.64913734e-01
 -1.74753653e-03 -3.81935201e-02 -1.36344649e-05]
23:16:11 - Time: 1753132571.433, tau + g: [ 2.26235078e-03 -3.93917952e+01 -2.79090268e-01  2.01823673e+01
 -6.30642204e-01  3.58465411e-02 -1.34120388e-05]
23:16:11 - Time: 1753132571.437, current_contact_force: 10.86835318264771
23:16:11 - Time: 1753132571.437, jac: [[-6.48429819e-04  9.32394441e-02 -6.97322439e-04  3.00862504e-01
   8.14235655e-04 -1.25761661e-01 -8.67361738e-19]
 [ 4.97139890e-01 -2.57076025e-04  4.34251033e-01 -6.19868924e-04
   1.16434311e-01  7.89564080e-04  5.55111512e-17]
 [ 0.00000000e+00 -4.97136212e-01  6.98044003e-04  3.51936990e-01
   1.35834292e-03  7.70591808e-03  0.00000000e+00]
 [ 0.00000000e+00  2.75714908e-03  3.45716294e-01 -1.53250255e-03
   8.99087604e-01  6.99244358e-03 -6.10793257e-02]
 [ 0.00000000e+00  9.99996199e-01 -9.53194984e-04 -9.99998724e-01
  -1.18033301e-03  9.99907511e-01  1.20706739e-02]
 [ 1.00000000e+00  3.33066907e-16  9.38338604e-01 -4.51204570e-04
  -4.37767161e-01  1.16650949e-02 -9.98059925e-01]]
23:16:11 - Time: 1753132571.437, tau: [ 2.20969153e-03  7.36867064e-01 -1.25019000e-04 -4.64975652e-01
 -1.76424595e-03 -3.81558248e-02 -1.36365719e-05]
23:16:11 - Time: 1753132571.437, tau + g: [ 2.20741717e-03 -3.93913245e+01 -2.79112929e-01  2.01823399e+01
 -6.30633343e-01  3.58394743e-02 -1.34139156e-05]
23:16:11 - Time: 1753132571.443, current_contact_force: 10.867923022395427
23:16:11 - Time: 1753132571.443, jac: [[-6.49732220e-04  9.32394939e-02 -6.98675897e-04  3.00862862e-01
   8.15856267e-04 -1.25761937e-01 -3.25260652e-19]
 [ 4.97143443e-01 -2.57456139e-04  4.34255079e-01 -6.20929553e-04
   1.16432459e-01  7.91209483e-04  1.11022302e-16]
 [ 0.00000000e+00 -4.97139754e-01  6.99192729e-04  3.51941645e-01
   1.36097507e-03  7.70124228e-03  8.67361738e-19]
 [ 0.00000000e+00  2.76122431e-03  3.45713652e-01 -1.53560384e-03
   8.99087473e-01  7.00646982e-03 -6.10419019e-02]
 [ 0.00000000e+00  9.99996188e-01 -9.54596580e-04 -9.99998719e-01
  -1.18296566e-03  9.99907147e-01  1.20940401e-02]
 [ 1.00000000e+00  0.00000000e+00  9.38339576e-01 -4.51559494e-04
  -4.37767423e-01  1.16878808e-02 -9.98061932e-01]]
23:16:11 - Time: 1753132571.443, tau: [ 2.15482349e-03  7.37223240e-01 -1.67782692e-04 -4.65037959e-01
 -1.78089628e-03 -3.81182120e-02 -1.36385820e-05]
23:16:11 - Time: 1753132571.443, tau + g: [ 2.15265095e-03 -3.93908548e+01 -2.79135531e-01  2.01823120e+01
 -6.30624490e-01  3.58321954e-02 -1.34157145e-05]
23:16:11 - Time: 1753132571.449, current_contact_force: 10.86749321355312
23:16:11 - Time: 1753132571.449, jac: [[-6.51031020e-04  9.32395436e-02 -7.00025555e-04  3.00863226e-01
   8.17472252e-04 -1.25762214e-01 -2.16840434e-19]
 [ 4.97146988e-01 -2.57835039e-04  4.34259129e-01 -6.21986954e-04
   1.16430602e-01  7.92850861e-04  5.55111512e-17]
 [ 0.00000000e+00 -4.97143287e-01  7.00337863e-04  3.51946311e-01
   1.36359965e-03  7.69655324e-03  0.00000000e+00]
 [ 0.00000000e+00  2.76528652e-03  3.45710965e-01 -1.53869617e-03
   8.99087335e-01  7.02045714e-03 -6.10043733e-02]
 [ 0.00000000e+00  9.99996177e-01 -9.55993524e-04 -9.99998714e-01
  -1.18559092e-03  9.99906783e-01  1.21173386e-02]
 [ 1.00000000e+00  1.11022302e-16  9.38340565e-01 -4.51912847e-04
  -4.37767700e-01  1.17106029e-02 -9.98063944e-01]]
23:16:11 - Time: 1753132571.449, tau: [ 2.10012419e-03  7.37575881e-01 -2.10460557e-04 -4.65100650e-01
 -1.79748783e-03 -3.80806813e-02 -1.36404962e-05]
23:16:11 - Time: 1753132571.449, tau + g: [ 2.09805148e-03 -3.93903859e+01 -2.79158074e-01  2.01822837e+01
 -6.30615645e-01  3.58247072e-02 -1.34174359e-05]
23:16:11 - Time: 1753132571.453, current_contact_force: 10.867063752799533
23:16:11 - Time: 1753132571.453, jac: [[-6.52326228e-04  9.32395933e-02 -7.01371426e-04  3.00863597e-01
   8.19083626e-04 -1.25762491e-01 -8.67361738e-19]
 [ 4.97150523e-01 -2.58212730e-04  4.34263184e-01 -6.23041140e-04
   1.16428738e-01  7.94488225e-04 -5.55111512e-17]
 [ 0.00000000e+00 -4.97146810e-01  7.01479418e-04  3.51950986e-01
   1.36621669e-03  7.69185126e-03 -8.67361738e-19]
 [ 0.00000000e+00  2.76933576e-03  3.45708232e-01 -1.54177958e-03
   8.99087188e-01  7.03440565e-03 -6.09667422e-02]
 [ 0.00000000e+00  9.99996165e-01 -9.57385841e-04 -9.99998709e-01
  -1.18820881e-03  9.99906419e-01  1.21405699e-02]
 [ 1.00000000e+00  0.00000000e+00  9.38341570e-01 -4.52264642e-04
  -4.37767994e-01  1.17332616e-02 -9.98065961e-01]]
23:16:11 - Time: 1753132571.453, tau: [ 2.04559297e-03  7.37925023e-01 -2.53052537e-04 -4.65163718e-01
 -1.81402089e-03 -3.80432327e-02 -1.36423150e-05]
23:16:11 - Time: 1753132571.453, tau + g: [ 2.04361815e-03 -3.93899180e+01 -2.79180557e-01  2.01822550e+01
 -6.30606808e-01  3.58170126e-02 -1.34190800e-05]
23:16:11 - Time: 1753132571.459, current_contact_force: 10.866634636856828
23:16:11 - Time: 1753132571.459, jac: [[-6.53617856e-04  9.32396429e-02 -7.02713521e-04  3.00863975e-01
   8.20690404e-04 -1.25762769e-01 -4.33680869e-19]
 [ 4.97154049e-01 -2.58589220e-04  4.34267242e-01 -6.24092126e-04
   1.16426869e-01  7.96121585e-04  5.55111512e-17]
 [ 0.00000000e+00 -4.97150324e-01  7.02617412e-04  3.51955670e-01
   1.36882622e-03  7.68713660e-03  8.67361738e-19]
 [ 0.00000000e+00  2.77337212e-03  3.45705454e-01 -1.54485408e-03
   8.99087034e-01  7.04831548e-03 -6.09290107e-02]
 [ 0.00000000e+00  9.99996154e-01 -9.58773554e-04 -9.99998704e-01
  -1.19081936e-03  9.99906056e-01  1.21637341e-02]
 [ 1.00000000e+00  2.22044605e-16  9.38342592e-01 -4.52614892e-04
  -4.37768303e-01  1.17558570e-02 -9.98067983e-01]]
23:16:11 - Time: 1753132571.459, tau: [ 1.99122917e-03  7.38270700e-01 -2.95558578e-04 -4.65227158e-01
 -1.83049577e-03 -3.80058658e-02 -1.36440391e-05]
23:16:11 - Time: 1753132571.459, tau + g: [ 1.98935031e-03 -3.93894509e+01 -2.79202980e-01  2.01822259e+01
 -6.30597979e-01  3.58091145e-02 -1.34206474e-05]
23:16:11 - Time: 1753132571.463, current_contact_force: 10.866205862474324
23:16:11 - Time: 1753132571.463, jac: [[-6.54905914e-04  9.32396925e-02 -7.04051852e-04  3.00864361e-01
   8.22292603e-04 -1.25763048e-01 -4.33680869e-19]
 [ 4.97157566e-01 -2.58964514e-04  4.34271303e-01 -6.25139926e-04
   1.16424994e-01  7.97750954e-04  5.55111512e-17]
 [ 0.00000000e+00 -4.97153829e-01  7.03751860e-04  3.51960364e-01
   1.37142826e-03  7.68240954e-03  0.00000000e+00]
 [ 0.00000000e+00  2.77739564e-03  3.45702632e-01 -1.54791972e-03
   8.99086872e-01  7.06218676e-03 -6.08911811e-02]
 [ 0.00000000e+00  9.99996143e-01 -9.60156688e-04 -9.99998699e-01
  -1.19342259e-03  9.99905693e-01  1.21868314e-02]
 [ 1.00000000e+00  1.11022302e-16  9.38343630e-01 -4.52963611e-04
  -4.37768628e-01  1.17783894e-02 -9.98070010e-01]]
23:16:11 - Time: 1753132571.463, tau: [ 1.93703213e-03  7.38612947e-01 -3.37978629e-04 -4.65290963e-01
 -1.84691276e-03 -3.79685806e-02 -1.36456692e-05]
23:16:11 - Time: 1753132571.463, tau + g: [ 1.93524733e-03 -3.93889848e+01 -2.79225344e-01  2.01821963e+01
 -6.30589159e-01  3.58010157e-02 -1.34221382e-05]
23:16:11 - Time: 1753132571.469, current_contact_force: 10.865777426459886
23:16:11 - Time: 1753132571.469, jac: [[-6.56190412e-04  9.32397420e-02 -7.05386432e-04  3.00864752e-01
   8.23890237e-04 -1.25763327e-01 -6.50521303e-19]
 [ 4.97161073e-01 -2.59338619e-04  4.34275369e-01 -6.26184553e-04
   1.16423114e-01  7.99376340e-04  0.00000000e+00]
 [ 0.00000000e+00 -4.97157325e-01  7.04882778e-04  3.51965067e-01
   1.37402283e-03  7.67767036e-03  8.67361738e-19]
 [ 0.00000000e+00  2.78140640e-03  3.45699767e-01 -1.55097652e-03
   8.99086703e-01  7.07601962e-03 -6.08532555e-02]
 [ 0.00000000e+00  9.99996132e-01 -9.61535266e-04 -9.99998694e-01
  -1.19601852e-03  9.99905330e-01  1.22098622e-02]
 [ 1.00000000e+00  2.22044605e-16  9.38344684e-01 -4.53310811e-04
  -4.37768968e-01  1.18008590e-02 -9.98072042e-01]]
23:16:11 - Time: 1753132571.469, tau: [ 1.88300118e-03  7.38951797e-01 -3.80312642e-04 -4.65355128e-01
 -1.86327216e-03 -3.79313767e-02 -1.36472060e-05]
23:16:11 - Time: 1753132571.469, tau + g: [ 1.88130860e-03 -3.93885196e+01 -2.79247649e-01  2.01821664e+01
 -6.30580348e-01  3.57927190e-02 -1.34235530e-05]
23:16:11 - Time: 1753132571.474, current_contact_force: 10.865349325643376
23:16:11 - Time: 1753132571.474, jac: [[-6.57471361e-04  9.32397915e-02 -7.06717271e-04  3.00865151e-01
   8.25483322e-04 -1.25763606e-01 -6.50521303e-19]
 [ 4.97164572e-01 -2.59711539e-04  4.34279437e-01 -6.27226021e-04
   1.16421228e-01  8.00997756e-04  0.00000000e+00]
 [ 0.00000000e+00 -4.97160812e-01  7.06010180e-04  3.51969779e-01
   1.37660996e-03  7.67291931e-03 -8.67361738e-19]
 [ 0.00000000e+00  2.78540446e-03  3.45696860e-01 -1.55402451e-03
   8.99086527e-01  7.08981418e-03 -6.08152360e-02]
 [ 0.00000000e+00  9.99996121e-01 -9.62909311e-04 -9.99998690e-01
  -1.19860717e-03  9.99904968e-01  1.22328265e-02]
 [ 1.00000000e+00  2.22044605e-16  9.38345754e-01 -4.53656506e-04
  -4.37769324e-01  1.18232660e-02 -9.98074078e-01]]
23:16:11 - Time: 1753132571.474, tau: [ 1.82913567e-03  7.39287283e-01 -4.22560572e-04 -4.65419646e-01
 -1.87957426e-03 -3.78942539e-02 -1.36486501e-05]
23:16:11 - Time: 1753132571.474, tau + g: [ 1.82753349e-03 -3.93880553e+01 -2.79269895e-01  2.01821361e+01
 -6.30571545e-01  3.57842273e-02 -1.34248920e-05]
23:16:11 - Time: 1753132571.478, current_contact_force: 10.864921556909643
23:16:11 - Time: 1753132571.478, jac: [[-6.58748770e-04  9.32398410e-02 -7.08044382e-04  3.00865556e-01
   8.27071873e-04 -1.25763887e-01 -5.42101086e-19]
 [ 4.97168061e-01 -2.60083281e-04  4.34283509e-01 -6.28264344e-04
   1.16419337e-01  8.02615211e-04  0.00000000e+00]
 [ 0.00000000e+00 -4.97164290e-01  7.07134083e-04  3.51974500e-01
   1.37918969e-03  7.66815667e-03  0.00000000e+00]
 [ 0.00000000e+00  2.78938989e-03  3.45693910e-01 -1.55706373e-03
   8.99086343e-01  7.10357057e-03 -6.07771246e-02]
 [ 0.00000000e+00  9.99996110e-01 -9.64278847e-04 -9.99998685e-01
  -1.20118857e-03  9.99904606e-01  1.22557247e-02]
 [ 1.00000000e+00  1.11022302e-16  9.38346839e-01 -4.54000708e-04
  -4.37769695e-01  1.18456105e-02 -9.98076119e-01]]
23:16:11 - Time: 1753132571.478, tau: [ 1.77543494e-03  7.39619440e-01 -4.64722379e-04 -4.65484513e-01
 -1.89581934e-03 -3.78572121e-02 -1.36500022e-05]
23:16:11 - Time: 1753132571.478, tau + g: [ 1.77392138e-03 -3.93875919e+01 -2.79292082e-01  2.01821054e+01
 -6.30562750e-01  3.57755432e-02 -1.34261556e-05]
23:16:11 - Time: 1753132571.484, current_contact_force: 10.864494117166226
23:16:11 - Time: 1753132571.484, jac: [[-6.60022651e-04  9.32398904e-02 -7.09367777e-04  3.00865968e-01
   8.28655905e-04 -1.25764167e-01 -7.58941521e-19]
 [ 4.97171542e-01 -2.60453851e-04  4.34287583e-01 -6.29299535e-04
   1.16417440e-01  8.04228718e-04  5.55111512e-17]
 [ 0.00000000e+00 -4.97167759e-01  7.08254501e-04  3.51979229e-01
   1.38176203e-03  7.66338269e-03 -8.67361738e-19]
 [ 0.00000000e+00  2.79336273e-03  3.45690918e-01 -1.56009421e-03
   8.99086152e-01  7.11728891e-03 -6.07389236e-02]
 [ 0.00000000e+00  9.99996099e-01 -9.65643896e-04 -9.99998680e-01
  -1.20376273e-03  9.99904244e-01  1.22785570e-02]
 [ 1.00000000e+00  3.33066907e-16  9.38347940e-01 -4.54343429e-04
  -4.37770080e-01  1.18678929e-02 -9.98078163e-01]]
23:16:11 - Time: 1753132571.484, tau: [ 1.72189835e-03  7.39948300e-01 -5.06798024e-04 -4.65549721e-01
 -1.91200770e-03 -3.78202511e-02 -1.36512630e-05]
23:16:11 - Time: 1753132571.484, tau + g: [ 1.72047164e-03 -3.93871294e+01 -2.79314210e-01  2.01820744e+01
 -6.30553965e-01  3.57666695e-02 -1.34273441e-05]
23:16:11 - Time: 1753132571.490, current_contact_force: 10.864067003373187
23:16:11 - Time: 1753132571.490, jac: [[-6.61293012e-04  9.32399398e-02 -7.10687466e-04  3.00866386e-01
   8.30235433e-04 -1.25764449e-01 -8.67361738e-19]
 [ 4.97175013e-01 -2.60823255e-04  4.34291661e-01 -6.30331607e-04
   1.16415539e-01  8.05838285e-04  5.55111512e-17]
 [ 0.00000000e+00 -4.97171218e-01  7.09371450e-04  3.51983966e-01
   1.38432700e-03  7.65859763e-03  0.00000000e+00]
 [ 0.00000000e+00  2.79732307e-03  3.45687886e-01 -1.56311597e-03
   8.99085953e-01  7.13096932e-03 -6.07006349e-02]
 [ 0.00000000e+00  9.99996087e-01 -9.67004481e-04 -9.99998675e-01
  -1.20632968e-03  9.99903883e-01  1.23013236e-02]
 [ 1.00000000e+00  2.22044605e-16  9.38349056e-01 -4.54684684e-04
  -4.37770480e-01  1.18901133e-02 -9.98080212e-01]]
23:16:11 - Time: 1753132571.490, tau: [ 1.66852523e-03  7.40273895e-01 -5.48787473e-04 -4.65615265e-01
 -1.92813963e-03 -3.77833705e-02 -1.36524330e-05]
23:16:11 - Time: 1753132571.490, tau + g: [ 1.66718365e-03 -3.93866678e+01 -2.79336279e-01  2.01820429e+01
 -6.30545189e-01  3.57576089e-02 -1.34284579e-05]
23:16:11 - Time: 1753132571.494, current_contact_force: 10.86364021252435
23:16:11 - Time: 1753132571.494, jac: [[-6.62559866e-04  9.32399891e-02 -7.12003462e-04  3.00866810e-01
   8.31810473e-04 -1.25764730e-01 -5.42101086e-19]
 [ 4.97178476e-01 -2.61191498e-04  4.34295741e-01 -6.31360573e-04
   1.16413632e-01  8.07443923e-04  0.00000000e+00]
 [ 0.00000000e+00 -4.97174669e-01  7.10484944e-04  3.51988712e-01
   1.38688464e-03  7.65380175e-03 -8.67361738e-19]
 [ 0.00000000e+00  2.80127095e-03  3.45684813e-01 -1.56612906e-03
   8.99085748e-01  7.14461192e-03 -6.06622606e-02]
 [ 0.00000000e+00  9.99996076e-01 -9.68360626e-04 -9.99998670e-01
  -1.20888945e-03  9.99903521e-01  1.23240247e-02]
 [ 1.00000000e+00  0.00000000e+00  9.38350186e-01 -4.55024482e-04
  -4.37770895e-01  1.19122719e-02 -9.98082265e-01]]
23:16:11 - Time: 1753132571.494, tau: [ 1.61531496e-03  7.40596259e-01 -5.90690692e-04 -4.65681141e-01
 -1.94421539e-03 -3.77465703e-02 -1.36535130e-05]
23:16:11 - Time: 1753132571.494, tau + g: [ 1.61405681e-03 -3.93862072e+01 -2.79358290e-01  2.01820111e+01
 -6.30536422e-01  3.57483639e-02 -1.34294973e-05]
23:16:11 - Time: 1753132571.500, current_contact_force: 10.863213741644383
23:16:11 - Time: 1753132571.500, jac: [[-6.63823221e-04  9.32400384e-02 -7.13315776e-04  3.00867240e-01
   8.33381039e-04 -1.25765012e-01 -5.42101086e-19]
 [ 4.97181930e-01 -2.61558586e-04  4.34299824e-01 -6.32386448e-04
   1.16411720e-01  8.09045644e-04  5.55111512e-17]
 [ 0.00000000e+00 -4.97178111e-01  7.11594999e-04  3.51993465e-01
   1.38943497e-03  7.64899529e-03  8.67361738e-19]
 [ 0.00000000e+00  2.80520645e-03  3.45681701e-01 -1.56913348e-03
   8.99085536e-01  7.15821684e-03 -6.06238026e-02]
 [ 0.00000000e+00  9.99996065e-01 -9.69712352e-04 -9.99998665e-01
  -1.21144204e-03  9.99903161e-01  1.23466605e-02]
 [ 1.00000000e+00  0.00000000e+00  9.38351331e-01 -4.55362838e-04
  -4.37771323e-01  1.19343690e-02 -9.98084322e-01]]
23:16:11 - Time: 1753132571.500, tau: [ 1.56226688e-03  7.40915424e-01 -6.32507652e-04 -4.65747341e-01
 -1.96023529e-03 -3.77098502e-02 -1.36545034e-05]
23:16:11 - Time: 1753132571.500, tau + g: [ 1.56109049e-03 -3.93857474e+01 -2.79380242e-01  2.01819789e+01
 -6.30527664e-01  3.57389373e-02 -1.34304627e-05]
23:16:11 - Time: 1753132571.504, current_contact_force: 10.862787587805629
23:16:11 - Time: 1753132571.504, jac: [[-6.65083089e-04  9.32400876e-02 -7.14624420e-04  3.00867677e-01
   8.34947146e-04 -1.25765295e-01 -5.42101086e-19]
 [ 4.97185375e-01 -2.61924524e-04  4.34303909e-01 -6.33409243e-04
   1.16409804e-01  8.10643458e-04  5.55111512e-17]
 [ 0.00000000e+00 -4.97181545e-01  7.12701629e-04  3.51998225e-01
   1.39197801e-03  7.64417852e-03  0.00000000e+00]
 [ 0.00000000e+00  2.80912961e-03  3.45678550e-01 -1.57212929e-03
   8.99085317e-01  7.17178420e-03 -6.05852629e-02]
 [ 0.00000000e+00  9.99996054e-01 -9.71059681e-04 -9.99998660e-01
  -1.21398750e-03  9.99902800e-01  1.23692314e-02]
 [ 1.00000000e+00  2.22044605e-16  9.38352491e-01 -4.55699763e-04
  -4.37771766e-01  1.19564046e-02 -9.98086383e-01]]
23:16:11 - Time: 1753132571.504, tau: [ 1.50938034e-03  7.41231420e-01 -6.74238328e-04 -4.65813861e-01
 -1.97619959e-03 -3.76732100e-02 -1.36554050e-05]
23:16:11 - Time: 1753132571.504, tau + g: [ 1.50828409e-03 -3.93852886e+01 -2.79402135e-01  2.01819464e+01
 -6.30518915e-01  3.57293317e-02 -1.34313543e-05]
23:16:11 - Time: 1753132571.513, current_contact_force: 10.862361748109262
23:16:11 - Time: 1753132571.513, jac: [[-6.66339478e-04  9.32401368e-02 -7.15929405e-04  3.00868119e-01
   8.36508810e-04 -1.25765578e-01 -5.42101086e-19]
 [ 4.97188811e-01 -2.62289319e-04  4.34307997e-01 -6.34428972e-04
   1.16407882e-01  8.12237374e-04 -5.55111512e-17]
 [ 0.00000000e+00 -4.97184969e-01  7.13804849e-04  3.52002993e-01
   1.39451380e-03  7.63935167e-03 -8.67361738e-19]
 [ 0.00000000e+00  2.81304050e-03  3.45675360e-01 -1.57511650e-03
   8.99085091e-01  7.18531412e-03 -6.05466435e-02]
 [ 0.00000000e+00  9.99996043e-01 -9.72402636e-04 -9.99998656e-01
  -1.21652583e-03  9.99902440e-01  1.23917374e-02]
 [ 1.00000000e+00  2.22044605e-16  9.38353665e-01 -4.56035268e-04
  -4.37772223e-01  1.19783791e-02 -9.98088447e-01]]
23:16:11 - Time: 1753132571.513, tau: [ 1.45665472e-03  7.41544281e-01 -7.15882696e-04 -4.65880695e-01
 -1.99210858e-03 -3.76366495e-02 -1.36562184e-05]
23:16:11 - Time: 1753132571.513, tau + g: [ 1.45563699e-03 -3.93848307e+01 -2.79423969e-01  2.01819135e+01
 -6.30510176e-01  3.57195495e-02 -1.34321725e-05]
23:16:11 - Time: 1753132571.520, current_contact_force: 10.861936219698228
23:16:11 - Time: 1753132571.520, jac: [[-6.67592399e-04  9.32401860e-02 -7.17230742e-04  3.00868567e-01
   8.38066044e-04 -1.25765861e-01 -3.25260652e-19]
 [ 4.97192238e-01 -2.62652976e-04  4.34312087e-01 -6.35445647e-04
   1.16405956e-01  8.13827403e-04  5.55111512e-17]
 [ 0.00000000e+00 -4.97188385e-01  7.14904674e-04  3.52007768e-01
   1.39704234e-03  7.63451498e-03  0.00000000e+00]
 [ 0.00000000e+00  2.81693919e-03  3.45672132e-01 -1.57809515e-03
   8.99084859e-01  7.19880672e-03 -6.05079464e-02]
 [ 0.00000000e+00  9.99996032e-01 -9.73741239e-04 -9.99998651e-01
  -1.21905706e-03  9.99902080e-01  1.24141789e-02]
 [ 1.00000000e+00  1.11022302e-16  9.38354852e-01 -4.56369366e-04
  -4.37772693e-01  1.20002927e-02 -9.98090515e-01]]
23:16:11 - Time: 1753132571.520, tau: [ 1.40408938e-03  7.41854037e-01 -7.57440735e-04 -4.65947838e-01
 -2.00796252e-03 -3.76001685e-02 -1.36569441e-05]
23:16:11 - Time: 1753132571.520, tau + g: [ 1.40314858e-03 -3.93843737e+01 -2.79445746e-01  2.01818803e+01
 -6.30501447e-01  3.57095934e-02 -1.34329177e-05]
23:16:11 - Time: 1753132571.528, current_contact_force: 10.86151099974695
23:16:11 - Time: 1753132571.528, jac: [[-6.68841863e-04  9.32402351e-02 -7.18528443e-04  3.00869022e-01
   8.39618864e-04 -1.25766145e-01 -5.42101086e-19]
 [ 4.97195656e-01 -2.63015500e-04  4.34316179e-01 -6.36459282e-04
   1.16404026e-01  8.15413556e-04 -5.55111512e-17]
 [ 0.00000000e+00 -4.97191791e-01  7.16001117e-04  3.52012550e-01
   1.39956368e-03  7.62966870e-03  0.00000000e+00]
 [ 0.00000000e+00  2.82082572e-03  3.45668867e-01 -1.58106527e-03
   8.99084620e-01  7.21226212e-03 -6.04691734e-02]
 [ 0.00000000e+00  9.99996021e-01 -9.75075511e-04 -9.99998646e-01
  -1.22158120e-03  9.99901721e-01  1.24365560e-02]
 [ 1.00000000e+00  1.11022302e-16  9.38356054e-01 -4.56702068e-04
  -4.37773177e-01  1.20221454e-02 -9.98092586e-01]]
23:16:11 - Time: 1753132571.528, tau: [ 1.35168367e-03  7.42160719e-01 -7.98912427e-04 -4.66015285e-01
 -2.02376170e-03 -3.75637668e-02 -1.36575827e-05]
23:16:11 - Time: 1753132571.528, tau + g: [ 1.35081827e-03 -3.93839177e+01 -2.79467464e-01  2.01818467e+01
 -6.30492727e-01  3.56994658e-02 -1.34335901e-05]
23:16:11 - Time: 1753132571.535, current_contact_force: 10.861086085470287
23:16:11 - Time: 1753132571.535, jac: [[-6.70087878e-04  9.32402842e-02 -7.19822519e-04  3.00869481e-01
   8.41167284e-04 -1.25766429e-01 -9.75781955e-19]
 [ 4.97199066e-01 -2.63376897e-04  4.34320273e-01 -6.37469889e-04
   1.16402091e-01  8.16995843e-04  0.00000000e+00]
 [ 0.00000000e+00 -4.97195190e-01  7.17094195e-04  3.52017339e-01
   1.40207783e-03  7.62481307e-03 -8.67361738e-19]
 [ 0.00000000e+00  2.82470016e-03  3.45665565e-01 -1.58402688e-03
   8.99084374e-01  7.22568044e-03 -6.04303264e-02]
 [ 0.00000000e+00  9.99996011e-01 -9.76405474e-04 -9.99998641e-01
  -1.22409830e-03  9.99901362e-01  1.24588690e-02]
 [ 1.00000000e+00  3.33066907e-16  9.38357269e-01 -4.57033386e-04
  -4.37773673e-01  1.20439376e-02 -9.98094661e-01]]
23:16:11 - Time: 1753132571.535, tau: [ 1.29943697e-03  7.42464358e-01 -8.40297757e-04 -4.66083029e-01
 -2.03950639e-03 -3.75274442e-02 -1.36581348e-05]
23:16:11 - Time: 1753132571.535, tau + g: [ 1.29864544e-03 -3.93834626e+01 -2.79489124e-01  2.01818128e+01
 -6.30484017e-01  3.56891692e-02 -1.34341901e-05]
23:16:11 - Time: 1753132571.541, current_contact_force: 10.86066147411413
23:16:11 - Time: 1753132571.541, jac: [[-6.71330456e-04  9.32403333e-02 -7.21112981e-04  3.00869947e-01
   8.42711319e-04 -1.25766714e-01 -6.50521303e-19]
 [ 4.97202467e-01 -2.63737172e-04  4.34324370e-01 -6.38477481e-04
   1.16400152e-01  8.18574273e-04 -5.55111512e-17]
 [ 0.00000000e+00 -4.97198579e-01  7.18183920e-04  3.52022135e-01
   1.40458481e-03  7.61994831e-03  0.00000000e+00]
 [ 0.00000000e+00  2.82856257e-03  3.45662227e-01 -1.58698002e-03
   8.99084123e-01  7.23906180e-03 -6.03914072e-02]
 [ 0.00000000e+00  9.99996000e-01 -9.77731148e-04 -9.99998636e-01
  -1.22660835e-03  9.99901003e-01  1.24811181e-02]
 [ 1.00000000e+00  2.22044605e-16  9.38358497e-01 -4.57363331e-04
  -4.37774184e-01  1.20656695e-02 -9.98096739e-01]]
23:16:11 - Time: 1753132571.541, tau: [ 1.24734866e-03  7.42764985e-01 -8.81596713e-04 -4.66151067e-01
 -2.05519685e-03 -3.74912005e-02 -1.36586010e-05]
23:16:11 - Time: 1753132571.541, tau + g: [ 1.24662949e-03 -3.93830084e+01 -2.79510725e-01  2.01817785e+01
 -6.30475317e-01  3.56787061e-02 -1.34347180e-05]
23:16:11 - Time: 1753132571.548, current_contact_force: 10.860237162967906
23:16:11 - Time: 1753132571.548, jac: [[-6.72569606e-04  9.32403823e-02 -7.22399840e-04  3.00870418e-01
   8.44250983e-04 -1.25766999e-01 -7.58941521e-19]
 [ 4.97205859e-01 -2.64096330e-04  4.34328467e-01 -6.39482069e-04
   1.16398209e-01  8.20148857e-04 -5.55111512e-17]
 [ 0.00000000e+00 -4.97201960e-01  7.19270306e-04  3.52026936e-01
   1.40708466e-03  7.61507466e-03  8.67361738e-19]
 [ 0.00000000e+00  2.83241300e-03  3.45658853e-01 -1.58992471e-03
   8.99083865e-01  7.25240631e-03 -6.03524178e-02]
 [ 0.00000000e+00  9.99995989e-01 -9.79052557e-04 -9.99998631e-01
  -1.22911139e-03  9.99900644e-01  1.25033035e-02]
 [ 1.00000000e+00  2.22044605e-16  9.38359738e-01 -4.57691915e-04
  -4.37774707e-01  1.20873411e-02 -9.98098819e-01]]
23:16:11 - Time: 1753132571.548, tau: [ 1.19541810e-03  7.43062629e-01 -9.22809285e-04 -4.66219392e-01
 -2.07083335e-03 -3.74550355e-02 -1.36589819e-05]
23:16:11 - Time: 1753132571.548, tau + g: [ 1.19476983e-03 -3.93825551e+01 -2.79532269e-01  2.01817439e+01
 -6.30466627e-01  3.56680790e-02 -1.34351740e-05]
23:16:11 - Time: 1753132571.552, current_contact_force: 10.859813149340788
23:16:11 - Time: 1753132571.552, jac: [[-6.73805338e-04  9.32404312e-02 -7.23683109e-04  3.00870895e-01
   8.45786291e-04 -1.25767284e-01 -4.33680869e-19]
 [ 4.97209243e-01 -2.64454378e-04  4.34332567e-01 -6.40483668e-04
   1.16396261e-01  8.21719605e-04  0.00000000e+00]
 [ 0.00000000e+00 -4.97205332e-01  7.20353369e-04  3.52031744e-01
   1.40957739e-03  7.61019235e-03  0.00000000e+00]
 [ 0.00000000e+00  2.83625151e-03  3.45655444e-01 -1.59286098e-03
   8.99083600e-01  7.26571410e-03 -6.03133599e-02]
 [ 0.00000000e+00  9.99995978e-01 -9.80369719e-04 -9.99998627e-01
  -1.23160743e-03  9.99900286e-01  1.25254253e-02]
 [ 1.00000000e+00  1.11022302e-16  9.38360993e-01 -4.58019148e-04
  -4.37775242e-01  1.21089528e-02 -9.98100903e-01]]
23:16:11 - Time: 1753132571.552, tau: [ 1.14364467e-03  7.43357321e-01 -9.63935466e-04 -4.66288000e-01
 -2.08641617e-03 -3.74189490e-02 -1.36592781e-05]
23:16:11 - Time: 1753132571.552, tau + g: [ 1.14306585e-03 -3.93821027e+01 -2.79553755e-01  2.01817090e+01
 -6.30457947e-01  3.56572901e-02 -1.34355586e-05]
23:16:11 - Time: 1753132571.561, current_contact_force: 10.859389430592028
23:16:11 - Time: 1753132571.561, jac: [[-6.75037661e-04  9.32404802e-02 -7.24962797e-04  3.00871377e-01
   8.47317256e-04 -1.25767570e-01 -7.58941521e-19]
 [ 4.97212619e-01 -2.64811319e-04  4.34336668e-01 -6.41482288e-04
   1.16394309e-01  8.23286527e-04 -5.55111512e-17]
 [ 0.00000000e+00 -4.97208696e-01  7.21433122e-04  3.52036558e-01
   1.41206303e-03  7.60530161e-03 -8.67361738e-19]
 [ 0.00000000e+00  2.84007816e-03  3.45652001e-01 -1.59578887e-03
   8.99083330e-01  7.27898527e-03 -6.02742354e-02]
 [ 0.00000000e+00  9.99995967e-01 -9.81682656e-04 -9.99998622e-01
  -1.23409651e-03  9.99899929e-01  1.25474840e-02]
 [ 1.00000000e+00  3.33066907e-16  9.38362260e-01 -4.58345041e-04
  -4.37775791e-01  1.21305047e-02 -9.98102989e-01]]
23:16:11 - Time: 1753132571.561, tau: [ 1.09202775e-03  7.43649091e-01 -1.00497525e-03 -4.66356886e-01
 -2.10194555e-03 -3.73829408e-02 -1.36594899e-05]
23:16:11 - Time: 1753132571.561, tau + g: [ 1.09151697e-03 -3.93816513e+01 -2.79575183e-01  2.01816738e+01
 -6.30449277e-01  3.56463419e-02 -1.34358719e-05]
23:16:11 - Time: 1753132571.568, current_contact_force: 10.858966004103483
23:16:11 - Time: 1753132571.568, jac: [[-6.76266586e-04  9.32405291e-02 -7.26238915e-04  3.00871864e-01
   8.48843893e-04 -1.25767856e-01 -4.33680869e-19]
 [ 4.97215985e-01 -2.65167160e-04  4.34340770e-01 -6.42477942e-04
   1.16392354e-01  8.24849634e-04  0.00000000e+00]
 [ 0.00000000e+00 -4.97212051e-01  7.22509579e-04  3.52041377e-01
   1.41454160e-03  7.60040266e-03  0.00000000e+00]
 [ 0.00000000e+00  2.84389300e-03  3.45648523e-01 -1.59870839e-03
   8.99083053e-01  7.29221995e-03 -6.02350459e-02]
 [ 0.00000000e+00  9.99995956e-01 -9.82991389e-04 -9.99998617e-01
  -1.23657863e-03  9.99899571e-01  1.25694795e-02]
 [ 1.00000000e+00  0.00000000e+00  9.38363539e-01 -4.58669606e-04
  -4.37776351e-01  1.21519971e-02 -9.98105078e-01]]
23:16:11 - Time: 1753132571.568, tau: [ 1.04056673e-03  7.43937967e-01 -1.04592864e-03 -4.66426044e-01
 -2.11742177e-03 -3.73470106e-02 -1.36596182e-05]
23:16:11 - Time: 1753132571.568, tau + g: [ 1.04012259e-03 -3.93812008e+01 -2.79596554e-01  2.01816382e+01
 -6.30440618e-01  3.56352367e-02 -1.34361144e-05]
23:16:11 - Time: 1753132571.575, current_contact_force: 10.858542867299223
23:16:11 - Time: 1753132571.575, jac: [[-6.77492123e-04  9.32405779e-02 -7.27511476e-04  3.00872356e-01
   8.50366217e-04 -1.25768142e-01 -5.42101086e-19]
 [ 4.97219343e-01 -2.65521905e-04  4.34344874e-01 -6.43470643e-04
   1.16390394e-01  8.26408934e-04  0.00000000e+00]
 [ 0.00000000e+00 -4.97215398e-01  7.23582753e-04  3.52046203e-01
   1.41701313e-03  7.59549571e-03 -8.67361738e-19]
 [ 0.00000000e+00  2.84769608e-03  3.45645012e-01 -1.60161959e-03
   8.99082771e-01  7.30541825e-03 -6.01957934e-02]
 [ 0.00000000e+00  9.99995945e-01 -9.84295938e-04 -9.99998612e-01
  -1.23905382e-03  9.99899214e-01  1.25914123e-02]
 [ 1.00000000e+00  2.22044605e-16  9.38364831e-01 -4.58992852e-04
  -4.37776924e-01  1.21734300e-02 -9.98107170e-01]]
23:16:11 - Time: 1753132571.575, tau: [ 9.89260995e-04  7.44223978e-01 -1.08679562e-03 -4.66495470e-01
 -2.13284509e-03 -3.73111584e-02 -1.36596633e-05]
23:16:11 - Time: 1753132571.575, tau + g: [ 9.88882119e-04 -3.93807513e+01 -2.79617867e-01  2.01816024e+01
 -6.30431969e-01  3.56239769e-02 -1.34362862e-05]
23:16:11 - Time: 1753132571.583, current_contact_force: 10.85812001762882
23:16:11 - Time: 1753132571.583, jac: [[-6.78714281e-04  9.32406268e-02 -7.28780489e-04  3.00872854e-01
   8.51884241e-04 -1.25768428e-01 -8.67361738e-19]
 [ 4.97222693e-01 -2.65875560e-04  4.34348979e-01 -6.44460402e-04
   1.16388431e-01  8.27964437e-04  0.00000000e+00]
 [ 0.00000000e+00 -4.97218736e-01  7.24652659e-04  3.52051033e-01
   1.41947765e-03  7.59058100e-03  0.00000000e+00]
 [ 0.00000000e+00  2.85148748e-03  3.45641468e-01 -1.60452248e-03
   8.99082483e-01  7.31858029e-03 -6.01564794e-02]
 [ 0.00000000e+00  9.99995935e-01 -9.85596324e-04 -9.99998607e-01
  -1.24152210e-03  9.99898857e-01  1.26132823e-02]
 [ 1.00000000e+00  3.33066907e-16  9.38366136e-01 -4.59314792e-04
  -4.37777510e-01  1.21948037e-02 -9.98109264e-01]]
23:16:11 - Time: 1753132571.583, tau: [ 9.38109926e-04  7.44507155e-01 -1.12757622e-03 -4.66565158e-01
 -2.14821576e-03 -3.72753838e-02 -1.36596258e-05]
23:16:11 - Time: 1753132571.583, tau + g: [ 9.37794973e-04 -3.93803026e+01 -2.79639122e-01  2.01815662e+01
 -6.30423330e-01  3.56125647e-02 -1.34363878e-05]
23:16:11 - Time: 1753132571.589, current_contact_force: 10.857697452580481
23:16:11 - Time: 1753132571.589, jac: [[-6.79933069e-04  9.32406756e-02 -7.30045966e-04  3.00873357e-01
   8.53397980e-04 -1.25768715e-01 -1.08420217e-19]
 [ 4.97226035e-01 -2.66228130e-04  4.34353085e-01 -6.45447231e-04
   1.16386465e-01  8.29516154e-04  0.00000000e+00]
 [ 0.00000000e+00 -4.97222066e-01  7.25719309e-04  3.52055869e-01
   1.42193516e-03  7.58565872e-03 -8.67361738e-19]
 [ 0.00000000e+00  2.85526723e-03  3.45637891e-01 -1.60741710e-03
   8.99082189e-01  7.33170618e-03 -6.01171057e-02]
 [ 0.00000000e+00  9.99995924e-01 -9.86892566e-04 -9.99998602e-01
  -1.24398349e-03  9.99898501e-01  1.26350900e-02]
 [ 1.00000000e+00  0.00000000e+00  9.38367452e-01 -4.59635434e-04
  -4.37778106e-01  1.22161185e-02 -9.98111361e-01]]
23:16:11 - Time: 1753132571.589, tau: [ 8.87112918e-04  7.44787525e-01 -1.16827042e-03 -4.66635105e-01
 -2.16353404e-03 -3.72396867e-02 -1.36595062e-05]
23:16:11 - Time: 1753132571.589, tau + g: [ 8.86860565e-04 -3.93798549e+01 -2.79660320e-01  2.01815298e+01
 -6.30414702e-01  3.56010024e-02 -1.34364193e-05]
23:16:11 - Time: 1753132571.596, current_contact_force: 10.85727516967399
23:16:11 - Time: 1753132571.596, jac: [[-6.81148499e-04  9.32407243e-02 -7.31307918e-04  3.00873864e-01
   8.54907447e-04 -1.25769002e-01 -1.19262239e-18]
 [ 4.97229367e-01 -2.66579620e-04  4.34357192e-01 -6.46431143e-04
   1.16384494e-01  8.31064095e-04  0.00000000e+00]
 [ 0.00000000e+00 -4.97225388e-01  7.26782718e-04  3.52060710e-01
   1.42438571e-03  7.58072910e-03  0.00000000e+00]
 [ 0.00000000e+00  2.85903539e-03  3.45634283e-01 -1.61030347e-03
   8.99081889e-01  7.34479603e-03 -6.00776740e-02]
 [ 0.00000000e+00  9.99995913e-01 -9.88184685e-04 -9.99998598e-01
  -1.24643801e-03  9.99898145e-01  1.26568355e-02]
 [ 1.00000000e+00  2.22044605e-16  9.38368779e-01 -4.59954790e-04
  -4.37778715e-01  1.22373744e-02 -9.98113459e-01]]
23:16:11 - Time: 1753132571.596, tau: [ 8.36269363e-04  7.45065116e-01 -1.20887824e-03 -4.66705304e-01
 -2.17880019e-03 -3.72040670e-02 -1.36593051e-05]
23:16:11 - Time: 1753132571.596, tau + g: [ 8.36078313e-04 -3.93794081e+01 -2.79681461e-01  2.01814930e+01
 -6.30406085e-01  3.55892922e-02 -1.34363811e-05]
23:16:11 - Time: 1753132571.600, current_contact_force: 10.856853166458205
23:16:11 - Time: 1753132571.600, jac: [[-6.82360578e-04  9.32407730e-02 -7.32566354e-04  3.00874377e-01
   8.56412656e-04 -1.25769289e-01 -8.67361738e-19]
 [ 4.97232692e-01 -2.66930035e-04  4.34361300e-01 -6.47412149e-04
   1.16382520e-01  8.32608268e-04  5.55111512e-17]
 [ 0.00000000e+00 -4.97228701e-01  7.27842899e-04  3.52065555e-01
   1.42682930e-03  7.57579235e-03  0.00000000e+00]
 [ 0.00000000e+00  2.86279202e-03  3.45630643e-01 -1.61318162e-03
   8.99081583e-01  7.35784996e-03 -6.00381860e-02]
 [ 0.00000000e+00  9.99995902e-01 -9.89472700e-04 -9.99998593e-01
  -1.24888569e-03  9.99897790e-01  1.26785190e-02]
 [ 1.00000000e+00  1.11022302e-16  9.38370119e-01 -4.60272870e-04
  -4.37779335e-01  1.22585717e-02 -9.98115560e-01]]
23:16:11 - Time: 1753132571.600, tau: [ 7.85578661e-04  7.45339957e-01 -1.24939969e-03 -4.66775752e-01
 -2.19401446e-03 -3.71685243e-02 -1.36590230e-05]
23:16:11 - Time: 1753132571.600, tau + g: [ 7.85447636e-04 -3.93789623e+01 -2.79702545e-01  2.01814560e+01
 -6.30397478e-01  3.55774364e-02 -1.34362736e-05]
23:16:11 - Time: 1753132571.608, current_contact_force: 10.856431440517493
23:16:11 - Time: 1753132571.608, jac: [[-6.83569318e-04  9.32408217e-02 -7.33821287e-04  3.00874894e-01
   8.57913622e-04 -1.25769577e-01 -4.33680869e-19]
 [ 4.97236008e-01 -2.67279379e-04  4.34365408e-01 -6.48390260e-04
   1.16380543e-01  8.34148685e-04 -5.55111512e-17]
 [ 0.00000000e+00 -4.97232006e-01  7.28899866e-04  3.52070406e-01
   1.42926597e-03  7.57084867e-03  0.00000000e+00]
 [ 0.00000000e+00  2.86653717e-03  3.45626972e-01 -1.61605158e-03
   8.99081273e-01  7.37086808e-03 -5.99986433e-02]
 [ 0.00000000e+00  9.99995891e-01 -9.90756631e-04 -9.99998588e-01
  -1.25132654e-03  9.99897434e-01  1.27001406e-02]
 [ 1.00000000e+00  1.11022302e-16  9.38371469e-01 -4.60589684e-04
  -4.37779967e-01  1.22797105e-02 -9.98117663e-01]]
23:16:11 - Time: 1753132571.608, tau: [ 7.35040209e-04  7.45612075e-01 -1.28983477e-03 -4.66846444e-01
 -2.20917709e-03 -3.71330586e-02 -1.36586603e-05]
23:16:11 - Time: 1753132571.608, tau + g: [ 7.34967958e-04 -3.93785174e+01 -2.79723571e-01  2.01814187e+01
 -6.30388883e-01  3.55654371e-02 -1.34360968e-05]
23:16:11 - Time: 1753132571.616, current_contact_force: 10.856009989465319
23:16:11 - Time: 1753132571.616, jac: [[-6.84774727e-04  9.32408704e-02 -7.35072727e-04  3.00875416e-01
   8.59410358e-04 -1.25769864e-01 -4.33680869e-19]
 [ 4.97239316e-01 -2.67627658e-04  4.34369518e-01 -6.49365489e-04
   1.16378562e-01  8.35685353e-04  0.00000000e+00]
 [ 0.00000000e+00 -4.97235302e-01  7.29953630e-04  3.52075261e-01
   1.43169573e-03  7.56589827e-03 -8.67361738e-19]
 [ 0.00000000e+00  2.87027089e-03  3.45623270e-01 -1.61891338e-03
   8.99080956e-01  7.38385051e-03 -5.99590476e-02]
 [ 0.00000000e+00  9.99995881e-01 -9.92036498e-04 -9.99998583e-01
  -1.25376059e-03  9.99897079e-01  1.27217007e-02]
 [ 1.00000000e+00  3.33066907e-16  9.38372831e-01 -4.60905241e-04
  -4.37780610e-01  1.23007911e-02 -9.98119768e-01]]
23:16:11 - Time: 1753132571.616, tau: [ 6.84653412e-04  7.45881499e-01 -1.33018351e-03 -4.66917375e-01
 -2.22428834e-03 -3.70976696e-02 -1.36582177e-05]
23:16:11 - Time: 1753132571.616, tau + g: [ 6.84638702e-04 -3.93780734e+01 -2.79744541e-01  2.01813811e+01
 -6.30380298e-01  3.55532965e-02 -1.34358512e-05]
23:16:11 - Time: 1753132571.621, current_contact_force: 10.855588810948042
23:16:11 - Time: 1753132571.621, jac: [[-6.85976815e-04  9.32409190e-02 -7.36320684e-04  3.00875943e-01
   8.60902877e-04 -1.25770152e-01 -7.58941521e-19]
 [ 4.97242616e-01 -2.67974877e-04  4.34373627e-01 -6.50337847e-04
   1.16376578e-01  8.37218284e-04  0.00000000e+00]
 [ 0.00000000e+00 -4.97238591e-01  7.31004207e-04  3.52080120e-01
   1.43411862e-03  7.56094136e-03 -8.67361738e-19]
 [ 0.00000000e+00  2.87399323e-03  3.45619539e-01 -1.62176704e-03
   8.99080634e-01  7.39679735e-03 -5.99194004e-02]
 [ 0.00000000e+00  9.99995870e-01 -9.93312320e-04 -9.99998579e-01
  -1.25618784e-03  9.99896725e-01  1.27431994e-02]
 [ 1.00000000e+00  0.00000000e+00  9.38374204e-01 -4.61219553e-04
  -4.37781264e-01  1.23218136e-02 -9.98121874e-01]]
23:16:11 - Time: 1753132571.621, tau: [ 6.34417673e-04  7.46148255e-01 -1.37044592e-03 -4.66988540e-01
 -2.23934846e-03 -3.70623571e-02 -1.36576956e-05]
23:16:11 - Time: 1753132571.621, tau + g: [ 6.34459296e-04 -3.93776303e+01 -2.79765454e-01  2.01813432e+01
 -6.30371724e-01  3.55410167e-02 -1.34355371e-05]
23:16:11 - Time: 1753132571.629, current_contact_force: 10.855167902643936
23:16:11 - Time: 1753132571.629, jac: [[-6.87175592e-04  9.32409676e-02 -7.37565169e-04  3.00876474e-01
   8.62391194e-04 -1.25770440e-01 -7.58941521e-19]
 [ 4.97245907e-01 -2.68321040e-04  4.34377738e-01 -6.51307345e-04
   1.16374592e-01  8.38747485e-04  5.55111512e-17]
 [ 0.00000000e+00 -4.97241871e-01  7.32051608e-04  3.52084983e-01
   1.43653465e-03  7.55597812e-03  0.00000000e+00]
 [ 0.00000000e+00  2.87770426e-03  3.45615778e-01 -1.62461259e-03
   8.99080307e-01  7.40970872e-03 -5.98797034e-02]
 [ 0.00000000e+00  9.99995859e-01 -9.94584115e-04 -9.99998574e-01
  -1.25860834e-03  9.99896371e-01  1.27646370e-02]
 [ 1.00000000e+00  3.33066907e-16  9.38375588e-01 -4.61532628e-04
  -4.37781929e-01  1.23427783e-02 -9.98123983e-01]]
23:16:11 - Time: 1753132571.629, tau: [ 5.84332403e-04  7.46412370e-01 -1.41062202e-03 -4.67059935e-01
 -2.25435770e-03 -3.70271210e-02 -1.36570944e-05]
23:16:11 - Time: 1753132571.629, tau + g: [ 5.84429170e-04 -3.93771882e+01 -2.79786310e-01  2.01813050e+01
 -6.30363161e-01  3.55286000e-02 -1.34351546e-05]
23:16:11 - Time: 1753132571.635, current_contact_force: 10.854747262259872
23:16:11 - Time: 1753132571.635, jac: [[-6.88371067e-04  9.32410161e-02 -7.38806194e-04  3.00877010e-01
   8.63875322e-04 -1.25770729e-01 -4.33680869e-19]
 [ 4.97249190e-01 -2.68666153e-04  4.34381848e-01 -6.52273995e-04
   1.16372601e-01  8.40272968e-04  0.00000000e+00]
 [ 0.00000000e+00 -4.97245143e-01  7.33095846e-04  3.52089850e-01
   1.43894384e-03  7.55100877e-03  8.67361738e-19]
 [ 0.00000000e+00  2.88140401e-03  3.45611988e-01 -1.62745006e-03
   8.99079975e-01  7.42258472e-03 -5.98399581e-02]
 [ 0.00000000e+00  9.99995849e-01 -9.95851904e-04 -9.99998569e-01
  -1.26102209e-03  9.99896017e-01  1.27860135e-02]
 [ 1.00000000e+00  2.22044605e-16  9.38376983e-01 -4.61844476e-04
  -4.37782605e-01  1.23636852e-02 -9.98126093e-01]]
23:16:11 - Time: 1753132571.635, tau: [ 5.34397012e-04  7.46673872e-01 -1.45071182e-03 -4.67131555e-01
 -2.26931628e-03 -3.69919609e-02 -1.36564147e-05]
23:16:11 - Time: 1753132571.635, tau + g: [ 5.34547755e-04 -3.93767470e+01 -2.79807109e-01  2.01812666e+01
 -6.30354610e-01  3.55160482e-02 -1.34347041e-05]
23:16:11 - Time: 1753132571.640, current_contact_force: 10.854326887528778
23:16:11 - Time: 1753132571.640, jac: [[-6.89563249e-04  9.32410646e-02 -7.40043767e-04  3.00877550e-01
   8.65355274e-04 -1.25771017e-01 -9.75781955e-19]
 [ 4.97252465e-01 -2.69010220e-04  4.34385959e-01 -6.53237809e-04
   1.16370608e-01  8.41794742e-04  0.00000000e+00]
 [ 0.00000000e+00 -4.97248406e-01  7.34136935e-04  3.52094721e-01
   1.44134622e-03  7.54603349e-03  0.00000000e+00]
 [ 0.00000000e+00  2.88509255e-03  3.45608170e-01 -1.63027948e-03
   8.99079637e-01  7.43542547e-03 -5.98001661e-02]
 [ 0.00000000e+00  9.99995838e-01 -9.97115705e-04 -9.99998564e-01
  -1.26342912e-03  9.99895663e-01  1.28073293e-02]
 [ 1.00000000e+00  2.22044605e-16  9.38378388e-01 -4.62155108e-04
  -4.37783291e-01  1.23845347e-02 -9.98128204e-01]]
23:16:11 - Time: 1753132571.640, tau: [ 4.84610914e-04  7.46932786e-01 -1.49071536e-03 -4.67203397e-01
 -2.28422447e-03 -3.69568769e-02 -1.36556570e-05]
23:16:11 - Time: 1753132571.640, tau + g: [ 4.84814488e-04 -3.93763068e+01 -2.79827852e-01  2.01812279e+01
 -6.30346070e-01  3.55033636e-02 -1.34341859e-05]
23:16:11 - Time: 1753132571.645, current_contact_force: 10.853906776225655
23:16:11 - Time: 1753132571.645, jac: [[-6.90752149e-04  9.32411131e-02 -7.41277900e-04  3.00878095e-01
   8.66831065e-04 -1.25771306e-01 -9.75781955e-19]
 [ 4.97255732e-01 -2.69353246e-04  4.34390070e-01 -6.54198797e-04
   1.16368612e-01  8.43312815e-04  0.00000000e+00]
 [ 0.00000000e+00 -4.97251662e-01  7.35174887e-04  3.52099596e-01
   1.44374181e-03  7.54105248e-03  0.00000000e+00]
 [ 0.00000000e+00  2.88876991e-03  3.45604323e-01 -1.63310087e-03
   8.99079294e-01  7.44823108e-03 -5.97603289e-02]
 [ 0.00000000e+00  9.99995827e-01 -9.98375536e-04 -9.99998560e-01
  -1.26582944e-03  9.99895310e-01  1.28285845e-02]
 [ 1.00000000e+00  0.00000000e+00  9.38379803e-01 -4.62464531e-04
  -4.37783988e-01  1.24053268e-02 -9.98130317e-01]]
23:16:11 - Time: 1753132571.645, tau: [ 4.34973527e-04  7.47189140e-01 -1.53063266e-03 -4.67275455e-01
 -2.29908250e-03 -3.69218686e-02 -1.36548218e-05]
23:16:11 - Time: 1753132571.645, tau + g: [ 4.35228806e-04 -3.93758674e+01 -2.79848539e-01  2.01811890e+01
 -6.30337541e-01  3.54905482e-02 -1.34336002e-05]
23:16:11 - Time: 1753132571.651, current_contact_force: 10.853486926141299
23:16:11 - Time: 1753132571.651, jac: [[-6.91937775e-04  9.32411616e-02 -7.42508604e-04  3.00878644e-01
   8.68302707e-04 -1.25771594e-01 -3.25260652e-19]
 [ 4.97258991e-01 -2.69695235e-04  4.34394181e-01 -6.55156970e-04
   1.16366614e-01  8.44827197e-04  0.00000000e+00]
 [ 0.00000000e+00 -4.97254909e-01  7.36209716e-04  3.52104475e-01
   1.44613063e-03  7.53606593e-03  0.00000000e+00]
 [ 0.00000000e+00  2.89243616e-03  3.45600449e-01 -1.63591426e-03
   8.99078947e-01  7.46100166e-03 -5.97204480e-02]
 [ 0.00000000e+00  9.99995817e-01 -9.99631417e-04 -9.99998555e-01
  -1.26822307e-03  9.99894958e-01  1.28497794e-02]
 [ 1.00000000e+00  3.33066907e-16  9.38381229e-01 -4.62772757e-04
  -4.37784695e-01  1.24260618e-02 -9.98132432e-01]]
23:16:11 - Time: 1753132571.651, tau: [ 3.85484271e-04  7.47442958e-01 -1.57046374e-03 -4.67347725e-01
 -2.31389060e-03 -3.68869358e-02 -1.36539094e-05]
23:16:11 - Time: 1753132571.651, tau + g: [ 3.85790147e-04 -3.93754290e+01 -2.79869169e-01  2.01811497e+01
 -6.30329024e-01  3.54776040e-02 -1.34329473e-05]
23:16:11 - Time: 1753132571.656, current_contact_force: 10.853067335105893
23:16:11 - Time: 1753132571.656, jac: [[-6.93120137e-04  9.32412100e-02 -7.43735888e-04  3.00879197e-01
   8.69770213e-04 -1.25771883e-01 -6.50521303e-19]
 [ 4.97262242e-01 -2.70036193e-04  4.34398292e-01 -6.56112341e-04
   1.16364612e-01  8.46337898e-04  5.55111512e-17]
 [ 0.00000000e+00 -4.97258149e-01  7.37241433e-04  3.52109356e-01
   1.44851271e-03  7.53107402e-03  1.73472348e-18]
 [ 0.00000000e+00  2.89609133e-03  3.45596548e-01 -1.63871968e-03
   8.99078594e-01  7.47373731e-03 -5.96805249e-02]
 [ 0.00000000e+00  9.99995806e-01 -1.00088337e-03 -9.99998550e-01
  -1.27061005e-03  9.99894605e-01  1.28709140e-02]
 [ 1.00000000e+00  1.11022302e-16  9.38382664e-01 -4.63079793e-04
  -4.37785412e-01  1.24467398e-02 -9.98134547e-01]]
23:16:11 - Time: 1753132571.656, tau: [ 3.36142569e-04  7.47694268e-01 -1.61020863e-03 -4.67420203e-01
 -2.32864902e-03 -3.68520785e-02 -1.36529205e-05]
23:16:11 - Time: 1753132571.656, tau + g: [ 3.36497956e-04 -3.93749916e+01 -2.79889743e-01  2.01811103e+01
 -6.30320518e-01  3.54645329e-02 -1.34322275e-05]
23:16:11 - Time: 1753132571.662, current_contact_force: 10.852648000975627
23:16:11 - Time: 1753132571.662, jac: [[-6.94299244e-04  9.32412584e-02 -7.44959764e-04  3.00879755e-01
   8.71233598e-04 -1.25772172e-01 -4.33680869e-19]
 [ 4.97265484e-01 -2.70376123e-04  4.34402402e-01 -6.57064919e-04
   1.16362608e-01  8.47844927e-04  0.00000000e+00]
 [ 0.00000000e+00 -4.97261380e-01  7.38270051e-04  3.52114241e-01
   1.45088807e-03  7.52607695e-03  8.67361738e-19]
 [ 0.00000000e+00  2.89973549e-03  3.45592620e-01 -1.64151715e-03
   8.99078237e-01  7.48643814e-03 -5.96405612e-02]
 [ 0.00000000e+00  9.99995796e-01 -1.00213140e-03 -9.99998545e-01
  -1.27299038e-03  9.99894253e-01  1.28919888e-02]
 [ 1.00000000e+00  2.22044605e-16  9.38384109e-01 -4.63385650e-04
  -4.37786140e-01  1.24673610e-02 -9.98136664e-01]]
23:16:11 - Time: 1753132571.662, tau: [ 2.86947846e-04  7.47943094e-01 -1.64986737e-03 -4.67492885e-01
 -2.34335800e-03 -3.68172963e-02 -1.36518554e-05]
23:16:11 - Time: 1753132571.662, tau + g: [ 2.87351676e-04 -3.93745550e+01 -2.79910261e-01  2.01810706e+01
 -6.30312024e-01  3.54513370e-02 -1.34314410e-05]
23:16:11 - Time: 1753132571.667, current_contact_force: 10.852228921628585
23:16:11 - Time: 1753132571.667, jac: [[-6.95475106e-04  9.32413067e-02 -7.46180241e-04  3.00880316e-01
   8.72692874e-04 -1.25772461e-01 -5.42101086e-19]
 [ 4.97268719e-01 -2.70715031e-04  4.34406513e-01 -6.58014715e-04
   1.16360601e-01  8.49348292e-04  0.00000000e+00]
 [ 0.00000000e+00 -4.97264604e-01  7.39295582e-04  3.52119129e-01
   1.45325672e-03  7.52107490e-03  0.00000000e+00]
 [ 0.00000000e+00  2.90336868e-03  3.45588666e-01 -1.64430669e-03
   8.99077874e-01  7.49910427e-03 -5.96005582e-02]
 [ 0.00000000e+00  9.99995785e-01 -1.00337554e-03 -9.99998541e-01
  -1.27536409e-03  9.99893902e-01  1.29130037e-02]
 [ 1.00000000e+00  1.11022302e-16  9.38385564e-01 -4.63690335e-04
  -4.37786877e-01  1.24879256e-02 -9.98138782e-01]]
23:16:11 - Time: 1753132571.667, tau: [ 2.37899532e-04  7.48189462e-01 -1.68943998e-03 -4.67565767e-01
 -2.35801776e-03 -3.67825892e-02 -1.36507146e-05]
23:16:11 - Time: 1753132571.667, tau + g: [ 2.38350757e-04 -3.93741194e+01 -2.79930723e-01  2.01810306e+01
 -6.30303541e-01  3.54380182e-02 -1.34305881e-05]
23:16:11 - Time: 1753132571.675, current_contact_force: 10.851810094985073
23:16:11 - Time: 1753132571.675, jac: [[-6.96647732e-04  9.32413550e-02 -7.47397329e-04  3.00880882e-01
   8.74148054e-04 -1.25772751e-01 -6.50521303e-19]
 [ 4.97271946e-01 -2.71052920e-04  4.34410623e-01 -6.58961742e-04
   1.16358592e-01  8.50848004e-04  0.00000000e+00]
 [ 0.00000000e+00 -4.97267819e-01  7.40318040e-04  3.52124020e-01
   1.45561870e-03  7.51606805e-03  0.00000000e+00]
 [ 0.00000000e+00  2.90699095e-03  3.45584686e-01 -1.64708835e-03
   8.99077507e-01  7.51173579e-03 -5.95605174e-02]
 [ 0.00000000e+00  9.99995775e-01 -1.00461580e-03 -9.99998536e-01
  -1.27773119e-03  9.99893551e-01  1.29339591e-02]
 [ 1.00000000e+00  1.11022302e-16  9.38387029e-01 -4.63993859e-04
  -4.37787624e-01  1.25084338e-02 -9.98140901e-01]]
23:16:11 - Time: 1753132571.675, tau: [ 1.88997059e-04  7.48433397e-01 -1.72892651e-03 -4.67638844e-01
 -2.37262853e-03 -3.67479568e-02 -1.36494985e-05]
23:16:11 - Time: 1753132571.675, tau + g: [ 1.89494647e-04 -3.93736847e+01 -2.79951130e-01  2.01809904e+01
 -6.30295070e-01  3.54245784e-02 -1.34296691e-05]
23:16:11 - Time: 1753132571.682, current_contact_force: 10.851391518979346
23:16:11 - Time: 1753132571.682, jac: [[-6.97817130e-04  9.32414033e-02 -7.48611040e-04  3.00881451e-01
   8.75599151e-04 -1.25773040e-01 -3.25260652e-19]
 [ 4.97275164e-01 -2.71389797e-04  4.34414733e-01 -6.59906008e-04
   1.16356580e-01  8.52344072e-04  5.55111512e-17]
 [ 0.00000000e+00 -4.97271027e-01  7.41337436e-04  3.52128913e-01
   1.45797402e-03  7.51105657e-03  8.67361738e-19]
 [ 0.00000000e+00  2.91060234e-03  3.45580680e-01 -1.64986213e-03
   8.99077135e-01  7.52433282e-03 -5.95204402e-02]
 [ 0.00000000e+00  9.99995764e-01 -1.00585220e-03 -9.99998531e-01
  -1.28009171e-03  9.99893200e-01  1.29548550e-02]
 [ 1.00000000e+00  0.00000000e+00  9.38388503e-01 -4.64296229e-04
  -4.37788381e-01  1.25288858e-02 -9.98143020e-01]]
23:16:11 - Time: 1753132571.682, tau: [ 1.40239860e-04  7.48674924e-01 -1.76832698e-03 -4.67712112e-01
 -2.38719056e-03 -3.67133991e-02 -1.36482077e-05]
23:16:11 - Time: 1753132571.682, tau + g: [ 1.40782801e-04 -3.93732509e+01 -2.79971480e-01  2.01809500e+01
 -6.30286611e-01  3.54110196e-02 -1.34286842e-05]
23:16:11 - Time: 1753132571.689, current_contact_force: 10.850973191583565
23:16:11 - Time: 1753132571.689, jac: [[-6.98983311e-04  9.32414516e-02 -7.49821383e-04  3.00882024e-01
   8.77046180e-04 -1.25773329e-01 -2.16840434e-19]
 [ 4.97278375e-01 -2.71725664e-04  4.34418842e-01 -6.60847526e-04
   1.16354566e-01  8.53836504e-04  0.00000000e+00]
 [ 0.00000000e+00 -4.97274227e-01  7.42353782e-04  3.52133809e-01
   1.46032270e-03  7.50604065e-03  0.00000000e+00]
 [ 0.00000000e+00  2.91420292e-03  3.45576650e-01 -1.65262807e-03
   8.99076759e-01  7.53689546e-03 -5.94803281e-02]
 [ 0.00000000e+00  9.99995754e-01 -1.00708476e-03 -9.99998526e-01
  -1.28244566e-03  9.99892850e-01  1.29756918e-02]
 [ 1.00000000e+00  2.22044605e-16  9.38389986e-01 -4.64597455e-04
  -4.37789147e-01  1.25492816e-02 -9.98145141e-01]]
23:16:11 - Time: 1753132571.689, tau: [ 9.16273739e-05  7.48914067e-01 -1.80764145e-03 -4.67785568e-01
 -2.40170406e-03 -3.66789159e-02 -1.36468425e-05]
23:16:11 - Time: 1753132571.689, tau + g: [ 9.22146729e-05 -3.93728181e+01 -2.79991775e-01  2.01809093e+01
 -6.30278164e-01  3.53973436e-02 -1.34276336e-05]
23:16:11 - Time: 1753132571.697, current_contact_force: 10.850555110790328
23:16:11 - Time: 1753132571.697, jac: [[-7.00146284e-04  9.32414998e-02 -7.51028368e-04  3.00882601e-01
   8.78489151e-04 -1.25773619e-01 -3.25260652e-19]
 [ 4.97281578e-01 -2.72060527e-04  4.34422951e-01 -6.61786305e-04
   1.16352550e-01  8.55325310e-04  0.00000000e+00]
 [ 0.00000000e+00 -4.97277418e-01  7.43367091e-04  3.52138708e-01
   1.46266477e-03  7.50102046e-03  0.00000000e+00]
 [ 0.00000000e+00  2.91779271e-03  3.45572595e-01 -1.65538620e-03
   8.99076378e-01  7.54942382e-03 -5.94401824e-02]
 [ 0.00000000e+00  9.99995743e-01 -1.00831349e-03 -9.99998522e-01
  -1.28479307e-03  9.99892500e-01  1.29964697e-02]
 [ 1.00000000e+00  2.22044605e-16  9.38391477e-01 -4.64897546e-04
  -4.37789922e-01  1.25696216e-02 -9.98147262e-01]]
23:16:11 - Time: 1753132571.697, tau: [ 4.31590412e-05  7.49150851e-01 -1.84686994e-03 -4.67859207e-01
 -2.41616927e-03 -3.66445069e-02 -1.36454034e-05]
23:16:11 - Time: 1753132571.697, tau + g: [ 4.37897220e-05 -3.93723862e+01 -2.80012015e-01  2.01808684e+01
 -6.30269729e-01  3.53835523e-02 -1.34265177e-05]
23:16:11 - Time: 1753132571.703, current_contact_force: 10.850137274625222
23:16:11 - Time: 1753132571.703, jac: [[-7.01306057e-04  9.32415480e-02 -7.52232006e-04  3.00883182e-01
   8.79928079e-04 -1.25773908e-01 -6.50521303e-19]
 [ 4.97284773e-01 -2.72394389e-04  4.34427058e-01 -6.62722357e-04
   1.16350532e-01  8.56810498e-04 -5.55111512e-17]
 [ 0.00000000e+00 -4.97280602e-01  7.44377375e-04  3.52143608e-01
   1.46500024e-03  7.49599617e-03  0.00000000e+00]
 [ 0.00000000e+00  2.92137177e-03  3.45568516e-01 -1.65813653e-03
   8.99075993e-01  7.56191799e-03 -5.94000045e-02]
 [ 0.00000000e+00  9.99995733e-01 -1.00953842e-03 -9.99998517e-01
  -1.28713395e-03  9.99892150e-01  1.30171887e-02]
 [ 1.00000000e+00  2.22044605e-16  9.38392978e-01 -4.65196509e-04
  -4.37790707e-01  1.25899059e-02 -9.98149384e-01]]
23:16:11 - Time: 1753132571.703, tau: [-5.16569466e-06  7.49385301e-01 -1.88601250e-03 -4.67933025e-01
 -2.43058641e-03 -3.66101719e-02 -1.36438908e-05]
23:16:11 - Time: 1753132571.703, tau + g: [-4.49259135e-06 -3.93719552e+01 -2.80032199e-01  2.01808273e+01
 -6.30261306e-01  3.53696475e-02 -1.34253367e-05]
23:16:11 - Time: 1753132571.710, current_contact_force: 10.84971968113428
23:16:11 - Time: 1753132571.710, jac: [[-7.02462640e-04  9.32415962e-02 -7.53432306e-04  3.00883767e-01
   8.81362977e-04 -1.25774197e-01 -7.58941521e-19]
 [ 4.97287960e-01 -2.72727256e-04  4.34431166e-01 -6.63655692e-04
   1.16348511e-01  8.58292079e-04  0.00000000e+00]
 [ 0.00000000e+00 -4.97283778e-01  7.45384645e-04  3.52148511e-01
   1.46732915e-03  7.49096796e-03  0.00000000e+00]
 [ 0.00000000e+00  2.92494016e-03  3.45564413e-01 -1.66087910e-03
   8.99075603e-01  7.57437810e-03 -5.93597957e-02]
 [ 0.00000000e+00  9.99995722e-01 -1.01075955e-03 -9.99998512e-01
  -1.28946833e-03  9.99891801e-01  1.30378491e-02]
 [ 1.00000000e+00  1.11022302e-16  9.38394488e-01 -4.65494353e-04
  -4.37791500e-01  1.26101346e-02 -9.98151506e-01]]
23:16:11 - Time: 1753132571.710, tau: [-5.33473874e-05  7.49617439e-01 -1.92506917e-03 -4.68007018e-01
 -2.44495570e-03 -3.65759109e-02 -1.36423051e-05]
23:16:11 - Time: 1753132571.710, tau + g: [-5.26328037e-05 -3.93715252e+01 -2.80052327e-01  2.01807860e+01
 -6.30252895e-01  3.53556311e-02 -1.34240909e-05]
23:16:11 - Time: 1753132571.713, current_contact_force: 10.849302328398377
23:16:11 - Time: 1753132571.713, jac: [[-7.03616042e-04  9.32416443e-02 -7.54629279e-04  3.00884355e-01
   8.82793856e-04 -1.25774487e-01 -4.33680869e-19]
 [ 4.97291140e-01 -2.73059131e-04  4.34435272e-01 -6.64586320e-04
   1.16346488e-01  8.59770060e-04  0.00000000e+00]
 [ 0.00000000e+00 -4.97286947e-01  7.46388914e-04  3.52153416e-01
   1.46965150e-03  7.48593598e-03  8.67361738e-19]
 [ 0.00000000e+00  2.92849790e-03  3.45560287e-01 -1.66361393e-03
   8.99075209e-01  7.58680424e-03 -5.93195575e-02]
 [ 0.00000000e+00  9.99995712e-01 -1.01197691e-03 -9.99998508e-01
  -1.29179622e-03  9.99891452e-01  1.30584511e-02]
 [ 1.00000000e+00  2.22044605e-16  9.38396006e-01 -4.65791087e-04
  -4.37792303e-01  1.26303080e-02 -9.98153629e-01]]
23:16:11 - Time: 1753132571.713, tau: [-1.01386588e-04  7.49847290e-01 -1.96404000e-03 -4.68081183e-01
 -2.45927738e-03 -3.65417236e-02 -1.36406469e-05]
23:16:11 - Time: 1753132571.713, tau + g: [-1.00631449e-04 -3.93710960e+01 -2.80072401e-01  2.01807444e+01
 -6.30244496e-01  3.53415049e-02 -1.34227804e-05]
23:16:11 - Time: 1753132571.723, current_contact_force: 10.848885214514189
23:16:11 - Time: 1753132571.723, jac: [[-7.04766272e-04  9.32416924e-02 -7.55822935e-04  3.00884947e-01
   8.84220730e-04 -1.25774776e-01 -5.42101086e-19]
 [ 4.97294311e-01 -2.73390019e-04  4.34439377e-01 -6.65514251e-04
   1.16344464e-01  8.61244450e-04  0.00000000e+00]
 [ 0.00000000e+00 -4.97290107e-01  7.47390193e-04  3.52158323e-01
   1.47196733e-03  7.48090042e-03  0.00000000e+00]
 [ 0.00000000e+00  2.93204506e-03  3.45556138e-01 -1.66634105e-03
   8.99074810e-01  7.59919651e-03 -5.92792910e-02]
 [ 0.00000000e+00  9.99995702e-01 -1.01319052e-03 -9.99998503e-01
  -1.29411764e-03  9.99891104e-01  1.30789948e-02]
 [ 1.00000000e+00  1.11022302e-16  9.38397533e-01 -4.66086719e-04
  -4.37793114e-01  1.26504261e-02 -9.98155752e-01]]
23:16:11 - Time: 1753132571.723, tau: [-1.49283843e-04  7.50074877e-01 -2.00292504e-03 -4.68155515e-01
 -2.47355165e-03 -3.65076098e-02 -1.36389164e-05]
23:16:11 - Time: 1753132571.723, tau + g: [-1.48489059e-04 -3.93706678e+01 -2.80092419e-01  2.01807027e+01
 -6.30236109e-01  3.53272706e-02 -1.34214056e-05]
23:16:11 - Time: 1753132571.730, current_contact_force: 10.848468337615662
23:16:11 - Time: 1753132571.730, jac: [[-7.05913338e-04  9.32417405e-02 -7.57013284e-04  3.00885542e-01
   8.85643612e-04 -1.25775066e-01 -4.33680869e-19]
 [ 4.97297475e-01 -2.73719924e-04  4.34443481e-01 -6.66439497e-04
   1.16342437e-01  8.62715260e-04  0.00000000e+00]
 [ 0.00000000e+00 -4.97293260e-01  7.48388494e-04  3.52163231e-01
   1.47427665e-03  7.47586143e-03  0.00000000e+00]
 [ 0.00000000e+00  2.93558167e-03  3.45551966e-01 -1.66906047e-03
   8.99074408e-01  7.61155502e-03 -5.92389977e-02]
 [ 0.00000000e+00  9.99995691e-01 -1.01440039e-03 -9.99998498e-01
  -1.29643262e-03  9.99890755e-01  1.30994805e-02]
 [ 1.00000000e+00  1.11022302e-16  9.38399067e-01 -4.66381257e-04
  -4.37793934e-01  1.26704892e-02 -9.98157876e-01]]
23:16:11 - Time: 1753132571.730, tau: [-1.97039699e-04  7.50300224e-01 -2.04172434e-03 -4.68230011e-01
 -2.48777875e-03 -3.64735694e-02 -1.36371142e-05]
23:16:11 - Time: 1753132571.730, tau + g: [-1.96206161e-04 -3.93702405e+01 -2.80112383e-01  2.01806607e+01
 -6.30227735e-01  3.53129300e-02 -1.34199667e-05]
23:16:11 - Time: 1753132571.737, current_contact_force: 10.848051695852497
23:16:11 - Time: 1753132571.737, jac: [[-7.07057251e-04  9.32417886e-02 -7.58200335e-04  3.00886141e-01
   8.87062513e-04 -1.25775355e-01 -4.33680869e-19]
 [ 4.97300631e-01 -2.74048850e-04  4.34447584e-01 -6.67362067e-04
   1.16340409e-01  8.64182496e-04  1.11022302e-16]
 [ 0.00000000e+00 -4.97296405e-01  7.49383829e-04  3.52168141e-01
   1.47657949e-03  7.47081917e-03  0.00000000e+00]
 [ 0.00000000e+00  2.93910778e-03  3.45547773e-01 -1.67177224e-03
   8.99074001e-01  7.62387987e-03 -5.91986787e-02]
 [ 0.00000000e+00  9.99995681e-01 -1.01560653e-03 -9.99998494e-01
  -1.29874117e-03  9.99890408e-01  1.31199084e-02]
 [ 1.00000000e+00  4.44089210e-16  9.38400610e-01 -4.66674709e-04
  -4.37794763e-01  1.26904975e-02 -9.98159999e-01]]
23:16:11 - Time: 1753132571.737, tau: [-2.44654696e-04  7.50523353e-01 -2.08043794e-03 -4.68304668e-01
 -2.50195888e-03 -3.64396021e-02 -1.36352406e-05]
23:16:11 - Time: 1753132571.737, tau + g: [-2.43783283e-04 -3.93698142e+01 -2.80132292e-01  2.01806185e+01
 -6.30219373e-01  3.52984848e-02 -1.34184639e-05]
23:16:11 - Time: 1753132571.745, current_contact_force: 10.847635287405929
23:16:11 - Time: 1753132571.745, jac: [[-7.08198019e-04  9.32418366e-02 -7.59384099e-04  3.00886743e-01
   8.88477448e-04 -1.25775645e-01 -3.25260652e-19]
 [ 4.97303780e-01 -2.74376802e-04  4.34451686e-01 -6.68281971e-04
   1.16338378e-01  8.65646169e-04 -5.55111512e-17]
 [ 0.00000000e+00 -4.97299543e-01  7.50376209e-04  3.52173053e-01
   1.47887585e-03  7.46577380e-03  0.00000000e+00]
 [ 0.00000000e+00  2.94262344e-03  3.45543557e-01 -1.67447636e-03
   8.99073590e-01  7.63617116e-03 -5.91583355e-02]
 [ 0.00000000e+00  9.99995670e-01 -1.01680897e-03 -9.99998489e-01
  -1.30104330e-03  9.99890061e-01  1.31402787e-02]
 [ 1.00000000e+00  1.11022302e-16  9.38402161e-01 -4.66967083e-04
  -4.37795600e-01  1.27104511e-02 -9.98162123e-01]]
23:16:11 - Time: 1753132571.745, tau: [-2.92129375e-04  7.50744287e-01 -2.11906590e-03 -4.68379480e-01
 -2.51609227e-03 -3.64057078e-02 -1.36332960e-05]
23:16:11 - Time: 1753132571.745, tau + g: [-2.91220948e-04 -3.93693887e+01 -2.80152146e-01  2.01805761e+01
 -6.30211023e-01  3.52839368e-02 -1.34168975e-05]
23:16:11 - Time: 1753132571.752, current_contact_force: 10.847219110480712
23:16:11 - Time: 1753132571.752, jac: [[-7.09335652e-04  9.32418846e-02 -7.60564585e-04  3.00887348e-01
   8.89888427e-04 -1.25775935e-01 -4.33680869e-19]
 [ 4.97306921e-01 -2.74703784e-04  4.34455787e-01 -6.69199219e-04
   1.16336346e-01  8.67106287e-04 -5.55111512e-17]
 [ 0.00000000e+00 -4.97302673e-01  7.51365646e-04  3.52177965e-01
   1.48116578e-03  7.46072549e-03 -8.67361738e-19]
 [ 0.00000000e+00  2.94612869e-03  3.45539321e-01 -1.67717287e-03
   8.99073175e-01  7.64842900e-03 -5.91179691e-02]
 [ 0.00000000e+00  9.99995660e-01 -1.01800773e-03 -9.99998484e-01
  -1.30333905e-03  9.99889714e-01  1.31605914e-02]
 [ 1.00000000e+00  2.22044605e-16  9.38403720e-01 -4.67258387e-04
  -4.37796445e-01  1.27303502e-02 -9.98164247e-01]]
23:16:11 - Time: 1753132571.752, tau: [-3.39464271e-04  7.50963050e-01 -2.15760827e-03 -4.68454446e-01
 -2.53017912e-03 -3.63718863e-02 -1.36312809e-05]
23:16:11 - Time: 1753132571.752, tau + g: [-3.38519676e-04 -3.93689642e+01 -2.80171945e-01  2.01805335e+01
 -6.30202686e-01  3.52692877e-02 -1.34152678e-05]
23:16:11 - Time: 1753132571.759, current_contact_force: 10.846803163304752
23:16:11 - Time: 1753132571.759, jac: [[-7.10470156e-04  9.32419326e-02 -7.61741803e-04  3.00887957e-01
   8.91295465e-04 -1.25776224e-01 -2.16840434e-19]
 [ 4.97310054e-01 -2.75029799e-04  4.34459886e-01 -6.70113822e-04
   1.16334313e-01  8.68562859e-04  0.00000000e+00]
 [ 0.00000000e+00 -4.97305795e-01  7.52352152e-04  3.52182879e-01
   1.48344928e-03  7.45567439e-03  0.00000000e+00]
 [ 0.00000000e+00  2.94962358e-03  3.45535063e-01 -1.67986179e-03
   8.99072756e-01  7.66065349e-03 -5.90775810e-02]
 [ 0.00000000e+00  9.99995650e-01 -1.01920280e-03 -9.99998480e-01
  -1.30562843e-03  9.99889367e-01  1.31808469e-02]
 [ 1.00000000e+00  1.11022302e-16  9.38405286e-01 -4.67548629e-04
  -4.37797298e-01  1.27501949e-02 -9.98166371e-01]]
23:16:11 - Time: 1753132571.759, tau: [-3.86659917e-04  7.51179662e-01 -2.19606512e-03 -4.68529560e-01
 -2.54421966e-03 -3.63381374e-02 -1.36291956e-05]
23:16:11 - Time: 1753132571.759, tau + g: [-3.85679985e-04 -3.93685406e+01 -2.80191690e-01  2.01804907e+01
 -6.30194362e-01  3.52545390e-02 -1.34135749e-05]
23:16:11 - Time: 1753132571.765, current_contact_force: 10.846387444130551
23:16:11 - Time: 1753132571.765, jac: [[-7.11601543e-04  9.32419805e-02 -7.62915763e-04  3.00888569e-01
   8.92698572e-04 -1.25776513e-01 -1.08420217e-19]
 [ 4.97313180e-01 -2.75354853e-04  4.34463984e-01 -6.71025789e-04
   1.16332277e-01  8.70015893e-04  0.00000000e+00]
 [ 0.00000000e+00 -4.97308910e-01  7.53335736e-04  3.52187794e-01
   1.48572637e-03  7.45062065e-03  0.00000000e+00]
 [ 0.00000000e+00  2.95310814e-03  3.45530785e-01 -1.68254314e-03
   8.99072334e-01  7.67284472e-03 -5.90371722e-02]
 [ 0.00000000e+00  9.99995640e-01 -1.02039422e-03 -9.99998475e-01
  -1.30791145e-03  9.99889021e-01  1.32010452e-02]
 [ 1.00000000e+00  1.11022302e-16  9.38406860e-01 -4.67837816e-04
  -4.37798159e-01  1.27699854e-02 -9.98168495e-01]]
23:16:11 - Time: 1753132571.765, tau: [-4.33716844e-04  7.51394147e-01 -2.23443649e-03 -4.68604820e-01
 -2.55821410e-03 -3.63044610e-02 -1.36270405e-05]
23:16:11 - Time: 1753132571.765, tau + g: [-4.32702392e-04 -3.93681179e+01 -2.80211381e-01  2.01804478e+01
 -6.30186050e-01  3.52396926e-02 -1.34118192e-05]
23:16:11 - Time: 1753132571.772, current_contact_force: 10.845971951241614
23:16:11 - Time: 1753132571.772, jac: [[-7.12729821e-04  9.32420284e-02 -7.64086475e-04  3.00889184e-01
   8.94097762e-04 -1.25776803e-01 -7.58941521e-19]
 [ 4.97316298e-01 -2.75678948e-04  4.34468080e-01 -6.71935131e-04
   1.16330241e-01  8.71465399e-04  0.00000000e+00]
 [ 0.00000000e+00 -4.97312017e-01  7.54316412e-04  3.52192710e-01
   1.48799708e-03  7.44556443e-03 -8.67361738e-19]
 [ 0.00000000e+00  2.95658243e-03  3.45526487e-01 -1.68521696e-03
   8.99071907e-01  7.68500281e-03 -5.89967441e-02]
 [ 0.00000000e+00  9.99995629e-01 -1.02158201e-03 -9.99998470e-01
  -1.31018814e-03  9.99888676e-01  1.32211867e-02]
 [ 1.00000000e+00  2.22044605e-16  9.38408442e-01 -4.68125956e-04
  -4.37799029e-01  1.27897219e-02 -9.98170619e-01]]
23:16:11 - Time: 1753132571.772, tau: [-4.80635579e-04  7.51606527e-01 -2.27272244e-03 -4.68680222e-01
 -2.57216264e-03 -3.62708569e-02 -1.36248161e-05]
23:16:11 - Time: 1753132571.772, tau + g: [-4.79587409e-04 -3.93676962e+01 -2.80231017e-01  2.01804046e+01
 -6.30177751e-01  3.52247500e-02 -1.34100008e-05]
23:16:11 - Time: 1753132571.777, current_contact_force: 10.845556682933205
23:16:11 - Time: 1753132571.777, jac: [[-7.13854998e-04  9.32420763e-02 -7.65253949e-04  3.00889802e-01
   8.95493046e-04 -1.25777092e-01 -7.58941521e-19]
 [ 4.97319408e-01 -2.76002090e-04  4.34472175e-01 -6.72841857e-04
   1.16328203e-01  8.72911385e-04  0.00000000e+00]
 [ 0.00000000e+00 -4.97315116e-01  7.55294190e-04  3.52197627e-01
   1.49026143e-03  7.44050587e-03 -8.67361738e-19]
 [ 0.00000000e+00  2.96004649e-03  3.45522169e-01 -1.68788326e-03
   8.99071477e-01  7.69712784e-03 -5.89562977e-02]
 [ 0.00000000e+00  9.99995619e-01 -1.02276616e-03 -9.99998466e-01
  -1.31245851e-03  9.99888330e-01  1.32412714e-02]
 [ 1.00000000e+00  1.11022302e-16  9.38410030e-01 -4.68413056e-04
  -4.37799906e-01  1.28094046e-02 -9.98172742e-01]]
23:16:11 - Time: 1753132571.777, tau: [-5.27416648e-04  7.51816822e-01 -2.31092304e-03 -4.68755763e-01
 -2.58606550e-03 -3.62373248e-02 -1.36225227e-05]
23:16:11 - Time: 1753132571.777, tau + g: [-5.26335547e-04 -3.93672753e+01 -2.80250599e-01  2.01803612e+01
 -6.30169464e-01  3.52097128e-02 -1.34081200e-05]
23:16:11 - Time: 1753132571.784, current_contact_force: 10.84514163753535
23:16:11 - Time: 1753132571.784, jac: [[-7.14977083e-04  9.32421242e-02 -7.66418193e-04  3.00890423e-01
   8.96884437e-04 -1.25777381e-01  2.16840434e-19]
 [ 4.97322511e-01 -2.76324281e-04  4.34476268e-01 -6.73745977e-04
   1.16326163e-01  8.74353859e-04 -5.55111512e-17]
 [ 0.00000000e+00 -4.97318208e-01  7.56269081e-04  3.52202544e-01
   1.49251944e-03  7.43544512e-03 -8.67361738e-19]
 [ 0.00000000e+00  2.96350035e-03  3.45517831e-01 -1.69054206e-03
   8.99071042e-01  7.70921992e-03 -5.89158344e-02]
 [ 0.00000000e+00  9.99995609e-01 -1.02394671e-03 -9.99998461e-01
  -1.31472259e-03  9.99887986e-01  1.32612995e-02]
 [ 1.00000000e+00  0.00000000e+00  9.38411626e-01 -4.68699125e-04
  -4.37800791e-01  1.28290336e-02 -9.98174866e-01]]
23:16:11 - Time: 1753132571.784, tau: [-5.74060570e-04  7.52025056e-01 -2.34903834e-03 -4.68831438e-01
 -2.59992288e-03 -3.62038647e-02 -1.36201608e-05]
23:16:11 - Time: 1753132571.784, tau + g: [-5.72947313e-04 -3.93668554e+01 -2.80270127e-01  2.01803177e+01
 -6.30161191e-01  3.51945827e-02 -1.34061770e-05]
23:16:11 - Time: 1753132571.792, current_contact_force: 10.844726813394585
23:16:11 - Time: 1753132571.792, jac: [[-7.16096086e-04  9.32421720e-02 -7.67579218e-04  3.00891047e-01
   8.98271947e-04 -1.25777671e-01 -1.19262239e-18]
 [ 4.97325606e-01 -2.76645527e-04  4.34480359e-01 -6.74647501e-04
   1.16324122e-01  8.75792830e-04  0.00000000e+00]
 [ 0.00000000e+00 -4.97321293e-01  7.57241096e-04  3.52207462e-01
   1.49477113e-03  7.43038234e-03  8.67361738e-19]
 [ 0.00000000e+00  2.96694407e-03  3.45513475e-01 -1.69319340e-03
   8.99070605e-01  7.72127915e-03 -5.88753551e-02]
 [ 0.00000000e+00  9.99995599e-01 -1.02512367e-03 -9.99998457e-01
  -1.31698039e-03  9.99887641e-01  1.32812713e-02]
 [ 1.00000000e+00  2.22044605e-16  9.38413229e-01 -4.68984169e-04
  -4.37801683e-01  1.28486091e-02 -9.98176989e-01]]
23:16:11 - Time: 1753132571.792, tau: [-6.20567867e-04  7.52231248e-01 -2.38706841e-03 -4.68907245e-01
 -2.61373500e-03 -3.61704763e-02 -1.36177306e-05]
23:16:11 - Time: 1753132571.792, tau + g: [-6.19423212e-04 -3.93664363e+01 -2.80289602e-01  2.01802740e+01
 -6.30152930e-01  3.51793613e-02 -1.34041721e-05]
23:16:11 - Time: 1753132571.798, current_contact_force: 10.844312208885793
23:16:11 - Time: 1753132571.798, jac: [[-7.17212015e-04  9.32422198e-02 -7.68737034e-04  3.00891674e-01
   8.99655589e-04 -1.25777960e-01 -4.33680869e-19]
 [ 4.97328695e-01 -2.76965830e-04  4.34484449e-01 -6.75546438e-04
   1.16322080e-01  8.77228307e-04  0.00000000e+00]
 [ 0.00000000e+00 -4.97324370e-01  7.58210247e-04  3.52212380e-01
   1.49701651e-03  7.42531766e-03 -8.67361738e-19]
 [ 0.00000000e+00  2.97037768e-03  3.45509099e-01 -1.69583730e-03
   8.99070163e-01  7.73330563e-03 -5.88348612e-02]
 [ 0.00000000e+00  9.99995588e-01 -1.02629704e-03 -9.99998452e-01
  -1.31923193e-03  9.99887297e-01  1.33011869e-02]
 [ 1.00000000e+00  1.11022302e-16  9.38414838e-01 -4.69268196e-04
  -4.37802582e-01  1.28681313e-02 -9.98179111e-01]]
23:16:11 - Time: 1753132571.798, tau: [-6.66939053e-04  7.52435420e-01 -2.42501332e-03 -4.68983181e-01
 -2.62750205e-03 -3.61371595e-02 -1.36152325e-05]
23:16:11 - Time: 1753132571.798, tau + g: [-6.65763747e-04 -3.93660182e+01 -2.80309022e-01  2.01802301e+01
 -6.30144682e-01  3.51640500e-02 -1.34021055e-05]
23:16:11 - Time: 1753132571.805, current_contact_force: 10.843897822402173
23:16:11 - Time: 1753132571.805, jac: [[-7.18324878e-04  9.32422676e-02 -7.69891649e-04  3.00892304e-01
   9.01035373e-04 -1.25778249e-01 -8.67361738e-19]
 [ 4.97331775e-01 -2.77285196e-04  4.34488537e-01 -6.76442798e-04
   1.16320037e-01  8.78660298e-04  0.00000000e+00]
 [ 0.00000000e+00 -4.97327440e-01  7.59176544e-04  3.52217299e-01
   1.49925561e-03  7.42025122e-03  8.67361738e-19]
 [ 0.00000000e+00  2.97380123e-03  3.45504706e-01 -1.69847378e-03
   8.99069718e-01  7.74529945e-03 -5.87943537e-02]
 [ 0.00000000e+00  9.99995578e-01 -1.02746686e-03 -9.99998447e-01
  -1.32147723e-03  9.99886954e-01  1.33210464e-02]
 [ 1.00000000e+00  2.22044605e-16  9.38416455e-01 -4.69551213e-04
  -4.37803489e-01  1.28876002e-02 -9.98181233e-01]]
23:16:11 - Time: 1753132571.805, tau: [-7.13174642e-04  7.52637594e-01 -2.46287312e-03 -4.69059241e-01
 -2.64122424e-03 -3.61039141e-02 -1.36126671e-05]
23:16:11 - Time: 1753132571.805, tau + g: [-7.11969418e-04 -3.93656010e+01 -2.80328389e-01  2.01801860e+01
 -6.30136447e-01  3.51486505e-02 -1.33999774e-05]
23:16:11 - Time: 1753132571.810, current_contact_force: 10.843483652363576
23:16:11 - Time: 1753132571.810, jac: [[-7.19434685e-04  9.32423154e-02 -7.71043074e-04  3.00892937e-01
   9.02411313e-04 -1.25778538e-01 -1.08420217e-18]
 [ 4.97334848e-01 -2.77603628e-04  4.34492622e-01 -6.77336590e-04
   1.16317992e-01  8.80088811e-04  0.00000000e+00]
 [ 0.00000000e+00 -4.97330502e-01  7.60139998e-04  3.52222218e-01
   1.50148845e-03  7.41518318e-03  0.00000000e+00]
 [ 0.00000000e+00  2.97721476e-03  3.45500294e-01 -1.70110286e-03
   8.99069270e-01  7.75726071e-03 -5.87538338e-02]
 [ 0.00000000e+00  9.99995568e-01 -1.02863313e-03 -9.99998443e-01
  -1.32371631e-03  9.99886610e-01  1.33408502e-02]
 [ 1.00000000e+00  3.33066907e-16  9.38418078e-01 -4.69833226e-04
  -4.37804404e-01  1.29070162e-02 -9.98183354e-01]]
23:16:11 - Time: 1753132571.810, tau: [-7.59275144e-04  7.52837789e-01 -2.50064789e-03 -4.69135423e-01
 -2.65490177e-03 -3.60707398e-02 -1.36100345e-05]
23:16:11 - Time: 1753132571.810, tau + g: [-7.58040722e-04 -3.93651848e+01 -2.80347703e-01  2.01801418e+01
 -6.30128225e-01  3.51331642e-02 -1.33977882e-05]
23:16:11 - Time: 1753132571.816, current_contact_force: 10.84306969720604
23:16:11 - Time: 1753132571.816, jac: [[-7.20541443e-04  9.32423631e-02 -7.72191318e-04  3.00893572e-01
   9.03783421e-04 -1.25778826e-01 -6.50521303e-19]
 [ 4.97337914e-01 -2.77921129e-04  4.34496706e-01 -6.78227824e-04
   1.16315946e-01  8.81513856e-04  0.00000000e+00]
 [ 0.00000000e+00 -4.97333557e-01  7.61100620e-04  3.52227136e-01
   1.50371505e-03  7.41011366e-03  0.00000000e+00]
 [ 0.00000000e+00  2.98061830e-03  3.45495864e-01 -1.70372457e-03
   8.99068818e-01  7.76918952e-03 -5.87133025e-02]
 [ 0.00000000e+00  9.99995558e-01 -1.02979587e-03 -9.99998438e-01
  -1.32594919e-03  9.99886268e-01  1.33605983e-02]
 [ 1.00000000e+00  1.11022302e-16  9.38419707e-01 -4.70114244e-04
  -4.37805325e-01  1.29263792e-02 -9.98185475e-01]]
23:16:11 - Time: 1753132571.816, tau: [-8.05241067e-04  7.53036026e-01 -2.53833770e-03 -4.69211723e-01
 -2.66853485e-03 -3.60376367e-02 -1.36073352e-05]
23:16:11 - Time: 1753132571.816, tau + g: [-8.03978154e-04 -3.93647694e+01 -2.80366963e-01  2.01800974e+01
 -6.30120016e-01  3.51175927e-02 -1.33955379e-05]
23:16:11 - Time: 1753132571.820, current_contact_force: 10.842655955397866
23:16:11 - Time: 1753132571.820, jac: [[-7.21645163e-04  9.32424108e-02 -7.73336390e-04  3.00894210e-01
   9.05151707e-04 -1.25779115e-01 -6.50521303e-19]
 [ 4.97340973e-01 -2.78237703e-04  4.34500787e-01 -6.79116510e-04
   1.16313900e-01  8.82935441e-04  0.00000000e+00]
 [ 0.00000000e+00 -4.97336605e-01  7.62058420e-04  3.52232055e-01
   1.50593543e-03  7.40504281e-03  0.00000000e+00]
 [ 0.00000000e+00  2.98401191e-03  3.45491417e-01 -1.70633893e-03
   8.99068363e-01  7.78108596e-03 -5.86727609e-02]
 [ 0.00000000e+00  9.99995548e-01 -1.03095510e-03 -9.99998434e-01
  -1.32817587e-03  9.99885925e-01  1.33802909e-02]
 [ 1.00000000e+00  2.22044605e-16  9.38421343e-01 -4.70394272e-04
  -4.37806253e-01  1.29456896e-02 -9.98187595e-01]]
23:16:11 - Time: 1753132571.820, tau: [-8.51072916e-04  7.53232326e-01 -2.57594261e-03 -4.69288138e-01
 -2.68212366e-03 -3.60046044e-02 -1.36045696e-05]
23:16:11 - Time: 1753132571.820, tau + g: [-8.49782206e-04 -3.93643549e+01 -2.80386169e-01  2.01800529e+01
 -6.30111821e-01  3.51019375e-02 -1.33932268e-05]
23:16:11 - Time: 1753132571.826, current_contact_force: 10.842242425418144
23:16:11 - Time: 1753132571.826, jac: [[-7.22745852e-04  9.32424585e-02 -7.74478299e-04  3.00894851e-01
   9.06516184e-04 -1.25779404e-01 -7.58941521e-19]
 [ 4.97344024e-01 -2.78553355e-04  4.34504867e-01 -6.80002656e-04
   1.16311852e-01  8.84353573e-04  5.55111512e-17]
 [ 0.00000000e+00 -4.97339645e-01  7.63013410e-04  3.52236974e-01
   1.50814960e-03  7.39997077e-03  8.67361738e-19]
 [ 0.00000000e+00  2.98739562e-03  3.45486954e-01 -1.70894597e-03
   8.99067904e-01  7.79295014e-03 -5.86322102e-02]
 [ 0.00000000e+00  9.99995538e-01 -1.03211082e-03 -9.99998429e-01
  -1.33039640e-03  9.99885583e-01  1.33999282e-02]
 [ 1.00000000e+00  1.11022302e-16  9.38422985e-01 -4.70673319e-04
  -4.37807188e-01  1.29649474e-02 -9.98189714e-01]]
23:16:11 - Time: 1753132571.826, tau: [-8.96771192e-04  7.53426709e-01 -2.61346270e-03 -4.69364666e-01
 -2.69566842e-03 -3.59716428e-02 -1.36017380e-05]
23:16:11 - Time: 1753132571.826, tau + g: [-8.95453367e-04 -3.93639413e+01 -2.80405323e-01  2.01800081e+01
 -6.30103638e-01  3.50862001e-02 -1.33908552e-05]
23:16:11 - Time: 1753132571.831, current_contact_force: 10.841829105776398
23:16:11 - Time: 1753132571.831, jac: [[-7.23843518e-04  9.32425061e-02 -7.75617056e-04  3.00895494e-01
   9.07876865e-04 -1.25779692e-01 -5.42101086e-19]
 [ 4.97347067e-01 -2.78868088e-04  4.34508944e-01 -6.80886272e-04
   1.16309804e-01  8.85768262e-04  5.55111512e-17]
 [ 0.00000000e+00 -4.97342678e-01  7.63965600e-04  3.52241892e-01
   1.51035759e-03  7.39489765e-03  0.00000000e+00]
 [ 0.00000000e+00  2.99076948e-03  3.45482473e-01 -1.71154570e-03
   8.99067442e-01  7.80478215e-03 -5.85916514e-02]
 [ 0.00000000e+00  9.99995528e-01 -1.03326306e-03 -9.99998424e-01
  -1.33261077e-03  9.99885242e-01  1.34195104e-02]
 [ 1.00000000e+00  1.11022302e-16  9.38424634e-01 -4.70951390e-04
  -4.37808130e-01  1.29841528e-02 -9.98191833e-01]]
23:16:11 - Time: 1753132571.831, tau: [-9.42336395e-04  7.53619194e-01 -2.65089804e-03 -4.69441301e-01
 -2.70916932e-03 -3.59387517e-02 -1.35988407e-05]
23:16:11 - Time: 1753132571.831, tau + g: [-9.40992125e-04 -3.93635287e+01 -2.80424423e-01  2.01799633e+01
 -6.30095469e-01  3.50703819e-02 -1.33884233e-05]
23:16:11 - Time: 1753132571.837, current_contact_force: 10.841415994996622
23:16:11 - Time: 1753132571.837, jac: [[-7.24938171e-04  9.32425537e-02 -7.76752669e-04  3.00896140e-01
   9.09233760e-04 -1.25779980e-01 -4.33680869e-19]
 [ 4.97350104e-01 -2.79181906e-04  4.34513019e-01 -6.81767367e-04
   1.16307754e-01  8.87179515e-04  0.00000000e+00]
 [ 0.00000000e+00 -4.97345704e-01  7.64915000e-04  3.52246810e-01
   1.51255942e-03  7.38982361e-03  8.67361738e-19]
 [ 0.00000000e+00  2.99413351e-03  3.45477976e-01 -1.71413816e-03
   8.99066977e-01  7.81658208e-03 -5.85510855e-02]
 [ 0.00000000e+00  9.99995518e-01 -1.03441182e-03 -9.99998420e-01
  -1.33481901e-03  9.99884901e-01  1.34390376e-02]
 [ 1.00000000e+00  3.33066907e-16  9.38426288e-01 -4.71228493e-04
  -4.37809079e-01  1.30033061e-02 -9.98193950e-01]]
23:16:11 - Time: 1753132571.837, tau: [-9.87769021e-04  7.53809801e-01 -2.68824870e-03 -4.69518043e-01
 -2.72262655e-03 -3.59059310e-02 -1.35958782e-05]
23:16:11 - Time: 1753132571.837, tau + g: [-9.86398964e-04 -3.93631169e+01 -2.80443470e-01  2.01799182e+01
 -6.30087313e-01  3.50544843e-02 -1.33859313e-05]
23:16:11 - Time: 1753132571.845, current_contact_force: 10.841003091630457
23:16:11 - Time: 1753132571.845, jac: [[-7.26029819e-04  9.32426014e-02 -7.77885149e-04  3.00896789e-01
   9.10586881e-04 -1.25780268e-01 -8.67361738e-19]
 [ 4.97353133e-01 -2.79494813e-04  4.34517091e-01 -6.82645951e-04
   1.16305704e-01  8.88587342e-04 -5.55111512e-17]
 [ 0.00000000e+00 -4.97348723e-01  7.65861621e-04  3.52251727e-01
   1.51475510e-03  7.38474876e-03 -8.67361738e-19]
 [ 0.00000000e+00  2.99748777e-03  3.45473463e-01 -1.71672337e-03
   8.99066508e-01  7.82835004e-03 -5.85105136e-02]
 [ 0.00000000e+00  9.99995508e-01 -1.03555713e-03 -9.99998415e-01
  -1.33702114e-03  9.99884560e-01  1.34585101e-02]
 [ 1.00000000e+00  3.33066907e-16  9.38427948e-01 -4.71504634e-04
  -4.37810034e-01  1.30224072e-02 -9.98196067e-01]]
23:16:11 - Time: 1753132571.845, tau: [-1.03306956e-03  7.53998550e-01 -2.72551477e-03 -4.69594887e-01
 -2.73604031e-03 -3.58731804e-02 -1.35928508e-05]
23:16:11 - Time: 1753132571.845, tau + g: [-1.03167437e-03 -3.93627061e+01 -2.80462465e-01  2.01798731e+01
 -6.30079170e-01  3.50385088e-02 -1.33833795e-05]
23:16:11 - Time: 1753132571.848, current_contact_force: 10.840590394245375
23:16:11 - Time: 1753132571.848, jac: [[-7.27118471e-04  9.32426489e-02 -7.79014503e-04  3.00897439e-01
   9.11936240e-04 -1.25780556e-01 -4.33680869e-19]
 [ 4.97356155e-01 -2.79806812e-04  4.34521161e-01 -6.83522032e-04
   1.16303653e-01  8.89991749e-04  5.55111512e-17]
 [ 0.00000000e+00 -4.97351734e-01  7.66805474e-04  3.52256644e-01
   1.51694466e-03  7.37967323e-03  8.67361738e-19]
 [ 0.00000000e+00  3.00083229e-03  3.45468935e-01 -1.71930134e-03
   8.99066037e-01  7.84008612e-03 -5.84699367e-02]
 [ 0.00000000e+00  9.99995497e-01 -1.03669900e-03 -9.99998411e-01
  -1.33921718e-03  9.99884220e-01  1.34779280e-02]
 [ 1.00000000e+00  2.22044605e-16  9.38429614e-01 -4.71779819e-04
  -4.37810995e-01  1.30414565e-02 -9.98198183e-01]]
23:16:11 - Time: 1753132571.848, tau: [-1.07823851e-03  7.54185461e-01 -2.76269630e-03 -4.69671831e-01
 -2.74941078e-03 -3.58404999e-02 -1.35897588e-05]
23:16:11 - Time: 1753132571.848, tau + g: [-1.07681881e-03 -3.93622961e+01 -2.80481407e-01  2.01798277e+01
 -6.30071040e-01  3.50224567e-02 -1.33807680e-05]
23:16:11 - Time: 1753132571.857, current_contact_force: 10.84017790143117
23:16:11 - Time: 1753132571.857, jac: [[-7.28204135e-04  9.32426965e-02 -7.80140741e-04  3.00898093e-01
   9.13281849e-04 -1.25780844e-01 -4.33680869e-19]
 [ 4.97359170e-01 -2.80117906e-04  4.34525229e-01 -6.84395620e-04
   1.16301601e-01  8.91392747e-04  5.55111512e-17]
 [ 0.00000000e+00 -4.97354738e-01  7.67746568e-04  3.52261560e-01
   1.51912811e-03  7.37459717e-03  0.00000000e+00]
 [ 0.00000000e+00  3.00416711e-03  3.45464390e-01 -1.72187210e-03
   8.99065562e-01  7.85179041e-03 -5.84293558e-02]
 [ 0.00000000e+00  9.99995487e-01 -1.03783744e-03 -9.99998406e-01
  -1.34140713e-03  9.99883880e-01  1.34972914e-02]
 [ 1.00000000e+00  1.11022302e-16  9.38431286e-01 -4.72054056e-04
  -4.37811963e-01  1.30604540e-02 -9.98200297e-01]]
23:16:11 - Time: 1753132571.857, tau: [-1.12327636e-03  7.54370551e-01 -2.79979339e-03 -4.69748871e-01
 -2.76273818e-03 -3.58078892e-02 -1.35866025e-05]
23:16:11 - Time: 1753132571.857, tau + g: [-1.12183277e-03 -3.93618871e+01 -2.80500296e-01  2.01797822e+01
 -6.30062924e-01  3.50063296e-02 -1.33780971e-05]
23:16:11 - Time: 1753132571.864, current_contact_force: 10.839765611798608
23:16:11 - Time: 1753132571.864, jac: [[-7.29286819e-04  9.32427440e-02 -7.81263873e-04  3.00898748e-01
   9.14623718e-04 -1.25781132e-01 -2.16840434e-19]
 [ 4.97362178e-01 -2.80428101e-04  4.34529294e-01 -6.85266723e-04
   1.16299549e-01  8.92790342e-04  0.00000000e+00]
 [ 0.00000000e+00 -4.97357735e-01  7.68684913e-04  3.52266476e-01
   1.52130548e-03  7.36952068e-03 -8.67361738e-19]
 [ 0.00000000e+00  3.00749228e-03  3.45459831e-01 -1.72443568e-03
   8.99065085e-01  7.86346300e-03 -5.83887719e-02]
 [ 0.00000000e+00  9.99995477e-01 -1.03897247e-03 -9.99998402e-01
  -1.34359103e-03  9.99883541e-01  1.35166006e-02]
 [ 1.00000000e+00  0.00000000e+00  9.38432963e-01 -4.72327350e-04
  -4.37812937e-01  1.30793999e-02 -9.98202411e-01]]
23:16:11 - Time: 1753132571.864, tau: [-1.16818359e-03  7.54553841e-01 -2.83680611e-03 -4.69826005e-01
 -2.77602267e-03 -3.57753482e-02 -1.35833824e-05]
23:16:11 - Time: 1753132571.864, tau + g: [-1.16671673e-03 -3.93614789e+01 -2.80519133e-01  2.01797366e+01
 -6.30054822e-01  3.49901286e-02 -1.33753670e-05]
23:16:11 - Time: 1753132571.872, current_contact_force: 10.839353523979028
23:16:11 - Time: 1753132571.872, jac: [[-7.30366532e-04  9.32427915e-02 -7.82383907e-04  3.00899406e-01
   9.15961861e-04 -1.25781419e-01 -8.67361738e-19]
 [ 4.97365178e-01 -2.80737398e-04  4.34533356e-01 -6.86135351e-04
   1.16297496e-01  8.94184542e-04  0.00000000e+00]
 [ 0.00000000e+00 -4.97360725e-01  7.69620522e-04  3.52271390e-01
   1.52347678e-03  7.36444389e-03  0.00000000e+00]
 [ 0.00000000e+00  3.01080782e-03  3.45455257e-01 -1.72699209e-03
   8.99064604e-01  7.87510400e-03 -5.83481861e-02]
 [ 0.00000000e+00  9.99995468e-01 -1.04010410e-03 -9.99998397e-01
  -1.34576889e-03  9.99883202e-01  1.35358556e-02]
 [ 1.00000000e+00  2.22044605e-16  9.38434645e-01 -4.72599708e-04
  -4.37813917e-01  1.30982943e-02 -9.98204523e-01]]
23:16:11 - Time: 1753132571.872, tau: [-1.21296068e-03  7.54735349e-01 -2.87373454e-03 -4.69903230e-01
 -2.78926445e-03 -3.57428767e-02 -1.35800988e-05]
23:16:11 - Time: 1753132571.872, tau + g: [-1.21147115e-03 -3.93610716e+01 -2.80537917e-01  2.01796909e+01
 -6.30046733e-01  3.49738553e-02 -1.33725780e-05]
23:16:11 - Time: 1753132571.879, current_contact_force: 10.83894163662056
23:16:11 - Time: 1753132571.879, jac: [[-7.31443283e-04  9.32428390e-02 -7.83500853e-04  3.00900066e-01
   9.17296288e-04 -1.25781706e-01 -6.50521303e-19]
 [ 4.97368172e-01 -2.81045802e-04  4.34537416e-01 -6.87001512e-04
   1.16295443e-01  8.95575357e-04  5.55111512e-17]
 [ 0.00000000e+00 -4.97363708e-01  7.70553402e-04  3.52276303e-01
   1.52564203e-03  7.35936693e-03  0.00000000e+00]
 [ 0.00000000e+00  3.01411378e-03  3.45450669e-01 -1.72954137e-03
   8.99064121e-01  7.88671349e-03 -5.83075991e-02]
 [ 0.00000000e+00  9.99995458e-01 -1.04123235e-03 -9.99998393e-01
  -1.34794072e-03  9.99882863e-01  1.35550568e-02]
 [ 1.00000000e+00  1.11022302e-16  9.38436333e-01 -4.72871137e-04
  -4.37814904e-01  1.31171375e-02 -9.98206634e-01]]
23:16:11 - Time: 1753132571.879, tau: [-1.25760811e-03  7.54915094e-01 -2.91057877e-03 -4.69980542e-01
 -2.80246372e-03 -3.57104746e-02 -1.35767519e-05]
23:16:11 - Time: 1753132571.879, tau + g: [-1.25609650e-03 -3.93606653e+01 -2.80556649e-01  2.01796450e+01
 -6.30038657e-01  3.49575109e-02 -1.33697302e-05]
23:16:11 - Time: 1753132571.885, current_contact_force: 10.83852994839446
23:16:11 - Time: 1753132571.885, jac: [[-7.32517079e-04  9.32428865e-02 -7.84614721e-04  3.00900729e-01
   9.18627010e-04 -1.25781993e-01 -6.50521303e-19]
 [ 4.97371158e-01 -2.81353317e-04  4.34541473e-01 -6.87865215e-04
   1.16293389e-01  8.96962794e-04 -5.55111512e-17]
 [ 0.00000000e+00 -4.97366684e-01  7.71483565e-04  3.52281215e-01
   1.52780125e-03  7.35428991e-03  0.00000000e+00]
 [ 0.00000000e+00  3.01741019e-03  3.45446066e-01 -1.73208352e-03
   8.99063634e-01  7.89829157e-03 -5.82670121e-02]
 [ 0.00000000e+00  9.99995448e-01 -1.04235723e-03 -9.99998388e-01
  -1.35010655e-03  9.99882525e-01  1.35742042e-02]
 [ 1.00000000e+00  3.33066907e-16  9.38438026e-01 -4.73141642e-04
  -4.37815896e-01  1.31359296e-02 -9.98208744e-01]]
23:16:11 - Time: 1753132571.885, tau: [-1.30212637e-03  7.55093093e-01 -2.94733887e-03 -4.70057939e-01
 -2.81562065e-03 -3.56781416e-02 -1.35733422e-05]
23:16:11 - Time: 1753132571.885, tau + g: [-1.30059326e-03 -3.93602598e+01 -2.80575329e-01  2.01795990e+01
 -6.30030595e-01  3.49410968e-02 -1.33668239e-05]
23:16:11 - Time: 1753132571.892, current_contact_force: 10.838118457992273
23:16:11 - Time: 1753132571.892, jac: [[-7.33587929e-04  9.32429339e-02 -7.85725518e-04  3.00901393e-01
   9.19954039e-04 -1.25782280e-01  0.00000000e+00]
 [ 4.97374137e-01 -2.81659946e-04  4.34545527e-01 -6.88726469e-04
   1.16291335e-01  8.98346862e-04  0.00000000e+00]
 [ 0.00000000e+00 -4.97369652e-01  7.72411020e-04  3.52286126e-01
   1.52995446e-03  7.34921296e-03 -8.67361738e-19]
 [ 0.00000000e+00  3.02069710e-03  3.45441450e-01 -1.73461858e-03
   8.99063145e-01  7.90983833e-03 -5.82264260e-02]
 [ 0.00000000e+00  9.99995438e-01 -1.04347875e-03 -9.99998383e-01
  -1.35226639e-03  9.99882188e-01  1.35932981e-02]
 [ 1.00000000e+00  0.00000000e+00  9.38439724e-01 -4.73411229e-04
  -4.37816894e-01  1.31546707e-02 -9.98210852e-01]]
23:16:11 - Time: 1753132571.892, tau: [-1.34651592e-03  7.55269365e-01 -2.98401493e-03 -4.70135418e-01
 -2.82873544e-03 -3.56458777e-02 -1.35698700e-05]
23:16:11 - Time: 1753132571.892, tau + g: [-1.34496187e-03 -3.93598552e+01 -2.80593957e-01  2.01795528e+01
 -6.30022546e-01  3.49246143e-02 -1.33638593e-05]
23:16:11 - Time: 1753132571.896, current_contact_force: 10.837707164119896
23:16:11 - Time: 1753132571.896, jac: [[-7.34655841e-04  9.32429813e-02 -7.86833253e-04  3.00902060e-01
   9.21277386e-04 -1.25782567e-01 -1.08420217e-18]
 [ 4.97377109e-01 -2.81965691e-04  4.34549578e-01 -6.89585283e-04
   1.16289280e-01  8.99727568e-04  0.00000000e+00]
 [ 0.00000000e+00 -4.97372614e-01  7.73335777e-04  3.52291036e-01
   1.53210168e-03  7.34413619e-03  0.00000000e+00]
 [ 0.00000000e+00  3.02397455e-03  3.45436820e-01 -1.73714657e-03
   8.99062653e-01  7.92135385e-03 -5.81858416e-02]
 [ 0.00000000e+00  9.99995428e-01 -1.04459693e-03 -9.99998379e-01
  -1.35442026e-03  9.99881850e-01  1.36123385e-02]
 [ 1.00000000e+00  3.33066907e-16  9.38441427e-01 -4.73679906e-04
  -4.37817897e-01  1.31733609e-02 -9.98212959e-01]]
23:16:11 - Time: 1753132571.896, tau: [-1.39077724e-03  7.55443929e-01 -3.02060703e-03 -4.70212977e-01
 -2.84180825e-03 -3.56136826e-02 -1.35663355e-05]
23:16:11 - Time: 1753132571.896, tau + g: [-1.38920282e-03 -3.93594515e+01 -2.80612533e-01  2.01795065e+01
 -6.30014512e-01  3.49080646e-02 -1.33608366e-05]
23:16:11 - Time: 1753132571.905, current_contact_force: 10.837296065506637
23:16:11 - Time: 1753132571.905, jac: [[-7.35720825e-04  9.32430287e-02 -7.87937937e-04  3.00902729e-01
   9.22597062e-04 -1.25782853e-01 -4.33680869e-19]
 [ 4.97380075e-01 -2.82270558e-04  4.34553627e-01 -6.90441666e-04
   1.16287225e-01  9.01104920e-04  0.00000000e+00]
 [ 0.00000000e+00 -4.97375568e-01  7.74257847e-04  3.52295944e-01
   1.53424292e-03  7.33905972e-03  0.00000000e+00]
 [ 0.00000000e+00  3.02724256e-03  3.45432176e-01 -1.73966750e-03
   8.99062158e-01  7.93283825e-03 -5.81452600e-02]
 [ 0.00000000e+00  9.99995418e-01 -1.04571178e-03 -9.99998374e-01
  -1.35656817e-03  9.99881514e-01  1.36313257e-02]
 [ 1.00000000e+00  2.22044605e-16  9.38443135e-01 -4.73947677e-04
  -4.37818907e-01  1.31920005e-02 -9.98215065e-01]]
23:16:11 - Time: 1753132571.905, tau: [-1.43491080e-03  7.55616802e-01 -3.05711526e-03 -4.70290611e-01
 -2.85483929e-03 -3.55815561e-02 -1.35627392e-05]
23:16:11 - Time: 1753132571.905, tau + g: [-1.43331655e-03 -3.93590487e+01 -2.80631057e-01  2.01794601e+01
 -6.30006491e-01  3.48914491e-02 -1.33577560e-05]
23:16:11 - Time: 1753132571.912, current_contact_force: 10.83688516089692
23:16:11 - Time: 1753132571.912, jac: [[-7.36782887e-04  9.32430761e-02 -7.89039578e-04  3.00903399e-01
   9.23913080e-04 -1.25783140e-01 -4.33680869e-19]
 [ 4.97383033e-01 -2.82574549e-04  4.34557672e-01 -6.91295625e-04
   1.16285170e-01  9.02478926e-04 -5.55111512e-17]
 [ 0.00000000e+00 -4.97378516e-01  7.75177238e-04  3.52300851e-01
   1.53637821e-03  7.33398366e-03 -8.67361738e-19]
 [ 0.00000000e+00  3.03050117e-03  3.45427520e-01 -1.74218141e-03
   8.99061661e-01  7.94429160e-03 -5.81046820e-02]
 [ 0.00000000e+00  9.99995408e-01 -1.04682331e-03 -9.99998370e-01
  -1.35871015e-03  9.99881177e-01  1.36502598e-02]
 [ 1.00000000e+00  2.22044605e-16  9.38444848e-01 -4.74214549e-04
  -4.37819922e-01  1.32105896e-02 -9.98217169e-01]]
23:16:11 - Time: 1753132571.912, tau: [-1.47891706e-03  7.55788002e-01 -3.09353970e-03 -4.70368320e-01
 -2.86782873e-03 -3.55494982e-02 -1.35590814e-05]
23:16:11 - Time: 1753132571.912, tau + g: [-1.47730352e-03 -3.93586468e+01 -2.80649530e-01  2.01794136e+01
 -6.29998483e-01  3.48747690e-02 -1.33546178e-05]
23:16:11 - Time: 1753132571.919, current_contact_force: 10.836474449062088
23:16:11 - Time: 1753132571.919, jac: [[-7.37842036e-04  9.32431234e-02 -7.90138185e-04  3.00904072e-01
   9.25225449e-04 -1.25783426e-01 -8.67361738e-19]
 [ 4.97385984e-01 -2.82877668e-04  4.34561715e-01 -6.92147170e-04
   1.16283114e-01  9.03849595e-04  0.00000000e+00]
 [ 0.00000000e+00 -4.97381457e-01  7.76093962e-04  3.52305756e-01
   1.53850756e-03  7.32890813e-03  0.00000000e+00]
 [ 0.00000000e+00  3.03375043e-03  3.45422851e-01 -1.74468831e-03
   8.99061161e-01  7.95571400e-03 -5.80641086e-02]
 [ 0.00000000e+00  9.99995398e-01 -1.04793154e-03 -9.99998365e-01
  -1.36084621e-03  9.99880841e-01  1.36691410e-02]
 [ 1.00000000e+00  3.33066907e-16  9.38446565e-01 -4.74480527e-04
  -4.37820942e-01  1.32291283e-02 -9.98219271e-01]]
23:16:11 - Time: 1753132571.919, tau: [-1.52279648e-03  7.55957545e-01 -3.12988045e-03 -4.70446100e-01
 -2.88077675e-03 -3.55175086e-02 -1.35553623e-05]
23:16:11 - Time: 1753132571.919, tau + g: [-1.52116419e-03 -3.93582458e+01 -2.80667951e-01  2.01793669e+01
 -6.29990490e-01  3.48580255e-02 -1.33514222e-05]
23:16:11 - Time: 1753132571.927, current_contact_force: 10.836063928774369
23:16:11 - Time: 1753132571.927, jac: [[-7.38898281e-04  9.32431707e-02 -7.91233766e-04  3.00904747e-01
   9.26534181e-04 -1.25783711e-01 -8.67361738e-19]
 [ 4.97388928e-01 -2.83179918e-04  4.34565754e-01 -6.92996309e-04
   1.16281059e-01  9.05216935e-04 -5.55111512e-17]
 [ 0.00000000e+00 -4.97384390e-01  7.77008027e-04  3.52310659e-01
   1.54063100e-03  7.32383323e-03  0.00000000e+00]
 [ 0.00000000e+00  3.03699037e-03  3.45418169e-01 -1.74718823e-03
   8.99060658e-01  7.96710553e-03 -5.80235406e-02]
 [ 0.00000000e+00  9.99995388e-01 -1.04903649e-03 -9.99998361e-01
  -1.36297637e-03  9.99880506e-01  1.36879695e-02]
 [ 1.00000000e+00  1.11022302e-16  9.38448287e-01 -4.74745618e-04
  -4.37821968e-01  1.32476168e-02 -9.98221372e-01]]
23:16:11 - Time: 1753132571.927, tau: [-1.56654954e-03  7.56125451e-01 -3.16613760e-03 -4.70523948e-01
 -2.89368353e-03 -3.54855872e-02 -1.35515823e-05]
23:16:11 - Time: 1753132571.927, tau + g: [-1.56489901e-03 -3.93578457e+01 -2.80686321e-01  2.01793201e+01
 -6.29982510e-01  3.48412200e-02 -1.33481693e-05]
23:16:11 - Time: 1753132571.932, current_contact_force: 10.835653598850522
23:16:11 - Time: 1753132571.932, jac: [[-7.39951630e-04  9.32432181e-02 -7.92326331e-04  3.00905423e-01
   9.27839287e-04 -1.25783997e-01 -6.50521303e-19]
 [ 4.97391865e-01 -2.83481302e-04  4.34569790e-01 -6.93843050e-04
   1.16279003e-01  9.06580953e-04  5.55111512e-17]
 [ 0.00000000e+00 -4.97387317e-01  7.77919444e-04  3.52315560e-01
   1.54274853e-03  7.31875908e-03  8.67361738e-19]
 [ 0.00000000e+00  3.04022102e-03  3.45413475e-01 -1.74968118e-03
   8.99060153e-01  7.97846629e-03 -5.79829788e-02]
 [ 0.00000000e+00  9.99995379e-01 -1.05013816e-03 -9.99998356e-01
  -1.36510065e-03  9.99880171e-01  1.37067454e-02]
 [ 1.00000000e+00  0.00000000e+00  9.38450014e-01 -4.75009828e-04
  -4.37822998e-01  1.32660552e-02 -9.98223472e-01]]
23:16:11 - Time: 1753132571.932, tau: [-1.61017669e-03  7.56291735e-01 -3.20231122e-03 -4.70601862e-01
 -2.90654925e-03 -3.54537339e-02 -1.35477417e-05]
23:16:11 - Time: 1753132571.932, tau + g: [-1.60850843e-03 -3.93574464e+01 -2.80704639e-01  2.01792732e+01
 -6.29974544e-01  3.48243535e-02 -1.33448594e-05]
23:16:11 - Time: 1753132571.940, current_contact_force: 10.835243458093757
23:16:11 - Time: 1753132571.940, jac: [[-7.41002090e-04  9.32432653e-02 -7.93415889e-04  3.00906102e-01
   9.29140778e-04 -1.25784282e-01 -1.08420217e-18]
 [ 4.97394796e-01 -2.83781824e-04  4.34573823e-01 -6.94687403e-04
   1.16276947e-01  9.07941657e-04  0.00000000e+00]
 [ 0.00000000e+00 -4.97390237e-01  7.78828221e-04  3.52320460e-01
   1.54486019e-03  7.31368579e-03  0.00000000e+00]
 [ 0.00000000e+00  3.04344243e-03  3.45408770e-01 -1.75216719e-03
   8.99059645e-01  7.98979638e-03 -5.79424242e-02]
 [ 0.00000000e+00  9.99995369e-01 -1.05123657e-03 -9.99998352e-01
  -1.36721905e-03  9.99879836e-01  1.37254688e-02]
 [ 1.00000000e+00  2.22044605e-16  9.38451745e-01 -4.75273161e-04
  -4.37824035e-01  1.32844437e-02 -9.98225569e-01]]
23:16:11 - Time: 1753132571.940, tau: [-1.65367838e-03  7.56456414e-01 -3.23840142e-03 -4.70679839e-01
 -2.91937409e-03 -3.54219484e-02 -1.35438408e-05]
23:16:11 - Time: 1753132571.940, tau + g: [-1.65199289e-03 -3.93570480e+01 -2.80722906e-01  2.01792262e+01
 -6.29966592e-01  3.48074274e-02 -1.33414928e-05]
23:16:11 - Time: 1753132571.944, current_contact_force: 10.834833505357013
23:16:11 - Time: 1753132571.944, jac: [[-7.42049670e-04  9.32433126e-02 -7.94502447e-04  3.00906782e-01
   9.30438665e-04 -1.25784567e-01 -4.33680869e-19]
 [ 4.97397719e-01 -2.84081488e-04  4.34577853e-01 -6.95529375e-04
   1.16274891e-01  9.09299055e-04 -5.55111512e-17]
 [ 0.00000000e+00 -4.97393150e-01  7.79734369e-04  3.52325358e-01
   1.54696598e-03  7.30861346e-03  0.00000000e+00]
 [ 0.00000000e+00  3.04665462e-03  3.45404052e-01 -1.75464628e-03
   8.99059135e-01  8.00109587e-03 -5.79018776e-02]
 [ 0.00000000e+00  9.99995359e-01 -1.05233174e-03 -9.99998348e-01
  -1.36933161e-03  9.99879502e-01  1.37441400e-02]
 [ 1.00000000e+00  4.44089210e-16  9.38453480e-01 -4.75535624e-04
  -4.37825076e-01  1.33027824e-02 -9.98227665e-01]]
23:16:11 - Time: 1753132571.944, tau: [-1.69705506e-03  7.56619507e-01 -3.27440828e-03 -4.70757877e-01
 -2.93215821e-03 -3.53902306e-02 -1.35398800e-05]
23:16:11 - Time: 1753132571.944, tau + g: [-1.69535284e-03 -3.93566505e+01 -2.80741122e-01  2.01791791e+01
 -6.29958654e-01  3.47904428e-02 -1.33380696e-05]
23:16:11 - Time: 1753132571.952, current_contact_force: 10.834423739479941
23:16:11 - Time: 1753132571.952, jac: [[-7.43094379e-04  9.32433598e-02 -7.95586016e-04  3.00907464e-01
   9.31732960e-04 -1.25784852e-01 -8.67361738e-19]
 [ 4.97400636e-01 -2.84380296e-04  4.34581879e-01 -6.96368975e-04
   1.16272835e-01  9.10653155e-04 -5.55111512e-17]
 [ 0.00000000e+00 -4.97396056e-01  7.80637897e-04  3.52330253e-01
   1.54906593e-03  7.30354220e-03 -8.67361738e-19]
 [ 0.00000000e+00  3.04985764e-03  3.45399324e-01 -1.75711848e-03
   8.99058622e-01  8.01236485e-03 -5.78613398e-02]
 [ 0.00000000e+00  9.99995349e-01 -1.05342367e-03 -9.99998343e-01
  -1.37143834e-03  9.99879168e-01  1.37627592e-02]
 [ 1.00000000e+00  0.00000000e+00  9.38455219e-01 -4.75797222e-04
  -4.37826122e-01  1.33210715e-02 -9.98229759e-01]]
23:16:11 - Time: 1753132571.952, tau: [-1.74030720e-03  7.56781028e-01 -3.31033190e-03 -4.70835972e-01
 -2.94490180e-03 -3.53585803e-02 -1.35358596e-05]
23:16:11 - Time: 1753132571.952, tau + g: [-1.73858872e-03 -3.93562539e+01 -2.80759288e-01  2.01791319e+01
 -6.29950730e-01  3.47734009e-02 -1.33345900e-05]
23:16:11 - Time: 1753132571.959, current_contact_force: 10.834014159348762
23:16:11 - Time: 1753132571.959, jac: [[-7.44136223e-04  9.32434070e-02 -7.96666604e-04  3.00908148e-01
   9.33023672e-04 -1.25785136e-01 -6.50521303e-19]
 [ 4.97403546e-01 -2.84678252e-04  4.34585903e-01 -6.97206210e-04
   1.16270779e-01  9.12003965e-04  5.55111512e-17]
 [ 0.00000000e+00 -4.97398956e-01  7.81538814e-04  3.52335147e-01
   1.55116005e-03  7.29847211e-03  8.67361738e-19]
 [ 0.00000000e+00  3.05305152e-03  3.45394584e-01 -1.75958380e-03
   8.99058107e-01  8.02360343e-03 -5.78208118e-02]
 [ 0.00000000e+00  9.99995339e-01 -1.05451237e-03 -9.99998339e-01
  -1.37353925e-03  9.99878835e-01  1.37813263e-02]
 [ 1.00000000e+00  3.33066907e-16  9.38456962e-01 -4.76057960e-04
  -4.37827173e-01  1.33393111e-02 -9.98231851e-01]]
23:16:11 - Time: 1753132571.959, tau: [-1.78343523e-03  7.56940995e-01 -3.34617238e-03 -4.70914124e-01
 -2.95760504e-03 -3.53269974e-02 -1.35317798e-05]
23:16:11 - Time: 1753132571.959, tau + g: [-1.78170097e-03 -3.93558582e+01 -2.80777402e-01  2.01790846e+01
 -6.29942820e-01  3.47563028e-02 -1.33310543e-05]
23:16:11 - Time: 1753132571.967, current_contact_force: 10.833604763838284
23:16:11 - Time: 1753132571.967, jac: [[-7.45175212e-04  9.32434542e-02 -7.97744219e-04  3.00908833e-01
   9.34310813e-04 -1.25785421e-01 -4.33680869e-19]
 [ 4.97406449e-01 -2.84975359e-04  4.34589922e-01 -6.98041090e-04
   1.16268723e-01  9.13351492e-04  0.00000000e+00]
 [ 0.00000000e+00 -4.97401848e-01  7.82437130e-04  3.52340038e-01
   1.55324836e-03  7.29340329e-03  0.00000000e+00]
 [ 0.00000000e+00  3.05623628e-03  3.45389833e-01 -1.76204226e-03
   8.99057590e-01  8.03481168e-03 -5.77802941e-02]
 [ 0.00000000e+00  9.99995330e-01 -1.05559787e-03 -9.99998334e-01
  -1.37563436e-03  9.99878502e-01  1.37998418e-02]
 [ 1.00000000e+00  2.22044605e-16  9.38458709e-01 -4.76317845e-04
  -4.37828229e-01  1.33575014e-02 -9.98233942e-01]]
23:16:11 - Time: 1753132571.967, tau: [-1.82643960e-03  7.57099424e-01 -3.38192979e-03 -4.70992328e-01
 -2.97026808e-03 -3.52954817e-02 -1.35276409e-05]
23:16:11 - Time: 1753132571.967, tau + g: [-1.82469003e-03 -3.93554633e+01 -2.80795465e-01  2.01790372e+01
 -6.29934923e-01  3.47391497e-02 -1.33274626e-05]
23:16:11 - Time: 1753132571.974, current_contact_force: 10.833195551870746
23:16:11 - Time: 1753132571.974, jac: [[-7.46211353e-04  9.32435014e-02 -7.98818870e-04  3.00909520e-01
   9.35594393e-04 -1.25785705e-01 -1.08420217e-18]
 [ 4.97409345e-01 -2.85271620e-04  4.34593939e-01 -6.98873622e-04
   1.16266668e-01  9.14695745e-04  0.00000000e+00]
 [ 0.00000000e+00 -4.97404734e-01  7.83332854e-04  3.52344926e-01
   1.55533087e-03  7.28833585e-03  0.00000000e+00]
 [ 0.00000000e+00  3.05941198e-03  3.45385072e-01 -1.76449389e-03
   8.99057070e-01  8.04598969e-03 -5.77397878e-02]
 [ 0.00000000e+00  9.99995320e-01 -1.05668017e-03 -9.99998330e-01
  -1.37772369e-03  9.99878170e-01  1.38183056e-02]
 [ 1.00000000e+00  2.22044605e-16  9.38460460e-01 -4.76576881e-04
  -4.37829289e-01  1.33756426e-02 -9.98236030e-01]]
23:16:11 - Time: 1753132571.974, tau: [-1.86932077e-03  7.57256331e-01 -3.41760426e-03 -4.71070583e-01
 -2.98289111e-03 -3.52640331e-02 -1.35234434e-05]
23:16:11 - Time: 1753132571.974, tau + g: [-1.86755634e-03 -3.93550693e+01 -2.80813478e-01  2.01789896e+01
 -6.29927041e-01  3.47219427e-02 -1.33238152e-05]
23:16:11 - Time: 1753132571.980, current_contact_force: 10.832786522351455
23:16:11 - Time: 1753132571.980, jac: [[-7.47244654e-04  9.32435486e-02 -7.99890566e-04  3.00910209e-01
   9.36874424e-04 -1.25785988e-01 -1.30104261e-18]
 [ 4.97412234e-01 -2.85567039e-04  4.34597951e-01 -6.99703815e-04
   1.16264612e-01  9.16036732e-04 -5.55111512e-17]
 [ 0.00000000e+00 -4.97407613e-01  7.84225995e-04  3.52349813e-01
   1.55740762e-03  7.28326989e-03 -8.67361738e-19]
 [ 0.00000000e+00  3.06257864e-03  3.45380300e-01 -1.76693870e-03
   8.99056548e-01  8.05713756e-03 -5.76992936e-02]
 [ 0.00000000e+00  9.99995310e-01 -1.05775929e-03 -9.99998325e-01
  -1.37980725e-03  9.99877838e-01  1.38367179e-02]
 [ 1.00000000e+00  2.22044605e-16  9.38462215e-01 -4.76835074e-04
  -4.37830355e-01  1.33937346e-02 -9.98238116e-01]]
23:16:11 - Time: 1753132571.980, tau: [-1.91207916e-03  7.57411732e-01 -3.45319586e-03 -4.71148886e-01
 -2.99547429e-03 -3.52326514e-02 -1.35191874e-05]
23:16:11 - Time: 1753132571.980, tau + g: [-1.91030032e-03 -3.93546761e+01 -2.80831441e-01  2.01789420e+01
 -6.29919173e-01  3.47046830e-02 -1.33201123e-05]
23:16:11 - Time: 1753132571.987, current_contact_force: 10.832377674235262
23:16:11 - Time: 1753132571.987, jac: [[-7.48275124e-04  9.32435957e-02 -8.00959315e-04  3.00910899e-01
   9.38150916e-04 -1.25786272e-01 -4.33680869e-19]
 [ 4.97415117e-01 -2.85861619e-04  4.34601961e-01 -7.00531676e-04
   1.16262557e-01  9.17374459e-04  5.55111512e-17]
 [ 0.00000000e+00 -4.97410485e-01  7.85116563e-04  3.52354697e-01
   1.55947861e-03  7.27820550e-03  8.67361738e-19]
 [ 0.00000000e+00  3.06573630e-03  3.45375519e-01 -1.76937673e-03
   8.99056024e-01  8.06825536e-03 -5.76588122e-02]
 [ 0.00000000e+00  9.99995301e-01 -1.05883524e-03 -9.99998321e-01
  -1.38188507e-03  9.99877506e-01  1.38550790e-02]
 [ 1.00000000e+00  0.00000000e+00  9.38463974e-01 -4.77092429e-04
  -4.37831425e-01  1.34117778e-02 -9.98240201e-01]]
23:16:11 - Time: 1753132571.987, tau: [-1.95471521e-03  7.57565643e-01 -3.48870469e-03 -4.71227235e-01
 -3.00801779e-03 -3.52013364e-02 -1.35148732e-05]
23:16:11 - Time: 1753132571.987, tau + g: [-1.95292241e-03 -3.93542839e+01 -2.80849353e-01  2.01788943e+01
 -6.29911319e-01  3.46873716e-02 -1.33163541e-05]
23:16:11 - Time: 1753132571.991, current_contact_force: 10.831969006464197
23:16:11 - Time: 1753132571.991, jac: [[-7.49302769e-04  9.32436428e-02 -8.02025126e-04  3.00911591e-01
   9.39423879e-04 -1.25786555e-01 -1.08420217e-18]
 [ 4.97417993e-01 -2.86155363e-04  4.34605966e-01 -7.01357213e-04
   1.16260502e-01  9.18708934e-04  0.00000000e+00]
 [ 0.00000000e+00 -4.97413351e-01  7.86004567e-04  3.52359578e-01
   1.56154386e-03  7.27314278e-03 -8.67361738e-19]
 [ 0.00000000e+00  3.06888498e-03  3.45370727e-01 -1.77180798e-03
   8.99055498e-01  8.07934319e-03 -5.76183445e-02]
 [ 0.00000000e+00  9.99995291e-01 -1.05990803e-03 -9.99998316e-01
  -1.38395715e-03  9.99877175e-01  1.38733889e-02]
 [ 1.00000000e+00  1.11022302e-16  9.38465736e-01 -4.77348952e-04
  -4.37832499e-01  1.34297723e-02 -9.98242283e-01]]
23:16:11 - Time: 1753132571.991, tau: [-1.99722937e-03  7.57718080e-01 -3.52413087e-03 -4.71305628e-01
 -3.02052178e-03 -3.51700880e-02 -1.35105013e-05]
23:16:11 - Time: 1753132571.991, tau + g: [-1.99542303e-03 -3.93538925e+01 -2.80867215e-01  2.01788465e+01
 -6.29903479e-01  3.46700097e-02 -1.33125408e-05]
23:16:11 - Time: 1753132571.999, current_contact_force: 10.831560518020195
23:16:11 - Time: 1753132571.999, jac: [[-7.50327600e-04  9.32436899e-02 -8.03088008e-04  3.00912284e-01
   9.40693325e-04 -1.25786838e-01 -4.33680869e-19]
 [ 4.97420862e-01 -2.86448274e-04  4.34609969e-01 -7.02180436e-04
   1.16258447e-01  9.20040166e-04  5.55111512e-17]
 [ 0.00000000e+00 -4.97416210e-01  7.86890016e-04  3.52364457e-01
   1.56360339e-03  7.26808184e-03  8.67361738e-19]
 [ 0.00000000e+00  3.07202474e-03  3.45365926e-01 -1.77423248e-03
   8.99054969e-01  8.09040114e-03 -5.75778912e-02]
 [ 0.00000000e+00  9.99995281e-01 -1.06097767e-03 -9.99998312e-01
  -1.38602352e-03  9.99876845e-01  1.38916479e-02]
 [ 1.00000000e+00  1.11022302e-16  9.38467502e-01 -4.77604647e-04
  -4.37833578e-01  1.34477181e-02 -9.98244363e-01]]
23:16:11 - Time: 1753132571.999, tau: [-2.03962207e-03  7.57869057e-01 -3.55947447e-03 -4.71384061e-01
 -3.03298643e-03 -3.51389061e-02 -1.35060718e-05]
23:16:11 - Time: 1753132571.999, tau + g: [-2.03780261e-03 -3.93535020e+01 -2.80885027e-01  2.01787985e+01
 -6.29895654e-01  3.46525983e-02 -1.33086726e-05]
23:16:12 - Time: 1753132572.007, current_contact_force: 10.831152207881091
23:16:12 - Time: 1753132572.007, jac: [[-7.51349622e-04  9.32437370e-02 -8.04147969e-04  3.00912979e-01
   9.41959264e-04 -1.25787120e-01  0.00000000e+00]
 [ 4.97423725e-01 -2.86740355e-04  4.34613967e-01 -7.03001350e-04
   1.16256393e-01  9.21368162e-04  0.00000000e+00]
 [ 0.00000000e+00 -4.97419062e-01  7.87772919e-04  3.52369333e-01
   1.56565722e-03  7.26302275e-03  0.00000000e+00]
 [ 0.00000000e+00  3.07515559e-03  3.45361116e-01 -1.77665026e-03
   8.99054438e-01  8.10142928e-03 -5.75374531e-02]
 [ 0.00000000e+00  9.99995272e-01 -1.06204419e-03 -9.99998308e-01
  -1.38808419e-03  9.99876514e-01  1.39098560e-02]
 [ 1.00000000e+00  1.11022302e-16  9.38469271e-01 -4.77859520e-04
  -4.37834661e-01  1.34656155e-02 -9.98246441e-01]]
23:16:12 - Time: 1753132572.007, tau: [-2.08189373e-03  7.58018591e-01 -3.59473561e-03 -4.71462534e-01
 -3.04541191e-03 -3.51077904e-02 -1.35015851e-05]
23:16:12 - Time: 1753132572.007, tau + g: [-2.08006157e-03 -3.93531123e+01 -2.80902788e-01  2.01787506e+01
 -6.29887842e-01  3.46351384e-02 -1.33047497e-05]
23:16:12 - Time: 1753132572.014, current_contact_force: 10.83074407505951
23:16:12 - Time: 1753132572.014, jac: [[-7.52368844e-04  9.32437840e-02 -8.05205017e-04  3.00913675e-01
   9.43221706e-04 -1.25787402e-01 -2.16840434e-19]
 [ 4.97426581e-01 -2.87031609e-04  4.34617962e-01 -7.03819966e-04
   1.16254339e-01  9.22692930e-04  0.00000000e+00]
 [ 0.00000000e+00 -4.97421908e-01  7.88653284e-04  3.52374206e-01
   1.56770536e-03  7.25796563e-03  0.00000000e+00]
 [ 0.00000000e+00  3.07827757e-03  3.45356296e-01 -1.77906132e-03
   8.99053906e-01  8.11242771e-03 -5.74970308e-02]
 [ 0.00000000e+00  9.99995262e-01 -1.06310758e-03 -9.99998303e-01
  -1.39013917e-03  9.99876185e-01  1.39280135e-02]
 [ 1.00000000e+00  3.33066907e-16  9.38471043e-01 -4.78113575e-04
  -4.37835748e-01  1.34834645e-02 -9.98248517e-01]]
23:16:12 - Time: 1753132572.014, tau: [-2.12404479e-03  7.58166697e-01 -3.62991439e-03 -4.71541043e-01
 -3.05779837e-03 -3.50767408e-02 -1.34970415e-05]
23:16:12 - Time: 1753132572.014, tau + g: [-2.12220034e-03 -3.93527235e+01 -2.80920500e-01  2.01787025e+01
 -6.29880045e-01  3.46176313e-02 -1.33007724e-05]
23:16:12 - Time: 1753132572.021, current_contact_force: 10.83033611856468
23:16:12 - Time: 1753132572.021, jac: [[-7.53385274e-04  9.32438310e-02 -8.06259161e-04  3.00914372e-01
   9.44480663e-04 -1.25787684e-01 -8.67361738e-19]
 [ 4.97429430e-01 -2.87322040e-04  4.34621953e-01 -7.04636289e-04
   1.16252285e-01  9.24014477e-04  5.55111512e-17]
 [ 0.00000000e+00 -4.97424747e-01  7.89531122e-04  3.52379076e-01
   1.56974783e-03  7.25291055e-03  0.00000000e+00]
 [ 0.00000000e+00  3.08139072e-03  3.45351467e-01 -1.78146570e-03
   8.99053371e-01  8.12339652e-03 -5.74566252e-02]
 [ 0.00000000e+00  9.99995253e-01 -1.06416786e-03 -9.99998299e-01
  -1.39218850e-03  9.99875855e-01  1.39461204e-02]
 [ 1.00000000e+00  1.11022302e-16  9.38472819e-01 -4.78366818e-04
  -4.37836839e-01  1.35012654e-02 -9.98250591e-01]]
23:16:12 - Time: 1753132572.021, tau: [-2.16607567e-03  7.58313389e-01 -3.66501090e-03 -4.71619586e-01
 -3.07014598e-03 -3.50457571e-02 -1.34924411e-05]
23:16:12 - Time: 1753132572.021, tau + g: [-2.16421933e-03 -3.93523356e+01 -2.80938162e-01  2.01786543e+01
 -6.29872262e-01  3.46000778e-02 -1.32967408e-05]
23:16:12 - Time: 1753132572.029, current_contact_force: 10.829928337436854
23:16:12 - Time: 1753132572.029, jac: [[-7.54398920e-04  9.32438781e-02 -8.07310410e-04  3.00915071e-01
   9.45736144e-04 -1.25787966e-01 -1.08420217e-18]
 [ 4.97432273e-01 -2.87611650e-04  4.34625940e-01 -7.05450329e-04
   1.16250232e-01  9.25332810e-04 -5.55111512e-17]
 [ 0.00000000e+00 -4.97427579e-01  7.90406441e-04  3.52383943e-01
   1.57178465e-03  7.24785761e-03  0.00000000e+00]
 [ 0.00000000e+00  3.08449507e-03  3.45346630e-01 -1.78386341e-03
   8.99052834e-01  8.13433578e-03 -5.74162369e-02]
 [ 0.00000000e+00  9.99995243e-01 -1.06522505e-03 -9.99998294e-01
  -1.39423217e-03  9.99875527e-01  1.39641770e-02]
 [ 1.00000000e+00  0.00000000e+00  9.38474598e-01 -4.78619254e-04
  -4.37837935e-01  1.35190182e-02 -9.98252662e-01]]
23:16:12 - Time: 1753132572.029, tau: [-2.20798679e-03  7.58458683e-01 -3.70002525e-03 -4.71698162e-01
 -3.08245490e-03 -3.50148393e-02 -1.34877844e-05]
23:16:12 - Time: 1753132572.029, tau + g: [-2.20611897e-03 -3.93519485e+01 -2.80955775e-01  2.01786061e+01
 -6.29864493e-01  3.45824790e-02 -1.32926551e-05]
23:16:12 - Time: 1753132572.036, current_contact_force: 10.829520730720759
23:16:12 - Time: 1753132572.036, jac: [[-7.55409790e-04  9.32439250e-02 -8.08358772e-04  3.00915771e-01
   9.46988159e-04 -1.25788247e-01 -4.33680869e-19]
 [ 4.97435109e-01 -2.87900443e-04  4.34629923e-01 -7.06262092e-04
   1.16248180e-01  9.26647938e-04  0.00000000e+00]
 [ 0.00000000e+00 -4.97430405e-01  7.91279249e-04  3.52388807e-01
   1.57381584e-03  7.24280690e-03  8.67361738e-19]
 [ 0.00000000e+00  3.08759065e-03  3.45341785e-01 -1.78625447e-03
   8.99052296e-01  8.14524558e-03 -5.73758668e-02]
 [ 0.00000000e+00  9.99995233e-01 -1.06627915e-03 -9.99998290e-01
  -1.39627021e-03  9.99875198e-01  1.39821835e-02]
 [ 1.00000000e+00  3.33066907e-16  9.38476379e-01 -4.78870887e-04
  -4.37839034e-01  1.35367231e-02 -9.98254731e-01]]
23:16:12 - Time: 1753132572.036, tau: [-2.24977859e-03  7.58602593e-01 -3.73495755e-03 -4.71776767e-01
 -3.09472531e-03 -3.49839871e-02 -1.34830717e-05]
23:16:12 - Time: 1753132572.036, tau + g: [-2.24789965e-03 -3.93515622e+01 -2.80973338e-01  2.01785577e+01
 -6.29856738e-01  3.45648360e-02 -1.32885156e-05]
23:16:12 - Time: 1753132572.042, current_contact_force: 10.829113297484021
23:16:12 - Time: 1753132572.042, jac: [[-7.56417891e-04  9.32439720e-02 -8.09404254e-04  3.00916473e-01
   9.48236720e-04 -1.25788528e-01 -1.30104261e-18]
 [ 4.97437938e-01 -2.88188422e-04  4.34633902e-01 -7.07071587e-04
   1.16246128e-01  9.27959868e-04  0.00000000e+00]
 [ 0.00000000e+00 -4.97433225e-01  7.92149556e-04  3.52393668e-01
   1.57584141e-03  7.23775851e-03 -8.67361738e-19]
 [ 0.00000000e+00  3.09067749e-03  3.45336931e-01 -1.78863891e-03
   8.99051755e-01  8.15612601e-03 -5.73355153e-02]
 [ 0.00000000e+00  9.99995224e-01 -1.06733018e-03 -9.99998286e-01
  -1.39830263e-03  9.99874870e-01  1.40001398e-02]
 [ 1.00000000e+00  2.22044605e-16  9.38478164e-01 -4.79121723e-04
  -4.37840138e-01  1.35543803e-02 -9.98256798e-01]]
23:16:12 - Time: 1753132572.042, tau: [-2.29145147e-03  7.58745133e-01 -3.76980789e-03 -4.71855400e-01
 -3.10695735e-03 -3.49532004e-02 -1.34783031e-05]
23:16:12 - Time: 1753132572.042, tau + g: [-2.28956180e-03 -3.93511769e+01 -2.80990851e-01  2.01785093e+01
 -6.29848998e-01  3.45471497e-02 -1.32843225e-05]
23:16:12 - Time: 1753132572.049, current_contact_force: 10.828706036801353
23:16:12 - Time: 1753132572.049, jac: [[-7.57423231e-04  9.32440190e-02 -8.10446867e-04  3.00917176e-01
   9.49481837e-04 -1.25788808e-01 -2.16840434e-19]
 [ 4.97440761e-01 -2.88475589e-04  4.34637878e-01 -7.07878821e-04
   1.16244076e-01  9.29268607e-04  0.00000000e+00]
 [ 0.00000000e+00 -4.97436037e-01  7.93017370e-04  3.52398526e-01
   1.57786138e-03  7.23271253e-03  0.00000000e+00]
 [ 0.00000000e+00  3.09375563e-03  3.45332069e-01 -1.79101674e-03
   8.99051213e-01  8.16697716e-03 -5.72951834e-02]
 [ 0.00000000e+00  9.99995214e-01 -1.06837815e-03 -9.99998281e-01
  -1.40032945e-03  9.99874543e-01  1.40180463e-02]
 [ 1.00000000e+00  2.22044605e-16  9.38479952e-01 -4.79371766e-04
  -4.37841245e-01  1.35719899e-02 -9.98258862e-01]]
23:16:12 - Time: 1753132572.049, tau: [-2.33300585e-03  7.58886319e-01 -3.80457639e-03 -4.71934059e-01
 -3.11915118e-03 -3.49224790e-02 -1.34734790e-05]
23:16:12 - Time: 1753132572.049, tau + g: [-2.33110583e-03 -3.93507923e+01 -2.81008315e-01  2.01784608e+01
 -6.29841272e-01  3.45294211e-02 -1.32800759e-05]
23:16:12 - Time: 1753132572.054, current_contact_force: 10.828298947768028
23:16:12 - Time: 1753132572.054, jac: [[-7.58425818e-04  9.32440659e-02 -8.11486617e-04  3.00917880e-01
   9.50723519e-04 -1.25789089e-01 -4.33680869e-19]
 [ 4.97443578e-01 -2.88761948e-04  4.34641849e-01 -7.08683802e-04
   1.16242026e-01  9.30574164e-04  0.00000000e+00]
 [ 0.00000000e+00 -4.97438844e-01  7.93882701e-04  3.52403381e-01
   1.57987577e-03  7.22766903e-03  0.00000000e+00]
 [ 0.00000000e+00  3.09682510e-03  3.45327200e-01 -1.79338799e-03
   8.99050669e-01  8.17779910e-03 -5.72548716e-02]
 [ 0.00000000e+00  9.99995205e-01 -1.06942307e-03 -9.99998277e-01
  -1.40235069e-03  9.99874216e-01  1.40359030e-02]
 [ 1.00000000e+00  1.11022302e-16  9.38481743e-01 -4.79621021e-04
  -4.37842356e-01  1.35895520e-02 -9.98260924e-01]]
23:16:12 - Time: 1753132572.054, tau: [-2.37444215e-03  7.59026165e-01 -3.83926314e-03 -4.72012742e-01
 -3.13130697e-03 -3.48918228e-02 -1.34685997e-05]
23:16:12 - Time: 1753132572.054, tau + g: [-2.37253214e-03 -3.93504087e+01 -2.81025730e-01  2.01784123e+01
 -6.29833561e-01  3.45116513e-02 -1.32757760e-05]
23:16:12 - Time: 1753132572.062, current_contact_force: 10.827892029490249
23:16:12 - Time: 1753132572.062, jac: [[-7.59425660e-04  9.32441128e-02 -8.12523513e-04  3.00918585e-01
   9.51961777e-04 -1.25789369e-01 -2.16840434e-19]
 [ 4.97446388e-01 -2.89047501e-04  4.34645816e-01 -7.09486537e-04
   1.16239976e-01  9.31876544e-04  5.55111512e-17]
 [ 0.00000000e+00 -4.97441643e-01  7.94745556e-04  3.52408232e-01
   1.58188459e-03  7.22262811e-03  0.00000000e+00]
 [ 0.00000000e+00  3.09988592e-03  3.45322323e-01 -1.79575267e-03
   8.99050123e-01  8.18859192e-03 -5.72145806e-02]
 [ 0.00000000e+00  9.99995195e-01 -1.07046495e-03 -9.99998272e-01
  -1.40436636e-03  9.99873889e-01  1.40537102e-02]
 [ 1.00000000e+00  1.11022302e-16  9.38483536e-01 -4.79869492e-04
  -4.37843471e-01  1.36070667e-02 -9.98262984e-01]]
23:16:12 - Time: 1753132572.062, tau: [-2.41576078e-03  7.59164684e-01 -3.87386826e-03 -4.72091446e-01
 -3.14342487e-03 -3.48612317e-02 -1.34636655e-05]
23:16:12 - Time: 1753132572.062, tau + g: [-2.41384114e-03 -3.93500258e+01 -2.81043096e-01  2.01783636e+01
 -6.29825864e-01  3.44938411e-02 -1.32714232e-05]
23:16:12 - Time: 1753132572.069, current_contact_force: 10.827485281091386
23:16:12 - Time: 1753132572.069, jac: [[-7.60422764e-04  9.32441597e-02 -8.13557564e-04  3.00919291e-01
   9.53196622e-04 -1.25789648e-01 -2.16840434e-19]
 [ 4.97449191e-01 -2.89332252e-04  4.34649780e-01 -7.10287034e-04
   1.16237926e-01  9.33175757e-04  5.55111512e-17]
 [ 0.00000000e+00 -4.97444437e-01  7.95605944e-04  3.52413080e-01
   1.58388787e-03  7.21758986e-03  8.67361738e-19]
 [ 0.00000000e+00  3.10293814e-03  3.45317439e-01 -1.79811081e-03
   8.99049575e-01  8.19935571e-03 -5.71743111e-02]
 [ 0.00000000e+00  9.99995186e-01 -1.07150381e-03 -9.99998268e-01
  -1.40637648e-03  9.99873563e-01  1.40714679e-02]
 [ 1.00000000e+00  0.00000000e+00  9.38485332e-01 -4.80117185e-04
  -4.37844589e-01  1.36245342e-02 -9.98265041e-01]]
23:16:12 - Time: 1753132572.069, tau: [-2.45696215e-03  7.59301891e-01 -3.90839185e-03 -4.72170169e-01
 -3.15550504e-03 -3.48307054e-02 -1.34586766e-05]
23:16:12 - Time: 1753132572.069, tau + g: [-2.45503324e-03 -3.93496439e+01 -2.81060413e-01  2.01783149e+01
 -6.29818181e-01  3.44759915e-02 -1.32670175e-05]
23:16:12 - Time: 1753132572.076, current_contact_force: 10.827078701704886
23:16:12 - Time: 1753132572.076, jac: [[-7.61417138e-04  9.32442066e-02 -8.14588777e-04  3.00919998e-01
   9.54428063e-04 -1.25789927e-01 -1.08420217e-18]
 [ 4.97451988e-01 -2.89616204e-04  4.34653739e-01 -7.11085301e-04
   1.16235877e-01  9.34471809e-04 -5.55111512e-17]
 [ 0.00000000e+00 -4.97447223e-01  7.96463875e-04  3.52417924e-01
   1.58588561e-03  7.21255434e-03 -8.67361738e-19]
 [ 0.00000000e+00  3.10598178e-03  3.45312547e-01 -1.80046241e-03
   8.99049025e-01  8.21009054e-03 -5.71340638e-02]
 [ 0.00000000e+00  9.99995176e-01 -1.07253965e-03 -9.99998264e-01
  -1.40838106e-03  9.99873238e-01  1.40891763e-02]
 [ 1.00000000e+00  2.22044605e-16  9.38487131e-01 -4.80364103e-04
  -4.37845711e-01  1.36419547e-02 -9.98267095e-01]]
23:16:12 - Time: 1753132572.076, tau: [-2.49804667e-03  7.59437800e-01 -3.94283402e-03 -4.72248910e-01
 -3.16754763e-03 -3.48002439e-02 -1.34536332e-05]
23:16:12 - Time: 1753132572.076, tau + g: [-2.49610882e-03 -3.93492627e+01 -2.81077681e-01  2.01782662e+01
 -6.29810513e-01  3.44581035e-02 -1.32625592e-05]
23:16:12 - Time: 1753132572.084, current_contact_force: 10.826672290481936
23:16:12 - Time: 1753132572.084, jac: [[-7.62408790e-04  9.32442534e-02 -8.15617161e-04  3.00920707e-01
   9.55656111e-04 -1.25790206e-01 -8.67361738e-19]
 [ 4.97454778e-01 -2.89899358e-04  4.34657694e-01 -7.11881345e-04
   1.16233830e-01  9.35764707e-04  0.00000000e+00]
 [ 0.00000000e+00 -4.97450004e-01  7.97319355e-04  3.52422765e-01
   1.58787783e-03  7.20752165e-03  1.73472348e-18]
 [ 0.00000000e+00  3.10901687e-03  3.45307649e-01 -1.80280752e-03
   8.99048474e-01  8.22079651e-03 -5.70938392e-02]
 [ 0.00000000e+00  9.99995167e-01 -1.07357250e-03 -9.99998259e-01
  -1.41038012e-03  9.99872913e-01  1.41068356e-02]
 [ 1.00000000e+00  3.33066907e-16  9.38488932e-01 -4.80610252e-04
  -4.37846837e-01  1.36593283e-02 -9.98269147e-01]]
23:16:12 - Time: 1753132572.084, tau: [-2.53901475e-03  7.59572424e-01 -3.97719488e-03 -4.72327666e-01
 -3.17955280e-03 -3.47698469e-02 -1.34485358e-05]
23:16:12 - Time: 1753132572.084, tau + g: [-2.53706830e-03 -3.93488824e+01 -2.81094901e-01  2.01782173e+01
 -6.29802859e-01  3.44401780e-02 -1.32580485e-05]
23:16:12 - Time: 1753132572.090, current_contact_force: 10.82626604658366
23:16:12 - Time: 1753132572.090, jac: [[-7.63397728e-04  9.32443003e-02 -8.16642724e-04  3.00921416e-01
   9.56880776e-04 -1.25790485e-01 -8.67361738e-19]
 [ 4.97457563e-01 -2.90181719e-04  4.34661645e-01 -7.12675173e-04
   1.16231782e-01  9.37054460e-04 -5.55111512e-17]
 [ 0.00000000e+00 -4.97452778e-01  7.98172395e-04  3.52427602e-01
   1.58986456e-03  7.20249186e-03 -8.67361738e-19]
 [ 0.00000000e+00  3.11204345e-03  3.45302744e-01 -1.80514613e-03
   8.99047921e-01  8.23147368e-03 -5.70536381e-02]
 [ 0.00000000e+00  9.99995158e-01 -1.07460235e-03 -9.99998255e-01
  -1.41237368e-03  9.99872588e-01  1.41244459e-02]
 [ 1.00000000e+00  2.22044605e-16  9.38490735e-01 -4.80855636e-04
  -4.37847965e-01  1.36766550e-02 -9.98271197e-01]]
23:16:12 - Time: 1753132572.090, tau: [-2.57986677e-03  7.59705776e-01 -4.01147453e-03 -4.72406435e-01
 -3.19152070e-03 -3.47395143e-02 -1.34433845e-05]
23:16:12 - Time: 1753132572.090, tau + g: [-2.57791206e-03 -3.93485030e+01 -2.81112071e-01  2.01781684e+01
 -6.29795220e-01  3.44222160e-02 -1.32534855e-05]
23:16:12 - Time: 1753132572.097, current_contact_force: 10.825859969188407
23:16:12 - Time: 1753132572.097, jac: [[-7.64383958e-04  9.32443471e-02 -8.17665474e-04  3.00922126e-01
   9.58102068e-04 -1.25790763e-01 -2.16840434e-19]
 [ 4.97460340e-01 -2.90463290e-04  4.34665592e-01 -7.13466793e-04
   1.16229736e-01  9.38341074e-04  0.00000000e+00]
 [ 0.00000000e+00 -4.97455546e-01  7.99023002e-04  3.52432436e-01
   1.59184580e-03  7.19746505e-03  0.00000000e+00]
 [ 0.00000000e+00  3.11506155e-03  3.45297833e-01 -1.80747828e-03
   8.99047367e-01  8.24212216e-03 -5.70134610e-02]
 [ 0.00000000e+00  9.99995148e-01 -1.07562922e-03 -9.99998251e-01
  -1.41436175e-03  9.99872264e-01  1.41420074e-02]
 [ 1.00000000e+00  1.11022302e-16  9.38492541e-01 -4.81100259e-04
  -4.37849098e-01  1.36939351e-02 -9.98273244e-01]]
23:16:12 - Time: 1753132572.097, tau: [-2.62060316e-03  7.59837871e-01 -4.04567310e-03 -4.72485216e-01
 -3.20345149e-03 -3.47092461e-02 -1.34381796e-05]
23:16:12 - Time: 1753132572.097, tau + g: [-2.61864051e-03 -3.93481244e+01 -2.81129193e-01  2.01781195e+01
 -6.29787595e-01  3.44042182e-02 -1.32488706e-05]
23:16:12 - Starting circle drawing!
23:16:12 - Time: 1753132572.101, current_contact_force: 10.8254540574856
