INFO:root:twist: [ 0.  0. -0.  0.  0.  0.]
INFO:root:twist: [-0.  0. -0. -0.  0.  0.]
INFO:root:twist: [ 0.  0.  0. -0. -0.  0.]
INFO:root:twist: [ 0.  0.  0.  0. -0.  0.]
INFO:root:twist: [-0.  0.  0.  0. -0.  0.]
INFO:root:twist: [-0.  0.  0.  0. -0.  0.]
INFO:root:twist: [-0.  0.  0.  0. -0.  0.]
INFO:root:twist: [-0.  0.  0.  0. -0.  0.]
INFO:root:twist: [-0.  0.  0.  0. -0.  0.]
INFO:root:twist: [-0.  0.  0.  0. -0.  0.]
INFO:root:twist: [-0.  0.  0.  0. -0.  0.]
INFO:root:twist: [-0.  0.  0.  0. -0.  0.]
INFO:root:twist: [-0.  0.  0.  0. -0.  0.]
INFO:root:twist: [ 0.  0.  0.  0. -0.  0.]
INFO:root:twist: [ 0.      0.      0.      0.     -0.0001  0.    ]
INFO:root:twist: [ 0.      0.      0.      0.     -0.0001  0.    ]
INFO:root:twist: [ 0.      0.      0.      0.     -0.0001  0.    ]
INFO:root:twist: [ 0.      0.      0.      0.     -0.0001  0.    ]
INFO:root:twist: [ 0.      0.      0.      0.     -0.0001 -0.    ]
INFO:root:twist: [ 0.      0.      0.0001  0.     -0.0001  0.    ]
INFO:root:twist: [ 0.      0.      0.0001  0.     -0.0001  0.    ]
INFO:root:twist: [ 0.      0.      0.0001  0.     -0.0001 -0.    ]
INFO:root:twist: [ 0.      0.      0.0001  0.     -0.0001 -0.    ]
INFO:root:twist: [ 0.      0.      0.0001  0.     -0.0001  0.    ]
INFO:root:twist: [ 0.      0.      0.0001  0.     -0.0001  0.    ]
INFO:root:twist: [ 0.      0.      0.0001  0.     -0.0001 -0.    ]
INFO:root:twist: [ 0.      0.      0.0001  0.     -0.0001  0.    ]
INFO:root:twist: [ 0.      0.      0.0001  0.     -0.0001  0.    ]
INFO:root:twist: [ 0.      0.      0.0001  0.     -0.0002 -0.    ]
INFO:root:twist: [ 0.      0.      0.0001 -0.     -0.0002 -0.    ]
INFO:root:twist: [ 0.      0.      0.0001  0.     -0.0002 -0.    ]
INFO:root:twist: [ 0.      0.      0.0001  0.     -0.0002 -0.    ]
INFO:root:twist: [ 0.      0.      0.0001  0.     -0.0002 -0.    ]
INFO:root:twist: [ 0.      0.      0.0001  0.     -0.0002 -0.    ]
INFO:root:twist: [ 0.      0.      0.0001  0.     -0.0002 -0.    ]
INFO:root:twist: [ 0.     -0.      0.0001  0.     -0.0002 -0.    ]
INFO:root:twist: [ 0.      0.      0.0001  0.     -0.0002 -0.    ]
INFO:root:twist: [ 0.      0.      0.0001  0.     -0.0002 -0.    ]
INFO:root:twist: [ 0.      0.      0.0001  0.     -0.0002 -0.    ]
INFO:root:twist: [ 0.      0.      0.0001 -0.     -0.0003 -0.    ]
INFO:root:twist: [ 0.      0.      0.0001  0.     -0.0003 -0.    ]
INFO:root:twist: [ 0.      0.      0.0002  0.     -0.0003 -0.    ]
INFO:root:twist: [ 0.      0.      0.0002  0.     -0.0003 -0.    ]
INFO:root:twist: [ 0.      0.      0.0002  0.     -0.0003 -0.    ]
INFO:root:twist: [ 0.     -0.      0.0002 -0.     -0.0003 -0.    ]
INFO:root:twist: [ 0.      0.      0.0002  0.     -0.0003 -0.    ]
INFO:root:twist: [ 0.      0.      0.0002 -0.     -0.0003 -0.    ]
INFO:root:twist: [ 0.      0.      0.0002 -0.     -0.0003 -0.    ]
INFO:root:twist: [ 0.      0.      0.0002  0.     -0.0003 -0.    ]
INFO:root:twist: [ 0.      0.      0.0002  0.     -0.0003 -0.    ]
INFO:root:twist: [ 0.      0.      0.0002  0.     -0.0004 -0.    ]
INFO:root:twist: [ 0.      0.      0.0002 -0.     -0.0004 -0.    ]
INFO:root:twist: [ 0.      0.      0.0002 -0.     -0.0004 -0.    ]
INFO:root:twist: [ 0.      0.      0.0002  0.     -0.0004 -0.    ]
INFO:root:twist: [ 0.      0.      0.0002  0.     -0.0004 -0.    ]
INFO:root:twist: [-0.      0.      0.0002  0.     -0.0004 -0.    ]
INFO:root:twist: [-0.      0.      0.0002  0.     -0.0004 -0.    ]
INFO:root:twist: [-0.      0.      0.0002  0.     -0.0004 -0.    ]
INFO:root:twist: [-0.      0.      0.0002  0.     -0.0004 -0.    ]
INFO:root:twist: [-0.      0.      0.0002  0.     -0.0004 -0.    ]
INFO:root:twist: [-0.      0.      0.0002  0.     -0.0004 -0.    ]
INFO:root:twist: [-0.      0.      0.0002  0.     -0.0004 -0.    ]
INFO:root:twist: [-0.      0.      0.0002  0.     -0.0005 -0.    ]
INFO:root:twist: [-0.      0.      0.0002  0.     -0.0005 -0.    ]
INFO:root:twist: [-0.      0.      0.0003  0.     -0.0005 -0.    ]
INFO:root:twist: [-0.     -0.      0.0003  0.     -0.0005 -0.    ]
INFO:root:twist: [-0.      0.      0.0003  0.     -0.0005 -0.    ]
INFO:root:twist: [-0.      0.      0.0003  0.     -0.0005 -0.    ]
INFO:root:twist: [-0.      0.      0.0003  0.     -0.0005 -0.0001]
INFO:root:twist: [-0.      0.      0.0003  0.     -0.0005 -0.0001]
INFO:root:twist: [-0.     -0.      0.0003  0.     -0.0005 -0.0001]
INFO:root:twist: [-0.      0.      0.0003  0.     -0.0005 -0.0001]
INFO:root:twist: [-0.      0.      0.0003  0.     -0.0005 -0.0001]
INFO:root:twist: [-0.     -0.      0.0003  0.     -0.0005 -0.0001]
INFO:root:twist: [-0.     -0.      0.0003  0.     -0.0006 -0.0001]
INFO:root:twist: [-0.     -0.      0.0003  0.     -0.0006 -0.0001]
INFO:root:twist: [-0.     -0.      0.0003  0.     -0.0006 -0.0001]
INFO:root:twist: [-0.     -0.      0.0003  0.     -0.0006 -0.0001]
INFO:root:twist: [-0.     -0.      0.0003  0.     -0.0006 -0.0001]
INFO:root:twist: [-0.      0.      0.0003  0.     -0.0006 -0.0001]
INFO:root:twist: [-0.      0.      0.0003  0.     -0.0006 -0.0001]
INFO:root:twist: [-0.     -0.      0.0003  0.     -0.0006 -0.0001]
INFO:root:twist: [-0.     -0.      0.0003  0.     -0.0006 -0.0001]
INFO:root:twist: [-0.     -0.      0.0003  0.     -0.0006 -0.0001]
INFO:root:twist: [-0.      0.      0.0004  0.     -0.0006 -0.0001]
INFO:root:twist: [-0.      0.      0.0004  0.     -0.0007 -0.0001]
INFO:root:twist: [-0.      0.      0.0004  0.     -0.0007 -0.0001]
INFO:root:twist: [-0.      0.      0.0004  0.     -0.0007 -0.0001]
INFO:root:twist: [-0.      0.      0.0004  0.     -0.0007 -0.0001]
INFO:root:twist: [-0.      0.      0.0004  0.     -0.0007 -0.0001]
INFO:root:twist: [-0.      0.      0.0004  0.     -0.0007 -0.0001]
INFO:root:twist: [-0.      0.      0.0004  0.     -0.0007 -0.0001]
INFO:root:twist: [-0.      0.      0.0004  0.     -0.0007 -0.0001]
INFO:root:twist: [-0.      0.      0.0004  0.     -0.0007 -0.0001]
INFO:root:twist: [-0.      0.      0.0004  0.     -0.0007 -0.0001]
INFO:root:twist: [-0.      0.      0.0004  0.     -0.0007 -0.0001]
INFO:root:twist: [-0.      0.      0.0004  0.     -0.0008 -0.0001]
INFO:root:twist: [-0.      0.      0.0004  0.     -0.0008 -0.0001]
INFO:root:twist: [-0.      0.      0.0004  0.     -0.0008 -0.0001]
INFO:root:twist: [-0.      0.      0.0004  0.     -0.0008 -0.0001]
INFO:root:twist: [-0.      0.      0.0004  0.     -0.0008 -0.0001]
INFO:root:twist: [-0.      0.      0.0004  0.     -0.0008 -0.0001]
INFO:root:twist: [-0.      0.      0.0004  0.     -0.0008 -0.0001]
INFO:root:twist: [-0.      0.      0.0004  0.     -0.0008 -0.0001]
INFO:root:twist: [-0.      0.      0.0004  0.     -0.0008 -0.0002]
INFO:root:twist: [-0.     -0.      0.0004  0.     -0.0008 -0.0001]
INFO:root:twist: [-0.      0.      0.0004  0.     -0.0008 -0.0002]
INFO:root:twist: [-0.      0.      0.0004  0.     -0.0008 -0.0002]
INFO:root:twist: [-0.     -0.      0.0004  0.     -0.0008 -0.0002]
INFO:root:twist: [-0.     -0.      0.0005  0.     -0.0009 -0.0002]
INFO:root:twist: [-0.     -0.      0.0005  0.     -0.0009 -0.0002]
INFO:root:twist: [-0.     -0.      0.0005  0.     -0.0009 -0.0002]
INFO:root:twist: [-0.     -0.      0.0005  0.     -0.0009 -0.0002]
INFO:root:twist: [-0.     -0.      0.0005  0.     -0.0009 -0.0002]
INFO:root:twist: [-0.     -0.      0.0005  0.     -0.0009 -0.0002]
INFO:root:twist: [-0.     -0.      0.0005  0.     -0.0009 -0.0002]
INFO:root:twist: [-0.     -0.      0.0005  0.     -0.0009 -0.0002]
INFO:root:twist: [-0.     -0.      0.0005  0.     -0.0009 -0.0002]
INFO:root:twist: [-0.     -0.      0.0005  0.     -0.0009 -0.0002]
INFO:root:twist: [-0.     -0.      0.0005  0.     -0.0009 -0.0002]
INFO:root:twist: [-0.     -0.      0.0005  0.     -0.0009 -0.0002]
INFO:root:twist: [-0.     -0.      0.0005  0.     -0.0009 -0.0002]
INFO:root:twist: [-0.     -0.      0.0005  0.     -0.001  -0.0002]
INFO:root:twist: [-0.     -0.      0.0005  0.     -0.001  -0.0002]
INFO:root:twist: [-0.     -0.      0.0005  0.     -0.001  -0.0002]
INFO:root:twist: [-0.     -0.      0.0005  0.     -0.001  -0.0002]
INFO:root:twist: [-0.     -0.      0.0005  0.     -0.001  -0.0002]
INFO:root:twist: [-0.     -0.      0.0005  0.     -0.001  -0.0002]
INFO:root:twist: [-0.     -0.      0.0005  0.     -0.001  -0.0002]
INFO:root:twist: [-0.     -0.      0.0005  0.     -0.001  -0.0002]
INFO:root:twist: [-0.     -0.      0.0005  0.     -0.001  -0.0002]
INFO:root:twist: [-0.     -0.      0.0005  0.     -0.001  -0.0002]
INFO:root:twist: [-0.     -0.      0.0005  0.     -0.001  -0.0002]
INFO:root:twist: [-0.     -0.      0.0005  0.     -0.001  -0.0002]
INFO:root:twist: [-0.     -0.      0.0005  0.     -0.001  -0.0002]
INFO:root:twist: [-0.     -0.      0.0005  0.     -0.0011 -0.0002]
INFO:root:twist: [-0.     -0.      0.0005  0.     -0.0011 -0.0002]
INFO:root:twist: [-0.     -0.      0.0005  0.     -0.0011 -0.0002]
INFO:root:twist: [-0.     -0.      0.0005  0.     -0.0011 -0.0002]
INFO:root:twist: [-0.     -0.      0.0006  0.     -0.0011 -0.0002]
INFO:root:twist: [-0.     -0.      0.0006  0.     -0.0011 -0.0002]
INFO:root:twist: [-0.     -0.      0.0006  0.     -0.0011 -0.0002]
INFO:root:twist: [-0.     -0.      0.0006  0.     -0.0011 -0.0002]
INFO:root:twist: [-0.     -0.      0.0006  0.     -0.0011 -0.0002]
INFO:root:twist: [-0.     -0.      0.0006  0.     -0.0011 -0.0002]
INFO:root:twist: [-0.     -0.      0.0006  0.     -0.0011 -0.0002]
INFO:root:twist: [-0.     -0.      0.0006  0.     -0.0011 -0.0002]
INFO:root:twist: [-0.     -0.      0.0006  0.     -0.0012 -0.0002]
INFO:root:twist: [-0.     -0.      0.0006  0.     -0.0012 -0.0002]
INFO:root:twist: [-0.     -0.      0.0006  0.     -0.0012 -0.0002]
INFO:root:twist: [-0.     -0.      0.0006  0.     -0.0012 -0.0002]
INFO:root:twist: [-0.     -0.      0.0006  0.     -0.0012 -0.0002]
INFO:root:twist: [-0.     -0.      0.0006  0.     -0.0012 -0.0002]
INFO:root:twist: [-0.     -0.      0.0006  0.     -0.0012 -0.0002]
INFO:root:twist: [-0.     -0.      0.0006  0.     -0.0012 -0.0003]
INFO:root:twist: [-0.     -0.      0.0006  0.     -0.0012 -0.0002]
INFO:root:twist: [-0.     -0.      0.0006  0.     -0.0012 -0.0003]
INFO:root:twist: [-0.     -0.      0.0006  0.     -0.0012 -0.0003]
INFO:root:twist: [-0.     -0.      0.0006  0.     -0.0012 -0.0003]
INFO:root:twist: [-0.     -0.      0.0006  0.     -0.0013 -0.0003]
INFO:root:twist: [-0.     -0.      0.0006  0.     -0.0013 -0.0003]
INFO:root:twist: [-0.     -0.      0.0006  0.     -0.0013 -0.0003]
INFO:root:twist: [-0.     -0.      0.0006  0.     -0.0013 -0.0003]
INFO:root:twist: [-0.     -0.      0.0006  0.     -0.0013 -0.0003]
INFO:root:twist: [-0.     -0.0001  0.0006  0.     -0.0013 -0.0003]
INFO:root:twist: [-0.     -0.      0.0006  0.     -0.0013 -0.0003]
INFO:root:twist: [-0.     -0.0001  0.0006  0.     -0.0013 -0.0003]
INFO:root:twist: [-0.     -0.0001  0.0006  0.     -0.0013 -0.0003]
INFO:root:twist: [-0.     -0.0001  0.0006  0.     -0.0013 -0.0003]
INFO:root:twist: [-0.     -0.0001  0.0006  0.     -0.0013 -0.0003]
INFO:root:twist: [-0.     -0.0001  0.0006  0.     -0.0014 -0.0003]
INFO:root:twist: [-0.     -0.0001  0.0007  0.     -0.0014 -0.0003]
INFO:root:twist: [-0.     -0.0001  0.0007  0.     -0.0014 -0.0003]
INFO:root:twist: [-0.     -0.0001  0.0007  0.     -0.0014 -0.0003]
INFO:root:twist: [-0.0001 -0.0001  0.0007  0.     -0.0014 -0.0003]
INFO:root:twist: [-0.0001 -0.0001  0.0007  0.     -0.0014 -0.0003]
INFO:root:twist: [-0.0001 -0.0001  0.0007  0.     -0.0014 -0.0003]
INFO:root:twist: [-0.0001 -0.0001  0.0007  0.     -0.0014 -0.0003]
INFO:root:twist: [-0.0001 -0.0001  0.0007  0.     -0.0014 -0.0003]
INFO:root:twist: [-0.0001 -0.0001  0.0007  0.     -0.0014 -0.0003]
INFO:root:twist: [-0.0001 -0.0001  0.0007  0.     -0.0014 -0.0003]
INFO:root:twist: [-0.0001 -0.0001  0.0007  0.     -0.0014 -0.0003]
INFO:root:twist: [-0.0001 -0.0001  0.0007  0.     -0.0015 -0.0003]
INFO:root:twist: [-0.0001 -0.0001  0.0007  0.     -0.0015 -0.0003]
INFO:root:twist: [-0.0001 -0.0001  0.0007  0.     -0.0015 -0.0003]
INFO:root:twist: [-0.0001 -0.0001  0.0007  0.     -0.0015 -0.0003]
INFO:root:twist: [-0.0001 -0.0001  0.0007  0.     -0.0015 -0.0003]
INFO:root:twist: [-0.0001 -0.0001  0.0007  0.     -0.0015 -0.0003]
INFO:root:twist: [-0.0001 -0.0001  0.0007  0.     -0.0015 -0.0003]
INFO:root:twist: [-0.0001 -0.0001  0.0007  0.     -0.0015 -0.0003]
INFO:root:twist: [-0.0001 -0.0001  0.0007  0.     -0.0015 -0.0003]
INFO:root:twist: [-0.0001 -0.0001  0.0007  0.     -0.0015 -0.0003]
INFO:root:twist: [-0.0001 -0.0001  0.0007  0.     -0.0015 -0.0003]
INFO:root:twist: [-0.0001 -0.0001  0.0007  0.     -0.0015 -0.0003]
INFO:root:twist: [-0.0001 -0.0001  0.0007  0.     -0.0016 -0.0003]
INFO:root:twist: [-0.0001 -0.0001  0.0007  0.     -0.0016 -0.0003]
INFO:root:twist: [-0.0001 -0.0001  0.0007  0.     -0.0016 -0.0003]
INFO:root:twist: [-0.0001 -0.0001  0.0007  0.     -0.0016 -0.0003]
INFO:root:twist: [-0.0001 -0.0001  0.0007  0.     -0.0016 -0.0003]
INFO:root:twist: [-0.0001 -0.0001  0.0007  0.     -0.0016 -0.0003]
INFO:root:twist: [-0.0001 -0.0001  0.0007  0.     -0.0016 -0.0003]
INFO:root:twist: [-0.0001 -0.0001  0.0007  0.     -0.0016 -0.0003]
INFO:root:twist: [-0.0001 -0.0001  0.0007  0.     -0.0016 -0.0003]
INFO:root:twist: [-0.0001 -0.0001  0.0007  0.     -0.0016 -0.0003]
INFO:root:twist: [-0.0001 -0.0001  0.0007  0.     -0.0017 -0.0003]
INFO:root:twist: [-0.0001 -0.      0.0007  0.     -0.0017 -0.0003]
INFO:root:twist: [-0.0001 -0.0001  0.0008  0.     -0.0017 -0.0003]
INFO:root:twist: [-0.0001 -0.0001  0.0008  0.     -0.0017 -0.0003]
INFO:root:twist: [-0.0001 -0.0001  0.0008  0.     -0.0017 -0.0003]
INFO:root:twist: [-0.0001 -0.      0.0008  0.     -0.0017 -0.0003]
INFO:root:twist: [-0.0001 -0.      0.0008  0.     -0.0017 -0.0003]
INFO:root:twist: [-0.0001 -0.      0.0008  0.     -0.0017 -0.0003]
INFO:root:twist: [-0.0001 -0.      0.0008  0.     -0.0017 -0.0003]
INFO:root:twist: [-0.0001 -0.      0.0008  0.     -0.0018 -0.0003]
INFO:root:twist: [-0.0001 -0.      0.0008  0.     -0.0018 -0.0003]
INFO:root:twist: [-0.0001 -0.      0.0008  0.     -0.0018 -0.0003]
INFO:root:twist: [-0.0001 -0.      0.0008  0.     -0.0018 -0.0003]
INFO:root:twist: [-0.0001 -0.      0.0008  0.     -0.0018 -0.0003]
INFO:root:twist: [-0.0001 -0.      0.0008  0.     -0.0018 -0.0003]
INFO:root:twist: [-0.0001 -0.      0.0008  0.     -0.0018 -0.0003]
INFO:root:twist: [-0.0001 -0.      0.0008  0.     -0.0018 -0.0003]
INFO:root:twist: [-0.0001 -0.      0.0008  0.     -0.0018 -0.0003]
INFO:root:twist: [-0.0001 -0.      0.0008  0.     -0.0018 -0.0003]
INFO:root:twist: [-0.0001 -0.      0.0008  0.     -0.0019 -0.0003]
INFO:root:twist: [-0.0001 -0.      0.0008  0.     -0.0019 -0.0003]
INFO:root:twist: [-0.0001 -0.      0.0008  0.     -0.0019 -0.0003]
INFO:root:twist: [-0.0001 -0.      0.0008  0.     -0.0019 -0.0003]
INFO:root:twist: [-0.0001 -0.      0.0008  0.     -0.0019 -0.0003]
INFO:root:twist: [-0.0001 -0.      0.0008  0.     -0.0019 -0.0003]
INFO:root:twist: [-0.0001 -0.      0.0008  0.     -0.0019 -0.0003]
INFO:root:twist: [-0.0001 -0.      0.0008  0.     -0.0019 -0.0003]
INFO:root:twist: [-0.0001 -0.      0.0008  0.     -0.0019 -0.0003]
INFO:root:twist: [-0.0001 -0.      0.0008  0.     -0.002  -0.0003]
INFO:root:twist: [-0.0001 -0.      0.0008  0.     -0.002  -0.0003]
INFO:root:twist: [-0.0001 -0.      0.0008  0.     -0.002  -0.0003]
INFO:root:twist: [-0.0001 -0.      0.0008  0.     -0.002  -0.0003]
INFO:root:twist: [-0.0001 -0.      0.0008  0.     -0.002  -0.0003]
INFO:root:twist: [-0.0001 -0.      0.0008  0.     -0.002  -0.0003]
INFO:root:twist: [-0.0001 -0.      0.0008  0.     -0.002  -0.0003]
INFO:root:twist: [-0.0001 -0.      0.0008  0.     -0.002  -0.0003]
INFO:root:twist: [-0.0001 -0.      0.0008  0.     -0.0021 -0.0003]
INFO:root:twist: [-0.0001 -0.      0.0008  0.     -0.0021 -0.0003]
INFO:root:twist: [-0.0001 -0.      0.0008  0.     -0.0021 -0.0003]
INFO:root:twist: [-0.0001 -0.      0.0008  0.     -0.0021 -0.0003]
INFO:root:twist: [-0.0001 -0.      0.0008  0.     -0.0021 -0.0003]
INFO:root:twist: [-0.0001 -0.      0.0008  0.     -0.0021 -0.0003]
INFO:root:twist: [-0.0001 -0.      0.0009  0.     -0.0021 -0.0003]
INFO:root:twist: [-0.0001 -0.      0.0008  0.     -0.0021 -0.0003]
INFO:root:twist: [-0.0001 -0.      0.0009  0.     -0.0021 -0.0003]
INFO:root:twist: [-0.0001 -0.      0.0009  0.     -0.0022 -0.0003]
INFO:root:twist: [-0.0001 -0.      0.0009  0.     -0.0022 -0.0003]
INFO:root:twist: [-0.0001 -0.      0.0009  0.     -0.0022 -0.0003]
INFO:root:twist: [-0.0001 -0.      0.0009  0.     -0.0022 -0.0003]
INFO:root:twist: [-0.0001 -0.      0.0009  0.     -0.0022 -0.0003]
INFO:root:twist: [-0.0001 -0.      0.0009  0.     -0.0022 -0.0003]
INFO:root:twist: [-0.0001 -0.      0.0009  0.     -0.0022 -0.0003]
INFO:root:twist: [-0.0001 -0.      0.0009  0.     -0.0022 -0.0003]
INFO:root:twist: [-0.0001 -0.      0.0009  0.     -0.0022 -0.0003]
INFO:root:twist: [-0.0001 -0.      0.0009  0.     -0.0023 -0.0003]
INFO:root:twist: [-0.0001 -0.      0.0009  0.     -0.0023 -0.0003]
INFO:root:twist: [-0.0001 -0.      0.0009  0.     -0.0023 -0.0003]
INFO:root:twist: [-0.0001 -0.      0.0009  0.     -0.0023 -0.0003]
INFO:root:twist: [-0.0001 -0.      0.0009  0.     -0.0023 -0.0003]
INFO:root:twist: [-0.0001 -0.      0.0009 -0.     -0.0023 -0.0003]
INFO:root:twist: [-0.0001 -0.      0.0009  0.     -0.0023 -0.0003]
INFO:root:twist: [-0.0001 -0.      0.0009  0.     -0.0023 -0.0003]
INFO:root:twist: [-0.0001  0.      0.0009 -0.     -0.0023 -0.0003]
INFO:root:twist: [-0.0001  0.      0.0009 -0.     -0.0024 -0.0003]
INFO:root:twist: [-0.0001  0.      0.0009 -0.     -0.0024 -0.0003]
INFO:root:twist: [-0.0001  0.      0.0009 -0.     -0.0024 -0.0003]
INFO:root:twist: [-0.0001  0.      0.0009 -0.     -0.0024 -0.0003]
INFO:root:twist: [-0.0001  0.      0.0009 -0.     -0.0024 -0.0003]
INFO:root:twist: [-0.0001  0.      0.0009 -0.     -0.0024 -0.0003]
INFO:root:twist: [-0.0001  0.      0.0009 -0.     -0.0024 -0.0003]
INFO:root:twist: [-0.0001  0.      0.0009 -0.     -0.0024 -0.0003]
INFO:root:twist: [-0.0001  0.      0.0009 -0.     -0.0024 -0.0003]
INFO:root:twist: [-0.0001  0.      0.0009 -0.     -0.0025 -0.0003]
INFO:root:twist: [-0.0001  0.      0.0009 -0.     -0.0025 -0.0003]
INFO:root:twist: [-0.0001  0.      0.0009 -0.     -0.0025 -0.0003]
INFO:root:twist: [-0.0001  0.      0.0009 -0.     -0.0025 -0.0003]
INFO:root:twist: [-0.0001  0.      0.0009 -0.     -0.0025 -0.0003]
INFO:root:twist: [-0.0001  0.      0.0009 -0.     -0.0025 -0.0003]
INFO:root:twist: [-0.0001  0.      0.0009 -0.     -0.0025 -0.0003]
INFO:root:twist: [-0.0001  0.      0.0009 -0.     -0.0025 -0.0003]
INFO:root:twist: [-0.0001  0.      0.0009 -0.     -0.0025 -0.0003]
INFO:root:twist: [-0.0001  0.      0.0009 -0.     -0.0025 -0.0003]
INFO:root:twist: [-0.0001  0.      0.0009 -0.     -0.0026 -0.0003]
INFO:root:twist: [-0.0001  0.      0.0009 -0.     -0.0026 -0.0003]
INFO:root:twist: [-0.0001  0.      0.0009 -0.     -0.0026 -0.0003]
INFO:root:twist: [-0.0001  0.      0.0009 -0.     -0.0026 -0.0003]
INFO:root:twist: [-0.0001  0.      0.0009 -0.     -0.0026 -0.0003]
INFO:root:twist: [-0.0001  0.      0.0009 -0.     -0.0026 -0.0003]
INFO:root:twist: [-0.0001  0.      0.0009 -0.     -0.0026 -0.0003]
INFO:root:twist: [-0.0001  0.      0.0009 -0.     -0.0026 -0.0003]
INFO:root:twist: [-0.0001  0.      0.0009 -0.     -0.0026 -0.0003]
INFO:root:twist: [-0.0001  0.      0.0009 -0.     -0.0027 -0.0003]
INFO:root:twist: [-0.0001  0.      0.0009 -0.     -0.0027 -0.0003]
INFO:root:twist: [-0.0001  0.      0.0009 -0.     -0.0027 -0.0003]
INFO:root:twist: [-0.0001  0.      0.0009 -0.     -0.0027 -0.0003]
INFO:root:twist: [-0.0001  0.      0.0009 -0.     -0.0027 -0.0003]
INFO:root:twist: [-0.0001  0.      0.0009 -0.     -0.0027 -0.0003]
INFO:root:twist: [-0.0001  0.      0.0009 -0.     -0.0027 -0.0003]
INFO:root:twist: [-0.0001  0.      0.0009 -0.     -0.0027 -0.0003]
INFO:root:twist: [-0.0001  0.      0.0009 -0.     -0.0027 -0.0003]
INFO:root:twist: [-0.0001  0.      0.0009 -0.     -0.0027 -0.0003]
INFO:root:twist: [-0.0001  0.      0.0009 -0.     -0.0027 -0.0003]
INFO:root:twist: [-0.0001  0.      0.0009 -0.     -0.0027 -0.0003]
INFO:root:twist: [-0.0001  0.      0.0009 -0.     -0.0027 -0.0003]
INFO:root:twist: [-0.0001  0.      0.0009 -0.     -0.0028 -0.0003]
INFO:root:twist: [-0.0001  0.      0.0009 -0.     -0.0028 -0.0003]
INFO:root:twist: [-0.0001  0.      0.0009 -0.     -0.0028 -0.0003]
INFO:root:twist: [-0.0001  0.      0.0009 -0.     -0.0028 -0.0003]
INFO:root:twist: [-0.0001  0.      0.0009 -0.     -0.0028 -0.0003]
INFO:root:twist: [-0.0001  0.      0.0009 -0.     -0.0028 -0.0003]
INFO:root:twist: [-0.0001  0.      0.0009 -0.     -0.0028 -0.0003]
INFO:root:twist: [-0.0001  0.      0.0009 -0.     -0.0028 -0.0003]
INFO:root:twist: [-0.0001  0.      0.0009 -0.     -0.0028 -0.0003]
INFO:root:twist: [-0.0001  0.      0.0008 -0.     -0.0028 -0.0003]
INFO:root:twist: [-0.0001  0.      0.0008 -0.     -0.0028 -0.0003]
INFO:root:twist: [-0.0001  0.      0.0008 -0.     -0.0029 -0.0003]
INFO:root:twist: [-0.0001  0.      0.0008 -0.     -0.0029 -0.0003]
INFO:root:twist: [-0.0001  0.      0.0008 -0.     -0.0029 -0.0003]
INFO:root:twist: [-0.0001  0.      0.0008 -0.     -0.0029 -0.0003]
INFO:root:twist: [-0.0001  0.      0.0008 -0.     -0.0029 -0.0003]
INFO:root:twist: [-0.0001  0.      0.0008 -0.     -0.0029 -0.0003]
INFO:root:twist: [-0.0001  0.      0.0008 -0.     -0.0029 -0.0003]
INFO:root:twist: [-0.0001  0.      0.0008 -0.     -0.0029 -0.0003]
INFO:root:twist: [-0.0001  0.0001  0.0008 -0.     -0.0029 -0.0003]
INFO:root:twist: [-0.0001  0.      0.0008 -0.     -0.0029 -0.0003]
INFO:root:twist: [-0.0001  0.0001  0.0008 -0.     -0.0029 -0.0003]
INFO:root:twist: [-0.0001  0.      0.0008 -0.     -0.0029 -0.0003]
INFO:root:twist: [-0.0001  0.0001  0.0008 -0.     -0.003  -0.0003]
INFO:root:twist: [-0.0001  0.0001  0.0008 -0.     -0.003  -0.0003]
INFO:root:twist: [-0.0001  0.0001  0.0008 -0.     -0.003  -0.0003]
INFO:root:twist: [-0.0001  0.0001  0.0008 -0.     -0.003  -0.0003]
INFO:root:twist: [-0.0001  0.0001  0.0008 -0.     -0.003  -0.0003]
INFO:root:twist: [-0.0001  0.0001  0.0008 -0.     -0.003  -0.0003]
INFO:root:twist: [-0.0001  0.0001  0.0008 -0.     -0.003  -0.0003]
INFO:root:twist: [-0.0001  0.0001  0.0008 -0.     -0.003  -0.0003]
INFO:root:twist: [-0.0001  0.0001  0.0008 -0.     -0.003  -0.0003]
INFO:root:twist: [-0.0001  0.0001  0.0008 -0.     -0.003  -0.0003]
INFO:root:twist: [-0.0001  0.0001  0.0008 -0.     -0.003  -0.0003]
INFO:root:twist: [-0.0001  0.0001  0.0008 -0.     -0.003  -0.0003]
INFO:root:twist: [-0.0001  0.0001  0.0008 -0.     -0.0031 -0.0003]
INFO:root:twist: [-0.0001  0.0001  0.0008 -0.     -0.0031 -0.0003]
INFO:root:twist: [-0.0001  0.0001  0.0008 -0.     -0.0031 -0.0003]
INFO:root:twist: [-0.0001  0.0001  0.0008 -0.     -0.0031 -0.0003]
INFO:root:twist: [-0.0001  0.0001  0.0008 -0.     -0.0031 -0.0003]
INFO:root:twist: [-0.0001  0.0001  0.0008 -0.     -0.0031 -0.0003]
INFO:root:twist: [-0.0001  0.0001  0.0008 -0.     -0.0031 -0.0003]
INFO:root:twist: [-0.0001  0.0001  0.0008 -0.     -0.0031 -0.0003]
INFO:root:twist: [-0.0001  0.0001  0.0007 -0.     -0.0031 -0.0003]
INFO:root:twist: [-0.0001  0.0001  0.0007 -0.     -0.0031 -0.0003]
INFO:root:twist: [-0.0001  0.0001  0.0007 -0.     -0.0031 -0.0003]
INFO:root:twist: [-0.0001  0.0001  0.0007 -0.     -0.0031 -0.0003]
INFO:root:twist: [-0.0001  0.0001  0.0007 -0.     -0.0031 -0.0003]
INFO:root:twist: [-0.0001  0.0001  0.0007 -0.     -0.0032 -0.0003]
INFO:root:twist: [-0.0001  0.0001  0.0007 -0.     -0.0032 -0.0003]
INFO:root:twist: [-0.0001  0.0001  0.0007 -0.     -0.0032 -0.0003]
INFO:root:twist: [-0.0001  0.0001  0.0007 -0.     -0.0032 -0.0003]
INFO:root:twist: [-0.0001  0.0001  0.0007 -0.     -0.0032 -0.0003]
INFO:root:twist: [-0.0001  0.0001  0.0007 -0.     -0.0032 -0.0003]
INFO:root:twist: [-0.0001  0.0001  0.0007 -0.     -0.0032 -0.0003]
INFO:root:twist: [-0.0001  0.0001  0.0007 -0.     -0.0032 -0.0003]
INFO:root:twist: [-0.0001  0.0001  0.0007 -0.     -0.0032 -0.0003]
INFO:root:twist: [-0.0001  0.0001  0.0007 -0.     -0.0032 -0.0003]
INFO:root:twist: [-0.0001  0.0001  0.0007 -0.     -0.0032 -0.0003]
INFO:root:twist: [-0.0001  0.0001  0.0007 -0.     -0.0032 -0.0003]
INFO:root:twist: [-0.0001  0.0001  0.0007 -0.     -0.0032 -0.0003]
INFO:root:twist: [-0.0001  0.0001  0.0007 -0.     -0.0032 -0.0003]
INFO:root:twist: [-0.0001  0.0001  0.0007 -0.     -0.0032 -0.0003]
INFO:root:twist: [-0.0001  0.0001  0.0006 -0.     -0.0033 -0.0003]
INFO:root:twist: [-0.0001  0.0001  0.0006 -0.     -0.0033 -0.0003]
INFO:root:twist: [-0.0001  0.0001  0.0006 -0.     -0.0033 -0.0003]
INFO:root:twist: [-0.0001  0.0001  0.0006 -0.     -0.0033 -0.0003]
INFO:root:twist: [-0.0001  0.0001  0.0006 -0.     -0.0033 -0.0003]
INFO:root:twist: [-0.0001  0.0001  0.0006 -0.     -0.0033 -0.0003]
INFO:root:twist: [-0.0001  0.0001  0.0006 -0.     -0.0033 -0.0003]
INFO:root:twist: [-0.0001  0.0001  0.0006 -0.     -0.0033 -0.0003]
INFO:root:twist: [-0.0001  0.0001  0.0006 -0.     -0.0033 -0.0003]
INFO:root:twist: [-0.0001  0.0001  0.0006 -0.     -0.0033 -0.0003]
INFO:root:twist: [-0.0001  0.0001  0.0006 -0.     -0.0033 -0.0003]
INFO:root:twist: [-0.0001  0.0001  0.0006 -0.     -0.0033 -0.0003]
INFO:root:twist: [-0.0001  0.0001  0.0006 -0.     -0.0033 -0.0003]
INFO:root:twist: [-0.0001  0.0001  0.0006 -0.     -0.0033 -0.0003]
INFO:root:twist: [-0.0001  0.0001  0.0006 -0.     -0.0033 -0.0003]
INFO:root:twist: [-0.0002  0.0001  0.0006 -0.     -0.0033 -0.0003]
INFO:root:twist: [-0.0002  0.0001  0.0005 -0.     -0.0033 -0.0003]
INFO:root:twist: [-0.0002  0.0001  0.0005 -0.     -0.0033 -0.0003]
INFO:root:twist: [-0.0002  0.0001  0.0005 -0.     -0.0033 -0.0003]
INFO:root:twist: [-0.0002  0.0001  0.0005 -0.     -0.0034 -0.0003]
INFO:root:twist: [-0.0002  0.0001  0.0005 -0.     -0.0034 -0.0003]
INFO:root:twist: [-0.0002  0.0001  0.0005 -0.     -0.0034 -0.0003]
INFO:root:twist: [-0.0002  0.0001  0.0005 -0.     -0.0034 -0.0003]
INFO:root:twist: [-0.0002  0.0001  0.0005 -0.     -0.0034 -0.0003]
INFO:root:twist: [-0.0002  0.0001  0.0005 -0.     -0.0034 -0.0003]
INFO:root:twist: [-0.0002  0.0001  0.0005 -0.     -0.0034 -0.0003]
INFO:root:twist: [-0.0002  0.0001  0.0005 -0.     -0.0034 -0.0003]
INFO:root:twist: [-0.0002  0.0001  0.0005 -0.     -0.0034 -0.0003]
INFO:root:twist: [-0.0002  0.0001  0.0005 -0.     -0.0034 -0.0003]
INFO:root:twist: [-0.0002  0.0001  0.0004 -0.     -0.0034 -0.0003]
INFO:root:twist: [-0.0002  0.0001  0.0004 -0.     -0.0034 -0.0003]
INFO:root:twist: [-0.0002  0.0001  0.0004 -0.     -0.0034 -0.0003]
INFO:root:twist: [-0.0002  0.0001  0.0004 -0.     -0.0034 -0.0003]
INFO:root:twist: [-0.0002  0.0001  0.0004 -0.     -0.0034 -0.0003]
INFO:root:twist: [-0.0002  0.0001  0.0004 -0.     -0.0034 -0.0003]
INFO:root:twist: [-0.0002  0.0001  0.0004 -0.     -0.0034 -0.0003]
INFO:root:twist: [-0.0002  0.0001  0.0004 -0.     -0.0034 -0.0003]
INFO:root:twist: [-0.0002  0.0001  0.0004 -0.     -0.0034 -0.0003]
INFO:root:twist: [-0.0002  0.0001  0.0004 -0.     -0.0034 -0.0004]
INFO:root:twist: [-0.0002  0.0001  0.0004 -0.     -0.0034 -0.0003]
INFO:root:twist: [-0.0002  0.0001  0.0004 -0.     -0.0035 -0.0003]
INFO:root:twist: [-0.0002  0.0001  0.0004 -0.     -0.0035 -0.0004]
INFO:root:twist: [-0.0002  0.0001  0.0003 -0.     -0.0035 -0.0004]
INFO:root:twist: [-0.0002  0.0001  0.0003 -0.     -0.0035 -0.0003]
INFO:root:twist: [-0.0002  0.0001  0.0003 -0.     -0.0035 -0.0004]
INFO:root:twist: [-0.0002  0.0001  0.0003 -0.     -0.0035 -0.0003]
INFO:root:twist: [-0.0002  0.0001  0.0003 -0.     -0.0035 -0.0003]
INFO:root:twist: [-0.0002  0.0001  0.0003 -0.     -0.0035 -0.0004]
INFO:root:twist: [-0.0002  0.0001  0.0003 -0.     -0.0035 -0.0003]
INFO:root:twist: [-0.0002  0.0001  0.0003 -0.     -0.0035 -0.0003]
INFO:root:twist: [-0.0002  0.0001  0.0003 -0.     -0.0035 -0.0004]
INFO:root:twist: [-0.0002  0.0001  0.0003 -0.     -0.0035 -0.0004]
INFO:root:twist: [-0.0002  0.0002  0.0003 -0.     -0.0035 -0.0004]
INFO:root:twist: [-0.0002  0.0002  0.0003 -0.     -0.0035 -0.0004]
INFO:root:twist: [-0.0002  0.0002  0.0002 -0.     -0.0035 -0.0004]
INFO:root:twist: [-0.0002  0.0002  0.0002 -0.     -0.0035 -0.0004]
INFO:root:twist: [-0.0002  0.0002  0.0002 -0.     -0.0035 -0.0004]
INFO:root:twist: [-0.0002  0.0002  0.0002 -0.     -0.0035 -0.0004]
INFO:root:twist: [-0.0002  0.0002  0.0002 -0.     -0.0035 -0.0004]
INFO:root:twist: [-0.0002  0.0002  0.0002 -0.     -0.0035 -0.0004]
INFO:root:twist: [-0.0002  0.0002  0.0002 -0.     -0.0036 -0.0004]
INFO:root:twist: [-0.0002  0.0002  0.0002 -0.     -0.0036 -0.0004]
INFO:root:twist: [-0.0002  0.0002  0.0002 -0.     -0.0036 -0.0004]
INFO:root:twist: [-0.0002  0.0002  0.0002 -0.     -0.0036 -0.0004]
INFO:root:twist: [-0.0002  0.0002  0.0001 -0.     -0.0036 -0.0004]
INFO:root:twist: [-0.0002  0.0002  0.0001 -0.     -0.0036 -0.0004]
INFO:root:twist: [-0.0002  0.0002  0.0001 -0.     -0.0036 -0.0004]
INFO:root:twist: [-0.0002  0.0002  0.0001 -0.     -0.0036 -0.0004]
INFO:root:twist: [-0.0002  0.0002  0.0001 -0.     -0.0036 -0.0004]
INFO:root:twist: [-0.0002  0.0002  0.0001 -0.     -0.0036 -0.0004]
INFO:root:twist: [-0.0002  0.0002  0.0001 -0.     -0.0036 -0.0004]
INFO:root:twist: [-0.0002  0.0002  0.0001 -0.     -0.0036 -0.0004]
INFO:root:twist: [-0.0002  0.0002  0.0001 -0.     -0.0036 -0.0004]
INFO:root:twist: [-0.0002  0.0002  0.0001 -0.     -0.0036 -0.0004]
INFO:root:twist: [-0.0002  0.0002  0.0001 -0.     -0.0036 -0.0004]
INFO:root:twist: [-0.0002  0.0002  0.     -0.     -0.0036 -0.0004]
INFO:root:twist: [-0.0002  0.0002  0.     -0.     -0.0036 -0.0004]
INFO:root:twist: [-0.0002  0.0002  0.     -0.     -0.0036 -0.0004]
INFO:root:twist: [-0.0002  0.0002  0.     -0.     -0.0036 -0.0004]
INFO:root:twist: [-0.0002  0.0002  0.     -0.     -0.0036 -0.0004]
INFO:root:twist: [-0.0002  0.0002 -0.     -0.     -0.0036 -0.0004]
INFO:root:twist: [-0.0002  0.0002 -0.     -0.     -0.0036 -0.0004]
INFO:root:twist: [-0.0002  0.0002 -0.     -0.     -0.0036 -0.0004]
INFO:root:twist: [-0.0002  0.0002 -0.     -0.     -0.0037 -0.0004]
INFO:root:twist: [-0.0002  0.0002 -0.     -0.     -0.0037 -0.0004]
INFO:root:twist: [-0.0002  0.0002 -0.0001 -0.     -0.0037 -0.0004]
INFO:root:twist: [-0.0002  0.0002 -0.0001 -0.     -0.0037 -0.0004]
INFO:root:twist: [-0.0002  0.0002 -0.0001 -0.     -0.0037 -0.0004]
INFO:root:twist: [-0.0002  0.0002 -0.0001 -0.     -0.0037 -0.0004]
INFO:root:twist: [-0.0003  0.0002 -0.0001 -0.     -0.0037 -0.0004]
INFO:root:twist: [-0.0003  0.0002 -0.0001 -0.     -0.0037 -0.0004]
INFO:root:twist: [-0.0003  0.0002 -0.0001 -0.     -0.0037 -0.0004]
INFO:root:twist: [-0.0003  0.0002 -0.0001 -0.     -0.0037 -0.0004]
INFO:root:twist: [-0.0003  0.0002 -0.0001 -0.     -0.0037 -0.0004]
INFO:root:twist: [-0.0003  0.0002 -0.0002 -0.     -0.0037 -0.0004]
INFO:root:twist: [-0.0003  0.0002 -0.0002 -0.     -0.0037 -0.0004]
INFO:root:twist: [-0.0003  0.0002 -0.0002 -0.     -0.0037 -0.0004]
INFO:root:twist: [-0.0003  0.0002 -0.0002 -0.     -0.0037 -0.0004]
INFO:root:twist: [-0.0003  0.0002 -0.0002 -0.     -0.0037 -0.0004]
INFO:root:twist: [-0.0003  0.0002 -0.0002 -0.     -0.0037 -0.0004]
INFO:root:twist: [-0.0003  0.0002 -0.0002 -0.     -0.0037 -0.0004]
INFO:root:twist: [-0.0003  0.0002 -0.0002 -0.     -0.0037 -0.0004]
INFO:root:twist: [-0.0003  0.0002 -0.0002 -0.     -0.0037 -0.0004]
INFO:root:twist: [-0.0003  0.0002 -0.0003 -0.     -0.0038 -0.0004]
INFO:root:twist: [-0.0003  0.0002 -0.0003 -0.     -0.0038 -0.0004]
INFO:root:twist: [-0.0003  0.0002 -0.0003 -0.     -0.0038 -0.0004]
INFO:root:twist: [-0.0003  0.0002 -0.0003 -0.     -0.0038 -0.0004]
INFO:root:twist: [-0.0003  0.0002 -0.0003 -0.     -0.0038 -0.0004]
INFO:root:twist: [-0.0003  0.0002 -0.0003 -0.     -0.0038 -0.0004]
INFO:root:twist: [-0.0003  0.0002 -0.0003 -0.     -0.0038 -0.0004]
INFO:root:twist: [-0.0003  0.0002 -0.0003 -0.     -0.0038 -0.0004]
INFO:root:twist: [-0.0003  0.0002 -0.0003 -0.     -0.0038 -0.0004]
INFO:root:twist: [-0.0003  0.0002 -0.0004 -0.     -0.0038 -0.0004]
INFO:root:twist: [-0.0003  0.0002 -0.0004 -0.     -0.0038 -0.0004]
INFO:root:twist: [-0.0003  0.0002 -0.0004 -0.     -0.0038 -0.0004]
INFO:root:twist: [-0.0003  0.0002 -0.0004 -0.     -0.0038 -0.0004]
INFO:root:twist: [-0.0003  0.0002 -0.0004 -0.     -0.0038 -0.0004]
INFO:root:twist: [-0.0003  0.0002 -0.0004 -0.     -0.0038 -0.0004]
INFO:root:twist: [-0.0003  0.0002 -0.0004 -0.     -0.0038 -0.0004]
INFO:root:twist: [-0.0003  0.0002 -0.0004 -0.     -0.0038 -0.0004]
INFO:root:twist: [-0.0003  0.0003 -0.0004 -0.     -0.0039 -0.0004]
INFO:root:twist: [-0.0003  0.0003 -0.0005 -0.     -0.0039 -0.0004]
INFO:root:twist: [-0.0003  0.0003 -0.0005 -0.     -0.0039 -0.0004]
INFO:root:twist: [-0.0003  0.0003 -0.0005 -0.     -0.0039 -0.0004]
INFO:root:twist: [-0.0003  0.0003 -0.0005 -0.     -0.0039 -0.0004]
INFO:root:twist: [-0.0003  0.0003 -0.0005 -0.     -0.0039 -0.0004]
INFO:root:twist: [-0.0003  0.0003 -0.0005 -0.     -0.0039 -0.0004]
INFO:root:twist: [-0.0003  0.0003 -0.0005 -0.     -0.0039 -0.0004]
INFO:root:twist: [-0.0003  0.0003 -0.0005 -0.     -0.0039 -0.0004]
INFO:root:twist: [-0.0003  0.0003 -0.0006 -0.     -0.0039 -0.0004]
INFO:root:twist: [-0.0003  0.0003 -0.0006 -0.     -0.0039 -0.0004]
INFO:root:twist: [-0.0003  0.0003 -0.0006 -0.     -0.0039 -0.0004]
INFO:root:twist: [-0.0003  0.0003 -0.0006 -0.     -0.0039 -0.0004]
INFO:root:twist: [-0.0003  0.0003 -0.0006 -0.     -0.004  -0.0004]
INFO:root:twist: [-0.0003  0.0003 -0.0006 -0.     -0.004  -0.0004]
INFO:root:twist: [-0.0003  0.0003 -0.0006 -0.     -0.004  -0.0004]
INFO:root:twist: [-0.0003  0.0003 -0.0006 -0.     -0.004  -0.0004]
INFO:root:twist: [-0.0003  0.0003 -0.0006 -0.     -0.004  -0.0004]
INFO:root:twist: [-0.0003  0.0003 -0.0007 -0.     -0.004  -0.0004]
INFO:root:twist: [-0.0003  0.0003 -0.0007 -0.     -0.004  -0.0004]
INFO:root:twist: [-0.0003  0.0003 -0.0007 -0.     -0.004  -0.0004]
INFO:root:twist: [-0.0003  0.0003 -0.0007 -0.     -0.004  -0.0004]
INFO:root:twist: [-0.0003  0.0003 -0.0007 -0.     -0.004  -0.0004]
INFO:root:twist: [-0.0003  0.0003 -0.0007 -0.     -0.004  -0.0004]
INFO:root:twist: [-0.0003  0.0003 -0.0007 -0.     -0.004  -0.0004]
INFO:root:twist: [-0.0003  0.0003 -0.0007 -0.     -0.0041 -0.0004]
INFO:root:twist: [-0.0003  0.0003 -0.0007 -0.     -0.0041 -0.0004]
INFO:root:twist: [-0.0003  0.0003 -0.0008 -0.     -0.0041 -0.0004]
INFO:root:twist: [-0.0003  0.0003 -0.0008 -0.     -0.0041 -0.0004]
INFO:root:twist: [-0.0003  0.0003 -0.0008 -0.     -0.0041 -0.0004]
INFO:root:twist: [-0.0003  0.0003 -0.0008 -0.     -0.0041 -0.0004]
INFO:root:twist: [-0.0003  0.0003 -0.0008 -0.     -0.0041 -0.0004]
INFO:root:twist: [-0.0003  0.0003 -0.0008 -0.     -0.0041 -0.0004]
INFO:root:twist: [-0.0003  0.0003 -0.0008 -0.     -0.0041 -0.0004]
INFO:root:twist: [-0.0003  0.0003 -0.0008 -0.     -0.0041 -0.0004]
INFO:root:twist: [-0.0003  0.0003 -0.0008 -0.     -0.0042 -0.0005]
INFO:root:twist: [-0.0003  0.0003 -0.0009 -0.     -0.0042 -0.0005]
INFO:root:twist: [-0.0004  0.0003 -0.0009 -0.     -0.0042 -0.0004]
INFO:root:twist: [-0.0004  0.0003 -0.0009 -0.     -0.0042 -0.0004]
INFO:root:twist: [-0.0004  0.0003 -0.0009 -0.     -0.0042 -0.0004]
INFO:root:twist: [-0.0004  0.0003 -0.0009 -0.     -0.0042 -0.0004]
INFO:root:twist: [-0.0004  0.0003 -0.0009 -0.     -0.0042 -0.0004]
INFO:root:twist: [-0.0004  0.0003 -0.0009 -0.     -0.0042 -0.0004]
INFO:root:twist: [-0.0004  0.0003 -0.0009 -0.     -0.0042 -0.0004]
INFO:root:twist: [-0.0004  0.0004 -0.001  -0.     -0.0042 -0.0004]
INFO:root:twist: [-0.0004  0.0004 -0.001  -0.     -0.0043 -0.0004]
INFO:root:twist: [-0.0004  0.0004 -0.001  -0.     -0.0043 -0.0004]
INFO:root:twist: [-0.0004  0.0004 -0.001  -0.0001 -0.0043 -0.0005]
INFO:root:twist: [-0.0004  0.0004 -0.001  -0.0001 -0.0043 -0.0004]
INFO:root:twist: [-0.0004  0.0004 -0.001  -0.0001 -0.0043 -0.0004]
INFO:root:twist: [-0.0004  0.0004 -0.001  -0.     -0.0043 -0.0004]
INFO:root:twist: [-0.0004  0.0004 -0.001  -0.     -0.0043 -0.0004]
INFO:root:twist: [-0.0004  0.0004 -0.001  -0.     -0.0043 -0.0005]
INFO:root:twist: [-0.0004  0.0004 -0.0011 -0.0001 -0.0043 -0.0004]
INFO:root:twist: [-0.0004  0.0004 -0.0011 -0.0001 -0.0044 -0.0004]
INFO:root:twist: [-0.0004  0.0004 -0.0011 -0.0001 -0.0044 -0.0004]
INFO:root:twist: [-0.0004  0.0004 -0.0011 -0.0001 -0.0044 -0.0004]
INFO:root:twist: [-0.0004  0.0004 -0.0011 -0.0001 -0.0044 -0.0004]
INFO:root:twist: [-0.0004  0.0004 -0.0011 -0.0001 -0.0044 -0.0004]
INFO:root:twist: [-0.0004  0.0004 -0.0011 -0.0001 -0.0044 -0.0004]
INFO:root:twist: [-0.0004  0.0004 -0.0011 -0.0001 -0.0044 -0.0004]
INFO:root:twist: [-0.0004  0.0004 -0.0012 -0.0001 -0.0044 -0.0004]
INFO:root:twist: [-0.0004  0.0004 -0.0012 -0.0001 -0.0044 -0.0004]
INFO:root:twist: [-0.0004  0.0004 -0.0012 -0.0001 -0.0045 -0.0004]
INFO:root:twist: [-0.0004  0.0004 -0.0012 -0.0001 -0.0045 -0.0004]
INFO:root:twist: [-0.0004  0.0004 -0.0012 -0.0001 -0.0045 -0.0004]
INFO:root:twist: [-0.0004  0.0004 -0.0012 -0.0001 -0.0045 -0.0004]
INFO:root:twist: [-0.0004  0.0004 -0.0012 -0.0001 -0.0045 -0.0005]
INFO:root:twist: [-0.0004  0.0004 -0.0012 -0.0001 -0.0045 -0.0004]
INFO:root:twist: [-0.0004  0.0004 -0.0013 -0.0001 -0.0045 -0.0005]
INFO:root:twist: [-0.0004  0.0004 -0.0013 -0.0001 -0.0046 -0.0005]
INFO:root:twist: [-0.0004  0.0004 -0.0013 -0.0001 -0.0046 -0.0005]
INFO:root:twist: [-0.0004  0.0004 -0.0013 -0.0001 -0.0046 -0.0005]
INFO:root:twist: [-0.0004  0.0004 -0.0013 -0.0001 -0.0046 -0.0004]
INFO:root:twist: [-0.0004  0.0004 -0.0013 -0.0001 -0.0046 -0.0004]
INFO:root:twist: [-0.0004  0.0004 -0.0013 -0.0001 -0.0046 -0.0004]
INFO:root:twist: [-0.0004  0.0004 -0.0013 -0.0001 -0.0046 -0.0004]
INFO:root:twist: [-0.0004  0.0004 -0.0014 -0.0001 -0.0046 -0.0004]
INFO:root:twist: [-0.0004  0.0004 -0.0014 -0.0001 -0.0046 -0.0005]
INFO:root:twist: [-0.0004  0.0004 -0.0014 -0.0001 -0.0047 -0.0005]
INFO:root:twist: [-0.0004  0.0004 -0.0014 -0.0001 -0.0047 -0.0004]
INFO:root:twist: [-0.0004  0.0004 -0.0014 -0.0001 -0.0047 -0.0004]
INFO:root:twist: [-0.0004  0.0005 -0.0014 -0.0001 -0.0047 -0.0004]
INFO:root:twist: [-0.0004  0.0005 -0.0014 -0.0001 -0.0047 -0.0005]
INFO:root:twist: [-0.0004  0.0005 -0.0014 -0.0001 -0.0047 -0.0004]
INFO:root:twist: [-0.0004  0.0005 -0.0014 -0.0001 -0.0048 -0.0005]
INFO:root:twist: [-0.0004  0.0005 -0.0015 -0.0001 -0.0048 -0.0005]
INFO:root:twist: [-0.0004  0.0005 -0.0015 -0.0001 -0.0048 -0.0005]
INFO:root:twist: [-0.0004  0.0005 -0.0015 -0.0001 -0.0048 -0.0005]
INFO:root:twist: [-0.0004  0.0005 -0.0015 -0.0001 -0.0048 -0.0005]
INFO:root:twist: [-0.0004  0.0005 -0.0015 -0.0001 -0.0048 -0.0005]
INFO:root:twist: [-0.0004  0.0005 -0.0015 -0.0001 -0.0048 -0.0005]
INFO:root:twist: [-0.0004  0.0005 -0.0015 -0.0001 -0.0048 -0.0005]
INFO:root:twist: [-0.0004  0.0005 -0.0015 -0.0001 -0.0049 -0.0005]
INFO:root:twist: [-0.0004  0.0005 -0.0016 -0.0001 -0.0049 -0.0005]
INFO:root:twist: [-0.0004  0.0005 -0.0016 -0.0001 -0.0049 -0.0005]
INFO:root:twist: [-0.0004  0.0005 -0.0016 -0.0001 -0.0049 -0.0005]
INFO:root:twist: [-0.0004  0.0005 -0.0016 -0.0001 -0.0049 -0.0005]
INFO:root:twist: [-0.0004  0.0005 -0.0016 -0.0001 -0.0049 -0.0005]
INFO:root:twist: [-0.0004  0.0005 -0.0016 -0.0001 -0.0049 -0.0005]
INFO:root:twist: [-0.0004  0.0005 -0.0016 -0.0001 -0.005  -0.0005]
INFO:root:twist: [-0.0004  0.0005 -0.0017 -0.0001 -0.005  -0.0005]
INFO:root:twist: [-0.0004  0.0005 -0.0017 -0.0001 -0.005  -0.0005]
INFO:root:twist: [-0.0004  0.0005 -0.0017 -0.0001 -0.005  -0.0005]
INFO:root:twist: [-0.0004  0.0005 -0.0017 -0.0001 -0.005  -0.0005]
INFO:root:twist: [-0.0004  0.0005 -0.0017 -0.0001 -0.005  -0.0005]
INFO:root:twist: [-0.0004  0.0005 -0.0017 -0.0001 -0.005  -0.0005]
INFO:root:twist: [-0.0004  0.0005 -0.0017 -0.0001 -0.0051 -0.0005]
INFO:root:twist: [-0.0004  0.0005 -0.0017 -0.0001 -0.0051 -0.0005]
INFO:root:twist: [-0.0004  0.0005 -0.0018 -0.0001 -0.0051 -0.0005]
INFO:root:twist: [-0.0004  0.0005 -0.0018 -0.0001 -0.0051 -0.0005]
INFO:root:twist: [-0.0004  0.0005 -0.0018 -0.0001 -0.0051 -0.0005]
INFO:root:twist: [-0.0004  0.0005 -0.0018 -0.0001 -0.0051 -0.0005]
INFO:root:twist: [-0.0004  0.0005 -0.0018 -0.0001 -0.0052 -0.0005]
INFO:root:twist: [-0.0004  0.0005 -0.0018 -0.0001 -0.0052 -0.0005]
INFO:root:twist: [-0.0004  0.0005 -0.0018 -0.0001 -0.0052 -0.0005]
INFO:root:twist: [-0.0004  0.0005 -0.0018 -0.0001 -0.0052 -0.0005]
INFO:root:twist: [-0.0004  0.0005 -0.0019 -0.0001 -0.0052 -0.0005]
INFO:root:twist: [-0.0004  0.0005 -0.0019 -0.0001 -0.0052 -0.0005]
INFO:root:twist: [-0.0004  0.0006 -0.0019 -0.0001 -0.0053 -0.0005]
INFO:root:twist: [-0.0004  0.0006 -0.0019 -0.0001 -0.0053 -0.0005]
INFO:root:twist: [-0.0004  0.0006 -0.0019 -0.0001 -0.0053 -0.0005]
INFO:root:twist: [-0.0004  0.0006 -0.0019 -0.0001 -0.0053 -0.0005]
INFO:root:twist: [-0.0004  0.0006 -0.0019 -0.0001 -0.0053 -0.0005]
INFO:root:twist: [-0.0004  0.0006 -0.002  -0.0001 -0.0054 -0.0005]
INFO:root:twist: [-0.0004  0.0006 -0.002  -0.0001 -0.0054 -0.0005]
INFO:root:twist: [-0.0004  0.0006 -0.002  -0.0001 -0.0054 -0.0005]
INFO:root:twist: [-0.0004  0.0006 -0.002  -0.0001 -0.0054 -0.0005]
INFO:root:twist: [-0.0004  0.0006 -0.002  -0.0001 -0.0054 -0.0005]
INFO:root:twist: [-0.0004  0.0006 -0.002  -0.0001 -0.0054 -0.0005]
INFO:root:twist: [-0.0005  0.0006 -0.002  -0.0001 -0.0055 -0.0005]
INFO:root:twist: [-0.0005  0.0006 -0.002  -0.0001 -0.0055 -0.0005]
INFO:root:twist: [-0.0005  0.0006 -0.0021 -0.0001 -0.0055 -0.0005]
INFO:root:twist: [-0.0005  0.0006 -0.0021 -0.0001 -0.0055 -0.0005]
INFO:root:twist: [-0.0005  0.0006 -0.0021 -0.0001 -0.0055 -0.0005]
INFO:root:twist: [-0.0005  0.0006 -0.0021 -0.0001 -0.0056 -0.0005]
INFO:root:twist: [-0.0005  0.0006 -0.0021 -0.0001 -0.0056 -0.0005]
INFO:root:twist: [-0.0005  0.0006 -0.0021 -0.0001 -0.0056 -0.0005]
INFO:root:twist: [-0.0005  0.0006 -0.0021 -0.0001 -0.0056 -0.0005]
INFO:root:twist: [-0.0005  0.0006 -0.0021 -0.0001 -0.0056 -0.0005]
INFO:root:twist: [-0.0005  0.0006 -0.0022 -0.0001 -0.0056 -0.0005]
INFO:root:twist: [-0.0005  0.0006 -0.0022 -0.0001 -0.0057 -0.0005]
INFO:root:twist: [-0.0005  0.0006 -0.0022 -0.0001 -0.0057 -0.0005]
INFO:root:twist: [-0.0005  0.0006 -0.0022 -0.0001 -0.0057 -0.0005]
INFO:root:twist: [-0.0005  0.0006 -0.0022 -0.0001 -0.0057 -0.0005]
INFO:root:twist: [-0.0005  0.0006 -0.0022 -0.0001 -0.0057 -0.0005]
INFO:root:twist: [-0.0005  0.0006 -0.0023 -0.0001 -0.0057 -0.0005]
INFO:root:twist: [-0.0005  0.0006 -0.0023 -0.0001 -0.0058 -0.0005]
INFO:root:twist: [-0.0005  0.0006 -0.0023 -0.0001 -0.0058 -0.0005]
INFO:root:twist: [-0.0005  0.0006 -0.0023 -0.0001 -0.0058 -0.0005]
INFO:root:twist: [-0.0005  0.0006 -0.0023 -0.0001 -0.0058 -0.0005]
INFO:root:twist: [-0.0005  0.0006 -0.0023 -0.0001 -0.0058 -0.0005]
INFO:root:twist: [-0.0005  0.0006 -0.0023 -0.0001 -0.0059 -0.0005]
INFO:root:twist: [-0.0005  0.0007 -0.0023 -0.0001 -0.0059 -0.0005]
INFO:root:twist: [-0.0005  0.0007 -0.0024 -0.0001 -0.0059 -0.0005]
INFO:root:twist: [-0.0005  0.0007 -0.0024 -0.0001 -0.0059 -0.0005]
INFO:root:twist: [-0.0005  0.0007 -0.0024 -0.0001 -0.0059 -0.0005]
INFO:root:twist: [-0.0005  0.0007 -0.0024 -0.0001 -0.006  -0.0005]
INFO:root:twist: [-0.0005  0.0007 -0.0024 -0.0001 -0.006  -0.0005]
INFO:root:twist: [-0.0005  0.0007 -0.0024 -0.0001 -0.006  -0.0005]
INFO:root:twist: [-0.0005  0.0007 -0.0024 -0.0001 -0.006  -0.0005]
INFO:root:twist: [-0.0005  0.0007 -0.0025 -0.0001 -0.006  -0.0005]
INFO:root:twist: [-0.0005  0.0007 -0.0025 -0.0001 -0.0061 -0.0005]
INFO:root:twist: [-0.0005  0.0007 -0.0025 -0.0001 -0.0061 -0.0005]
INFO:root:twist: [-0.0005  0.0007 -0.0025 -0.0001 -0.0061 -0.0005]
INFO:root:twist: [-0.0005  0.0007 -0.0025 -0.0001 -0.0061 -0.0005]
INFO:root:twist: [-0.0005  0.0007 -0.0025 -0.0001 -0.0061 -0.0005]
INFO:root:twist: [-0.0005  0.0007 -0.0025 -0.0001 -0.0062 -0.0005]
INFO:root:twist: [-0.0005  0.0007 -0.0026 -0.0001 -0.0062 -0.0005]
INFO:root:twist: [-0.0005  0.0007 -0.0026 -0.0001 -0.0062 -0.0005]
INFO:root:twist: [-0.0005  0.0007 -0.0026 -0.0001 -0.0062 -0.0005]
INFO:root:twist: [-0.0005  0.0007 -0.0026 -0.0001 -0.0062 -0.0005]
INFO:root:twist: [-0.0005  0.0007 -0.0026 -0.0001 -0.0063 -0.0005]
INFO:root:twist: [-0.0005  0.0007 -0.0026 -0.0001 -0.0063 -0.0005]
INFO:root:twist: [-0.0005  0.0007 -0.0026 -0.0001 -0.0063 -0.0005]
INFO:root:twist: [-0.0005  0.0007 -0.0027 -0.0001 -0.0063 -0.0005]
INFO:root:twist: [-0.0005  0.0007 -0.0027 -0.0001 -0.0063 -0.0005]
INFO:root:twist: [-0.0005  0.0007 -0.0027 -0.0001 -0.0064 -0.0005]
INFO:root:twist: [-0.0005  0.0007 -0.0027 -0.0001 -0.0064 -0.0005]
INFO:root:twist: [-0.0005  0.0007 -0.0027 -0.0001 -0.0064 -0.0005]
INFO:root:twist: [-0.0005  0.0007 -0.0027 -0.0002 -0.0064 -0.0005]
INFO:root:twist: [-0.0005  0.0007 -0.0027 -0.0002 -0.0065 -0.0005]
INFO:root:twist: [-0.0005  0.0007 -0.0028 -0.0001 -0.0065 -0.0005]
INFO:root:twist: [-0.0005  0.0008 -0.0028 -0.0002 -0.0065 -0.0005]
INFO:root:twist: [-0.0005  0.0008 -0.0028 -0.0002 -0.0065 -0.0005]
INFO:root:twist: [-0.0005  0.0008 -0.0028 -0.0002 -0.0065 -0.0005]
INFO:root:twist: [-0.0005  0.0008 -0.0028 -0.0002 -0.0065 -0.0005]
INFO:root:twist: [-0.0005  0.0008 -0.0028 -0.0002 -0.0066 -0.0005]
INFO:root:twist: [-0.0005  0.0008 -0.0029 -0.0002 -0.0066 -0.0005]
INFO:root:twist: [-0.0005  0.0008 -0.0029 -0.0002 -0.0066 -0.0005]
INFO:root:twist: [-0.0005  0.0008 -0.0029 -0.0002 -0.0066 -0.0005]
INFO:root:twist: [-0.0005  0.0008 -0.0029 -0.0002 -0.0066 -0.0005]
INFO:root:twist: [-0.0005  0.0008 -0.0029 -0.0002 -0.0067 -0.0005]
INFO:root:twist: [-0.0005  0.0008 -0.0029 -0.0002 -0.0067 -0.0005]
INFO:root:twist: [-0.0005  0.0008 -0.0029 -0.0002 -0.0067 -0.0005]
INFO:root:twist: [-0.0005  0.0008 -0.003  -0.0002 -0.0068 -0.0005]
INFO:root:twist: [-0.0005  0.0008 -0.003  -0.0002 -0.0068 -0.0005]
INFO:root:twist: [-0.0005  0.0008 -0.003  -0.0002 -0.0068 -0.0005]
INFO:root:twist: [-0.0005  0.0008 -0.003  -0.0002 -0.0068 -0.0005]
INFO:root:twist: [-0.0005  0.0008 -0.003  -0.0002 -0.0068 -0.0005]
INFO:root:twist: [-0.0005  0.0008 -0.003  -0.0002 -0.0069 -0.0006]
INFO:root:twist: [-0.0005  0.0008 -0.0031 -0.0002 -0.0069 -0.0006]
INFO:root:twist: [-0.0005  0.0008 -0.0031 -0.0002 -0.0069 -0.0006]
INFO:root:twist: [-0.0005  0.0008 -0.0031 -0.0002 -0.0069 -0.0005]
INFO:root:twist: [-0.0005  0.0008 -0.0031 -0.0002 -0.0069 -0.0005]
INFO:root:twist: [-0.0005  0.0008 -0.0031 -0.0002 -0.007  -0.0006]
INFO:root:twist: [-0.0005  0.0008 -0.0031 -0.0002 -0.007  -0.0006]
INFO:root:twist: [-0.0005  0.0008 -0.0032 -0.0002 -0.007  -0.0005]
INFO:root:twist: [-0.0005  0.0008 -0.0032 -0.0002 -0.007  -0.0005]
INFO:root:twist: [-0.0005  0.0008 -0.0032 -0.0002 -0.0071 -0.0005]
INFO:root:twist: [-0.0005  0.0008 -0.0032 -0.0002 -0.0071 -0.0005]
INFO:root:twist: [-0.0005  0.0008 -0.0032 -0.0002 -0.0071 -0.0005]
INFO:root:twist: [-0.0005  0.0009 -0.0032 -0.0002 -0.0071 -0.0006]
INFO:root:twist: [-0.0005  0.0009 -0.0033 -0.0002 -0.0071 -0.0006]
INFO:root:twist: [-0.0005  0.0009 -0.0033 -0.0002 -0.0072 -0.0006]
INFO:root:twist: [-0.0005  0.0009 -0.0033 -0.0002 -0.0072 -0.0006]
INFO:root:twist: [-0.0005  0.0009 -0.0033 -0.0002 -0.0072 -0.0006]
INFO:root:twist: [-0.0005  0.0009 -0.0033 -0.0002 -0.0072 -0.0006]
INFO:root:twist: [-0.0005  0.0009 -0.0033 -0.0002 -0.0072 -0.0006]
INFO:root:twist: [-0.0005  0.0009 -0.0033 -0.0002 -0.0073 -0.0006]
INFO:root:twist: [-0.0005  0.0009 -0.0034 -0.0002 -0.0073 -0.0006]
INFO:root:twist: [-0.0005  0.0009 -0.0034 -0.0002 -0.0073 -0.0006]
INFO:root:twist: [-0.0005  0.0009 -0.0034 -0.0002 -0.0073 -0.0006]
INFO:root:twist: [-0.0005  0.0009 -0.0034 -0.0002 -0.0074 -0.0006]
INFO:root:twist: [-0.0005  0.0009 -0.0034 -0.0002 -0.0074 -0.0006]
INFO:root:twist: [-0.0005  0.0009 -0.0034 -0.0002 -0.0074 -0.0006]
INFO:root:twist: [-0.0005  0.0009 -0.0035 -0.0002 -0.0074 -0.0006]
INFO:root:twist: [-0.0005  0.0009 -0.0035 -0.0002 -0.0074 -0.0006]
INFO:root:twist: [-0.0005  0.0009 -0.0035 -0.0002 -0.0075 -0.0006]
INFO:root:twist: [-0.0005  0.0009 -0.0035 -0.0002 -0.0075 -0.0006]
INFO:root:twist: [-0.0005  0.0009 -0.0035 -0.0002 -0.0075 -0.0006]
INFO:root:twist: [-0.0005  0.0009 -0.0036 -0.0002 -0.0075 -0.0006]
INFO:root:twist: [-0.0005  0.0009 -0.0036 -0.0002 -0.0076 -0.0006]
INFO:root:twist: [-0.0005  0.0009 -0.0036 -0.0002 -0.0076 -0.0006]
INFO:root:twist: [-0.0005  0.0009 -0.0036 -0.0002 -0.0076 -0.0006]
INFO:root:twist: [-0.0005  0.0009 -0.0036 -0.0002 -0.0077 -0.0006]
INFO:root:twist: [-0.0005  0.0009 -0.0036 -0.0002 -0.0077 -0.0006]
INFO:root:twist: [-0.0005  0.0009 -0.0037 -0.0002 -0.0077 -0.0006]
INFO:root:twist: [-0.0005  0.0009 -0.0037 -0.0002 -0.0077 -0.0006]
INFO:root:twist: [-0.0005  0.001  -0.0037 -0.0002 -0.0077 -0.0006]
INFO:root:twist: [-0.0005  0.001  -0.0037 -0.0002 -0.0078 -0.0006]
INFO:root:twist: [-0.0005  0.001  -0.0037 -0.0002 -0.0078 -0.0006]
INFO:root:twist: [-0.0005  0.001  -0.0037 -0.0002 -0.0078 -0.0006]
INFO:root:twist: [-0.0005  0.001  -0.0037 -0.0002 -0.0078 -0.0006]
INFO:root:twist: [-0.0005  0.001  -0.0038 -0.0002 -0.0079 -0.0006]
INFO:root:twist: [-0.0005  0.001  -0.0038 -0.0002 -0.0079 -0.0006]
INFO:root:twist: [-0.0005  0.001  -0.0038 -0.0002 -0.0079 -0.0006]
INFO:root:twist: [-0.0005  0.001  -0.0038 -0.0002 -0.0079 -0.0006]
INFO:root:twist: [-0.0005  0.001  -0.0038 -0.0002 -0.008  -0.0006]
INFO:root:twist: [-0.0005  0.001  -0.0039 -0.0002 -0.008  -0.0006]
INFO:root:twist: [-0.0005  0.001  -0.0039 -0.0002 -0.008  -0.0006]
INFO:root:twist: [-0.0005  0.001  -0.0039 -0.0002 -0.008  -0.0006]
INFO:root:twist: [-0.0005  0.001  -0.0039 -0.0002 -0.0081 -0.0006]
INFO:root:twist: [-0.0005  0.001  -0.0039 -0.0002 -0.0081 -0.0006]
INFO:root:twist: [-0.0005  0.001  -0.0039 -0.0002 -0.0081 -0.0006]
INFO:root:twist: [-0.0005  0.001  -0.004  -0.0002 -0.0082 -0.0006]
INFO:root:twist: [-0.0005  0.001  -0.004  -0.0002 -0.0082 -0.0006]
INFO:root:twist: [-0.0005  0.001  -0.004  -0.0002 -0.0082 -0.0006]
INFO:root:twist: [-0.0005  0.001  -0.004  -0.0002 -0.0082 -0.0006]
INFO:root:twist: [-0.0005  0.001  -0.004  -0.0002 -0.0082 -0.0006]
INFO:root:twist: [-0.0005  0.001  -0.004  -0.0002 -0.0083 -0.0006]
INFO:root:twist: [-0.0005  0.001  -0.0041 -0.0002 -0.0083 -0.0006]
INFO:root:twist: [-0.0006  0.001  -0.0041 -0.0002 -0.0083 -0.0006]
INFO:root:twist: [-0.0006  0.001  -0.0041 -0.0002 -0.0083 -0.0006]
INFO:root:twist: [-0.0006  0.001  -0.0041 -0.0002 -0.0084 -0.0006]
INFO:root:twist: [-0.0006  0.001  -0.0041 -0.0002 -0.0084 -0.0006]
INFO:root:twist: [-0.0006  0.0011 -0.0042 -0.0002 -0.0084 -0.0006]
INFO:root:twist: [-0.0006  0.0011 -0.0042 -0.0002 -0.0084 -0.0006]
INFO:root:twist: [-0.0006  0.0011 -0.0042 -0.0002 -0.0085 -0.0006]
INFO:root:twist: [-0.0006  0.0011 -0.0042 -0.0002 -0.0085 -0.0006]
INFO:root:twist: [-0.0006  0.0011 -0.0042 -0.0002 -0.0085 -0.0006]
INFO:root:twist: [-0.0006  0.0011 -0.0042 -0.0002 -0.0086 -0.0006]
INFO:root:twist: [-0.0006  0.0011 -0.0043 -0.0002 -0.0086 -0.0006]
INFO:root:twist: [-0.0006  0.0011 -0.0043 -0.0003 -0.0086 -0.0006]
INFO:root:twist: [-0.0006  0.0011 -0.0043 -0.0003 -0.0086 -0.0006]
INFO:root:twist: [-0.0006  0.0011 -0.0043 -0.0003 -0.0087 -0.0006]
INFO:root:twist: [-0.0006  0.0011 -0.0043 -0.0003 -0.0087 -0.0006]
INFO:root:twist: [-0.0006  0.0011 -0.0044 -0.0003 -0.0087 -0.0006]
INFO:root:twist: [-0.0006  0.0011 -0.0044 -0.0003 -0.0088 -0.0006]
INFO:root:twist: [-0.0006  0.0011 -0.0044 -0.0003 -0.0088 -0.0006]
INFO:root:twist: [-0.0006  0.0011 -0.0044 -0.0003 -0.0088 -0.0006]
INFO:root:twist: [-0.0006  0.0011 -0.0044 -0.0003 -0.0088 -0.0006]
INFO:root:twist: [-0.0006  0.0011 -0.0044 -0.0003 -0.0089 -0.0006]
INFO:root:twist: [-0.0006  0.0011 -0.0045 -0.0003 -0.0089 -0.0006]
INFO:root:twist: [-0.0006  0.0011 -0.0045 -0.0003 -0.0089 -0.0006]
INFO:root:twist: [-0.0006  0.0011 -0.0045 -0.0003 -0.009  -0.0007]
INFO:root:twist: [-0.0006  0.0011 -0.0045 -0.0003 -0.009  -0.0007]
INFO:root:twist: [-0.0006  0.0011 -0.0045 -0.0003 -0.009  -0.0006]
INFO:root:twist: [-0.0006  0.0011 -0.0045 -0.0003 -0.009  -0.0006]
INFO:root:twist: [-0.0006  0.0011 -0.0046 -0.0003 -0.0091 -0.0007]
INFO:root:twist: [-0.0006  0.0011 -0.0046 -0.0003 -0.0091 -0.0007]
INFO:root:twist: [-0.0006  0.0011 -0.0046 -0.0003 -0.0091 -0.0007]
INFO:root:twist: [-0.0006  0.0012 -0.0046 -0.0003 -0.0091 -0.0007]
INFO:root:twist: [-0.0006  0.0012 -0.0046 -0.0003 -0.0092 -0.0007]
INFO:root:twist: [-0.0006  0.0012 -0.0047 -0.0003 -0.0092 -0.0007]
INFO:root:twist: [-0.0006  0.0012 -0.0047 -0.0003 -0.0092 -0.0007]
INFO:root:twist: [-0.0006  0.0012 -0.0047 -0.0003 -0.0093 -0.0007]
INFO:root:twist: [-0.0006  0.0012 -0.0047 -0.0003 -0.0093 -0.0007]
INFO:root:twist: [-0.0006  0.0012 -0.0047 -0.0003 -0.0093 -0.0007]
INFO:root:twist: [-0.0006  0.0012 -0.0048 -0.0003 -0.0093 -0.0007]
INFO:root:twist: [-0.0006  0.0012 -0.0048 -0.0003 -0.0094 -0.0007]
INFO:root:twist: [-0.0006  0.0012 -0.0048 -0.0003 -0.0094 -0.0007]
INFO:root:twist: [-0.0006  0.0012 -0.0048 -0.0003 -0.0094 -0.0007]
INFO:root:twist: [-0.0006  0.0012 -0.0048 -0.0003 -0.0095 -0.0007]
INFO:root:twist: [-0.0006  0.0012 -0.0048 -0.0003 -0.0095 -0.0007]
INFO:root:twist: [-0.0006  0.0012 -0.0049 -0.0003 -0.0095 -0.0007]
INFO:root:twist: [-0.0006  0.0012 -0.0049 -0.0003 -0.0095 -0.0007]
INFO:root:twist: [-0.0006  0.0012 -0.0049 -0.0003 -0.0096 -0.0007]
INFO:root:twist: [-0.0006  0.0012 -0.0049 -0.0003 -0.0096 -0.0007]
INFO:root:twist: [-0.0006  0.0012 -0.0049 -0.0003 -0.0097 -0.0007]
INFO:root:twist: [-0.0006  0.0012 -0.005  -0.0003 -0.0097 -0.0007]
INFO:root:twist: [-0.0006  0.0012 -0.005  -0.0003 -0.0097 -0.0007]
INFO:root:twist: [-0.0006  0.0012 -0.005  -0.0003 -0.0097 -0.0007]
INFO:root:twist: [-0.0006  0.0012 -0.005  -0.0003 -0.0098 -0.0007]
INFO:root:twist: [-0.0006  0.0012 -0.005  -0.0003 -0.0098 -0.0007]
INFO:root:twist: [-0.0006  0.0012 -0.005  -0.0003 -0.0098 -0.0007]
INFO:root:twist: [-0.0006  0.0012 -0.0051 -0.0003 -0.0098 -0.0007]
INFO:root:twist: [-0.0006  0.0012 -0.0051 -0.0003 -0.0099 -0.0007]
INFO:root:twist: [-0.0006  0.0012 -0.0051 -0.0003 -0.0099 -0.0007]
INFO:root:twist: [-0.0006  0.0012 -0.0051 -0.0003 -0.0099 -0.0007]
INFO:root:twist: [-0.0006  0.0013 -0.0051 -0.0003 -0.01   -0.0007]
INFO:root:twist: [-0.0006  0.0013 -0.0052 -0.0003 -0.01   -0.0007]
INFO:root:twist: [-0.0006  0.0013 -0.0052 -0.0003 -0.01   -0.0007]
INFO:root:twist: [-0.0006  0.0013 -0.0052 -0.0003 -0.0101 -0.0007]
INFO:root:twist: [-0.0006  0.0013 -0.0052 -0.0003 -0.0101 -0.0007]
INFO:root:twist: [-0.0006  0.0013 -0.0052 -0.0003 -0.0101 -0.0007]
INFO:root:twist: [-0.0006  0.0013 -0.0053 -0.0003 -0.0102 -0.0007]
INFO:root:twist: [-0.0006  0.0013 -0.0053 -0.0003 -0.0102 -0.0007]
INFO:root:twist: [-0.0006  0.0013 -0.0053 -0.0003 -0.0102 -0.0007]
INFO:root:twist: [-0.0006  0.0013 -0.0053 -0.0003 -0.0103 -0.0008]
INFO:root:twist: [-0.0006  0.0013 -0.0053 -0.0003 -0.0103 -0.0007]
INFO:root:twist: [-0.0006  0.0013 -0.0054 -0.0003 -0.0103 -0.0007]
INFO:root:twist: [-0.0006  0.0013 -0.0054 -0.0003 -0.0103 -0.0007]
INFO:root:twist: [-0.0006  0.0013 -0.0054 -0.0003 -0.0104 -0.0008]
INFO:root:twist: [-0.0006  0.0013 -0.0054 -0.0003 -0.0104 -0.0008]
INFO:root:twist: [-0.0006  0.0013 -0.0054 -0.0003 -0.0105 -0.0008]
INFO:root:twist: [-0.0006  0.0013 -0.0055 -0.0003 -0.0105 -0.0008]
INFO:root:twist: [-0.0006  0.0013 -0.0055 -0.0003 -0.0105 -0.0008]
INFO:root:twist: [-0.0006  0.0013 -0.0055 -0.0003 -0.0105 -0.0008]
INFO:root:twist: [-0.0006  0.0013 -0.0055 -0.0004 -0.0106 -0.0008]
INFO:root:twist: [-0.0006  0.0013 -0.0055 -0.0004 -0.0106 -0.0008]
INFO:root:twist: [-0.0006  0.0013 -0.0056 -0.0004 -0.0106 -0.0008]
INFO:root:twist: [-0.0006  0.0013 -0.0056 -0.0004 -0.0107 -0.0008]
INFO:root:twist: [-0.0006  0.0013 -0.0056 -0.0004 -0.0107 -0.0008]
INFO:root:twist: [-0.0006  0.0013 -0.0056 -0.0004 -0.0107 -0.0008]
INFO:root:twist: [-0.0006  0.0013 -0.0056 -0.0004 -0.0108 -0.0008]
INFO:root:twist: [-0.0006  0.0014 -0.0057 -0.0004 -0.0108 -0.0008]
INFO:root:twist: [-0.0006  0.0014 -0.0057 -0.0004 -0.0108 -0.0008]
INFO:root:twist: [-0.0006  0.0014 -0.0057 -0.0004 -0.0109 -0.0008]
INFO:root:twist: [-0.0006  0.0014 -0.0057 -0.0004 -0.0109 -0.0008]
INFO:root:twist: [-0.0006  0.0014 -0.0057 -0.0004 -0.0109 -0.0008]
INFO:root:twist: [-0.0006  0.0014 -0.0058 -0.0004 -0.011  -0.0008]
INFO:root:twist: [-0.0006  0.0014 -0.0058 -0.0004 -0.011  -0.0008]
INFO:root:twist: [-0.0006  0.0014 -0.0058 -0.0004 -0.011  -0.0008]
INFO:root:twist: [-0.0006  0.0014 -0.0058 -0.0004 -0.0111 -0.0008]
INFO:root:twist: [-0.0006  0.0014 -0.0058 -0.0004 -0.0111 -0.0008]
INFO:root:twist: [-0.0006  0.0014 -0.0059 -0.0004 -0.0111 -0.0008]
INFO:root:twist: [-0.0006  0.0014 -0.0059 -0.0004 -0.0111 -0.0008]
INFO:root:twist: [-0.0006  0.0014 -0.0059 -0.0004 -0.0112 -0.0008]
INFO:root:twist: [-0.0006  0.0014 -0.0059 -0.0004 -0.0112 -0.0008]
INFO:root:twist: [-0.0006  0.0014 -0.0059 -0.0004 -0.0113 -0.0008]
INFO:root:twist: [-0.0006  0.0014 -0.006  -0.0004 -0.0113 -0.0008]
INFO:root:twist: [-0.0006  0.0014 -0.006  -0.0004 -0.0113 -0.0008]
INFO:root:twist: [-0.0006  0.0014 -0.006  -0.0004 -0.0114 -0.0008]
INFO:root:twist: [-0.0006  0.0014 -0.006  -0.0004 -0.0114 -0.0008]
INFO:root:twist: [-0.0006  0.0014 -0.006  -0.0004 -0.0115 -0.0008]
INFO:root:twist: [-0.0006  0.0014 -0.0061 -0.0004 -0.0115 -0.0008]
INFO:root:twist: [-0.0006  0.0014 -0.0061 -0.0004 -0.0115 -0.0008]
INFO:root:twist: [-0.0006  0.0014 -0.0061 -0.0004 -0.0116 -0.0008]
INFO:root:twist: [-0.0006  0.0014 -0.0061 -0.0004 -0.0116 -0.0009]
INFO:root:twist: [-0.0006  0.0015 -0.0061 -0.0004 -0.0116 -0.0008]
INFO:root:twist: [-0.0006  0.0015 -0.0062 -0.0004 -0.0117 -0.0008]
INFO:root:twist: [-0.0006  0.0015 -0.0062 -0.0004 -0.0117 -0.0008]
INFO:root:twist: [-0.0006  0.0015 -0.0062 -0.0004 -0.0117 -0.0009]
INFO:root:twist: [-0.0006  0.0015 -0.0062 -0.0004 -0.0118 -0.0009]
INFO:root:twist: [-0.0006  0.0015 -0.0062 -0.0004 -0.0118 -0.0009]
INFO:root:twist: [-0.0006  0.0015 -0.0063 -0.0004 -0.0118 -0.0009]
INFO:root:twist: [-0.0006  0.0015 -0.0063 -0.0004 -0.0119 -0.0009]
INFO:root:twist: [-0.0006  0.0015 -0.0063 -0.0004 -0.0119 -0.0009]
INFO:root:twist: [-0.0006  0.0015 -0.0063 -0.0004 -0.012  -0.0009]
INFO:root:twist: [-0.0006  0.0015 -0.0063 -0.0004 -0.012  -0.0009]
INFO:root:twist: [-0.0006  0.0015 -0.0064 -0.0004 -0.012  -0.0009]
INFO:root:twist: [-0.0006  0.0015 -0.0064 -0.0004 -0.0121 -0.0009]
INFO:root:twist: [-0.0006  0.0015 -0.0064 -0.0004 -0.0121 -0.0009]
INFO:root:twist: [-0.0006  0.0015 -0.0064 -0.0004 -0.0122 -0.0009]
INFO:root:twist: [-0.0006  0.0015 -0.0064 -0.0004 -0.0122 -0.0009]
INFO:root:twist: [-0.0006  0.0015 -0.0064 -0.0004 -0.0122 -0.0009]
INFO:root:twist: [-0.0006  0.0015 -0.0065 -0.0004 -0.0123 -0.0009]
INFO:root:twist: [-0.0006  0.0015 -0.0065 -0.0004 -0.0123 -0.0009]
INFO:root:twist: [-0.0006  0.0015 -0.0065 -0.0004 -0.0124 -0.0009]
INFO:root:twist: [-0.0006  0.0015 -0.0065 -0.0004 -0.0124 -0.0009]
INFO:root:twist: [-0.0006  0.0015 -0.0065 -0.0004 -0.0124 -0.0009]
INFO:root:twist: [-0.0006  0.0015 -0.0066 -0.0004 -0.0125 -0.0009]
INFO:root:twist: [-0.0006  0.0015 -0.0066 -0.0004 -0.0125 -0.0009]
INFO:root:twist: [-0.0006  0.0016 -0.0066 -0.0004 -0.0126 -0.0009]
INFO:root:twist: [-0.0006  0.0016 -0.0066 -0.0004 -0.0126 -0.0009]
INFO:root:twist: [-0.0006  0.0016 -0.0066 -0.0004 -0.0126 -0.0009]
INFO:root:twist: [-0.0006  0.0016 -0.0067 -0.0004 -0.0127 -0.0009]
INFO:root:twist: [-0.0006  0.0016 -0.0067 -0.0004 -0.0127 -0.0009]
INFO:root:twist: [-0.0006  0.0016 -0.0067 -0.0004 -0.0128 -0.0009]
INFO:root:twist: [-0.0006  0.0016 -0.0067 -0.0005 -0.0128 -0.0009]
INFO:root:twist: [-0.0006  0.0016 -0.0067 -0.0005 -0.0128 -0.0009]
INFO:root:twist: [-0.0006  0.0016 -0.0068 -0.0005 -0.0129 -0.0009]
INFO:root:twist: [-0.0006  0.0016 -0.0068 -0.0005 -0.0129 -0.0009]
INFO:root:twist: [-0.0006  0.0016 -0.0068 -0.0005 -0.013  -0.0009]
INFO:root:twist: [-0.0006  0.0016 -0.0068 -0.0005 -0.013  -0.0009]
INFO:root:twist: [-0.0006  0.0016 -0.0068 -0.0005 -0.0131 -0.0009]
INFO:root:twist: [-0.0006  0.0016 -0.0068 -0.0005 -0.0131 -0.001 ]
INFO:root:twist: [-0.0006  0.0016 -0.0069 -0.0005 -0.0132 -0.0009]
INFO:root:twist: [-0.0006  0.0016 -0.0069 -0.0005 -0.0132 -0.001 ]
INFO:root:twist: [-0.0006  0.0016 -0.0069 -0.0005 -0.0133 -0.001 ]
INFO:root:twist: [-0.0006  0.0016 -0.0069 -0.0005 -0.0133 -0.001 ]
INFO:root:twist: [-0.0006  0.0016 -0.0069 -0.0005 -0.0133 -0.001 ]
INFO:root:twist: [-0.0006  0.0016 -0.007  -0.0005 -0.0134 -0.001 ]
INFO:root:twist: [-0.0006  0.0016 -0.007  -0.0005 -0.0134 -0.001 ]
INFO:root:twist: [-0.0006  0.0016 -0.007  -0.0005 -0.0135 -0.001 ]
INFO:root:twist: [-0.0006  0.0017 -0.007  -0.0005 -0.0135 -0.001 ]
INFO:root:twist: [-0.0006  0.0017 -0.007  -0.0005 -0.0135 -0.001 ]
INFO:root:twist: [-0.0006  0.0017 -0.007  -0.0005 -0.0136 -0.001 ]
INFO:root:twist: [-0.0006  0.0017 -0.0071 -0.0005 -0.0137 -0.001 ]
INFO:root:twist: [-0.0006  0.0017 -0.0071 -0.0005 -0.0137 -0.001 ]
INFO:root:twist: [-0.0006  0.0017 -0.0071 -0.0005 -0.0137 -0.001 ]
INFO:root:twist: [-0.0006  0.0017 -0.0071 -0.0005 -0.0138 -0.001 ]
INFO:root:twist: [-0.0006  0.0017 -0.0071 -0.0005 -0.0138 -0.001 ]
INFO:root:twist: [-0.0006  0.0017 -0.0071 -0.0005 -0.0139 -0.001 ]
INFO:root:twist: [-0.0006  0.0017 -0.0072 -0.0005 -0.014  -0.001 ]
INFO:root:twist: [-0.0006  0.0017 -0.0072 -0.0005 -0.014  -0.001 ]
INFO:root:twist: [-0.0006  0.0017 -0.0072 -0.0005 -0.014  -0.001 ]
INFO:root:twist: [-0.0006  0.0017 -0.0072 -0.0005 -0.0141 -0.001 ]
INFO:root:twist: [-0.0006  0.0017 -0.0072 -0.0005 -0.0141 -0.001 ]
INFO:root:twist: [-0.0006  0.0017 -0.0072 -0.0005 -0.0142 -0.001 ]
INFO:root:twist: [-0.0006  0.0017 -0.0073 -0.0005 -0.0142 -0.001 ]
INFO:root:twist: [-0.0006  0.0017 -0.0073 -0.0005 -0.0143 -0.001 ]
INFO:root:twist: [-0.0006  0.0017 -0.0073 -0.0005 -0.0143 -0.001 ]
INFO:root:twist: [-0.0006  0.0017 -0.0073 -0.0005 -0.0144 -0.001 ]
INFO:root:twist: [-0.0006  0.0017 -0.0073 -0.0005 -0.0144 -0.001 ]
INFO:root:twist: [-0.0006  0.0017 -0.0074 -0.0005 -0.0145 -0.001 ]
INFO:root:twist: [-0.0006  0.0017 -0.0074 -0.0005 -0.0145 -0.001 ]
INFO:root:twist: [-0.0006  0.0018 -0.0074 -0.0005 -0.0146 -0.001 ]
INFO:root:twist: [-0.0006  0.0018 -0.0074 -0.0005 -0.0146 -0.001 ]
INFO:root:twist: [-0.0006  0.0018 -0.0074 -0.0005 -0.0147 -0.001 ]
INFO:root:twist: [-0.0006  0.0018 -0.0075 -0.0005 -0.0147 -0.001 ]
INFO:root:twist: [-0.0006  0.0018 -0.0075 -0.0005 -0.0147 -0.001 ]
INFO:root:twist: [-0.0006  0.0018 -0.0075 -0.0005 -0.0148 -0.001 ]
INFO:root:twist: [-0.0006  0.0018 -0.0075 -0.0005 -0.0149 -0.001 ]
INFO:root:twist: [-0.0006  0.0018 -0.0075 -0.0005 -0.0149 -0.0011]
INFO:root:twist: [-0.0006  0.0018 -0.0076 -0.0006 -0.0149 -0.0011]
INFO:root:twist: [-0.0006  0.0018 -0.0076 -0.0006 -0.015  -0.0011]
INFO:root:twist: [-0.0006  0.0018 -0.0076 -0.0006 -0.0151 -0.0011]
INFO:root:twist: [-0.0006  0.0018 -0.0076 -0.0006 -0.0151 -0.0011]
INFO:root:twist: [-0.0006  0.0018 -0.0076 -0.0006 -0.0152 -0.0011]
INFO:root:twist: [-0.0006  0.0018 -0.0077 -0.0006 -0.0152 -0.0011]
INFO:root:twist: [-0.0006  0.0018 -0.0077 -0.0006 -0.0152 -0.0011]
INFO:root:twist: [-0.0006  0.0018 -0.0077 -0.0006 -0.0153 -0.0011]
INFO:root:twist: [-0.0006  0.0018 -0.0077 -0.0006 -0.0154 -0.0011]
INFO:root:twist: [-0.0006  0.0018 -0.0077 -0.0006 -0.0154 -0.0011]
INFO:root:twist: [-0.0006  0.0018 -0.0077 -0.0006 -0.0154 -0.0011]
INFO:root:twist: [-0.0006  0.0018 -0.0078 -0.0006 -0.0155 -0.0011]
INFO:root:twist: [-0.0006  0.0018 -0.0078 -0.0006 -0.0156 -0.0011]
INFO:root:twist: [-0.0006  0.0018 -0.0078 -0.0006 -0.0156 -0.0011]
INFO:root:twist: [-0.0006  0.0019 -0.0078 -0.0006 -0.0157 -0.0011]
INFO:root:twist: [-0.0006  0.0019 -0.0078 -0.0006 -0.0157 -0.0011]
INFO:root:twist: [-0.0006  0.0019 -0.0079 -0.0006 -0.0158 -0.0011]
INFO:root:twist: [-0.0006  0.0019 -0.0079 -0.0006 -0.0158 -0.0011]
INFO:root:twist: [-0.0006  0.0019 -0.0079 -0.0006 -0.0159 -0.0011]
INFO:root:twist: [-0.0006  0.0019 -0.0079 -0.0006 -0.016  -0.0011]
INFO:root:twist: [-0.0006  0.0019 -0.0079 -0.0006 -0.016  -0.0011]
INFO:root:twist: [-0.0006  0.0019 -0.008  -0.0006 -0.016  -0.0011]
INFO:root:twist: [-0.0006  0.0019 -0.008  -0.0006 -0.0161 -0.0011]
INFO:root:twist: [-0.0006  0.0019 -0.008  -0.0006 -0.0162 -0.0011]
INFO:root:twist: [-0.0006  0.0019 -0.008  -0.0006 -0.0162 -0.0011]
INFO:root:twist: [-0.0006  0.0019 -0.008  -0.0006 -0.0162 -0.0011]
INFO:root:twist: [-0.0006  0.0019 -0.008  -0.0006 -0.0163 -0.0011]
INFO:root:twist: [-0.0006  0.0019 -0.008  -0.0006 -0.0164 -0.0011]
INFO:root:twist: [-0.0006  0.0019 -0.0081 -0.0006 -0.0164 -0.0012]
INFO:root:twist: [-0.0006  0.0019 -0.0081 -0.0006 -0.0165 -0.0012]
INFO:root:twist: [-0.0006  0.0019 -0.0081 -0.0006 -0.0165 -0.0012]
INFO:root:twist: [-0.0006  0.0019 -0.0081 -0.0006 -0.0166 -0.0012]
INFO:root:twist: [-0.0006  0.0019 -0.0081 -0.0006 -0.0166 -0.0012]
INFO:root:twist: [-0.0006  0.0019 -0.0082 -0.0006 -0.0167 -0.0012]
INFO:root:twist: [-0.0006  0.0019 -0.0082 -0.0006 -0.0168 -0.0012]
INFO:root:twist: [-0.0006  0.0019 -0.0082 -0.0006 -0.0168 -0.0012]
INFO:root:twist: [-0.0006  0.0019 -0.0082 -0.0007 -0.0169 -0.0012]
INFO:root:twist: [-0.0005  0.0019 -0.0082 -0.0007 -0.0169 -0.0012]
INFO:root:twist: [-0.0005  0.002  -0.0082 -0.0007 -0.017  -0.0012]
INFO:root:twist: [-0.0005  0.002  -0.0083 -0.0007 -0.0171 -0.0012]
INFO:root:twist: [-0.0005  0.002  -0.0083 -0.0007 -0.0171 -0.0012]
INFO:root:twist: [-0.0005  0.002  -0.0083 -0.0007 -0.0171 -0.0012]
INFO:root:twist: [-0.0005  0.002  -0.0083 -0.0007 -0.0172 -0.0012]
INFO:root:twist: [-0.0005  0.002  -0.0083 -0.0007 -0.0173 -0.0012]
INFO:root:twist: [-0.0005  0.002  -0.0083 -0.0007 -0.0173 -0.0012]
INFO:root:twist: [-0.0005  0.002  -0.0084 -0.0007 -0.0174 -0.0012]
INFO:root:twist: [-0.0005  0.002  -0.0084 -0.0007 -0.0174 -0.0012]
INFO:root:twist: [-0.0005  0.002  -0.0084 -0.0007 -0.0175 -0.0012]
INFO:root:twist: [-0.0005  0.002  -0.0084 -0.0007 -0.0176 -0.0012]
INFO:root:twist: [-0.0005  0.002  -0.0084 -0.0007 -0.0176 -0.0012]
INFO:root:twist: [-0.0005  0.002  -0.0085 -0.0007 -0.0177 -0.0012]
INFO:root:twist: [-0.0005  0.002  -0.0085 -0.0007 -0.0177 -0.0012]
INFO:root:twist: [-0.0005  0.002  -0.0085 -0.0007 -0.0178 -0.0013]
INFO:root:twist: [-0.0005  0.002  -0.0085 -0.0007 -0.0179 -0.0013]
INFO:root:twist: [-0.0005  0.002  -0.0085 -0.0007 -0.018  -0.0013]
INFO:root:twist: [-0.0005  0.002  -0.0086 -0.0007 -0.018  -0.0013]
INFO:root:twist: [-0.0005  0.002  -0.0086 -0.0007 -0.018  -0.0013]
INFO:root:twist: [-0.0005  0.002  -0.0086 -0.0007 -0.0181 -0.0013]
INFO:root:twist: [-0.0005  0.002  -0.0086 -0.0007 -0.0182 -0.0013]
INFO:root:twist: [-0.0005  0.002  -0.0086 -0.0007 -0.0183 -0.0013]
INFO:root:twist: [-0.0005  0.002  -0.0086 -0.0007 -0.0183 -0.0013]
INFO:root:twist: [-0.0005  0.002  -0.0087 -0.0007 -0.0184 -0.0013]
INFO:root:twist: [-0.0005  0.002  -0.0087 -0.0007 -0.0184 -0.0013]
INFO:root:twist: [-0.0005  0.002  -0.0087 -0.0007 -0.0185 -0.0013]
INFO:root:twist: [-0.0005  0.0021 -0.0087 -0.0007 -0.0186 -0.0013]
INFO:root:twist: [-0.0005  0.0021 -0.0087 -0.0007 -0.0186 -0.0013]
INFO:root:twist: [-0.0005  0.0021 -0.0087 -0.0007 -0.0187 -0.0013]
INFO:root:twist: [-0.0004  0.0021 -0.0088 -0.0008 -0.0187 -0.0013]
INFO:root:twist: [-0.0004  0.0021 -0.0088 -0.0008 -0.0188 -0.0013]
INFO:root:twist: [-0.0004  0.0021 -0.0088 -0.0008 -0.0189 -0.0013]
INFO:root:twist: [-0.0004  0.0021 -0.0088 -0.0008 -0.0189 -0.0013]
INFO:root:twist: [-0.0004  0.0021 -0.0088 -0.0008 -0.019  -0.0013]
INFO:root:twist: [-0.0004  0.0021 -0.0088 -0.0008 -0.019  -0.0013]
INFO:root:twist: [-0.0004  0.0021 -0.0089 -0.0008 -0.0191 -0.0014]
INFO:root:twist: [-0.0004  0.0021 -0.0089 -0.0008 -0.0192 -0.0014]
INFO:root:twist: [-0.0004  0.0021 -0.0089 -0.0008 -0.0192 -0.0014]
INFO:root:twist: [-0.0004  0.0021 -0.0089 -0.0008 -0.0193 -0.0014]
INFO:root:twist: [-0.0004  0.0021 -0.0089 -0.0008 -0.0194 -0.0014]
INFO:root:twist: [-0.0004  0.0021 -0.0089 -0.0008 -0.0194 -0.0014]
INFO:root:twist: [-0.0004  0.0021 -0.009  -0.0008 -0.0195 -0.0014]
INFO:root:twist: [-0.0004  0.0021 -0.009  -0.0008 -0.0196 -0.0014]
INFO:root:twist: [-0.0004  0.0021 -0.009  -0.0008 -0.0196 -0.0014]
INFO:root:twist: [-0.0004  0.0021 -0.009  -0.0008 -0.0197 -0.0014]
INFO:root:twist: [-0.0004  0.0021 -0.009  -0.0008 -0.0198 -0.0014]
INFO:root:twist: [-0.0004  0.0021 -0.009  -0.0008 -0.0199 -0.0014]
INFO:root:twist: [-0.0004  0.0021 -0.0091 -0.0008 -0.0199 -0.0014]
INFO:root:twist: [-0.0004  0.0021 -0.0091 -0.0008 -0.02   -0.0014]
INFO:root:twist: [-0.0004  0.0021 -0.0091 -0.0008 -0.02   -0.0014]
INFO:root:twist: [-0.0003  0.0022 -0.0091 -0.0008 -0.0201 -0.0014]
INFO:root:twist: [-0.0003  0.0022 -0.0091 -0.0008 -0.0202 -0.0014]
INFO:root:twist: [-0.0003  0.0022 -0.0092 -0.0008 -0.0202 -0.0014]
INFO:root:twist: [-0.0003  0.0022 -0.0092 -0.0008 -0.0203 -0.0014]
INFO:root:twist: [-0.0003  0.0022 -0.0092 -0.0009 -0.0204 -0.0014]
INFO:root:twist: [-0.0003  0.0022 -0.0092 -0.0009 -0.0204 -0.0015]
INFO:root:twist: [-0.0003  0.0022 -0.0092 -0.0009 -0.0205 -0.0015]
INFO:root:twist: [-0.0003  0.0022 -0.0092 -0.0009 -0.0206 -0.0015]
INFO:root:twist: [-0.0003  0.0022 -0.0093 -0.0009 -0.0206 -0.0015]
INFO:root:twist: [-0.0003  0.0022 -0.0093 -0.0009 -0.0207 -0.0015]
INFO:root:twist: [-0.0003  0.0022 -0.0093 -0.0009 -0.0208 -0.0015]
INFO:root:twist: [-0.0003  0.0022 -0.0093 -0.0009 -0.0209 -0.0015]
INFO:root:twist: [-0.0003  0.0022 -0.0093 -0.0009 -0.0209 -0.0015]
INFO:root:twist: [-0.0003  0.0022 -0.0093 -0.0009 -0.021  -0.0015]
INFO:root:twist: [-0.0003  0.0022 -0.0093 -0.0009 -0.0211 -0.0015]
INFO:root:twist: [-0.0003  0.0022 -0.0094 -0.0009 -0.0211 -0.0015]
INFO:root:twist: [-0.0003  0.0022 -0.0094 -0.0009 -0.0212 -0.0015]
INFO:root:twist: [-0.0003  0.0022 -0.0094 -0.0009 -0.0213 -0.0015]
INFO:root:twist: [-0.0003  0.0022 -0.0094 -0.0009 -0.0213 -0.0015]
INFO:root:twist: [-0.0003  0.0022 -0.0094 -0.0009 -0.0214 -0.0015]
INFO:root:twist: [-0.0003  0.0022 -0.0094 -0.0009 -0.0215 -0.0015]
INFO:root:twist: [-0.0002  0.0022 -0.0094 -0.0009 -0.0216 -0.0015]
INFO:root:twist: [-0.0003  0.0022 -0.0095 -0.0009 -0.0216 -0.0015]
INFO:root:twist: [-0.0002  0.0022 -0.0095 -0.0009 -0.0217 -0.0015]
INFO:root:twist: [-0.0002  0.0022 -0.0095 -0.0009 -0.0218 -0.0016]
INFO:root:twist: [-0.0002  0.0022 -0.0095 -0.0009 -0.0219 -0.0016]
INFO:root:twist: [-0.0002  0.0022 -0.0095 -0.0009 -0.0219 -0.0016]
INFO:root:twist: [-0.0002  0.0023 -0.0096 -0.0009 -0.022  -0.0016]
INFO:root:twist: [-0.0002  0.0023 -0.0096 -0.0009 -0.022  -0.0016]
INFO:root:twist: [-0.0002  0.0023 -0.0096 -0.001  -0.0221 -0.0016]
INFO:root:twist: [-0.0002  0.0023 -0.0096 -0.001  -0.0222 -0.0016]
INFO:root:twist: [-0.0002  0.0023 -0.0096 -0.001  -0.0223 -0.0016]
INFO:root:twist: [-0.0002  0.0023 -0.0096 -0.001  -0.0223 -0.0016]
INFO:root:twist: [-0.0002  0.0023 -0.0097 -0.001  -0.0224 -0.0016]
INFO:root:twist: [-0.0002  0.0023 -0.0097 -0.001  -0.0225 -0.0016]
INFO:root:twist: [-0.0002  0.0023 -0.0097 -0.001  -0.0226 -0.0016]
INFO:root:twist: [-0.0002  0.0023 -0.0097 -0.001  -0.0227 -0.0016]
INFO:root:twist: [-0.0002  0.0023 -0.0097 -0.001  -0.0227 -0.0016]
INFO:root:twist: [-0.0002  0.0023 -0.0097 -0.001  -0.0228 -0.0016]
INFO:root:twist: [-0.0002  0.0023 -0.0097 -0.001  -0.0229 -0.0016]
INFO:root:twist: [-0.0002  0.0023 -0.0098 -0.001  -0.023  -0.0017]
INFO:root:twist: [-0.0002  0.0023 -0.0098 -0.001  -0.023  -0.0017]
INFO:root:twist: [-0.0002  0.0023 -0.0098 -0.001  -0.0231 -0.0017]
INFO:root:twist: [-0.0002  0.0023 -0.0098 -0.001  -0.0231 -0.0017]
INFO:root:twist: [-0.0002  0.0023 -0.0098 -0.001  -0.0232 -0.0017]
INFO:root:twist: [-0.0002  0.0023 -0.0098 -0.001  -0.0233 -0.0017]
INFO:root:twist: [-0.0002  0.0023 -0.0098 -0.001  -0.0234 -0.0017]
INFO:root:twist: [-0.0002  0.0023 -0.0099 -0.001  -0.0235 -0.0017]
INFO:root:twist: [-0.0002  0.0023 -0.0099 -0.001  -0.0235 -0.0017]
INFO:root:twist: [-0.0002  0.0023 -0.0099 -0.001  -0.0236 -0.0017]
INFO:root:twist: [-0.0001  0.0023 -0.0099 -0.001  -0.0237 -0.0017]
INFO:root:twist: [-0.0001  0.0023 -0.0099 -0.001  -0.0238 -0.0017]
INFO:root:twist: [-0.0001  0.0023 -0.0099 -0.001  -0.0238 -0.0017]
INFO:root:twist: [-0.0001  0.0024 -0.01   -0.001  -0.0239 -0.0017]
INFO:root:twist: [-0.0001  0.0024 -0.01   -0.001  -0.024  -0.0017]
INFO:root:twist: [-0.0001  0.0024 -0.01   -0.001  -0.0241 -0.0018]
INFO:root:twist: [-0.0001  0.0024 -0.01   -0.001  -0.0242 -0.0018]
INFO:root:twist: [-0.0001  0.0024 -0.01   -0.0011 -0.0242 -0.0018]
INFO:root:twist: [-0.0001  0.0024 -0.01   -0.0011 -0.0243 -0.0018]
INFO:root:twist: [-0.0001  0.0024 -0.01   -0.0011 -0.0244 -0.0018]
INFO:root:twist: [-0.0001  0.0024 -0.01   -0.0011 -0.0245 -0.0018]
INFO:root:twist: [-0.0001  0.0024 -0.01   -0.0011 -0.0246 -0.0018]
INFO:root:twist: [-0.0001  0.0024 -0.0101 -0.0011 -0.0246 -0.0018]
INFO:root:twist: [-0.0001  0.0024 -0.0101 -0.0011 -0.0247 -0.0018]
INFO:root:twist: [-0.0001  0.0024 -0.0101 -0.0011 -0.0248 -0.0018]
INFO:root:twist: [-0.0001  0.0024 -0.0101 -0.0011 -0.0249 -0.0018]
INFO:root:twist: [-0.0001  0.0024 -0.0101 -0.0011 -0.025  -0.0018]
INFO:root:twist: [-0.0001  0.0024 -0.0102 -0.0011 -0.025  -0.0018]
INFO:root:twist: [-0.0001  0.0024 -0.0102 -0.0011 -0.0251 -0.0018]
INFO:root:twist: [-0.0001  0.0024 -0.0102 -0.0011 -0.0252 -0.0018]
INFO:root:twist: [-0.0001  0.0024 -0.0102 -0.0011 -0.0253 -0.0019]
INFO:root:twist: [-0.0001  0.0024 -0.0102 -0.0011 -0.0254 -0.0019]
INFO:root:twist: [-0.0001  0.0024 -0.0102 -0.0011 -0.0254 -0.0019]
INFO:root:twist: [-0.0001  0.0024 -0.0102 -0.0011 -0.0255 -0.0019]
INFO:root:twist: [-0.0001  0.0024 -0.0102 -0.0011 -0.0256 -0.0019]
INFO:root:twist: [-0.0001  0.0024 -0.0102 -0.0011 -0.0257 -0.0019]
INFO:root:twist: [-0.0001  0.0024 -0.0102 -0.0011 -0.0258 -0.0019]
INFO:root:twist: [-0.0001  0.0024 -0.0103 -0.0011 -0.0259 -0.0019]
INFO:root:twist: [-0.0001  0.0024 -0.0103 -0.0011 -0.0259 -0.0019]
INFO:root:twist: [-0.      0.0025 -0.0103 -0.0011 -0.0261 -0.0019]
INFO:root:twist: [-0.      0.0025 -0.0103 -0.0011 -0.0261 -0.0019]
INFO:root:twist: [-0.      0.0025 -0.0103 -0.0011 -0.0262 -0.0019]
INFO:root:twist: [-0.      0.0025 -0.0103 -0.0011 -0.0263 -0.0019]
INFO:root:twist: [-0.      0.0025 -0.0104 -0.0011 -0.0263 -0.0019]
INFO:root:twist: [-0.      0.0025 -0.0104 -0.0012 -0.0265 -0.002 ]
INFO:root:twist: [-0.      0.0025 -0.0104 -0.0012 -0.0265 -0.002 ]
INFO:root:twist: [-0.      0.0025 -0.0104 -0.0012 -0.0266 -0.002 ]
INFO:root:twist: [-0.      0.0025 -0.0104 -0.0012 -0.0266 -0.002 ]
INFO:root:twist: [-0.      0.0025 -0.0104 -0.0012 -0.0267 -0.002 ]
INFO:root:twist: [-0.      0.0025 -0.0104 -0.0012 -0.0268 -0.002 ]
INFO:root:twist: [-0.      0.0025 -0.0104 -0.0012 -0.0269 -0.002 ]
INFO:root:twist: [-0.      0.0025 -0.0104 -0.0012 -0.0269 -0.002 ]
INFO:root:twist: [-0.      0.0025 -0.0105 -0.0012 -0.027  -0.002 ]
INFO:root:twist: [-0.      0.0025 -0.0105 -0.0012 -0.027  -0.002 ]
INFO:root:twist: [-0.      0.0025 -0.0105 -0.0012 -0.0271 -0.002 ]
INFO:root:twist: [-0.      0.0025 -0.0105 -0.0012 -0.0272 -0.002 ]
INFO:root:twist: [-0.      0.0025 -0.0105 -0.0012 -0.0272 -0.002 ]
INFO:root:twist: [-0.      0.0025 -0.0105 -0.0012 -0.0272 -0.0021]
INFO:root:twist: [-0.      0.0025 -0.0106 -0.0012 -0.0273 -0.0021]
INFO:root:twist: [-0.      0.0025 -0.0106 -0.0012 -0.0274 -0.002 ]
INFO:root:twist: [-0.      0.0025 -0.0106 -0.0012 -0.0274 -0.0021]
INFO:root:twist: [-0.      0.0025 -0.0106 -0.0012 -0.0275 -0.0021]
INFO:root:twist: [-0.      0.0025 -0.0106 -0.0012 -0.0275 -0.0021]
INFO:root:twist: [-0.      0.0025 -0.0106 -0.0012 -0.0276 -0.0021]
INFO:root:twist: [-0.      0.0026 -0.0106 -0.0012 -0.0277 -0.0021]
INFO:root:twist: [ 0.      0.0026 -0.0106 -0.0012 -0.0278 -0.0021]
INFO:root:twist: [ 0.      0.0026 -0.0106 -0.0012 -0.0278 -0.0021]
INFO:root:twist: [ 0.      0.0026 -0.0107 -0.0012 -0.0279 -0.0021]
INFO:root:twist: [ 0.      0.0026 -0.0107 -0.0012 -0.0279 -0.0021]
INFO:root:twist: [ 0.      0.0026 -0.0107 -0.0012 -0.028  -0.0021]
INFO:root:twist: [ 0.      0.0026 -0.0107 -0.0012 -0.0281 -0.0021]
INFO:root:twist: [ 0.      0.0026 -0.0107 -0.0012 -0.0281 -0.0021]
INFO:root:twist: [ 0.      0.0026 -0.0107 -0.0012 -0.0282 -0.0021]
INFO:root:twist: [ 0.      0.0026 -0.0107 -0.0012 -0.0282 -0.0022]
INFO:root:twist: [ 0.      0.0026 -0.0108 -0.0012 -0.0283 -0.0022]
INFO:root:twist: [ 0.      0.0026 -0.0108 -0.0012 -0.0284 -0.0022]
INFO:root:twist: [ 0.      0.0026 -0.0108 -0.0012 -0.0285 -0.0022]
INFO:root:twist: [ 0.      0.0026 -0.0108 -0.0012 -0.0285 -0.0022]
INFO:root:twist: [ 0.      0.0026 -0.0108 -0.0012 -0.0286 -0.0022]
INFO:root:twist: [ 0.      0.0026 -0.0108 -0.0012 -0.0286 -0.0022]
INFO:root:twist: [ 0.      0.0026 -0.0108 -0.0012 -0.0287 -0.0022]
INFO:root:twist: [ 0.      0.0026 -0.0108 -0.0012 -0.0288 -0.0022]
INFO:root:twist: [ 0.      0.0026 -0.0109 -0.0012 -0.0288 -0.0022]
INFO:root:twist: [ 0.      0.0026 -0.0109 -0.0012 -0.0289 -0.0022]
INFO:root:twist: [ 0.      0.0026 -0.0109 -0.0012 -0.029  -0.0022]
INFO:root:twist: [ 0.      0.0026 -0.0109 -0.0012 -0.0291 -0.0023]
INFO:root:twist: [ 0.0001  0.0026 -0.0109 -0.0012 -0.0291 -0.0023]
INFO:root:twist: [ 0.      0.0026 -0.0109 -0.0012 -0.0292 -0.0023]
INFO:root:twist: [ 0.      0.0027 -0.0109 -0.0012 -0.0292 -0.0023]
INFO:root:twist: [ 0.0001  0.0027 -0.0109 -0.0012 -0.0293 -0.0023]
INFO:root:twist: [ 0.0001  0.0027 -0.011  -0.0012 -0.0294 -0.0023]
INFO:root:twist: [ 0.0001  0.0027 -0.011  -0.0012 -0.0295 -0.0023]
INFO:root:twist: [ 0.0001  0.0027 -0.011  -0.0012 -0.0295 -0.0023]
INFO:root:twist: [ 0.0001  0.0027 -0.011  -0.0012 -0.0296 -0.0023]
INFO:root:twist: [ 0.0001  0.0027 -0.011  -0.0012 -0.0297 -0.0023]
INFO:root:twist: [ 0.0001  0.0027 -0.011  -0.0012 -0.0298 -0.0023]
INFO:root:twist: [ 0.0001  0.0027 -0.011  -0.0012 -0.0298 -0.0023]
INFO:root:twist: [ 0.0001  0.0027 -0.011  -0.0012 -0.0299 -0.0023]
INFO:root:twist: [ 0.0001  0.0027 -0.0111 -0.0012 -0.03   -0.0024]
INFO:root:twist: [ 0.0001  0.0027 -0.0111 -0.0012 -0.03   -0.0024]
INFO:root:twist: [ 0.0001  0.0027 -0.0111 -0.0012 -0.0301 -0.0024]
INFO:root:twist: [ 0.0001  0.0027 -0.0111 -0.0013 -0.0302 -0.0024]
INFO:root:twist: [ 0.0001  0.0027 -0.0111 -0.0013 -0.0303 -0.0024]
INFO:root:twist: [ 0.0001  0.0027 -0.0111 -0.0013 -0.0303 -0.0024]
INFO:root:twist: [ 0.0001  0.0027 -0.0111 -0.0013 -0.0304 -0.0024]
INFO:root:twist: [ 0.0001  0.0027 -0.0111 -0.0013 -0.0305 -0.0024]
INFO:root:twist: [ 0.0001  0.0027 -0.0111 -0.0013 -0.0306 -0.0024]
INFO:root:twist: [ 0.0001  0.0027 -0.0112 -0.0013 -0.0306 -0.0024]
INFO:root:twist: [ 0.0001  0.0027 -0.0112 -0.0013 -0.0307 -0.0024]
INFO:root:twist: [ 0.0001  0.0027 -0.0112 -0.0013 -0.0308 -0.0024]
INFO:root:twist: [ 0.0001  0.0027 -0.0112 -0.0013 -0.0309 -0.0024]
INFO:root:twist: [ 0.0001  0.0027 -0.0112 -0.0013 -0.031  -0.0025]
INFO:root:twist: [ 0.0001  0.0028 -0.0112 -0.0013 -0.031  -0.0025]
INFO:root:twist: [ 0.0001  0.0028 -0.0112 -0.0013 -0.0311 -0.0025]
INFO:root:twist: [ 0.0001  0.0028 -0.0112 -0.0013 -0.0312 -0.0025]
INFO:root:twist: [ 0.0001  0.0028 -0.0113 -0.0013 -0.0312 -0.0025]
INFO:root:twist: [ 0.0001  0.0028 -0.0113 -0.0013 -0.0313 -0.0025]
INFO:root:twist: [ 0.0001  0.0028 -0.0113 -0.0013 -0.0314 -0.0025]
INFO:root:twist: [ 0.0001  0.0028 -0.0113 -0.0013 -0.0315 -0.0025]
INFO:root:twist: [ 0.0001  0.0028 -0.0113 -0.0013 -0.0316 -0.0025]
INFO:root:twist: [ 0.0001  0.0028 -0.0113 -0.0013 -0.0316 -0.0025]
INFO:root:twist: [ 0.0001  0.0028 -0.0113 -0.0013 -0.0317 -0.0025]
INFO:root:twist: [ 0.0001  0.0028 -0.0114 -0.0013 -0.0318 -0.0025]
INFO:root:twist: [ 0.0001  0.0028 -0.0114 -0.0013 -0.0318 -0.0025]
INFO:root:twist: [ 0.0001  0.0028 -0.0114 -0.0013 -0.0319 -0.0025]
INFO:root:twist: [ 0.0001  0.0028 -0.0114 -0.0013 -0.032  -0.0026]
INFO:root:twist: [ 0.0001  0.0028 -0.0114 -0.0013 -0.0321 -0.0026]
INFO:root:twist: [ 0.0001  0.0028 -0.0114 -0.0013 -0.0322 -0.0026]
INFO:root:twist: [ 0.0001  0.0028 -0.0114 -0.0013 -0.0322 -0.0026]
INFO:root:twist: [ 0.0001  0.0028 -0.0114 -0.0013 -0.0323 -0.0026]
INFO:root:twist: [ 0.0001  0.0028 -0.0114 -0.0013 -0.0324 -0.0026]
INFO:root:twist: [ 0.0001  0.0028 -0.0114 -0.0013 -0.0325 -0.0026]
INFO:root:twist: [ 0.0001  0.0029 -0.0115 -0.0013 -0.0326 -0.0026]
INFO:root:twist: [ 0.0001  0.0029 -0.0115 -0.0013 -0.0326 -0.0026]
INFO:root:twist: [ 0.0001  0.0029 -0.0115 -0.0013 -0.0328 -0.0026]
INFO:root:twist: [ 0.0001  0.0029 -0.0115 -0.0013 -0.0328 -0.0026]
INFO:root:twist: [ 0.0001  0.0029 -0.0115 -0.0013 -0.0329 -0.0026]
INFO:root:twist: [ 0.0001  0.0029 -0.0115 -0.0013 -0.033  -0.0026]
INFO:root:twist: [ 0.0001  0.0029 -0.0116 -0.0013 -0.0331 -0.0026]
INFO:root:twist: [ 0.0001  0.0029 -0.0116 -0.0013 -0.0332 -0.0027]
INFO:root:twist: [ 0.0001  0.0029 -0.0116 -0.0013 -0.0333 -0.0027]
INFO:root:twist: [ 0.0001  0.0029 -0.0116 -0.0013 -0.0334 -0.0027]
INFO:root:twist: [ 0.0001  0.0029 -0.0116 -0.0013 -0.0334 -0.0027]
INFO:root:twist: [ 0.0001  0.0029 -0.0116 -0.0013 -0.0335 -0.0027]
INFO:root:twist: [ 0.0001  0.0029 -0.0116 -0.0013 -0.0336 -0.0027]
INFO:root:twist: [ 0.0001  0.0029 -0.0116 -0.0013 -0.0337 -0.0027]
INFO:root:twist: [ 0.0001  0.0029 -0.0116 -0.0013 -0.0338 -0.0027]
INFO:root:twist: [ 0.0001  0.0029 -0.0117 -0.0013 -0.0338 -0.0027]
INFO:root:twist: [ 0.0001  0.0029 -0.0117 -0.0013 -0.0339 -0.0027]
INFO:root:twist: [ 0.0001  0.0029 -0.0117 -0.0013 -0.034  -0.0027]
INFO:root:twist: [ 0.0001  0.0029 -0.0117 -0.0013 -0.0341 -0.0027]
INFO:root:twist: [ 0.0001  0.0029 -0.0117 -0.0014 -0.0342 -0.0027]
INFO:root:twist: [ 0.0001  0.003  -0.0117 -0.0014 -0.0342 -0.0027]
INFO:root:twist: [ 0.0001  0.003  -0.0117 -0.0013 -0.0343 -0.0028]
INFO:root:twist: [ 0.0001  0.003  -0.0117 -0.0014 -0.0344 -0.0028]
INFO:root:twist: [ 0.0001  0.003  -0.0117 -0.0014 -0.0345 -0.0028]
INFO:root:twist: [ 0.0001  0.003  -0.0118 -0.0014 -0.0346 -0.0028]
INFO:root:twist: [ 0.0001  0.003  -0.0118 -0.0014 -0.0346 -0.0028]
INFO:root:twist: [ 0.0001  0.003  -0.0118 -0.0014 -0.0347 -0.0028]
INFO:root:twist: [ 0.0001  0.003  -0.0118 -0.0014 -0.0348 -0.0028]
INFO:root:twist: [ 0.0001  0.003  -0.0118 -0.0014 -0.0349 -0.0028]
INFO:root:twist: [ 0.0001  0.003  -0.0118 -0.0014 -0.035  -0.0028]
INFO:root:twist: [ 0.0001  0.003  -0.0119 -0.0014 -0.0351 -0.0028]
INFO:root:twist: [ 0.0001  0.003  -0.0119 -0.0014 -0.0352 -0.0028]
INFO:root:twist: [ 0.0001  0.003  -0.0119 -0.0014 -0.0353 -0.0028]
INFO:root:twist: [ 0.0001  0.003  -0.0119 -0.0014 -0.0354 -0.0028]
INFO:root:twist: [ 0.0001  0.003  -0.0119 -0.0014 -0.0355 -0.0029]
INFO:root:twist: [ 0.0001  0.003  -0.0119 -0.0014 -0.0355 -0.0029]
INFO:root:twist: [ 0.0001  0.003  -0.0119 -0.0014 -0.0356 -0.0029]
INFO:root:twist: [ 0.0001  0.003  -0.0119 -0.0014 -0.0357 -0.0029]
INFO:root:twist: [ 0.0001  0.0031 -0.012  -0.0014 -0.0358 -0.0029]
INFO:root:twist: [ 0.0001  0.0031 -0.0119 -0.0014 -0.0359 -0.0029]
INFO:root:twist: [ 0.0001  0.0031 -0.012  -0.0014 -0.0359 -0.0029]
INFO:root:twist: [ 0.0001  0.0031 -0.012  -0.0014 -0.036  -0.0029]
INFO:root:twist: [ 0.0001  0.0031 -0.012  -0.0014 -0.0361 -0.0029]
INFO:root:twist: [ 0.0001  0.0031 -0.012  -0.0014 -0.0362 -0.0029]
INFO:root:twist: [ 0.0001  0.0031 -0.012  -0.0014 -0.0363 -0.0029]
INFO:root:twist: [ 0.0001  0.0031 -0.0121 -0.0014 -0.0364 -0.0029]
INFO:root:twist: [ 0.0001  0.0031 -0.0121 -0.0014 -0.0365 -0.0029]
INFO:root:twist: [ 0.0001  0.0031 -0.0121 -0.0014 -0.0366 -0.003 ]
INFO:root:twist: [ 0.0001  0.0031 -0.0121 -0.0014 -0.0367 -0.003 ]
INFO:root:twist: [ 0.0001  0.0031 -0.0121 -0.0014 -0.0368 -0.003 ]
INFO:root:twist: [ 0.0001  0.0031 -0.0121 -0.0014 -0.0368 -0.003 ]
INFO:root:twist: [ 0.0001  0.0031 -0.0122 -0.0014 -0.0369 -0.003 ]
INFO:root:twist: [ 0.0001  0.0031 -0.0122 -0.0014 -0.037  -0.003 ]
INFO:root:twist: [ 0.0001  0.0031 -0.0122 -0.0014 -0.0371 -0.003 ]
INFO:root:twist: [ 0.0001  0.0031 -0.0122 -0.0014 -0.0372 -0.003 ]
INFO:root:twist: [ 0.0001  0.0031 -0.0122 -0.0014 -0.0372 -0.003 ]
INFO:root:twist: [ 0.0001  0.0031 -0.0122 -0.0014 -0.0373 -0.003 ]
INFO:root:twist: [ 0.0001  0.0031 -0.0122 -0.0014 -0.0374 -0.003 ]
INFO:root:twist: [ 0.0001  0.0032 -0.0122 -0.0014 -0.0375 -0.003 ]
INFO:root:twist: [ 0.0001  0.0032 -0.0122 -0.0014 -0.0376 -0.003 ]
INFO:root:twist: [ 0.0001  0.0032 -0.0123 -0.0014 -0.0377 -0.003 ]
INFO:root:twist: [ 0.0001  0.0032 -0.0123 -0.0014 -0.0378 -0.0031]
INFO:root:twist: [ 0.0001  0.0032 -0.0123 -0.0014 -0.0379 -0.0031]
INFO:root:twist: [ 0.0001  0.0032 -0.0123 -0.0014 -0.038  -0.0031]
INFO:root:twist: [ 0.0001  0.0032 -0.0123 -0.0014 -0.0381 -0.0031]
INFO:root:twist: [ 0.0001  0.0032 -0.0124 -0.0014 -0.0381 -0.0031]
INFO:root:twist: [ 0.0001  0.0032 -0.0124 -0.0014 -0.0382 -0.0031]
INFO:root:twist: [ 0.0001  0.0032 -0.0124 -0.0014 -0.0383 -0.0031]
INFO:root:twist: [ 0.0001  0.0032 -0.0124 -0.0014 -0.0384 -0.0031]
INFO:root:twist: [ 0.0001  0.0032 -0.0124 -0.0014 -0.0385 -0.0031]
INFO:root:twist: [ 0.0001  0.0032 -0.0124 -0.0014 -0.0386 -0.0031]
INFO:root:twist: [ 0.0001  0.0032 -0.0124 -0.0014 -0.0386 -0.0031]
INFO:root:twist: [ 0.0001  0.0032 -0.0124 -0.0014 -0.0388 -0.0032]
INFO:root:twist: [ 0.0001  0.0032 -0.0124 -0.0014 -0.0389 -0.0032]
INFO:root:twist: [ 0.0001  0.0032 -0.0124 -0.0015 -0.039  -0.0032]
INFO:root:twist: [ 0.0001  0.0032 -0.0125 -0.0015 -0.039  -0.0032]
INFO:root:twist: [ 0.0001  0.0032 -0.0125 -0.0015 -0.0391 -0.0032]
INFO:root:twist: [ 0.0001  0.0033 -0.0125 -0.0015 -0.0392 -0.0032]
INFO:root:twist: [ 0.0001  0.0033 -0.0125 -0.0015 -0.0393 -0.0032]
INFO:root:twist: [ 0.0001  0.0033 -0.0125 -0.0015 -0.0394 -0.0032]
INFO:root:twist: [ 0.0001  0.0033 -0.0126 -0.0015 -0.0394 -0.0032]
INFO:root:twist: [ 0.0001  0.0033 -0.0126 -0.0015 -0.0395 -0.0032]
INFO:root:twist: [ 0.0001  0.0033 -0.0126 -0.0015 -0.0396 -0.0032]
INFO:root:twist: [ 0.0001  0.0033 -0.0126 -0.0015 -0.0397 -0.0033]
INFO:root:twist: [ 0.0001  0.0033 -0.0126 -0.0015 -0.0398 -0.0033]
INFO:root:twist: [ 0.0001  0.0033 -0.0126 -0.0015 -0.0399 -0.0033]
INFO:root:twist: [ 0.0001  0.0033 -0.0127 -0.0015 -0.04   -0.0033]
INFO:root:twist: [ 0.0001  0.0033 -0.0127 -0.0015 -0.0401 -0.0033]
INFO:root:twist: [ 0.0001  0.0033 -0.0127 -0.0015 -0.0402 -0.0033]
INFO:root:twist: [ 0.0001  0.0033 -0.0127 -0.0015 -0.0403 -0.0033]
INFO:root:twist: [ 0.0001  0.0033 -0.0127 -0.0015 -0.0403 -0.0033]
INFO:root:twist: [ 0.0001  0.0033 -0.0127 -0.0015 -0.0404 -0.0033]
INFO:root:twist: [ 0.0001  0.0033 -0.0127 -0.0015 -0.0405 -0.0033]
INFO:root:twist: [ 0.0001  0.0033 -0.0127 -0.0015 -0.0406 -0.0033]
INFO:root:twist: [ 0.0001  0.0033 -0.0127 -0.0015 -0.0407 -0.0034]
INFO:root:twist: [ 0.0001  0.0033 -0.0128 -0.0015 -0.0408 -0.0034]
INFO:root:twist: [ 0.0001  0.0033 -0.0128 -0.0015 -0.0409 -0.0034]
INFO:root:twist: [ 0.0001  0.0033 -0.0128 -0.0015 -0.041  -0.0034]
INFO:root:twist: [ 0.0001  0.0034 -0.0128 -0.0015 -0.0411 -0.0034]
INFO:root:twist: [ 0.0001  0.0034 -0.0128 -0.0015 -0.0412 -0.0034]
INFO:root:twist: [ 0.0001  0.0034 -0.0128 -0.0015 -0.0412 -0.0034]
INFO:root:twist: [ 0.0001  0.0034 -0.0129 -0.0015 -0.0413 -0.0034]
INFO:root:twist: [ 0.0001  0.0034 -0.0129 -0.0015 -0.0414 -0.0034]
INFO:root:twist: [ 0.0001  0.0034 -0.0129 -0.0015 -0.0415 -0.0034]
INFO:root:twist: [ 0.0001  0.0034 -0.0129 -0.0015 -0.0417 -0.0035]
INFO:root:twist: [ 0.      0.0034 -0.0129 -0.0015 -0.0417 -0.0035]
INFO:root:twist: [ 0.0001  0.0034 -0.0129 -0.0015 -0.0418 -0.0035]
INFO:root:twist: [ 0.      0.0034 -0.0129 -0.0015 -0.0419 -0.0035]
INFO:root:twist: [ 0.      0.0034 -0.0129 -0.0015 -0.042  -0.0035]
INFO:root:twist: [ 0.      0.0034 -0.0129 -0.0015 -0.0421 -0.0035]
INFO:root:twist: [ 0.      0.0034 -0.013  -0.0015 -0.0422 -0.0035]
INFO:root:twist: [ 0.      0.0034 -0.013  -0.0015 -0.0423 -0.0035]
INFO:root:twist: [ 0.      0.0034 -0.013  -0.0015 -0.0424 -0.0035]
INFO:root:twist: [ 0.      0.0034 -0.013  -0.0015 -0.0425 -0.0035]
INFO:root:twist: [ 0.      0.0034 -0.013  -0.0015 -0.0426 -0.0036]
INFO:root:twist: [ 0.      0.0034 -0.013  -0.0015 -0.0426 -0.0036]
INFO:root:twist: [ 0.      0.0034 -0.013  -0.0015 -0.0427 -0.0036]
INFO:root:twist: [ 0.      0.0034 -0.0131 -0.0015 -0.0428 -0.0036]
INFO:root:twist: [ 0.      0.0035 -0.0131 -0.0015 -0.0429 -0.0036]
INFO:root:twist: [ 0.      0.0035 -0.0131 -0.0015 -0.0431 -0.0036]
INFO:root:twist: [ 0.      0.0035 -0.0131 -0.0015 -0.0431 -0.0036]
INFO:root:twist: [ 0.      0.0035 -0.0131 -0.0015 -0.0432 -0.0036]
INFO:root:twist: [ 0.      0.0035 -0.0131 -0.0015 -0.0433 -0.0036]
INFO:root:twist: [ 0.      0.0035 -0.0131 -0.0015 -0.0434 -0.0036]
INFO:root:twist: [ 0.      0.0035 -0.0131 -0.0015 -0.0435 -0.0037]
INFO:root:twist: [ 0.      0.0035 -0.0132 -0.0015 -0.0436 -0.0037]
INFO:root:twist: [ 0.      0.0035 -0.0132 -0.0015 -0.0437 -0.0037]
INFO:root:twist: [ 0.      0.0035 -0.0132 -0.0015 -0.0438 -0.0037]
INFO:root:twist: [ 0.      0.0035 -0.0132 -0.0015 -0.0439 -0.0037]
INFO:root:twist: [ 0.      0.0035 -0.0132 -0.0015 -0.044  -0.0037]
INFO:root:twist: [ 0.      0.0035 -0.0132 -0.0015 -0.044  -0.0037]
INFO:root:twist: [ 0.      0.0035 -0.0132 -0.0015 -0.0441 -0.0037]
INFO:root:twist: [ 0.      0.0035 -0.0132 -0.0015 -0.0443 -0.0037]
INFO:root:twist: [ 0.      0.0035 -0.0132 -0.0015 -0.0444 -0.0037]
INFO:root:twist: [ 0.      0.0035 -0.0132 -0.0015 -0.0445 -0.0038]
INFO:root:twist: [ 0.      0.0035 -0.0133 -0.0015 -0.0445 -0.0038]
INFO:root:twist: [ 0.      0.0035 -0.0133 -0.0015 -0.0446 -0.0038]
INFO:root:twist: [ 0.      0.0035 -0.0133 -0.0015 -0.0447 -0.0038]
INFO:root:twist: [ 0.      0.0035 -0.0133 -0.0015 -0.0449 -0.0038]
INFO:root:twist: [ 0.      0.0035 -0.0133 -0.0015 -0.045  -0.0038]
INFO:root:twist: [ 0.      0.0036 -0.0133 -0.0015 -0.045  -0.0038]
INFO:root:twist: [-0.      0.0036 -0.0134 -0.0016 -0.0451 -0.0038]
INFO:root:twist: [ 0.      0.0036 -0.0133 -0.0016 -0.0452 -0.0038]
INFO:root:twist: [-0.      0.0036 -0.0134 -0.0015 -0.0453 -0.0038]
INFO:root:twist: [-0.      0.0036 -0.0134 -0.0016 -0.0455 -0.0039]
INFO:root:twist: [-0.      0.0036 -0.0134 -0.0016 -0.0455 -0.0039]
INFO:root:twist: [-0.      0.0036 -0.0134 -0.0016 -0.0456 -0.0039]
INFO:root:twist: [-0.      0.0036 -0.0134 -0.0016 -0.0457 -0.0039]
INFO:root:twist: [-0.      0.0036 -0.0134 -0.0016 -0.0458 -0.0039]
INFO:root:twist: [-0.      0.0036 -0.0134 -0.0016 -0.046  -0.0039]
INFO:root:twist: [-0.      0.0036 -0.0135 -0.0016 -0.046  -0.0039]
INFO:root:twist: [-0.      0.0036 -0.0135 -0.0016 -0.0461 -0.0039]
INFO:root:twist: [-0.      0.0036 -0.0135 -0.0016 -0.0462 -0.004 ]
INFO:root:twist: [-0.      0.0036 -0.0135 -0.0016 -0.0463 -0.004 ]
INFO:root:twist: [-0.      0.0036 -0.0135 -0.0016 -0.0465 -0.004 ]
INFO:root:twist: [-0.      0.0036 -0.0135 -0.0016 -0.0465 -0.004 ]
INFO:root:twist: [-0.      0.0036 -0.0135 -0.0016 -0.0466 -0.004 ]
INFO:root:twist: [-0.      0.0036 -0.0135 -0.0016 -0.0467 -0.004 ]
INFO:root:twist: [-0.      0.0036 -0.0135 -0.0016 -0.0469 -0.004 ]
INFO:root:twist: [-0.      0.0036 -0.0135 -0.0016 -0.047  -0.004 ]
INFO:root:twist: [-0.      0.0037 -0.0136 -0.0016 -0.047  -0.004 ]
INFO:root:twist: [-0.      0.0037 -0.0136 -0.0016 -0.0471 -0.0041]
INFO:root:twist: [-0.      0.0037 -0.0136 -0.0016 -0.0472 -0.0041]
INFO:root:twist: [-0.      0.0037 -0.0136 -0.0016 -0.0474 -0.0041]
INFO:root:twist: [-0.0001  0.0037 -0.0136 -0.0016 -0.0475 -0.0041]
INFO:root:twist: [-0.0001  0.0037 -0.0136 -0.0016 -0.0475 -0.0041]
INFO:root:twist: [-0.0001  0.0037 -0.0136 -0.0016 -0.0476 -0.0041]
INFO:root:twist: [-0.0001  0.0037 -0.0136 -0.0016 -0.0478 -0.0041]
INFO:root:twist: [-0.0001  0.0037 -0.0136 -0.0016 -0.0479 -0.0041]
INFO:root:twist: [-0.0001  0.0037 -0.0136 -0.0016 -0.048  -0.0042]
INFO:root:twist: [-0.0001  0.0037 -0.0137 -0.0016 -0.048  -0.0042]
INFO:root:twist: [-0.0001  0.0037 -0.0137 -0.0016 -0.0481 -0.0042]
INFO:root:twist: [-0.0001  0.0037 -0.0137 -0.0016 -0.0483 -0.0042]
INFO:root:twist: [-0.0001  0.0037 -0.0137 -0.0016 -0.0484 -0.0042]
INFO:root:twist: [-0.0001  0.0037 -0.0137 -0.0016 -0.0485 -0.0042]
INFO:root:twist: [-0.0001  0.0037 -0.0137 -0.0016 -0.0485 -0.0042]
INFO:root:twist: [-0.0001  0.0037 -0.0137 -0.0016 -0.0487 -0.0042]
INFO:root:twist: [-0.0001  0.0037 -0.0137 -0.0016 -0.0488 -0.0042]
INFO:root:twist: [-0.0001  0.0037 -0.0137 -0.0016 -0.0489 -0.0043]
INFO:root:twist: [-0.0001  0.0037 -0.0137 -0.0016 -0.049  -0.0043]
INFO:root:twist: [-0.0001  0.0037 -0.0138 -0.0016 -0.0491 -0.0043]
INFO:root:twist: [-0.0001  0.0037 -0.0138 -0.0016 -0.0492 -0.0043]
INFO:root:twist: [-0.0001  0.0037 -0.0138 -0.0016 -0.0493 -0.0043]
INFO:root:twist: [-0.0001  0.0037 -0.0138 -0.0016 -0.0494 -0.0043]
INFO:root:twist: [-0.0001  0.0038 -0.0138 -0.0016 -0.0496 -0.0043]
INFO:root:twist: [-0.0001  0.0038 -0.0138 -0.0016 -0.0496 -0.0043]
INFO:root:twist: [-0.0001  0.0038 -0.0139 -0.0016 -0.0497 -0.0043]
INFO:root:twist: [-0.0001  0.0038 -0.0138 -0.0016 -0.0499 -0.0044]
INFO:root:twist: [-0.0001  0.0038 -0.0138 -0.0016 -0.05   -0.0044]
INFO:root:twist: [-0.0001  0.0038 -0.0138 -0.0016 -0.0501 -0.0044]
INFO:root:twist: [-0.0001  0.0038 -0.0139 -0.0016 -0.0502 -0.0044]
INFO:root:twist: [-0.0001  0.0038 -0.0139 -0.0016 -0.0503 -0.0044]
INFO:root:twist: [-0.0001  0.0038 -0.0139 -0.0016 -0.0504 -0.0044]
INFO:root:twist: [-0.0001  0.0038 -0.0139 -0.0016 -0.0505 -0.0044]
INFO:root:twist: [-0.0001  0.0038 -0.0139 -0.0016 -0.0507 -0.0045]
INFO:root:twist: [-0.0001  0.0038 -0.0139 -0.0016 -0.0507 -0.0045]
INFO:root:twist: [-0.0001  0.0038 -0.0139 -0.0016 -0.0508 -0.0045]
INFO:root:twist: [-0.0001  0.0038 -0.014  -0.0016 -0.0509 -0.0045]
INFO:root:twist: [-0.0001  0.0038 -0.014  -0.0016 -0.0511 -0.0045]
INFO:root:twist: [-0.0001  0.0038 -0.0139 -0.0016 -0.0512 -0.0045]
INFO:root:twist: [-0.0001  0.0038 -0.014  -0.0016 -0.0512 -0.0045]
INFO:root:twist: [-0.0001  0.0038 -0.014  -0.0016 -0.0514 -0.0045]
INFO:root:twist: [-0.0001  0.0038 -0.014  -0.0016 -0.0515 -0.0045]
INFO:root:twist: [-0.0001  0.0038 -0.014  -0.0016 -0.0516 -0.0046]
INFO:root:twist: [-0.0001  0.0038 -0.014  -0.0016 -0.0518 -0.0046]
INFO:root:twist: [-0.0001  0.0038 -0.014  -0.0016 -0.0518 -0.0046]
INFO:root:twist: [-0.0001  0.0038 -0.0141 -0.0016 -0.0519 -0.0046]
INFO:root:twist: [-0.0001  0.0038 -0.014  -0.0016 -0.0521 -0.0046]
INFO:root:twist: [-0.0001  0.0038 -0.014  -0.0016 -0.0522 -0.0046]
INFO:root:twist: [-0.0001  0.0039 -0.014  -0.0016 -0.0523 -0.0046]
INFO:root:twist: [-0.0001  0.0039 -0.0141 -0.0016 -0.0524 -0.0047]
INFO:root:twist: [-0.0001  0.0039 -0.0141 -0.0016 -0.0525 -0.0047]
INFO:root:twist: [-0.0001  0.0039 -0.0141 -0.0017 -0.0526 -0.0047]
INFO:root:twist: [-0.0001  0.0039 -0.0141 -0.0017 -0.0527 -0.0047]
INFO:root:twist: [-0.0001  0.0039 -0.0141 -0.0017 -0.0529 -0.0047]
INFO:root:twist: [-0.0001  0.0039 -0.0141 -0.0017 -0.0529 -0.0047]
INFO:root:twist: [-0.0001  0.0039 -0.0142 -0.0017 -0.053  -0.0047]
INFO:root:twist: [-0.0001  0.0039 -0.0141 -0.0017 -0.0532 -0.0047]
INFO:root:twist: [-0.0001  0.0039 -0.0142 -0.0017 -0.0533 -0.0048]
INFO:root:twist: [-0.0001  0.0039 -0.0141 -0.0017 -0.0535 -0.0048]
INFO:root:twist: [-0.0001  0.0039 -0.0142 -0.0017 -0.0535 -0.0048]
INFO:root:twist: [-0.0001  0.0039 -0.0142 -0.0017 -0.0536 -0.0048]
INFO:root:twist: [-0.0001  0.0039 -0.0142 -0.0017 -0.0537 -0.0048]
INFO:root:twist: [-0.0001  0.0039 -0.0142 -0.0017 -0.0539 -0.0048]
INFO:root:twist: [-0.0001  0.0039 -0.0142 -0.0017 -0.054  -0.0048]
INFO:root:twist: [-0.0001  0.0039 -0.0143 -0.0017 -0.054  -0.0048]
INFO:root:twist: [-0.0001  0.0039 -0.0143 -0.0017 -0.0541 -0.0049]
INFO:root:twist: [-0.0001  0.0039 -0.0143 -0.0017 -0.0543 -0.0049]
INFO:root:twist: [-0.0001  0.0039 -0.0143 -0.0017 -0.0544 -0.0049]
INFO:root:twist: [-0.0001  0.0039 -0.0143 -0.0017 -0.0546 -0.0049]
INFO:root:twist: [-0.0001  0.0039 -0.0143 -0.0017 -0.0546 -0.0049]
INFO:root:twist: [-0.0001  0.0039 -0.0143 -0.0017 -0.0547 -0.0049]
INFO:root:twist: [-0.0001  0.0039 -0.0143 -0.0017 -0.0549 -0.0049]
INFO:root:twist: [-0.0001  0.0039 -0.0143 -0.0017 -0.055  -0.005 ]
INFO:root:twist: [-0.      0.0039 -0.0143 -0.0017 -0.0551 -0.005 ]
INFO:root:twist: [-0.0001  0.004  -0.0144 -0.0017 -0.0552 -0.005 ]
INFO:root:twist: [-0.0001  0.004  -0.0144 -0.0017 -0.0553 -0.005 ]
INFO:root:twist: [-0.      0.004  -0.0144 -0.0017 -0.0554 -0.005 ]
INFO:root:twist: [-0.      0.004  -0.0144 -0.0017 -0.0555 -0.005 ]
INFO:root:twist: [-0.      0.004  -0.0144 -0.0017 -0.0557 -0.005 ]
INFO:root:twist: [-0.      0.004  -0.0144 -0.0017 -0.0557 -0.005 ]
INFO:root:twist: [-0.      0.004  -0.0144 -0.0017 -0.0558 -0.0051]
INFO:root:twist: [-0.      0.004  -0.0144 -0.0017 -0.056  -0.0051]
INFO:root:twist: [-0.      0.004  -0.0144 -0.0017 -0.0561 -0.0051]
INFO:root:twist: [-0.      0.004  -0.0144 -0.0017 -0.0562 -0.0051]
INFO:root:twist: [-0.      0.004  -0.0145 -0.0017 -0.0563 -0.0051]
INFO:root:twist: [-0.      0.004  -0.0145 -0.0017 -0.0564 -0.0051]
INFO:root:twist: [-0.      0.004  -0.0145 -0.0017 -0.0565 -0.0051]
INFO:root:twist: [-0.      0.004  -0.0145 -0.0017 -0.0566 -0.0052]
INFO:root:twist: [-0.      0.004  -0.0145 -0.0017 -0.0568 -0.0052]
INFO:root:twist: [-0.      0.004  -0.0146 -0.0017 -0.0568 -0.0052]
INFO:root:twist: [-0.      0.004  -0.0146 -0.0017 -0.0569 -0.0052]
INFO:root:twist: [-0.      0.004  -0.0146 -0.0017 -0.057  -0.0052]
INFO:root:twist: [-0.      0.004  -0.0146 -0.0017 -0.0572 -0.0052]
INFO:root:twist: [ 0.      0.004  -0.0146 -0.0017 -0.0573 -0.0052]
INFO:root:twist: [-0.      0.004  -0.0146 -0.0017 -0.0573 -0.0052]
INFO:root:twist: [-0.      0.004  -0.0147 -0.0017 -0.0574 -0.0053]
INFO:root:twist: [ 0.      0.004  -0.0146 -0.0017 -0.0576 -0.0053]
INFO:root:twist: [ 0.      0.004  -0.0147 -0.0017 -0.0577 -0.0053]
INFO:root:twist: [ 0.      0.004  -0.0147 -0.0017 -0.0578 -0.0053]
INFO:root:twist: [ 0.      0.0041 -0.0147 -0.0017 -0.0578 -0.0053]
INFO:root:twist: [ 0.      0.0041 -0.0147 -0.0018 -0.058  -0.0053]
INFO:root:twist: [ 0.      0.0041 -0.0147 -0.0018 -0.0581 -0.0053]
INFO:root:twist: [ 0.      0.0041 -0.0147 -0.0018 -0.0582 -0.0054]
INFO:root:twist: [ 0.      0.0041 -0.0147 -0.0018 -0.0583 -0.0054]
INFO:root:twist: [ 0.      0.0041 -0.0148 -0.0018 -0.0584 -0.0054]
INFO:root:twist: [ 0.      0.0041 -0.0148 -0.0018 -0.0584 -0.0054]
INFO:root:twist: [ 0.      0.0041 -0.0148 -0.0018 -0.0586 -0.0054]
INFO:root:twist: [ 0.      0.0041 -0.0148 -0.0018 -0.0587 -0.0054]
INFO:root:twist: [ 0.      0.0041 -0.0148 -0.0018 -0.0588 -0.0055]
INFO:root:twist: [ 0.      0.0041 -0.0149 -0.0018 -0.0589 -0.0055]
INFO:root:twist: [ 0.      0.0041 -0.0149 -0.0018 -0.0589 -0.0055]
INFO:root:twist: [ 0.      0.0041 -0.0149 -0.0018 -0.0591 -0.0055]
INFO:root:twist: [ 0.      0.0041 -0.0149 -0.0018 -0.0592 -0.0055]
INFO:root:twist: [ 0.      0.0041 -0.0149 -0.0018 -0.0593 -0.0055]
INFO:root:twist: [ 0.      0.0041 -0.0149 -0.0018 -0.0593 -0.0055]
INFO:root:twist: [ 0.      0.0041 -0.015  -0.0018 -0.0594 -0.0056]
INFO:root:twist: [ 0.      0.0041 -0.015  -0.0018 -0.0596 -0.0056]
INFO:root:twist: [ 0.      0.0041 -0.015  -0.0018 -0.0597 -0.0056]
INFO:root:twist: [ 0.      0.0041 -0.015  -0.0018 -0.0598 -0.0056]
INFO:root:twist: [-0.      0.0041 -0.015  -0.0018 -0.0598 -0.0056]
INFO:root:twist: [-0.      0.0041 -0.015  -0.0018 -0.0599 -0.0056]
INFO:root:twist: [-0.      0.0041 -0.0151 -0.0018 -0.06   -0.0056]
INFO:root:twist: [-0.      0.0041 -0.0151 -0.0018 -0.0601 -0.0057]
INFO:root:twist: [-0.      0.0041 -0.0151 -0.0018 -0.0603 -0.0057]
INFO:root:twist: [-0.      0.0041 -0.0151 -0.0018 -0.0603 -0.0057]
INFO:root:twist: [-0.      0.0041 -0.0151 -0.0018 -0.0604 -0.0057]
INFO:root:twist: [-0.      0.0041 -0.0151 -0.0018 -0.0605 -0.0057]
INFO:root:twist: [-0.      0.0041 -0.0151 -0.0018 -0.0606 -0.0057]
INFO:root:twist: [-0.      0.0041 -0.0151 -0.0018 -0.0607 -0.0058]
INFO:root:twist: [-0.      0.0042 -0.0152 -0.0018 -0.0608 -0.0058]
INFO:root:twist: [-0.      0.0042 -0.0152 -0.0018 -0.0609 -0.0058]
INFO:root:twist: [-0.      0.0042 -0.0152 -0.0018 -0.061  -0.0058]
INFO:root:twist: [-0.      0.0042 -0.0152 -0.0018 -0.0611 -0.0058]
INFO:root:twist: [-0.      0.0042 -0.0152 -0.0018 -0.0612 -0.0058]
INFO:root:twist: [-0.      0.0042 -0.0153 -0.0018 -0.0613 -0.0058]
INFO:root:twist: [-0.      0.0042 -0.0153 -0.0018 -0.0614 -0.0059]
INFO:root:twist: [-0.      0.0042 -0.0153 -0.0018 -0.0615 -0.0059]
INFO:root:twist: [-0.      0.0042 -0.0153 -0.0018 -0.0616 -0.0059]
INFO:root:twist: [-0.      0.0042 -0.0153 -0.0018 -0.0617 -0.0059]
INFO:root:twist: [-0.      0.0042 -0.0153 -0.0018 -0.0618 -0.0059]
INFO:root:twist: [-0.      0.0042 -0.0154 -0.0018 -0.0619 -0.0059]
INFO:root:twist: [-0.      0.0042 -0.0154 -0.0018 -0.062  -0.006 ]
INFO:root:twist: [-0.      0.0042 -0.0154 -0.0018 -0.0621 -0.006 ]
INFO:root:twist: [-0.      0.0042 -0.0154 -0.0018 -0.0622 -0.006 ]
INFO:root:twist: [-0.      0.0042 -0.0154 -0.0018 -0.0623 -0.006 ]
INFO:root:twist: [-0.      0.0042 -0.0154 -0.0018 -0.0624 -0.006 ]
INFO:root:twist: [-0.      0.0042 -0.0154 -0.0018 -0.0625 -0.006 ]
INFO:root:twist: [-0.      0.0042 -0.0154 -0.0018 -0.0626 -0.0061]
INFO:root:twist: [-0.      0.0042 -0.0154 -0.0018 -0.0627 -0.0061]
INFO:root:twist: [-0.      0.0042 -0.0155 -0.0018 -0.0627 -0.0061]
INFO:root:twist: [-0.      0.0042 -0.0155 -0.0018 -0.0628 -0.0061]
INFO:root:twist: [-0.      0.0042 -0.0155 -0.0018 -0.063  -0.0061]
INFO:root:twist: [-0.      0.0042 -0.0155 -0.0018 -0.0631 -0.0061]
INFO:root:twist: [-0.      0.0042 -0.0155 -0.0018 -0.0632 -0.0062]
INFO:root:twist: [-0.      0.0042 -0.0156 -0.0018 -0.0632 -0.0062]
INFO:root:twist: [-0.      0.0042 -0.0156 -0.0018 -0.0633 -0.0062]
INFO:root:twist: [-0.      0.0042 -0.0156 -0.0018 -0.0635 -0.0062]
INFO:root:twist: [-0.      0.0043 -0.0156 -0.0018 -0.0636 -0.0062]
INFO:root:twist: [-0.      0.0043 -0.0156 -0.0018 -0.0637 -0.0062]
INFO:root:twist: [-0.      0.0043 -0.0157 -0.0018 -0.0637 -0.0062]
INFO:root:twist: [-0.      0.0043 -0.0157 -0.0018 -0.0638 -0.0063]
INFO:root:twist: [-0.      0.0043 -0.0157 -0.0018 -0.064  -0.0063]
INFO:root:twist: [-0.      0.0043 -0.0157 -0.0018 -0.064  -0.0063]
INFO:root:twist: [-0.      0.0043 -0.0157 -0.0018 -0.0642 -0.0063]
INFO:root:twist: [-0.0001  0.0043 -0.0157 -0.0018 -0.0642 -0.0063]
INFO:root:twist: [-0.0001  0.0043 -0.0157 -0.0018 -0.0643 -0.0063]
INFO:root:twist: [-0.0001  0.0043 -0.0157 -0.0018 -0.0644 -0.0064]
INFO:root:twist: [-0.0001  0.0043 -0.0158 -0.0018 -0.0645 -0.0064]
INFO:root:twist: [-0.0001  0.0043 -0.0158 -0.0018 -0.0647 -0.0064]
INFO:root:twist: [-0.0001  0.0043 -0.0158 -0.0018 -0.0647 -0.0064]
INFO:root:twist: [-0.0001  0.0043 -0.0158 -0.0018 -0.0648 -0.0064]
INFO:root:twist: [-0.0001  0.0043 -0.0158 -0.0018 -0.0649 -0.0064]
INFO:root:twist: [-0.0001  0.0043 -0.0158 -0.0018 -0.065  -0.0065]
INFO:root:twist: [-0.0001  0.0043 -0.0158 -0.0018 -0.0652 -0.0065]
INFO:root:twist: [-0.0001  0.0043 -0.0159 -0.0018 -0.0652 -0.0065]
INFO:root:twist: [-0.0001  0.0043 -0.0159 -0.0018 -0.0653 -0.0065]
INFO:root:twist: [-0.0001  0.0043 -0.0159 -0.0018 -0.0654 -0.0065]
INFO:root:twist: [-0.0001  0.0043 -0.0159 -0.0018 -0.0655 -0.0065]
INFO:root:twist: [-0.0001  0.0043 -0.0159 -0.0018 -0.0657 -0.0066]
INFO:root:twist: [-0.0001  0.0043 -0.016  -0.0018 -0.0657 -0.0066]
INFO:root:twist: [-0.0001  0.0043 -0.016  -0.0018 -0.0658 -0.0066]
INFO:root:twist: [-0.0001  0.0043 -0.016  -0.0018 -0.066  -0.0066]
INFO:root:twist: [-0.0001  0.0043 -0.016  -0.0018 -0.0661 -0.0066]
INFO:root:twist: [-0.0001  0.0043 -0.016  -0.0018 -0.0662 -0.0066]
INFO:root:twist: [-0.0001  0.0044 -0.016  -0.0018 -0.0662 -0.0066]
INFO:root:twist: [-0.0001  0.0044 -0.0161 -0.0018 -0.0663 -0.0067]
INFO:root:twist: [-0.0001  0.0044 -0.0161 -0.0018 -0.0665 -0.0067]
INFO:root:twist: [-0.0001  0.0044 -0.0161 -0.0018 -0.0666 -0.0067]
INFO:root:twist: [-0.0001  0.0044 -0.0161 -0.0018 -0.0667 -0.0067]
INFO:root:twist: [-0.0001  0.0044 -0.0161 -0.0018 -0.0668 -0.0067]
INFO:root:twist: [-0.0001  0.0044 -0.0161 -0.0018 -0.0669 -0.0068]
INFO:root:twist: [-0.0001  0.0044 -0.0161 -0.0018 -0.067  -0.0068]
INFO:root:twist: [-0.0001  0.0044 -0.0161 -0.0018 -0.0671 -0.0068]
INFO:root:twist: [-0.0001  0.0044 -0.0161 -0.0018 -0.0672 -0.0068]
INFO:root:twist: [-0.0001  0.0044 -0.0162 -0.0018 -0.0673 -0.0068]
INFO:root:twist: [-0.0001  0.0044 -0.0162 -0.0018 -0.0674 -0.0068]
INFO:root:twist: [-0.0001  0.0044 -0.0162 -0.0018 -0.0676 -0.0069]
INFO:root:twist: [-0.0001  0.0044 -0.0162 -0.0018 -0.0677 -0.0069]
INFO:root:twist: [-0.0001  0.0044 -0.0162 -0.0018 -0.0678 -0.0069]
INFO:root:twist: [-0.0001  0.0044 -0.0163 -0.0018 -0.0679 -0.0069]
INFO:root:twist: [-0.0001  0.0044 -0.0163 -0.0018 -0.068  -0.0069]
INFO:root:twist: [-0.0001  0.0044 -0.0163 -0.0018 -0.0681 -0.0069]
INFO:root:twist: [-0.0001  0.0044 -0.0163 -0.0018 -0.0682 -0.007 ]
INFO:root:twist: [-0.0001  0.0044 -0.0163 -0.0018 -0.0684 -0.007 ]
INFO:root:twist: [-0.0001  0.0044 -0.0163 -0.0018 -0.0684 -0.007 ]
INFO:root:twist: [-0.0001  0.0044 -0.0163 -0.0018 -0.0685 -0.007 ]
INFO:root:twist: [-0.0001  0.0044 -0.0164 -0.0018 -0.0687 -0.007 ]
INFO:root:twist: [-0.0001  0.0044 -0.0164 -0.0018 -0.0688 -0.007 ]
INFO:root:twist: [-0.      0.0044 -0.0163 -0.0018 -0.0689 -0.0071]
INFO:root:twist: [-0.0001  0.0044 -0.0164 -0.0018 -0.069  -0.0071]
INFO:root:twist: [-0.0001  0.0044 -0.0164 -0.0018 -0.0691 -0.0071]
INFO:root:twist: [-0.      0.0044 -0.0164 -0.0018 -0.0693 -0.0071]
INFO:root:twist: [-0.      0.0044 -0.0164 -0.0018 -0.0694 -0.0071]
INFO:root:twist: [-0.      0.0044 -0.0164 -0.0018 -0.0695 -0.0072]
INFO:root:twist: [-0.      0.0045 -0.0165 -0.0018 -0.0696 -0.0072]
INFO:root:twist: [-0.      0.0045 -0.0165 -0.0018 -0.0697 -0.0072]
INFO:root:twist: [-0.      0.0045 -0.0165 -0.0018 -0.0698 -0.0072]
INFO:root:twist: [-0.      0.0045 -0.0165 -0.0018 -0.07   -0.0072]
INFO:root:twist: [-0.      0.0045 -0.0165 -0.0018 -0.0701 -0.0073]
INFO:root:twist: [-0.      0.0045 -0.0165 -0.0018 -0.0701 -0.0073]
INFO:root:twist: [-0.      0.0045 -0.0166 -0.0018 -0.0703 -0.0073]
INFO:root:twist: [-0.      0.0045 -0.0166 -0.0018 -0.0704 -0.0073]
INFO:root:twist: [-0.      0.0045 -0.0166 -0.0018 -0.0705 -0.0073]
INFO:root:twist: [-0.      0.0045 -0.0166 -0.0018 -0.0707 -0.0073]
INFO:root:twist: [-0.      0.0045 -0.0166 -0.0018 -0.0707 -0.0074]
INFO:root:twist: [-0.      0.0045 -0.0166 -0.0018 -0.0709 -0.0074]
INFO:root:twist: [-0.      0.0045 -0.0166 -0.0018 -0.071  -0.0074]
INFO:root:twist: [-0.      0.0045 -0.0166 -0.0018 -0.0711 -0.0074]
INFO:root:twist: [ 0.      0.0045 -0.0166 -0.0018 -0.0713 -0.0074]
INFO:root:twist: [-0.      0.0045 -0.0167 -0.0018 -0.0713 -0.0074]
INFO:root:twist: [-0.      0.0045 -0.0167 -0.0018 -0.0715 -0.0075]
INFO:root:twist: [ 0.      0.0045 -0.0167 -0.0018 -0.0716 -0.0075]
INFO:root:twist: [ 0.      0.0045 -0.0167 -0.0018 -0.0717 -0.0075]
INFO:root:twist: [ 0.      0.0045 -0.0167 -0.0018 -0.0719 -0.0076]
INFO:root:twist: [ 0.      0.0045 -0.0167 -0.0018 -0.0719 -0.0076]
INFO:root:twist: [ 0.      0.0045 -0.0168 -0.0018 -0.072  -0.0076]
INFO:root:twist: [ 0.      0.0045 -0.0167 -0.0018 -0.0722 -0.0076]
INFO:root:twist: [ 0.      0.0045 -0.0168 -0.0018 -0.0723 -0.0076]
INFO:root:twist: [ 0.      0.0045 -0.0168 -0.0018 -0.0725 -0.0077]
INFO:root:twist: [ 0.      0.0045 -0.0168 -0.0018 -0.0725 -0.0077]
INFO:root:twist: [ 0.      0.0045 -0.0168 -0.0018 -0.0727 -0.0077]
INFO:root:twist: [ 0.      0.0045 -0.0168 -0.0018 -0.0728 -0.0077]
INFO:root:twist: [ 0.      0.0045 -0.0168 -0.0018 -0.073  -0.0077]
INFO:root:twist: [ 0.      0.0045 -0.0168 -0.0018 -0.0731 -0.0078]
INFO:root:twist: [ 0.      0.0045 -0.0169 -0.0018 -0.0732 -0.0078]
INFO:root:twist: [ 0.      0.0045 -0.0169 -0.0018 -0.0733 -0.0078]
INFO:root:twist: [ 0.      0.0045 -0.0169 -0.0018 -0.0734 -0.0079]
INFO:root:twist: [ 0.      0.0045 -0.0169 -0.0018 -0.0736 -0.0079]
INFO:root:twist: [ 0.      0.0045 -0.0169 -0.0018 -0.0737 -0.0079]
INFO:root:twist: [ 0.      0.0045 -0.0169 -0.0018 -0.0738 -0.0079]
INFO:root:twist: [ 0.      0.0045 -0.017  -0.0018 -0.0739 -0.0079]
INFO:root:twist: [ 0.0001  0.0045 -0.0169 -0.0018 -0.074  -0.008 ]
INFO:root:twist: [ 0.0001  0.0045 -0.0169 -0.0018 -0.0742 -0.008 ]
INFO:root:twist: [ 0.0001  0.0045 -0.0169 -0.0018 -0.0743 -0.008 ]
INFO:root:twist: [ 0.0001  0.0045 -0.017  -0.0018 -0.0744 -0.0081]
INFO:root:twist: [ 0.0001  0.0045 -0.017  -0.0018 -0.0745 -0.0081]
INFO:root:twist: [ 0.0001  0.0045 -0.017  -0.0019 -0.0746 -0.0081]
INFO:root:twist: [ 0.0001  0.0044 -0.017  -0.0019 -0.0748 -0.0082]
INFO:root:twist: [ 0.0001  0.0044 -0.017  -0.0019 -0.0749 -0.0082]
INFO:root:twist: [ 0.0001  0.0044 -0.0171 -0.0019 -0.0749 -0.0082]
INFO:root:twist: [ 0.0001  0.0044 -0.0171 -0.0019 -0.0751 -0.0082]
INFO:root:twist: [ 0.0001  0.0044 -0.0171 -0.0019 -0.0752 -0.0083]
INFO:root:twist: [ 0.0001  0.0044 -0.0171 -0.0019 -0.0753 -0.0083]
INFO:root:twist: [ 0.0001  0.0044 -0.0171 -0.0019 -0.0755 -0.0083]
INFO:root:twist: [ 0.0001  0.0044 -0.0171 -0.0019 -0.0755 -0.0084]
INFO:root:twist: [ 0.0001  0.0044 -0.0171 -0.0019 -0.0757 -0.0084]
INFO:root:twist: [ 0.0001  0.0044 -0.0171 -0.0019 -0.0758 -0.0084]
INFO:root:twist: [ 0.0001  0.0044 -0.0171 -0.0018 -0.0759 -0.0085]
INFO:root:twist: [ 0.0001  0.0044 -0.0171 -0.0018 -0.0761 -0.0085]
INFO:root:twist: [ 0.0001  0.0044 -0.0172 -0.0019 -0.0761 -0.0085]
INFO:root:twist: [ 0.0001  0.0044 -0.0172 -0.0019 -0.0762 -0.0085]
INFO:root:twist: [ 0.0001  0.0044 -0.0172 -0.0019 -0.0764 -0.0086]
INFO:root:twist: [ 0.0001  0.0044 -0.0172 -0.0019 -0.0765 -0.0086]
INFO:root:twist: [ 0.0001  0.0044 -0.0172 -0.0019 -0.0767 -0.0087]
INFO:root:twist: [ 0.0001  0.0044 -0.0172 -0.0019 -0.0767 -0.0087]
INFO:root:twist: [ 0.0001  0.0044 -0.0173 -0.0019 -0.0768 -0.0087]
INFO:root:twist: [ 0.0001  0.0044 -0.0172 -0.0019 -0.077  -0.0088]
INFO:root:twist: [ 0.0001  0.0043 -0.0172 -0.0019 -0.0771 -0.0088]
INFO:root:twist: [ 0.0001  0.0043 -0.0172 -0.0019 -0.0773 -0.0088]
INFO:root:twist: [ 0.0001  0.0043 -0.0173 -0.0019 -0.0773 -0.0088]
INFO:root:twist: [ 0.0001  0.0043 -0.0173 -0.0019 -0.0774 -0.0089]
INFO:root:twist: [ 0.0001  0.0043 -0.0173 -0.0019 -0.0776 -0.0089]
INFO:root:twist: [ 0.0001  0.0043 -0.0173 -0.0019 -0.0777 -0.009 ]
INFO:root:twist: [ 0.0001  0.0043 -0.0173 -0.0019 -0.0778 -0.009 ]
INFO:root:twist: [ 0.0001  0.0043 -0.0174 -0.0019 -0.0779 -0.009 ]
INFO:root:twist: [ 0.0001  0.0043 -0.0174 -0.0019 -0.078  -0.0091]
INFO:root:twist: [ 0.0001  0.0043 -0.0174 -0.0019 -0.0781 -0.0091]
INFO:root:twist: [ 0.0001  0.0043 -0.0174 -0.0018 -0.0783 -0.0092]
INFO:root:twist: [ 0.0001  0.0043 -0.0174 -0.0018 -0.0784 -0.0092]
INFO:root:twist: [ 0.0001  0.0043 -0.0174 -0.0018 -0.0785 -0.0092]
INFO:root:twist: [ 0.0001  0.0042 -0.0174 -0.0018 -0.0786 -0.0093]
INFO:root:twist: [ 0.0001  0.0042 -0.0174 -0.0018 -0.0787 -0.0093]
INFO:root:twist: [ 0.0001  0.0042 -0.0174 -0.0018 -0.0789 -0.0094]
INFO:root:twist: [ 0.0001  0.0042 -0.0174 -0.0018 -0.079  -0.0094]
INFO:root:twist: [ 0.0001  0.0042 -0.0175 -0.0018 -0.079  -0.0095]
INFO:root:twist: [ 0.0001  0.0042 -0.0175 -0.0018 -0.0792 -0.0095]
INFO:root:twist: [ 0.0001  0.0042 -0.0175 -0.0018 -0.0793 -0.0096]
INFO:root:twist: [ 0.0001  0.0042 -0.0175 -0.0018 -0.0794 -0.0096]
INFO:root:twist: [ 0.0001  0.0041 -0.0175 -0.0018 -0.0796 -0.0097]
INFO:root:twist: [ 0.0001  0.0041 -0.0175 -0.0018 -0.0796 -0.0097]
INFO:root:twist: [ 0.0001  0.0041 -0.0175 -0.0018 -0.0797 -0.0098]
INFO:root:twist: [ 0.0001  0.0041 -0.0175 -0.0018 -0.0798 -0.0098]
INFO:root:twist: [ 0.0001  0.0041 -0.0175 -0.0018 -0.08   -0.0099]
INFO:root:twist: [ 0.0001  0.0041 -0.0175 -0.0018 -0.0801 -0.0099]
INFO:root:twist: [ 0.0001  0.0041 -0.0176 -0.0018 -0.0801 -0.01  ]
INFO:root:twist: [ 0.0001  0.0041 -0.0176 -0.0018 -0.0803 -0.01  ]
INFO:root:twist: [ 0.0001  0.004  -0.0176 -0.0018 -0.0804 -0.0101]
INFO:root:twist: [ 0.0001  0.004  -0.0176 -0.0018 -0.0805 -0.0101]
INFO:root:twist: [ 0.0001  0.004  -0.0176 -0.0018 -0.0807 -0.0102]
INFO:root:twist: [ 0.0001  0.004  -0.0176 -0.0018 -0.0807 -0.0102]
INFO:root:twist: [ 0.0001  0.004  -0.0176 -0.0018 -0.0808 -0.0103]
INFO:root:twist: [ 0.0001  0.0039 -0.0176 -0.0018 -0.081  -0.0104]
INFO:root:twist: [ 0.0001  0.0039 -0.0176 -0.0018 -0.0811 -0.0104]
INFO:root:twist: [ 0.0001  0.0039 -0.0176 -0.0018 -0.0812 -0.0105]
INFO:root:twist: [ 0.0001  0.0039 -0.0177 -0.0018 -0.0813 -0.0105]
INFO:root:twist: [ 0.0001  0.0039 -0.0177 -0.0018 -0.0814 -0.0106]
INFO:root:twist: [ 0.0001  0.0038 -0.0177 -0.0018 -0.0815 -0.0107]
INFO:root:twist: [ 0.0001  0.0038 -0.0177 -0.0018 -0.0816 -0.0107]
INFO:root:twist: [ 0.0001  0.0038 -0.0177 -0.0018 -0.0818 -0.0108]
INFO:root:twist: [ 0.0001  0.0038 -0.0177 -0.0018 -0.0818 -0.0108]
INFO:root:twist: [ 0.0001  0.0038 -0.0178 -0.0018 -0.0819 -0.0109]
INFO:root:twist: [ 0.0001  0.0037 -0.0177 -0.0018 -0.082  -0.011 ]
INFO:root:twist: [ 0.0001  0.0037 -0.0177 -0.0018 -0.0822 -0.0111]
INFO:root:twist: [ 0.0001  0.0037 -0.0177 -0.0018 -0.0823 -0.0111]
INFO:root:twist: [ 0.0001  0.0037 -0.0178 -0.0018 -0.0823 -0.0112]
INFO:root:twist: [ 0.0001  0.0036 -0.0178 -0.0018 -0.0824 -0.0112]
INFO:root:twist: [ 0.0001  0.0036 -0.0178 -0.0018 -0.0826 -0.0113]
INFO:root:twist: [ 0.0001  0.0036 -0.0178 -0.0018 -0.0827 -0.0114]
INFO:root:twist: [ 0.0001  0.0035 -0.0178 -0.0018 -0.0828 -0.0115]
INFO:root:twist: [ 0.0001  0.0035 -0.0178 -0.0017 -0.0829 -0.0115]
INFO:root:twist: [ 0.0001  0.0035 -0.0179 -0.0017 -0.083  -0.0116]
INFO:root:twist: [ 0.0001  0.0035 -0.0178 -0.0017 -0.0831 -0.0117]
INFO:root:twist: [ 0.0001  0.0034 -0.0179 -0.0017 -0.0832 -0.0118]
INFO:root:twist: [ 0.      0.0034 -0.0178 -0.0017 -0.0833 -0.0119]
INFO:root:twist: [ 0.      0.0034 -0.0179 -0.0017 -0.0834 -0.0119]
INFO:root:twist: [ 0.      0.0033 -0.0179 -0.0017 -0.0835 -0.012 ]
INFO:root:twist: [ 0.      0.0033 -0.0179 -0.0017 -0.0836 -0.0121]
INFO:root:twist: [ 0.      0.0033 -0.0179 -0.0017 -0.0837 -0.0122]
INFO:root:twist: [ 0.      0.0032 -0.0179 -0.0017 -0.0838 -0.0123]
INFO:root:twist: [ 0.      0.0032 -0.018  -0.0017 -0.0839 -0.0124]
INFO:root:twist: [ 0.      0.0032 -0.018  -0.0017 -0.084  -0.0124]
INFO:root:twist: [ 0.      0.0031 -0.018  -0.0017 -0.0841 -0.0126]
INFO:root:twist: [ 0.      0.0031 -0.018  -0.0017 -0.0842 -0.0127]
INFO:root:twist: [ 0.      0.003  -0.018  -0.0017 -0.0843 -0.0128]
INFO:root:twist: [-0.      0.003  -0.0181 -0.0017 -0.0844 -0.0128]
INFO:root:twist: [-0.      0.003  -0.0181 -0.0017 -0.0845 -0.0129]
INFO:root:twist: [-0.      0.0029 -0.0181 -0.0017 -0.0846 -0.013 ]
INFO:root:twist: [-0.      0.0029 -0.0181 -0.0017 -0.0847 -0.0132]
INFO:root:twist: [-0.      0.0028 -0.0181 -0.0017 -0.0849 -0.0133]
INFO:root:twist: [-0.      0.0028 -0.0181 -0.0017 -0.0849 -0.0133]
INFO:root:twist: [-0.      0.0028 -0.0182 -0.0017 -0.085  -0.0134]
INFO:root:twist: [-0.0001  0.0027 -0.0182 -0.0017 -0.0851 -0.0136]
INFO:root:twist: [-0.0001  0.0026 -0.0182 -0.0017 -0.0853 -0.0137]
INFO:root:twist: [-0.0001  0.0026 -0.0182 -0.0016 -0.0854 -0.0138]
INFO:root:twist: [-0.0001  0.0026 -0.0182 -0.0016 -0.0854 -0.0138]
INFO:root:twist: [-0.0001  0.0025 -0.0182 -0.0016 -0.0855 -0.014 ]
INFO:root:twist: [-0.0001  0.0025 -0.0182 -0.0016 -0.0857 -0.0141]
INFO:root:twist: [-0.0001  0.0024 -0.0182 -0.0016 -0.0858 -0.0142]
INFO:root:twist: [-0.0001  0.0023 -0.0182 -0.0016 -0.0859 -0.0144]
INFO:root:twist: [-0.0001  0.0023 -0.0183 -0.0016 -0.086  -0.0144]
INFO:root:twist: [-0.0001  0.0023 -0.0183 -0.0016 -0.086  -0.0145]
INFO:root:twist: [-0.0001  0.0022 -0.0183 -0.0016 -0.0862 -0.0147]
INFO:root:twist: [-0.0001  0.0022 -0.0183 -0.0016 -0.0863 -0.0148]
INFO:root:twist: [-0.0001  0.0021 -0.0183 -0.0016 -0.0864 -0.0149]
INFO:root:twist: [-0.0002  0.0021 -0.0184 -0.0016 -0.0865 -0.015 ]
INFO:root:twist: [-0.0002  0.002  -0.0184 -0.0016 -0.0866 -0.0151]
INFO:root:twist: [-0.0002  0.0019 -0.0184 -0.0016 -0.0867 -0.0153]
INFO:root:twist: [-0.0002  0.0019 -0.0184 -0.0016 -0.0868 -0.0154]
INFO:root:twist: [-0.0002  0.0018 -0.0184 -0.0016 -0.0869 -0.0156]
INFO:root:twist: [-0.0002  0.0018 -0.0185 -0.0016 -0.0869 -0.0156]
INFO:root:twist: [-0.0002  0.0017 -0.0185 -0.0016 -0.0871 -0.0157]
INFO:root:twist: [-0.0002  0.0017 -0.0186 -0.0015 -0.0871 -0.0159]
INFO:root:twist: [-0.0002  0.0016 -0.0186 -0.0015 -0.0873 -0.016 ]
INFO:root:twist: [-0.0002  0.0015 -0.0186 -0.0015 -0.0874 -0.0162]
INFO:root:twist: [-0.0003  0.0015 -0.0186 -0.0015 -0.0874 -0.0163]
INFO:root:twist: [-0.0003  0.0014 -0.0187 -0.0015 -0.0875 -0.0164]
INFO:root:twist: [-0.0003  0.0014 -0.0187 -0.0015 -0.0876 -0.0165]
INFO:root:twist: [-0.0003  0.0013 -0.0187 -0.0015 -0.0877 -0.0167]
INFO:root:twist: [-0.0003  0.0012 -0.0187 -0.0015 -0.0878 -0.0169]
INFO:root:twist: [-0.0003  0.0012 -0.0188 -0.0015 -0.0879 -0.0169]
INFO:root:twist: [-0.0003  0.0011 -0.0188 -0.0015 -0.088  -0.0171]
INFO:root:twist: [-0.0003  0.0011 -0.0188 -0.0015 -0.0881 -0.0172]
INFO:root:twist: [-0.0004  0.001  -0.0188 -0.0015 -0.0882 -0.0174]
INFO:root:twist: [-0.0004  0.0009 -0.0188 -0.0015 -0.0883 -0.0176]
INFO:root:twist: [-0.0004  0.0009 -0.0189 -0.0015 -0.0883 -0.0176]
INFO:root:twist: [-0.0004  0.0008 -0.0189 -0.0015 -0.0884 -0.0178]
INFO:root:twist: [-0.0004  0.0007 -0.0189 -0.0015 -0.0885 -0.018 ]
INFO:root:twist: [-0.0004  0.0006 -0.0189 -0.0015 -0.0886 -0.0181]
INFO:root:twist: [-0.0004  0.0005 -0.0189 -0.0014 -0.0887 -0.0183]
INFO:root:twist: [-0.0005  0.0005 -0.019  -0.0014 -0.0887 -0.0184]
INFO:root:twist: [-0.0005  0.0004 -0.019  -0.0014 -0.0889 -0.0186]
INFO:root:twist: [-0.0005  0.0003 -0.019  -0.0014 -0.089  -0.0188]
INFO:root:twist: [-0.0005  0.0003 -0.0191 -0.0014 -0.0891 -0.0189]
INFO:root:twist: [-0.0005  0.0002 -0.0191 -0.0014 -0.0891 -0.0191]
INFO:root:twist: [-0.0005  0.0002 -0.0191 -0.0014 -0.0892 -0.0192]
INFO:root:twist: [-0.0005  0.0001 -0.0192 -0.0014 -0.0893 -0.0193]
INFO:root:twist: [-0.0006 -0.     -0.0192 -0.0014 -0.0894 -0.0195]
INFO:root:twist: [-0.0006 -0.0001 -0.0192 -0.0014 -0.0895 -0.0197]
INFO:root:twist: [-0.0006 -0.0002 -0.0192 -0.0014 -0.0896 -0.0199]
INFO:root:twist: [-0.0006 -0.0002 -0.0193 -0.0014 -0.0896 -0.0199]
INFO:root:twist: [-0.0006 -0.0003 -0.0193 -0.0014 -0.0897 -0.0201]
INFO:root:twist: [-0.0006 -0.0004 -0.0193 -0.0014 -0.0898 -0.0203]
INFO:root:twist: [-0.0007 -0.0005 -0.0193 -0.0014 -0.0899 -0.0205]
INFO:root:twist: [-0.0007 -0.0006 -0.0193 -0.0014 -0.09   -0.0207]
INFO:root:twist: [-0.0007 -0.0006 -0.0194 -0.0014 -0.09   -0.0208]
INFO:root:twist: [-0.0007 -0.0007 -0.0194 -0.0014 -0.0901 -0.0209]
INFO:root:twist: [-0.0007 -0.0008 -0.0194 -0.0014 -0.0902 -0.0212]
INFO:root:twist: [-0.0007 -0.0009 -0.0195 -0.0014 -0.0903 -0.0214]
INFO:root:twist: [-0.0008 -0.001  -0.0195 -0.0014 -0.0903 -0.0216]
INFO:root:twist: [-0.0008 -0.001  -0.0195 -0.0014 -0.0904 -0.0216]
INFO:root:twist: [-0.0008 -0.0011 -0.0196 -0.0014 -0.0904 -0.0218]
INFO:root:twist: [-0.0008 -0.0012 -0.0196 -0.0014 -0.0905 -0.022 ]
INFO:root:twist: [-0.0008 -0.0013 -0.0196 -0.0013 -0.0906 -0.0222]
INFO:root:twist: [-0.0008 -0.0014 -0.0196 -0.0013 -0.0907 -0.0224]
INFO:root:twist: [-0.0009 -0.0014 -0.0197 -0.0013 -0.0907 -0.0225]
INFO:root:twist: [-0.0009 -0.0015 -0.0197 -0.0013 -0.0908 -0.0226]
INFO:root:twist: [-0.0009 -0.0016 -0.0197 -0.0013 -0.0909 -0.0229]
INFO:root:twist: [-0.0009 -0.0017 -0.0197 -0.0013 -0.0909 -0.0231]
INFO:root:twist: [-0.0009 -0.0018 -0.0198 -0.0013 -0.091  -0.0233]
INFO:root:twist: [-0.001  -0.0018 -0.0198 -0.0013 -0.0911 -0.0233]
INFO:root:twist: [-0.001  -0.0019 -0.0199 -0.0013 -0.0911 -0.0235]
INFO:root:twist: [-0.001  -0.002  -0.0199 -0.0013 -0.0912 -0.0238]
INFO:root:twist: [-0.001  -0.0021 -0.0199 -0.0013 -0.0913 -0.0239]
INFO:root:twist: [-0.001  -0.0022 -0.0199 -0.0013 -0.0914 -0.0242]
INFO:root:twist: [-0.001  -0.0022 -0.02   -0.0013 -0.0914 -0.0242]
INFO:root:twist: [-0.0011 -0.0023 -0.02   -0.0013 -0.0915 -0.0244]
INFO:root:twist: [-0.0011 -0.0024 -0.02   -0.0013 -0.0916 -0.0246]
INFO:root:twist: [-0.0011 -0.0025 -0.02   -0.0013 -0.0916 -0.0248]
INFO:root:twist: [-0.0011 -0.0026 -0.02   -0.0013 -0.0917 -0.025 ]
INFO:root:twist: [-0.0011 -0.0027 -0.0201 -0.0013 -0.0918 -0.0251]
INFO:root:twist: [-0.0012 -0.0027 -0.0201 -0.0013 -0.0918 -0.0253]
INFO:root:twist: [-0.0012 -0.0029 -0.0201 -0.0013 -0.0919 -0.0255]
INFO:root:twist: [-0.0012 -0.003  -0.0202 -0.0013 -0.092  -0.0257]
INFO:root:twist: [-0.0012 -0.0031 -0.0202 -0.0012 -0.0921 -0.0259]
INFO:root:twist: [-0.0012 -0.0031 -0.0202 -0.0012 -0.0921 -0.026 ]
INFO:root:twist: [-0.0012 -0.0032 -0.0203 -0.0012 -0.0922 -0.0262]
INFO:root:twist: [-0.0013 -0.0033 -0.0203 -0.0012 -0.0922 -0.0264]
INFO:root:twist: [-0.0013 -0.0034 -0.0203 -0.0012 -0.0923 -0.0266]
INFO:root:twist: [-0.0013 -0.0035 -0.0203 -0.0012 -0.0924 -0.0268]
INFO:root:twist: [-0.0013 -0.0035 -0.0204 -0.0012 -0.0924 -0.0269]
INFO:root:twist: [-0.0013 -0.0036 -0.0204 -0.0012 -0.0925 -0.0271]
INFO:root:twist: [-0.0014 -0.0037 -0.0204 -0.0012 -0.0926 -0.0273]
INFO:root:twist: [-0.0014 -0.0038 -0.0204 -0.0012 -0.0926 -0.0275]
INFO:root:twist: [-0.0014 -0.0039 -0.0205 -0.0012 -0.0927 -0.0277]
INFO:root:twist: [-0.0014 -0.0039 -0.0205 -0.0012 -0.0927 -0.0278]
INFO:root:twist: [-0.0014 -0.004  -0.0206 -0.0012 -0.0928 -0.0279]
INFO:root:twist: [-0.0014 -0.0041 -0.0206 -0.0012 -0.0929 -0.0282]
INFO:root:twist: [-0.0015 -0.0042 -0.0206 -0.0012 -0.093  -0.0284]
INFO:root:twist: [-0.0015 -0.0043 -0.0206 -0.0012 -0.093  -0.0286]
INFO:root:twist: [-0.0015 -0.0044 -0.0207 -0.0012 -0.0931 -0.0287]
INFO:root:twist: [-0.0015 -0.0044 -0.0207 -0.0012 -0.0931 -0.0288]
INFO:root:twist: [-0.0015 -0.0046 -0.0207 -0.0011 -0.0932 -0.0291]
INFO:root:twist: [-0.0015 -0.0047 -0.0207 -0.0011 -0.0933 -0.0293]
INFO:root:twist: [-0.0016 -0.0048 -0.0207 -0.0011 -0.0934 -0.0295]
INFO:root:twist: [-0.0016 -0.0048 -0.0208 -0.0011 -0.0934 -0.0296]
INFO:root:twist: [-0.0016 -0.0049 -0.0208 -0.0011 -0.0935 -0.0297]
INFO:root:twist: [-0.0016 -0.005  -0.0209 -0.0011 -0.0935 -0.0299]
INFO:root:twist: [-0.0016 -0.0051 -0.0209 -0.0011 -0.0936 -0.0302]
INFO:root:twist: [-0.0017 -0.0052 -0.0209 -0.0011 -0.0937 -0.0304]
INFO:root:twist: [-0.0017 -0.0052 -0.021  -0.0011 -0.0937 -0.0304]
INFO:root:twist: [-0.0017 -0.0053 -0.021  -0.0011 -0.0938 -0.0307]
INFO:root:twist: [-0.0017 -0.0054 -0.021  -0.0011 -0.0939 -0.0308]
INFO:root:twist: [-0.0017 -0.0055 -0.021  -0.0011 -0.094  -0.0311]
INFO:root:twist: [-0.0017 -0.0056 -0.021  -0.0011 -0.0941 -0.0313]
INFO:root:twist: [-0.0017 -0.0056 -0.0211 -0.0011 -0.0941 -0.0314]
INFO:root:twist: [-0.0018 -0.0057 -0.0211 -0.0011 -0.0942 -0.0315]
INFO:root:twist: [-0.0018 -0.0058 -0.0211 -0.001  -0.0943 -0.0318]
INFO:root:twist: [-0.0018 -0.0059 -0.0211 -0.001  -0.0944 -0.032 ]
INFO:root:twist: [-0.0018 -0.006  -0.0212 -0.001  -0.0944 -0.0322]
INFO:root:twist: [-0.0018 -0.0061 -0.0212 -0.001  -0.0945 -0.0323]
INFO:root:twist: [-0.0018 -0.0061 -0.0213 -0.001  -0.0945 -0.0324]
INFO:root:twist: [-0.0019 -0.0063 -0.0213 -0.001  -0.0946 -0.0327]
INFO:root:twist: [-0.0019 -0.0064 -0.0213 -0.001  -0.0947 -0.0329]
INFO:root:twist: [-0.0019 -0.0065 -0.0213 -0.001  -0.0948 -0.0331]
INFO:root:twist: [-0.0019 -0.0065 -0.0214 -0.001  -0.0948 -0.0332]
INFO:root:twist: [-0.0019 -0.0066 -0.0214 -0.001  -0.0949 -0.0333]
INFO:root:twist: [-0.002  -0.0067 -0.0214 -0.001  -0.095  -0.0336]
INFO:root:twist: [-0.002  -0.0068 -0.0214 -0.001  -0.095  -0.0338]
INFO:root:twist: [-0.002  -0.0069 -0.0214 -0.001  -0.0951 -0.034 ]
INFO:root:twist: [-0.002  -0.0069 -0.0215 -0.001  -0.0951 -0.0341]
INFO:root:twist: [-0.002  -0.007  -0.0215 -0.001  -0.0952 -0.0342]
INFO:root:twist: [-0.002  -0.0071 -0.0215 -0.0009 -0.0953 -0.0345]
INFO:root:twist: [-0.0021 -0.0072 -0.0216 -0.0009 -0.0954 -0.0347]
INFO:root:twist: [-0.0021 -0.0073 -0.0216 -0.0009 -0.0955 -0.0349]
INFO:root:twist: [-0.0021 -0.0074 -0.0217 -0.0009 -0.0955 -0.035 ]
INFO:root:twist: [-0.0021 -0.0075 -0.0217 -0.0009 -0.0955 -0.0352]
INFO:root:twist: [-0.0021 -0.0076 -0.0217 -0.0009 -0.0956 -0.0354]
INFO:root:twist: [-0.0022 -0.0077 -0.0217 -0.0009 -0.0957 -0.0356]
INFO:root:twist: [-0.0022 -0.0078 -0.0217 -0.0009 -0.0958 -0.0359]
INFO:root:twist: [-0.0022 -0.0078 -0.0218 -0.0009 -0.0958 -0.0359]
INFO:root:twist: [-0.0022 -0.0079 -0.0218 -0.0009 -0.0959 -0.0361]
INFO:root:twist: [-0.0022 -0.008  -0.0218 -0.0009 -0.096  -0.0364]
INFO:root:twist: [-0.0022 -0.0081 -0.0218 -0.0009 -0.096  -0.0366]
INFO:root:twist: [-0.0023 -0.0082 -0.0218 -0.0009 -0.0961 -0.0368]
INFO:root:twist: [-0.0023 -0.0083 -0.0219 -0.0009 -0.0961 -0.0369]
INFO:root:twist: [-0.0023 -0.0084 -0.0219 -0.0008 -0.0962 -0.037 ]
INFO:root:twist: [-0.0023 -0.0085 -0.022  -0.0008 -0.0963 -0.0373]
INFO:root:twist: [-0.0023 -0.0086 -0.022  -0.0008 -0.0964 -0.0375]
INFO:root:twist: [-0.0024 -0.0087 -0.022  -0.0008 -0.0965 -0.0377]
INFO:root:twist: [-0.0024 -0.0087 -0.022  -0.0008 -0.0965 -0.0378]
INFO:root:twist: [-0.0024 -0.0088 -0.0221 -0.0008 -0.0965 -0.038 ]
INFO:root:twist: [-0.0024 -0.0089 -0.0221 -0.0008 -0.0966 -0.0382]
INFO:root:twist: [-0.0024 -0.009  -0.0221 -0.0008 -0.0967 -0.0384]
INFO:root:twist: [-0.0024 -0.0091 -0.0221 -0.0008 -0.0968 -0.0386]
INFO:root:twist: [-0.0025 -0.0091 -0.0222 -0.0008 -0.0968 -0.0387]
INFO:root:twist: [-0.0025 -0.0092 -0.0222 -0.0008 -0.0969 -0.0389]
INFO:root:twist: [-0.0025 -0.0093 -0.0222 -0.0008 -0.097  -0.0391]
INFO:root:twist: [-0.0025 -0.0094 -0.0222 -0.0007 -0.0971 -0.0393]
INFO:root:twist: [-0.0025 -0.0096 -0.0222 -0.0007 -0.0971 -0.0396]
INFO:root:twist: [-0.0026 -0.0096 -0.0223 -0.0007 -0.0972 -0.0396]
INFO:root:twist: [-0.0026 -0.0097 -0.0223 -0.0007 -0.0972 -0.0398]
INFO:root:twist: [-0.0026 -0.0098 -0.0223 -0.0007 -0.0973 -0.04  ]
INFO:root:twist: [-0.0026 -0.0099 -0.0223 -0.0007 -0.0974 -0.0403]
INFO:root:twist: [-0.0026 -0.01   -0.0224 -0.0007 -0.0975 -0.0405]
INFO:root:twist: [-0.0026 -0.01   -0.0224 -0.0007 -0.0975 -0.0405]
INFO:root:twist: [-0.0027 -0.0101 -0.0224 -0.0007 -0.0976 -0.0407]
INFO:root:twist: [-0.0027 -0.0102 -0.0224 -0.0007 -0.0977 -0.0409]
INFO:root:twist: [-0.0027 -0.0103 -0.0225 -0.0007 -0.0977 -0.0412]
INFO:root:twist: [-0.0027 -0.0104 -0.0225 -0.0006 -0.0978 -0.0414]
INFO:root:twist: [-0.0027 -0.0104 -0.0225 -0.0006 -0.0979 -0.0414]
INFO:root:twist: [-0.0027 -0.0105 -0.0226 -0.0006 -0.098  -0.0416]
INFO:root:twist: [-0.0027 -0.0106 -0.0226 -0.0006 -0.0981 -0.0418]
INFO:root:twist: [-0.0028 -0.0107 -0.0226 -0.0006 -0.0981 -0.0421]
INFO:root:twist: [-0.0028 -0.0108 -0.0226 -0.0006 -0.0982 -0.0423]
INFO:root:twist: [-0.0028 -0.0109 -0.0226 -0.0006 -0.0983 -0.0423]
INFO:root:twist: [-0.0028 -0.0109 -0.0227 -0.0006 -0.0984 -0.0425]
INFO:root:twist: [-0.0028 -0.0111 -0.0227 -0.0006 -0.0985 -0.0427]
INFO:root:twist: [-0.0028 -0.0111 -0.0227 -0.0006 -0.0986 -0.0429]
INFO:root:twist: [-0.0029 -0.0112 -0.0227 -0.0006 -0.0987 -0.0431]
INFO:root:twist: [-0.0029 -0.0113 -0.0227 -0.0006 -0.0987 -0.0432]
INFO:root:twist: [-0.0029 -0.0113 -0.0228 -0.0005 -0.0988 -0.0434]
INFO:root:twist: [-0.0029 -0.0115 -0.0228 -0.0005 -0.0989 -0.0436]
INFO:root:twist: [-0.0029 -0.0116 -0.0228 -0.0005 -0.099  -0.0438]
INFO:root:twist: [-0.0029 -0.0117 -0.0228 -0.0005 -0.0991 -0.044 ]
INFO:root:twist: [-0.0029 -0.0117 -0.0228 -0.0005 -0.0991 -0.0441]
INFO:root:twist: [-0.0029 -0.0118 -0.0228 -0.0005 -0.0992 -0.0443]
INFO:root:twist: [-0.003  -0.0119 -0.0228 -0.0005 -0.0993 -0.0445]
INFO:root:twist: [-0.003  -0.012  -0.0229 -0.0005 -0.0994 -0.0446]
INFO:root:twist: [-0.003  -0.0121 -0.0229 -0.0005 -0.0995 -0.0448]
INFO:root:twist: [-0.003  -0.0121 -0.0229 -0.0005 -0.0995 -0.0449]
INFO:root:twist: [-0.003  -0.0122 -0.0229 -0.0004 -0.0996 -0.0451]
INFO:root:twist: [-0.003  -0.0123 -0.0229 -0.0004 -0.0997 -0.0453]
INFO:root:twist: [-0.003  -0.0124 -0.023  -0.0004 -0.0998 -0.0455]
INFO:root:twist: [-0.0031 -0.0124 -0.023  -0.0004 -0.0999 -0.0457]
INFO:root:twist: [-0.0031 -0.0125 -0.023  -0.0004 -0.0999 -0.0458]
INFO:root:twist: [-0.0031 -0.0126 -0.023  -0.0004 -0.1    -0.046 ]
INFO:root:twist: [-0.0031 -0.0126 -0.0231 -0.0004 -0.1001 -0.0461]
INFO:root:twist: [-0.0031 -0.0127 -0.0231 -0.0004 -0.1002 -0.0463]
INFO:root:twist: [-0.0031 -0.0128 -0.0231 -0.0004 -0.1002 -0.0465]
INFO:root:twist: [-0.0031 -0.0129 -0.0231 -0.0004 -0.1003 -0.0466]
INFO:root:twist: [-0.0031 -0.0129 -0.0232 -0.0003 -0.1004 -0.0468]
INFO:root:twist: [-0.0032 -0.013  -0.0232 -0.0003 -0.1004 -0.047 ]
INFO:root:twist: [-0.0032 -0.0131 -0.0232 -0.0003 -0.1005 -0.0472]
INFO:root:twist: [-0.0032 -0.0132 -0.0232 -0.0003 -0.1006 -0.0474]
INFO:root:twist: [-0.0032 -0.0132 -0.0232 -0.0003 -0.1006 -0.0474]
INFO:root:twist: [-0.0032 -0.0133 -0.0233 -0.0003 -0.1007 -0.0476]
INFO:root:twist: [-0.0032 -0.0134 -0.0233 -0.0003 -0.1008 -0.0478]
INFO:root:twist: [-0.0032 -0.0135 -0.0233 -0.0003 -0.1009 -0.048 ]
INFO:root:twist: [-0.0033 -0.0136 -0.0233 -0.0003 -0.1009 -0.0482]
INFO:root:twist: [-0.0033 -0.0136 -0.0233 -0.0002 -0.101  -0.0482]
INFO:root:twist: [-0.0033 -0.0137 -0.0234 -0.0002 -0.101  -0.0484]
INFO:root:twist: [-0.0033 -0.0138 -0.0234 -0.0002 -0.1011 -0.0486]
INFO:root:twist: [-0.0033 -0.0139 -0.0234 -0.0002 -0.1012 -0.0488]
INFO:root:twist: [-0.0033 -0.014  -0.0234 -0.0002 -0.1012 -0.049 ]
INFO:root:twist: [-0.0033 -0.014  -0.0234 -0.0002 -0.1013 -0.0491]
INFO:root:twist: [-0.0033 -0.0141 -0.0235 -0.0002 -0.1013 -0.0492]
INFO:root:twist: [-0.0034 -0.0142 -0.0235 -0.0002 -0.1014 -0.0494]
INFO:root:twist: [-0.0034 -0.0143 -0.0235 -0.0002 -0.1015 -0.0496]
INFO:root:twist: [-3.400e-03 -1.430e-02 -2.350e-02 -1.000e-04 -1.015e-01 -4.980e-02]
INFO:root:twist: [-3.400e-03 -1.440e-02 -2.350e-02 -1.000e-04 -1.015e-01 -4.990e-02]
INFO:root:twist: [-3.400e-03 -1.440e-02 -2.360e-02 -1.000e-04 -1.016e-01 -5.000e-02]
INFO:root:twist: [-3.400e-03 -1.450e-02 -2.360e-02 -1.000e-04 -1.017e-01 -5.020e-02]
INFO:root:twist: [-3.500e-03 -1.460e-02 -2.360e-02 -1.000e-04 -1.017e-01 -5.040e-02]
INFO:root:twist: [-3.500e-03 -1.470e-02 -2.360e-02 -1.000e-04 -1.018e-01 -5.060e-02]
INFO:root:twist: [-3.500e-03 -1.470e-02 -2.370e-02 -1.000e-04 -1.018e-01 -5.070e-02]
INFO:root:twist: [-3.500e-03 -1.480e-02 -2.370e-02 -1.000e-04 -1.018e-01 -5.080e-02]
INFO:root:twist: [-3.500e-03 -1.490e-02 -2.370e-02 -1.000e-04 -1.019e-01 -5.100e-02]
INFO:root:twist: [-3.500e-03 -1.500e-02 -2.370e-02 -1.000e-04 -1.019e-01 -5.120e-02]
INFO:root:twist: [-3.50e-03 -1.51e-02 -2.37e-02 -1.00e-04 -1.02e-01 -5.14e-02]
INFO:root:twist: [-3.60e-03 -1.51e-02 -2.38e-02 -1.00e-04 -1.02e-01 -5.15e-02]
INFO:root:twist: [-3.60e-03 -1.52e-02 -2.38e-02 -1.00e-04 -1.02e-01 -5.16e-02]
INFO:root:twist: [-0.0036 -0.0153 -0.0238 -0.     -0.1021 -0.0518]
INFO:root:twist: [-0.0036 -0.0153 -0.0238 -0.     -0.1021 -0.052 ]
INFO:root:twist: [-0.0036 -0.0154 -0.0238 -0.     -0.1022 -0.0522]
INFO:root:twist: [-0.0036 -0.0155 -0.0239 -0.     -0.1022 -0.0522]
INFO:root:twist: [-0.0036 -0.0155 -0.0239 -0.     -0.1022 -0.0524]
INFO:root:twist: [-0.0037 -0.0156 -0.0239  0.     -0.1023 -0.0526]
INFO:root:twist: [-0.0037 -0.0157 -0.0239  0.     -0.1024 -0.0528]
INFO:root:twist: [-0.0037 -0.0158 -0.0239  0.     -0.1024 -0.053 ]
INFO:root:twist: [-0.0037 -0.0158 -0.024   0.     -0.1024 -0.053 ]
INFO:root:twist: [-0.0037 -0.0159 -0.024   0.     -0.1025 -0.0532]
INFO:root:twist: [-0.0037 -0.016  -0.024   0.     -0.1025 -0.0534]
INFO:root:twist: [-3.800e-03 -1.610e-02 -2.400e-02  1.000e-04 -1.026e-01 -5.360e-02]
INFO:root:twist: [-3.800e-03 -1.610e-02 -2.400e-02  1.000e-04 -1.026e-01 -5.370e-02]
INFO:root:twist: [-3.800e-03 -1.620e-02 -2.410e-02  1.000e-04 -1.026e-01 -5.380e-02]
INFO:root:twist: [-3.800e-03 -1.620e-02 -2.410e-02  1.000e-04 -1.027e-01 -5.400e-02]
INFO:root:twist: [-3.800e-03 -1.630e-02 -2.410e-02  1.000e-04 -1.027e-01 -5.420e-02]
INFO:root:twist: [-3.800e-03 -1.640e-02 -2.410e-02  1.000e-04 -1.028e-01 -5.430e-02]
INFO:root:twist: [-3.800e-03 -1.650e-02 -2.410e-02  1.000e-04 -1.028e-01 -5.450e-02]
INFO:root:twist: [-3.900e-03 -1.650e-02 -2.420e-02  1.000e-04 -1.028e-01 -5.460e-02]
INFO:root:twist: [-3.900e-03 -1.660e-02 -2.420e-02  1.000e-04 -1.028e-01 -5.470e-02]
INFO:root:twist: [-3.900e-03 -1.670e-02 -2.420e-02  1.000e-04 -1.029e-01 -5.490e-02]
INFO:root:twist: [-0.0039 -0.0167 -0.0243  0.0002 -0.1029 -0.0551]
INFO:root:twist: [-0.0039 -0.0168 -0.0243  0.0002 -0.1029 -0.0553]
INFO:root:twist: [-0.0039 -0.0168 -0.0243  0.0002 -0.1029 -0.0553]
INFO:root:twist: [-0.004  -0.0169 -0.0244  0.0002 -0.1029 -0.0555]
INFO:root:twist: [-0.004  -0.017  -0.0244  0.0002 -0.103  -0.0557]
INFO:root:twist: [-0.004  -0.0171 -0.0244  0.0002 -0.103  -0.0558]
INFO:root:twist: [-0.004  -0.0171 -0.0244  0.0002 -0.103  -0.056 ]
INFO:root:twist: [-0.004  -0.0172 -0.0245  0.0002 -0.103  -0.0561]
INFO:root:twist: [-0.004  -0.0172 -0.0245  0.0002 -0.103  -0.0562]
INFO:root:twist: [-0.0041 -0.0173 -0.0245  0.0003 -0.103  -0.0564]
INFO:root:twist: [-0.0041 -0.0174 -0.0245  0.0003 -0.103  -0.0566]
INFO:root:twist: [-0.0041 -0.0175 -0.0245  0.0003 -0.103  -0.0567]
INFO:root:twist: [-0.0041 -0.0175 -0.0246  0.0003 -0.103  -0.0568]
INFO:root:twist: [-0.0041 -0.0175 -0.0246  0.0003 -0.103  -0.0569]
INFO:root:twist: [-0.0041 -0.0176 -0.0246  0.0003 -0.103  -0.0571]
INFO:root:twist: [-0.0042 -0.0177 -0.0246  0.0003 -0.103  -0.0573]
INFO:root:twist: [-0.0042 -0.0178 -0.0246  0.0004 -0.103  -0.0575]
INFO:root:twist: [-0.0042 -0.0178 -0.0247  0.0004 -0.103  -0.0575]
INFO:root:twist: [-0.0042 -0.0179 -0.0247  0.0004 -0.103  -0.0576]
INFO:root:twist: [-0.0042 -0.0179 -0.0247  0.0004 -0.103  -0.0578]
INFO:root:twist: [-0.0042 -0.018  -0.0247  0.0004 -0.103  -0.058 ]
INFO:root:twist: [-0.0043 -0.0181 -0.0247  0.0004 -0.103  -0.0581]
INFO:root:twist: [-0.0043 -0.0181 -0.0248  0.0004 -0.103  -0.0582]
INFO:root:twist: [-0.0043 -0.0182 -0.0248  0.0005 -0.103  -0.0583]
INFO:root:twist: [-0.0043 -0.0182 -0.0248  0.0005 -0.103  -0.0585]
INFO:root:twist: [-0.0043 -0.0183 -0.0248  0.0005 -0.103  -0.0587]
INFO:root:twist: [-0.0043 -0.0184 -0.0248  0.0005 -0.103  -0.0589]
INFO:root:twist: [-0.0044 -0.0184 -0.0249  0.0005 -0.103  -0.0589]
INFO:root:twist: [-0.0044 -0.0185 -0.0249  0.0005 -0.103  -0.0591]
INFO:root:twist: [-0.0044 -0.0185 -0.0249  0.0005 -0.103  -0.0592]
INFO:root:twist: [-0.0044 -0.0186 -0.0249  0.0006 -0.103  -0.0594]
INFO:root:twist: [-0.0044 -0.0187 -0.0249  0.0006 -0.103  -0.0595]
INFO:root:twist: [-0.0044 -0.0187 -0.025   0.0006 -0.103  -0.0596]
INFO:root:twist: [-0.0045 -0.0188 -0.025   0.0006 -0.103  -0.0597]
INFO:root:twist: [-0.0045 -0.0188 -0.025   0.0006 -0.103  -0.0599]
INFO:root:twist: [-0.0045 -0.0189 -0.025   0.0006 -0.103  -0.06  ]
INFO:root:twist: [-0.0045 -0.019  -0.025   0.0007 -0.103  -0.0602]
INFO:root:twist: [-0.0045 -0.019  -0.0251  0.0007 -0.103  -0.0603]
INFO:root:twist: [-0.0045 -0.019  -0.0251  0.0007 -0.103  -0.0604]
INFO:root:twist: [-0.0045 -0.0191 -0.0251  0.0007 -0.103  -0.0605]
INFO:root:twist: [-0.0046 -0.0192 -0.0251  0.0007 -0.103  -0.0607]
INFO:root:twist: [-0.0046 -0.0192 -0.0251  0.0007 -0.103  -0.0608]
INFO:root:twist: [-0.0046 -0.0193 -0.0252  0.0007 -0.103  -0.0609]
INFO:root:twist: [-0.0046 -0.0193 -0.0252  0.0008 -0.103  -0.061 ]
INFO:root:twist: [-0.0046 -0.0194 -0.0252  0.0008 -0.103  -0.0612]
INFO:root:twist: [-0.0046 -0.0194 -0.0252  0.0008 -0.103  -0.0613]
INFO:root:twist: [-0.0047 -0.0195 -0.0252  0.0008 -0.1031 -0.0615]
INFO:root:twist: [-0.0047 -0.0195 -0.0253  0.0008 -0.1031 -0.0616]
INFO:root:twist: [-0.0047 -0.0196 -0.0253  0.0008 -0.1031 -0.0617]
INFO:root:twist: [-0.0047 -0.0196 -0.0253  0.0009 -0.1031 -0.0618]
INFO:root:twist: [-0.0047 -0.0197 -0.0253  0.0009 -0.1031 -0.062 ]
INFO:root:twist: [-0.0047 -0.0198 -0.0253  0.0009 -0.1031 -0.0621]
INFO:root:twist: [-0.0047 -0.0198 -0.0254  0.0009 -0.1031 -0.0622]
INFO:root:twist: [-0.0048 -0.0198 -0.0254  0.0009 -0.1032 -0.0623]
INFO:root:twist: [-0.0048 -0.0199 -0.0254  0.0009 -0.1032 -0.0625]
INFO:root:twist: [-0.0048 -0.02   -0.0254  0.001  -0.1032 -0.0626]
INFO:root:twist: [-0.0048 -0.02   -0.0254  0.001  -0.1032 -0.0628]
INFO:root:twist: [-0.0048 -0.02   -0.0255  0.001  -0.1032 -0.0628]
INFO:root:twist: [-0.0048 -0.0201 -0.0255  0.001  -0.1033 -0.0629]
INFO:root:twist: [-0.0048 -0.0202 -0.0255  0.001  -0.1033 -0.0631]
INFO:root:twist: [-0.0049 -0.0202 -0.0255  0.001  -0.1033 -0.0632]
INFO:root:twist: [-0.0049 -0.0203 -0.0255  0.001  -0.1033 -0.0634]
INFO:root:twist: [-0.0049 -0.0203 -0.0256  0.001  -0.1033 -0.0634]
INFO:root:twist: [-0.0049 -0.0204 -0.0256  0.0011 -0.1033 -0.0635]
INFO:root:twist: [-0.0049 -0.0204 -0.0256  0.0011 -0.1034 -0.0637]
INFO:root:twist: [-0.0049 -0.0205 -0.0256  0.0011 -0.1034 -0.0639]
INFO:root:twist: [-0.0049 -0.0206 -0.0256  0.0011 -0.1035 -0.064 ]
INFO:root:twist: [-0.0049 -0.0206 -0.0257  0.0011 -0.1035 -0.064 ]
INFO:root:twist: [-0.005  -0.0206 -0.0257  0.0011 -0.1035 -0.0642]
INFO:root:twist: [-0.005  -0.0207 -0.0257  0.0011 -0.1035 -0.0643]
INFO:root:twist: [-0.005  -0.0207 -0.0257  0.0012 -0.1035 -0.0645]
INFO:root:twist: [-0.005  -0.0208 -0.0257  0.0012 -0.1036 -0.0646]
INFO:root:twist: [-0.005  -0.0208 -0.0258  0.0012 -0.1036 -0.0646]
INFO:root:twist: [-0.005  -0.0209 -0.0258  0.0012 -0.1036 -0.0648]
INFO:root:twist: [-0.005  -0.0209 -0.0258  0.0012 -0.1036 -0.0649]
INFO:root:twist: [-0.0051 -0.021  -0.0258  0.0012 -0.1037 -0.0651]
INFO:root:twist: [-0.0051 -0.0211 -0.0258  0.0012 -0.1037 -0.0652]
INFO:root:twist: [-0.0051 -0.0211 -0.0258  0.0012 -0.1037 -0.0653]
INFO:root:twist: [-0.0051 -0.0211 -0.0259  0.0013 -0.1038 -0.0654]
INFO:root:twist: [-0.0051 -0.0212 -0.0258  0.0013 -0.1038 -0.0655]
INFO:root:twist: [-0.0051 -0.0212 -0.0258  0.0013 -0.1038 -0.0657]
INFO:root:twist: [-0.0051 -0.0213 -0.0258  0.0013 -0.1039 -0.0658]
INFO:root:twist: [-0.0052 -0.0213 -0.0259  0.0013 -0.1039 -0.0659]
INFO:root:twist: [-0.0052 -0.0214 -0.0259  0.0013 -0.1039 -0.066 ]
INFO:root:twist: [-0.0052 -0.0214 -0.0259  0.0013 -0.1039 -0.0661]
INFO:root:twist: [-0.0052 -0.0215 -0.0259  0.0014 -0.104  -0.0663]
INFO:root:twist: [-0.0052 -0.0215 -0.0259  0.0014 -0.104  -0.0664]
INFO:root:twist: [-0.0052 -0.0216 -0.026   0.0014 -0.104  -0.0665]
INFO:root:twist: [-0.0052 -0.0216 -0.026   0.0014 -0.1041 -0.0666]
INFO:root:twist: [-0.0052 -0.0217 -0.026   0.0014 -0.1041 -0.0667]
INFO:root:twist: [-0.0053 -0.0217 -0.026   0.0014 -0.1041 -0.0669]
INFO:root:twist: [-0.0053 -0.0218 -0.026   0.0014 -0.1042 -0.067 ]
INFO:root:twist: [-0.0053 -0.0218 -0.026   0.0014 -0.1042 -0.067 ]
INFO:root:twist: [-0.0053 -0.0218 -0.026   0.0015 -0.1042 -0.0672]
INFO:root:twist: [-0.0053 -0.0219 -0.026   0.0015 -0.1043 -0.0673]
INFO:root:twist: [-0.0053 -0.022  -0.026   0.0015 -0.1043 -0.0674]
INFO:root:twist: [-0.0053 -0.022  -0.026   0.0015 -0.1044 -0.0676]
INFO:root:twist: [-0.0053 -0.022  -0.0261  0.0015 -0.1044 -0.0676]
INFO:root:twist: [-0.0053 -0.0221 -0.0261  0.0015 -0.1044 -0.0678]
INFO:root:twist: [-0.0054 -0.0221 -0.0261  0.0015 -0.1045 -0.0679]
INFO:root:twist: [-0.0054 -0.0222 -0.0261  0.0016 -0.1045 -0.068 ]
INFO:root:twist: [-0.0054 -0.0223 -0.0261  0.0016 -0.1046 -0.0682]
INFO:root:twist: [-0.0054 -0.0223 -0.0261  0.0016 -0.1046 -0.0682]
INFO:root:twist: [-0.0054 -0.0223 -0.0262  0.0016 -0.1046 -0.0683]
INFO:root:twist: [-0.0054 -0.0224 -0.0261  0.0016 -0.1047 -0.0685]
INFO:root:twist: [-0.0054 -0.0224 -0.0261  0.0016 -0.1047 -0.0686]
INFO:root:twist: [-0.0054 -0.0225 -0.0261  0.0016 -0.1048 -0.0688]
INFO:root:twist: [-0.0054 -0.0225 -0.0262  0.0016 -0.1048 -0.0688]
INFO:root:twist: [-0.0055 -0.0225 -0.0262  0.0017 -0.1048 -0.0689]
INFO:root:twist: [-0.0055 -0.0226 -0.0262  0.0017 -0.1049 -0.0691]
INFO:root:twist: [-0.0055 -0.0227 -0.0262  0.0017 -0.1049 -0.0692]
INFO:root:twist: [-0.0055 -0.0227 -0.0262  0.0017 -0.1049 -0.0693]
INFO:root:twist: [-0.0055 -0.0227 -0.0262  0.0017 -0.105  -0.0694]
INFO:root:twist: [-0.0055 -0.0228 -0.0262  0.0017 -0.105  -0.0695]
INFO:root:twist: [-0.0055 -0.0228 -0.0262  0.0017 -0.105  -0.0696]
INFO:root:twist: [-0.0055 -0.0229 -0.0262  0.0018 -0.1051 -0.0698]
INFO:root:twist: [-0.0055 -0.0229 -0.0262  0.0018 -0.1051 -0.0699]
INFO:root:twist: [-0.0055 -0.0229 -0.0263  0.0018 -0.1051 -0.0699]
INFO:root:twist: [-0.0055 -0.023  -0.0263  0.0018 -0.1052 -0.0701]
INFO:root:twist: [-0.0056 -0.023  -0.0263  0.0018 -0.1052 -0.0702]
INFO:root:twist: [-0.0056 -0.0231 -0.0263  0.0018 -0.1052 -0.0703]
INFO:root:twist: [-0.0056 -0.0231 -0.0263  0.0019 -0.1052 -0.0704]
INFO:root:twist: [-0.0056 -0.0232 -0.0263  0.0019 -0.1053 -0.0705]
INFO:root:twist: [-0.0056 -0.0232 -0.0264  0.0019 -0.1053 -0.0706]
INFO:root:twist: [-0.0056 -0.0233 -0.0263  0.0019 -0.1053 -0.0707]
INFO:root:twist: [-0.0056 -0.0233 -0.0263  0.0019 -0.1053 -0.0709]
INFO:root:twist: [-0.0056 -0.0234 -0.0263  0.0019 -0.1054 -0.071 ]
INFO:root:twist: [-0.0056 -0.0234 -0.0264  0.0019 -0.1054 -0.071 ]
INFO:root:twist: [-0.0056 -0.0234 -0.0264  0.002  -0.1054 -0.0711]
INFO:root:twist: [-0.0057 -0.0235 -0.0264  0.002  -0.1055 -0.0713]
INFO:root:twist: [-0.0057 -0.0235 -0.0264  0.002  -0.1055 -0.0714]
INFO:root:twist: [-0.0057 -0.0236 -0.0264  0.002  -0.1055 -0.0715]
INFO:root:twist: [-0.0057 -0.0236 -0.0264  0.002  -0.1055 -0.0716]
INFO:root:twist: [-0.0057 -0.0236 -0.0265  0.002  -0.1055 -0.0717]
INFO:root:twist: [-0.0057 -0.0237 -0.0264  0.0021 -0.1056 -0.0719]
INFO:root:twist: [-0.0057 -0.0237 -0.0265  0.0021 -0.1056 -0.072 ]
INFO:root:twist: [-0.0057 -0.0238 -0.0264  0.0021 -0.1056 -0.0722]
INFO:root:twist: [-0.0057 -0.0238 -0.0265  0.0021 -0.1056 -0.0722]
INFO:root:twist: [-0.0057 -0.0238 -0.0265  0.0021 -0.1056 -0.0724]
INFO:root:twist: [-0.0057 -0.0239 -0.0265  0.0021 -0.1057 -0.0725]
INFO:root:twist: [-0.0058 -0.0239 -0.0265  0.0022 -0.1057 -0.0727]
INFO:root:twist: [-0.0058 -0.0239 -0.0265  0.0022 -0.1057 -0.0728]
INFO:root:twist: [-0.0058 -0.0239 -0.0266  0.0022 -0.1057 -0.0729]
INFO:root:twist: [-0.0058 -0.024  -0.0266  0.0022 -0.1057 -0.073 ]
INFO:root:twist: [-0.0058 -0.024  -0.0266  0.0022 -0.1058 -0.0731]
INFO:root:twist: [-0.0058 -0.0241 -0.0266  0.0022 -0.1058 -0.0733]
INFO:root:twist: [-0.0058 -0.0241 -0.0266  0.0023 -0.1058 -0.0734]
INFO:root:twist: [-0.0058 -0.0241 -0.0267  0.0023 -0.1058 -0.0734]
INFO:root:twist: [-0.0058 -0.0242 -0.0267  0.0023 -0.1059 -0.0736]
INFO:root:twist: [-0.0058 -0.0242 -0.0267  0.0023 -0.1059 -0.0737]
INFO:root:twist: [-0.0058 -0.0242 -0.0267  0.0023 -0.1059 -0.0738]
INFO:root:twist: [-0.0058 -0.0243 -0.0266  0.0023 -0.106  -0.0739]
INFO:root:twist: [-0.0058 -0.0243 -0.0267  0.0023 -0.106  -0.074 ]
INFO:root:twist: [-0.0059 -0.0243 -0.0267  0.0024 -0.106  -0.0741]
INFO:root:twist: [-0.0059 -0.0244 -0.0267  0.0024 -0.1061 -0.0742]
INFO:root:twist: [-0.0059 -0.0244 -0.0267  0.0024 -0.1061 -0.0743]
INFO:root:twist: [-0.0059 -0.0244 -0.0267  0.0024 -0.1061 -0.0744]
INFO:root:twist: [-0.0059 -0.0244 -0.0268  0.0024 -0.1061 -0.0745]
INFO:root:twist: [-0.0059 -0.0245 -0.0268  0.0024 -0.1062 -0.0745]
INFO:root:twist: [-0.0059 -0.0245 -0.0268  0.0025 -0.1062 -0.0747]
INFO:root:twist: [-0.0059 -0.0245 -0.0268  0.0025 -0.1062 -0.0748]
INFO:root:twist: [-0.0059 -0.0246 -0.0267  0.0025 -0.1063 -0.0749]
INFO:root:twist: [-0.0059 -0.0246 -0.0268  0.0025 -0.1063 -0.0749]
INFO:root:twist: [-0.0059 -0.0246 -0.0268  0.0025 -0.1063 -0.075 ]
INFO:root:twist: [-0.0059 -0.0247 -0.0268  0.0025 -0.1063 -0.0751]
INFO:root:twist: [-0.0059 -0.0247 -0.0268  0.0026 -0.1064 -0.0752]
INFO:root:twist: [-0.0059 -0.0247 -0.0268  0.0026 -0.1064 -0.0753]
INFO:root:twist: [-0.0059 -0.0247 -0.0269  0.0026 -0.1064 -0.0753]
INFO:root:twist: [-0.0059 -0.0248 -0.0269  0.0026 -0.1064 -0.0754]
INFO:root:twist: [-0.0059 -0.0248 -0.0269  0.0026 -0.1064 -0.0755]
INFO:root:twist: [-0.0059 -0.0248 -0.0269  0.0026 -0.1064 -0.0756]
INFO:root:twist: [-0.0059 -0.0249 -0.0269  0.0027 -0.1065 -0.0757]
INFO:root:twist: [-0.006  -0.0249 -0.0269  0.0027 -0.1065 -0.0757]
INFO:root:twist: [-0.006  -0.0249 -0.0269  0.0027 -0.1065 -0.0758]
INFO:root:twist: [-0.006  -0.0249 -0.0269  0.0027 -0.1065 -0.0759]
INFO:root:twist: [-0.006  -0.0249 -0.0269  0.0027 -0.1065 -0.076 ]
INFO:root:twist: [-0.006  -0.025  -0.0269  0.0027 -0.1065 -0.0761]
INFO:root:twist: [-0.006  -0.025  -0.027   0.0027 -0.1065 -0.0761]
INFO:root:twist: [-0.006  -0.025  -0.027   0.0028 -0.1066 -0.0762]
INFO:root:twist: [-0.006  -0.025  -0.027   0.0028 -0.1066 -0.0763]
INFO:root:twist: [-0.006  -0.025  -0.027   0.0028 -0.1066 -0.0763]
INFO:root:twist: [-0.006  -0.0251 -0.0269  0.0028 -0.1066 -0.0764]
INFO:root:twist: [-0.006  -0.0251 -0.027   0.0028 -0.1066 -0.0765]
INFO:root:twist: [-0.006  -0.0251 -0.027   0.0028 -0.1066 -0.0765]
INFO:root:twist: [-0.006  -0.0251 -0.027   0.0029 -0.1066 -0.0766]
INFO:root:twist: [-0.006  -0.0251 -0.027   0.0029 -0.1066 -0.0767]
INFO:root:twist: [-0.006  -0.0252 -0.027   0.0029 -0.1066 -0.0768]
INFO:root:twist: [-0.006  -0.0252 -0.0271  0.0029 -0.1066 -0.0768]
INFO:root:twist: [-0.006  -0.0252 -0.0271  0.0029 -0.1066 -0.0769]
INFO:root:twist: [-0.006  -0.0252 -0.027   0.0029 -0.1066 -0.0769]
INFO:root:twist: [-0.006  -0.0252 -0.027   0.003  -0.1066 -0.077 ]
INFO:root:twist: [-0.006  -0.0252 -0.027   0.003  -0.1066 -0.0771]
INFO:root:twist: [-0.006  -0.0252 -0.0271  0.003  -0.1066 -0.0771]
INFO:root:twist: [-0.006  -0.0252 -0.0271  0.003  -0.1066 -0.0772]
INFO:root:twist: [-0.006  -0.0253 -0.0271  0.003  -0.1066 -0.0772]
INFO:root:twist: [-0.006  -0.0253 -0.0271  0.003  -0.1066 -0.0773]
INFO:root:twist: [-0.006  -0.0253 -0.0271  0.0031 -0.1066 -0.0774]
INFO:root:twist: [-0.0061 -0.0253 -0.0272  0.0031 -0.1066 -0.0774]
INFO:root:twist: [-0.0061 -0.0253 -0.0271  0.0031 -0.1066 -0.0774]
INFO:root:twist: [-0.0061 -0.0253 -0.0271  0.0031 -0.1066 -0.0775]
INFO:root:twist: [-0.0061 -0.0253 -0.0271  0.0031 -0.1066 -0.0775]
INFO:root:twist: [-0.0061 -0.0253 -0.0271  0.0031 -0.1066 -0.0776]
INFO:root:twist: [-0.0061 -0.0253 -0.0272  0.0031 -0.1066 -0.0776]
INFO:root:twist: [-0.0061 -0.0253 -0.0272  0.0032 -0.1066 -0.0777]
INFO:root:twist: [-0.0061 -0.0253 -0.0272  0.0032 -0.1065 -0.0777]
INFO:root:twist: [-0.0061 -0.0253 -0.0272  0.0032 -0.1065 -0.0778]
INFO:root:twist: [-0.0061 -0.0253 -0.0271  0.0032 -0.1065 -0.0778]
INFO:root:twist: [-0.0061 -0.0253 -0.0272  0.0032 -0.1065 -0.0778]
INFO:root:twist: [-0.0061 -0.0253 -0.0272  0.0032 -0.1065 -0.0779]
INFO:root:twist: [-0.0061 -0.0253 -0.0272  0.0033 -0.1065 -0.0779]
INFO:root:twist: [-0.0061 -0.0253 -0.0272  0.0033 -0.1065 -0.0779]
INFO:root:twist: [-0.0061 -0.0253 -0.0272  0.0033 -0.1065 -0.078 ]
INFO:root:twist: [-0.0061 -0.0253 -0.0272  0.0033 -0.1065 -0.078 ]
INFO:root:twist: [-0.0061 -0.0253 -0.0272  0.0033 -0.1065 -0.078 ]
INFO:root:twist: [-0.0061 -0.0253 -0.0272  0.0033 -0.1065 -0.0781]
INFO:root:twist: [-0.0061 -0.0253 -0.0272  0.0034 -0.1065 -0.0781]
INFO:root:twist: [-0.0061 -0.0253 -0.0272  0.0034 -0.1065 -0.0781]
INFO:root:twist: [-0.0061 -0.0253 -0.0273  0.0034 -0.1064 -0.0781]
INFO:root:twist: [-0.0061 -0.0253 -0.0273  0.0034 -0.1064 -0.0781]
INFO:root:twist: [-0.0061 -0.0253 -0.0272  0.0034 -0.1064 -0.0782]
INFO:root:twist: [-0.0061 -0.0253 -0.0272  0.0034 -0.1064 -0.0782]
INFO:root:twist: [-0.0061 -0.0252 -0.0272  0.0034 -0.1064 -0.0782]
INFO:root:twist: [-0.0061 -0.0252 -0.0273  0.0035 -0.1064 -0.0782]
INFO:root:twist: [-0.0061 -0.0252 -0.0273  0.0035 -0.1064 -0.0782]
INFO:root:twist: [-0.0061 -0.0252 -0.0272  0.0035 -0.1064 -0.0782]
INFO:root:twist: [-0.0061 -0.0252 -0.0272  0.0035 -0.1064 -0.0782]
INFO:root:twist: [-0.0061 -0.0252 -0.0272  0.0035 -0.1065 -0.0782]
INFO:root:twist: [-0.0061 -0.0251 -0.0273  0.0035 -0.1065 -0.0782]
INFO:root:twist: [-0.0061 -0.0251 -0.0273  0.0035 -0.1065 -0.0782]
INFO:root:twist: [-0.006  -0.0251 -0.0272  0.0036 -0.1065 -0.0782]
INFO:root:twist: [-0.006  -0.0251 -0.0272  0.0036 -0.1065 -0.0782]
INFO:root:twist: [-0.006  -0.025  -0.0272  0.0036 -0.1065 -0.0782]
INFO:root:twist: [-0.006  -0.025  -0.0273  0.0036 -0.1065 -0.0782]
INFO:root:twist: [-0.006  -0.025  -0.0273  0.0036 -0.1066 -0.0782]
INFO:root:twist: [-0.006  -0.025  -0.0272  0.0036 -0.1066 -0.0782]
INFO:root:twist: [-0.006  -0.0249 -0.0272  0.0036 -0.1067 -0.0782]
INFO:root:twist: [-0.006  -0.0249 -0.0272  0.0037 -0.1067 -0.0781]
INFO:root:twist: [-0.006  -0.0249 -0.0272  0.0037 -0.1067 -0.0781]
INFO:root:twist: [-0.006  -0.0248 -0.0272  0.0037 -0.1068 -0.0781]
INFO:root:twist: [-0.006  -0.0248 -0.0272  0.0037 -0.1068 -0.0781]
INFO:root:twist: [-0.0059 -0.0248 -0.0272  0.0037 -0.1069 -0.078 ]
INFO:root:twist: [-0.0059 -0.0247 -0.0271  0.0037 -0.1069 -0.078 ]
INFO:root:twist: [-0.0059 -0.0247 -0.0272  0.0037 -0.1069 -0.078 ]
INFO:root:twist: [-0.0059 -0.0247 -0.0272  0.0037 -0.107  -0.078 ]
INFO:root:twist: [-0.0059 -0.0246 -0.0272  0.0038 -0.107  -0.0779]
INFO:root:twist: [-0.0059 -0.0246 -0.0271  0.0038 -0.1071 -0.0779]
INFO:root:twist: [-0.0059 -0.0245 -0.0271  0.0038 -0.1071 -0.0779]
INFO:root:twist: [-0.0059 -0.0245 -0.0272  0.0038 -0.1071 -0.0778]
INFO:root:twist: [-0.0059 -0.0245 -0.0272  0.0038 -0.1072 -0.0778]
INFO:root:twist: [-0.0058 -0.0244 -0.0271  0.0038 -0.1072 -0.0778]
INFO:root:twist: [-0.0058 -0.0244 -0.0271  0.0039 -0.1073 -0.0777]
INFO:root:twist: [-0.0058 -0.0243 -0.0271  0.0039 -0.1074 -0.0776]
INFO:root:twist: [-0.0058 -0.0243 -0.0271  0.0039 -0.1074 -0.0776]
INFO:root:twist: [-0.0058 -0.0242 -0.0271  0.0039 -0.1075 -0.0776]
INFO:root:twist: [-0.0058 -0.0242 -0.0271  0.0039 -0.1075 -0.0775]
INFO:root:twist: [-0.0058 -0.0241 -0.027   0.0039 -0.1076 -0.0775]
INFO:root:twist: [-0.0057 -0.024  -0.027   0.004  -0.1077 -0.0774]
INFO:root:twist: [-0.0057 -0.024  -0.0271  0.004  -0.1077 -0.0774]
INFO:root:twist: [-0.0057 -0.024  -0.027   0.004  -0.1077 -0.0773]
INFO:root:twist: [-0.0057 -0.0239 -0.027   0.004  -0.1078 -0.0772]
INFO:root:twist: [-0.0057 -0.0238 -0.027   0.004  -0.1079 -0.0772]
INFO:root:twist: [-0.0057 -0.0238 -0.0269  0.0041 -0.108  -0.0771]
INFO:root:twist: [-0.0057 -0.0237 -0.027   0.0041 -0.108  -0.077 ]
INFO:root:twist: [-0.0056 -0.0237 -0.027   0.0041 -0.1081 -0.077 ]
INFO:root:twist: [-0.0056 -0.0236 -0.0269  0.0041 -0.1081 -0.0769]
INFO:root:twist: [-0.0056 -0.0235 -0.0269  0.0041 -0.1082 -0.0768]
INFO:root:twist: [-0.0056 -0.0235 -0.0269  0.0042 -0.1083 -0.0767]
INFO:root:twist: [-0.0056 -0.0234 -0.0269  0.0042 -0.1083 -0.0767]
INFO:root:twist: [-0.0056 -0.0234 -0.0269  0.0042 -0.1083 -0.0766]
INFO:root:twist: [-0.0055 -0.0233 -0.0269  0.0042 -0.1084 -0.0765]
INFO:root:twist: [-0.0055 -0.0232 -0.0269  0.0042 -0.1085 -0.0764]
INFO:root:twist: [-0.0055 -0.0231 -0.0268  0.0043 -0.1085 -0.0763]
INFO:root:twist: [-0.0055 -0.0231 -0.0269  0.0043 -0.1085 -0.0763]
INFO:root:twist: [-0.0055 -0.023  -0.0269  0.0043 -0.1086 -0.0762]
INFO:root:twist: [-0.0055 -0.0229 -0.0268  0.0043 -0.1087 -0.0761]
INFO:root:twist: [-0.0054 -0.0229 -0.0268  0.0044 -0.1087 -0.076 ]
INFO:root:twist: [-0.0054 -0.0228 -0.0268  0.0044 -0.1088 -0.0759]
INFO:root:twist: [-0.0054 -0.0227 -0.0268  0.0044 -0.1088 -0.0759]
INFO:root:twist: [-0.0054 -0.0227 -0.0268  0.0044 -0.1089 -0.0758]
INFO:root:twist: [-0.0054 -0.0226 -0.0268  0.0045 -0.1089 -0.0757]
INFO:root:twist: [-0.0053 -0.0225 -0.0268  0.0045 -0.109  -0.0756]
INFO:root:twist: [-0.0053 -0.0224 -0.0267  0.0045 -0.109  -0.0754]
INFO:root:twist: [-0.0053 -0.0224 -0.0268  0.0045 -0.1091 -0.0754]
INFO:root:twist: [-0.0053 -0.0223 -0.0268  0.0045 -0.1091 -0.0753]
INFO:root:twist: [-0.0053 -0.0222 -0.0267  0.0046 -0.1092 -0.0752]
INFO:root:twist: [-0.0052 -0.0221 -0.0267  0.0046 -0.1092 -0.0751]
INFO:root:twist: [-0.0052 -0.022  -0.0267  0.0046 -0.1093 -0.075 ]
INFO:root:twist: [-0.0052 -0.022  -0.0267  0.0047 -0.1093 -0.0749]
INFO:root:twist: [-0.0052 -0.0219 -0.0267  0.0047 -0.1094 -0.0748]
INFO:root:twist: [-0.0052 -0.0218 -0.0267  0.0047 -0.1094 -0.0747]
INFO:root:twist: [-0.0052 -0.0217 -0.0267  0.0047 -0.1095 -0.0746]
INFO:root:twist: [-0.0051 -0.0216 -0.0266  0.0048 -0.1095 -0.0744]
INFO:root:twist: [-0.0051 -0.0216 -0.0267  0.0048 -0.1096 -0.0744]
INFO:root:twist: [-0.0051 -0.0215 -0.0267  0.0048 -0.1096 -0.0743]
INFO:root:twist: [-0.0051 -0.0214 -0.0266  0.0048 -0.1097 -0.0741]
INFO:root:twist: [-0.0051 -0.0213 -0.0266  0.0049 -0.1097 -0.074 ]
INFO:root:twist: [-0.005  -0.0212 -0.0266  0.0049 -0.1098 -0.0739]
INFO:root:twist: [-0.005  -0.0212 -0.0267  0.0049 -0.1098 -0.0738]
INFO:root:twist: [-0.005  -0.0211 -0.0267  0.0049 -0.1098 -0.0737]
INFO:root:twist: [-0.005  -0.021  -0.0266  0.005  -0.1098 -0.0736]
INFO:root:twist: [-0.005  -0.0209 -0.0266  0.005  -0.1099 -0.0735]
INFO:root:twist: [-0.0049 -0.0208 -0.0266  0.005  -0.11   -0.0733]
INFO:root:twist: [-0.0049 -0.0207 -0.0266  0.0051 -0.11   -0.0733]
INFO:root:twist: [-0.0049 -0.0206 -0.0266  0.0051 -0.1101 -0.0732]
INFO:root:twist: [-0.0049 -0.0205 -0.0266  0.0051 -0.1102 -0.073 ]
INFO:root:twist: [-0.0049 -0.0204 -0.0266  0.0051 -0.1102 -0.0729]
INFO:root:twist: [-0.0048 -0.0203 -0.0265  0.0052 -0.1103 -0.0727]
INFO:root:twist: [-0.0048 -0.0203 -0.0266  0.0052 -0.1103 -0.0727]
INFO:root:twist: [-0.0048 -0.0202 -0.0266  0.0052 -0.1104 -0.0725]
INFO:root:twist: [-0.0048 -0.0201 -0.0265  0.0053 -0.1105 -0.0724]
INFO:root:twist: [-0.0048 -0.02   -0.0265  0.0053 -0.1105 -0.0723]
INFO:root:twist: [-0.0047 -0.0199 -0.0265  0.0053 -0.1106 -0.0721]
INFO:root:twist: [-0.0047 -0.0198 -0.0265  0.0053 -0.1106 -0.0721]
INFO:root:twist: [-0.0047 -0.0197 -0.0265  0.0054 -0.1107 -0.0719]
INFO:root:twist: [-0.0047 -0.0196 -0.0265  0.0054 -0.1108 -0.0718]
INFO:root:twist: [-0.0047 -0.0195 -0.0265  0.0054 -0.1108 -0.0717]
INFO:root:twist: [-0.0046 -0.0194 -0.0264  0.0055 -0.1109 -0.0715]
INFO:root:twist: [-0.0046 -0.0194 -0.0265  0.0055 -0.1109 -0.0715]
INFO:root:twist: [-0.0046 -0.0193 -0.0265  0.0055 -0.1109 -0.0714]
INFO:root:twist: [-0.0046 -0.0192 -0.0265  0.0055 -0.111  -0.0712]
INFO:root:twist: [-0.0046 -0.0191 -0.0264  0.0056 -0.1111 -0.0711]
INFO:root:twist: [-0.0045 -0.019  -0.0264  0.0056 -0.1111 -0.0709]
INFO:root:twist: [-0.0045 -0.0189 -0.0265  0.0056 -0.1111 -0.0708]
INFO:root:twist: [-0.0045 -0.0188 -0.0265  0.0056 -0.1112 -0.0707]
INFO:root:twist: [-0.0045 -0.0187 -0.0264  0.0057 -0.1112 -0.0706]
INFO:root:twist: [-0.0045 -0.0186 -0.0264  0.0057 -0.1113 -0.0704]
INFO:root:twist: [-0.0044 -0.0185 -0.0264  0.0058 -0.1114 -0.0703]
INFO:root:twist: [-0.0044 -0.0185 -0.0264  0.0058 -0.1114 -0.0702]
INFO:root:twist: [-0.0044 -0.0184 -0.0264  0.0058 -0.1114 -0.0701]
INFO:root:twist: [-0.0044 -0.0182 -0.0264  0.0058 -0.1115 -0.0699]
INFO:root:twist: [-0.0044 -0.0181 -0.0264  0.0059 -0.1115 -0.0698]
INFO:root:twist: [-0.0043 -0.018  -0.0263  0.0059 -0.1116 -0.0697]
INFO:root:twist: [-0.0044 -0.018  -0.0264  0.0059 -0.1116 -0.0696]
INFO:root:twist: [-0.0043 -0.0179 -0.0264  0.0059 -0.1117 -0.0695]
INFO:root:twist: [-0.0043 -0.0178 -0.0263  0.006  -0.1117 -0.0693]
INFO:root:twist: [-0.0043 -0.0177 -0.0263  0.006  -0.1118 -0.0692]
INFO:root:twist: [-0.0043 -0.0176 -0.0263  0.0061 -0.1118 -0.069 ]
INFO:root:twist: [-0.0043 -0.0175 -0.0263  0.0061 -0.1118 -0.069 ]
INFO:root:twist: [-0.0042 -0.0174 -0.0263  0.0061 -0.1119 -0.0689]
INFO:root:twist: [-0.0042 -0.0173 -0.0263  0.0061 -0.1119 -0.0687]
INFO:root:twist: [-0.0042 -0.0172 -0.0263  0.0062 -0.112  -0.0686]
INFO:root:twist: [-0.0042 -0.0171 -0.0262  0.0062 -0.112  -0.0684]
INFO:root:twist: [-0.0042 -0.0171 -0.0263  0.0062 -0.112  -0.0684]
INFO:root:twist: [-0.0042 -0.017  -0.0263  0.0063 -0.112  -0.0683]
INFO:root:twist: [-0.0041 -0.0169 -0.0263  0.0063 -0.112  -0.0681]
INFO:root:twist: [-0.0041 -0.0168 -0.0263  0.0063 -0.112  -0.068 ]
INFO:root:twist: [-0.0041 -0.0167 -0.0262  0.0064 -0.1121 -0.0678]
INFO:root:twist: [-0.0041 -0.0166 -0.0263  0.0064 -0.1121 -0.0678]
INFO:root:twist: [-0.0041 -0.0165 -0.0263  0.0064 -0.1121 -0.0676]
INFO:root:twist: [-0.0041 -0.0164 -0.0263  0.0065 -0.1121 -0.0675]
INFO:root:twist: [-0.004  -0.0163 -0.0262  0.0065 -0.1121 -0.0673]
INFO:root:twist: [-0.004  -0.0162 -0.0262  0.0066 -0.1121 -0.0672]
INFO:root:twist: [-0.004  -0.0161 -0.0263  0.0066 -0.1121 -0.0671]
INFO:root:twist: [-0.004  -0.0161 -0.0263  0.0066 -0.1121 -0.067 ]
INFO:root:twist: [-0.004  -0.016  -0.0263  0.0066 -0.1121 -0.0669]
INFO:root:twist: [-0.004  -0.0158 -0.0262  0.0067 -0.1121 -0.0667]
INFO:root:twist: [-0.004  -0.0157 -0.0262  0.0067 -0.1121 -0.0666]
INFO:root:twist: [-0.004  -0.0157 -0.0263  0.0067 -0.1121 -0.0665]
INFO:root:twist: [-0.004  -0.0156 -0.0262  0.0068 -0.1121 -0.0664]
INFO:root:twist: [-0.0039 -0.0155 -0.0262  0.0068 -0.1121 -0.0663]
INFO:root:twist: [-0.0039 -0.0154 -0.0262  0.0069 -0.1121 -0.0661]
INFO:root:twist: [-0.0039 -0.0153 -0.0262  0.0069 -0.1121 -0.066 ]
INFO:root:twist: [-0.0039 -0.0152 -0.0262  0.0069 -0.1121 -0.0659]
INFO:root:twist: [-0.0039 -0.0151 -0.0262  0.007  -0.1121 -0.0658]
INFO:root:twist: [-0.0039 -0.015  -0.0262  0.007  -0.1121 -0.0657]
INFO:root:twist: [-0.0039 -0.0149 -0.0262  0.007  -0.1121 -0.0655]
INFO:root:twist: [-0.0039 -0.0148 -0.0262  0.0071 -0.1121 -0.0654]
INFO:root:twist: [-0.0039 -0.0148 -0.0262  0.0071 -0.1121 -0.0653]
INFO:root:twist: [-0.0038 -0.0147 -0.0262  0.0071 -0.1121 -0.0652]
INFO:root:twist: [-0.0038 -0.0146 -0.0262  0.0072 -0.1121 -0.0651]
INFO:root:twist: [-0.0038 -0.0145 -0.0262  0.0072 -0.1121 -0.065 ]
INFO:root:twist: [-0.0038 -0.0144 -0.0262  0.0073 -0.1121 -0.0648]
INFO:root:twist: [-0.0038 -0.0143 -0.0262  0.0073 -0.1121 -0.0648]
INFO:root:twist: [-0.0038 -0.0142 -0.0262  0.0073 -0.1121 -0.0647]
INFO:root:twist: [-0.0038 -0.0141 -0.0262  0.0074 -0.1121 -0.0645]
INFO:root:twist: [-0.0038 -0.014  -0.0262  0.0074 -0.1122 -0.0644]
INFO:root:twist: [-0.0037 -0.0139 -0.0262  0.0075 -0.1122 -0.0642]
INFO:root:twist: [-0.0037 -0.0139 -0.0262  0.0075 -0.1122 -0.0642]
INFO:root:twist: [-0.0037 -0.0138 -0.0262  0.0075 -0.1122 -0.064 ]
INFO:root:twist: [-0.0037 -0.0137 -0.0262  0.0076 -0.1122 -0.0639]
INFO:root:twist: [-0.0037 -0.0136 -0.0262  0.0076 -0.1123 -0.0638]
INFO:root:twist: [-0.0037 -0.0135 -0.0262  0.0077 -0.1123 -0.0636]
INFO:root:twist: [-0.0037 -0.0134 -0.0262  0.0077 -0.1123 -0.0636]
INFO:root:twist: [-0.0037 -0.0134 -0.0262  0.0077 -0.1123 -0.0635]
INFO:root:twist: [-0.0037 -0.0132 -0.0262  0.0077 -0.1124 -0.0633]
INFO:root:twist: [-0.0036 -0.0132 -0.0262  0.0078 -0.1124 -0.0632]
INFO:root:twist: [-0.0036 -0.0131 -0.0261  0.0078 -0.1124 -0.0631]
INFO:root:twist: [-0.0036 -0.013  -0.0262  0.0078 -0.1124 -0.0631]
INFO:root:twist: [-0.0036 -0.0129 -0.0262  0.0079 -0.1125 -0.0629]
INFO:root:twist: [-0.0036 -0.0128 -0.0261  0.0079 -0.1125 -0.0628]
INFO:root:twist: [-0.0036 -0.0127 -0.0261  0.008  -0.1126 -0.0627]
INFO:root:twist: [-0.0036 -0.0126 -0.0261  0.008  -0.1126 -0.0625]
INFO:root:twist: [-0.0036 -0.0126 -0.0262  0.008  -0.1126 -0.0625]
INFO:root:twist: [-0.0036 -0.0125 -0.0262  0.0081 -0.1126 -0.0624]
INFO:root:twist: [-0.0035 -0.0124 -0.0261  0.0081 -0.1126 -0.0623]
INFO:root:twist: [-0.0035 -0.0123 -0.0261  0.0081 -0.1127 -0.0621]
INFO:root:twist: [-0.0035 -0.0122 -0.0261  0.0082 -0.1127 -0.062 ]
INFO:root:twist: [-0.0035 -0.0122 -0.0261  0.0082 -0.1128 -0.062 ]
INFO:root:twist: [-0.0035 -0.0121 -0.0261  0.0082 -0.1128 -0.0619]
INFO:root:twist: [-0.0034 -0.012  -0.0261  0.0083 -0.1128 -0.0618]
INFO:root:twist: [-0.0034 -0.0119 -0.0261  0.0083 -0.1129 -0.0616]
INFO:root:twist: [-0.0034 -0.0118 -0.026   0.0084 -0.1129 -0.0615]
INFO:root:twist: [-0.0034 -0.0118 -0.0261  0.0084 -0.1129 -0.0615]
INFO:root:twist: [-0.0034 -0.0117 -0.0261  0.0084 -0.113  -0.0614]
INFO:root:twist: [-0.0034 -0.0116 -0.0261  0.0085 -0.1131 -0.0612]
INFO:root:twist: [-0.0033 -0.0115 -0.026   0.0085 -0.1131 -0.0611]
INFO:root:twist: [-0.0033 -0.0114 -0.026   0.0085 -0.1132 -0.061 ]
INFO:root:twist: [-0.0033 -0.0114 -0.0261  0.0086 -0.1132 -0.0609]
INFO:root:twist: [-0.0033 -0.0113 -0.026   0.0086 -0.1133 -0.0609]
INFO:root:twist: [-0.0033 -0.0112 -0.026   0.0086 -0.1133 -0.0607]
INFO:root:twist: [-0.0033 -0.0111 -0.026   0.0087 -0.1134 -0.0606]
INFO:root:twist: [-0.0032 -0.011  -0.0259  0.0087 -0.1134 -0.0605]
INFO:root:twist: [-0.0032 -0.011  -0.026   0.0087 -0.1134 -0.0605]
INFO:root:twist: [-0.0032 -0.0109 -0.026   0.0088 -0.1135 -0.0604]
INFO:root:twist: [-0.0032 -0.0108 -0.0259  0.0088 -0.1136 -0.0602]
INFO:root:twist: [-0.0032 -0.0107 -0.0259  0.0089 -0.1136 -0.0601]
INFO:root:twist: [-0.0031 -0.0106 -0.0259  0.0089 -0.1136 -0.06  ]
INFO:root:twist: [-0.0032 -0.0106 -0.026   0.0089 -0.1137 -0.06  ]
INFO:root:twist: [-0.0031 -0.0105 -0.0259  0.009  -0.1137 -0.0599]
INFO:root:twist: [-0.0031 -0.0104 -0.0259  0.009  -0.1137 -0.0598]
INFO:root:twist: [-0.0031 -0.0103 -0.0259  0.009  -0.1138 -0.0597]
INFO:root:twist: [-0.0031 -0.0103 -0.0259  0.0091 -0.1138 -0.0596]
INFO:root:twist: [-0.0031 -0.0102 -0.0259  0.0091 -0.1138 -0.0595]
INFO:root:twist: [-0.003  -0.0101 -0.0259  0.0091 -0.1139 -0.0594]
INFO:root:twist: [-0.003  -0.0101 -0.0259  0.0092 -0.1139 -0.0593]
INFO:root:twist: [-0.003  -0.01   -0.0259  0.0092 -0.114  -0.0592]
INFO:root:twist: [-0.003  -0.0099 -0.0258  0.0093 -0.114  -0.0591]
INFO:root:twist: [-0.003  -0.0098 -0.0259  0.0093 -0.114  -0.0591]
INFO:root:twist: [-0.003  -0.0098 -0.0259  0.0093 -0.1141 -0.059 ]
INFO:root:twist: [-0.0029 -0.0097 -0.0258  0.0094 -0.1141 -0.0589]
INFO:root:twist: [-0.0029 -0.0096 -0.0258  0.0094 -0.1142 -0.0588]
INFO:root:twist: [-0.0029 -0.0095 -0.0258  0.0095 -0.1142 -0.0587]
INFO:root:twist: [-0.0029 -0.0095 -0.0258  0.0095 -0.1142 -0.0587]
INFO:root:twist: [-0.0029 -0.0094 -0.0258  0.0095 -0.1143 -0.0586]
INFO:root:twist: [-0.0029 -0.0093 -0.0258  0.0096 -0.1143 -0.0585]
INFO:root:twist: [-0.0028 -0.0093 -0.0258  0.0096 -0.1143 -0.0584]
INFO:root:twist: [-0.0028 -0.0092 -0.0257  0.0096 -0.1144 -0.0583]
INFO:root:twist: [-0.0028 -0.0091 -0.0258  0.0097 -0.1144 -0.0583]
INFO:root:twist: [-0.0028 -0.0091 -0.0258  0.0097 -0.1144 -0.0582]
INFO:root:twist: [-0.0028 -0.009  -0.0258  0.0097 -0.1145 -0.0581]
INFO:root:twist: [-0.0028 -0.0089 -0.0258  0.0098 -0.1145 -0.058 ]
INFO:root:twist: [-0.0027 -0.0088 -0.0257  0.0098 -0.1146 -0.0579]
INFO:root:twist: [-0.0027 -0.0088 -0.0258  0.0098 -0.1146 -0.0579]
INFO:root:twist: [-0.0027 -0.0087 -0.0258  0.0099 -0.1147 -0.0578]
INFO:root:twist: [-0.0027 -0.0087 -0.0257  0.0099 -0.1147 -0.0577]
INFO:root:twist: [-0.0027 -0.0086 -0.0257  0.01   -0.1147 -0.0576]
INFO:root:twist: [-0.0027 -0.0085 -0.0257  0.01   -0.1148 -0.0575]
INFO:root:twist: [-0.0027 -0.0085 -0.0258  0.01   -0.1148 -0.0575]
INFO:root:twist: [-0.0026 -0.0084 -0.0258  0.01   -0.1148 -0.0574]
INFO:root:twist: [-0.0026 -0.0083 -0.0258  0.0101 -0.1149 -0.0573]
INFO:root:twist: [-0.0026 -0.0083 -0.0257  0.0101 -0.1149 -0.0572]
INFO:root:twist: [-0.0026 -0.0082 -0.0257  0.0102 -0.115  -0.0572]
INFO:root:twist: [-0.0026 -0.0082 -0.0258  0.0102 -0.115  -0.0571]
INFO:root:twist: [-0.0026 -0.0081 -0.0257  0.0102 -0.115  -0.0571]
INFO:root:twist: [-0.0026 -0.008  -0.0257  0.0103 -0.1151 -0.057 ]
INFO:root:twist: [-0.0025 -0.0079 -0.0257  0.0103 -0.1151 -0.0569]
INFO:root:twist: [-0.0025 -0.0079 -0.0257  0.0103 -0.1151 -0.0568]
INFO:root:twist: [-0.0025 -0.0078 -0.0257  0.0104 -0.1152 -0.0568]
INFO:root:twist: [-0.0025 -0.0078 -0.0257  0.0104 -0.1152 -0.0567]
INFO:root:twist: [-0.0025 -0.0077 -0.0257  0.0104 -0.1152 -0.0566]
INFO:root:twist: [-0.0025 -0.0076 -0.0257  0.0105 -0.1152 -0.0565]
INFO:root:twist: [-0.0025 -0.0076 -0.0257  0.0105 -0.1153 -0.0565]
INFO:root:twist: [-0.0025 -0.0075 -0.0257  0.0105 -0.1153 -0.0564]
INFO:root:twist: [-0.0025 -0.0075 -0.0257  0.0106 -0.1153 -0.0564]
INFO:root:twist: [-0.0024 -0.0074 -0.0257  0.0106 -0.1153 -0.0563]
INFO:root:twist: [-0.0024 -0.0073 -0.0257  0.0107 -0.1154 -0.0562]
INFO:root:twist: [-0.0024 -0.0073 -0.0257  0.0107 -0.1154 -0.0561]
INFO:root:twist: [-0.0024 -0.0072 -0.0257  0.0107 -0.1154 -0.0561]
INFO:root:twist: [-0.0024 -0.0072 -0.0257  0.0107 -0.1154 -0.0561]
INFO:root:twist: [-0.0024 -0.0071 -0.0257  0.0108 -0.1154 -0.056 ]
INFO:root:twist: [-0.0024 -0.007  -0.0257  0.0108 -0.1154 -0.0559]
INFO:root:twist: [-0.0023 -0.007  -0.0257  0.0109 -0.1154 -0.0558]
INFO:root:twist: [-0.0023 -0.0069 -0.0257  0.0109 -0.1155 -0.0558]
INFO:root:twist: [-0.0023 -0.0069 -0.0257  0.0109 -0.1155 -0.0557]
INFO:root:twist: [-0.0023 -0.0068 -0.0257  0.011  -0.1154 -0.0557]
INFO:root:twist: [-0.0023 -0.0067 -0.0257  0.011  -0.1155 -0.0556]
INFO:root:twist: [-0.0023 -0.0067 -0.0257  0.011  -0.1155 -0.0555]
INFO:root:twist: [-0.0023 -0.0066 -0.0257  0.011  -0.1156 -0.0555]
INFO:root:twist: [-0.0023 -0.0066 -0.0257  0.0111 -0.1156 -0.0555]
INFO:root:twist: [-0.0023 -0.0065 -0.0257  0.0111 -0.1156 -0.0554]
INFO:root:twist: [-0.0023 -0.0065 -0.0257  0.0112 -0.1156 -0.0553]
INFO:root:twist: [-0.0022 -0.0064 -0.0256  0.0112 -0.1156 -0.0552]
INFO:root:twist: [-0.0023 -0.0064 -0.0257  0.0112 -0.1156 -0.0552]
INFO:root:twist: [-0.0022 -0.0063 -0.0257  0.0113 -0.1156 -0.0551]
INFO:root:twist: [-0.0022 -0.0062 -0.0257  0.0113 -0.1156 -0.0551]
INFO:root:twist: [-0.0022 -0.0062 -0.0257  0.0113 -0.1156 -0.055 ]
INFO:root:twist: [-0.0022 -0.0061 -0.0257  0.0114 -0.1156 -0.055 ]
INFO:root:twist: [-0.0022 -0.0061 -0.0257  0.0114 -0.1156 -0.0549]
INFO:root:twist: [-0.0022 -0.006  -0.0257  0.0114 -0.1156 -0.0549]
INFO:root:twist: [-0.0022 -0.006  -0.0257  0.0115 -0.1156 -0.0548]
INFO:root:twist: [-0.0022 -0.0059 -0.0257  0.0115 -0.1156 -0.0548]
INFO:root:twist: [-0.0022 -0.0059 -0.0257  0.0115 -0.1155 -0.0547]
INFO:root:twist: [-0.0022 -0.0058 -0.0257  0.0116 -0.1155 -0.0547]
INFO:root:twist: [-0.0022 -0.0058 -0.0257  0.0116 -0.1155 -0.0546]
INFO:root:twist: [-0.0022 -0.0057 -0.0257  0.0116 -0.1155 -0.0546]
INFO:root:twist: [-0.0022 -0.0057 -0.0257  0.0117 -0.1155 -0.0545]
INFO:root:twist: [-0.0021 -0.0056 -0.0257  0.0117 -0.1155 -0.0544]
INFO:root:twist: [-0.0022 -0.0056 -0.0257  0.0117 -0.1155 -0.0544]
INFO:root:twist: [-0.0021 -0.0055 -0.0257  0.0118 -0.1155 -0.0544]
INFO:root:twist: [-0.0021 -0.0055 -0.0257  0.0118 -0.1155 -0.0543]
INFO:root:twist: [-0.0021 -0.0054 -0.0257  0.0118 -0.1155 -0.0543]
INFO:root:twist: [-0.0021 -0.0053 -0.0257  0.0119 -0.1155 -0.0542]
INFO:root:twist: [-0.0021 -0.0053 -0.0257  0.0119 -0.1155 -0.0542]
INFO:root:twist: [-0.0021 -0.0053 -0.0257  0.0119 -0.1155 -0.0542]
INFO:root:twist: [-0.0021 -0.0052 -0.0257  0.012  -0.1155 -0.0541]
INFO:root:twist: [-0.0021 -0.0052 -0.0257  0.012  -0.1155 -0.0541]
INFO:root:twist: [-0.0021 -0.0051 -0.0257  0.012  -0.1155 -0.054 ]
INFO:root:twist: [-0.0021 -0.0051 -0.0257  0.0121 -0.1155 -0.054 ]
INFO:root:twist: [-0.0021 -0.005  -0.0257  0.0121 -0.1155 -0.054 ]
INFO:root:twist: [-0.0021 -0.005  -0.0257  0.0121 -0.1155 -0.0539]
INFO:root:twist: [-0.0021 -0.0049 -0.0257  0.0122 -0.1155 -0.0538]
INFO:root:twist: [-0.0021 -0.0049 -0.0257  0.0122 -0.1155 -0.0538]
INFO:root:twist: [-0.0021 -0.0048 -0.0257  0.0122 -0.1155 -0.0538]
INFO:root:twist: [-0.0021 -0.0048 -0.0258  0.0123 -0.1155 -0.0537]
INFO:root:twist: [-0.0021 -0.0047 -0.0257  0.0123 -0.1155 -0.0537]
INFO:root:twist: [-0.0021 -0.0047 -0.0257  0.0123 -0.1155 -0.0537]
INFO:root:twist: [-0.002  -0.0046 -0.0257  0.0124 -0.1155 -0.0536]
INFO:root:twist: [-0.0021 -0.0046 -0.0257  0.0124 -0.1155 -0.0536]
INFO:root:twist: [-0.002  -0.0046 -0.0257  0.0124 -0.1156 -0.0536]
INFO:root:twist: [-0.002  -0.0045 -0.0257  0.0124 -0.1156 -0.0535]
INFO:root:twist: [-0.002  -0.0045 -0.0257  0.0125 -0.1156 -0.0535]
INFO:root:twist: [-0.002  -0.0044 -0.0257  0.0125 -0.1157 -0.0534]
INFO:root:twist: [-0.002  -0.0044 -0.0257  0.0125 -0.1157 -0.0534]
INFO:root:twist: [-0.002  -0.0043 -0.0257  0.0126 -0.1157 -0.0534]
INFO:root:twist: [-0.002  -0.0043 -0.0257  0.0126 -0.1157 -0.0533]
INFO:root:twist: [-0.002  -0.0042 -0.0257  0.0126 -0.1158 -0.0533]
INFO:root:twist: [-0.002  -0.0042 -0.0256  0.0127 -0.1158 -0.0533]
INFO:root:twist: [-0.002  -0.0042 -0.0257  0.0127 -0.1158 -0.0532]
INFO:root:twist: [-0.002  -0.0041 -0.0257  0.0127 -0.1159 -0.0532]
INFO:root:twist: [-0.0019 -0.0041 -0.0256  0.0127 -0.1159 -0.0532]
INFO:root:twist: [-0.0019 -0.004  -0.0256  0.0128 -0.116  -0.0531]
INFO:root:twist: [-0.0019 -0.004  -0.0256  0.0128 -0.116  -0.0531]
INFO:root:twist: [-0.0019 -0.004  -0.0257  0.0128 -0.116  -0.0531]
INFO:root:twist: [-0.0019 -0.0039 -0.0256  0.0128 -0.1161 -0.053 ]
INFO:root:twist: [-0.0019 -0.0039 -0.0256  0.0129 -0.1161 -0.053 ]
INFO:root:twist: [-0.0019 -0.0038 -0.0256  0.0129 -0.1162 -0.053 ]
INFO:root:twist: [-0.0019 -0.0038 -0.0256  0.0129 -0.1162 -0.053 ]
INFO:root:twist: [-0.0019 -0.0038 -0.0256  0.013  -0.1162 -0.053 ]
INFO:root:twist: [-0.0019 -0.0037 -0.0256  0.013  -0.1163 -0.0529]
INFO:root:twist: [-0.0019 -0.0037 -0.0256  0.013  -0.1163 -0.0529]
INFO:root:twist: [-0.0018 -0.0036 -0.0256  0.013  -0.1164 -0.0528]
INFO:root:twist: [-0.0018 -0.0036 -0.0255  0.0131 -0.1165 -0.0528]
INFO:root:twist: [-0.0018 -0.0036 -0.0256  0.0131 -0.1165 -0.0528]
INFO:root:twist: [-0.0018 -0.0035 -0.0256  0.0131 -0.1165 -0.0528]
INFO:root:twist: [-0.0018 -0.0035 -0.0255  0.0131 -0.1166 -0.0527]
INFO:root:twist: [-0.0018 -0.0034 -0.0255  0.0132 -0.1167 -0.0527]
INFO:root:twist: [-0.0018 -0.0034 -0.0255  0.0132 -0.1167 -0.0527]
INFO:root:twist: [-0.0018 -0.0034 -0.0255  0.0132 -0.1168 -0.0527]
INFO:root:twist: [-0.0018 -0.0033 -0.0255  0.0132 -0.1168 -0.0526]
INFO:root:twist: [-0.0017 -0.0033 -0.0255  0.0133 -0.1169 -0.0526]
INFO:root:twist: [-0.0017 -0.0032 -0.0254  0.0133 -0.1169 -0.0526]
INFO:root:twist: [-0.0017 -0.0032 -0.0254  0.0133 -0.117  -0.0525]
INFO:root:twist: [-0.0017 -0.0032 -0.0255  0.0134 -0.117  -0.0525]
INFO:root:twist: [-0.0017 -0.0031 -0.0255  0.0134 -0.1171 -0.0525]
INFO:root:twist: [-0.0017 -0.0031 -0.0254  0.0134 -0.1171 -0.0525]
INFO:root:twist: [-0.0017 -0.0031 -0.0254  0.0134 -0.1172 -0.0525]
INFO:root:twist: [-0.0017 -0.003  -0.0254  0.0135 -0.1172 -0.0524]
INFO:root:twist: [-0.0017 -0.003  -0.0254  0.0135 -0.1173 -0.0524]
INFO:root:twist: [-0.0017 -0.003  -0.0254  0.0135 -0.1173 -0.0524]
INFO:root:twist: [-0.0016 -0.0029 -0.0254  0.0135 -0.1174 -0.0524]
INFO:root:twist: [-0.0016 -0.0029 -0.0254  0.0136 -0.1174 -0.0523]
INFO:root:twist: [-0.0016 -0.0028 -0.0253  0.0136 -0.1175 -0.0523]
INFO:root:twist: [-0.0016 -0.0028 -0.0254  0.0136 -0.1175 -0.0523]
INFO:root:twist: [-0.0016 -0.0028 -0.0254  0.0136 -0.1175 -0.0523]
INFO:root:twist: [-0.0016 -0.0027 -0.0254  0.0137 -0.1176 -0.0523]
INFO:root:twist: [-0.0016 -0.0027 -0.0253  0.0137 -0.1176 -0.0522]
INFO:root:twist: [-0.0016 -0.0027 -0.0253  0.0137 -0.1177 -0.0522]
INFO:root:twist: [-0.0016 -0.0026 -0.0254  0.0137 -0.1177 -0.0522]
INFO:root:twist: [-0.0016 -0.0026 -0.0254  0.0138 -0.1177 -0.0522]
INFO:root:twist: [-0.0016 -0.0026 -0.0253  0.0138 -0.1178 -0.0522]
INFO:root:twist: [-0.0016 -0.0025 -0.0253  0.0138 -0.1178 -0.0521]
INFO:root:twist: [-0.0016 -0.0025 -0.0253  0.0139 -0.1179 -0.0521]
INFO:root:twist: [-0.0016 -0.0025 -0.0254  0.0139 -0.1179 -0.0521]
INFO:root:twist: [-0.0016 -0.0024 -0.0253  0.0139 -0.1179 -0.0521]
INFO:root:twist: [-0.0016 -0.0024 -0.0253  0.0139 -0.1179 -0.0521]
INFO:root:twist: [-0.0016 -0.0024 -0.0253  0.014  -0.118  -0.0521]
INFO:root:twist: [-0.0015 -0.0023 -0.0253  0.014  -0.118  -0.0521]
INFO:root:twist: [-0.0016 -0.0023 -0.0254  0.014  -0.118  -0.052 ]
INFO:root:twist: [-0.0016 -0.0023 -0.0254  0.014  -0.1181 -0.052 ]
INFO:root:twist: [-0.0015 -0.0022 -0.0253  0.014  -0.1181 -0.052 ]
INFO:root:twist: [-0.0015 -0.0022 -0.0253  0.0141 -0.1181 -0.052 ]
INFO:root:twist: [-0.0015 -0.0022 -0.0253  0.0141 -0.1182 -0.052 ]
INFO:root:twist: [-0.0015 -0.0021 -0.0253  0.0141 -0.1182 -0.052 ]
INFO:root:twist: [-0.0015 -0.0021 -0.0254  0.0141 -0.1182 -0.052 ]
INFO:root:twist: [-0.0015 -0.0021 -0.0253  0.0142 -0.1183 -0.052 ]
INFO:root:twist: [-0.0015 -0.002  -0.0253  0.0142 -0.1183 -0.0519]
INFO:root:twist: [-0.0015 -0.002  -0.0253  0.0142 -0.1184 -0.0519]
INFO:root:twist: [-0.0015 -0.002  -0.0253  0.0142 -0.1184 -0.0519]
INFO:root:twist: [-0.0015 -0.002  -0.0253  0.0143 -0.1184 -0.0519]
INFO:root:twist: [-0.0015 -0.0019 -0.0253  0.0143 -0.1185 -0.0519]
INFO:root:twist: [-0.0015 -0.0019 -0.0253  0.0143 -0.1185 -0.0519]
INFO:root:twist: [-0.0015 -0.0019 -0.0253  0.0143 -0.1186 -0.0519]
INFO:root:twist: [-0.0015 -0.0018 -0.0253  0.0143 -0.1186 -0.0519]
INFO:root:twist: [-0.0015 -0.0018 -0.0253  0.0144 -0.1186 -0.0519]
INFO:root:twist: [-0.0015 -0.0018 -0.0253  0.0144 -0.1187 -0.0518]
INFO:root:twist: [-0.0015 -0.0018 -0.0253  0.0144 -0.1187 -0.0518]
INFO:root:twist: [-0.0015 -0.0017 -0.0253  0.0145 -0.1187 -0.0518]
INFO:root:twist: [-0.0015 -0.0017 -0.0253  0.0145 -0.1188 -0.0518]
INFO:root:twist: [-0.0015 -0.0017 -0.0253  0.0145 -0.1188 -0.0518]
INFO:root:twist: [-0.0014 -0.0016 -0.0253  0.0145 -0.1188 -0.0518]
INFO:root:twist: [-0.0014 -0.0016 -0.0253  0.0145 -0.1189 -0.0518]
INFO:root:twist: [-0.0014 -0.0016 -0.0253  0.0146 -0.1189 -0.0518]
INFO:root:twist: [-0.0014 -0.0016 -0.0253  0.0146 -0.1189 -0.0518]
INFO:root:twist: [-0.0014 -0.0015 -0.0254  0.0146 -0.119  -0.0518]
INFO:root:twist: [-0.0014 -0.0015 -0.0253  0.0146 -0.119  -0.0518]
INFO:root:twist: [-0.0014 -0.0015 -0.0253  0.0146 -0.119  -0.0518]
INFO:root:twist: [-0.0014 -0.0015 -0.0253  0.0147 -0.119  -0.0518]
INFO:root:twist: [-0.0014 -0.0014 -0.0254  0.0147 -0.1191 -0.0518]
INFO:root:twist: [-0.0014 -0.0014 -0.0254  0.0147 -0.1191 -0.0518]
INFO:root:twist: [-0.0014 -0.0014 -0.0253  0.0147 -0.1191 -0.0518]
INFO:root:twist: [-0.0014 -0.0013 -0.0253  0.0148 -0.1191 -0.0517]
INFO:root:twist: [-0.0014 -0.0013 -0.0253  0.0148 -0.1191 -0.0517]
INFO:root:twist: [-0.0014 -0.0013 -0.0254  0.0148 -0.1192 -0.0517]
INFO:root:twist: [-0.0014 -0.0013 -0.0254  0.0148 -0.1192 -0.0517]
INFO:root:twist: [-0.0014 -0.0012 -0.0253  0.0149 -0.1192 -0.0517]
INFO:root:twist: [-0.0014 -0.0012 -0.0253  0.0149 -0.1192 -0.0517]
INFO:root:twist: [-0.0014 -0.0012 -0.0253  0.0149 -0.1192 -0.0517]
INFO:root:twist: [-0.0014 -0.0012 -0.0254  0.0149 -0.1192 -0.0517]
INFO:root:twist: [-0.0014 -0.0011 -0.0254  0.0149 -0.1192 -0.0517]
INFO:root:twist: [-0.0014 -0.0011 -0.0253  0.015  -0.1193 -0.0517]
INFO:root:twist: [-0.0014 -0.0011 -0.0253  0.015  -0.1193 -0.0517]
INFO:root:twist: [-0.0014 -0.0011 -0.0253  0.015  -0.1193 -0.0517]
INFO:root:twist: [-0.0014 -0.001  -0.0254  0.015  -0.1193 -0.0517]
INFO:root:twist: [-0.0014 -0.001  -0.0254  0.0151 -0.1193 -0.0517]
INFO:root:twist: [-0.0014 -0.001  -0.0254  0.0151 -0.1193 -0.0517]
INFO:root:twist: [-0.0014 -0.001  -0.0253  0.0151 -0.1193 -0.0517]
INFO:root:twist: [-0.0014 -0.0009 -0.0253  0.0151 -0.1193 -0.0517]
INFO:root:twist: [-0.0014 -0.0009 -0.0254  0.0151 -0.1193 -0.0517]
INFO:root:twist: [-0.0014 -0.0009 -0.0254  0.0152 -0.1193 -0.0517]
INFO:root:twist: [-0.0014 -0.0009 -0.0254  0.0152 -0.1193 -0.0517]
INFO:root:twist: [-0.0014 -0.0009 -0.0254  0.0152 -0.1193 -0.0517]
INFO:root:twist: [-0.0014 -0.0008 -0.0253  0.0153 -0.1193 -0.0517]
INFO:root:twist: [-0.0014 -0.0008 -0.0254  0.0153 -0.1193 -0.0517]
INFO:root:twist: [-0.0014 -0.0008 -0.0254  0.0153 -0.1193 -0.0517]
INFO:root:twist: [-0.0014 -0.0008 -0.0254  0.0153 -0.1193 -0.0518]
INFO:root:twist: [-0.0014 -0.0007 -0.0254  0.0153 -0.1192 -0.0517]
INFO:root:twist: [-0.0014 -0.0007 -0.0253  0.0154 -0.1192 -0.0517]
INFO:root:twist: [-0.0015 -0.0007 -0.0254  0.0154 -0.1192 -0.0517]
INFO:root:twist: [-0.0015 -0.0007 -0.0254  0.0154 -0.1192 -0.0518]
INFO:root:twist: [-0.0015 -0.0006 -0.0254  0.0154 -0.1192 -0.0517]
INFO:root:twist: [-0.0015 -0.0006 -0.0254  0.0155 -0.1191 -0.0518]
INFO:root:twist: [-0.0015 -0.0006 -0.0253  0.0155 -0.1191 -0.0518]
INFO:root:twist: [-0.0015 -0.0006 -0.0254  0.0155 -0.1191 -0.0518]
INFO:root:twist: [-0.0015 -0.0006 -0.0254  0.0155 -0.1191 -0.0518]
INFO:root:twist: [-0.0015 -0.0005 -0.0254  0.0156 -0.1191 -0.0518]
INFO:root:twist: [-0.0015 -0.0005 -0.0254  0.0156 -0.1191 -0.0518]
INFO:root:twist: [-0.0015 -0.0005 -0.0253  0.0156 -0.1191 -0.0518]
INFO:root:twist: [-0.0015 -0.0005 -0.0254  0.0156 -0.119  -0.0518]
INFO:root:twist: [-0.0015 -0.0004 -0.0254  0.0157 -0.119  -0.0518]
INFO:root:twist: [-0.0015 -0.0004 -0.0254  0.0157 -0.119  -0.0518]
INFO:root:twist: [-0.0015 -0.0004 -0.0254  0.0157 -0.119  -0.0518]
INFO:root:twist: [-0.0015 -0.0004 -0.0253  0.0157 -0.119  -0.0518]
INFO:root:twist: [-0.0015 -0.0004 -0.0254  0.0158 -0.119  -0.0518]
INFO:root:twist: [-0.0015 -0.0003 -0.0254  0.0158 -0.119  -0.0518]
INFO:root:twist: [-0.0015 -0.0003 -0.0254  0.0158 -0.119  -0.0518]
INFO:root:twist: [-0.0015 -0.0003 -0.0253  0.0158 -0.119  -0.0519]
INFO:root:twist: [-0.0015 -0.0003 -0.0253  0.0159 -0.119  -0.0519]
INFO:root:twist: [-0.0015 -0.0003 -0.0254  0.0159 -0.119  -0.0519]
INFO:root:twist: [-0.0015 -0.0002 -0.0253  0.0159 -0.119  -0.0519]
INFO:root:twist: [-0.0014 -0.0002 -0.0253  0.0159 -0.119  -0.0519]
INFO:root:twist: [-0.0014 -0.0002 -0.0253  0.0159 -0.119  -0.0519]
INFO:root:twist: [-0.0014 -0.0002 -0.0253  0.016  -0.1191 -0.0519]
INFO:root:twist: [-0.0014 -0.0002 -0.0253  0.016  -0.1191 -0.0519]
INFO:root:twist: [-1.400e-03 -1.000e-04 -2.530e-02  1.600e-02 -1.191e-01 -5.190e-02]
INFO:root:twist: [-1.400e-03 -1.000e-04 -2.530e-02  1.600e-02 -1.191e-01 -5.190e-02]
INFO:root:twist: [-1.400e-03 -1.000e-04 -2.520e-02  1.600e-02 -1.192e-01 -5.190e-02]
INFO:root:twist: [-1.400e-03 -1.000e-04 -2.520e-02  1.610e-02 -1.192e-01 -5.190e-02]
INFO:root:twist: [-1.400e-03 -1.000e-04 -2.530e-02  1.610e-02 -1.192e-01 -5.190e-02]
INFO:root:twist: [-0.0014 -0.     -0.0253  0.0161 -0.1193 -0.0519]
INFO:root:twist: [-0.0014 -0.     -0.0252  0.0161 -0.1193 -0.052 ]
INFO:root:twist: [-0.0014  0.     -0.0252  0.0161 -0.1193 -0.052 ]
INFO:root:twist: [-0.0014  0.     -0.0252  0.0162 -0.1194 -0.052 ]
INFO:root:twist: [-0.0014  0.     -0.0252  0.0162 -0.1194 -0.052 ]
INFO:root:twist: [-1.400e-03  1.000e-04 -2.520e-02  1.620e-02 -1.194e-01 -5.200e-02]
INFO:root:twist: [-1.400e-03  1.000e-04 -2.520e-02  1.620e-02 -1.195e-01 -5.200e-02]
INFO:root:twist: [-1.300e-03  1.000e-04 -2.520e-02  1.620e-02 -1.195e-01 -5.200e-02]
INFO:root:twist: [-1.300e-03  1.000e-04 -2.520e-02  1.630e-02 -1.195e-01 -5.200e-02]
INFO:root:twist: [-1.300e-03  1.000e-04 -2.520e-02  1.630e-02 -1.195e-01 -5.200e-02]
INFO:root:twist: [-0.0013  0.0002 -0.0252  0.0163 -0.1196 -0.052 ]
INFO:root:twist: [-0.0013  0.0002 -0.0252  0.0163 -0.1196 -0.052 ]
INFO:root:twist: [-0.0013  0.0002 -0.0252  0.0163 -0.1196 -0.0521]
INFO:root:twist: [-0.0013  0.0002 -0.0251  0.0164 -0.1197 -0.0521]
INFO:root:twist: [-0.0013  0.0002 -0.0252  0.0164 -0.1197 -0.0521]
INFO:root:twist: [-0.0013  0.0002 -0.0252  0.0164 -0.1197 -0.0521]
INFO:root:twist: [-0.0013  0.0003 -0.0252  0.0164 -0.1197 -0.0521]
INFO:root:twist: [-0.0013  0.0003 -0.0252  0.0164 -0.1197 -0.0521]
INFO:root:twist: [-0.0013  0.0003 -0.0251  0.0165 -0.1198 -0.0521]
INFO:root:twist: [-0.0013  0.0003 -0.0252  0.0165 -0.1198 -0.0521]
INFO:root:twist: [-0.0013  0.0003 -0.0252  0.0165 -0.1198 -0.0521]
INFO:root:twist: [-0.0013  0.0003 -0.0252  0.0165 -0.1198 -0.0522]
INFO:root:twist: [-0.0013  0.0003 -0.0252  0.0165 -0.1199 -0.0522]
INFO:root:twist: [-0.0013  0.0004 -0.0251  0.0166 -0.1199 -0.0522]
INFO:root:twist: [-0.0013  0.0004 -0.0252  0.0166 -0.1199 -0.0522]
INFO:root:twist: [-0.0013  0.0004 -0.0252  0.0166 -0.12   -0.0522]
INFO:root:twist: [-0.0013  0.0004 -0.0252  0.0166 -0.12   -0.0523]
INFO:root:twist: [-0.0013  0.0004 -0.0252  0.0166 -0.12   -0.0523]
INFO:root:twist: [-0.0013  0.0004 -0.0252  0.0167 -0.12   -0.0523]
INFO:root:twist: [-0.0013  0.0004 -0.0252  0.0167 -0.12   -0.0523]
INFO:root:twist: [-0.0013  0.0004 -0.0252  0.0167 -0.1201 -0.0523]
INFO:root:twist: [-0.0013  0.0005 -0.0252  0.0167 -0.1201 -0.0524]
INFO:root:twist: [-0.0013  0.0005 -0.0252  0.0167 -0.1201 -0.0524]
INFO:root:twist: [-0.0013  0.0005 -0.0252  0.0168 -0.1201 -0.0524]
INFO:root:twist: [-0.0013  0.0005 -0.0252  0.0168 -0.1201 -0.0524]
INFO:root:twist: [-0.0013  0.0005 -0.0252  0.0168 -0.1202 -0.0525]
INFO:root:twist: [-0.0013  0.0005 -0.0252  0.0168 -0.1202 -0.0525]
INFO:root:twist: [-0.0013  0.0005 -0.0252  0.0168 -0.1202 -0.0525]
INFO:root:twist: [-0.0013  0.0005 -0.0252  0.0169 -0.1202 -0.0525]
INFO:root:twist: [-0.0013  0.0006 -0.0252  0.0169 -0.1202 -0.0525]
INFO:root:twist: [-0.0013  0.0006 -0.0253  0.0169 -0.1202 -0.0526]
INFO:root:twist: [-0.0013  0.0006 -0.0252  0.0169 -0.1203 -0.0526]
INFO:root:twist: [-0.0013  0.0006 -0.0252  0.017  -0.1203 -0.0526]
INFO:root:twist: [-0.0013  0.0006 -0.0252  0.017  -0.1203 -0.0526]
INFO:root:twist: [-0.0013  0.0006 -0.0253  0.017  -0.1203 -0.0527]
INFO:root:twist: [-0.0013  0.0006 -0.0253  0.017  -0.1203 -0.0527]
INFO:root:twist: [-0.0013  0.0006 -0.0253  0.017  -0.1203 -0.0527]
INFO:root:twist: [-0.0013  0.0006 -0.0253  0.0171 -0.1203 -0.0527]
INFO:root:twist: [-0.0013  0.0006 -0.0252  0.0171 -0.1204 -0.0528]
INFO:root:twist: [-0.0013  0.0007 -0.0253  0.0171 -0.1204 -0.0528]
INFO:root:twist: [-0.0013  0.0007 -0.0253  0.0171 -0.1204 -0.0528]
INFO:root:twist: [-0.0013  0.0007 -0.0253  0.0171 -0.1204 -0.0529]
INFO:root:twist: [-0.0013  0.0007 -0.0253  0.0172 -0.1204 -0.0529]
INFO:root:twist: [-0.0013  0.0007 -0.0253  0.0172 -0.1204 -0.0529]
INFO:root:twist: [-0.0013  0.0007 -0.0253  0.0172 -0.1204 -0.0529]
INFO:root:twist: [-0.0013  0.0007 -0.0253  0.0172 -0.1205 -0.053 ]
INFO:root:twist: [-0.0013  0.0007 -0.0253  0.0172 -0.1205 -0.053 ]
INFO:root:twist: [-0.0013  0.0007 -0.0253  0.0173 -0.1205 -0.053 ]
INFO:root:twist: [-0.0013  0.0007 -0.0253  0.0173 -0.1205 -0.0531]
INFO:root:twist: [-0.0014  0.0007 -0.0254  0.0173 -0.1205 -0.0531]
INFO:root:twist: [-0.0014  0.0007 -0.0254  0.0173 -0.1205 -0.0531]
INFO:root:twist: [-0.0014  0.0007 -0.0254  0.0174 -0.1205 -0.0531]
INFO:root:twist: [-0.0014  0.0008 -0.0254  0.0174 -0.1206 -0.0532]
INFO:root:twist: [-0.0014  0.0008 -0.0253  0.0174 -0.1206 -0.0532]
INFO:root:twist: [-0.0014  0.0008 -0.0254  0.0174 -0.1206 -0.0532]
INFO:root:twist: [-0.0014  0.0008 -0.0254  0.0174 -0.1206 -0.0533]
INFO:root:twist: [-0.0014  0.0008 -0.0254  0.0175 -0.1206 -0.0533]
INFO:root:twist: [-0.0014  0.0008 -0.0254  0.0175 -0.1206 -0.0533]
INFO:root:twist: [-0.0014  0.0008 -0.0254  0.0175 -0.1206 -0.0534]
INFO:root:twist: [-0.0014  0.0008 -0.0255  0.0175 -0.1207 -0.0534]
INFO:root:twist: [-0.0014  0.0008 -0.0255  0.0175 -0.1207 -0.0534]
INFO:root:twist: [-0.0014  0.0008 -0.0255  0.0176 -0.1207 -0.0535]
INFO:root:twist: [-0.0014  0.0008 -0.0255  0.0176 -0.1207 -0.0535]
INFO:root:twist: [-0.0014  0.0008 -0.0254  0.0176 -0.1208 -0.0535]
INFO:root:twist: [-0.0014  0.0008 -0.0255  0.0176 -0.1208 -0.0536]
INFO:root:twist: [-0.0014  0.0008 -0.0255  0.0177 -0.1208 -0.0536]
INFO:root:twist: [-0.0015  0.0008 -0.0255  0.0177 -0.1208 -0.0536]
INFO:root:twist: [-0.0015  0.0008 -0.0255  0.0177 -0.1208 -0.0537]
INFO:root:twist: [-0.0015  0.0008 -0.0255  0.0177 -0.1208 -0.0537]
INFO:root:twist: [-0.0015  0.0008 -0.0256  0.0177 -0.1208 -0.0537]
INFO:root:twist: [-0.0015  0.0008 -0.0256  0.0178 -0.1209 -0.0538]
INFO:root:twist: [-0.0015  0.0008 -0.0256  0.0178 -0.1209 -0.0538]
INFO:root:twist: [-0.0015  0.0008 -0.0256  0.0178 -0.1209 -0.0539]
INFO:root:twist: [-0.0015  0.0008 -0.0255  0.0178 -0.1209 -0.0539]
INFO:root:twist: [-0.0015  0.0008 -0.0256  0.0178 -0.1209 -0.054 ]
INFO:root:twist: [-0.0015  0.0008 -0.0256  0.0179 -0.1209 -0.054 ]
INFO:root:twist: [-0.0016  0.0008 -0.0256  0.0179 -0.1209 -0.054 ]
INFO:root:twist: [-0.0016  0.0008 -0.0256  0.0179 -0.1209 -0.0541]
INFO:root:twist: [-0.0016  0.0008 -0.0256  0.0179 -0.1209 -0.0541]
INFO:root:twist: [-0.0016  0.0008 -0.0257  0.018  -0.1209 -0.0542]
INFO:root:twist: [-0.0016  0.0008 -0.0257  0.018  -0.121  -0.0542]
INFO:root:twist: [-0.0016  0.0008 -0.0256  0.018  -0.121  -0.0543]
INFO:root:twist: [-0.0016  0.0008 -0.0256  0.018  -0.121  -0.0543]
INFO:root:twist: [-0.0016  0.0008 -0.0256  0.018  -0.121  -0.0544]
INFO:root:twist: [-0.0016  0.0008 -0.0257  0.0181 -0.121  -0.0544]
INFO:root:twist: [-0.0017  0.0008 -0.0257  0.0181 -0.121  -0.0544]
INFO:root:twist: [-0.0017  0.0008 -0.0257  0.0181 -0.121  -0.0545]
INFO:root:twist: [-0.0017  0.0008 -0.0257  0.0181 -0.121  -0.0546]
INFO:root:twist: [-0.0017  0.0008 -0.0257  0.0181 -0.121  -0.0546]
INFO:root:twist: [-0.0017  0.0008 -0.0257  0.0181 -0.121  -0.0546]
INFO:root:twist: [-0.0017  0.0008 -0.0257  0.0182 -0.121  -0.0547]
INFO:root:twist: [-0.0017  0.0008 -0.0257  0.0182 -0.121  -0.0547]
INFO:root:twist: [-0.0017  0.0008 -0.0257  0.0182 -0.1211 -0.0548]
INFO:root:twist: [-0.0017  0.0007 -0.0257  0.0182 -0.1211 -0.0548]
INFO:root:twist: [-0.0017  0.0008 -0.0258  0.0182 -0.1211 -0.0548]
INFO:root:twist: [-0.0017  0.0007 -0.0258  0.0182 -0.1211 -0.0548]
INFO:root:twist: [-0.0017  0.0007 -0.0257  0.0182 -0.1211 -0.0549]
INFO:root:twist: [-0.0018  0.0007 -0.0257  0.0182 -0.1211 -0.0549]
INFO:root:twist: [-0.0018  0.0007 -0.0257  0.0182 -0.1212 -0.055 ]
INFO:root:twist: [-0.0018  0.0007 -0.0258  0.0182 -0.1212 -0.055 ]
INFO:root:twist: [-0.0018  0.0007 -0.0258  0.0182 -0.1212 -0.055 ]
INFO:root:twist: [-0.0018  0.0007 -0.0258  0.0182 -0.1212 -0.0551]
INFO:root:twist: [-0.0018  0.0006 -0.0258  0.0182 -0.1212 -0.0551]
INFO:root:twist: [-0.0018  0.0006 -0.0258  0.0182 -0.1212 -0.0552]
INFO:root:twist: [-0.0018  0.0006 -0.0258  0.0182 -0.1212 -0.0552]
INFO:root:twist: [-0.0018  0.0006 -0.0258  0.0182 -0.1212 -0.0552]
INFO:root:twist: [-0.0018  0.0006 -0.0258  0.0182 -0.1212 -0.0553]
INFO:root:twist: [-0.0018  0.0006 -0.0258  0.0182 -0.1212 -0.0554]
INFO:root:twist: [-0.0018  0.0005 -0.0258  0.0182 -0.1212 -0.0554]
INFO:root:twist: [-0.0019  0.0005 -0.0259  0.0182 -0.1212 -0.0554]
INFO:root:twist: [-0.0019  0.0005 -0.0259  0.0182 -0.1212 -0.0555]
INFO:root:twist: [-0.0019  0.0005 -0.0259  0.0182 -0.1212 -0.0556]
INFO:root:twist: [-0.0019  0.0005 -0.0259  0.0182 -0.1212 -0.0556]
INFO:root:twist: [-0.0019  0.0004 -0.0258  0.0182 -0.1212 -0.0557]
INFO:root:twist: [-0.0019  0.0004 -0.0259  0.0182 -0.1212 -0.0557]
INFO:root:twist: [-0.0019  0.0004 -0.0259  0.0182 -0.1212 -0.0558]
INFO:root:twist: [-0.002   0.0004 -0.0259  0.0182 -0.1211 -0.0559]
INFO:root:twist: [-0.002   0.0003 -0.0259  0.0182 -0.1211 -0.0559]
INFO:root:twist: [-0.002   0.0003 -0.0259  0.0182 -0.1211 -0.056 ]
INFO:root:twist: [-0.002   0.0003 -0.026   0.0182 -0.1211 -0.0561]
INFO:root:twist: [-0.002   0.0002 -0.026   0.0182 -0.1211 -0.0561]
INFO:root:twist: [-0.002   0.0002 -0.0259  0.0182 -0.1211 -0.0562]
INFO:root:twist: [-2.00e-03  1.00e-04 -2.59e-02  1.82e-02 -1.21e-01 -5.63e-02]
INFO:root:twist: [-2.10e-03  1.00e-04 -2.59e-02  1.82e-02 -1.21e-01 -5.64e-02]
INFO:root:twist: [-2.10e-03  1.00e-04 -2.60e-02  1.82e-02 -1.21e-01 -5.64e-02]
INFO:root:twist: [-0.0021  0.     -0.026   0.0181 -0.121  -0.0565]
INFO:root:twist: [-0.0021 -0.     -0.026   0.0181 -0.121  -0.0566]
INFO:root:twist: [-2.10e-03 -1.00e-04 -2.60e-02  1.81e-02 -1.21e-01 -5.67e-02]
INFO:root:twist: [-2.100e-03 -1.000e-04 -2.600e-02  1.810e-02 -1.209e-01 -5.680e-02]
INFO:root:twist: [-2.100e-03 -1.000e-04 -2.610e-02  1.810e-02 -1.209e-01 -5.690e-02]
INFO:root:twist: [-0.0022 -0.0002 -0.0261  0.0181 -0.1209 -0.0569]
INFO:root:twist: [-0.0022 -0.0003 -0.0261  0.0181 -0.1209 -0.0571]
INFO:root:twist: [-0.0022 -0.0003 -0.0261  0.018  -0.1208 -0.0572]
INFO:root:twist: [-0.0022 -0.0004 -0.0261  0.018  -0.1208 -0.0573]
INFO:root:twist: [-0.0022 -0.0004 -0.0261  0.018  -0.1208 -0.0573]
INFO:root:twist: [-0.0023 -0.0005 -0.0261  0.018  -0.1208 -0.0574]
INFO:root:twist: [-0.0023 -0.0005 -0.0261  0.018  -0.1208 -0.0576]
INFO:root:twist: [-0.0023 -0.0006 -0.0261  0.0179 -0.1208 -0.0577]
INFO:root:twist: [-0.0023 -0.0007 -0.0261  0.0179 -0.1207 -0.0578]
INFO:root:twist: [-0.0023 -0.0007 -0.0262  0.0179 -0.1207 -0.0579]
INFO:root:twist: [-0.0023 -0.0008 -0.0262  0.0179 -0.1207 -0.058 ]
INFO:root:twist: [-0.0024 -0.0009 -0.0262  0.0179 -0.1207 -0.0582]
INFO:root:twist: [-0.0024 -0.0009 -0.0262  0.0178 -0.1207 -0.0583]
INFO:root:twist: [-0.0024 -0.001  -0.0262  0.0178 -0.1207 -0.0585]
INFO:root:twist: [-0.0024 -0.0011 -0.0262  0.0178 -0.1207 -0.0585]
INFO:root:twist: [-0.0024 -0.0011 -0.0262  0.0178 -0.1206 -0.0586]
INFO:root:twist: [-0.0024 -0.0012 -0.0262  0.0177 -0.1206 -0.0588]
INFO:root:twist: [-0.0024 -0.0013 -0.0262  0.0177 -0.1206 -0.059 ]
INFO:root:twist: [-0.0025 -0.0014 -0.0262  0.0177 -0.1206 -0.0591]
INFO:root:twist: [-0.0025 -0.0014 -0.0263  0.0177 -0.1206 -0.0592]
INFO:root:twist: [-0.0025 -0.0015 -0.0263  0.0176 -0.1206 -0.0593]
INFO:root:twist: [-0.0025 -0.0016 -0.0263  0.0176 -0.1206 -0.0595]
INFO:root:twist: [-0.0025 -0.0017 -0.0263  0.0176 -0.1206 -0.0597]
INFO:root:twist: [-0.0025 -0.0019 -0.0263  0.0175 -0.1207 -0.0599]
INFO:root:twist: [-0.0026 -0.0019 -0.0264  0.0175 -0.1207 -0.06  ]
INFO:root:twist: [-0.0026 -0.002  -0.0264  0.0175 -0.1207 -0.0601]
INFO:root:twist: [-0.0026 -0.0021 -0.0264  0.0174 -0.1207 -0.0603]
INFO:root:twist: [-0.0026 -0.0022 -0.0264  0.0174 -0.1207 -0.0605]
INFO:root:twist: [-0.0026 -0.0023 -0.0264  0.0173 -0.1207 -0.0607]
INFO:root:twist: [-0.0026 -0.0024 -0.0264  0.0173 -0.1207 -0.0608]
INFO:root:twist: [-0.0027 -0.0025 -0.0265  0.0173 -0.1207 -0.0609]
INFO:root:twist: [-0.0027 -0.0026 -0.0264  0.0172 -0.1207 -0.0612]
INFO:root:twist: [-0.0027 -0.0027 -0.0264  0.0172 -0.1207 -0.0613]
INFO:root:twist: [-0.0027 -0.0028 -0.0264  0.0171 -0.1207 -0.0616]
INFO:root:twist: [-0.0027 -0.0029 -0.0265  0.0171 -0.1207 -0.0616]
INFO:root:twist: [-0.0027 -0.003  -0.0265  0.0171 -0.1207 -0.0618]
INFO:root:twist: [-0.0028 -0.0031 -0.0265  0.017  -0.1207 -0.062 ]
INFO:root:twist: [-0.0028 -0.0033 -0.0265  0.017  -0.1208 -0.0622]
INFO:root:twist: [-0.0028 -0.0034 -0.0265  0.0169 -0.1208 -0.0625]
INFO:root:twist: [-0.0028 -0.0034 -0.0266  0.0169 -0.1208 -0.0625]
INFO:root:twist: [-0.0028 -0.0036 -0.0266  0.0168 -0.1208 -0.0628]
INFO:root:twist: [-0.0028 -0.0037 -0.0266  0.0168 -0.1208 -0.063 ]
INFO:root:twist: [-0.0029 -0.0038 -0.0266  0.0167 -0.1208 -0.0632]
INFO:root:twist: [-0.0029 -0.004  -0.0266  0.0167 -0.1208 -0.0634]
INFO:root:twist: [-0.0029 -0.004  -0.0267  0.0166 -0.1208 -0.0635]
INFO:root:twist: [-0.0029 -0.0042 -0.0267  0.0166 -0.1208 -0.0637]
INFO:root:twist: [-0.0029 -0.0043 -0.0267  0.0165 -0.1209 -0.0639]
INFO:root:twist: [-0.003  -0.0045 -0.0267  0.0164 -0.1208 -0.0641]
INFO:root:twist: [-0.003  -0.0046 -0.0267  0.0164 -0.1208 -0.0644]
INFO:root:twist: [-0.003  -0.0047 -0.0267  0.0163 -0.1208 -0.0644]
INFO:root:twist: [-0.003  -0.0048 -0.0267  0.0163 -0.1209 -0.0647]
INFO:root:twist: [-0.003  -0.005  -0.0268  0.0162 -0.1208 -0.0649]
INFO:root:twist: [-0.0031 -0.0051 -0.0267  0.0161 -0.1209 -0.0651]
INFO:root:twist: [-0.0031 -0.0053 -0.0267  0.016  -0.1209 -0.0654]
INFO:root:twist: [-0.0031 -0.0053 -0.0268  0.016  -0.1209 -0.0654]
INFO:root:twist: [-0.0031 -0.0055 -0.0268  0.0159 -0.1209 -0.0657]
INFO:root:twist: [-0.0032 -0.0056 -0.0268  0.0159 -0.1209 -0.0659]
INFO:root:twist: [-0.0032 -0.0058 -0.0268  0.0158 -0.1209 -0.0661]
INFO:root:twist: [-0.0032 -0.006  -0.0268  0.0157 -0.1209 -0.0664]
INFO:root:twist: [-0.0032 -0.006  -0.0269  0.0157 -0.1209 -0.0665]
INFO:root:twist: [-0.0032 -0.0062 -0.0269  0.0156 -0.121  -0.0667]
INFO:root:twist: [-0.0033 -0.0063 -0.0269  0.0155 -0.121  -0.0669]
INFO:root:twist: [-0.0033 -0.0065 -0.0269  0.0154 -0.121  -0.0672]
INFO:root:twist: [-0.0033 -0.0067 -0.0269  0.0154 -0.121  -0.0674]
INFO:root:twist: [-0.0033 -0.0067 -0.0269  0.0153 -0.121  -0.0675]
INFO:root:twist: [-0.0033 -0.0069 -0.027   0.0152 -0.121  -0.0678]
INFO:root:twist: [-0.0034 -0.0071 -0.027   0.0152 -0.121  -0.068 ]
INFO:root:twist: [-0.0034 -0.0073 -0.0269  0.0151 -0.121  -0.0682]
INFO:root:twist: [-0.0034 -0.0074 -0.0269  0.015  -0.1211 -0.0685]
INFO:root:twist: [-0.0034 -0.0075 -0.027   0.015  -0.1211 -0.0686]
INFO:root:twist: [-0.0034 -0.0076 -0.027   0.0149 -0.1211 -0.0688]
INFO:root:twist: [-0.0035 -0.0079 -0.027   0.0148 -0.1211 -0.0691]
INFO:root:twist: [-0.0035 -0.008  -0.027   0.0147 -0.1212 -0.0693]
INFO:root:twist: [-0.0035 -0.0082 -0.027   0.0146 -0.1212 -0.0696]
INFO:root:twist: [-0.0035 -0.0083 -0.027   0.0146 -0.1212 -0.0697]
INFO:root:twist: [-0.0035 -0.0084 -0.027   0.0145 -0.1212 -0.0699]
INFO:root:twist: [-0.0036 -0.0086 -0.027   0.0144 -0.1212 -0.0702]
INFO:root:twist: [-0.0036 -0.0088 -0.027   0.0143 -0.1213 -0.0704]
INFO:root:twist: [-0.0036 -0.009  -0.027   0.0142 -0.1213 -0.0707]
INFO:root:twist: [-0.0036 -0.0091 -0.0271  0.0141 -0.1213 -0.0707]
INFO:root:twist: [-0.0036 -0.0093 -0.0271  0.014  -0.1214 -0.071 ]
INFO:root:twist: [-0.0037 -0.0095 -0.027   0.0139 -0.1214 -0.0713]
INFO:root:twist: [-0.0037 -0.0096 -0.027   0.0138 -0.1214 -0.0715]
INFO:root:twist: [-0.0037 -0.0098 -0.027   0.0137 -0.1215 -0.0718]
INFO:root:twist: [-0.0037 -0.0099 -0.0271  0.0137 -0.1215 -0.0718]
INFO:root:twist: [-0.0037 -0.01   -0.0271  0.0136 -0.1215 -0.0721]
INFO:root:twist: [-0.0037 -0.0103 -0.0271  0.0135 -0.1216 -0.0724]
INFO:root:twist: [-0.0038 -0.0105 -0.0271  0.0134 -0.1216 -0.0726]
INFO:root:twist: [-0.0038 -0.0107 -0.0271  0.0133 -0.1216 -0.0729]
INFO:root:twist: [-0.0038 -0.0107 -0.0271  0.0132 -0.1216 -0.0729]
INFO:root:twist: [-0.0038 -0.0109 -0.0271  0.0132 -0.1217 -0.0732]
INFO:root:twist: [-0.0038 -0.0111 -0.0271  0.013  -0.1217 -0.0735]
INFO:root:twist: [-0.0038 -0.0113 -0.0271  0.0129 -0.1217 -0.0737]
INFO:root:twist: [-0.0039 -0.0115 -0.0271  0.0128 -0.1218 -0.074 ]
INFO:root:twist: [-0.0039 -0.0116 -0.0272  0.0128 -0.1218 -0.074 ]
INFO:root:twist: [-0.0039 -0.0118 -0.0272  0.0127 -0.1218 -0.0743]
INFO:root:twist: [-0.0039 -0.012  -0.0272  0.0125 -0.1218 -0.0746]
INFO:root:twist: [-0.0039 -0.0122 -0.0272  0.0124 -0.1219 -0.0748]
INFO:root:twist: [-0.004  -0.0124 -0.0272  0.0123 -0.1219 -0.0751]
INFO:root:twist: [-0.004  -0.0124 -0.0272  0.0123 -0.1219 -0.0751]
INFO:root:twist: [-0.004  -0.0126 -0.0273  0.0122 -0.1219 -0.0754]
INFO:root:twist: [-0.004  -0.0128 -0.0273  0.012  -0.1219 -0.0756]
INFO:root:twist: [-0.004  -0.013  -0.0273  0.0119 -0.1219 -0.0759]
INFO:root:twist: [-0.0041 -0.0133 -0.0273  0.0118 -0.122  -0.0761]
INFO:root:twist: [-0.0041 -0.0133 -0.0273  0.0117 -0.122  -0.0762]
INFO:root:twist: [-0.0041 -0.0135 -0.0274  0.0116 -0.122  -0.0764]
INFO:root:twist: [-0.0041 -0.0137 -0.0273  0.0115 -0.122  -0.0767]
INFO:root:twist: [-0.0041 -0.0139 -0.0273  0.0113 -0.122  -0.0769]
INFO:root:twist: [-0.0042 -0.0141 -0.0274  0.0112 -0.122  -0.0772]
INFO:root:twist: [-0.0042 -0.0142 -0.0274  0.0112 -0.122  -0.0773]
INFO:root:twist: [-0.0042 -0.0143 -0.0274  0.0111 -0.122  -0.0775]
INFO:root:twist: [-0.0042 -0.0146 -0.0274  0.0109 -0.122  -0.0777]
INFO:root:twist: [-0.0043 -0.0148 -0.0275  0.0108 -0.122  -0.078 ]
INFO:root:twist: [-0.0043 -0.015  -0.0275  0.0106 -0.122  -0.0782]
INFO:root:twist: [-0.0043 -0.015  -0.0275  0.0106 -0.122  -0.0783]
INFO:root:twist: [-0.0043 -0.0152 -0.0275  0.0105 -0.1221 -0.0785]
INFO:root:twist: [-0.0043 -0.0155 -0.0275  0.0103 -0.122  -0.0787]
INFO:root:twist: [-0.0044 -0.0157 -0.0276  0.0102 -0.1221 -0.079 ]
INFO:root:twist: [-0.0044 -0.0159 -0.0276  0.01   -0.122  -0.0792]
INFO:root:twist: [-0.0044 -0.0159 -0.0276  0.01   -0.122  -0.0792]
INFO:root:twist: [-0.0044 -0.0161 -0.0277  0.0099 -0.1221 -0.0794]
INFO:root:twist: [-0.0045 -0.0163 -0.0276  0.0097 -0.1221 -0.0797]
INFO:root:twist: [-0.0045 -0.0165 -0.0277  0.0096 -0.1221 -0.0799]
INFO:root:twist: [-0.0045 -0.0167 -0.0277  0.0094 -0.1221 -0.0801]
INFO:root:twist: [-0.0045 -0.0168 -0.0277  0.0094 -0.1221 -0.0801]
INFO:root:twist: [-0.0045 -0.017  -0.0278  0.0092 -0.1221 -0.0803]
INFO:root:twist: [-0.0046 -0.0172 -0.0278  0.0091 -0.1221 -0.0806]
INFO:root:twist: [-0.0046 -0.0174 -0.0278  0.009  -0.1221 -0.0807]
INFO:root:twist: [-0.0046 -0.0176 -0.0278  0.0088 -0.1221 -0.081 ]
INFO:root:twist: [-0.0046 -0.0176 -0.0279  0.0088 -0.1221 -0.081 ]
INFO:root:twist: [-0.0047 -0.0178 -0.0279  0.0086 -0.1221 -0.0812]
INFO:root:twist: [-0.0047 -0.018  -0.0279  0.0085 -0.1221 -0.0814]
INFO:root:twist: [-0.0047 -0.0182 -0.0279  0.0084 -0.1221 -0.0816]
INFO:root:twist: [-0.0047 -0.0184 -0.0279  0.0082 -0.1222 -0.0819]
INFO:root:twist: [-0.0047 -0.0185 -0.028   0.0082 -0.1222 -0.082 ]
INFO:root:twist: [-0.0048 -0.0187 -0.028   0.008  -0.1222 -0.0822]
INFO:root:twist: [-0.0048 -0.0189 -0.028   0.0079 -0.1222 -0.0824]
INFO:root:twist: [-0.0048 -0.0191 -0.028   0.0078 -0.1222 -0.0826]
INFO:root:twist: [-0.0048 -0.0193 -0.028   0.0076 -0.1222 -0.0828]
INFO:root:twist: [-0.0048 -0.0194 -0.0281  0.0076 -0.1222 -0.0829]
INFO:root:twist: [-0.0049 -0.0196 -0.0281  0.0074 -0.1222 -0.0831]
INFO:root:twist: [-0.0049 -0.0198 -0.0281  0.0073 -0.1222 -0.0834]
INFO:root:twist: [-0.0049 -0.02   -0.0281  0.0072 -0.1222 -0.0836]
INFO:root:twist: [-0.0049 -0.0202 -0.0282  0.007  -0.1222 -0.0838]
INFO:root:twist: [-0.005  -0.0203 -0.0282  0.007  -0.1222 -0.0839]
INFO:root:twist: [-0.005  -0.0204 -0.0283  0.0069 -0.1222 -0.0841]
INFO:root:twist: [-0.005  -0.0207 -0.0283  0.0067 -0.1222 -0.0843]
INFO:root:twist: [-0.005  -0.0209 -0.0283  0.0066 -0.1222 -0.0846]
INFO:root:twist: [-0.005  -0.0211 -0.0283  0.0064 -0.1222 -0.0848]
INFO:root:twist: [-0.0051 -0.0212 -0.0284  0.0064 -0.1222 -0.0849]
INFO:root:twist: [-0.0051 -0.0213 -0.0284  0.0063 -0.1222 -0.0851]
INFO:root:twist: [-0.0051 -0.0216 -0.0284  0.0061 -0.1222 -0.0854]
INFO:root:twist: [-0.0051 -0.0218 -0.0284  0.006  -0.1222 -0.0856]
INFO:root:twist: [-0.0052 -0.022  -0.0284  0.0058 -0.1222 -0.0859]
INFO:root:twist: [-0.0052 -0.022  -0.0285  0.0058 -0.1222 -0.0859]
INFO:root:twist: [-0.0052 -0.0222 -0.0285  0.0057 -0.1222 -0.0861]
INFO:root:twist: [-0.0052 -0.0225 -0.0285  0.0055 -0.1222 -0.0864]
INFO:root:twist: [-0.0052 -0.0227 -0.0285  0.0054 -0.1222 -0.0867]
INFO:root:twist: [-0.0053 -0.0229 -0.0285  0.0052 -0.1222 -0.0869]
INFO:root:twist: [-0.0053 -0.0229 -0.0286  0.0052 -0.1222 -0.087 ]
INFO:root:twist: [-0.0053 -0.0231 -0.0286  0.0051 -0.1222 -0.0872]
INFO:root:twist: [-0.0053 -0.0233 -0.0286  0.0049 -0.1221 -0.0874]
INFO:root:twist: [-0.0053 -0.0235 -0.0286  0.0048 -0.1221 -0.0877]
INFO:root:twist: [-0.0054 -0.0238 -0.0286  0.0046 -0.1221 -0.0879]
INFO:root:twist: [-0.0054 -0.0238 -0.0287  0.0046 -0.1221 -0.088 ]
INFO:root:twist: [-0.0054 -0.024  -0.0287  0.0044 -0.1221 -0.0882]
INFO:root:twist: [-0.0054 -0.0242 -0.0287  0.0043 -0.1221 -0.0885]
INFO:root:twist: [-0.0055 -0.0244 -0.0288  0.0042 -0.122  -0.0887]
INFO:root:twist: [-0.0055 -0.0246 -0.0288  0.004  -0.122  -0.0889]
INFO:root:twist: [-0.0055 -0.0247 -0.0289  0.004  -0.122  -0.089 ]
INFO:root:twist: [-0.0055 -0.0248 -0.0289  0.0038 -0.122  -0.0891]
INFO:root:twist: [-0.0055 -0.0251 -0.0289  0.0037 -0.122  -0.0894]
INFO:root:twist: [-0.0056 -0.0253 -0.0289  0.0035 -0.122  -0.0896]
INFO:root:twist: [-0.0056 -0.0255 -0.0289  0.0034 -0.122  -0.0898]
INFO:root:twist: [-0.0056 -0.0255 -0.029   0.0033 -0.122  -0.0899]
INFO:root:twist: [-0.0056 -0.0257 -0.029   0.0032 -0.122  -0.09  ]
INFO:root:twist: [-0.0056 -0.0259 -0.029   0.0031 -0.122  -0.0903]
INFO:root:twist: [-0.0057 -0.0261 -0.029   0.0029 -0.122  -0.0905]
INFO:root:twist: [-0.0057 -0.0263 -0.029   0.0028 -0.122  -0.0906]
INFO:root:twist: [-0.0057 -0.0263 -0.0291  0.0027 -0.122  -0.0907]
INFO:root:twist: [-0.0057 -0.0265 -0.0291  0.0026 -0.122  -0.0908]
INFO:root:twist: [-0.0057 -0.0267 -0.0291  0.0024 -0.1219 -0.091 ]
INFO:root:twist: [-0.0057 -0.0268 -0.0291  0.0023 -0.1219 -0.0912]
INFO:root:twist: [-0.0058 -0.027  -0.0291  0.0021 -0.1219 -0.0914]
INFO:root:twist: [-0.0058 -0.0271 -0.0291  0.0021 -0.1219 -0.0914]
INFO:root:twist: [-0.0058 -0.0272 -0.0292  0.002  -0.1219 -0.0916]
INFO:root:twist: [-0.0058 -0.0274 -0.0291  0.0018 -0.1219 -0.0918]
INFO:root:twist: [-0.0058 -0.0276 -0.0292  0.0017 -0.1219 -0.0919]
INFO:root:twist: [-0.0058 -0.0278 -0.0291  0.0015 -0.1219 -0.0921]
INFO:root:twist: [-0.0059 -0.0278 -0.0292  0.0015 -0.1219 -0.0921]
INFO:root:twist: [-0.0059 -0.028  -0.0292  0.0013 -0.1219 -0.0923]
INFO:root:twist: [-0.0059 -0.0282 -0.0292  0.0012 -0.1219 -0.0924]
INFO:root:twist: [-0.0059 -0.0283 -0.0292  0.001  -0.1219 -0.0925]
INFO:root:twist: [-0.0059 -0.0285 -0.0292  0.0009 -0.1219 -0.0927]
INFO:root:twist: [-0.0059 -0.0285 -0.0293  0.0008 -0.1219 -0.0927]
INFO:root:twist: [-0.0059 -0.0287 -0.0293  0.0007 -0.1219 -0.0929]
INFO:root:twist: [-0.0059 -0.0289 -0.0293  0.0005 -0.1218 -0.093 ]
INFO:root:twist: [-0.0059 -0.029  -0.0293  0.0004 -0.1218 -0.0931]
INFO:root:twist: [-0.006  -0.0292 -0.0293  0.0002 -0.1218 -0.0932]
INFO:root:twist: [-0.006  -0.0292 -0.0293  0.0002 -0.1218 -0.0932]
INFO:root:twist: [-0.006  -0.0294 -0.0293  0.     -0.1218 -0.0934]
INFO:root:twist: [-6.000e-03 -2.960e-02 -2.930e-02 -1.000e-04 -1.218e-01 -9.350e-02]
INFO:root:twist: [-0.006  -0.0297 -0.0294 -0.0003 -0.1217 -0.0936]
INFO:root:twist: [-0.006  -0.0299 -0.0294 -0.0004 -0.1217 -0.0937]
INFO:root:twist: [-0.006  -0.0299 -0.0294 -0.0005 -0.1217 -0.0937]
INFO:root:twist: [-0.006  -0.0301 -0.0294 -0.0006 -0.1217 -0.0938]
INFO:root:twist: [-0.006  -0.0303 -0.0294 -0.0008 -0.1216 -0.094 ]
INFO:root:twist: [-0.0061 -0.0304 -0.0294 -0.0009 -0.1216 -0.0941]
INFO:root:twist: [-0.0061 -0.0306 -0.0294 -0.0011 -0.1216 -0.0942]
INFO:root:twist: [-0.0061 -0.0306 -0.0295 -0.0012 -0.1216 -0.0942]
INFO:root:twist: [-0.0061 -0.0308 -0.0295 -0.0013 -0.1216 -0.0943]
INFO:root:twist: [-0.0061 -0.031  -0.0295 -0.0015 -0.1215 -0.0944]
INFO:root:twist: [-0.0061 -0.0311 -0.0295 -0.0016 -0.1215 -0.0945]
INFO:root:twist: [-0.0061 -0.0313 -0.0295 -0.0018 -0.1215 -0.0946]
INFO:root:twist: [-0.0061 -0.0313 -0.0296 -0.0018 -0.1215 -0.0947]
INFO:root:twist: [-0.0061 -0.0315 -0.0296 -0.002  -0.1215 -0.0948]
INFO:root:twist: [-0.0062 -0.0316 -0.0296 -0.0021 -0.1214 -0.0949]
INFO:root:twist: [-0.0062 -0.0318 -0.0296 -0.0023 -0.1214 -0.095 ]
INFO:root:twist: [-0.0062 -0.032  -0.0296 -0.0024 -0.1214 -0.0951]
INFO:root:twist: [-0.0062 -0.032  -0.0296 -0.0025 -0.1214 -0.0951]
INFO:root:twist: [-0.0062 -0.0321 -0.0297 -0.0026 -0.1214 -0.0952]
INFO:root:twist: [-0.0062 -0.0323 -0.0296 -0.0028 -0.1213 -0.0953]
INFO:root:twist: [-0.0062 -0.0325 -0.0296 -0.0029 -0.1213 -0.0955]
INFO:root:twist: [-0.0062 -0.0326 -0.0296 -0.0031 -0.1213 -0.0956]
INFO:root:twist: [-0.0063 -0.0327 -0.0297 -0.0031 -0.1212 -0.0956]
INFO:root:twist: [-0.0063 -0.0328 -0.0297 -0.0032 -0.1212 -0.0957]
INFO:root:twist: [-0.0063 -0.033  -0.0297 -0.0034 -0.1212 -0.0958]
INFO:root:twist: [-0.0063 -0.0331 -0.0297 -0.0035 -0.1212 -0.0959]
INFO:root:twist: [-0.0063 -0.0333 -0.0297 -0.0037 -0.1212 -0.0961]
INFO:root:twist: [-0.0063 -0.0333 -0.0298 -0.0037 -0.1212 -0.0961]
INFO:root:twist: [-0.0063 -0.0334 -0.0298 -0.0038 -0.1211 -0.0962]
INFO:root:twist: [-0.0063 -0.0336 -0.0298 -0.004  -0.1211 -0.0963]
INFO:root:twist: [-0.0064 -0.0337 -0.0298 -0.0041 -0.1211 -0.0964]
INFO:root:twist: [-0.0064 -0.0339 -0.0298 -0.0042 -0.1211 -0.0966]
INFO:root:twist: [-0.0064 -0.0339 -0.0298 -0.0043 -0.1211 -0.0966]
INFO:root:twist: [-0.0064 -0.0341 -0.0299 -0.0044 -0.1211 -0.0967]
INFO:root:twist: [-0.0064 -0.0342 -0.0298 -0.0045 -0.1211 -0.0968]
INFO:root:twist: [-0.0064 -0.0344 -0.0298 -0.0046 -0.1211 -0.097 ]
INFO:root:twist: [-0.0064 -0.0345 -0.0298 -0.0048 -0.1211 -0.0971]
INFO:root:twist: [-0.0064 -0.0346 -0.0299 -0.0048 -0.1211 -0.0971]
INFO:root:twist: [-0.0064 -0.0347 -0.0299 -0.0049 -0.1211 -0.0972]
INFO:root:twist: [-0.0064 -0.0348 -0.0299 -0.0051 -0.1211 -0.0973]
INFO:root:twist: [-0.0064 -0.035  -0.0299 -0.0052 -0.1211 -0.0975]
INFO:root:twist: [-0.0064 -0.0351 -0.0299 -0.0053 -0.1212 -0.0976]
INFO:root:twist: [-0.0064 -0.0352 -0.0299 -0.0053 -0.1212 -0.0976]
INFO:root:twist: [-0.0065 -0.0353 -0.03   -0.0054 -0.1212 -0.0977]
INFO:root:twist: [-0.0065 -0.0354 -0.0299 -0.0056 -0.1212 -0.0979]
INFO:root:twist: [-0.0065 -0.0356 -0.0299 -0.0057 -0.1212 -0.098 ]
INFO:root:twist: [-0.0065 -0.0357 -0.0299 -0.0058 -0.1212 -0.0981]
INFO:root:twist: [-0.0065 -0.0357 -0.03   -0.0059 -0.1212 -0.0981]
INFO:root:twist: [-0.0065 -0.0359 -0.03   -0.006  -0.1213 -0.0982]
INFO:root:twist: [-0.0065 -0.036  -0.03   -0.0061 -0.1213 -0.0983]
INFO:root:twist: [-0.0065 -0.0361 -0.03   -0.0062 -0.1213 -0.0984]
INFO:root:twist: [-0.0065 -0.0363 -0.0299 -0.0063 -0.1213 -0.0985]
INFO:root:twist: [-0.0065 -0.0363 -0.03   -0.0064 -0.1213 -0.0985]
INFO:root:twist: [-0.0065 -0.0364 -0.03   -0.0065 -0.1214 -0.0986]
INFO:root:twist: [-0.0065 -0.0366 -0.03   -0.0066 -0.1214 -0.0987]
INFO:root:twist: [-0.0065 -0.0367 -0.03   -0.0067 -0.1214 -0.0988]
INFO:root:twist: [-0.0065 -0.0368 -0.03   -0.0069 -0.1215 -0.0989]
INFO:root:twist: [-0.0065 -0.0369 -0.03   -0.0069 -0.1215 -0.0989]
INFO:root:twist: [-0.0065 -0.037  -0.0301 -0.007  -0.1215 -0.099 ]
INFO:root:twist: [-0.0065 -0.0371 -0.03   -0.0072 -0.1215 -0.0991]
INFO:root:twist: [-0.0065 -0.0372 -0.03   -0.0073 -0.1215 -0.0991]
INFO:root:twist: [-0.0065 -0.0374 -0.03   -0.0074 -0.1216 -0.0992]
INFO:root:twist: [-0.0065 -0.0374 -0.0301 -0.0075 -0.1216 -0.0992]
INFO:root:twist: [-0.0065 -0.0375 -0.0301 -0.0076 -0.1216 -0.0993]
INFO:root:twist: [-0.0065 -0.0376 -0.0301 -0.0077 -0.1216 -0.0994]
INFO:root:twist: [-0.0065 -0.0378 -0.03   -0.0079 -0.1216 -0.0994]
INFO:root:twist: [-0.0065 -0.0379 -0.03   -0.008  -0.1217 -0.0995]
INFO:root:twist: [-0.0065 -0.0379 -0.0301 -0.0081 -0.1217 -0.0995]
INFO:root:twist: [-0.0065 -0.038  -0.0301 -0.0082 -0.1218 -0.0995]
INFO:root:twist: [-0.0065 -0.0381 -0.03   -0.0083 -0.1218 -0.0995]
INFO:root:twist: [-0.0065 -0.0383 -0.03   -0.0085 -0.1218 -0.0996]
INFO:root:twist: [-0.0065 -0.0384 -0.03   -0.0086 -0.1218 -0.0996]
INFO:root:twist: [-0.0065 -0.0384 -0.0301 -0.0087 -0.1218 -0.0997]
INFO:root:twist: [-0.0065 -0.0385 -0.0301 -0.0088 -0.1219 -0.0997]
INFO:root:twist: [-0.0065 -0.0386 -0.03   -0.009  -0.1219 -0.0997]
INFO:root:twist: [-0.0065 -0.0387 -0.03   -0.0091 -0.122  -0.0998]
INFO:root:twist: [-0.0065 -0.0389 -0.03   -0.0093 -0.122  -0.0998]
INFO:root:twist: [-0.0065 -0.0389 -0.0301 -0.0093 -0.122  -0.0998]
INFO:root:twist: [-0.0065 -0.039  -0.0301 -0.0094 -0.122  -0.0998]
INFO:root:twist: [-0.0065 -0.0391 -0.03   -0.0096 -0.1221 -0.0998]
INFO:root:twist: [-0.0065 -0.0392 -0.03   -0.0098 -0.1221 -0.0998]
INFO:root:twist: [-0.0065 -0.0393 -0.03   -0.0099 -0.1222 -0.0998]
INFO:root:twist: [-0.0065 -0.0393 -0.03   -0.01   -0.1222 -0.0998]
INFO:root:twist: [-0.0065 -0.0394 -0.03   -0.0101 -0.1223 -0.0998]
INFO:root:twist: [-0.0065 -0.0396 -0.03   -0.0103 -0.1223 -0.0998]
INFO:root:twist: [-0.0065 -0.0396 -0.03   -0.0104 -0.1223 -0.0998]
INFO:root:twist: [-0.0064 -0.0398 -0.0299 -0.0106 -0.1224 -0.0997]
INFO:root:twist: [-0.0064 -0.0398 -0.03   -0.0106 -0.1224 -0.0997]
INFO:root:twist: [-0.0064 -0.0399 -0.03   -0.0108 -0.1224 -0.0997]
INFO:root:twist: [-0.0064 -0.04   -0.03   -0.0109 -0.1225 -0.0997]
INFO:root:twist: [-0.0064 -0.0401 -0.0299 -0.0111 -0.1225 -0.0997]
INFO:root:twist: [-0.0064 -0.0402 -0.0299 -0.0113 -0.1226 -0.0996]
INFO:root:twist: [-0.0064 -0.0402 -0.0299 -0.0113 -0.1226 -0.0996]
INFO:root:twist: [-0.0064 -0.0403 -0.0299 -0.0115 -0.1227 -0.0996]
INFO:root:twist: [-0.0064 -0.0404 -0.0299 -0.0116 -0.1227 -0.0995]
INFO:root:twist: [-0.0064 -0.0405 -0.0299 -0.0118 -0.1227 -0.0995]
INFO:root:twist: [-0.0064 -0.0405 -0.0298 -0.0119 -0.1228 -0.0995]
INFO:root:twist: [-0.0064 -0.0406 -0.0299 -0.012  -0.1228 -0.0995]
INFO:root:twist: [-0.0064 -0.0406 -0.0299 -0.0121 -0.1228 -0.0995]
INFO:root:twist: [-0.0064 -0.0407 -0.0298 -0.0123 -0.1229 -0.0994]
INFO:root:twist: [-0.0063 -0.0408 -0.0298 -0.0124 -0.123  -0.0994]
INFO:root:twist: [-0.0063 -0.0409 -0.0297 -0.0126 -0.123  -0.0993]
INFO:root:twist: [-0.0063 -0.0409 -0.0298 -0.0126 -0.1231 -0.0993]
INFO:root:twist: [-0.0063 -0.041  -0.0298 -0.0127 -0.1231 -0.0993]
INFO:root:twist: [-0.0063 -0.0411 -0.0297 -0.0129 -0.1232 -0.0992]
INFO:root:twist: [-0.0063 -0.0412 -0.0297 -0.013  -0.1232 -0.0992]
INFO:root:twist: [-0.0063 -0.0413 -0.0296 -0.0132 -0.1233 -0.0991]
INFO:root:twist: [-0.0063 -0.0413 -0.0297 -0.0132 -0.1233 -0.0991]
INFO:root:twist: [-0.0063 -0.0413 -0.0297 -0.0133 -0.1234 -0.0991]
INFO:root:twist: [-0.0063 -0.0414 -0.0296 -0.0135 -0.1234 -0.099 ]
INFO:root:twist: [-0.0062 -0.0415 -0.0296 -0.0136 -0.1235 -0.099 ]
INFO:root:twist: [-0.0062 -0.0416 -0.0295 -0.0137 -0.1236 -0.099 ]
INFO:root:twist: [-0.0062 -0.0416 -0.0296 -0.0138 -0.1236 -0.0989]
INFO:root:twist: [-0.0062 -0.0416 -0.0296 -0.0139 -0.1236 -0.0989]
INFO:root:twist: [-0.0062 -0.0417 -0.0295 -0.014  -0.1237 -0.0988]
INFO:root:twist: [-0.0062 -0.0418 -0.0295 -0.0141 -0.1237 -0.0988]
INFO:root:twist: [-0.0062 -0.0418 -0.0295 -0.0142 -0.1238 -0.0987]
INFO:root:twist: [-0.0062 -0.0419 -0.0295 -0.0143 -0.1238 -0.0987]
INFO:root:twist: [-0.0062 -0.0419 -0.0295 -0.0144 -0.1239 -0.0987]
INFO:root:twist: [-0.0061 -0.042  -0.0295 -0.0145 -0.1239 -0.0986]
INFO:root:twist: [-0.0061 -0.042  -0.0294 -0.0146 -0.124  -0.0986]
INFO:root:twist: [-0.0061 -0.0421 -0.0294 -0.0147 -0.124  -0.0985]
INFO:root:twist: [-0.0061 -0.0421 -0.0294 -0.0147 -0.1241 -0.0985]
INFO:root:twist: [-0.0061 -0.0421 -0.0294 -0.0148 -0.1241 -0.0984]
INFO:root:twist: [-0.0061 -0.0422 -0.0294 -0.0149 -0.1241 -0.0984]
INFO:root:twist: [-0.0061 -0.0423 -0.0294 -0.015  -0.1242 -0.0983]
INFO:root:twist: [-0.0061 -0.0423 -0.0293 -0.0151 -0.1242 -0.0983]
INFO:root:twist: [-0.0061 -0.0423 -0.0294 -0.0152 -0.1243 -0.0983]
INFO:root:twist: [-0.0061 -0.0423 -0.0294 -0.0153 -0.1243 -0.0982]
INFO:root:twist: [-0.0061 -0.0424 -0.0293 -0.0154 -0.1244 -0.0981]
INFO:root:twist: [-0.0061 -0.0424 -0.0293 -0.0155 -0.1244 -0.0981]
INFO:root:twist: [-0.0061 -0.0425 -0.0292 -0.0155 -0.1245 -0.098 ]
INFO:root:twist: [-0.0061 -0.0425 -0.0293 -0.0156 -0.1245 -0.098 ]
INFO:root:twist: [-0.006  -0.0425 -0.0293 -0.0157 -0.1245 -0.0979]
INFO:root:twist: [-0.006  -0.0426 -0.0292 -0.0158 -0.1246 -0.0978]
INFO:root:twist: [-0.006  -0.0426 -0.0292 -0.0158 -0.1246 -0.0978]
INFO:root:twist: [-0.006  -0.0426 -0.0292 -0.0159 -0.1247 -0.0977]
INFO:root:twist: [-0.006  -0.0426 -0.0292 -0.0159 -0.1247 -0.0977]
INFO:root:twist: [-0.006  -0.0426 -0.0292 -0.016  -0.1248 -0.0976]
INFO:root:twist: [-0.006  -0.0427 -0.0292 -0.0161 -0.1248 -0.0975]
INFO:root:twist: [-0.006  -0.0427 -0.0291 -0.0162 -0.1249 -0.0974]
INFO:root:twist: [-0.006  -0.0427 -0.0291 -0.0162 -0.1249 -0.0973]
INFO:root:twist: [-0.006  -0.0427 -0.0291 -0.0163 -0.1249 -0.0973]
INFO:root:twist: [-0.006  -0.0427 -0.0291 -0.0163 -0.125  -0.0972]
INFO:root:twist: [-0.0059 -0.0428 -0.0291 -0.0164 -0.1251 -0.0971]
INFO:root:twist: [-0.0059 -0.0428 -0.029  -0.0165 -0.1251 -0.097 ]
INFO:root:twist: [-0.0059 -0.0428 -0.029  -0.0166 -0.1252 -0.0969]
INFO:root:twist: [-0.0059 -0.0428 -0.0291 -0.0166 -0.1252 -0.0969]
INFO:root:twist: [-0.0059 -0.0428 -0.0291 -0.0166 -0.1252 -0.0968]
INFO:root:twist: [-0.0059 -0.0428 -0.029  -0.0167 -0.1253 -0.0967]
INFO:root:twist: [-0.0059 -0.0428 -0.029  -0.0168 -0.1253 -0.0966]
INFO:root:twist: [-0.0059 -0.0428 -0.0289 -0.0169 -0.1253 -0.0965]
INFO:root:twist: [-0.0059 -0.0428 -0.029  -0.0169 -0.1254 -0.0964]
INFO:root:twist: [-0.0059 -0.0428 -0.029  -0.0169 -0.1254 -0.0963]
INFO:root:twist: [-0.0059 -0.0428 -0.0289 -0.017  -0.1254 -0.0962]
INFO:root:twist: [-0.0058 -0.0428 -0.0289 -0.0171 -0.1255 -0.0961]
INFO:root:twist: [-0.0058 -0.0428 -0.0288 -0.0171 -0.1255 -0.0959]
INFO:root:twist: [-0.0058 -0.0428 -0.0289 -0.0172 -0.1255 -0.0959]
INFO:root:twist: [-0.0058 -0.0428 -0.0289 -0.0172 -0.1256 -0.0958]
INFO:root:twist: [-0.0058 -0.0428 -0.0289 -0.0173 -0.1256 -0.0957]
INFO:root:twist: [-0.0058 -0.0428 -0.0288 -0.0174 -0.1256 -0.0955]
INFO:root:twist: [-0.0058 -0.0428 -0.0288 -0.0174 -0.1256 -0.0954]
INFO:root:twist: [-0.0058 -0.0428 -0.0288 -0.0174 -0.1257 -0.0953]
INFO:root:twist: [-0.0058 -0.0428 -0.0288 -0.0175 -0.1257 -0.0952]
INFO:root:twist: [-0.0058 -0.0428 -0.0288 -0.0176 -0.1257 -0.095 ]
INFO:root:twist: [-0.0058 -0.0427 -0.0287 -0.0176 -0.1257 -0.0949]
INFO:root:twist: [-0.0057 -0.0427 -0.0287 -0.0177 -0.1258 -0.0947]
INFO:root:twist: [-0.0057 -0.0427 -0.0287 -0.0177 -0.1258 -0.0947]
INFO:root:twist: [-0.0057 -0.0427 -0.0287 -0.0178 -0.1258 -0.0945]
INFO:root:twist: [-0.0057 -0.0427 -0.0287 -0.0179 -0.1258 -0.0944]
INFO:root:twist: [-0.0057 -0.0427 -0.0286 -0.0179 -0.1259 -0.0942]
INFO:root:twist: [-0.0057 -0.0426 -0.0286 -0.018  -0.1259 -0.0941]
INFO:root:twist: [-0.0057 -0.0426 -0.0286 -0.018  -0.1259 -0.094 ]
INFO:root:twist: [-0.0057 -0.0426 -0.0286 -0.0181 -0.1259 -0.0939]
INFO:root:twist: [-0.0057 -0.0426 -0.0286 -0.0181 -0.1259 -0.0937]
INFO:root:twist: [-0.0057 -0.0425 -0.0286 -0.0182 -0.126  -0.0936]
INFO:root:twist: [-0.0057 -0.0425 -0.0285 -0.0182 -0.126  -0.0934]
INFO:root:twist: [-0.0057 -0.0425 -0.0286 -0.0183 -0.126  -0.0933]
INFO:root:twist: [-0.0057 -0.0425 -0.0285 -0.0183 -0.126  -0.0932]
INFO:root:twist: [-0.0057 -0.0424 -0.0285 -0.0184 -0.126  -0.093 ]
INFO:root:twist: [-0.0057 -0.0424 -0.0285 -0.0184 -0.126  -0.0929]
INFO:root:twist: [-0.0056 -0.0424 -0.0284 -0.0185 -0.126  -0.0927]
INFO:root:twist: [-0.0057 -0.0424 -0.0285 -0.0185 -0.126  -0.0927]
INFO:root:twist: [-0.0056 -0.0423 -0.0285 -0.0185 -0.126  -0.0925]
INFO:root:twist: [-0.0056 -0.0423 -0.0284 -0.0186 -0.1261 -0.0923]
INFO:root:twist: [-0.0056 -0.0422 -0.0284 -0.0186 -0.1261 -0.0922]
INFO:root:twist: [-0.0056 -0.0422 -0.0283 -0.0186 -0.1261 -0.092 ]
INFO:root:twist: [-0.0056 -0.0422 -0.0284 -0.0187 -0.1261 -0.092 ]
INFO:root:twist: [-0.0056 -0.0421 -0.0283 -0.0187 -0.1261 -0.0918]
INFO:root:twist: [-0.0056 -0.0421 -0.0283 -0.0187 -0.1261 -0.0917]
INFO:root:twist: [-0.0056 -0.042  -0.0283 -0.0187 -0.1261 -0.0915]
INFO:root:twist: [-0.0056 -0.042  -0.0282 -0.0188 -0.1261 -0.0913]
INFO:root:twist: [-0.0056 -0.042  -0.0283 -0.0188 -0.1261 -0.0913]
INFO:root:twist: [-0.0056 -0.0419 -0.0282 -0.0188 -0.1262 -0.0911]
INFO:root:twist: [-0.0056 -0.0419 -0.0282 -0.0188 -0.1262 -0.091 ]
INFO:root:twist: [-0.0055 -0.0418 -0.0281 -0.0188 -0.1262 -0.0908]
INFO:root:twist: [-0.0055 -0.0418 -0.0281 -0.0188 -0.1263 -0.0906]
INFO:root:twist: [-0.0055 -0.0417 -0.0281 -0.0188 -0.1263 -0.0906]
INFO:root:twist: [-0.0055 -0.0417 -0.0281 -0.0188 -0.1263 -0.0905]
INFO:root:twist: [-0.0055 -0.0416 -0.028  -0.0188 -0.1263 -0.0903]
INFO:root:twist: [-0.0055 -0.0415 -0.028  -0.0188 -0.1264 -0.0901]
INFO:root:twist: [-0.0055 -0.0415 -0.0279 -0.0188 -0.1264 -0.09  ]
INFO:root:twist: [-0.0055 -0.0414 -0.028  -0.0188 -0.1264 -0.0899]
INFO:root:twist: [-0.0055 -0.0414 -0.0279 -0.0188 -0.1265 -0.0898]
INFO:root:twist: [-0.0054 -0.0413 -0.0279 -0.0188 -0.1265 -0.0896]
INFO:root:twist: [-0.0054 -0.0412 -0.0278 -0.0187 -0.1266 -0.0895]
INFO:root:twist: [-0.0054 -0.0412 -0.0278 -0.0187 -0.1266 -0.0894]
INFO:root:twist: [-0.0054 -0.0411 -0.0278 -0.0187 -0.1266 -0.0893]
INFO:root:twist: [-0.0054 -0.0411 -0.0278 -0.0187 -0.1267 -0.0892]
INFO:root:twist: [-0.0054 -0.041  -0.0277 -0.0186 -0.1267 -0.0891]
INFO:root:twist: [-0.0054 -0.0409 -0.0277 -0.0186 -0.1268 -0.0889]
INFO:root:twist: [-0.0053 -0.0408 -0.0276 -0.0185 -0.1268 -0.0888]
INFO:root:twist: [-0.0053 -0.0408 -0.0277 -0.0185 -0.1269 -0.0887]
INFO:root:twist: [-0.0053 -0.0407 -0.0277 -0.0185 -0.1269 -0.0886]
INFO:root:twist: [-0.0053 -0.0406 -0.0276 -0.0184 -0.127  -0.0885]
INFO:root:twist: [-0.0053 -0.0406 -0.0275 -0.0183 -0.127  -0.0884]
INFO:root:twist: [-0.0053 -0.0405 -0.0275 -0.0183 -0.1271 -0.0882]
INFO:root:twist: [-0.0053 -0.0404 -0.0275 -0.0183 -0.1271 -0.0882]
INFO:root:twist: [-0.0053 -0.0403 -0.0275 -0.0182 -0.1272 -0.0881]
INFO:root:twist: [-0.0052 -0.0402 -0.0274 -0.0181 -0.1273 -0.0879]
INFO:root:twist: [-0.0052 -0.0402 -0.0274 -0.018  -0.1273 -0.0878]
INFO:root:twist: [-0.0052 -0.0401 -0.0274 -0.018  -0.1274 -0.0877]
INFO:root:twist: [-0.0052 -0.04   -0.0274 -0.0179 -0.1274 -0.0877]
INFO:root:twist: [-0.0052 -0.0399 -0.0274 -0.0179 -0.1275 -0.0876]
INFO:root:twist: [-0.0052 -0.0398 -0.0273 -0.0178 -0.1276 -0.0874]
INFO:root:twist: [-0.0051 -0.0397 -0.0273 -0.0177 -0.1276 -0.0873]
INFO:root:twist: [-0.0051 -0.0396 -0.0272 -0.0176 -0.1277 -0.0872]
INFO:root:twist: [-0.0051 -0.0396 -0.0273 -0.0176 -0.1277 -0.0872]
INFO:root:twist: [-0.0051 -0.0395 -0.0273 -0.0175 -0.1278 -0.0871]
INFO:root:twist: [-0.0051 -0.0394 -0.0272 -0.0174 -0.1279 -0.0869]
INFO:root:twist: [-0.0051 -0.0393 -0.0272 -0.0173 -0.128  -0.0868]
INFO:root:twist: [-0.0051 -0.0392 -0.0271 -0.0172 -0.128  -0.0866]
INFO:root:twist: [-0.0051 -0.0391 -0.0272 -0.0172 -0.1281 -0.0866]
INFO:root:twist: [-0.005  -0.0391 -0.0271 -0.0171 -0.1281 -0.0865]
INFO:root:twist: [-0.005  -0.0389 -0.0271 -0.017  -0.1282 -0.0863]
INFO:root:twist: [-0.005  -0.0388 -0.027  -0.0169 -0.1283 -0.0862]
INFO:root:twist: [-0.005  -0.0387 -0.027  -0.0168 -0.1284 -0.0861]
INFO:root:twist: [-0.005  -0.0387 -0.027  -0.0168 -0.1284 -0.086 ]
INFO:root:twist: [-0.005  -0.0386 -0.027  -0.0167 -0.1285 -0.0859]
INFO:root:twist: [-0.0049 -0.0385 -0.027  -0.0166 -0.1285 -0.0857]
INFO:root:twist: [-0.0049 -0.0384 -0.0269 -0.0165 -0.1286 -0.0856]
INFO:root:twist: [-0.0049 -0.0382 -0.0269 -0.0164 -0.1287 -0.0854]
INFO:root:twist: [-0.0049 -0.0382 -0.0269 -0.0164 -0.1287 -0.0854]
INFO:root:twist: [-0.0049 -0.0381 -0.0269 -0.0163 -0.1288 -0.0853]
INFO:root:twist: [-0.0049 -0.038  -0.0269 -0.0162 -0.1289 -0.0851]
INFO:root:twist: [-0.0048 -0.0378 -0.0268 -0.0161 -0.129  -0.0849]
INFO:root:twist: [-0.0048 -0.0377 -0.0268 -0.016  -0.129  -0.0848]
INFO:root:twist: [-0.0048 -0.0377 -0.0268 -0.016  -0.129  -0.0847]
INFO:root:twist: [-0.0048 -0.0375 -0.0268 -0.0159 -0.1291 -0.0845]
INFO:root:twist: [-0.0048 -0.0374 -0.0268 -0.0158 -0.1292 -0.0844]
INFO:root:twist: [-0.0048 -0.0373 -0.0267 -0.0157 -0.1293 -0.0842]
INFO:root:twist: [-0.0047 -0.0372 -0.0267 -0.0156 -0.1294 -0.0841]
INFO:root:twist: [-0.0047 -0.0371 -0.0267 -0.0156 -0.1294 -0.084 ]
INFO:root:twist: [-0.0047 -0.037  -0.0267 -0.0155 -0.1295 -0.0838]
INFO:root:twist: [-0.0047 -0.0369 -0.0266 -0.0154 -0.1295 -0.0836]
INFO:root:twist: [-0.0047 -0.0368 -0.0266 -0.0153 -0.1296 -0.0835]
INFO:root:twist: [-0.0047 -0.0366 -0.0265 -0.0152 -0.1297 -0.0833]
INFO:root:twist: [-0.0047 -0.0366 -0.0266 -0.0151 -0.1297 -0.0833]
INFO:root:twist: [-0.0046 -0.0365 -0.0266 -0.0151 -0.1298 -0.0831]
INFO:root:twist: [-0.0046 -0.0363 -0.0265 -0.015  -0.1299 -0.0829]
INFO:root:twist: [-0.0046 -0.0362 -0.0265 -0.0149 -0.13   -0.0827]
INFO:root:twist: [-0.0046 -0.036  -0.0264 -0.0148 -0.1301 -0.0825]
INFO:root:twist: [-0.0046 -0.036  -0.0265 -0.0147 -0.1301 -0.0825]
INFO:root:twist: [-0.0046 -0.0359 -0.0265 -0.0146 -0.1301 -0.0823]
INFO:root:twist: [-0.0045 -0.0357 -0.0264 -0.0145 -0.1302 -0.0821]
INFO:root:twist: [-0.0045 -0.0356 -0.0264 -0.0144 -0.1303 -0.0819]
INFO:root:twist: [-0.0045 -0.0354 -0.0263 -0.0143 -0.1304 -0.0817]
INFO:root:twist: [-0.0045 -0.0354 -0.0264 -0.0143 -0.1304 -0.0817]
INFO:root:twist: [-0.0045 -0.0353 -0.0264 -0.0142 -0.1305 -0.0815]
INFO:root:twist: [-0.0044 -0.0351 -0.0263 -0.0141 -0.1305 -0.0813]
INFO:root:twist: [-0.0044 -0.035  -0.0263 -0.014  -0.1306 -0.0811]
INFO:root:twist: [-0.0044 -0.0348 -0.0262 -0.0138 -0.1307 -0.0809]
INFO:root:twist: [-0.0044 -0.0348 -0.0263 -0.0138 -0.1307 -0.0808]
INFO:root:twist: [-0.0044 -0.0346 -0.0262 -0.0137 -0.1308 -0.0807]
INFO:root:twist: [-0.0043 -0.0345 -0.0262 -0.0136 -0.1309 -0.0804]
INFO:root:twist: [-0.0043 -0.0343 -0.0261 -0.0135 -0.1309 -0.0802]
INFO:root:twist: [-0.0043 -0.0342 -0.0261 -0.0134 -0.131  -0.08  ]
INFO:root:twist: [-0.0043 -0.0341 -0.0261 -0.0133 -0.131  -0.08  ]
INFO:root:twist: [-0.0043 -0.034  -0.0261 -0.0133 -0.1311 -0.0798]
INFO:root:twist: [-0.0043 -0.0338 -0.0261 -0.0131 -0.1311 -0.0796]
INFO:root:twist: [-0.0042 -0.0337 -0.026  -0.013  -0.1312 -0.0794]
INFO:root:twist: [-0.0042 -0.0335 -0.026  -0.0129 -0.1313 -0.0792]
INFO:root:twist: [-0.0042 -0.0335 -0.026  -0.0129 -0.1313 -0.0791]
INFO:root:twist: [-0.0042 -0.0334 -0.026  -0.0128 -0.1313 -0.0789]
INFO:root:twist: [-0.0042 -0.0332 -0.0259 -0.0127 -0.1314 -0.0787]
INFO:root:twist: [-0.0041 -0.0331 -0.0259 -0.0126 -0.1315 -0.0785]
INFO:root:twist: [-0.0041 -0.0329 -0.0259 -0.0124 -0.1315 -0.0783]
INFO:root:twist: [-0.0041 -0.0328 -0.0259 -0.0124 -0.1315 -0.0782]
INFO:root:twist: [-0.0041 -0.0327 -0.0259 -0.0123 -0.1316 -0.078 ]
INFO:root:twist: [-0.0041 -0.0325 -0.0258 -0.0122 -0.1317 -0.0778]
INFO:root:twist: [-0.004  -0.0324 -0.0258 -0.0121 -0.1317 -0.0776]
INFO:root:twist: [-0.004  -0.0322 -0.0257 -0.012  -0.1318 -0.0774]
INFO:root:twist: [-0.004  -0.0322 -0.0258 -0.0119 -0.1318 -0.0773]
INFO:root:twist: [-0.004  -0.032  -0.0257 -0.0118 -0.1319 -0.0771]
INFO:root:twist: [-0.004  -0.0319 -0.0257 -0.0117 -0.132  -0.0769]
INFO:root:twist: [-0.0039 -0.0317 -0.0256 -0.0116 -0.132  -0.0767]
INFO:root:twist: [-0.0039 -0.0316 -0.0256 -0.0115 -0.1321 -0.0765]
INFO:root:twist: [-0.0039 -0.0315 -0.0256 -0.0114 -0.1321 -0.0764]
INFO:root:twist: [-0.0039 -0.0314 -0.0256 -0.0113 -0.1322 -0.0762]
INFO:root:twist: [-0.0038 -0.0312 -0.0255 -0.0112 -0.1322 -0.076 ]
INFO:root:twist: [-0.0038 -0.0311 -0.0255 -0.0111 -0.1323 -0.0758]
INFO:root:twist: [-0.0038 -0.0309 -0.0254 -0.011  -0.1324 -0.0756]
INFO:root:twist: [-0.0038 -0.0309 -0.0255 -0.0109 -0.1324 -0.0755]
INFO:root:twist: [-0.0038 -0.0307 -0.0254 -0.0108 -0.1325 -0.0753]
INFO:root:twist: [-0.0037 -0.0306 -0.0254 -0.0107 -0.1325 -0.0751]
INFO:root:twist: [-0.0037 -0.0304 -0.0253 -0.0106 -0.1326 -0.0749]
INFO:root:twist: [-0.0037 -0.0302 -0.0252 -0.0105 -0.1327 -0.0747]
INFO:root:twist: [-0.0037 -0.0302 -0.0253 -0.0104 -0.1327 -0.0746]
INFO:root:twist: [-0.0036 -0.0301 -0.0253 -0.0103 -0.1328 -0.0744]
INFO:root:twist: [-0.0036 -0.0299 -0.0252 -0.0102 -0.1329 -0.0742]
INFO:root:twist: [-0.0036 -0.0297 -0.0251 -0.0101 -0.133  -0.074 ]
INFO:root:twist: [-0.0035 -0.0296 -0.0251 -0.01   -0.133  -0.0737]
INFO:root:twist: [-0.0035 -0.0295 -0.0251 -0.0099 -0.1331 -0.0737]
INFO:root:twist: [-0.0035 -0.0294 -0.0251 -0.0098 -0.1331 -0.0735]
INFO:root:twist: [-0.0035 -0.0292 -0.025  -0.0097 -0.1332 -0.0732]
INFO:root:twist: [-0.0034 -0.0291 -0.025  -0.0096 -0.1333 -0.073 ]
INFO:root:twist: [-0.0034 -0.0289 -0.0249 -0.0095 -0.1333 -0.0728]
INFO:root:twist: [-0.0034 -0.0288 -0.0249 -0.0095 -0.1334 -0.0727]
INFO:root:twist: [-0.0034 -0.0287 -0.0249 -0.0093 -0.1334 -0.0725]
INFO:root:twist: [-0.0033 -0.0285 -0.0248 -0.0092 -0.1335 -0.0723]
INFO:root:twist: [-0.0033 -0.0284 -0.0248 -0.0091 -0.1336 -0.0721]
INFO:root:twist: [-0.0033 -0.0282 -0.0247 -0.009  -0.1336 -0.0719]
INFO:root:twist: [-0.0033 -0.0281 -0.0248 -0.009  -0.1336 -0.0718]
INFO:root:twist: [-0.0032 -0.028  -0.0248 -0.0089 -0.1337 -0.0716]
INFO:root:twist: [-0.0032 -0.0279 -0.0247 -0.0088 -0.1337 -0.0714]
INFO:root:twist: [-0.0032 -0.0277 -0.0247 -0.0086 -0.1338 -0.0712]
INFO:root:twist: [-0.0031 -0.0275 -0.0246 -0.0085 -0.1338 -0.0709]
INFO:root:twist: [-0.0031 -0.0275 -0.0246 -0.0085 -0.1338 -0.0709]
INFO:root:twist: [-0.0031 -0.0273 -0.0246 -0.0084 -0.1338 -0.0707]
INFO:root:twist: [-0.0031 -0.0272 -0.0246 -0.0083 -0.1339 -0.0704]
INFO:root:twist: [-0.0031 -0.027  -0.0245 -0.0082 -0.1339 -0.0702]
INFO:root:twist: [-0.003  -0.0268 -0.0245 -0.008  -0.1339 -0.07  ]
INFO:root:twist: [-0.003  -0.0268 -0.0245 -0.008  -0.1339 -0.0699]
INFO:root:twist: [-0.003  -0.0266 -0.0245 -0.0079 -0.134  -0.0697]
INFO:root:twist: [-0.003  -0.0265 -0.0244 -0.0078 -0.134  -0.0695]
INFO:root:twist: [-0.0029 -0.0263 -0.0244 -0.0077 -0.134  -0.0693]
INFO:root:twist: [-0.0029 -0.0262 -0.0243 -0.0076 -0.134  -0.0691]
INFO:root:twist: [-0.0029 -0.0261 -0.0244 -0.0075 -0.134  -0.069 ]
INFO:root:twist: [-0.0029 -0.026  -0.0244 -0.0074 -0.134  -0.0688]
INFO:root:twist: [-0.0029 -0.0258 -0.0243 -0.0073 -0.134  -0.0686]
INFO:root:twist: [-0.0028 -0.0257 -0.0243 -0.0072 -0.134  -0.0684]
INFO:root:twist: [-0.0028 -0.0255 -0.0242 -0.0071 -0.134  -0.0682]
INFO:root:twist: [-0.0028 -0.0254 -0.0243 -0.007  -0.134  -0.0681]
INFO:root:twist: [-0.0028 -0.0253 -0.0242 -0.0069 -0.1341 -0.0679]
INFO:root:twist: [-0.0028 -0.0252 -0.0242 -0.0068 -0.134  -0.0677]
INFO:root:twist: [-0.0027 -0.025  -0.0242 -0.0067 -0.134  -0.0675]
INFO:root:twist: [-0.0027 -0.0248 -0.0241 -0.0066 -0.134  -0.0672]
INFO:root:twist: [-0.0027 -0.0248 -0.0241 -0.0065 -0.134  -0.0672]
INFO:root:twist: [-0.0027 -0.0246 -0.0241 -0.0064 -0.134  -0.067 ]
INFO:root:twist: [-0.0027 -0.0245 -0.0241 -0.0063 -0.134  -0.0668]
INFO:root:twist: [-0.0027 -0.0243 -0.024  -0.0062 -0.1339 -0.0666]
INFO:root:twist: [-0.0026 -0.0242 -0.024  -0.0061 -0.1339 -0.0663]
INFO:root:twist: [-0.0026 -0.0241 -0.024  -0.006  -0.1339 -0.0663]
INFO:root:twist: [-0.0026 -0.024  -0.024  -0.0059 -0.1339 -0.0661]
INFO:root:twist: [-0.0026 -0.0238 -0.024  -0.0058 -0.1338 -0.0659]
INFO:root:twist: [-0.0026 -0.0237 -0.0239 -0.0057 -0.1338 -0.0657]
INFO:root:twist: [-0.0026 -0.0235 -0.0239 -0.0056 -0.1337 -0.0655]
INFO:root:twist: [-0.0026 -0.0235 -0.0239 -0.0055 -0.1337 -0.0654]
INFO:root:twist: [-0.0025 -0.0233 -0.0239 -0.0054 -0.1337 -0.0652]
INFO:root:twist: [-0.0025 -0.0232 -0.0239 -0.0053 -0.1336 -0.065 ]
INFO:root:twist: [-0.0025 -0.023  -0.0238 -0.0052 -0.1336 -0.0648]
INFO:root:twist: [-0.0025 -0.0229 -0.0238 -0.0051 -0.1335 -0.0646]
INFO:root:twist: [-0.0025 -0.0228 -0.0238 -0.005  -0.1335 -0.0645]
INFO:root:twist: [-0.0025 -0.0227 -0.0238 -0.0049 -0.1335 -0.0644]
INFO:root:twist: [-0.0024 -0.0225 -0.0237 -0.0048 -0.1335 -0.0641]
INFO:root:twist: [-0.0024 -0.0224 -0.0237 -0.0047 -0.1334 -0.064 ]
INFO:root:twist: [-0.0024 -0.0222 -0.0237 -0.0046 -0.1334 -0.0638]
INFO:root:twist: [-0.0024 -0.0222 -0.0237 -0.0045 -0.1334 -0.0637]
INFO:root:twist: [-0.0024 -0.022  -0.0237 -0.0044 -0.1333 -0.0635]
INFO:root:twist: [-0.0023 -0.0219 -0.0236 -0.0043 -0.1333 -0.0633]
INFO:root:twist: [-0.0023 -0.0218 -0.0236 -0.0042 -0.1332 -0.0631]
INFO:root:twist: [-0.0023 -0.0216 -0.0236 -0.0041 -0.1332 -0.0629]
INFO:root:twist: [-0.0023 -0.0215 -0.0236 -0.004  -0.1332 -0.0629]
INFO:root:twist: [-0.0023 -0.0214 -0.0236 -0.0039 -0.1332 -0.0627]
INFO:root:twist: [-0.0023 -0.0213 -0.0235 -0.0038 -0.1331 -0.0625]
INFO:root:twist: [-0.0022 -0.0211 -0.0235 -0.0037 -0.1331 -0.0623]
INFO:root:twist: [-0.0022 -0.021  -0.0235 -0.0036 -0.133  -0.0621]
INFO:root:twist: [-0.0022 -0.0209 -0.0235 -0.0035 -0.133  -0.0621]
INFO:root:twist: [-0.0022 -0.0208 -0.0235 -0.0034 -0.133  -0.0619]
INFO:root:twist: [-0.0022 -0.0207 -0.0234 -0.0033 -0.1329 -0.0617]
INFO:root:twist: [-0.0022 -0.0205 -0.0234 -0.0032 -0.1329 -0.0615]
INFO:root:twist: [-0.0022 -0.0204 -0.0233 -0.003  -0.1329 -0.0613]
INFO:root:twist: [-0.0022 -0.0203 -0.0234 -0.003  -0.1329 -0.0613]
INFO:root:twist: [-0.0021 -0.0202 -0.0234 -0.0029 -0.1329 -0.0611]
INFO:root:twist: [-0.0021 -0.0201 -0.0233 -0.0028 -0.1329 -0.0609]
INFO:root:twist: [-0.0021 -0.02   -0.0233 -0.0027 -0.1328 -0.0608]
INFO:root:twist: [-0.0021 -0.0198 -0.0232 -0.0026 -0.1328 -0.0606]
INFO:root:twist: [-0.0021 -0.0198 -0.0233 -0.0025 -0.1328 -0.0605]
INFO:root:twist: [-0.002  -0.0197 -0.0233 -0.0024 -0.1328 -0.0604]
INFO:root:twist: [-0.002  -0.0195 -0.0232 -0.0023 -0.1328 -0.0602]
INFO:root:twist: [-0.002  -0.0194 -0.0232 -0.0022 -0.1328 -0.06  ]
INFO:root:twist: [-0.002  -0.0193 -0.0231 -0.0021 -0.1328 -0.0599]
INFO:root:twist: [-0.002  -0.0192 -0.0232 -0.002  -0.1327 -0.0598]
INFO:root:twist: [-0.002  -0.0191 -0.0231 -0.0019 -0.1327 -0.0596]
INFO:root:twist: [-0.0019 -0.0189 -0.0231 -0.0018 -0.1327 -0.0595]
INFO:root:twist: [-0.0019 -0.0188 -0.023  -0.0017 -0.1327 -0.0593]
INFO:root:twist: [-0.0019 -0.0187 -0.023  -0.0016 -0.1327 -0.0591]
INFO:root:twist: [-0.0019 -0.0186 -0.023  -0.0015 -0.1327 -0.0591]
INFO:root:twist: [-0.0019 -0.0185 -0.023  -0.0014 -0.1327 -0.0589]
INFO:root:twist: [-0.0018 -0.0184 -0.0229 -0.0013 -0.1327 -0.0588]
INFO:root:twist: [-0.0018 -0.0183 -0.0229 -0.0012 -0.1327 -0.0586]
INFO:root:twist: [-0.0018 -0.0181 -0.0228 -0.0011 -0.1327 -0.0584]
INFO:root:twist: [-0.0018 -0.0181 -0.0229 -0.001  -0.1327 -0.0584]
INFO:root:twist: [-0.0018 -0.018  -0.0229 -0.0009 -0.1327 -0.0582]
INFO:root:twist: [-0.0018 -0.0178 -0.0228 -0.0008 -0.1327 -0.0581]
INFO:root:twist: [-0.0017 -0.0177 -0.0228 -0.0007 -0.1327 -0.0579]
INFO:root:twist: [-0.0017 -0.0176 -0.0227 -0.0006 -0.1327 -0.0578]
INFO:root:twist: [-0.0017 -0.0175 -0.0227 -0.0005 -0.1327 -0.0577]
INFO:root:twist: [-0.0017 -0.0174 -0.0227 -0.0004 -0.1328 -0.0576]
INFO:root:twist: [-0.0016 -0.0173 -0.0227 -0.0003 -0.1327 -0.0574]
INFO:root:twist: [-0.0016 -0.0172 -0.0226 -0.0002 -0.1328 -0.0573]
INFO:root:twist: [-1.600e-03 -1.710e-02 -2.250e-02 -1.000e-04 -1.328e-01 -5.710e-02]
INFO:root:twist: [-0.0016 -0.017  -0.0226 -0.     -0.1328 -0.0571]
INFO:root:twist: [-1.600e-03 -1.690e-02 -2.250e-02  1.000e-04 -1.328e-01 -5.690e-02]
INFO:root:twist: [-0.0015 -0.0168 -0.0225  0.0002 -0.1329 -0.0568]
INFO:root:twist: [-0.0015 -0.0167 -0.0224  0.0003 -0.1329 -0.0566]
INFO:root:twist: [-0.0015 -0.0165 -0.0224  0.0004 -0.1329 -0.0565]
INFO:root:twist: [-0.0015 -0.0165 -0.0224  0.0004 -0.1329 -0.0564]
INFO:root:twist: [-0.0014 -0.0164 -0.0224  0.0005 -0.1329 -0.0563]
INFO:root:twist: [-0.0014 -0.0163 -0.0223  0.0007 -0.1329 -0.0561]
INFO:root:twist: [-0.0014 -0.0162 -0.0223  0.0008 -0.1329 -0.056 ]
INFO:root:twist: [-0.0014 -0.016  -0.0222  0.0009 -0.1329 -0.0558]
INFO:root:twist: [-0.0014 -0.016  -0.0223  0.0009 -0.1329 -0.0558]
INFO:root:twist: [-0.0013 -0.0159 -0.0222  0.001  -0.1329 -0.0557]
INFO:root:twist: [-0.0013 -0.0158 -0.0222  0.0011 -0.1329 -0.0555]
INFO:root:twist: [-0.0013 -0.0157 -0.0221  0.0012 -0.1329 -0.0554]
INFO:root:twist: [-0.0013 -0.0155 -0.0221  0.0013 -0.1329 -0.0552]
INFO:root:twist: [-0.0012 -0.0155 -0.0221  0.0014 -0.1329 -0.0552]
INFO:root:twist: [-0.0012 -0.0154 -0.0221  0.0015 -0.1329 -0.0551]
INFO:root:twist: [-0.0012 -0.0153 -0.022   0.0016 -0.1329 -0.0549]
INFO:root:twist: [-0.0012 -0.0152 -0.022   0.0017 -0.1329 -0.0548]
INFO:root:twist: [-0.0012 -0.0151 -0.0219  0.0018 -0.1329 -0.0546]
INFO:root:twist: [-0.0012 -0.015  -0.022   0.0018 -0.1329 -0.0546]
INFO:root:twist: [-0.0011 -0.0149 -0.022   0.0019 -0.1329 -0.0545]
INFO:root:twist: [-0.0011 -0.0148 -0.0219  0.002  -0.1329 -0.0543]
INFO:root:twist: [-0.0011 -0.0147 -0.0219  0.0021 -0.1329 -0.0542]
INFO:root:twist: [-0.0011 -0.0146 -0.0218  0.0023 -0.1328 -0.0541]
INFO:root:twist: [-0.0011 -0.0145 -0.0219  0.0023 -0.1328 -0.054 ]
INFO:root:twist: [-0.0011 -0.0144 -0.0219  0.0024 -0.1328 -0.0539]
INFO:root:twist: [-0.001  -0.0143 -0.0218  0.0025 -0.1328 -0.0538]
INFO:root:twist: [-0.001  -0.0142 -0.0218  0.0026 -0.1328 -0.0537]
INFO:root:twist: [-0.001  -0.0141 -0.0217  0.0027 -0.1328 -0.0535]
INFO:root:twist: [-0.001  -0.0141 -0.0218  0.0027 -0.1328 -0.0535]
INFO:root:twist: [-0.001  -0.014  -0.0217  0.0028 -0.1327 -0.0534]
INFO:root:twist: [-0.0009 -0.0139 -0.0217  0.0029 -0.1327 -0.0533]
INFO:root:twist: [-0.0009 -0.0138 -0.0217  0.003  -0.1327 -0.0531]
INFO:root:twist: [-0.0009 -0.0137 -0.0216  0.0031 -0.1327 -0.053 ]
INFO:root:twist: [-0.0009 -0.0136 -0.0217  0.0032 -0.1327 -0.053 ]
INFO:root:twist: [-0.0009 -0.0136 -0.0216  0.0033 -0.1327 -0.0529]
INFO:root:twist: [-0.0009 -0.0134 -0.0216  0.0034 -0.1327 -0.0527]
INFO:root:twist: [-0.0009 -0.0133 -0.0215  0.0035 -0.1327 -0.0526]
INFO:root:twist: [-0.0008 -0.0132 -0.0215  0.0036 -0.1326 -0.0525]
INFO:root:twist: [-0.0008 -0.0132 -0.0216  0.0036 -0.1326 -0.0525]
INFO:root:twist: [-0.0008 -0.0131 -0.0215  0.0037 -0.1326 -0.0524]
INFO:root:twist: [-0.0008 -0.013  -0.0215  0.0038 -0.1326 -0.0523]
INFO:root:twist: [-0.0008 -0.0129 -0.0215  0.0039 -0.1326 -0.0522]
INFO:root:twist: [-0.0008 -0.0128 -0.0214  0.004  -0.1326 -0.052 ]
INFO:root:twist: [-0.0008 -0.0128 -0.0215  0.004  -0.1326 -0.052 ]
INFO:root:twist: [-0.0008 -0.0127 -0.0214  0.0041 -0.1325 -0.0519]
INFO:root:twist: [-0.0007 -0.0126 -0.0214  0.0042 -0.1325 -0.0518]
INFO:root:twist: [-0.0007 -0.0125 -0.0214  0.0043 -0.1325 -0.0517]
INFO:root:twist: [-0.0007 -0.0124 -0.0213  0.0044 -0.1324 -0.0516]
INFO:root:twist: [-0.0007 -0.0124 -0.0214  0.0044 -0.1324 -0.0516]
INFO:root:twist: [-0.0007 -0.0123 -0.0213  0.0045 -0.1324 -0.0515]
INFO:root:twist: [-0.0007 -0.0122 -0.0213  0.0046 -0.1323 -0.0514]
INFO:root:twist: [-0.0007 -0.0121 -0.0213  0.0047 -0.1323 -0.0513]
INFO:root:twist: [-0.0007 -0.012  -0.0212  0.0048 -0.1323 -0.0512]
INFO:root:twist: [-0.0007 -0.012  -0.0213  0.0048 -0.1323 -0.0511]
INFO:root:twist: [-0.0006 -0.0119 -0.0212  0.0049 -0.1322 -0.051 ]
INFO:root:twist: [-0.0006 -0.0118 -0.0212  0.005  -0.1322 -0.0509]
INFO:root:twist: [-0.0006 -0.0118 -0.0212  0.0051 -0.1321 -0.0509]
INFO:root:twist: [-0.0006 -0.0117 -0.0211  0.0052 -0.1321 -0.0508]
INFO:root:twist: [-0.0006 -0.0116 -0.0212  0.0052 -0.1321 -0.0507]
INFO:root:twist: [-0.0006 -0.0116 -0.0212  0.0053 -0.132  -0.0507]
INFO:root:twist: [-0.0006 -0.0115 -0.0211  0.0054 -0.132  -0.0506]
INFO:root:twist: [-0.0006 -0.0114 -0.0211  0.0055 -0.1319 -0.0505]
INFO:root:twist: [-0.0006 -0.0113 -0.0211  0.0056 -0.1319 -0.0504]
INFO:root:twist: [-0.0006 -0.0113 -0.0211  0.0056 -0.1318 -0.0504]
INFO:root:twist: [-0.0006 -0.0112 -0.0211  0.0057 -0.1318 -0.0503]
INFO:root:twist: [-0.0006 -0.0111 -0.0211  0.0058 -0.1318 -0.0502]
INFO:root:twist: [-0.0006 -0.0111 -0.021   0.0058 -0.1317 -0.0501]
INFO:root:twist: [-0.0005 -0.011  -0.021   0.0059 -0.1316 -0.0501]
INFO:root:twist: [-0.0006 -0.011  -0.021   0.006  -0.1316 -0.05  ]
INFO:root:twist: [-0.0006 -0.0109 -0.021   0.006  -0.1316 -0.05  ]
INFO:root:twist: [-0.0005 -0.0108 -0.021   0.0061 -0.1315 -0.0499]
INFO:root:twist: [-0.0005 -0.0108 -0.021   0.0062 -0.1314 -0.0498]
INFO:root:twist: [-0.0005 -0.0107 -0.0209  0.0063 -0.1314 -0.0498]
INFO:root:twist: [-0.0005 -0.0106 -0.021   0.0063 -0.1314 -0.0497]
INFO:root:twist: [-0.0005 -0.0106 -0.021   0.0064 -0.1313 -0.0497]
INFO:root:twist: [-0.0005 -0.0105 -0.0209  0.0065 -0.1312 -0.0496]
INFO:root:twist: [-0.0005 -0.0104 -0.0209  0.0066 -0.1312 -0.0495]
INFO:root:twist: [-0.0005 -0.0104 -0.0209  0.0067 -0.1311 -0.0494]
INFO:root:twist: [-0.0005 -0.0103 -0.0209  0.0067 -0.1311 -0.0494]
INFO:root:twist: [-0.0005 -0.0103 -0.0209  0.0068 -0.131  -0.0494]
INFO:root:twist: [-0.0005 -0.0102 -0.0209  0.0069 -0.131  -0.0493]
INFO:root:twist: [-0.0005 -0.0101 -0.0208  0.0069 -0.1309 -0.0492]
INFO:root:twist: [-0.0005 -0.0101 -0.0208  0.007  -0.1308 -0.0492]
INFO:root:twist: [-0.0005 -0.01   -0.0208  0.0071 -0.1308 -0.0491]
INFO:root:twist: [-0.0005 -0.01   -0.0208  0.0071 -0.1308 -0.0491]
INFO:root:twist: [-0.0005 -0.0099 -0.0208  0.0072 -0.1307 -0.049 ]
INFO:root:twist: [-0.0005 -0.0098 -0.0208  0.0073 -0.1307 -0.049 ]
INFO:root:twist: [-0.0005 -0.0098 -0.0207  0.0074 -0.1306 -0.0489]
INFO:root:twist: [-0.0005 -0.0097 -0.0208  0.0074 -0.1306 -0.0489]
INFO:root:twist: [-0.0005 -0.0097 -0.0208  0.0075 -0.1306 -0.0488]
INFO:root:twist: [-0.0005 -0.0096 -0.0207  0.0076 -0.1305 -0.0487]
INFO:root:twist: [-0.0005 -0.0095 -0.0207  0.0077 -0.1305 -0.0487]
INFO:root:twist: [-0.0004 -0.0095 -0.0206  0.0077 -0.1304 -0.0486]
INFO:root:twist: [-0.0005 -0.0095 -0.0207  0.0078 -0.1304 -0.0486]
INFO:root:twist: [-0.0004 -0.0094 -0.0207  0.0078 -0.1304 -0.0486]
INFO:root:twist: [-0.0004 -0.0093 -0.0206  0.0079 -0.1303 -0.0485]
INFO:root:twist: [-0.0004 -0.0093 -0.0206  0.008  -0.1303 -0.0484]
INFO:root:twist: [-0.0004 -0.0092 -0.0206  0.0081 -0.1303 -0.0484]
INFO:root:twist: [-0.0004 -0.0092 -0.0206  0.0081 -0.1303 -0.0483]
INFO:root:twist: [-0.0004 -0.0091 -0.0206  0.0082 -0.1303 -0.0483]
INFO:root:twist: [-0.0004 -0.009  -0.0206  0.0083 -0.1302 -0.0482]
INFO:root:twist: [-0.0004 -0.009  -0.0205  0.0084 -0.1302 -0.0482]
INFO:root:twist: [-0.0004 -0.0089 -0.0205  0.0085 -0.1302 -0.0481]
INFO:root:twist: [-0.0004 -0.0089 -0.0205  0.0085 -0.1302 -0.0481]
INFO:root:twist: [-0.0004 -0.0088 -0.0205  0.0086 -0.1302 -0.048 ]
INFO:root:twist: [-0.0003 -0.0087 -0.0205  0.0086 -0.1303 -0.0479]
INFO:root:twist: [-0.0003 -0.0087 -0.0204  0.0087 -0.1303 -0.0479]
INFO:root:twist: [-0.0003 -0.0086 -0.0204  0.0088 -0.1303 -0.0478]
INFO:root:twist: [-0.0003 -0.0086 -0.0204  0.0088 -0.1303 -0.0478]
INFO:root:twist: [-0.0003 -0.0085 -0.0204  0.0089 -0.1303 -0.0477]
INFO:root:twist: [-0.0003 -0.0084 -0.0204  0.009  -0.1303 -0.0476]
INFO:root:twist: [-0.0003 -0.0084 -0.0203  0.0091 -0.1303 -0.0476]
INFO:root:twist: [-0.0003 -0.0083 -0.0203  0.0092 -0.1303 -0.0475]
INFO:root:twist: [-0.0003 -0.0083 -0.0204  0.0092 -0.1304 -0.0475]
INFO:root:twist: [-0.0003 -0.0082 -0.0204  0.0092 -0.1304 -0.0474]
INFO:root:twist: [-0.0003 -0.0081 -0.0203  0.0093 -0.1304 -0.0474]
INFO:root:twist: [-0.0002 -0.008  -0.0203  0.0094 -0.1304 -0.0473]
INFO:root:twist: [-0.0002 -0.008  -0.0203  0.0095 -0.1304 -0.0472]
INFO:root:twist: [-0.0002 -0.0079 -0.0203  0.0095 -0.1304 -0.0472]
INFO:root:twist: [-0.0002 -0.0079 -0.0203  0.0096 -0.1305 -0.0471]
INFO:root:twist: [-0.0002 -0.0078 -0.0203  0.0097 -0.1305 -0.0471]
INFO:root:twist: [-0.0002 -0.0077 -0.0202  0.0098 -0.1305 -0.047 ]
INFO:root:twist: [-0.0002 -0.0076 -0.0202  0.0099 -0.1305 -0.0469]
INFO:root:twist: [-0.0002 -0.0076 -0.0203  0.0099 -0.1305 -0.0469]
INFO:root:twist: [-0.0002 -0.0076 -0.0203  0.01   -0.1305 -0.0468]
INFO:root:twist: [-0.0002 -0.0075 -0.0202  0.0101 -0.1306 -0.0467]
INFO:root:twist: [-0.0002 -0.0074 -0.0202  0.0101 -0.1306 -0.0467]
INFO:root:twist: [-0.0002 -0.0073 -0.0202  0.0102 -0.1306 -0.0466]
INFO:root:twist: [-0.0002 -0.0073 -0.0202  0.0103 -0.1306 -0.0466]
INFO:root:twist: [-0.0002 -0.0072 -0.0202  0.0103 -0.1306 -0.0465]
INFO:root:twist: [-0.0002 -0.0071 -0.0202  0.0104 -0.1306 -0.0464]
INFO:root:twist: [-0.0002 -0.0071 -0.0202  0.0105 -0.1306 -0.0464]
INFO:root:twist: [-0.0002 -0.007  -0.0202  0.0106 -0.1306 -0.0463]
INFO:root:twist: [-0.0002 -0.0069 -0.0203  0.0107 -0.1306 -0.0463]
INFO:root:twist: [-0.0002 -0.0069 -0.0203  0.0107 -0.1306 -0.0462]
INFO:root:twist: [-0.0002 -0.0068 -0.0202  0.0109 -0.1306 -0.0461]
INFO:root:twist: [-0.0002 -0.0067 -0.0202  0.011  -0.1306 -0.0461]
INFO:root:twist: [-0.0002 -0.0066 -0.0202  0.0111 -0.1307 -0.046 ]
INFO:root:twist: [-0.0003 -0.0066 -0.0203  0.0111 -0.1307 -0.046 ]
INFO:root:twist: [-0.0003 -0.0065 -0.0203  0.0112 -0.1307 -0.0459]
INFO:root:twist: [-0.0003 -0.0064 -0.0203  0.0113 -0.1307 -0.0458]
INFO:root:twist: [-0.0003 -0.0063 -0.0202  0.0114 -0.1308 -0.0458]
INFO:root:twist: [-0.0003 -0.0062 -0.0202  0.0115 -0.1308 -0.0457]
INFO:root:twist: [-0.0003 -0.0062 -0.0203  0.0116 -0.1308 -0.0457]
INFO:root:twist: [-0.0003 -0.0061 -0.0203  0.0117 -0.1308 -0.0456]
INFO:root:twist: [-0.0003 -0.006  -0.0203  0.0118 -0.1308 -0.0455]
INFO:root:twist: [-0.0003 -0.0059 -0.0203  0.0119 -0.1309 -0.0454]
INFO:root:twist: [-0.0003 -0.0058 -0.0203  0.012  -0.1309 -0.0454]
INFO:root:twist: [-0.0003 -0.0058 -0.0203  0.0121 -0.1309 -0.0453]
INFO:root:twist: [-0.0003 -0.0057 -0.0203  0.0121 -0.1309 -0.0453]
INFO:root:twist: [-0.0004 -0.0056 -0.0203  0.0123 -0.131  -0.0452]
INFO:root:twist: [-0.0004 -0.0055 -0.0203  0.0124 -0.131  -0.0451]
INFO:root:twist: [-0.0004 -0.0054 -0.0203  0.0125 -0.131  -0.0451]
INFO:root:twist: [-0.0004 -0.0053 -0.0204  0.0126 -0.131  -0.045 ]
INFO:root:twist: [-0.0004 -0.0052 -0.0204  0.0127 -0.131  -0.045 ]
INFO:root:twist: [-0.0004 -0.0051 -0.0204  0.0128 -0.131  -0.0449]
INFO:root:twist: [-0.0004 -0.005  -0.0204  0.0129 -0.131  -0.0448]
INFO:root:twist: [-0.0004 -0.0049 -0.0204  0.0131 -0.1311 -0.0447]
INFO:root:twist: [-0.0005 -0.0049 -0.0204  0.0131 -0.1311 -0.0447]
INFO:root:twist: [-0.0005 -0.0048 -0.0204  0.0132 -0.1311 -0.0446]
INFO:root:twist: [-0.0005 -0.0047 -0.0204  0.0134 -0.1311 -0.0445]
INFO:root:twist: [-0.0005 -0.0045 -0.0204  0.0135 -0.1311 -0.0444]
INFO:root:twist: [-0.0005 -0.0044 -0.0204  0.0136 -0.1312 -0.0443]
INFO:root:twist: [-0.0005 -0.0044 -0.0205  0.0137 -0.1312 -0.0443]
INFO:root:twist: [-0.0006 -0.0043 -0.0205  0.0138 -0.1312 -0.0442]
INFO:root:twist: [-0.0006 -0.0042 -0.0205  0.014  -0.1312 -0.0441]
INFO:root:twist: [-0.0006 -0.004  -0.0205  0.0141 -0.1312 -0.044 ]
INFO:root:twist: [-0.0006 -0.0039 -0.0205  0.0142 -0.1312 -0.0439]
INFO:root:twist: [-0.0006 -0.0039 -0.0205  0.0143 -0.1313 -0.0439]
INFO:root:twist: [-0.0006 -0.0037 -0.0205  0.0144 -0.1312 -0.0438]
INFO:root:twist: [-0.0007 -0.0036 -0.0205  0.0146 -0.1313 -0.0437]
INFO:root:twist: [-0.0007 -0.0035 -0.0205  0.0147 -0.1313 -0.0436]
INFO:root:twist: [-0.0007 -0.0034 -0.0205  0.0149 -0.1313 -0.0435]
INFO:root:twist: [-0.0007 -0.0033 -0.0206  0.0149 -0.1313 -0.0435]
INFO:root:twist: [-0.0007 -0.0032 -0.0206  0.0151 -0.1313 -0.0434]
INFO:root:twist: [-0.0008 -0.0031 -0.0206  0.0152 -0.1313 -0.0433]
INFO:root:twist: [-0.0008 -0.0029 -0.0206  0.0154 -0.1313 -0.0432]
INFO:root:twist: [-0.0008 -0.0028 -0.0206  0.0156 -0.1313 -0.0431]
INFO:root:twist: [-0.0008 -0.0028 -0.0207  0.0156 -0.1313 -0.0431]
INFO:root:twist: [-0.0009 -0.0026 -0.0207  0.0157 -0.1313 -0.043 ]
INFO:root:twist: [-0.0009 -0.0025 -0.0207  0.0159 -0.1313 -0.0429]
INFO:root:twist: [-0.0009 -0.0024 -0.0207  0.0161 -0.1313 -0.0428]
INFO:root:twist: [-0.001  -0.0022 -0.0207  0.0163 -0.1314 -0.0427]
INFO:root:twist: [-0.001  -0.0022 -0.0208  0.0163 -0.1314 -0.0426]
INFO:root:twist: [-0.001  -0.002  -0.0208  0.0165 -0.1314 -0.0425]
INFO:root:twist: [-0.001  -0.0019 -0.0208  0.0167 -0.1314 -0.0424]
INFO:root:twist: [-0.0011 -0.0017 -0.0208  0.0168 -0.1314 -0.0423]
INFO:root:twist: [-0.0011 -0.0016 -0.0208  0.017  -0.1314 -0.0422]
INFO:root:twist: [-0.0011 -0.0015 -0.0209  0.0171 -0.1314 -0.0422]
INFO:root:twist: [-0.0011 -0.0014 -0.0209  0.0172 -0.1314 -0.0421]
INFO:root:twist: [-0.0012 -0.0013 -0.0209  0.0174 -0.1314 -0.042 ]
INFO:root:twist: [-0.0012 -0.0011 -0.0209  0.0176 -0.1314 -0.0419]
INFO:root:twist: [-0.0012 -0.001  -0.0209  0.0178 -0.1314 -0.0418]
INFO:root:twist: [-0.0013 -0.0009 -0.021   0.0179 -0.1314 -0.0417]
INFO:root:twist: [-0.0013 -0.0008 -0.021   0.018  -0.1314 -0.0417]
INFO:root:twist: [-0.0013 -0.0006 -0.021   0.0182 -0.1314 -0.0415]
INFO:root:twist: [-0.0014 -0.0005 -0.021   0.0184 -0.1313 -0.0414]
INFO:root:twist: [-0.0014 -0.0003 -0.021   0.0186 -0.1314 -0.0413]
INFO:root:twist: [-0.0014 -0.0003 -0.0211  0.0187 -0.1313 -0.0413]
INFO:root:twist: [-1.400e-03 -1.000e-04 -2.110e-02  1.890e-02 -1.314e-01 -4.120e-02]
INFO:root:twist: [-0.0015  0.     -0.0211  0.0191 -0.1313 -0.0411]
INFO:root:twist: [-0.0015  0.0002 -0.0211  0.0192 -0.1313 -0.041 ]
INFO:root:twist: [-0.0016  0.0003 -0.0211  0.0194 -0.1313 -0.0409]
INFO:root:twist: [-0.0016  0.0004 -0.0212  0.0195 -0.1313 -0.0408]
INFO:root:twist: [-0.0016  0.0005 -0.0212  0.0197 -0.1314 -0.0408]
INFO:root:twist: [-0.0016  0.0007 -0.0212  0.0199 -0.1313 -0.0407]
INFO:root:twist: [-0.0017  0.0009 -0.0212  0.0201 -0.1314 -0.0406]
INFO:root:twist: [-0.0017  0.001  -0.0212  0.0203 -0.1314 -0.0404]
INFO:root:twist: [-0.0017  0.0011 -0.0213  0.0204 -0.1314 -0.0404]
INFO:root:twist: [-0.0018  0.0012 -0.0213  0.0205 -0.1314 -0.0403]
INFO:root:twist: [-0.0018  0.0014 -0.0213  0.0208 -0.1314 -0.0402]
INFO:root:twist: [-0.0018  0.0015 -0.0213  0.021  -0.1314 -0.0401]
INFO:root:twist: [-0.0019  0.0017 -0.0214  0.0212 -0.1314 -0.04  ]
INFO:root:twist: [-0.0019  0.0017 -0.0214  0.0212 -0.1314 -0.04  ]
INFO:root:twist: [-0.0019  0.0019 -0.0214  0.0214 -0.1314 -0.0399]
INFO:root:twist: [-0.002   0.002  -0.0214  0.0216 -0.1314 -0.0398]
INFO:root:twist: [-0.002   0.0022 -0.0215  0.0218 -0.1314 -0.0397]
INFO:root:twist: [-0.002   0.0024 -0.0215  0.022  -0.1314 -0.0396]
INFO:root:twist: [-0.0021  0.0024 -0.0215  0.0221 -0.1314 -0.0395]
INFO:root:twist: [-0.0021  0.0025 -0.0216  0.0223 -0.1314 -0.0395]
INFO:root:twist: [-0.0021  0.0027 -0.0216  0.0225 -0.1314 -0.0393]
INFO:root:twist: [-0.0022  0.0029 -0.0216  0.0227 -0.1314 -0.0392]
INFO:root:twist: [-0.0022  0.003  -0.0216  0.0229 -0.1314 -0.0391]
INFO:root:twist: [-0.0022  0.0031 -0.0216  0.023  -0.1314 -0.0391]
INFO:root:twist: [-0.0022  0.0032 -0.0217  0.0231 -0.1315 -0.039 ]
INFO:root:twist: [-0.0023  0.0034 -0.0217  0.0234 -0.1315 -0.0389]
INFO:root:twist: [-0.0023  0.0035 -0.0217  0.0235 -0.1315 -0.0388]
INFO:root:twist: [-0.0023  0.0037 -0.0217  0.0238 -0.1315 -0.0387]
INFO:root:twist: [-0.0024  0.0038 -0.0217  0.0238 -0.1315 -0.0386]
INFO:root:twist: [-0.0024  0.0039 -0.0217  0.024  -0.1316 -0.0386]
INFO:root:twist: [-0.0024  0.0041 -0.0217  0.0242 -0.1316 -0.0384]
INFO:root:twist: [-0.0025  0.0042 -0.0218  0.0244 -0.1316 -0.0383]
INFO:root:twist: [-0.0025  0.0044 -0.0218  0.0246 -0.1316 -0.0382]
INFO:root:twist: [-0.0025  0.0044 -0.0218  0.0247 -0.1316 -0.0382]
INFO:root:twist: [-0.0025  0.0046 -0.0218  0.0249 -0.1317 -0.038 ]
INFO:root:twist: [-0.0026  0.0047 -0.0219  0.0251 -0.1316 -0.0379]
INFO:root:twist: [-0.0026  0.0049 -0.0219  0.0253 -0.1317 -0.0378]
INFO:root:twist: [-0.0027  0.005  -0.0219  0.0255 -0.1317 -0.0377]
INFO:root:twist: [-0.0027  0.0051 -0.022   0.0255 -0.1317 -0.0376]
INFO:root:twist: [-0.0027  0.0053 -0.022   0.0257 -0.1317 -0.0375]
INFO:root:twist: [-0.0027  0.0054 -0.022   0.0259 -0.1317 -0.0374]
INFO:root:twist: [-0.0028  0.0056 -0.022   0.0261 -0.1317 -0.0373]
INFO:root:twist: [-0.0028  0.0057 -0.022   0.0264 -0.1318 -0.0372]
INFO:root:twist: [-0.0028  0.0058 -0.0221  0.0264 -0.1318 -0.0371]
INFO:root:twist: [-0.0029  0.0059 -0.0221  0.0266 -0.1318 -0.0371]
INFO:root:twist: [-0.0029  0.0061 -0.0221  0.0268 -0.1318 -0.0369]
INFO:root:twist: [-0.0029  0.0063 -0.0221  0.027  -0.1318 -0.0368]
INFO:root:twist: [-0.003   0.0064 -0.0221  0.0273 -0.1318 -0.0367]
INFO:root:twist: [-0.003   0.0065 -0.0222  0.0273 -0.1318 -0.0367]
INFO:root:twist: [-0.003   0.0066 -0.0222  0.0275 -0.1318 -0.0366]
INFO:root:twist: [-0.0031  0.0068 -0.0222  0.0277 -0.1319 -0.0365]
INFO:root:twist: [-0.0031  0.007  -0.0222  0.0279 -0.1319 -0.0364]
INFO:root:twist: [-0.0032  0.0071 -0.0223  0.0282 -0.1319 -0.0363]
INFO:root:twist: [-0.0032  0.0072 -0.0223  0.0282 -0.1319 -0.0363]
INFO:root:twist: [-0.0032  0.0073 -0.0223  0.0284 -0.1319 -0.0362]
INFO:root:twist: [-0.0033  0.0075 -0.0224  0.0287 -0.1319 -0.0361]
INFO:root:twist: [-0.0033  0.0076 -0.0224  0.0289 -0.1319 -0.0361]
INFO:root:twist: [-0.0033  0.0078 -0.0224  0.0291 -0.1319 -0.036 ]
INFO:root:twist: [-0.0033  0.0079 -0.0225  0.0292 -0.1319 -0.036 ]
INFO:root:twist: [-0.0034  0.008  -0.0225  0.0294 -0.132  -0.0359]
INFO:root:twist: [-0.0034  0.0082 -0.0225  0.0296 -0.132  -0.0359]
INFO:root:twist: [-0.0035  0.0083 -0.0225  0.0298 -0.132  -0.0358]
INFO:root:twist: [-0.0035  0.0085 -0.0225  0.0301 -0.132  -0.0358]
INFO:root:twist: [-0.0035  0.0086 -0.0226  0.0301 -0.132  -0.0357]
INFO:root:twist: [-0.0036  0.0087 -0.0226  0.0303 -0.132  -0.0357]
INFO:root:twist: [-0.0036  0.0089 -0.0226  0.0306 -0.132  -0.0356]
INFO:root:twist: [-0.0036  0.009  -0.0227  0.0308 -0.1321 -0.0356]
INFO:root:twist: [-0.0037  0.0092 -0.0227  0.0311 -0.1321 -0.0356]
INFO:root:twist: [-0.0037  0.0092 -0.0227  0.0312 -0.1321 -0.0356]
INFO:root:twist: [-0.0037  0.0094 -0.0228  0.0314 -0.1321 -0.0355]
INFO:root:twist: [-0.0038  0.0096 -0.0228  0.0316 -0.1321 -0.0355]
INFO:root:twist: [-0.0038  0.0097 -0.0228  0.0319 -0.1321 -0.0355]
INFO:root:twist: [-0.0039  0.0099 -0.0228  0.0321 -0.1321 -0.0355]
INFO:root:twist: [-0.0039  0.0099 -0.0229  0.0322 -0.1321 -0.0355]
INFO:root:twist: [-0.0039  0.01   -0.0229  0.0324 -0.1321 -0.0354]
INFO:root:twist: [-0.004   0.0102 -0.0229  0.0327 -0.1322 -0.0354]
INFO:root:twist: [-0.004   0.0104 -0.023   0.0329 -0.1322 -0.0354]
INFO:root:twist: [-0.0041  0.0105 -0.023   0.0332 -0.1322 -0.0354]
INFO:root:twist: [-0.0041  0.0106 -0.023   0.0332 -0.1322 -0.0354]
INFO:root:twist: [-0.0041  0.0107 -0.0231  0.0334 -0.1322 -0.0354]
INFO:root:twist: [-0.0042  0.0109 -0.0231  0.0337 -0.1322 -0.0354]
INFO:root:twist: [-0.0042  0.011  -0.0231  0.034  -0.1322 -0.0354]
INFO:root:twist: [-0.0043  0.0112 -0.0231  0.0342 -0.1322 -0.0354]
INFO:root:twist: [-0.0043  0.0113 -0.0232  0.0343 -0.1322 -0.0354]
INFO:root:twist: [-0.0043  0.0114 -0.0232  0.0345 -0.1323 -0.0354]
INFO:root:twist: [-0.0044  0.0116 -0.0232  0.0348 -0.1323 -0.0354]
INFO:root:twist: [-0.0044  0.0117 -0.0233  0.0351 -0.1323 -0.0354]
INFO:root:twist: [-0.0044  0.0119 -0.0233  0.0353 -0.1323 -0.0354]
INFO:root:twist: [-0.0045  0.0119 -0.0233  0.0354 -0.1323 -0.0354]
INFO:root:twist: [-0.0045  0.0121 -0.0234  0.0357 -0.1323 -0.0354]
INFO:root:twist: [-0.0045  0.0123 -0.0234  0.0359 -0.1323 -0.0354]
INFO:root:twist: [-0.0046  0.0124 -0.0234  0.0362 -0.1323 -0.0354]
INFO:root:twist: [-0.0046  0.0126 -0.0234  0.0364 -0.1323 -0.0354]
INFO:root:twist: [-0.0047  0.0126 -0.0235  0.0365 -0.1323 -0.0354]
INFO:root:twist: [-0.0047  0.0128 -0.0235  0.0368 -0.1324 -0.0354]
INFO:root:twist: [-0.0047  0.0129 -0.0236  0.037  -0.1323 -0.0355]
INFO:root:twist: [-0.0048  0.0131 -0.0236  0.0373 -0.1323 -0.0355]
INFO:root:twist: [-0.0048  0.0132 -0.0236  0.0376 -0.1323 -0.0355]
INFO:root:twist: [-0.0048  0.0133 -0.0237  0.0376 -0.1323 -0.0355]
INFO:root:twist: [-0.0049  0.0134 -0.0237  0.0379 -0.1323 -0.0355]
INFO:root:twist: [-0.0049  0.0136 -0.0237  0.0382 -0.1323 -0.0355]
INFO:root:twist: [-0.005   0.0137 -0.0238  0.0384 -0.1323 -0.0355]
INFO:root:twist: [-0.005   0.0139 -0.0238  0.0387 -0.1323 -0.0355]
INFO:root:twist: [-0.005   0.014  -0.0238  0.0388 -0.1323 -0.0356]
INFO:root:twist: [-0.0051  0.0141 -0.0239  0.039  -0.1323 -0.0356]
INFO:root:twist: [-0.0051  0.0143 -0.0239  0.0393 -0.1323 -0.0356]
INFO:root:twist: [-0.0052  0.0144 -0.0239  0.0395 -0.1323 -0.0356]
INFO:root:twist: [-0.0052  0.0146 -0.0239  0.0398 -0.1323 -0.0356]
INFO:root:twist: [-0.0052  0.0146 -0.024   0.0399 -0.1324 -0.0356]
INFO:root:twist: [-0.0053  0.0148 -0.024   0.0401 -0.1323 -0.0356]
INFO:root:twist: [-0.0053  0.0149 -0.024   0.0404 -0.1324 -0.0356]
INFO:root:twist: [-0.0054  0.0151 -0.0241  0.0407 -0.1324 -0.0356]
INFO:root:twist: [-0.0054  0.0152 -0.0241  0.0409 -0.1324 -0.0356]
INFO:root:twist: [-0.0054  0.0153 -0.0241  0.041  -0.1324 -0.0356]
INFO:root:twist: [-0.0055  0.0154 -0.0242  0.0413 -0.1324 -0.0356]
INFO:root:twist: [-0.0055  0.0156 -0.0242  0.0416 -0.1324 -0.0356]
INFO:root:twist: [-0.0056  0.0158 -0.0242  0.0418 -0.1324 -0.0356]
INFO:root:twist: [-0.0056  0.0159 -0.0242  0.0421 -0.1324 -0.0356]
INFO:root:twist: [-0.0056  0.016  -0.0243  0.0422 -0.1324 -0.0356]
INFO:root:twist: [-0.0057  0.0161 -0.0243  0.0424 -0.1324 -0.0357]
INFO:root:twist: [-0.0057  0.0163 -0.0243  0.0427 -0.1324 -0.0357]
INFO:root:twist: [-0.0058  0.0164 -0.0244  0.0429 -0.1324 -0.0357]
INFO:root:twist: [-0.0058  0.0166 -0.0244  0.0432 -0.1324 -0.0357]
INFO:root:twist: [-0.0058  0.0166 -0.0244  0.0433 -0.1324 -0.0357]
INFO:root:twist: [-0.0059  0.0168 -0.0245  0.0436 -0.1324 -0.0357]
INFO:root:twist: [-0.0059  0.0169 -0.0245  0.0438 -0.1324 -0.0357]
INFO:root:twist: [-0.0059  0.0171 -0.0245  0.0441 -0.1324 -0.0357]
INFO:root:twist: [-0.006   0.0172 -0.0245  0.0443 -0.1324 -0.0357]
INFO:root:twist: [-0.006   0.0173 -0.0246  0.0444 -0.1324 -0.0357]
INFO:root:twist: [-0.006   0.0174 -0.0246  0.0447 -0.1324 -0.0357]
INFO:root:twist: [-0.0061  0.0176 -0.0246  0.045  -0.1324 -0.0357]
INFO:root:twist: [-0.0061  0.0177 -0.0247  0.0452 -0.1324 -0.0357]
INFO:root:twist: [-0.0062  0.0179 -0.0247  0.0455 -0.1324 -0.0357]
INFO:root:twist: [-0.0062  0.018  -0.0247  0.0456 -0.1324 -0.0358]
INFO:root:twist: [-0.0062  0.0181 -0.0248  0.0458 -0.1324 -0.0358]
INFO:root:twist: [-0.0063  0.0183 -0.0248  0.0461 -0.1324 -0.0358]
INFO:root:twist: [-0.0063  0.0184 -0.0248  0.0464 -0.1324 -0.0358]
INFO:root:twist: [-0.0063  0.0186 -0.0248  0.0467 -0.1324 -0.0358]
INFO:root:twist: [-0.0064  0.0186 -0.0249  0.0468 -0.1324 -0.0358]
INFO:root:twist: [-0.0064  0.0188 -0.0249  0.047  -0.1324 -0.0359]
INFO:root:twist: [-0.0064  0.0189 -0.0249  0.0473 -0.1325 -0.0359]
INFO:root:twist: [-0.0065  0.0191 -0.0249  0.0476 -0.1325 -0.0359]
INFO:root:twist: [-0.0065  0.0192 -0.0249  0.0478 -0.1325 -0.036 ]
INFO:root:twist: [-0.0065  0.0193 -0.025   0.0479 -0.1325 -0.036 ]
INFO:root:twist: [-0.0066  0.0194 -0.025   0.0482 -0.1325 -0.036 ]
INFO:root:twist: [-0.0066  0.0196 -0.025   0.0485 -0.1325 -0.0361]
INFO:root:twist: [-0.0066  0.0197 -0.0251  0.0488 -0.1325 -0.0361]
INFO:root:twist: [-0.0067  0.0199 -0.0251  0.0491 -0.1326 -0.0361]
INFO:root:twist: [-0.0067  0.02   -0.0251  0.0492 -0.1326 -0.0361]
INFO:root:twist: [-0.0067  0.0201 -0.0252  0.0494 -0.1326 -0.0362]
INFO:root:twist: [-0.0068  0.0203 -0.0252  0.0497 -0.1326 -0.0362]
INFO:root:twist: [-0.0068  0.0204 -0.0252  0.05   -0.1326 -0.0363]
INFO:root:twist: [-0.0068  0.0206 -0.0252  0.0503 -0.1326 -0.0364]
INFO:root:twist: [-0.0069  0.0206 -0.0253  0.0504 -0.1326 -0.0364]
INFO:root:twist: [-0.0069  0.0208 -0.0253  0.0507 -0.1327 -0.0364]
INFO:root:twist: [-0.0069  0.0209 -0.0253  0.051  -0.1327 -0.0365]
INFO:root:twist: [-0.007   0.0211 -0.0253  0.0513 -0.1327 -0.0366]
INFO:root:twist: [-0.007   0.0213 -0.0254  0.0516 -0.1328 -0.0366]
INFO:root:twist: [-0.007   0.0213 -0.0254  0.0517 -0.1328 -0.0367]
INFO:root:twist: [-0.0071  0.0215 -0.0254  0.052  -0.1328 -0.0367]
INFO:root:twist: [-0.0071  0.0216 -0.0254  0.0523 -0.1328 -0.0368]
INFO:root:twist: [-0.0071  0.0218 -0.0255  0.0526 -0.1329 -0.0369]
INFO:root:twist: [-0.0072  0.0219 -0.0255  0.0529 -0.1329 -0.037 ]
INFO:root:twist: [-0.0072  0.022  -0.0255  0.0531 -0.1329 -0.037 ]
INFO:root:twist: [-0.0072  0.0222 -0.0256  0.0533 -0.1329 -0.0371]
INFO:root:twist: [-0.0072  0.0223 -0.0256  0.0537 -0.133  -0.0372]
INFO:root:twist: [-0.0073  0.0225 -0.0256  0.054  -0.133  -0.0373]
INFO:root:twist: [-0.0073  0.0226 -0.0256  0.0543 -0.133  -0.0374]
INFO:root:twist: [-0.0073  0.0227 -0.0257  0.0544 -0.133  -0.0375]
INFO:root:twist: [-0.0074  0.0228 -0.0257  0.0547 -0.133  -0.0376]
INFO:root:twist: [-0.0074  0.023  -0.0257  0.0551 -0.133  -0.0377]
INFO:root:twist: [-0.0075  0.0231 -0.0258  0.0554 -0.1331 -0.0378]
INFO:root:twist: [-0.0075  0.0233 -0.0258  0.0557 -0.1331 -0.0379]
INFO:root:twist: [-0.0075  0.0233 -0.0258  0.0558 -0.1331 -0.0379]
INFO:root:twist: [-0.0075  0.0235 -0.0259  0.0561 -0.1331 -0.0381]
INFO:root:twist: [-0.0076  0.0236 -0.0259  0.0565 -0.1331 -0.0382]
INFO:root:twist: [-0.0076  0.0238 -0.0259  0.0568 -0.1332 -0.0383]
INFO:root:twist: [-0.0077  0.0239 -0.0259  0.0571 -0.1332 -0.0384]
INFO:root:twist: [-0.0077  0.024  -0.026   0.0573 -0.1332 -0.0385]
INFO:root:twist: [-0.0077  0.0241 -0.026   0.0575 -0.1332 -0.0386]
INFO:root:twist: [-0.0078  0.0243 -0.026   0.0579 -0.1332 -0.0387]
INFO:root:twist: [-0.0078  0.0244 -0.0261  0.0582 -0.1332 -0.0389]
INFO:root:twist: [-0.0078  0.0246 -0.0261  0.0585 -0.1333 -0.039 ]
INFO:root:twist: [-0.0079  0.0246 -0.0261  0.0587 -0.1333 -0.039 ]
INFO:root:twist: [-0.0079  0.0248 -0.0262  0.0589 -0.1333 -0.0391]
INFO:root:twist: [-0.0079  0.0249 -0.0262  0.0593 -0.1333 -0.0393]
INFO:root:twist: [-0.008   0.0251 -0.0262  0.0596 -0.1333 -0.0394]
INFO:root:twist: [-0.008   0.0252 -0.0262  0.0599 -0.1333 -0.0395]
INFO:root:twist: [-0.008   0.0253 -0.0263  0.06   -0.1333 -0.0396]
INFO:root:twist: [-0.0081  0.0254 -0.0263  0.0603 -0.1333 -0.0397]
INFO:root:twist: [-0.0081  0.0256 -0.0263  0.0607 -0.1334 -0.0398]
INFO:root:twist: [-0.0082  0.0257 -0.0264  0.0609 -0.1333 -0.04  ]
INFO:root:twist: [-0.0082  0.0258 -0.0264  0.0613 -0.1333 -0.0401]
INFO:root:twist: [-0.0082  0.0259 -0.0265  0.0614 -0.1333 -0.0401]
INFO:root:twist: [-0.0083  0.026  -0.0265  0.0616 -0.1333 -0.0402]
INFO:root:twist: [-0.0083  0.0262 -0.0265  0.062  -0.1333 -0.0404]
INFO:root:twist: [-0.0083  0.0263 -0.0266  0.0623 -0.1333 -0.0405]
INFO:root:twist: [-0.0084  0.0264 -0.0266  0.0626 -0.1333 -0.0406]
INFO:root:twist: [-0.0084  0.0265 -0.0266  0.0627 -0.1334 -0.0407]
INFO:root:twist: [-0.0084  0.0266 -0.0267  0.063  -0.1334 -0.0408]
INFO:root:twist: [-0.0085  0.0268 -0.0267  0.0633 -0.1334 -0.0409]
INFO:root:twist: [-0.0085  0.0269 -0.0267  0.0636 -0.1334 -0.0411]
INFO:root:twist: [-0.0086  0.027  -0.0267  0.0639 -0.1334 -0.0412]
INFO:root:twist: [-0.0086  0.0271 -0.0268  0.064  -0.1334 -0.0413]
INFO:root:twist: [-0.0086  0.0272 -0.0268  0.0643 -0.1334 -0.0414]
INFO:root:twist: [-0.0087  0.0273 -0.0269  0.0646 -0.1334 -0.0416]
INFO:root:twist: [-0.0087  0.0275 -0.0269  0.0649 -0.1334 -0.0417]
INFO:root:twist: [-0.0087  0.0276 -0.0269  0.0652 -0.1334 -0.0418]
INFO:root:twist: [-0.0087  0.0277 -0.0269  0.0654 -0.1334 -0.0418]
INFO:root:twist: [-0.0088  0.0278 -0.027   0.0656 -0.1334 -0.042 ]
INFO:root:twist: [-0.0088  0.0279 -0.027   0.0659 -0.1335 -0.0421]
INFO:root:twist: [-0.0088  0.0281 -0.027   0.0662 -0.1335 -0.0423]
INFO:root:twist: [-0.0089  0.0282 -0.027   0.0666 -0.1335 -0.0424]
INFO:root:twist: [-0.0089  0.0283 -0.0271  0.0667 -0.1335 -0.0425]
INFO:root:twist: [-0.0089  0.0284 -0.0271  0.067  -0.1335 -0.0427]
INFO:root:twist: [-0.009   0.0285 -0.0271  0.0673 -0.1335 -0.0428]
INFO:root:twist: [-0.009   0.0286 -0.0272  0.0676 -0.1335 -0.043 ]
INFO:root:twist: [-0.009   0.0288 -0.0272  0.0679 -0.1335 -0.0431]
INFO:root:twist: [-0.009   0.0288 -0.0272  0.068  -0.1335 -0.0432]
INFO:root:twist: [-0.0091  0.0289 -0.0273  0.0683 -0.1335 -0.0433]
INFO:root:twist: [-0.0091  0.0291 -0.0273  0.0686 -0.1335 -0.0435]
INFO:root:twist: [-0.0091  0.0292 -0.0273  0.0689 -0.1336 -0.0437]
INFO:root:twist: [-0.0092  0.0293 -0.0273  0.0692 -0.1336 -0.0439]
INFO:root:twist: [-0.0092  0.0294 -0.0274  0.0693 -0.1336 -0.0439]
INFO:root:twist: [-0.0092  0.0295 -0.0274  0.0696 -0.1336 -0.0441]
INFO:root:twist: [-0.0093  0.0296 -0.0274  0.0699 -0.1336 -0.0443]
INFO:root:twist: [-0.0093  0.0297 -0.0274  0.0702 -0.1336 -0.0444]
INFO:root:twist: [-0.0093  0.0299 -0.0274  0.0706 -0.1336 -0.0446]
INFO:root:twist: [-0.0093  0.0299 -0.0275  0.0707 -0.1336 -0.0447]
INFO:root:twist: [-0.0094  0.03   -0.0275  0.0709 -0.1336 -0.0448]
INFO:root:twist: [-0.0094  0.0301 -0.0275  0.0712 -0.1336 -0.045 ]
INFO:root:twist: [-0.0094  0.0303 -0.0275  0.0715 -0.1336 -0.0452]
INFO:root:twist: [-0.0095  0.0304 -0.0276  0.0718 -0.1336 -0.0454]
INFO:root:twist: [-0.0095  0.0304 -0.0276  0.0719 -0.1336 -0.0454]
INFO:root:twist: [-0.0095  0.0305 -0.0276  0.0722 -0.1336 -0.0456]
INFO:root:twist: [-0.0095  0.0306 -0.0276  0.0725 -0.1337 -0.0458]
INFO:root:twist: [-0.0096  0.0307 -0.0277  0.0727 -0.1337 -0.0459]
INFO:root:twist: [-0.0096  0.0309 -0.0277  0.073  -0.1337 -0.0461]
INFO:root:twist: [-0.0096  0.0309 -0.0277  0.0731 -0.1337 -0.0461]
INFO:root:twist: [-0.0096  0.031  -0.0277  0.0734 -0.1337 -0.0462]
INFO:root:twist: [-0.0097  0.0311 -0.0277  0.0737 -0.1336 -0.0464]
INFO:root:twist: [-0.0097  0.0312 -0.0278  0.0739 -0.1336 -0.0466]
INFO:root:twist: [-0.0097  0.0313 -0.0278  0.0742 -0.1336 -0.0467]
INFO:root:twist: [-0.0098  0.0314 -0.0278  0.0743 -0.1336 -0.0468]
INFO:root:twist: [-0.0098  0.0314 -0.0278  0.0745 -0.1336 -0.0469]
INFO:root:twist: [-0.0098  0.0315 -0.0278  0.0747 -0.1336 -0.047 ]
INFO:root:twist: [-0.0098  0.0316 -0.0279  0.075  -0.1336 -0.0472]
INFO:root:twist: [-0.0099  0.0317 -0.0279  0.0752 -0.1336 -0.0473]
INFO:root:twist: [-0.0099  0.0318 -0.0279  0.0753 -0.1336 -0.0473]
INFO:root:twist: [-0.0099  0.0319 -0.0279  0.0755 -0.1336 -0.0474]
INFO:root:twist: [-0.0099  0.032  -0.0279  0.0757 -0.1336 -0.0475]
INFO:root:twist: [-0.01    0.032  -0.0279  0.0759 -0.1336 -0.0476]
INFO:root:twist: [-0.01    0.0321 -0.0279  0.0761 -0.1335 -0.0477]
INFO:root:twist: [-0.01    0.0322 -0.028   0.0762 -0.1335 -0.0478]
INFO:root:twist: [-0.01    0.0323 -0.028   0.0764 -0.1335 -0.0479]
INFO:root:twist: [-0.0101  0.0323 -0.028   0.0766 -0.1335 -0.048 ]
INFO:root:twist: [-0.0101  0.0324 -0.028   0.0768 -0.1335 -0.048 ]
INFO:root:twist: [-0.0101  0.0325 -0.028   0.077  -0.1335 -0.0481]
INFO:root:twist: [-0.0101  0.0325 -0.028   0.0771 -0.1335 -0.0482]
INFO:root:twist: [-0.0101  0.0326 -0.028   0.0772 -0.1335 -0.0482]
INFO:root:twist: [-0.0102  0.0327 -0.028   0.0774 -0.1334 -0.0483]
INFO:root:twist: [-0.0102  0.0328 -0.0281  0.0776 -0.1334 -0.0484]
INFO:root:twist: [-0.0102  0.0329 -0.0281  0.0778 -0.1334 -0.0485]
INFO:root:twist: [-0.0102  0.0329 -0.0281  0.0779 -0.1334 -0.0485]
INFO:root:twist: [-0.0102  0.033  -0.0281  0.078  -0.1334 -0.0486]
INFO:root:twist: [-0.0103  0.033  -0.0281  0.0782 -0.1333 -0.0486]
INFO:root:twist: [-0.0103  0.0331 -0.0281  0.0783 -0.1333 -0.0487]
INFO:root:twist: [-0.0103  0.0332 -0.0281  0.0785 -0.1333 -0.0488]
INFO:root:twist: [-0.0103  0.0332 -0.0281  0.0786 -0.1333 -0.0488]
INFO:root:twist: [-0.0103  0.0333 -0.0282  0.0787 -0.1332 -0.0488]
INFO:root:twist: [-0.0104  0.0333 -0.0282  0.0789 -0.1332 -0.0489]
INFO:root:twist: [-0.0104  0.0334 -0.0282  0.079  -0.1332 -0.049 ]
INFO:root:twist: [-0.0104  0.0335 -0.0281  0.0792 -0.1331 -0.049 ]
INFO:root:twist: [-0.0104  0.0335 -0.0282  0.0792 -0.1331 -0.0491]
INFO:root:twist: [-0.0104  0.0336 -0.0282  0.0794 -0.1331 -0.0491]
INFO:root:twist: [-0.0104  0.0336 -0.0282  0.0795 -0.1331 -0.0492]
INFO:root:twist: [-0.0105  0.0337 -0.0282  0.0796 -0.133  -0.0492]
INFO:root:twist: [-0.0105  0.0337 -0.0282  0.0798 -0.133  -0.0493]
INFO:root:twist: [-0.0105  0.0338 -0.0282  0.0798 -0.133  -0.0493]
INFO:root:twist: [-0.0105  0.0338 -0.0282  0.0799 -0.133  -0.0494]
INFO:root:twist: [-0.0105  0.0339 -0.0282  0.0801 -0.1329 -0.0494]
INFO:root:twist: [-0.0105  0.0339 -0.0282  0.0802 -0.1329 -0.0495]
INFO:root:twist: [-0.0105  0.034  -0.0282  0.0803 -0.1329 -0.0495]
INFO:root:twist: [-0.0105  0.034  -0.0282  0.0803 -0.1329 -0.0496]
INFO:root:twist: [-0.0106  0.034  -0.0282  0.0805 -0.1328 -0.0496]
INFO:root:twist: [-0.0106  0.0341 -0.0282  0.0806 -0.1328 -0.0497]
INFO:root:twist: [-0.0106  0.0341 -0.0282  0.0807 -0.1328 -0.0497]
INFO:root:twist: [-0.0106  0.0342 -0.0282  0.0808 -0.1327 -0.0498]
INFO:root:twist: [-0.0106  0.0342 -0.0282  0.0808 -0.1327 -0.0498]
INFO:root:twist: [-0.0106  0.0342 -0.0282  0.0809 -0.1327 -0.0498]
INFO:root:twist: [-0.0106  0.0343 -0.0282  0.081  -0.1327 -0.0499]
INFO:root:twist: [-0.0106  0.0343 -0.0282  0.0811 -0.1327 -0.0499]
INFO:root:twist: [-0.0106  0.0343 -0.0281  0.0812 -0.1326 -0.05  ]
INFO:root:twist: [-0.0106  0.0344 -0.0282  0.0812 -0.1326 -0.05  ]
INFO:root:twist: [-0.0106  0.0344 -0.0281  0.0813 -0.1326 -0.05  ]
INFO:root:twist: [-0.0106  0.0344 -0.0281  0.0814 -0.1325 -0.0501]
INFO:root:twist: [-0.0106  0.0345 -0.0281  0.0814 -0.1325 -0.0501]
INFO:root:twist: [-0.0106  0.0345 -0.0281  0.0815 -0.1325 -0.0501]
INFO:root:twist: [-0.0107  0.0345 -0.0281  0.0815 -0.1325 -0.0501]
INFO:root:twist: [-0.0107  0.0345 -0.0281  0.0816 -0.1324 -0.0502]
INFO:root:twist: [-0.0107  0.0346 -0.0281  0.0817 -0.1324 -0.0502]
INFO:root:twist: [-0.0107  0.0346 -0.0281  0.0817 -0.1324 -0.0503]
INFO:root:twist: [-0.0107  0.0346 -0.028   0.0818 -0.1324 -0.0503]
INFO:root:twist: [-0.0107  0.0346 -0.0281  0.0818 -0.1323 -0.0503]
INFO:root:twist: [-0.0107  0.0346 -0.028   0.0819 -0.1323 -0.0503]
INFO:root:twist: [-0.0107  0.0347 -0.028   0.0819 -0.1323 -0.0504]
INFO:root:twist: [-0.0107  0.0347 -0.028   0.082  -0.1322 -0.0504]
INFO:root:twist: [-0.0106  0.0347 -0.0279  0.082  -0.1322 -0.0504]
INFO:root:twist: [-0.0106  0.0347 -0.028   0.082  -0.1322 -0.0504]
INFO:root:twist: [-0.0106  0.0347 -0.028   0.0821 -0.1321 -0.0505]
INFO:root:twist: [-0.0106  0.0347 -0.0279  0.0821 -0.1321 -0.0505]
INFO:root:twist: [-0.0106  0.0347 -0.0279  0.0821 -0.1321 -0.0505]
INFO:root:twist: [-0.0106  0.0347 -0.0278  0.0822 -0.132  -0.0506]
INFO:root:twist: [-0.0106  0.0347 -0.0279  0.0822 -0.132  -0.0506]
INFO:root:twist: [-0.0106  0.0347 -0.0279  0.0822 -0.1319 -0.0506]
INFO:root:twist: [-0.0106  0.0347 -0.0278  0.0822 -0.1319 -0.0507]
INFO:root:twist: [-0.0106  0.0348 -0.0278  0.0823 -0.1318 -0.0507]
INFO:root:twist: [-0.0106  0.0347 -0.0277  0.0823 -0.1318 -0.0507]
INFO:root:twist: [-0.0106  0.0348 -0.0278  0.0823 -0.1318 -0.0507]
INFO:root:twist: [-0.0106  0.0348 -0.0278  0.0823 -0.1317 -0.0508]
INFO:root:twist: [-0.0106  0.0347 -0.0277  0.0824 -0.1317 -0.0509]
INFO:root:twist: [-0.0106  0.0347 -0.0277  0.0824 -0.1316 -0.0509]
INFO:root:twist: [-0.0105  0.0347 -0.0276  0.0824 -0.1316 -0.051 ]
INFO:root:twist: [-0.0105  0.0347 -0.0277  0.0824 -0.1315 -0.051 ]
INFO:root:twist: [-0.0105  0.0347 -0.0276  0.0825 -0.1315 -0.051 ]
INFO:root:twist: [-0.0105  0.0347 -0.0276  0.0825 -0.1314 -0.0511]
INFO:root:twist: [-0.0105  0.0347 -0.0276  0.0825 -0.1314 -0.0511]
INFO:root:twist: [-0.0105  0.0347 -0.0275  0.0825 -0.1314 -0.0512]
INFO:root:twist: [-0.0105  0.0347 -0.0275  0.0826 -0.1314 -0.0512]
INFO:root:twist: [-0.0105  0.0347 -0.0275  0.0826 -0.1313 -0.0513]
INFO:root:twist: [-0.0105  0.0347 -0.0275  0.0826 -0.1313 -0.0513]
INFO:root:twist: [-0.0104  0.0347 -0.0274  0.0826 -0.1312 -0.0514]
INFO:root:twist: [-0.0104  0.0347 -0.0274  0.0826 -0.1312 -0.0514]
INFO:root:twist: [-0.0104  0.0347 -0.0274  0.0827 -0.1312 -0.0515]
INFO:root:twist: [-0.0104  0.0347 -0.0274  0.0827 -0.1311 -0.0515]
INFO:root:twist: [-0.0104  0.0347 -0.0273  0.0827 -0.1311 -0.0516]
INFO:root:twist: [-0.0104  0.0346 -0.0273  0.0827 -0.1311 -0.0517]
INFO:root:twist: [-0.0103  0.0346 -0.0273  0.0827 -0.131  -0.0517]
INFO:root:twist: [-0.0103  0.0346 -0.0273  0.0827 -0.131  -0.0518]
INFO:root:twist: [-0.0103  0.0346 -0.0272  0.0828 -0.131  -0.0518]
INFO:root:twist: [-0.0103  0.0346 -0.0272  0.0828 -0.1309 -0.0519]
INFO:root:twist: [-0.0103  0.0346 -0.0272  0.0828 -0.1309 -0.052 ]
INFO:root:twist: [-0.0103  0.0345 -0.0271  0.0828 -0.1308 -0.0521]
INFO:root:twist: [-0.0103  0.0345 -0.0272  0.0828 -0.1308 -0.0521]
INFO:root:twist: [-0.0103  0.0345 -0.0271  0.0828 -0.1308 -0.0522]
INFO:root:twist: [-0.0102  0.0345 -0.0271  0.0829 -0.1308 -0.0523]
INFO:root:twist: [-0.0102  0.0345 -0.027   0.0829 -0.1307 -0.0523]
INFO:root:twist: [-0.0102  0.0344 -0.027   0.0829 -0.1307 -0.0524]
INFO:root:twist: [-0.0102  0.0344 -0.027   0.0829 -0.1307 -0.0524]
INFO:root:twist: [-0.0102  0.0344 -0.027   0.0829 -0.1307 -0.0525]
INFO:root:twist: [-0.0101  0.0344 -0.0269  0.0829 -0.1307 -0.0526]
INFO:root:twist: [-0.0101  0.0343 -0.0269  0.0829 -0.1307 -0.0527]
INFO:root:twist: [-0.0101  0.0343 -0.0269  0.083  -0.1306 -0.0528]
INFO:root:twist: [-0.0101  0.0343 -0.0269  0.083  -0.1306 -0.0528]
INFO:root:twist: [-0.0101  0.0343 -0.0268  0.083  -0.1306 -0.0529]
INFO:root:twist: [-0.01    0.0342 -0.0268  0.083  -0.1306 -0.053 ]
INFO:root:twist: [-0.01    0.0342 -0.0267  0.083  -0.1306 -0.0531]
INFO:root:twist: [-0.01    0.0342 -0.0267  0.083  -0.1306 -0.0532]
INFO:root:twist: [-0.01    0.0342 -0.0267  0.083  -0.1306 -0.0532]
INFO:root:twist: [-0.01    0.0341 -0.0267  0.083  -0.1306 -0.0533]
INFO:root:twist: [-0.0099  0.0341 -0.0266  0.083  -0.1306 -0.0535]
INFO:root:twist: [-0.0099  0.0341 -0.0266  0.083  -0.1306 -0.0536]
INFO:root:twist: [-0.0099  0.034  -0.0265  0.083  -0.1306 -0.0537]
INFO:root:twist: [-0.0099  0.034  -0.0265  0.083  -0.1306 -0.0537]
INFO:root:twist: [-0.0098  0.034  -0.0265  0.083  -0.1306 -0.0538]
INFO:root:twist: [-0.0098  0.0339 -0.0264  0.0831 -0.1306 -0.0539]
INFO:root:twist: [-0.0098  0.0339 -0.0264  0.0831 -0.1306 -0.0541]
INFO:root:twist: [-0.0097  0.0338 -0.0263  0.0831 -0.1306 -0.0542]
INFO:root:twist: [-0.0097  0.0338 -0.0263  0.0831 -0.1306 -0.0542]
INFO:root:twist: [-0.0097  0.0338 -0.0263  0.0831 -0.1306 -0.0543]
INFO:root:twist: [-0.0097  0.0337 -0.0262  0.0831 -0.1306 -0.0545]
INFO:root:twist: [-0.0097  0.0337 -0.0262  0.0831 -0.1306 -0.0546]
INFO:root:twist: [-0.0096  0.0336 -0.0261  0.0831 -0.1306 -0.0547]
INFO:root:twist: [-0.0096  0.0336 -0.0261  0.0831 -0.1306 -0.0547]
INFO:root:twist: [-0.0096  0.0335 -0.0261  0.0831 -0.1306 -0.0549]
INFO:root:twist: [-0.0096  0.0335 -0.026   0.0831 -0.1306 -0.055 ]
INFO:root:twist: [-0.0095  0.0334 -0.026   0.0831 -0.1306 -0.0551]
INFO:root:twist: [-0.0095  0.0334 -0.0259  0.0831 -0.1306 -0.0552]
INFO:root:twist: [-0.0095  0.0334 -0.0259  0.0831 -0.1306 -0.0553]
INFO:root:twist: [-0.0095  0.0333 -0.0259  0.0831 -0.1306 -0.0554]
INFO:root:twist: [-0.0094  0.0332 -0.0258  0.0831 -0.1306 -0.0555]
INFO:root:twist: [-0.0094  0.0332 -0.0258  0.0831 -0.1307 -0.0557]
INFO:root:twist: [-0.0094  0.0331 -0.0257  0.0831 -0.1307 -0.0558]
INFO:root:twist: [-0.0093  0.0331 -0.0257  0.0831 -0.1307 -0.0559]
INFO:root:twist: [-0.0093  0.0331 -0.0257  0.0831 -0.1307 -0.056 ]
INFO:root:twist: [-0.0093  0.033  -0.0256  0.083  -0.1307 -0.0561]
INFO:root:twist: [-0.0092  0.0329 -0.0256  0.083  -0.1308 -0.0562]
INFO:root:twist: [-0.0092  0.0328 -0.0255  0.083  -0.1308 -0.0564]
INFO:root:twist: [-0.0092  0.0328 -0.0255  0.083  -0.1308 -0.0564]
INFO:root:twist: [-0.0092  0.0328 -0.0254  0.083  -0.1308 -0.0566]
INFO:root:twist: [-0.0091  0.0327 -0.0254  0.083  -0.1308 -0.0567]
INFO:root:twist: [-0.0091  0.0326 -0.0253  0.083  -0.1308 -0.0569]
INFO:root:twist: [-0.009   0.0325 -0.0253  0.083  -0.1309 -0.057 ]
INFO:root:twist: [-0.009   0.0325 -0.0253  0.083  -0.1309 -0.0571]
INFO:root:twist: [-0.009   0.0325 -0.0252  0.083  -0.1309 -0.0572]
INFO:root:twist: [-0.009   0.0324 -0.0251  0.0829 -0.1309 -0.0573]
INFO:root:twist: [-0.0089  0.0323 -0.0251  0.0829 -0.1309 -0.0575]
INFO:root:twist: [-0.0089  0.0322 -0.025   0.0829 -0.1309 -0.0576]
INFO:root:twist: [-0.0089  0.0322 -0.025   0.0829 -0.1309 -0.0577]
INFO:root:twist: [-0.0088  0.0321 -0.025   0.0829 -0.131  -0.0578]
INFO:root:twist: [-0.0088  0.0321 -0.0249  0.0828 -0.131  -0.058 ]
INFO:root:twist: [-0.0088  0.032  -0.0248  0.0828 -0.131  -0.0581]
INFO:root:twist: [-0.0087  0.0319 -0.0248  0.0828 -0.131  -0.0583]
INFO:root:twist: [-0.0087  0.0319 -0.0248  0.0828 -0.131  -0.0583]
INFO:root:twist: [-0.0087  0.0318 -0.0247  0.0828 -0.131  -0.0584]
INFO:root:twist: [-0.0086  0.0317 -0.0246  0.0827 -0.1311 -0.0586]
INFO:root:twist: [-0.0086  0.0316 -0.0246  0.0827 -0.1311 -0.0587]
INFO:root:twist: [-0.0085  0.0315 -0.0245  0.0827 -0.1311 -0.0589]
INFO:root:twist: [-0.0085  0.0315 -0.0245  0.0827 -0.1311 -0.0589]
INFO:root:twist: [-0.0085  0.0314 -0.0245  0.0826 -0.1311 -0.0591]
INFO:root:twist: [-0.0084  0.0313 -0.0244  0.0826 -0.1311 -0.0592]
INFO:root:twist: [-0.0084  0.0312 -0.0243  0.0826 -0.1311 -0.0594]
INFO:root:twist: [-0.0084  0.0312 -0.0242  0.0825 -0.1311 -0.0595]
INFO:root:twist: [-0.0083  0.0311 -0.0242  0.0825 -0.1311 -0.0596]
INFO:root:twist: [-0.0083  0.031  -0.0242  0.0825 -0.1311 -0.0597]
INFO:root:twist: [-0.0083  0.0309 -0.0241  0.0825 -0.1311 -0.0599]
INFO:root:twist: [-0.0082  0.0308 -0.024   0.0824 -0.1312 -0.06  ]
INFO:root:twist: [-0.0082  0.0307 -0.0239  0.0824 -0.1312 -0.0602]
INFO:root:twist: [-0.0082  0.0307 -0.024   0.0824 -0.1312 -0.0602]
INFO:root:twist: [-0.0081  0.0306 -0.0239  0.0823 -0.1312 -0.0604]
INFO:root:twist: [-0.0081  0.0305 -0.0238  0.0823 -0.1312 -0.0606]
INFO:root:twist: [-0.008   0.0304 -0.0237  0.0822 -0.1312 -0.0607]
INFO:root:twist: [-0.008   0.0303 -0.0237  0.0822 -0.1312 -0.0608]
INFO:root:twist: [-0.008   0.0303 -0.0237  0.0822 -0.1312 -0.0609]
INFO:root:twist: [-0.0079  0.0302 -0.0236  0.0821 -0.1312 -0.061 ]
INFO:root:twist: [-0.0079  0.0301 -0.0235  0.0821 -0.1312 -0.0612]
INFO:root:twist: [-0.0078  0.03   -0.0235  0.082  -0.1312 -0.0613]
INFO:root:twist: [-0.0078  0.0299 -0.0234  0.082  -0.1312 -0.0615]
INFO:root:twist: [-0.0078  0.0299 -0.0234  0.082  -0.1313 -0.0615]
INFO:root:twist: [-0.0077  0.0298 -0.0233  0.0819 -0.1313 -0.0617]
INFO:root:twist: [-0.0077  0.0296 -0.0232  0.0819 -0.1313 -0.0619]
INFO:root:twist: [-0.0076  0.0295 -0.0231  0.0818 -0.1313 -0.062 ]
INFO:root:twist: [-0.0076  0.0294 -0.023   0.0818 -0.1313 -0.0622]
INFO:root:twist: [-0.0076  0.0294 -0.0231  0.0818 -0.1313 -0.0622]
INFO:root:twist: [-0.0075  0.0293 -0.023   0.0817 -0.1313 -0.0624]
INFO:root:twist: [-0.0075  0.0292 -0.0229  0.0817 -0.1314 -0.0625]
INFO:root:twist: [-0.0074  0.0291 -0.0228  0.0816 -0.1314 -0.0627]
INFO:root:twist: [-0.0074  0.029  -0.0227  0.0816 -0.1314 -0.0629]
INFO:root:twist: [-0.0074  0.0289 -0.0227  0.0815 -0.1314 -0.0629]
INFO:root:twist: [-0.0073  0.0288 -0.0227  0.0815 -0.1314 -0.063 ]
INFO:root:twist: [-0.0073  0.0287 -0.0226  0.0814 -0.1315 -0.0632]
INFO:root:twist: [-0.0072  0.0286 -0.0225  0.0814 -0.1315 -0.0634]
INFO:root:twist: [-0.0072  0.0285 -0.0224  0.0813 -0.1315 -0.0635]
INFO:root:twist: [-0.0071  0.0285 -0.0224  0.0813 -0.1315 -0.0636]
INFO:root:twist: [-0.0071  0.0284 -0.0223  0.0813 -0.1316 -0.0637]
INFO:root:twist: [-0.007   0.0282 -0.0222  0.0812 -0.1316 -0.0639]
INFO:root:twist: [-0.007   0.0281 -0.0222  0.0812 -0.1316 -0.064 ]
INFO:root:twist: [-0.0069  0.028  -0.0221  0.0811 -0.1316 -0.0642]
INFO:root:twist: [-0.0069  0.028  -0.0221  0.0811 -0.1316 -0.0643]
INFO:root:twist: [-0.0069  0.0279 -0.022   0.081  -0.1317 -0.0644]
INFO:root:twist: [-0.0068  0.0278 -0.0219  0.081  -0.1317 -0.0646]
INFO:root:twist: [-0.0068  0.0277 -0.0218  0.0809 -0.1317 -0.0647]
INFO:root:twist: [-0.0067  0.0275 -0.0217  0.0809 -0.1317 -0.0649]
INFO:root:twist: [-0.0067  0.0275 -0.0217  0.0809 -0.1317 -0.0649]
INFO:root:twist: [-0.0067  0.0274 -0.0216  0.0808 -0.1318 -0.0651]
INFO:root:twist: [-0.0066  0.0273 -0.0216  0.0808 -0.1318 -0.0652]
INFO:root:twist: [-0.0066  0.0272 -0.0215  0.0807 -0.1318 -0.0654]
INFO:root:twist: [-0.0065  0.0271 -0.0214  0.0807 -0.1318 -0.0655]
INFO:root:twist: [-0.0065  0.027  -0.0214  0.0807 -0.1318 -0.0656]
INFO:root:twist: [-0.0064  0.0269 -0.0213  0.0806 -0.1318 -0.0657]
INFO:root:twist: [-0.0064  0.0268 -0.0212  0.0806 -0.1318 -0.0659]
INFO:root:twist: [-0.0064  0.0267 -0.0212  0.0805 -0.1318 -0.066 ]
INFO:root:twist: [-0.0063  0.0266 -0.0211  0.0805 -0.1318 -0.0662]
INFO:root:twist: [-0.0063  0.0265 -0.0211  0.0804 -0.1318 -0.0662]
INFO:root:twist: [-0.0062  0.0264 -0.021   0.0804 -0.1318 -0.0664]
INFO:root:twist: [-0.0062  0.0263 -0.0209  0.0803 -0.1318 -0.0665]
INFO:root:twist: [-0.0061  0.0262 -0.0208  0.0803 -0.1318 -0.0667]
INFO:root:twist: [-0.0061  0.0261 -0.0208  0.0802 -0.1318 -0.0668]
INFO:root:twist: [-0.0061  0.0261 -0.0208  0.0802 -0.1318 -0.0669]
INFO:root:twist: [-0.006   0.026  -0.0207  0.0802 -0.1319 -0.067 ]
INFO:root:twist: [-0.006   0.0258 -0.0206  0.0801 -0.1318 -0.0671]
INFO:root:twist: [-0.0059  0.0257 -0.0205  0.0801 -0.1318 -0.0673]
INFO:root:twist: [-0.0059  0.0256 -0.0204  0.08   -0.1318 -0.0674]
INFO:root:twist: [-0.0059  0.0256 -0.0204  0.08   -0.1318 -0.0675]
INFO:root:twist: [-0.0058  0.0255 -0.0204  0.08   -0.1318 -0.0676]
INFO:root:twist: [-0.0058  0.0254 -0.0203  0.0799 -0.1317 -0.0677]
INFO:root:twist: [-0.0058  0.0252 -0.0202  0.0798 -0.1317 -0.0679]
INFO:root:twist: [-0.0057  0.0251 -0.0201  0.0798 -0.1317 -0.068 ]
INFO:root:twist: [-0.0057  0.0251 -0.0201  0.0798 -0.1317 -0.068 ]
INFO:root:twist: [-0.0057  0.025  -0.0201  0.0797 -0.1317 -0.0681]
INFO:root:twist: [-0.0056  0.0249 -0.02    0.0797 -0.1316 -0.0683]
INFO:root:twist: [-0.0056  0.0248 -0.0199  0.0796 -0.1316 -0.0684]
INFO:root:twist: [-0.0055  0.0247 -0.0199  0.0796 -0.1316 -0.0685]
INFO:root:twist: [-0.0055  0.0246 -0.0199  0.0795 -0.1315 -0.0686]
INFO:root:twist: [-0.0055  0.0245 -0.0198  0.0795 -0.1315 -0.0687]
INFO:root:twist: [-0.0054  0.0244 -0.0197  0.0794 -0.1315 -0.0688]
INFO:root:twist: [-0.0054  0.0243 -0.0197  0.0794 -0.1314 -0.0689]
INFO:root:twist: [-0.0054  0.0242 -0.0196  0.0793 -0.1314 -0.0691]
INFO:root:twist: [-0.0054  0.0242 -0.0196  0.0793 -0.1314 -0.0691]
INFO:root:twist: [-0.0053  0.0241 -0.0195  0.0792 -0.1313 -0.0692]
INFO:root:twist: [-0.0053  0.0239 -0.0194  0.0792 -0.1313 -0.0693]
INFO:root:twist: [-0.0052  0.0238 -0.0194  0.0791 -0.1313 -0.0694]
INFO:root:twist: [-0.0052  0.0237 -0.0193  0.0791 -0.1312 -0.0696]
INFO:root:twist: [-0.0052  0.0237 -0.0193  0.0791 -0.1312 -0.0696]
INFO:root:twist: [-0.0051  0.0236 -0.0192  0.079  -0.1312 -0.0697]
INFO:root:twist: [-0.0051  0.0235 -0.0192  0.0789 -0.1312 -0.0698]
INFO:root:twist: [-0.0051  0.0234 -0.0191  0.0789 -0.1311 -0.0699]
INFO:root:twist: [-0.005   0.0233 -0.019   0.0788 -0.1311 -0.07  ]
INFO:root:twist: [-0.005   0.0232 -0.019   0.0788 -0.1311 -0.07  ]
INFO:root:twist: [-0.005   0.0232 -0.019   0.0788 -0.1311 -0.0701]
INFO:root:twist: [-0.0049  0.023  -0.0189  0.0787 -0.131  -0.0702]
INFO:root:twist: [-0.0049  0.0229 -0.0188  0.0786 -0.131  -0.0704]
INFO:root:twist: [-0.0049  0.0228 -0.0187  0.0786 -0.1309 -0.0704]
INFO:root:twist: [-0.0049  0.0228 -0.0188  0.0786 -0.1309 -0.0705]
INFO:root:twist: [-0.0048  0.0227 -0.0187  0.0785 -0.1309 -0.0706]
INFO:root:twist: [-0.0048  0.0226 -0.0186  0.0785 -0.1309 -0.0707]
INFO:root:twist: [-0.0047  0.0225 -0.0186  0.0784 -0.1308 -0.0708]
INFO:root:twist: [-0.0047  0.0224 -0.0185  0.0783 -0.1308 -0.0709]
INFO:root:twist: [-0.0047  0.0224 -0.0185  0.0783 -0.1308 -0.071 ]
INFO:root:twist: [-0.0047  0.0223 -0.0184  0.0783 -0.1308 -0.071 ]
INFO:root:twist: [-0.0046  0.0222 -0.0184  0.0782 -0.1308 -0.0711]
INFO:root:twist: [-0.0046  0.0221 -0.0183  0.0782 -0.1307 -0.0713]
INFO:root:twist: [-0.0046  0.0219 -0.0182  0.0781 -0.1307 -0.0714]
INFO:root:twist: [-0.0045  0.0219 -0.0182  0.0781 -0.1307 -0.0714]
INFO:root:twist: [-0.0045  0.0218 -0.0182  0.078  -0.1307 -0.0715]
INFO:root:twist: [-0.0045  0.0217 -0.0181  0.078  -0.1307 -0.0716]
INFO:root:twist: [-0.0044  0.0216 -0.018   0.0779 -0.1307 -0.0717]
INFO:root:twist: [-0.0044  0.0215 -0.0179  0.0779 -0.1307 -0.0718]
INFO:root:twist: [-0.0044  0.0215 -0.0179  0.0779 -0.1307 -0.0719]
INFO:root:twist: [-0.0044  0.0214 -0.0179  0.0778 -0.1307 -0.072 ]
INFO:root:twist: [-0.0043  0.0213 -0.0178  0.0778 -0.1307 -0.0721]
INFO:root:twist: [-0.0043  0.0212 -0.0177  0.0777 -0.1307 -0.0722]
INFO:root:twist: [-0.0042  0.0211 -0.0177  0.0777 -0.1307 -0.0723]
INFO:root:twist: [-0.0042  0.0211 -0.0177  0.0777 -0.1307 -0.0723]
INFO:root:twist: [-0.0042  0.021  -0.0176  0.0776 -0.1307 -0.0724]
INFO:root:twist: [-0.0042  0.0209 -0.0175  0.0776 -0.1307 -0.0726]
INFO:root:twist: [-0.0041  0.0208 -0.0175  0.0775 -0.1307 -0.0727]
INFO:root:twist: [-0.0041  0.0207 -0.0174  0.0775 -0.1307 -0.0728]
INFO:root:twist: [-0.0041  0.0206 -0.0174  0.0775 -0.1307 -0.0728]
INFO:root:twist: [-0.0041  0.0206 -0.0174  0.0774 -0.1307 -0.0729]
INFO:root:twist: [-0.004   0.0205 -0.0173  0.0774 -0.1306 -0.073 ]
INFO:root:twist: [-0.004   0.0204 -0.0172  0.0773 -0.1306 -0.0732]
INFO:root:twist: [-0.004   0.0203 -0.0172  0.0773 -0.1306 -0.0733]
INFO:root:twist: [-0.0039  0.0202 -0.0172  0.0773 -0.1306 -0.0733]
INFO:root:twist: [-0.0039  0.0201 -0.0171  0.0772 -0.1306 -0.0734]
INFO:root:twist: [-0.0039  0.02   -0.017   0.0772 -0.1306 -0.0736]
INFO:root:twist: [-0.0039  0.02   -0.017   0.0772 -0.1306 -0.0737]
INFO:root:twist: [-0.0038  0.0199 -0.0169  0.0771 -0.1306 -0.0738]
INFO:root:twist: [-0.0038  0.0198 -0.0169  0.0771 -0.1306 -0.0738]
INFO:root:twist: [-0.0038  0.0197 -0.0168  0.0771 -0.1307 -0.074 ]
INFO:root:twist: [-0.0038  0.0196 -0.0168  0.077  -0.1306 -0.0741]
INFO:root:twist: [-0.0037  0.0195 -0.0167  0.077  -0.1306 -0.0742]
INFO:root:twist: [-0.0037  0.0195 -0.0166  0.077  -0.1306 -0.0743]
INFO:root:twist: [-0.0037  0.0194 -0.0166  0.077  -0.1306 -0.0744]
INFO:root:twist: [-0.0037  0.0193 -0.0166  0.0769 -0.1306 -0.0745]
INFO:root:twist: [-0.0036  0.0193 -0.0165  0.0769 -0.1307 -0.0746]
INFO:root:twist: [-0.0036  0.0192 -0.0164  0.0769 -0.1307 -0.0747]
INFO:root:twist: [-0.0036  0.0191 -0.0164  0.0768 -0.1307 -0.0749]
INFO:root:twist: [-0.0036  0.019  -0.0164  0.0768 -0.1307 -0.0749]
INFO:root:twist: [-0.0035  0.0189 -0.0163  0.0768 -0.1307 -0.075 ]
INFO:root:twist: [-0.0035  0.0189 -0.0163  0.0768 -0.1307 -0.0751]
INFO:root:twist: [-0.0035  0.0188 -0.0162  0.0767 -0.1307 -0.0753]
INFO:root:twist: [-0.0034  0.0187 -0.0161  0.0767 -0.1307 -0.0754]
INFO:root:twist: [-0.0034  0.0186 -0.0161  0.0767 -0.1307 -0.0754]
INFO:root:twist: [-0.0034  0.0186 -0.0161  0.0767 -0.1307 -0.0756]
INFO:root:twist: [-0.0034  0.0185 -0.016   0.0766 -0.1307 -0.0757]
INFO:root:twist: [-0.0033  0.0184 -0.0159  0.0766 -0.1307 -0.0758]
INFO:root:twist: [-0.0033  0.0183 -0.0159  0.0766 -0.1308 -0.0759]
INFO:root:twist: [-0.0033  0.0183 -0.0159  0.0766 -0.1308 -0.076 ]
INFO:root:twist: [-0.0033  0.0182 -0.0158  0.0766 -0.1308 -0.0761]
INFO:root:twist: [-0.0032  0.0181 -0.0158  0.0766 -0.1308 -0.0762]
INFO:root:twist: [-0.0032  0.018  -0.0157  0.0765 -0.1308 -0.0764]
INFO:root:twist: [-0.0032  0.0179 -0.0156  0.0765 -0.1308 -0.0765]
INFO:root:twist: [-0.0032  0.0179 -0.0156  0.0765 -0.1308 -0.0765]
INFO:root:twist: [-0.0031  0.0178 -0.0155  0.0765 -0.1308 -0.0767]
INFO:root:twist: [-0.0031  0.0178 -0.0155  0.0765 -0.1309 -0.0768]
INFO:root:twist: [-0.0031  0.0177 -0.0154  0.0765 -0.1308 -0.0769]
INFO:root:twist: [-0.003   0.0176 -0.0154  0.0764 -0.1308 -0.077 ]
INFO:root:twist: [-0.003   0.0176 -0.0154  0.0764 -0.1308 -0.077 ]
INFO:root:twist: [-0.003   0.0175 -0.0153  0.0764 -0.1309 -0.0772]
INFO:root:twist: [-0.003   0.0174 -0.0152  0.0764 -0.1309 -0.0773]
INFO:root:twist: [-0.0029  0.0173 -0.0152  0.0764 -0.1309 -0.0774]
INFO:root:twist: [-0.0029  0.0172 -0.0151  0.0764 -0.1309 -0.0775]
INFO:root:twist: [-0.0029  0.0172 -0.0151  0.0764 -0.1309 -0.0776]
INFO:root:twist: [-0.0029  0.0172 -0.0151  0.0763 -0.1309 -0.0777]
INFO:root:twist: [-0.0028  0.0171 -0.015   0.0763 -0.1309 -0.0778]
INFO:root:twist: [-0.0028  0.017  -0.0149  0.0763 -0.1309 -0.0779]
INFO:root:twist: [-0.0028  0.0169 -0.0149  0.0763 -0.1309 -0.0781]
INFO:root:twist: [-0.0028  0.0169 -0.0149  0.0763 -0.131  -0.0781]
INFO:root:twist: [-0.0027  0.0168 -0.0148  0.0763 -0.131  -0.0782]
INFO:root:twist: [-0.0027  0.0167 -0.0147  0.0763 -0.131  -0.0783]
INFO:root:twist: [-0.0027  0.0167 -0.0147  0.0762 -0.131  -0.0784]
INFO:root:twist: [-0.0026  0.0166 -0.0146  0.0762 -0.131  -0.0786]
INFO:root:twist: [-0.0026  0.0166 -0.0146  0.0762 -0.1311 -0.0786]
INFO:root:twist: [-0.0026  0.0165 -0.0145  0.0762 -0.1311 -0.0787]
INFO:root:twist: [-0.0026  0.0164 -0.0145  0.0762 -0.1311 -0.0788]
INFO:root:twist: [-0.0025  0.0163 -0.0144  0.0762 -0.1311 -0.0789]
INFO:root:twist: [-0.0025  0.0163 -0.0143  0.0762 -0.1311 -0.079 ]
INFO:root:twist: [-0.0025  0.0162 -0.0143  0.0762 -0.1312 -0.0791]
INFO:root:twist: [-0.0025  0.0162 -0.0143  0.0762 -0.1312 -0.0792]
INFO:root:twist: [-0.0024  0.0161 -0.0142  0.0761 -0.1312 -0.0793]
INFO:root:twist: [-0.0024  0.016  -0.0142  0.0761 -0.1312 -0.0794]
INFO:root:twist: [-0.0024  0.0159 -0.0141  0.0761 -0.1313 -0.0796]
INFO:root:twist: [-0.0024  0.0159 -0.0141  0.0761 -0.1313 -0.0796]
INFO:root:twist: [-0.0024  0.0159 -0.014   0.0761 -0.1313 -0.0797]
INFO:root:twist: [-0.0023  0.0158 -0.014   0.0761 -0.1313 -0.0798]
INFO:root:twist: [-0.0023  0.0157 -0.0139  0.0761 -0.1313 -0.08  ]
INFO:root:twist: [-0.0023  0.0156 -0.0139  0.0761 -0.1314 -0.0801]
INFO:root:twist: [-0.0023  0.0156 -0.0139  0.0761 -0.1314 -0.0801]
INFO:root:twist: [-0.0023  0.0155 -0.0138  0.0761 -0.1314 -0.0802]
INFO:root:twist: [-0.0022  0.0155 -0.0138  0.076  -0.1314 -0.0804]
INFO:root:twist: [-0.0022  0.0154 -0.0137  0.076  -0.1314 -0.0805]
INFO:root:twist: [-0.0022  0.0153 -0.0137  0.076  -0.1314 -0.0806]
INFO:root:twist: [-0.0022  0.0153 -0.0137  0.076  -0.1314 -0.0807]
INFO:root:twist: [-0.0022  0.0152 -0.0136  0.076  -0.1314 -0.0808]
INFO:root:twist: [-0.0021  0.0151 -0.0136  0.076  -0.1315 -0.0809]
INFO:root:twist: [-0.0021  0.0151 -0.0135  0.076  -0.1315 -0.081 ]
INFO:root:twist: [-0.0021  0.015  -0.0134  0.076  -0.1315 -0.0812]
INFO:root:twist: [-0.0021  0.015  -0.0134  0.076  -0.1315 -0.0812]
INFO:root:twist: [-0.0021  0.0149 -0.0134  0.076  -0.1315 -0.0813]
INFO:root:twist: [-0.0021  0.0148 -0.0133  0.0759 -0.1315 -0.0814]
INFO:root:twist: [-0.002   0.0147 -0.0133  0.0759 -0.1316 -0.0816]
INFO:root:twist: [-0.002   0.0147 -0.0132  0.0759 -0.1316 -0.0817]
INFO:root:twist: [-0.002   0.0147 -0.0132  0.0759 -0.1316 -0.0817]
INFO:root:twist: [-0.002   0.0146 -0.0132  0.0759 -0.1316 -0.0818]
INFO:root:twist: [-0.002   0.0145 -0.0132  0.0759 -0.1316 -0.082 ]
INFO:root:twist: [-0.002   0.0144 -0.0131  0.0759 -0.1316 -0.0821]
INFO:root:twist: [-0.0019  0.0143 -0.0131  0.0758 -0.1316 -0.0822]
INFO:root:twist: [-0.0019  0.0143 -0.0131  0.0758 -0.1316 -0.0823]
INFO:root:twist: [-0.0019  0.0143 -0.013   0.0758 -0.1317 -0.0824]
INFO:root:twist: [-0.0019  0.0142 -0.013   0.0758 -0.1317 -0.0825]
INFO:root:twist: [-0.0019  0.0141 -0.0129  0.0758 -0.1317 -0.0826]
INFO:root:twist: [-0.0019  0.014  -0.0129  0.0758 -0.1317 -0.0828]
INFO:root:twist: [-0.0019  0.014  -0.0129  0.0758 -0.1317 -0.0828]
INFO:root:twist: [-0.0019  0.0139 -0.0129  0.0757 -0.1317 -0.0829]
INFO:root:twist: [-0.0019  0.0138 -0.0128  0.0757 -0.1317 -0.083 ]
INFO:root:twist: [-0.0018  0.0137 -0.0128  0.0757 -0.1317 -0.0832]
INFO:root:twist: [-0.0018  0.0137 -0.0127  0.0757 -0.1317 -0.0833]
INFO:root:twist: [-0.0018  0.0136 -0.0127  0.0757 -0.1317 -0.0833]
INFO:root:twist: [-0.0018  0.0136 -0.0127  0.0756 -0.1317 -0.0834]
INFO:root:twist: [-0.0018  0.0135 -0.0127  0.0756 -0.1317 -0.0835]
INFO:root:twist: [-0.0018  0.0134 -0.0126  0.0756 -0.1317 -0.0837]
INFO:root:twist: [-0.0018  0.0133 -0.0126  0.0756 -0.1317 -0.0838]
INFO:root:twist: [-0.0018  0.0133 -0.0126  0.0755 -0.1317 -0.0838]
INFO:root:twist: [-0.0017  0.0132 -0.0125  0.0755 -0.1318 -0.084 ]
INFO:root:twist: [-0.0017  0.0131 -0.0125  0.0755 -0.1317 -0.0841]
INFO:root:twist: [-0.0017  0.013  -0.0125  0.0754 -0.1318 -0.0842]
INFO:root:twist: [-0.0017  0.013  -0.0124  0.0754 -0.1317 -0.0843]
INFO:root:twist: [-0.0017  0.0129 -0.0124  0.0754 -0.1318 -0.0843]
INFO:root:twist: [-0.0017  0.0129 -0.0124  0.0754 -0.1317 -0.0844]
INFO:root:twist: [-0.0017  0.0128 -0.0123  0.0753 -0.1317 -0.0845]
INFO:root:twist: [-0.0017  0.0127 -0.0123  0.0753 -0.1317 -0.0847]
INFO:root:twist: [-0.0017  0.0126 -0.0123  0.0752 -0.1317 -0.0848]
INFO:root:twist: [-0.0017  0.0126 -0.0123  0.0752 -0.1317 -0.0848]
INFO:root:twist: [-0.0017  0.0125 -0.0122  0.0752 -0.1317 -0.0849]
INFO:root:twist: [-0.0016  0.0124 -0.0122  0.0751 -0.1317 -0.085 ]
INFO:root:twist: [-0.0016  0.0123 -0.0122  0.0751 -0.1317 -0.0851]
INFO:root:twist: [-0.0016  0.0122 -0.0121  0.075  -0.1317 -0.0852]
INFO:root:twist: [-0.0016  0.0122 -0.0121  0.075  -0.1317 -0.0853]
INFO:root:twist: [-0.0016  0.0121 -0.0121  0.075  -0.1317 -0.0854]
INFO:root:twist: [-0.0016  0.012  -0.012   0.0749 -0.1317 -0.0855]
INFO:root:twist: [-0.0016  0.0119 -0.012   0.0749 -0.1316 -0.0856]
INFO:root:twist: [-0.0016  0.0118 -0.012   0.0748 -0.1316 -0.0857]
INFO:root:twist: [-0.0016  0.0118 -0.012   0.0748 -0.1316 -0.0858]
INFO:root:twist: [-0.0016  0.0117 -0.012   0.0747 -0.1316 -0.0859]
INFO:root:twist: [-0.0016  0.0116 -0.0119  0.0747 -0.1316 -0.086 ]
INFO:root:twist: [-0.0016  0.0115 -0.0119  0.0746 -0.1316 -0.0861]
INFO:root:twist: [-0.0016  0.0114 -0.0118  0.0746 -0.1316 -0.0862]
INFO:root:twist: [-0.0016  0.0114 -0.0118  0.0745 -0.1316 -0.0863]
INFO:root:twist: [-0.0016  0.0113 -0.0118  0.0745 -0.1316 -0.0864]
INFO:root:twist: [-0.0016  0.0112 -0.0118  0.0744 -0.1315 -0.0865]
INFO:root:twist: [-0.0016  0.0111 -0.0117  0.0743 -0.1315 -0.0866]
INFO:root:twist: [-0.0016  0.011  -0.0117  0.0743 -0.1315 -0.0867]
INFO:root:twist: [-0.0016  0.011  -0.0117  0.0742 -0.1315 -0.0867]
INFO:root:twist: [-0.0016  0.0109 -0.0117  0.0742 -0.1314 -0.0868]
INFO:root:twist: [-0.0016  0.0108 -0.0116  0.0741 -0.1314 -0.0869]
INFO:root:twist: [-0.0016  0.0107 -0.0116  0.074  -0.1314 -0.087 ]
INFO:root:twist: [-0.0016  0.0106 -0.0116  0.0739 -0.1314 -0.0871]
INFO:root:twist: [-0.0016  0.0106 -0.0116  0.0739 -0.1314 -0.0871]
INFO:root:twist: [-0.0016  0.0105 -0.0115  0.0738 -0.1313 -0.0872]
INFO:root:twist: [-0.0015  0.0104 -0.0115  0.0737 -0.1313 -0.0872]
INFO:root:twist: [-0.0015  0.0103 -0.0115  0.0736 -0.1313 -0.0873]
INFO:root:twist: [-0.0015  0.0102 -0.0114  0.0735 -0.1312 -0.0874]
INFO:root:twist: [-0.0015  0.0102 -0.0114  0.0735 -0.1312 -0.0874]
INFO:root:twist: [-0.0015  0.0101 -0.0114  0.0734 -0.1312 -0.0874]
INFO:root:twist: [-0.0015  0.01   -0.0114  0.0733 -0.1311 -0.0875]
INFO:root:twist: [-0.0015  0.0099 -0.0114  0.0732 -0.1311 -0.0876]
INFO:root:twist: [-0.0015  0.0098 -0.0113  0.0731 -0.1311 -0.0876]
INFO:root:twist: [-0.0015  0.0098 -0.0113  0.0731 -0.1311 -0.0876]
INFO:root:twist: [-0.0015  0.0097 -0.0113  0.073  -0.131  -0.0877]
INFO:root:twist: [-0.0015  0.0096 -0.0113  0.0729 -0.131  -0.0877]
INFO:root:twist: [-0.0015  0.0095 -0.0112  0.0728 -0.131  -0.0878]
INFO:root:twist: [-0.0015  0.0094 -0.0112  0.0726 -0.131  -0.0878]
INFO:root:twist: [-0.0015  0.0093 -0.0112  0.0726 -0.131  -0.0878]
INFO:root:twist: [-0.0015  0.0092 -0.0112  0.0725 -0.1309 -0.0878]
INFO:root:twist: [-0.0015  0.0091 -0.0111  0.0724 -0.1309 -0.0878]
INFO:root:twist: [-0.0015  0.009  -0.0111  0.0723 -0.1309 -0.0879]
INFO:root:twist: [-0.0015  0.0089 -0.0111  0.0722 -0.1308 -0.0879]
INFO:root:twist: [-0.0015  0.0089 -0.0111  0.0721 -0.1308 -0.0879]
INFO:root:twist: [-0.0015  0.0088 -0.0111  0.072  -0.1307 -0.0879]
INFO:root:twist: [-0.0015  0.0087 -0.011   0.0719 -0.1307 -0.0879]
INFO:root:twist: [-0.0015  0.0086 -0.011   0.0718 -0.1307 -0.0879]
INFO:root:twist: [-0.0015  0.0085 -0.0109  0.0716 -0.1306 -0.0879]
INFO:root:twist: [-0.0015  0.0085 -0.011   0.0716 -0.1306 -0.088 ]
INFO:root:twist: [-0.0015  0.0084 -0.0109  0.0715 -0.1305 -0.0879]
INFO:root:twist: [-0.0015  0.0083 -0.0109  0.0714 -0.1305 -0.0879]
INFO:root:twist: [-0.0015  0.0082 -0.0109  0.0712 -0.1304 -0.0879]
INFO:root:twist: [-0.0015  0.0081 -0.0108  0.0711 -0.1304 -0.0879]
INFO:root:twist: [-0.0015  0.008  -0.0108  0.071  -0.1304 -0.0879]
INFO:root:twist: [-0.0016  0.0079 -0.0108  0.0709 -0.1303 -0.0879]
INFO:root:twist: [-0.0016  0.0078 -0.0108  0.0708 -0.1302 -0.0879]
INFO:root:twist: [-0.0016  0.0077 -0.0107  0.0707 -0.1302 -0.0879]
INFO:root:twist: [-0.0016  0.0076 -0.0107  0.0705 -0.1301 -0.0879]
INFO:root:twist: [-0.0016  0.0076 -0.0107  0.0705 -0.1301 -0.0879]
INFO:root:twist: [-0.0016  0.0075 -0.0107  0.0704 -0.13   -0.0879]
INFO:root:twist: [-0.0016  0.0074 -0.0107  0.0702 -0.1299 -0.0879]
INFO:root:twist: [-0.0016  0.0073 -0.0106  0.0701 -0.1298 -0.0879]
INFO:root:twist: [-0.0016  0.0072 -0.0106  0.0699 -0.1297 -0.0878]
INFO:root:twist: [-0.0016  0.0072 -0.0106  0.0699 -0.1297 -0.0878]
INFO:root:twist: [-0.0016  0.0071 -0.0106  0.0698 -0.1296 -0.0878]
INFO:root:twist: [-0.0016  0.007  -0.0105  0.0696 -0.1295 -0.0878]
INFO:root:twist: [-0.0016  0.0069 -0.0105  0.0695 -0.1294 -0.0878]
INFO:root:twist: [-0.0016  0.0068 -0.0105  0.0693 -0.1293 -0.0878]
INFO:root:twist: [-0.0017  0.0067 -0.0105  0.0693 -0.1293 -0.0878]
INFO:root:twist: [-0.0017  0.0066 -0.0104  0.0691 -0.1292 -0.0878]
INFO:root:twist: [-0.0017  0.0065 -0.0104  0.069  -0.1291 -0.0877]
INFO:root:twist: [-0.0017  0.0064 -0.0104  0.0689 -0.129  -0.0877]
INFO:root:twist: [-0.0017  0.0063 -0.0104  0.0687 -0.1289 -0.0877]
INFO:root:twist: [-0.0017  0.0063 -0.0104  0.0687 -0.1288 -0.0877]
INFO:root:twist: [-0.0017  0.0062 -0.0103  0.0686 -0.1288 -0.0877]
INFO:root:twist: [-0.0017  0.0061 -0.0103  0.0684 -0.1286 -0.0877]
INFO:root:twist: [-0.0017  0.006  -0.0103  0.0683 -0.1285 -0.0877]
INFO:root:twist: [-0.0018  0.0059 -0.0102  0.0681 -0.1284 -0.0876]
INFO:root:twist: [-0.0018  0.0058 -0.0102  0.0681 -0.1284 -0.0876]
INFO:root:twist: [-0.0018  0.0058 -0.0102  0.068  -0.1283 -0.0876]
INFO:root:twist: [-0.0018  0.0056 -0.0102  0.0678 -0.1282 -0.0876]
INFO:root:twist: [-0.0018  0.0055 -0.0102  0.0677 -0.1281 -0.0876]
INFO:root:twist: [-0.0018  0.0054 -0.0101  0.0675 -0.128  -0.0876]
INFO:root:twist: [-0.0018  0.0054 -0.0101  0.0675 -0.128  -0.0876]
INFO:root:twist: [-0.0018  0.0053 -0.0101  0.0674 -0.1279 -0.0876]
INFO:root:twist: [-0.0019  0.0052 -0.0101  0.0672 -0.1278 -0.0876]
INFO:root:twist: [-0.0019  0.0051 -0.01    0.0671 -0.1277 -0.0876]
INFO:root:twist: [-0.0019  0.005  -0.01    0.067  -0.1276 -0.0877]
INFO:root:twist: [-0.0019  0.005  -0.01    0.0669 -0.1276 -0.0877]
INFO:root:twist: [-0.0019  0.0049 -0.01    0.0668 -0.1275 -0.0877]
INFO:root:twist: [-0.0019  0.0047 -0.0099  0.0667 -0.1274 -0.0877]
INFO:root:twist: [-0.0019  0.0047 -0.0099  0.0666 -0.1273 -0.0877]
INFO:root:twist: [-0.0019  0.0045 -0.0099  0.0664 -0.1272 -0.0877]
INFO:root:twist: [-0.002   0.0045 -0.0099  0.0664 -0.1271 -0.0877]
INFO:root:twist: [-0.002   0.0044 -0.0099  0.0663 -0.127  -0.0878]
INFO:root:twist: [-0.002   0.0043 -0.0098  0.0661 -0.1269 -0.0878]
INFO:root:twist: [-0.002   0.0042 -0.0098  0.066  -0.1269 -0.0878]
INFO:root:twist: [-0.002   0.0041 -0.0098  0.0659 -0.1268 -0.0878]
INFO:root:twist: [-0.002   0.0041 -0.0098  0.0659 -0.1267 -0.0878]
INFO:root:twist: [-0.002   0.004  -0.0098  0.0658 -0.1267 -0.0879]
INFO:root:twist: [-0.0021  0.0039 -0.0097  0.0656 -0.1266 -0.0879]
INFO:root:twist: [-0.0021  0.0038 -0.0097  0.0655 -0.1265 -0.088 ]
INFO:root:twist: [-0.0021  0.0037 -0.0097  0.0654 -0.1264 -0.088 ]
INFO:root:twist: [-0.0021  0.0036 -0.0097  0.0654 -0.1263 -0.088 ]
INFO:root:twist: [-0.0021  0.0035 -0.0096  0.0653 -0.1263 -0.088 ]
INFO:root:twist: [-0.0021  0.0034 -0.0096  0.0651 -0.1262 -0.0881]
INFO:root:twist: [-0.0021  0.0033 -0.0096  0.065  -0.1261 -0.0881]
INFO:root:twist: [-0.0021  0.0032 -0.0095  0.0649 -0.126  -0.0882]
INFO:root:twist: [-0.0021  0.0032 -0.0096  0.0649 -0.126  -0.0882]
INFO:root:twist: [-0.0022  0.0031 -0.0095  0.0648 -0.1259 -0.0882]
INFO:root:twist: [-0.0022  0.003  -0.0095  0.0646 -0.1259 -0.0882]
INFO:root:twist: [-0.0022  0.0029 -0.0095  0.0645 -0.1258 -0.0883]
INFO:root:twist: [-0.0022  0.0028 -0.0094  0.0644 -0.1257 -0.0883]
INFO:root:twist: [-0.0022  0.0028 -0.0094  0.0644 -0.1257 -0.0883]
INFO:root:twist: [-0.0022  0.0027 -0.0094  0.0643 -0.1256 -0.0884]
INFO:root:twist: [-0.0022  0.0026 -0.0094  0.0641 -0.1256 -0.0884]
INFO:root:twist: [-0.0022  0.0025 -0.0093  0.064  -0.1255 -0.0884]
INFO:root:twist: [-0.0023  0.0023 -0.0093  0.0639 -0.1254 -0.0885]
INFO:root:twist: [-0.0023  0.0023 -0.0093  0.0638 -0.1254 -0.0885]
INFO:root:twist: [-0.0023  0.0022 -0.0093  0.0637 -0.1253 -0.0885]
INFO:root:twist: [-0.0023  0.0021 -0.0093  0.0636 -0.1252 -0.0885]
INFO:root:twist: [-0.0023  0.002  -0.0093  0.0635 -0.1252 -0.0886]
INFO:root:twist: [-0.0023  0.0019 -0.0092  0.0634 -0.1251 -0.0886]
INFO:root:twist: [-0.0023  0.0019 -0.0092  0.0633 -0.1251 -0.0886]
INFO:root:twist: [-0.0024  0.0018 -0.0092  0.0632 -0.125  -0.0886]
INFO:root:twist: [-0.0024  0.0017 -0.0092  0.0631 -0.125  -0.0886]
INFO:root:twist: [-0.0024  0.0016 -0.0092  0.0629 -0.1249 -0.0887]
INFO:root:twist: [-0.0024  0.0015 -0.0091  0.0628 -0.1249 -0.0887]
INFO:root:twist: [-0.0024  0.0014 -0.0091  0.0628 -0.1249 -0.0887]
INFO:root:twist: [-0.0024  0.0014 -0.0091  0.0627 -0.1248 -0.0887]
INFO:root:twist: [-0.0024  0.0012 -0.0091  0.0625 -0.1248 -0.0887]
INFO:root:twist: [-0.0024  0.0012 -0.0091  0.0624 -0.1247 -0.0887]
INFO:root:twist: [-0.0025  0.0011 -0.009   0.0623 -0.1247 -0.0887]
INFO:root:twist: [-0.0025  0.001  -0.009   0.0622 -0.1246 -0.0887]
INFO:root:twist: [-0.0025  0.0009 -0.009   0.0621 -0.1246 -0.0887]
INFO:root:twist: [-0.0025  0.0008 -0.009   0.062  -0.1245 -0.0887]
INFO:root:twist: [-0.0025  0.0007 -0.009   0.0619 -0.1245 -0.0887]
INFO:root:twist: [-0.0025  0.0006 -0.0089  0.0617 -0.1245 -0.0887]
INFO:root:twist: [-0.0025  0.0006 -0.0089  0.0617 -0.1244 -0.0887]
INFO:root:twist: [-0.0026  0.0005 -0.0089  0.0616 -0.1244 -0.0887]
INFO:root:twist: [-0.0026  0.0004 -0.0089  0.0614 -0.1243 -0.0887]
INFO:root:twist: [-0.0026  0.0003 -0.0089  0.0613 -0.1243 -0.0886]
INFO:root:twist: [-0.0026  0.0002 -0.0089  0.0611 -0.1243 -0.0886]
INFO:root:twist: [-0.0026  0.0002 -0.0089  0.0611 -0.1243 -0.0886]
INFO:root:twist: [-2.600e-03  1.000e-04 -8.800e-03  6.100e-02 -1.242e-01 -8.860e-02]
INFO:root:twist: [-0.0027  0.     -0.0088  0.0608 -0.1242 -0.0886]
INFO:root:twist: [-2.700e-03 -1.000e-04 -8.800e-03  6.070e-02 -1.241e-01 -8.850e-02]
INFO:root:twist: [-0.0027 -0.0002 -0.0088  0.0605 -0.1241 -0.0885]
INFO:root:twist: [-0.0027 -0.0002 -0.0088  0.0605 -0.1241 -0.0885]
INFO:root:twist: [-0.0027 -0.0003 -0.0088  0.0603 -0.124  -0.0884]
INFO:root:twist: [-0.0027 -0.0004 -0.0087  0.0602 -0.124  -0.0884]
INFO:root:twist: [-0.0028 -0.0005 -0.0087  0.06   -0.1239 -0.0884]
INFO:root:twist: [-0.0028 -0.0006 -0.0087  0.0599 -0.1239 -0.0883]
INFO:root:twist: [-0.0028 -0.0007 -0.0087  0.0598 -0.1239 -0.0883]
INFO:root:twist: [-0.0028 -0.0007 -0.0087  0.0597 -0.1238 -0.0882]
INFO:root:twist: [-0.0028 -0.0008 -0.0087  0.0595 -0.1238 -0.0882]
INFO:root:twist: [-0.0028 -0.0009 -0.0087  0.0594 -0.1237 -0.0881]
INFO:root:twist: [-0.0029 -0.001  -0.0086  0.0592 -0.1237 -0.088 ]
INFO:root:twist: [-0.0029 -0.0011 -0.0087  0.0592 -0.1236 -0.088 ]
INFO:root:twist: [-0.0029 -0.0012 -0.0086  0.059  -0.1236 -0.0879]
INFO:root:twist: [-0.0029 -0.0012 -0.0086  0.0588 -0.1236 -0.0878]
INFO:root:twist: [-0.0029 -0.0013 -0.0086  0.0587 -0.1235 -0.0878]
INFO:root:twist: [-0.0029 -0.0014 -0.0086  0.0585 -0.1235 -0.0877]
INFO:root:twist: [-0.003  -0.0015 -0.0086  0.0585 -0.1235 -0.0877]
INFO:root:twist: [-0.003  -0.0015 -0.0086  0.0583 -0.1234 -0.0876]
INFO:root:twist: [-0.003  -0.0017 -0.0086  0.0581 -0.1234 -0.0875]
INFO:root:twist: [-0.003  -0.0017 -0.0085  0.058  -0.1233 -0.0874]
INFO:root:twist: [-0.003  -0.0018 -0.0085  0.0578 -0.1233 -0.0873]
INFO:root:twist: [-0.003  -0.0019 -0.0085  0.0578 -0.1233 -0.0873]
INFO:root:twist: [-0.0031 -0.0019 -0.0085  0.0576 -0.1232 -0.0872]
INFO:root:twist: [-0.0031 -0.002  -0.0085  0.0574 -0.1232 -0.0871]
INFO:root:twist: [-0.0031 -0.0021 -0.0085  0.0573 -0.1231 -0.087 ]
INFO:root:twist: [-0.0031 -0.0022 -0.0085  0.0571 -0.1231 -0.0869]
INFO:root:twist: [-0.0031 -0.0023 -0.0085  0.057  -0.1231 -0.0869]
INFO:root:twist: [-0.0032 -0.0023 -0.0085  0.0569 -0.123  -0.0868]
INFO:root:twist: [-0.0032 -0.0024 -0.0084  0.0567 -0.123  -0.0867]
INFO:root:twist: [-0.0032 -0.0025 -0.0084  0.0565 -0.1229 -0.0866]
INFO:root:twist: [-0.0032 -0.0026 -0.0084  0.0564 -0.1229 -0.0865]
INFO:root:twist: [-0.0032 -0.0027 -0.0084  0.0563 -0.1229 -0.0865]
INFO:root:twist: [-0.0033 -0.0027 -0.0084  0.0562 -0.1228 -0.0864]
INFO:root:twist: [-0.0033 -0.0028 -0.0084  0.056  -0.1228 -0.0863]
INFO:root:twist: [-0.0033 -0.0029 -0.0083  0.0558 -0.1227 -0.0862]
INFO:root:twist: [-0.0033 -0.003  -0.0083  0.0556 -0.1227 -0.0861]
INFO:root:twist: [-0.0033 -0.003  -0.0083  0.0556 -0.1227 -0.0861]
INFO:root:twist: [-0.0034 -0.0031 -0.0083  0.0554 -0.1227 -0.086 ]
INFO:root:twist: [-0.0034 -0.0032 -0.0083  0.0553 -0.1226 -0.086 ]
INFO:root:twist: [-0.0034 -0.0033 -0.0083  0.0551 -0.1225 -0.0859]
INFO:root:twist: [-0.0034 -0.0034 -0.0083  0.0549 -0.1225 -0.0858]
INFO:root:twist: [-0.0034 -0.0034 -0.0083  0.0549 -0.1225 -0.0858]
INFO:root:twist: [-0.0035 -0.0035 -0.0083  0.0547 -0.1224 -0.0857]
INFO:root:twist: [-0.0035 -0.0036 -0.0083  0.0546 -0.1224 -0.0856]
INFO:root:twist: [-0.0035 -0.0037 -0.0082  0.0544 -0.1223 -0.0856]
INFO:root:twist: [-0.0035 -0.0038 -0.0082  0.0542 -0.1223 -0.0855]
INFO:root:twist: [-0.0036 -0.0038 -0.0082  0.0542 -0.1223 -0.0855]
INFO:root:twist: [-0.0036 -0.0039 -0.0082  0.054  -0.1222 -0.0854]
INFO:root:twist: [-0.0036 -0.004  -0.0082  0.0538 -0.1222 -0.0853]
INFO:root:twist: [-0.0036 -0.0041 -0.0082  0.0537 -0.1221 -0.0852]
INFO:root:twist: [-0.0037 -0.0042 -0.0082  0.0535 -0.1221 -0.0852]
INFO:root:twist: [-0.0037 -0.0042 -0.0082  0.0534 -0.1221 -0.0851]
INFO:root:twist: [-0.0037 -0.0043 -0.0082  0.0533 -0.122  -0.0851]
INFO:root:twist: [-0.0037 -0.0044 -0.0081  0.0531 -0.122  -0.085 ]
INFO:root:twist: [-0.0038 -0.0045 -0.0081  0.053  -0.1219 -0.0849]
INFO:root:twist: [-0.0038 -0.0046 -0.0081  0.0528 -0.1219 -0.0849]
INFO:root:twist: [-0.0038 -0.0046 -0.0081  0.0527 -0.1219 -0.0848]
INFO:root:twist: [-0.0038 -0.0047 -0.0081  0.0526 -0.1218 -0.0848]
INFO:root:twist: [-0.0039 -0.0048 -0.0081  0.0524 -0.1218 -0.0847]
INFO:root:twist: [-0.0039 -0.0049 -0.0081  0.0523 -0.1217 -0.0846]
INFO:root:twist: [-0.0039 -0.005  -0.0081  0.0521 -0.1217 -0.0846]
INFO:root:twist: [-0.0039 -0.005  -0.0081  0.052  -0.1217 -0.0846]
INFO:root:twist: [-0.004  -0.0051 -0.0081  0.0519 -0.1216 -0.0845]
INFO:root:twist: [-0.004  -0.0052 -0.008   0.0517 -0.1216 -0.0844]
INFO:root:twist: [-0.004  -0.0052 -0.008   0.0516 -0.1215 -0.0844]
INFO:root:twist: [-0.004  -0.0053 -0.008   0.0514 -0.1215 -0.0843]
INFO:root:twist: [-0.004  -0.0054 -0.008   0.0513 -0.1215 -0.0843]
INFO:root:twist: [-0.0041 -0.0054 -0.008   0.0512 -0.1214 -0.0842]
INFO:root:twist: [-0.0041 -0.0056 -0.008   0.051  -0.1214 -0.0842]
INFO:root:twist: [-0.0041 -0.0056 -0.008   0.0508 -0.1213 -0.0841]
INFO:root:twist: [-0.0042 -0.0057 -0.008   0.0507 -0.1213 -0.084 ]
INFO:root:twist: [-0.0042 -0.0058 -0.008   0.0506 -0.1212 -0.084 ]
INFO:root:twist: [-0.0042 -0.0058 -0.008   0.0505 -0.1212 -0.0839]
INFO:root:twist: [-0.0043 -0.0059 -0.0079  0.0503 -0.1211 -0.0838]
INFO:root:twist: [-0.0043 -0.006  -0.0079  0.0501 -0.1211 -0.0838]
INFO:root:twist: [-0.0043 -0.0061 -0.0079  0.0499 -0.1211 -0.0837]
INFO:root:twist: [-0.0043 -0.0061 -0.0079  0.0499 -0.121  -0.0837]
INFO:root:twist: [-0.0044 -0.0062 -0.0079  0.0497 -0.121  -0.0836]
INFO:root:twist: [-0.0044 -0.0063 -0.0079  0.0496 -0.1209 -0.0835]
INFO:root:twist: [-0.0044 -0.0064 -0.0079  0.0494 -0.1209 -0.0834]
INFO:root:twist: [-0.0045 -0.0065 -0.0079  0.0492 -0.1208 -0.0833]
INFO:root:twist: [-0.0045 -0.0065 -0.0079  0.0491 -0.1208 -0.0833]
INFO:root:twist: [-0.0045 -0.0066 -0.0079  0.0489 -0.1208 -0.0832]
INFO:root:twist: [-0.0045 -0.0067 -0.0079  0.0488 -0.1207 -0.0831]
INFO:root:twist: [-0.0046 -0.0068 -0.0079  0.0486 -0.1207 -0.083 ]
INFO:root:twist: [-0.0046 -0.0069 -0.0078  0.0484 -0.1206 -0.0829]
INFO:root:twist: [-0.0046 -0.0069 -0.0078  0.0483 -0.1206 -0.0828]
INFO:root:twist: [-0.0047 -0.007  -0.0078  0.0482 -0.1205 -0.0827]
INFO:root:twist: [-0.0047 -0.0071 -0.0078  0.0479 -0.1205 -0.0826]
INFO:root:twist: [-0.0047 -0.0072 -0.0078  0.0478 -0.1204 -0.0825]
INFO:root:twist: [-0.0048 -0.0072 -0.0078  0.0476 -0.1203 -0.0824]
INFO:root:twist: [-0.0048 -0.0073 -0.0078  0.0475 -0.1203 -0.0823]
INFO:root:twist: [-0.0048 -0.0073 -0.0078  0.0473 -0.1203 -0.0822]
INFO:root:twist: [-0.0049 -0.0074 -0.0078  0.0471 -0.1202 -0.082 ]
INFO:root:twist: [-0.0049 -0.0075 -0.0078  0.0469 -0.1201 -0.0819]
INFO:root:twist: [-0.0049 -0.0076 -0.0078  0.0467 -0.1201 -0.0818]
INFO:root:twist: [-0.0049 -0.0077 -0.0078  0.0467 -0.1201 -0.0817]
INFO:root:twist: [-0.005  -0.0077 -0.0078  0.0465 -0.12   -0.0816]
INFO:root:twist: [-0.005  -0.0078 -0.0078  0.0463 -0.1199 -0.0814]
INFO:root:twist: [-0.005  -0.0079 -0.0078  0.0461 -0.1199 -0.0813]
INFO:root:twist: [-0.0051 -0.008  -0.0077  0.0459 -0.1198 -0.0812]
INFO:root:twist: [-0.0051 -0.008  -0.0078  0.0458 -0.1198 -0.0811]
INFO:root:twist: [-0.0051 -0.0081 -0.0077  0.0456 -0.1198 -0.081 ]
INFO:root:twist: [-0.0052 -0.0082 -0.0077  0.0454 -0.1197 -0.0809]
INFO:root:twist: [-0.0052 -0.0083 -0.0077  0.0452 -0.1196 -0.0807]
INFO:root:twist: [-0.0052 -0.0084 -0.0077  0.045  -0.1195 -0.0806]
INFO:root:twist: [-0.0053 -0.0084 -0.0077  0.0449 -0.1195 -0.0805]
INFO:root:twist: [-0.0053 -0.0085 -0.0077  0.0447 -0.1195 -0.0804]
INFO:root:twist: [-0.0053 -0.0086 -0.0077  0.0445 -0.1194 -0.0802]
INFO:root:twist: [-0.0054 -0.0087 -0.0077  0.0443 -0.1193 -0.0801]
INFO:root:twist: [-0.0054 -0.0088 -0.0077  0.0441 -0.1193 -0.08  ]
INFO:root:twist: [-0.0054 -0.0088 -0.0077  0.0441 -0.1192 -0.0799]
INFO:root:twist: [-0.0055 -0.0089 -0.0077  0.0439 -0.1192 -0.0798]
INFO:root:twist: [-0.0055 -0.0089 -0.0077  0.0437 -0.1191 -0.0797]
INFO:root:twist: [-0.0056 -0.009  -0.0077  0.0435 -0.119  -0.0796]
INFO:root:twist: [-0.0056 -0.0091 -0.0077  0.0433 -0.119  -0.0795]
INFO:root:twist: [-0.0056 -0.0092 -0.0077  0.0432 -0.119  -0.0794]
INFO:root:twist: [-0.0056 -0.0092 -0.0077  0.0431 -0.1189 -0.0793]
INFO:root:twist: [-0.0057 -0.0093 -0.0076  0.0429 -0.1188 -0.0792]
INFO:root:twist: [-0.0057 -0.0094 -0.0076  0.0427 -0.1187 -0.0791]
INFO:root:twist: [-0.0058 -0.0095 -0.0076  0.0425 -0.1187 -0.079 ]
INFO:root:twist: [-0.0058 -0.0095 -0.0076  0.0424 -0.1187 -0.079 ]
INFO:root:twist: [-0.0058 -0.0096 -0.0076  0.0423 -0.1186 -0.0789]
INFO:root:twist: [-0.0059 -0.0097 -0.0076  0.0421 -0.1185 -0.0788]
INFO:root:twist: [-0.0059 -0.0098 -0.0076  0.0419 -0.1185 -0.0787]
INFO:root:twist: [-0.0059 -0.0099 -0.0076  0.0418 -0.1184 -0.0786]
INFO:root:twist: [-0.006  -0.0099 -0.0076  0.0417 -0.1184 -0.0786]
INFO:root:twist: [-0.006  -0.01   -0.0076  0.0416 -0.1183 -0.0785]
INFO:root:twist: [-0.006  -0.0101 -0.0076  0.0414 -0.1182 -0.0784]
INFO:root:twist: [-0.0061 -0.0101 -0.0076  0.0412 -0.1182 -0.0784]
INFO:root:twist: [-0.0061 -0.0102 -0.0075  0.041  -0.1181 -0.0783]
INFO:root:twist: [-0.0061 -0.0103 -0.0075  0.041  -0.1181 -0.0783]
INFO:root:twist: [-0.0062 -0.0103 -0.0075  0.0408 -0.118  -0.0782]
INFO:root:twist: [-0.0062 -0.0104 -0.0075  0.0407 -0.1179 -0.0782]
INFO:root:twist: [-0.0063 -0.0105 -0.0075  0.0405 -0.1179 -0.0781]
INFO:root:twist: [-0.0063 -0.0106 -0.0075  0.0403 -0.1178 -0.078 ]
INFO:root:twist: [-0.0063 -0.0106 -0.0075  0.0403 -0.1178 -0.078 ]
INFO:root:twist: [-0.0063 -0.0107 -0.0075  0.0402 -0.1177 -0.078 ]
INFO:root:twist: [-0.0064 -0.0108 -0.0075  0.04   -0.1177 -0.0779]
INFO:root:twist: [-0.0064 -0.0109 -0.0075  0.0398 -0.1176 -0.0778]
INFO:root:twist: [-0.0064 -0.011  -0.0074  0.0397 -0.1175 -0.0778]
INFO:root:twist: [-0.0065 -0.011  -0.0074  0.0396 -0.1175 -0.0777]
INFO:root:twist: [-0.0065 -0.011  -0.0074  0.0395 -0.1175 -0.0777]
INFO:root:twist: [-0.0065 -0.0111 -0.0074  0.0393 -0.1174 -0.0776]
INFO:root:twist: [-0.0066 -0.0112 -0.0074  0.0391 -0.1173 -0.0775]
INFO:root:twist: [-0.0066 -0.0113 -0.0074  0.039  -0.1173 -0.0775]
INFO:root:twist: [-0.0066 -0.0113 -0.0074  0.0389 -0.1173 -0.0775]
INFO:root:twist: [-0.0066 -0.0114 -0.0074  0.0388 -0.1172 -0.0774]
INFO:root:twist: [-0.0067 -0.0115 -0.0074  0.0386 -0.1172 -0.0773]
INFO:root:twist: [-0.0067 -0.0116 -0.0073  0.0385 -0.1171 -0.0773]
INFO:root:twist: [-0.0067 -0.0116 -0.0073  0.0383 -0.1171 -0.0772]
INFO:root:twist: [-0.0068 -0.0117 -0.0073  0.0383 -0.117  -0.0772]
INFO:root:twist: [-0.0068 -0.0117 -0.0073  0.0381 -0.117  -0.0772]
INFO:root:twist: [-0.0068 -0.0118 -0.0073  0.038  -0.1169 -0.0771]
INFO:root:twist: [-0.0068 -0.0119 -0.0073  0.0378 -0.1169 -0.0771]
INFO:root:twist: [-0.0069 -0.012  -0.0072  0.0377 -0.1168 -0.077 ]
INFO:root:twist: [-0.0069 -0.012  -0.0073  0.0376 -0.1168 -0.077 ]
INFO:root:twist: [-0.0069 -0.012  -0.0072  0.0375 -0.1168 -0.077 ]
INFO:root:twist: [-0.0069 -0.0121 -0.0072  0.0374 -0.1167 -0.0769]
INFO:root:twist: [-0.007  -0.0122 -0.0072  0.0372 -0.1167 -0.0768]
INFO:root:twist: [-0.007  -0.0123 -0.0072  0.0371 -0.1166 -0.0768]
INFO:root:twist: [-0.007  -0.0123 -0.0072  0.037  -0.1166 -0.0768]
INFO:root:twist: [-0.007  -0.0123 -0.0072  0.0369 -0.1166 -0.0767]
INFO:root:twist: [-0.0071 -0.0124 -0.0071  0.0368 -0.1165 -0.0766]
INFO:root:twist: [-0.0071 -0.0125 -0.0071  0.0366 -0.1165 -0.0766]
INFO:root:twist: [-0.0071 -0.0125 -0.0071  0.0365 -0.1164 -0.0765]
INFO:root:twist: [-0.0071 -0.0126 -0.0071  0.0364 -0.1164 -0.0765]
INFO:root:twist: [-0.0071 -0.0126 -0.0071  0.0363 -0.1164 -0.0764]
INFO:root:twist: [-0.0072 -0.0127 -0.0071  0.0362 -0.1163 -0.0763]
INFO:root:twist: [-0.0072 -0.0127 -0.007   0.0361 -0.1163 -0.0763]
INFO:root:twist: [-0.0072 -0.0128 -0.007   0.0359 -0.1163 -0.0762]
INFO:root:twist: [-0.0072 -0.0128 -0.007   0.0359 -0.1162 -0.0762]
INFO:root:twist: [-0.0072 -0.0129 -0.007   0.0358 -0.1162 -0.0761]
INFO:root:twist: [-0.0073 -0.0129 -0.007   0.0356 -0.1162 -0.076 ]
INFO:root:twist: [-0.0073 -0.013  -0.007   0.0355 -0.1161 -0.0759]
INFO:root:twist: [-0.0073 -0.013  -0.0069  0.0354 -0.1161 -0.0758]
INFO:root:twist: [-0.0073 -0.013  -0.0069  0.0354 -0.1161 -0.0758]
INFO:root:twist: [-0.0073 -0.0131 -0.0069  0.0352 -0.116  -0.0757]
INFO:root:twist: [-0.0074 -0.0131 -0.0069  0.0351 -0.116  -0.0756]
INFO:root:twist: [-0.0074 -0.0132 -0.0069  0.035  -0.116  -0.0755]
INFO:root:twist: [-0.0074 -0.0132 -0.0069  0.0349 -0.1159 -0.0754]
INFO:root:twist: [-0.0074 -0.0132 -0.0069  0.0349 -0.1159 -0.0754]
INFO:root:twist: [-0.0074 -0.0133 -0.0068  0.0348 -0.1159 -0.0753]
INFO:root:twist: [-0.0075 -0.0133 -0.0068  0.0346 -0.1158 -0.0752]
INFO:root:twist: [-0.0075 -0.0133 -0.0068  0.0345 -0.1158 -0.0751]
INFO:root:twist: [-0.0075 -0.0134 -0.0068  0.0344 -0.1158 -0.075 ]
INFO:root:twist: [-0.0075 -0.0134 -0.0068  0.0344 -0.1158 -0.0749]
INFO:root:twist: [-0.0075 -0.0134 -0.0068  0.0343 -0.1157 -0.0749]
INFO:root:twist: [-0.0075 -0.0135 -0.0067  0.0342 -0.1157 -0.0747]
INFO:root:twist: [-0.0075 -0.0135 -0.0067  0.0341 -0.1157 -0.0746]
INFO:root:twist: [-0.0075 -0.0135 -0.0067  0.034  -0.1157 -0.0745]
INFO:root:twist: [-0.0076 -0.0135 -0.0067  0.0339 -0.1157 -0.0745]
INFO:root:twist: [-0.0076 -0.0136 -0.0067  0.0339 -0.1156 -0.0743]
INFO:root:twist: [-0.0076 -0.0136 -0.0066  0.0338 -0.1156 -0.0742]
INFO:root:twist: [-0.0076 -0.0136 -0.0066  0.0337 -0.1156 -0.0741]
INFO:root:twist: [-0.0076 -0.0136 -0.0066  0.0336 -0.1156 -0.074 ]
INFO:root:twist: [-0.0076 -0.0136 -0.0066  0.0335 -0.1156 -0.0739]
INFO:root:twist: [-0.0076 -0.0137 -0.0066  0.0335 -0.1156 -0.0738]
INFO:root:twist: [-0.0076 -0.0137 -0.0066  0.0334 -0.1155 -0.0737]
INFO:root:twist: [-0.0076 -0.0137 -0.0065  0.0333 -0.1155 -0.0736]
INFO:root:twist: [-0.0076 -0.0137 -0.0065  0.0332 -0.1155 -0.0735]
INFO:root:twist: [-0.0076 -0.0137 -0.0065  0.0332 -0.1155 -0.0734]
INFO:root:twist: [-0.0076 -0.0137 -0.0065  0.0331 -0.1155 -0.0733]
INFO:root:twist: [-0.0076 -0.0137 -0.0065  0.0331 -0.1155 -0.0732]
INFO:root:twist: [-0.0076 -0.0137 -0.0064  0.033  -0.1155 -0.0731]
INFO:root:twist: [-0.0076 -0.0137 -0.0064  0.033  -0.1155 -0.073 ]
INFO:root:twist: [-0.0076 -0.0138 -0.0064  0.0329 -0.1155 -0.0729]
INFO:root:twist: [-0.0076 -0.0138 -0.0064  0.0329 -0.1155 -0.0728]
INFO:root:twist: [-0.0076 -0.0138 -0.0064  0.0328 -0.1155 -0.0727]
INFO:root:twist: [-0.0076 -0.0138 -0.0064  0.0328 -0.1155 -0.0726]
INFO:root:twist: [-0.0076 -0.0138 -0.0063  0.0327 -0.1155 -0.0725]
INFO:root:twist: [-0.0076 -0.0138 -0.0063  0.0327 -0.1155 -0.0724]
INFO:root:twist: [-0.0076 -0.0138 -0.0063  0.0327 -0.1155 -0.0723]
INFO:root:twist: [-0.0076 -0.0137 -0.0063  0.0327 -0.1155 -0.0722]
INFO:root:twist: [-0.0076 -0.0137 -0.0063  0.0326 -0.1155 -0.0721]
INFO:root:twist: [-0.0076 -0.0137 -0.0063  0.0326 -0.1155 -0.072 ]
INFO:root:twist: [-0.0076 -0.0137 -0.0063  0.0326 -0.1155 -0.072 ]
INFO:root:twist: [-0.0076 -0.0137 -0.0062  0.0326 -0.1155 -0.0719]
INFO:root:twist: [-0.0076 -0.0137 -0.0062  0.0325 -0.1155 -0.0718]
INFO:root:twist: [-0.0076 -0.0137 -0.0062  0.0325 -0.1155 -0.0717]
INFO:root:twist: [-0.0076 -0.0137 -0.0062  0.0325 -0.1155 -0.0716]
INFO:root:twist: [-0.0076 -0.0137 -0.0062  0.0325 -0.1155 -0.0716]
INFO:root:twist: [-0.0076 -0.0137 -0.0061  0.0325 -0.1155 -0.0715]
INFO:root:twist: [-0.0075 -0.0136 -0.0061  0.0325 -0.1155 -0.0714]
INFO:root:twist: [-0.0075 -0.0136 -0.0061  0.0325 -0.1156 -0.0713]
INFO:root:twist: [-0.0075 -0.0136 -0.0061  0.0325 -0.1156 -0.0713]
INFO:root:twist: [-0.0075 -0.0136 -0.0061  0.0325 -0.1156 -0.0712]
INFO:root:twist: [-0.0075 -0.0136 -0.0061  0.0325 -0.1156 -0.0712]
INFO:root:twist: [-0.0075 -0.0135 -0.006   0.0325 -0.1156 -0.0711]
INFO:root:twist: [-0.0075 -0.0135 -0.006   0.0325 -0.1157 -0.071 ]
INFO:root:twist: [-0.0074 -0.0135 -0.006   0.0325 -0.1157 -0.0709]
INFO:root:twist: [-0.0074 -0.0135 -0.006   0.0325 -0.1157 -0.0709]
INFO:root:twist: [-0.0074 -0.0134 -0.006   0.0325 -0.1157 -0.0709]
INFO:root:twist: [-0.0074 -0.0134 -0.0059  0.0325 -0.1157 -0.0708]
INFO:root:twist: [-0.0074 -0.0134 -0.0059  0.0325 -0.1158 -0.0707]
INFO:root:twist: [-0.0074 -0.0134 -0.0059  0.0326 -0.1158 -0.0707]
INFO:root:twist: [-0.0074 -0.0133 -0.0059  0.0326 -0.1158 -0.0706]
INFO:root:twist: [-0.0073 -0.0133 -0.0059  0.0326 -0.1158 -0.0706]
INFO:root:twist: [-0.0073 -0.0133 -0.0059  0.0326 -0.1158 -0.0705]
INFO:root:twist: [-0.0073 -0.0133 -0.0058  0.0326 -0.1159 -0.0705]
INFO:root:twist: [-0.0073 -0.0132 -0.0058  0.0326 -0.1159 -0.0704]
INFO:root:twist: [-0.0073 -0.0132 -0.0058  0.0326 -0.1159 -0.0704]
INFO:root:twist: [-0.0073 -0.0132 -0.0058  0.0327 -0.1159 -0.0703]
INFO:root:twist: [-0.0072 -0.0131 -0.0058  0.0327 -0.1159 -0.0703]
INFO:root:twist: [-0.0072 -0.0131 -0.0058  0.0327 -0.116  -0.0702]
INFO:root:twist: [-0.0072 -0.0131 -0.0057  0.0327 -0.116  -0.0702]
INFO:root:twist: [-0.0072 -0.0131 -0.0057  0.0327 -0.116  -0.0701]
INFO:root:twist: [-0.0072 -0.013  -0.0057  0.0328 -0.116  -0.0701]
INFO:root:twist: [-0.0071 -0.013  -0.0057  0.0328 -0.1161 -0.07  ]
INFO:root:twist: [-0.0071 -0.0129 -0.0057  0.0328 -0.1161 -0.07  ]
INFO:root:twist: [-0.0071 -0.0129 -0.0057  0.0329 -0.1161 -0.0699]
INFO:root:twist: [-0.0071 -0.0129 -0.0056  0.0329 -0.1161 -0.0699]
INFO:root:twist: [-0.0071 -0.0128 -0.0056  0.0329 -0.1162 -0.0698]
INFO:root:twist: [-0.007  -0.0128 -0.0056  0.0329 -0.1162 -0.0698]
INFO:root:twist: [-0.007  -0.0128 -0.0056  0.033  -0.1162 -0.0697]
INFO:root:twist: [-0.007  -0.0127 -0.0056  0.033  -0.1162 -0.0697]
INFO:root:twist: [-0.007  -0.0127 -0.0056  0.033  -0.1162 -0.0696]
INFO:root:twist: [-0.0069 -0.0127 -0.0056  0.0331 -0.1163 -0.0696]
INFO:root:twist: [-0.0069 -0.0126 -0.0055  0.0331 -0.1163 -0.0695]
INFO:root:twist: [-0.0069 -0.0126 -0.0055  0.0331 -0.1163 -0.0695]
INFO:root:twist: [-0.0069 -0.0125 -0.0055  0.0332 -0.1164 -0.0694]
INFO:root:twist: [-0.0068 -0.0125 -0.0055  0.0332 -0.1164 -0.0694]
INFO:root:twist: [-0.0068 -0.0125 -0.0055  0.0332 -0.1164 -0.0694]
INFO:root:twist: [-0.0068 -0.0124 -0.0054  0.0332 -0.1164 -0.0693]
INFO:root:twist: [-0.0068 -0.0124 -0.0054  0.0333 -0.1164 -0.0692]
INFO:root:twist: [-0.0067 -0.0123 -0.0054  0.0333 -0.1165 -0.0692]
INFO:root:twist: [-0.0067 -0.0123 -0.0054  0.0333 -0.1165 -0.0691]
INFO:root:twist: [-0.0067 -0.0123 -0.0054  0.0334 -0.1165 -0.0691]
INFO:root:twist: [-0.0066 -0.0122 -0.0054  0.0334 -0.1165 -0.069 ]
INFO:root:twist: [-0.0066 -0.0122 -0.0053  0.0334 -0.1165 -0.069 ]
INFO:root:twist: [-0.0066 -0.0121 -0.0053  0.0335 -0.1166 -0.0689]
INFO:root:twist: [-0.0066 -0.0121 -0.0053  0.0335 -0.1166 -0.0689]
INFO:root:twist: [-0.0065 -0.0121 -0.0053  0.0335 -0.1166 -0.0688]
INFO:root:twist: [-0.0065 -0.012  -0.0053  0.0336 -0.1166 -0.0688]
INFO:root:twist: [-0.0065 -0.012  -0.0053  0.0336 -0.1167 -0.0687]
INFO:root:twist: [-0.0064 -0.0119 -0.0052  0.0337 -0.1167 -0.0686]
INFO:root:twist: [-0.0064 -0.0119 -0.0052  0.0337 -0.1167 -0.0686]
INFO:root:twist: [-0.0064 -0.0119 -0.0052  0.0337 -0.1167 -0.0686]
INFO:root:twist: [-0.0063 -0.0118 -0.0052  0.0338 -0.1167 -0.0685]
INFO:root:twist: [-0.0063 -0.0118 -0.0052  0.0338 -0.1168 -0.0684]
INFO:root:twist: [-0.0063 -0.0117 -0.0051  0.0339 -0.1168 -0.0684]
INFO:root:twist: [-0.0062 -0.0117 -0.0051  0.0339 -0.1168 -0.0684]
INFO:root:twist: [-0.0062 -0.0117 -0.0051  0.0339 -0.1168 -0.0683]
INFO:root:twist: [-0.0062 -0.0116 -0.0051  0.0339 -0.1168 -0.0682]
INFO:root:twist: [-0.0061 -0.0116 -0.0051  0.034  -0.1168 -0.0682]
INFO:root:twist: [-0.0061 -0.0115 -0.005   0.034  -0.1168 -0.0681]
INFO:root:twist: [-0.0061 -0.0115 -0.005   0.0341 -0.1168 -0.0681]
INFO:root:twist: [-0.0061 -0.0115 -0.005   0.0341 -0.1169 -0.068 ]
INFO:root:twist: [-0.006  -0.0114 -0.005   0.0341 -0.1169 -0.068 ]
INFO:root:twist: [-0.006  -0.0114 -0.005   0.0342 -0.1169 -0.0679]
INFO:root:twist: [-0.0059 -0.0113 -0.005   0.0342 -0.1169 -0.0679]
INFO:root:twist: [-0.0059 -0.0113 -0.005   0.0342 -0.1169 -0.0678]
INFO:root:twist: [-0.0059 -0.0113 -0.0049  0.0343 -0.1169 -0.0678]
INFO:root:twist: [-0.0058 -0.0112 -0.0049  0.0343 -0.1169 -0.0677]
INFO:root:twist: [-0.0058 -0.0112 -0.0049  0.0344 -0.1169 -0.0677]
INFO:root:twist: [-0.0058 -0.0111 -0.0049  0.0344 -0.117  -0.0676]
INFO:root:twist: [-0.0058 -0.0111 -0.0049  0.0344 -0.117  -0.0676]
INFO:root:twist: [-0.0057 -0.0111 -0.0048  0.0345 -0.117  -0.0675]
INFO:root:twist: [-0.0057 -0.011  -0.0048  0.0345 -0.117  -0.0675]
INFO:root:twist: [-0.0056 -0.011  -0.0048  0.0346 -0.117  -0.0674]
INFO:root:twist: [-0.0056 -0.0109 -0.0048  0.0346 -0.117  -0.0674]
INFO:root:twist: [-0.0056 -0.0109 -0.0048  0.0346 -0.117  -0.0673]
INFO:root:twist: [-0.0056 -0.0108 -0.0047  0.0347 -0.117  -0.0673]
INFO:root:twist: [-0.0055 -0.0108 -0.0047  0.0347 -0.117  -0.0672]
INFO:root:twist: [-0.0055 -0.0107 -0.0047  0.0348 -0.1171 -0.0672]
INFO:root:twist: [-0.0054 -0.0107 -0.0047  0.0349 -0.1171 -0.0671]
INFO:root:twist: [-0.0054 -0.0107 -0.0046  0.0349 -0.1171 -0.0671]
INFO:root:twist: [-0.0054 -0.0106 -0.0046  0.0349 -0.1171 -0.067 ]
INFO:root:twist: [-0.0053 -0.0106 -0.0046  0.035  -0.1171 -0.067 ]
INFO:root:twist: [-0.0053 -0.0105 -0.0046  0.035  -0.1171 -0.0669]
INFO:root:twist: [-0.0053 -0.0105 -0.0046  0.0351 -0.1171 -0.0669]
INFO:root:twist: [-0.0053 -0.0105 -0.0045  0.0351 -0.1171 -0.0668]
INFO:root:twist: [-0.0052 -0.0104 -0.0045  0.0351 -0.1171 -0.0668]
INFO:root:twist: [-0.0052 -0.0104 -0.0045  0.0352 -0.1172 -0.0667]
INFO:root:twist: [-0.0051 -0.0103 -0.0045  0.0352 -0.1172 -0.0667]
INFO:root:twist: [-0.0051 -0.0103 -0.0044  0.0353 -0.1172 -0.0666]
INFO:root:twist: [-0.0051 -0.0103 -0.0044  0.0353 -0.1172 -0.0666]
INFO:root:twist: [-0.0051 -0.0102 -0.0044  0.0354 -0.1172 -0.0666]
INFO:root:twist: [-0.005  -0.0102 -0.0044  0.0354 -0.1172 -0.0665]
INFO:root:twist: [-0.005  -0.0101 -0.0044  0.0355 -0.1173 -0.0664]
INFO:root:twist: [-0.0049 -0.0101 -0.0043  0.0355 -0.1173 -0.0664]
INFO:root:twist: [-0.0049 -0.0101 -0.0043  0.0356 -0.1173 -0.0664]
INFO:root:twist: [-0.0049 -0.01   -0.0043  0.0356 -0.1173 -0.0663]
INFO:root:twist: [-0.0048 -0.01   -0.0043  0.0356 -0.1173 -0.0663]
INFO:root:twist: [-0.0048 -0.0099 -0.0043  0.0357 -0.1173 -0.0662]
INFO:root:twist: [-0.0048 -0.0099 -0.0042  0.0358 -0.1174 -0.0661]
INFO:root:twist: [-0.0047 -0.0099 -0.0042  0.0358 -0.1174 -0.0661]
INFO:root:twist: [-0.0047 -0.0098 -0.0042  0.0358 -0.1174 -0.0661]
INFO:root:twist: [-0.0047 -0.0098 -0.0042  0.0359 -0.1174 -0.066 ]
INFO:root:twist: [-0.0046 -0.0097 -0.0041  0.0359 -0.1174 -0.066 ]
INFO:root:twist: [-0.0046 -0.0097 -0.0041  0.036  -0.1174 -0.0659]
INFO:root:twist: [-0.0046 -0.0097 -0.0041  0.036  -0.1174 -0.0659]
INFO:root:twist: [-0.0045 -0.0096 -0.0041  0.0361 -0.1175 -0.0658]
INFO:root:twist: [-0.0045 -0.0096 -0.0041  0.0361 -0.1175 -0.0658]
INFO:root:twist: [-0.0045 -0.0095 -0.004   0.0362 -0.1175 -0.0657]
INFO:root:twist: [-0.0044 -0.0095 -0.004   0.0362 -0.1175 -0.0657]
INFO:root:twist: [-0.0044 -0.0095 -0.004   0.0362 -0.1175 -0.0657]
INFO:root:twist: [-0.0044 -0.0094 -0.004   0.0363 -0.1175 -0.0656]
INFO:root:twist: [-0.0043 -0.0094 -0.004   0.0363 -0.1175 -0.0656]
INFO:root:twist: [-0.0043 -0.0093 -0.0039  0.0364 -0.1176 -0.0655]
INFO:root:twist: [-0.0043 -0.0093 -0.0039  0.0364 -0.1176 -0.0655]
INFO:root:twist: [-0.0042 -0.0093 -0.0039  0.0365 -0.1176 -0.0655]
INFO:root:twist: [-0.0042 -0.0092 -0.0039  0.0365 -0.1176 -0.0654]
INFO:root:twist: [-0.0042 -0.0092 -0.0038  0.0366 -0.1176 -0.0654]
INFO:root:twist: [-0.0041 -0.0091 -0.0038  0.0366 -0.1176 -0.0653]
INFO:root:twist: [-0.0041 -0.0091 -0.0038  0.0367 -0.1176 -0.0653]
INFO:root:twist: [-0.0041 -0.0091 -0.0038  0.0367 -0.1176 -0.0652]
INFO:root:twist: [-0.0041 -0.0091 -0.0038  0.0367 -0.1177 -0.0652]
INFO:root:twist: [-0.004  -0.009  -0.0037  0.0368 -0.1177 -0.0651]
INFO:root:twist: [-0.004  -0.009  -0.0037  0.0368 -0.1177 -0.0651]
INFO:root:twist: [-0.0039 -0.0089 -0.0037  0.0369 -0.1177 -0.065 ]
INFO:root:twist: [-0.0039 -0.0089 -0.0037  0.0369 -0.1177 -0.065 ]
INFO:root:twist: [-0.0039 -0.0089 -0.0037  0.0369 -0.1177 -0.065 ]
INFO:root:twist: [-0.0039 -0.0088 -0.0036  0.037  -0.1177 -0.0649]
INFO:root:twist: [-0.0038 -0.0088 -0.0036  0.037  -0.1177 -0.0649]
INFO:root:twist: [-0.0038 -0.0087 -0.0036  0.0371 -0.1178 -0.0648]
INFO:root:twist: [-0.0038 -0.0087 -0.0036  0.0371 -0.1178 -0.0648]
INFO:root:twist: [-0.0037 -0.0087 -0.0036  0.0372 -0.1178 -0.0648]
INFO:root:twist: [-0.0037 -0.0086 -0.0035  0.0372 -0.1178 -0.0647]
INFO:root:twist: [-0.0037 -0.0086 -0.0035  0.0373 -0.1178 -0.0647]
INFO:root:twist: [-0.0036 -0.0086 -0.0035  0.0373 -0.1178 -0.0646]
INFO:root:twist: [-0.0036 -0.0086 -0.0035  0.0373 -0.1178 -0.0646]
INFO:root:twist: [-0.0036 -0.0085 -0.0034  0.0374 -0.1178 -0.0646]
INFO:root:twist: [-0.0036 -0.0085 -0.0034  0.0374 -0.1179 -0.0645]
INFO:root:twist: [-0.0035 -0.0084 -0.0034  0.0375 -0.1179 -0.0645]
INFO:root:twist: [-0.0035 -0.0084 -0.0034  0.0375 -0.1179 -0.0644]
INFO:root:twist: [-0.0035 -0.0084 -0.0034  0.0375 -0.1179 -0.0644]
INFO:root:twist: [-0.0035 -0.0083 -0.0033  0.0376 -0.1179 -0.0644]
INFO:root:twist: [-0.0034 -0.0083 -0.0033  0.0376 -0.118  -0.0643]
INFO:root:twist: [-0.0034 -0.0083 -0.0033  0.0377 -0.118  -0.0643]
INFO:root:twist: [-0.0034 -0.0082 -0.0033  0.0377 -0.118  -0.0642]
INFO:root:twist: [-0.0034 -0.0082 -0.0033  0.0378 -0.118  -0.0642]
INFO:root:twist: [-0.0032 -0.008  -0.0031  0.038  -0.1181 -0.0639]
