INFO:root:Last commanded torques from controller: [0.0, 0.0, 0.0, 0.0, 0.0, 0.0, 0.0]
INFO:root:Measured link-side joint torques: [0.0415, -38.1456, 0.9873, 13.2632, 0.4424, 1.5902, 0.1091]
INFO:root:Last commanded torques from controller: [0.0, 0.0, 0.0, 0.0, 0.0, 0.0, 0.0]
INFO:root:Measured link-side joint torques: [0.0415, -38.1456, 0.9873, 13.2632, 0.4424, 1.5902, 0.1091]
INFO:root:Last commanded torques from controller: [0.0, 0.0, 0.0, 0.0, 0.0, 0.0, 0.0]
INFO:root:Measured link-side joint torques: [0.0693, -38.1456, 1.0151, 13.2632, 0.4424, 1.5829, 0.1228]
INFO:root:Last commanded torques from controller: [0.0, 0.0, 0.0, 0.0, 0.0, 0.0, 0.0]
INFO:root:Measured link-side joint torques: [0.0415, -38.0702, 0.9873, 13.2156, 0.4295, 1.5765, 0.1302]
INFO:root:Last commanded torques from controller: [0.0, 0.0, 0.0, 0.0, 0.0, 0.0, 0.0]
INFO:root:Measured link-side joint torques: [-0.0061, -38.0702, 1.0151, 13.2156, 0.4158, 1.5829, 0.0954]
INFO:root:Last commanded torques from controller: [0.0, 0.0, 0.0, 0.0, 0.0, 0.0, 0.0]
INFO:root:Measured link-side joint torques: [0.0177, -38.0186, 0.9397, 13.2156, 0.4231, 1.5765, 0.1228]
INFO:root:Last commanded torques from controller: [0.0, 0.0, 0.0, 0.0, 0.0, 0.0, 0.0]
INFO:root:Measured link-side joint torques: [0.0177, -38.0186, 0.9397, 13.2156, 0.4231, 1.5765, 0.1228]
INFO:root:Last commanded torques from controller: [0.0, 0.0, 0.0, 0.0, 0.0, 0.0, 0.0]
INFO:root:Measured link-side joint torques: [-0.0061, -37.9671, 0.9397, 13.2156, 0.4158, 1.5628, 0.1366]
INFO:root:Last commanded torques from controller: [0.0, 0.0, 0.0, 0.0, 0.0, 0.0, 0.0]
INFO:root:Measured link-side joint torques: [0.0415, -37.9433, 0.9635, 13.168, 0.4094, 1.5701, 0.1164]
INFO:root:Last commanded torques from controller: [0.0, 0.0, 0.0, 0.0, 0.0, 0.0, 0.0]
INFO:root:Measured link-side joint torques: [0.0415, -37.8957, 0.9635, 13.1402, 0.4158, 1.5701, 0.0413]
INFO:root:Last commanded torques from controller: [0.0, 0.0, 0.0, 0.0, 0.0, 0.0, 0.0]
INFO:root:Measured link-side joint torques: [0.0693, -37.8679, 0.9397, 13.1402, 0.403, 1.5765, 0.0825]
INFO:root:Last commanded torques from controller: [0.0, 0.0, 0.0, 0.0, 0.0, 0.0, 0.0]
INFO:root:Measured link-side joint torques: [0.0693, -37.8679, 0.9397, 13.1402, 0.403, 1.5765, 0.0825]
INFO:root:Last commanded torques from controller: [0.0, 0.0, 0.0, 0.0, 0.0, 0.0, 0.0]
INFO:root:Measured link-side joint torques: [-0.0061, -37.8441, 0.9873, 13.168, 0.403, 1.5628, 0.0688]
INFO:root:Last commanded torques from controller: [0.0, 0.0, 0.0, 0.0, 0.0, 0.0, 0.0]
INFO:root:Measured link-side joint torques: [0.0415, -37.8441, 0.9873, 13.1164, 0.403, 1.5765, 0.0349]
INFO:root:Last commanded torques from controller: [0.0, 0.0, 0.0, 0.0, 0.0, 0.0, 0.0]
INFO:root:Measured link-side joint torques: [0.0415, -37.8441, 0.9635, 13.0688, 0.4158, 1.5701, 0.1091]
INFO:root:Last commanded torques from controller: [0.0, 0.0, 0.0, 0.0, 0.0, 0.0, 0.0]
INFO:root:Measured link-side joint torques: [0.0177, -37.7687, 0.9635, 13.0926, 0.3902, 1.5829, 0.1091]
INFO:root:Last commanded torques from controller: [0.0, 0.0, 0.0, 0.0, 0.0, 0.0, 0.0]
INFO:root:Measured link-side joint torques: [0.0177, -37.7687, 0.9635, 13.0926, 0.3902, 1.5829, 0.1091]
INFO:root:Last commanded torques from controller: [0.0, 0.0, 0.0, 0.0, 0.0, 0.0, 0.0]
INFO:root:Measured link-side joint torques: [0.0177, -37.7687, 0.9635, 13.0926, 0.4094, 1.5563, 0.1228]
INFO:root:Last commanded torques from controller: [0.0, 0.0, 0.0, 0.0, 0.0, 0.0, 0.0]
INFO:root:Measured link-side joint torques: [0.0177, -37.7449, 0.9635, 13.0688, 0.403, 1.5628, 0.0825]
INFO:root:Last commanded torques from controller: [0.0, 0.0, 0.0, 0.0, 0.0, 0.0, 0.0]
INFO:root:Measured link-side joint torques: [0.0177, -37.7211, 0.9397, 13.0926, 0.4094, 1.5499, 0.0954]
INFO:root:Last commanded torques from controller: [0.0, 0.0, 0.0, 0.0, 0.0, 0.0, 0.0]
INFO:root:Measured link-side joint torques: [0.0693, -37.7211, 0.9635, 13.045, 0.3966, 1.5765, 0.1503]
INFO:root:Last commanded torques from controller: [0.0, 0.0, 0.0, 0.0, 0.0, 0.0, 0.0]
INFO:root:Measured link-side joint torques: [0.0693, -37.7211, 0.9635, 13.045, 0.3966, 1.5765, 0.1503]
INFO:root:Last commanded torques from controller: [0.0, 0.0, 0.0, 0.0, 0.0, 0.0, 0.0]
INFO:root:Measured link-side joint torques: [0.0177, -37.6933, 0.9635, 13.045, 0.3902, 1.5628, 0.0954]
INFO:root:Last commanded torques from controller: [0.0, 0.0, 0.0, 0.0, 0.0, 0.0, 0.0]
INFO:root:Measured link-side joint torques: [0.0177, -37.6457, 0.9635, 13.0172, 0.3828, 1.5701, 0.0688]
INFO:root:Last commanded torques from controller: [0.0, 0.0, 0.0, 0.0, 0.0, 0.0, 0.0]
INFO:root:Measured link-side joint torques: [-0.0061, -37.6933, 0.9397, 13.0172, 0.3902, 1.5628, 0.0413]
INFO:root:Last commanded torques from controller: [0.0, 0.0, 0.0, 0.0, 0.0, 0.0, 0.0]
INFO:root:Measured link-side joint torques: [-0.0061, -37.6695, 0.9873, 13.045, 0.3966, 1.5628, 0.1027]
INFO:root:Last commanded torques from controller: [0.0, 0.0, 0.0, 0.0, 0.0, 0.0, 0.0]
INFO:root:Measured link-side joint torques: [-0.0061, -37.6695, 0.9873, 13.045, 0.3966, 1.5628, 0.1027]
INFO:root:Last commanded torques from controller: [0.0, 0.0, 0.0, 0.0, 0.0, 0.0, 0.0]
INFO:root:Measured link-side joint torques: [0.0415, -37.6695, 0.9635, 13.045, 0.3902, 1.5701, 0.0551]
INFO:root:Last commanded torques from controller: [0.0, 0.0, 0.0, 0.0, 0.0, 0.0, 0.0]
INFO:root:Measured link-side joint torques: [0.0177, -37.6695, 1.0151, 13.0926, 0.3828, 1.5829, 0.0413]
INFO:root:Last commanded torques from controller: [0.0, 0.0, 0.0, 0.0, 0.0, 0.0, 0.0]
INFO:root:Measured link-side joint torques: [-0.0299, -37.6933, 0.9873, 13.0688, 0.3966, 1.5902, 0.1091]
INFO:root:Last commanded torques from controller: [0.0, 0.0, 0.0, 0.0, 0.0, 0.0, 0.0]
INFO:root:Measured link-side joint torques: [-0.0061, -37.7211, 0.9397, 12.9934, 0.3966, 1.5765, 0.1091]
INFO:root:Last commanded torques from controller: [0.0, 0.0, 0.0, 0.0, 0.0, 0.0, 0.0]
INFO:root:Measured link-side joint torques: [-0.0061, -37.7211, 0.9397, 12.9934, 0.3966, 1.5765, 0.1091]
INFO:root:Last commanded torques from controller: [0.0, 0.0, 0.0, 0.0, 0.0, 0.0, 0.0]
INFO:root:Measured link-side joint torques: [0.0177, -37.6933, 1.0151, 13.0926, 0.403, 1.5902, 0.0276]
INFO:root:Last commanded torques from controller: [0.0, 0.0, 0.0, 0.0, 0.0, 0.0, 0.0]
INFO:root:Measured link-side joint torques: [-0.0061, -37.7449, 0.9873, 13.0688, 0.3966, 1.5765, 0.1164]
INFO:root:Last commanded torques from controller: [0.0, 0.0, 0.0, 0.0, 0.0, 0.0, 0.0]
INFO:root:Measured link-side joint torques: [-0.0299, -37.6933, 0.9397, 12.9934, 0.3966, 1.5765, 0.0688]
INFO:root:Last commanded torques from controller: [0.0, 0.0, 0.0, 0.0, 0.0, 0.0, 0.0]
INFO:root:Measured link-side joint torques: [0.0415, -37.6695, 0.9397, 13.045, 0.3902, 1.5902, 0.1503]
INFO:root:Last commanded torques from controller: [0.0, 0.0, 0.0, 0.0, 0.0, 0.0, 0.0]
INFO:root:Measured link-side joint torques: [0.0415, -37.6695, 0.9397, 13.045, 0.3902, 1.5902, 0.1503]
INFO:root:Last commanded torques from controller: [0.0, 0.0, 0.0, 0.0, 0.0, 0.0, 0.0]
INFO:root:Measured link-side joint torques: [-0.0061, -37.6695, 0.9635, 13.0172, 0.4094, 1.5765, 0.0954]
INFO:root:Last commanded torques from controller: [0.0, 0.0, 0.0, 0.0, 0.0, 0.0, 0.0]
INFO:root:Measured link-side joint torques: [0.0177, -37.7449, 1.0151, 13.0172, 0.3902, 1.5902, 0.0688]
INFO:root:Last commanded torques from controller: [0.0, 0.0, 0.0, 0.0, 0.0, 0.0, 0.0]
INFO:root:Measured link-side joint torques: [0.0415, -37.7925, 0.9397, 13.0172, 0.3966, 1.5966, 0.0349]
INFO:root:Last commanded torques from controller: [0.0, 0.0, 0.0, 0.0, 0.0, 0.0, 0.0]
INFO:root:Measured link-side joint torques: [-0.0061, -37.7687, 0.9635, 13.045, 0.3902, 1.603, 0.1164]
INFO:root:Last commanded torques from controller: [0.0, 0.0, 0.0, 0.0, 0.0, 0.0, 0.0]
INFO:root:Measured link-side joint torques: [-0.0061, -37.7687, 0.9635, 13.045, 0.3902, 1.603, 0.1164]
INFO:root:Last commanded torques from controller: [0.0, 0.0, 0.0, 0.0, 0.0, 0.0, 0.0]
INFO:root:Measured link-side joint torques: [0.0415, -37.7925, 0.9635, 13.045, 0.3966, 1.6104, 0.0954]
INFO:root:Last commanded torques from controller: [0.0, 0.0, 0.0, 0.0, 0.0, 0.0, 0.0]
INFO:root:Measured link-side joint torques: [-0.0061, -37.7687, 0.9635, 13.0688, 0.3764, 1.603, 0.0551]
INFO:root:Last commanded torques from controller: [0.0, 0.0, 0.0, 0.0, 0.0, 0.0, 0.0]
INFO:root:Measured link-side joint torques: [0.0177, -37.7925, 0.9397, 13.0688, 0.403, 1.6104, 0.0954]
INFO:root:Last commanded torques from controller: [0.0, 0.0, 0.0, 0.0, 0.0, 0.0, 0.0]
INFO:root:Measured link-side joint torques: [0.0415, -37.7925, 1.0151, 13.045, 0.403, 1.6232, 0.1366]
INFO:root:Last commanded torques from controller: [0.0, 0.0, 0.0, 0.0, 0.0, 0.0, 0.0]
INFO:root:Measured link-side joint torques: [0.0415, -37.7925, 1.0151, 13.045, 0.403, 1.6232, 0.1366]
INFO:root:Last commanded torques from controller: [0.0, 0.0, 0.0, 0.0, 0.0, 0.0, 0.0]
INFO:root:Measured link-side joint torques: [0.0177, -37.7925, 0.9397, 13.0688, 0.3828, 1.6168, 0.0954]
INFO:root:Last commanded torques from controller: [0.0, 0.0, 0.0, 0.0, 0.0, 0.0, 0.0]
INFO:root:Measured link-side joint torques: [0.0177, -37.7449, 1.0151, 13.0688, 0.3966, 1.6104, 0.1091]
INFO:root:Last commanded torques from controller: [0.0, 0.0, 0.0, 0.0, 0.0, 0.0, 0.0]
INFO:root:Measured link-side joint torques: [0.0177, -37.7449, 1.0151, 13.0172, 0.3902, 1.603, 0.1091]
INFO:root:Last commanded torques from controller: [0.0, 0.0, 0.0, 0.0, 0.0, 0.0, 0.0]
INFO:root:Measured link-side joint torques: [-0.0299, -37.7211, 0.9397, 13.045, 0.3902, 1.6168, 0.1842]
INFO:root:Last commanded torques from controller: [0.0, 0.0, 0.0, 0.0, 0.0, 0.0, 0.0]
INFO:root:Measured link-side joint torques: [-0.0299, -37.7211, 0.9397, 13.045, 0.3902, 1.6168, 0.1842]
INFO:root:Last commanded torques from controller: [0.0, 0.0, 0.0, 0.0, 0.0, 0.0, 0.0]
INFO:root:Measured link-side joint torques: [-0.0061, -37.7925, 0.9635, 13.0926, 0.3966, 1.6104, 0.0954]
INFO:root:Last commanded torques from controller: [0.0, 0.0, 0.0, 0.0, 0.0, 0.0, 0.0]
INFO:root:Measured link-side joint torques: [0.0415, -37.7925, 0.9397, 13.045, 0.3966, 1.6168, 0.1228]
INFO:root:Last commanded torques from controller: [0.0, 0.0, 0.0, 0.0, 0.0, 0.0, 0.0]
INFO:root:Measured link-side joint torques: [0.0177, -37.7687, 0.9873, 13.0688, 0.3966, 1.6232, 0.0487]
INFO:root:Last commanded torques from controller: [0.0, 0.0, 0.0, 0.0, 0.0, 0.0, 0.0]
INFO:root:Measured link-side joint torques: [0.0177, -37.7687, 0.9873, 13.045, 0.3966, 1.6104, 0.1228]
INFO:root:Last commanded torques from controller: [0.0, 0.0, 0.0, 0.0, 0.0, 0.0, 0.0]
INFO:root:Measured link-side joint torques: [0.0177, -37.7687, 0.9873, 13.045, 0.3966, 1.6104, 0.1228]
INFO:root:Last commanded torques from controller: [0.0, 0.0, 0.0, 0.0, 0.0, 0.0, 0.0]
INFO:root:Measured link-side joint torques: [-0.0061, -37.7925, 0.9635, 13.045, 0.3828, 1.6168, 0.1366]
INFO:root:Last commanded torques from controller: [0.0, 0.0, 0.0, 0.0, 0.0, 0.0, 0.0]
INFO:root:Measured link-side joint torques: [0.0177, -37.7687, 0.9397, 13.045, 0.3966, 1.6232, 0.0551]
INFO:root:Last commanded torques from controller: [0.0, 0.0, 0.0, 0.0, 0.0, 0.0, 0.0]
INFO:root:Measured link-side joint torques: [0.0415, -37.7925, 0.9873, 13.0926, 0.3966, 1.6104, 0.1366]
INFO:root:Last commanded torques from controller: [0.0, 0.0, 0.0, 0.0, 0.0, 0.0, 0.0]
INFO:root:Measured link-side joint torques: [0.0177, -37.7687, 0.9635, 13.0688, 0.3966, 1.6104, 0.1366]
INFO:root:Last commanded torques from controller: [0.0, 0.0, 0.0, 0.0, 0.0, 0.0, 0.0]
INFO:root:Measured link-side joint torques: [0.0177, -37.7687, 0.9635, 13.0688, 0.3966, 1.6104, 0.1366]
INFO:root:Last commanded torques from controller: [0.0, 0.0, 0.0, 0.0, 0.0, 0.0, 0.0]
INFO:root:Measured link-side joint torques: [-0.0061, -37.7449, 0.9397, 13.1402, 0.3902, 1.6168, 0.1503]
INFO:root:Last commanded torques from controller: [0.0, 0.0, 0.0, 0.0, 0.0, 0.0, 0.0]
INFO:root:Measured link-side joint torques: [-0.0061, -37.7925, 0.9397, 13.1164, 0.3764, 1.6305, 0.1768]
INFO:root:Last commanded torques from controller: [0.0, 0.0, 0.0, 0.0, 0.0, 0.0, 0.0]
INFO:root:Measured link-side joint torques: [-0.0061, -37.8203, 0.9873, 13.168, 0.3828, 1.6433, 0.143]
INFO:root:Last commanded torques from controller: [0.0, 0.0, 0.0, 0.0, 0.0, 0.0, 0.0]
INFO:root:Measured link-side joint torques: [-0.0061, -37.7925, 0.9397, 13.1402, 0.3966, 1.6305, 0.164]
INFO:root:Last commanded torques from controller: [0.0, 0.0, 0.0, 0.0, 0.0, 0.0, 0.0]
INFO:root:Measured link-side joint torques: [-0.0061, -37.7925, 0.9397, 13.1402, 0.3966, 1.6305, 0.164]
INFO:root:Last commanded torques from controller: [0.0, 0.0, 0.0, 0.0, 0.0, 0.0, 0.0]
INFO:root:Measured link-side joint torques: [0.0177, -37.7925, 0.9873, 13.1402, 0.3966, 1.6305, 0.1228]
INFO:root:Last commanded torques from controller: [0.0, 0.0, 0.0, 0.0, 0.0, 0.0, 0.0]
INFO:root:Measured link-side joint torques: [0.0415, -37.8203, 1.0151, 13.1164, 0.3966, 1.6369, 0.1366]
INFO:root:Last commanded torques from controller: [0.0, 0.0, 0.0, 0.0, 0.0, 0.0, 0.0]
INFO:root:Measured link-side joint torques: [0.0177, -37.7925, 0.9397, 13.1164, 0.3902, 1.6369, 0.1366]
INFO:root:Last commanded torques from controller: [0.0, 0.0, 0.0, 0.0, 0.0, 0.0, 0.0]
INFO:root:Measured link-side joint torques: [-0.0061, -37.7925, 0.9635, 13.1164, 0.3828, 1.6369, 0.1164]
INFO:root:Last commanded torques from controller: [0.0, 0.0, 0.0, 0.0, 0.0, 0.0, 0.0]
INFO:root:Measured link-side joint torques: [-0.0061, -37.7925, 0.9635, 13.1164, 0.3828, 1.6369, 0.1164]
INFO:root:Last commanded torques from controller: [0.0, 0.0, 0.0, 0.0, 0.0, 0.0, 0.0]
INFO:root:Measured link-side joint torques: [-0.0299, -37.8441, 1.0151, 13.1164, 0.403, 1.6433, 0.1164]
INFO:root:Last commanded torques from controller: [0.0, 0.0, 0.0, 0.0, 0.0, 0.0, 0.0]
INFO:root:Measured link-side joint torques: [-0.0061, -37.8441, 0.9873, 13.0926, 0.3966, 1.6506, 0.164]
INFO:root:Last commanded torques from controller: [0.0, 0.0, 0.0, 0.0, 0.0, 0.0, 0.0]
INFO:root:Measured link-side joint torques: [0.0415, -37.8441, 0.9873, 13.1164, 0.403, 1.6571, 0.1842]
INFO:root:Last commanded torques from controller: [0.0, 0.0, 0.0, 0.0, 0.0, 0.0, 0.0]
INFO:root:Measured link-side joint torques: [-0.0299, -37.8679, 0.9635, 13.0926, 0.3828, 1.6708, 0.1366]
INFO:root:Last commanded torques from controller: [0.0, 0.0, 0.0, 0.0, 0.0, 0.0, 0.0]
INFO:root:Measured link-side joint torques: [-0.0299, -37.8679, 0.9635, 13.0926, 0.3828, 1.6708, 0.1366]
INFO:root:Last commanded torques from controller: [0.0, 0.0, 0.0, 0.0, 0.0, 0.0, 0.0]
INFO:root:Measured link-side joint torques: [0.0177, -37.8203, 0.9873, 13.0688, 0.3966, 1.6571, 0.089]
INFO:root:Last commanded torques from controller: [0.0, 0.0, 0.0, 0.0, 0.0, 0.0, 0.0]
INFO:root:Measured link-side joint torques: [-0.0815, -37.8679, 0.9397, 13.0688, 0.3902, 1.6571, 0.1027]
INFO:root:Last commanded torques from controller: [0.0, 0.0, 0.0, 0.0, 0.0, 0.0, 0.0]
INFO:root:Measured link-side joint torques: [-0.0061, -37.8679, 0.9635, 13.1164, 0.3966, 1.6708, 0.143]
INFO:root:Last commanded torques from controller: [0.0, 0.0, 0.0, 0.0, 0.0, 0.0, 0.0]
INFO:root:Measured link-side joint torques: [0.0177, -37.8679, 0.9873, 13.1402, 0.3902, 1.6635, 0.1503]
INFO:root:Last commanded torques from controller: [0.0, 0.0, 0.0, 0.0, 0.0, 0.0, 0.0]
INFO:root:Measured link-side joint torques: [0.0177, -37.8679, 0.9873, 13.1402, 0.3902, 1.6635, 0.1503]
INFO:root:Last commanded torques from controller: [0.0, 0.0, 0.0, 0.0, 0.0, 0.0, 0.0]
INFO:root:Measured link-side joint torques: [0.0177, -37.8679, 0.9397, 13.1164, 0.3966, 1.6571, 0.2116]
INFO:root:Last commanded torques from controller: [0.0, 0.0, 0.0, 0.0, 0.0, 0.0, 0.0]
INFO:root:Measured link-side joint torques: [0.0177, -37.9433, 0.9635, 13.1164, 0.3902, 1.6571, 0.1768]
INFO:root:Last commanded torques from controller: [0.0, 0.0, 0.0, 0.0, 0.0, 0.0, 0.0]
INFO:root:Measured link-side joint torques: [-0.0299, -37.9195, 0.9873, 13.1918, 0.3828, 1.6708, 0.1366]
INFO:root:Last commanded torques from controller: [0.0, 0.0, 0.0, 0.0, 0.0, 0.0, 0.0]
INFO:root:Measured link-side joint torques: [0.0415, -37.9195, 0.9635, 13.1402, 0.4094, 1.6635, 0.089]
INFO:root:Last commanded torques from controller: [0.0, 0.0, 0.0, 0.0, 0.0, 0.0, 0.0]
INFO:root:Measured link-side joint torques: [0.0415, -37.9195, 0.9635, 13.1402, 0.4094, 1.6635, 0.089]
INFO:root:Last commanded torques from controller: [0.0, 0.0, 0.0, 0.0, 0.0, 0.0, 0.0]
INFO:root:Measured link-side joint torques: [-0.0061, -37.9433, 0.9635, 13.1164, 0.4094, 1.6772, 0.1567]
INFO:root:Last commanded torques from controller: [0.0, 0.0, 0.0, 0.0, 0.0, 0.0, 0.0]
INFO:root:Measured link-side joint torques: [-0.0061, -37.9195, 0.9873, 13.1164, 0.403, 1.6845, 0.1768]
INFO:root:Last commanded torques from controller: [0.0, 0.0, 0.0, 0.0, 0.0, 0.0, 0.0]
INFO:root:Measured link-side joint torques: [-0.0061, -37.9433, 0.9635, 13.1402, 0.403, 1.6708, 0.218]
INFO:root:Last commanded torques from controller: [0.0, 0.0, 0.0, 0.0, 0.0, 0.0, 0.0]
INFO:root:Measured link-side joint torques: [0.0415, -37.9195, 0.9397, 13.168, 0.403, 1.6909, 0.1768]
INFO:root:Last commanded torques from controller: [0.0, 0.0, 0.0, 0.0, 0.0, 0.0, 0.0]
INFO:root:Measured link-side joint torques: [0.0415, -37.9195, 0.9397, 13.168, 0.403, 1.6909, 0.1768]
INFO:root:Last commanded torques from controller: [0.0, 0.0, 0.0, 0.0, 0.0, 0.0, 0.0]
INFO:root:Measured link-side joint torques: [0.0177, -37.9433, 0.9635, 13.1402, 0.3902, 1.6772, 0.1768]
INFO:root:Last commanded torques from controller: [0.0, 0.0, 0.0, 0.0, 0.0, 0.0, 0.0]
INFO:root:Measured link-side joint torques: [0.0177, -37.8679, 0.9635, 13.1402, 0.3902, 1.6845, 0.1906]
INFO:root:Last commanded torques from controller: [0.0, 0.0, 0.0, 0.0, 0.0, 0.0, 0.0]
INFO:root:Measured link-side joint torques: [-0.0061, -37.9433, 0.9635, 13.1164, 0.3902, 1.6909, 0.1366]
INFO:root:Last commanded torques from controller: [0.0, 0.0, 0.0, 0.0, 0.0, 0.0, 0.0]
INFO:root:Measured link-side joint torques: [0.0177, -37.9671, 0.9873, 13.0926, 0.3828, 1.7047, 0.1228]
INFO:root:Last commanded torques from controller: [0.0, 0.0, 0.0, 0.0, 0.0, 0.0, 0.0]
INFO:root:Measured link-side joint torques: [0.0177, -37.9671, 0.9873, 13.0926, 0.3828, 1.7047, 0.1228]
INFO:root:Last commanded torques from controller: [0.0, 0.0, 0.0, 0.0, 0.0, 0.0, 0.0]
INFO:root:Measured link-side joint torques: [-0.0061, -37.9433, 0.9397, 13.1164, 0.3966, 1.6909, 0.1503]
INFO:root:Last commanded torques from controller: [0.0, 0.0, 0.0, 0.0, 0.0, 0.0, 0.0]
INFO:root:Measured link-side joint torques: [0.0415, -37.9195, 0.9635, 13.1164, 0.403, 1.6973, 0.1567]
INFO:root:Last commanded torques from controller: [0.0, 0.0, 0.0, 0.0, 0.0, 0.0, 0.0]
INFO:root:Measured link-side joint torques: [0.0177, -37.8957, 0.9397, 13.1164, 0.3902, 1.6845, 0.1842]
INFO:root:Last commanded torques from controller: [0.0, 0.0, 0.0, 0.0, 0.0, 0.0, 0.0]
INFO:root:Measured link-side joint torques: [-0.0061, -37.9433, 0.9397, 13.1402, 0.403, 1.6973, 0.1366]
INFO:root:Last commanded torques from controller: [0.0, 0.0, 0.0, 0.0, 0.0, 0.0, 0.0]
INFO:root:Measured link-side joint torques: [-0.0061, -37.9433, 0.9397, 13.1402, 0.403, 1.6973, 0.1366]
INFO:root:Last commanded torques from controller: [0.0, 0.0, 0.0, 0.0, 0.0, 0.0, 0.0]
INFO:root:Measured link-side joint torques: [0.0177, -37.9433, 0.9635, 13.168, 0.3828, 1.7047, 0.1567]
INFO:root:Last commanded torques from controller: [0.0, 0.0, 0.0, 0.0, 0.0, 0.0, 0.0]
INFO:root:Measured link-side joint torques: [0.0177, -37.9433, 0.9397, 13.1918, 0.3966, 1.7047, 0.218]
INFO:root:Last commanded torques from controller: [0.0, 0.0, 0.0, 0.0, 0.0, 0.0, 0.0]
INFO:root:Measured link-side joint torques: [0.0177, -37.8957, 0.9635, 13.1402, 0.3828, 1.7111, 0.1906]
INFO:root:Last commanded torques from controller: [0.0, 0.0, 0.0, 0.0, 0.0, 0.0, 0.0]
INFO:root:Measured link-side joint torques: [0.0177, -37.9433, 0.9873, 13.168, 0.403, 1.6973, 0.164]
INFO:root:Last commanded torques from controller: [0.0, 0.0, 0.0, 0.0, 0.0, 0.0, 0.0]
INFO:root:Measured link-side joint torques: [0.0177, -37.9433, 0.9873, 13.168, 0.403, 1.6973, 0.164]
INFO:root:Last commanded torques from controller: [0.0, 0.0, 0.0, 0.0, 0.0, 0.0, 0.0]
INFO:root:Measured link-side joint torques: [0.0177, -37.8957, 0.9873, 13.168, 0.403, 1.6973, 0.2043]
INFO:root:Last commanded torques from controller: [0.0, 0.0, 0.0, 0.0, 0.0, 0.0, 0.0]
INFO:root:Measured link-side joint torques: [-0.0299, -37.9195, 0.9873, 13.1164, 0.3902, 1.6973, 0.1768]
INFO:root:Last commanded torques from controller: [0.0, 0.0, 0.0, 0.0, 0.0, 0.0, 0.0]
INFO:root:Measured link-side joint torques: [-0.0061, -37.9433, 0.9635, 13.1164, 0.3828, 1.7047, 0.143]
INFO:root:Last commanded torques from controller: [0.0, 0.0, 0.0, 0.0, 0.0, 0.0, 0.0]
INFO:root:Measured link-side joint torques: [0.0415, -37.9433, 0.9873, 13.1164, 0.3902, 1.7111, 0.143]
INFO:root:Last commanded torques from controller: [0.0, 0.0, 0.0, 0.0, 0.0, 0.0, 0.0]
INFO:root:Measured link-side joint torques: [0.0415, -37.9433, 0.9873, 13.1164, 0.3902, 1.7111, 0.143]
INFO:root:Last commanded torques from controller: [0.0, 0.0, 0.0, 0.0, 0.0, 0.0, 0.0]
INFO:root:Measured link-side joint torques: [-0.0061, -37.8957, 0.9397, 13.1402, 0.403, 1.7111, 0.1768]
INFO:root:Last commanded torques from controller: [0.0, 0.0, 0.0, 0.0, 0.0, 0.0, 0.0]
INFO:root:Measured link-side joint torques: [0.0177, -37.9671, 0.9635, 13.1164, 0.3966, 1.7248, 0.218]
INFO:root:Last commanded torques from controller: [0.0, 0.0, 0.0, 0.0, 0.0, 0.0, 0.0]
INFO:root:Measured link-side joint torques: [0.0415, -37.9433, 0.9635, 13.1402, 0.403, 1.7175, 0.2043]
INFO:root:Last commanded torques from controller: [0.0, 0.0, 0.0, 0.0, 0.0, 0.0, 0.0]
INFO:root:Measured link-side joint torques: [-0.0061, -37.9433, 0.9873, 13.1164, 0.3966, 1.7111, 0.1503]
INFO:root:Last commanded torques from controller: [0.0, 0.0, 0.0, 0.0, 0.0, 0.0, 0.0]
INFO:root:Measured link-side joint torques: [-0.0061, -37.9433, 0.9873, 13.1164, 0.3966, 1.7111, 0.1503]
INFO:root:Last commanded torques from controller: [0.0, 0.0, 0.0, 0.0, 0.0, 0.0, 0.0]
INFO:root:Measured link-side joint torques: [0.0415, -37.9195, 0.9397, 13.1164, 0.3902, 1.7047, 0.164]
INFO:root:Last commanded torques from controller: [0.0, 0.0, 0.0, 0.0, 0.0, 0.0, 0.0]
INFO:root:Measured link-side joint torques: [-0.0061, -37.8957, 0.9635, 13.1164, 0.3966, 1.6973, 0.2318]
INFO:root:Last commanded torques from controller: [0.0, 0.0, 0.0, 0.0, 0.0, 0.0, 0.0]
INFO:root:Measured link-side joint torques: [-0.0299, -37.8957, 0.9873, 13.0926, 0.403, 1.7047, 0.2043]
INFO:root:Last commanded torques from controller: [0.0, 0.0, 0.0, 0.0, 0.0, 0.0, 0.0]
INFO:root:Measured link-side joint torques: [0.0693, -37.9433, 0.9873, 13.0688, 0.3966, 1.7111, 0.1906]
INFO:root:Last commanded torques from controller: [0.0, 0.0, 0.0, 0.0, 0.0, 0.0, 0.0]
INFO:root:Measured link-side joint torques: [0.0693, -37.9433, 0.9873, 13.0688, 0.3966, 1.7111, 0.1906]
INFO:root:Last commanded torques from controller: [0.0, 0.0, 0.0, 0.0, 0.0, 0.0, 0.0]
INFO:root:Measured link-side joint torques: [-0.0299, -37.8957, 0.9635, 13.0926, 0.403, 1.7047, 0.2318]
INFO:root:Last commanded torques from controller: [0.0, 0.0, 0.0, 0.0, 0.0, 0.0, 0.0]
INFO:root:Measured link-side joint torques: [-0.0061, -37.9195, 0.9397, 13.045, 0.3966, 1.6909, 0.1842]
INFO:root:Last commanded torques from controller: [0.0, 0.0, 0.0, 0.0, 0.0, 0.0, 0.0]
INFO:root:Measured link-side joint torques: [0.0177, -37.9195, 0.9635, 13.0688, 0.403, 1.7047, 0.2043]
INFO:root:Last commanded torques from controller: [0.0, 0.0, 0.0, 0.0, 0.0, 0.0, 0.0]
INFO:root:Measured link-side joint torques: [0.0177, -37.9671, 0.9873, 13.0688, 0.3966, 1.7111, 0.1302]
INFO:root:Last commanded torques from controller: [0.0, 0.0, 0.0, 0.0, 0.0, 0.0, 0.0]
INFO:root:Measured link-side joint torques: [0.0177, -37.9671, 0.9873, 13.0688, 0.3966, 1.7111, 0.1302]
INFO:root:Last commanded torques from controller: [0.0, 0.0, 0.0, 0.0, 0.0, 0.0, 0.0]
INFO:root:Measured link-side joint torques: [-0.0061, -37.8957, 0.9397, 13.0688, 0.3966, 1.7047, 0.1979]
INFO:root:Last commanded torques from controller: [0.0, 0.0, 0.0, 0.0, 0.0, 0.0, 0.0]
INFO:root:Measured link-side joint torques: [-0.0061, -37.9433, 0.9873, 13.045, 0.3902, 1.7047, 0.218]
INFO:root:Last commanded torques from controller: [0.0, 0.0, 0.0, 0.0, 0.0, 0.0, 0.0]
INFO:root:Measured link-side joint torques: [-0.0061, -37.9433, 0.9635, 13.045, 0.3902, 1.7047, 0.1503]
INFO:root:Last commanded torques from controller: [0.0, 0.0, 0.0, 0.0, 0.0, 0.0, 0.0]
INFO:root:Measured link-side joint torques: [-0.0061, -37.8441, 0.9873, 13.0926, 0.403, 1.7111, 0.1842]
INFO:root:Last commanded torques from controller: [0.0, 0.0, 0.0, 0.0, 0.0, 0.0, 0.0]
INFO:root:Measured link-side joint torques: [-0.0061, -37.8441, 0.9873, 13.0926, 0.403, 1.7111, 0.1842]
INFO:root:Last commanded torques from controller: [0.0, 0.0, 0.0, 0.0, 0.0, 0.0, 0.0]
INFO:root:Measured link-side joint torques: [0.0177, -37.8679, 0.9873, 13.0688, 0.403, 1.7175, 0.1768]
INFO:root:Last commanded torques from controller: [0.0, 0.0, 0.0, 0.0, 0.0, 0.0, 0.0]
INFO:root:Measured link-side joint torques: [-0.0061, -37.8957, 0.9635, 13.045, 0.403, 1.7248, 0.1768]
INFO:root:Last commanded torques from controller: [0.0, 0.0, 0.0, 0.0, 0.0, 0.0, 0.0]
INFO:root:Measured link-side joint torques: [-0.0061, -37.9433, 0.9635, 13.0926, 0.3902, 1.7111, 0.2043]
INFO:root:Last commanded torques from controller: [0.0, 0.0, 0.0, 0.0, 0.0, 0.0, 0.0]
INFO:root:Measured link-side joint torques: [-0.0061, -37.9195, 0.9635, 13.045, 0.4094, 1.7111, 0.1768]
INFO:root:Last commanded torques from controller: [0.0, 0.0, 0.0, 0.0, 0.0, 0.0, 0.0]
INFO:root:Measured link-side joint torques: [-0.0061, -37.9195, 0.9635, 13.045, 0.4094, 1.7111, 0.1768]
INFO:root:Last commanded torques from controller: [0.0, 0.0, 0.0, 0.0, 0.0, 0.0, 0.0]
INFO:root:Measured link-side joint torques: [-0.0061, -37.8957, 0.9635, 13.0688, 0.3902, 1.7111, 0.2043]
INFO:root:Last commanded torques from controller: [0.0, 0.0, 0.0, 0.0, 0.0, 0.0, 0.0]
INFO:root:Measured link-side joint torques: [0.0177, -37.8679, 0.9397, 13.045, 0.3966, 1.7312, 0.218]
INFO:root:Last commanded torques from controller: [0.0, 0.0, 0.0, 0.0, 0.0, 0.0, 0.0]
INFO:root:Measured link-side joint torques: [-0.0299, -37.8679, 0.9635, 13.0688, 0.403, 1.7175, 0.218]
INFO:root:Last commanded torques from controller: [0.0, 0.0, 0.0, 0.0, 0.0, 0.0, 0.0]
INFO:root:Measured link-side joint torques: [0.0415, -37.8679, 0.9159, 13.045, 0.4094, 1.7175, 0.164]
INFO:root:Last commanded torques from controller: [0.0, 0.0, 0.0, 0.0, 0.0, 0.0, 0.0]
INFO:root:Measured link-side joint torques: [0.0415, -37.8679, 0.9159, 13.045, 0.4094, 1.7175, 0.164]
INFO:root:Last commanded torques from controller: [0.0, 0.0, 0.0, 0.0, 0.0, 0.0, 0.0]
INFO:root:Measured link-side joint torques: [-0.0061, -37.8957, 0.9159, 13.0926, 0.3966, 1.7111, 0.2519]
INFO:root:Last commanded torques from controller: [0.0, 0.0, 0.0, 0.0, 0.0, 0.0, 0.0]
INFO:root:Measured link-side joint torques: [0.0177, -37.9195, 0.9397, 13.0688, 0.403, 1.7175, 0.2043]
INFO:root:Last commanded torques from controller: [0.0, 0.0, 0.0, 0.0, 0.0, 0.0, 0.0]
INFO:root:Measured link-side joint torques: [-0.0061, -37.8203, 0.9397, 13.045, 0.403, 1.7248, 0.2583]
INFO:root:Last commanded torques from controller: [0.0, 0.0, 0.0, 0.0, 0.0, 0.0, 0.0]
INFO:root:Measured link-side joint torques: [-0.0061, -37.8441, 0.9635, 13.045, 0.3966, 1.7047, 0.218]
INFO:root:Last commanded torques from controller: [0.0, 0.0, 0.0, 0.0, 0.0, 0.0, 0.0]
INFO:root:Measured link-side joint torques: [-0.0061, -37.8441, 0.9635, 13.045, 0.3966, 1.7047, 0.218]
INFO:root:Last commanded torques from controller: [0.0, 0.0, 0.0, 0.0, 0.0, 0.0, 0.0]
INFO:root:Measured link-side joint torques: [-0.0061, -37.8203, 0.9397, 13.0172, 0.3902, 1.6973, 0.218]
INFO:root:Last commanded torques from controller: [0.0, 0.0, 0.0, 0.0, 0.0, 0.0, 0.0]
INFO:root:Measured link-side joint torques: [-0.0299, -37.8441, 0.9635, 13.0172, 0.403, 1.6973, 0.1906]
INFO:root:Last commanded torques from controller: [0.0, 0.0, 0.0, 0.0, 0.0, 0.0, 0.0]
INFO:root:Measured link-side joint torques: [-0.0061, -37.8203, 0.9635, 12.9934, 0.3902, 1.7111, 0.1768]
INFO:root:Last commanded torques from controller: [0.0, 0.0, 0.0, 0.0, 0.0, 0.0, 0.0]
INFO:root:Measured link-side joint torques: [0.0177, -37.8441, 0.9635, 13.0172, 0.403, 1.7047, 0.2043]
INFO:root:Last commanded torques from controller: [0.0, 0.0, 0.0, 0.0, 0.0, 0.0, 0.0]
INFO:root:Measured link-side joint torques: [0.0177, -37.8441, 0.9635, 13.0172, 0.403, 1.7047, 0.2043]
INFO:root:Last commanded torques from controller: [0.0, 0.0, 0.0, 0.0, 0.0, 0.0, 0.0]
INFO:root:Measured link-side joint torques: [0.0415, -37.7925, 0.9397, 12.9934, 0.403, 1.7111, 0.218]
INFO:root:Last commanded torques from controller: [0.0, 0.0, 0.0, 0.0, 0.0, 0.0, 0.0]
INFO:root:Measured link-side joint torques: [-0.0061, -37.8679, 0.9397, 13.045, 0.403, 1.7175, 0.1768]
INFO:root:Last commanded torques from controller: [0.0, 0.0, 0.0, 0.0, 0.0, 0.0, 0.0]
INFO:root:Measured link-side joint torques: [-0.0299, -37.7925, 0.8921, 13.045, 0.3902, 1.7047, 0.2858]
INFO:root:Last commanded torques from controller: [0.0, 0.0, 0.0, 0.0, 0.0, 0.0, 0.0]
INFO:root:Measured link-side joint torques: [-0.0299, -37.8441, 0.9159, 13.045, 0.3966, 1.7111, 0.2043]
INFO:root:Last commanded torques from controller: [0.0, 0.0, 0.0, 0.0, 0.0, 0.0, 0.0]
INFO:root:Measured link-side joint torques: [-0.0299, -37.8441, 0.9159, 13.045, 0.3966, 1.7111, 0.2043]
INFO:root:Last commanded torques from controller: [0.0, 0.0, 0.0, 0.0, 0.0, 0.0, 0.0]
INFO:root:Measured link-side joint torques: [-0.0299, -37.8441, 0.9397, 13.0172, 0.3902, 1.7175, 0.1768]
INFO:root:Last commanded torques from controller: [0.0, 0.0, 0.0, 0.0, 0.0, 0.0, 0.0]
INFO:root:Measured link-side joint torques: [-0.0061, -37.8441, 0.9397, 13.0172, 0.403, 1.7111, 0.2995]
INFO:root:Last commanded torques from controller: [0.0, 0.0, 0.0, 0.0, 0.0, 0.0, 0.0]
INFO:root:Measured link-side joint torques: [0.0177, -37.8679, 0.9397, 13.045, 0.4094, 1.7111, 0.2455]
INFO:root:Last commanded torques from controller: [0.0, 0.0, 0.0, 0.0, 0.0, 0.0, 0.0]
INFO:root:Measured link-side joint torques: [0.0177, -37.8957, 0.9635, 13.0172, 0.3966, 1.7111, 0.2583]
INFO:root:Last commanded torques from controller: [0.0, 0.0, 0.0, 0.0, 0.0, 0.0, 0.0]
INFO:root:Measured link-side joint torques: [0.0177, -37.8957, 0.9635, 13.0172, 0.3966, 1.7111, 0.2583]
INFO:root:Last commanded torques from controller: [0.0, 0.0, 0.0, 0.0, 0.0, 0.0, 0.0]
INFO:root:Measured link-side joint torques: [-0.0299, -37.8679, 0.9397, 12.9696, 0.3966, 1.7248, 0.2657]
INFO:root:Last commanded torques from controller: [0.0, 0.0, 0.0, 0.0, 0.0, 0.0, 0.0]
INFO:root:Measured link-side joint torques: [-0.0299, -37.9195, 0.9635, 12.9934, 0.403, 1.7175, 0.2043]
INFO:root:Last commanded torques from controller: [0.0, 0.0, 0.0, 0.0, 0.0, 0.0, 0.0]
INFO:root:Measured link-side joint torques: [-0.0299, -37.8203, 0.9397, 13.0172, 0.403, 1.7248, 0.2519]
INFO:root:Last commanded torques from controller: [0.0, 0.0, 0.0, 0.0, 0.0, 0.0, 0.0]
INFO:root:Measured link-side joint torques: [-0.0299, -37.8203, 0.9159, 13.0172, 0.4094, 1.7111, 0.218]
INFO:root:Last commanded torques from controller: [0.0, 0.0, 0.0, 0.0, 0.0, 0.0, 0.0]
INFO:root:Measured link-side joint torques: [-0.0299, -37.8203, 0.9159, 13.0172, 0.4094, 1.7111, 0.218]
INFO:root:Last commanded torques from controller: [0.0, 0.0, 0.0, 0.0, 0.0, 0.0, 0.0]
INFO:root:Measured link-side joint torques: [-0.0299, -37.8441, 0.9159, 12.9934, 0.3902, 1.7175, 0.2043]
INFO:root:Last commanded torques from controller: [0.0, 0.0, 0.0, 0.0, 0.0, 0.0, 0.0]
INFO:root:Measured link-side joint torques: [-0.0299, -37.8441, 0.9159, 12.9934, 0.3966, 1.7175, 0.2455]
INFO:root:Last commanded torques from controller: [0.0, 0.0, 0.0, 0.0, 0.0, 0.0, 0.0]
INFO:root:Measured link-side joint torques: [-0.0061, -37.8679, 0.9635, 13.0172, 0.4094, 1.7248, 0.2519]
INFO:root:Last commanded torques from controller: [0.0, 0.0, 0.0, 0.0, 0.0, 0.0, 0.0]
INFO:root:Measured link-side joint torques: [-0.0299, -37.8957, 0.9397, 13.0172, 0.3966, 1.7175, 0.2657]
INFO:root:Last commanded torques from controller: [0.0, 0.0, 0.0, 0.0, 0.0, 0.0, 0.0]
INFO:root:Measured link-side joint torques: [-0.0299, -37.8957, 0.9397, 13.0172, 0.3966, 1.7175, 0.2657]
INFO:root:Last commanded torques from controller: [0.0, 0.0, 0.0, 0.0, 0.0, 0.0, 0.0]
INFO:root:Measured link-side joint torques: [-0.0061, -37.9195, 0.9635, 12.9934, 0.3966, 1.7248, 0.2455]
INFO:root:Last commanded torques from controller: [0.0, 0.0, 0.0, 0.0, 0.0, 0.0, 0.0]
INFO:root:Measured link-side joint torques: [-0.0299, -37.8679, 0.9397, 12.9934, 0.3902, 1.7175, 0.2455]
INFO:root:Last commanded torques from controller: [0.0, 0.0, 0.0, 0.0, 0.0, 0.0, 0.0]
INFO:root:Measured link-side joint torques: [-0.0061, -37.8441, 0.9159, 13.0172, 0.403, 1.7175, 0.2318]
INFO:root:Last commanded torques from controller: [0.0, 0.0, 0.0, 0.0, 0.0, 0.0, 0.0]
INFO:root:Measured link-side joint torques: [-0.0061, -37.8203, 0.9159, 12.9934, 0.403, 1.7111, 0.2043]
INFO:root:Last commanded torques from controller: [0.0, 0.0, 0.0, 0.0, 0.0, 0.0, 0.0]
INFO:root:Measured link-side joint torques: [-0.0061, -37.8203, 0.9159, 12.9934, 0.403, 1.7111, 0.2043]
INFO:root:Last commanded torques from controller: [0.0, 0.0, 0.0, 0.0, 0.0, 0.0, 0.0]
INFO:root:Measured link-side joint torques: [-0.0061, -37.8203, 0.8921, 12.9934, 0.4158, 1.7111, 0.2318]
INFO:root:Last commanded torques from controller: [0.0, 0.0, 0.0, 0.0, 0.0, 0.0, 0.0]
INFO:root:Measured link-side joint torques: [-0.0577, -37.8679, 0.8921, 13.045, 0.4094, 1.7175, 0.2318]
INFO:root:Last commanded torques from controller: [0.0, 0.0, 0.0, 0.0, 0.0, 0.0, 0.0]
INFO:root:Measured link-side joint torques: [-0.0577, -37.8203, 0.8921, 13.045, 0.403, 1.7312, 0.2995]
INFO:root:Last commanded torques from controller: [0.0, 0.0, 0.0, 0.0, 0.0, 0.0, 0.0]
INFO:root:Measured link-side joint torques: [0.0177, -37.7925, 0.8921, 12.9696, 0.4094, 1.7312, 0.2455]
INFO:root:Last commanded torques from controller: [0.0, 0.0, 0.0, 0.0, 0.0, 0.0, 0.0]
INFO:root:Measured link-side joint torques: [0.0177, -37.7925, 0.8921, 12.9696, 0.4094, 1.7312, 0.2455]
INFO:root:Last commanded torques from controller: [0.0, 0.0, 0.0, 0.0, 0.0, 0.0, 0.0]
INFO:root:Measured link-side joint torques: [-0.0061, -37.8203, 0.8921, 12.9934, 0.3902, 1.7175, 0.2455]
INFO:root:Last commanded torques from controller: [0.0, 0.0, 0.0, 0.0, 0.0, 0.0, 0.0]
INFO:root:Measured link-side joint torques: [-0.0299, -37.7925, 0.9159, 13.0172, 0.4094, 1.7047, 0.2583]
INFO:root:Last commanded torques from controller: [0.0, 0.0, 0.0, 0.0, 0.0, 0.0, 0.0]
INFO:root:Measured link-side joint torques: [-0.0299, -37.8203, 0.8921, 12.9696, 0.4094, 1.7111, 0.2519]
INFO:root:Last commanded torques from controller: [0.0, 0.0, 0.0, 0.0, 0.0, 0.0, 0.0]
INFO:root:Measured link-side joint torques: [-0.0577, -37.8203, 0.9159, 12.9696, 0.3902, 1.7047, 0.2583]
INFO:root:Last commanded torques from controller: [0.0, 0.0, 0.0, 0.0, 0.0, 0.0, 0.0]
INFO:root:Measured link-side joint torques: [-0.0577, -37.8203, 0.9159, 12.9696, 0.3902, 1.7047, 0.2583]
INFO:root:Last commanded torques from controller: [0.0, 0.0, 0.0, 0.0, 0.0, 0.0, 0.0]
INFO:root:Measured link-side joint torques: [0.0177, -37.8203, 0.8643, 12.9934, 0.4094, 1.7047, 0.2583]
INFO:root:Last commanded torques from controller: [0.0, 0.0, 0.0, 0.0, 0.0, 0.0, 0.0]
INFO:root:Measured link-side joint torques: [-0.0299, -37.7925, 0.9159, 12.922, 0.4158, 1.7047, 0.2245]
INFO:root:Last commanded torques from controller: [0.0, 0.0, 0.0, 0.0, 0.0, 0.0, 0.0]
INFO:root:Measured link-side joint torques: [-0.0299, -37.8203, 0.9159, 12.9934, 0.3902, 1.7248, 0.2721]
INFO:root:Last commanded torques from controller: [0.0, 0.0, 0.0, 0.0, 0.0, 0.0, 0.0]
INFO:root:Measured link-side joint torques: [-0.0577, -37.8203, 0.8405, 12.9934, 0.403, 1.7248, 0.1906]
INFO:root:Last commanded torques from controller: [0.0, 0.0, 0.0, 0.0, 0.0, 0.0, 0.0]
INFO:root:Measured link-side joint torques: [-0.0577, -37.8203, 0.8405, 12.9934, 0.403, 1.7248, 0.1906]
INFO:root:Last commanded torques from controller: [0.0, 0.0, 0.0, 0.0, 0.0, 0.0, 0.0]
INFO:root:Measured link-side joint torques: [-0.0061, -37.8203, 0.9159, 12.9458, 0.3966, 1.7111, 0.2583]
INFO:root:Last commanded torques from controller: [0.0, 0.0, 0.0, 0.0, 0.0, 0.0, 0.0]
INFO:root:Measured link-side joint torques: [-0.0061, -37.7687, 0.8643, 12.9458, 0.403, 1.7312, 0.2583]
INFO:root:Last commanded torques from controller: [0.0, 0.0, 0.0, 0.0, 0.0, 0.0, 0.0]
INFO:root:Measured link-side joint torques: [-0.0061, -37.7687, 0.9397, 12.9458, 0.3966, 1.7248, 0.2995]
INFO:root:Last commanded torques from controller: [0.0, 0.0, 0.0, 0.0, 0.0, 0.0, 0.0]
INFO:root:Measured link-side joint torques: [-0.0577, -37.7925, 0.8921, 12.9934, 0.3902, 1.7248, 0.3133]
INFO:root:Last commanded torques from controller: [0.0, 0.0, 0.0, 0.0, 0.0, 0.0, 0.0]
INFO:root:Measured link-side joint torques: [-0.0577, -37.7925, 0.8921, 12.9934, 0.3902, 1.7248, 0.3133]
INFO:root:Last commanded torques from controller: [0.0, 0.0, 0.0, 0.0, 0.0, 0.0, 0.0]
INFO:root:Measured link-side joint torques: [-0.0577, -37.7687, 0.9159, 12.922, 0.4158, 1.7248, 0.2455]
INFO:root:Last commanded torques from controller: [0.0, 0.0, 0.0, 0.0, 0.0, 0.0, 0.0]
INFO:root:Measured link-side joint torques: [-0.0061, -37.8203, 0.8643, 12.9458, 0.4094, 1.7175, 0.2583]
INFO:root:Last commanded torques from controller: [0.0, 0.0, 0.0, 0.0, 0.0, 0.0, 0.0]
INFO:root:Measured link-side joint torques: [-0.0577, -37.7925, 0.8921, 12.9696, 0.403, 1.6973, 0.2318]
INFO:root:Last commanded torques from controller: [0.0, 0.0, 0.0, 0.0, 0.0, 0.0, 0.0]
INFO:root:Measured link-side joint torques: [-0.0299, -37.8203, 0.8921, 12.922, 0.3966, 1.7248, 0.218]
INFO:root:Last commanded torques from controller: [0.0, 0.0, 0.0, 0.0, 0.0, 0.0, 0.0]
INFO:root:Measured link-side joint torques: [-0.0299, -37.8203, 0.8921, 12.922, 0.3966, 1.7248, 0.218]
INFO:root:Last commanded torques from controller: [0.0, 0.0, 0.0, 0.0, 0.0, 0.0, 0.0]
INFO:root:Measured link-side joint torques: [-0.0577, -37.7925, 0.8921, 12.9458, 0.403, 1.7175, 0.327]
INFO:root:Last commanded torques from controller: [0.0, 0.0, 0.0, 0.0, 0.0, 0.0, 0.0]
INFO:root:Measured link-side joint torques: [-0.0577, -37.7925, 0.9159, 12.9696, 0.4158, 1.7111, 0.218]
INFO:root:Last commanded torques from controller: [0.0, 0.0, 0.0, 0.0, 0.0, 0.0, 0.0]
INFO:root:Measured link-side joint torques: [-0.0061, -37.7687, 0.9397, 12.922, 0.403, 1.7175, 0.2995]
INFO:root:Last commanded torques from controller: [0.0, 0.0, 0.0, 0.0, 0.0, 0.0, 0.0]
INFO:root:Measured link-side joint torques: [-0.0577, -37.7925, 0.9397, 12.9458, 0.403, 1.7376, 0.2721]
INFO:root:Last commanded torques from controller: [0.0, 0.0, 0.0, 0.0, 0.0, 0.0, 0.0]
INFO:root:Measured link-side joint torques: [-0.0577, -37.7925, 0.9397, 12.9458, 0.403, 1.7376, 0.2721]
INFO:root:Last commanded torques from controller: [0.0, 0.0, 0.0, 0.0, 0.0, 0.0, 0.0]
INFO:root:Measured link-side joint torques: [-0.0815, -37.7687, 0.9397, 12.9934, 0.4094, 1.7376, 0.3133]
INFO:root:Last commanded torques from controller: [0.0, 0.0, 0.0, 0.0, 0.0, 0.0, 0.0]
INFO:root:Measured link-side joint torques: [-0.0299, -37.8203, 0.9397, 12.9696, 0.3966, 1.7248, 0.2721]
INFO:root:Last commanded torques from controller: [0.0, 0.0, 0.0, 0.0, 0.0, 0.0, 0.0]
INFO:root:Measured link-side joint torques: [-0.0299, -37.7449, 0.9397, 12.9458, 0.3966, 1.7248, 0.2455]
INFO:root:Last commanded torques from controller: [0.0, 0.0, 0.0, 0.0, 0.0, 0.0, 0.0]
INFO:root:Measured link-side joint torques: [-0.0577, -37.7925, 0.9397, 12.922, 0.3828, 1.7175, 0.2995]
INFO:root:Last commanded torques from controller: [0.0, 0.0, 0.0, 0.0, 0.0, 0.0, 0.0]
INFO:root:Measured link-side joint torques: [-0.0577, -37.7925, 0.9397, 12.922, 0.3828, 1.7175, 0.2995]
INFO:root:Last commanded torques from controller: [0.0, 0.0, 0.0, 0.0, 0.0, 0.0, 0.0]
INFO:root:Measured link-side joint torques: [-0.0577, -37.8441, 0.9397, 12.922, 0.4094, 1.7312, 0.2583]
INFO:root:Last commanded torques from controller: [0.0, 0.0, 0.0, 0.0, 0.0, 0.0, 0.0]
INFO:root:Measured link-side joint torques: [-0.0061, -37.7925, 0.9397, 12.922, 0.3966, 1.7312, 0.2995]
INFO:root:Last commanded torques from controller: [0.0, 0.0, 0.0, 0.0, 0.0, 0.0, 0.0]
INFO:root:Measured link-side joint torques: [-0.0061, -37.7687, 0.9159, 12.8942, 0.3966, 1.7248, 0.2245]
INFO:root:Last commanded torques from controller: [0.0, 0.0, 0.0, 0.0, 0.0, 0.0, 0.0]
INFO:root:Measured link-side joint torques: [-0.0061, -37.7925, 0.8921, 12.922, 0.3966, 1.7312, 0.2657]
INFO:root:Last commanded torques from controller: [0.0, 0.0, 0.0, 0.0, 0.0, 0.0, 0.0]
INFO:root:Measured link-side joint torques: [-0.0061, -37.7925, 0.8921, 12.922, 0.3966, 1.7312, 0.2657]
INFO:root:Last commanded torques from controller: [0.0, 0.0, 0.0, 0.0, 0.0, 0.0, 0.0]
INFO:root:Measured link-side joint torques: [-0.0061, -37.7687, 0.9635, 12.922, 0.3966, 1.7175, 0.2995]
INFO:root:Last commanded torques from controller: [0.0, 0.0, 0.0, 0.0, 0.0, 0.0, 0.0]
INFO:root:Measured link-side joint torques: [-0.0061, -37.7687, 0.9159, 12.922, 0.403, 1.7248, 0.3535]
INFO:root:Last commanded torques from controller: [0.0, 0.0, 0.0, 0.0, 0.0, 0.0, 0.0]
INFO:root:Measured link-side joint torques: [-0.0061, -37.7687, 0.9397, 12.922, 0.403, 1.7248, 0.2995]
INFO:root:Last commanded torques from controller: [0.0, 0.0, 0.0, 0.0, 0.0, 0.0, 0.0]
INFO:root:Measured link-side joint torques: [-0.0299, -37.7449, 0.9397, 12.8942, 0.3828, 1.7312, 0.2721]
INFO:root:Last commanded torques from controller: [0.0, 0.0, 0.0, 0.0, 0.0, 0.0, 0.0]
INFO:root:Measured link-side joint torques: [-0.0299, -37.7449, 0.9397, 12.8942, 0.3828, 1.7312, 0.2721]
INFO:root:Last commanded torques from controller: [0.0, 0.0, 0.0, 0.0, 0.0, 0.0, 0.0]
INFO:root:Measured link-side joint torques: [-0.0299, -37.6933, 0.9635, 12.8704, 0.3966, 1.7111, 0.3334]
INFO:root:Last commanded torques from controller: [0.0, 0.0, 0.0, 0.0, 0.0, 0.0, 0.0]
INFO:root:Measured link-side joint torques: [-0.0299, -37.6933, 0.9397, 12.9458, 0.403, 1.7248, 0.2794]
INFO:root:Last commanded torques from controller: [0.0, 0.0, 0.0, 0.0, 0.0, 0.0, 0.0]
INFO:root:Measured link-side joint torques: [-0.0299, -37.7449, 0.9397, 12.8942, 0.4158, 1.7248, 0.2318]
INFO:root:Last commanded torques from controller: [0.0, 0.0, 0.0, 0.0, 0.0, 0.0, 0.0]
INFO:root:Measured link-side joint torques: [-0.0577, -37.7449, 0.9159, 12.8942, 0.4158, 1.7248, 0.3133]
INFO:root:Last commanded torques from controller: [0.0, 0.0, 0.0, 0.0, 0.0, 0.0, 0.0]
INFO:root:Measured link-side joint torques: [-0.0577, -37.7449, 0.9159, 12.8942, 0.4158, 1.7248, 0.3133]
INFO:root:Last commanded torques from controller: [0.0, 0.0, 0.0, 0.0, 0.0, 0.0, 0.0]
INFO:root:Measured link-side joint torques: [-0.0299, -37.7449, 0.9635, 12.8942, 0.403, 1.7248, 0.327]
INFO:root:Last commanded torques from controller: [0.0, 0.0, 0.0, 0.0, 0.0, 0.0, 0.0]
INFO:root:Measured link-side joint torques: [-0.0299, -37.7687, 0.9873, 12.922, 0.403, 1.7248, 0.2116]
INFO:root:Last commanded torques from controller: [0.0, 0.0, 0.0, 0.0, 0.0, 0.0, 0.0]
INFO:root:Measured link-side joint torques: [-0.0299, -37.7449, 0.9635, 12.922, 0.4094, 1.7111, 0.2455]
INFO:root:Last commanded torques from controller: [0.0, 0.0, 0.0, 0.0, 0.0, 0.0, 0.0]
INFO:root:Measured link-side joint torques: [-0.0061, -37.7687, 0.9397, 12.9458, 0.4158, 1.7175, 0.2455]
INFO:root:Last commanded torques from controller: [0.0, 0.0, 0.0, 0.0, 0.0, 0.0, 0.0]
INFO:root:Measured link-side joint torques: [-0.0061, -37.7687, 0.9397, 12.9458, 0.4158, 1.7175, 0.2455]
INFO:root:Last commanded torques from controller: [0.0, 0.0, 0.0, 0.0, 0.0, 0.0, 0.0]
INFO:root:Measured link-side joint torques: [-0.0061, -37.7211, 0.9635, 12.9458, 0.403, 1.7111, 0.1979]
INFO:root:Last commanded torques from controller: [0.0, 0.0, 0.0, 0.0, 0.0, 0.0, 0.0]
INFO:root:Measured link-side joint torques: [-0.0061, -37.7687, 0.9159, 12.922, 0.4094, 1.7175, 0.2583]
INFO:root:Last commanded torques from controller: [0.0, 0.0, 0.0, 0.0, 0.0, 0.0, 0.0]
INFO:root:Measured link-side joint torques: [-0.0299, -37.7449, 0.9159, 12.8942, 0.4158, 1.7175, 0.2858]
INFO:root:Last commanded torques from controller: [0.0, 0.0, 0.0, 0.0, 0.0, 0.0, 0.0]
INFO:root:Measured link-side joint torques: [-0.0299, -37.7449, 0.9159, 12.9696, 0.4231, 1.7175, 0.2721]
INFO:root:Last commanded torques from controller: [0.0, 0.0, 0.0, 0.0, 0.0, 0.0, 0.0]
INFO:root:Measured link-side joint torques: [-0.0299, -37.7449, 0.9159, 12.9696, 0.4231, 1.7175, 0.2721]
INFO:root:Last commanded torques from controller: [0.0, 0.0, 0.0, 0.0, 0.0, 0.0, 0.0]
INFO:root:Measured link-side joint torques: [-0.0577, -37.7211, 0.9635, 12.922, 0.3966, 1.7175, 0.2721]
INFO:root:Last commanded torques from controller: [0.0, 0.0, 0.0, 0.0, 0.0, 0.0, 0.0]
INFO:root:Measured link-side joint torques: [-0.0061, -37.7687, 0.9397, 12.922, 0.4094, 1.7312, 0.3059]
INFO:root:Last commanded torques from controller: [0.0, 0.0, 0.0, 0.0, 0.0, 0.0, 0.0]
INFO:root:Measured link-side joint torques: [-0.0577, -37.7449, 0.9635, 12.8942, 0.403, 1.7312, 0.2583]
INFO:root:Last commanded torques from controller: [0.0, 0.0, 0.0, 0.0, 0.0, 0.0, 0.0]
INFO:root:Measured link-side joint torques: [-0.0577, -37.7211, 0.9397, 12.8704, 0.4158, 1.7111, 0.3407]
INFO:root:Last commanded torques from controller: [0.0, 0.0, 0.0, 0.0, 0.0, 0.0, 0.0]
INFO:root:Measured link-side joint torques: [-0.0577, -37.7211, 0.9397, 12.8704, 0.4158, 1.7111, 0.3407]
INFO:root:Last commanded torques from controller: [0.0, 0.0, 0.0, 0.0, 0.0, 0.0, 0.0]
INFO:root:Measured link-side joint torques: [-0.0061, -37.7449, 0.9159, 12.8228, 0.4094, 1.7111, 0.2721]
INFO:root:Last commanded torques from controller: [0.0, 0.0, 0.0, 0.0, 0.0, 0.0, 0.0]
INFO:root:Measured link-side joint torques: [-0.0299, -37.7687, 0.9635, 12.8942, 0.4094, 1.7111, 0.2721]
INFO:root:Last commanded torques from controller: [0.0, 0.0, 0.0, 0.0, 0.0, 0.0, 0.0]
INFO:root:Measured link-side joint torques: [-0.0061, -37.7211, 0.9159, 12.8228, 0.4094, 1.7111, 0.218]
INFO:root:Last commanded torques from controller: [0.0, 0.0, 0.0, 0.0, 0.0, 0.0, 0.0]
INFO:root:Measured link-side joint torques: [-0.0299, -37.7449, 0.9873, 12.8466, 0.4094, 1.7312, 0.2583]
INFO:root:Last commanded torques from controller: [0.0, 0.0, 0.0, 0.0, 0.0, 0.0, 0.0]
INFO:root:Measured link-side joint torques: [-0.0299, -37.7449, 0.9873, 12.8466, 0.4094, 1.7312, 0.2583]
INFO:root:Last commanded torques from controller: [0.0, 0.0, 0.0, 0.0, 0.0, 0.0, 0.0]
INFO:root:Measured link-side joint torques: [-0.0815, -37.7687, 0.9635, 12.8466, 0.4158, 1.7248, 0.2858]
INFO:root:Last commanded torques from controller: [0.0, 0.0, 0.0, 0.0, 0.0, 0.0, 0.0]
INFO:root:Measured link-side joint torques: [-0.0061, -37.7687, 0.9397, 12.8466, 0.403, 1.7248, 0.2043]
INFO:root:Last commanded torques from controller: [0.0, 0.0, 0.0, 0.0, 0.0, 0.0, 0.0]
INFO:root:Measured link-side joint torques: [-0.0299, -37.7211, 0.9635, 12.8228, 0.403, 1.7248, 0.3133]
INFO:root:Last commanded torques from controller: [0.0, 0.0, 0.0, 0.0, 0.0, 0.0, 0.0]
INFO:root:Measured link-side joint torques: [-0.0577, -37.6933, 0.9159, 12.8704, 0.4094, 1.7248, 0.3133]
INFO:root:Last commanded torques from controller: [0.0, 0.0, 0.0, 0.0, 0.0, 0.0, 0.0]
INFO:root:Measured link-side joint torques: [-0.0577, -37.6933, 0.9159, 12.8704, 0.4094, 1.7248, 0.3133]
INFO:root:Last commanded torques from controller: [0.0, 0.0, 0.0, 0.0, 0.0, 0.0, 0.0]
INFO:root:Measured link-side joint torques: [-0.0061, -37.7687, 0.9635, 12.8704, 0.403, 1.7248, 0.218]
INFO:root:Last commanded torques from controller: [0.0, 0.0, 0.0, 0.0, 0.0, 0.0, 0.0]
INFO:root:Measured link-side joint torques: [-0.0299, -37.7925, 0.9635, 12.922, 0.403, 1.7111, 0.3407]
INFO:root:Last commanded torques from controller: [0.0, 0.0, 0.0, 0.0, 0.0, 0.0, 0.0]
INFO:root:Measured link-side joint torques: [0.0177, -37.7925, 1.0151, 12.8466, 0.403, 1.7175, 0.2583]
INFO:root:Last commanded torques from controller: [0.0, 0.0, 0.0, 0.0, 0.0, 0.0, 0.0]
INFO:root:Measured link-side joint torques: [-0.0299, -37.8203, 0.9397, 12.8466, 0.4094, 1.7047, 0.2858]
INFO:root:Last commanded torques from controller: [0.0, 0.0, 0.0, 0.0, 0.0, 0.0, 0.0]
INFO:root:Measured link-side joint torques: [-0.0299, -37.8203, 0.9397, 12.8466, 0.4094, 1.7047, 0.2858]
INFO:root:Last commanded torques from controller: [0.0, 0.0, 0.0, 0.0, 0.0, 0.0, 0.0]
INFO:root:Measured link-side joint torques: [-0.0577, -37.7687, 0.9635, 12.8704, 0.4158, 1.7175, 0.3535]
INFO:root:Last commanded torques from controller: [0.0, 0.0, 0.0, 0.0, 0.0, 0.0, 0.0]
INFO:root:Measured link-side joint torques: [-0.0299, -37.7925, 0.9635, 12.8704, 0.3966, 1.7111, 0.2583]
INFO:root:Last commanded torques from controller: [0.0, 0.0, 0.0, 0.0, 0.0, 0.0, 0.0]
INFO:root:Measured link-side joint torques: [-0.0815, -37.7449, 0.9397, 12.8942, 0.4094, 1.7175, 0.2519]
INFO:root:Last commanded torques from controller: [0.0, 0.0, 0.0, 0.0, 0.0, 0.0, 0.0]
INFO:root:Measured link-side joint torques: [-0.0577, -37.7687, 0.9159, 12.8942, 0.4158, 1.7248, 0.2657]
INFO:root:Last commanded torques from controller: [0.0, 0.0, 0.0, 0.0, 0.0, 0.0, 0.0]
INFO:root:Measured link-side joint torques: [-0.0577, -37.7687, 0.9159, 12.8942, 0.4158, 1.7248, 0.2657]
INFO:root:Last commanded torques from controller: [0.0, 0.0, 0.0, 0.0, 0.0, 0.0, 0.0]
INFO:root:Measured link-side joint torques: [-0.0299, -37.7211, 0.9635, 12.8942, 0.4094, 1.7175, 0.2455]
INFO:root:Last commanded torques from controller: [0.0, 0.0, 0.0, 0.0, 0.0, 0.0, 0.0]
INFO:root:Measured link-side joint torques: [-0.0299, -37.6933, 0.9635, 12.8704, 0.403, 1.7111, 0.2858]
INFO:root:Last commanded torques from controller: [0.0, 0.0, 0.0, 0.0, 0.0, 0.0, 0.0]
INFO:root:Measured link-side joint torques: [-0.0299, -37.7449, 0.9397, 12.8942, 0.3902, 1.7248, 0.2858]
INFO:root:Last commanded torques from controller: [0.0, 0.0, 0.0, 0.0, 0.0, 0.0, 0.0]
INFO:root:Measured link-side joint torques: [-0.0299, -37.7687, 0.9635, 12.8704, 0.403, 1.7312, 0.3059]
INFO:root:Last commanded torques from controller: [0.0, 0.0, 0.0, 0.0, 0.0, 0.0, 0.0]
INFO:root:Measured link-side joint torques: [-0.0299, -37.7687, 0.9635, 12.8704, 0.403, 1.7312, 0.3059]
INFO:root:Last commanded torques from controller: [0.0, 0.0, 0.0, 0.0, 0.0, 0.0, 0.0]
INFO:root:Measured link-side joint torques: [-0.0577, -37.7449, 0.9873, 12.8466, 0.403, 1.7248, 0.2721]
INFO:root:Last commanded torques from controller: [0.0, 0.0, 0.0, 0.0, 0.0, 0.0, 0.0]
INFO:root:Measured link-side joint torques: [-0.0577, -37.7687, 0.9397, 12.8466, 0.4094, 1.7175, 0.3133]
INFO:root:Last commanded torques from controller: [0.0, 0.0, 0.0, 0.0, 0.0, 0.0, 0.0]
INFO:root:Measured link-side joint torques: [-0.0061, -37.7449, 0.9159, 12.8466, 0.4094, 1.7175, 0.2382]
INFO:root:Last commanded torques from controller: [0.0, 0.0, 0.0, 0.0, 0.0, 0.0, 0.0]
INFO:root:Measured link-side joint torques: [-0.0299, -37.6933, 0.9397, 12.8942, 0.4094, 1.7175, 0.2995]
INFO:root:Last commanded torques from controller: [0.0, 0.0, 0.0, 0.0, 0.0, 0.0, 0.0]
INFO:root:Measured link-side joint torques: [-0.0299, -37.6933, 0.9397, 12.8942, 0.4094, 1.7175, 0.2995]
INFO:root:Last commanded torques from controller: [0.0, 0.0, 0.0, 0.0, 0.0, 0.0, 0.0]
INFO:root:Measured link-side joint torques: [-0.0815, -37.7211, 0.9635, 12.8942, 0.4158, 1.7111, 0.3133]
INFO:root:Last commanded torques from controller: [0.0, 0.0, 0.0, 0.0, 0.0, 0.0, 0.0]
INFO:root:Measured link-side joint torques: [-0.0577, -37.7687, 0.9635, 12.7712, 0.4094, 1.7111, 0.2455]
INFO:root:Last commanded torques from controller: [0.0, 0.0, 0.0, 0.0, 0.0, 0.0, 0.0]
INFO:root:Measured link-side joint torques: [-0.0299, -37.7449, 0.9159, 12.8228, 0.4094, 1.7312, 0.2995]
INFO:root:Last commanded torques from controller: [0.0, 0.0, 0.0, 0.0, 0.0, 0.0, 0.0]
INFO:root:Measured link-side joint torques: [-0.0061, -37.7449, 0.9397, 12.8228, 0.403, 1.7312, 0.2995]
INFO:root:Last commanded torques from controller: [0.0, 0.0, 0.0, 0.0, 0.0, 0.0, 0.0]
INFO:root:Measured link-side joint torques: [-0.0061, -37.7449, 0.9397, 12.8228, 0.403, 1.7312, 0.2995]
INFO:root:Last commanded torques from controller: [0.0, 0.0, 0.0, 0.0, 0.0, 0.0, 0.0]
INFO:root:Measured link-side joint torques: [-0.0299, -37.7211, 0.8921, 12.8942, 0.403, 1.7312, 0.2455]
INFO:root:Last commanded torques from controller: [0.0, 0.0, 0.0, 0.0, 0.0, 0.0, 0.0]
INFO:root:Measured link-side joint torques: [-0.0299, -37.7211, 0.9397, 12.8466, 0.4158, 1.7312, 0.2931]
INFO:root:Last commanded torques from controller: [0.0, 0.0, 0.0, 0.0, 0.0, 0.0, 0.0]
INFO:root:Measured link-side joint torques: [-0.0299, -37.7449, 0.9397, 12.799, 0.4094, 1.7248, 0.2583]
INFO:root:Last commanded torques from controller: [0.0, 0.0, 0.0, 0.0, 0.0, 0.0, 0.0]
INFO:root:Measured link-side joint torques: [-0.0577, -37.7687, 0.8921, 12.8466, 0.403, 1.7175, 0.3407]
INFO:root:Last commanded torques from controller: [0.0, 0.0, 0.0, 0.0, 0.0, 0.0, 0.0]
INFO:root:Measured link-side joint torques: [-0.0577, -37.7687, 0.8921, 12.8466, 0.403, 1.7175, 0.3407]
INFO:root:Last commanded torques from controller: [0.0, 0.0, 0.0, 0.0, 0.0, 0.0, 0.0]
INFO:root:Measured link-side joint torques: [-0.0299, -37.7925, 0.9159, 12.8228, 0.403, 1.7047, 0.3133]
INFO:root:Last commanded torques from controller: [0.0, 0.0, 0.0, 0.0, 0.0, 0.0, 0.0]
INFO:root:Measured link-side joint torques: [-0.0577, -37.7687, 0.9397, 12.8704, 0.403, 1.7248, 0.2382]
INFO:root:Last commanded torques from controller: [0.0, 0.0, 0.0, 0.0, 0.0, 0.0, 0.0]
INFO:root:Measured link-side joint torques: [-0.0815, -37.7449, 0.9397, 12.8466, 0.4158, 1.7111, 0.2519]
INFO:root:Last commanded torques from controller: [0.0, 0.0, 0.0, 0.0, 0.0, 0.0, 0.0]
INFO:root:Measured link-side joint torques: [-0.0299, -37.7687, 0.9397, 12.8704, 0.4094, 1.7376, 0.2721]
INFO:root:Last commanded torques from controller: [0.0, 0.0, 0.0, 0.0, 0.0, 0.0, 0.0]
INFO:root:Measured link-side joint torques: [-0.0299, -37.7687, 0.9397, 12.8704, 0.4094, 1.7376, 0.2721]
INFO:root:Last commanded torques from controller: [0.0, 0.0, 0.0, 0.0, 0.0, 0.0, 0.0]
INFO:root:Measured link-side joint torques: [-0.0577, -37.7211, 0.8921, 12.8466, 0.4158, 1.7312, 0.3133]
INFO:root:Last commanded torques from controller: [0.0, 0.0, 0.0, 0.0, 0.0, 0.0, 0.0]
INFO:root:Measured link-side joint torques: [-0.1053, -37.7687, 0.8921, 12.8466, 0.403, 1.7248, 0.3535]
INFO:root:Last commanded torques from controller: [0.0, 0.0, 0.0, 0.0, 0.0, 0.0, 0.0]
INFO:root:Measured link-side joint torques: [-0.0815, -37.7449, 0.8643, 12.8942, 0.4158, 1.7175, 0.2858]
INFO:root:Last commanded torques from controller: [0.0, 0.0, 0.0, 0.0, 0.0, 0.0, 0.0]
INFO:root:Measured link-side joint torques: [-0.0577, -37.7449, 0.9159, 12.8704, 0.4158, 1.7248, 0.3471]
INFO:root:Last commanded torques from controller: [0.0, 0.0, 0.0, 0.0, 0.0, 0.0, 0.0]
INFO:root:Measured link-side joint torques: [-0.0577, -37.7449, 0.9159, 12.8704, 0.4158, 1.7248, 0.3471]
INFO:root:Last commanded torques from controller: [0.0, 0.0, 0.0, 0.0, 0.0, 0.0, 0.0]
INFO:root:Measured link-side joint torques: [-0.0577, -37.7687, 0.8921, 12.8466, 0.403, 1.7175, 0.3133]
INFO:root:Last commanded torques from controller: [0.0, 0.0, 0.0, 0.0, 0.0, 0.0, 0.0]
INFO:root:Measured link-side joint torques: [-0.0299, -37.7925, 0.9159, 12.8466, 0.4094, 1.7248, 0.2995]
INFO:root:Last commanded torques from controller: [0.0, 0.0, 0.0, 0.0, 0.0, 0.0, 0.0]
INFO:root:Measured link-side joint torques: [-0.1053, -37.7687, 0.8643, 12.8466, 0.4158, 1.7111, 0.2245]
INFO:root:Last commanded torques from controller: [0.0, 0.0, 0.0, 0.0, 0.0, 0.0, 0.0]
INFO:root:Measured link-side joint torques: [-0.0577, -37.7211, 0.9159, 12.8466, 0.4094, 1.7312, 0.2794]
INFO:root:Last commanded torques from controller: [0.0, 0.0, 0.0, 0.0, 0.0, 0.0, 0.0]
INFO:root:Measured link-side joint torques: [-0.0577, -37.7211, 0.9159, 12.8466, 0.4094, 1.7312, 0.2794]
INFO:root:Last commanded torques from controller: [0.0, 0.0, 0.0, 0.0, 0.0, 0.0, 0.0]
INFO:root:Measured link-side joint torques: [-0.1053, -37.6933, 0.9159, 12.8466, 0.4094, 1.7248, 0.2995]
INFO:root:Last commanded torques from controller: [0.0, 0.0, 0.0, 0.0, 0.0, 0.0, 0.0]
INFO:root:Measured link-side joint torques: [-0.0815, -37.7449, 0.9159, 12.8228, 0.403, 1.7248, 0.3334]
INFO:root:Last commanded torques from controller: [0.0, 0.0, 0.0, 0.0, 0.0, 0.0, 0.0]
INFO:root:Measured link-side joint torques: [-0.0577, -37.7925, 0.9159, 12.8228, 0.403, 1.7175, 0.3334]
INFO:root:Last commanded torques from controller: [0.0, 0.0, 0.0, 0.0, 0.0, 0.0, 0.0]
INFO:root:Measured link-side joint torques: [-0.0815, -37.6933, 0.9159, 12.8466, 0.4158, 1.7248, 0.327]
INFO:root:Last commanded torques from controller: [0.0, 0.0, 0.0, 0.0, 0.0, 0.0, 0.0]
INFO:root:Measured link-side joint torques: [-0.0815, -37.6933, 0.9159, 12.8466, 0.4158, 1.7248, 0.327]
INFO:root:Last commanded torques from controller: [0.0, 0.0, 0.0, 0.0, 0.0, 0.0, 0.0]
INFO:root:Measured link-side joint torques: [-0.0577, -37.6933, 0.9159, 12.7712, 0.4158, 1.7175, 0.2583]
INFO:root:Last commanded torques from controller: [0.0, 0.0, 0.0, 0.0, 0.0, 0.0, 0.0]
INFO:root:Measured link-side joint torques: [-0.0577, -37.7211, 0.9159, 12.799, 0.403, 1.7376, 0.2995]
INFO:root:Last commanded torques from controller: [0.0, 0.0, 0.0, 0.0, 0.0, 0.0, 0.0]
INFO:root:Measured link-side joint torques: [-0.0815, -37.7211, 0.9159, 12.8228, 0.4158, 1.7175, 0.2519]
INFO:root:Last commanded torques from controller: [0.0, 0.0, 0.0, 0.0, 0.0, 0.0, 0.0]
INFO:root:Measured link-side joint torques: [-0.1053, -37.7687, 0.9159, 12.8466, 0.3966, 1.7175, 0.3133]
INFO:root:Last commanded torques from controller: [0.0, 0.0, 0.0, 0.0, 0.0, 0.0, 0.0]
INFO:root:Measured link-side joint torques: [-0.1053, -37.7687, 0.9159, 12.8466, 0.3966, 1.7175, 0.3133]
INFO:root:Last commanded torques from controller: [0.0, 0.0, 0.0, 0.0, 0.0, 0.0, 0.0]
INFO:root:Measured link-side joint torques: [-0.1053, -37.7449, 0.9159, 12.8228, 0.4094, 1.7175, 0.2858]
INFO:root:Last commanded torques from controller: [0.0, 0.0, 0.0, 0.0, 0.0, 0.0, 0.0]
INFO:root:Measured link-side joint torques: [-0.1053, -37.7211, 0.9159, 12.8704, 0.4094, 1.7248, 0.218]
INFO:root:Last commanded torques from controller: [0.0, 0.0, 0.0, 0.0, 0.0, 0.0, 0.0]
INFO:root:Measured link-side joint torques: [-0.0815, -37.6933, 0.8921, 12.8466, 0.403, 1.7248, 0.2858]
INFO:root:Last commanded torques from controller: [0.0, 0.0, 0.0, 0.0, 0.0, 0.0, 0.0]
INFO:root:Measured link-side joint torques: [-0.0815, -37.7449, 0.8643, 12.8466, 0.4158, 1.7312, 0.2721]
INFO:root:Last commanded torques from controller: [0.0, 0.0, 0.0, 0.0, 0.0, 0.0, 0.0]
INFO:root:Measured link-side joint torques: [-0.0815, -37.7449, 0.8643, 12.8466, 0.4158, 1.7312, 0.2721]
INFO:root:Last commanded torques from controller: [0.0, 0.0, 0.0, 0.0, 0.0, 0.0, 0.0]
INFO:root:Measured link-side joint torques: [-0.0815, -37.7925, 0.9159, 12.7712, 0.4158, 1.7312, 0.2382]
INFO:root:Last commanded torques from controller: [0.0, 0.0, 0.0, 0.0, 0.0, 0.0, 0.0]
INFO:root:Measured link-side joint torques: [-0.1053, -37.7449, 0.9159, 12.8704, 0.4231, 1.7376, 0.2995]
INFO:root:Last commanded torques from controller: [0.0, 0.0, 0.0, 0.0, 0.0, 0.0, 0.0]
INFO:root:Measured link-side joint torques: [-0.1053, -37.7211, 0.8643, 12.8228, 0.4158, 1.7376, 0.2858]
INFO:root:Last commanded torques from controller: [0.0, 0.0, 0.0, 0.0, 0.0, 0.0, 0.0]
INFO:root:Measured link-side joint torques: [-0.1291, -37.7449, 0.8643, 12.799, 0.4231, 1.7376, 0.3609]
INFO:root:Last commanded torques from controller: [0.0, 0.0, 0.0, 0.0, 0.0, 0.0, 0.0]
INFO:root:Measured link-side joint torques: [-0.1291, -37.7449, 0.8643, 12.799, 0.4231, 1.7376, 0.3609]
INFO:root:Last commanded torques from controller: [0.0, 0.0, 0.0, 0.0, 0.0, 0.0, 0.0]
INFO:root:Measured link-side joint torques: [-0.0815, -37.7449, 0.9159, 12.8704, 0.4094, 1.7376, 0.3133]
INFO:root:Last commanded torques from controller: [0.0, 0.0, 0.0, 0.0, 0.0, 0.0, 0.0]
INFO:root:Measured link-side joint torques: [-0.1053, -37.6933, 0.8643, 12.8704, 0.403, 1.7376, 0.2858]
INFO:root:Last commanded torques from controller: [0.0, 0.0, 0.0, 0.0, 0.0, 0.0, 0.0]
INFO:root:Measured link-side joint torques: [-0.0815, -37.7211, 0.9159, 12.8704, 0.4094, 1.7312, 0.2721]
INFO:root:Last commanded torques from controller: [0.0, 0.0, 0.0, 0.0, 0.0, 0.0, 0.0]
INFO:root:Measured link-side joint torques: [-0.1053, -37.7687, 0.8921, 12.799, 0.4231, 1.7248, 0.2721]
INFO:root:Last commanded torques from controller: [0.0, 0.0, 0.0, 0.0, 0.0, 0.0, 0.0]
INFO:root:Measured link-side joint torques: [-0.1053, -37.7687, 0.8921, 12.799, 0.4231, 1.7248, 0.2721]
INFO:root:Last commanded torques from controller: [0.0, 0.0, 0.0, 0.0, 0.0, 0.0, 0.0]
INFO:root:Measured link-side joint torques: [-0.0815, -37.7449, 0.8643, 12.8466, 0.4231, 1.7175, 0.2519]
INFO:root:Last commanded torques from controller: [0.0, 0.0, 0.0, 0.0, 0.0, 0.0, 0.0]
INFO:root:Measured link-side joint torques: [-0.1053, -37.7211, 0.8643, 12.8228, 0.4094, 1.7175, 0.2721]
INFO:root:Last commanded torques from controller: [0.0, 0.0, 0.0, 0.0, 0.0, 0.0, 0.0]
INFO:root:Measured link-side joint torques: [-0.1053, -37.7449, 0.8643, 12.8228, 0.4158, 1.7175, 0.3673]
INFO:root:Last commanded torques from controller: [0.0, 0.0, 0.0, 0.0, 0.0, 0.0, 0.0]
INFO:root:Measured link-side joint torques: [-0.0815, -37.6933, 0.8643, 12.7712, 0.4094, 1.7449, 0.3471]
INFO:root:Last commanded torques from controller: [0.0, 0.0, 0.0, 0.0, 0.0, 0.0, 0.0]
INFO:root:Measured link-side joint torques: [-0.0815, -37.6933, 0.8643, 12.7712, 0.4094, 1.7449, 0.3471]
INFO:root:Last commanded torques from controller: [0.0, 0.0, 0.0, 0.0, 0.0, 0.0, 0.0]
INFO:root:Measured link-side joint torques: [-0.1053, -37.6933, 0.8643, 12.7712, 0.4094, 1.7248, 0.3059]
INFO:root:Last commanded torques from controller: [0.0, 0.0, 0.0, 0.0, 0.0, 0.0, 0.0]
INFO:root:Measured link-side joint torques: [-0.0815, -37.6695, 0.8921, 12.7474, 0.4094, 1.7175, 0.3059]
INFO:root:Last commanded torques from controller: [0.0, 0.0, 0.0, 0.0, 0.0, 0.0, 0.0]
INFO:root:Measured link-side joint torques: [-0.0815, -37.7449, 0.8921, 12.7712, 0.4231, 1.7111, 0.2245]
INFO:root:Last commanded torques from controller: [0.0, 0.0, 0.0, 0.0, 0.0, 0.0, 0.0]
INFO:root:Measured link-side joint torques: [-0.1053, -37.7449, 0.8921, 12.799, 0.4158, 1.7312, 0.2995]
INFO:root:Last commanded torques from controller: [0.0, 0.0, 0.0, 0.0, 0.0, 0.0, 0.0]
INFO:root:Measured link-side joint torques: [-0.1053, -37.7449, 0.8921, 12.799, 0.4158, 1.7312, 0.2995]
INFO:root:Last commanded torques from controller: [0.0, 0.0, 0.0, 0.0, 0.0, 0.0, 0.0]
INFO:root:Measured link-side joint torques: [-0.0815, -37.7687, 0.8921, 12.799, 0.4094, 1.7376, 0.2858]
INFO:root:Last commanded torques from controller: [0.0, 0.0, 0.0, 0.0, 0.0, 0.0, 0.0]
INFO:root:Measured link-side joint torques: [-0.1053, -37.7687, 0.8643, 12.7712, 0.4158, 1.7376, 0.2318]
INFO:root:Last commanded torques from controller: [0.0, 0.0, 0.0, 0.0, 0.0, 0.0, 0.0]
INFO:root:Measured link-side joint torques: [-0.1053, -37.6933, 0.8405, 12.7712, 0.4231, 1.7376, 0.3197]
INFO:root:Last commanded torques from controller: [0.0, 0.0, 0.0, 0.0, 0.0, 0.0, 0.0]
INFO:root:Measured link-side joint torques: [-0.0577, -37.7687, 0.8643, 12.799, 0.4094, 1.7514, 0.3133]
INFO:root:Last commanded torques from controller: [0.0, 0.0, 0.0, 0.0, 0.0, 0.0, 0.0]
INFO:root:Measured link-side joint torques: [-0.0577, -37.7687, 0.8643, 12.799, 0.4094, 1.7514, 0.3133]
INFO:root:Last commanded torques from controller: [0.0, 0.0, 0.0, 0.0, 0.0, 0.0, 0.0]
INFO:root:Measured link-side joint torques: [-0.0815, -37.7449, 0.8921, 12.799, 0.4158, 1.7514, 0.3407]
INFO:root:Last commanded torques from controller: [0.0, 0.0, 0.0, 0.0, 0.0, 0.0, 0.0]
INFO:root:Measured link-side joint torques: [-0.0815, -37.7211, 0.8921, 12.7712, 0.3966, 1.7175, 0.3133]
INFO:root:Last commanded torques from controller: [0.0, 0.0, 0.0, 0.0, 0.0, 0.0, 0.0]
INFO:root:Measured link-side joint torques: [-0.1291, -37.7449, 0.8643, 12.799, 0.4094, 1.7175, 0.2583]
INFO:root:Last commanded torques from controller: [0.0, 0.0, 0.0, 0.0, 0.0, 0.0, 0.0]
INFO:root:Measured link-side joint torques: [-0.1291, -37.7211, 0.8921, 12.8228, 0.4158, 1.7248, 0.3407]
INFO:root:Last commanded torques from controller: [0.0, 0.0, 0.0, 0.0, 0.0, 0.0, 0.0]
INFO:root:Measured link-side joint torques: [-0.1291, -37.7211, 0.8921, 12.8228, 0.4158, 1.7248, 0.3407]
INFO:root:Last commanded torques from controller: [0.0, 0.0, 0.0, 0.0, 0.0, 0.0, 0.0]
INFO:root:Measured link-side joint torques: [-0.0577, -37.8203, 0.8643, 12.799, 0.4158, 1.7248, 0.3133]
INFO:root:Last commanded torques from controller: [0.0, 0.0, 0.0, 0.0, 0.0, 0.0, 0.0]
INFO:root:Measured link-side joint torques: [-0.1291, -37.7687, 0.8643, 12.799, 0.4295, 1.7312, 0.3133]
INFO:root:Last commanded torques from controller: [0.0, 0.0, 0.0, 0.0, 0.0, 0.0, 0.0]
INFO:root:Measured link-side joint torques: [-0.1291, -37.6933, 0.8643, 12.8466, 0.4231, 1.7514, 0.2995]
INFO:root:Last commanded torques from controller: [0.0, 0.0, 0.0, 0.0, 0.0, 0.0, 0.0]
INFO:root:Measured link-side joint torques: [-0.1053, -37.7211, 0.9159, 12.8228, 0.4231, 1.7449, 0.3059]
INFO:root:Last commanded torques from controller: [0.0, 0.0, 0.0, 0.0, 0.0, 0.0, 0.0]
INFO:root:Measured link-side joint torques: [-0.1053, -37.7211, 0.9159, 12.8228, 0.4231, 1.7449, 0.3059]
INFO:root:Last commanded torques from controller: [0.0, 0.0, 0.0, 0.0, 0.0, 0.0, 0.0]
INFO:root:Measured link-side joint torques: [-0.1291, -37.7211, 0.8643, 12.8466, 0.4158, 1.7578, 0.2455]
INFO:root:Last commanded torques from controller: [0.0, 0.0, 0.0, 0.0, 0.0, 0.0, 0.0]
INFO:root:Measured link-side joint torques: [-0.0815, -37.7211, 0.8921, 12.8704, 0.4094, 1.7376, 0.2858]
INFO:root:Last commanded torques from controller: [0.0, 0.0, 0.0, 0.0, 0.0, 0.0, 0.0]
INFO:root:Measured link-side joint torques: [-0.0815, -37.7449, 0.8921, 12.8228, 0.4158, 1.7312, 0.3133]
INFO:root:Last commanded torques from controller: [0.0, 0.0, 0.0, 0.0, 0.0, 0.0, 0.0]
INFO:root:Measured link-side joint torques: [-0.1053, -37.7449, 0.8921, 12.8466, 0.4158, 1.7312, 0.3334]
INFO:root:Last commanded torques from controller: [0.0, 0.0, 0.0, 0.0, 0.0, 0.0, 0.0]
INFO:root:Measured link-side joint torques: [-0.1053, -37.7449, 0.8921, 12.8466, 0.4158, 1.7312, 0.3334]
INFO:root:Last commanded torques from controller: [0.0, 0.0, 0.0, 0.0, 0.0, 0.0, 0.0]
INFO:root:Measured link-side joint torques: [-0.0815, -37.7687, 0.9159, 12.8466, 0.4158, 1.7651, 0.2858]
INFO:root:Last commanded torques from controller: [0.0, 0.0, 0.0, 0.0, 0.0, 0.0, 0.0]
INFO:root:Measured link-side joint torques: [-0.1053, -37.7211, 0.8643, 12.799, 0.4231, 1.7651, 0.2995]
INFO:root:Last commanded torques from controller: [0.0, 0.0, 0.0, 0.0, 0.0, 0.0, 0.0]
INFO:root:Measured link-side joint torques: [-0.1053, -37.7449, 0.8921, 12.8228, 0.4094, 1.7578, 0.2721]
INFO:root:Last commanded torques from controller: [0.0, 0.0, 0.0, 0.0, 0.0, 0.0, 0.0]
INFO:root:Measured link-side joint torques: [-0.0815, -37.7449, 0.9159, 12.8466, 0.403, 1.7449, 0.2931]
INFO:root:Last commanded torques from controller: [0.0, 0.0, 0.0, 0.0, 0.0, 0.0, 0.0]
INFO:root:Measured link-side joint torques: [-0.0815, -37.7449, 0.9159, 12.8466, 0.403, 1.7449, 0.2931]
INFO:root:Last commanded torques from controller: [0.0, 0.0, 0.0, 0.0, 0.0, 0.0, 0.0]
INFO:root:Measured link-side joint torques: [-0.1053, -37.7449, 0.8643, 12.8228, 0.4094, 1.7514, 0.3535]
INFO:root:Last commanded torques from controller: [0.0, 0.0, 0.0, 0.0, 0.0, 0.0, 0.0]
INFO:root:Measured link-side joint torques: [-0.0577, -37.7449, 0.8921, 12.7712, 0.4231, 1.7514, 0.2455]
INFO:root:Last commanded torques from controller: [0.0, 0.0, 0.0, 0.0, 0.0, 0.0, 0.0]
INFO:root:Measured link-side joint torques: [-0.1291, -37.7449, 0.9159, 12.7474, 0.4231, 1.7449, 0.3133]
INFO:root:Last commanded torques from controller: [0.0, 0.0, 0.0, 0.0, 0.0, 0.0, 0.0]
INFO:root:Measured link-side joint torques: [-0.1053, -37.7449, 0.9159, 12.799, 0.4295, 1.7312, 0.2858]
INFO:root:Last commanded torques from controller: [0.0, 0.0, 0.0, 0.0, 0.0, 0.0, 0.0]
INFO:root:Measured link-side joint torques: [-0.1053, -37.7449, 0.9159, 12.799, 0.4295, 1.7312, 0.2858]
INFO:root:Last commanded torques from controller: [0.0, 0.0, 0.0, 0.0, 0.0, 0.0, 0.0]
INFO:root:Measured link-side joint torques: [-0.0815, -37.6695, 0.9397, 12.7474, 0.4158, 1.7514, 0.3407]
INFO:root:Last commanded torques from controller: [0.0, 0.0, 0.0, 0.0, 0.0, 0.0, 0.0]
INFO:root:Measured link-side joint torques: [-0.0815, -37.7449, 0.8921, 12.7712, 0.4231, 1.7514, 0.3059]
INFO:root:Last commanded torques from controller: [0.0, 0.0, 0.0, 0.0, 0.0, 0.0, 0.0]
INFO:root:Measured link-side joint torques: [-0.0577, -37.7687, 0.8921, 12.7712, 0.4359, 1.7651, 0.3133]
INFO:root:Last commanded torques from controller: [0.0, 0.0, 0.0, 0.0, 0.0, 0.0, 0.0]
INFO:root:Measured link-side joint torques: [-0.0815, -37.7211, 0.8643, 12.7474, 0.4231, 1.7449, 0.381]
INFO:root:Last commanded torques from controller: [0.0, 0.0, 0.0, 0.0, 0.0, 0.0, 0.0]
INFO:root:Measured link-side joint torques: [-0.0815, -37.7211, 0.8643, 12.7474, 0.4231, 1.7449, 0.381]
INFO:root:Last commanded torques from controller: [0.0, 0.0, 0.0, 0.0, 0.0, 0.0, 0.0]
INFO:root:Measured link-side joint torques: [-0.1291, -37.7449, 0.8643, 12.7474, 0.4158, 1.7312, 0.2995]
INFO:root:Last commanded torques from controller: [0.0, 0.0, 0.0, 0.0, 0.0, 0.0, 0.0]
INFO:root:Measured link-side joint torques: [-0.1053, -37.7687, 0.8643, 12.7474, 0.4231, 1.7376, 0.3133]
INFO:root:Last commanded torques from controller: [0.0, 0.0, 0.0, 0.0, 0.0, 0.0, 0.0]
INFO:root:Measured link-side joint torques: [-0.0815, -37.7449, 0.9159, 12.7712, 0.4231, 1.7651, 0.2721]
INFO:root:Last commanded torques from controller: [0.0, 0.0, 0.0, 0.0, 0.0, 0.0, 0.0]
INFO:root:Measured link-side joint torques: [-0.1291, -37.7925, 0.8921, 12.7712, 0.4094, 1.7578, 0.2583]
INFO:root:Last commanded torques from controller: [0.0, 0.0, 0.0, 0.0, 0.0, 0.0, 0.0]
INFO:root:Measured link-side joint torques: [-0.1291, -37.7925, 0.8921, 12.7712, 0.4094, 1.7578, 0.2583]
INFO:root:Last commanded torques from controller: [0.0, 0.0, 0.0, 0.0, 0.0, 0.0, 0.0]
INFO:root:Measured link-side joint torques: [-0.0815, -37.7687, 0.8405, 12.7474, 0.4231, 1.7578, 0.2519]
INFO:root:Last commanded torques from controller: [0.0, 0.0, 0.0, 0.0, 0.0, 0.0, 0.0]
INFO:root:Measured link-side joint torques: [-0.0815, -37.7687, 0.8921, 12.7236, 0.4295, 1.7514, 0.2858]
INFO:root:Last commanded torques from controller: [0.0, 0.0, 0.0, 0.0, 0.0, 0.0, 0.0]
INFO:root:Measured link-side joint torques: [-0.1053, -37.7449, 0.8921, 12.7712, 0.4295, 1.7312, 0.3407]
INFO:root:Last commanded torques from controller: [0.0, 0.0, 0.0, 0.0, 0.0, 0.0, 0.0]
INFO:root:Measured link-side joint torques: [-0.1291, -37.7211, 0.8643, 12.7712, 0.4295, 1.7449, 0.381]
INFO:root:Last commanded torques from controller: [0.0, 0.0, 0.0, 0.0, 0.0, 0.0, 0.0]
INFO:root:Measured link-side joint torques: [-0.1291, -37.7211, 0.8643, 12.7712, 0.4295, 1.7449, 0.381]
INFO:root:Last commanded torques from controller: [0.0, 0.0, 0.0, 0.0, 0.0, 0.0, 0.0]
INFO:root:Measured link-side joint torques: [-0.1291, -37.7211, 0.8921, 12.799, 0.4231, 1.7376, 0.2858]
INFO:root:Last commanded torques from controller: [0.0, 0.0, 0.0, 0.0, 0.0, 0.0, 0.0]
INFO:root:Measured link-side joint torques: [-0.1569, -37.7449, 0.9159, 12.7474, 0.4158, 1.7514, 0.3334]
INFO:root:Last commanded torques from controller: [0.0, 0.0, 0.0, 0.0, 0.0, 0.0, 0.0]
INFO:root:Measured link-side joint torques: [-0.1053, -37.7449, 0.9397, 12.7712, 0.4231, 1.7514, 0.2657]
INFO:root:Last commanded torques from controller: [0.0, 0.0, 0.0, 0.0, 0.0, 0.0, 0.0]
INFO:root:Measured link-side joint torques: [-0.1291, -37.7449, 0.9159, 12.7712, 0.4295, 1.7651, 0.2858]
INFO:root:Last commanded torques from controller: [0.0, 0.0, 0.0, 0.0, 0.0, 0.0, 0.0]
INFO:root:Measured link-side joint torques: [-0.1291, -37.7449, 0.9159, 12.7712, 0.4295, 1.7651, 0.2858]
INFO:root:Last commanded torques from controller: [0.0, 0.0, 0.0, 0.0, 0.0, 0.0, 0.0]
INFO:root:Measured link-side joint torques: [-0.1291, -37.6933, 0.9397, 12.7712, 0.4295, 1.7376, 0.3197]
INFO:root:Last commanded torques from controller: [0.0, 0.0, 0.0, 0.0, 0.0, 0.0, 0.0]
INFO:root:Measured link-side joint torques: [-0.0577, -37.6695, 0.8921, 12.7712, 0.4158, 1.7376, 0.2583]
INFO:root:Last commanded torques from controller: [0.0, 0.0, 0.0, 0.0, 0.0, 0.0, 0.0]
INFO:root:Measured link-side joint torques: [-0.0577, -37.7449, 0.8921, 12.7474, 0.4295, 1.7449, 0.3673]
INFO:root:Last commanded torques from controller: [0.0, 0.0, 0.0, 0.0, 0.0, 0.0, 0.0]
INFO:root:Measured link-side joint torques: [-0.1291, -37.6695, 0.8921, 12.7474, 0.4094, 1.7514, 0.3059]
INFO:root:Last commanded torques from controller: [0.0, 0.0, 0.0, 0.0, 0.0, 0.0, 0.0]
INFO:root:Measured link-side joint torques: [-0.1291, -37.6695, 0.8921, 12.7474, 0.4094, 1.7514, 0.3059]
INFO:root:Last commanded torques from controller: [0.0, 0.0, 0.0, 0.0, 0.0, 0.0, 0.0]
INFO:root:Measured link-side joint torques: [-0.0815, -37.6457, 0.8921, 12.7474, 0.4231, 1.7578, 0.381]
INFO:root:Last commanded torques from controller: [0.0, 0.0, 0.0, 0.0, 0.0, 0.0, 0.0]
INFO:root:Measured link-side joint torques: [-0.1053, -37.6933, 0.8921, 12.7236, 0.4158, 1.7514, 0.327]
INFO:root:Last commanded torques from controller: [0.0, 0.0, 0.0, 0.0, 0.0, 0.0, 0.0]
INFO:root:Measured link-side joint torques: [-0.0815, -37.6695, 0.9159, 12.799, 0.4231, 1.7514, 0.2995]
INFO:root:Last commanded torques from controller: [0.0, 0.0, 0.0, 0.0, 0.0, 0.0, 0.0]
INFO:root:Measured link-side joint torques: [-0.1291, -37.6179, 0.8643, 12.7474, 0.4158, 1.7312, 0.2657]
INFO:root:Last commanded torques from controller: [0.0, 0.0, 0.0, 0.0, 0.0, 0.0, 0.0]
INFO:root:Measured link-side joint torques: [-0.1291, -37.6179, 0.8643, 12.7474, 0.4158, 1.7312, 0.2657]
INFO:root:Last commanded torques from controller: [0.0, 0.0, 0.0, 0.0, 0.0, 0.0, 0.0]
INFO:root:Measured link-side joint torques: [-0.1053, -37.6457, 0.9159, 12.7474, 0.4424, 1.7376, 0.327]
INFO:root:Last commanded torques from controller: [0.0, 0.0, 0.0, 0.0, 0.0, 0.0, 0.0]
INFO:root:Measured link-side joint torques: [-0.1053, -37.5941, 0.9159, 12.7474, 0.4158, 1.7449, 0.3535]
INFO:root:Last commanded torques from controller: [0.0, 0.0, 0.0, 0.0, 0.0, 0.0, 0.0]
INFO:root:Measured link-side joint torques: [-0.1569, -37.5941, 0.8643, 12.6998, 0.4231, 1.7376, 0.327]
INFO:root:Last commanded torques from controller: [0.0, 0.0, 0.0, 0.0, 0.0, 0.0, 0.0]
INFO:root:Measured link-side joint torques: [-0.1053, -37.6457, 0.9159, 12.7236, 0.4158, 1.7449, 0.3059]
INFO:root:Last commanded torques from controller: [0.0, 0.0, 0.0, 0.0, 0.0, 0.0, 0.0]
INFO:root:Measured link-side joint torques: [-0.1053, -37.6457, 0.9159, 12.7236, 0.4158, 1.7449, 0.3059]
INFO:root:Last commanded torques from controller: [0.0, 0.0, 0.0, 0.0, 0.0, 0.0, 0.0]
INFO:root:Measured link-side joint torques: [-0.1053, -37.6695, 0.9159, 12.6483, 0.4359, 1.7449, 0.2794]
INFO:root:Last commanded torques from controller: [0.0, 0.0, 0.0, 0.0, 0.0, 0.0, 0.0]
INFO:root:Measured link-side joint torques: [-0.1291, -37.6695, 0.9397, 12.6998, 0.4231, 1.7376, 0.3133]
INFO:root:Last commanded torques from controller: [0.0, 0.0, 0.0, 0.0, 0.0, 0.0, 0.0]
INFO:root:Measured link-side joint torques: [-0.0815, -37.6179, 0.8921, 12.676, 0.4295, 1.7248, 0.3133]
INFO:root:Last commanded torques from controller: [0.0, 0.0, 0.0, 0.0, 0.0, 0.0, 0.0]
INFO:root:Measured link-side joint torques: [-0.0815, -37.6457, 0.9397, 12.676, 0.4295, 1.7449, 0.2721]
INFO:root:Last commanded torques from controller: [0.0, 0.0, 0.0, 0.0, 0.0, 0.0, 0.0]
INFO:root:Measured link-side joint torques: [-0.0815, -37.6457, 0.9397, 12.676, 0.4295, 1.7449, 0.2721]
INFO:root:Last commanded torques from controller: [0.0, 0.0, 0.0, 0.0, 0.0, 0.0, 0.0]
INFO:root:Measured link-side joint torques: [-0.0815, -37.6457, 0.9159, 12.6998, 0.4359, 1.7449, 0.327]
INFO:root:Last commanded torques from controller: [0.0, 0.0, 0.0, 0.0, 0.0, 0.0, 0.0]
INFO:root:Measured link-side joint torques: [-0.0815, -37.6457, 0.8921, 12.676, 0.4094, 1.7449, 0.2858]
INFO:root:Last commanded torques from controller: [0.0, 0.0, 0.0, 0.0, 0.0, 0.0, 0.0]
INFO:root:Measured link-side joint torques: [-0.1053, -37.6179, 0.9159, 12.676, 0.4359, 1.7578, 0.2794]
INFO:root:Last commanded torques from controller: [0.0, 0.0, 0.0, 0.0, 0.0, 0.0, 0.0]
INFO:root:Measured link-side joint torques: [-0.1569, -37.6179, 0.8921, 12.676, 0.4231, 1.7449, 0.3059]
INFO:root:Last commanded torques from controller: [0.0, 0.0, 0.0, 0.0, 0.0, 0.0, 0.0]
INFO:root:Measured link-side joint torques: [-0.1569, -37.6179, 0.8921, 12.676, 0.4231, 1.7449, 0.3059]
INFO:root:Last commanded torques from controller: [0.0, 0.0, 0.0, 0.0, 0.0, 0.0, 0.0]
INFO:root:Measured link-side joint torques: [-0.1291, -37.6933, 0.8167, 12.6998, 0.4231, 1.7248, 0.2931]
INFO:root:Last commanded torques from controller: [0.0, 0.0, 0.0, 0.0, 0.0, 0.0, 0.0]
INFO:root:Measured link-side joint torques: [-0.1291, -37.6695, 0.8643, 12.7474, 0.4231, 1.7312, 0.327]
INFO:root:Last commanded torques from controller: [0.0, 0.0, 0.0, 0.0, 0.0, 0.0, 0.0]
INFO:root:Measured link-side joint torques: [-0.1569, -37.6695, 0.8405, 12.6998, 0.4295, 1.7376, 0.2858]
INFO:root:Last commanded torques from controller: [0.0, 0.0, 0.0, 0.0, 0.0, 0.0, 0.0]
INFO:root:Measured link-side joint torques: [-0.1569, -37.6457, 0.7929, 12.7712, 0.4231, 1.7376, 0.2794]
INFO:root:Last commanded torques from controller: [0.0, 0.0, 0.0, 0.0, 0.0, 0.0, 0.0]
INFO:root:Measured link-side joint torques: [-0.1569, -37.6457, 0.7929, 12.7712, 0.4231, 1.7376, 0.2794]
INFO:root:Last commanded torques from controller: [0.0, 0.0, 0.0, 0.0, 0.0, 0.0, 0.0]
INFO:root:Measured link-side joint torques: [-0.1569, -37.6933, 0.8405, 12.7712, 0.4424, 1.7376, 0.3133]
INFO:root:Last commanded torques from controller: [0.0, 0.0, 0.0, 0.0, 0.0, 0.0, 0.0]
INFO:root:Measured link-side joint torques: [-0.1569, -37.6695, 0.8643, 12.7236, 0.4295, 1.7449, 0.2995]
INFO:root:Last commanded torques from controller: [0.0, 0.0, 0.0, 0.0, 0.0, 0.0, 0.0]
INFO:root:Measured link-side joint torques: [-0.1569, -37.6695, 0.8643, 12.7474, 0.4359, 1.7514, 0.2931]
INFO:root:Last commanded torques from controller: [0.0, 0.0, 0.0, 0.0, 0.0, 0.0, 0.0]
INFO:root:Measured link-side joint torques: [-0.1291, -37.6933, 0.8643, 12.6998, 0.4295, 1.7376, 0.3133]
INFO:root:Last commanded torques from controller: [0.0, 0.0, 0.0, 0.0, 0.0, 0.0, 0.0]
INFO:root:Measured link-side joint torques: [-0.1291, -37.6933, 0.8643, 12.6998, 0.4295, 1.7376, 0.3133]
INFO:root:Last commanded torques from controller: [0.0, 0.0, 0.0, 0.0, 0.0, 0.0, 0.0]
INFO:root:Measured link-side joint torques: [-0.1291, -37.6457, 0.8405, 12.676, 0.4231, 1.7248, 0.2858]
INFO:root:Last commanded torques from controller: [0.0, 0.0, 0.0, 0.0, 0.0, 0.0, 0.0]
INFO:root:Measured link-side joint torques: [-0.1569, -37.6179, 0.8643, 12.6998, 0.4231, 1.7449, 0.2858]
INFO:root:Last commanded torques from controller: [0.0, 0.0, 0.0, 0.0, 0.0, 0.0, 0.0]
INFO:root:Measured link-side joint torques: [-0.1569, -37.6179, 0.8167, 12.7236, 0.4295, 1.7376, 0.327]
INFO:root:Last commanded torques from controller: [0.0, 0.0, 0.0, 0.0, 0.0, 0.0, 0.0]
INFO:root:Measured link-side joint torques: [-0.1569, -37.6695, 0.8643, 12.7236, 0.4231, 1.7376, 0.2116]
INFO:root:Last commanded torques from controller: [0.0, 0.0, 0.0, 0.0, 0.0, 0.0, 0.0]
INFO:root:Measured link-side joint torques: [-0.1569, -37.6695, 0.8643, 12.7236, 0.4231, 1.7376, 0.2116]
INFO:root:Last commanded torques from controller: [0.0, 0.0, 0.0, 0.0, 0.0, 0.0, 0.0]
INFO:root:Measured link-side joint torques: [-0.1569, -37.6457, 0.8405, 12.6998, 0.4359, 1.7312, 0.2858]
INFO:root:Last commanded torques from controller: [0.0, 0.0, 0.0, 0.0, 0.0, 0.0, 0.0]
INFO:root:Measured link-side joint torques: [-0.1807, -37.6457, 0.8643, 12.7236, 0.4359, 1.7376, 0.2858]
INFO:root:Last commanded torques from controller: [0.0, 0.0, 0.0, 0.0, 0.0, 0.0, 0.0]
INFO:root:Measured link-side joint torques: [-0.1569, -37.6933, 0.8643, 12.676, 0.4295, 1.7312, 0.3407]
INFO:root:Last commanded torques from controller: [0.0, 0.0, 0.0, 0.0, 0.0, 0.0, 0.0]
INFO:root:Measured link-side joint torques: [-0.1569, -37.6457, 0.9159, 12.676, 0.4359, 1.7248, 0.3133]
INFO:root:Last commanded torques from controller: [0.0, 0.0, 0.0, 0.0, 0.0, 0.0, 0.0]
INFO:root:Measured link-side joint torques: [-0.1569, -37.6457, 0.9159, 12.676, 0.4359, 1.7248, 0.3133]
INFO:root:Last commanded torques from controller: [0.0, 0.0, 0.0, 0.0, 0.0, 0.0, 0.0]
INFO:root:Measured link-side joint torques: [-0.1569, -37.6457, 0.8921, 12.6998, 0.4295, 1.7175, 0.2721]
INFO:root:Last commanded torques from controller: [0.0, 0.0, 0.0, 0.0, 0.0, 0.0, 0.0]
INFO:root:Measured link-side joint torques: [-0.1291, -37.5941, 0.8921, 12.7474, 0.4295, 1.7312, 0.2794]
INFO:root:Last commanded torques from controller: [0.0, 0.0, 0.0, 0.0, 0.0, 0.0, 0.0]
INFO:root:Measured link-side joint torques: [-0.1291, -37.6695, 0.8921, 12.676, 0.4359, 1.7312, 0.3407]
INFO:root:Last commanded torques from controller: [0.0, 0.0, 0.0, 0.0, 0.0, 0.0, 0.0]
INFO:root:Measured link-side joint torques: [-0.1053, -37.5941, 0.9635, 12.676, 0.4359, 1.7449, 0.2721]
INFO:root:Last commanded torques from controller: [0.0, 0.0, 0.0, 0.0, 0.0, 0.0, 0.0]
INFO:root:Measured link-side joint torques: [-0.1053, -37.5941, 0.9635, 12.676, 0.4359, 1.7449, 0.2721]
INFO:root:Last commanded torques from controller: [0.0, 0.0, 0.0, 0.0, 0.0, 0.0, 0.0]
INFO:root:Measured link-side joint torques: [-0.2045, -37.5941, 0.8643, 12.6483, 0.4295, 1.7514, 0.327]
INFO:root:Last commanded torques from controller: [0.0, 0.0, 0.0, 0.0, 0.0, 0.0, 0.0]
INFO:root:Measured link-side joint torques: [-0.1291, -37.6179, 0.9397, 12.6998, 0.4231, 1.7514, 0.2995]
INFO:root:Last commanded torques from controller: [0.0, 0.0, 0.0, 0.0, 0.0, 0.0, 0.0]
INFO:root:Measured link-side joint torques: [-0.1053, -37.6179, 0.8643, 12.676, 0.4295, 1.7376, 0.3673]
INFO:root:Last commanded torques from controller: [0.0, 0.0, 0.0, 0.0, 0.0, 0.0, 0.0]
INFO:root:Measured link-side joint torques: [-0.1053, -37.6179, 0.8921, 12.6998, 0.4424, 1.7248, 0.327]
INFO:root:Last commanded torques from controller: [0.0, 0.0, 0.0, 0.0, 0.0, 0.0, 0.0]
INFO:root:Measured link-side joint torques: [-0.1053, -37.6179, 0.8921, 12.6998, 0.4424, 1.7248, 0.327]
INFO:root:Last commanded torques from controller: [0.0, 0.0, 0.0, 0.0, 0.0, 0.0, 0.0]
INFO:root:Measured link-side joint torques: [-0.1291, -37.6179, 0.8643, 12.7236, 0.4424, 1.7175, 0.3609]
INFO:root:Last commanded torques from controller: [0.0, 0.0, 0.0, 0.0, 0.0, 0.0, 0.0]
INFO:root:Measured link-side joint torques: [-0.1291, -37.6179, 0.8921, 12.7474, 0.4424, 1.7248, 0.3059]
INFO:root:Last commanded torques from controller: [0.0, 0.0, 0.0, 0.0, 0.0, 0.0, 0.0]
INFO:root:Measured link-side joint torques: [-0.0299, -37.5941, 0.8921, 12.6998, 0.4424, 1.7248, 0.2995]
INFO:root:Last commanded torques from controller: [0.0, 0.0, 0.0, 0.0, 0.0, 0.0, 0.0]
INFO:root:Measured link-side joint torques: [-0.1291, -37.6695, 0.8921, 12.7236, 0.4295, 1.7376, 0.2858]
INFO:root:Last commanded torques from controller: [0.0, 0.0, 0.0, 0.0, 0.0, 0.0, 0.0]
INFO:root:Measured link-side joint torques: [-0.1291, -37.6695, 0.8921, 12.7236, 0.4295, 1.7376, 0.2858]
INFO:root:Last commanded torques from controller: [0.0, 0.0, 0.0, 0.0, 0.0, 0.0, 0.0]
INFO:root:Measured link-side joint torques: [-0.1291, -37.6179, 0.9397, 12.7236, 0.4424, 1.7376, 0.3059]
INFO:root:Last commanded torques from controller: [0.0, 0.0, 0.0, 0.0, 0.0, 0.0, 0.0]
INFO:root:Measured link-side joint torques: [-0.0577, -37.5941, 0.8921, 12.676, 0.4359, 1.7376, 0.3334]
INFO:root:Last commanded torques from controller: [0.0, 0.0, 0.0, 0.0, 0.0, 0.0, 0.0]
INFO:root:Measured link-side joint torques: [-0.0815, -37.5941, 0.9159, 12.676, 0.4424, 1.7312, 0.3407]
INFO:root:Last commanded torques from controller: [0.0, 0.0, 0.0, 0.0, 0.0, 0.0, 0.0]
INFO:root:Measured link-side joint torques: [-0.1291, -37.5941, 0.8921, 12.6244, 0.4359, 1.7248, 0.2995]
INFO:root:Last commanded torques from controller: [0.0, 0.0, 0.0, 0.0, 0.0, 0.0, 0.0]
INFO:root:Measured link-side joint torques: [-0.1291, -37.5941, 0.8921, 12.6244, 0.4359, 1.7248, 0.2995]
INFO:root:Last commanded torques from controller: [0.0, 0.0, 0.0, 0.0, 0.0, 0.0, 0.0]
INFO:root:Measured link-side joint torques: [-0.0815, -37.5941, 0.9159, 12.6998, 0.4424, 1.7376, 0.2995]
INFO:root:Last commanded torques from controller: [0.0, 0.0, 0.0, 0.0, 0.0, 0.0, 0.0]
INFO:root:Measured link-side joint torques: [-0.1569, -37.5703, 0.8643, 12.6483, 0.4488, 1.7376, 0.327]
INFO:root:Last commanded torques from controller: [0.0, 0.0, 0.0, 0.0, 0.0, 0.0, 0.0]
INFO:root:Measured link-side joint torques: [-0.1291, -37.5941, 0.9159, 12.676, 0.4424, 1.7449, 0.2858]
INFO:root:Last commanded torques from controller: [0.0, 0.0, 0.0, 0.0, 0.0, 0.0, 0.0]
INFO:root:Measured link-side joint torques: [-0.0815, -37.5703, 0.9159, 12.6244, 0.4359, 1.7312, 0.3609]
INFO:root:Last commanded torques from controller: [0.0, 0.0, 0.0, 0.0, 0.0, 0.0, 0.0]
INFO:root:Measured link-side joint torques: [-0.0815, -37.5703, 0.9159, 12.6244, 0.4359, 1.7312, 0.3609]
INFO:root:Last commanded torques from controller: [0.0, 0.0, 0.0, 0.0, 0.0, 0.0, 0.0]
INFO:root:Measured link-side joint torques: [-0.1053, -37.5941, 0.8921, 12.6483, 0.4295, 1.7312, 0.3407]
INFO:root:Last commanded torques from controller: [0.0, 0.0, 0.0, 0.0, 0.0, 0.0, 0.0]
INFO:root:Measured link-side joint torques: [-0.1569, -37.5703, 0.8921, 12.6244, 0.4424, 1.7111, 0.2995]
INFO:root:Last commanded torques from controller: [0.0, 0.0, 0.0, 0.0, 0.0, 0.0, 0.0]
INFO:root:Measured link-side joint torques: [-0.1053, -37.6457, 0.8643, 12.6244, 0.4424, 1.7248, 0.2995]
INFO:root:Last commanded torques from controller: [0.0, 0.0, 0.0, 0.0, 0.0, 0.0, 0.0]
INFO:root:Measured link-side joint torques: [-0.0815, -37.5941, 0.9397, 12.6998, 0.4231, 1.7175, 0.2721]
INFO:root:Last commanded torques from controller: [0.0, 0.0, 0.0, 0.0, 0.0, 0.0, 0.0]
INFO:root:Measured link-side joint torques: [-0.0815, -37.5941, 0.9397, 12.6998, 0.4231, 1.7175, 0.2721]
INFO:root:Last commanded torques from controller: [0.0, 0.0, 0.0, 0.0, 0.0, 0.0, 0.0]
INFO:root:Measured link-side joint torques: [-0.1291, -37.6179, 0.9635, 12.676, 0.4295, 1.7376, 0.3197]
INFO:root:Last commanded torques from controller: [0.0, 0.0, 0.0, 0.0, 0.0, 0.0, 0.0]
INFO:root:Measured link-side joint torques: [-0.1569, -37.6457, 0.9159, 12.6998, 0.4488, 1.7449, 0.327]
INFO:root:Last commanded torques from controller: [0.0, 0.0, 0.0, 0.0, 0.0, 0.0, 0.0]
INFO:root:Measured link-side joint torques: [-0.1569, -37.6695, 0.8921, 12.6998, 0.4488, 1.7376, 0.3535]
INFO:root:Last commanded torques from controller: [0.0, 0.0, 0.0, 0.0, 0.0, 0.0, 0.0]
INFO:root:Measured link-side joint torques: [-0.1291, -37.6457, 0.8921, 12.676, 0.4295, 1.7449, 0.381]
INFO:root:Last commanded torques from controller: [0.0, 0.0, 0.0, 0.0, 0.0, 0.0, 0.0]
INFO:root:Measured link-side joint torques: [-0.1291, -37.6457, 0.8921, 12.676, 0.4295, 1.7449, 0.381]
INFO:root:Last commanded torques from controller: [0.0, 0.0, 0.0, 0.0, 0.0, 0.0, 0.0]
INFO:root:Measured link-side joint torques: [-0.2045, -37.6457, 0.9159, 12.676, 0.4359, 1.7312, 0.327]
INFO:root:Last commanded torques from controller: [0.0, 0.0, 0.0, 0.0, 0.0, 0.0, 0.0]
INFO:root:Measured link-side joint torques: [-0.1291, -37.6457, 0.8643, 12.7236, 0.4359, 1.7312, 0.2721]
INFO:root:Last commanded torques from controller: [0.0, 0.0, 0.0, 0.0, 0.0, 0.0, 0.0]
INFO:root:Measured link-side joint torques: [-0.2045, -37.5941, 0.8921, 12.6998, 0.4295, 1.7312, 0.2583]
INFO:root:Last commanded torques from controller: [0.0, 0.0, 0.0, 0.0, 0.0, 0.0, 0.0]
INFO:root:Measured link-side joint torques: [-0.1807, -37.6695, 0.9159, 12.676, 0.4488, 1.7449, 0.2931]
INFO:root:Last commanded torques from controller: [0.0, 0.0, 0.0, 0.0, 0.0, 0.0, 0.0]
INFO:root:Measured link-side joint torques: [-0.1807, -37.6695, 0.9159, 12.676, 0.4488, 1.7449, 0.2931]
INFO:root:Last commanded torques from controller: [0.0, 0.0, 0.0, 0.0, 0.0, 0.0, 0.0]
INFO:root:Measured link-side joint torques: [-0.1569, -37.6457, 0.8405, 12.7236, 0.4359, 1.7449, 0.3407]
INFO:root:Last commanded torques from controller: [0.0, 0.0, 0.0, 0.0, 0.0, 0.0, 0.0]
INFO:root:Measured link-side joint torques: [-0.1569, -37.6179, 0.8643, 12.676, 0.4295, 1.7449, 0.3133]
INFO:root:Last commanded torques from controller: [0.0, 0.0, 0.0, 0.0, 0.0, 0.0, 0.0]
INFO:root:Measured link-side joint torques: [-0.1807, -37.6457, 0.8643, 12.7236, 0.4359, 1.7449, 0.3407]
INFO:root:Last commanded torques from controller: [0.0, 0.0, 0.0, 0.0, 0.0, 0.0, 0.0]
INFO:root:Measured link-side joint torques: [-0.1569, -37.6457, 0.8921, 12.6998, 0.4359, 1.7248, 0.3609]
INFO:root:Last commanded torques from controller: [0.0, 0.0, 0.0, 0.0, 0.0, 0.0, 0.0]
INFO:root:Measured link-side joint torques: [-0.1569, -37.6457, 0.8921, 12.6998, 0.4359, 1.7248, 0.3609]
INFO:root:Last commanded torques from controller: [0.0, 0.0, 0.0, 0.0, 0.0, 0.0, 0.0]
INFO:root:Measured link-side joint torques: [-0.1569, -37.6179, 0.8643, 12.6483, 0.4359, 1.7248, 0.3133]
INFO:root:Last commanded torques from controller: [0.0, 0.0, 0.0, 0.0, 0.0, 0.0, 0.0]
INFO:root:Measured link-side joint torques: [-0.1807, -37.6695, 0.8643, 12.676, 0.4488, 1.7376, 0.327]
INFO:root:Last commanded torques from controller: [0.0, 0.0, 0.0, 0.0, 0.0, 0.0, 0.0]
INFO:root:Measured link-side joint torques: [-0.2045, -37.6457, 0.8405, 12.6483, 0.4488, 1.7449, 0.2583]
INFO:root:Last commanded torques from controller: [0.0, 0.0, 0.0, 0.0, 0.0, 0.0, 0.0]
INFO:root:Measured link-side joint torques: [-0.1569, -37.6179, 0.9159, 12.676, 0.4295, 1.7312, 0.3197]
INFO:root:Last commanded torques from controller: [0.0, 0.0, 0.0, 0.0, 0.0, 0.0, 0.0]
INFO:root:Measured link-side joint torques: [-0.1569, -37.6179, 0.9159, 12.676, 0.4295, 1.7312, 0.3197]
INFO:root:Last commanded torques from controller: [0.0, 0.0, 0.0, 0.0, 0.0, 0.0, 0.0]
INFO:root:Measured link-side joint torques: [-0.1291, -37.5941, 0.9159, 12.6483, 0.4359, 1.7312, 0.3673]
INFO:root:Last commanded torques from controller: [0.0, 0.0, 0.0, 0.0, 0.0, 0.0, 0.0]
INFO:root:Measured link-side joint torques: [-0.1291, -37.6457, 0.8405, 12.6998, 0.4561, 1.7248, 0.2721]
INFO:root:Last commanded torques from controller: [0.0, 0.0, 0.0, 0.0, 0.0, 0.0, 0.0]
INFO:root:Measured link-side joint torques: [-0.1569, -37.6179, 0.8921, 12.6483, 0.4488, 1.7248, 0.3334]
INFO:root:Last commanded torques from controller: [0.0, 0.0, 0.0, 0.0, 0.0, 0.0, 0.0]
INFO:root:Measured link-side joint torques: [-0.1807, -37.6695, 0.8643, 12.6483, 0.4424, 1.7175, 0.3133]
INFO:root:Last commanded torques from controller: [0.0, 0.0, 0.0, 0.0, 0.0, 0.0, 0.0]
INFO:root:Measured link-side joint torques: [-0.1807, -37.6695, 0.8643, 12.6483, 0.4424, 1.7175, 0.3133]
INFO:root:Last commanded torques from controller: [0.0, 0.0, 0.0, 0.0, 0.0, 0.0, 0.0]
INFO:root:Measured link-side joint torques: [-0.1807, -37.6457, 0.9159, 12.676, 0.4488, 1.7248, 0.2858]
INFO:root:Last commanded torques from controller: [0.0, 0.0, 0.0, 0.0, 0.0, 0.0, 0.0]
INFO:root:Measured link-side joint torques: [-0.1807, -37.6695, 0.8921, 12.6998, 0.4424, 1.7175, 0.3334]
INFO:root:Last commanded torques from controller: [0.0, 0.0, 0.0, 0.0, 0.0, 0.0, 0.0]
INFO:root:Measured link-side joint torques: [-0.1807, -37.6695, 0.8921, 12.6483, 0.4488, 1.7376, 0.2931]
INFO:root:Last commanded torques from controller: [0.0, 0.0, 0.0, 0.0, 0.0, 0.0, 0.0]
INFO:root:Measured link-side joint torques: [-0.1291, -37.6695, 0.8643, 12.6483, 0.4424, 1.7449, 0.3609]
INFO:root:Last commanded torques from controller: [0.0, 0.0, 0.0, 0.0, 0.0, 0.0, 0.0]
INFO:root:Measured link-side joint torques: [-0.1291, -37.6695, 0.8643, 12.6483, 0.4424, 1.7449, 0.3609]
INFO:root:Last commanded torques from controller: [0.0, 0.0, 0.0, 0.0, 0.0, 0.0, 0.0]
INFO:root:Measured link-side joint torques: [-0.2045, -37.6695, 0.8643, 12.6244, 0.4424, 1.7449, 0.3334]
INFO:root:Last commanded torques from controller: [0.0, 0.0, 0.0, 0.0, 0.0, 0.0, 0.0]
INFO:root:Measured link-side joint torques: [-0.1569, -37.6695, 0.8167, 12.6483, 0.4488, 1.7449, 0.2657]
INFO:root:Last commanded torques from controller: [0.0, 0.0, 0.0, 0.0, 0.0, 0.0, 0.0]
INFO:root:Measured link-side joint torques: [-0.1807, -37.6457, 0.8921, 12.6483, 0.4295, 1.7248, 0.2721]
INFO:root:Last commanded torques from controller: [0.0, 0.0, 0.0, 0.0, 0.0, 0.0, 0.0]
INFO:root:Measured link-side joint torques: [-0.1053, -37.6457, 0.8643, 12.6998, 0.4561, 1.7175, 0.2858]
INFO:root:Last commanded torques from controller: [0.0, 0.0, 0.0, 0.0, 0.0, 0.0, 0.0]
INFO:root:Measured link-side joint torques: [-0.1053, -37.6457, 0.8643, 12.6998, 0.4561, 1.7175, 0.2858]
INFO:root:Last commanded torques from controller: [0.0, 0.0, 0.0, 0.0, 0.0, 0.0, 0.0]
INFO:root:Measured link-side joint torques: [-0.1807, -37.6457, 0.8405, 12.6244, 0.4488, 1.7312, 0.2794]
INFO:root:Last commanded torques from controller: [0.0, 0.0, 0.0, 0.0, 0.0, 0.0, 0.0]
INFO:root:Measured link-side joint torques: [-0.1569, -37.6457, 0.8167, 12.6483, 0.4488, 1.7376, 0.2995]
INFO:root:Last commanded torques from controller: [0.0, 0.0, 0.0, 0.0, 0.0, 0.0, 0.0]
INFO:root:Measured link-side joint torques: [-0.2045, -37.6695, 0.8643, 12.6244, 0.4359, 1.7376, 0.3535]
INFO:root:Last commanded torques from controller: [0.0, 0.0, 0.0, 0.0, 0.0, 0.0, 0.0]
INFO:root:Measured link-side joint torques: [-0.1569, -37.6457, 0.8643, 12.6244, 0.4488, 1.7111, 0.3609]
INFO:root:Last commanded torques from controller: [0.0, 0.0, 0.0, 0.0, 0.0, 0.0, 0.0]
INFO:root:Measured link-side joint torques: [-0.1569, -37.6457, 0.8643, 12.6244, 0.4488, 1.7111, 0.3609]
INFO:root:Last commanded torques from controller: [0.0, 0.0, 0.0, 0.0, 0.0, 0.0, 0.0]
INFO:root:Measured link-side joint torques: [-0.1569, -37.5941, 0.8405, 12.6244, 0.4561, 1.7248, 0.3334]
INFO:root:Last commanded torques from controller: [0.0, 0.0, 0.0, 0.0, 0.0, 0.0, 0.0]
INFO:root:Measured link-side joint torques: [-0.1807, -37.6179, 0.9159, 12.6006, 0.4561, 1.7376, 0.2858]
INFO:root:Last commanded torques from controller: [0.0, 0.0, 0.0, 0.0, 0.0, 0.0, 0.0]
INFO:root:Measured link-side joint torques: [-0.1807, -37.6179, 0.8921, 12.6483, 0.4424, 1.7514, 0.2721]
INFO:root:Last commanded torques from controller: [0.0, 0.0, 0.0, 0.0, 0.0, 0.0, 0.0]
INFO:root:Measured link-side joint torques: [-0.1569, -37.5941, 0.8643, 12.6006, 0.4488, 1.7514, 0.2858]
INFO:root:Last commanded torques from controller: [0.0, 0.0, 0.0, 0.0, 0.0, 0.0, 0.0]
INFO:root:Measured link-side joint torques: [-0.1569, -37.5941, 0.8643, 12.6006, 0.4488, 1.7514, 0.2858]
INFO:root:Last commanded torques from controller: [0.0, 0.0, 0.0, 0.0, 0.0, 0.0, 0.0]
INFO:root:Measured link-side joint torques: [-0.1291, -37.6179, 0.8405, 12.6244, 0.4488, 1.7449, 0.327]
INFO:root:Last commanded torques from controller: [0.0, 0.0, 0.0, 0.0, 0.0, 0.0, 0.0]
INFO:root:Measured link-side joint torques: [-0.1807, -37.6179, 0.8921, 12.6244, 0.4424, 1.7449, 0.381]
INFO:root:Last commanded torques from controller: [0.0, 0.0, 0.0, 0.0, 0.0, 0.0, 0.0]
INFO:root:Measured link-side joint torques: [-0.1807, -37.5426, 0.8921, 12.5768, 0.4561, 1.7376, 0.381]
INFO:root:Last commanded torques from controller: [0.0, 0.0, 0.0, 0.0, 0.0, 0.0, 0.0]
INFO:root:Measured link-side joint torques: [-0.1807, -37.5426, 0.8643, 12.6483, 0.4488, 1.7449, 0.2858]
INFO:root:Last commanded torques from controller: [0.0, 0.0, 0.0, 0.0, 0.0, 0.0, 0.0]
INFO:root:Measured link-side joint torques: [-0.1807, -37.5426, 0.8643, 12.6483, 0.4488, 1.7449, 0.2858]
INFO:root:Last commanded torques from controller: [0.0, 0.0, 0.0, 0.0, 0.0, 0.0, 0.0]
INFO:root:Measured link-side joint torques: [-0.1291, -37.5941, 0.8405, 12.6006, 0.4625, 1.7248, 0.3535]
INFO:root:Last commanded torques from controller: [0.0, 0.0, 0.0, 0.0, 0.0, 0.0, 0.0]
INFO:root:Measured link-side joint torques: [-0.1807, -37.5426, 0.8405, 12.6483, 0.4488, 1.7449, 0.2858]
INFO:root:Last commanded torques from controller: [0.0, 0.0, 0.0, 0.0, 0.0, 0.0, 0.0]
INFO:root:Measured link-side joint torques: [-0.1569, -37.5941, 0.8921, 12.6244, 0.4561, 1.7449, 0.3407]
INFO:root:Last commanded torques from controller: [0.0, 0.0, 0.0, 0.0, 0.0, 0.0, 0.0]
INFO:root:Measured link-side joint torques: [-0.1807, -37.5941, 0.8643, 12.6483, 0.4561, 1.7376, 0.3133]
INFO:root:Last commanded torques from controller: [0.0, 0.0, 0.0, 0.0, 0.0, 0.0, 0.0]
INFO:root:Measured link-side joint torques: [-0.1807, -37.5941, 0.8643, 12.6483, 0.4561, 1.7376, 0.3133]
INFO:root:Last commanded torques from controller: [0.0, 0.0, 0.0, 0.0, 0.0, 0.0, 0.0]
INFO:root:Measured link-side joint torques: [-0.1569, -37.6457, 0.8405, 12.6244, 0.4561, 1.7449, 0.3673]
INFO:root:Last commanded torques from controller: [0.0, 0.0, 0.0, 0.0, 0.0, 0.0, 0.0]
INFO:root:Measured link-side joint torques: [-0.1569, -37.6457, 0.8643, 12.553, 0.4689, 1.7449, 0.327]
INFO:root:Last commanded torques from controller: [0.0, 0.0, 0.0, 0.0, 0.0, 0.0, 0.0]
INFO:root:Measured link-side joint torques: [-0.1807, -37.5703, 0.8921, 12.5768, 0.4488, 1.7578, 0.3407]
INFO:root:Last commanded torques from controller: [0.0, 0.0, 0.0, 0.0, 0.0, 0.0, 0.0]
INFO:root:Measured link-side joint torques: [-0.2045, -37.5941, 0.8405, 12.6006, 0.4625, 1.7449, 0.2721]
INFO:root:Last commanded torques from controller: [0.0, 0.0, 0.0, 0.0, 0.0, 0.0, 0.0]
INFO:root:Measured link-side joint torques: [-0.2045, -37.5941, 0.8405, 12.6006, 0.4625, 1.7449, 0.2721]
INFO:root:Last commanded torques from controller: [0.0, 0.0, 0.0, 0.0, 0.0, 0.0, 0.0]
INFO:root:Measured link-side joint torques: [-0.2045, -37.5703, 0.8643, 12.676, 0.4424, 1.7449, 0.3197]
INFO:root:Last commanded torques from controller: [0.0, 0.0, 0.0, 0.0, 0.0, 0.0, 0.0]
INFO:root:Measured link-side joint torques: [-0.1807, -37.5941, 0.8405, 12.5768, 0.4561, 1.7578, 0.3535]
INFO:root:Last commanded torques from controller: [0.0, 0.0, 0.0, 0.0, 0.0, 0.0, 0.0]
INFO:root:Measured link-side joint torques: [-0.2323, -37.5703, 0.8405, 12.5768, 0.4488, 1.7651, 0.381]
INFO:root:Last commanded torques from controller: [0.0, 0.0, 0.0, 0.0, 0.0, 0.0, 0.0]
INFO:root:Measured link-side joint torques: [-0.2045, -37.5941, 0.8405, 12.6006, 0.4488, 1.7376, 0.3334]
INFO:root:Last commanded torques from controller: [0.0, 0.0, 0.0, 0.0, 0.0, 0.0, 0.0]
INFO:root:Measured link-side joint torques: [-0.2045, -37.5941, 0.8405, 12.6006, 0.4488, 1.7376, 0.3334]
INFO:root:Last commanded torques from controller: [0.0, 0.0, 0.0, 0.0, 0.0, 0.0, 0.0]
INFO:root:Measured link-side joint torques: [-0.1807, -37.5426, 0.8921, 12.6483, 0.4561, 1.7175, 0.3673]
INFO:root:Last commanded torques from controller: [0.0, 0.0, 0.0, 0.0, 0.0, 0.0, 0.0]
INFO:root:Measured link-side joint torques: [-0.2045, -37.5941, 0.8405, 12.6006, 0.4625, 1.7312, 0.3535]
INFO:root:Last commanded torques from controller: [0.0, 0.0, 0.0, 0.0, 0.0, 0.0, 0.0]
INFO:root:Measured link-side joint torques: [-0.1569, -37.6179, 0.8921, 12.6483, 0.4561, 1.7514, 0.327]
INFO:root:Last commanded torques from controller: [0.0, 0.0, 0.0, 0.0, 0.0, 0.0, 0.0]
INFO:root:Measured link-side joint torques: [-0.1807, -37.6179, 0.8643, 12.6244, 0.4689, 1.7514, 0.2995]
INFO:root:Last commanded torques from controller: [0.0, 0.0, 0.0, 0.0, 0.0, 0.0, 0.0]
INFO:root:Measured link-side joint torques: [-0.1807, -37.6179, 0.8643, 12.6244, 0.4689, 1.7514, 0.2995]
INFO:root:Last commanded torques from controller: [0.0, 0.0, 0.0, 0.0, 0.0, 0.0, 0.0]
INFO:root:Measured link-side joint torques: [-0.1569, -37.6457, 0.8643, 12.6006, 0.4689, 1.7449, 0.327]
INFO:root:Last commanded torques from controller: [0.0, 0.0, 0.0, 0.0, 0.0, 0.0, 0.0]
INFO:root:Measured link-side joint torques: [-0.1807, -37.6695, 0.8643, 12.5768, 0.4625, 1.7376, 0.327]
INFO:root:Last commanded torques from controller: [0.0, 0.0, 0.0, 0.0, 0.0, 0.0, 0.0]
INFO:root:Measured link-side joint torques: [-0.2045, -37.6179, 0.8405, 12.6244, 0.4625, 1.7514, 0.381]
INFO:root:Last commanded torques from controller: [0.0, 0.0, 0.0, 0.0, 0.0, 0.0, 0.0]
INFO:root:Measured link-side joint torques: [-0.1807, -37.5941, 0.8921, 12.6483, 0.4561, 1.7651, 0.2995]
INFO:root:Last commanded torques from controller: [0.0, 0.0, 0.0, 0.0, 0.0, 0.0, 0.0]
INFO:root:Measured link-side joint torques: [-0.1807, -37.5941, 0.8921, 12.6483, 0.4561, 1.7651, 0.2995]
INFO:root:Last commanded torques from controller: [0.0, 0.0, 0.0, 0.0, 0.0, 0.0, 0.0]
INFO:root:Measured link-side joint torques: [-0.2323, -37.5703, 0.8643, 12.6483, 0.4689, 1.7514, 0.327]
INFO:root:Last commanded torques from controller: [0.0, 0.0, 0.0, 0.0, 0.0, 0.0, 0.0]
INFO:root:Measured link-side joint torques: [-0.1807, -37.5703, 0.8643, 12.6244, 0.4488, 1.7312, 0.3947]
INFO:root:Last commanded torques from controller: [0.0, 0.0, 0.0, 0.0, 0.0, 0.0, 0.0]
INFO:root:Measured link-side joint torques: [-0.1807, -37.5941, 0.8643, 12.6244, 0.4561, 1.7449, 0.3673]
INFO:root:Last commanded torques from controller: [0.0, 0.0, 0.0, 0.0, 0.0, 0.0, 0.0]
INFO:root:Measured link-side joint torques: [-0.2045, -37.6179, 0.8405, 12.6483, 0.4625, 1.7578, 0.327]
INFO:root:Last commanded torques from controller: [0.0, 0.0, 0.0, 0.0, 0.0, 0.0, 0.0]
INFO:root:Measured link-side joint torques: [-0.2045, -37.6179, 0.8405, 12.6483, 0.4625, 1.7578, 0.327]
INFO:root:Last commanded torques from controller: [0.0, 0.0, 0.0, 0.0, 0.0, 0.0, 0.0]
INFO:root:Measured link-side joint torques: [-0.1807, -37.6179, 0.8405, 12.6006, 0.4689, 1.7376, 0.3334]
INFO:root:Last commanded torques from controller: [0.0, 0.0, 0.0, 0.0, 0.0, 0.0, 0.0]
INFO:root:Measured link-side joint torques: [-0.1807, -37.6457, 0.9159, 12.6483, 0.4561, 1.7376, 0.327]
INFO:root:Last commanded torques from controller: [0.0, 0.0, 0.0, 0.0, 0.0, 0.0, 0.0]
INFO:root:Measured link-side joint torques: [-0.1807, -37.6179, 0.8921, 12.676, 0.4753, 1.7312, 0.3059]
INFO:root:Last commanded torques from controller: [0.0, 0.0, 0.0, 0.0, 0.0, 0.0, 0.0]
INFO:root:Measured link-side joint torques: [-0.1569, -37.6695, 0.8921, 12.6483, 0.4488, 1.7376, 0.2995]
INFO:root:Last commanded torques from controller: [0.0, 0.0, 0.0, 0.0, 0.0, 0.0, 0.0]
INFO:root:Measured link-side joint torques: [-0.1569, -37.6695, 0.8921, 12.6483, 0.4488, 1.7376, 0.2995]
INFO:root:Last commanded torques from controller: [0.0, 0.0, 0.0, 0.0, 0.0, 0.0, 0.0]
INFO:root:Measured link-side joint torques: [-0.1807, -37.6457, 0.8167, 12.7236, 0.4625, 1.7578, 0.3535]
INFO:root:Last commanded torques from controller: [0.0, 0.0, 0.0, 0.0, 0.0, 0.0, 0.0]
INFO:root:Measured link-side joint torques: [-0.1807, -37.6179, 0.8405, 12.6244, 0.4488, 1.7779, 0.3535]
INFO:root:Last commanded torques from controller: [0.0, 0.0, 0.0, 0.0, 0.0, 0.0, 0.0]
INFO:root:Measured link-side joint torques: [-0.1807, -37.6457, 0.8405, 12.6483, 0.4625, 1.7578, 0.3535]
INFO:root:Last commanded torques from controller: [0.0, 0.0, 0.0, 0.0, 0.0, 0.0, 0.0]
INFO:root:Measured link-side joint torques: [-0.2323, -37.6457, 0.8643, 12.676, 0.4561, 1.7651, 0.327]
INFO:root:Last commanded torques from controller: [0.0, 0.0, 0.0, 0.0, 0.0, 0.0, 0.0]
INFO:root:Measured link-side joint torques: [-0.2323, -37.6457, 0.8643, 12.676, 0.4561, 1.7651, 0.327]
INFO:root:Last commanded torques from controller: [0.0, 0.0, 0.0, 0.0, 0.0, 0.0, 0.0]
INFO:root:Measured link-side joint torques: [-0.1807, -37.5941, 0.8921, 12.6483, 0.4689, 1.7578, 0.327]
INFO:root:Last commanded torques from controller: [0.0, 0.0, 0.0, 0.0, 0.0, 0.0, 0.0]
INFO:root:Measured link-side joint torques: [-0.1807, -37.6457, 0.8643, 12.676, 0.4625, 1.7715, 0.381]
INFO:root:Last commanded torques from controller: [0.0, 0.0, 0.0, 0.0, 0.0, 0.0, 0.0]
INFO:root:Measured link-side joint torques: [-0.1807, -37.5703, 0.8643, 12.676, 0.4625, 1.7779, 0.2995]
INFO:root:Last commanded torques from controller: [0.0, 0.0, 0.0, 0.0, 0.0, 0.0, 0.0]
INFO:root:Measured link-side joint torques: [-0.1569, -37.6179, 0.9159, 12.676, 0.4561, 1.7578, 0.3609]
INFO:root:Last commanded torques from controller: [0.0, 0.0, 0.0, 0.0, 0.0, 0.0, 0.0]
INFO:root:Measured link-side joint torques: [-0.1569, -37.6179, 0.9159, 12.676, 0.4561, 1.7578, 0.3609]
INFO:root:Last commanded torques from controller: [0.0, 0.0, 0.0, 0.0, 0.0, 0.0, 0.0]
INFO:root:Measured link-side joint torques: [-0.1807, -37.6457, 0.8643, 12.6483, 0.4488, 1.7449, 0.3407]
INFO:root:Last commanded torques from controller: [0.0, 0.0, 0.0, 0.0, 0.0, 0.0, 0.0]
INFO:root:Measured link-side joint torques: [-0.2045, -37.7211, 0.8643, 12.676, 0.4689, 1.7514, 0.2931]
INFO:root:Last commanded torques from controller: [0.0, 0.0, 0.0, 0.0, 0.0, 0.0, 0.0]
INFO:root:Measured link-side joint torques: [-0.2323, -37.7211, 0.8643, 12.6998, 0.4689, 1.7578, 0.327]
INFO:root:Last commanded torques from controller: [0.0, 0.0, 0.0, 0.0, 0.0, 0.0, 0.0]
INFO:root:Measured link-side joint torques: [-0.2045, -37.7211, 0.8405, 12.676, 0.4689, 1.7514, 0.3133]
INFO:root:Last commanded torques from controller: [0.0, 0.0, 0.0, 0.0, 0.0, 0.0, 0.0]
INFO:root:Measured link-side joint torques: [-0.2045, -37.7211, 0.8405, 12.676, 0.4689, 1.7514, 0.3133]
INFO:root:Last commanded torques from controller: [0.0, 0.0, 0.0, 0.0, 0.0, 0.0, 0.0]
INFO:root:Measured link-side joint torques: [-0.1807, -37.6933, 0.8167, 12.7236, 0.4689, 1.7514, 0.327]
INFO:root:Last commanded torques from controller: [0.0, 0.0, 0.0, 0.0, 0.0, 0.0, 0.0]
INFO:root:Measured link-side joint torques: [-0.1807, -37.6695, 0.8405, 12.676, 0.4625, 1.7514, 0.3407]
INFO:root:Last commanded torques from controller: [0.0, 0.0, 0.0, 0.0, 0.0, 0.0, 0.0]
INFO:root:Measured link-side joint torques: [-0.1807, -37.6457, 0.8643, 12.676, 0.4689, 1.7514, 0.3407]
INFO:root:Last commanded torques from controller: [0.0, 0.0, 0.0, 0.0, 0.0, 0.0, 0.0]
INFO:root:Measured link-side joint torques: [-0.1807, -37.6457, 0.9159, 12.6483, 0.4689, 1.7715, 0.381]
INFO:root:Last commanded torques from controller: [0.0, 0.0, 0.0, 0.0, 0.0, 0.0, 0.0]
INFO:root:Measured link-side joint torques: [-0.1807, -37.6457, 0.9159, 12.6483, 0.4689, 1.7715, 0.381]
INFO:root:Last commanded torques from controller: [0.0, 0.0, 0.0, 0.0, 0.0, 0.0, 0.0]
INFO:root:Measured link-side joint torques: [-0.2045, -37.7211, 0.8405, 12.6244, 0.4689, 1.7578, 0.327]
INFO:root:Last commanded torques from controller: [0.0, 0.0, 0.0, 0.0, 0.0, 0.0, 0.0]
INFO:root:Measured link-side joint torques: [-0.1569, -37.6695, 0.8643, 12.676, 0.4625, 1.7514, 0.2995]
INFO:root:Last commanded torques from controller: [0.0, 0.0, 0.0, 0.0, 0.0, 0.0, 0.0]
INFO:root:Measured link-side joint torques: [-0.2561, -37.7211, 0.8921, 12.676, 0.4689, 1.7514, 0.2721]
INFO:root:Last commanded torques from controller: [0.0, 0.0, 0.0, 0.0, 0.0, 0.0, 0.0]
INFO:root:Measured link-side joint torques: [-0.2045, -37.7211, 0.8405, 12.676, 0.4753, 1.7449, 0.3059]
INFO:root:Last commanded torques from controller: [0.0, 0.0, 0.0, 0.0, 0.0, 0.0, 0.0]
INFO:root:Measured link-side joint torques: [-0.2045, -37.7211, 0.8405, 12.676, 0.4753, 1.7449, 0.3059]
INFO:root:Last commanded torques from controller: [0.0, 0.0, 0.0, 0.0, 0.0, 0.0, 0.0]
INFO:root:Measured link-side joint torques: [-0.1807, -37.6933, 0.8643, 12.6483, 0.4689, 1.7449, 0.3673]
INFO:root:Last commanded torques from controller: [0.0, 0.0, 0.0, 0.0, 0.0, 0.0, 0.0]
INFO:root:Measured link-side joint torques: [-0.2045, -37.6933, 0.8405, 12.6483, 0.4625, 1.7312, 0.3746]
INFO:root:Last commanded torques from controller: [0.0, 0.0, 0.0, 0.0, 0.0, 0.0, 0.0]
INFO:root:Measured link-side joint torques: [-0.2045, -37.6933, 0.8643, 12.6244, 0.4753, 1.7376, 0.3407]
INFO:root:Last commanded torques from controller: [0.0, 0.0, 0.0, 0.0, 0.0, 0.0, 0.0]
INFO:root:Measured link-side joint torques: [-0.1807, -37.6695, 0.9159, 12.6483, 0.4689, 1.7514, 0.4011]
INFO:root:Last commanded torques from controller: [0.0, 0.0, 0.0, 0.0, 0.0, 0.0, 0.0]
INFO:root:Measured link-side joint torques: [-0.1807, -37.6695, 0.9159, 12.6483, 0.4689, 1.7514, 0.4011]
INFO:root:Last commanded torques from controller: [0.0, 0.0, 0.0, 0.0, 0.0, 0.0, 0.0]
INFO:root:Measured link-side joint torques: [-0.2045, -37.6695, 0.8405, 12.5768, 0.4625, 1.7578, 0.327]
INFO:root:Last commanded torques from controller: [0.0, 0.0, 0.0, 0.0, 0.0, 0.0, 0.0]
INFO:root:Measured link-side joint torques: [-0.2045, -37.7211, 0.8405, 12.6244, 0.4689, 1.7578, 0.2995]
INFO:root:Last commanded torques from controller: [0.0, 0.0, 0.0, 0.0, 0.0, 0.0, 0.0]
INFO:root:Measured link-side joint torques: [-0.1569, -37.6457, 0.8921, 12.6006, 0.4689, 1.7514, 0.2721]
INFO:root:Last commanded torques from controller: [0.0, 0.0, 0.0, 0.0, 0.0, 0.0, 0.0]
INFO:root:Measured link-side joint torques: [-0.1569, -37.6179, 0.9397, 12.6244, 0.4689, 1.7514, 0.3535]
INFO:root:Last commanded torques from controller: [0.0, 0.0, 0.0, 0.0, 0.0, 0.0, 0.0]
INFO:root:Measured link-side joint torques: [-0.1569, -37.6179, 0.9397, 12.6244, 0.4689, 1.7514, 0.3535]
INFO:root:Last commanded torques from controller: [0.0, 0.0, 0.0, 0.0, 0.0, 0.0, 0.0]
INFO:root:Measured link-side joint torques: [-0.1807, -37.5941, 0.8643, 12.6483, 0.4625, 1.7578, 0.3407]
INFO:root:Last commanded torques from controller: [0.0, 0.0, 0.0, 0.0, 0.0, 0.0, 0.0]
INFO:root:Measured link-side joint torques: [-0.1807, -37.6457, 0.8167, 12.676, 0.4689, 1.7248, 0.2858]
INFO:root:Last commanded torques from controller: [0.0, 0.0, 0.0, 0.0, 0.0, 0.0, 0.0]
INFO:root:Measured link-side joint torques: [-0.1291, -37.7211, 0.8643, 12.6006, 0.4689, 1.7312, 0.2995]
INFO:root:Last commanded torques from controller: [0.0, 0.0, 0.0, 0.0, 0.0, 0.0, 0.0]
INFO:root:Measured link-side joint torques: [-0.2045, -37.6695, 0.8405, 12.6244, 0.4689, 1.7312, 0.3535]
INFO:root:Last commanded torques from controller: [0.0, 0.0, 0.0, 0.0, 0.0, 0.0, 0.0]
INFO:root:Measured link-side joint torques: [-0.2045, -37.6695, 0.8405, 12.6244, 0.4689, 1.7312, 0.3535]
INFO:root:Last commanded torques from controller: [0.0, 0.0, 0.0, 0.0, 0.0, 0.0, 0.0]
INFO:root:Measured link-side joint torques: [-0.1569, -37.6457, 0.8405, 12.6006, 0.4753, 1.7514, 0.2721]
INFO:root:Last commanded torques from controller: [0.0, 0.0, 0.0, 0.0, 0.0, 0.0, 0.0]
INFO:root:Measured link-side joint torques: [-0.2323, -37.7211, 0.9159, 12.553, 0.4689, 1.7376, 0.3471]
INFO:root:Last commanded torques from controller: [0.0, 0.0, 0.0, 0.0, 0.0, 0.0, 0.0]
INFO:root:Measured link-side joint torques: [-0.1291, -37.5941, 0.8921, 12.6244, 0.4753, 1.7248, 0.2858]
INFO:root:Last commanded torques from controller: [0.0, 0.0, 0.0, 0.0, 0.0, 0.0, 0.0]
INFO:root:Measured link-side joint torques: [-0.1807, -37.6457, 0.8405, 12.6483, 0.4753, 1.7376, 0.3673]
INFO:root:Last commanded torques from controller: [0.0, 0.0, 0.0, 0.0, 0.0, 0.0, 0.0]
INFO:root:Measured link-side joint torques: [-0.1807, -37.6457, 0.8405, 12.6483, 0.4753, 1.7376, 0.3673]
INFO:root:Last commanded torques from controller: [0.0, 0.0, 0.0, 0.0, 0.0, 0.0, 0.0]
INFO:root:Measured link-side joint torques: [-0.2045, -37.6457, 0.8643, 12.553, 0.4689, 1.7514, 0.3407]
INFO:root:Last commanded torques from controller: [0.0, 0.0, 0.0, 0.0, 0.0, 0.0, 0.0]
INFO:root:Measured link-side joint torques: [-0.2561, -37.5941, 0.8405, 12.553, 0.4625, 1.7514, 0.2721]
INFO:root:Last commanded torques from controller: [0.0, 0.0, 0.0, 0.0, 0.0, 0.0, 0.0]
INFO:root:Measured link-side joint torques: [-0.1807, -37.6179, 0.8643, 12.6006, 0.4689, 1.7312, 0.2995]
INFO:root:Last commanded torques from controller: [0.0, 0.0, 0.0, 0.0, 0.0, 0.0, 0.0]
INFO:root:Measured link-side joint torques: [-0.1291, -37.6179, 0.8921, 12.6483, 0.4561, 1.7312, 0.3133]
INFO:root:Last commanded torques from controller: [0.0, 0.0, 0.0, 0.0, 0.0, 0.0, 0.0]
INFO:root:Measured link-side joint torques: [-0.1291, -37.6179, 0.8921, 12.6483, 0.4561, 1.7312, 0.3133]
INFO:root:Last commanded torques from controller: [0.0, 0.0, 0.0, 0.0, 0.0, 0.0, 0.0]
INFO:root:Measured link-side joint torques: [-0.1807, -37.6179, 0.8921, 12.6483, 0.4625, 1.7376, 0.2794]
INFO:root:Last commanded torques from controller: [0.0, 0.0, 0.0, 0.0, 0.0, 0.0, 0.0]
INFO:root:Measured link-side joint torques: [-0.1569, -37.6933, 0.8643, 12.6244, 0.4689, 1.7715, 0.3197]
INFO:root:Last commanded torques from controller: [0.0, 0.0, 0.0, 0.0, 0.0, 0.0, 0.0]
INFO:root:Measured link-side joint torques: [-0.1569, -37.6695, 0.9159, 12.553, 0.4817, 1.7651, 0.3407]
INFO:root:Last commanded torques from controller: [0.0, 0.0, 0.0, 0.0, 0.0, 0.0, 0.0]
INFO:root:Measured link-side joint torques: [-0.1569, -37.6695, 0.8921, 12.6006, 0.4625, 1.7376, 0.3746]
INFO:root:Last commanded torques from controller: [0.0, 0.0, 0.0, 0.0, 0.0, 0.0, 0.0]
INFO:root:Measured link-side joint torques: [-0.1569, -37.6695, 0.8921, 12.6006, 0.4625, 1.7376, 0.3746]
INFO:root:Last commanded torques from controller: [0.0, 0.0, 0.0, 0.0, 0.0, 0.0, 0.0]
INFO:root:Measured link-side joint torques: [-0.1807, -37.6457, 0.8921, 12.553, 0.4689, 1.6909, 0.3673]
INFO:root:Last commanded torques from controller: [0.0, 0.0, 0.0, 0.0, 0.0, 0.0, 0.0]
INFO:root:Measured link-side joint torques: [-0.2045, -37.6179, 0.8921, 12.5015, 0.489, 1.7312, 0.3133]
INFO:root:Last commanded torques from controller: [0.0, 0.0, 0.0, 0.0, 0.0, 0.0, 0.0]
INFO:root:Measured link-side joint torques: [-0.1569, -37.6179, 0.8643, 12.553, 0.4955, 1.7779, 0.2721]
INFO:root:Last commanded torques from controller: [0.0, 0.0, 0.0, 0.0, 0.0, 0.0, 0.0]
INFO:root:Measured link-side joint torques: [-0.1053, -37.5703, 0.9159, 12.553, 0.4753, 1.7449, 0.2858]
INFO:root:Last commanded torques from controller: [0.0, 0.0, 0.0, 0.0, 0.0, 0.0, 0.0]
INFO:root:Measured link-side joint torques: [-0.1053, -37.5703, 0.9159, 12.553, 0.4753, 1.7449, 0.2858]
INFO:root:Last commanded torques from controller: [0.0, 0.0, 0.0, 0.0, 0.0, 0.0, 0.0]
INFO:root:Measured link-side joint torques: [-0.2045, -37.5426, 0.8643, 12.5015, 0.4817, 1.7248, 0.2858]
INFO:root:Last commanded torques from controller: [0.0, 0.0, 0.0, 0.0, 0.0, 0.0, 0.0]
INFO:root:Measured link-side joint torques: [-0.1807, -37.5426, 0.8921, 12.5253, 0.489, 1.7111, 0.3197]
INFO:root:Last commanded torques from controller: [0.0, 0.0, 0.0, 0.0, 0.0, 0.0, 0.0]
INFO:root:Measured link-side joint torques: [-0.2045, -37.5941, 0.8643, 12.5253, 0.4753, 1.7578, 0.3407]
INFO:root:Last commanded torques from controller: [0.0, 0.0, 0.0, 0.0, 0.0, 0.0, 0.0]
INFO:root:Measured link-side joint torques: [-0.1807, -37.5426, 0.8167, 12.4777, 0.4817, 1.7651, 0.3874]
INFO:root:Last commanded torques from controller: [0.0, 0.0, 0.0, 0.0, 0.0, 0.0, 0.0]
INFO:root:Measured link-side joint torques: [-0.1807, -37.5426, 0.8167, 12.4777, 0.4817, 1.7651, 0.3874]
INFO:root:Last commanded torques from controller: [0.0, 0.0, 0.0, 0.0, 0.0, 0.0, 0.0]
INFO:root:Measured link-side joint torques: [-0.2045, -37.495, 0.8643, 12.5015, 0.4955, 1.7514, 0.3407]
INFO:root:Last commanded torques from controller: [0.0, 0.0, 0.0, 0.0, 0.0, 0.0, 0.0]
INFO:root:Measured link-side joint torques: [-0.2045, -37.5703, 0.9159, 12.5015, 0.489, 1.7449, 0.2995]
INFO:root:Last commanded torques from controller: [0.0, 0.0, 0.0, 0.0, 0.0, 0.0, 0.0]
INFO:root:Measured link-side joint torques: [-0.2045, -37.5426, 0.8167, 12.4777, 0.4753, 1.7449, 0.2116]
INFO:root:Last commanded torques from controller: [0.0, 0.0, 0.0, 0.0, 0.0, 0.0, 0.0]
INFO:root:Measured link-side joint torques: [-0.1807, -37.5188, 0.8643, 12.5015, 0.489, 1.7449, 0.2995]
INFO:root:Last commanded torques from controller: [0.0, 0.0, 0.0, 0.0, 0.0, 0.0, 0.0]
INFO:root:Measured link-side joint torques: [-0.1807, -37.5188, 0.8643, 12.5015, 0.489, 1.7449, 0.2995]
INFO:root:Last commanded torques from controller: [0.0, 0.0, 0.0, 0.0, 0.0, 0.0, 0.0]
INFO:root:Measured link-side joint torques: [-0.1807, -37.5941, 0.8921, 12.5253, 0.489, 1.7449, 0.3535]
INFO:root:Last commanded torques from controller: [0.0, 0.0, 0.0, 0.0, 0.0, 0.0, 0.0]
INFO:root:Measured link-side joint torques: [-0.1569, -37.5188, 0.8405, 12.553, 0.4817, 1.7175, 0.2382]
INFO:root:Last commanded torques from controller: [0.0, 0.0, 0.0, 0.0, 0.0, 0.0, 0.0]
INFO:root:Measured link-side joint torques: [-0.2045, -37.5188, 0.8167, 12.4777, 0.4753, 1.6973, 0.3471]
INFO:root:Last commanded torques from controller: [0.0, 0.0, 0.0, 0.0, 0.0, 0.0, 0.0]
INFO:root:Measured link-side joint torques: [-0.2561, -37.495, 0.8405, 12.4777, 0.4955, 1.7175, 0.3535]
INFO:root:Last commanded torques from controller: [0.0, 0.0, 0.0, 0.0, 0.0, 0.0, 0.0]
INFO:root:Measured link-side joint torques: [-0.2561, -37.495, 0.8405, 12.4777, 0.4955, 1.7175, 0.3535]
INFO:root:Last commanded torques from controller: [0.0, 0.0, 0.0, 0.0, 0.0, 0.0, 0.0]
INFO:root:Measured link-side joint torques: [-0.1807, -37.495, 0.8643, 12.4539, 0.4955, 1.7514, 0.2794]
INFO:root:Last commanded torques from controller: [0.0, 0.0, 0.0, 0.0, 0.0, 0.0, 0.0]
INFO:root:Measured link-side joint torques: [-0.1807, -37.4434, 0.8643, 12.3785, 0.489, 1.7312, 0.3673]
INFO:root:Last commanded torques from controller: [0.0, 0.0, 0.0, 0.0, 0.0, 0.0, 0.0]
INFO:root:Measured link-side joint torques: [-0.2323, -37.4712, 0.8921, 12.3785, 0.4817, 1.7248, 0.3471]
INFO:root:Last commanded torques from controller: [0.0, 0.0, 0.0, 0.0, 0.0, 0.0, 0.0]
INFO:root:Measured link-side joint torques: [-0.1807, -37.495, 0.8405, 12.3785, 0.4955, 1.7047, 0.3334]
INFO:root:Last commanded torques from controller: [0.0, 0.0, 0.0, 0.0, 0.0, 0.0, 0.0]
INFO:root:Measured link-side joint torques: [-0.1807, -37.495, 0.8405, 12.3785, 0.4955, 1.7047, 0.3334]
INFO:root:Last commanded torques from controller: [0.0, 0.0, 0.0, 0.0, 0.0, 0.0, 0.0]
INFO:root:Measured link-side joint torques: [-0.1807, -37.4434, 0.8167, 12.3785, 0.4955, 1.7248, 0.381]
INFO:root:Last commanded torques from controller: [0.0, 0.0, 0.0, 0.0, 0.0, 0.0, 0.0]
INFO:root:Measured link-side joint torques: [-0.2323, -37.4434, 0.8405, 12.3785, 0.4955, 1.7175, 0.3407]
INFO:root:Last commanded torques from controller: [0.0, 0.0, 0.0, 0.0, 0.0, 0.0, 0.0]
INFO:root:Measured link-side joint torques: [-0.1807, -37.4712, 0.8405, 12.4023, 0.4955, 1.7047, 0.3407]
INFO:root:Last commanded torques from controller: [0.0, 0.0, 0.0, 0.0, 0.0, 0.0, 0.0]
INFO:root:Measured link-side joint torques: [-0.2045, -37.4196, 0.8643, 12.3785, 0.4817, 1.7175, 0.2931]
INFO:root:Last commanded torques from controller: [0.0, 0.0, 0.0, 0.0, 0.0, 0.0, 0.0]
INFO:root:Measured link-side joint torques: [-0.2045, -37.4196, 0.8643, 12.3785, 0.4817, 1.7175, 0.2931]
INFO:root:Last commanded torques from controller: [0.0, 0.0, 0.0, 0.0, 0.0, 0.0, 0.0]
INFO:root:Measured link-side joint torques: [-0.2561, -37.3958, 0.8643, 12.3785, 0.4817, 1.7175, 0.2519]
INFO:root:Last commanded torques from controller: [0.0, 0.0, 0.0, 0.0, 0.0, 0.0, 0.0]
INFO:root:Measured link-side joint torques: [-0.1569, -37.3958, 0.8643, 12.4301, 0.4817, 1.7111, 0.3947]
INFO:root:Last commanded torques from controller: [0.0, 0.0, 0.0, 0.0, 0.0, 0.0, 0.0]
INFO:root:Measured link-side joint torques: [-0.1807, -37.4196, 0.9159, 12.4023, 0.4955, 1.7248, 0.3133]
INFO:root:Last commanded torques from controller: [0.0, 0.0, 0.0, 0.0, 0.0, 0.0, 0.0]
INFO:root:Measured link-side joint torques: [-0.1291, -37.4196, 0.8921, 12.3547, 0.4955, 1.7376, 0.3535]
INFO:root:Last commanded torques from controller: [0.0, 0.0, 0.0, 0.0, 0.0, 0.0, 0.0]
INFO:root:Measured link-side joint torques: [-0.1291, -37.4196, 0.8921, 12.3547, 0.4955, 1.7376, 0.3535]
INFO:root:Last commanded torques from controller: [0.0, 0.0, 0.0, 0.0, 0.0, 0.0, 0.0]
INFO:root:Measured link-side joint torques: [-0.1291, -37.4434, 0.8921, 12.3785, 0.489, 1.6973, 0.2794]
INFO:root:Last commanded torques from controller: [0.0, 0.0, 0.0, 0.0, 0.0, 0.0, 0.0]
INFO:root:Measured link-side joint torques: [-0.1807, -37.4196, 0.9397, 12.4023, 0.489, 1.7111, 0.327]
INFO:root:Last commanded torques from controller: [0.0, 0.0, 0.0, 0.0, 0.0, 0.0, 0.0]
INFO:root:Measured link-side joint torques: [-0.1291, -37.4434, 0.9159, 12.4301, 0.4955, 1.7248, 0.3334]
INFO:root:Last commanded torques from controller: [0.0, 0.0, 0.0, 0.0, 0.0, 0.0, 0.0]
INFO:root:Measured link-side joint torques: [-0.1053, -37.3958, 0.8921, 12.4023, 0.4817, 1.7449, 0.2858]
INFO:root:Last commanded torques from controller: [0.0, 0.0, 0.0, 0.0, 0.0, 0.0, 0.0]
INFO:root:Measured link-side joint torques: [-0.1053, -37.3958, 0.8921, 12.4023, 0.4817, 1.7449, 0.2858]
INFO:root:Last commanded torques from controller: [0.0, 0.0, 0.0, 0.0, 0.0, 0.0, 0.0]
INFO:root:Measured link-side joint torques: [-0.1807, -37.4196, 0.9159, 12.3547, 0.489, 1.7312, 0.3609]
INFO:root:Last commanded torques from controller: [0.0, 0.0, 0.0, 0.0, 0.0, 0.0, 0.0]
INFO:root:Measured link-side joint torques: [-0.1569, -37.368, 0.8921, 12.4023, 0.4955, 1.7312, 0.3673]
INFO:root:Last commanded torques from controller: [0.0, 0.0, 0.0, 0.0, 0.0, 0.0, 0.0]
INFO:root:Measured link-side joint torques: [-0.1807, -37.3958, 0.9397, 12.3785, 0.4955, 1.7175, 0.3947]
INFO:root:Last commanded torques from controller: [0.0, 0.0, 0.0, 0.0, 0.0, 0.0, 0.0]
INFO:root:Measured link-side joint torques: [-0.2045, -37.3442, 0.8921, 12.3785, 0.489, 1.7047, 0.3471]
INFO:root:Last commanded torques from controller: [0.0, 0.0, 0.0, 0.0, 0.0, 0.0, 0.0]
INFO:root:Measured link-side joint torques: [-0.2045, -37.3442, 0.8921, 12.3785, 0.489, 1.7047, 0.3471]
INFO:root:Last commanded torques from controller: [0.0, 0.0, 0.0, 0.0, 0.0, 0.0, 0.0]
INFO:root:Measured link-side joint torques: [-0.1807, -37.3442, 0.9159, 12.3785, 0.4955, 1.7175, 0.2995]
INFO:root:Last commanded torques from controller: [0.0, 0.0, 0.0, 0.0, 0.0, 0.0, 0.0]
INFO:root:Measured link-side joint torques: [-0.1807, -37.3204, 0.8643, 12.3547, 0.5019, 1.7248, 0.2995]
INFO:root:Last commanded torques from controller: [0.0, 0.0, 0.0, 0.0, 0.0, 0.0, 0.0]
INFO:root:Measured link-side joint torques: [-0.1569, -37.3204, 0.9159, 12.3547, 0.489, 1.6973, 0.3133]
INFO:root:Last commanded torques from controller: [0.0, 0.0, 0.0, 0.0, 0.0, 0.0, 0.0]
INFO:root:Measured link-side joint torques: [-0.1807, -37.2926, 0.8643, 12.3309, 0.489, 1.7111, 0.3059]
INFO:root:Last commanded torques from controller: [0.0, 0.0, 0.0, 0.0, 0.0, 0.0, 0.0]
INFO:root:Measured link-side joint torques: [-0.1807, -37.2926, 0.8643, 12.3309, 0.489, 1.7111, 0.3059]
INFO:root:Last commanded torques from controller: [0.0, 0.0, 0.0, 0.0, 0.0, 0.0, 0.0]
INFO:root:Measured link-side joint torques: [-0.1807, -37.3442, 0.8643, 12.3785, 0.4955, 1.7312, 0.3407]
INFO:root:Last commanded torques from controller: [0.0, 0.0, 0.0, 0.0, 0.0, 0.0, 0.0]
INFO:root:Measured link-side joint torques: [-0.1807, -37.3442, 0.8167, 12.2793, 0.4955, 1.7248, 0.3133]
INFO:root:Last commanded torques from controller: [0.0, 0.0, 0.0, 0.0, 0.0, 0.0, 0.0]
INFO:root:Measured link-side joint torques: [-0.1807, -37.3442, 0.8643, 12.3071, 0.4955, 1.7175, 0.3874]
INFO:root:Last commanded torques from controller: [0.0, 0.0, 0.0, 0.0, 0.0, 0.0, 0.0]
INFO:root:Measured link-side joint torques: [-0.2323, -37.2926, 0.8643, 12.3785, 0.4955, 1.7312, 0.2995]
INFO:root:Last commanded torques from controller: [0.0, 0.0, 0.0, 0.0, 0.0, 0.0, 0.0]
INFO:root:Measured link-side joint torques: [-0.2323, -37.2926, 0.8643, 12.3785, 0.4955, 1.7312, 0.2995]
INFO:root:Last commanded torques from controller: [0.0, 0.0, 0.0, 0.0, 0.0, 0.0, 0.0]
INFO:root:Measured link-side joint torques: [-0.1569, -37.2926, 0.8405, 12.3309, 0.5019, 1.7175, 0.3197]
INFO:root:Last commanded torques from controller: [0.0, 0.0, 0.0, 0.0, 0.0, 0.0, 0.0]
INFO:root:Measured link-side joint torques: [-0.1807, -37.3442, 0.8643, 12.3309, 0.4955, 1.7111, 0.3947]
INFO:root:Last commanded torques from controller: [0.0, 0.0, 0.0, 0.0, 0.0, 0.0, 0.0]
INFO:root:Measured link-side joint torques: [-0.1291, -37.3442, 0.8643, 12.3309, 0.5019, 1.7449, 0.3133]
INFO:root:Last commanded torques from controller: [0.0, 0.0, 0.0, 0.0, 0.0, 0.0, 0.0]
INFO:root:Measured link-side joint torques: [-0.1807, -37.3442, 0.8405, 12.3071, 0.4955, 1.7175, 0.4085]
INFO:root:Last commanded torques from controller: [0.0, 0.0, 0.0, 0.0, 0.0, 0.0, 0.0]
INFO:root:Measured link-side joint torques: [-0.1807, -37.3442, 0.8405, 12.3071, 0.4955, 1.7175, 0.4085]
INFO:root:Last commanded torques from controller: [0.0, 0.0, 0.0, 0.0, 0.0, 0.0, 0.0]
INFO:root:Measured link-side joint torques: [-0.1569, -37.3204, 0.8921, 12.3547, 0.5019, 1.6973, 0.4085]
INFO:root:Last commanded torques from controller: [0.0, 0.0, 0.0, 0.0, 0.0, 0.0, 0.0]
INFO:root:Measured link-side joint torques: [-0.1569, -37.3204, 0.8921, 12.3309, 0.5019, 1.7312, 0.2995]
INFO:root:Last commanded torques from controller: [0.0, 0.0, 0.0, 0.0, 0.0, 0.0, 0.0]
INFO:root:Measured link-side joint torques: [-0.2323, -37.3442, 0.8921, 12.3547, 0.5019, 1.7376, 0.3535]
INFO:root:Last commanded torques from controller: [0.0, 0.0, 0.0, 0.0, 0.0, 0.0, 0.0]
INFO:root:Measured link-side joint torques: [-0.1569, -37.2926, 0.8921, 12.3309, 0.489, 1.7578, 0.3059]
INFO:root:Last commanded torques from controller: [0.0, 0.0, 0.0, 0.0, 0.0, 0.0, 0.0]
INFO:root:Measured link-side joint torques: [-0.1569, -37.2926, 0.8921, 12.3309, 0.489, 1.7578, 0.3059]
INFO:root:Last commanded torques from controller: [0.0, 0.0, 0.0, 0.0, 0.0, 0.0, 0.0]
INFO:root:Measured link-side joint torques: [-0.1807, -37.2688, 0.9159, 12.3309, 0.4955, 1.7376, 0.327]
INFO:root:Last commanded torques from controller: [0.0, 0.0, 0.0, 0.0, 0.0, 0.0, 0.0]
INFO:root:Measured link-side joint torques: [-0.1807, -37.3204, 0.8643, 12.3785, 0.4955, 1.7248, 0.381]
INFO:root:Last commanded torques from controller: [0.0, 0.0, 0.0, 0.0, 0.0, 0.0, 0.0]
INFO:root:Measured link-side joint torques: [-0.1569, -37.3442, 0.9159, 12.3309, 0.5083, 1.7111, 0.3133]
INFO:root:Last commanded torques from controller: [0.0, 0.0, 0.0, 0.0, 0.0, 0.0, 0.0]
INFO:root:Measured link-side joint torques: [-0.2045, -37.3204, 0.9159, 12.3309, 0.5083, 1.7111, 0.4222]
INFO:root:Last commanded torques from controller: [0.0, 0.0, 0.0, 0.0, 0.0, 0.0, 0.0]
INFO:root:Measured link-side joint torques: [-0.2045, -37.3204, 0.9159, 12.3309, 0.5083, 1.7111, 0.4222]
INFO:root:Last commanded torques from controller: [0.0, 0.0, 0.0, 0.0, 0.0, 0.0, 0.0]
INFO:root:Measured link-side joint torques: [-0.2045, -37.2926, 0.8921, 12.3547, 0.489, 1.6973, 0.381]
INFO:root:Last commanded torques from controller: [0.0, 0.0, 0.0, 0.0, 0.0, 0.0, 0.0]
INFO:root:Measured link-side joint torques: [-0.1807, -37.3442, 0.8921, 12.3547, 0.5083, 1.6845, 0.3197]
INFO:root:Last commanded torques from controller: [0.0, 0.0, 0.0, 0.0, 0.0, 0.0, 0.0]
INFO:root:Measured link-side joint torques: [-0.2323, -37.3204, 0.8921, 12.3071, 0.5019, 1.7175, 0.3133]
INFO:root:Last commanded torques from controller: [0.0, 0.0, 0.0, 0.0, 0.0, 0.0, 0.0]
INFO:root:Measured link-side joint torques: [-0.2323, -37.3442, 0.8921, 12.2793, 0.5019, 1.7248, 0.3471]
INFO:root:Last commanded torques from controller: [0.0, 0.0, 0.0, 0.0, 0.0, 0.0, 0.0]
INFO:root:Measured link-side joint torques: [-0.2323, -37.3442, 0.8921, 12.2793, 0.5019, 1.7248, 0.3471]
INFO:root:Last commanded torques from controller: [0.0, 0.0, 0.0, 0.0, 0.0, 0.0, 0.0]
INFO:root:Measured link-side joint torques: [-0.1569, -37.2688, 0.8921, 12.2793, 0.489, 1.7376, 0.327]
INFO:root:Last commanded torques from controller: [0.0, 0.0, 0.0, 0.0, 0.0, 0.0, 0.0]
INFO:root:Measured link-side joint torques: [-0.1807, -37.3204, 0.8921, 12.3309, 0.5019, 1.7047, 0.3535]
INFO:root:Last commanded torques from controller: [0.0, 0.0, 0.0, 0.0, 0.0, 0.0, 0.0]
INFO:root:Measured link-side joint torques: [-0.1291, -37.3204, 0.9159, 12.3547, 0.522, 1.7111, 0.3471]
INFO:root:Last commanded torques from controller: [0.0, 0.0, 0.0, 0.0, 0.0, 0.0, 0.0]
INFO:root:Measured link-side joint torques: [-0.1569, -37.2926, 0.8643, 12.3309, 0.522, 1.6973, 0.327]
INFO:root:Last commanded torques from controller: [0.0, 0.0, 0.0, 0.0, 0.0, 0.0, 0.0]
INFO:root:Measured link-side joint torques: [-0.1569, -37.2926, 0.8643, 12.3309, 0.522, 1.6973, 0.327]
INFO:root:Last commanded torques from controller: [0.0, 0.0, 0.0, 0.0, 0.0, 0.0, 0.0]
INFO:root:Measured link-side joint torques: [-0.1569, -37.3204, 0.8643, 12.3309, 0.5019, 1.7175, 0.3407]
INFO:root:Last commanded torques from controller: [0.0, 0.0, 0.0, 0.0, 0.0, 0.0, 0.0]
INFO:root:Measured link-side joint torques: [-0.1807, -37.3204, 0.9159, 12.3547, 0.522, 1.7248, 0.3471]
INFO:root:Last commanded torques from controller: [0.0, 0.0, 0.0, 0.0, 0.0, 0.0, 0.0]
INFO:root:Measured link-side joint torques: [-0.1807, -37.3204, 0.8921, 12.3071, 0.5083, 1.7248, 0.3334]
INFO:root:Last commanded torques from controller: [0.0, 0.0, 0.0, 0.0, 0.0, 0.0, 0.0]
INFO:root:Measured link-side joint torques: [-0.1807, -37.3204, 0.8921, 12.3785, 0.5147, 1.7248, 0.3947]
INFO:root:Last commanded torques from controller: [0.0, 0.0, 0.0, 0.0, 0.0, 0.0, 0.0]
INFO:root:Measured link-side joint torques: [-0.1807, -37.3204, 0.8921, 12.3785, 0.5147, 1.7248, 0.3947]
INFO:root:Last commanded torques from controller: [0.0, 0.0, 0.0, 0.0, 0.0, 0.0, 0.0]
INFO:root:Measured link-side joint torques: [-0.1569, -37.3442, 0.8405, 12.3309, 0.5083, 1.7376, 0.3471]
INFO:root:Last commanded torques from controller: [0.0, 0.0, 0.0, 0.0, 0.0, 0.0, 0.0]
INFO:root:Measured link-side joint torques: [-0.1807, -37.3958, 0.8643, 12.3309, 0.5147, 1.7312, 0.3133]
INFO:root:Last commanded torques from controller: [0.0, 0.0, 0.0, 0.0, 0.0, 0.0, 0.0]
INFO:root:Measured link-side joint torques: [-0.1569, -37.3442, 0.8643, 12.3309, 0.5019, 1.7248, 0.3133]
INFO:root:Last commanded torques from controller: [0.0, 0.0, 0.0, 0.0, 0.0, 0.0, 0.0]
INFO:root:Measured link-side joint torques: [-0.1569, -37.3442, 0.8921, 12.3309, 0.5019, 1.7248, 0.2858]
INFO:root:Last commanded torques from controller: [0.0, 0.0, 0.0, 0.0, 0.0, 0.0, 0.0]
INFO:root:Measured link-side joint torques: [-0.1569, -37.3442, 0.8921, 12.3309, 0.5019, 1.7248, 0.2858]
INFO:root:Last commanded torques from controller: [0.0, 0.0, 0.0, 0.0, 0.0, 0.0, 0.0]
INFO:root:Measured link-side joint torques: [-0.1807, -37.3204, 0.8643, 12.3071, 0.5147, 1.7578, 0.3407]
INFO:root:Last commanded torques from controller: [0.0, 0.0, 0.0, 0.0, 0.0, 0.0, 0.0]
INFO:root:Measured link-side joint torques: [-0.1291, -37.3442, 0.8921, 12.3071, 0.5083, 1.7449, 0.327]
INFO:root:Last commanded torques from controller: [0.0, 0.0, 0.0, 0.0, 0.0, 0.0, 0.0]
INFO:root:Measured link-side joint torques: [-0.1569, -37.2926, 0.8643, 12.3309, 0.4955, 1.7376, 0.3947]
INFO:root:Last commanded torques from controller: [0.0, 0.0, 0.0, 0.0, 0.0, 0.0, 0.0]
INFO:root:Measured link-side joint torques: [-0.1291, -37.3442, 0.8643, 12.3071, 0.5019, 1.7312, 0.3874]
INFO:root:Last commanded torques from controller: [0.0, 0.0, 0.0, 0.0, 0.0, 0.0, 0.0]
INFO:root:Measured link-side joint torques: [-0.1291, -37.3442, 0.8643, 12.3071, 0.5019, 1.7312, 0.3874]
INFO:root:Last commanded torques from controller: [0.0, 0.0, 0.0, 0.0, 0.0, 0.0, 0.0]
INFO:root:Measured link-side joint torques: [-0.1291, -37.3442, 0.8921, 12.2793, 0.5083, 1.7312, 0.3535]
INFO:root:Last commanded torques from controller: [0.0, 0.0, 0.0, 0.0, 0.0, 0.0, 0.0]
INFO:root:Measured link-side joint torques: [-0.1569, -37.3442, 0.8405, 12.2555, 0.5147, 1.7111, 0.2995]
INFO:root:Last commanded torques from controller: [0.0, 0.0, 0.0, 0.0, 0.0, 0.0, 0.0]
INFO:root:Measured link-side joint torques: [-0.1569, -37.3204, 0.8405, 12.3071, 0.5083, 1.7175, 0.2721]
INFO:root:Last commanded torques from controller: [0.0, 0.0, 0.0, 0.0, 0.0, 0.0, 0.0]
INFO:root:Measured link-side joint torques: [-0.1807, -37.3442, 0.8643, 12.3071, 0.522, 1.7449, 0.327]
INFO:root:Last commanded torques from controller: [0.0, 0.0, 0.0, 0.0, 0.0, 0.0, 0.0]
INFO:root:Measured link-side joint torques: [-0.1807, -37.3442, 0.8643, 12.3071, 0.522, 1.7449, 0.327]
INFO:root:Last commanded torques from controller: [0.0, 0.0, 0.0, 0.0, 0.0, 0.0, 0.0]
INFO:root:Measured link-side joint torques: [-0.1569, -37.3204, 0.8405, 12.3309, 0.5083, 1.7514, 0.3609]
INFO:root:Last commanded torques from controller: [0.0, 0.0, 0.0, 0.0, 0.0, 0.0, 0.0]
INFO:root:Measured link-side joint torques: [-0.1569, -37.3204, 0.9159, 12.3547, 0.522, 1.7449, 0.3471]
INFO:root:Last commanded torques from controller: [0.0, 0.0, 0.0, 0.0, 0.0, 0.0, 0.0]
INFO:root:Measured link-side joint torques: [-0.1807, -37.3442, 0.8643, 12.3547, 0.522, 1.7376, 0.3673]
INFO:root:Last commanded torques from controller: [0.0, 0.0, 0.0, 0.0, 0.0, 0.0, 0.0]
INFO:root:Measured link-side joint torques: [-0.1569, -37.368, 0.8643, 12.3309, 0.5019, 1.7449, 0.3407]
INFO:root:Last commanded torques from controller: [0.0, 0.0, 0.0, 0.0, 0.0, 0.0, 0.0]
INFO:root:Measured link-side joint torques: [-0.1569, -37.368, 0.8643, 12.3309, 0.5019, 1.7449, 0.3407]
INFO:root:Last commanded torques from controller: [0.0, 0.0, 0.0, 0.0, 0.0, 0.0, 0.0]
INFO:root:Measured link-side joint torques: [-0.1807, -37.3442, 0.8643, 12.3785, 0.522, 1.7449, 0.3609]
INFO:root:Last commanded torques from controller: [0.0, 0.0, 0.0, 0.0, 0.0, 0.0, 0.0]
INFO:root:Measured link-side joint torques: [-0.1807, -37.3442, 0.8405, 12.4023, 0.5147, 1.7376, 0.3535]
INFO:root:Last commanded torques from controller: [0.0, 0.0, 0.0, 0.0, 0.0, 0.0, 0.0]
INFO:root:Measured link-side joint torques: [-0.1807, -37.3442, 0.8643, 12.3785, 0.5147, 1.7449, 0.327]
INFO:root:Last commanded torques from controller: [0.0, 0.0, 0.0, 0.0, 0.0, 0.0, 0.0]
INFO:root:Measured link-side joint torques: [-0.2045, -37.368, 0.8921, 12.3785, 0.5147, 1.7578, 0.381]
INFO:root:Last commanded torques from controller: [0.0, 0.0, 0.0, 0.0, 0.0, 0.0, 0.0]
INFO:root:Measured link-side joint torques: [-0.2045, -37.368, 0.8921, 12.3785, 0.5147, 1.7578, 0.381]
INFO:root:Last commanded torques from controller: [0.0, 0.0, 0.0, 0.0, 0.0, 0.0, 0.0]
INFO:root:Measured link-side joint torques: [-0.2045, -37.3442, 0.8643, 12.3785, 0.5284, 1.7651, 0.3947]
INFO:root:Last commanded torques from controller: [0.0, 0.0, 0.0, 0.0, 0.0, 0.0, 0.0]
INFO:root:Measured link-side joint torques: [-0.1807, -37.368, 0.8643, 12.4023, 0.5284, 1.7651, 0.2995]
INFO:root:Last commanded torques from controller: [0.0, 0.0, 0.0, 0.0, 0.0, 0.0, 0.0]
INFO:root:Measured link-side joint torques: [-0.1807, -37.3442, 0.8405, 12.4301, 0.5083, 1.7852, 0.327]
INFO:root:Last commanded torques from controller: [0.0, 0.0, 0.0, 0.0, 0.0, 0.0, 0.0]
INFO:root:Measured link-side joint torques: [-0.1807, -37.3204, 0.8405, 12.3309, 0.5019, 1.7852, 0.3133]
INFO:root:Last commanded torques from controller: [0.0, 0.0, 0.0, 0.0, 0.0, 0.0, 0.0]
INFO:root:Measured link-side joint torques: [-0.1807, -37.3204, 0.8405, 12.3309, 0.5019, 1.7852, 0.3133]
INFO:root:Last commanded torques from controller: [0.0, 0.0, 0.0, 0.0, 0.0, 0.0, 0.0]
INFO:root:Measured link-side joint torques: [-0.1807, -37.3204, 0.9159, 12.3785, 0.522, 1.7578, 0.4011]
INFO:root:Last commanded torques from controller: [0.0, 0.0, 0.0, 0.0, 0.0, 0.0, 0.0]
INFO:root:Measured link-side joint torques: [-0.1807, -37.3204, 0.8643, 12.4023, 0.5284, 1.7514, 0.3535]
INFO:root:Last commanded torques from controller: [0.0, 0.0, 0.0, 0.0, 0.0, 0.0, 0.0]
INFO:root:Measured link-side joint torques: [-0.2045, -37.3204, 0.8921, 12.4023, 0.522, 1.7852, 0.3609]
INFO:root:Last commanded torques from controller: [0.0, 0.0, 0.0, 0.0, 0.0, 0.0, 0.0]
INFO:root:Measured link-side joint torques: [-0.1807, -37.3442, 0.8921, 12.3785, 0.5284, 1.7852, 0.3746]
INFO:root:Last commanded torques from controller: [0.0, 0.0, 0.0, 0.0, 0.0, 0.0, 0.0]
INFO:root:Measured link-side joint torques: [-0.1807, -37.3442, 0.8921, 12.3785, 0.5284, 1.7852, 0.3746]
INFO:root:Last commanded torques from controller: [0.0, 0.0, 0.0, 0.0, 0.0, 0.0, 0.0]
INFO:root:Measured link-side joint torques: [-0.1807, -37.3442, 0.8405, 12.3547, 0.5284, 1.7651, 0.3133]
INFO:root:Last commanded torques from controller: [0.0, 0.0, 0.0, 0.0, 0.0, 0.0, 0.0]
INFO:root:Measured link-side joint torques: [-0.1807, -37.3442, 0.9159, 12.4023, 0.5284, 1.7514, 0.327]
INFO:root:Last commanded torques from controller: [0.0, 0.0, 0.0, 0.0, 0.0, 0.0, 0.0]
INFO:root:Measured link-side joint torques: [-0.1807, -37.3442, 0.8643, 12.3309, 0.5083, 1.7715, 0.3407]
INFO:root:Last commanded torques from controller: [0.0, 0.0, 0.0, 0.0, 0.0, 0.0, 0.0]
INFO:root:Measured link-side joint torques: [-0.1569, -37.3958, 0.8405, 12.3071, 0.5147, 1.7916, 0.381]
INFO:root:Last commanded torques from controller: [0.0, 0.0, 0.0, 0.0, 0.0, 0.0, 0.0]
INFO:root:Measured link-side joint torques: [-0.1569, -37.3958, 0.8405, 12.3071, 0.5147, 1.7916, 0.381]
INFO:root:Last commanded torques from controller: [0.0, 0.0, 0.0, 0.0, 0.0, 0.0, 0.0]
INFO:root:Measured link-side joint torques: [-0.1291, -37.368, 0.8643, 12.3547, 0.522, 1.7651, 0.327]
INFO:root:Last commanded torques from controller: [0.0, 0.0, 0.0, 0.0, 0.0, 0.0, 0.0]
INFO:root:Measured link-side joint torques: [-0.1807, -37.368, 0.8167, 12.3547, 0.522, 1.7514, 0.3334]
INFO:root:Last commanded torques from controller: [0.0, 0.0, 0.0, 0.0, 0.0, 0.0, 0.0]
INFO:root:Measured link-side joint torques: [-0.1807, -37.368, 0.8921, 12.3547, 0.522, 1.7578, 0.327]
INFO:root:Last commanded torques from controller: [0.0, 0.0, 0.0, 0.0, 0.0, 0.0, 0.0]
INFO:root:Measured link-side joint torques: [-0.1569, -37.3958, 0.8643, 12.3547, 0.5083, 1.7779, 0.3133]
INFO:root:Last commanded torques from controller: [0.0, 0.0, 0.0, 0.0, 0.0, 0.0, 0.0]
INFO:root:Measured link-side joint torques: [-0.1569, -37.3958, 0.8643, 12.3547, 0.5083, 1.7779, 0.3133]
INFO:root:Last commanded torques from controller: [0.0, 0.0, 0.0, 0.0, 0.0, 0.0, 0.0]
INFO:root:Measured link-side joint torques: [-0.1807, -37.495, 0.8921, 12.4023, 0.522, 1.7852, 0.3471]
INFO:root:Last commanded torques from controller: [0.0, 0.0, 0.0, 0.0, 0.0, 0.0, 0.0]
INFO:root:Measured link-side joint torques: [-0.2045, -37.4434, 0.8167, 12.4301, 0.522, 1.7852, 0.3535]
INFO:root:Last commanded torques from controller: [0.0, 0.0, 0.0, 0.0, 0.0, 0.0, 0.0]
INFO:root:Measured link-side joint torques: [-0.2561, -37.4434, 0.8405, 12.4777, 0.5284, 1.7715, 0.3535]
INFO:root:Last commanded torques from controller: [0.0, 0.0, 0.0, 0.0, 0.0, 0.0, 0.0]
INFO:root:Measured link-side joint torques: [-0.2045, -37.4434, 0.8643, 12.3547, 0.522, 1.7651, 0.4011]
INFO:root:Last commanded torques from controller: [0.0, 0.0, 0.0, 0.0, 0.0, 0.0, 0.0]
INFO:root:Measured link-side joint torques: [-0.2045, -37.4434, 0.8643, 12.3547, 0.522, 1.7651, 0.4011]
INFO:root:Last commanded torques from controller: [0.0, 0.0, 0.0, 0.0, 0.0, 0.0, 0.0]
INFO:root:Measured link-side joint torques: [-0.2045, -37.4434, 0.8405, 12.4023, 0.5284, 1.8054, 0.3133]
INFO:root:Last commanded torques from controller: [0.0, 0.0, 0.0, 0.0, 0.0, 0.0, 0.0]
INFO:root:Measured link-side joint torques: [-0.1807, -37.368, 0.8643, 12.3785, 0.5348, 1.798, 0.3673]
INFO:root:Last commanded torques from controller: [0.0, 0.0, 0.0, 0.0, 0.0, 0.0, 0.0]
INFO:root:Measured link-side joint torques: [-0.1569, -37.3958, 0.8405, 12.3785, 0.5284, 1.7779, 0.2995]
INFO:root:Last commanded torques from controller: [0.0, 0.0, 0.0, 0.0, 0.0, 0.0, 0.0]
INFO:root:Measured link-side joint torques: [-0.1807, -37.4196, 0.8643, 12.3309, 0.5147, 1.7651, 0.3334]
INFO:root:Last commanded torques from controller: [0.0, 0.0, 0.0, 0.0, 0.0, 0.0, 0.0]
INFO:root:Measured link-side joint torques: [-0.1807, -37.4196, 0.8643, 12.3309, 0.5147, 1.7651, 0.3334]
INFO:root:Last commanded torques from controller: [0.0, 0.0, 0.0, 0.0, 0.0, 0.0, 0.0]
INFO:root:Measured link-side joint torques: [-0.2561, -37.4196, 0.8921, 12.4023, 0.5348, 1.7715, 0.3673]
INFO:root:Last commanded torques from controller: [0.0, 0.0, 0.0, 0.0, 0.0, 0.0, 0.0]
INFO:root:Measured link-side joint torques: [-0.2561, -37.4196, 0.8405, 12.3785, 0.5083, 1.7715, 0.2995]
INFO:root:Last commanded torques from controller: [0.0, 0.0, 0.0, 0.0, 0.0, 0.0, 0.0]
INFO:root:Measured link-side joint torques: [-0.2045, -37.4196, 0.8167, 12.3309, 0.5476, 1.7651, 0.3673]
INFO:root:Last commanded torques from controller: [0.0, 0.0, 0.0, 0.0, 0.0, 0.0, 0.0]
INFO:root:Measured link-side joint torques: [-0.1807, -37.4712, 0.8643, 12.3547, 0.5348, 1.7651, 0.3947]
INFO:root:Last commanded torques from controller: [0.0, 0.0, 0.0, 0.0, 0.0, 0.0, 0.0]
INFO:root:Measured link-side joint torques: [-0.1807, -37.4712, 0.8643, 12.3547, 0.5348, 1.7651, 0.3947]
INFO:root:Last commanded torques from controller: [0.0, 0.0, 0.0, 0.0, 0.0, 0.0, 0.0]
INFO:root:Measured link-side joint torques: [-0.2323, -37.4196, 0.9397, 12.3547, 0.522, 1.798, 0.2721]
INFO:root:Last commanded torques from controller: [0.0, 0.0, 0.0, 0.0, 0.0, 0.0, 0.0]
INFO:root:Measured link-side joint torques: [-0.1807, -37.4196, 0.9159, 12.2793, 0.5348, 1.7852, 0.3673]
INFO:root:Last commanded torques from controller: [0.0, 0.0, 0.0, 0.0, 0.0, 0.0, 0.0]
INFO:root:Measured link-side joint torques: [-0.2323, -37.3958, 0.8643, 12.3309, 0.5412, 1.7514, 0.327]
INFO:root:Last commanded torques from controller: [0.0, 0.0, 0.0, 0.0, 0.0, 0.0, 0.0]
INFO:root:Measured link-side joint torques: [-0.1569, -37.4434, 0.9159, 12.3547, 0.5284, 1.7449, 0.4085]
INFO:root:Last commanded torques from controller: [0.0, 0.0, 0.0, 0.0, 0.0, 0.0, 0.0]
INFO:root:Measured link-side joint torques: [-0.1569, -37.4434, 0.9159, 12.3547, 0.5284, 1.7449, 0.4085]
INFO:root:Last commanded torques from controller: [0.0, 0.0, 0.0, 0.0, 0.0, 0.0, 0.0]
INFO:root:Measured link-side joint torques: [-0.1807, -37.4196, 0.8921, 12.3547, 0.5348, 1.7578, 0.4085]
INFO:root:Last commanded torques from controller: [0.0, 0.0, 0.0, 0.0, 0.0, 0.0, 0.0]
INFO:root:Measured link-side joint torques: [-0.1569, -37.4434, 0.9397, 12.3547, 0.5284, 1.7651, 0.3133]
INFO:root:Last commanded torques from controller: [0.0, 0.0, 0.0, 0.0, 0.0, 0.0, 0.0]
INFO:root:Measured link-side joint torques: [-0.1291, -37.3958, 0.9635, 12.3547, 0.5284, 1.7779, 0.2995]
INFO:root:Last commanded torques from controller: [0.0, 0.0, 0.0, 0.0, 0.0, 0.0, 0.0]
INFO:root:Measured link-side joint torques: [-0.2045, -37.4196, 0.9635, 12.3785, 0.522, 1.798, 0.3407]
INFO:root:Last commanded torques from controller: [0.0, 0.0, 0.0, 0.0, 0.0, 0.0, 0.0]
INFO:root:Measured link-side joint torques: [-0.2045, -37.4196, 0.9635, 12.3785, 0.522, 1.798, 0.3407]
INFO:root:Last commanded torques from controller: [0.0, 0.0, 0.0, 0.0, 0.0, 0.0, 0.0]
INFO:root:Measured link-side joint torques: [-0.1807, -37.4196, 0.9397, 12.3547, 0.5348, 1.7916, 0.2931]
INFO:root:Last commanded torques from controller: [0.0, 0.0, 0.0, 0.0, 0.0, 0.0, 0.0]
INFO:root:Measured link-side joint torques: [-0.1569, -37.368, 0.9397, 12.3547, 0.5284, 1.7715, 0.3133]
INFO:root:Last commanded torques from controller: [0.0, 0.0, 0.0, 0.0, 0.0, 0.0, 0.0]
INFO:root:Measured link-side joint torques: [-0.1053, -37.3958, 0.9159, 12.4301, 0.5284, 1.7651, 0.3746]
INFO:root:Last commanded torques from controller: [0.0, 0.0, 0.0, 0.0, 0.0, 0.0, 0.0]
INFO:root:Measured link-side joint torques: [-0.1291, -37.3958, 0.8921, 12.4301, 0.5412, 1.7651, 0.3947]
INFO:root:Last commanded torques from controller: [0.0, 0.0, 0.0, 0.0, 0.0, 0.0, 0.0]
INFO:root:Measured link-side joint torques: [-0.1291, -37.3958, 0.8921, 12.4301, 0.5412, 1.7651, 0.3947]
INFO:root:Last commanded torques from controller: [0.0, 0.0, 0.0, 0.0, 0.0, 0.0, 0.0]
INFO:root:Measured link-side joint torques: [-0.1291, -37.3958, 0.9159, 12.4301, 0.5412, 1.7578, 0.327]
INFO:root:Last commanded torques from controller: [0.0, 0.0, 0.0, 0.0, 0.0, 0.0, 0.0]
INFO:root:Measured link-side joint torques: [-0.1291, -37.4196, 0.8921, 12.4301, 0.5476, 1.7651, 0.3535]
INFO:root:Last commanded torques from controller: [0.0, 0.0, 0.0, 0.0, 0.0, 0.0, 0.0]
INFO:root:Measured link-side joint torques: [-0.1053, -37.3958, 0.8921, 12.4023, 0.5348, 1.7852, 0.2794]
INFO:root:Last commanded torques from controller: [0.0, 0.0, 0.0, 0.0, 0.0, 0.0, 0.0]
INFO:root:Measured link-side joint torques: [-0.1291, -37.4434, 0.8643, 12.4023, 0.5348, 1.7779, 0.3407]
INFO:root:Last commanded torques from controller: [0.0, 0.0, 0.0, 0.0, 0.0, 0.0, 0.0]
INFO:root:Measured link-side joint torques: [-0.1291, -37.4434, 0.8643, 12.4023, 0.5348, 1.7779, 0.3407]
INFO:root:Last commanded torques from controller: [0.0, 0.0, 0.0, 0.0, 0.0, 0.0, 0.0]
INFO:root:Measured link-side joint torques: [-0.1807, -37.3958, 0.8921, 12.4539, 0.555, 1.7715, 0.3535]
INFO:root:Last commanded torques from controller: [0.0, 0.0, 0.0, 0.0, 0.0, 0.0, 0.0]
INFO:root:Measured link-side joint torques: [-0.1291, -37.368, 0.8643, 12.4777, 0.555, 1.7852, 0.4222]
INFO:root:Last commanded torques from controller: [0.0, 0.0, 0.0, 0.0, 0.0, 0.0, 0.0]
INFO:root:Measured link-side joint torques: [-0.1291, -37.4196, 0.9159, 12.4301, 0.5412, 1.798, 0.3535]
INFO:root:Last commanded torques from controller: [0.0, 0.0, 0.0, 0.0, 0.0, 0.0, 0.0]
INFO:root:Measured link-side joint torques: [-0.1569, -37.4196, 0.8405, 12.4539, 0.5348, 1.7852, 0.3535]
INFO:root:Last commanded torques from controller: [0.0, 0.0, 0.0, 0.0, 0.0, 0.0, 0.0]
INFO:root:Measured link-side joint torques: [-0.1569, -37.4196, 0.8405, 12.4539, 0.5348, 1.7852, 0.3535]
INFO:root:Last commanded torques from controller: [0.0, 0.0, 0.0, 0.0, 0.0, 0.0, 0.0]
INFO:root:Measured link-side joint torques: [-0.1807, -37.4196, 0.8643, 12.4777, 0.555, 1.7514, 0.327]
INFO:root:Last commanded torques from controller: [0.0, 0.0, 0.0, 0.0, 0.0, 0.0, 0.0]
INFO:root:Measured link-side joint torques: [-0.1569, -37.4712, 0.8405, 12.4777, 0.5412, 1.7449, 0.3673]
INFO:root:Last commanded torques from controller: [0.0, 0.0, 0.0, 0.0, 0.0, 0.0, 0.0]
INFO:root:Measured link-side joint torques: [-0.2323, -37.4712, 0.8167, 12.4777, 0.5412, 1.7651, 0.3334]
INFO:root:Last commanded torques from controller: [0.0, 0.0, 0.0, 0.0, 0.0, 0.0, 0.0]
INFO:root:Measured link-side joint torques: [-0.1807, -37.4196, 0.8405, 12.4539, 0.5348, 1.7852, 0.3535]
INFO:root:Last commanded torques from controller: [0.0, 0.0, 0.0, 0.0, 0.0, 0.0, 0.0]
INFO:root:Measured link-side joint torques: [-0.1807, -37.4196, 0.8405, 12.4539, 0.5348, 1.7852, 0.3535]
INFO:root:Last commanded torques from controller: [0.0, 0.0, 0.0, 0.0, 0.0, 0.0, 0.0]
INFO:root:Measured link-side joint torques: [-0.1807, -37.4712, 0.8643, 12.4777, 0.5476, 1.7852, 0.3133]
INFO:root:Last commanded torques from controller: [0.0, 0.0, 0.0, 0.0, 0.0, 0.0, 0.0]
INFO:root:Measured link-side joint torques: [-0.1807, -37.495, 0.9397, 12.4539, 0.5412, 1.798, 0.4085]
INFO:root:Last commanded torques from controller: [0.0, 0.0, 0.0, 0.0, 0.0, 0.0, 0.0]
INFO:root:Measured link-side joint torques: [-0.2045, -37.4712, 0.8921, 12.4777, 0.5412, 1.7852, 0.327]
INFO:root:Last commanded torques from controller: [0.0, 0.0, 0.0, 0.0, 0.0, 0.0, 0.0]
INFO:root:Measured link-side joint torques: [-0.1807, -37.495, 0.8643, 12.4777, 0.5412, 1.7779, 0.3609]
INFO:root:Last commanded torques from controller: [0.0, 0.0, 0.0, 0.0, 0.0, 0.0, 0.0]
INFO:root:Measured link-side joint torques: [-0.1807, -37.495, 0.8643, 12.4777, 0.5412, 1.7779, 0.3609]
INFO:root:Last commanded torques from controller: [0.0, 0.0, 0.0, 0.0, 0.0, 0.0, 0.0]
INFO:root:Measured link-side joint torques: [-0.2323, -37.4434, 0.8643, 12.4539, 0.5412, 1.7852, 0.4085]
INFO:root:Last commanded torques from controller: [0.0, 0.0, 0.0, 0.0, 0.0, 0.0, 0.0]
INFO:root:Measured link-side joint torques: [-0.2323, -37.495, 0.8921, 12.4301, 0.5476, 1.7779, 0.3673]
INFO:root:Last commanded torques from controller: [0.0, 0.0, 0.0, 0.0, 0.0, 0.0, 0.0]
INFO:root:Measured link-side joint torques: [-0.1569, -37.5188, 0.8921, 12.4023, 0.5476, 1.7514, 0.3673]
INFO:root:Last commanded torques from controller: [0.0, 0.0, 0.0, 0.0, 0.0, 0.0, 0.0]
INFO:root:Measured link-side joint torques: [-0.2045, -37.495, 0.9159, 12.4539, 0.555, 1.7578, 0.3535]
INFO:root:Last commanded torques from controller: [0.0, 0.0, 0.0, 0.0, 0.0, 0.0, 0.0]
INFO:root:Measured link-side joint torques: [-0.2045, -37.495, 0.9159, 12.4539, 0.555, 1.7578, 0.3535]
INFO:root:Last commanded torques from controller: [0.0, 0.0, 0.0, 0.0, 0.0, 0.0, 0.0]
INFO:root:Measured link-side joint torques: [-0.2323, -37.495, 0.8643, 12.4539, 0.5412, 1.7916, 0.3407]
INFO:root:Last commanded torques from controller: [0.0, 0.0, 0.0, 0.0, 0.0, 0.0, 0.0]
INFO:root:Measured link-side joint torques: [-0.2323, -37.4434, 0.8643, 12.4023, 0.555, 1.7852, 0.3407]
INFO:root:Last commanded torques from controller: [0.0, 0.0, 0.0, 0.0, 0.0, 0.0, 0.0]
INFO:root:Measured link-side joint torques: [-0.2323, -37.5188, 0.8921, 12.4301, 0.555, 1.7916, 0.3197]
INFO:root:Last commanded torques from controller: [0.0, 0.0, 0.0, 0.0, 0.0, 0.0, 0.0]
INFO:root:Measured link-side joint torques: [-0.2045, -37.495, 0.8643, 12.4023, 0.5476, 1.7651, 0.3673]
INFO:root:Last commanded torques from controller: [0.0, 0.0, 0.0, 0.0, 0.0, 0.0, 0.0]
INFO:root:Measured link-side joint torques: [-0.2045, -37.495, 0.8643, 12.4023, 0.5476, 1.7651, 0.3673]
INFO:root:Last commanded torques from controller: [0.0, 0.0, 0.0, 0.0, 0.0, 0.0, 0.0]
INFO:root:Measured link-side joint torques: [-0.2561, -37.4434, 0.8643, 12.4301, 0.5412, 1.7578, 0.3609]
INFO:root:Last commanded torques from controller: [0.0, 0.0, 0.0, 0.0, 0.0, 0.0, 0.0]
INFO:root:Measured link-side joint torques: [-0.2045, -37.4434, 0.8405, 12.4777, 0.5476, 1.7715, 0.3059]
INFO:root:Last commanded torques from controller: [0.0, 0.0, 0.0, 0.0, 0.0, 0.0, 0.0]
INFO:root:Measured link-side joint torques: [-0.2045, -37.4712, 0.8405, 12.4539, 0.555, 1.7715, 0.3535]
INFO:root:Last commanded torques from controller: [0.0, 0.0, 0.0, 0.0, 0.0, 0.0, 0.0]
INFO:root:Measured link-side joint torques: [-0.2323, -37.4712, 0.8643, 12.4777, 0.5614, 1.7449, 0.327]
INFO:root:Last commanded torques from controller: [0.0, 0.0, 0.0, 0.0, 0.0, 0.0, 0.0]
INFO:root:Measured link-side joint torques: [-0.2323, -37.4712, 0.8643, 12.4777, 0.5614, 1.7449, 0.327]
INFO:root:Last commanded torques from controller: [0.0, 0.0, 0.0, 0.0, 0.0, 0.0, 0.0]
INFO:root:Measured link-side joint torques: [-0.2561, -37.495, 0.8921, 12.4539, 0.5476, 1.7514, 0.2858]
INFO:root:Last commanded torques from controller: [0.0, 0.0, 0.0, 0.0, 0.0, 0.0, 0.0]
INFO:root:Measured link-side joint torques: [-0.2561, -37.4712, 0.7929, 12.4539, 0.5476, 1.7651, 0.3535]
INFO:root:Last commanded torques from controller: [0.0, 0.0, 0.0, 0.0, 0.0, 0.0, 0.0]
INFO:root:Measured link-side joint torques: [-0.2323, -37.495, 0.7929, 12.4777, 0.555, 1.7916, 0.3407]
INFO:root:Last commanded torques from controller: [0.0, 0.0, 0.0, 0.0, 0.0, 0.0, 0.0]
INFO:root:Measured link-side joint torques: [-0.2045, -37.4434, 0.8643, 12.4539, 0.555, 1.798, 0.435]
INFO:root:Last commanded torques from controller: [0.0, 0.0, 0.0, 0.0, 0.0, 0.0, 0.0]
INFO:root:Measured link-side joint torques: [-0.2045, -37.4434, 0.8643, 12.4539, 0.555, 1.798, 0.435]
INFO:root:Last commanded torques from controller: [0.0, 0.0, 0.0, 0.0, 0.0, 0.0, 0.0]
INFO:root:Measured link-side joint torques: [-0.2045, -37.4196, 0.8405, 12.4539, 0.5678, 1.798, 0.381]
INFO:root:Last commanded torques from controller: [0.0, 0.0, 0.0, 0.0, 0.0, 0.0, 0.0]
INFO:root:Measured link-side joint torques: [-0.1569, -37.4434, 0.8405, 12.4301, 0.5476, 1.7852, 0.327]
INFO:root:Last commanded torques from controller: [0.0, 0.0, 0.0, 0.0, 0.0, 0.0, 0.0]
INFO:root:Measured link-side joint torques: [-0.1291, -37.4712, 0.8921, 12.5015, 0.555, 1.7715, 0.3133]
INFO:root:Last commanded torques from controller: [0.0, 0.0, 0.0, 0.0, 0.0, 0.0, 0.0]
INFO:root:Measured link-side joint torques: [-0.1291, -37.4434, 0.8405, 12.4023, 0.5614, 1.7651, 0.3609]
INFO:root:Last commanded torques from controller: [0.0, 0.0, 0.0, 0.0, 0.0, 0.0, 0.0]
INFO:root:Measured link-side joint torques: [-0.1291, -37.4434, 0.8405, 12.4023, 0.5614, 1.7651, 0.3609]
INFO:root:Last commanded torques from controller: [0.0, 0.0, 0.0, 0.0, 0.0, 0.0, 0.0]
INFO:root:Measured link-side joint torques: [-0.2045, -37.4196, 0.8405, 12.4539, 0.5476, 1.7715, 0.327]
INFO:root:Last commanded torques from controller: [0.0, 0.0, 0.0, 0.0, 0.0, 0.0, 0.0]
INFO:root:Measured link-side joint torques: [-0.2045, -37.4196, 0.8643, 12.4023, 0.5476, 1.7715, 0.327]
INFO:root:Last commanded torques from controller: [0.0, 0.0, 0.0, 0.0, 0.0, 0.0, 0.0]
INFO:root:Measured link-side joint torques: [-0.1569, -37.4196, 0.9159, 12.4301, 0.5614, 1.7779, 0.3746]
INFO:root:Last commanded torques from controller: [0.0, 0.0, 0.0, 0.0, 0.0, 0.0, 0.0]
INFO:root:Measured link-side joint torques: [-0.2045, -37.4712, 0.8921, 12.4301, 0.5678, 1.7779, 0.3947]
INFO:root:Last commanded torques from controller: [0.0, 0.0, 0.0, 0.0, 0.0, 0.0, 0.0]
INFO:root:Measured link-side joint torques: [-0.2045, -37.4712, 0.8921, 12.4301, 0.5678, 1.7779, 0.3947]
INFO:root:Last commanded torques from controller: [0.0, 0.0, 0.0, 0.0, 0.0, 0.0, 0.0]
INFO:root:Measured link-side joint torques: [-0.2323, -37.4434, 0.9159, 12.4023, 0.555, 1.7852, 0.327]
INFO:root:Last commanded torques from controller: [0.0, 0.0, 0.0, 0.0, 0.0, 0.0, 0.0]
INFO:root:Measured link-side joint torques: [-0.2045, -37.4434, 0.8643, 12.3785, 0.555, 1.7779, 0.3471]
INFO:root:Last commanded torques from controller: [0.0, 0.0, 0.0, 0.0, 0.0, 0.0, 0.0]
INFO:root:Measured link-side joint torques: [-0.1807, -37.4196, 0.9159, 12.3309, 0.5614, 1.7514, 0.327]
INFO:root:Last commanded torques from controller: [0.0, 0.0, 0.0, 0.0, 0.0, 0.0, 0.0]
INFO:root:Measured link-side joint torques: [-0.1807, -37.4196, 0.8921, 12.3547, 0.5678, 1.7449, 0.3947]
INFO:root:Last commanded torques from controller: [0.0, 0.0, 0.0, 0.0, 0.0, 0.0, 0.0]
INFO:root:Measured link-side joint torques: [-0.1807, -37.4196, 0.8921, 12.3547, 0.5678, 1.7449, 0.3947]
INFO:root:Last commanded torques from controller: [0.0, 0.0, 0.0, 0.0, 0.0, 0.0, 0.0]
INFO:root:Measured link-side joint torques: [-0.1569, -37.4196, 0.8405, 12.3309, 0.555, 1.7514, 0.3874]
INFO:root:Last commanded torques from controller: [0.0, 0.0, 0.0, 0.0, 0.0, 0.0, 0.0]
INFO:root:Measured link-side joint torques: [-0.1569, -37.4434, 0.8921, 12.3309, 0.5678, 1.7578, 0.3133]
INFO:root:Last commanded torques from controller: [0.0, 0.0, 0.0, 0.0, 0.0, 0.0, 0.0]
INFO:root:Measured link-side joint torques: [-0.2045, -37.3958, 0.8643, 12.3547, 0.555, 1.7514, 0.327]
INFO:root:Last commanded torques from controller: [0.0, 0.0, 0.0, 0.0, 0.0, 0.0, 0.0]
INFO:root:Measured link-side joint torques: [-0.2045, -37.4434, 0.8643, 12.3785, 0.5678, 1.7651, 0.3535]
INFO:root:Last commanded torques from controller: [0.0, 0.0, 0.0, 0.0, 0.0, 0.0, 0.0]
INFO:root:Measured link-side joint torques: [-0.2045, -37.4434, 0.8643, 12.3785, 0.5678, 1.7651, 0.3535]
INFO:root:Last commanded torques from controller: [0.0, 0.0, 0.0, 0.0, 0.0, 0.0, 0.0]
INFO:root:Measured link-side joint torques: [-0.1807, -37.4196, 0.8405, 12.3547, 0.5614, 1.7715, 0.4222]
INFO:root:Last commanded torques from controller: [0.0, 0.0, 0.0, 0.0, 0.0, 0.0, 0.0]
INFO:root:Measured link-side joint torques: [-0.2561, -37.4196, 0.8643, 12.4023, 0.5614, 1.7715, 0.381]
INFO:root:Last commanded torques from controller: [0.0, 0.0, 0.0, 0.0, 0.0, 0.0, 0.0]
INFO:root:Measured link-side joint torques: [-0.2045, -37.4196, 0.8167, 12.3547, 0.5614, 1.7651, 0.3673]
INFO:root:Last commanded torques from controller: [0.0, 0.0, 0.0, 0.0, 0.0, 0.0, 0.0]
INFO:root:Measured link-side joint torques: [-0.2045, -37.3958, 0.8921, 12.3547, 0.5614, 1.7916, 0.381]
INFO:root:Last commanded torques from controller: [0.0, 0.0, 0.0, 0.0, 0.0, 0.0, 0.0]
INFO:root:Measured link-side joint torques: [-0.2045, -37.3958, 0.8921, 12.3547, 0.5614, 1.7916, 0.381]
INFO:root:Last commanded torques from controller: [0.0, 0.0, 0.0, 0.0, 0.0, 0.0, 0.0]
INFO:root:Measured link-side joint torques: [-0.2045, -37.3958, 0.8643, 12.3309, 0.555, 1.7514, 0.3535]
INFO:root:Last commanded torques from controller: [0.0, 0.0, 0.0, 0.0, 0.0, 0.0, 0.0]
INFO:root:Measured link-side joint torques: [-0.2323, -37.3958, 0.8405, 12.3309, 0.5742, 1.7514, 0.3673]
INFO:root:Last commanded torques from controller: [0.0, 0.0, 0.0, 0.0, 0.0, 0.0, 0.0]
INFO:root:Measured link-side joint torques: [-0.2045, -37.3958, 0.8167, 12.3071, 0.5678, 1.7514, 0.3874]
INFO:root:Last commanded torques from controller: [0.0, 0.0, 0.0, 0.0, 0.0, 0.0, 0.0]
INFO:root:Measured link-side joint torques: [-0.2323, -37.4196, 0.8167, 12.3547, 0.5678, 1.7514, 0.3673]
INFO:root:Last commanded torques from controller: [0.0, 0.0, 0.0, 0.0, 0.0, 0.0, 0.0]
INFO:root:Measured link-side joint torques: [-0.2323, -37.4196, 0.8167, 12.3547, 0.5678, 1.7514, 0.3673]
INFO:root:Last commanded torques from controller: [0.0, 0.0, 0.0, 0.0, 0.0, 0.0, 0.0]
INFO:root:Measured link-side joint torques: [-0.2323, -37.3958, 0.8405, 12.3309, 0.5614, 1.7514, 0.3673]
INFO:root:Last commanded torques from controller: [0.0, 0.0, 0.0, 0.0, 0.0, 0.0, 0.0]
INFO:root:Measured link-side joint torques: [-0.2561, -37.368, 0.8405, 12.2555, 0.5678, 1.7715, 0.4085]
INFO:root:Last commanded torques from controller: [0.0, 0.0, 0.0, 0.0, 0.0, 0.0, 0.0]
INFO:root:Measured link-side joint torques: [-0.2045, -37.368, 0.8405, 12.2317, 0.5678, 1.7715, 0.3673]
INFO:root:Last commanded torques from controller: [0.0, 0.0, 0.0, 0.0, 0.0, 0.0, 0.0]
INFO:root:Measured link-side joint torques: [-0.1807, -37.4196, 0.8643, 12.2793, 0.5678, 1.7514, 0.3535]
INFO:root:Last commanded torques from controller: [0.0, 0.0, 0.0, 0.0, 0.0, 0.0, 0.0]
INFO:root:Measured link-side joint torques: [-0.1807, -37.4196, 0.8643, 12.2793, 0.5678, 1.7514, 0.3535]
INFO:root:Last commanded torques from controller: [0.0, 0.0, 0.0, 0.0, 0.0, 0.0, 0.0]
INFO:root:Measured link-side joint torques: [-0.2045, -37.3204, 0.8405, 12.2555, 0.5742, 1.7376, 0.327]
INFO:root:Last commanded torques from controller: [0.0, 0.0, 0.0, 0.0, 0.0, 0.0, 0.0]
INFO:root:Measured link-side joint torques: [-0.1807, -37.3204, 0.8921, 12.2555, 0.5742, 1.7248, 0.3673]
INFO:root:Last commanded torques from controller: [0.0, 0.0, 0.0, 0.0, 0.0, 0.0, 0.0]
INFO:root:Measured link-side joint torques: [-0.2045, -37.3958, 0.8405, 12.2317, 0.5742, 1.7312, 0.3609]
INFO:root:Last commanded torques from controller: [0.0, 0.0, 0.0, 0.0, 0.0, 0.0, 0.0]
INFO:root:Measured link-side joint torques: [-0.2045, -37.3442, 0.8921, 12.2317, 0.5806, 1.7376, 0.381]
INFO:root:Last commanded torques from controller: [0.0, 0.0, 0.0, 0.0, 0.0, 0.0, 0.0]
INFO:root:Measured link-side joint torques: [-0.2045, -37.3442, 0.8921, 12.2317, 0.5806, 1.7376, 0.381]
INFO:root:Last commanded torques from controller: [0.0, 0.0, 0.0, 0.0, 0.0, 0.0, 0.0]
INFO:root:Measured link-side joint torques: [-0.1807, -37.2926, 0.8405, 12.2079, 0.5678, 1.7514, 0.4011]
INFO:root:Last commanded torques from controller: [0.0, 0.0, 0.0, 0.0, 0.0, 0.0, 0.0]
INFO:root:Measured link-side joint torques: [-0.1807, -37.2926, 0.9159, 12.1841, 0.5806, 1.7449, 0.3673]
INFO:root:Last commanded torques from controller: [0.0, 0.0, 0.0, 0.0, 0.0, 0.0, 0.0]
INFO:root:Measured link-side joint torques: [-0.1807, -37.3204, 0.9159, 12.1841, 0.5614, 1.7312, 0.327]
INFO:root:Last commanded torques from controller: [0.0, 0.0, 0.0, 0.0, 0.0, 0.0, 0.0]
INFO:root:Measured link-side joint torques: [-0.2323, -37.2688, 0.9159, 12.2079, 0.555, 1.7376, 0.3133]
INFO:root:Last commanded torques from controller: [0.0, 0.0, 0.0, 0.0, 0.0, 0.0, 0.0]
INFO:root:Measured link-side joint torques: [-0.2323, -37.2688, 0.9159, 12.2079, 0.555, 1.7376, 0.3133]
INFO:root:Last commanded torques from controller: [0.0, 0.0, 0.0, 0.0, 0.0, 0.0, 0.0]
INFO:root:Measured link-side joint torques: [-0.1807, -37.2212, 0.9159, 12.1325, 0.5614, 1.7175, 0.3874]
INFO:root:Last commanded torques from controller: [0.0, 0.0, 0.0, 0.0, 0.0, 0.0, 0.0]
INFO:root:Measured link-side joint torques: [-0.1807, -37.3204, 0.8643, 12.1087, 0.5742, 1.7175, 0.3535]
INFO:root:Last commanded torques from controller: [0.0, 0.0, 0.0, 0.0, 0.0, 0.0, 0.0]
INFO:root:Measured link-side joint torques: [-0.2323, -37.2688, 0.8643, 12.0849, 0.5678, 1.7175, 0.3947]
INFO:root:Last commanded torques from controller: [0.0, 0.0, 0.0, 0.0, 0.0, 0.0, 0.0]
INFO:root:Measured link-side joint torques: [-0.2323, -37.2212, 0.8921, 12.1563, 0.5614, 1.7312, 0.3874]
INFO:root:Last commanded torques from controller: [0.0, 0.0, 0.0, 0.0, 0.0, 0.0, 0.0]
INFO:root:Measured link-side joint torques: [-0.2323, -37.2212, 0.8921, 12.1563, 0.5614, 1.7312, 0.3874]
INFO:root:Last commanded torques from controller: [0.0, 0.0, 0.0, 0.0, 0.0, 0.0, 0.0]
INFO:root:Measured link-side joint torques: [-0.2045, -37.2212, 0.8643, 12.1563, 0.5806, 1.7514, 0.381]
INFO:root:Last commanded torques from controller: [0.0, 0.0, 0.0, 0.0, 0.0, 0.0, 0.0]
INFO:root:Measured link-side joint torques: [-0.2323, -37.245, 0.8167, 12.1325, 0.5678, 1.7376, 0.327]
INFO:root:Last commanded torques from controller: [0.0, 0.0, 0.0, 0.0, 0.0, 0.0, 0.0]
INFO:root:Measured link-side joint torques: [-0.2045, -37.245, 0.8643, 12.0849, 0.5742, 1.7514, 0.3197]
INFO:root:Last commanded torques from controller: [0.0, 0.0, 0.0, 0.0, 0.0, 0.0, 0.0]
INFO:root:Measured link-side joint torques: [-0.2323, -37.245, 0.8405, 12.1087, 0.5806, 1.7376, 0.3133]
INFO:root:Last commanded torques from controller: [0.0, 0.0, 0.0, 0.0, 0.0, 0.0, 0.0]
INFO:root:Measured link-side joint torques: [-0.2323, -37.245, 0.8405, 12.1087, 0.5806, 1.7376, 0.3133]
INFO:root:Last commanded torques from controller: [0.0, 0.0, 0.0, 0.0, 0.0, 0.0, 0.0]
INFO:root:Measured link-side joint torques: [-0.2323, -37.2212, 0.8921, 12.1325, 0.5614, 1.7248, 0.3609]
INFO:root:Last commanded torques from controller: [0.0, 0.0, 0.0, 0.0, 0.0, 0.0, 0.0]
INFO:root:Measured link-side joint torques: [-0.1569, -37.1696, 0.9159, 12.1087, 0.5806, 1.7312, 0.3535]
INFO:root:Last commanded torques from controller: [0.0, 0.0, 0.0, 0.0, 0.0, 0.0, 0.0]
INFO:root:Measured link-side joint torques: [-0.1569, -37.1934, 0.8643, 12.0849, 0.5742, 1.7248, 0.3673]
INFO:root:Last commanded torques from controller: [0.0, 0.0, 0.0, 0.0, 0.0, 0.0, 0.0]
INFO:root:Measured link-side joint torques: [-0.1807, -37.1934, 0.8643, 12.1325, 0.555, 1.7312, 0.3407]
INFO:root:Last commanded torques from controller: [0.0, 0.0, 0.0, 0.0, 0.0, 0.0, 0.0]
INFO:root:Measured link-side joint torques: [-0.1807, -37.1934, 0.8643, 12.1325, 0.555, 1.7312, 0.3407]
INFO:root:Last commanded torques from controller: [0.0, 0.0, 0.0, 0.0, 0.0, 0.0, 0.0]
INFO:root:Measured link-side joint torques: [-0.2045, -37.1181, 0.8921, 12.1563, 0.5806, 1.7248, 0.3947]
INFO:root:Last commanded torques from controller: [0.0, 0.0, 0.0, 0.0, 0.0, 0.0, 0.0]
INFO:root:Measured link-side joint torques: [-0.1807, -37.0943, 0.8405, 12.0849, 0.5879, 1.7312, 0.2931]
INFO:root:Last commanded torques from controller: [0.0, 0.0, 0.0, 0.0, 0.0, 0.0, 0.0]
INFO:root:Measured link-side joint torques: [-0.2045, -37.1458, 0.8921, 12.1563, 0.5742, 1.7514, 0.3407]
INFO:root:Last commanded torques from controller: [0.0, 0.0, 0.0, 0.0, 0.0, 0.0, 0.0]
INFO:root:Measured link-side joint torques: [-0.1807, -37.0943, 0.8643, 12.1563, 0.5614, 1.7779, 0.3535]
INFO:root:Last commanded torques from controller: [0.0, 0.0, 0.0, 0.0, 0.0, 0.0, 0.0]
INFO:root:Measured link-side joint torques: [-0.1807, -37.0943, 0.8643, 12.1563, 0.5614, 1.7779, 0.3535]
INFO:root:Last commanded torques from controller: [0.0, 0.0, 0.0, 0.0, 0.0, 0.0, 0.0]
INFO:root:Measured link-side joint torques: [-0.2045, -37.0467, 0.8405, 12.1563, 0.5742, 1.7312, 0.381]
INFO:root:Last commanded torques from controller: [0.0, 0.0, 0.0, 0.0, 0.0, 0.0, 0.0]
INFO:root:Measured link-side joint torques: [-0.2045, -37.0705, 0.9159, 12.1325, 0.5742, 1.7175, 0.3059]
INFO:root:Last commanded torques from controller: [0.0, 0.0, 0.0, 0.0, 0.0, 0.0, 0.0]
INFO:root:Measured link-side joint torques: [-0.2045, -37.1181, 0.8643, 12.1563, 0.5742, 1.7111, 0.327]
INFO:root:Last commanded torques from controller: [0.0, 0.0, 0.0, 0.0, 0.0, 0.0, 0.0]
INFO:root:Measured link-side joint torques: [-0.1569, -37.0943, 0.8405, 12.1325, 0.5806, 1.7248, 0.3535]
INFO:root:Last commanded torques from controller: [0.0, 0.0, 0.0, 0.0, 0.0, 0.0, 0.0]
INFO:root:Measured link-side joint torques: [-0.1569, -37.0943, 0.8405, 12.1325, 0.5806, 1.7248, 0.3535]
INFO:root:Last commanded torques from controller: [0.0, 0.0, 0.0, 0.0, 0.0, 0.0, 0.0]
INFO:root:Measured link-side joint torques: [-0.1569, -37.0943, 0.8167, 12.1087, 0.5742, 1.7514, 0.4222]
INFO:root:Last commanded torques from controller: [0.0, 0.0, 0.0, 0.0, 0.0, 0.0, 0.0]
INFO:root:Measured link-side joint torques: [-0.2045, -37.0467, 0.8405, 12.1087, 0.5742, 1.7651, 0.327]
INFO:root:Last commanded torques from controller: [0.0, 0.0, 0.0, 0.0, 0.0, 0.0, 0.0]
INFO:root:Measured link-side joint torques: [-0.2045, -37.0467, 0.8405, 12.1087, 0.5614, 1.7578, 0.3673]
INFO:root:Last commanded torques from controller: [0.0, 0.0, 0.0, 0.0, 0.0, 0.0, 0.0]
INFO:root:Measured link-side joint torques: [-0.2561, -37.0705, 0.8921, 12.1087, 0.5742, 1.7449, 0.3673]
INFO:root:Last commanded torques from controller: [0.0, 0.0, 0.0, 0.0, 0.0, 0.0, 0.0]
INFO:root:Measured link-side joint torques: [-0.2561, -37.0705, 0.8921, 12.1087, 0.5742, 1.7449, 0.3673]
INFO:root:Last commanded torques from controller: [0.0, 0.0, 0.0, 0.0, 0.0, 0.0, 0.0]
INFO:root:Measured link-side joint torques: [-0.2045, -37.0467, 0.8405, 12.1325, 0.5678, 1.7175, 0.3746]
INFO:root:Last commanded torques from controller: [0.0, 0.0, 0.0, 0.0, 0.0, 0.0, 0.0]
INFO:root:Measured link-side joint torques: [-0.2323, -37.0467, 0.8167, 12.1325, 0.5742, 1.7175, 0.3673]
INFO:root:Last commanded torques from controller: [0.0, 0.0, 0.0, 0.0, 0.0, 0.0, 0.0]
INFO:root:Measured link-side joint torques: [-0.2323, -37.0467, 0.8167, 12.1087, 0.5879, 1.7175, 0.3535]
INFO:root:Last commanded torques from controller: [0.0, 0.0, 0.0, 0.0, 0.0, 0.0, 0.0]
INFO:root:Measured link-side joint torques: [-0.2045, -37.0943, 0.8405, 12.1563, 0.5742, 1.7449, 0.3407]
INFO:root:Last commanded torques from controller: [0.0, 0.0, 0.0, 0.0, 0.0, 0.0, 0.0]
INFO:root:Measured link-side joint torques: [-0.2045, -37.0943, 0.8405, 12.1563, 0.5742, 1.7449, 0.3407]
INFO:root:Last commanded torques from controller: [0.0, 0.0, 0.0, 0.0, 0.0, 0.0, 0.0]
INFO:root:Measured link-side joint torques: [-0.2561, -37.0943, 0.8643, 12.1325, 0.5806, 1.7779, 0.3673]
INFO:root:Last commanded torques from controller: [0.0, 0.0, 0.0, 0.0, 0.0, 0.0, 0.0]
INFO:root:Measured link-side joint torques: [-0.2323, -37.0705, 0.8405, 12.1563, 0.5742, 1.7651, 0.3535]
INFO:root:Last commanded torques from controller: [0.0, 0.0, 0.0, 0.0, 0.0, 0.0, 0.0]
INFO:root:Measured link-side joint torques: [-0.1807, -37.0705, 0.8643, 12.1841, 0.5678, 1.7312, 0.4149]
INFO:root:Last commanded torques from controller: [0.0, 0.0, 0.0, 0.0, 0.0, 0.0, 0.0]
INFO:root:Measured link-side joint torques: [-0.2561, -37.0943, 0.8405, 12.1841, 0.5806, 1.7248, 0.2721]
INFO:root:Last commanded torques from controller: [0.0, 0.0, 0.0, 0.0, 0.0, 0.0, 0.0]
INFO:root:Measured link-side joint torques: [-0.2561, -37.0943, 0.8405, 12.1841, 0.5806, 1.7248, 0.2721]
INFO:root:Last commanded torques from controller: [0.0, 0.0, 0.0, 0.0, 0.0, 0.0, 0.0]
INFO:root:Measured link-side joint torques: [-0.1807, -37.0705, 0.8643, 12.1841, 0.5879, 1.7248, 0.3673]
INFO:root:Last commanded torques from controller: [0.0, 0.0, 0.0, 0.0, 0.0, 0.0, 0.0]
INFO:root:Measured link-side joint torques: [-0.1807, -37.0705, 0.8921, 12.1841, 0.5879, 1.7514, 0.4085]
INFO:root:Last commanded torques from controller: [0.0, 0.0, 0.0, 0.0, 0.0, 0.0, 0.0]
INFO:root:Measured link-side joint torques: [-0.2045, -37.0189, 0.8643, 12.1841, 0.5806, 1.7578, 0.381]
INFO:root:Last commanded torques from controller: [0.0, 0.0, 0.0, 0.0, 0.0, 0.0, 0.0]
INFO:root:Measured link-side joint torques: [-0.1807, -37.0467, 0.8643, 12.1325, 0.5806, 1.7852, 0.3673]
INFO:root:Last commanded torques from controller: [0.0, 0.0, 0.0, 0.0, 0.0, 0.0, 0.0]
INFO:root:Measured link-side joint torques: [-0.1807, -37.0467, 0.8643, 12.1325, 0.5806, 1.7852, 0.3673]
INFO:root:Last commanded torques from controller: [0.0, 0.0, 0.0, 0.0, 0.0, 0.0, 0.0]
INFO:root:Measured link-side joint torques: [-0.1807, -36.9713, 0.8405, 12.1087, 0.5742, 1.7779, 0.3746]
INFO:root:Last commanded torques from controller: [0.0, 0.0, 0.0, 0.0, 0.0, 0.0, 0.0]
INFO:root:Measured link-side joint torques: [-0.1807, -36.9951, 0.8921, 12.0849, 0.5806, 1.7449, 0.3407]
INFO:root:Last commanded torques from controller: [0.0, 0.0, 0.0, 0.0, 0.0, 0.0, 0.0]
INFO:root:Measured link-side joint torques: [-0.1807, -37.0705, 0.8405, 12.1087, 0.5806, 1.7312, 0.381]
INFO:root:Last commanded torques from controller: [0.0, 0.0, 0.0, 0.0, 0.0, 0.0, 0.0]
INFO:root:Measured link-side joint torques: [-0.2045, -37.0189, 0.8643, 12.0849, 0.5943, 1.7175, 0.2995]
INFO:root:Last commanded torques from controller: [0.0, 0.0, 0.0, 0.0, 0.0, 0.0, 0.0]
INFO:root:Measured link-side joint torques: [-0.2045, -37.0189, 0.8643, 12.0849, 0.5943, 1.7175, 0.2995]
INFO:root:Last commanded torques from controller: [0.0, 0.0, 0.0, 0.0, 0.0, 0.0, 0.0]
INFO:root:Measured link-side joint torques: [-0.1569, -37.0467, 0.8643, 12.1087, 0.5943, 1.7514, 0.3535]
INFO:root:Last commanded torques from controller: [0.0, 0.0, 0.0, 0.0, 0.0, 0.0, 0.0]
INFO:root:Measured link-side joint torques: [-0.2561, -37.0705, 0.8921, 12.0611, 0.5742, 1.7715, 0.3535]
INFO:root:Last commanded torques from controller: [0.0, 0.0, 0.0, 0.0, 0.0, 0.0, 0.0]
INFO:root:Measured link-side joint torques: [-0.2323, -37.0705, 0.9159, 12.0611, 0.6007, 1.8118, 0.4011]
INFO:root:Last commanded torques from controller: [0.0, 0.0, 0.0, 0.0, 0.0, 0.0, 0.0]
INFO:root:Measured link-side joint torques: [-0.2045, -37.0467, 0.8405, 12.0095, 0.6007, 1.7852, 0.3535]
INFO:root:Last commanded torques from controller: [0.0, 0.0, 0.0, 0.0, 0.0, 0.0, 0.0]
INFO:root:Measured link-side joint torques: [-0.2045, -37.0467, 0.8405, 12.0095, 0.6007, 1.7852, 0.3535]
INFO:root:Last commanded torques from controller: [0.0, 0.0, 0.0, 0.0, 0.0, 0.0, 0.0]
INFO:root:Measured link-side joint torques: [-0.2045, -37.0705, 0.8643, 12.0333, 0.5879, 1.7779, 0.381]
INFO:root:Last commanded torques from controller: [0.0, 0.0, 0.0, 0.0, 0.0, 0.0, 0.0]
INFO:root:Measured link-side joint torques: [-0.1569, -37.0467, 0.8405, 12.0095, 0.5879, 1.7449, 0.3133]
INFO:root:Last commanded torques from controller: [0.0, 0.0, 0.0, 0.0, 0.0, 0.0, 0.0]
INFO:root:Measured link-side joint torques: [-0.2323, -37.0467, 0.8643, 12.1087, 0.5806, 1.7449, 0.3334]
INFO:root:Last commanded torques from controller: [0.0, 0.0, 0.0, 0.0, 0.0, 0.0, 0.0]
INFO:root:Measured link-side joint torques: [-0.2045, -37.0467, 0.8405, 12.1563, 0.5879, 1.7715, 0.3471]
INFO:root:Last commanded torques from controller: [0.0, 0.0, 0.0, 0.0, 0.0, 0.0, 0.0]
INFO:root:Measured link-side joint torques: [-0.2045, -37.0467, 0.8405, 12.1563, 0.5879, 1.7715, 0.3471]
INFO:root:Last commanded torques from controller: [0.0, 0.0, 0.0, 0.0, 0.0, 0.0, 0.0]
INFO:root:Measured link-side joint torques: [-0.2323, -37.0705, 0.8643, 12.1087, 0.5943, 1.7916, 0.3947]
INFO:root:Last commanded torques from controller: [0.0, 0.0, 0.0, 0.0, 0.0, 0.0, 0.0]
INFO:root:Measured link-side joint torques: [-0.2323, -37.0705, 0.8405, 12.0611, 0.5879, 1.7715, 0.3535]
INFO:root:Last commanded torques from controller: [0.0, 0.0, 0.0, 0.0, 0.0, 0.0, 0.0]
INFO:root:Measured link-side joint torques: [-0.2323, -37.0467, 0.8405, 12.0849, 0.5879, 1.7514, 0.3746]
INFO:root:Last commanded torques from controller: [0.0, 0.0, 0.0, 0.0, 0.0, 0.0, 0.0]
INFO:root:Measured link-side joint torques: [-0.2323, -37.0943, 0.8405, 12.1087, 0.5943, 1.7449, 0.327]
INFO:root:Last commanded torques from controller: [0.0, 0.0, 0.0, 0.0, 0.0, 0.0, 0.0]
INFO:root:Measured link-side joint torques: [-0.2323, -37.0943, 0.8405, 12.1087, 0.5943, 1.7449, 0.327]
INFO:root:Last commanded torques from controller: [0.0, 0.0, 0.0, 0.0, 0.0, 0.0, 0.0]
INFO:root:Measured link-side joint torques: [-0.1569, -37.0189, 0.8643, 12.0849, 0.5806, 1.7312, 0.3609]
INFO:root:Last commanded torques from controller: [0.0, 0.0, 0.0, 0.0, 0.0, 0.0, 0.0]
INFO:root:Measured link-side joint torques: [-0.2561, -37.0189, 0.8405, 12.1087, 0.5806, 1.7449, 0.2931]
INFO:root:Last commanded torques from controller: [0.0, 0.0, 0.0, 0.0, 0.0, 0.0, 0.0]
INFO:root:Measured link-side joint torques: [-0.2045, -37.0705, 0.8405, 12.1087, 0.5943, 1.7449, 0.3874]
INFO:root:Last commanded torques from controller: [0.0, 0.0, 0.0, 0.0, 0.0, 0.0, 0.0]
INFO:root:Measured link-side joint torques: [-0.2323, -37.0189, 0.8643, 12.0333, 0.5879, 1.7449, 0.3471]
INFO:root:Last commanded torques from controller: [0.0, 0.0, 0.0, 0.0, 0.0, 0.0, 0.0]
INFO:root:Measured link-side joint torques: [-0.2323, -37.0189, 0.8643, 12.0333, 0.5879, 1.7449, 0.3471]
INFO:root:Last commanded torques from controller: [0.0, 0.0, 0.0, 0.0, 0.0, 0.0, 0.0]
INFO:root:Measured link-side joint torques: [-0.1807, -37.0467, 0.8643, 12.0333, 0.5806, 1.7715, 0.2931]
INFO:root:Last commanded torques from controller: [0.0, 0.0, 0.0, 0.0, 0.0, 0.0, 0.0]
INFO:root:Measured link-side joint torques: [-0.2045, -37.0189, 0.8405, 12.0095, 0.5879, 1.7715, 0.327]
INFO:root:Last commanded torques from controller: [0.0, 0.0, 0.0, 0.0, 0.0, 0.0, 0.0]
INFO:root:Measured link-side joint torques: [-0.2045, -36.9713, 0.8643, 12.0333, 0.5806, 1.7514, 0.3334]
INFO:root:Last commanded torques from controller: [0.0, 0.0, 0.0, 0.0, 0.0, 0.0, 0.0]
INFO:root:Measured link-side joint torques: [-0.1569, -36.9713, 0.8643, 11.9857, 0.5943, 1.7248, 0.327]
INFO:root:Last commanded torques from controller: [0.0, 0.0, 0.0, 0.0, 0.0, 0.0, 0.0]
INFO:root:Measured link-side joint torques: [-0.1569, -36.9713, 0.8643, 11.9857, 0.5943, 1.7248, 0.327]
INFO:root:Last commanded torques from controller: [0.0, 0.0, 0.0, 0.0, 0.0, 0.0, 0.0]
INFO:root:Measured link-side joint torques: [-0.2045, -37.0189, 0.8643, 11.9619, 0.5943, 1.7449, 0.3535]
INFO:root:Last commanded torques from controller: [0.0, 0.0, 0.0, 0.0, 0.0, 0.0, 0.0]
INFO:root:Measured link-side joint torques: [-0.2323, -36.9951, 0.8921, 12.0333, 0.5879, 1.7376, 0.3673]
INFO:root:Last commanded torques from controller: [0.0, 0.0, 0.0, 0.0, 0.0, 0.0, 0.0]
INFO:root:Measured link-side joint torques: [-0.2323, -36.9713, 0.8643, 12.0095, 0.5943, 1.7578, 0.4085]
INFO:root:Last commanded torques from controller: [0.0, 0.0, 0.0, 0.0, 0.0, 0.0, 0.0]
INFO:root:Measured link-side joint torques: [-0.1807, -37.0189, 0.9159, 12.0095, 0.5943, 1.7651, 0.327]
INFO:root:Last commanded torques from controller: [0.0, 0.0, 0.0, 0.0, 0.0, 0.0, 0.0]
INFO:root:Measured link-side joint torques: [-0.1807, -37.0189, 0.9159, 12.0095, 0.5943, 1.7651, 0.327]
INFO:root:Last commanded torques from controller: [0.0, 0.0, 0.0, 0.0, 0.0, 0.0, 0.0]
INFO:root:Measured link-side joint torques: [-0.1807, -36.9951, 0.8643, 12.0611, 0.6007, 1.7578, 0.3609]
INFO:root:Last commanded torques from controller: [0.0, 0.0, 0.0, 0.0, 0.0, 0.0, 0.0]
INFO:root:Measured link-side joint torques: [-0.1569, -36.9713, 0.8921, 12.0611, 0.6071, 1.7651, 0.2931]
INFO:root:Last commanded torques from controller: [0.0, 0.0, 0.0, 0.0, 0.0, 0.0, 0.0]
INFO:root:Measured link-side joint torques: [-0.1807, -37.0189, 0.8643, 12.0333, 0.5943, 1.7715, 0.381]
INFO:root:Last commanded torques from controller: [0.0, 0.0, 0.0, 0.0, 0.0, 0.0, 0.0]
INFO:root:Measured link-side joint torques: [-0.1807, -36.9951, 0.8643, 12.0333, 0.5943, 1.7715, 0.3609]
INFO:root:Last commanded torques from controller: [0.0, 0.0, 0.0, 0.0, 0.0, 0.0, 0.0]
INFO:root:Measured link-side joint torques: [-0.1807, -36.9951, 0.8643, 12.0333, 0.5943, 1.7715, 0.3609]
INFO:root:Last commanded torques from controller: [0.0, 0.0, 0.0, 0.0, 0.0, 0.0, 0.0]
INFO:root:Measured link-side joint torques: [-0.1807, -36.9713, 0.8921, 12.0849, 0.5879, 1.7651, 0.3133]
INFO:root:Last commanded torques from controller: [0.0, 0.0, 0.0, 0.0, 0.0, 0.0, 0.0]
INFO:root:Measured link-side joint torques: [-0.2323, -36.9951, 0.8921, 12.1087, 0.5879, 1.7715, 0.3407]
INFO:root:Last commanded torques from controller: [0.0, 0.0, 0.0, 0.0, 0.0, 0.0, 0.0]
INFO:root:Measured link-side joint torques: [-0.2045, -37.0189, 0.8643, 12.1087, 0.5943, 1.7779, 0.327]
INFO:root:Last commanded torques from controller: [0.0, 0.0, 0.0, 0.0, 0.0, 0.0, 0.0]
INFO:root:Measured link-side joint torques: [-0.2045, -37.0467, 0.8921, 12.0611, 0.6007, 1.7916, 0.2455]
INFO:root:Last commanded torques from controller: [0.0, 0.0, 0.0, 0.0, 0.0, 0.0, 0.0]
INFO:root:Measured link-side joint torques: [-0.2045, -37.0467, 0.8921, 12.0611, 0.6007, 1.7916, 0.2455]
INFO:root:Last commanded torques from controller: [0.0, 0.0, 0.0, 0.0, 0.0, 0.0, 0.0]
INFO:root:Measured link-side joint torques: [-0.1569, -37.0943, 0.8643, 12.1087, 0.6136, 1.7779, 0.3609]
INFO:root:Last commanded torques from controller: [0.0, 0.0, 0.0, 0.0, 0.0, 0.0, 0.0]
INFO:root:Measured link-side joint torques: [-0.1807, -37.1181, 0.8921, 12.1087, 0.6007, 1.7916, 0.3407]
INFO:root:Last commanded torques from controller: [0.0, 0.0, 0.0, 0.0, 0.0, 0.0, 0.0]
INFO:root:Measured link-side joint torques: [-0.1807, -37.2212, 0.8405, 12.1563, 0.5943, 1.7916, 0.4085]
INFO:root:Last commanded torques from controller: [0.0, 0.0, 0.0, 0.0, 0.0, 0.0, 0.0]
INFO:root:Measured link-side joint torques: [-0.1569, -37.1181, 0.8921, 12.1087, 0.6007, 1.7852, 0.327]
INFO:root:Last commanded torques from controller: [0.0, 0.0, 0.0, 0.0, 0.0, 0.0, 0.0]
INFO:root:Measured link-side joint torques: [-0.1569, -37.1181, 0.8921, 12.1087, 0.6007, 1.7852, 0.327]
INFO:root:Last commanded torques from controller: [0.0, 0.0, 0.0, 0.0, 0.0, 0.0, 0.0]
INFO:root:Measured link-side joint torques: [-0.2045, -37.1181, 0.8921, 12.1841, 0.6071, 1.7852, 0.3609]
INFO:root:Last commanded torques from controller: [0.0, 0.0, 0.0, 0.0, 0.0, 0.0, 0.0]
INFO:root:Measured link-side joint torques: [-0.1807, -37.0943, 0.8405, 12.1325, 0.5879, 1.7779, 0.4222]
INFO:root:Last commanded torques from controller: [0.0, 0.0, 0.0, 0.0, 0.0, 0.0, 0.0]
INFO:root:Measured link-side joint torques: [-0.1807, -37.0467, 0.8921, 12.1841, 0.6209, 1.7916, 0.3673]
INFO:root:Last commanded torques from controller: [0.0, 0.0, 0.0, 0.0, 0.0, 0.0, 0.0]
INFO:root:Measured link-side joint torques: [-0.2323, -37.1181, 0.9159, 12.1563, 0.5879, 1.8118, 0.3407]
INFO:root:Last commanded torques from controller: [0.0, 0.0, 0.0, 0.0, 0.0, 0.0, 0.0]
INFO:root:Measured link-side joint torques: [-0.2323, -37.1181, 0.9159, 12.1563, 0.5879, 1.8118, 0.3407]
INFO:root:Last commanded torques from controller: [0.0, 0.0, 0.0, 0.0, 0.0, 0.0, 0.0]
INFO:root:Measured link-side joint torques: [-0.1807, -37.0943, 0.8643, 12.1087, 0.5943, 1.8118, 0.4149]
INFO:root:Last commanded torques from controller: [0.0, 0.0, 0.0, 0.0, 0.0, 0.0, 0.0]
INFO:root:Measured link-side joint torques: [-0.2323, -37.1181, 0.8167, 12.1325, 0.6007, 1.7852, 0.327]
INFO:root:Last commanded torques from controller: [0.0, 0.0, 0.0, 0.0, 0.0, 0.0, 0.0]
INFO:root:Measured link-side joint torques: [-0.2045, -37.0943, 0.8405, 12.1841, 0.6007, 1.7916, 0.3609]
INFO:root:Last commanded torques from controller: [0.0, 0.0, 0.0, 0.0, 0.0, 0.0, 0.0]
INFO:root:Measured link-side joint torques: [-0.2045, -37.1181, 0.8405, 12.1087, 0.6007, 1.7651, 0.2995]
INFO:root:Last commanded torques from controller: [0.0, 0.0, 0.0, 0.0, 0.0, 0.0, 0.0]
INFO:root:Measured link-side joint torques: [-0.2045, -37.1181, 0.8405, 12.1087, 0.6007, 1.7651, 0.2995]
INFO:root:Last commanded torques from controller: [0.0, 0.0, 0.0, 0.0, 0.0, 0.0, 0.0]
INFO:root:Measured link-side joint torques: [-0.1807, -37.1458, 0.8921, 12.1087, 0.5943, 1.7779, 0.4222]
INFO:root:Last commanded torques from controller: [0.0, 0.0, 0.0, 0.0, 0.0, 0.0, 0.0]
INFO:root:Measured link-side joint torques: [-0.2045, -37.1696, 0.8405, 12.0849, 0.6071, 1.7852, 0.3673]
INFO:root:Last commanded torques from controller: [0.0, 0.0, 0.0, 0.0, 0.0, 0.0, 0.0]
INFO:root:Measured link-side joint torques: [-0.2045, -37.1934, 0.8643, 12.0849, 0.5943, 1.7852, 0.4149]
INFO:root:Last commanded torques from controller: [0.0, 0.0, 0.0, 0.0, 0.0, 0.0, 0.0]
INFO:root:Measured link-side joint torques: [-0.2323, -37.1934, 0.8405, 12.0849, 0.5943, 1.7852, 0.3609]
INFO:root:Last commanded torques from controller: [0.0, 0.0, 0.0, 0.0, 0.0, 0.0, 0.0]
INFO:root:Measured link-side joint torques: [-0.2323, -37.1934, 0.8405, 12.0849, 0.5943, 1.7852, 0.3609]
INFO:root:Last commanded torques from controller: [0.0, 0.0, 0.0, 0.0, 0.0, 0.0, 0.0]
INFO:root:Measured link-side joint torques: [-0.2323, -37.1934, 0.8643, 12.0611, 0.5943, 1.7779, 0.3535]
INFO:root:Last commanded torques from controller: [0.0, 0.0, 0.0, 0.0, 0.0, 0.0, 0.0]
INFO:root:Measured link-side joint torques: [-0.2323, -37.1458, 0.8643, 12.1087, 0.5879, 1.7715, 0.381]
INFO:root:Last commanded torques from controller: [0.0, 0.0, 0.0, 0.0, 0.0, 0.0, 0.0]
INFO:root:Measured link-side joint torques: [-0.2323, -37.1934, 0.8921, 12.1563, 0.6071, 1.7779, 0.3535]
INFO:root:Last commanded torques from controller: [0.0, 0.0, 0.0, 0.0, 0.0, 0.0, 0.0]
INFO:root:Measured link-side joint torques: [-0.2323, -37.1934, 0.8405, 12.1563, 0.6071, 1.798, 0.3407]
INFO:root:Last commanded torques from controller: [0.0, 0.0, 0.0, 0.0, 0.0, 0.0, 0.0]
INFO:root:Measured link-side joint torques: [-0.2323, -37.1934, 0.8405, 12.1563, 0.6071, 1.798, 0.3407]
INFO:root:Last commanded torques from controller: [0.0, 0.0, 0.0, 0.0, 0.0, 0.0, 0.0]
INFO:root:Measured link-side joint torques: [-0.2045, -37.2212, 0.8643, 12.1325, 0.5943, 1.798, 0.4222]
INFO:root:Last commanded torques from controller: [0.0, 0.0, 0.0, 0.0, 0.0, 0.0, 0.0]
INFO:root:Measured link-side joint torques: [-0.2323, -37.2212, 0.8405, 12.1087, 0.6071, 1.7779, 0.3673]
INFO:root:Last commanded torques from controller: [0.0, 0.0, 0.0, 0.0, 0.0, 0.0, 0.0]
INFO:root:Measured link-side joint torques: [-0.2323, -37.245, 0.8405, 12.1325, 0.6071, 1.7779, 0.3535]
INFO:root:Last commanded torques from controller: [0.0, 0.0, 0.0, 0.0, 0.0, 0.0, 0.0]
INFO:root:Measured link-side joint torques: [-0.2799, -37.245, 0.8167, 12.1325, 0.6071, 1.7514, 0.3059]
INFO:root:Last commanded torques from controller: [0.0, 0.0, 0.0, 0.0, 0.0, 0.0, 0.0]
INFO:root:Measured link-side joint torques: [-0.2799, -37.245, 0.8167, 12.1325, 0.6071, 1.7514, 0.3059]
INFO:root:Last commanded torques from controller: [0.0, 0.0, 0.0, 0.0, 0.0, 0.0, 0.0]
INFO:root:Measured link-side joint torques: [-0.2799, -37.2212, 0.8405, 12.1325, 0.6136, 1.7449, 0.381]
INFO:root:Last commanded torques from controller: [0.0, 0.0, 0.0, 0.0, 0.0, 0.0, 0.0]
INFO:root:Measured link-side joint torques: [-0.2561, -37.1934, 0.8405, 12.1563, 0.5943, 1.7779, 0.3609]
INFO:root:Last commanded torques from controller: [0.0, 0.0, 0.0, 0.0, 0.0, 0.0, 0.0]
INFO:root:Measured link-side joint torques: [-0.2561, -37.245, 0.8405, 12.1325, 0.6071, 1.7715, 0.3947]
INFO:root:Last commanded torques from controller: [0.0, 0.0, 0.0, 0.0, 0.0, 0.0, 0.0]
INFO:root:Measured link-side joint torques: [-0.2561, -37.2212, 0.8167, 12.1087, 0.5943, 1.7578, 0.4222]
INFO:root:Last commanded torques from controller: [0.0, 0.0, 0.0, 0.0, 0.0, 0.0, 0.0]
INFO:root:Measured link-side joint torques: [-0.2561, -37.2212, 0.8167, 12.1087, 0.5943, 1.7578, 0.4222]
INFO:root:Last commanded torques from controller: [0.0, 0.0, 0.0, 0.0, 0.0, 0.0, 0.0]
INFO:root:Measured link-side joint torques: [-0.2045, -37.2212, 0.8643, 12.1087, 0.6071, 1.7449, 0.3673]
INFO:root:Last commanded torques from controller: [0.0, 0.0, 0.0, 0.0, 0.0, 0.0, 0.0]
INFO:root:Measured link-side joint torques: [-0.2323, -37.2212, 0.8167, 12.0849, 0.6007, 1.7376, 0.3535]
INFO:root:Last commanded torques from controller: [0.0, 0.0, 0.0, 0.0, 0.0, 0.0, 0.0]
INFO:root:Measured link-side joint torques: [-0.2045, -37.1696, 0.9159, 12.0849, 0.6071, 1.7852, 0.3133]
INFO:root:Last commanded torques from controller: [0.0, 0.0, 0.0, 0.0, 0.0, 0.0, 0.0]
INFO:root:Measured link-side joint torques: [-0.2045, -37.1934, 0.8643, 12.0611, 0.6007, 1.7916, 0.3133]
INFO:root:Last commanded torques from controller: [0.0, 0.0, 0.0, 0.0, 0.0, 0.0, 0.0]
INFO:root:Measured link-side joint torques: [-0.2045, -37.1934, 0.8643, 12.0611, 0.6007, 1.7916, 0.3133]
INFO:root:Last commanded torques from controller: [0.0, 0.0, 0.0, 0.0, 0.0, 0.0, 0.0]
INFO:root:Measured link-side joint torques: [-0.2323, -37.1181, 0.8921, 12.0333, 0.5943, 1.7715, 0.381]
INFO:root:Last commanded torques from controller: [0.0, 0.0, 0.0, 0.0, 0.0, 0.0, 0.0]
INFO:root:Measured link-side joint torques: [-0.1807, -37.1458, 0.8921, 12.0095, 0.5806, 1.7578, 0.327]
INFO:root:Last commanded torques from controller: [0.0, 0.0, 0.0, 0.0, 0.0, 0.0, 0.0]
INFO:root:Measured link-side joint torques: [-0.1807, -37.1696, 0.8921, 12.0333, 0.6007, 1.7779, 0.4286]
INFO:root:Last commanded torques from controller: [0.0, 0.0, 0.0, 0.0, 0.0, 0.0, 0.0]
INFO:root:Measured link-side joint torques: [-0.1569, -37.1696, 0.8405, 11.9857, 0.6136, 1.7651, 0.3535]
INFO:root:Last commanded torques from controller: [0.0, 0.0, 0.0, 0.0, 0.0, 0.0, 0.0]
INFO:root:Measured link-side joint torques: [-0.1569, -37.1696, 0.8405, 11.9857, 0.6136, 1.7651, 0.3535]
INFO:root:Last commanded torques from controller: [0.0, 0.0, 0.0, 0.0, 0.0, 0.0, 0.0]
INFO:root:Measured link-side joint torques: [-0.2323, -37.1458, 0.8643, 12.0333, 0.5806, 1.7916, 0.3746]
INFO:root:Last commanded torques from controller: [0.0, 0.0, 0.0, 0.0, 0.0, 0.0, 0.0]
INFO:root:Measured link-side joint torques: [-0.2045, -37.1458, 0.9159, 12.0095, 0.6071, 1.7852, 0.2995]
INFO:root:Last commanded torques from controller: [0.0, 0.0, 0.0, 0.0, 0.0, 0.0, 0.0]
INFO:root:Measured link-side joint torques: [-0.1807, -37.1458, 0.8921, 12.0611, 0.5943, 1.7715, 0.3673]
INFO:root:Last commanded torques from controller: [0.0, 0.0, 0.0, 0.0, 0.0, 0.0, 0.0]
INFO:root:Measured link-side joint torques: [-0.1807, -37.1458, 0.8643, 12.0333, 0.6007, 1.7779, 0.3133]
INFO:root:Last commanded torques from controller: [0.0, 0.0, 0.0, 0.0, 0.0, 0.0, 0.0]
INFO:root:Measured link-side joint torques: [-0.1807, -37.1458, 0.8643, 12.0333, 0.6007, 1.7779, 0.3133]
INFO:root:Last commanded torques from controller: [0.0, 0.0, 0.0, 0.0, 0.0, 0.0, 0.0]
INFO:root:Measured link-side joint torques: [-0.1807, -37.1696, 0.8921, 12.0333, 0.6007, 1.7779, 0.435]
INFO:root:Last commanded torques from controller: [0.0, 0.0, 0.0, 0.0, 0.0, 0.0, 0.0]
INFO:root:Measured link-side joint torques: [-0.1807, -37.1696, 0.8643, 12.0611, 0.6007, 1.7578, 0.3535]
INFO:root:Last commanded torques from controller: [0.0, 0.0, 0.0, 0.0, 0.0, 0.0, 0.0]
INFO:root:Measured link-side joint torques: [-0.1569, -37.1696, 0.8643, 12.0611, 0.6007, 1.7578, 0.4149]
INFO:root:Last commanded torques from controller: [0.0, 0.0, 0.0, 0.0, 0.0, 0.0, 0.0]
INFO:root:Measured link-side joint torques: [-0.1569, -37.1458, 0.8405, 12.0611, 0.6071, 1.7715, 0.3133]
INFO:root:Last commanded torques from controller: [0.0, 0.0, 0.0, 0.0, 0.0, 0.0, 0.0]
INFO:root:Measured link-side joint torques: [-0.1569, -37.1458, 0.8405, 12.0611, 0.6071, 1.7715, 0.3133]
INFO:root:Last commanded torques from controller: [0.0, 0.0, 0.0, 0.0, 0.0, 0.0, 0.0]
INFO:root:Measured link-side joint torques: [-0.1807, -37.1696, 0.8921, 12.0611, 0.6007, 1.8054, 0.4011]
INFO:root:Last commanded torques from controller: [0.0, 0.0, 0.0, 0.0, 0.0, 0.0, 0.0]
INFO:root:Measured link-side joint torques: [-0.2323, -37.1458, 0.8643, 11.9857, 0.6071, 1.7916, 0.3197]
INFO:root:Last commanded torques from controller: [0.0, 0.0, 0.0, 0.0, 0.0, 0.0, 0.0]
INFO:root:Measured link-side joint torques: [-0.2045, -37.1458, 0.8643, 12.0611, 0.6071, 1.7514, 0.381]
INFO:root:Last commanded torques from controller: [0.0, 0.0, 0.0, 0.0, 0.0, 0.0, 0.0]
INFO:root:Measured link-side joint torques: [-0.2045, -37.1458, 0.8643, 12.0095, 0.6007, 1.7449, 0.4085]
INFO:root:Last commanded torques from controller: [0.0, 0.0, 0.0, 0.0, 0.0, 0.0, 0.0]
INFO:root:Measured link-side joint torques: [-0.2045, -37.1458, 0.8643, 12.0095, 0.6007, 1.7449, 0.4085]
INFO:root:Last commanded torques from controller: [0.0, 0.0, 0.0, 0.0, 0.0, 0.0, 0.0]
INFO:root:Measured link-side joint torques: [-0.2323, -37.1934, 0.8643, 12.0095, 0.6071, 1.7651, 0.3133]
INFO:root:Last commanded torques from controller: [0.0, 0.0, 0.0, 0.0, 0.0, 0.0, 0.0]
INFO:root:Measured link-side joint torques: [-0.2323, -37.1181, 0.8643, 12.0095, 0.6007, 1.7578, 0.3535]
INFO:root:Last commanded torques from controller: [0.0, 0.0, 0.0, 0.0, 0.0, 0.0, 0.0]
INFO:root:Measured link-side joint torques: [-0.2323, -37.1181, 0.8643, 11.9619, 0.5943, 1.7715, 0.3407]
INFO:root:Last commanded torques from controller: [0.0, 0.0, 0.0, 0.0, 0.0, 0.0, 0.0]
INFO:root:Measured link-side joint torques: [-0.2323, -37.1181, 0.8643, 11.9103, 0.6071, 1.7916, 0.3133]
INFO:root:Last commanded torques from controller: [0.0, 0.0, 0.0, 0.0, 0.0, 0.0, 0.0]
INFO:root:Measured link-side joint torques: [-0.2323, -37.1181, 0.8643, 11.9103, 0.6071, 1.7916, 0.3133]
INFO:root:Last commanded torques from controller: [0.0, 0.0, 0.0, 0.0, 0.0, 0.0, 0.0]
INFO:root:Measured link-side joint torques: [-0.1807, -37.1458, 0.9397, 11.9103, 0.6071, 1.7715, 0.3673]
INFO:root:Last commanded torques from controller: [0.0, 0.0, 0.0, 0.0, 0.0, 0.0, 0.0]
INFO:root:Measured link-side joint torques: [-0.2045, -37.1458, 0.8921, 11.9103, 0.6007, 1.7449, 0.3407]
INFO:root:Last commanded torques from controller: [0.0, 0.0, 0.0, 0.0, 0.0, 0.0, 0.0]
INFO:root:Measured link-side joint torques: [-0.2323, -37.1181, 0.9159, 11.9103, 0.6007, 1.7449, 0.4423]
INFO:root:Last commanded torques from controller: [0.0, 0.0, 0.0, 0.0, 0.0, 0.0, 0.0]
INFO:root:Measured link-side joint torques: [-0.1807, -37.1181, 0.8921, 11.9103, 0.6007, 1.7312, 0.4286]
INFO:root:Last commanded torques from controller: [0.0, 0.0, 0.0, 0.0, 0.0, 0.0, 0.0]
INFO:root:Measured link-side joint torques: [-0.1807, -37.1181, 0.8921, 11.9103, 0.6007, 1.7312, 0.4286]
INFO:root:Last commanded torques from controller: [0.0, 0.0, 0.0, 0.0, 0.0, 0.0, 0.0]
INFO:root:Measured link-side joint torques: [-0.2323, -37.1181, 0.9159, 11.9103, 0.6071, 1.7514, 0.3197]
INFO:root:Last commanded torques from controller: [0.0, 0.0, 0.0, 0.0, 0.0, 0.0, 0.0]
INFO:root:Measured link-side joint torques: [-0.2323, -37.0943, 0.9159, 11.8389, 0.6071, 1.7651, 0.3197]
INFO:root:Last commanded torques from controller: [0.0, 0.0, 0.0, 0.0, 0.0, 0.0, 0.0]
INFO:root:Measured link-side joint torques: [-0.2045, -37.0705, 0.8921, 11.8389, 0.6071, 1.7651, 0.3609]
INFO:root:Last commanded torques from controller: [0.0, 0.0, 0.0, 0.0, 0.0, 0.0, 0.0]
INFO:root:Measured link-side joint torques: [-0.2045, -37.1181, 0.9159, 11.8112, 0.6071, 1.7651, 0.3407]
INFO:root:Last commanded torques from controller: [0.0, 0.0, 0.0, 0.0, 0.0, 0.0, 0.0]
INFO:root:Measured link-side joint torques: [-0.2045, -37.1181, 0.9159, 11.8112, 0.6071, 1.7651, 0.3407]
INFO:root:Last commanded torques from controller: [0.0, 0.0, 0.0, 0.0, 0.0, 0.0, 0.0]
INFO:root:Measured link-side joint torques: [-0.1807, -37.0467, 0.8405, 11.7874, 0.6136, 1.7578, 0.3535]
INFO:root:Last commanded torques from controller: [0.0, 0.0, 0.0, 0.0, 0.0, 0.0, 0.0]
INFO:root:Measured link-side joint torques: [-0.2045, -37.0467, 0.8921, 11.8112, 0.6071, 1.7248, 0.3334]
INFO:root:Last commanded torques from controller: [0.0, 0.0, 0.0, 0.0, 0.0, 0.0, 0.0]
INFO:root:Measured link-side joint torques: [-0.2045, -37.0467, 0.8643, 11.8112, 0.5943, 1.7175, 0.4085]
INFO:root:Last commanded torques from controller: [0.0, 0.0, 0.0, 0.0, 0.0, 0.0, 0.0]
INFO:root:Measured link-side joint torques: [-0.2045, -37.0467, 0.8643, 11.8112, 0.6136, 1.7312, 0.3407]
INFO:root:Last commanded torques from controller: [0.0, 0.0, 0.0, 0.0, 0.0, 0.0, 0.0]
INFO:root:Measured link-side joint torques: [-0.2045, -37.0467, 0.8643, 11.8112, 0.6136, 1.7312, 0.3407]
INFO:root:Last commanded torques from controller: [0.0, 0.0, 0.0, 0.0, 0.0, 0.0, 0.0]
INFO:root:Measured link-side joint torques: [-0.2323, -37.0189, 0.8405, 11.8112, 0.6007, 1.7376, 0.3609]
INFO:root:Last commanded torques from controller: [0.0, 0.0, 0.0, 0.0, 0.0, 0.0, 0.0]
INFO:root:Measured link-side joint torques: [-0.2561, -36.9951, 0.8643, 11.8389, 0.6071, 1.7852, 0.3874]
INFO:root:Last commanded torques from controller: [0.0, 0.0, 0.0, 0.0, 0.0, 0.0, 0.0]
INFO:root:Measured link-side joint torques: [-0.2323, -36.9435, 0.8405, 11.8389, 0.6136, 1.7715, 0.3609]
INFO:root:Last commanded torques from controller: [0.0, 0.0, 0.0, 0.0, 0.0, 0.0, 0.0]
INFO:root:Measured link-side joint torques: [-0.2323, -36.9713, 0.8643, 11.8389, 0.5943, 1.7578, 0.4011]
INFO:root:Last commanded torques from controller: [0.0, 0.0, 0.0, 0.0, 0.0, 0.0, 0.0]
INFO:root:Measured link-side joint torques: [-0.2323, -36.9713, 0.8643, 11.8389, 0.5943, 1.7578, 0.4011]
INFO:root:Last commanded torques from controller: [0.0, 0.0, 0.0, 0.0, 0.0, 0.0, 0.0]
INFO:root:Measured link-side joint torques: [-0.2561, -36.9197, 0.8167, 11.8627, 0.5742, 1.7376, 0.4222]
INFO:root:Last commanded torques from controller: [0.0, 0.0, 0.0, 0.0, 0.0, 0.0, 0.0]
INFO:root:Measured link-side joint torques: [-0.2323, -36.9435, 0.8167, 11.8627, 0.6136, 1.7248, 0.3535]
INFO:root:Last commanded torques from controller: [0.0, 0.0, 0.0, 0.0, 0.0, 0.0, 0.0]
INFO:root:Measured link-side joint torques: [-0.2045, -36.8959, 0.8405, 11.8627, 0.6071, 1.7175, 0.3407]
INFO:root:Last commanded torques from controller: [0.0, 0.0, 0.0, 0.0, 0.0, 0.0, 0.0]
INFO:root:Measured link-side joint torques: [-0.2045, -36.9435, 0.8405, 11.8389, 0.6071, 1.7578, 0.3471]
INFO:root:Last commanded torques from controller: [0.0, 0.0, 0.0, 0.0, 0.0, 0.0, 0.0]
INFO:root:Measured link-side joint torques: [-0.2045, -36.9435, 0.8405, 11.8389, 0.6071, 1.7578, 0.3471]
INFO:root:Last commanded torques from controller: [0.0, 0.0, 0.0, 0.0, 0.0, 0.0, 0.0]
INFO:root:Measured link-side joint torques: [-0.2045, -36.8959, 0.8921, 11.8627, 0.6071, 1.7779, 0.3874]
INFO:root:Last commanded torques from controller: [0.0, 0.0, 0.0, 0.0, 0.0, 0.0, 0.0]
INFO:root:Measured link-side joint torques: [-0.1569, -36.8443, 0.8921, 11.7874, 0.6071, 1.7578, 0.381]
INFO:root:Last commanded torques from controller: [0.0, 0.0, 0.0, 0.0, 0.0, 0.0, 0.0]
INFO:root:Measured link-side joint torques: [-0.2323, -36.8959, 0.8921, 11.8112, 0.6071, 1.7578, 0.381]
INFO:root:Last commanded torques from controller: [0.0, 0.0, 0.0, 0.0, 0.0, 0.0, 0.0]
INFO:root:Measured link-side joint torques: [-0.1807, -36.8959, 0.8405, 11.8389, 0.6007, 1.7578, 0.381]
INFO:root:Last commanded torques from controller: [0.0, 0.0, 0.0, 0.0, 0.0, 0.0, 0.0]
INFO:root:Measured link-side joint torques: [-0.1807, -36.8959, 0.8405, 11.8389, 0.6007, 1.7578, 0.381]
INFO:root:Last commanded torques from controller: [0.0, 0.0, 0.0, 0.0, 0.0, 0.0, 0.0]
INFO:root:Measured link-side joint torques: [-0.1807, -36.8681, 0.8167, 11.7874, 0.6071, 1.7376, 0.381]
INFO:root:Last commanded torques from controller: [0.0, 0.0, 0.0, 0.0, 0.0, 0.0, 0.0]
INFO:root:Measured link-side joint torques: [-0.1807, -36.8443, 0.8921, 11.7874, 0.6136, 1.7514, 0.4222]
INFO:root:Last commanded torques from controller: [0.0, 0.0, 0.0, 0.0, 0.0, 0.0, 0.0]
INFO:root:Measured link-side joint torques: [-0.2323, -36.8681, 0.8643, 11.8112, 0.6007, 1.7651, 0.3407]
INFO:root:Last commanded torques from controller: [0.0, 0.0, 0.0, 0.0, 0.0, 0.0, 0.0]
INFO:root:Measured link-side joint torques: [-0.2045, -36.8205, 0.8643, 11.7874, 0.6071, 1.7578, 0.3947]
INFO:root:Last commanded torques from controller: [0.0, 0.0, 0.0, 0.0, 0.0, 0.0, 0.0]
INFO:root:Measured link-side joint torques: [-0.2045, -36.8205, 0.8643, 11.7874, 0.6071, 1.7578, 0.3947]
INFO:root:Last commanded torques from controller: [0.0, 0.0, 0.0, 0.0, 0.0, 0.0, 0.0]
INFO:root:Measured link-side joint torques: [-0.2323, -36.7967, 0.8643, 11.7635, 0.6007, 1.7514, 0.3874]
INFO:root:Last commanded torques from controller: [0.0, 0.0, 0.0, 0.0, 0.0, 0.0, 0.0]
INFO:root:Measured link-side joint torques: [-0.2045, -36.7967, 0.8643, 11.7397, 0.6007, 1.7651, 0.327]
INFO:root:Last commanded torques from controller: [0.0, 0.0, 0.0, 0.0, 0.0, 0.0, 0.0]
INFO:root:Measured link-side joint torques: [-0.2045, -36.8205, 0.8643, 11.8112, 0.6209, 1.7651, 0.3535]
INFO:root:Last commanded torques from controller: [0.0, 0.0, 0.0, 0.0, 0.0, 0.0, 0.0]
INFO:root:Measured link-side joint torques: [-0.2045, -36.8205, 0.8405, 11.8389, 0.6007, 1.7578, 0.381]
INFO:root:Last commanded torques from controller: [0.0, 0.0, 0.0, 0.0, 0.0, 0.0, 0.0]
INFO:root:Measured link-side joint torques: [-0.2045, -36.8205, 0.8405, 11.8389, 0.6007, 1.7578, 0.381]
INFO:root:Last commanded torques from controller: [0.0, 0.0, 0.0, 0.0, 0.0, 0.0, 0.0]
INFO:root:Measured link-side joint torques: [-0.2323, -36.8205, 0.8405, 11.8389, 0.6136, 1.7312, 0.3471]
INFO:root:Last commanded torques from controller: [0.0, 0.0, 0.0, 0.0, 0.0, 0.0, 0.0]
INFO:root:Measured link-side joint torques: [-0.2045, -36.8443, 0.8405, 11.8112, 0.6209, 1.7449, 0.3673]
INFO:root:Last commanded torques from controller: [0.0, 0.0, 0.0, 0.0, 0.0, 0.0, 0.0]
INFO:root:Measured link-side joint torques: [-0.2045, -36.8443, 0.8405, 11.8865, 0.6209, 1.7514, 0.381]
INFO:root:Last commanded torques from controller: [0.0, 0.0, 0.0, 0.0, 0.0, 0.0, 0.0]
INFO:root:Measured link-side joint torques: [-0.2323, -36.8205, 0.8167, 11.8865, 0.6071, 1.7578, 0.4222]
INFO:root:Last commanded torques from controller: [0.0, 0.0, 0.0, 0.0, 0.0, 0.0, 0.0]
INFO:root:Measured link-side joint torques: [-0.2323, -36.8205, 0.8167, 11.8865, 0.6071, 1.7578, 0.4222]
INFO:root:Last commanded torques from controller: [0.0, 0.0, 0.0, 0.0, 0.0, 0.0, 0.0]
INFO:root:Measured link-side joint torques: [-0.2323, -36.8681, 0.8405, 11.8389, 0.6209, 1.7779, 0.3407]
INFO:root:Last commanded torques from controller: [0.0, 0.0, 0.0, 0.0, 0.0, 0.0, 0.0]
INFO:root:Measured link-side joint torques: [-0.2561, -36.8443, 0.8405, 11.8865, 0.6209, 1.7852, 0.3535]
INFO:root:Last commanded torques from controller: [0.0, 0.0, 0.0, 0.0, 0.0, 0.0, 0.0]
INFO:root:Measured link-side joint torques: [-0.2323, -36.7967, 0.8167, 11.8865, 0.6136, 1.7779, 0.2931]
INFO:root:Last commanded torques from controller: [0.0, 0.0, 0.0, 0.0, 0.0, 0.0, 0.0]
INFO:root:Measured link-side joint torques: [-0.2561, -36.7967, 0.7929, 11.7874, 0.6071, 1.7779, 0.3535]
INFO:root:Last commanded torques from controller: [0.0, 0.0, 0.0, 0.0, 0.0, 0.0, 0.0]
INFO:root:Measured link-side joint torques: [-0.2561, -36.7967, 0.7929, 11.7874, 0.6071, 1.7779, 0.3535]
INFO:root:Last commanded torques from controller: [0.0, 0.0, 0.0, 0.0, 0.0, 0.0, 0.0]
INFO:root:Measured link-side joint torques: [-0.2323, -36.8681, 0.8643, 11.7874, 0.6136, 1.7779, 0.3609]
INFO:root:Last commanded torques from controller: [0.0, 0.0, 0.0, 0.0, 0.0, 0.0, 0.0]
INFO:root:Measured link-side joint torques: [-0.2045, -36.8205, 0.8167, 11.8389, 0.6136, 1.7651, 0.3133]
INFO:root:Last commanded torques from controller: [0.0, 0.0, 0.0, 0.0, 0.0, 0.0, 0.0]
INFO:root:Measured link-side joint torques: [-0.2045, -36.8681, 0.8643, 11.7874, 0.6136, 1.7715, 0.3673]
INFO:root:Last commanded torques from controller: [0.0, 0.0, 0.0, 0.0, 0.0, 0.0, 0.0]
INFO:root:Measured link-side joint torques: [-0.2561, -36.8443, 0.8643, 11.8112, 0.6136, 1.8054, 0.381]
INFO:root:Last commanded torques from controller: [0.0, 0.0, 0.0, 0.0, 0.0, 0.0, 0.0]
INFO:root:Measured link-side joint torques: [-0.2561, -36.8443, 0.8643, 11.8112, 0.6136, 1.8054, 0.381]
INFO:root:Last commanded torques from controller: [0.0, 0.0, 0.0, 0.0, 0.0, 0.0, 0.0]
INFO:root:Measured link-side joint torques: [-0.3037, -36.8959, 0.8643, 11.7874, 0.6209, 1.7852, 0.3197]
INFO:root:Last commanded torques from controller: [0.0, 0.0, 0.0, 0.0, 0.0, 0.0, 0.0]
INFO:root:Measured link-side joint torques: [-0.2799, -36.8959, 0.8405, 11.8389, 0.6273, 1.7651, 0.3535]
INFO:root:Last commanded torques from controller: [0.0, 0.0, 0.0, 0.0, 0.0, 0.0, 0.0]
INFO:root:Measured link-side joint torques: [-0.2045, -36.8681, 0.8405, 11.8112, 0.6071, 1.7376, 0.3133]
INFO:root:Last commanded torques from controller: [0.0, 0.0, 0.0, 0.0, 0.0, 0.0, 0.0]
INFO:root:Measured link-side joint torques: [-0.2045, -36.8959, 0.7929, 11.7874, 0.6071, 1.7376, 0.381]
INFO:root:Last commanded torques from controller: [0.0, 0.0, 0.0, 0.0, 0.0, 0.0, 0.0]
INFO:root:Measured link-side joint torques: [-0.2045, -36.8959, 0.7929, 11.7874, 0.6071, 1.7376, 0.381]
INFO:root:Last commanded torques from controller: [0.0, 0.0, 0.0, 0.0, 0.0, 0.0, 0.0]
INFO:root:Measured link-side joint torques: [-0.2561, -36.8959, 0.8921, 11.7874, 0.6136, 1.7779, 0.381]
INFO:root:Last commanded torques from controller: [0.0, 0.0, 0.0, 0.0, 0.0, 0.0, 0.0]
INFO:root:Measured link-side joint torques: [-0.2323, -36.9197, 0.8167, 11.8112, 0.6209, 1.7916, 0.2995]
INFO:root:Last commanded torques from controller: [0.0, 0.0, 0.0, 0.0, 0.0, 0.0, 0.0]
INFO:root:Measured link-side joint torques: [-0.2323, -36.9197, 0.8643, 11.8112, 0.6071, 1.7779, 0.4085]
INFO:root:Last commanded torques from controller: [0.0, 0.0, 0.0, 0.0, 0.0, 0.0, 0.0]
INFO:root:Measured link-side joint torques: [-0.2561, -36.8443, 0.8921, 11.8389, 0.6071, 1.7578, 0.3407]
INFO:root:Last commanded torques from controller: [0.0, 0.0, 0.0, 0.0, 0.0, 0.0, 0.0]
INFO:root:Measured link-side joint torques: [-0.2561, -36.8443, 0.8921, 11.8389, 0.6071, 1.7578, 0.3407]
INFO:root:Last commanded torques from controller: [0.0, 0.0, 0.0, 0.0, 0.0, 0.0, 0.0]
INFO:root:Measured link-side joint torques: [-0.2561, -36.8959, 0.8405, 11.8389, 0.6071, 1.7578, 0.3334]
INFO:root:Last commanded torques from controller: [0.0, 0.0, 0.0, 0.0, 0.0, 0.0, 0.0]
INFO:root:Measured link-side joint torques: [-0.2323, -36.8681, 0.8167, 11.7874, 0.6071, 1.7578, 0.3407]
INFO:root:Last commanded torques from controller: [0.0, 0.0, 0.0, 0.0, 0.0, 0.0, 0.0]
INFO:root:Measured link-side joint torques: [-0.2323, -36.9713, 0.8405, 11.7397, 0.6273, 1.7449, 0.3947]
INFO:root:Last commanded torques from controller: [0.0, 0.0, 0.0, 0.0, 0.0, 0.0, 0.0]
INFO:root:Measured link-side joint torques: [-0.2561, -36.8681, 0.8167, 11.8112, 0.6071, 1.7651, 0.3874]
INFO:root:Last commanded torques from controller: [0.0, 0.0, 0.0, 0.0, 0.0, 0.0, 0.0]
INFO:root:Measured link-side joint torques: [-0.2561, -36.8681, 0.8167, 11.8112, 0.6071, 1.7651, 0.3874]
INFO:root:Last commanded torques from controller: [0.0, 0.0, 0.0, 0.0, 0.0, 0.0, 0.0]
INFO:root:Measured link-side joint torques: [-0.2323, -36.9197, 0.8921, 11.7635, 0.6071, 1.798, 0.3407]
INFO:root:Last commanded torques from controller: [0.0, 0.0, 0.0, 0.0, 0.0, 0.0, 0.0]
INFO:root:Measured link-side joint torques: [-0.2323, -36.8681, 0.8921, 11.7635, 0.6071, 1.7779, 0.3535]
INFO:root:Last commanded torques from controller: [0.0, 0.0, 0.0, 0.0, 0.0, 0.0, 0.0]
INFO:root:Measured link-side joint torques: [-0.2323, -36.8681, 0.8405, 11.8112, 0.6071, 1.7715, 0.4085]
INFO:root:Last commanded torques from controller: [0.0, 0.0, 0.0, 0.0, 0.0, 0.0, 0.0]
INFO:root:Measured link-side joint torques: [-0.2323, -36.8681, 0.8167, 11.8627, 0.6209, 1.7715, 0.2995]
INFO:root:Last commanded torques from controller: [0.0, 0.0, 0.0, 0.0, 0.0, 0.0, 0.0]
INFO:root:Measured link-side joint torques: [-0.2323, -36.8681, 0.8167, 11.8627, 0.6209, 1.7715, 0.2995]
INFO:root:Last commanded torques from controller: [0.0, 0.0, 0.0, 0.0, 0.0, 0.0, 0.0]
INFO:root:Measured link-side joint torques: [-0.1807, -36.8681, 0.8643, 11.9103, 0.6209, 1.7514, 0.381]
INFO:root:Last commanded torques from controller: [0.0, 0.0, 0.0, 0.0, 0.0, 0.0, 0.0]
INFO:root:Measured link-side joint torques: [-0.2045, -36.8959, 0.8405, 11.9103, 0.6209, 1.7715, 0.3947]
INFO:root:Last commanded torques from controller: [0.0, 0.0, 0.0, 0.0, 0.0, 0.0, 0.0]
INFO:root:Measured link-side joint torques: [-0.2561, -36.8959, 0.8643, 11.8865, 0.6209, 1.7916, 0.4423]
INFO:root:Last commanded torques from controller: [0.0, 0.0, 0.0, 0.0, 0.0, 0.0, 0.0]
INFO:root:Measured link-side joint torques: [-0.2323, -36.9197, 0.8643, 11.9103, 0.6273, 1.798, 0.3609]
INFO:root:Last commanded torques from controller: [0.0, 0.0, 0.0, 0.0, 0.0, 0.0, 0.0]
INFO:root:Measured link-side joint torques: [-0.2323, -36.9197, 0.8643, 11.9103, 0.6273, 1.798, 0.3609]
INFO:root:Last commanded torques from controller: [0.0, 0.0, 0.0, 0.0, 0.0, 0.0, 0.0]
INFO:root:Measured link-side joint torques: [-0.2045, -36.9197, 0.8405, 11.9103, 0.6209, 1.7852, 0.3535]
INFO:root:Last commanded torques from controller: [0.0, 0.0, 0.0, 0.0, 0.0, 0.0, 0.0]
INFO:root:Measured link-side joint torques: [-0.2561, -36.9197, 0.8643, 11.9103, 0.6136, 1.7852, 0.4286]
INFO:root:Last commanded torques from controller: [0.0, 0.0, 0.0, 0.0, 0.0, 0.0, 0.0]
INFO:root:Measured link-side joint torques: [-0.1807, -36.9435, 0.8405, 11.8865, 0.6209, 1.7916, 0.3471]
INFO:root:Last commanded torques from controller: [0.0, 0.0, 0.0, 0.0, 0.0, 0.0, 0.0]
INFO:root:Measured link-side joint torques: [-0.2323, -36.9713, 0.8643, 11.8865, 0.6209, 1.7651, 0.3535]
INFO:root:Last commanded torques from controller: [0.0, 0.0, 0.0, 0.0, 0.0, 0.0, 0.0]
INFO:root:Measured link-side joint torques: [-0.2323, -36.9713, 0.8643, 11.8865, 0.6209, 1.7651, 0.3535]
INFO:root:Last commanded torques from controller: [0.0, 0.0, 0.0, 0.0, 0.0, 0.0, 0.0]
INFO:root:Measured link-side joint torques: [-0.2045, -36.9713, 0.8643, 11.8627, 0.6273, 1.7578, 0.3874]
INFO:root:Last commanded torques from controller: [0.0, 0.0, 0.0, 0.0, 0.0, 0.0, 0.0]
INFO:root:Measured link-side joint torques: [-0.2045, -36.9435, 0.8643, 11.9341, 0.6209, 1.7852, 0.327]
INFO:root:Last commanded torques from controller: [0.0, 0.0, 0.0, 0.0, 0.0, 0.0, 0.0]
INFO:root:Measured link-side joint torques: [-0.2323, -36.9435, 0.8643, 11.9341, 0.6209, 1.8054, 0.4085]
INFO:root:Last commanded torques from controller: [0.0, 0.0, 0.0, 0.0, 0.0, 0.0, 0.0]
INFO:root:Measured link-side joint torques: [-0.1807, -36.9197, 0.8643, 11.9103, 0.6209, 1.798, 0.3535]
INFO:root:Last commanded torques from controller: [0.0, 0.0, 0.0, 0.0, 0.0, 0.0, 0.0]
INFO:root:Measured link-side joint torques: [-0.1807, -36.9197, 0.8643, 11.9103, 0.6209, 1.798, 0.3535]
INFO:root:Last commanded torques from controller: [0.0, 0.0, 0.0, 0.0, 0.0, 0.0, 0.0]
INFO:root:Measured link-side joint torques: [-0.2045, -36.9713, 0.8167, 11.9103, 0.6273, 1.7916, 0.3197]
INFO:root:Last commanded torques from controller: [0.0, 0.0, 0.0, 0.0, 0.0, 0.0, 0.0]
INFO:root:Measured link-side joint torques: [-0.2045, -36.9435, 0.8405, 11.9341, 0.6337, 1.8054, 0.3947]
INFO:root:Last commanded torques from controller: [0.0, 0.0, 0.0, 0.0, 0.0, 0.0, 0.0]
INFO:root:Measured link-side joint torques: [-0.2799, -36.9713, 0.8405, 11.9619, 0.6337, 1.8118, 0.4011]
INFO:root:Last commanded torques from controller: [0.0, 0.0, 0.0, 0.0, 0.0, 0.0, 0.0]
INFO:root:Measured link-side joint torques: [-0.2799, -36.9951, 0.7929, 11.9103, 0.6337, 1.8118, 0.3535]
INFO:root:Last commanded torques from controller: [0.0, 0.0, 0.0, 0.0, 0.0, 0.0, 0.0]
INFO:root:Measured link-side joint torques: [-0.2799, -36.9951, 0.7929, 11.9103, 0.6337, 1.8118, 0.3535]
INFO:root:Last commanded torques from controller: [0.0, 0.0, 0.0, 0.0, 0.0, 0.0, 0.0]
INFO:root:Measured link-side joint torques: [-0.2323, -37.0467, 0.8643, 11.9857, 0.6401, 1.8255, 0.381]
INFO:root:Last commanded torques from controller: [0.0, 0.0, 0.0, 0.0, 0.0, 0.0, 0.0]
INFO:root:Measured link-side joint torques: [-0.2323, -36.9951, 0.8167, 11.9619, 0.6136, 1.8182, 0.3874]
INFO:root:Last commanded torques from controller: [0.0, 0.0, 0.0, 0.0, 0.0, 0.0, 0.0]
INFO:root:Measured link-side joint torques: [-0.2561, -36.9951, 0.8167, 11.9857, 0.6071, 1.8255, 0.3673]
INFO:root:Last commanded torques from controller: [0.0, 0.0, 0.0, 0.0, 0.0, 0.0, 0.0]
INFO:root:Measured link-side joint torques: [-0.2045, -36.9951, 0.8167, 11.9341, 0.6136, 1.8054, 0.3059]
INFO:root:Last commanded torques from controller: [0.0, 0.0, 0.0, 0.0, 0.0, 0.0, 0.0]
INFO:root:Measured link-side joint torques: [-0.2045, -36.9951, 0.8167, 11.9341, 0.6136, 1.8054, 0.3059]
INFO:root:Last commanded torques from controller: [0.0, 0.0, 0.0, 0.0, 0.0, 0.0, 0.0]
INFO:root:Measured link-side joint torques: [-0.2799, -36.9435, 0.8167, 11.9857, 0.6337, 1.798, 0.3407]
INFO:root:Last commanded torques from controller: [0.0, 0.0, 0.0, 0.0, 0.0, 0.0, 0.0]
INFO:root:Measured link-side joint torques: [-0.2799, -36.9951, 0.7929, 11.9857, 0.6337, 1.8182, 0.3609]
INFO:root:Last commanded torques from controller: [0.0, 0.0, 0.0, 0.0, 0.0, 0.0, 0.0]
INFO:root:Measured link-side joint torques: [-0.2561, -36.9713, 0.8167, 11.9103, 0.6273, 1.8054, 0.3673]
INFO:root:Last commanded torques from controller: [0.0, 0.0, 0.0, 0.0, 0.0, 0.0, 0.0]
INFO:root:Measured link-side joint torques: [-0.2561, -36.9713, 0.8921, 11.9341, 0.6273, 1.7916, 0.381]
INFO:root:Last commanded torques from controller: [0.0, 0.0, 0.0, 0.0, 0.0, 0.0, 0.0]
INFO:root:Measured link-side joint torques: [-0.2561, -36.9713, 0.8921, 11.9341, 0.6273, 1.7916, 0.381]
INFO:root:Last commanded torques from controller: [0.0, 0.0, 0.0, 0.0, 0.0, 0.0, 0.0]
INFO:root:Measured link-side joint torques: [-0.3037, -36.9435, 0.8643, 11.9341, 0.6273, 1.8054, 0.3059]
INFO:root:Last commanded torques from controller: [0.0, 0.0, 0.0, 0.0, 0.0, 0.0, 0.0]
INFO:root:Measured link-side joint torques: [-0.3314, -36.9197, 0.8405, 11.9103, 0.6337, 1.7779, 0.3673]
INFO:root:Last commanded torques from controller: [0.0, 0.0, 0.0, 0.0, 0.0, 0.0, 0.0]
INFO:root:Measured link-side joint torques: [-0.2799, -36.9713, 0.8405, 11.9103, 0.6273, 1.7916, 0.3673]
INFO:root:Last commanded torques from controller: [0.0, 0.0, 0.0, 0.0, 0.0, 0.0, 0.0]
INFO:root:Measured link-side joint torques: [-0.2561, -36.9435, 0.8643, 11.8865, 0.6209, 1.8182, 0.4286]
INFO:root:Last commanded torques from controller: [0.0, 0.0, 0.0, 0.0, 0.0, 0.0, 0.0]
INFO:root:Measured link-side joint torques: [-0.2561, -36.9435, 0.8643, 11.8865, 0.6209, 1.8182, 0.4286]
INFO:root:Last commanded torques from controller: [0.0, 0.0, 0.0, 0.0, 0.0, 0.0, 0.0]
INFO:root:Measured link-side joint torques: [-0.2323, -36.9713, 0.8643, 11.8389, 0.6209, 1.798, 0.3673]
INFO:root:Last commanded torques from controller: [0.0, 0.0, 0.0, 0.0, 0.0, 0.0, 0.0]
INFO:root:Measured link-side joint torques: [-0.2323, -36.8959, 0.8167, 11.9103, 0.6136, 1.7779, 0.3535]
INFO:root:Last commanded torques from controller: [0.0, 0.0, 0.0, 0.0, 0.0, 0.0, 0.0]
INFO:root:Measured link-side joint torques: [-0.2799, -36.9435, 0.8167, 11.9103, 0.6337, 1.7715, 0.3407]
INFO:root:Last commanded torques from controller: [0.0, 0.0, 0.0, 0.0, 0.0, 0.0, 0.0]
INFO:root:Measured link-side joint torques: [-0.2323, -36.9435, 0.8167, 11.8865, 0.6474, 1.7916, 0.3673]
INFO:root:Last commanded torques from controller: [0.0, 0.0, 0.0, 0.0, 0.0, 0.0, 0.0]
INFO:root:Measured link-side joint torques: [-0.2323, -36.9435, 0.8167, 11.8865, 0.6474, 1.7916, 0.3673]
INFO:root:Last commanded torques from controller: [0.0, 0.0, 0.0, 0.0, 0.0, 0.0, 0.0]
INFO:root:Measured link-side joint torques: [-0.2561, -36.9197, 0.8167, 11.9619, 0.6337, 1.798, 0.3609]
INFO:root:Last commanded torques from controller: [0.0, 0.0, 0.0, 0.0, 0.0, 0.0, 0.0]
INFO:root:Measured link-side joint torques: [-0.2799, -36.9435, 0.8405, 11.9103, 0.6337, 1.7852, 0.327]
INFO:root:Last commanded torques from controller: [0.0, 0.0, 0.0, 0.0, 0.0, 0.0, 0.0]
INFO:root:Measured link-side joint torques: [-0.2561, -36.9435, 0.8167, 11.9103, 0.6209, 1.7651, 0.3535]
INFO:root:Last commanded torques from controller: [0.0, 0.0, 0.0, 0.0, 0.0, 0.0, 0.0]
INFO:root:Measured link-side joint torques: [-0.2561, -36.9435, 0.8167, 11.9103, 0.6273, 1.7449, 0.381]
INFO:root:Last commanded torques from controller: [0.0, 0.0, 0.0, 0.0, 0.0, 0.0, 0.0]
INFO:root:Measured link-side joint torques: [-0.2561, -36.9435, 0.8167, 11.9103, 0.6273, 1.7449, 0.381]
INFO:root:Last commanded torques from controller: [0.0, 0.0, 0.0, 0.0, 0.0, 0.0, 0.0]
INFO:root:Measured link-side joint torques: [-0.2561, -36.9435, 0.7652, 11.8627, 0.6401, 1.7779, 0.3334]
INFO:root:Last commanded torques from controller: [0.0, 0.0, 0.0, 0.0, 0.0, 0.0, 0.0]
INFO:root:Measured link-side joint torques: [-0.2561, -36.9197, 0.8405, 11.8627, 0.6337, 1.7852, 0.3673]
INFO:root:Last commanded torques from controller: [0.0, 0.0, 0.0, 0.0, 0.0, 0.0, 0.0]
INFO:root:Measured link-side joint torques: [-0.2561, -36.9197, 0.7929, 11.8389, 0.6337, 1.7916, 0.3673]
INFO:root:Last commanded torques from controller: [0.0, 0.0, 0.0, 0.0, 0.0, 0.0, 0.0]
INFO:root:Measured link-side joint torques: [-0.2561, -36.8959, 0.8167, 11.7874, 0.6273, 1.8054, 0.3746]
INFO:root:Last commanded torques from controller: [0.0, 0.0, 0.0, 0.0, 0.0, 0.0, 0.0]
INFO:root:Measured link-side joint torques: [-0.2561, -36.8959, 0.8167, 11.7874, 0.6273, 1.8054, 0.3746]
INFO:root:Last commanded torques from controller: [0.0, 0.0, 0.0, 0.0, 0.0, 0.0, 0.0]
INFO:root:Measured link-side joint torques: [-0.2323, -36.8959, 0.8643, 11.8627, 0.6209, 1.7779, 0.3535]
INFO:root:Last commanded torques from controller: [0.0, 0.0, 0.0, 0.0, 0.0, 0.0, 0.0]
INFO:root:Measured link-side joint torques: [-0.2045, -36.8681, 0.8643, 11.8389, 0.6273, 1.7449, 0.3673]
INFO:root:Last commanded torques from controller: [0.0, 0.0, 0.0, 0.0, 0.0, 0.0, 0.0]
INFO:root:Measured link-side joint torques: [-0.2323, -36.8959, 0.8405, 11.8112, 0.6209, 1.7578, 0.2995]
INFO:root:Last commanded torques from controller: [0.0, 0.0, 0.0, 0.0, 0.0, 0.0, 0.0]
INFO:root:Measured link-side joint torques: [-0.1807, -36.8681, 0.8405, 11.7874, 0.6209, 1.7916, 0.3471]
INFO:root:Last commanded torques from controller: [0.0, 0.0, 0.0, 0.0, 0.0, 0.0, 0.0]
INFO:root:Measured link-side joint torques: [-0.1807, -36.8681, 0.8405, 11.7874, 0.6209, 1.7916, 0.3471]
INFO:root:Last commanded torques from controller: [0.0, 0.0, 0.0, 0.0, 0.0, 0.0, 0.0]
INFO:root:Measured link-side joint torques: [-0.2561, -36.8681, 0.8405, 11.7874, 0.6337, 1.7852, 0.435]
INFO:root:Last commanded torques from controller: [0.0, 0.0, 0.0, 0.0, 0.0, 0.0, 0.0]
INFO:root:Measured link-side joint torques: [-0.2561, -36.8681, 0.8643, 11.8112, 0.6209, 1.8118, 0.3133]
INFO:root:Last commanded torques from controller: [0.0, 0.0, 0.0, 0.0, 0.0, 0.0, 0.0]
INFO:root:Measured link-side joint torques: [-0.2323, -36.8959, 0.8405, 11.8627, 0.6273, 1.8118, 0.3874]
INFO:root:Last commanded torques from controller: [0.0, 0.0, 0.0, 0.0, 0.0, 0.0, 0.0]
INFO:root:Measured link-side joint torques: [-0.2561, -36.8681, 0.7929, 11.8865, 0.6209, 1.7852, 0.3535]
INFO:root:Last commanded torques from controller: [0.0, 0.0, 0.0, 0.0, 0.0, 0.0, 0.0]
INFO:root:Measured link-side joint torques: [-0.2561, -36.8681, 0.7929, 11.8865, 0.6209, 1.7852, 0.3535]
INFO:root:Last commanded torques from controller: [0.0, 0.0, 0.0, 0.0, 0.0, 0.0, 0.0]
INFO:root:Measured link-side joint torques: [-0.2323, -36.9197, 0.8167, 11.7874, 0.6337, 1.7578, 0.3673]
INFO:root:Last commanded torques from controller: [0.0, 0.0, 0.0, 0.0, 0.0, 0.0, 0.0]
INFO:root:Measured link-side joint torques: [-0.2561, -36.8443, 0.8167, 11.8389, 0.6273, 1.7449, 0.4286]
INFO:root:Last commanded torques from controller: [0.0, 0.0, 0.0, 0.0, 0.0, 0.0, 0.0]
INFO:root:Measured link-side joint torques: [-0.2323, -36.8681, 0.8167, 11.8389, 0.6337, 1.7514, 0.3673]
INFO:root:Last commanded torques from controller: [0.0, 0.0, 0.0, 0.0, 0.0, 0.0, 0.0]
INFO:root:Measured link-side joint torques: [-0.2323, -36.8443, 0.8405, 11.8627, 0.6273, 1.7578, 0.3746]
INFO:root:Last commanded torques from controller: [0.0, 0.0, 0.0, 0.0, 0.0, 0.0, 0.0]
INFO:root:Measured link-side joint torques: [-0.2323, -36.8443, 0.8405, 11.8627, 0.6273, 1.7578, 0.3746]
INFO:root:Last commanded torques from controller: [0.0, 0.0, 0.0, 0.0, 0.0, 0.0, 0.0]
INFO:root:Measured link-side joint torques: [-0.3037, -36.8681, 0.8405, 11.8112, 0.6474, 1.7852, 0.435]
INFO:root:Last commanded torques from controller: [0.0, 0.0, 0.0, 0.0, 0.0, 0.0, 0.0]
INFO:root:Measured link-side joint torques: [-0.2561, -36.8681, 0.7652, 11.7874, 0.6337, 1.7852, 0.3947]
INFO:root:Last commanded torques from controller: [0.0, 0.0, 0.0, 0.0, 0.0, 0.0, 0.0]
INFO:root:Measured link-side joint torques: [-0.2045, -36.8681, 0.8167, 11.8112, 0.6401, 1.7651, 0.3535]
INFO:root:Last commanded torques from controller: [0.0, 0.0, 0.0, 0.0, 0.0, 0.0, 0.0]
INFO:root:Measured link-side joint torques: [-0.2045, -36.8959, 0.8167, 11.7635, 0.6337, 1.7449, 0.327]
INFO:root:Last commanded torques from controller: [0.0, 0.0, 0.0, 0.0, 0.0, 0.0, 0.0]
INFO:root:Measured link-side joint torques: [-0.2045, -36.8959, 0.8167, 11.7635, 0.6337, 1.7449, 0.327]
INFO:root:Last commanded torques from controller: [0.0, 0.0, 0.0, 0.0, 0.0, 0.0, 0.0]
INFO:root:Measured link-side joint torques: [-0.2323, -36.8443, 0.8167, 11.7635, 0.6401, 1.7578, 0.3334]
INFO:root:Last commanded torques from controller: [0.0, 0.0, 0.0, 0.0, 0.0, 0.0, 0.0]
INFO:root:Measured link-side joint torques: [-0.2323, -36.8959, 0.8643, 11.7159, 0.6209, 1.7578, 0.3746]
INFO:root:Last commanded torques from controller: [0.0, 0.0, 0.0, 0.0, 0.0, 0.0, 0.0]
INFO:root:Measured link-side joint torques: [-0.2045, -36.8681, 0.8405, 11.7159, 0.6273, 1.7715, 0.381]
INFO:root:Last commanded torques from controller: [0.0, 0.0, 0.0, 0.0, 0.0, 0.0, 0.0]
INFO:root:Measured link-side joint torques: [-0.2323, -36.8959, 0.8405, 11.6644, 0.6209, 1.7578, 0.327]
INFO:root:Last commanded torques from controller: [0.0, 0.0, 0.0, 0.0, 0.0, 0.0, 0.0]
INFO:root:Measured link-side joint torques: [-0.2323, -36.8959, 0.8405, 11.6644, 0.6209, 1.7578, 0.327]
INFO:root:Last commanded torques from controller: [0.0, 0.0, 0.0, 0.0, 0.0, 0.0, 0.0]
INFO:root:Measured link-side joint torques: [-0.2799, -36.8443, 0.8921, 11.6168, 0.6337, 1.7449, 0.3535]
INFO:root:Last commanded torques from controller: [0.0, 0.0, 0.0, 0.0, 0.0, 0.0, 0.0]
INFO:root:Measured link-side joint torques: [-0.2323, -36.8959, 0.8405, 11.6168, 0.6337, 1.7449, 0.3673]
INFO:root:Last commanded torques from controller: [0.0, 0.0, 0.0, 0.0, 0.0, 0.0, 0.0]
INFO:root:Measured link-side joint torques: [-0.2323, -36.8959, 0.8167, 11.5652, 0.6209, 1.7779, 0.3874]
INFO:root:Last commanded torques from controller: [0.0, 0.0, 0.0, 0.0, 0.0, 0.0, 0.0]
INFO:root:Measured link-side joint torques: [-0.2323, -36.8681, 0.8167, 11.5414, 0.6273, 1.7578, 0.3535]
INFO:root:Last commanded torques from controller: [0.0, 0.0, 0.0, 0.0, 0.0, 0.0, 0.0]
INFO:root:Measured link-side joint torques: [-0.2323, -36.8681, 0.8167, 11.5414, 0.6273, 1.7578, 0.3535]
INFO:root:Last commanded torques from controller: [0.0, 0.0, 0.0, 0.0, 0.0, 0.0, 0.0]
INFO:root:Measured link-side joint torques: [-0.2561, -36.8443, 0.8167, 11.593, 0.6273, 1.7312, 0.327]
INFO:root:Last commanded torques from controller: [0.0, 0.0, 0.0, 0.0, 0.0, 0.0, 0.0]
INFO:root:Measured link-side joint torques: [-0.2561, -36.8443, 0.8643, 11.6406, 0.6273, 1.7449, 0.3673]
INFO:root:Last commanded torques from controller: [0.0, 0.0, 0.0, 0.0, 0.0, 0.0, 0.0]
INFO:root:Measured link-side joint torques: [-0.2045, -36.8959, 0.8643, 11.6168, 0.6337, 1.7715, 0.4085]
INFO:root:Last commanded torques from controller: [0.0, 0.0, 0.0, 0.0, 0.0, 0.0, 0.0]
INFO:root:Measured link-side joint torques: [-0.2323, -36.9197, 0.8643, 11.6168, 0.6401, 1.7779, 0.4286]
INFO:root:Last commanded torques from controller: [0.0, 0.0, 0.0, 0.0, 0.0, 0.0, 0.0]
INFO:root:Measured link-side joint torques: [-0.2323, -36.9197, 0.8643, 11.6168, 0.6401, 1.7779, 0.4286]
INFO:root:Last commanded torques from controller: [0.0, 0.0, 0.0, 0.0, 0.0, 0.0, 0.0]
INFO:root:Measured link-side joint torques: [-0.2561, -36.8959, 0.8405, 11.6168, 0.6209, 1.7715, 0.3535]
INFO:root:Last commanded torques from controller: [0.0, 0.0, 0.0, 0.0, 0.0, 0.0, 0.0]
INFO:root:Measured link-side joint torques: [-0.2561, -36.9197, 0.8643, 11.6644, 0.6209, 1.7449, 0.3746]
INFO:root:Last commanded torques from controller: [0.0, 0.0, 0.0, 0.0, 0.0, 0.0, 0.0]
INFO:root:Measured link-side joint torques: [-0.2045, -36.9197, 0.8405, 11.6644, 0.6136, 1.7376, 0.2995]
INFO:root:Last commanded torques from controller: [0.0, 0.0, 0.0, 0.0, 0.0, 0.0, 0.0]
INFO:root:Measured link-side joint torques: [-0.2323, -36.8959, 0.8643, 11.6644, 0.6337, 1.7715, 0.3407]
INFO:root:Last commanded torques from controller: [0.0, 0.0, 0.0, 0.0, 0.0, 0.0, 0.0]
INFO:root:Measured link-side joint torques: [-0.2323, -36.8959, 0.8643, 11.6644, 0.6337, 1.7715, 0.3407]
INFO:root:Last commanded torques from controller: [0.0, 0.0, 0.0, 0.0, 0.0, 0.0, 0.0]
INFO:root:Measured link-side joint torques: [-0.2323, -36.8205, 0.8167, 11.6882, 0.6273, 1.7852, 0.3407]
INFO:root:Last commanded torques from controller: [0.0, 0.0, 0.0, 0.0, 0.0, 0.0, 0.0]
INFO:root:Measured link-side joint torques: [-0.2799, -36.8681, 0.8167, 11.7159, 0.6337, 1.7779, 0.2995]
INFO:root:Last commanded torques from controller: [0.0, 0.0, 0.0, 0.0, 0.0, 0.0, 0.0]
INFO:root:Measured link-side joint torques: [-0.2799, -36.8443, 0.8405, 11.6644, 0.6401, 1.7715, 0.3407]
INFO:root:Last commanded torques from controller: [0.0, 0.0, 0.0, 0.0, 0.0, 0.0, 0.0]
INFO:root:Measured link-side joint torques: [-0.2799, -36.8681, 0.8405, 11.7397, 0.6071, 1.7852, 0.3746]
INFO:root:Last commanded torques from controller: [0.0, 0.0, 0.0, 0.0, 0.0, 0.0, 0.0]
INFO:root:Measured link-side joint torques: [-0.2799, -36.8681, 0.8405, 11.7397, 0.6071, 1.7852, 0.3746]
INFO:root:Last commanded torques from controller: [0.0, 0.0, 0.0, 0.0, 0.0, 0.0, 0.0]
INFO:root:Measured link-side joint torques: [-0.2561, -36.8205, 0.7652, 11.7159, 0.6209, 1.7779, 0.3133]
INFO:root:Last commanded torques from controller: [0.0, 0.0, 0.0, 0.0, 0.0, 0.0, 0.0]
INFO:root:Measured link-side joint torques: [-0.2561, -36.8443, 0.8167, 11.6882, 0.6209, 1.7852, 0.3609]
INFO:root:Last commanded torques from controller: [0.0, 0.0, 0.0, 0.0, 0.0, 0.0, 0.0]
INFO:root:Measured link-side joint torques: [-0.2323, -36.7967, 0.8167, 11.6644, 0.6273, 1.7651, 0.3407]
INFO:root:Last commanded torques from controller: [0.0, 0.0, 0.0, 0.0, 0.0, 0.0, 0.0]
INFO:root:Measured link-side joint torques: [-0.2799, -36.7967, 0.8405, 11.7159, 0.6538, 1.7376, 0.4149]
INFO:root:Last commanded torques from controller: [0.0, 0.0, 0.0, 0.0, 0.0, 0.0, 0.0]
INFO:root:Measured link-side joint torques: [-0.2799, -36.7967, 0.8405, 11.7159, 0.6538, 1.7376, 0.4149]
INFO:root:Last commanded torques from controller: [0.0, 0.0, 0.0, 0.0, 0.0, 0.0, 0.0]
INFO:root:Measured link-side joint torques: [-0.2323, -36.7967, 0.8405, 11.6406, 0.6401, 1.7376, 0.3471]
INFO:root:Last commanded torques from controller: [0.0, 0.0, 0.0, 0.0, 0.0, 0.0, 0.0]
INFO:root:Measured link-side joint torques: [-0.2561, -36.8205, 0.8405, 11.6406, 0.6273, 1.7852, 0.3407]
INFO:root:Last commanded torques from controller: [0.0, 0.0, 0.0, 0.0, 0.0, 0.0, 0.0]
INFO:root:Measured link-side joint torques: [-0.2561, -36.7689, 0.8167, 11.593, 0.6337, 1.7779, 0.327]
INFO:root:Last commanded torques from controller: [0.0, 0.0, 0.0, 0.0, 0.0, 0.0, 0.0]
INFO:root:Measured link-side joint torques: [-0.2799, -36.7967, 0.8167, 11.6406, 0.6337, 1.7651, 0.3874]
INFO:root:Last commanded torques from controller: [0.0, 0.0, 0.0, 0.0, 0.0, 0.0, 0.0]
INFO:root:Measured link-side joint torques: [-0.2799, -36.7967, 0.8167, 11.6406, 0.6337, 1.7651, 0.3874]
INFO:root:Last commanded torques from controller: [0.0, 0.0, 0.0, 0.0, 0.0, 0.0, 0.0]
INFO:root:Measured link-side joint torques: [-0.2323, -36.8205, 0.8167, 11.6168, 0.6273, 1.7449, 0.3535]
INFO:root:Last commanded torques from controller: [0.0, 0.0, 0.0, 0.0, 0.0, 0.0, 0.0]
INFO:root:Measured link-side joint torques: [-0.1807, -36.7967, 0.8167, 11.7159, 0.6401, 1.7449, 0.327]
INFO:root:Last commanded torques from controller: [0.0, 0.0, 0.0, 0.0, 0.0, 0.0, 0.0]
INFO:root:Measured link-side joint torques: [-0.2561, -36.7689, 0.8167, 11.6882, 0.6401, 1.7779, 0.3746]
INFO:root:Last commanded torques from controller: [0.0, 0.0, 0.0, 0.0, 0.0, 0.0, 0.0]
INFO:root:Measured link-side joint torques: [-0.2561, -36.8681, 0.8405, 11.7397, 0.6538, 1.8054, 0.3407]
INFO:root:Last commanded torques from controller: [0.0, 0.0, 0.0, 0.0, 0.0, 0.0, 0.0]
INFO:root:Measured link-side joint torques: [-0.2561, -36.8681, 0.8405, 11.7397, 0.6538, 1.8054, 0.3407]
INFO:root:Last commanded torques from controller: [0.0, 0.0, 0.0, 0.0, 0.0, 0.0, 0.0]
INFO:root:Measured link-side joint torques: [-0.2323, -36.8681, 0.8405, 11.7397, 0.6401, 1.8383, 0.2995]
INFO:root:Last commanded torques from controller: [0.0, 0.0, 0.0, 0.0, 0.0, 0.0, 0.0]
INFO:root:Measured link-side joint torques: [-0.2561, -36.8681, 0.8167, 11.7635, 0.6273, 1.798, 0.3746]
INFO:root:Last commanded torques from controller: [0.0, 0.0, 0.0, 0.0, 0.0, 0.0, 0.0]
INFO:root:Measured link-side joint torques: [-0.3314, -36.8959, 0.8405, 11.7397, 0.6337, 1.7578, 0.327]
INFO:root:Last commanded torques from controller: [0.0, 0.0, 0.0, 0.0, 0.0, 0.0, 0.0]
INFO:root:Measured link-side joint torques: [-0.2323, -36.9435, 0.8405, 11.7635, 0.6337, 1.7312, 0.3947]
INFO:root:Last commanded torques from controller: [0.0, 0.0, 0.0, 0.0, 0.0, 0.0, 0.0]
INFO:root:Measured link-side joint torques: [-0.2323, -36.9435, 0.8405, 11.7635, 0.6337, 1.7312, 0.3947]
INFO:root:Last commanded torques from controller: [0.0, 0.0, 0.0, 0.0, 0.0, 0.0, 0.0]
INFO:root:Measured link-side joint torques: [-0.2045, -36.9435, 0.7929, 11.7874, 0.6401, 1.7449, 0.3609]
INFO:root:Last commanded torques from controller: [0.0, 0.0, 0.0, 0.0, 0.0, 0.0, 0.0]
INFO:root:Measured link-side joint torques: [-0.2323, -36.8681, 0.7929, 11.6882, 0.6474, 1.7578, 0.327]
INFO:root:Last commanded torques from controller: [0.0, 0.0, 0.0, 0.0, 0.0, 0.0, 0.0]
INFO:root:Measured link-side joint torques: [-0.3037, -36.8681, 0.8167, 11.7159, 0.6337, 1.7916, 0.2995]
INFO:root:Last commanded torques from controller: [0.0, 0.0, 0.0, 0.0, 0.0, 0.0, 0.0]
INFO:root:Measured link-side joint torques: [-0.2323, -36.8681, 0.8643, 11.6644, 0.6273, 1.8383, 0.3471]
INFO:root:Last commanded torques from controller: [0.0, 0.0, 0.0, 0.0, 0.0, 0.0, 0.0]
INFO:root:Measured link-side joint torques: [-0.2323, -36.8681, 0.8643, 11.6644, 0.6273, 1.8383, 0.3471]
INFO:root:Last commanded torques from controller: [0.0, 0.0, 0.0, 0.0, 0.0, 0.0, 0.0]
INFO:root:Measured link-side joint torques: [-0.2561, -36.8205, 0.7929, 11.6644, 0.6071, 1.8054, 0.2931]
INFO:root:Last commanded torques from controller: [0.0, 0.0, 0.0, 0.0, 0.0, 0.0, 0.0]
INFO:root:Measured link-side joint torques: [-0.2045, -36.7967, 0.8405, 11.6406, 0.6209, 1.7715, 0.327]
INFO:root:Last commanded torques from controller: [0.0, 0.0, 0.0, 0.0, 0.0, 0.0, 0.0]
INFO:root:Measured link-side joint torques: [-0.1569, -36.8443, 0.8167, 11.6168, 0.6337, 1.7651, 0.3673]
INFO:root:Last commanded torques from controller: [0.0, 0.0, 0.0, 0.0, 0.0, 0.0, 0.0]
INFO:root:Measured link-side joint torques: [-0.1807, -36.8443, 0.9159, 11.6168, 0.6401, 1.7578, 0.4085]
INFO:root:Last commanded torques from controller: [0.0, 0.0, 0.0, 0.0, 0.0, 0.0, 0.0]
INFO:root:Measured link-side joint torques: [-0.1807, -36.8443, 0.9159, 11.6168, 0.6401, 1.7578, 0.4085]
INFO:root:Last commanded torques from controller: [0.0, 0.0, 0.0, 0.0, 0.0, 0.0, 0.0]
INFO:root:Measured link-side joint torques: [-0.2045, -36.8443, 0.8167, 11.6406, 0.6273, 1.7916, 0.3673]
INFO:root:Last commanded torques from controller: [0.0, 0.0, 0.0, 0.0, 0.0, 0.0, 0.0]
INFO:root:Measured link-side joint torques: [-0.2045, -36.7689, 0.8921, 11.6168, 0.6474, 1.8255, 0.381]
INFO:root:Last commanded torques from controller: [0.0, 0.0, 0.0, 0.0, 0.0, 0.0, 0.0]
INFO:root:Measured link-side joint torques: [-0.2045, -36.8205, 0.9159, 11.593, 0.6136, 1.8457, 0.327]
INFO:root:Last commanded torques from controller: [0.0, 0.0, 0.0, 0.0, 0.0, 0.0, 0.0]
INFO:root:Measured link-side joint torques: [-0.2045, -36.7967, 0.8921, 11.6644, 0.6136, 1.8319, 0.3947]
INFO:root:Last commanded torques from controller: [0.0, 0.0, 0.0, 0.0, 0.0, 0.0, 0.0]
INFO:root:Measured link-side joint torques: [-0.2045, -36.7967, 0.8921, 11.6644, 0.6136, 1.8319, 0.3947]
INFO:root:Last commanded torques from controller: [0.0, 0.0, 0.0, 0.0, 0.0, 0.0, 0.0]
INFO:root:Measured link-side joint torques: [-0.2323, -36.8443, 0.8405, 11.6644, 0.6337, 1.798, 0.2995]
INFO:root:Last commanded torques from controller: [0.0, 0.0, 0.0, 0.0, 0.0, 0.0, 0.0]
INFO:root:Measured link-side joint torques: [-0.2323, -36.8443, 0.8643, 11.6644, 0.6273, 1.7779, 0.3535]
INFO:root:Last commanded torques from controller: [0.0, 0.0, 0.0, 0.0, 0.0, 0.0, 0.0]
INFO:root:Measured link-side joint torques: [-0.2561, -36.8205, 0.8167, 11.7159, 0.6474, 1.7916, 0.2995]
INFO:root:Last commanded torques from controller: [0.0, 0.0, 0.0, 0.0, 0.0, 0.0, 0.0]
INFO:root:Measured link-side joint torques: [-0.2323, -36.7451, 0.8643, 11.6882, 0.6401, 1.8319, 0.3133]
INFO:root:Last commanded torques from controller: [0.0, 0.0, 0.0, 0.0, 0.0, 0.0, 0.0]
INFO:root:Measured link-side joint torques: [-0.2323, -36.7451, 0.8643, 11.6882, 0.6401, 1.8319, 0.3133]
INFO:root:Last commanded torques from controller: [0.0, 0.0, 0.0, 0.0, 0.0, 0.0, 0.0]
INFO:root:Measured link-side joint torques: [-0.2045, -36.7689, 0.8921, 11.6644, 0.6337, 1.8521, 0.3535]
INFO:root:Last commanded torques from controller: [0.0, 0.0, 0.0, 0.0, 0.0, 0.0, 0.0]
INFO:root:Measured link-side joint torques: [-0.2045, -36.7213, 0.8405, 11.6882, 0.6273, 1.8319, 0.3673]
INFO:root:Last commanded torques from controller: [0.0, 0.0, 0.0, 0.0, 0.0, 0.0, 0.0]
INFO:root:Measured link-side joint torques: [-0.2561, -36.7213, 0.8167, 11.6406, 0.6474, 1.8054, 0.3673]
INFO:root:Last commanded torques from controller: [0.0, 0.0, 0.0, 0.0, 0.0, 0.0, 0.0]
INFO:root:Measured link-side joint torques: [-0.2045, -36.7451, 0.8405, 11.6882, 0.6401, 1.7779, 0.3609]
INFO:root:Last commanded torques from controller: [0.0, 0.0, 0.0, 0.0, 0.0, 0.0, 0.0]
INFO:root:Measured link-side joint torques: [-0.2045, -36.7451, 0.8405, 11.6882, 0.6401, 1.7779, 0.3609]
INFO:root:Last commanded torques from controller: [0.0, 0.0, 0.0, 0.0, 0.0, 0.0, 0.0]
INFO:root:Measured link-side joint torques: [-0.2561, -36.7689, 0.7929, 11.6644, 0.6474, 1.7779, 0.3673]
INFO:root:Last commanded torques from controller: [0.0, 0.0, 0.0, 0.0, 0.0, 0.0, 0.0]
INFO:root:Measured link-side joint torques: [-0.2799, -36.7689, 0.8167, 11.6882, 0.6474, 1.8118, 0.2858]
INFO:root:Last commanded torques from controller: [0.0, 0.0, 0.0, 0.0, 0.0, 0.0, 0.0]
INFO:root:Measured link-side joint torques: [-0.2561, -36.7213, 0.8405, 11.7159, 0.6474, 1.8383, 0.3133]
INFO:root:Last commanded torques from controller: [0.0, 0.0, 0.0, 0.0, 0.0, 0.0, 0.0]
INFO:root:Measured link-side joint torques: [-0.2561, -36.7213, 0.8167, 11.7159, 0.6538, 1.8319, 0.3407]
INFO:root:Last commanded torques from controller: [0.0, 0.0, 0.0, 0.0, 0.0, 0.0, 0.0]
INFO:root:Measured link-side joint torques: [-0.2561, -36.7213, 0.8167, 11.7159, 0.6538, 1.8319, 0.3407]
INFO:root:Last commanded torques from controller: [0.0, 0.0, 0.0, 0.0, 0.0, 0.0, 0.0]
INFO:root:Measured link-side joint torques: [-0.2323, -36.7451, 0.8405, 11.7159, 0.6401, 1.8182, 0.2995]
INFO:root:Last commanded torques from controller: [0.0, 0.0, 0.0, 0.0, 0.0, 0.0, 0.0]
INFO:root:Measured link-side joint torques: [-0.2323, -36.7451, 0.8405, 11.7159, 0.6337, 1.798, 0.327]
INFO:root:Last commanded torques from controller: [0.0, 0.0, 0.0, 0.0, 0.0, 0.0, 0.0]
INFO:root:Measured link-side joint torques: [-0.2323, -36.7967, 0.7929, 11.6882, 0.6602, 1.798, 0.3535]
INFO:root:Last commanded torques from controller: [0.0, 0.0, 0.0, 0.0, 0.0, 0.0, 0.0]
INFO:root:Measured link-side joint torques: [-0.1807, -36.7689, 0.8167, 11.6644, 0.6474, 1.8054, 0.2931]
INFO:root:Last commanded torques from controller: [0.0, 0.0, 0.0, 0.0, 0.0, 0.0, 0.0]
INFO:root:Measured link-side joint torques: [-0.1807, -36.7689, 0.8167, 11.6644, 0.6474, 1.8054, 0.2931]
INFO:root:Last commanded torques from controller: [0.0, 0.0, 0.0, 0.0, 0.0, 0.0, 0.0]
INFO:root:Measured link-side joint torques: [-0.2323, -36.7967, 0.8405, 11.7397, 0.6538, 1.8182, 0.3947]
INFO:root:Last commanded torques from controller: [0.0, 0.0, 0.0, 0.0, 0.0, 0.0, 0.0]
INFO:root:Measured link-side joint torques: [-0.2045, -36.7689, 0.8405, 11.7397, 0.6401, 1.798, 0.3673]
INFO:root:Last commanded torques from controller: [0.0, 0.0, 0.0, 0.0, 0.0, 0.0, 0.0]
INFO:root:Measured link-side joint torques: [-0.2561, -36.8443, 0.8405, 11.7397, 0.6474, 1.7852, 0.3874]
INFO:root:Last commanded torques from controller: [0.0, 0.0, 0.0, 0.0, 0.0, 0.0, 0.0]
INFO:root:Measured link-side joint torques: [-0.3037, -36.8443, 0.8405, 11.7874, 0.6602, 1.8054, 0.3535]
INFO:root:Last commanded torques from controller: [0.0, 0.0, 0.0, 0.0, 0.0, 0.0, 0.0]
INFO:root:Measured link-side joint torques: [-0.3037, -36.8443, 0.8405, 11.7874, 0.6602, 1.8054, 0.3535]
INFO:root:Last commanded torques from controller: [0.0, 0.0, 0.0, 0.0, 0.0, 0.0, 0.0]
INFO:root:Measured link-side joint torques: [-0.2323, -36.8205, 0.8167, 11.7159, 0.6602, 1.8118, 0.3673]
INFO:root:Last commanded torques from controller: [0.0, 0.0, 0.0, 0.0, 0.0, 0.0, 0.0]
INFO:root:Measured link-side joint torques: [-0.2045, -36.8681, 0.8405, 11.7159, 0.6474, 1.7779, 0.2995]
INFO:root:Last commanded torques from controller: [0.0, 0.0, 0.0, 0.0, 0.0, 0.0, 0.0]
INFO:root:Measured link-side joint torques: [-0.2323, -36.8681, 0.8167, 11.7635, 0.6474, 1.8054, 0.3407]
INFO:root:Last commanded torques from controller: [0.0, 0.0, 0.0, 0.0, 0.0, 0.0, 0.0]
INFO:root:Measured link-side joint torques: [-0.2561, -36.8959, 0.7929, 11.7397, 0.6401, 1.8182, 0.3407]
INFO:root:Last commanded torques from controller: [0.0, 0.0, 0.0, 0.0, 0.0, 0.0, 0.0]
INFO:root:Measured link-side joint torques: [-0.2561, -36.8959, 0.7929, 11.7397, 0.6401, 1.8182, 0.3407]
INFO:root:Last commanded torques from controller: [0.0, 0.0, 0.0, 0.0, 0.0, 0.0, 0.0]
INFO:root:Measured link-side joint torques: [-0.2323, -36.8681, 0.8167, 11.7159, 0.6474, 1.8255, 0.3673]
INFO:root:Last commanded torques from controller: [0.0, 0.0, 0.0, 0.0, 0.0, 0.0, 0.0]
INFO:root:Measured link-side joint torques: [-0.2323, -36.8443, 0.8167, 11.7635, 0.6602, 1.8182, 0.3609]
INFO:root:Last commanded torques from controller: [0.0, 0.0, 0.0, 0.0, 0.0, 0.0, 0.0]
INFO:root:Measured link-side joint torques: [-0.2561, -36.8681, 0.8405, 11.7635, 0.6474, 1.7916, 0.3535]
INFO:root:Last commanded torques from controller: [0.0, 0.0, 0.0, 0.0, 0.0, 0.0, 0.0]
INFO:root:Measured link-side joint torques: [-0.2561, -36.8681, 0.8405, 11.7397, 0.6474, 1.7852, 0.2721]
INFO:root:Last commanded torques from controller: [0.0, 0.0, 0.0, 0.0, 0.0, 0.0, 0.0]
INFO:root:Measured link-side joint torques: [-0.2561, -36.8681, 0.8405, 11.7397, 0.6474, 1.7852, 0.2721]
INFO:root:Last commanded torques from controller: [0.0, 0.0, 0.0, 0.0, 0.0, 0.0, 0.0]
INFO:root:Measured link-side joint torques: [-0.2561, -36.9197, 0.8643, 11.7159, 0.6401, 1.8118, 0.3471]
INFO:root:Last commanded torques from controller: [0.0, 0.0, 0.0, 0.0, 0.0, 0.0, 0.0]
INFO:root:Measured link-side joint torques: [-0.2323, -36.8681, 0.8643, 11.6882, 0.6538, 1.8182, 0.381]
INFO:root:Last commanded torques from controller: [0.0, 0.0, 0.0, 0.0, 0.0, 0.0, 0.0]
INFO:root:Measured link-side joint torques: [-0.2561, -36.9197, 0.8405, 11.7159, 0.6474, 1.798, 0.4222]
INFO:root:Last commanded torques from controller: [0.0, 0.0, 0.0, 0.0, 0.0, 0.0, 0.0]
INFO:root:Measured link-side joint torques: [-0.2323, -36.9435, 0.8643, 11.6644, 0.6538, 1.8182, 0.327]
INFO:root:Last commanded torques from controller: [0.0, 0.0, 0.0, 0.0, 0.0, 0.0, 0.0]
INFO:root:Measured link-side joint torques: [-0.2323, -36.9435, 0.8643, 11.6644, 0.6538, 1.8182, 0.327]
INFO:root:Last commanded torques from controller: [0.0, 0.0, 0.0, 0.0, 0.0, 0.0, 0.0]
INFO:root:Measured link-side joint torques: [-0.1807, -36.9197, 0.8643, 11.6882, 0.6401, 1.8118, 0.3673]
INFO:root:Last commanded torques from controller: [0.0, 0.0, 0.0, 0.0, 0.0, 0.0, 0.0]
INFO:root:Measured link-side joint torques: [-0.1807, -36.9197, 0.8167, 11.6644, 0.6474, 1.8255, 0.4149]
INFO:root:Last commanded torques from controller: [0.0, 0.0, 0.0, 0.0, 0.0, 0.0, 0.0]
INFO:root:Measured link-side joint torques: [-0.2045, -36.9435, 0.8167, 11.6882, 0.6474, 1.8383, 0.3673]
INFO:root:Last commanded torques from controller: [0.0, 0.0, 0.0, 0.0, 0.0, 0.0, 0.0]
INFO:root:Measured link-side joint torques: [-0.2045, -36.8681, 0.8405, 11.6644, 0.6401, 1.8457, 0.3535]
INFO:root:Last commanded torques from controller: [0.0, 0.0, 0.0, 0.0, 0.0, 0.0, 0.0]
INFO:root:Measured link-side joint torques: [-0.2045, -36.8681, 0.8405, 11.6644, 0.6401, 1.8457, 0.3535]
INFO:root:Last commanded torques from controller: [0.0, 0.0, 0.0, 0.0, 0.0, 0.0, 0.0]
INFO:root:Measured link-side joint torques: [-0.2561, -36.9435, 0.8405, 11.6882, 0.6474, 1.8319, 0.4149]
INFO:root:Last commanded torques from controller: [0.0, 0.0, 0.0, 0.0, 0.0, 0.0, 0.0]
INFO:root:Measured link-side joint torques: [-0.2799, -36.9435, 0.8405, 11.7159, 0.6538, 1.8054, 0.3535]
INFO:root:Last commanded torques from controller: [0.0, 0.0, 0.0, 0.0, 0.0, 0.0, 0.0]
INFO:root:Measured link-side joint torques: [-0.2323, -36.8959, 0.8167, 11.7874, 0.6474, 1.8118, 0.3673]
INFO:root:Last commanded torques from controller: [0.0, 0.0, 0.0, 0.0, 0.0, 0.0, 0.0]
INFO:root:Measured link-side joint torques: [-0.2323, -36.9197, 0.8167, 11.7159, 0.6602, 1.8054, 0.2995]
INFO:root:Last commanded torques from controller: [0.0, 0.0, 0.0, 0.0, 0.0, 0.0, 0.0]
INFO:root:Measured link-side joint torques: [-0.2323, -36.9197, 0.8167, 11.7159, 0.6602, 1.8054, 0.2995]
INFO:root:Last commanded torques from controller: [0.0, 0.0, 0.0, 0.0, 0.0, 0.0, 0.0]
INFO:root:Measured link-side joint torques: [-0.2323, -36.9197, 0.8167, 11.6168, 0.6538, 1.8383, 0.3407]
INFO:root:Last commanded torques from controller: [0.0, 0.0, 0.0, 0.0, 0.0, 0.0, 0.0]
INFO:root:Measured link-side joint torques: [-0.2323, -36.9197, 0.8167, 11.6644, 0.6474, 1.8118, 0.3874]
INFO:root:Last commanded torques from controller: [0.0, 0.0, 0.0, 0.0, 0.0, 0.0, 0.0]
INFO:root:Measured link-side joint torques: [-0.2561, -36.9197, 0.8167, 11.6168, 0.6538, 1.8118, 0.4423]
INFO:root:Last commanded torques from controller: [0.0, 0.0, 0.0, 0.0, 0.0, 0.0, 0.0]
INFO:root:Measured link-side joint torques: [-0.3037, -36.8443, 0.7929, 11.6406, 0.6474, 1.8054, 0.3746]
INFO:root:Last commanded torques from controller: [0.0, 0.0, 0.0, 0.0, 0.0, 0.0, 0.0]
INFO:root:Measured link-side joint torques: [-0.3037, -36.8443, 0.7929, 11.6406, 0.6474, 1.8054, 0.3746]
INFO:root:Last commanded torques from controller: [0.0, 0.0, 0.0, 0.0, 0.0, 0.0, 0.0]
INFO:root:Measured link-side joint torques: [-0.2561, -36.8681, 0.7929, 11.593, 0.6337, 1.7852, 0.3535]
INFO:root:Last commanded torques from controller: [0.0, 0.0, 0.0, 0.0, 0.0, 0.0, 0.0]
INFO:root:Measured link-side joint torques: [-0.2323, -36.8681, 0.8405, 11.5414, 0.6538, 1.7779, 0.2318]
INFO:root:Last commanded torques from controller: [0.0, 0.0, 0.0, 0.0, 0.0, 0.0, 0.0]
INFO:root:Measured link-side joint torques: [-0.2561, -36.8681, 0.8167, 11.5414, 0.6474, 1.8054, 0.3334]
INFO:root:Last commanded torques from controller: [0.0, 0.0, 0.0, 0.0, 0.0, 0.0, 0.0]
INFO:root:Measured link-side joint torques: [-0.2799, -36.8205, 0.8167, 11.4938, 0.6474, 1.8118, 0.3407]
INFO:root:Last commanded torques from controller: [0.0, 0.0, 0.0, 0.0, 0.0, 0.0, 0.0]
INFO:root:Measured link-side joint torques: [-0.2799, -36.8205, 0.8167, 11.4938, 0.6474, 1.8118, 0.3407]
INFO:root:Last commanded torques from controller: [0.0, 0.0, 0.0, 0.0, 0.0, 0.0, 0.0]
INFO:root:Measured link-side joint torques: [-0.2561, -36.8205, 0.8167, 11.5652, 0.6474, 1.8182, 0.4222]
INFO:root:Last commanded torques from controller: [0.0, 0.0, 0.0, 0.0, 0.0, 0.0, 0.0]
INFO:root:Measured link-side joint torques: [-0.2323, -36.7451, 0.8167, 11.5414, 0.6667, 1.8255, 0.3407]
INFO:root:Last commanded torques from controller: [0.0, 0.0, 0.0, 0.0, 0.0, 0.0, 0.0]
INFO:root:Measured link-side joint torques: [-0.2561, -36.8205, 0.8643, 11.5414, 0.6474, 1.8118, 0.3407]
INFO:root:Last commanded torques from controller: [0.0, 0.0, 0.0, 0.0, 0.0, 0.0, 0.0]
INFO:root:Measured link-side joint torques: [-0.2561, -36.8205, 0.8921, 11.5652, 0.6474, 1.798, 0.3133]
INFO:root:Last commanded torques from controller: [0.0, 0.0, 0.0, 0.0, 0.0, 0.0, 0.0]
INFO:root:Measured link-side joint torques: [-0.2561, -36.8205, 0.8921, 11.5652, 0.6474, 1.798, 0.3133]
INFO:root:Last commanded torques from controller: [0.0, 0.0, 0.0, 0.0, 0.0, 0.0, 0.0]
INFO:root:Measured link-side joint torques: [-0.2323, -36.8205, 0.8167, 11.5414, 0.6474, 1.7852, 0.3407]
INFO:root:Last commanded torques from controller: [0.0, 0.0, 0.0, 0.0, 0.0, 0.0, 0.0]
INFO:root:Measured link-side joint torques: [-0.2323, -36.8443, 0.8643, 11.5176, 0.6273, 1.798, 0.3407]
INFO:root:Last commanded torques from controller: [0.0, 0.0, 0.0, 0.0, 0.0, 0.0, 0.0]
INFO:root:Measured link-side joint torques: [-0.2561, -36.8205, 0.8167, 11.5414, 0.6602, 1.8054, 0.3673]
INFO:root:Last commanded torques from controller: [0.0, 0.0, 0.0, 0.0, 0.0, 0.0, 0.0]
INFO:root:Measured link-side joint torques: [-0.2561, -36.8205, 0.8405, 11.4938, 0.6474, 1.8054, 0.3133]
INFO:root:Last commanded torques from controller: [0.0, 0.0, 0.0, 0.0, 0.0, 0.0, 0.0]
INFO:root:Measured link-side joint torques: [-0.2561, -36.8205, 0.8405, 11.4938, 0.6474, 1.8054, 0.3133]
INFO:root:Last commanded torques from controller: [0.0, 0.0, 0.0, 0.0, 0.0, 0.0, 0.0]
INFO:root:Measured link-side joint torques: [-0.2045, -36.7451, 0.8405, 11.5176, 0.6538, 1.8255, 0.3609]
INFO:root:Last commanded torques from controller: [0.0, 0.0, 0.0, 0.0, 0.0, 0.0, 0.0]
INFO:root:Measured link-side joint torques: [-0.2561, -36.7967, 0.8405, 11.5414, 0.6602, 1.7916, 0.3673]
INFO:root:Last commanded torques from controller: [0.0, 0.0, 0.0, 0.0, 0.0, 0.0, 0.0]
INFO:root:Measured link-side joint torques: [-0.2323, -36.7689, 0.8643, 11.4938, 0.6401, 1.7578, 0.4085]
INFO:root:Last commanded torques from controller: [0.0, 0.0, 0.0, 0.0, 0.0, 0.0, 0.0]
INFO:root:Measured link-side joint torques: [-0.2561, -36.7967, 0.8405, 11.4938, 0.6474, 1.7578, 0.4222]
INFO:root:Last commanded torques from controller: [0.0, 0.0, 0.0, 0.0, 0.0, 0.0, 0.0]
INFO:root:Measured link-side joint torques: [-0.2561, -36.7967, 0.8405, 11.4938, 0.6474, 1.7578, 0.4222]
INFO:root:Last commanded torques from controller: [0.0, 0.0, 0.0, 0.0, 0.0, 0.0, 0.0]
INFO:root:Measured link-side joint torques: [-0.2561, -36.7213, 0.8167, 11.4184, 0.6731, 1.7852, 0.3947]
INFO:root:Last commanded torques from controller: [0.0, 0.0, 0.0, 0.0, 0.0, 0.0, 0.0]
INFO:root:Measured link-side joint torques: [-0.2323, -36.7213, 0.8405, 11.3946, 0.6538, 1.7916, 0.3535]
INFO:root:Last commanded torques from controller: [0.0, 0.0, 0.0, 0.0, 0.0, 0.0, 0.0]
INFO:root:Measured link-side joint torques: [-0.2323, -36.7451, 0.8921, 11.3708, 0.6474, 1.8255, 0.3197]
INFO:root:Last commanded torques from controller: [0.0, 0.0, 0.0, 0.0, 0.0, 0.0, 0.0]
INFO:root:Measured link-side joint torques: [-0.2561, -36.6936, 0.8405, 11.4422, 0.6474, 1.8118, 0.3947]
INFO:root:Last commanded torques from controller: [0.0, 0.0, 0.0, 0.0, 0.0, 0.0, 0.0]
INFO:root:Measured link-side joint torques: [-0.2561, -36.6936, 0.8405, 11.4422, 0.6474, 1.8118, 0.3947]
INFO:root:Last commanded torques from controller: [0.0, 0.0, 0.0, 0.0, 0.0, 0.0, 0.0]
INFO:root:Measured link-side joint torques: [-0.1807, -36.6698, 0.8643, 11.4184, 0.6474, 1.7651, 0.381]
INFO:root:Last commanded torques from controller: [0.0, 0.0, 0.0, 0.0, 0.0, 0.0, 0.0]
INFO:root:Measured link-side joint torques: [-0.2323, -36.6698, 0.8167, 11.3708, 0.6667, 1.7578, 0.4149]
INFO:root:Last commanded torques from controller: [0.0, 0.0, 0.0, 0.0, 0.0, 0.0, 0.0]
INFO:root:Measured link-side joint torques: [-0.2323, -36.6936, 0.7929, 11.347, 0.6667, 1.7779, 0.3535]
INFO:root:Last commanded torques from controller: [0.0, 0.0, 0.0, 0.0, 0.0, 0.0, 0.0]
INFO:root:Measured link-side joint torques: [-0.2799, -36.7213, 0.7929, 11.3192, 0.6667, 1.7916, 0.381]
INFO:root:Last commanded torques from controller: [0.0, 0.0, 0.0, 0.0, 0.0, 0.0, 0.0]
INFO:root:Measured link-side joint torques: [-0.2799, -36.7213, 0.7929, 11.3192, 0.6667, 1.7916, 0.381]
INFO:root:Last commanded torques from controller: [0.0, 0.0, 0.0, 0.0, 0.0, 0.0, 0.0]
INFO:root:Measured link-side joint torques: [-0.3314, -36.6698, 0.8167, 11.3708, 0.6538, 1.7852, 0.327]
INFO:root:Last commanded torques from controller: [0.0, 0.0, 0.0, 0.0, 0.0, 0.0, 0.0]
INFO:root:Measured link-side joint torques: [-0.2799, -36.6698, 0.8405, 11.347, 0.6474, 1.7651, 0.3947]
INFO:root:Last commanded torques from controller: [0.0, 0.0, 0.0, 0.0, 0.0, 0.0, 0.0]
INFO:root:Measured link-side joint torques: [-0.2799, -36.646, 0.7929, 11.347, 0.6538, 1.7376, 0.3407]
INFO:root:Last commanded torques from controller: [0.0, 0.0, 0.0, 0.0, 0.0, 0.0, 0.0]
INFO:root:Measured link-side joint torques: [-0.2799, -36.5944, 0.7929, 11.3708, 0.6667, 1.7715, 0.4286]
INFO:root:Last commanded torques from controller: [0.0, 0.0, 0.0, 0.0, 0.0, 0.0, 0.0]
INFO:root:Measured link-side joint torques: [-0.2799, -36.5944, 0.7929, 11.3708, 0.6667, 1.7715, 0.4286]
INFO:root:Last commanded torques from controller: [0.0, 0.0, 0.0, 0.0, 0.0, 0.0, 0.0]
INFO:root:Measured link-side joint torques: [-0.2561, -36.5944, 0.7176, 11.347, 0.6602, 1.7651, 0.381]
INFO:root:Last commanded torques from controller: [0.0, 0.0, 0.0, 0.0, 0.0, 0.0, 0.0]
INFO:root:Measured link-side joint torques: [-0.2799, -36.5944, 0.7929, 11.3192, 0.6667, 1.7779, 0.327]
INFO:root:Last commanded torques from controller: [0.0, 0.0, 0.0, 0.0, 0.0, 0.0, 0.0]
INFO:root:Measured link-side joint torques: [-0.2561, -36.5468, 0.7929, 11.3192, 0.6602, 1.7852, 0.3673]
INFO:root:Last commanded torques from controller: [0.0, 0.0, 0.0, 0.0, 0.0, 0.0, 0.0]
INFO:root:Measured link-side joint torques: [-0.2799, -36.5706, 0.8167, 11.3708, 0.6474, 1.7715, 0.327]
INFO:root:Last commanded torques from controller: [0.0, 0.0, 0.0, 0.0, 0.0, 0.0, 0.0]
INFO:root:Measured link-side joint torques: [-0.2799, -36.5706, 0.8167, 11.3708, 0.6474, 1.7715, 0.327]
INFO:root:Last commanded torques from controller: [0.0, 0.0, 0.0, 0.0, 0.0, 0.0, 0.0]
INFO:root:Measured link-side joint torques: [-0.2561, -36.5706, 0.7652, 11.2954, 0.6667, 1.7852, 0.3407]
INFO:root:Last commanded torques from controller: [0.0, 0.0, 0.0, 0.0, 0.0, 0.0, 0.0]
INFO:root:Measured link-side joint torques: [-0.2323, -36.519, 0.7929, 11.3192, 0.6731, 1.7852, 0.4085]
INFO:root:Last commanded torques from controller: [0.0, 0.0, 0.0, 0.0, 0.0, 0.0, 0.0]
INFO:root:Measured link-side joint torques: [-0.2799, -36.519, 0.7929, 11.3192, 0.6667, 1.7715, 0.4011]
INFO:root:Last commanded torques from controller: [0.0, 0.0, 0.0, 0.0, 0.0, 0.0, 0.0]
INFO:root:Measured link-side joint torques: [-0.2323, -36.519, 0.8167, 11.2716, 0.6474, 1.7715, 0.4011]
INFO:root:Last commanded torques from controller: [0.0, 0.0, 0.0, 0.0, 0.0, 0.0, 0.0]
INFO:root:Measured link-side joint torques: [-0.2323, -36.519, 0.8167, 11.2716, 0.6474, 1.7715, 0.4011]
INFO:root:Last commanded torques from controller: [0.0, 0.0, 0.0, 0.0, 0.0, 0.0, 0.0]
INFO:root:Measured link-side joint torques: [-0.2799, -36.519, 0.8405, 11.3192, 0.6401, 1.7779, 0.3535]
INFO:root:Last commanded torques from controller: [0.0, 0.0, 0.0, 0.0, 0.0, 0.0, 0.0]
INFO:root:Measured link-side joint torques: [-0.2561, -36.4714, 0.8167, 11.3192, 0.6474, 1.8319, 0.3673]
INFO:root:Last commanded torques from controller: [0.0, 0.0, 0.0, 0.0, 0.0, 0.0, 0.0]
INFO:root:Measured link-side joint torques: [-0.3037, -36.396, 0.8405, 11.347, 0.6401, 1.8182, 0.381]
INFO:root:Last commanded torques from controller: [0.0, 0.0, 0.0, 0.0, 0.0, 0.0, 0.0]
INFO:root:Measured link-side joint torques: [-0.2799, -36.4436, 0.8405, 11.3192, 0.6538, 1.7852, 0.3673]
INFO:root:Last commanded torques from controller: [0.0, 0.0, 0.0, 0.0, 0.0, 0.0, 0.0]
INFO:root:Measured link-side joint torques: [-0.2799, -36.4436, 0.8405, 11.3192, 0.6538, 1.7852, 0.3673]
INFO:root:Last commanded torques from controller: [0.0, 0.0, 0.0, 0.0, 0.0, 0.0, 0.0]
INFO:root:Measured link-side joint torques: [-0.2561, -36.4714, 0.8167, 11.3192, 0.6538, 1.7715, 0.3874]
INFO:root:Last commanded torques from controller: [0.0, 0.0, 0.0, 0.0, 0.0, 0.0, 0.0]
INFO:root:Measured link-side joint torques: [-0.3314, -36.4436, 0.8167, 11.347, 0.6538, 1.7852, 0.3471]
INFO:root:Last commanded torques from controller: [0.0, 0.0, 0.0, 0.0, 0.0, 0.0, 0.0]
INFO:root:Measured link-side joint torques: [-0.2323, -36.4198, 0.8167, 11.2716, 0.6474, 1.7916, 0.3535]
INFO:root:Last commanded torques from controller: [0.0, 0.0, 0.0, 0.0, 0.0, 0.0, 0.0]
INFO:root:Measured link-side joint torques: [-0.2799, -36.4198, 0.8405, 11.2954, 0.6474, 1.8383, 0.3407]
INFO:root:Last commanded torques from controller: [0.0, 0.0, 0.0, 0.0, 0.0, 0.0, 0.0]
INFO:root:Measured link-side joint torques: [-0.2799, -36.4198, 0.8405, 11.2954, 0.6474, 1.8383, 0.3407]
INFO:root:Last commanded torques from controller: [0.0, 0.0, 0.0, 0.0, 0.0, 0.0, 0.0]
INFO:root:Measured link-side joint torques: [-0.2323, -36.4198, 0.8405, 11.2954, 0.6667, 1.798, 0.3197]
INFO:root:Last commanded torques from controller: [0.0, 0.0, 0.0, 0.0, 0.0, 0.0, 0.0]
INFO:root:Measured link-side joint torques: [-0.2045, -36.3722, 0.8643, 11.2954, 0.6474, 1.7651, 0.3535]
INFO:root:Last commanded torques from controller: [0.0, 0.0, 0.0, 0.0, 0.0, 0.0, 0.0]
INFO:root:Measured link-side joint torques: [-0.3037, -36.396, 0.8643, 11.2954, 0.6667, 1.7514, 0.4286]
INFO:root:Last commanded torques from controller: [0.0, 0.0, 0.0, 0.0, 0.0, 0.0, 0.0]
INFO:root:Measured link-side joint torques: [-0.2323, -36.396, 0.8167, 11.2954, 0.6731, 1.7651, 0.4011]
INFO:root:Last commanded torques from controller: [0.0, 0.0, 0.0, 0.0, 0.0, 0.0, 0.0]
INFO:root:Measured link-side joint torques: [-0.2323, -36.396, 0.8167, 11.2954, 0.6731, 1.7651, 0.4011]
INFO:root:Last commanded torques from controller: [0.0, 0.0, 0.0, 0.0, 0.0, 0.0, 0.0]
INFO:root:Measured link-side joint torques: [-0.2561, -36.396, 0.7929, 11.3192, 0.6731, 1.7852, 0.3407]
INFO:root:Last commanded torques from controller: [0.0, 0.0, 0.0, 0.0, 0.0, 0.0, 0.0]
INFO:root:Measured link-side joint torques: [-0.2799, -36.3722, 0.8405, 11.3192, 0.6602, 1.8182, 0.3874]
INFO:root:Last commanded torques from controller: [0.0, 0.0, 0.0, 0.0, 0.0, 0.0, 0.0]
INFO:root:Measured link-side joint torques: [-0.3037, -36.3722, 0.7929, 11.3192, 0.6538, 1.8118, 0.3334]
INFO:root:Last commanded torques from controller: [0.0, 0.0, 0.0, 0.0, 0.0, 0.0, 0.0]
INFO:root:Measured link-side joint torques: [-0.2045, -36.3722, 0.7929, 11.3946, 0.6602, 1.8054, 0.3673]
INFO:root:Last commanded torques from controller: [0.0, 0.0, 0.0, 0.0, 0.0, 0.0, 0.0]
INFO:root:Measured link-side joint torques: [-0.2045, -36.3722, 0.7929, 11.3946, 0.6602, 1.8054, 0.3673]
INFO:root:Last commanded torques from controller: [0.0, 0.0, 0.0, 0.0, 0.0, 0.0, 0.0]
INFO:root:Measured link-side joint torques: [-0.2561, -36.2968, 0.7652, 11.3192, 0.6602, 1.7651, 0.3947]
INFO:root:Last commanded torques from controller: [0.0, 0.0, 0.0, 0.0, 0.0, 0.0, 0.0]
INFO:root:Measured link-side joint torques: [-0.2561, -36.3444, 0.7414, 11.2716, 0.6731, 1.7578, 0.3133]
INFO:root:Last commanded torques from controller: [0.0, 0.0, 0.0, 0.0, 0.0, 0.0, 0.0]
INFO:root:Measured link-side joint torques: [-0.2561, -36.3722, 0.7652, 11.347, 0.6804, 1.7514, 0.327]
INFO:root:Last commanded torques from controller: [0.0, 0.0, 0.0, 0.0, 0.0, 0.0, 0.0]
INFO:root:Measured link-side joint torques: [-0.2799, -36.3444, 0.8405, 11.3708, 0.6667, 1.7578, 0.3535]
INFO:root:Last commanded torques from controller: [0.0, 0.0, 0.0, 0.0, 0.0, 0.0, 0.0]
INFO:root:Measured link-side joint torques: [-0.2799, -36.3444, 0.8405, 11.3708, 0.6667, 1.7578, 0.3535]
INFO:root:Last commanded torques from controller: [0.0, 0.0, 0.0, 0.0, 0.0, 0.0, 0.0]
INFO:root:Measured link-side joint torques: [-0.2561, -36.3722, 0.8167, 11.3192, 0.6804, 1.7651, 0.327]
INFO:root:Last commanded torques from controller: [0.0, 0.0, 0.0, 0.0, 0.0, 0.0, 0.0]
INFO:root:Measured link-side joint torques: [-0.3037, -36.3722, 0.7929, 11.347, 0.6804, 1.798, 0.3673]
INFO:root:Last commanded torques from controller: [0.0, 0.0, 0.0, 0.0, 0.0, 0.0, 0.0]
INFO:root:Measured link-side joint torques: [-0.2799, -36.4198, 0.7652, 11.2716, 0.6602, 1.8255, 0.381]
INFO:root:Last commanded torques from controller: [0.0, 0.0, 0.0, 0.0, 0.0, 0.0, 0.0]
INFO:root:Measured link-side joint torques: [-0.2799, -36.396, 0.7652, 11.2954, 0.6602, 1.7916, 0.4222]
INFO:root:Last commanded torques from controller: [0.0, 0.0, 0.0, 0.0, 0.0, 0.0, 0.0]
INFO:root:Measured link-side joint torques: [-0.2799, -36.396, 0.7652, 11.2954, 0.6602, 1.7916, 0.4222]
INFO:root:Last commanded torques from controller: [0.0, 0.0, 0.0, 0.0, 0.0, 0.0, 0.0]
INFO:root:Measured link-side joint torques: [-0.2561, -36.396, 0.7652, 11.3192, 0.6538, 1.7779, 0.3535]
INFO:root:Last commanded torques from controller: [0.0, 0.0, 0.0, 0.0, 0.0, 0.0, 0.0]
INFO:root:Measured link-side joint torques: [-0.3037, -36.396, 0.8167, 11.3192, 0.6667, 1.7916, 0.3609]
INFO:root:Last commanded torques from controller: [0.0, 0.0, 0.0, 0.0, 0.0, 0.0, 0.0]
INFO:root:Measured link-side joint torques: [-0.2561, -36.3444, 0.7652, 11.2954, 0.6731, 1.7715, 0.3133]
INFO:root:Last commanded torques from controller: [0.0, 0.0, 0.0, 0.0, 0.0, 0.0, 0.0]
INFO:root:Measured link-side joint torques: [-0.2799, -36.396, 0.7652, 11.2954, 0.6731, 1.7916, 0.381]
INFO:root:Last commanded torques from controller: [0.0, 0.0, 0.0, 0.0, 0.0, 0.0, 0.0]
INFO:root:Measured link-side joint torques: [-0.2799, -36.396, 0.7652, 11.2954, 0.6731, 1.7916, 0.381]
INFO:root:Last commanded torques from controller: [0.0, 0.0, 0.0, 0.0, 0.0, 0.0, 0.0]
INFO:root:Measured link-side joint torques: [-0.3314, -36.3722, 0.8405, 11.2716, 0.6667, 1.8054, 0.3673]
INFO:root:Last commanded torques from controller: [0.0, 0.0, 0.0, 0.0, 0.0, 0.0, 0.0]
INFO:root:Measured link-side joint torques: [-0.3552, -36.396, 0.8405, 11.224, 0.6731, 1.8319, 0.3746]
INFO:root:Last commanded torques from controller: [0.0, 0.0, 0.0, 0.0, 0.0, 0.0, 0.0]
INFO:root:Measured link-side joint torques: [-0.2799, -36.396, 0.8167, 11.2954, 0.6538, 1.8255, 0.4011]
INFO:root:Last commanded torques from controller: [0.0, 0.0, 0.0, 0.0, 0.0, 0.0, 0.0]
INFO:root:Measured link-side joint torques: [-0.2799, -36.4436, 0.8167, 11.224, 0.6474, 1.8118, 0.381]
INFO:root:Last commanded torques from controller: [0.0, 0.0, 0.0, 0.0, 0.0, 0.0, 0.0]
INFO:root:Measured link-side joint torques: [-0.2799, -36.4436, 0.8167, 11.224, 0.6474, 1.8118, 0.381]
INFO:root:Last commanded torques from controller: [0.0, 0.0, 0.0, 0.0, 0.0, 0.0, 0.0]
INFO:root:Measured link-side joint torques: [-0.2799, -36.4198, 0.7929, 11.2478, 0.6538, 1.798, 0.3407]
INFO:root:Last commanded torques from controller: [0.0, 0.0, 0.0, 0.0, 0.0, 0.0, 0.0]
INFO:root:Measured link-side joint torques: [-0.2323, -36.4952, 0.7652, 11.2716, 0.6667, 1.8054, 0.3947]
INFO:root:Last commanded torques from controller: [0.0, 0.0, 0.0, 0.0, 0.0, 0.0, 0.0]
INFO:root:Measured link-side joint torques: [-0.2799, -36.519, 0.7929, 11.2716, 0.6804, 1.798, 0.4149]
INFO:root:Last commanded torques from controller: [0.0, 0.0, 0.0, 0.0, 0.0, 0.0, 0.0]
INFO:root:Measured link-side joint torques: [-0.3037, -36.519, 0.8167, 11.2716, 0.6602, 1.7852, 0.3874]
INFO:root:Last commanded torques from controller: [0.0, 0.0, 0.0, 0.0, 0.0, 0.0, 0.0]
INFO:root:Measured link-side joint torques: [-0.3037, -36.519, 0.8167, 11.2716, 0.6602, 1.7852, 0.3874]
INFO:root:Last commanded torques from controller: [0.0, 0.0, 0.0, 0.0, 0.0, 0.0, 0.0]
INFO:root:Measured link-side joint torques: [-0.2323, -36.4952, 0.8405, 11.2716, 0.6731, 1.7916, 0.3947]
INFO:root:Last commanded torques from controller: [0.0, 0.0, 0.0, 0.0, 0.0, 0.0, 0.0]
INFO:root:Measured link-side joint torques: [-0.2799, -36.519, 0.8643, 11.2478, 0.6731, 1.8118, 0.3947]
INFO:root:Last commanded torques from controller: [0.0, 0.0, 0.0, 0.0, 0.0, 0.0, 0.0]
INFO:root:Measured link-side joint torques: [-0.2561, -36.519, 0.7929, 11.2478, 0.6667, 1.8255, 0.3746]
INFO:root:Last commanded torques from controller: [0.0, 0.0, 0.0, 0.0, 0.0, 0.0, 0.0]
INFO:root:Measured link-side joint torques: [-0.2561, -36.4952, 0.8643, 11.2716, 0.6602, 1.7779, 0.327]
INFO:root:Last commanded torques from controller: [0.0, 0.0, 0.0, 0.0, 0.0, 0.0, 0.0]
INFO:root:Measured link-side joint torques: [-0.2561, -36.4952, 0.8643, 11.2716, 0.6602, 1.7779, 0.327]
INFO:root:Last commanded torques from controller: [0.0, 0.0, 0.0, 0.0, 0.0, 0.0, 0.0]
INFO:root:Measured link-side joint torques: [-0.2799, -36.519, 0.8167, 11.2478, 0.6602, 1.7651, 0.3947]
INFO:root:Last commanded torques from controller: [0.0, 0.0, 0.0, 0.0, 0.0, 0.0, 0.0]
INFO:root:Measured link-side joint torques: [-0.2045, -36.519, 0.8167, 11.2716, 0.6667, 1.7514, 0.3947]
INFO:root:Last commanded torques from controller: [0.0, 0.0, 0.0, 0.0, 0.0, 0.0, 0.0]
INFO:root:Measured link-side joint torques: [-0.2799, -36.4714, 0.7929, 11.224, 0.6602, 1.7514, 0.3947]
INFO:root:Last commanded torques from controller: [0.0, 0.0, 0.0, 0.0, 0.0, 0.0, 0.0]
INFO:root:Measured link-side joint torques: [-0.2561, -36.4952, 0.8167, 11.1724, 0.6602, 1.7779, 0.4011]
INFO:root:Last commanded torques from controller: [0.0, 0.0, 0.0, 0.0, 0.0, 0.0, 0.0]
INFO:root:Measured link-side joint torques: [-0.2561, -36.4952, 0.8167, 11.1724, 0.6602, 1.7779, 0.4011]
INFO:root:Last commanded torques from controller: [0.0, 0.0, 0.0, 0.0, 0.0, 0.0, 0.0]
INFO:root:Measured link-side joint torques: [-0.2323, -36.4952, 0.7929, 11.1962, 0.6804, 1.798, 0.4085]
INFO:root:Last commanded torques from controller: [0.0, 0.0, 0.0, 0.0, 0.0, 0.0, 0.0]
INFO:root:Measured link-side joint torques: [-0.2561, -36.4952, 0.8405, 11.224, 0.6667, 1.798, 0.3673]
INFO:root:Last commanded torques from controller: [0.0, 0.0, 0.0, 0.0, 0.0, 0.0, 0.0]
INFO:root:Measured link-side joint torques: [-0.2323, -36.4714, 0.8167, 11.2478, 0.6804, 1.7779, 0.3407]
INFO:root:Last commanded torques from controller: [0.0, 0.0, 0.0, 0.0, 0.0, 0.0, 0.0]
INFO:root:Measured link-side joint torques: [-0.2561, -36.4952, 0.7652, 11.2716, 0.6667, 1.7651, 0.3947]
INFO:root:Last commanded torques from controller: [0.0, 0.0, 0.0, 0.0, 0.0, 0.0, 0.0]
INFO:root:Measured link-side joint torques: [-0.2561, -36.4952, 0.7652, 11.2716, 0.6667, 1.7651, 0.3947]
INFO:root:Last commanded torques from controller: [0.0, 0.0, 0.0, 0.0, 0.0, 0.0, 0.0]
INFO:root:Measured link-side joint torques: [-0.2323, -36.519, 0.7652, 11.2954, 0.6731, 1.7916, 0.3535]
INFO:root:Last commanded torques from controller: [0.0, 0.0, 0.0, 0.0, 0.0, 0.0, 0.0]
INFO:root:Measured link-side joint torques: [-0.2323, -36.519, 0.7929, 11.3192, 0.6667, 1.8182, 0.435]
INFO:root:Last commanded torques from controller: [0.0, 0.0, 0.0, 0.0, 0.0, 0.0, 0.0]
INFO:root:Measured link-side joint torques: [-0.2045, -36.519, 0.8167, 11.3192, 0.6667, 1.798, 0.3407]
INFO:root:Last commanded torques from controller: [0.0, 0.0, 0.0, 0.0, 0.0, 0.0, 0.0]
INFO:root:Measured link-side joint torques: [-0.2323, -36.519, 0.8643, 11.3946, 0.6667, 1.7916, 0.3673]
INFO:root:Last commanded torques from controller: [0.0, 0.0, 0.0, 0.0, 0.0, 0.0, 0.0]
INFO:root:Measured link-side joint torques: [-0.2323, -36.519, 0.8643, 11.3946, 0.6667, 1.7916, 0.3673]
INFO:root:Last commanded torques from controller: [0.0, 0.0, 0.0, 0.0, 0.0, 0.0, 0.0]
INFO:root:Measured link-side joint torques: [-0.2799, -36.5706, 0.8405, 11.3946, 0.6731, 1.798, 0.3535]
INFO:root:Last commanded torques from controller: [0.0, 0.0, 0.0, 0.0, 0.0, 0.0, 0.0]
INFO:root:Measured link-side joint torques: [-0.2323, -36.5706, 0.8167, 11.3946, 0.6804, 1.8054, 0.327]
INFO:root:Last commanded torques from controller: [0.0, 0.0, 0.0, 0.0, 0.0, 0.0, 0.0]
INFO:root:Measured link-side joint torques: [-0.1807, -36.5706, 0.7652, 11.4422, 0.6731, 1.8182, 0.3874]
INFO:root:Last commanded torques from controller: [0.0, 0.0, 0.0, 0.0, 0.0, 0.0, 0.0]
INFO:root:Measured link-side joint torques: [-0.2561, -36.5706, 0.8167, 11.47, 0.6804, 1.8255, 0.3471]
INFO:root:Last commanded torques from controller: [0.0, 0.0, 0.0, 0.0, 0.0, 0.0, 0.0]
INFO:root:Measured link-side joint torques: [-0.2561, -36.5706, 0.8167, 11.47, 0.6804, 1.8255, 0.3471]
INFO:root:Last commanded torques from controller: [0.0, 0.0, 0.0, 0.0, 0.0, 0.0, 0.0]
INFO:root:Measured link-side joint torques: [-0.2561, -36.6182, 0.8643, 11.4422, 0.6667, 1.8585, 0.3407]
INFO:root:Last commanded torques from controller: [0.0, 0.0, 0.0, 0.0, 0.0, 0.0, 0.0]
INFO:root:Measured link-side joint torques: [-0.2799, -36.6698, 0.8405, 11.4422, 0.6538, 1.8319, 0.381]
INFO:root:Last commanded torques from controller: [0.0, 0.0, 0.0, 0.0, 0.0, 0.0, 0.0]
INFO:root:Measured link-side joint torques: [-0.2323, -36.646, 0.7929, 11.4938, 0.6602, 1.8319, 0.3471]
INFO:root:Last commanded torques from controller: [0.0, 0.0, 0.0, 0.0, 0.0, 0.0, 0.0]
INFO:root:Measured link-side joint torques: [-0.2561, -36.6698, 0.7652, 11.47, 0.6731, 1.8319, 0.3947]
INFO:root:Last commanded torques from controller: [0.0, 0.0, 0.0, 0.0, 0.0, 0.0, 0.0]
INFO:root:Measured link-side joint torques: [-0.2561, -36.6698, 0.7652, 11.47, 0.6731, 1.8319, 0.3947]
INFO:root:Last commanded torques from controller: [0.0, 0.0, 0.0, 0.0, 0.0, 0.0, 0.0]
INFO:root:Measured link-side joint torques: [-0.2323, -36.6698, 0.8405, 11.5176, 0.6932, 1.8054, 0.3746]
INFO:root:Last commanded torques from controller: [0.0, 0.0, 0.0, 0.0, 0.0, 0.0, 0.0]
INFO:root:Measured link-side joint torques: [-0.2561, -36.7213, 0.8405, 11.47, 0.6996, 1.8255, 0.3334]
INFO:root:Last commanded torques from controller: [0.0, 0.0, 0.0, 0.0, 0.0, 0.0, 0.0]
INFO:root:Measured link-side joint torques: [-0.2561, -36.7689, 0.8167, 11.47, 0.6868, 1.8255, 0.3673]
INFO:root:Last commanded torques from controller: [0.0, 0.0, 0.0, 0.0, 0.0, 0.0, 0.0]
INFO:root:Measured link-side joint torques: [-0.2561, -36.7689, 0.8167, 11.47, 0.6602, 1.8319, 0.381]
INFO:root:Last commanded torques from controller: [0.0, 0.0, 0.0, 0.0, 0.0, 0.0, 0.0]
INFO:root:Measured link-side joint torques: [-0.2561, -36.7689, 0.8167, 11.47, 0.6602, 1.8319, 0.381]
INFO:root:Last commanded torques from controller: [0.0, 0.0, 0.0, 0.0, 0.0, 0.0, 0.0]
INFO:root:Measured link-side joint torques: [-0.3037, -36.8443, 0.8921, 11.4938, 0.6602, 1.8255, 0.327]
INFO:root:Last commanded torques from controller: [0.0, 0.0, 0.0, 0.0, 0.0, 0.0, 0.0]
INFO:root:Measured link-side joint torques: [-0.2323, -36.7967, 0.8643, 11.4938, 0.6804, 1.8319, 0.3947]
INFO:root:Last commanded torques from controller: [0.0, 0.0, 0.0, 0.0, 0.0, 0.0, 0.0]
INFO:root:Measured link-side joint torques: [-0.2323, -36.8205, 0.7929, 11.47, 0.6731, 1.8118, 0.3746]
INFO:root:Last commanded torques from controller: [0.0, 0.0, 0.0, 0.0, 0.0, 0.0, 0.0]
INFO:root:Measured link-side joint torques: [-0.2323, -36.8443, 0.8405, 11.47, 0.6731, 1.8118, 0.4423]
INFO:root:Last commanded torques from controller: [0.0, 0.0, 0.0, 0.0, 0.0, 0.0, 0.0]
INFO:root:Measured link-side joint torques: [-0.2323, -36.8443, 0.8405, 11.47, 0.6731, 1.8118, 0.4423]
INFO:root:Last commanded torques from controller: [0.0, 0.0, 0.0, 0.0, 0.0, 0.0, 0.0]
INFO:root:Measured link-side joint torques: [-0.3037, -36.8205, 0.7929, 11.4938, 0.6932, 1.8383, 0.3673]
INFO:root:Last commanded torques from controller: [0.0, 0.0, 0.0, 0.0, 0.0, 0.0, 0.0]
INFO:root:Measured link-side joint torques: [-0.3037, -36.7967, 0.8643, 11.47, 0.6731, 1.8521, 0.3471]
INFO:root:Last commanded torques from controller: [0.0, 0.0, 0.0, 0.0, 0.0, 0.0, 0.0]
INFO:root:Measured link-side joint torques: [-0.2323, -36.7451, 0.8405, 11.47, 0.6667, 1.8383, 0.327]
INFO:root:Last commanded torques from controller: [0.0, 0.0, 0.0, 0.0, 0.0, 0.0, 0.0]
INFO:root:Measured link-side joint torques: [-0.2799, -36.7689, 0.8167, 11.4422, 0.6868, 1.8118, 0.3947]
INFO:root:Last commanded torques from controller: [0.0, 0.0, 0.0, 0.0, 0.0, 0.0, 0.0]
INFO:root:Measured link-side joint torques: [-0.2799, -36.7689, 0.8167, 11.4422, 0.6868, 1.8118, 0.3947]
INFO:root:Last commanded torques from controller: [0.0, 0.0, 0.0, 0.0, 0.0, 0.0, 0.0]
INFO:root:Measured link-side joint torques: [-0.3037, -36.7967, 0.7929, 11.4938, 0.6804, 1.7779, 0.4423]
INFO:root:Last commanded torques from controller: [0.0, 0.0, 0.0, 0.0, 0.0, 0.0, 0.0]
INFO:root:Measured link-side joint torques: [-0.2045, -36.7967, 0.8405, 11.47, 0.6731, 1.7715, 0.3535]
INFO:root:Last commanded torques from controller: [0.0, 0.0, 0.0, 0.0, 0.0, 0.0, 0.0]
INFO:root:Measured link-side joint torques: [-0.2561, -36.8205, 0.7929, 11.4184, 0.6932, 1.8182, 0.4085]
INFO:root:Last commanded torques from controller: [0.0, 0.0, 0.0, 0.0, 0.0, 0.0, 0.0]
INFO:root:Measured link-side joint torques: [-0.2561, -36.7967, 0.7652, 11.4422, 0.6804, 1.8521, 0.4149]
INFO:root:Last commanded torques from controller: [0.0, 0.0, 0.0, 0.0, 0.0, 0.0, 0.0]
INFO:root:Measured link-side joint torques: [-0.2561, -36.7967, 0.7652, 11.4422, 0.6804, 1.8521, 0.4149]
INFO:root:Last commanded torques from controller: [0.0, 0.0, 0.0, 0.0, 0.0, 0.0, 0.0]
INFO:root:Measured link-side joint torques: [-0.2799, -36.8205, 0.7652, 11.47, 0.6804, 1.8182, 0.3535]
INFO:root:Last commanded torques from controller: [0.0, 0.0, 0.0, 0.0, 0.0, 0.0, 0.0]
INFO:root:Measured link-side joint torques: [-0.3314, -36.7451, 0.7929, 11.4938, 0.6667, 1.798, 0.381]
INFO:root:Last commanded torques from controller: [0.0, 0.0, 0.0, 0.0, 0.0, 0.0, 0.0]
INFO:root:Measured link-side joint torques: [-0.2561, -36.7213, 0.7929, 11.4422, 0.6868, 1.7916, 0.327]
INFO:root:Last commanded torques from controller: [0.0, 0.0, 0.0, 0.0, 0.0, 0.0, 0.0]
INFO:root:Measured link-side joint torques: [-0.2323, -36.8205, 0.7929, 11.47, 0.6932, 1.8054, 0.3535]
INFO:root:Last commanded torques from controller: [0.0, 0.0, 0.0, 0.0, 0.0, 0.0, 0.0]
INFO:root:Measured link-side joint torques: [-0.2323, -36.8205, 0.7929, 11.47, 0.6932, 1.8054, 0.3535]
INFO:root:Last commanded torques from controller: [0.0, 0.0, 0.0, 0.0, 0.0, 0.0, 0.0]
INFO:root:Measured link-side joint torques: [-0.2799, -36.7967, 0.8167, 11.47, 0.6868, 1.8182, 0.3874]
INFO:root:Last commanded torques from controller: [0.0, 0.0, 0.0, 0.0, 0.0, 0.0, 0.0]
INFO:root:Measured link-side joint torques: [-0.2561, -36.7451, 0.8167, 11.47, 0.6731, 1.8383, 0.327]
INFO:root:Last commanded torques from controller: [0.0, 0.0, 0.0, 0.0, 0.0, 0.0, 0.0]
INFO:root:Measured link-side joint torques: [-0.2799, -36.6698, 0.8405, 11.47, 0.6538, 1.8383, 0.3947]
INFO:root:Last commanded torques from controller: [0.0, 0.0, 0.0, 0.0, 0.0, 0.0, 0.0]
INFO:root:Measured link-side joint torques: [-0.2045, -36.6936, 0.8405, 11.4938, 0.6538, 1.8457, 0.381]
INFO:root:Last commanded torques from controller: [0.0, 0.0, 0.0, 0.0, 0.0, 0.0, 0.0]
INFO:root:Measured link-side joint torques: [-0.2045, -36.6936, 0.8405, 11.4938, 0.6538, 1.8457, 0.381]
INFO:root:Last commanded torques from controller: [0.0, 0.0, 0.0, 0.0, 0.0, 0.0, 0.0]
INFO:root:Measured link-side joint torques: [-0.1807, -36.7451, 0.8405, 11.4422, 0.6804, 1.8585, 0.327]
INFO:root:Last commanded torques from controller: [0.0, 0.0, 0.0, 0.0, 0.0, 0.0, 0.0]
INFO:root:Measured link-side joint torques: [-0.1807, -36.7213, 0.8405, 11.4422, 0.6804, 1.8118, 0.435]
INFO:root:Last commanded torques from controller: [0.0, 0.0, 0.0, 0.0, 0.0, 0.0, 0.0]
INFO:root:Measured link-side joint torques: [-0.2323, -36.6936, 0.8405, 11.4184, 0.6731, 1.8118, 0.3673]
INFO:root:Last commanded torques from controller: [0.0, 0.0, 0.0, 0.0, 0.0, 0.0, 0.0]
INFO:root:Measured link-side joint torques: [-0.2561, -36.7213, 0.8643, 11.4184, 0.6731, 1.8521, 0.435]
INFO:root:Last commanded torques from controller: [0.0, 0.0, 0.0, 0.0, 0.0, 0.0, 0.0]
INFO:root:Measured link-side joint torques: [-0.2561, -36.7213, 0.8643, 11.4184, 0.6731, 1.8521, 0.435]
INFO:root:Last commanded torques from controller: [0.0, 0.0, 0.0, 0.0, 0.0, 0.0, 0.0]
INFO:root:Measured link-side joint torques: [-0.2561, -36.6936, 0.8405, 11.3946, 0.6731, 1.8585, 0.4222]
INFO:root:Last commanded torques from controller: [0.0, 0.0, 0.0, 0.0, 0.0, 0.0, 0.0]
INFO:root:Measured link-side joint torques: [-0.2799, -36.7213, 0.8167, 11.3946, 0.6804, 1.8457, 0.3334]
INFO:root:Last commanded torques from controller: [0.0, 0.0, 0.0, 0.0, 0.0, 0.0, 0.0]
INFO:root:Measured link-side joint torques: [-0.2561, -36.6936, 0.8167, 11.3708, 0.6804, 1.8521, 0.381]
INFO:root:Last commanded torques from controller: [0.0, 0.0, 0.0, 0.0, 0.0, 0.0, 0.0]
INFO:root:Measured link-side joint torques: [-0.2323, -36.6698, 0.7929, 11.3708, 0.6868, 1.8118, 0.3535]
INFO:root:Last commanded torques from controller: [0.0, 0.0, 0.0, 0.0, 0.0, 0.0, 0.0]
INFO:root:Measured link-side joint torques: [-0.2323, -36.6698, 0.7929, 11.3708, 0.6868, 1.8118, 0.3535]
INFO:root:Last commanded torques from controller: [0.0, 0.0, 0.0, 0.0, 0.0, 0.0, 0.0]
INFO:root:Measured link-side joint torques: [-0.2799, -36.6936, 0.8167, 11.3192, 0.6868, 1.8182, 0.3407]
INFO:root:Last commanded torques from controller: [0.0, 0.0, 0.0, 0.0, 0.0, 0.0, 0.0]
INFO:root:Measured link-side joint torques: [-0.2323, -36.6936, 0.7652, 11.3192, 0.6731, 1.8585, 0.4149]
INFO:root:Last commanded torques from controller: [0.0, 0.0, 0.0, 0.0, 0.0, 0.0, 0.0]
INFO:root:Measured link-side joint torques: [-0.2561, -36.6936, 0.8167, 11.2716, 0.6804, 1.8658, 0.3874]
INFO:root:Last commanded torques from controller: [0.0, 0.0, 0.0, 0.0, 0.0, 0.0, 0.0]
INFO:root:Measured link-side joint torques: [-0.2799, -36.6936, 0.7652, 11.2716, 0.6602, 1.8383, 0.4085]
INFO:root:Last commanded torques from controller: [0.0, 0.0, 0.0, 0.0, 0.0, 0.0, 0.0]
INFO:root:Measured link-side joint torques: [-0.2799, -36.6936, 0.7652, 11.2716, 0.6602, 1.8383, 0.4085]
INFO:root:Last commanded torques from controller: [0.0, 0.0, 0.0, 0.0, 0.0, 0.0, 0.0]
INFO:root:Measured link-side joint torques: [-0.2799, -36.646, 0.8643, 11.1724, 0.6804, 1.8319, 0.3535]
INFO:root:Last commanded torques from controller: [0.0, 0.0, 0.0, 0.0, 0.0, 0.0, 0.0]
INFO:root:Measured link-side joint torques: [-0.2323, -36.6698, 0.7929, 11.1724, 0.6804, 1.8319, 0.381]
INFO:root:Last commanded torques from controller: [0.0, 0.0, 0.0, 0.0, 0.0, 0.0, 0.0]
INFO:root:Measured link-side joint torques: [-0.2561, -36.6698, 0.8167, 11.1486, 0.6804, 1.8319, 0.3471]
INFO:root:Last commanded torques from controller: [0.0, 0.0, 0.0, 0.0, 0.0, 0.0, 0.0]
INFO:root:Measured link-side joint torques: [-0.2799, -36.7213, 0.8167, 11.1724, 0.6667, 1.8319, 0.381]
INFO:root:Last commanded torques from controller: [0.0, 0.0, 0.0, 0.0, 0.0, 0.0, 0.0]
INFO:root:Measured link-side joint torques: [-0.2799, -36.7213, 0.8167, 11.1724, 0.6667, 1.8319, 0.381]
INFO:root:Last commanded torques from controller: [0.0, 0.0, 0.0, 0.0, 0.0, 0.0, 0.0]
INFO:root:Measured link-side joint torques: [-0.2323, -36.6698, 0.8405, 11.1248, 0.6602, 1.798, 0.4222]
INFO:root:Last commanded torques from controller: [0.0, 0.0, 0.0, 0.0, 0.0, 0.0, 0.0]
INFO:root:Measured link-side joint torques: [-0.2561, -36.5944, 0.8643, 11.1486, 0.6602, 1.7916, 0.3947]
INFO:root:Last commanded torques from controller: [0.0, 0.0, 0.0, 0.0, 0.0, 0.0, 0.0]
INFO:root:Measured link-side joint torques: [-0.2045, -36.7213, 0.7929, 11.101, 0.6731, 1.798, 0.4149]
INFO:root:Last commanded torques from controller: [0.0, 0.0, 0.0, 0.0, 0.0, 0.0, 0.0]
INFO:root:Measured link-side joint torques: [-0.2323, -36.6936, 0.8643, 11.1724, 0.6731, 1.798, 0.3535]
INFO:root:Last commanded torques from controller: [0.0, 0.0, 0.0, 0.0, 0.0, 0.0, 0.0]
INFO:root:Measured link-side joint torques: [-0.2323, -36.6936, 0.8643, 11.1724, 0.6731, 1.798, 0.3535]
INFO:root:Last commanded torques from controller: [0.0, 0.0, 0.0, 0.0, 0.0, 0.0, 0.0]
INFO:root:Measured link-side joint torques: [-0.2045, -36.6698, 0.8405, 11.1724, 0.6731, 1.8054, 0.3947]
INFO:root:Last commanded torques from controller: [0.0, 0.0, 0.0, 0.0, 0.0, 0.0, 0.0]
INFO:root:Measured link-side joint torques: [-0.2561, -36.6698, 0.8405, 11.101, 0.6731, 1.8182, 0.3673]
INFO:root:Last commanded torques from controller: [0.0, 0.0, 0.0, 0.0, 0.0, 0.0, 0.0]
INFO:root:Measured link-side joint torques: [-0.2561, -36.6182, 0.8643, 11.1248, 0.6731, 1.8182, 0.381]
INFO:root:Last commanded torques from controller: [0.0, 0.0, 0.0, 0.0, 0.0, 0.0, 0.0]
INFO:root:Measured link-side joint torques: [-0.2561, -36.646, 0.8405, 11.1248, 0.6731, 1.798, 0.435]
INFO:root:Last commanded torques from controller: [0.0, 0.0, 0.0, 0.0, 0.0, 0.0, 0.0]
INFO:root:Measured link-side joint torques: [-0.2561, -36.646, 0.8405, 11.1248, 0.6731, 1.798, 0.435]
INFO:root:Last commanded torques from controller: [0.0, 0.0, 0.0, 0.0, 0.0, 0.0, 0.0]
INFO:root:Measured link-side joint torques: [-0.2045, -36.6182, 0.8167, 11.1248, 0.6932, 1.798, 0.3673]
INFO:root:Last commanded torques from controller: [0.0, 0.0, 0.0, 0.0, 0.0, 0.0, 0.0]
INFO:root:Measured link-side joint torques: [-0.2799, -36.646, 0.7929, 11.1248, 0.6731, 1.7852, 0.3673]
INFO:root:Last commanded torques from controller: [0.0, 0.0, 0.0, 0.0, 0.0, 0.0, 0.0]
INFO:root:Measured link-side joint torques: [-0.1807, -36.5706, 0.8167, 11.0732, 0.6731, 1.7852, 0.381]
INFO:root:Last commanded torques from controller: [0.0, 0.0, 0.0, 0.0, 0.0, 0.0, 0.0]
INFO:root:Measured link-side joint torques: [-0.2799, -36.6182, 0.7652, 11.1248, 0.6667, 1.8054, 0.3133]
INFO:root:Last commanded torques from controller: [0.0, 0.0, 0.0, 0.0, 0.0, 0.0, 0.0]
INFO:root:Measured link-side joint torques: [-0.2799, -36.6182, 0.7652, 11.1248, 0.6667, 1.8054, 0.3133]
INFO:root:Last commanded torques from controller: [0.0, 0.0, 0.0, 0.0, 0.0, 0.0, 0.0]
INFO:root:Measured link-side joint torques: [-0.3037, -36.5706, 0.8405, 11.101, 0.6667, 1.8118, 0.4011]
INFO:root:Last commanded torques from controller: [0.0, 0.0, 0.0, 0.0, 0.0, 0.0, 0.0]
INFO:root:Measured link-side joint torques: [-0.3037, -36.519, 0.8167, 11.101, 0.6868, 1.8054, 0.4085]
INFO:root:Last commanded torques from controller: [0.0, 0.0, 0.0, 0.0, 0.0, 0.0, 0.0]
INFO:root:Measured link-side joint torques: [-0.3314, -36.4952, 0.7652, 11.1724, 0.6804, 1.8118, 0.4561]
INFO:root:Last commanded torques from controller: [0.0, 0.0, 0.0, 0.0, 0.0, 0.0, 0.0]
INFO:root:Measured link-side joint torques: [-0.2799, -36.519, 0.8167, 11.1486, 0.6932, 1.798, 0.381]
INFO:root:Last commanded torques from controller: [0.0, 0.0, 0.0, 0.0, 0.0, 0.0, 0.0]
INFO:root:Measured link-side joint torques: [-0.2799, -36.519, 0.8167, 11.1486, 0.6932, 1.798, 0.381]
INFO:root:Last commanded torques from controller: [0.0, 0.0, 0.0, 0.0, 0.0, 0.0, 0.0]
INFO:root:Measured link-side joint torques: [-0.2799, -36.4952, 0.7929, 11.1724, 0.6804, 1.8118, 0.3535]
INFO:root:Last commanded torques from controller: [0.0, 0.0, 0.0, 0.0, 0.0, 0.0, 0.0]
INFO:root:Measured link-side joint torques: [-0.3552, -36.4714, 0.7929, 11.1962, 0.6804, 1.8319, 0.4149]
INFO:root:Last commanded torques from controller: [0.0, 0.0, 0.0, 0.0, 0.0, 0.0, 0.0]
INFO:root:Measured link-side joint torques: [-0.3314, -36.4952, 0.8167, 11.2478, 0.6667, 1.8383, 0.3673]
INFO:root:Last commanded torques from controller: [0.0, 0.0, 0.0, 0.0, 0.0, 0.0, 0.0]
INFO:root:Measured link-side joint torques: [-0.2799, -36.5468, 0.7929, 11.2716, 0.6667, 1.8521, 0.327]
INFO:root:Last commanded torques from controller: [0.0, 0.0, 0.0, 0.0, 0.0, 0.0, 0.0]
INFO:root:Measured link-side joint torques: [-0.2799, -36.5468, 0.7929, 11.2716, 0.6667, 1.8521, 0.327]
INFO:root:Last commanded torques from controller: [0.0, 0.0, 0.0, 0.0, 0.0, 0.0, 0.0]
INFO:root:Measured link-side joint torques: [-0.3037, -36.4952, 0.8167, 11.2478, 0.6868, 1.8319, 0.3673]
INFO:root:Last commanded torques from controller: [0.0, 0.0, 0.0, 0.0, 0.0, 0.0, 0.0]
INFO:root:Measured link-side joint torques: [-0.2561, -36.4952, 0.8405, 11.2478, 0.6868, 1.7852, 0.381]
INFO:root:Last commanded torques from controller: [0.0, 0.0, 0.0, 0.0, 0.0, 0.0, 0.0]
INFO:root:Measured link-side joint torques: [-0.2799, -36.4714, 0.7929, 11.224, 0.6804, 1.7779, 0.4149]
INFO:root:Last commanded torques from controller: [0.0, 0.0, 0.0, 0.0, 0.0, 0.0, 0.0]
INFO:root:Measured link-side joint torques: [-0.2561, -36.4436, 0.8167, 11.2478, 0.6996, 1.7916, 0.3673]
INFO:root:Last commanded torques from controller: [0.0, 0.0, 0.0, 0.0, 0.0, 0.0, 0.0]
INFO:root:Measured link-side joint torques: [-0.2561, -36.4436, 0.8167, 11.2478, 0.6996, 1.7916, 0.3673]
INFO:root:Last commanded torques from controller: [0.0, 0.0, 0.0, 0.0, 0.0, 0.0, 0.0]
INFO:root:Measured link-side joint torques: [-0.2799, -36.4436, 0.7652, 11.1962, 0.6932, 1.8383, 0.3947]
INFO:root:Last commanded torques from controller: [0.0, 0.0, 0.0, 0.0, 0.0, 0.0, 0.0]
INFO:root:Measured link-side joint torques: [-0.3552, -36.4198, 0.8167, 11.2478, 0.6731, 1.8521, 0.4222]
INFO:root:Last commanded torques from controller: [0.0, 0.0, 0.0, 0.0, 0.0, 0.0, 0.0]
INFO:root:Measured link-side joint torques: [-0.3314, -36.4198, 0.7652, 11.1962, 0.6731, 1.8255, 0.381]
INFO:root:Last commanded torques from controller: [0.0, 0.0, 0.0, 0.0, 0.0, 0.0, 0.0]
INFO:root:Measured link-side joint torques: [-0.2561, -36.396, 0.7176, 11.1962, 0.6731, 1.7651, 0.3673]
INFO:root:Last commanded torques from controller: [0.0, 0.0, 0.0, 0.0, 0.0, 0.0, 0.0]
INFO:root:Measured link-side joint torques: [-0.2561, -36.396, 0.7176, 11.1962, 0.6731, 1.7651, 0.3673]
INFO:root:Last commanded torques from controller: [0.0, 0.0, 0.0, 0.0, 0.0, 0.0, 0.0]
INFO:root:Measured link-side joint torques: [-0.3314, -36.4198, 0.7652, 11.1486, 0.6996, 1.7578, 0.3947]
INFO:root:Last commanded torques from controller: [0.0, 0.0, 0.0, 0.0, 0.0, 0.0, 0.0]
INFO:root:Measured link-side joint torques: [-0.3314, -36.4952, 0.7652, 11.1486, 0.6996, 1.7916, 0.3746]
INFO:root:Last commanded torques from controller: [0.0, 0.0, 0.0, 0.0, 0.0, 0.0, 0.0]
INFO:root:Measured link-side joint torques: [-0.3314, -36.4436, 0.7929, 11.1486, 0.6932, 1.8255, 0.3673]
INFO:root:Last commanded torques from controller: [0.0, 0.0, 0.0, 0.0, 0.0, 0.0, 0.0]
INFO:root:Measured link-side joint torques: [-0.3314, -36.4198, 0.7929, 11.1724, 0.6868, 1.8457, 0.327]
INFO:root:Last commanded torques from controller: [0.0, 0.0, 0.0, 0.0, 0.0, 0.0, 0.0]
INFO:root:Measured link-side joint torques: [-0.3314, -36.4198, 0.7929, 11.1724, 0.6868, 1.8457, 0.327]
INFO:root:Last commanded torques from controller: [0.0, 0.0, 0.0, 0.0, 0.0, 0.0, 0.0]
INFO:root:Measured link-side joint torques: [-0.3314, -36.4198, 0.7652, 11.1248, 0.6804, 1.8521, 0.4085]
INFO:root:Last commanded torques from controller: [0.0, 0.0, 0.0, 0.0, 0.0, 0.0, 0.0]
INFO:root:Measured link-side joint torques: [-0.3037, -36.4714, 0.7652, 11.1724, 0.6932, 1.8182, 0.3947]
INFO:root:Last commanded torques from controller: [0.0, 0.0, 0.0, 0.0, 0.0, 0.0, 0.0]
INFO:root:Measured link-side joint torques: [-0.3037, -36.4436, 0.7414, 11.1724, 0.6932, 1.8383, 0.435]
INFO:root:Last commanded torques from controller: [0.0, 0.0, 0.0, 0.0, 0.0, 0.0, 0.0]
INFO:root:Measured link-side joint torques: [-0.2799, -36.4436, 0.7414, 11.1724, 0.6868, 1.8319, 0.3874]
INFO:root:Last commanded torques from controller: [0.0, 0.0, 0.0, 0.0, 0.0, 0.0, 0.0]
INFO:root:Measured link-side joint torques: [-0.2799, -36.4436, 0.7414, 11.1724, 0.6868, 1.8319, 0.3874]
INFO:root:Last commanded torques from controller: [0.0, 0.0, 0.0, 0.0, 0.0, 0.0, 0.0]
INFO:root:Measured link-side joint torques: [-0.2799, -36.4436, 0.7414, 11.1724, 0.6804, 1.8118, 0.3947]
INFO:root:Last commanded torques from controller: [0.0, 0.0, 0.0, 0.0, 0.0, 0.0, 0.0]
INFO:root:Measured link-side joint torques: [-0.2799, -36.4714, 0.7414, 11.1724, 0.6602, 1.8255, 0.4149]
INFO:root:Last commanded torques from controller: [0.0, 0.0, 0.0, 0.0, 0.0, 0.0, 0.0]
INFO:root:Measured link-side joint torques: [-0.3037, -36.4198, 0.7929, 11.101, 0.6731, 1.8383, 0.327]
INFO:root:Last commanded torques from controller: [0.0, 0.0, 0.0, 0.0, 0.0, 0.0, 0.0]
INFO:root:Measured link-side joint torques: [-0.3037, -36.4714, 0.7929, 11.1962, 0.6868, 1.8521, 0.3609]
INFO:root:Last commanded torques from controller: [0.0, 0.0, 0.0, 0.0, 0.0, 0.0, 0.0]
INFO:root:Measured link-side joint torques: [-0.3037, -36.4714, 0.7929, 11.1962, 0.6868, 1.8521, 0.3609]
INFO:root:Last commanded torques from controller: [0.0, 0.0, 0.0, 0.0, 0.0, 0.0, 0.0]
INFO:root:Measured link-side joint torques: [-0.2799, -36.4714, 0.7929, 11.1962, 0.6932, 1.8383, 0.4423]
INFO:root:Last commanded torques from controller: [0.0, 0.0, 0.0, 0.0, 0.0, 0.0, 0.0]
INFO:root:Measured link-side joint torques: [-0.2799, -36.4714, 0.7652, 11.1486, 0.6932, 1.7715, 0.3197]
INFO:root:Last commanded torques from controller: [0.0, 0.0, 0.0, 0.0, 0.0, 0.0, 0.0]
INFO:root:Measured link-side joint torques: [-0.2799, -36.4436, 0.7176, 11.1486, 0.6868, 1.7651, 0.4222]
INFO:root:Last commanded torques from controller: [0.0, 0.0, 0.0, 0.0, 0.0, 0.0, 0.0]
INFO:root:Measured link-side joint torques: [-0.2799, -36.4198, 0.7929, 11.1486, 0.6804, 1.8118, 0.3673]
INFO:root:Last commanded torques from controller: [0.0, 0.0, 0.0, 0.0, 0.0, 0.0, 0.0]
INFO:root:Measured link-side joint torques: [-0.2799, -36.4198, 0.7929, 11.1486, 0.6804, 1.8118, 0.3673]
INFO:root:Last commanded torques from controller: [0.0, 0.0, 0.0, 0.0, 0.0, 0.0, 0.0]
INFO:root:Measured link-side joint torques: [-0.3037, -36.4436, 0.7652, 11.1724, 0.6868, 1.8383, 0.3407]
INFO:root:Last commanded torques from controller: [0.0, 0.0, 0.0, 0.0, 0.0, 0.0, 0.0]
INFO:root:Measured link-side joint torques: [-0.2799, -36.3722, 0.7929, 11.1248, 0.6804, 1.8585, 0.435]
INFO:root:Last commanded torques from controller: [0.0, 0.0, 0.0, 0.0, 0.0, 0.0, 0.0]
INFO:root:Measured link-side joint torques: [-0.3037, -36.3444, 0.8405, 11.1962, 0.6868, 1.8118, 0.3673]
INFO:root:Last commanded torques from controller: [0.0, 0.0, 0.0, 0.0, 0.0, 0.0, 0.0]
INFO:root:Measured link-side joint torques: [-0.2561, -36.4198, 0.7414, 11.224, 0.6932, 1.7852, 0.4286]
INFO:root:Last commanded torques from controller: [0.0, 0.0, 0.0, 0.0, 0.0, 0.0, 0.0]
INFO:root:Measured link-side joint torques: [-0.2561, -36.4198, 0.7414, 11.224, 0.6932, 1.7852, 0.4286]
INFO:root:Last commanded torques from controller: [0.0, 0.0, 0.0, 0.0, 0.0, 0.0, 0.0]
INFO:root:Measured link-side joint torques: [-0.2561, -36.396, 0.7414, 11.1248, 0.6932, 1.7715, 0.4286]
INFO:root:Last commanded torques from controller: [0.0, 0.0, 0.0, 0.0, 0.0, 0.0, 0.0]
INFO:root:Measured link-side joint torques: [-0.2561, -36.4198, 0.7414, 11.1248, 0.706, 1.8255, 0.3535]
INFO:root:Last commanded torques from controller: [0.0, 0.0, 0.0, 0.0, 0.0, 0.0, 0.0]
INFO:root:Measured link-side joint torques: [-0.2799, -36.4436, 0.7414, 11.1248, 0.6868, 1.8054, 0.3535]
INFO:root:Last commanded torques from controller: [0.0, 0.0, 0.0, 0.0, 0.0, 0.0, 0.0]
INFO:root:Measured link-side joint torques: [-0.3314, -36.396, 0.7929, 11.1724, 0.6868, 1.8054, 0.3535]
INFO:root:Last commanded torques from controller: [0.0, 0.0, 0.0, 0.0, 0.0, 0.0, 0.0]
INFO:root:Measured link-side joint torques: [-0.3314, -36.396, 0.7929, 11.1724, 0.6868, 1.8054, 0.3535]
INFO:root:Last commanded torques from controller: [0.0, 0.0, 0.0, 0.0, 0.0, 0.0, 0.0]
INFO:root:Measured link-side joint torques: [-0.3037, -36.3444, 0.7652, 11.1962, 0.6932, 1.8054, 0.3673]
INFO:root:Last commanded torques from controller: [0.0, 0.0, 0.0, 0.0, 0.0, 0.0, 0.0]
INFO:root:Measured link-side joint torques: [-0.2799, -36.3722, 0.7652, 11.224, 0.706, 1.798, 0.3535]
INFO:root:Last commanded torques from controller: [0.0, 0.0, 0.0, 0.0, 0.0, 0.0, 0.0]
INFO:root:Measured link-side joint torques: [-0.2799, -36.396, 0.7652, 11.1962, 0.6996, 1.8054, 0.4085]
INFO:root:Last commanded torques from controller: [0.0, 0.0, 0.0, 0.0, 0.0, 0.0, 0.0]
INFO:root:Measured link-side joint torques: [-0.3037, -36.3722, 0.7652, 11.224, 0.6932, 1.8054, 0.4222]
INFO:root:Last commanded torques from controller: [0.0, 0.0, 0.0, 0.0, 0.0, 0.0, 0.0]
INFO:root:Measured link-side joint torques: [-0.3037, -36.3722, 0.7652, 11.224, 0.6932, 1.8054, 0.4222]
INFO:root:Last commanded torques from controller: [0.0, 0.0, 0.0, 0.0, 0.0, 0.0, 0.0]
INFO:root:Measured link-side joint torques: [-0.3037, -36.396, 0.8167, 11.224, 0.6731, 1.798, 0.3673]
INFO:root:Last commanded torques from controller: [0.0, 0.0, 0.0, 0.0, 0.0, 0.0, 0.0]
INFO:root:Measured link-side joint torques: [-0.3037, -36.3722, 0.8167, 11.2716, 0.6667, 1.8182, 0.381]
INFO:root:Last commanded torques from controller: [0.0, 0.0, 0.0, 0.0, 0.0, 0.0, 0.0]
INFO:root:Measured link-side joint torques: [-0.3314, -36.3722, 0.7929, 11.224, 0.6868, 1.8182, 0.3407]
INFO:root:Last commanded torques from controller: [0.0, 0.0, 0.0, 0.0, 0.0, 0.0, 0.0]
INFO:root:Measured link-side joint torques: [-0.2561, -36.396, 0.8167, 11.1724, 0.6868, 1.8255, 0.4222]
INFO:root:Last commanded torques from controller: [0.0, 0.0, 0.0, 0.0, 0.0, 0.0, 0.0]
INFO:root:Measured link-side joint torques: [-0.2561, -36.396, 0.8167, 11.1724, 0.6868, 1.8255, 0.4222]
INFO:root:Last commanded torques from controller: [0.0, 0.0, 0.0, 0.0, 0.0, 0.0, 0.0]
INFO:root:Measured link-side joint torques: [-0.2561, -36.4952, 0.7929, 11.1724, 0.6932, 1.7916, 0.3746]
INFO:root:Last commanded torques from controller: [0.0, 0.0, 0.0, 0.0, 0.0, 0.0, 0.0]
INFO:root:Measured link-side joint torques: [-0.2799, -36.4198, 0.8167, 11.1486, 0.6996, 1.7916, 0.4222]
INFO:root:Last commanded torques from controller: [0.0, 0.0, 0.0, 0.0, 0.0, 0.0, 0.0]
INFO:root:Measured link-side joint torques: [-0.3037, -36.4952, 0.8167, 11.1248, 0.6804, 1.798, 0.381]
INFO:root:Last commanded torques from controller: [0.0, 0.0, 0.0, 0.0, 0.0, 0.0, 0.0]
INFO:root:Measured link-side joint torques: [-0.2799, -36.4198, 0.7929, 11.101, 0.6996, 1.8255, 0.4085]
INFO:root:Last commanded torques from controller: [0.0, 0.0, 0.0, 0.0, 0.0, 0.0, 0.0]
INFO:root:Measured link-side joint torques: [-0.2799, -36.4198, 0.7929, 11.101, 0.6996, 1.8255, 0.4085]
INFO:root:Last commanded torques from controller: [0.0, 0.0, 0.0, 0.0, 0.0, 0.0, 0.0]
INFO:root:Measured link-side joint torques: [-0.2799, -36.4436, 0.8405, 11.0494, 0.6868, 1.8182, 0.4625]
INFO:root:Last commanded torques from controller: [0.0, 0.0, 0.0, 0.0, 0.0, 0.0, 0.0]
INFO:root:Measured link-side joint torques: [-0.3037, -36.4436, 0.8405, 11.0732, 0.6996, 1.8182, 0.3535]
INFO:root:Last commanded torques from controller: [0.0, 0.0, 0.0, 0.0, 0.0, 0.0, 0.0]
INFO:root:Measured link-side joint torques: [-0.3314, -36.4436, 0.7929, 11.0256, 0.6932, 1.8054, 0.3947]
INFO:root:Last commanded torques from controller: [0.0, 0.0, 0.0, 0.0, 0.0, 0.0, 0.0]
INFO:root:Measured link-side joint torques: [-0.3037, -36.4714, 0.7414, 11.0732, 0.6804, 1.7852, 0.4222]
INFO:root:Last commanded torques from controller: [0.0, 0.0, 0.0, 0.0, 0.0, 0.0, 0.0]
INFO:root:Measured link-side joint torques: [-0.3037, -36.4714, 0.7414, 11.0732, 0.6804, 1.7852, 0.4222]
INFO:root:Last commanded torques from controller: [0.0, 0.0, 0.0, 0.0, 0.0, 0.0, 0.0]
INFO:root:Measured link-side joint torques: [-0.2799, -36.4436, 0.7929, 11.101, 0.6932, 1.8182, 0.4085]
INFO:root:Last commanded torques from controller: [0.0, 0.0, 0.0, 0.0, 0.0, 0.0, 0.0]
INFO:root:Measured link-side joint torques: [-0.3314, -36.4952, 0.7929, 11.101, 0.6932, 1.8319, 0.3535]
INFO:root:Last commanded torques from controller: [0.0, 0.0, 0.0, 0.0, 0.0, 0.0, 0.0]
INFO:root:Measured link-side joint torques: [-0.3314, -36.5468, 0.7652, 11.0494, 0.6996, 1.8319, 0.3535]
INFO:root:Last commanded torques from controller: [0.0, 0.0, 0.0, 0.0, 0.0, 0.0, 0.0]
INFO:root:Measured link-side joint torques: [-0.3314, -36.5706, 0.7652, 11.101, 0.6932, 1.798, 0.3673]
INFO:root:Last commanded torques from controller: [0.0, 0.0, 0.0, 0.0, 0.0, 0.0, 0.0]
INFO:root:Measured link-side joint torques: [-0.3314, -36.5706, 0.7652, 11.101, 0.6932, 1.798, 0.3673]
INFO:root:Last commanded torques from controller: [0.0, 0.0, 0.0, 0.0, 0.0, 0.0, 0.0]
INFO:root:Measured link-side joint torques: [-0.2799, -36.5468, 0.7652, 11.0732, 0.6932, 1.7715, 0.3407]
INFO:root:Last commanded torques from controller: [0.0, 0.0, 0.0, 0.0, 0.0, 0.0, 0.0]
INFO:root:Measured link-side joint torques: [-0.2561, -36.5706, 0.7652, 11.1486, 0.6932, 1.798, 0.3874]
INFO:root:Last commanded torques from controller: [0.0, 0.0, 0.0, 0.0, 0.0, 0.0, 0.0]
INFO:root:Measured link-side joint torques: [-0.2799, -36.5706, 0.7929, 11.101, 0.7133, 1.8383, 0.435]
INFO:root:Last commanded torques from controller: [0.0, 0.0, 0.0, 0.0, 0.0, 0.0, 0.0]
INFO:root:Measured link-side joint torques: [-0.2561, -36.519, 0.7652, 11.0494, 0.7133, 1.8319, 0.4423]
INFO:root:Last commanded torques from controller: [0.0, 0.0, 0.0, 0.0, 0.0, 0.0, 0.0]
INFO:root:Measured link-side joint torques: [-0.2561, -36.519, 0.7652, 11.0494, 0.7133, 1.8319, 0.4423]
INFO:root:Last commanded torques from controller: [0.0, 0.0, 0.0, 0.0, 0.0, 0.0, 0.0]
INFO:root:Measured link-side joint torques: [-0.2799, -36.5468, 0.7652, 11.101, 0.6804, 1.8255, 0.4222]
INFO:root:Last commanded torques from controller: [0.0, 0.0, 0.0, 0.0, 0.0, 0.0, 0.0]
INFO:root:Measured link-side joint torques: [-0.2323, -36.4952, 0.7414, 11.101, 0.6804, 1.7916, 0.4286]
INFO:root:Last commanded torques from controller: [0.0, 0.0, 0.0, 0.0, 0.0, 0.0, 0.0]
INFO:root:Measured link-side joint torques: [-0.2799, -36.519, 0.8167, 11.1248, 0.6804, 1.7715, 0.381]
INFO:root:Last commanded torques from controller: [0.0, 0.0, 0.0, 0.0, 0.0, 0.0, 0.0]
INFO:root:Measured link-side joint torques: [-0.2323, -36.4952, 0.8167, 11.101, 0.6932, 1.7852, 0.3673]
INFO:root:Last commanded torques from controller: [0.0, 0.0, 0.0, 0.0, 0.0, 0.0, 0.0]
INFO:root:Measured link-side joint torques: [-0.2323, -36.4952, 0.8167, 11.101, 0.6932, 1.7852, 0.3673]
INFO:root:Last commanded torques from controller: [0.0, 0.0, 0.0, 0.0, 0.0, 0.0, 0.0]
INFO:root:Measured link-side joint torques: [-0.2323, -36.5468, 0.7652, 11.0256, 0.6996, 1.7916, 0.4085]
INFO:root:Last commanded torques from controller: [0.0, 0.0, 0.0, 0.0, 0.0, 0.0, 0.0]
INFO:root:Measured link-side joint torques: [-0.2323, -36.4714, 0.8167, 11.0256, 0.6932, 1.798, 0.4085]
INFO:root:Last commanded torques from controller: [0.0, 0.0, 0.0, 0.0, 0.0, 0.0, 0.0]
INFO:root:Measured link-side joint torques: [-0.2799, -36.4952, 0.8167, 11.0256, 0.6932, 1.7916, 0.4488]
INFO:root:Last commanded torques from controller: [0.0, 0.0, 0.0, 0.0, 0.0, 0.0, 0.0]
INFO:root:Measured link-side joint torques: [-0.2561, -36.4714, 0.8167, 11.0494, 0.6667, 1.7916, 0.4085]
INFO:root:Last commanded torques from controller: [0.0, 0.0, 0.0, 0.0, 0.0, 0.0, 0.0]
INFO:root:Measured link-side joint torques: [-0.2561, -36.4714, 0.8167, 11.0494, 0.6667, 1.7916, 0.4085]
INFO:root:Last commanded torques from controller: [0.0, 0.0, 0.0, 0.0, 0.0, 0.0, 0.0]
INFO:root:Measured link-side joint torques: [-0.2561, -36.4952, 0.8167, 11.0256, 0.706, 1.8118, 0.3874]
INFO:root:Last commanded torques from controller: [0.0, 0.0, 0.0, 0.0, 0.0, 0.0, 0.0]
INFO:root:Measured link-side joint torques: [-0.2561, -36.4714, 0.7929, 11.0494, 0.706, 1.8255, 0.4222]
INFO:root:Last commanded torques from controller: [0.0, 0.0, 0.0, 0.0, 0.0, 0.0, 0.0]
INFO:root:Measured link-side joint torques: [-0.3314, -36.4952, 0.7652, 11.0494, 0.6868, 1.8118, 0.4222]
INFO:root:Last commanded torques from controller: [0.0, 0.0, 0.0, 0.0, 0.0, 0.0, 0.0]
INFO:root:Measured link-side joint torques: [-0.2561, -36.4952, 0.8643, 11.0256, 0.6667, 1.798, 0.3746]
INFO:root:Last commanded torques from controller: [0.0, 0.0, 0.0, 0.0, 0.0, 0.0, 0.0]
INFO:root:Measured link-side joint torques: [-0.2561, -36.4952, 0.8643, 11.0256, 0.6667, 1.798, 0.3746]
INFO:root:Last commanded torques from controller: [0.0, 0.0, 0.0, 0.0, 0.0, 0.0, 0.0]
INFO:root:Measured link-side joint torques: [-0.2561, -36.4198, 0.7929, 11.0256, 0.6804, 1.8054, 0.3535]
INFO:root:Last commanded torques from controller: [0.0, 0.0, 0.0, 0.0, 0.0, 0.0, 0.0]
INFO:root:Measured link-side joint torques: [-0.2323, -36.4198, 0.7929, 11.0256, 0.6932, 1.8054, 0.381]
INFO:root:Last commanded torques from controller: [0.0, 0.0, 0.0, 0.0, 0.0, 0.0, 0.0]
INFO:root:Measured link-side joint torques: [-0.2799, -36.4436, 0.7414, 10.9503, 0.6996, 1.8319, 0.381]
INFO:root:Last commanded torques from controller: [0.0, 0.0, 0.0, 0.0, 0.0, 0.0, 0.0]
INFO:root:Measured link-side joint torques: [-0.2799, -36.4198, 0.7652, 10.978, 0.7133, 1.8722, 0.327]
INFO:root:Last commanded torques from controller: [0.0, 0.0, 0.0, 0.0, 0.0, 0.0, 0.0]
INFO:root:Measured link-side joint torques: [-0.2799, -36.4198, 0.7652, 10.978, 0.7133, 1.8722, 0.327]
INFO:root:Last commanded torques from controller: [0.0, 0.0, 0.0, 0.0, 0.0, 0.0, 0.0]
INFO:root:Measured link-side joint torques: [-0.3037, -36.4714, 0.7929, 11.0018, 0.6932, 1.8319, 0.4011]
INFO:root:Last commanded torques from controller: [0.0, 0.0, 0.0, 0.0, 0.0, 0.0, 0.0]
INFO:root:Measured link-side joint torques: [-0.3037, -36.4198, 0.8167, 10.9503, 0.6804, 1.7779, 0.435]
INFO:root:Last commanded torques from controller: [0.0, 0.0, 0.0, 0.0, 0.0, 0.0, 0.0]
INFO:root:Measured link-side joint torques: [-0.2561, -36.4436, 0.7652, 10.978, 0.6804, 1.8118, 0.3947]
INFO:root:Last commanded torques from controller: [0.0, 0.0, 0.0, 0.0, 0.0, 0.0, 0.0]
INFO:root:Measured link-side joint torques: [-0.3037, -36.4714, 0.7652, 10.9265, 0.6996, 1.8182, 0.4149]
INFO:root:Last commanded torques from controller: [0.0, 0.0, 0.0, 0.0, 0.0, 0.0, 0.0]
INFO:root:Measured link-side joint torques: [-0.3037, -36.4714, 0.7652, 10.9265, 0.6996, 1.8182, 0.4149]
INFO:root:Last commanded torques from controller: [0.0, 0.0, 0.0, 0.0, 0.0, 0.0, 0.0]
INFO:root:Measured link-side joint torques: [-0.2323, -36.4436, 0.7929, 10.9265, 0.7133, 1.7916, 0.4762]
INFO:root:Last commanded torques from controller: [0.0, 0.0, 0.0, 0.0, 0.0, 0.0, 0.0]
INFO:root:Measured link-side joint torques: [-0.2799, -36.4198, 0.7929, 10.978, 0.6996, 1.798, 0.3673]
INFO:root:Last commanded torques from controller: [0.0, 0.0, 0.0, 0.0, 0.0, 0.0, 0.0]
INFO:root:Measured link-side joint torques: [-0.2799, -36.4436, 0.7652, 10.9503, 0.6868, 1.7916, 0.4222]
INFO:root:Last commanded torques from controller: [0.0, 0.0, 0.0, 0.0, 0.0, 0.0, 0.0]
INFO:root:Measured link-side joint torques: [-0.3037, -36.4436, 0.7929, 10.8788, 0.6804, 1.8054, 0.3334]
INFO:root:Last commanded torques from controller: [0.0, 0.0, 0.0, 0.0, 0.0, 0.0, 0.0]
INFO:root:Measured link-side joint torques: [-0.3037, -36.4436, 0.7929, 10.8788, 0.6804, 1.8054, 0.3334]
INFO:root:Last commanded torques from controller: [0.0, 0.0, 0.0, 0.0, 0.0, 0.0, 0.0]
INFO:root:Measured link-side joint torques: [-0.2799, -36.396, 0.7414, 10.8788, 0.706, 1.8383, 0.4149]
INFO:root:Last commanded torques from controller: [0.0, 0.0, 0.0, 0.0, 0.0, 0.0, 0.0]
INFO:root:Measured link-side joint torques: [-0.3314, -36.396, 0.7929, 10.9026, 0.6804, 1.7916, 0.4286]
INFO:root:Last commanded torques from controller: [0.0, 0.0, 0.0, 0.0, 0.0, 0.0, 0.0]
INFO:root:Measured link-side joint torques: [-0.2799, -36.4198, 0.7414, 10.855, 0.6996, 1.7514, 0.4149]
INFO:root:Last commanded torques from controller: [0.0, 0.0, 0.0, 0.0, 0.0, 0.0, 0.0]
INFO:root:Measured link-side joint torques: [-0.3037, -36.4198, 0.7652, 10.855, 0.6932, 1.7779, 0.4286]
INFO:root:Last commanded torques from controller: [0.0, 0.0, 0.0, 0.0, 0.0, 0.0, 0.0]
INFO:root:Measured link-side joint torques: [-0.3037, -36.4198, 0.7652, 10.855, 0.6932, 1.7779, 0.4286]
INFO:root:Last commanded torques from controller: [0.0, 0.0, 0.0, 0.0, 0.0, 0.0, 0.0]
INFO:root:Measured link-side joint torques: [-0.2799, -36.4198, 0.7652, 10.8035, 0.6932, 1.7715, 0.327]
INFO:root:Last commanded torques from controller: [0.0, 0.0, 0.0, 0.0, 0.0, 0.0, 0.0]
INFO:root:Measured link-side joint torques: [-0.3314, -36.396, 0.7414, 10.7797, 0.6996, 1.8054, 0.381]
INFO:root:Last commanded torques from controller: [0.0, 0.0, 0.0, 0.0, 0.0, 0.0, 0.0]
INFO:root:Measured link-side joint torques: [-0.3037, -36.396, 0.7652, 10.8035, 0.6932, 1.8182, 0.3746]
INFO:root:Last commanded torques from controller: [0.0, 0.0, 0.0, 0.0, 0.0, 0.0, 0.0]
INFO:root:Measured link-side joint torques: [-0.3552, -36.3444, 0.7414, 10.8035, 0.6804, 1.8054, 0.3197]
INFO:root:Last commanded torques from controller: [0.0, 0.0, 0.0, 0.0, 0.0, 0.0, 0.0]
INFO:root:Measured link-side joint torques: [-0.3552, -36.3444, 0.7414, 10.8035, 0.6804, 1.8054, 0.3197]
INFO:root:Last commanded torques from controller: [0.0, 0.0, 0.0, 0.0, 0.0, 0.0, 0.0]
INFO:root:Measured link-side joint torques: [-0.2561, -36.3444, 0.7652, 10.7797, 0.6804, 1.7779, 0.3947]
INFO:root:Last commanded torques from controller: [0.0, 0.0, 0.0, 0.0, 0.0, 0.0, 0.0]
INFO:root:Measured link-side joint torques: [-0.3037, -36.3206, 0.7652, 10.7559, 0.6868, 1.8054, 0.4085]
INFO:root:Last commanded torques from controller: [0.0, 0.0, 0.0, 0.0, 0.0, 0.0, 0.0]
INFO:root:Measured link-side joint torques: [-0.2799, -36.3444, 0.7929, 10.8035, 0.6932, 1.7916, 0.4149]
INFO:root:Last commanded torques from controller: [0.0, 0.0, 0.0, 0.0, 0.0, 0.0, 0.0]
INFO:root:Measured link-side joint torques: [-0.2045, -36.3206, 0.7652, 10.8035, 0.6868, 1.7852, 0.435]
INFO:root:Last commanded torques from controller: [0.0, 0.0, 0.0, 0.0, 0.0, 0.0, 0.0]
INFO:root:Measured link-side joint torques: [-0.2045, -36.3206, 0.7652, 10.8035, 0.6868, 1.7852, 0.435]
INFO:root:Last commanded torques from controller: [0.0, 0.0, 0.0, 0.0, 0.0, 0.0, 0.0]
INFO:root:Measured link-side joint torques: [-0.2799, -36.3206, 0.7652, 10.7797, 0.6868, 1.7916, 0.3673]
INFO:root:Last commanded torques from controller: [0.0, 0.0, 0.0, 0.0, 0.0, 0.0, 0.0]
INFO:root:Measured link-side joint torques: [-0.3037, -36.3206, 0.7929, 10.7797, 0.6804, 1.798, 0.3874]
INFO:root:Last commanded torques from controller: [0.0, 0.0, 0.0, 0.0, 0.0, 0.0, 0.0]
INFO:root:Measured link-side joint torques: [-0.2561, -36.2691, 0.7929, 10.8035, 0.6731, 1.8118, 0.4085]
INFO:root:Last commanded torques from controller: [0.0, 0.0, 0.0, 0.0, 0.0, 0.0, 0.0]
INFO:root:Measured link-side joint torques: [-0.3314, -36.2691, 0.7929, 10.7559, 0.6667, 1.8255, 0.4085]
INFO:root:Last commanded torques from controller: [0.0, 0.0, 0.0, 0.0, 0.0, 0.0, 0.0]
INFO:root:Measured link-side joint torques: [-0.3314, -36.2691, 0.7929, 10.7559, 0.6667, 1.8255, 0.4085]
INFO:root:Last commanded torques from controller: [0.0, 0.0, 0.0, 0.0, 0.0, 0.0, 0.0]
INFO:root:Measured link-side joint torques: [-0.2561, -36.2691, 0.8167, 10.7321, 0.6731, 1.8182, 0.3874]
INFO:root:Last commanded torques from controller: [0.0, 0.0, 0.0, 0.0, 0.0, 0.0, 0.0]
INFO:root:Measured link-side joint torques: [-0.3037, -36.2453, 0.7929, 10.7559, 0.6731, 1.8118, 0.4222]
INFO:root:Last commanded torques from controller: [0.0, 0.0, 0.0, 0.0, 0.0, 0.0, 0.0]
INFO:root:Measured link-side joint torques: [-0.2561, -36.2453, 0.7414, 10.7559, 0.6804, 1.798, 0.3673]
INFO:root:Last commanded torques from controller: [0.0, 0.0, 0.0, 0.0, 0.0, 0.0, 0.0]
INFO:root:Measured link-side joint torques: [-0.2799, -36.1937, 0.7652, 10.8035, 0.706, 1.8054, 0.3874]
INFO:root:Last commanded torques from controller: [0.0, 0.0, 0.0, 0.0, 0.0, 0.0, 0.0]
INFO:root:Measured link-side joint torques: [-0.2799, -36.1937, 0.7652, 10.8035, 0.706, 1.8054, 0.3874]
INFO:root:Last commanded torques from controller: [0.0, 0.0, 0.0, 0.0, 0.0, 0.0, 0.0]
INFO:root:Measured link-side joint torques: [-0.3037, -36.2453, 0.7652, 10.7559, 0.6868, 1.7852, 0.4222]
INFO:root:Last commanded torques from controller: [0.0, 0.0, 0.0, 0.0, 0.0, 0.0, 0.0]
INFO:root:Measured link-side joint torques: [-0.3314, -36.2691, 0.7652, 10.7559, 0.6932, 1.798, 0.4085]
INFO:root:Last commanded torques from controller: [0.0, 0.0, 0.0, 0.0, 0.0, 0.0, 0.0]
INFO:root:Measured link-side joint torques: [-0.3037, -36.1937, 0.7652, 10.8035, 0.6868, 1.7852, 0.4222]
INFO:root:Last commanded torques from controller: [0.0, 0.0, 0.0, 0.0, 0.0, 0.0, 0.0]
INFO:root:Measured link-side joint torques: [-0.3314, -36.2215, 0.7929, 10.8273, 0.6932, 1.7715, 0.4423]
INFO:root:Last commanded torques from controller: [0.0, 0.0, 0.0, 0.0, 0.0, 0.0, 0.0]
INFO:root:Measured link-side joint torques: [-0.3314, -36.2215, 0.7929, 10.8273, 0.6932, 1.7715, 0.4423]
INFO:root:Last commanded torques from controller: [0.0, 0.0, 0.0, 0.0, 0.0, 0.0, 0.0]
INFO:root:Measured link-side joint torques: [-0.2323, -36.2691, 0.8167, 10.8273, 0.6996, 1.7578, 0.3874]
INFO:root:Last commanded torques from controller: [0.0, 0.0, 0.0, 0.0, 0.0, 0.0, 0.0]
INFO:root:Measured link-side joint torques: [-0.3037, -36.2453, 0.7414, 10.8273, 0.7133, 1.7852, 0.3947]
INFO:root:Last commanded torques from controller: [0.0, 0.0, 0.0, 0.0, 0.0, 0.0, 0.0]
INFO:root:Measured link-side joint torques: [-0.2799, -36.2453, 0.7176, 10.8273, 0.6996, 1.7715, 0.3197]
INFO:root:Last commanded torques from controller: [0.0, 0.0, 0.0, 0.0, 0.0, 0.0, 0.0]
INFO:root:Measured link-side joint torques: [-0.3037, -36.2453, 0.7414, 10.8273, 0.6868, 1.7852, 0.381]
INFO:root:Last commanded torques from controller: [0.0, 0.0, 0.0, 0.0, 0.0, 0.0, 0.0]
INFO:root:Measured link-side joint torques: [-0.3037, -36.2453, 0.7414, 10.8273, 0.6868, 1.7852, 0.381]
INFO:root:Last commanded torques from controller: [0.0, 0.0, 0.0, 0.0, 0.0, 0.0, 0.0]
INFO:root:Measured link-side joint torques: [-0.3037, -36.1937, 0.7176, 10.855, 0.6804, 1.7852, 0.4085]
INFO:root:Last commanded torques from controller: [0.0, 0.0, 0.0, 0.0, 0.0, 0.0, 0.0]
INFO:root:Measured link-side joint torques: [-0.3037, -36.1699, 0.7652, 10.8035, 0.6731, 1.7779, 0.3535]
INFO:root:Last commanded torques from controller: [0.0, 0.0, 0.0, 0.0, 0.0, 0.0, 0.0]
INFO:root:Measured link-side joint torques: [-0.3037, -36.1937, 0.7929, 10.855, 0.6868, 1.7852, 0.3609]
INFO:root:Last commanded torques from controller: [0.0, 0.0, 0.0, 0.0, 0.0, 0.0, 0.0]
INFO:root:Measured link-side joint torques: [-0.2561, -36.1937, 0.7652, 10.855, 0.6932, 1.7715, 0.4085]
INFO:root:Last commanded torques from controller: [0.0, 0.0, 0.0, 0.0, 0.0, 0.0, 0.0]
INFO:root:Measured link-side joint torques: [-0.2561, -36.1937, 0.7652, 10.855, 0.6932, 1.7715, 0.4085]
INFO:root:Last commanded torques from controller: [0.0, 0.0, 0.0, 0.0, 0.0, 0.0, 0.0]
INFO:root:Measured link-side joint torques: [-0.3037, -36.1937, 0.7652, 10.855, 0.6932, 1.7449, 0.3471]
INFO:root:Last commanded torques from controller: [0.0, 0.0, 0.0, 0.0, 0.0, 0.0, 0.0]
INFO:root:Measured link-side joint torques: [-0.3037, -36.1937, 0.7176, 10.855, 0.6996, 1.7715, 0.3407]
INFO:root:Last commanded torques from controller: [0.0, 0.0, 0.0, 0.0, 0.0, 0.0, 0.0]
INFO:root:Measured link-side joint torques: [-0.3314, -36.2215, 0.7652, 10.8273, 0.6868, 1.7651, 0.3407]
INFO:root:Last commanded torques from controller: [0.0, 0.0, 0.0, 0.0, 0.0, 0.0, 0.0]
INFO:root:Measured link-side joint torques: [-0.3314, -36.1699, 0.6938, 10.855, 0.6932, 1.7715, 0.4222]
INFO:root:Last commanded torques from controller: [0.0, 0.0, 0.0, 0.0, 0.0, 0.0, 0.0]
INFO:root:Measured link-side joint torques: [-0.3314, -36.1699, 0.6938, 10.855, 0.6932, 1.7715, 0.4222]
INFO:root:Last commanded torques from controller: [0.0, 0.0, 0.0, 0.0, 0.0, 0.0, 0.0]
INFO:root:Measured link-side joint torques: [-0.2799, -36.1461, 0.8643, 10.8273, 0.6804, 1.7779, 0.381]
INFO:root:Last commanded torques from controller: [0.0, 0.0, 0.0, 0.0, 0.0, 0.0, 0.0]
INFO:root:Measured link-side joint torques: [-0.2561, -36.1937, 0.7414, 10.8035, 0.6804, 1.7651, 0.3407]
INFO:root:Last commanded torques from controller: [0.0, 0.0, 0.0, 0.0, 0.0, 0.0, 0.0]
INFO:root:Measured link-side joint torques: [-0.3314, -36.1461, 0.7652, 10.8273, 0.6932, 1.7578, 0.3535]
INFO:root:Last commanded torques from controller: [0.0, 0.0, 0.0, 0.0, 0.0, 0.0, 0.0]
INFO:root:Measured link-side joint torques: [-0.2561, -36.2215, 0.7929, 10.8788, 0.6804, 1.7715, 0.3334]
INFO:root:Last commanded torques from controller: [0.0, 0.0, 0.0, 0.0, 0.0, 0.0, 0.0]
INFO:root:Measured link-side joint torques: [-0.2561, -36.2215, 0.7929, 10.8788, 0.6804, 1.7715, 0.3334]
INFO:root:Last commanded torques from controller: [0.0, 0.0, 0.0, 0.0, 0.0, 0.0, 0.0]
INFO:root:Measured link-side joint torques: [-0.3037, -36.2215, 0.7652, 10.8273, 0.6932, 1.7715, 0.3407]
INFO:root:Last commanded torques from controller: [0.0, 0.0, 0.0, 0.0, 0.0, 0.0, 0.0]
INFO:root:Measured link-side joint torques: [-0.2799, -36.1937, 0.7929, 10.8273, 0.6932, 1.7651, 0.381]
INFO:root:Last commanded torques from controller: [0.0, 0.0, 0.0, 0.0, 0.0, 0.0, 0.0]
INFO:root:Measured link-side joint torques: [-0.3037, -36.1937, 0.7176, 10.855, 0.6932, 1.7852, 0.3947]
INFO:root:Last commanded torques from controller: [0.0, 0.0, 0.0, 0.0, 0.0, 0.0, 0.0]
INFO:root:Measured link-side joint torques: [-0.3552, -36.1937, 0.8167, 10.8035, 0.6868, 1.8118, 0.4149]
INFO:root:Last commanded torques from controller: [0.0, 0.0, 0.0, 0.0, 0.0, 0.0, 0.0]
INFO:root:Measured link-side joint torques: [-0.3552, -36.1937, 0.8167, 10.8035, 0.6868, 1.8118, 0.4149]
INFO:root:Last commanded torques from controller: [0.0, 0.0, 0.0, 0.0, 0.0, 0.0, 0.0]
INFO:root:Measured link-side joint torques: [-0.2561, -36.2215, 0.7929, 10.8035, 0.6804, 1.798, 0.381]
INFO:root:Last commanded torques from controller: [0.0, 0.0, 0.0, 0.0, 0.0, 0.0, 0.0]
INFO:root:Measured link-side joint torques: [-0.2561, -36.2453, 0.7652, 10.8273, 0.6996, 1.8118, 0.3874]
INFO:root:Last commanded torques from controller: [0.0, 0.0, 0.0, 0.0, 0.0, 0.0, 0.0]
INFO:root:Measured link-side joint torques: [-0.3037, -36.2215, 0.7414, 10.8273, 0.6932, 1.8383, 0.3334]
INFO:root:Last commanded torques from controller: [0.0, 0.0, 0.0, 0.0, 0.0, 0.0, 0.0]
INFO:root:Measured link-side joint torques: [-0.3037, -36.2215, 0.7929, 10.855, 0.6868, 1.8118, 0.4488]
INFO:root:Last commanded torques from controller: [0.0, 0.0, 0.0, 0.0, 0.0, 0.0, 0.0]
INFO:root:Measured link-side joint torques: [-0.3037, -36.2215, 0.7929, 10.855, 0.6868, 1.8118, 0.4488]
INFO:root:Last commanded torques from controller: [0.0, 0.0, 0.0, 0.0, 0.0, 0.0, 0.0]
INFO:root:Measured link-side joint torques: [-0.2799, -36.1937, 0.7414, 10.8788, 0.6868, 1.798, 0.3947]
INFO:root:Last commanded torques from controller: [0.0, 0.0, 0.0, 0.0, 0.0, 0.0, 0.0]
INFO:root:Measured link-side joint torques: [-0.2799, -36.2215, 0.8167, 10.8788, 0.6996, 1.7852, 0.327]
INFO:root:Last commanded torques from controller: [0.0, 0.0, 0.0, 0.0, 0.0, 0.0, 0.0]
INFO:root:Measured link-side joint torques: [-0.2799, -36.2453, 0.7929, 10.8788, 0.6932, 1.8118, 0.3535]
INFO:root:Last commanded torques from controller: [0.0, 0.0, 0.0, 0.0, 0.0, 0.0, 0.0]
INFO:root:Measured link-side joint torques: [-0.3037, -36.2968, 0.7414, 10.855, 0.7133, 1.8118, 0.3746]
INFO:root:Last commanded torques from controller: [0.0, 0.0, 0.0, 0.0, 0.0, 0.0, 0.0]
INFO:root:Measured link-side joint torques: [-0.3037, -36.2968, 0.7414, 10.855, 0.7133, 1.8118, 0.3746]
INFO:root:Last commanded torques from controller: [0.0, 0.0, 0.0, 0.0, 0.0, 0.0, 0.0]
INFO:root:Measured link-side joint torques: [-0.3552, -36.3206, 0.7929, 10.8273, 0.6932, 1.8118, 0.435]
INFO:root:Last commanded torques from controller: [0.0, 0.0, 0.0, 0.0, 0.0, 0.0, 0.0]
INFO:root:Measured link-side joint torques: [-0.3037, -36.2968, 0.7414, 10.8788, 0.6868, 1.798, 0.3673]
INFO:root:Last commanded torques from controller: [0.0, 0.0, 0.0, 0.0, 0.0, 0.0, 0.0]
INFO:root:Measured link-side joint torques: [-0.2799, -36.3444, 0.6938, 10.855, 0.6996, 1.798, 0.381]
INFO:root:Last commanded torques from controller: [0.0, 0.0, 0.0, 0.0, 0.0, 0.0, 0.0]
INFO:root:Measured link-side joint torques: [-0.2799, -36.2968, 0.7414, 10.855, 0.706, 1.8054, 0.4423]
INFO:root:Last commanded torques from controller: [0.0, 0.0, 0.0, 0.0, 0.0, 0.0, 0.0]
INFO:root:Measured link-side joint torques: [-0.2799, -36.2968, 0.7414, 10.855, 0.706, 1.8054, 0.4423]
INFO:root:Last commanded torques from controller: [0.0, 0.0, 0.0, 0.0, 0.0, 0.0, 0.0]
INFO:root:Measured link-side joint torques: [-0.3037, -36.2968, 0.7929, 10.8273, 0.6996, 1.8319, 0.3535]
INFO:root:Last commanded torques from controller: [0.0, 0.0, 0.0, 0.0, 0.0, 0.0, 0.0]
INFO:root:Measured link-side joint torques: [-0.2799, -36.3722, 0.7929, 10.9026, 0.706, 1.8319, 0.3673]
INFO:root:Last commanded torques from controller: [0.0, 0.0, 0.0, 0.0, 0.0, 0.0, 0.0]
INFO:root:Measured link-side joint torques: [-0.2799, -36.3444, 0.7652, 10.9265, 0.6868, 1.8521, 0.3133]
INFO:root:Last commanded torques from controller: [0.0, 0.0, 0.0, 0.0, 0.0, 0.0, 0.0]
INFO:root:Measured link-side joint torques: [-0.2561, -36.396, 0.7929, 10.978, 0.6868, 1.8383, 0.3746]
INFO:root:Last commanded torques from controller: [0.0, 0.0, 0.0, 0.0, 0.0, 0.0, 0.0]
INFO:root:Measured link-side joint torques: [-0.2561, -36.396, 0.7929, 10.978, 0.6868, 1.8383, 0.3746]
INFO:root:Last commanded torques from controller: [0.0, 0.0, 0.0, 0.0, 0.0, 0.0, 0.0]
INFO:root:Measured link-side joint torques: [-0.2045, -36.3206, 0.7414, 10.9503, 0.6932, 1.8319, 0.381]
INFO:root:Last commanded torques from controller: [0.0, 0.0, 0.0, 0.0, 0.0, 0.0, 0.0]
INFO:root:Measured link-side joint torques: [-0.3037, -36.3444, 0.8167, 11.0018, 0.706, 1.8054, 0.3334]
INFO:root:Last commanded torques from controller: [0.0, 0.0, 0.0, 0.0, 0.0, 0.0, 0.0]
INFO:root:Measured link-side joint torques: [-0.2561, -36.396, 0.7652, 11.0018, 0.6996, 1.7916, 0.3947]
INFO:root:Last commanded torques from controller: [0.0, 0.0, 0.0, 0.0, 0.0, 0.0, 0.0]
INFO:root:Measured link-side joint torques: [-0.2799, -36.4198, 0.7652, 10.9503, 0.6868, 1.8054, 0.435]
INFO:root:Last commanded torques from controller: [0.0, 0.0, 0.0, 0.0, 0.0, 0.0, 0.0]
INFO:root:Measured link-side joint torques: [-0.2799, -36.4198, 0.7652, 10.9503, 0.6868, 1.8054, 0.435]
INFO:root:Last commanded torques from controller: [0.0, 0.0, 0.0, 0.0, 0.0, 0.0, 0.0]
INFO:root:Measured link-side joint torques: [-0.2799, -36.4198, 0.7414, 10.9503, 0.7198, 1.8383, 0.3407]
INFO:root:Last commanded torques from controller: [0.0, 0.0, 0.0, 0.0, 0.0, 0.0, 0.0]
INFO:root:Measured link-side joint torques: [-0.3037, -36.396, 0.7929, 10.978, 0.6996, 1.8658, 0.3947]
INFO:root:Last commanded torques from controller: [0.0, 0.0, 0.0, 0.0, 0.0, 0.0, 0.0]
INFO:root:Measured link-side joint torques: [-0.3314, -36.3722, 0.7929, 10.9503, 0.6996, 1.8585, 0.3535]
INFO:root:Last commanded torques from controller: [0.0, 0.0, 0.0, 0.0, 0.0, 0.0, 0.0]
INFO:root:Measured link-side joint torques: [-0.2799, -36.4198, 0.7652, 10.9503, 0.6932, 1.8319, 0.381]
INFO:root:Last commanded torques from controller: [0.0, 0.0, 0.0, 0.0, 0.0, 0.0, 0.0]
INFO:root:Measured link-side joint torques: [-0.2799, -36.4198, 0.7652, 10.9503, 0.6932, 1.8319, 0.381]
INFO:root:Last commanded torques from controller: [0.0, 0.0, 0.0, 0.0, 0.0, 0.0, 0.0]
INFO:root:Measured link-side joint torques: [-0.3314, -36.4198, 0.7414, 10.9503, 0.706, 1.8054, 0.4423]
INFO:root:Last commanded torques from controller: [0.0, 0.0, 0.0, 0.0, 0.0, 0.0, 0.0]
INFO:root:Measured link-side joint torques: [-0.3314, -36.4714, 0.7176, 10.9503, 0.7198, 1.798, 0.3407]
INFO:root:Last commanded torques from controller: [0.0, 0.0, 0.0, 0.0, 0.0, 0.0, 0.0]
INFO:root:Measured link-side joint torques: [-0.2799, -36.3722, 0.7652, 10.9026, 0.7198, 1.8255, 0.3407]
INFO:root:Last commanded torques from controller: [0.0, 0.0, 0.0, 0.0, 0.0, 0.0, 0.0]
INFO:root:Measured link-side joint torques: [-0.2799, -36.4198, 0.7652, 10.8788, 0.706, 1.8585, 0.3197]
INFO:root:Last commanded torques from controller: [0.0, 0.0, 0.0, 0.0, 0.0, 0.0, 0.0]
INFO:root:Measured link-side joint torques: [-0.2799, -36.4198, 0.7652, 10.8788, 0.706, 1.8585, 0.3197]
INFO:root:Last commanded torques from controller: [0.0, 0.0, 0.0, 0.0, 0.0, 0.0, 0.0]
INFO:root:Measured link-side joint torques: [-0.3037, -36.4198, 0.8167, 10.9265, 0.6932, 1.8585, 0.3535]
INFO:root:Last commanded torques from controller: [0.0, 0.0, 0.0, 0.0, 0.0, 0.0, 0.0]
INFO:root:Measured link-side joint torques: [-0.3037, -36.4198, 0.7652, 10.9265, 0.6932, 1.8521, 0.3535]
INFO:root:Last commanded torques from controller: [0.0, 0.0, 0.0, 0.0, 0.0, 0.0, 0.0]
INFO:root:Measured link-side joint torques: [-0.2799, -36.4436, 0.8167, 10.9265, 0.6996, 1.8182, 0.4011]
INFO:root:Last commanded torques from controller: [0.0, 0.0, 0.0, 0.0, 0.0, 0.0, 0.0]
INFO:root:Measured link-side joint torques: [-0.3037, -36.4436, 0.7652, 10.9026, 0.7133, 1.8118, 0.3874]
INFO:root:Last commanded torques from controller: [0.0, 0.0, 0.0, 0.0, 0.0, 0.0, 0.0]
INFO:root:Measured link-side joint torques: [-0.3037, -36.4436, 0.7652, 10.9026, 0.7133, 1.8118, 0.3874]
INFO:root:Last commanded torques from controller: [0.0, 0.0, 0.0, 0.0, 0.0, 0.0, 0.0]
INFO:root:Measured link-side joint torques: [-0.2799, -36.4436, 0.7414, 10.8788, 0.6996, 1.8722, 0.3947]
INFO:root:Last commanded torques from controller: [0.0, 0.0, 0.0, 0.0, 0.0, 0.0, 0.0]
INFO:root:Measured link-side joint torques: [-0.3037, -36.4436, 0.8167, 10.855, 0.706, 1.8786, 0.3673]
INFO:root:Last commanded torques from controller: [0.0, 0.0, 0.0, 0.0, 0.0, 0.0, 0.0]
INFO:root:Measured link-side joint torques: [-0.3314, -36.4436, 0.7176, 10.855, 0.6804, 1.8722, 0.327]
INFO:root:Last commanded torques from controller: [0.0, 0.0, 0.0, 0.0, 0.0, 0.0, 0.0]
INFO:root:Measured link-side joint torques: [-0.2799, -36.5468, 0.7929, 10.855, 0.6996, 1.8658, 0.3609]
INFO:root:Last commanded torques from controller: [0.0, 0.0, 0.0, 0.0, 0.0, 0.0, 0.0]
INFO:root:Measured link-side joint torques: [-0.2799, -36.5468, 0.7929, 10.855, 0.6996, 1.8658, 0.3609]
INFO:root:Last commanded torques from controller: [0.0, 0.0, 0.0, 0.0, 0.0, 0.0, 0.0]
INFO:root:Measured link-side joint torques: [-0.3037, -36.4952, 0.7414, 10.855, 0.7198, 1.8658, 0.3746]
INFO:root:Last commanded torques from controller: [0.0, 0.0, 0.0, 0.0, 0.0, 0.0, 0.0]
INFO:root:Measured link-side joint torques: [-0.2561, -36.4952, 0.7414, 10.855, 0.706, 1.8383, 0.3609]
INFO:root:Last commanded torques from controller: [0.0, 0.0, 0.0, 0.0, 0.0, 0.0, 0.0]
INFO:root:Measured link-side joint torques: [-0.2799, -36.4952, 0.7414, 10.855, 0.7262, 1.8319, 0.3535]
INFO:root:Last commanded torques from controller: [0.0, 0.0, 0.0, 0.0, 0.0, 0.0, 0.0]
INFO:root:Measured link-side joint torques: [-0.3037, -36.4436, 0.7652, 10.9026, 0.7198, 1.8182, 0.3673]
INFO:root:Last commanded torques from controller: [0.0, 0.0, 0.0, 0.0, 0.0, 0.0, 0.0]
INFO:root:Measured link-side joint torques: [-0.3037, -36.4436, 0.7652, 10.9026, 0.7198, 1.8182, 0.3673]
INFO:root:Last commanded torques from controller: [0.0, 0.0, 0.0, 0.0, 0.0, 0.0, 0.0]
INFO:root:Measured link-side joint torques: [-0.3037, -36.4436, 0.8167, 10.8788, 0.6804, 1.8585, 0.4222]
INFO:root:Last commanded torques from controller: [0.0, 0.0, 0.0, 0.0, 0.0, 0.0, 0.0]
INFO:root:Measured link-side joint torques: [-0.2561, -36.4436, 0.7652, 10.9026, 0.6996, 1.8859, 0.4222]
INFO:root:Last commanded torques from controller: [0.0, 0.0, 0.0, 0.0, 0.0, 0.0, 0.0]
INFO:root:Measured link-side joint torques: [-0.2561, -36.4436, 0.7929, 10.8273, 0.706, 1.8521, 0.4149]
INFO:root:Last commanded torques from controller: [0.0, 0.0, 0.0, 0.0, 0.0, 0.0, 0.0]
INFO:root:Measured link-side joint torques: [-0.2561, -36.396, 0.7414, 10.855, 0.6932, 1.8182, 0.3874]
INFO:root:Last commanded torques from controller: [0.0, 0.0, 0.0, 0.0, 0.0, 0.0, 0.0]
INFO:root:Measured link-side joint torques: [-0.2561, -36.396, 0.7414, 10.855, 0.6932, 1.8182, 0.3874]
INFO:root:Last commanded torques from controller: [0.0, 0.0, 0.0, 0.0, 0.0, 0.0, 0.0]
INFO:root:Measured link-side joint torques: [-0.3037, -36.396, 0.7929, 10.855, 0.6996, 1.8054, 0.3535]
INFO:root:Last commanded torques from controller: [0.0, 0.0, 0.0, 0.0, 0.0, 0.0, 0.0]
INFO:root:Measured link-side joint torques: [-0.3037, -36.396, 0.7176, 10.9026, 0.7262, 1.8054, 0.4488]
INFO:root:Last commanded torques from controller: [0.0, 0.0, 0.0, 0.0, 0.0, 0.0, 0.0]
INFO:root:Measured link-side joint torques: [-0.3037, -36.4714, 0.7652, 10.8788, 0.7262, 1.8319, 0.3407]
INFO:root:Last commanded torques from controller: [0.0, 0.0, 0.0, 0.0, 0.0, 0.0, 0.0]
INFO:root:Measured link-side joint torques: [-0.2561, -36.396, 0.7929, 10.9265, 0.7262, 1.8585, 0.381]
INFO:root:Last commanded torques from controller: [0.0, 0.0, 0.0, 0.0, 0.0, 0.0, 0.0]
INFO:root:Measured link-side joint torques: [-0.2561, -36.396, 0.7929, 10.9265, 0.7262, 1.8585, 0.381]
INFO:root:Last commanded torques from controller: [0.0, 0.0, 0.0, 0.0, 0.0, 0.0, 0.0]
INFO:root:Measured link-side joint torques: [-0.3314, -36.3444, 0.7652, 10.9265, 0.6932, 1.8255, 0.4561]
INFO:root:Last commanded torques from controller: [0.0, 0.0, 0.0, 0.0, 0.0, 0.0, 0.0]
INFO:root:Measured link-side joint torques: [-0.2799, -36.396, 0.8167, 10.8788, 0.6868, 1.8319, 0.3407]
INFO:root:Last commanded torques from controller: [0.0, 0.0, 0.0, 0.0, 0.0, 0.0, 0.0]
INFO:root:Measured link-side joint torques: [-0.2323, -36.3444, 0.7414, 10.8273, 0.6932, 1.8457, 0.381]
INFO:root:Last commanded torques from controller: [0.0, 0.0, 0.0, 0.0, 0.0, 0.0, 0.0]
INFO:root:Measured link-side joint torques: [-0.2045, -36.3444, 0.7652, 10.9026, 0.706, 1.8319, 0.3059]
INFO:root:Last commanded torques from controller: [0.0, 0.0, 0.0, 0.0, 0.0, 0.0, 0.0]
INFO:root:Measured link-side joint torques: [-0.2045, -36.3444, 0.7652, 10.9026, 0.706, 1.8319, 0.3059]
INFO:root:Last commanded torques from controller: [0.0, 0.0, 0.0, 0.0, 0.0, 0.0, 0.0]
INFO:root:Measured link-side joint torques: [-0.3037, -36.3444, 0.7929, 10.8788, 0.7198, 1.8521, 0.4222]
INFO:root:Last commanded torques from controller: [0.0, 0.0, 0.0, 0.0, 0.0, 0.0, 0.0]
INFO:root:Measured link-side joint torques: [-0.3037, -36.3444, 0.7414, 10.8788, 0.7133, 1.8786, 0.4149]
INFO:root:Last commanded torques from controller: [0.0, 0.0, 0.0, 0.0, 0.0, 0.0, 0.0]
INFO:root:Measured link-side joint torques: [-0.2799, -36.3444, 0.7929, 10.8788, 0.7198, 1.8658, 0.4149]
INFO:root:Last commanded torques from controller: [0.0, 0.0, 0.0, 0.0, 0.0, 0.0, 0.0]
INFO:root:Measured link-side joint torques: [-0.2799, -36.3444, 0.7652, 10.8788, 0.6996, 1.8319, 0.3874]
INFO:root:Last commanded torques from controller: [0.0, 0.0, 0.0, 0.0, 0.0, 0.0, 0.0]
INFO:root:Measured link-side joint torques: [-0.2799, -36.3444, 0.7652, 10.8788, 0.6996, 1.8319, 0.3874]
INFO:root:Last commanded torques from controller: [0.0, 0.0, 0.0, 0.0, 0.0, 0.0, 0.0]
INFO:root:Measured link-side joint torques: [-0.3037, -36.3444, 0.7929, 10.9265, 0.7133, 1.8255, 0.4222]
INFO:root:Last commanded torques from controller: [0.0, 0.0, 0.0, 0.0, 0.0, 0.0, 0.0]
INFO:root:Measured link-side joint torques: [-0.3552, -36.3444, 0.7929, 10.8035, 0.6996, 1.798, 0.3609]
INFO:root:Last commanded torques from controller: [0.0, 0.0, 0.0, 0.0, 0.0, 0.0, 0.0]
INFO:root:Measured link-side joint torques: [-0.3037, -36.3722, 0.7652, 10.8273, 0.7198, 1.8182, 0.3746]
INFO:root:Last commanded torques from controller: [0.0, 0.0, 0.0, 0.0, 0.0, 0.0, 0.0]
INFO:root:Measured link-side joint torques: [-0.2561, -36.3444, 0.7929, 10.8273, 0.7133, 1.8457, 0.3609]
INFO:root:Last commanded torques from controller: [0.0, 0.0, 0.0, 0.0, 0.0, 0.0, 0.0]
INFO:root:Measured link-side joint torques: [-0.2561, -36.3444, 0.7929, 10.8273, 0.7133, 1.8457, 0.3609]
INFO:root:Last commanded torques from controller: [0.0, 0.0, 0.0, 0.0, 0.0, 0.0, 0.0]
INFO:root:Measured link-side joint torques: [-0.2323, -36.3444, 0.7929, 10.7797, 0.6996, 1.8457, 0.4423]
INFO:root:Last commanded torques from controller: [0.0, 0.0, 0.0, 0.0, 0.0, 0.0, 0.0]
INFO:root:Measured link-side joint torques: [-0.3037, -36.2968, 0.7929, 10.7043, 0.7133, 1.8319, 0.381]
INFO:root:Last commanded torques from controller: [0.0, 0.0, 0.0, 0.0, 0.0, 0.0, 0.0]
INFO:root:Measured link-side joint torques: [-0.2799, -36.2453, 0.7652, 10.6805, 0.6932, 1.8118, 0.381]
INFO:root:Last commanded torques from controller: [0.0, 0.0, 0.0, 0.0, 0.0, 0.0, 0.0]
INFO:root:Measured link-side joint torques: [-0.3037, -36.2691, 0.7414, 10.6805, 0.6932, 1.798, 0.3407]
INFO:root:Last commanded torques from controller: [0.0, 0.0, 0.0, 0.0, 0.0, 0.0, 0.0]
INFO:root:Measured link-side joint torques: [-0.3037, -36.2691, 0.7414, 10.6805, 0.6932, 1.798, 0.3407]
INFO:root:Last commanded torques from controller: [0.0, 0.0, 0.0, 0.0, 0.0, 0.0, 0.0]
INFO:root:Measured link-side joint torques: [-0.2561, -36.2691, 0.7652, 10.6567, 0.706, 1.798, 0.3947]
INFO:root:Last commanded torques from controller: [0.0, 0.0, 0.0, 0.0, 0.0, 0.0, 0.0]
INFO:root:Measured link-side joint torques: [-0.2561, -36.2691, 0.7414, 10.6567, 0.7133, 1.8383, 0.4222]
INFO:root:Last commanded torques from controller: [0.0, 0.0, 0.0, 0.0, 0.0, 0.0, 0.0]
INFO:root:Measured link-side joint torques: [-0.3037, -36.2691, 0.8167, 10.6329, 0.6996, 1.8054, 0.4488]
INFO:root:Last commanded torques from controller: [0.0, 0.0, 0.0, 0.0, 0.0, 0.0, 0.0]
INFO:root:Measured link-side joint torques: [-0.2799, -36.2968, 0.7652, 10.6805, 0.6932, 1.7916, 0.3874]
INFO:root:Last commanded torques from controller: [0.0, 0.0, 0.0, 0.0, 0.0, 0.0, 0.0]
INFO:root:Measured link-side joint torques: [-0.2799, -36.2968, 0.7652, 10.6805, 0.6932, 1.7916, 0.3874]
INFO:root:Last commanded torques from controller: [0.0, 0.0, 0.0, 0.0, 0.0, 0.0, 0.0]
INFO:root:Measured link-side joint torques: [-0.3314, -36.2691, 0.7652, 10.6805, 0.706, 1.8255, 0.3407]
INFO:root:Last commanded torques from controller: [0.0, 0.0, 0.0, 0.0, 0.0, 0.0, 0.0]
INFO:root:Measured link-side joint torques: [-0.2799, -36.3206, 0.7176, 10.6805, 0.706, 1.8182, 0.3535]
INFO:root:Last commanded torques from controller: [0.0, 0.0, 0.0, 0.0, 0.0, 0.0, 0.0]
INFO:root:Measured link-side joint torques: [-0.2799, -36.2691, 0.7652, 10.6329, 0.706, 1.8054, 0.381]
INFO:root:Last commanded torques from controller: [0.0, 0.0, 0.0, 0.0, 0.0, 0.0, 0.0]
INFO:root:Measured link-side joint torques: [-0.3314, -36.2453, 0.7929, 10.6567, 0.706, 1.8054, 0.3609]
INFO:root:Last commanded torques from controller: [0.0, 0.0, 0.0, 0.0, 0.0, 0.0, 0.0]
INFO:root:Measured link-side joint torques: [-0.3314, -36.2453, 0.7929, 10.6567, 0.706, 1.8054, 0.3609]
INFO:root:Last commanded torques from controller: [0.0, 0.0, 0.0, 0.0, 0.0, 0.0, 0.0]
INFO:root:Measured link-side joint torques: [-0.2799, -36.2453, 0.7929, 10.6567, 0.6868, 1.8054, 0.4561]
INFO:root:Last commanded torques from controller: [0.0, 0.0, 0.0, 0.0, 0.0, 0.0, 0.0]
INFO:root:Measured link-side joint torques: [-0.2561, -36.1937, 0.7929, 10.6329, 0.6996, 1.8255, 0.3746]
INFO:root:Last commanded torques from controller: [0.0, 0.0, 0.0, 0.0, 0.0, 0.0, 0.0]
INFO:root:Measured link-side joint torques: [-0.3037, -36.2453, 0.7929, 10.6091, 0.7133, 1.8255, 0.4149]
INFO:root:Last commanded torques from controller: [0.0, 0.0, 0.0, 0.0, 0.0, 0.0, 0.0]
INFO:root:Measured link-side joint torques: [-0.2561, -36.1699, 0.7414, 10.6091, 0.6932, 1.7916, 0.3407]
INFO:root:Last commanded torques from controller: [0.0, 0.0, 0.0, 0.0, 0.0, 0.0, 0.0]
INFO:root:Measured link-side joint torques: [-0.2561, -36.1699, 0.7414, 10.6091, 0.6932, 1.7916, 0.3407]
INFO:root:Last commanded torques from controller: [0.0, 0.0, 0.0, 0.0, 0.0, 0.0, 0.0]
INFO:root:Measured link-side joint torques: [-0.2799, -36.2215, 0.7929, 10.5813, 0.6996, 1.7715, 0.4149]
INFO:root:Last commanded torques from controller: [0.0, 0.0, 0.0, 0.0, 0.0, 0.0, 0.0]
INFO:root:Measured link-side joint torques: [-0.3037, -36.1699, 0.7929, 10.5813, 0.7198, 1.7779, 0.3673]
INFO:root:Last commanded torques from controller: [0.0, 0.0, 0.0, 0.0, 0.0, 0.0, 0.0]
INFO:root:Measured link-side joint torques: [-0.3037, -36.2215, 0.8167, 10.6329, 0.6996, 1.8054, 0.4423]
INFO:root:Last commanded torques from controller: [0.0, 0.0, 0.0, 0.0, 0.0, 0.0, 0.0]
INFO:root:Measured link-side joint torques: [-0.3037, -36.2215, 0.7929, 10.5575, 0.7198, 1.8319, 0.4085]
INFO:root:Last commanded torques from controller: [0.0, 0.0, 0.0, 0.0, 0.0, 0.0, 0.0]
INFO:root:Measured link-side joint torques: [-0.3037, -36.2215, 0.7929, 10.5575, 0.7198, 1.8319, 0.4085]
INFO:root:Last commanded torques from controller: [0.0, 0.0, 0.0, 0.0, 0.0, 0.0, 0.0]
INFO:root:Measured link-side joint torques: [-0.2799, -36.2453, 0.7652, 10.5813, 0.7198, 1.8255, 0.435]
INFO:root:Last commanded torques from controller: [0.0, 0.0, 0.0, 0.0, 0.0, 0.0, 0.0]
INFO:root:Measured link-side joint torques: [-0.2799, -36.2453, 0.7652, 10.6091, 0.706, 1.798, 0.3471]
INFO:root:Last commanded torques from controller: [0.0, 0.0, 0.0, 0.0, 0.0, 0.0, 0.0]
INFO:root:Measured link-side joint torques: [-0.2799, -36.2215, 0.7929, 10.6329, 0.706, 1.8255, 0.3874]
INFO:root:Last commanded torques from controller: [0.0, 0.0, 0.0, 0.0, 0.0, 0.0, 0.0]
INFO:root:Measured link-side joint torques: [-0.2799, -36.2453, 0.7652, 10.6091, 0.706, 1.8383, 0.3673]
INFO:root:Last commanded torques from controller: [0.0, 0.0, 0.0, 0.0, 0.0, 0.0, 0.0]
INFO:root:Measured link-side joint torques: [-0.2799, -36.2453, 0.7652, 10.6091, 0.706, 1.8383, 0.3673]
INFO:root:Last commanded torques from controller: [0.0, 0.0, 0.0, 0.0, 0.0, 0.0, 0.0]
INFO:root:Measured link-side joint torques: [-0.3552, -36.2453, 0.7929, 10.6329, 0.706, 1.8383, 0.3535]
INFO:root:Last commanded torques from controller: [0.0, 0.0, 0.0, 0.0, 0.0, 0.0, 0.0]
INFO:root:Measured link-side joint torques: [-0.3314, -36.2215, 0.7652, 10.6091, 0.6932, 1.8521, 0.4222]
INFO:root:Last commanded torques from controller: [0.0, 0.0, 0.0, 0.0, 0.0, 0.0, 0.0]
INFO:root:Measured link-side joint torques: [-0.3314, -36.2691, 0.7929, 10.6567, 0.6932, 1.8521, 0.4488]
INFO:root:Last commanded torques from controller: [0.0, 0.0, 0.0, 0.0, 0.0, 0.0, 0.0]
INFO:root:Measured link-side joint torques: [-0.3314, -36.2453, 0.7652, 10.7043, 0.6996, 1.8319, 0.3609]
INFO:root:Last commanded torques from controller: [0.0, 0.0, 0.0, 0.0, 0.0, 0.0, 0.0]
INFO:root:Measured link-side joint torques: [-0.3314, -36.2453, 0.7652, 10.7043, 0.6996, 1.8319, 0.3609]
INFO:root:Last commanded torques from controller: [0.0, 0.0, 0.0, 0.0, 0.0, 0.0, 0.0]
INFO:root:Measured link-side joint torques: [-0.2799, -36.2453, 0.7414, 10.6567, 0.706, 1.8319, 0.4561]
INFO:root:Last commanded torques from controller: [0.0, 0.0, 0.0, 0.0, 0.0, 0.0, 0.0]
INFO:root:Measured link-side joint torques: [-0.3314, -36.2691, 0.7652, 10.7321, 0.706, 1.8118, 0.3673]
INFO:root:Last commanded torques from controller: [0.0, 0.0, 0.0, 0.0, 0.0, 0.0, 0.0]
INFO:root:Measured link-side joint torques: [-0.3037, -36.2691, 0.7652, 10.7043, 0.7198, 1.8255, 0.4222]
INFO:root:Last commanded torques from controller: [0.0, 0.0, 0.0, 0.0, 0.0, 0.0, 0.0]
INFO:root:Measured link-side joint torques: [-0.2799, -36.2691, 0.8167, 10.6329, 0.6932, 1.8319, 0.4286]
INFO:root:Last commanded torques from controller: [0.0, 0.0, 0.0, 0.0, 0.0, 0.0, 0.0]
INFO:root:Measured link-side joint torques: [-0.2799, -36.2691, 0.8167, 10.6329, 0.6932, 1.8319, 0.4286]
INFO:root:Last commanded torques from controller: [0.0, 0.0, 0.0, 0.0, 0.0, 0.0, 0.0]
INFO:root:Measured link-side joint torques: [-0.2799, -36.2215, 0.7929, 10.7043, 0.706, 1.8457, 0.4222]
INFO:root:Last commanded torques from controller: [0.0, 0.0, 0.0, 0.0, 0.0, 0.0, 0.0]
INFO:root:Measured link-side joint torques: [-0.3037, -36.2453, 0.7929, 10.6567, 0.706, 1.8457, 0.381]
INFO:root:Last commanded torques from controller: [0.0, 0.0, 0.0, 0.0, 0.0, 0.0, 0.0]
INFO:root:Measured link-side joint torques: [-0.2561, -36.2453, 0.7929, 10.6567, 0.7133, 1.8457, 0.3874]
INFO:root:Last commanded torques from controller: [0.0, 0.0, 0.0, 0.0, 0.0, 0.0, 0.0]
INFO:root:Measured link-side joint torques: [-0.2799, -36.2215, 0.8167, 10.6329, 0.6996, 1.8255, 0.3947]
INFO:root:Last commanded torques from controller: [0.0, 0.0, 0.0, 0.0, 0.0, 0.0, 0.0]
INFO:root:Measured link-side joint torques: [-0.2799, -36.2215, 0.8167, 10.6329, 0.6996, 1.8255, 0.3947]
INFO:root:Last commanded torques from controller: [0.0, 0.0, 0.0, 0.0, 0.0, 0.0, 0.0]
INFO:root:Measured link-side joint torques: [-0.3314, -36.2691, 0.7652, 10.6091, 0.706, 1.8118, 0.3947]
INFO:root:Last commanded torques from controller: [0.0, 0.0, 0.0, 0.0, 0.0, 0.0, 0.0]
INFO:root:Measured link-side joint torques: [-0.3314, -36.2453, 0.7652, 10.5813, 0.706, 1.7779, 0.3471]
INFO:root:Last commanded torques from controller: [0.0, 0.0, 0.0, 0.0, 0.0, 0.0, 0.0]
INFO:root:Measured link-side joint torques: [-0.3037, -36.2215, 0.7929, 10.5813, 0.706, 1.7916, 0.3874]
INFO:root:Last commanded torques from controller: [0.0, 0.0, 0.0, 0.0, 0.0, 0.0, 0.0]
INFO:root:Measured link-side joint torques: [-0.3037, -36.2215, 0.7652, 10.5813, 0.7133, 1.8118, 0.4085]
INFO:root:Last commanded torques from controller: [0.0, 0.0, 0.0, 0.0, 0.0, 0.0, 0.0]
INFO:root:Measured link-side joint torques: [-0.3037, -36.2215, 0.7652, 10.5813, 0.7133, 1.8118, 0.4085]
INFO:root:Last commanded torques from controller: [0.0, 0.0, 0.0, 0.0, 0.0, 0.0, 0.0]
INFO:root:Measured link-side joint torques: [-0.2561, -36.2453, 0.7414, 10.5575, 0.7262, 1.8182, 0.3609]
INFO:root:Last commanded torques from controller: [0.0, 0.0, 0.0, 0.0, 0.0, 0.0, 0.0]
INFO:root:Measured link-side joint torques: [-0.2799, -36.2453, 0.7929, 10.6567, 0.739, 1.7916, 0.4085]
INFO:root:Last commanded torques from controller: [0.0, 0.0, 0.0, 0.0, 0.0, 0.0, 0.0]
INFO:root:Measured link-side joint torques: [-0.3037, -36.2453, 0.8167, 10.6567, 0.7198, 1.8182, 0.4222]
INFO:root:Last commanded torques from controller: [0.0, 0.0, 0.0, 0.0, 0.0, 0.0, 0.0]
INFO:root:Measured link-side joint torques: [-0.3037, -36.2453, 0.7414, 10.6567, 0.6996, 1.8319, 0.4625]
INFO:root:Last commanded torques from controller: [0.0, 0.0, 0.0, 0.0, 0.0, 0.0, 0.0]
INFO:root:Measured link-side joint torques: [-0.3037, -36.2453, 0.7414, 10.6567, 0.6996, 1.8319, 0.4625]
INFO:root:Last commanded torques from controller: [0.0, 0.0, 0.0, 0.0, 0.0, 0.0, 0.0]
INFO:root:Measured link-side joint torques: [-0.3037, -36.2215, 0.7652, 10.6091, 0.706, 1.8319, 0.3673]
INFO:root:Last commanded torques from controller: [0.0, 0.0, 0.0, 0.0, 0.0, 0.0, 0.0]
INFO:root:Measured link-side joint torques: [-0.2799, -36.2453, 0.7414, 10.6567, 0.7198, 1.8118, 0.4085]
INFO:root:Last commanded torques from controller: [0.0, 0.0, 0.0, 0.0, 0.0, 0.0, 0.0]
INFO:root:Measured link-side joint torques: [-0.2799, -36.2691, 0.7176, 10.6567, 0.7262, 1.8118, 0.3407]
INFO:root:Last commanded torques from controller: [0.0, 0.0, 0.0, 0.0, 0.0, 0.0, 0.0]
INFO:root:Measured link-side joint torques: [-0.2561, -36.2453, 0.7414, 10.6567, 0.7133, 1.8054, 0.4488]
INFO:root:Last commanded torques from controller: [0.0, 0.0, 0.0, 0.0, 0.0, 0.0, 0.0]
INFO:root:Measured link-side joint torques: [-0.2561, -36.2453, 0.7414, 10.6567, 0.7133, 1.8054, 0.4488]
INFO:root:Last commanded torques from controller: [0.0, 0.0, 0.0, 0.0, 0.0, 0.0, 0.0]
INFO:root:Measured link-side joint torques: [-0.3037, -36.2691, 0.7414, 10.6805, 0.7326, 1.8521, 0.4085]
INFO:root:Last commanded torques from controller: [0.0, 0.0, 0.0, 0.0, 0.0, 0.0, 0.0]
INFO:root:Measured link-side joint torques: [-0.3037, -36.3206, 0.7652, 10.6567, 0.7262, 1.8383, 0.3334]
INFO:root:Last commanded torques from controller: [0.0, 0.0, 0.0, 0.0, 0.0, 0.0, 0.0]
INFO:root:Measured link-side joint torques: [-0.3037, -36.2453, 0.7414, 10.6567, 0.7133, 1.8383, 0.3947]
INFO:root:Last commanded torques from controller: [0.0, 0.0, 0.0, 0.0, 0.0, 0.0, 0.0]
INFO:root:Measured link-side joint torques: [-0.3037, -36.2691, 0.8167, 10.6567, 0.7198, 1.8383, 0.435]
INFO:root:Last commanded torques from controller: [0.0, 0.0, 0.0, 0.0, 0.0, 0.0, 0.0]
INFO:root:Measured link-side joint torques: [-0.3037, -36.2691, 0.8167, 10.6567, 0.7198, 1.8383, 0.435]
INFO:root:Last commanded torques from controller: [0.0, 0.0, 0.0, 0.0, 0.0, 0.0, 0.0]
INFO:root:Measured link-side joint torques: [-0.2799, -36.2453, 0.7414, 10.6567, 0.6932, 1.8658, 0.3471]
INFO:root:Last commanded torques from controller: [0.0, 0.0, 0.0, 0.0, 0.0, 0.0, 0.0]
INFO:root:Measured link-side joint torques: [-0.3314, -36.2453, 0.7652, 10.6567, 0.6932, 1.8521, 0.4149]
INFO:root:Last commanded torques from controller: [0.0, 0.0, 0.0, 0.0, 0.0, 0.0, 0.0]
INFO:root:Measured link-side joint torques: [-0.3037, -36.2691, 0.7652, 10.6805, 0.7262, 1.8383, 0.3673]
INFO:root:Last commanded torques from controller: [0.0, 0.0, 0.0, 0.0, 0.0, 0.0, 0.0]
INFO:root:Measured link-side joint torques: [-0.3037, -36.1937, 0.7176, 10.7043, 0.7198, 1.8255, 0.4625]
INFO:root:Last commanded torques from controller: [0.0, 0.0, 0.0, 0.0, 0.0, 0.0, 0.0]
INFO:root:Measured link-side joint torques: [-0.3037, -36.1937, 0.7176, 10.7043, 0.7198, 1.8255, 0.4625]
INFO:root:Last commanded torques from controller: [0.0, 0.0, 0.0, 0.0, 0.0, 0.0, 0.0]
INFO:root:Measured link-side joint torques: [-0.3037, -36.2215, 0.7414, 10.7043, 0.706, 1.8319, 0.4085]
INFO:root:Last commanded torques from controller: [0.0, 0.0, 0.0, 0.0, 0.0, 0.0, 0.0]
INFO:root:Measured link-side joint torques: [-0.3314, -36.2453, 0.7652, 10.6805, 0.7133, 1.8182, 0.3609]
INFO:root:Last commanded torques from controller: [0.0, 0.0, 0.0, 0.0, 0.0, 0.0, 0.0]
INFO:root:Measured link-side joint torques: [-0.3037, -36.2453, 0.7652, 10.7043, 0.7133, 1.8182, 0.3609]
INFO:root:Last commanded torques from controller: [0.0, 0.0, 0.0, 0.0, 0.0, 0.0, 0.0]
INFO:root:Measured link-side joint torques: [-0.3314, -36.2691, 0.7652, 10.6805, 0.7198, 1.8255, 0.3947]
INFO:root:Last commanded torques from controller: [0.0, 0.0, 0.0, 0.0, 0.0, 0.0, 0.0]
INFO:root:Measured link-side joint torques: [-0.3314, -36.2691, 0.7652, 10.6805, 0.7198, 1.8255, 0.3947]
INFO:root:Last commanded torques from controller: [0.0, 0.0, 0.0, 0.0, 0.0, 0.0, 0.0]
INFO:root:Measured link-side joint torques: [-0.3314, -36.2968, 0.7414, 10.7559, 0.7326, 1.8054, 0.3471]
INFO:root:Last commanded torques from controller: [0.0, 0.0, 0.0, 0.0, 0.0, 0.0, 0.0]
INFO:root:Measured link-side joint torques: [-0.3552, -36.3206, 0.7652, 10.7559, 0.7262, 1.8255, 0.4011]
INFO:root:Last commanded torques from controller: [0.0, 0.0, 0.0, 0.0, 0.0, 0.0, 0.0]
INFO:root:Measured link-side joint torques: [-0.2799, -36.3206, 0.7414, 10.7559, 0.7326, 1.8319, 0.4085]
INFO:root:Last commanded torques from controller: [0.0, 0.0, 0.0, 0.0, 0.0, 0.0, 0.0]
INFO:root:Measured link-side joint torques: [-0.3314, -36.3206, 0.7176, 10.8035, 0.7198, 1.8118, 0.4561]
INFO:root:Last commanded torques from controller: [0.0, 0.0, 0.0, 0.0, 0.0, 0.0, 0.0]
INFO:root:Measured link-side joint torques: [-0.3314, -36.3206, 0.7176, 10.8035, 0.7198, 1.8118, 0.4561]
INFO:root:Last commanded torques from controller: [0.0, 0.0, 0.0, 0.0, 0.0, 0.0, 0.0]
INFO:root:Measured link-side joint torques: [-0.2799, -36.3206, 0.7929, 10.8273, 0.7133, 1.7916, 0.435]
INFO:root:Last commanded torques from controller: [0.0, 0.0, 0.0, 0.0, 0.0, 0.0, 0.0]
INFO:root:Measured link-side joint torques: [-0.3037, -36.2968, 0.7414, 10.7797, 0.7262, 1.8118, 0.3874]
INFO:root:Last commanded torques from controller: [0.0, 0.0, 0.0, 0.0, 0.0, 0.0, 0.0]
INFO:root:Measured link-side joint torques: [-0.3037, -36.2968, 0.7929, 10.7797, 0.7198, 1.8118, 0.3874]
INFO:root:Last commanded torques from controller: [0.0, 0.0, 0.0, 0.0, 0.0, 0.0, 0.0]
INFO:root:Measured link-side joint torques: [-0.3552, -36.2968, 0.7414, 10.8035, 0.7198, 1.8457, 0.3874]
INFO:root:Last commanded torques from controller: [0.0, 0.0, 0.0, 0.0, 0.0, 0.0, 0.0]
INFO:root:Measured link-side joint torques: [-0.3552, -36.2968, 0.7414, 10.8035, 0.7198, 1.8457, 0.3874]
INFO:root:Last commanded torques from controller: [0.0, 0.0, 0.0, 0.0, 0.0, 0.0, 0.0]
INFO:root:Measured link-side joint torques: [-0.2799, -36.2968, 0.7652, 10.7321, 0.7133, 1.8182, 0.3535]
INFO:root:Last commanded torques from controller: [0.0, 0.0, 0.0, 0.0, 0.0, 0.0, 0.0]
INFO:root:Measured link-side joint torques: [-0.3037, -36.3206, 0.7414, 10.6805, 0.706, 1.7916, 0.435]
INFO:root:Last commanded torques from controller: [0.0, 0.0, 0.0, 0.0, 0.0, 0.0, 0.0]
INFO:root:Measured link-side joint torques: [-0.3037, -36.2691, 0.7929, 10.6805, 0.7133, 1.8054, 0.4149]
INFO:root:Last commanded torques from controller: [0.0, 0.0, 0.0, 0.0, 0.0, 0.0, 0.0]
INFO:root:Measured link-side joint torques: [-0.3037, -36.2968, 0.7652, 10.6329, 0.7198, 1.8182, 0.4625]
INFO:root:Last commanded torques from controller: [0.0, 0.0, 0.0, 0.0, 0.0, 0.0, 0.0]
INFO:root:Measured link-side joint torques: [-0.3037, -36.2968, 0.7652, 10.6329, 0.7198, 1.8182, 0.4625]
INFO:root:Last commanded torques from controller: [0.0, 0.0, 0.0, 0.0, 0.0, 0.0, 0.0]
INFO:root:Measured link-side joint torques: [-0.2561, -36.3206, 0.7652, 10.6567, 0.706, 1.8182, 0.4085]
INFO:root:Last commanded torques from controller: [0.0, 0.0, 0.0, 0.0, 0.0, 0.0, 0.0]
INFO:root:Measured link-side joint torques: [-0.3037, -36.3444, 0.7929, 10.6091, 0.7198, 1.8319, 0.3609]
INFO:root:Last commanded torques from controller: [0.0, 0.0, 0.0, 0.0, 0.0, 0.0, 0.0]
INFO:root:Measured link-side joint torques: [-0.2799, -36.3206, 0.7652, 10.6091, 0.706, 1.8118, 0.3947]
INFO:root:Last commanded torques from controller: [0.0, 0.0, 0.0, 0.0, 0.0, 0.0, 0.0]
INFO:root:Measured link-side joint torques: [-0.3037, -36.2968, 0.7652, 10.6567, 0.706, 1.8118, 0.3535]
INFO:root:Last commanded torques from controller: [0.0, 0.0, 0.0, 0.0, 0.0, 0.0, 0.0]
INFO:root:Measured link-side joint torques: [-0.3037, -36.2968, 0.7652, 10.6567, 0.706, 1.8118, 0.3535]
INFO:root:Last commanded torques from controller: [0.0, 0.0, 0.0, 0.0, 0.0, 0.0, 0.0]
INFO:root:Measured link-side joint torques: [-0.3314, -36.3206, 0.7414, 10.6805, 0.7133, 1.8255, 0.3947]
INFO:root:Last commanded torques from controller: [0.0, 0.0, 0.0, 0.0, 0.0, 0.0, 0.0]
INFO:root:Measured link-side joint torques: [-0.3552, -36.3206, 0.7652, 10.6329, 0.7326, 1.8319, 0.4085]
INFO:root:Last commanded torques from controller: [0.0, 0.0, 0.0, 0.0, 0.0, 0.0, 0.0]
INFO:root:Measured link-side joint torques: [-0.3552, -36.3444, 0.7176, 10.6567, 0.7198, 1.8255, 0.4488]
INFO:root:Last commanded torques from controller: [0.0, 0.0, 0.0, 0.0, 0.0, 0.0, 0.0]
INFO:root:Measured link-side joint torques: [-0.379, -36.3206, 0.7414, 10.6805, 0.706, 1.8255, 0.4222]
INFO:root:Last commanded torques from controller: [0.0, 0.0, 0.0, 0.0, 0.0, 0.0, 0.0]
INFO:root:Measured link-side joint torques: [-0.379, -36.3206, 0.7414, 10.6805, 0.706, 1.8255, 0.4222]
INFO:root:Last commanded torques from controller: [0.0, 0.0, 0.0, 0.0, 0.0, 0.0, 0.0]
INFO:root:Measured link-side joint torques: [-0.3552, -36.3444, 0.7414, 10.6567, 0.7133, 1.8521, 0.3535]
INFO:root:Last commanded torques from controller: [0.0, 0.0, 0.0, 0.0, 0.0, 0.0, 0.0]
INFO:root:Measured link-side joint torques: [-0.3037, -36.396, 0.7176, 10.6805, 0.7133, 1.8457, 0.3535]
INFO:root:Last commanded torques from controller: [0.0, 0.0, 0.0, 0.0, 0.0, 0.0, 0.0]
INFO:root:Measured link-side joint torques: [-0.3552, -36.3444, 0.7176, 10.6567, 0.7198, 1.8383, 0.3673]
INFO:root:Last commanded torques from controller: [0.0, 0.0, 0.0, 0.0, 0.0, 0.0, 0.0]
INFO:root:Measured link-side joint torques: [-0.3314, -36.3444, 0.7176, 10.6329, 0.7198, 1.8182, 0.3673]
INFO:root:Last commanded torques from controller: [0.0, 0.0, 0.0, 0.0, 0.0, 0.0, 0.0]
INFO:root:Measured link-side joint torques: [-0.3314, -36.3444, 0.7176, 10.6329, 0.7198, 1.8182, 0.3673]
INFO:root:Last commanded torques from controller: [0.0, 0.0, 0.0, 0.0, 0.0, 0.0, 0.0]
INFO:root:Measured link-side joint torques: [-0.3314, -36.396, 0.7929, 10.6091, 0.7262, 1.7852, 0.3673]
INFO:root:Last commanded torques from controller: [0.0, 0.0, 0.0, 0.0, 0.0, 0.0, 0.0]
INFO:root:Measured link-side joint torques: [-0.3037, -36.3444, 0.6938, 10.6091, 0.7262, 1.798, 0.3947]
INFO:root:Last commanded torques from controller: [0.0, 0.0, 0.0, 0.0, 0.0, 0.0, 0.0]
INFO:root:Measured link-side joint torques: [-0.3552, -36.2968, 0.7414, 10.5575, 0.7198, 1.8319, 0.4488]
INFO:root:Last commanded torques from controller: [0.0, 0.0, 0.0, 0.0, 0.0, 0.0, 0.0]
INFO:root:Measured link-side joint torques: [-0.3037, -36.2968, 0.7652, 10.5575, 0.706, 1.8383, 0.3673]
INFO:root:Last commanded torques from controller: [0.0, 0.0, 0.0, 0.0, 0.0, 0.0, 0.0]
INFO:root:Measured link-side joint torques: [-0.3037, -36.2968, 0.7652, 10.5575, 0.706, 1.8383, 0.3673]
INFO:root:Last commanded torques from controller: [0.0, 0.0, 0.0, 0.0, 0.0, 0.0, 0.0]
INFO:root:Measured link-side joint torques: [-0.3037, -36.2968, 0.7652, 10.5099, 0.7198, 1.8182, 0.3947]
INFO:root:Last commanded torques from controller: [0.0, 0.0, 0.0, 0.0, 0.0, 0.0, 0.0]
INFO:root:Measured link-side joint torques: [-0.3552, -36.2968, 0.7414, 10.5575, 0.706, 1.7916, 0.381]
INFO:root:Last commanded torques from controller: [0.0, 0.0, 0.0, 0.0, 0.0, 0.0, 0.0]
INFO:root:Measured link-side joint torques: [-0.3552, -36.2453, 0.7176, 10.5337, 0.706, 1.7852, 0.4488]
INFO:root:Last commanded torques from controller: [0.0, 0.0, 0.0, 0.0, 0.0, 0.0, 0.0]
INFO:root:Measured link-side joint torques: [-0.3037, -36.2968, 0.7414, 10.4583, 0.7198, 1.7779, 0.3947]
INFO:root:Last commanded torques from controller: [0.0, 0.0, 0.0, 0.0, 0.0, 0.0, 0.0]
INFO:root:Measured link-side joint torques: [-0.3037, -36.2968, 0.7414, 10.4583, 0.7198, 1.7779, 0.3947]
INFO:root:Last commanded torques from controller: [0.0, 0.0, 0.0, 0.0, 0.0, 0.0, 0.0]
INFO:root:Measured link-side joint torques: [-0.3314, -36.2453, 0.7652, 10.4583, 0.7198, 1.8182, 0.3673]
INFO:root:Last commanded torques from controller: [0.0, 0.0, 0.0, 0.0, 0.0, 0.0, 0.0]
INFO:root:Measured link-side joint torques: [-0.3037, -36.2968, 0.8167, 10.4861, 0.7198, 1.8658, 0.3609]
INFO:root:Last commanded torques from controller: [0.0, 0.0, 0.0, 0.0, 0.0, 0.0, 0.0]
INFO:root:Measured link-side joint torques: [-0.3037, -36.2691, 0.7414, 10.5099, 0.706, 1.8319, 0.4085]
INFO:root:Last commanded torques from controller: [0.0, 0.0, 0.0, 0.0, 0.0, 0.0, 0.0]
INFO:root:Measured link-side joint torques: [-0.3037, -36.2453, 0.8405, 10.4861, 0.7198, 1.7916, 0.3746]
INFO:root:Last commanded torques from controller: [0.0, 0.0, 0.0, 0.0, 0.0, 0.0, 0.0]
INFO:root:Measured link-side joint torques: [-0.3037, -36.2453, 0.8405, 10.4861, 0.7198, 1.7916, 0.3746]
INFO:root:Last commanded torques from controller: [0.0, 0.0, 0.0, 0.0, 0.0, 0.0, 0.0]
INFO:root:Measured link-side joint torques: [-0.2799, -36.2968, 0.7652, 10.4861, 0.7262, 1.7916, 0.4085]
INFO:root:Last commanded torques from controller: [0.0, 0.0, 0.0, 0.0, 0.0, 0.0, 0.0]
INFO:root:Measured link-side joint torques: [-0.2561, -36.2691, 0.7652, 10.4861, 0.7133, 1.7916, 0.4488]
INFO:root:Last commanded torques from controller: [0.0, 0.0, 0.0, 0.0, 0.0, 0.0, 0.0]
INFO:root:Measured link-side joint torques: [-0.379, -36.1937, 0.7652, 10.4345, 0.7198, 1.798, 0.4488]
INFO:root:Last commanded torques from controller: [0.0, 0.0, 0.0, 0.0, 0.0, 0.0, 0.0]
INFO:root:Measured link-side joint torques: [-0.3314, -36.1699, 0.7929, 10.4345, 0.6932, 1.8182, 0.4286]
INFO:root:Last commanded torques from controller: [0.0, 0.0, 0.0, 0.0, 0.0, 0.0, 0.0]
INFO:root:Measured link-side joint torques: [-0.3314, -36.1699, 0.7929, 10.4345, 0.6932, 1.8182, 0.4286]
INFO:root:Last commanded torques from controller: [0.0, 0.0, 0.0, 0.0, 0.0, 0.0, 0.0]
INFO:root:Measured link-side joint torques: [-0.3314, -36.1223, 0.8167, 10.4345, 0.7133, 1.8255, 0.3874]
INFO:root:Last commanded torques from controller: [0.0, 0.0, 0.0, 0.0, 0.0, 0.0, 0.0]
INFO:root:Measured link-side joint torques: [-0.3037, -36.1223, 0.8405, 10.4583, 0.706, 1.8383, 0.4561]
INFO:root:Last commanded torques from controller: [0.0, 0.0, 0.0, 0.0, 0.0, 0.0, 0.0]
INFO:root:Measured link-side joint torques: [-0.3037, -36.1223, 0.7414, 10.4107, 0.7262, 1.8658, 0.4149]
INFO:root:Last commanded torques from controller: [0.0, 0.0, 0.0, 0.0, 0.0, 0.0, 0.0]
INFO:root:Measured link-side joint torques: [-0.2799, -36.1699, 0.7652, 10.4583, 0.706, 1.8383, 0.3947]
INFO:root:Last commanded torques from controller: [0.0, 0.0, 0.0, 0.0, 0.0, 0.0, 0.0]
INFO:root:Measured link-side joint torques: [-0.2799, -36.1699, 0.7652, 10.4583, 0.706, 1.8383, 0.3947]
INFO:root:Last commanded torques from controller: [0.0, 0.0, 0.0, 0.0, 0.0, 0.0, 0.0]
INFO:root:Measured link-side joint torques: [-0.2561, -36.1699, 0.7929, 10.4107, 0.706, 1.8054, 0.4488]
INFO:root:Last commanded torques from controller: [0.0, 0.0, 0.0, 0.0, 0.0, 0.0, 0.0]
INFO:root:Measured link-side joint torques: [-0.3037, -36.0945, 0.7414, 10.3869, 0.6996, 1.8255, 0.4149]
INFO:root:Last commanded torques from controller: [0.0, 0.0, 0.0, 0.0, 0.0, 0.0, 0.0]
INFO:root:Measured link-side joint torques: [-0.2799, -36.0191, 0.8167, 10.4107, 0.706, 1.8722, 0.4762]
INFO:root:Last commanded torques from controller: [0.0, 0.0, 0.0, 0.0, 0.0, 0.0, 0.0]
INFO:root:Measured link-side joint torques: [-0.2799, -36.0707, 0.7414, 10.3869, 0.7133, 1.8859, 0.381]
INFO:root:Last commanded torques from controller: [0.0, 0.0, 0.0, 0.0, 0.0, 0.0, 0.0]
INFO:root:Measured link-side joint torques: [-0.2799, -36.0707, 0.7414, 10.3869, 0.7133, 1.8859, 0.381]
INFO:root:Last commanded torques from controller: [0.0, 0.0, 0.0, 0.0, 0.0, 0.0, 0.0]
INFO:root:Measured link-side joint torques: [-0.3037, -36.0707, 0.8405, 10.3869, 0.706, 1.8521, 0.381]
INFO:root:Last commanded torques from controller: [0.0, 0.0, 0.0, 0.0, 0.0, 0.0, 0.0]
INFO:root:Measured link-side joint torques: [-0.2561, -36.0469, 0.7652, 10.3869, 0.706, 1.8319, 0.4826]
INFO:root:Last commanded torques from controller: [0.0, 0.0, 0.0, 0.0, 0.0, 0.0, 0.0]
INFO:root:Measured link-side joint torques: [-0.2799, -36.0469, 0.7929, 10.3631, 0.6932, 1.8383, 0.4222]
INFO:root:Last commanded torques from controller: [0.0, 0.0, 0.0, 0.0, 0.0, 0.0, 0.0]
INFO:root:Measured link-side joint torques: [-0.2799, -36.0707, 0.7652, 10.3353, 0.6932, 1.8182, 0.4085]
INFO:root:Last commanded torques from controller: [0.0, 0.0, 0.0, 0.0, 0.0, 0.0, 0.0]
INFO:root:Measured link-side joint torques: [-0.2799, -36.0707, 0.7652, 10.3353, 0.6932, 1.8182, 0.4085]
INFO:root:Last commanded torques from controller: [0.0, 0.0, 0.0, 0.0, 0.0, 0.0, 0.0]
INFO:root:Measured link-side joint torques: [-0.2323, -36.0191, 0.7929, 10.2877, 0.6996, 1.8585, 0.49]
INFO:root:Last commanded torques from controller: [0.0, 0.0, 0.0, 0.0, 0.0, 0.0, 0.0]
INFO:root:Measured link-side joint torques: [-0.3037, -35.9953, 0.7652, 10.3115, 0.706, 1.8658, 0.4085]
INFO:root:Last commanded torques from controller: [0.0, 0.0, 0.0, 0.0, 0.0, 0.0, 0.0]
INFO:root:Measured link-side joint torques: [-0.3037, -35.9953, 0.7929, 10.3115, 0.6996, 1.8383, 0.3947]
INFO:root:Last commanded torques from controller: [0.0, 0.0, 0.0, 0.0, 0.0, 0.0, 0.0]
INFO:root:Measured link-side joint torques: [-0.2799, -35.9953, 0.7414, 10.3869, 0.706, 1.8319, 0.3535]
INFO:root:Last commanded torques from controller: [0.0, 0.0, 0.0, 0.0, 0.0, 0.0, 0.0]
INFO:root:Measured link-side joint torques: [-0.2799, -35.9953, 0.7414, 10.3869, 0.706, 1.8319, 0.3535]
INFO:root:Last commanded torques from controller: [0.0, 0.0, 0.0, 0.0, 0.0, 0.0, 0.0]
INFO:root:Measured link-side joint torques: [-0.2799, -36.0191, 0.7652, 10.3353, 0.706, 1.8182, 0.381]
INFO:root:Last commanded torques from controller: [0.0, 0.0, 0.0, 0.0, 0.0, 0.0, 0.0]
INFO:root:Measured link-side joint torques: [-0.2561, -35.9715, 0.7414, 10.2401, 0.7198, 1.8255, 0.435]
INFO:root:Last commanded torques from controller: [0.0, 0.0, 0.0, 0.0, 0.0, 0.0, 0.0]
INFO:root:Measured link-side joint torques: [-0.3314, -35.9715, 0.7414, 10.2877, 0.706, 1.8255, 0.4964]
INFO:root:Last commanded torques from controller: [0.0, 0.0, 0.0, 0.0, 0.0, 0.0, 0.0]
INFO:root:Measured link-side joint torques: [-0.2799, -35.9199, 0.7414, 10.3353, 0.6932, 1.8383, 0.4085]
INFO:root:Last commanded torques from controller: [0.0, 0.0, 0.0, 0.0, 0.0, 0.0, 0.0]
INFO:root:Measured link-side joint torques: [-0.2799, -35.9199, 0.7414, 10.3353, 0.6932, 1.8383, 0.4085]
INFO:root:Last commanded torques from controller: [0.0, 0.0, 0.0, 0.0, 0.0, 0.0, 0.0]
INFO:root:Measured link-side joint torques: [-0.3314, -35.9438, 0.7414, 10.3353, 0.6996, 1.8457, 0.435]
INFO:root:Last commanded torques from controller: [0.0, 0.0, 0.0, 0.0, 0.0, 0.0, 0.0]
INFO:root:Measured link-side joint torques: [-0.2799, -35.8961, 0.7929, 10.3115, 0.6996, 1.8457, 0.3673]
INFO:root:Last commanded torques from controller: [0.0, 0.0, 0.0, 0.0, 0.0, 0.0, 0.0]
INFO:root:Measured link-side joint torques: [-0.2799, -35.9199, 0.7414, 10.2639, 0.706, 1.8182, 0.4085]
INFO:root:Last commanded torques from controller: [0.0, 0.0, 0.0, 0.0, 0.0, 0.0, 0.0]
INFO:root:Measured link-side joint torques: [-0.2799, -35.8446, 0.7929, 10.2639, 0.6996, 1.8255, 0.4222]
INFO:root:Last commanded torques from controller: [0.0, 0.0, 0.0, 0.0, 0.0, 0.0, 0.0]
INFO:root:Measured link-side joint torques: [-0.2799, -35.8446, 0.7929, 10.2639, 0.6996, 1.8255, 0.4222]
INFO:root:Last commanded torques from controller: [0.0, 0.0, 0.0, 0.0, 0.0, 0.0, 0.0]
INFO:root:Measured link-side joint torques: [-0.2323, -35.9199, 0.7176, 10.2401, 0.6996, 1.8383, 0.4488]
INFO:root:Last commanded torques from controller: [0.0, 0.0, 0.0, 0.0, 0.0, 0.0, 0.0]
INFO:root:Measured link-side joint torques: [-0.2561, -35.9199, 0.7652, 10.2639, 0.6932, 1.8255, 0.4149]
INFO:root:Last commanded torques from controller: [0.0, 0.0, 0.0, 0.0, 0.0, 0.0, 0.0]
INFO:root:Measured link-side joint torques: [-0.2799, -35.9199, 0.7929, 10.3115, 0.7133, 1.8118, 0.4085]
INFO:root:Last commanded torques from controller: [0.0, 0.0, 0.0, 0.0, 0.0, 0.0, 0.0]
INFO:root:Measured link-side joint torques: [-0.2799, -35.8723, 0.7652, 10.2401, 0.706, 1.8319, 0.3874]
INFO:root:Last commanded torques from controller: [0.0, 0.0, 0.0, 0.0, 0.0, 0.0, 0.0]
INFO:root:Measured link-side joint torques: [-0.2799, -35.8723, 0.7652, 10.2401, 0.706, 1.8319, 0.3874]
INFO:root:Last commanded torques from controller: [0.0, 0.0, 0.0, 0.0, 0.0, 0.0, 0.0]
INFO:root:Measured link-side joint torques: [-0.2799, -35.8961, 0.7929, 10.2639, 0.6996, 1.8383, 0.4286]
INFO:root:Last commanded torques from controller: [0.0, 0.0, 0.0, 0.0, 0.0, 0.0, 0.0]
INFO:root:Measured link-side joint torques: [-0.2561, -35.8723, 0.7929, 10.2401, 0.7198, 1.8255, 0.4085]
INFO:root:Last commanded torques from controller: [0.0, 0.0, 0.0, 0.0, 0.0, 0.0, 0.0]
INFO:root:Measured link-side joint torques: [-0.3314, -35.8723, 0.7652, 10.2639, 0.7133, 1.8118, 0.4689]
INFO:root:Last commanded torques from controller: [0.0, 0.0, 0.0, 0.0, 0.0, 0.0, 0.0]
INFO:root:Measured link-side joint torques: [-0.3552, -35.8208, 0.7929, 10.2401, 0.6996, 1.8182, 0.4085]
INFO:root:Last commanded torques from controller: [0.0, 0.0, 0.0, 0.0, 0.0, 0.0, 0.0]
INFO:root:Measured link-side joint torques: [-0.3552, -35.8208, 0.7929, 10.2401, 0.6996, 1.8182, 0.4085]
INFO:root:Last commanded torques from controller: [0.0, 0.0, 0.0, 0.0, 0.0, 0.0, 0.0]
INFO:root:Measured link-side joint torques: [-0.2799, -35.8961, 0.7652, 10.2123, 0.6932, 1.8118, 0.4085]
INFO:root:Last commanded torques from controller: [0.0, 0.0, 0.0, 0.0, 0.0, 0.0, 0.0]
INFO:root:Measured link-side joint torques: [-0.3314, -35.8723, 0.7652, 10.2639, 0.7133, 1.8383, 0.3609]
INFO:root:Last commanded torques from controller: [0.0, 0.0, 0.0, 0.0, 0.0, 0.0, 0.0]
INFO:root:Measured link-side joint torques: [-0.3037, -35.8208, 0.7652, 10.2123, 0.6932, 1.8658, 0.3874]
INFO:root:Last commanded torques from controller: [0.0, 0.0, 0.0, 0.0, 0.0, 0.0, 0.0]
INFO:root:Measured link-side joint torques: [-0.3314, -35.8208, 0.7414, 10.2401, 0.7262, 1.8722, 0.4222]
INFO:root:Last commanded torques from controller: [0.0, 0.0, 0.0, 0.0, 0.0, 0.0, 0.0]
INFO:root:Measured link-side joint torques: [-0.3314, -35.8208, 0.7414, 10.2401, 0.7262, 1.8722, 0.4222]
INFO:root:Last commanded torques from controller: [0.0, 0.0, 0.0, 0.0, 0.0, 0.0, 0.0]
INFO:root:Measured link-side joint torques: [-0.3314, -35.797, 0.7652, 10.2123, 0.706, 1.8521, 0.381]
INFO:root:Last commanded torques from controller: [0.0, 0.0, 0.0, 0.0, 0.0, 0.0, 0.0]
INFO:root:Measured link-side joint torques: [-0.3314, -35.8446, 0.7929, 10.2877, 0.6932, 1.8521, 0.4222]
INFO:root:Last commanded torques from controller: [0.0, 0.0, 0.0, 0.0, 0.0, 0.0, 0.0]
INFO:root:Measured link-side joint torques: [-0.3314, -35.8446, 0.6938, 10.2401, 0.7198, 1.8383, 0.435]
INFO:root:Last commanded torques from controller: [0.0, 0.0, 0.0, 0.0, 0.0, 0.0, 0.0]
INFO:root:Measured link-side joint torques: [-0.3037, -35.7692, 0.7176, 10.2639, 0.706, 1.8457, 0.3673]
INFO:root:Last commanded torques from controller: [0.0, 0.0, 0.0, 0.0, 0.0, 0.0, 0.0]
INFO:root:Measured link-side joint torques: [-0.3037, -35.7692, 0.7176, 10.2639, 0.706, 1.8457, 0.3673]
INFO:root:Last commanded torques from controller: [0.0, 0.0, 0.0, 0.0, 0.0, 0.0, 0.0]
INFO:root:Measured link-side joint torques: [-0.3314, -35.8446, 0.7929, 10.2401, 0.6932, 1.8383, 0.435]
INFO:root:Last commanded torques from controller: [0.0, 0.0, 0.0, 0.0, 0.0, 0.0, 0.0]
INFO:root:Measured link-side joint torques: [-0.3037, -35.8208, 0.7652, 10.2123, 0.6996, 1.8319, 0.3746]
INFO:root:Last commanded torques from controller: [0.0, 0.0, 0.0, 0.0, 0.0, 0.0, 0.0]
INFO:root:Measured link-side joint torques: [-0.2799, -35.7454, 0.7929, 10.2877, 0.6932, 1.8383, 0.4488]
INFO:root:Last commanded torques from controller: [0.0, 0.0, 0.0, 0.0, 0.0, 0.0, 0.0]
INFO:root:Measured link-side joint torques: [-0.2561, -35.8208, 0.7414, 10.2877, 0.7133, 1.8383, 0.4085]
INFO:root:Last commanded torques from controller: [0.0, 0.0, 0.0, 0.0, 0.0, 0.0, 0.0]
INFO:root:Measured link-side joint torques: [-0.2561, -35.8208, 0.7414, 10.2877, 0.7133, 1.8383, 0.4085]
INFO:root:Last commanded torques from controller: [0.0, 0.0, 0.0, 0.0, 0.0, 0.0, 0.0]
INFO:root:Measured link-side joint torques: [-0.3037, -35.797, 0.7652, 10.2877, 0.7133, 1.8383, 0.3535]
INFO:root:Last commanded torques from controller: [0.0, 0.0, 0.0, 0.0, 0.0, 0.0, 0.0]
INFO:root:Measured link-side joint torques: [-0.3037, -35.797, 0.7414, 10.3115, 0.7198, 1.8457, 0.3535]
INFO:root:Last commanded torques from controller: [0.0, 0.0, 0.0, 0.0, 0.0, 0.0, 0.0]
INFO:root:Measured link-side joint torques: [-0.3037, -35.8208, 0.7652, 10.2639, 0.706, 1.8118, 0.4011]
INFO:root:Last commanded torques from controller: [0.0, 0.0, 0.0, 0.0, 0.0, 0.0, 0.0]
INFO:root:Measured link-side joint torques: [-0.3037, -35.7692, 0.7414, 10.2401, 0.6996, 1.7852, 0.3673]
INFO:root:Last commanded torques from controller: [0.0, 0.0, 0.0, 0.0, 0.0, 0.0, 0.0]
INFO:root:Measured link-side joint torques: [-0.3037, -35.7692, 0.7414, 10.2401, 0.6996, 1.7852, 0.3673]
INFO:root:Last commanded torques from controller: [0.0, 0.0, 0.0, 0.0, 0.0, 0.0, 0.0]
INFO:root:Measured link-side joint torques: [-0.3037, -35.797, 0.7414, 10.2639, 0.6996, 1.798, 0.4488]
INFO:root:Last commanded torques from controller: [0.0, 0.0, 0.0, 0.0, 0.0, 0.0, 0.0]
INFO:root:Measured link-side joint torques: [-0.3037, -35.797, 0.7652, 10.2401, 0.7133, 1.8182, 0.3947]
INFO:root:Last commanded torques from controller: [0.0, 0.0, 0.0, 0.0, 0.0, 0.0, 0.0]
INFO:root:Measured link-side joint torques: [-0.3037, -35.8446, 0.7414, 10.2877, 0.7133, 1.8182, 0.4488]
INFO:root:Last commanded torques from controller: [0.0, 0.0, 0.0, 0.0, 0.0, 0.0, 0.0]
INFO:root:Measured link-side joint torques: [-0.2561, -35.7692, 0.7929, 10.2639, 0.7133, 1.8182, 0.3746]
INFO:root:Last commanded torques from controller: [0.0, 0.0, 0.0, 0.0, 0.0, 0.0, 0.0]
INFO:root:Measured link-side joint torques: [-0.2561, -35.7692, 0.7929, 10.2639, 0.7133, 1.8182, 0.3746]
INFO:root:Last commanded torques from controller: [0.0, 0.0, 0.0, 0.0, 0.0, 0.0, 0.0]
INFO:root:Measured link-side joint torques: [-0.3037, -35.797, 0.8167, 10.2639, 0.7133, 1.8054, 0.4011]
INFO:root:Last commanded torques from controller: [0.0, 0.0, 0.0, 0.0, 0.0, 0.0, 0.0]
INFO:root:Measured link-side joint torques: [-0.2799, -35.8208, 0.7176, 10.2401, 0.6996, 1.798, 0.4561]
INFO:root:Last commanded torques from controller: [0.0, 0.0, 0.0, 0.0, 0.0, 0.0, 0.0]
INFO:root:Measured link-side joint torques: [-0.3037, -35.797, 0.7929, 10.2639, 0.7133, 1.7916, 0.4286]
INFO:root:Last commanded torques from controller: [0.0, 0.0, 0.0, 0.0, 0.0, 0.0, 0.0]
INFO:root:Measured link-side joint torques: [-0.3037, -35.797, 0.7929, 10.2401, 0.706, 1.798, 0.3947]
INFO:root:Last commanded torques from controller: [0.0, 0.0, 0.0, 0.0, 0.0, 0.0, 0.0]
INFO:root:Measured link-side joint torques: [-0.3037, -35.797, 0.7929, 10.2401, 0.706, 1.798, 0.3947]
INFO:root:Last commanded torques from controller: [0.0, 0.0, 0.0, 0.0, 0.0, 0.0, 0.0]
INFO:root:Measured link-side joint torques: [-0.3037, -35.797, 0.7652, 10.2401, 0.6996, 1.8054, 0.4561]
INFO:root:Last commanded torques from controller: [0.0, 0.0, 0.0, 0.0, 0.0, 0.0, 0.0]
INFO:root:Measured link-side joint torques: [-0.3037, -35.8446, 0.7929, 10.2123, 0.706, 1.8457, 0.4222]
INFO:root:Last commanded torques from controller: [0.0, 0.0, 0.0, 0.0, 0.0, 0.0, 0.0]
INFO:root:Measured link-side joint torques: [-0.3314, -35.8208, 0.7929, 10.2401, 0.6996, 1.8585, 0.4085]
INFO:root:Last commanded torques from controller: [0.0, 0.0, 0.0, 0.0, 0.0, 0.0, 0.0]
INFO:root:Measured link-side joint torques: [-0.3037, -35.8208, 0.7176, 10.2401, 0.6996, 1.8457, 0.3609]
INFO:root:Last commanded torques from controller: [0.0, 0.0, 0.0, 0.0, 0.0, 0.0, 0.0]
INFO:root:Measured link-side joint torques: [-0.3037, -35.8208, 0.7176, 10.2401, 0.6996, 1.8457, 0.3609]
INFO:root:Last commanded torques from controller: [0.0, 0.0, 0.0, 0.0, 0.0, 0.0, 0.0]
INFO:root:Measured link-side joint torques: [-0.3037, -35.797, 0.7652, 10.2123, 0.706, 1.8182, 0.4149]
INFO:root:Last commanded torques from controller: [0.0, 0.0, 0.0, 0.0, 0.0, 0.0, 0.0]
INFO:root:Measured link-side joint torques: [-0.3552, -35.8446, 0.7929, 10.2639, 0.6804, 1.798, 0.435]
INFO:root:Last commanded torques from controller: [0.0, 0.0, 0.0, 0.0, 0.0, 0.0, 0.0]
INFO:root:Measured link-side joint torques: [-0.3037, -35.8446, 0.7652, 10.2639, 0.7133, 1.8118, 0.4762]
INFO:root:Last commanded torques from controller: [0.0, 0.0, 0.0, 0.0, 0.0, 0.0, 0.0]
INFO:root:Measured link-side joint torques: [-0.3552, -35.8961, 0.7652, 10.2639, 0.6996, 1.8182, 0.4085]
INFO:root:Last commanded torques from controller: [0.0, 0.0, 0.0, 0.0, 0.0, 0.0, 0.0]
INFO:root:Measured link-side joint torques: [-0.3552, -35.8961, 0.7652, 10.2639, 0.6996, 1.8182, 0.4085]
INFO:root:Last commanded torques from controller: [0.0, 0.0, 0.0, 0.0, 0.0, 0.0, 0.0]
INFO:root:Measured link-side joint torques: [-0.3552, -35.8446, 0.7652, 10.2877, 0.6996, 1.8383, 0.381]
INFO:root:Last commanded torques from controller: [0.0, 0.0, 0.0, 0.0, 0.0, 0.0, 0.0]
INFO:root:Measured link-side joint torques: [-0.3314, -35.8961, 0.7652, 10.2401, 0.7133, 1.8319, 0.4762]
INFO:root:Last commanded torques from controller: [0.0, 0.0, 0.0, 0.0, 0.0, 0.0, 0.0]
INFO:root:Measured link-side joint torques: [-0.3314, -35.8446, 0.7414, 10.2401, 0.6996, 1.8255, 0.3947]
INFO:root:Last commanded torques from controller: [0.0, 0.0, 0.0, 0.0, 0.0, 0.0, 0.0]
INFO:root:Measured link-side joint torques: [-0.2561, -35.8446, 0.7176, 10.2123, 0.706, 1.8255, 0.4423]
INFO:root:Last commanded torques from controller: [0.0, 0.0, 0.0, 0.0, 0.0, 0.0, 0.0]
INFO:root:Measured link-side joint torques: [-0.2561, -35.8446, 0.7176, 10.2123, 0.706, 1.8255, 0.4423]
INFO:root:Last commanded torques from controller: [0.0, 0.0, 0.0, 0.0, 0.0, 0.0, 0.0]
INFO:root:Measured link-side joint torques: [-0.3037, -35.8723, 0.7414, 10.2123, 0.706, 1.8182, 0.4488]
INFO:root:Last commanded torques from controller: [0.0, 0.0, 0.0, 0.0, 0.0, 0.0, 0.0]
INFO:root:Measured link-side joint torques: [-0.3037, -35.8446, 0.7414, 10.1885, 0.706, 1.7779, 0.3609]
INFO:root:Last commanded torques from controller: [0.0, 0.0, 0.0, 0.0, 0.0, 0.0, 0.0]
INFO:root:Measured link-side joint torques: [-0.3037, -35.797, 0.7176, 10.2123, 0.7133, 1.7916, 0.4625]
INFO:root:Last commanded torques from controller: [0.0, 0.0, 0.0, 0.0, 0.0, 0.0, 0.0]
INFO:root:Measured link-side joint torques: [-0.3314, -35.8446, 0.7414, 10.1885, 0.706, 1.7916, 0.3673]
INFO:root:Last commanded torques from controller: [0.0, 0.0, 0.0, 0.0, 0.0, 0.0, 0.0]
INFO:root:Measured link-side joint torques: [-0.3314, -35.8446, 0.7414, 10.1885, 0.706, 1.7916, 0.3673]
INFO:root:Last commanded torques from controller: [0.0, 0.0, 0.0, 0.0, 0.0, 0.0, 0.0]
INFO:root:Measured link-side joint torques: [-0.2799, -35.8446, 0.7929, 10.1885, 0.7133, 1.8319, 0.3874]
INFO:root:Last commanded torques from controller: [0.0, 0.0, 0.0, 0.0, 0.0, 0.0, 0.0]
INFO:root:Measured link-side joint torques: [-0.2799, -35.8208, 0.7929, 10.2401, 0.706, 1.8182, 0.4561]
INFO:root:Last commanded torques from controller: [0.0, 0.0, 0.0, 0.0, 0.0, 0.0, 0.0]
INFO:root:Measured link-side joint torques: [-0.3314, -35.8723, 0.7652, 10.2401, 0.706, 1.8118, 0.4222]
INFO:root:Last commanded torques from controller: [0.0, 0.0, 0.0, 0.0, 0.0, 0.0, 0.0]
INFO:root:Measured link-side joint torques: [-0.3037, -35.8961, 0.7652, 10.3353, 0.6996, 1.8054, 0.4488]
INFO:root:Last commanded torques from controller: [0.0, 0.0, 0.0, 0.0, 0.0, 0.0, 0.0]
INFO:root:Measured link-side joint torques: [-0.3037, -35.8961, 0.7652, 10.3353, 0.6996, 1.8054, 0.4488]
INFO:root:Last commanded torques from controller: [0.0, 0.0, 0.0, 0.0, 0.0, 0.0, 0.0]
INFO:root:Measured link-side joint torques: [-0.2561, -35.9199, 0.7652, 10.3115, 0.6996, 1.8054, 0.4286]
INFO:root:Last commanded torques from controller: [0.0, 0.0, 0.0, 0.0, 0.0, 0.0, 0.0]
INFO:root:Measured link-side joint torques: [-0.3552, -35.8961, 0.7414, 10.3115, 0.7198, 1.8118, 0.4222]
INFO:root:Last commanded torques from controller: [0.0, 0.0, 0.0, 0.0, 0.0, 0.0, 0.0]
INFO:root:Measured link-side joint torques: [-0.379, -35.8961, 0.7652, 10.3353, 0.706, 1.8319, 0.4085]
INFO:root:Last commanded torques from controller: [0.0, 0.0, 0.0, 0.0, 0.0, 0.0, 0.0]
INFO:root:Measured link-side joint torques: [-0.2799, -35.9438, 0.7414, 10.3631, 0.7133, 1.8383, 0.381]
INFO:root:Last commanded torques from controller: [0.0, 0.0, 0.0, 0.0, 0.0, 0.0, 0.0]
INFO:root:Measured link-side joint torques: [-0.2799, -35.9438, 0.7414, 10.3631, 0.7133, 1.8383, 0.381]
INFO:root:Last commanded torques from controller: [0.0, 0.0, 0.0, 0.0, 0.0, 0.0, 0.0]
INFO:root:Measured link-side joint torques: [-0.3037, -35.9199, 0.7176, 10.3869, 0.7262, 1.8118, 0.49]
INFO:root:Last commanded torques from controller: [0.0, 0.0, 0.0, 0.0, 0.0, 0.0, 0.0]
INFO:root:Measured link-side joint torques: [-0.3552, -35.9953, 0.7652, 10.3869, 0.7198, 1.8118, 0.381]
INFO:root:Last commanded torques from controller: [0.0, 0.0, 0.0, 0.0, 0.0, 0.0, 0.0]
INFO:root:Measured link-side joint torques: [-0.379, -35.9715, 0.7176, 10.3869, 0.7198, 1.8182, 0.4085]
INFO:root:Last commanded torques from controller: [0.0, 0.0, 0.0, 0.0, 0.0, 0.0, 0.0]
INFO:root:Measured link-side joint torques: [-0.3037, -35.9199, 0.6938, 10.3869, 0.7262, 1.8118, 0.4085]
INFO:root:Last commanded torques from controller: [0.0, 0.0, 0.0, 0.0, 0.0, 0.0, 0.0]
INFO:root:Measured link-side joint torques: [-0.3037, -35.9199, 0.6938, 10.3869, 0.7262, 1.8118, 0.4085]
INFO:root:Last commanded torques from controller: [0.0, 0.0, 0.0, 0.0, 0.0, 0.0, 0.0]
INFO:root:Measured link-side joint torques: [-0.379, -35.8961, 0.6938, 10.3353, 0.7262, 1.8118, 0.4423]
INFO:root:Last commanded torques from controller: [0.0, 0.0, 0.0, 0.0, 0.0, 0.0, 0.0]
INFO:root:Measured link-side joint torques: [-0.3314, -35.9715, 0.7176, 10.3631, 0.7133, 1.8457, 0.381]
INFO:root:Last commanded torques from controller: [0.0, 0.0, 0.0, 0.0, 0.0, 0.0, 0.0]
INFO:root:Measured link-side joint torques: [-0.379, -35.9953, 0.6699, 10.3115, 0.7133, 1.8255, 0.4488]
INFO:root:Last commanded torques from controller: [0.0, 0.0, 0.0, 0.0, 0.0, 0.0, 0.0]
INFO:root:Measured link-side joint torques: [-0.3314, -35.9953, 0.7414, 10.3631, 0.7198, 1.8319, 0.4625]
INFO:root:Last commanded torques from controller: [0.0, 0.0, 0.0, 0.0, 0.0, 0.0, 0.0]
INFO:root:Measured link-side joint torques: [-0.3314, -35.9953, 0.7414, 10.3631, 0.7198, 1.8319, 0.4625]
INFO:root:Last commanded torques from controller: [0.0, 0.0, 0.0, 0.0, 0.0, 0.0, 0.0]
INFO:root:Measured link-side joint torques: [-0.3314, -36.0469, 0.7414, 10.3353, 0.7262, 1.8319, 0.3609]
INFO:root:Last commanded torques from controller: [0.0, 0.0, 0.0, 0.0, 0.0, 0.0, 0.0]
INFO:root:Measured link-side joint torques: [-0.3037, -36.0469, 0.7414, 10.3631, 0.7198, 1.8054, 0.4085]
INFO:root:Last commanded torques from controller: [0.0, 0.0, 0.0, 0.0, 0.0, 0.0, 0.0]
INFO:root:Measured link-side joint torques: [-0.3314, -36.0469, 0.6938, 10.3353, 0.7198, 1.8118, 0.3673]
INFO:root:Last commanded torques from controller: [0.0, 0.0, 0.0, 0.0, 0.0, 0.0, 0.0]
INFO:root:Measured link-side joint torques: [-0.3552, -36.0469, 0.7652, 10.3115, 0.7133, 1.8457, 0.435]
INFO:root:Last commanded torques from controller: [0.0, 0.0, 0.0, 0.0, 0.0, 0.0, 0.0]
INFO:root:Measured link-side joint torques: [-0.3552, -36.0469, 0.7652, 10.3115, 0.7133, 1.8457, 0.435]
INFO:root:Last commanded torques from controller: [0.0, 0.0, 0.0, 0.0, 0.0, 0.0, 0.0]
INFO:root:Measured link-side joint torques: [-0.3037, -36.0191, 0.7414, 10.3353, 0.706, 1.8521, 0.3947]
INFO:root:Last commanded torques from controller: [0.0, 0.0, 0.0, 0.0, 0.0, 0.0, 0.0]
INFO:root:Measured link-side joint torques: [-0.3552, -36.0707, 0.7652, 10.3631, 0.7133, 1.8585, 0.4689]
INFO:root:Last commanded torques from controller: [0.0, 0.0, 0.0, 0.0, 0.0, 0.0, 0.0]
INFO:root:Measured link-side joint torques: [-0.3552, -36.0945, 0.7414, 10.3353, 0.6996, 1.8786, 0.435]
INFO:root:Last commanded torques from controller: [0.0, 0.0, 0.0, 0.0, 0.0, 0.0, 0.0]
INFO:root:Measured link-side joint torques: [-0.379, -36.1223, 0.7414, 10.3353, 0.706, 1.8658, 0.4222]
INFO:root:Last commanded torques from controller: [0.0, 0.0, 0.0, 0.0, 0.0, 0.0, 0.0]
INFO:root:Measured link-side joint torques: [-0.379, -36.1223, 0.7414, 10.3353, 0.706, 1.8658, 0.4222]
INFO:root:Last commanded torques from controller: [0.0, 0.0, 0.0, 0.0, 0.0, 0.0, 0.0]
INFO:root:Measured link-side joint torques: [-0.3314, -36.0945, 0.6938, 10.3115, 0.706, 1.8457, 0.4689]
INFO:root:Last commanded torques from controller: [0.0, 0.0, 0.0, 0.0, 0.0, 0.0, 0.0]
INFO:root:Measured link-side joint torques: [-0.2799, -36.1223, 0.7414, 10.3353, 0.7133, 1.8521, 0.4222]
INFO:root:Last commanded torques from controller: [0.0, 0.0, 0.0, 0.0, 0.0, 0.0, 0.0]
INFO:root:Measured link-side joint torques: [-0.3314, -36.0945, 0.6938, 10.3115, 0.7262, 1.8182, 0.4222]
INFO:root:Last commanded torques from controller: [0.0, 0.0, 0.0, 0.0, 0.0, 0.0, 0.0]
INFO:root:Measured link-side joint torques: [-0.3552, -36.1461, 0.6938, 10.3869, 0.7262, 1.8383, 0.4762]
INFO:root:Last commanded torques from controller: [0.0, 0.0, 0.0, 0.0, 0.0, 0.0, 0.0]
INFO:root:Measured link-side joint torques: [-0.3552, -36.1461, 0.6938, 10.3869, 0.7262, 1.8383, 0.4762]
INFO:root:Last commanded torques from controller: [0.0, 0.0, 0.0, 0.0, 0.0, 0.0, 0.0]
INFO:root:Measured link-side joint torques: [-0.3552, -36.0707, 0.7176, 10.3631, 0.7326, 1.8658, 0.3673]
INFO:root:Last commanded torques from controller: [0.0, 0.0, 0.0, 0.0, 0.0, 0.0, 0.0]
INFO:root:Measured link-side joint torques: [-0.3552, -36.1223, 0.6938, 10.3631, 0.7198, 1.8722, 0.4222]
INFO:root:Last commanded torques from controller: [0.0, 0.0, 0.0, 0.0, 0.0, 0.0, 0.0]
INFO:root:Measured link-side joint torques: [-0.3552, -36.0945, 0.6938, 10.3869, 0.7133, 1.8319, 0.381]
INFO:root:Last commanded torques from controller: [0.0, 0.0, 0.0, 0.0, 0.0, 0.0, 0.0]
INFO:root:Measured link-side joint torques: [-0.379, -36.0945, 0.7176, 10.4107, 0.7262, 1.8255, 0.4149]
INFO:root:Last commanded torques from controller: [0.0, 0.0, 0.0, 0.0, 0.0, 0.0, 0.0]
INFO:root:Measured link-side joint torques: [-0.379, -36.0945, 0.7176, 10.4107, 0.7262, 1.8255, 0.4149]
INFO:root:Last commanded torques from controller: [0.0, 0.0, 0.0, 0.0, 0.0, 0.0, 0.0]
INFO:root:Measured link-side joint torques: [-0.379, -36.0945, 0.6938, 10.3631, 0.7198, 1.8182, 0.4689]
INFO:root:Last commanded torques from controller: [0.0, 0.0, 0.0, 0.0, 0.0, 0.0, 0.0]
INFO:root:Measured link-side joint torques: [-0.3037, -36.0945, 0.6938, 10.4107, 0.7262, 1.8319, 0.4488]
INFO:root:Last commanded torques from controller: [0.0, 0.0, 0.0, 0.0, 0.0, 0.0, 0.0]
INFO:root:Measured link-side joint torques: [-0.3552, -36.0945, 0.7176, 10.3353, 0.7326, 1.8521, 0.435]
INFO:root:Last commanded torques from controller: [0.0, 0.0, 0.0, 0.0, 0.0, 0.0, 0.0]
INFO:root:Measured link-side joint torques: [-0.3314, -36.1223, 0.6938, 10.3631, 0.7198, 1.8319, 0.4625]
INFO:root:Last commanded torques from controller: [0.0, 0.0, 0.0, 0.0, 0.0, 0.0, 0.0]
INFO:root:Measured link-side joint torques: [-0.3314, -36.1223, 0.6938, 10.3631, 0.7198, 1.8319, 0.4625]
INFO:root:Last commanded torques from controller: [0.0, 0.0, 0.0, 0.0, 0.0, 0.0, 0.0]
INFO:root:Measured link-side joint torques: [-0.3552, -36.0707, 0.7176, 10.3631, 0.7198, 1.8255, 0.3673]
INFO:root:Last commanded torques from controller: [0.0, 0.0, 0.0, 0.0, 0.0, 0.0, 0.0]
INFO:root:Measured link-side joint torques: [-0.3314, -36.1461, 0.7414, 10.3869, 0.7133, 1.8182, 0.3874]
INFO:root:Last commanded torques from controller: [0.0, 0.0, 0.0, 0.0, 0.0, 0.0, 0.0]
INFO:root:Measured link-side joint torques: [-0.3314, -36.0707, 0.7176, 10.3631, 0.7262, 1.8255, 0.3609]
INFO:root:Last commanded torques from controller: [0.0, 0.0, 0.0, 0.0, 0.0, 0.0, 0.0]
INFO:root:Measured link-side joint torques: [-0.3552, -36.1461, 0.7414, 10.3353, 0.7326, 1.8054, 0.4222]
INFO:root:Last commanded torques from controller: [0.0, 0.0, 0.0, 0.0, 0.0, 0.0, 0.0]
INFO:root:Measured link-side joint torques: [-0.3552, -36.1461, 0.7414, 10.3353, 0.7326, 1.8054, 0.4222]
INFO:root:Last commanded torques from controller: [0.0, 0.0, 0.0, 0.0, 0.0, 0.0, 0.0]
INFO:root:Measured link-side joint torques: [-0.3552, -36.0707, 0.7652, 10.3869, 0.7262, 1.8319, 0.4561]
INFO:root:Last commanded torques from controller: [0.0, 0.0, 0.0, 0.0, 0.0, 0.0, 0.0]
INFO:root:Measured link-side joint torques: [-0.3314, -36.0945, 0.7176, 10.3353, 0.7198, 1.8255, 0.4762]
INFO:root:Last commanded torques from controller: [0.0, 0.0, 0.0, 0.0, 0.0, 0.0, 0.0]
INFO:root:Measured link-side joint torques: [-0.3314, -36.0945, 0.7652, 10.3631, 0.7133, 1.8319, 0.4085]
INFO:root:Last commanded torques from controller: [0.0, 0.0, 0.0, 0.0, 0.0, 0.0, 0.0]
INFO:root:Measured link-side joint torques: [-0.379, -36.1223, 0.7176, 10.3353, 0.6996, 1.8722, 0.4085]
INFO:root:Last commanded torques from controller: [0.0, 0.0, 0.0, 0.0, 0.0, 0.0, 0.0]
INFO:root:Measured link-side joint torques: [-0.379, -36.1223, 0.7176, 10.3353, 0.6996, 1.8722, 0.4085]
INFO:root:Last commanded torques from controller: [0.0, 0.0, 0.0, 0.0, 0.0, 0.0, 0.0]
INFO:root:Measured link-side joint torques: [-0.3552, -36.1699, 0.7176, 10.3353, 0.706, 1.8786, 0.3609]
INFO:root:Last commanded torques from controller: [0.0, 0.0, 0.0, 0.0, 0.0, 0.0, 0.0]
INFO:root:Measured link-side joint torques: [-0.3037, -36.1699, 0.7414, 10.3353, 0.7198, 1.8383, 0.3874]
INFO:root:Last commanded torques from controller: [0.0, 0.0, 0.0, 0.0, 0.0, 0.0, 0.0]
INFO:root:Measured link-side joint torques: [-0.3552, -36.1937, 0.7929, 10.2877, 0.706, 1.8457, 0.4222]
INFO:root:Last commanded torques from controller: [0.0, 0.0, 0.0, 0.0, 0.0, 0.0, 0.0]
INFO:root:Measured link-side joint torques: [-0.379, -36.1699, 0.7176, 10.3353, 0.7133, 1.8319, 0.4826]
INFO:root:Last commanded torques from controller: [0.0, 0.0, 0.0, 0.0, 0.0, 0.0, 0.0]
INFO:root:Measured link-side joint torques: [-0.379, -36.1699, 0.7176, 10.3353, 0.7133, 1.8319, 0.4826]
INFO:root:Last commanded torques from controller: [0.0, 0.0, 0.0, 0.0, 0.0, 0.0, 0.0]
INFO:root:Measured link-side joint torques: [-0.3314, -36.1699, 0.6938, 10.2401, 0.7262, 1.8255, 0.3874]
INFO:root:Last commanded torques from controller: [0.0, 0.0, 0.0, 0.0, 0.0, 0.0, 0.0]
INFO:root:Measured link-side joint torques: [-0.3552, -36.1699, 0.7176, 10.2877, 0.7326, 1.8383, 0.3947]
INFO:root:Last commanded torques from controller: [0.0, 0.0, 0.0, 0.0, 0.0, 0.0, 0.0]
INFO:root:Measured link-side joint torques: [-0.4068, -36.1699, 0.8167, 10.2401, 0.7326, 1.8786, 0.3673]
INFO:root:Last commanded torques from controller: [0.0, 0.0, 0.0, 0.0, 0.0, 0.0, 0.0]
INFO:root:Measured link-side joint torques: [-0.3037, -36.1223, 0.7176, 10.2401, 0.706, 1.8923, 0.3947]
INFO:root:Last commanded torques from controller: [0.0, 0.0, 0.0, 0.0, 0.0, 0.0, 0.0]
INFO:root:Measured link-side joint torques: [-0.3037, -36.1223, 0.7176, 10.2401, 0.706, 1.8923, 0.3947]
INFO:root:Last commanded torques from controller: [0.0, 0.0, 0.0, 0.0, 0.0, 0.0, 0.0]
INFO:root:Measured link-side joint torques: [-0.3314, -36.0945, 0.7414, 10.1885, 0.7133, 1.8786, 0.3947]
INFO:root:Last commanded torques from controller: [0.0, 0.0, 0.0, 0.0, 0.0, 0.0, 0.0]
INFO:root:Measured link-side joint torques: [-0.3314, -36.1223, 0.7652, 10.1885, 0.6868, 1.8457, 0.3535]
INFO:root:Last commanded torques from controller: [0.0, 0.0, 0.0, 0.0, 0.0, 0.0, 0.0]
INFO:root:Measured link-side joint torques: [-0.3037, -36.1223, 0.7176, 10.1409, 0.6932, 1.8457, 0.4286]
INFO:root:Last commanded torques from controller: [0.0, 0.0, 0.0, 0.0, 0.0, 0.0, 0.0]
INFO:root:Measured link-side joint torques: [-0.3037, -36.0707, 0.6938, 10.1409, 0.7262, 1.8319, 0.4561]
INFO:root:Last commanded torques from controller: [0.0, 0.0, 0.0, 0.0, 0.0, 0.0, 0.0]
INFO:root:Measured link-side joint torques: [-0.3037, -36.0707, 0.6938, 10.1409, 0.7262, 1.8319, 0.4561]
INFO:root:Last commanded torques from controller: [0.0, 0.0, 0.0, 0.0, 0.0, 0.0, 0.0]
INFO:root:Measured link-side joint torques: [-0.3314, -36.0707, 0.7414, 10.1409, 0.706, 1.8585, 0.4488]
INFO:root:Last commanded torques from controller: [0.0, 0.0, 0.0, 0.0, 0.0, 0.0, 0.0]
INFO:root:Measured link-side joint torques: [-0.2799, -36.0191, 0.7414, 10.1171, 0.7326, 1.8585, 0.435]
INFO:root:Last commanded torques from controller: [0.0, 0.0, 0.0, 0.0, 0.0, 0.0, 0.0]
INFO:root:Measured link-side joint torques: [-0.3037, -36.0469, 0.7929, 10.1409, 0.7133, 1.8457, 0.3673]
INFO:root:Last commanded torques from controller: [0.0, 0.0, 0.0, 0.0, 0.0, 0.0, 0.0]
INFO:root:Measured link-side joint torques: [-0.3037, -36.0191, 0.7652, 10.1647, 0.6996, 1.8319, 0.4625]
INFO:root:Last commanded torques from controller: [0.0, 0.0, 0.0, 0.0, 0.0, 0.0, 0.0]
INFO:root:Measured link-side joint torques: [-0.3037, -36.0191, 0.7652, 10.1647, 0.6996, 1.8319, 0.4625]
INFO:root:Last commanded torques from controller: [0.0, 0.0, 0.0, 0.0, 0.0, 0.0, 0.0]
INFO:root:Measured link-side joint torques: [-0.3037, -35.9715, 0.7652, 10.0894, 0.7262, 1.8255, 0.435]
INFO:root:Last commanded torques from controller: [0.0, 0.0, 0.0, 0.0, 0.0, 0.0, 0.0]
INFO:root:Measured link-side joint torques: [-0.2561, -35.9715, 0.7414, 10.1171, 0.7198, 1.8319, 0.3947]
INFO:root:Last commanded torques from controller: [0.0, 0.0, 0.0, 0.0, 0.0, 0.0, 0.0]
INFO:root:Measured link-side joint torques: [-0.2561, -36.0191, 0.7652, 10.1647, 0.7198, 1.8182, 0.4222]
INFO:root:Last commanded torques from controller: [0.0, 0.0, 0.0, 0.0, 0.0, 0.0, 0.0]
INFO:root:Measured link-side joint torques: [-0.2799, -35.9953, 0.7414, 10.1409, 0.7133, 1.8383, 0.381]
INFO:root:Last commanded torques from controller: [0.0, 0.0, 0.0, 0.0, 0.0, 0.0, 0.0]
INFO:root:Measured link-side joint torques: [-0.2799, -35.9953, 0.7414, 10.1409, 0.7133, 1.8383, 0.381]
INFO:root:Last commanded torques from controller: [0.0, 0.0, 0.0, 0.0, 0.0, 0.0, 0.0]
INFO:root:Measured link-side joint torques: [-0.3037, -35.9199, 0.7929, 10.1409, 0.6996, 1.8319, 0.3609]
INFO:root:Last commanded torques from controller: [0.0, 0.0, 0.0, 0.0, 0.0, 0.0, 0.0]
INFO:root:Measured link-side joint torques: [-0.3314, -35.9199, 0.7414, 10.1171, 0.7198, 1.8182, 0.4286]
INFO:root:Last commanded torques from controller: [0.0, 0.0, 0.0, 0.0, 0.0, 0.0, 0.0]
INFO:root:Measured link-side joint torques: [-0.2799, -35.9438, 0.7414, 10.1171, 0.7133, 1.8255, 0.4149]
INFO:root:Last commanded torques from controller: [0.0, 0.0, 0.0, 0.0, 0.0, 0.0, 0.0]
INFO:root:Measured link-side joint torques: [-0.3037, -35.9199, 0.6938, 10.1409, 0.7133, 1.8457, 0.4488]
INFO:root:Last commanded torques from controller: [0.0, 0.0, 0.0, 0.0, 0.0, 0.0, 0.0]
INFO:root:Measured link-side joint torques: [-0.3037, -35.9199, 0.6938, 10.1409, 0.7133, 1.8457, 0.4488]
INFO:root:Last commanded torques from controller: [0.0, 0.0, 0.0, 0.0, 0.0, 0.0, 0.0]
INFO:root:Measured link-side joint torques: [-0.3314, -35.8961, 0.7414, 10.1171, 0.706, 1.8182, 0.4085]
INFO:root:Last commanded torques from controller: [0.0, 0.0, 0.0, 0.0, 0.0, 0.0, 0.0]
INFO:root:Measured link-side joint torques: [-0.3314, -35.8961, 0.7414, 10.1171, 0.706, 1.8054, 0.4222]
INFO:root:Last commanded torques from controller: [0.0, 0.0, 0.0, 0.0, 0.0, 0.0, 0.0]
INFO:root:Measured link-side joint torques: [-0.3314, -35.8208, 0.7652, 10.0894, 0.7262, 1.8182, 0.4149]
INFO:root:Last commanded torques from controller: [0.0, 0.0, 0.0, 0.0, 0.0, 0.0, 0.0]
INFO:root:Measured link-side joint torques: [-0.3552, -35.8208, 0.7414, 10.0179, 0.7133, 1.8255, 0.4085]
INFO:root:Last commanded torques from controller: [0.0, 0.0, 0.0, 0.0, 0.0, 0.0, 0.0]
INFO:root:Measured link-side joint torques: [-0.3552, -35.8208, 0.7414, 10.0179, 0.7133, 1.8255, 0.4085]
INFO:root:Last commanded torques from controller: [0.0, 0.0, 0.0, 0.0, 0.0, 0.0, 0.0]
INFO:root:Measured link-side joint torques: [-0.3314, -35.8208, 0.7652, 10.0179, 0.7198, 1.8255, 0.3947]
INFO:root:Last commanded torques from controller: [0.0, 0.0, 0.0, 0.0, 0.0, 0.0, 0.0]
INFO:root:Measured link-side joint torques: [-0.3314, -35.8208, 0.7652, 9.9941, 0.7133, 1.8383, 0.381]
INFO:root:Last commanded torques from controller: [0.0, 0.0, 0.0, 0.0, 0.0, 0.0, 0.0]
INFO:root:Measured link-side joint torques: [-0.3037, -35.6978, 0.7652, 9.9941, 0.706, 1.8585, 0.4222]
INFO:root:Last commanded torques from controller: [0.0, 0.0, 0.0, 0.0, 0.0, 0.0, 0.0]
INFO:root:Measured link-side joint torques: [-0.3314, -35.7216, 0.7414, 10.0417, 0.706, 1.8457, 0.435]
INFO:root:Last commanded torques from controller: [0.0, 0.0, 0.0, 0.0, 0.0, 0.0, 0.0]
INFO:root:Measured link-side joint torques: [-0.3314, -35.7216, 0.7414, 10.0417, 0.706, 1.8457, 0.435]
INFO:root:Last commanded torques from controller: [0.0, 0.0, 0.0, 0.0, 0.0, 0.0, 0.0]
INFO:root:Measured link-side joint torques: [-0.379, -35.7216, 0.7414, 9.9941, 0.7133, 1.8255, 0.3673]
INFO:root:Last commanded torques from controller: [0.0, 0.0, 0.0, 0.0, 0.0, 0.0, 0.0]
INFO:root:Measured link-side joint torques: [-0.379, -35.7454, 0.7176, 10.0655, 0.706, 1.8383, 0.4085]
INFO:root:Last commanded torques from controller: [0.0, 0.0, 0.0, 0.0, 0.0, 0.0, 0.0]
INFO:root:Measured link-side joint torques: [-0.3552, -35.7454, 0.6938, 10.0894, 0.7262, 1.8118, 0.4423]
INFO:root:Last commanded torques from controller: [0.0, 0.0, 0.0, 0.0, 0.0, 0.0, 0.0]
INFO:root:Measured link-side joint torques: [-0.379, -35.7216, 0.7176, 10.1409, 0.7198, 1.8319, 0.4625]
INFO:root:Last commanded torques from controller: [0.0, 0.0, 0.0, 0.0, 0.0, 0.0, 0.0]
INFO:root:Measured link-side joint torques: [-0.379, -35.7216, 0.7176, 10.1409, 0.7198, 1.8319, 0.4625]
INFO:root:Last commanded torques from controller: [0.0, 0.0, 0.0, 0.0, 0.0, 0.0, 0.0]
INFO:root:Measured link-side joint torques: [-0.3314, -35.797, 0.7414, 10.1409, 0.7262, 1.8658, 0.4286]
INFO:root:Last commanded torques from controller: [0.0, 0.0, 0.0, 0.0, 0.0, 0.0, 0.0]
INFO:root:Measured link-side joint torques: [-0.379, -35.7454, 0.7176, 10.1409, 0.7133, 1.8923, 0.381]
INFO:root:Last commanded torques from controller: [0.0, 0.0, 0.0, 0.0, 0.0, 0.0, 0.0]
INFO:root:Measured link-side joint torques: [-0.4068, -35.7454, 0.7176, 10.0894, 0.6996, 1.8923, 0.327]
INFO:root:Last commanded torques from controller: [0.0, 0.0, 0.0, 0.0, 0.0, 0.0, 0.0]
INFO:root:Measured link-side joint torques: [-0.3314, -35.7692, 0.7414, 10.1171, 0.7133, 1.8585, 0.4011]
INFO:root:Last commanded torques from controller: [0.0, 0.0, 0.0, 0.0, 0.0, 0.0, 0.0]
INFO:root:Measured link-side joint torques: [-0.3314, -35.7692, 0.7414, 10.1171, 0.7133, 1.8585, 0.4011]
INFO:root:Last commanded torques from controller: [0.0, 0.0, 0.0, 0.0, 0.0, 0.0, 0.0]
INFO:root:Measured link-side joint torques: [-0.3314, -35.7454, 0.7176, 10.1171, 0.706, 1.8383, 0.4222]
INFO:root:Last commanded torques from controller: [0.0, 0.0, 0.0, 0.0, 0.0, 0.0, 0.0]
INFO:root:Measured link-side joint torques: [-0.2799, -35.6978, 0.7414, 10.1409, 0.7262, 1.8255, 0.4762]
INFO:root:Last commanded torques from controller: [0.0, 0.0, 0.0, 0.0, 0.0, 0.0, 0.0]
INFO:root:Measured link-side joint torques: [-0.3037, -35.7216, 0.7414, 10.1409, 0.7326, 1.8255, 0.4689]
INFO:root:Last commanded torques from controller: [0.0, 0.0, 0.0, 0.0, 0.0, 0.0, 0.0]
INFO:root:Measured link-side joint torques: [-0.3552, -35.7454, 0.7929, 10.1409, 0.7262, 1.8319, 0.435]
INFO:root:Last commanded torques from controller: [0.0, 0.0, 0.0, 0.0, 0.0, 0.0, 0.0]
INFO:root:Measured link-side joint torques: [-0.3552, -35.7454, 0.7929, 10.1409, 0.7262, 1.8319, 0.435]
INFO:root:Last commanded torques from controller: [0.0, 0.0, 0.0, 0.0, 0.0, 0.0, 0.0]
INFO:root:Measured link-side joint torques: [-0.3314, -35.7454, 0.7652, 10.0655, 0.706, 1.8585, 0.4762]
INFO:root:Last commanded torques from controller: [0.0, 0.0, 0.0, 0.0, 0.0, 0.0, 0.0]
INFO:root:Measured link-side joint torques: [-0.3037, -35.7454, 0.7414, 10.1409, 0.6996, 1.8658, 0.3673]
INFO:root:Last commanded torques from controller: [0.0, 0.0, 0.0, 0.0, 0.0, 0.0, 0.0]
INFO:root:Measured link-side joint torques: [-0.3037, -35.7216, 0.8167, 10.1171, 0.6996, 1.8521, 0.381]
INFO:root:Last commanded torques from controller: [0.0, 0.0, 0.0, 0.0, 0.0, 0.0, 0.0]
INFO:root:Measured link-side joint torques: [-0.3037, -35.7692, 0.7652, 10.0894, 0.706, 1.8255, 0.4625]
INFO:root:Last commanded torques from controller: [0.0, 0.0, 0.0, 0.0, 0.0, 0.0, 0.0]
INFO:root:Measured link-side joint torques: [-0.3037, -35.7692, 0.7652, 10.0894, 0.706, 1.8255, 0.4625]
INFO:root:Last commanded torques from controller: [0.0, 0.0, 0.0, 0.0, 0.0, 0.0, 0.0]
INFO:root:Measured link-side joint torques: [-0.3314, -35.6978, 0.7414, 10.0655, 0.7198, 1.7916, 0.3535]
INFO:root:Last commanded torques from controller: [0.0, 0.0, 0.0, 0.0, 0.0, 0.0, 0.0]
INFO:root:Measured link-side joint torques: [-0.3037, -35.67, 0.7929, 10.0655, 0.7198, 1.7916, 0.4423]
INFO:root:Last commanded torques from controller: [0.0, 0.0, 0.0, 0.0, 0.0, 0.0, 0.0]
INFO:root:Measured link-side joint torques: [-0.3037, -35.67, 0.7414, 9.9941, 0.7133, 1.8383, 0.4085]
INFO:root:Last commanded torques from controller: [0.0, 0.0, 0.0, 0.0, 0.0, 0.0, 0.0]
INFO:root:Measured link-side joint torques: [-0.3037, -35.6462, 0.7652, 10.0179, 0.7262, 1.8722, 0.4011]
INFO:root:Last commanded torques from controller: [0.0, 0.0, 0.0, 0.0, 0.0, 0.0, 0.0]
INFO:root:Measured link-side joint torques: [-0.3037, -35.6462, 0.7652, 10.0179, 0.7262, 1.8722, 0.4011]
INFO:root:Last commanded torques from controller: [0.0, 0.0, 0.0, 0.0, 0.0, 0.0, 0.0]
INFO:root:Measured link-side joint torques: [-0.3314, -35.6978, 0.7414, 10.0179, 0.706, 1.8786, 0.3407]
INFO:root:Last commanded torques from controller: [0.0, 0.0, 0.0, 0.0, 0.0, 0.0, 0.0]
INFO:root:Measured link-side joint torques: [-0.3314, -35.6978, 0.7176, 9.9941, 0.7198, 1.8658, 0.381]
INFO:root:Last commanded torques from controller: [0.0, 0.0, 0.0, 0.0, 0.0, 0.0, 0.0]
INFO:root:Measured link-side joint torques: [-0.3314, -35.6978, 0.7652, 10.0179, 0.706, 1.8319, 0.435]
INFO:root:Last commanded torques from controller: [0.0, 0.0, 0.0, 0.0, 0.0, 0.0, 0.0]
INFO:root:Measured link-side joint torques: [-0.3314, -35.6978, 0.7176, 10.0655, 0.7262, 1.7852, 0.4826]
INFO:root:Last commanded torques from controller: [0.0, 0.0, 0.0, 0.0, 0.0, 0.0, 0.0]
INFO:root:Measured link-side joint torques: [-0.3314, -35.6978, 0.7176, 10.0655, 0.7262, 1.7852, 0.4826]
INFO:root:Last commanded torques from controller: [0.0, 0.0, 0.0, 0.0, 0.0, 0.0, 0.0]
INFO:root:Measured link-side joint torques: [-0.3552, -35.7454, 0.7176, 10.0417, 0.7198, 1.7852, 0.3947]
INFO:root:Last commanded torques from controller: [0.0, 0.0, 0.0, 0.0, 0.0, 0.0, 0.0]
INFO:root:Measured link-side joint torques: [-0.3552, -35.7216, 0.7176, 10.1171, 0.7262, 1.8255, 0.4085]
INFO:root:Last commanded torques from controller: [0.0, 0.0, 0.0, 0.0, 0.0, 0.0, 0.0]
INFO:root:Measured link-side joint torques: [-0.3037, -35.7454, 0.6938, 10.0417, 0.706, 1.8585, 0.3673]
INFO:root:Last commanded torques from controller: [0.0, 0.0, 0.0, 0.0, 0.0, 0.0, 0.0]
INFO:root:Measured link-side joint torques: [-0.3552, -35.7454, 0.7176, 10.0894, 0.7198, 1.8859, 0.4085]
INFO:root:Last commanded torques from controller: [0.0, 0.0, 0.0, 0.0, 0.0, 0.0, 0.0]
INFO:root:Measured link-side joint torques: [-0.3552, -35.7454, 0.7176, 10.0894, 0.7198, 1.8859, 0.4085]
INFO:root:Last commanded torques from controller: [0.0, 0.0, 0.0, 0.0, 0.0, 0.0, 0.0]
INFO:root:Measured link-side joint torques: [-0.3314, -35.7216, 0.7176, 10.1171, 0.7198, 1.8722, 0.4085]
INFO:root:Last commanded torques from controller: [0.0, 0.0, 0.0, 0.0, 0.0, 0.0, 0.0]
INFO:root:Measured link-side joint torques: [-0.379, -35.6978, 0.6938, 10.1171, 0.7198, 1.8521, 0.4286]
INFO:root:Last commanded torques from controller: [0.0, 0.0, 0.0, 0.0, 0.0, 0.0, 0.0]
INFO:root:Measured link-side joint torques: [-0.3552, -35.7216, 0.7176, 10.0179, 0.7262, 1.8255, 0.4085]
INFO:root:Last commanded torques from controller: [0.0, 0.0, 0.0, 0.0, 0.0, 0.0, 0.0]
INFO:root:Measured link-side joint torques: [-0.3037, -35.7454, 0.7176, 10.0179, 0.6996, 1.8118, 0.4085]
INFO:root:Last commanded torques from controller: [0.0, 0.0, 0.0, 0.0, 0.0, 0.0, 0.0]
INFO:root:Measured link-side joint torques: [-0.3037, -35.7454, 0.7176, 10.0179, 0.6996, 1.8118, 0.4085]
INFO:root:Last commanded torques from controller: [0.0, 0.0, 0.0, 0.0, 0.0, 0.0, 0.0]
INFO:root:Measured link-side joint torques: [-0.4306, -35.7454, 0.7176, 9.9941, 0.7133, 1.8255, 0.3609]
INFO:root:Last commanded torques from controller: [0.0, 0.0, 0.0, 0.0, 0.0, 0.0, 0.0]
INFO:root:Measured link-side joint torques: [-0.3314, -35.7216, 0.7652, 9.9941, 0.706, 1.8658, 0.381]
INFO:root:Last commanded torques from controller: [0.0, 0.0, 0.0, 0.0, 0.0, 0.0, 0.0]
INFO:root:Measured link-side joint torques: [-0.3552, -35.6978, 0.7652, 10.0179, 0.706, 1.8722, 0.4149]
INFO:root:Last commanded torques from controller: [0.0, 0.0, 0.0, 0.0, 0.0, 0.0, 0.0]
INFO:root:Measured link-side joint torques: [-0.3552, -35.7454, 0.7414, 9.9941, 0.7133, 1.8923, 0.4689]
INFO:root:Last commanded torques from controller: [0.0, 0.0, 0.0, 0.0, 0.0, 0.0, 0.0]
INFO:root:Measured link-side joint torques: [-0.3552, -35.7454, 0.7414, 9.9941, 0.7133, 1.8923, 0.4689]
INFO:root:Last commanded torques from controller: [0.0, 0.0, 0.0, 0.0, 0.0, 0.0, 0.0]
INFO:root:Measured link-side joint torques: [-0.379, -35.7454, 0.7929, 9.9941, 0.7133, 1.8521, 0.3947]
INFO:root:Last commanded torques from controller: [0.0, 0.0, 0.0, 0.0, 0.0, 0.0, 0.0]
INFO:root:Measured link-side joint torques: [-0.3314, -35.7692, 0.7652, 10.0417, 0.7133, 1.8457, 0.3535]
INFO:root:Last commanded torques from controller: [0.0, 0.0, 0.0, 0.0, 0.0, 0.0, 0.0]
INFO:root:Measured link-side joint torques: [-0.3037, -35.8208, 0.6938, 10.0179, 0.6996, 1.8319, 0.4011]
INFO:root:Last commanded torques from controller: [0.0, 0.0, 0.0, 0.0, 0.0, 0.0, 0.0]
INFO:root:Measured link-side joint torques: [-0.3314, -35.797, 0.7652, 10.0417, 0.6996, 1.8383, 0.3947]
INFO:root:Last commanded torques from controller: [0.0, 0.0, 0.0, 0.0, 0.0, 0.0, 0.0]
INFO:root:Measured link-side joint torques: [-0.3314, -35.797, 0.7652, 10.0417, 0.6996, 1.8383, 0.3947]
INFO:root:Last commanded torques from controller: [0.0, 0.0, 0.0, 0.0, 0.0, 0.0, 0.0]
INFO:root:Measured link-side joint torques: [-0.3314, -35.797, 0.7176, 10.0179, 0.6996, 1.8521, 0.3947]
INFO:root:Last commanded torques from controller: [0.0, 0.0, 0.0, 0.0, 0.0, 0.0, 0.0]
INFO:root:Measured link-side joint torques: [-0.3314, -35.7454, 0.7414, 10.0417, 0.6932, 1.8859, 0.3609]
INFO:root:Last commanded torques from controller: [0.0, 0.0, 0.0, 0.0, 0.0, 0.0, 0.0]
INFO:root:Measured link-side joint torques: [-0.3037, -35.797, 0.7652, 10.0655, 0.7133, 1.8658, 0.3673]
INFO:root:Last commanded torques from controller: [0.0, 0.0, 0.0, 0.0, 0.0, 0.0, 0.0]
INFO:root:Measured link-side joint torques: [-0.3552, -35.7692, 0.7652, 10.0894, 0.7262, 1.8319, 0.3947]
INFO:root:Last commanded torques from controller: [0.0, 0.0, 0.0, 0.0, 0.0, 0.0, 0.0]
INFO:root:Measured link-side joint torques: [-0.3552, -35.7692, 0.7652, 10.0894, 0.7262, 1.8319, 0.3947]
INFO:root:Last commanded torques from controller: [0.0, 0.0, 0.0, 0.0, 0.0, 0.0, 0.0]
INFO:root:Measured link-side joint torques: [-0.3314, -35.8446, 0.7414, 10.0894, 0.7198, 1.8319, 0.3609]
INFO:root:Last commanded torques from controller: [0.0, 0.0, 0.0, 0.0, 0.0, 0.0, 0.0]
INFO:root:Measured link-side joint torques: [-0.2799, -35.8446, 0.7652, 10.1409, 0.7198, 1.8457, 0.4222]
INFO:root:Last commanded torques from controller: [0.0, 0.0, 0.0, 0.0, 0.0, 0.0, 0.0]
INFO:root:Measured link-side joint torques: [-0.3314, -35.7692, 0.7414, 10.1171, 0.7198, 1.8255, 0.3874]
INFO:root:Last commanded torques from controller: [0.0, 0.0, 0.0, 0.0, 0.0, 0.0, 0.0]
INFO:root:Measured link-side joint torques: [-0.2799, -35.8208, 0.7176, 10.1885, 0.7133, 1.8383, 0.4561]
INFO:root:Last commanded torques from controller: [0.0, 0.0, 0.0, 0.0, 0.0, 0.0, 0.0]
INFO:root:Measured link-side joint torques: [-0.2799, -35.8208, 0.7176, 10.1885, 0.7133, 1.8383, 0.4561]
INFO:root:Last commanded torques from controller: [0.0, 0.0, 0.0, 0.0, 0.0, 0.0, 0.0]
INFO:root:Measured link-side joint torques: [-0.2323, -35.797, 0.7929, 10.1647, 0.7198, 1.8658, 0.381]
INFO:root:Last commanded torques from controller: [0.0, 0.0, 0.0, 0.0, 0.0, 0.0, 0.0]
INFO:root:Measured link-side joint torques: [-0.2561, -35.8446, 0.7652, 10.2123, 0.7133, 1.8786, 0.381]
INFO:root:Last commanded torques from controller: [0.0, 0.0, 0.0, 0.0, 0.0, 0.0, 0.0]
INFO:root:Measured link-side joint torques: [-0.2799, -35.8208, 0.7929, 10.1647, 0.706, 1.8521, 0.327]
INFO:root:Last commanded torques from controller: [0.0, 0.0, 0.0, 0.0, 0.0, 0.0, 0.0]
INFO:root:Measured link-side joint torques: [-0.379, -35.8208, 0.6938, 10.1409, 0.7198, 1.8319, 0.4149]
INFO:root:Last commanded torques from controller: [0.0, 0.0, 0.0, 0.0, 0.0, 0.0, 0.0]
INFO:root:Measured link-side joint torques: [-0.379, -35.8208, 0.6938, 10.1409, 0.7198, 1.8319, 0.4149]
INFO:root:Last commanded torques from controller: [0.0, 0.0, 0.0, 0.0, 0.0, 0.0, 0.0]
INFO:root:Measured link-side joint torques: [-0.2799, -35.8208, 0.7414, 10.0655, 0.7198, 1.8182, 0.4085]
INFO:root:Last commanded torques from controller: [0.0, 0.0, 0.0, 0.0, 0.0, 0.0, 0.0]
INFO:root:Measured link-side joint torques: [-0.3037, -35.797, 0.7414, 10.0894, 0.7198, 1.8319, 0.435]
INFO:root:Last commanded torques from controller: [0.0, 0.0, 0.0, 0.0, 0.0, 0.0, 0.0]
INFO:root:Measured link-side joint torques: [-0.3314, -35.797, 0.7652, 10.0655, 0.7262, 1.8521, 0.3197]
INFO:root:Last commanded torques from controller: [0.0, 0.0, 0.0, 0.0, 0.0, 0.0, 0.0]
INFO:root:Measured link-side joint torques: [-0.2799, -35.7454, 0.7414, 10.0417, 0.7198, 1.8722, 0.4011]
INFO:root:Last commanded torques from controller: [0.0, 0.0, 0.0, 0.0, 0.0, 0.0, 0.0]
INFO:root:Measured link-side joint torques: [-0.2799, -35.7454, 0.7414, 10.0417, 0.7198, 1.8722, 0.4011]
INFO:root:Last commanded torques from controller: [0.0, 0.0, 0.0, 0.0, 0.0, 0.0, 0.0]
INFO:root:Measured link-side joint torques: [-0.3552, -35.7454, 0.7652, 9.9664, 0.706, 1.8658, 0.3334]
INFO:root:Last commanded torques from controller: [0.0, 0.0, 0.0, 0.0, 0.0, 0.0, 0.0]
INFO:root:Measured link-side joint torques: [-0.3552, -35.7692, 0.7652, 10.0179, 0.6932, 1.8383, 0.3673]
INFO:root:Last commanded torques from controller: [0.0, 0.0, 0.0, 0.0, 0.0, 0.0, 0.0]
INFO:root:Measured link-side joint torques: [-0.3314, -35.797, 0.7652, 10.0179, 0.7133, 1.8054, 0.3947]
INFO:root:Last commanded torques from controller: [0.0, 0.0, 0.0, 0.0, 0.0, 0.0, 0.0]
INFO:root:Measured link-side joint torques: [-0.3314, -35.797, 0.6938, 9.9941, 0.7198, 1.7916, 0.4625]
INFO:root:Last commanded torques from controller: [0.0, 0.0, 0.0, 0.0, 0.0, 0.0, 0.0]
INFO:root:Measured link-side joint torques: [-0.3314, -35.797, 0.6938, 9.9941, 0.7198, 1.7916, 0.4625]
INFO:root:Last commanded torques from controller: [0.0, 0.0, 0.0, 0.0, 0.0, 0.0, 0.0]
INFO:root:Measured link-side joint torques: [-0.3037, -35.8208, 0.7176, 9.9941, 0.7198, 1.7916, 0.4222]
INFO:root:Last commanded torques from controller: [0.0, 0.0, 0.0, 0.0, 0.0, 0.0, 0.0]
INFO:root:Measured link-side joint torques: [-0.3552, -35.7692, 0.7176, 10.0655, 0.7262, 1.8457, 0.4222]
INFO:root:Last commanded torques from controller: [0.0, 0.0, 0.0, 0.0, 0.0, 0.0, 0.0]
INFO:root:Measured link-side joint torques: [-0.3314, -35.8446, 0.7929, 10.0655, 0.706, 1.8988, 0.3197]
INFO:root:Last commanded torques from controller: [0.0, 0.0, 0.0, 0.0, 0.0, 0.0, 0.0]
INFO:root:Measured link-side joint torques: [-0.3552, -35.7692, 0.7652, 10.0655, 0.706, 1.8786, 0.381]
INFO:root:Last commanded torques from controller: [0.0, 0.0, 0.0, 0.0, 0.0, 0.0, 0.0]
INFO:root:Measured link-side joint torques: [-0.3552, -35.7692, 0.7652, 10.0655, 0.706, 1.8786, 0.381]
INFO:root:Last commanded torques from controller: [0.0, 0.0, 0.0, 0.0, 0.0, 0.0, 0.0]
INFO:root:Measured link-side joint torques: [-0.3037, -35.7692, 0.7414, 10.0179, 0.6996, 1.8521, 0.4423]
INFO:root:Last commanded torques from controller: [0.0, 0.0, 0.0, 0.0, 0.0, 0.0, 0.0]
INFO:root:Measured link-side joint torques: [-0.3314, -35.8208, 0.7414, 10.0655, 0.7133, 1.8255, 0.4222]
INFO:root:Last commanded torques from controller: [0.0, 0.0, 0.0, 0.0, 0.0, 0.0, 0.0]
INFO:root:Measured link-side joint torques: [-0.3314, -35.797, 0.6938, 10.0655, 0.7198, 1.798, 0.4149]
INFO:root:Last commanded torques from controller: [0.0, 0.0, 0.0, 0.0, 0.0, 0.0, 0.0]
INFO:root:Measured link-side joint torques: [-0.3552, -35.8208, 0.7176, 10.0655, 0.7133, 1.8182, 0.435]
INFO:root:Last commanded torques from controller: [0.0, 0.0, 0.0, 0.0, 0.0, 0.0, 0.0]
INFO:root:Measured link-side joint torques: [-0.3552, -35.8208, 0.7176, 10.0655, 0.7133, 1.8182, 0.435]
INFO:root:Last commanded torques from controller: [0.0, 0.0, 0.0, 0.0, 0.0, 0.0, 0.0]
INFO:root:Measured link-side joint torques: [-0.379, -35.7454, 0.7176, 10.0417, 0.7198, 1.8923, 0.3947]
INFO:root:Last commanded torques from controller: [0.0, 0.0, 0.0, 0.0, 0.0, 0.0, 0.0]
INFO:root:Measured link-side joint torques: [-0.379, -35.7454, 0.7414, 10.0179, 0.7133, 1.9061, 0.3874]
INFO:root:Last commanded torques from controller: [0.0, 0.0, 0.0, 0.0, 0.0, 0.0, 0.0]
INFO:root:Measured link-side joint torques: [-0.3552, -35.7216, 0.7652, 9.9941, 0.706, 1.8923, 0.4222]
INFO:root:Last commanded torques from controller: [0.0, 0.0, 0.0, 0.0, 0.0, 0.0, 0.0]
INFO:root:Measured link-side joint torques: [-0.3314, -35.7692, 0.7176, 10.0179, 0.7133, 1.8786, 0.3947]
INFO:root:Last commanded torques from controller: [0.0, 0.0, 0.0, 0.0, 0.0, 0.0, 0.0]
INFO:root:Measured link-side joint torques: [-0.3314, -35.7692, 0.7176, 10.0179, 0.7133, 1.8786, 0.3947]
INFO:root:Last commanded torques from controller: [0.0, 0.0, 0.0, 0.0, 0.0, 0.0, 0.0]
INFO:root:Measured link-side joint torques: [-0.3314, -35.7216, 0.7414, 9.9664, 0.7133, 1.8383, 0.4011]
INFO:root:Last commanded torques from controller: [0.0, 0.0, 0.0, 0.0, 0.0, 0.0, 0.0]
INFO:root:Measured link-side joint torques: [-0.3037, -35.7216, 0.7414, 9.9426, 0.7198, 1.8054, 0.3947]
INFO:root:Last commanded torques from controller: [0.0, 0.0, 0.0, 0.0, 0.0, 0.0, 0.0]
INFO:root:Measured link-side joint torques: [-0.3314, -35.7692, 0.7414, 10.0179, 0.706, 1.8118, 0.3334]
INFO:root:Last commanded torques from controller: [0.0, 0.0, 0.0, 0.0, 0.0, 0.0, 0.0]
INFO:root:Measured link-side joint torques: [-0.3552, -35.6978, 0.7652, 9.9426, 0.7262, 1.8585, 0.3874]
INFO:root:Last commanded torques from controller: [0.0, 0.0, 0.0, 0.0, 0.0, 0.0, 0.0]
INFO:root:Measured link-side joint torques: [-0.3552, -35.6978, 0.7652, 9.9426, 0.7262, 1.8585, 0.3874]
INFO:root:Last commanded torques from controller: [0.0, 0.0, 0.0, 0.0, 0.0, 0.0, 0.0]
INFO:root:Measured link-side joint torques: [-0.3552, -35.7216, 0.7414, 9.9426, 0.7133, 1.8859, 0.435]
INFO:root:Last commanded torques from controller: [0.0, 0.0, 0.0, 0.0, 0.0, 0.0, 0.0]
INFO:root:Measured link-side joint torques: [-0.3314, -35.7216, 0.7652, 9.9664, 0.6868, 1.8722, 0.435]
INFO:root:Last commanded torques from controller: [0.0, 0.0, 0.0, 0.0, 0.0, 0.0, 0.0]
INFO:root:Measured link-side joint torques: [-0.3037, -35.6978, 0.7929, 9.9941, 0.6932, 1.8383, 0.4011]
INFO:root:Last commanded torques from controller: [0.0, 0.0, 0.0, 0.0, 0.0, 0.0, 0.0]
INFO:root:Measured link-side joint torques: [-0.3037, -35.7216, 0.7414, 9.895, 0.7133, 1.8457, 0.4085]
INFO:root:Last commanded torques from controller: [0.0, 0.0, 0.0, 0.0, 0.0, 0.0, 0.0]
INFO:root:Measured link-side joint torques: [-0.3037, -35.7216, 0.7414, 9.895, 0.7133, 1.8457, 0.4085]
INFO:root:Last commanded torques from controller: [0.0, 0.0, 0.0, 0.0, 0.0, 0.0, 0.0]
INFO:root:Measured link-side joint torques: [-0.2561, -35.6978, 0.7652, 9.895, 0.7198, 1.8383, 0.3407]
INFO:root:Last commanded torques from controller: [0.0, 0.0, 0.0, 0.0, 0.0, 0.0, 0.0]
INFO:root:Measured link-side joint torques: [-0.3037, -35.6978, 0.7652, 9.895, 0.706, 1.8255, 0.4423]
INFO:root:Last commanded torques from controller: [0.0, 0.0, 0.0, 0.0, 0.0, 0.0, 0.0]
INFO:root:Measured link-side joint torques: [-0.3037, -35.6978, 0.7929, 9.895, 0.706, 1.8054, 0.3407]
INFO:root:Last commanded torques from controller: [0.0, 0.0, 0.0, 0.0, 0.0, 0.0, 0.0]
INFO:root:Measured link-side joint torques: [-0.3314, -35.5946, 0.7652, 9.895, 0.706, 1.8255, 0.4423]
INFO:root:Last commanded torques from controller: [0.0, 0.0, 0.0, 0.0, 0.0, 0.0, 0.0]
INFO:root:Measured link-side joint torques: [-0.3314, -35.5946, 0.7652, 9.895, 0.706, 1.8255, 0.4423]
INFO:root:Last commanded torques from controller: [0.0, 0.0, 0.0, 0.0, 0.0, 0.0, 0.0]
INFO:root:Measured link-side joint torques: [-0.3037, -35.5946, 0.7652, 9.8712, 0.7133, 1.8521, 0.3334]
INFO:root:Last commanded torques from controller: [0.0, 0.0, 0.0, 0.0, 0.0, 0.0, 0.0]
INFO:root:Measured link-side joint torques: [-0.3552, -35.5946, 0.7414, 9.8712, 0.7133, 1.8658, 0.435]
INFO:root:Last commanded torques from controller: [0.0, 0.0, 0.0, 0.0, 0.0, 0.0, 0.0]
INFO:root:Measured link-side joint torques: [-0.3552, -35.6224, 0.7414, 9.8712, 0.7133, 1.8658, 0.381]
INFO:root:Last commanded torques from controller: [0.0, 0.0, 0.0, 0.0, 0.0, 0.0, 0.0]
INFO:root:Measured link-side joint torques: [-0.3037, -35.5946, 0.7414, 9.895, 0.6996, 1.8383, 0.3197]
INFO:root:Last commanded torques from controller: [0.0, 0.0, 0.0, 0.0, 0.0, 0.0, 0.0]
INFO:root:Measured link-side joint torques: [-0.3037, -35.5946, 0.7414, 9.895, 0.6996, 1.8383, 0.3197]
INFO:root:Last commanded torques from controller: [0.0, 0.0, 0.0, 0.0, 0.0, 0.0, 0.0]
INFO:root:Measured link-side joint torques: [-0.3314, -35.5946, 0.7929, 9.8712, 0.6932, 1.8319, 0.3535]
INFO:root:Last commanded torques from controller: [0.0, 0.0, 0.0, 0.0, 0.0, 0.0, 0.0]
INFO:root:Measured link-side joint torques: [-0.3314, -35.547, 0.7652, 9.8434, 0.706, 1.8182, 0.381]
INFO:root:Last commanded torques from controller: [0.0, 0.0, 0.0, 0.0, 0.0, 0.0, 0.0]
INFO:root:Measured link-side joint torques: [-0.3037, -35.547, 0.7176, 9.8712, 0.7198, 1.8118, 0.4149]
INFO:root:Last commanded torques from controller: [0.0, 0.0, 0.0, 0.0, 0.0, 0.0, 0.0]
INFO:root:Measured link-side joint torques: [-0.2799, -35.6224, 0.7652, 9.7958, 0.7198, 1.8457, 0.4762]
INFO:root:Last commanded torques from controller: [0.0, 0.0, 0.0, 0.0, 0.0, 0.0, 0.0]
INFO:root:Measured link-side joint torques: [-0.2799, -35.6224, 0.7652, 9.7958, 0.7198, 1.8457, 0.4762]
INFO:root:Last commanded torques from controller: [0.0, 0.0, 0.0, 0.0, 0.0, 0.0, 0.0]
INFO:root:Measured link-side joint torques: [-0.3037, -35.547, 0.7414, 9.7958, 0.7198, 1.8722, 0.3947]
INFO:root:Last commanded torques from controller: [0.0, 0.0, 0.0, 0.0, 0.0, 0.0, 0.0]
INFO:root:Measured link-side joint torques: [-0.3552, -35.547, 0.7414, 9.772, 0.706, 1.8859, 0.3746]
INFO:root:Last commanded torques from controller: [0.0, 0.0, 0.0, 0.0, 0.0, 0.0, 0.0]
INFO:root:Measured link-side joint torques: [-0.3037, -35.547, 0.7652, 9.7958, 0.706, 1.8859, 0.3947]
INFO:root:Last commanded torques from controller: [0.0, 0.0, 0.0, 0.0, 0.0, 0.0, 0.0]
INFO:root:Measured link-side joint torques: [-0.3314, -35.4954, 0.7414, 9.7958, 0.6932, 1.8786, 0.4149]
INFO:root:Last commanded torques from controller: [0.0, 0.0, 0.0, 0.0, 0.0, 0.0, 0.0]
INFO:root:Measured link-side joint torques: [-0.3314, -35.4954, 0.7414, 9.7958, 0.6932, 1.8786, 0.4149]
INFO:root:Last commanded torques from controller: [0.0, 0.0, 0.0, 0.0, 0.0, 0.0, 0.0]
INFO:root:Measured link-side joint torques: [-0.3037, -35.547, 0.7652, 9.772, 0.7133, 1.8383, 0.435]
INFO:root:Last commanded torques from controller: [0.0, 0.0, 0.0, 0.0, 0.0, 0.0, 0.0]
INFO:root:Measured link-side joint torques: [-0.2799, -35.5193, 0.7414, 9.7958, 0.706, 1.8182, 0.3947]
INFO:root:Last commanded torques from controller: [0.0, 0.0, 0.0, 0.0, 0.0, 0.0, 0.0]
INFO:root:Measured link-side joint torques: [-0.2799, -35.5193, 0.7414, 9.7958, 0.7133, 1.8255, 0.3673]
INFO:root:Last commanded torques from controller: [0.0, 0.0, 0.0, 0.0, 0.0, 0.0, 0.0]
INFO:root:Measured link-side joint torques: [-0.3314, -35.547, 0.7652, 9.7482, 0.6996, 1.8585, 0.3471]
INFO:root:Last commanded torques from controller: [0.0, 0.0, 0.0, 0.0, 0.0, 0.0, 0.0]
INFO:root:Measured link-side joint torques: [-0.3314, -35.547, 0.7652, 9.7482, 0.6996, 1.8585, 0.3471]
INFO:root:Last commanded torques from controller: [0.0, 0.0, 0.0, 0.0, 0.0, 0.0, 0.0]
INFO:root:Measured link-side joint torques: [-0.3037, -35.5193, 0.7929, 9.7204, 0.706, 1.8786, 0.381]
INFO:root:Last commanded torques from controller: [0.0, 0.0, 0.0, 0.0, 0.0, 0.0, 0.0]
INFO:root:Measured link-side joint torques: [-0.3314, -35.547, 0.7652, 9.7482, 0.6996, 1.8722, 0.3947]
INFO:root:Last commanded torques from controller: [0.0, 0.0, 0.0, 0.0, 0.0, 0.0, 0.0]
INFO:root:Measured link-side joint torques: [-0.379, -35.547, 0.7929, 9.6966, 0.6932, 1.8722, 0.4488]
INFO:root:Last commanded torques from controller: [0.0, 0.0, 0.0, 0.0, 0.0, 0.0, 0.0]
INFO:root:Measured link-side joint torques: [-0.3037, -35.5708, 0.7652, 9.7204, 0.6932, 1.8383, 0.4149]
INFO:root:Last commanded torques from controller: [0.0, 0.0, 0.0, 0.0, 0.0, 0.0, 0.0]
INFO:root:Measured link-side joint torques: [-0.3037, -35.5708, 0.7652, 9.7204, 0.6932, 1.8383, 0.4149]
INFO:root:Last commanded torques from controller: [0.0, 0.0, 0.0, 0.0, 0.0, 0.0, 0.0]
INFO:root:Measured link-side joint torques: [-0.2799, -35.5708, 0.7652, 9.7482, 0.706, 1.8118, 0.3947]
INFO:root:Last commanded torques from controller: [0.0, 0.0, 0.0, 0.0, 0.0, 0.0, 0.0]
INFO:root:Measured link-side joint torques: [-0.3037, -35.547, 0.7652, 9.772, 0.6996, 1.8182, 0.4286]
INFO:root:Last commanded torques from controller: [0.0, 0.0, 0.0, 0.0, 0.0, 0.0, 0.0]
INFO:root:Measured link-side joint torques: [-0.2799, -35.547, 0.7929, 9.7204, 0.6996, 1.8182, 0.4085]
INFO:root:Last commanded torques from controller: [0.0, 0.0, 0.0, 0.0, 0.0, 0.0, 0.0]
INFO:root:Measured link-side joint torques: [-0.3037, -35.5193, 0.7652, 9.7204, 0.6996, 1.8255, 0.4011]
INFO:root:Last commanded torques from controller: [0.0, 0.0, 0.0, 0.0, 0.0, 0.0, 0.0]
INFO:root:Measured link-side joint torques: [-0.3037, -35.5193, 0.7652, 9.7204, 0.6996, 1.8255, 0.4011]
INFO:root:Last commanded torques from controller: [0.0, 0.0, 0.0, 0.0, 0.0, 0.0, 0.0]
INFO:root:Measured link-side joint torques: [-0.3037, -35.4954, 0.7929, 9.7204, 0.6868, 1.8319, 0.3407]
INFO:root:Last commanded torques from controller: [0.0, 0.0, 0.0, 0.0, 0.0, 0.0, 0.0]
INFO:root:Measured link-side joint torques: [-0.2799, -35.547, 0.7652, 9.6966, 0.6996, 1.8255, 0.381]
INFO:root:Last commanded torques from controller: [0.0, 0.0, 0.0, 0.0, 0.0, 0.0, 0.0]
INFO:root:Measured link-side joint torques: [-0.3037, -35.5708, 0.7414, 9.6966, 0.6868, 1.8255, 0.3874]
INFO:root:Last commanded torques from controller: [0.0, 0.0, 0.0, 0.0, 0.0, 0.0, 0.0]
INFO:root:Measured link-side joint torques: [-0.3552, -35.547, 0.7176, 9.6966, 0.6996, 1.8182, 0.4011]
INFO:root:Last commanded torques from controller: [0.0, 0.0, 0.0, 0.0, 0.0, 0.0, 0.0]
INFO:root:Measured link-side joint torques: [-0.3552, -35.547, 0.7176, 9.6966, 0.6996, 1.8182, 0.4011]
INFO:root:Last commanded torques from controller: [0.0, 0.0, 0.0, 0.0, 0.0, 0.0, 0.0]
INFO:root:Measured link-side joint torques: [-0.3314, -35.6462, 0.7652, 9.6966, 0.6932, 1.8255, 0.3874]
INFO:root:Last commanded torques from controller: [0.0, 0.0, 0.0, 0.0, 0.0, 0.0, 0.0]
INFO:root:Measured link-side joint torques: [-0.3314, -35.547, 0.7414, 9.7204, 0.706, 1.8118, 0.4085]
INFO:root:Last commanded torques from controller: [0.0, 0.0, 0.0, 0.0, 0.0, 0.0, 0.0]
INFO:root:Measured link-side joint torques: [-0.3314, -35.5946, 0.6938, 9.7482, 0.6868, 1.8118, 0.4488]
INFO:root:Last commanded torques from controller: [0.0, 0.0, 0.0, 0.0, 0.0, 0.0, 0.0]
INFO:root:Measured link-side joint torques: [-0.2799, -35.547, 0.7414, 9.7482, 0.6996, 1.8054, 0.3471]
INFO:root:Last commanded torques from controller: [0.0, 0.0, 0.0, 0.0, 0.0, 0.0, 0.0]
INFO:root:Measured link-side joint torques: [-0.2799, -35.547, 0.7414, 9.7482, 0.6996, 1.8054, 0.3471]
INFO:root:Last commanded torques from controller: [0.0, 0.0, 0.0, 0.0, 0.0, 0.0, 0.0]
INFO:root:Measured link-side joint torques: [-0.2799, -35.547, 0.7414, 9.7482, 0.7133, 1.8182, 0.381]
INFO:root:Last commanded torques from controller: [0.0, 0.0, 0.0, 0.0, 0.0, 0.0, 0.0]
INFO:root:Measured link-side joint torques: [-0.3037, -35.5193, 0.7652, 9.7204, 0.706, 1.8255, 0.327]
INFO:root:Last commanded torques from controller: [0.0, 0.0, 0.0, 0.0, 0.0, 0.0, 0.0]
INFO:root:Measured link-side joint torques: [-0.3037, -35.5193, 0.7176, 9.7482, 0.6868, 1.8383, 0.3673]
INFO:root:Last commanded torques from controller: [0.0, 0.0, 0.0, 0.0, 0.0, 0.0, 0.0]
INFO:root:Measured link-side joint torques: [-0.3037, -35.5193, 0.7176, 9.6966, 0.6996, 1.8383, 0.4222]
INFO:root:Last commanded torques from controller: [0.0, 0.0, 0.0, 0.0, 0.0, 0.0, 0.0]
INFO:root:Measured link-side joint torques: [-0.3037, -35.5193, 0.7176, 9.6966, 0.6996, 1.8383, 0.4222]
INFO:root:Last commanded torques from controller: [0.0, 0.0, 0.0, 0.0, 0.0, 0.0, 0.0]
INFO:root:Measured link-side joint torques: [-0.3314, -35.3963, 0.7414, 9.6966, 0.6996, 1.8054, 0.3535]
INFO:root:Last commanded torques from controller: [0.0, 0.0, 0.0, 0.0, 0.0, 0.0, 0.0]
INFO:root:Measured link-side joint torques: [-0.3037, -35.4716, 0.7652, 9.6966, 0.6996, 1.8054, 0.4488]
INFO:root:Last commanded torques from controller: [0.0, 0.0, 0.0, 0.0, 0.0, 0.0, 0.0]
INFO:root:Measured link-side joint torques: [-0.2799, -35.4954, 0.6938, 9.649, 0.7133, 1.7852, 0.435]
INFO:root:Last commanded torques from controller: [0.0, 0.0, 0.0, 0.0, 0.0, 0.0, 0.0]
INFO:root:Measured link-side joint torques: [-0.3314, -35.5193, 0.6938, 9.6728, 0.6996, 1.8054, 0.3535]
INFO:root:Last commanded torques from controller: [0.0, 0.0, 0.0, 0.0, 0.0, 0.0, 0.0]
INFO:root:Measured link-side joint torques: [-0.3314, -35.5193, 0.6938, 9.6728, 0.6996, 1.8054, 0.3535]
INFO:root:Last commanded torques from controller: [0.0, 0.0, 0.0, 0.0, 0.0, 0.0, 0.0]
INFO:root:Measured link-side joint torques: [-0.3552, -35.4954, 0.7929, 9.6728, 0.706, 1.8319, 0.4149]
INFO:root:Last commanded torques from controller: [0.0, 0.0, 0.0, 0.0, 0.0, 0.0, 0.0]
INFO:root:Measured link-side joint torques: [-0.3552, -35.4201, 0.7414, 9.6728, 0.6996, 1.8182, 0.3535]
INFO:root:Last commanded torques from controller: [0.0, 0.0, 0.0, 0.0, 0.0, 0.0, 0.0]
INFO:root:Measured link-side joint torques: [-0.3037, -35.4716, 0.7652, 9.6966, 0.706, 1.8118, 0.4085]
INFO:root:Last commanded torques from controller: [0.0, 0.0, 0.0, 0.0, 0.0, 0.0, 0.0]
INFO:root:Measured link-side joint torques: [-0.3037, -35.4201, 0.7652, 9.6728, 0.6932, 1.8182, 0.4488]
INFO:root:Last commanded torques from controller: [0.0, 0.0, 0.0, 0.0, 0.0, 0.0, 0.0]
INFO:root:Measured link-side joint torques: [-0.3037, -35.4201, 0.7652, 9.6728, 0.6932, 1.8182, 0.4488]
INFO:root:Last commanded torques from controller: [0.0, 0.0, 0.0, 0.0, 0.0, 0.0, 0.0]
INFO:root:Measured link-side joint torques: [-0.3037, -35.4478, 0.7414, 9.7482, 0.6996, 1.7916, 0.435]
INFO:root:Last commanded torques from controller: [0.0, 0.0, 0.0, 0.0, 0.0, 0.0, 0.0]
INFO:root:Measured link-side joint torques: [-0.3314, -35.4478, 0.7414, 9.7482, 0.6868, 1.7852, 0.3535]
INFO:root:Last commanded torques from controller: [0.0, 0.0, 0.0, 0.0, 0.0, 0.0, 0.0]
INFO:root:Measured link-side joint torques: [-0.3314, -35.3963, 0.7652, 9.7482, 0.6996, 1.7916, 0.381]
INFO:root:Last commanded torques from controller: [0.0, 0.0, 0.0, 0.0, 0.0, 0.0, 0.0]
INFO:root:Measured link-side joint torques: [-0.3037, -35.4478, 0.7652, 9.7482, 0.6996, 1.8319, 0.3746]
INFO:root:Last commanded torques from controller: [0.0, 0.0, 0.0, 0.0, 0.0, 0.0, 0.0]
INFO:root:Measured link-side joint torques: [-0.3037, -35.4478, 0.7652, 9.7482, 0.6996, 1.8319, 0.3746]
INFO:root:Last commanded torques from controller: [0.0, 0.0, 0.0, 0.0, 0.0, 0.0, 0.0]
INFO:root:Measured link-side joint torques: [-0.3037, -35.4478, 0.7652, 9.7482, 0.706, 1.8255, 0.435]
INFO:root:Last commanded torques from controller: [0.0, 0.0, 0.0, 0.0, 0.0, 0.0, 0.0]
INFO:root:Measured link-side joint torques: [-0.3314, -35.4478, 0.7652, 9.6966, 0.7133, 1.8383, 0.4149]
INFO:root:Last commanded torques from controller: [0.0, 0.0, 0.0, 0.0, 0.0, 0.0, 0.0]
INFO:root:Measured link-side joint torques: [-0.3037, -35.4478, 0.7414, 9.7204, 0.706, 1.8521, 0.4561]
INFO:root:Last commanded torques from controller: [0.0, 0.0, 0.0, 0.0, 0.0, 0.0, 0.0]
INFO:root:Measured link-side joint torques: [-0.2799, -35.4201, 0.6938, 9.7482, 0.6996, 1.8319, 0.4488]
INFO:root:Last commanded torques from controller: [0.0, 0.0, 0.0, 0.0, 0.0, 0.0, 0.0]
INFO:root:Measured link-side joint torques: [-0.2799, -35.4201, 0.6938, 9.7482, 0.6996, 1.8319, 0.4488]
INFO:root:Last commanded torques from controller: [0.0, 0.0, 0.0, 0.0, 0.0, 0.0, 0.0]
INFO:root:Measured link-side joint torques: [-0.3552, -35.4954, 0.7414, 9.6966, 0.6996, 1.8182, 0.3334]
INFO:root:Last commanded torques from controller: [0.0, 0.0, 0.0, 0.0, 0.0, 0.0, 0.0]
INFO:root:Measured link-side joint torques: [-0.3037, -35.4478, 0.7176, 9.772, 0.6996, 1.8383, 0.4149]
INFO:root:Last commanded torques from controller: [0.0, 0.0, 0.0, 0.0, 0.0, 0.0, 0.0]
INFO:root:Measured link-side joint torques: [-0.3552, -35.4201, 0.7652, 9.7204, 0.6996, 1.8457, 0.4011]
INFO:root:Last commanded torques from controller: [0.0, 0.0, 0.0, 0.0, 0.0, 0.0, 0.0]
INFO:root:Measured link-side joint torques: [-0.3552, -35.4478, 0.7176, 9.6966, 0.6996, 1.8319, 0.4222]
INFO:root:Last commanded torques from controller: [0.0, 0.0, 0.0, 0.0, 0.0, 0.0, 0.0]
INFO:root:Measured link-side joint torques: [-0.3552, -35.4478, 0.7176, 9.6966, 0.6996, 1.8319, 0.4222]
INFO:root:Last commanded torques from controller: [0.0, 0.0, 0.0, 0.0, 0.0, 0.0, 0.0]
INFO:root:Measured link-side joint torques: [-0.3552, -35.4716, 0.7929, 9.6966, 0.6996, 1.8319, 0.4222]
INFO:root:Last commanded torques from controller: [0.0, 0.0, 0.0, 0.0, 0.0, 0.0, 0.0]
INFO:root:Measured link-side joint torques: [-0.3314, -35.4716, 0.7176, 9.772, 0.7198, 1.8319, 0.3609]
INFO:root:Last commanded torques from controller: [0.0, 0.0, 0.0, 0.0, 0.0, 0.0, 0.0]
INFO:root:Measured link-side joint torques: [-0.2799, -35.4954, 0.7176, 9.7204, 0.7133, 1.8457, 0.4149]
INFO:root:Last commanded torques from controller: [0.0, 0.0, 0.0, 0.0, 0.0, 0.0, 0.0]
INFO:root:Measured link-side joint torques: [-0.2799, -35.4954, 0.7176, 9.7482, 0.7198, 1.8521, 0.381]
INFO:root:Last commanded torques from controller: [0.0, 0.0, 0.0, 0.0, 0.0, 0.0, 0.0]
INFO:root:Measured link-side joint torques: [-0.2799, -35.4954, 0.7176, 9.7482, 0.7198, 1.8521, 0.381]
INFO:root:Last commanded torques from controller: [0.0, 0.0, 0.0, 0.0, 0.0, 0.0, 0.0]
INFO:root:Measured link-side joint torques: [-0.3037, -35.5193, 0.7414, 9.7204, 0.6932, 1.8585, 0.3947]
INFO:root:Last commanded torques from controller: [0.0, 0.0, 0.0, 0.0, 0.0, 0.0, 0.0]
INFO:root:Measured link-side joint torques: [-0.3037, -35.547, 0.7929, 9.772, 0.6868, 1.8182, 0.3947]
INFO:root:Last commanded torques from controller: [0.0, 0.0, 0.0, 0.0, 0.0, 0.0, 0.0]
INFO:root:Measured link-side joint torques: [-0.3314, -35.547, 0.7652, 9.7482, 0.6868, 1.8182, 0.4625]
INFO:root:Last commanded torques from controller: [0.0, 0.0, 0.0, 0.0, 0.0, 0.0, 0.0]
INFO:root:Measured link-side joint torques: [-0.3314, -35.547, 0.7652, 9.7958, 0.6932, 1.8182, 0.4222]
INFO:root:Last commanded torques from controller: [0.0, 0.0, 0.0, 0.0, 0.0, 0.0, 0.0]
INFO:root:Measured link-side joint torques: [-0.3314, -35.547, 0.7652, 9.7958, 0.6932, 1.8182, 0.4222]
INFO:root:Last commanded torques from controller: [0.0, 0.0, 0.0, 0.0, 0.0, 0.0, 0.0]
INFO:root:Measured link-side joint torques: [-0.3314, -35.547, 0.7414, 9.7958, 0.6996, 1.8182, 0.381]
INFO:root:Last commanded torques from controller: [0.0, 0.0, 0.0, 0.0, 0.0, 0.0, 0.0]
INFO:root:Measured link-side joint torques: [-0.3314, -35.5708, 0.7652, 9.7482, 0.706, 1.8457, 0.3947]
INFO:root:Last commanded torques from controller: [0.0, 0.0, 0.0, 0.0, 0.0, 0.0, 0.0]
INFO:root:Measured link-side joint torques: [-0.3314, -35.5946, 0.7929, 9.7482, 0.7198, 1.8585, 0.381]
INFO:root:Last commanded torques from controller: [0.0, 0.0, 0.0, 0.0, 0.0, 0.0, 0.0]
INFO:root:Measured link-side joint torques: [-0.3314, -35.5708, 0.7652, 9.7958, 0.6996, 1.8457, 0.3874]
INFO:root:Last commanded torques from controller: [0.0, 0.0, 0.0, 0.0, 0.0, 0.0, 0.0]
INFO:root:Measured link-side joint torques: [-0.3314, -35.5708, 0.7652, 9.7958, 0.6996, 1.8457, 0.3874]
INFO:root:Last commanded torques from controller: [0.0, 0.0, 0.0, 0.0, 0.0, 0.0, 0.0]
INFO:root:Measured link-side joint torques: [-0.2561, -35.6224, 0.7652, 9.7482, 0.6932, 1.8319, 0.435]
INFO:root:Last commanded torques from controller: [0.0, 0.0, 0.0, 0.0, 0.0, 0.0, 0.0]
INFO:root:Measured link-side joint torques: [-0.3037, -35.5708, 0.7929, 9.772, 0.6996, 1.8319, 0.381]
INFO:root:Last commanded torques from controller: [0.0, 0.0, 0.0, 0.0, 0.0, 0.0, 0.0]
INFO:root:Measured link-side joint torques: [-0.3037, -35.6224, 0.8167, 9.7204, 0.6932, 1.8182, 0.4625]
INFO:root:Last commanded torques from controller: [0.0, 0.0, 0.0, 0.0, 0.0, 0.0, 0.0]
INFO:root:Measured link-side joint torques: [-0.2561, -35.5946, 0.7414, 9.7958, 0.6932, 1.8182, 0.4222]
INFO:root:Last commanded torques from controller: [0.0, 0.0, 0.0, 0.0, 0.0, 0.0, 0.0]
INFO:root:Measured link-side joint torques: [-0.2561, -35.5946, 0.7414, 9.7958, 0.6932, 1.8182, 0.4222]
INFO:root:Last commanded torques from controller: [0.0, 0.0, 0.0, 0.0, 0.0, 0.0, 0.0]
INFO:root:Measured link-side joint torques: [-0.3314, -35.5946, 0.7414, 9.7958, 0.6868, 1.8457, 0.4222]
INFO:root:Last commanded torques from controller: [0.0, 0.0, 0.0, 0.0, 0.0, 0.0, 0.0]
INFO:root:Measured link-side joint torques: [-0.3314, -35.5946, 0.7652, 9.8196, 0.6932, 1.8521, 0.4488]
INFO:root:Last commanded torques from controller: [0.0, 0.0, 0.0, 0.0, 0.0, 0.0, 0.0]
INFO:root:Measured link-side joint torques: [-0.3314, -35.6224, 0.7176, 9.7958, 0.706, 1.8383, 0.3746]
INFO:root:Last commanded torques from controller: [0.0, 0.0, 0.0, 0.0, 0.0, 0.0, 0.0]
INFO:root:Measured link-side joint torques: [-0.2799, -35.6224, 0.7652, 9.772, 0.706, 1.8383, 0.4085]
INFO:root:Last commanded torques from controller: [0.0, 0.0, 0.0, 0.0, 0.0, 0.0, 0.0]
INFO:root:Measured link-side joint torques: [-0.2799, -35.6224, 0.7652, 9.772, 0.706, 1.8383, 0.4085]
INFO:root:Last commanded torques from controller: [0.0, 0.0, 0.0, 0.0, 0.0, 0.0, 0.0]
INFO:root:Measured link-side joint torques: [-0.3552, -35.67, 0.7414, 9.7482, 0.706, 1.8054, 0.4625]
INFO:root:Last commanded torques from controller: [0.0, 0.0, 0.0, 0.0, 0.0, 0.0, 0.0]
INFO:root:Measured link-side joint torques: [-0.2799, -35.5946, 0.7414, 9.7204, 0.7133, 1.798, 0.3471]
INFO:root:Last commanded torques from controller: [0.0, 0.0, 0.0, 0.0, 0.0, 0.0, 0.0]
INFO:root:Measured link-side joint torques: [-0.3037, -35.5708, 0.7652, 9.7204, 0.7198, 1.8255, 0.4222]
INFO:root:Last commanded torques from controller: [0.0, 0.0, 0.0, 0.0, 0.0, 0.0, 0.0]
INFO:root:Measured link-side joint torques: [-0.3037, -35.5708, 0.7414, 9.7482, 0.6932, 1.8585, 0.3746]
INFO:root:Last commanded torques from controller: [0.0, 0.0, 0.0, 0.0, 0.0, 0.0, 0.0]
INFO:root:Measured link-side joint torques: [-0.3037, -35.5708, 0.7414, 9.7482, 0.6932, 1.8585, 0.3746]
INFO:root:Last commanded torques from controller: [0.0, 0.0, 0.0, 0.0, 0.0, 0.0, 0.0]
INFO:root:Measured link-side joint torques: [-0.3037, -35.5708, 0.7929, 9.6966, 0.706, 1.8859, 0.4488]
INFO:root:Last commanded torques from controller: [0.0, 0.0, 0.0, 0.0, 0.0, 0.0, 0.0]
INFO:root:Measured link-side joint torques: [-0.3314, -35.5946, 0.7652, 9.7482, 0.7133, 1.8521, 0.435]
INFO:root:Last commanded torques from controller: [0.0, 0.0, 0.0, 0.0, 0.0, 0.0, 0.0]
INFO:root:Measured link-side joint torques: [-0.2799, -35.547, 0.7414, 9.7482, 0.6932, 1.8383, 0.381]
INFO:root:Last commanded torques from controller: [0.0, 0.0, 0.0, 0.0, 0.0, 0.0, 0.0]
INFO:root:Measured link-side joint torques: [-0.2799, -35.6224, 0.7414, 9.7482, 0.6868, 1.8182, 0.4423]
INFO:root:Last commanded torques from controller: [0.0, 0.0, 0.0, 0.0, 0.0, 0.0, 0.0]
INFO:root:Measured link-side joint torques: [-0.2799, -35.6224, 0.7414, 9.7482, 0.6868, 1.8182, 0.4423]
INFO:root:Last commanded torques from controller: [0.0, 0.0, 0.0, 0.0, 0.0, 0.0, 0.0]
INFO:root:Measured link-side joint torques: [-0.3037, -35.6224, 0.7414, 9.772, 0.6996, 1.8118, 0.3947]
INFO:root:Last commanded torques from controller: [0.0, 0.0, 0.0, 0.0, 0.0, 0.0, 0.0]
INFO:root:Measured link-side joint torques: [-0.3314, -35.5708, 0.7176, 9.7204, 0.706, 1.8457, 0.3673]
INFO:root:Last commanded torques from controller: [0.0, 0.0, 0.0, 0.0, 0.0, 0.0, 0.0]
INFO:root:Measured link-side joint torques: [-0.3552, -35.5708, 0.7414, 9.772, 0.706, 1.8521, 0.381]
INFO:root:Last commanded torques from controller: [0.0, 0.0, 0.0, 0.0, 0.0, 0.0, 0.0]
INFO:root:Measured link-side joint torques: [-0.3314, -35.5708, 0.7652, 9.7482, 0.6996, 1.8923, 0.3746]
INFO:root:Last commanded torques from controller: [0.0, 0.0, 0.0, 0.0, 0.0, 0.0, 0.0]
INFO:root:Measured link-side joint torques: [-0.3314, -35.5708, 0.7652, 9.7482, 0.6996, 1.8923, 0.3746]
INFO:root:Last commanded torques from controller: [0.0, 0.0, 0.0, 0.0, 0.0, 0.0, 0.0]
INFO:root:Measured link-side joint torques: [-0.3552, -35.5708, 0.7652, 9.7482, 0.6996, 1.8923, 0.3673]
INFO:root:Last commanded torques from controller: [0.0, 0.0, 0.0, 0.0, 0.0, 0.0, 0.0]
INFO:root:Measured link-side joint torques: [-0.3314, -35.547, 0.7414, 9.8196, 0.6996, 1.8859, 0.3673]
INFO:root:Last commanded torques from controller: [0.0, 0.0, 0.0, 0.0, 0.0, 0.0, 0.0]
INFO:root:Measured link-side joint torques: [-0.3037, -35.547, 0.7176, 9.8434, 0.6996, 1.8585, 0.4149]
INFO:root:Last commanded torques from controller: [0.0, 0.0, 0.0, 0.0, 0.0, 0.0, 0.0]
INFO:root:Measured link-side joint torques: [-0.3552, -35.6462, 0.7176, 9.8196, 0.6932, 1.8383, 0.4222]
INFO:root:Last commanded torques from controller: [0.0, 0.0, 0.0, 0.0, 0.0, 0.0, 0.0]
INFO:root:Measured link-side joint torques: [-0.3552, -35.6462, 0.7176, 9.8196, 0.6932, 1.8383, 0.4222]
INFO:root:Last commanded torques from controller: [0.0, 0.0, 0.0, 0.0, 0.0, 0.0, 0.0]
INFO:root:Measured link-side joint torques: [-0.3314, -35.6224, 0.7176, 9.8434, 0.6932, 1.8383, 0.4222]
INFO:root:Last commanded torques from controller: [0.0, 0.0, 0.0, 0.0, 0.0, 0.0, 0.0]
INFO:root:Measured link-side joint torques: [-0.3037, -35.5946, 0.7414, 9.8196, 0.6996, 1.8722, 0.3947]
INFO:root:Last commanded torques from controller: [0.0, 0.0, 0.0, 0.0, 0.0, 0.0, 0.0]
INFO:root:Measured link-side joint torques: [-0.3552, -35.6224, 0.7414, 9.8196, 0.7133, 1.8585, 0.381]
INFO:root:Last commanded torques from controller: [0.0, 0.0, 0.0, 0.0, 0.0, 0.0, 0.0]
INFO:root:Measured link-side joint torques: [-0.3037, -35.6462, 0.7176, 9.8712, 0.7198, 1.8658, 0.4222]
INFO:root:Last commanded torques from controller: [0.0, 0.0, 0.0, 0.0, 0.0, 0.0, 0.0]
INFO:root:Measured link-side joint torques: [-0.3037, -35.6462, 0.7176, 9.8712, 0.7198, 1.8658, 0.4222]
INFO:root:Last commanded torques from controller: [0.0, 0.0, 0.0, 0.0, 0.0, 0.0, 0.0]
INFO:root:Measured link-side joint torques: [-0.3552, -35.6224, 0.7414, 9.7958, 0.6996, 1.8722, 0.3874]
INFO:root:Last commanded torques from controller: [0.0, 0.0, 0.0, 0.0, 0.0, 0.0, 0.0]
INFO:root:Measured link-side joint torques: [-0.3314, -35.5946, 0.7176, 9.8434, 0.7133, 1.8859, 0.4222]
INFO:root:Last commanded torques from controller: [0.0, 0.0, 0.0, 0.0, 0.0, 0.0, 0.0]
INFO:root:Measured link-side joint torques: [-0.3314, -35.67, 0.7176, 9.8196, 0.6996, 1.8255, 0.381]
INFO:root:Last commanded torques from controller: [0.0, 0.0, 0.0, 0.0, 0.0, 0.0, 0.0]
INFO:root:Measured link-side joint torques: [-0.3314, -35.6224, 0.6938, 9.8196, 0.6996, 1.8383, 0.381]
INFO:root:Last commanded torques from controller: [0.0, 0.0, 0.0, 0.0, 0.0, 0.0, 0.0]
INFO:root:Measured link-side joint torques: [-0.3314, -35.6224, 0.6938, 9.8196, 0.6996, 1.8383, 0.381]
INFO:root:Last commanded torques from controller: [0.0, 0.0, 0.0, 0.0, 0.0, 0.0, 0.0]
INFO:root:Measured link-side joint torques: [-0.3314, -35.5946, 0.7652, 9.7958, 0.6996, 1.8383, 0.3535]
INFO:root:Last commanded torques from controller: [0.0, 0.0, 0.0, 0.0, 0.0, 0.0, 0.0]
INFO:root:Measured link-side joint torques: [-0.3552, -35.6462, 0.7176, 9.7958, 0.7133, 1.8457, 0.3874]
INFO:root:Last commanded torques from controller: [0.0, 0.0, 0.0, 0.0, 0.0, 0.0, 0.0]
INFO:root:Measured link-side joint torques: [-0.3552, -35.5946, 0.6938, 9.8196, 0.6932, 1.8457, 0.4222]
INFO:root:Last commanded torques from controller: [0.0, 0.0, 0.0, 0.0, 0.0, 0.0, 0.0]
INFO:root:Measured link-side joint torques: [-0.3552, -35.6224, 0.7176, 9.7958, 0.6996, 1.8722, 0.4488]
INFO:root:Last commanded torques from controller: [0.0, 0.0, 0.0, 0.0, 0.0, 0.0, 0.0]
INFO:root:Measured link-side joint torques: [-0.3552, -35.6224, 0.7176, 9.7958, 0.6996, 1.8722, 0.4488]
INFO:root:Last commanded torques from controller: [0.0, 0.0, 0.0, 0.0, 0.0, 0.0, 0.0]
INFO:root:Measured link-side joint torques: [-0.3552, -35.67, 0.7414, 9.8196, 0.7133, 1.8521, 0.381]
INFO:root:Last commanded torques from controller: [0.0, 0.0, 0.0, 0.0, 0.0, 0.0, 0.0]
INFO:root:Measured link-side joint torques: [-0.3552, -35.6224, 0.7414, 9.7958, 0.7262, 1.8383, 0.381]
INFO:root:Last commanded torques from controller: [0.0, 0.0, 0.0, 0.0, 0.0, 0.0, 0.0]
INFO:root:Measured link-side joint torques: [-0.3314, -35.6224, 0.7176, 9.7958, 0.7262, 1.8255, 0.327]
INFO:root:Last commanded torques from controller: [0.0, 0.0, 0.0, 0.0, 0.0, 0.0, 0.0]
INFO:root:Measured link-side joint torques: [-0.3552, -35.6462, 0.7176, 9.7204, 0.6932, 1.8383, 0.3874]
INFO:root:Last commanded torques from controller: [0.0, 0.0, 0.0, 0.0, 0.0, 0.0, 0.0]
INFO:root:Measured link-side joint torques: [-0.3552, -35.6462, 0.7176, 9.7204, 0.6932, 1.8383, 0.3874]
INFO:root:Last commanded torques from controller: [0.0, 0.0, 0.0, 0.0, 0.0, 0.0, 0.0]
INFO:root:Measured link-side joint torques: [-0.2799, -35.67, 0.7176, 9.7482, 0.7133, 1.8319, 0.3673]
INFO:root:Last commanded torques from controller: [0.0, 0.0, 0.0, 0.0, 0.0, 0.0, 0.0]
INFO:root:Measured link-side joint torques: [-0.3037, -35.6224, 0.7176, 9.7482, 0.7133, 1.8383, 0.327]
INFO:root:Last commanded torques from controller: [0.0, 0.0, 0.0, 0.0, 0.0, 0.0, 0.0]
INFO:root:Measured link-side joint torques: [-0.3314, -35.6462, 0.7176, 9.7482, 0.6996, 1.8585, 0.4011]
INFO:root:Last commanded torques from controller: [0.0, 0.0, 0.0, 0.0, 0.0, 0.0, 0.0]
INFO:root:Measured link-side joint torques: [-0.3552, -35.5708, 0.7414, 9.7482, 0.6996, 1.8786, 0.4085]
INFO:root:Last commanded torques from controller: [0.0, 0.0, 0.0, 0.0, 0.0, 0.0, 0.0]
INFO:root:Measured link-side joint torques: [-0.3552, -35.5708, 0.7414, 9.7482, 0.6996, 1.8786, 0.4085]
INFO:root:Last commanded torques from controller: [0.0, 0.0, 0.0, 0.0, 0.0, 0.0, 0.0]
INFO:root:Measured link-side joint torques: [-0.3552, -35.6224, 0.6938, 9.7204, 0.6996, 1.8722, 0.3535]
INFO:root:Last commanded torques from controller: [0.0, 0.0, 0.0, 0.0, 0.0, 0.0, 0.0]
INFO:root:Measured link-side joint torques: [-0.3314, -35.5946, 0.7652, 9.772, 0.706, 1.8786, 0.3947]
INFO:root:Last commanded torques from controller: [0.0, 0.0, 0.0, 0.0, 0.0, 0.0, 0.0]
INFO:root:Measured link-side joint torques: [-0.3314, -35.6462, 0.7176, 9.772, 0.706, 1.8722, 0.3407]
INFO:root:Last commanded torques from controller: [0.0, 0.0, 0.0, 0.0, 0.0, 0.0, 0.0]
INFO:root:Measured link-side joint torques: [-0.3314, -35.6462, 0.6938, 9.7204, 0.6996, 1.8585, 0.3947]
INFO:root:Last commanded torques from controller: [0.0, 0.0, 0.0, 0.0, 0.0, 0.0, 0.0]
INFO:root:Measured link-side joint torques: [-0.3314, -35.6462, 0.6938, 9.7204, 0.6996, 1.8585, 0.3947]
INFO:root:Last commanded torques from controller: [0.0, 0.0, 0.0, 0.0, 0.0, 0.0, 0.0]
INFO:root:Measured link-side joint torques: [-0.3314, -35.6224, 0.7176, 9.772, 0.6932, 1.8457, 0.3947]
INFO:root:Last commanded torques from controller: [0.0, 0.0, 0.0, 0.0, 0.0, 0.0, 0.0]
INFO:root:Measured link-side joint torques: [-0.3552, -35.6224, 0.7414, 9.7482, 0.706, 1.8722, 0.3535]
INFO:root:Last commanded torques from controller: [0.0, 0.0, 0.0, 0.0, 0.0, 0.0, 0.0]
INFO:root:Measured link-side joint torques: [-0.3314, -35.5946, 0.7414, 9.7204, 0.6996, 1.8658, 0.3609]
INFO:root:Last commanded torques from controller: [0.0, 0.0, 0.0, 0.0, 0.0, 0.0, 0.0]
INFO:root:Measured link-side joint torques: [-0.3314, -35.6462, 0.7414, 9.7204, 0.7133, 1.8722, 0.3535]
INFO:root:Last commanded torques from controller: [0.0, 0.0, 0.0, 0.0, 0.0, 0.0, 0.0]
INFO:root:Measured link-side joint torques: [-0.3314, -35.6462, 0.7414, 9.7204, 0.7133, 1.8722, 0.3535]
INFO:root:Last commanded torques from controller: [0.0, 0.0, 0.0, 0.0, 0.0, 0.0, 0.0]
INFO:root:Measured link-side joint torques: [-0.2799, -35.6462, 0.7414, 9.7482, 0.7133, 1.8722, 0.3609]
INFO:root:Last commanded torques from controller: [0.0, 0.0, 0.0, 0.0, 0.0, 0.0, 0.0]
INFO:root:Measured link-side joint torques: [-0.3552, -35.6462, 0.7176, 9.7204, 0.706, 1.8722, 0.3746]
INFO:root:Last commanded torques from controller: [0.0, 0.0, 0.0, 0.0, 0.0, 0.0, 0.0]
INFO:root:Measured link-side joint torques: [-0.3552, -35.5946, 0.6938, 9.7204, 0.706, 1.8859, 0.3947]
INFO:root:Last commanded torques from controller: [0.0, 0.0, 0.0, 0.0, 0.0, 0.0, 0.0]
INFO:root:Measured link-side joint torques: [-0.3314, -35.6224, 0.7414, 9.6728, 0.6996, 1.8658, 0.3746]
INFO:root:Last commanded torques from controller: [0.0, 0.0, 0.0, 0.0, 0.0, 0.0, 0.0]
INFO:root:Measured link-side joint torques: [-0.3314, -35.6224, 0.7414, 9.6728, 0.6996, 1.8658, 0.3746]
INFO:root:Last commanded torques from controller: [0.0, 0.0, 0.0, 0.0, 0.0, 0.0, 0.0]
INFO:root:Measured link-side joint torques: [-0.3552, -35.5946, 0.7414, 9.7204, 0.6996, 1.8722, 0.381]
INFO:root:Last commanded torques from controller: [0.0, 0.0, 0.0, 0.0, 0.0, 0.0, 0.0]
INFO:root:Measured link-side joint torques: [-0.3552, -35.6224, 0.7652, 9.7482, 0.6932, 1.8786, 0.4286]
INFO:root:Last commanded torques from controller: [0.0, 0.0, 0.0, 0.0, 0.0, 0.0, 0.0]
INFO:root:Measured link-side joint torques: [-0.4068, -35.5946, 0.7414, 9.6728, 0.6932, 1.8658, 0.3609]
INFO:root:Last commanded torques from controller: [0.0, 0.0, 0.0, 0.0, 0.0, 0.0, 0.0]
INFO:root:Measured link-side joint torques: [-0.3552, -35.5946, 0.7414, 9.6728, 0.7133, 1.8786, 0.4085]
INFO:root:Last commanded torques from controller: [0.0, 0.0, 0.0, 0.0, 0.0, 0.0, 0.0]
INFO:root:Measured link-side joint torques: [-0.3552, -35.5946, 0.7414, 9.6728, 0.7133, 1.8786, 0.4085]
INFO:root:Last commanded torques from controller: [0.0, 0.0, 0.0, 0.0, 0.0, 0.0, 0.0]
INFO:root:Measured link-side joint torques: [-0.379, -35.5946, 0.7414, 9.7204, 0.7198, 1.8658, 0.4488]
INFO:root:Last commanded torques from controller: [0.0, 0.0, 0.0, 0.0, 0.0, 0.0, 0.0]
INFO:root:Measured link-side joint torques: [-0.379, -35.6462, 0.7414, 9.772, 0.6932, 1.8585, 0.3471]
INFO:root:Last commanded torques from controller: [0.0, 0.0, 0.0, 0.0, 0.0, 0.0, 0.0]
INFO:root:Measured link-side joint torques: [-0.3037, -35.6462, 0.6938, 9.7204, 0.6996, 1.8457, 0.3874]
INFO:root:Last commanded torques from controller: [0.0, 0.0, 0.0, 0.0, 0.0, 0.0, 0.0]
INFO:root:Measured link-side joint torques: [-0.3552, -35.6462, 0.6699, 9.7204, 0.7133, 1.8585, 0.3334]
INFO:root:Last commanded torques from controller: [0.0, 0.0, 0.0, 0.0, 0.0, 0.0, 0.0]
INFO:root:Measured link-side joint torques: [-0.3552, -35.6462, 0.6699, 9.7204, 0.7133, 1.8585, 0.3334]
INFO:root:Last commanded torques from controller: [0.0, 0.0, 0.0, 0.0, 0.0, 0.0, 0.0]
INFO:root:Measured link-side joint torques: [-0.3552, -35.6224, 0.7176, 9.7204, 0.6996, 1.8859, 0.3673]
INFO:root:Last commanded torques from controller: [0.0, 0.0, 0.0, 0.0, 0.0, 0.0, 0.0]
INFO:root:Measured link-side joint torques: [-0.3037, -35.6224, 0.7176, 9.6966, 0.6996, 1.8722, 0.4222]
INFO:root:Last commanded torques from controller: [0.0, 0.0, 0.0, 0.0, 0.0, 0.0, 0.0]
INFO:root:Measured link-side joint torques: [-0.3314, -35.6462, 0.7176, 9.7204, 0.6932, 1.8521, 0.435]
INFO:root:Last commanded torques from controller: [0.0, 0.0, 0.0, 0.0, 0.0, 0.0, 0.0]
INFO:root:Measured link-side joint torques: [-0.379, -35.6224, 0.6938, 9.7204, 0.706, 1.8521, 0.4222]
INFO:root:Last commanded torques from controller: [0.0, 0.0, 0.0, 0.0, 0.0, 0.0, 0.0]
INFO:root:Measured link-side joint torques: [-0.379, -35.6224, 0.6938, 9.7204, 0.706, 1.8521, 0.4222]
INFO:root:Last commanded torques from controller: [0.0, 0.0, 0.0, 0.0, 0.0, 0.0, 0.0]
INFO:root:Measured link-side joint torques: [-0.379, -35.5708, 0.7176, 9.6966, 0.7198, 1.8658, 0.3535]
INFO:root:Last commanded torques from controller: [0.0, 0.0, 0.0, 0.0, 0.0, 0.0, 0.0]
INFO:root:Measured link-side joint torques: [-0.4068, -35.5946, 0.7176, 9.6728, 0.706, 1.8585, 0.3609]
INFO:root:Last commanded torques from controller: [0.0, 0.0, 0.0, 0.0, 0.0, 0.0, 0.0]
INFO:root:Measured link-side joint torques: [-0.379, -35.6224, 0.7176, 9.649, 0.706, 1.8521, 0.3609]
INFO:root:Last commanded torques from controller: [0.0, 0.0, 0.0, 0.0, 0.0, 0.0, 0.0]
INFO:root:Measured link-side joint torques: [-0.4068, -35.547, 0.6938, 9.7204, 0.6868, 1.8722, 0.3673]
INFO:root:Last commanded torques from controller: [0.0, 0.0, 0.0, 0.0, 0.0, 0.0, 0.0]
INFO:root:Measured link-side joint torques: [-0.4068, -35.547, 0.6938, 9.7204, 0.6868, 1.8722, 0.3673]
INFO:root:Last commanded torques from controller: [0.0, 0.0, 0.0, 0.0, 0.0, 0.0, 0.0]
INFO:root:Measured link-side joint torques: [-0.379, -35.5193, 0.6422, 9.6966, 0.706, 1.8658, 0.4222]
INFO:root:Last commanded torques from controller: [0.0, 0.0, 0.0, 0.0, 0.0, 0.0, 0.0]
INFO:root:Measured link-side joint torques: [-0.379, -35.547, 0.7176, 9.6252, 0.6932, 1.8859, 0.3673]
INFO:root:Last commanded torques from controller: [0.0, 0.0, 0.0, 0.0, 0.0, 0.0, 0.0]
INFO:root:Measured link-side joint torques: [-0.379, -35.5193, 0.7176, 9.6966, 0.706, 1.8658, 0.381]
INFO:root:Last commanded torques from controller: [0.0, 0.0, 0.0, 0.0, 0.0, 0.0, 0.0]
INFO:root:Measured link-side joint torques: [-0.379, -35.547, 0.7176, 9.6728, 0.706, 1.8585, 0.3407]
INFO:root:Last commanded torques from controller: [0.0, 0.0, 0.0, 0.0, 0.0, 0.0, 0.0]
INFO:root:Measured link-side joint torques: [-0.379, -35.547, 0.7176, 9.6728, 0.706, 1.8585, 0.3407]
INFO:root:Last commanded torques from controller: [0.0, 0.0, 0.0, 0.0, 0.0, 0.0, 0.0]
INFO:root:Measured link-side joint torques: [-0.3037, -35.547, 0.6938, 9.6728, 0.6996, 1.8457, 0.3673]
INFO:root:Last commanded torques from controller: [0.0, 0.0, 0.0, 0.0, 0.0, 0.0, 0.0]
INFO:root:Measured link-side joint torques: [-0.379, -35.5708, 0.7414, 9.6966, 0.706, 1.8383, 0.3874]
INFO:root:Last commanded torques from controller: [0.0, 0.0, 0.0, 0.0, 0.0, 0.0, 0.0]
INFO:root:Measured link-side joint torques: [-0.3552, -35.5193, 0.6938, 9.6966, 0.6996, 1.8658, 0.435]
INFO:root:Last commanded torques from controller: [0.0, 0.0, 0.0, 0.0, 0.0, 0.0, 0.0]
INFO:root:Measured link-side joint torques: [-0.379, -35.547, 0.7176, 9.649, 0.6996, 1.8658, 0.4011]
INFO:root:Last commanded torques from controller: [0.0, 0.0, 0.0, 0.0, 0.0, 0.0, 0.0]
INFO:root:Measured link-side joint torques: [-0.379, -35.547, 0.7176, 9.649, 0.6996, 1.8658, 0.4011]
INFO:root:Last commanded torques from controller: [0.0, 0.0, 0.0, 0.0, 0.0, 0.0, 0.0]
INFO:root:Measured link-side joint torques: [-0.379, -35.547, 0.7176, 9.649, 0.6996, 1.8859, 0.3407]
INFO:root:Last commanded torques from controller: [0.0, 0.0, 0.0, 0.0, 0.0, 0.0, 0.0]
INFO:root:Measured link-side joint torques: [-0.3314, -35.4954, 0.7414, 9.649, 0.6868, 1.8521, 0.3407]
INFO:root:Last commanded torques from controller: [0.0, 0.0, 0.0, 0.0, 0.0, 0.0, 0.0]
INFO:root:Measured link-side joint torques: [-0.379, -35.547, 0.7176, 9.649, 0.706, 1.8457, 0.381]
INFO:root:Last commanded torques from controller: [0.0, 0.0, 0.0, 0.0, 0.0, 0.0, 0.0]
INFO:root:Measured link-side joint torques: [-0.3037, -35.547, 0.7414, 9.6252, 0.6932, 1.8457, 0.3334]
INFO:root:Last commanded torques from controller: [0.0, 0.0, 0.0, 0.0, 0.0, 0.0, 0.0]
INFO:root:Measured link-side joint torques: [-0.3037, -35.547, 0.7414, 9.6252, 0.6932, 1.8457, 0.3334]
INFO:root:Last commanded torques from controller: [0.0, 0.0, 0.0, 0.0, 0.0, 0.0, 0.0]
INFO:root:Measured link-side joint torques: [-0.3552, -35.547, 0.7414, 9.5498, 0.706, 1.8521, 0.381]
INFO:root:Last commanded torques from controller: [0.0, 0.0, 0.0, 0.0, 0.0, 0.0, 0.0]
INFO:root:Measured link-side joint torques: [-0.3552, -35.4954, 0.7652, 9.526, 0.6996, 1.8585, 0.4149]
INFO:root:Last commanded torques from controller: [0.0, 0.0, 0.0, 0.0, 0.0, 0.0, 0.0]
INFO:root:Measured link-side joint torques: [-0.3037, -35.4954, 0.6938, 9.5736, 0.7133, 1.8585, 0.4286]
INFO:root:Last commanded torques from controller: [0.0, 0.0, 0.0, 0.0, 0.0, 0.0, 0.0]
INFO:root:Measured link-side joint torques: [-0.3314, -35.5193, 0.6938, 9.5736, 0.6996, 1.8521, 0.3535]
INFO:root:Last commanded torques from controller: [0.0, 0.0, 0.0, 0.0, 0.0, 0.0, 0.0]
INFO:root:Measured link-side joint torques: [-0.3314, -35.5193, 0.6938, 9.5736, 0.6996, 1.8521, 0.3535]
INFO:root:Last commanded torques from controller: [0.0, 0.0, 0.0, 0.0, 0.0, 0.0, 0.0]
INFO:root:Measured link-side joint torques: [-0.3314, -35.547, 0.7414, 9.526, 0.6868, 1.8658, 0.381]
INFO:root:Last commanded torques from controller: [0.0, 0.0, 0.0, 0.0, 0.0, 0.0, 0.0]
INFO:root:Measured link-side joint torques: [-0.3037, -35.4954, 0.6938, 9.4744, 0.6932, 1.8585, 0.4488]
INFO:root:Last commanded torques from controller: [0.0, 0.0, 0.0, 0.0, 0.0, 0.0, 0.0]
INFO:root:Measured link-side joint torques: [-0.3552, -35.547, 0.7176, 9.5022, 0.6932, 1.8585, 0.3874]
INFO:root:Last commanded torques from controller: [0.0, 0.0, 0.0, 0.0, 0.0, 0.0, 0.0]
INFO:root:Measured link-side joint torques: [-0.3552, -35.4954, 0.7176, 9.526, 0.6932, 1.8182, 0.3947]
INFO:root:Last commanded torques from controller: [0.0, 0.0, 0.0, 0.0, 0.0, 0.0, 0.0]
INFO:root:Measured link-side joint torques: [-0.3552, -35.4954, 0.7176, 9.526, 0.6932, 1.8182, 0.3947]
INFO:root:Last commanded torques from controller: [0.0, 0.0, 0.0, 0.0, 0.0, 0.0, 0.0]
INFO:root:Measured link-side joint torques: [-0.3552, -35.4954, 0.7414, 9.5022, 0.6996, 1.8182, 0.435]
INFO:root:Last commanded torques from controller: [0.0, 0.0, 0.0, 0.0, 0.0, 0.0, 0.0]
INFO:root:Measured link-side joint torques: [-0.3314, -35.4716, 0.6938, 9.4744, 0.6932, 1.8722, 0.4286]
INFO:root:Last commanded torques from controller: [0.0, 0.0, 0.0, 0.0, 0.0, 0.0, 0.0]
INFO:root:Measured link-side joint torques: [-0.3314, -35.4716, 0.7176, 9.5022, 0.706, 1.8722, 0.381]
INFO:root:Last commanded torques from controller: [0.0, 0.0, 0.0, 0.0, 0.0, 0.0, 0.0]
INFO:root:Measured link-side joint torques: [-0.379, -35.4716, 0.7176, 9.4744, 0.706, 1.8585, 0.3407]
INFO:root:Last commanded torques from controller: [0.0, 0.0, 0.0, 0.0, 0.0, 0.0, 0.0]
INFO:root:Measured link-side joint torques: [-0.379, -35.4716, 0.7176, 9.4744, 0.706, 1.8585, 0.3407]
INFO:root:Last commanded torques from controller: [0.0, 0.0, 0.0, 0.0, 0.0, 0.0, 0.0]
INFO:root:Measured link-side joint torques: [-0.379, -35.4478, 0.6938, 9.4744, 0.6868, 1.8521, 0.4149]
INFO:root:Last commanded torques from controller: [0.0, 0.0, 0.0, 0.0, 0.0, 0.0, 0.0]
INFO:root:Measured link-side joint torques: [-0.3314, -35.4201, 0.7176, 9.5022, 0.6996, 1.8521, 0.4085]
INFO:root:Last commanded torques from controller: [0.0, 0.0, 0.0, 0.0, 0.0, 0.0, 0.0]
INFO:root:Measured link-side joint torques: [-0.3552, -35.4201, 0.7414, 9.526, 0.6804, 1.8521, 0.435]
INFO:root:Last commanded torques from controller: [0.0, 0.0, 0.0, 0.0, 0.0, 0.0, 0.0]
INFO:root:Measured link-side joint torques: [-0.3552, -35.4201, 0.6938, 9.4744, 0.6996, 1.8786, 0.3947]
INFO:root:Last commanded torques from controller: [0.0, 0.0, 0.0, 0.0, 0.0, 0.0, 0.0]
INFO:root:Measured link-side joint torques: [-0.3552, -35.4201, 0.6938, 9.4744, 0.6996, 1.8786, 0.3947]
INFO:root:Last commanded torques from controller: [0.0, 0.0, 0.0, 0.0, 0.0, 0.0, 0.0]
INFO:root:Measured link-side joint torques: [-0.3552, -35.4478, 0.7414, 9.5498, 0.6868, 1.8521, 0.381]
INFO:root:Last commanded torques from controller: [0.0, 0.0, 0.0, 0.0, 0.0, 0.0, 0.0]
INFO:root:Measured link-side joint torques: [-0.3552, -35.4478, 0.7176, 9.5974, 0.6996, 1.8383, 0.4488]
INFO:root:Last commanded torques from controller: [0.0, 0.0, 0.0, 0.0, 0.0, 0.0, 0.0]
INFO:root:Measured link-side joint torques: [-0.3552, -35.4716, 0.7652, 9.526, 0.6996, 1.8383, 0.3746]
INFO:root:Last commanded torques from controller: [0.0, 0.0, 0.0, 0.0, 0.0, 0.0, 0.0]
INFO:root:Measured link-side joint torques: [-0.3552, -35.4716, 0.7414, 9.5498, 0.6868, 1.8585, 0.3673]
INFO:root:Last commanded torques from controller: [0.0, 0.0, 0.0, 0.0, 0.0, 0.0, 0.0]
INFO:root:Measured link-side joint torques: [-0.3552, -35.4716, 0.7414, 9.5498, 0.6868, 1.8585, 0.3673]
INFO:root:Last commanded torques from controller: [0.0, 0.0, 0.0, 0.0, 0.0, 0.0, 0.0]
INFO:root:Measured link-side joint torques: [-0.3314, -35.4201, 0.7414, 9.5022, 0.6996, 1.8658, 0.4286]
INFO:root:Last commanded torques from controller: [0.0, 0.0, 0.0, 0.0, 0.0, 0.0, 0.0]
INFO:root:Measured link-side joint torques: [-0.3552, -35.3963, 0.7414, 9.4744, 0.6804, 1.8521, 0.3947]
INFO:root:Last commanded torques from controller: [0.0, 0.0, 0.0, 0.0, 0.0, 0.0, 0.0]
INFO:root:Measured link-side joint torques: [-0.3314, -35.3725, 0.6938, 9.4268, 0.6932, 1.8383, 0.3535]
INFO:root:Last commanded torques from controller: [0.0, 0.0, 0.0, 0.0, 0.0, 0.0, 0.0]
INFO:root:Measured link-side joint torques: [-0.379, -35.3963, 0.6699, 9.4744, 0.6932, 1.8457, 0.3334]
INFO:root:Last commanded torques from controller: [0.0, 0.0, 0.0, 0.0, 0.0, 0.0, 0.0]
INFO:root:Measured link-side joint torques: [-0.379, -35.3963, 0.6699, 9.4744, 0.6932, 1.8457, 0.3334]
INFO:root:Last commanded torques from controller: [0.0, 0.0, 0.0, 0.0, 0.0, 0.0, 0.0]
INFO:root:Measured link-side joint torques: [-0.3552, -35.3963, 0.7176, 9.4506, 0.6996, 1.8658, 0.381]
INFO:root:Last commanded torques from controller: [0.0, 0.0, 0.0, 0.0, 0.0, 0.0, 0.0]
INFO:root:Measured link-side joint torques: [-0.3552, -35.4201, 0.7414, 9.5022, 0.6932, 1.8457, 0.3535]
INFO:root:Last commanded torques from controller: [0.0, 0.0, 0.0, 0.0, 0.0, 0.0, 0.0]
INFO:root:Measured link-side joint torques: [-0.3552, -35.4201, 0.7414, 9.4506, 0.6932, 1.8255, 0.4222]
INFO:root:Last commanded torques from controller: [0.0, 0.0, 0.0, 0.0, 0.0, 0.0, 0.0]
INFO:root:Measured link-side joint torques: [-0.3314, -35.3725, 0.7176, 9.5498, 0.6868, 1.8319, 0.4423]
INFO:root:Last commanded torques from controller: [0.0, 0.0, 0.0, 0.0, 0.0, 0.0, 0.0]
INFO:root:Measured link-side joint torques: [-0.3314, -35.3725, 0.7176, 9.5498, 0.6868, 1.8319, 0.4423]
INFO:root:Last commanded torques from controller: [0.0, 0.0, 0.0, 0.0, 0.0, 0.0, 0.0]
INFO:root:Measured link-side joint torques: [-0.3552, -35.3447, 0.7652, 9.4506, 0.7133, 1.8521, 0.4286]
INFO:root:Last commanded torques from controller: [0.0, 0.0, 0.0, 0.0, 0.0, 0.0, 0.0]
INFO:root:Measured link-side joint torques: [-0.3314, -35.3963, 0.7414, 9.4506, 0.6932, 1.8658, 0.3535]
INFO:root:Last commanded torques from controller: [0.0, 0.0, 0.0, 0.0, 0.0, 0.0, 0.0]
INFO:root:Measured link-side joint torques: [-0.379, -35.3725, 0.7176, 9.5022, 0.6996, 1.8585, 0.4011]
INFO:root:Last commanded torques from controller: [0.0, 0.0, 0.0, 0.0, 0.0, 0.0, 0.0]
INFO:root:Measured link-side joint torques: [-0.3552, -35.3447, 0.6938, 9.4744, 0.6868, 1.8585, 0.3334]
INFO:root:Last commanded torques from controller: [0.0, 0.0, 0.0, 0.0, 0.0, 0.0, 0.0]
INFO:root:Measured link-side joint torques: [-0.3552, -35.3447, 0.6938, 9.4744, 0.6868, 1.8585, 0.3334]
INFO:root:Last commanded torques from controller: [0.0, 0.0, 0.0, 0.0, 0.0, 0.0, 0.0]
INFO:root:Measured link-side joint torques: [-0.3552, -35.2971, 0.7176, 9.4744, 0.6996, 1.8585, 0.4085]
INFO:root:Last commanded torques from controller: [0.0, 0.0, 0.0, 0.0, 0.0, 0.0, 0.0]
INFO:root:Measured link-side joint torques: [-0.3552, -35.3209, 0.6699, 9.4268, 0.6996, 1.8786, 0.4222]
INFO:root:Last commanded torques from controller: [0.0, 0.0, 0.0, 0.0, 0.0, 0.0, 0.0]
INFO:root:Measured link-side joint torques: [-0.379, -35.3209, 0.7414, 9.4268, 0.6996, 1.8722, 0.4561]
INFO:root:Last commanded torques from controller: [0.0, 0.0, 0.0, 0.0, 0.0, 0.0, 0.0]
INFO:root:Measured link-side joint torques: [-0.3552, -35.2971, 0.6938, 9.4744, 0.6932, 1.8521, 0.4561]
INFO:root:Last commanded torques from controller: [0.0, 0.0, 0.0, 0.0, 0.0, 0.0, 0.0]
INFO:root:Measured link-side joint torques: [-0.3552, -35.2971, 0.6938, 9.4744, 0.6932, 1.8521, 0.4561]
INFO:root:Last commanded torques from controller: [0.0, 0.0, 0.0, 0.0, 0.0, 0.0, 0.0]
INFO:root:Measured link-side joint torques: [-0.379, -35.2971, 0.6938, 9.4506, 0.6996, 1.8521, 0.381]
INFO:root:Last commanded torques from controller: [0.0, 0.0, 0.0, 0.0, 0.0, 0.0, 0.0]
INFO:root:Measured link-side joint torques: [-0.3037, -35.2733, 0.6699, 9.403, 0.6996, 1.8521, 0.435]
INFO:root:Last commanded torques from controller: [0.0, 0.0, 0.0, 0.0, 0.0, 0.0, 0.0]
INFO:root:Measured link-side joint torques: [-0.379, -35.2733, 0.7176, 9.3792, 0.6868, 1.8521, 0.3673]
INFO:root:Last commanded torques from controller: [0.0, 0.0, 0.0, 0.0, 0.0, 0.0, 0.0]
INFO:root:Measured link-side joint torques: [-0.3552, -35.2971, 0.7414, 9.403, 0.6932, 1.8521, 0.3673]
INFO:root:Last commanded torques from controller: [0.0, 0.0, 0.0, 0.0, 0.0, 0.0, 0.0]
INFO:root:Measured link-side joint torques: [-0.3552, -35.2971, 0.7414, 9.403, 0.6932, 1.8521, 0.3673]
INFO:root:Last commanded torques from controller: [0.0, 0.0, 0.0, 0.0, 0.0, 0.0, 0.0]
INFO:root:Measured link-side joint torques: [-0.3314, -35.2733, 0.7414, 9.5022, 0.6996, 1.8722, 0.4488]
INFO:root:Last commanded torques from controller: [0.0, 0.0, 0.0, 0.0, 0.0, 0.0, 0.0]
INFO:root:Measured link-side joint torques: [-0.3314, -35.2971, 0.7414, 9.4506, 0.706, 1.8786, 0.4085]
INFO:root:Last commanded torques from controller: [0.0, 0.0, 0.0, 0.0, 0.0, 0.0, 0.0]
INFO:root:Measured link-side joint torques: [-0.3314, -35.2733, 0.7176, 9.4506, 0.6932, 1.8786, 0.4085]
INFO:root:Last commanded torques from controller: [0.0, 0.0, 0.0, 0.0, 0.0, 0.0, 0.0]
INFO:root:Measured link-side joint torques: [-0.3314, -35.2971, 0.7414, 9.4744, 0.6804, 1.8722, 0.3535]
INFO:root:Last commanded torques from controller: [0.0, 0.0, 0.0, 0.0, 0.0, 0.0, 0.0]
INFO:root:Measured link-side joint torques: [-0.3314, -35.2971, 0.7414, 9.4744, 0.6804, 1.8722, 0.3535]
INFO:root:Last commanded torques from controller: [0.0, 0.0, 0.0, 0.0, 0.0, 0.0, 0.0]
INFO:root:Measured link-side joint torques: [-0.3314, -35.2971, 0.7176, 9.5022, 0.6868, 1.8786, 0.381]
INFO:root:Last commanded torques from controller: [0.0, 0.0, 0.0, 0.0, 0.0, 0.0, 0.0]
INFO:root:Measured link-side joint torques: [-0.3552, -35.3209, 0.7414, 9.403, 0.6868, 1.8585, 0.4561]
INFO:root:Last commanded torques from controller: [0.0, 0.0, 0.0, 0.0, 0.0, 0.0, 0.0]
INFO:root:Measured link-side joint torques: [-0.3552, -35.2455, 0.7176, 9.4744, 0.6868, 1.8722, 0.3947]
INFO:root:Last commanded torques from controller: [0.0, 0.0, 0.0, 0.0, 0.0, 0.0, 0.0]
INFO:root:Measured link-side joint torques: [-0.3552, -35.2971, 0.6699, 9.4744, 0.6804, 1.8658, 0.4222]
INFO:root:Last commanded torques from controller: [0.0, 0.0, 0.0, 0.0, 0.0, 0.0, 0.0]
INFO:root:Measured link-side joint torques: [-0.3552, -35.2971, 0.6699, 9.4744, 0.6804, 1.8658, 0.4222]
INFO:root:Last commanded torques from controller: [0.0, 0.0, 0.0, 0.0, 0.0, 0.0, 0.0]
INFO:root:Measured link-side joint torques: [-0.3552, -35.2733, 0.6699, 9.4268, 0.6996, 1.8585, 0.4488]
INFO:root:Last commanded torques from controller: [0.0, 0.0, 0.0, 0.0, 0.0, 0.0, 0.0]
INFO:root:Measured link-side joint torques: [-0.3552, -35.2971, 0.6938, 9.4506, 0.6932, 1.8786, 0.3673]
INFO:root:Last commanded torques from controller: [0.0, 0.0, 0.0, 0.0, 0.0, 0.0, 0.0]
INFO:root:Measured link-side joint torques: [-0.3314, -35.3447, 0.7176, 9.5022, 0.6932, 1.8722, 0.381]
INFO:root:Last commanded torques from controller: [0.0, 0.0, 0.0, 0.0, 0.0, 0.0, 0.0]
INFO:root:Measured link-side joint torques: [-0.3552, -35.2971, 0.6699, 9.403, 0.6932, 1.8859, 0.4011]
INFO:root:Last commanded torques from controller: [0.0, 0.0, 0.0, 0.0, 0.0, 0.0, 0.0]
INFO:root:Measured link-side joint torques: [-0.3552, -35.2971, 0.6699, 9.403, 0.6932, 1.8859, 0.4011]
INFO:root:Last commanded torques from controller: [0.0, 0.0, 0.0, 0.0, 0.0, 0.0, 0.0]
INFO:root:Measured link-side joint torques: [-0.379, -35.3447, 0.7414, 9.4268, 0.6868, 1.8923, 0.3947]
INFO:root:Last commanded torques from controller: [0.0, 0.0, 0.0, 0.0, 0.0, 0.0, 0.0]
INFO:root:Measured link-side joint torques: [-0.3552, -35.2733, 0.7652, 9.4506, 0.6804, 1.8859, 0.3874]
INFO:root:Last commanded torques from controller: [0.0, 0.0, 0.0, 0.0, 0.0, 0.0, 0.0]
INFO:root:Measured link-side joint torques: [-0.3037, -35.2733, 0.7414, 9.4506, 0.6731, 1.8859, 0.4222]
INFO:root:Last commanded torques from controller: [0.0, 0.0, 0.0, 0.0, 0.0, 0.0, 0.0]
INFO:root:Measured link-side joint torques: [-0.3314, -35.2455, 0.7652, 9.4506, 0.6996, 1.8722, 0.4423]
INFO:root:Last commanded torques from controller: [0.0, 0.0, 0.0, 0.0, 0.0, 0.0, 0.0]
INFO:root:Measured link-side joint torques: [-0.3314, -35.2455, 0.7652, 9.4506, 0.6996, 1.8722, 0.4423]
INFO:root:Last commanded torques from controller: [0.0, 0.0, 0.0, 0.0, 0.0, 0.0, 0.0]
INFO:root:Measured link-side joint torques: [-0.3314, -35.2733, 0.7652, 9.4744, 0.6868, 1.8722, 0.3673]
INFO:root:Last commanded torques from controller: [0.0, 0.0, 0.0, 0.0, 0.0, 0.0, 0.0]
INFO:root:Measured link-side joint torques: [-0.3552, -35.2971, 0.7414, 9.4268, 0.6932, 1.8658, 0.4085]
INFO:root:Last commanded torques from controller: [0.0, 0.0, 0.0, 0.0, 0.0, 0.0, 0.0]
INFO:root:Measured link-side joint torques: [-0.2799, -35.2971, 0.7652, 9.4506, 0.6932, 1.8658, 0.3609]
INFO:root:Last commanded torques from controller: [0.0, 0.0, 0.0, 0.0, 0.0, 0.0, 0.0]
INFO:root:Measured link-side joint torques: [-0.3552, -35.2733, 0.7414, 9.4506, 0.6868, 1.8658, 0.3874]
INFO:root:Last commanded torques from controller: [0.0, 0.0, 0.0, 0.0, 0.0, 0.0, 0.0]
INFO:root:Measured link-side joint torques: [-0.3552, -35.2733, 0.7414, 9.4506, 0.6868, 1.8658, 0.3874]
INFO:root:Last commanded torques from controller: [0.0, 0.0, 0.0, 0.0, 0.0, 0.0, 0.0]
INFO:root:Measured link-side joint torques: [-0.3314, -35.2971, 0.7652, 9.3514, 0.6932, 1.8859, 0.3947]
INFO:root:Last commanded torques from controller: [0.0, 0.0, 0.0, 0.0, 0.0, 0.0, 0.0]
INFO:root:Measured link-side joint torques: [-0.3552, -35.2971, 0.7652, 9.3792, 0.6996, 1.8859, 0.4222]
INFO:root:Last commanded torques from controller: [0.0, 0.0, 0.0, 0.0, 0.0, 0.0, 0.0]
INFO:root:Measured link-side joint torques: [-0.3552, -35.2733, 0.7414, 9.3514, 0.6996, 1.8786, 0.4085]
INFO:root:Last commanded torques from controller: [0.0, 0.0, 0.0, 0.0, 0.0, 0.0, 0.0]
INFO:root:Measured link-side joint torques: [-0.3314, -35.2217, 0.7176, 9.3276, 0.6804, 1.8722, 0.4085]
INFO:root:Last commanded torques from controller: [0.0, 0.0, 0.0, 0.0, 0.0, 0.0, 0.0]
INFO:root:Measured link-side joint torques: [-0.3314, -35.2217, 0.7176, 9.3276, 0.6804, 1.8722, 0.4085]
INFO:root:Last commanded torques from controller: [0.0, 0.0, 0.0, 0.0, 0.0, 0.0, 0.0]
INFO:root:Measured link-side joint torques: [-0.3314, -35.2971, 0.7176, 9.3514, 0.6804, 1.8585, 0.4085]
INFO:root:Last commanded torques from controller: [0.0, 0.0, 0.0, 0.0, 0.0, 0.0, 0.0]
INFO:root:Measured link-side joint torques: [-0.3037, -35.2733, 0.7176, 9.3514, 0.6932, 1.8722, 0.4011]
INFO:root:Last commanded torques from controller: [0.0, 0.0, 0.0, 0.0, 0.0, 0.0, 0.0]
INFO:root:Measured link-side joint torques: [-0.3314, -35.3209, 0.7176, 9.3514, 0.6932, 1.8722, 0.3673]
INFO:root:Last commanded torques from controller: [0.0, 0.0, 0.0, 0.0, 0.0, 0.0, 0.0]
INFO:root:Measured link-side joint torques: [-0.379, -35.2733, 0.7176, 9.403, 0.6932, 1.8722, 0.4149]
INFO:root:Last commanded torques from controller: [0.0, 0.0, 0.0, 0.0, 0.0, 0.0, 0.0]
INFO:root:Measured link-side joint torques: [-0.379, -35.2733, 0.7176, 9.403, 0.6932, 1.8722, 0.4149]
INFO:root:Last commanded torques from controller: [0.0, 0.0, 0.0, 0.0, 0.0, 0.0, 0.0]
INFO:root:Measured link-side joint torques: [-0.3314, -35.2971, 0.7414, 9.4268, 0.6932, 1.8786, 0.4149]
INFO:root:Last commanded torques from controller: [0.0, 0.0, 0.0, 0.0, 0.0, 0.0, 0.0]
INFO:root:Measured link-side joint torques: [-0.3314, -35.2455, 0.7176, 9.4268, 0.6932, 1.8658, 0.3471]
INFO:root:Last commanded torques from controller: [0.0, 0.0, 0.0, 0.0, 0.0, 0.0, 0.0]
INFO:root:Measured link-side joint torques: [-0.3552, -35.3209, 0.7176, 9.3792, 0.6868, 1.8585, 0.381]
INFO:root:Last commanded torques from controller: [0.0, 0.0, 0.0, 0.0, 0.0, 0.0, 0.0]
INFO:root:Measured link-side joint torques: [-0.3037, -35.3447, 0.7176, 9.4268, 0.6996, 1.8521, 0.3673]
INFO:root:Last commanded torques from controller: [0.0, 0.0, 0.0, 0.0, 0.0, 0.0, 0.0]
INFO:root:Measured link-side joint torques: [-0.3037, -35.3447, 0.7176, 9.4268, 0.6996, 1.8521, 0.3673]
INFO:root:Last commanded torques from controller: [0.0, 0.0, 0.0, 0.0, 0.0, 0.0, 0.0]
INFO:root:Measured link-side joint torques: [-0.379, -35.4201, 0.7414, 9.4268, 0.6868, 1.8585, 0.3535]
INFO:root:Last commanded torques from controller: [0.0, 0.0, 0.0, 0.0, 0.0, 0.0, 0.0]
INFO:root:Measured link-side joint torques: [-0.2799, -35.3963, 0.7414, 9.4268, 0.6868, 1.8658, 0.4085]
INFO:root:Last commanded torques from controller: [0.0, 0.0, 0.0, 0.0, 0.0, 0.0, 0.0]
INFO:root:Measured link-side joint torques: [-0.3037, -35.3447, 0.7652, 9.4268, 0.6868, 1.8722, 0.3874]
INFO:root:Last commanded torques from controller: [0.0, 0.0, 0.0, 0.0, 0.0, 0.0, 0.0]
INFO:root:Measured link-side joint torques: [-0.3314, -35.3209, 0.7929, 9.4268, 0.6868, 1.8786, 0.4222]
INFO:root:Last commanded torques from controller: [0.0, 0.0, 0.0, 0.0, 0.0, 0.0, 0.0]
INFO:root:Measured link-side joint torques: [-0.3314, -35.3209, 0.7929, 9.4268, 0.6868, 1.8786, 0.4222]
INFO:root:Last commanded torques from controller: [0.0, 0.0, 0.0, 0.0, 0.0, 0.0, 0.0]
INFO:root:Measured link-side joint torques: [-0.3552, -35.2971, 0.7176, 9.4268, 0.6868, 1.8722, 0.381]
INFO:root:Last commanded torques from controller: [0.0, 0.0, 0.0, 0.0, 0.0, 0.0, 0.0]
INFO:root:Measured link-side joint torques: [-0.3037, -35.2971, 0.7652, 9.4268, 0.6868, 1.8521, 0.3407]
INFO:root:Last commanded torques from controller: [0.0, 0.0, 0.0, 0.0, 0.0, 0.0, 0.0]
INFO:root:Measured link-side joint torques: [-0.3037, -35.3209, 0.7929, 9.403, 0.6996, 1.8383, 0.3407]
INFO:root:Last commanded torques from controller: [0.0, 0.0, 0.0, 0.0, 0.0, 0.0, 0.0]
INFO:root:Measured link-side joint torques: [-0.3552, -35.2971, 0.7652, 9.3792, 0.6868, 1.8457, 0.3874]
INFO:root:Last commanded torques from controller: [0.0, 0.0, 0.0, 0.0, 0.0, 0.0, 0.0]
INFO:root:Measured link-side joint torques: [-0.3552, -35.2971, 0.7652, 9.3792, 0.6868, 1.8457, 0.3874]
INFO:root:Last commanded torques from controller: [0.0, 0.0, 0.0, 0.0, 0.0, 0.0, 0.0]
INFO:root:Measured link-side joint torques: [-0.3037, -35.3725, 0.6938, 9.403, 0.6868, 1.8658, 0.4488]
INFO:root:Last commanded torques from controller: [0.0, 0.0, 0.0, 0.0, 0.0, 0.0, 0.0]
INFO:root:Measured link-side joint torques: [-0.3552, -35.2733, 0.7652, 9.4268, 0.6868, 1.8658, 0.4222]
INFO:root:Last commanded torques from controller: [0.0, 0.0, 0.0, 0.0, 0.0, 0.0, 0.0]
INFO:root:Measured link-side joint torques: [-0.3037, -35.3447, 0.7929, 9.403, 0.6996, 1.8722, 0.4011]
INFO:root:Last commanded torques from controller: [0.0, 0.0, 0.0, 0.0, 0.0, 0.0, 0.0]
INFO:root:Measured link-side joint torques: [-0.3314, -35.3209, 0.7414, 9.3276, 0.6932, 1.8658, 0.3874]
INFO:root:Last commanded torques from controller: [0.0, 0.0, 0.0, 0.0, 0.0, 0.0, 0.0]
INFO:root:Measured link-side joint torques: [-0.3314, -35.3209, 0.7414, 9.3276, 0.6932, 1.8658, 0.3874]
INFO:root:Last commanded torques from controller: [0.0, 0.0, 0.0, 0.0, 0.0, 0.0, 0.0]
INFO:root:Measured link-side joint torques: [-0.3037, -35.3447, 0.7414, 9.3792, 0.6932, 1.8722, 0.381]
INFO:root:Last commanded torques from controller: [0.0, 0.0, 0.0, 0.0, 0.0, 0.0, 0.0]
INFO:root:Measured link-side joint torques: [-0.3314, -35.3447, 0.7652, 9.403, 0.6731, 1.8658, 0.381]
INFO:root:Last commanded torques from controller: [0.0, 0.0, 0.0, 0.0, 0.0, 0.0, 0.0]
INFO:root:Measured link-side joint torques: [-0.3552, -35.3209, 0.6938, 9.4268, 0.6932, 1.8658, 0.3407]
INFO:root:Last commanded torques from controller: [0.0, 0.0, 0.0, 0.0, 0.0, 0.0, 0.0]
INFO:root:Measured link-side joint torques: [-0.3037, -35.3963, 0.7929, 9.3792, 0.6804, 1.8658, 0.4222]
INFO:root:Last commanded torques from controller: [0.0, 0.0, 0.0, 0.0, 0.0, 0.0, 0.0]
INFO:root:Measured link-side joint torques: [-0.3037, -35.3963, 0.7929, 9.3792, 0.6804, 1.8658, 0.4222]
INFO:root:Last commanded torques from controller: [0.0, 0.0, 0.0, 0.0, 0.0, 0.0, 0.0]
INFO:root:Measured link-side joint torques: [-0.3314, -35.3725, 0.7176, 9.4268, 0.6996, 1.8722, 0.4222]
INFO:root:Last commanded torques from controller: [0.0, 0.0, 0.0, 0.0, 0.0, 0.0, 0.0]
INFO:root:Measured link-side joint torques: [-0.3552, -35.3447, 0.7176, 9.403, 0.6804, 1.8786, 0.327]
INFO:root:Last commanded torques from controller: [0.0, 0.0, 0.0, 0.0, 0.0, 0.0, 0.0]
INFO:root:Measured link-side joint torques: [-0.3552, -35.3963, 0.7414, 9.4268, 0.6932, 1.8786, 0.3947]
INFO:root:Last commanded torques from controller: [0.0, 0.0, 0.0, 0.0, 0.0, 0.0, 0.0]
INFO:root:Measured link-side joint torques: [-0.3314, -35.3963, 0.7176, 9.403, 0.6868, 1.8521, 0.381]
INFO:root:Last commanded torques from controller: [0.0, 0.0, 0.0, 0.0, 0.0, 0.0, 0.0]
INFO:root:Measured link-side joint torques: [-0.3314, -35.3963, 0.7176, 9.403, 0.6868, 1.8521, 0.381]
INFO:root:Last commanded torques from controller: [0.0, 0.0, 0.0, 0.0, 0.0, 0.0, 0.0]
INFO:root:Measured link-side joint torques: [-0.3314, -35.4954, 0.7176, 9.403, 0.6868, 1.8722, 0.3197]
INFO:root:Last commanded torques from controller: [0.0, 0.0, 0.0, 0.0, 0.0, 0.0, 0.0]
INFO:root:Measured link-side joint torques: [-0.3552, -35.4478, 0.7414, 9.4268, 0.6868, 1.8859, 0.435]
INFO:root:Last commanded torques from controller: [0.0, 0.0, 0.0, 0.0, 0.0, 0.0, 0.0]
INFO:root:Measured link-side joint torques: [-0.3552, -35.4478, 0.6938, 9.403, 0.6996, 1.8988, 0.381]
INFO:root:Last commanded torques from controller: [0.0, 0.0, 0.0, 0.0, 0.0, 0.0, 0.0]
INFO:root:Measured link-side joint torques: [-0.3314, -35.4954, 0.7414, 9.4744, 0.706, 1.8859, 0.4561]
INFO:root:Last commanded torques from controller: [0.0, 0.0, 0.0, 0.0, 0.0, 0.0, 0.0]
INFO:root:Measured link-side joint torques: [-0.3314, -35.4954, 0.7414, 9.4744, 0.706, 1.8859, 0.4561]
INFO:root:Last commanded torques from controller: [0.0, 0.0, 0.0, 0.0, 0.0, 0.0, 0.0]
INFO:root:Measured link-side joint torques: [-0.3314, -35.4716, 0.7176, 9.403, 0.6932, 1.8722, 0.3947]
INFO:root:Last commanded torques from controller: [0.0, 0.0, 0.0, 0.0, 0.0, 0.0, 0.0]
INFO:root:Measured link-side joint torques: [-0.3552, -35.4478, 0.6938, 9.526, 0.6932, 1.8722, 0.3535]
INFO:root:Last commanded torques from controller: [0.0, 0.0, 0.0, 0.0, 0.0, 0.0, 0.0]
INFO:root:Measured link-side joint torques: [-0.3552, -35.4201, 0.7414, 9.5022, 0.6996, 1.8722, 0.3535]
INFO:root:Last commanded torques from controller: [0.0, 0.0, 0.0, 0.0, 0.0, 0.0, 0.0]
INFO:root:Measured link-side joint torques: [-0.379, -35.4478, 0.7176, 9.5022, 0.6996, 1.8722, 0.3059]
INFO:root:Last commanded torques from controller: [0.0, 0.0, 0.0, 0.0, 0.0, 0.0, 0.0]
INFO:root:Measured link-side joint torques: [-0.379, -35.4478, 0.7176, 9.5022, 0.6996, 1.8722, 0.3059]
INFO:root:Last commanded torques from controller: [0.0, 0.0, 0.0, 0.0, 0.0, 0.0, 0.0]
INFO:root:Measured link-side joint torques: [-0.379, -35.4201, 0.7176, 9.526, 0.6868, 1.8585, 0.327]
INFO:root:Last commanded torques from controller: [0.0, 0.0, 0.0, 0.0, 0.0, 0.0, 0.0]
INFO:root:Measured link-side joint torques: [-0.3552, -35.4716, 0.6938, 9.5498, 0.6868, 1.8521, 0.435]
INFO:root:Last commanded torques from controller: [0.0, 0.0, 0.0, 0.0, 0.0, 0.0, 0.0]
INFO:root:Measured link-side joint torques: [-0.3552, -35.4954, 0.7414, 9.5498, 0.6868, 1.8457, 0.3947]
INFO:root:Last commanded torques from controller: [0.0, 0.0, 0.0, 0.0, 0.0, 0.0, 0.0]
INFO:root:Measured link-side joint torques: [-0.3552, -35.4716, 0.7414, 9.5498, 0.6868, 1.8722, 0.4488]
INFO:root:Last commanded torques from controller: [0.0, 0.0, 0.0, 0.0, 0.0, 0.0, 0.0]
INFO:root:Measured link-side joint torques: [-0.3552, -35.4716, 0.7414, 9.5498, 0.6868, 1.8722, 0.4488]
INFO:root:Last commanded torques from controller: [0.0, 0.0, 0.0, 0.0, 0.0, 0.0, 0.0]
INFO:root:Measured link-side joint torques: [-0.379, -35.4716, 0.7176, 9.5736, 0.6932, 1.8859, 0.4085]
INFO:root:Last commanded torques from controller: [0.0, 0.0, 0.0, 0.0, 0.0, 0.0, 0.0]
INFO:root:Measured link-side joint torques: [-0.3314, -35.4716, 0.7414, 9.526, 0.7133, 1.8457, 0.3746]
INFO:root:Last commanded torques from controller: [0.0, 0.0, 0.0, 0.0, 0.0, 0.0, 0.0]
INFO:root:Measured link-side joint torques: [-0.379, -35.5193, 0.7652, 9.5498, 0.6996, 1.8383, 0.3334]
INFO:root:Last commanded torques from controller: [0.0, 0.0, 0.0, 0.0, 0.0, 0.0, 0.0]
INFO:root:Measured link-side joint torques: [-0.3037, -35.4716, 0.7414, 9.5022, 0.6996, 1.8521, 0.381]
INFO:root:Last commanded torques from controller: [0.0, 0.0, 0.0, 0.0, 0.0, 0.0, 0.0]
INFO:root:Measured link-side joint torques: [-0.3037, -35.4716, 0.7414, 9.5022, 0.6996, 1.8521, 0.381]
INFO:root:Last commanded torques from controller: [0.0, 0.0, 0.0, 0.0, 0.0, 0.0, 0.0]
INFO:root:Measured link-side joint torques: [-0.3314, -35.4954, 0.7652, 9.5498, 0.6996, 1.8585, 0.435]
INFO:root:Last commanded torques from controller: [0.0, 0.0, 0.0, 0.0, 0.0, 0.0, 0.0]
INFO:root:Measured link-side joint torques: [-0.3314, -35.4954, 0.7176, 9.526, 0.706, 1.8658, 0.4561]
INFO:root:Last commanded torques from controller: [0.0, 0.0, 0.0, 0.0, 0.0, 0.0, 0.0]
INFO:root:Measured link-side joint torques: [-0.3552, -35.4478, 0.7414, 9.5498, 0.706, 1.8722, 0.435]
INFO:root:Last commanded torques from controller: [0.0, 0.0, 0.0, 0.0, 0.0, 0.0, 0.0]
INFO:root:Measured link-side joint torques: [-0.3314, -35.4716, 0.7414, 9.4744, 0.6868, 1.8786, 0.435]
INFO:root:Last commanded torques from controller: [0.0, 0.0, 0.0, 0.0, 0.0, 0.0, 0.0]
INFO:root:Measured link-side joint torques: [-0.3314, -35.4716, 0.7414, 9.4744, 0.6868, 1.8786, 0.435]
INFO:root:Last commanded torques from controller: [0.0, 0.0, 0.0, 0.0, 0.0, 0.0, 0.0]
INFO:root:Measured link-side joint torques: [-0.3552, -35.4954, 0.7414, 9.5022, 0.6932, 1.8585, 0.4488]
INFO:root:Last commanded torques from controller: [0.0, 0.0, 0.0, 0.0, 0.0, 0.0, 0.0]
INFO:root:Measured link-side joint torques: [-0.3314, -35.4716, 0.7414, 9.4506, 0.6932, 1.8521, 0.3535]
INFO:root:Last commanded torques from controller: [0.0, 0.0, 0.0, 0.0, 0.0, 0.0, 0.0]
INFO:root:Measured link-side joint torques: [-0.3037, -35.4954, 0.7414, 9.403, 0.6868, 1.8585, 0.3407]
INFO:root:Last commanded torques from controller: [0.0, 0.0, 0.0, 0.0, 0.0, 0.0, 0.0]
INFO:root:Measured link-side joint torques: [-0.3037, -35.5193, 0.7176, 9.4268, 0.6996, 1.8658, 0.4423]
INFO:root:Last commanded torques from controller: [0.0, 0.0, 0.0, 0.0, 0.0, 0.0, 0.0]
INFO:root:Measured link-side joint torques: [-0.3037, -35.5193, 0.7176, 9.4268, 0.6996, 1.8658, 0.4423]
INFO:root:Last commanded torques from controller: [0.0, 0.0, 0.0, 0.0, 0.0, 0.0, 0.0]
INFO:root:Measured link-side joint torques: [-0.3037, -35.4716, 0.7176, 9.3792, 0.6996, 1.8457, 0.3746]
INFO:root:Last commanded torques from controller: [0.0, 0.0, 0.0, 0.0, 0.0, 0.0, 0.0]
INFO:root:Measured link-side joint torques: [-0.3037, -35.4201, 0.7176, 9.3514, 0.6996, 1.8521, 0.4625]
INFO:root:Last commanded torques from controller: [0.0, 0.0, 0.0, 0.0, 0.0, 0.0, 0.0]
INFO:root:Measured link-side joint torques: [-0.3552, -35.3963, 0.7414, 9.3792, 0.6932, 1.8585, 0.3947]
INFO:root:Last commanded torques from controller: [0.0, 0.0, 0.0, 0.0, 0.0, 0.0, 0.0]
INFO:root:Measured link-side joint torques: [-0.3552, -35.4478, 0.7176, 9.3792, 0.6996, 1.8859, 0.3609]
INFO:root:Last commanded torques from controller: [0.0, 0.0, 0.0, 0.0, 0.0, 0.0, 0.0]
INFO:root:Measured link-side joint torques: [-0.3552, -35.4478, 0.7176, 9.3792, 0.6996, 1.8859, 0.3609]
INFO:root:Last commanded torques from controller: [0.0, 0.0, 0.0, 0.0, 0.0, 0.0, 0.0]
INFO:root:Measured link-side joint torques: [-0.3552, -35.4201, 0.7414, 9.4506, 0.6996, 1.8585, 0.3746]
INFO:root:Last commanded torques from controller: [0.0, 0.0, 0.0, 0.0, 0.0, 0.0, 0.0]
INFO:root:Measured link-side joint torques: [-0.3314, -35.4716, 0.7652, 9.4506, 0.6932, 1.8383, 0.4625]
INFO:root:Last commanded torques from controller: [0.0, 0.0, 0.0, 0.0, 0.0, 0.0, 0.0]
INFO:root:Measured link-side joint torques: [-0.3314, -35.4716, 0.7414, 9.4268, 0.6996, 1.8255, 0.3673]
INFO:root:Last commanded torques from controller: [0.0, 0.0, 0.0, 0.0, 0.0, 0.0, 0.0]
INFO:root:Measured link-side joint torques: [-0.3314, -35.4478, 0.6938, 9.4268, 0.6932, 1.8383, 0.4488]
INFO:root:Last commanded torques from controller: [0.0, 0.0, 0.0, 0.0, 0.0, 0.0, 0.0]
INFO:root:Measured link-side joint torques: [-0.3314, -35.4478, 0.6938, 9.4268, 0.6932, 1.8383, 0.4488]
INFO:root:Last commanded torques from controller: [0.0, 0.0, 0.0, 0.0, 0.0, 0.0, 0.0]
INFO:root:Measured link-side joint torques: [-0.3314, -35.4478, 0.7414, 9.403, 0.6996, 1.8457, 0.4423]
INFO:root:Last commanded torques from controller: [0.0, 0.0, 0.0, 0.0, 0.0, 0.0, 0.0]
INFO:root:Measured link-side joint torques: [-0.3314, -35.4478, 0.7652, 9.4506, 0.6996, 1.8457, 0.3609]
INFO:root:Last commanded torques from controller: [0.0, 0.0, 0.0, 0.0, 0.0, 0.0, 0.0]
INFO:root:Measured link-side joint torques: [-0.3037, -35.4201, 0.7176, 9.4744, 0.6996, 1.8457, 0.4222]
INFO:root:Last commanded torques from controller: [0.0, 0.0, 0.0, 0.0, 0.0, 0.0, 0.0]
INFO:root:Measured link-side joint torques: [-0.3314, -35.5193, 0.7414, 9.4744, 0.7198, 1.8521, 0.3535]
INFO:root:Last commanded torques from controller: [0.0, 0.0, 0.0, 0.0, 0.0, 0.0, 0.0]
INFO:root:Measured link-side joint torques: [-0.3314, -35.5193, 0.7414, 9.4744, 0.7198, 1.8521, 0.3535]
INFO:root:Last commanded torques from controller: [0.0, 0.0, 0.0, 0.0, 0.0, 0.0, 0.0]
INFO:root:Measured link-side joint torques: [-0.3314, -35.4716, 0.7652, 9.4506, 0.6996, 1.8585, 0.3535]
INFO:root:Last commanded torques from controller: [0.0, 0.0, 0.0, 0.0, 0.0, 0.0, 0.0]
INFO:root:Measured link-side joint torques: [-0.3037, -35.4954, 0.7176, 9.4268, 0.6996, 1.8521, 0.435]
INFO:root:Last commanded torques from controller: [0.0, 0.0, 0.0, 0.0, 0.0, 0.0, 0.0]
INFO:root:Measured link-side joint torques: [-0.3552, -35.4954, 0.6938, 9.4506, 0.706, 1.8658, 0.4423]
INFO:root:Last commanded torques from controller: [0.0, 0.0, 0.0, 0.0, 0.0, 0.0, 0.0]
INFO:root:Measured link-side joint torques: [-0.3037, -35.4201, 0.6938, 9.4268, 0.6996, 1.8585, 0.4488]
INFO:root:Last commanded torques from controller: [0.0, 0.0, 0.0, 0.0, 0.0, 0.0, 0.0]
INFO:root:Measured link-side joint torques: [-0.3037, -35.4201, 0.6938, 9.4268, 0.6996, 1.8585, 0.4488]
INFO:root:Last commanded torques from controller: [0.0, 0.0, 0.0, 0.0, 0.0, 0.0, 0.0]
INFO:root:Measured link-side joint torques: [-0.3037, -35.4478, 0.6938, 9.403, 0.6932, 1.8585, 0.3535]
INFO:root:Last commanded torques from controller: [0.0, 0.0, 0.0, 0.0, 0.0, 0.0, 0.0]
INFO:root:Measured link-side joint torques: [-0.3552, -35.4478, 0.7414, 9.4268, 0.6932, 1.8457, 0.3947]
INFO:root:Last commanded torques from controller: [0.0, 0.0, 0.0, 0.0, 0.0, 0.0, 0.0]
INFO:root:Measured link-side joint torques: [-0.379, -35.4716, 0.7414, 9.403, 0.6996, 1.8521, 0.4085]
INFO:root:Last commanded torques from controller: [0.0, 0.0, 0.0, 0.0, 0.0, 0.0, 0.0]
INFO:root:Measured link-side joint torques: [-0.3037, -35.4478, 0.7176, 9.3792, 0.6932, 1.8521, 0.3609]
INFO:root:Last commanded torques from controller: [0.0, 0.0, 0.0, 0.0, 0.0, 0.0, 0.0]
INFO:root:Measured link-side joint torques: [-0.3037, -35.4478, 0.7176, 9.3792, 0.6932, 1.8521, 0.3609]
INFO:root:Last commanded torques from controller: [0.0, 0.0, 0.0, 0.0, 0.0, 0.0, 0.0]
INFO:root:Measured link-side joint torques: [-0.379, -35.4716, 0.7176, 9.3792, 0.6804, 1.8521, 0.381]
INFO:root:Last commanded torques from controller: [0.0, 0.0, 0.0, 0.0, 0.0, 0.0, 0.0]
INFO:root:Measured link-side joint torques: [-0.4068, -35.4201, 0.7414, 9.3514, 0.6731, 1.8521, 0.4085]
INFO:root:Last commanded torques from controller: [0.0, 0.0, 0.0, 0.0, 0.0, 0.0, 0.0]
INFO:root:Measured link-side joint torques: [-0.3314, -35.4478, 0.7652, 9.3514, 0.6804, 1.8521, 0.4286]
INFO:root:Last commanded torques from controller: [0.0, 0.0, 0.0, 0.0, 0.0, 0.0, 0.0]
INFO:root:Measured link-side joint torques: [-0.3552, -35.3963, 0.7652, 9.3514, 0.6996, 1.8585, 0.4222]
INFO:root:Last commanded torques from controller: [0.0, 0.0, 0.0, 0.0, 0.0, 0.0, 0.0]
INFO:root:Measured link-side joint torques: [-0.3552, -35.3963, 0.7652, 9.3514, 0.6996, 1.8585, 0.4222]
INFO:root:Last commanded torques from controller: [0.0, 0.0, 0.0, 0.0, 0.0, 0.0, 0.0]
INFO:root:Measured link-side joint torques: [-0.3552, -35.3725, 0.7414, 9.3276, 0.6996, 1.8585, 0.4085]
INFO:root:Last commanded torques from controller: [0.0, 0.0, 0.0, 0.0, 0.0, 0.0, 0.0]
INFO:root:Measured link-side joint torques: [-0.2799, -35.3963, 0.7414, 9.3276, 0.6932, 1.8585, 0.4423]
INFO:root:Last commanded torques from controller: [0.0, 0.0, 0.0, 0.0, 0.0, 0.0, 0.0]
INFO:root:Measured link-side joint torques: [-0.379, -35.3963, 0.7929, 9.3038, 0.6868, 1.8457, 0.4149]
INFO:root:Last commanded torques from controller: [0.0, 0.0, 0.0, 0.0, 0.0, 0.0, 0.0]
INFO:root:Measured link-side joint torques: [-0.3552, -35.3447, 0.7176, 9.3276, 0.6731, 1.8722, 0.4085]
INFO:root:Last commanded torques from controller: [0.0, 0.0, 0.0, 0.0, 0.0, 0.0, 0.0]
INFO:root:Measured link-side joint torques: [-0.3552, -35.3447, 0.7176, 9.3276, 0.6731, 1.8722, 0.4085]
INFO:root:Last commanded torques from controller: [0.0, 0.0, 0.0, 0.0, 0.0, 0.0, 0.0]
INFO:root:Measured link-side joint torques: [-0.3314, -35.3725, 0.7414, 9.3276, 0.6868, 1.8722, 0.4222]
INFO:root:Last commanded torques from controller: [0.0, 0.0, 0.0, 0.0, 0.0, 0.0, 0.0]
INFO:root:Measured link-side joint torques: [-0.3552, -35.3963, 0.7414, 9.3792, 0.6996, 1.8722, 0.3874]
INFO:root:Last commanded torques from controller: [0.0, 0.0, 0.0, 0.0, 0.0, 0.0, 0.0]
INFO:root:Measured link-side joint torques: [-0.3314, -35.3725, 0.7414, 9.3514, 0.6932, 1.8786, 0.435]
INFO:root:Last commanded torques from controller: [0.0, 0.0, 0.0, 0.0, 0.0, 0.0, 0.0]
INFO:root:Measured link-side joint torques: [-0.3037, -35.3725, 0.7652, 9.3514, 0.6996, 1.8658, 0.4149]
INFO:root:Last commanded torques from controller: [0.0, 0.0, 0.0, 0.0, 0.0, 0.0, 0.0]
INFO:root:Measured link-side joint torques: [-0.3037, -35.3725, 0.7652, 9.3514, 0.6996, 1.8658, 0.4149]
INFO:root:Last commanded torques from controller: [0.0, 0.0, 0.0, 0.0, 0.0, 0.0, 0.0]
INFO:root:Measured link-side joint torques: [-0.3552, -35.3725, 0.7414, 9.3276, 0.6868, 1.8521, 0.4011]
INFO:root:Last commanded torques from controller: [0.0, 0.0, 0.0, 0.0, 0.0, 0.0, 0.0]
INFO:root:Measured link-side joint torques: [-0.3314, -35.3725, 0.6699, 9.3514, 0.6996, 1.8457, 0.4625]
INFO:root:Last commanded torques from controller: [0.0, 0.0, 0.0, 0.0, 0.0, 0.0, 0.0]
INFO:root:Measured link-side joint torques: [-0.379, -35.3725, 0.7176, 9.403, 0.6932, 1.8585, 0.435]
INFO:root:Last commanded torques from controller: [0.0, 0.0, 0.0, 0.0, 0.0, 0.0, 0.0]
INFO:root:Measured link-side joint torques: [-0.3037, -35.3725, 0.6938, 9.3792, 0.6932, 1.8786, 0.4149]
INFO:root:Last commanded torques from controller: [0.0, 0.0, 0.0, 0.0, 0.0, 0.0, 0.0]
INFO:root:Measured link-side joint torques: [-0.3037, -35.3725, 0.6938, 9.3792, 0.6932, 1.8786, 0.4149]
INFO:root:Last commanded torques from controller: [0.0, 0.0, 0.0, 0.0, 0.0, 0.0, 0.0]
INFO:root:Measured link-side joint torques: [-0.3037, -35.3209, 0.7176, 9.3038, 0.6932, 1.8658, 0.3947]
INFO:root:Last commanded torques from controller: [0.0, 0.0, 0.0, 0.0, 0.0, 0.0, 0.0]
INFO:root:Measured link-side joint torques: [-0.3314, -35.3209, 0.7176, 9.3276, 0.6932, 1.8521, 0.4222]
INFO:root:Last commanded torques from controller: [0.0, 0.0, 0.0, 0.0, 0.0, 0.0, 0.0]
INFO:root:Measured link-side joint torques: [-0.379, -35.3447, 0.7176, 9.28, 0.6932, 1.8457, 0.4085]
INFO:root:Last commanded torques from controller: [0.0, 0.0, 0.0, 0.0, 0.0, 0.0, 0.0]
INFO:root:Measured link-side joint torques: [-0.3037, -35.3209, 0.7176, 9.28, 0.7133, 1.8457, 0.435]
INFO:root:Last commanded torques from controller: [0.0, 0.0, 0.0, 0.0, 0.0, 0.0, 0.0]
INFO:root:Measured link-side joint torques: [-0.3037, -35.3209, 0.7176, 9.28, 0.7133, 1.8457, 0.435]
INFO:root:Last commanded torques from controller: [0.0, 0.0, 0.0, 0.0, 0.0, 0.0, 0.0]
INFO:root:Measured link-side joint torques: [-0.3314, -35.3209, 0.7652, 9.3792, 0.6996, 1.8585, 0.381]
INFO:root:Last commanded torques from controller: [0.0, 0.0, 0.0, 0.0, 0.0, 0.0, 0.0]
INFO:root:Measured link-side joint torques: [-0.379, -35.2971, 0.7176, 9.28, 0.6932, 1.8585, 0.3334]
INFO:root:Last commanded torques from controller: [0.0, 0.0, 0.0, 0.0, 0.0, 0.0, 0.0]
INFO:root:Measured link-side joint torques: [-0.3314, -35.3209, 0.7652, 9.3514, 0.706, 1.8383, 0.4488]
INFO:root:Last commanded torques from controller: [0.0, 0.0, 0.0, 0.0, 0.0, 0.0, 0.0]
INFO:root:Measured link-side joint torques: [-0.3552, -35.3447, 0.7176, 9.403, 0.6996, 1.8457, 0.381]
INFO:root:Last commanded torques from controller: [0.0, 0.0, 0.0, 0.0, 0.0, 0.0, 0.0]
INFO:root:Measured link-side joint torques: [-0.3552, -35.3447, 0.7176, 9.403, 0.6996, 1.8457, 0.381]
INFO:root:Last commanded torques from controller: [0.0, 0.0, 0.0, 0.0, 0.0, 0.0, 0.0]
INFO:root:Measured link-side joint torques: [-0.3314, -35.3725, 0.7176, 9.403, 0.6996, 1.8585, 0.3609]
INFO:root:Last commanded torques from controller: [0.0, 0.0, 0.0, 0.0, 0.0, 0.0, 0.0]
INFO:root:Measured link-side joint torques: [-0.379, -35.3209, 0.6938, 9.3514, 0.6932, 1.8521, 0.3407]
INFO:root:Last commanded torques from controller: [0.0, 0.0, 0.0, 0.0, 0.0, 0.0, 0.0]
INFO:root:Measured link-side joint torques: [-0.3037, -35.3447, 0.7414, 9.3276, 0.6804, 1.8118, 0.4085]
INFO:root:Last commanded torques from controller: [0.0, 0.0, 0.0, 0.0, 0.0, 0.0, 0.0]
INFO:root:Measured link-side joint torques: [-0.3037, -35.2971, 0.7414, 9.3792, 0.6868, 1.8118, 0.4625]
INFO:root:Last commanded torques from controller: [0.0, 0.0, 0.0, 0.0, 0.0, 0.0, 0.0]
INFO:root:Measured link-side joint torques: [-0.3037, -35.2971, 0.7414, 9.3792, 0.6868, 1.8118, 0.4625]
INFO:root:Last commanded torques from controller: [0.0, 0.0, 0.0, 0.0, 0.0, 0.0, 0.0]
INFO:root:Measured link-side joint torques: [-0.3314, -35.2733, 0.7176, 9.3276, 0.706, 1.8457, 0.327]
INFO:root:Last commanded torques from controller: [0.0, 0.0, 0.0, 0.0, 0.0, 0.0, 0.0]
INFO:root:Measured link-side joint torques: [-0.3314, -35.3209, 0.7652, 9.3038, 0.7198, 1.8722, 0.3673]
INFO:root:Last commanded torques from controller: [0.0, 0.0, 0.0, 0.0, 0.0, 0.0, 0.0]
INFO:root:Measured link-side joint torques: [-0.3037, -35.2733, 0.7652, 9.28, 0.706, 1.8585, 0.4149]
INFO:root:Last commanded torques from controller: [0.0, 0.0, 0.0, 0.0, 0.0, 0.0, 0.0]
INFO:root:Measured link-side joint torques: [-0.3552, -35.2733, 0.7652, 9.3038, 0.6932, 1.8521, 0.3334]
INFO:root:Last commanded torques from controller: [0.0, 0.0, 0.0, 0.0, 0.0, 0.0, 0.0]
INFO:root:Measured link-side joint torques: [-0.3552, -35.2733, 0.7652, 9.3038, 0.6932, 1.8521, 0.3334]
INFO:root:Last commanded torques from controller: [0.0, 0.0, 0.0, 0.0, 0.0, 0.0, 0.0]
INFO:root:Measured link-side joint torques: [-0.3552, -35.2217, 0.7176, 9.3276, 0.6932, 1.8182, 0.327]
INFO:root:Last commanded torques from controller: [0.0, 0.0, 0.0, 0.0, 0.0, 0.0, 0.0]
INFO:root:Measured link-side joint torques: [-0.3037, -35.2455, 0.8167, 9.3276, 0.6868, 1.8255, 0.3947]
INFO:root:Last commanded torques from controller: [0.0, 0.0, 0.0, 0.0, 0.0, 0.0, 0.0]
INFO:root:Measured link-side joint torques: [-0.3314, -35.2733, 0.7652, 9.28, 0.706, 1.8383, 0.4625]
INFO:root:Last commanded torques from controller: [0.0, 0.0, 0.0, 0.0, 0.0, 0.0, 0.0]
INFO:root:Measured link-side joint torques: [-0.2799, -35.2733, 0.7652, 9.28, 0.7133, 1.8521, 0.4625]
INFO:root:Last commanded torques from controller: [0.0, 0.0, 0.0, 0.0, 0.0, 0.0, 0.0]
INFO:root:Measured link-side joint torques: [-0.2799, -35.2733, 0.7652, 9.28, 0.7133, 1.8521, 0.4625]
INFO:root:Last commanded torques from controller: [0.0, 0.0, 0.0, 0.0, 0.0, 0.0, 0.0]
INFO:root:Measured link-side joint torques: [-0.3552, -35.1701, 0.7414, 9.28, 0.6996, 1.8255, 0.327]
INFO:root:Last commanded torques from controller: [0.0, 0.0, 0.0, 0.0, 0.0, 0.0, 0.0]
INFO:root:Measured link-side joint torques: [-0.3314, -35.2217, 0.7414, 9.28, 0.706, 1.8255, 0.3471]
INFO:root:Last commanded torques from controller: [0.0, 0.0, 0.0, 0.0, 0.0, 0.0, 0.0]
INFO:root:Measured link-side joint torques: [-0.3037, -35.2217, 0.7414, 9.3038, 0.6996, 1.8319, 0.3535]
INFO:root:Last commanded torques from controller: [0.0, 0.0, 0.0, 0.0, 0.0, 0.0, 0.0]
INFO:root:Measured link-side joint torques: [-0.3314, -35.2217, 0.7414, 9.2285, 0.7133, 1.8521, 0.3535]
INFO:root:Last commanded torques from controller: [0.0, 0.0, 0.0, 0.0, 0.0, 0.0, 0.0]
INFO:root:Measured link-side joint torques: [-0.3314, -35.2217, 0.7414, 9.2285, 0.7133, 1.8521, 0.3535]
INFO:root:Last commanded torques from controller: [0.0, 0.0, 0.0, 0.0, 0.0, 0.0, 0.0]
INFO:root:Measured link-side joint torques: [-0.3314, -35.2455, 0.7414, 9.2562, 0.7198, 1.8182, 0.435]
INFO:root:Last commanded torques from controller: [0.0, 0.0, 0.0, 0.0, 0.0, 0.0, 0.0]
INFO:root:Measured link-side joint torques: [-0.3552, -35.2455, 0.7414, 9.28, 0.6996, 1.798, 0.381]
INFO:root:Last commanded torques from controller: [0.0, 0.0, 0.0, 0.0, 0.0, 0.0, 0.0]
INFO:root:Measured link-side joint torques: [-0.3037, -35.1979, 0.7414, 9.2562, 0.7198, 1.8054, 0.4625]
INFO:root:Last commanded torques from controller: [0.0, 0.0, 0.0, 0.0, 0.0, 0.0, 0.0]
INFO:root:Measured link-side joint torques: [-0.3314, -35.2217, 0.6938, 9.28, 0.6868, 1.8255, 0.381]
INFO:root:Last commanded torques from controller: [0.0, 0.0, 0.0, 0.0, 0.0, 0.0, 0.0]
INFO:root:Measured link-side joint torques: [-0.3314, -35.2217, 0.6938, 9.28, 0.6868, 1.8255, 0.381]
INFO:root:Last commanded torques from controller: [0.0, 0.0, 0.0, 0.0, 0.0, 0.0, 0.0]
INFO:root:Measured link-side joint torques: [-0.3552, -35.1979, 0.7414, 9.2562, 0.706, 1.8383, 0.381]
INFO:root:Last commanded torques from controller: [0.0, 0.0, 0.0, 0.0, 0.0, 0.0, 0.0]
INFO:root:Measured link-side joint torques: [-0.3552, -35.1463, 0.7414, 9.2285, 0.706, 1.8118, 0.4689]
INFO:root:Last commanded torques from controller: [0.0, 0.0, 0.0, 0.0, 0.0, 0.0, 0.0]
INFO:root:Measured link-side joint torques: [-0.3314, -35.1701, 0.6938, 9.28, 0.6932, 1.8118, 0.3947]
INFO:root:Last commanded torques from controller: [0.0, 0.0, 0.0, 0.0, 0.0, 0.0, 0.0]
INFO:root:Measured link-side joint torques: [-0.3037, -35.1979, 0.7176, 9.2285, 0.6868, 1.8182, 0.4149]
INFO:root:Last commanded torques from controller: [0.0, 0.0, 0.0, 0.0, 0.0, 0.0, 0.0]
INFO:root:Measured link-side joint torques: [-0.3037, -35.1979, 0.7176, 9.2285, 0.6868, 1.8182, 0.4149]
INFO:root:Last commanded torques from controller: [0.0, 0.0, 0.0, 0.0, 0.0, 0.0, 0.0]
INFO:root:Measured link-side joint torques: [-0.3314, -35.1701, 0.7176, 9.1808, 0.6932, 1.8585, 0.4423]
INFO:root:Last commanded torques from controller: [0.0, 0.0, 0.0, 0.0, 0.0, 0.0, 0.0]
INFO:root:Measured link-side joint torques: [-0.3552, -35.1979, 0.6699, 9.2285, 0.7133, 1.8383, 0.3535]
INFO:root:Last commanded torques from controller: [0.0, 0.0, 0.0, 0.0, 0.0, 0.0, 0.0]
INFO:root:Measured link-side joint torques: [-0.3552, -35.1701, 0.7176, 9.2285, 0.6996, 1.8319, 0.381]
INFO:root:Last commanded torques from controller: [0.0, 0.0, 0.0, 0.0, 0.0, 0.0, 0.0]
INFO:root:Measured link-side joint torques: [-0.3552, -35.1701, 0.6938, 9.2046, 0.6932, 1.8118, 0.3334]
INFO:root:Last commanded torques from controller: [0.0, 0.0, 0.0, 0.0, 0.0, 0.0, 0.0]
INFO:root:Measured link-side joint torques: [-0.3552, -35.1701, 0.6938, 9.2046, 0.6932, 1.8118, 0.3334]
INFO:root:Last commanded torques from controller: [0.0, 0.0, 0.0, 0.0, 0.0, 0.0, 0.0]
INFO:root:Measured link-side joint torques: [-0.379, -35.1463, 0.6938, 9.2046, 0.6996, 1.8182, 0.3673]
INFO:root:Last commanded torques from controller: [0.0, 0.0, 0.0, 0.0, 0.0, 0.0, 0.0]
INFO:root:Measured link-side joint torques: [-0.379, -35.1225, 0.6699, 9.157, 0.7133, 1.8383, 0.4085]
INFO:root:Last commanded torques from controller: [0.0, 0.0, 0.0, 0.0, 0.0, 0.0, 0.0]
INFO:root:Measured link-side joint torques: [-0.4068, -35.0948, 0.6938, 9.1808, 0.706, 1.8383, 0.4222]
INFO:root:Last commanded torques from controller: [0.0, 0.0, 0.0, 0.0, 0.0, 0.0, 0.0]
INFO:root:Measured link-side joint torques: [-0.3552, -35.1701, 0.7414, 9.1808, 0.6996, 1.8255, 0.4286]
INFO:root:Last commanded torques from controller: [0.0, 0.0, 0.0, 0.0, 0.0, 0.0, 0.0]
INFO:root:Measured link-side joint torques: [-0.3552, -35.1701, 0.7414, 9.1808, 0.6996, 1.8255, 0.4286]
INFO:root:Last commanded torques from controller: [0.0, 0.0, 0.0, 0.0, 0.0, 0.0, 0.0]
INFO:root:Measured link-side joint torques: [-0.379, -35.1463, 0.6699, 9.1808, 0.6868, 1.8054, 0.4085]
INFO:root:Last commanded torques from controller: [0.0, 0.0, 0.0, 0.0, 0.0, 0.0, 0.0]
INFO:root:Measured link-side joint torques: [-0.3314, -35.1225, 0.6938, 9.157, 0.6996, 1.8054, 0.4149]
INFO:root:Last commanded torques from controller: [0.0, 0.0, 0.0, 0.0, 0.0, 0.0, 0.0]
INFO:root:Measured link-side joint torques: [-0.3552, -35.1463, 0.6938, 9.2046, 0.6996, 1.8118, 0.327]
INFO:root:Last commanded torques from controller: [0.0, 0.0, 0.0, 0.0, 0.0, 0.0, 0.0]
INFO:root:Measured link-side joint torques: [-0.3552, -35.1701, 0.6938, 9.1808, 0.6932, 1.8457, 0.3535]
INFO:root:Last commanded torques from controller: [0.0, 0.0, 0.0, 0.0, 0.0, 0.0, 0.0]
INFO:root:Measured link-side joint torques: [-0.3552, -35.1701, 0.6938, 9.1808, 0.6932, 1.8457, 0.3535]
INFO:root:Last commanded torques from controller: [0.0, 0.0, 0.0, 0.0, 0.0, 0.0, 0.0]
INFO:root:Measured link-side joint torques: [-0.3552, -35.1463, 0.7414, 9.2285, 0.6932, 1.8457, 0.4149]
INFO:root:Last commanded torques from controller: [0.0, 0.0, 0.0, 0.0, 0.0, 0.0, 0.0]
INFO:root:Measured link-side joint torques: [-0.4068, -35.1979, 0.7414, 9.2562, 0.6996, 1.8383, 0.3471]
INFO:root:Last commanded torques from controller: [0.0, 0.0, 0.0, 0.0, 0.0, 0.0, 0.0]
INFO:root:Measured link-side joint torques: [-0.3037, -35.1701, 0.7929, 9.2285, 0.6868, 1.8383, 0.3947]
INFO:root:Last commanded torques from controller: [0.0, 0.0, 0.0, 0.0, 0.0, 0.0, 0.0]
INFO:root:Measured link-side joint torques: [-0.3552, -35.1701, 0.7414, 9.2285, 0.706, 1.8319, 0.4085]
INFO:root:Last commanded torques from controller: [0.0, 0.0, 0.0, 0.0, 0.0, 0.0, 0.0]
INFO:root:Measured link-side joint torques: [-0.3552, -35.1701, 0.7414, 9.2285, 0.706, 1.8319, 0.4085]
INFO:root:Last commanded torques from controller: [0.0, 0.0, 0.0, 0.0, 0.0, 0.0, 0.0]
INFO:root:Measured link-side joint torques: [-0.3552, -35.1979, 0.7652, 9.2046, 0.6868, 1.8255, 0.3407]
INFO:root:Last commanded torques from controller: [0.0, 0.0, 0.0, 0.0, 0.0, 0.0, 0.0]
INFO:root:Measured link-side joint torques: [-0.3552, -35.2217, 0.7176, 9.3038, 0.6868, 1.8182, 0.4011]
INFO:root:Last commanded torques from controller: [0.0, 0.0, 0.0, 0.0, 0.0, 0.0, 0.0]
INFO:root:Measured link-side joint torques: [-0.3552, -35.2217, 0.7414, 9.2562, 0.6932, 1.8182, 0.381]
INFO:root:Last commanded torques from controller: [0.0, 0.0, 0.0, 0.0, 0.0, 0.0, 0.0]
INFO:root:Measured link-side joint torques: [-0.379, -35.2455, 0.7414, 9.28, 0.6868, 1.8118, 0.4222]
INFO:root:Last commanded torques from controller: [0.0, 0.0, 0.0, 0.0, 0.0, 0.0, 0.0]
INFO:root:Measured link-side joint torques: [-0.379, -35.2455, 0.7414, 9.28, 0.6868, 1.8118, 0.4222]
INFO:root:Last commanded torques from controller: [0.0, 0.0, 0.0, 0.0, 0.0, 0.0, 0.0]
INFO:root:Measured link-side joint torques: [-0.3552, -35.2217, 0.7652, 9.2562, 0.6932, 1.8182, 0.3673]
INFO:root:Last commanded torques from controller: [0.0, 0.0, 0.0, 0.0, 0.0, 0.0, 0.0]
INFO:root:Measured link-side joint torques: [-0.3552, -35.2455, 0.7176, 9.2046, 0.6932, 1.8118, 0.3673]
INFO:root:Last commanded torques from controller: [0.0, 0.0, 0.0, 0.0, 0.0, 0.0, 0.0]
INFO:root:Measured link-side joint torques: [-0.379, -35.2455, 0.6422, 9.1332, 0.6996, 1.8182, 0.3535]
INFO:root:Last commanded torques from controller: [0.0, 0.0, 0.0, 0.0, 0.0, 0.0, 0.0]
INFO:root:Measured link-side joint torques: [-0.3552, -35.2217, 0.7176, 9.1808, 0.6868, 1.8054, 0.3673]
INFO:root:Last commanded torques from controller: [0.0, 0.0, 0.0, 0.0, 0.0, 0.0, 0.0]
INFO:root:Measured link-side joint torques: [-0.3552, -35.2217, 0.7176, 9.1808, 0.6868, 1.8054, 0.3673]
INFO:root:Last commanded torques from controller: [0.0, 0.0, 0.0, 0.0, 0.0, 0.0, 0.0]
INFO:root:Measured link-side joint torques: [-0.3037, -35.2217, 0.7414, 9.157, 0.6868, 1.8383, 0.3471]
INFO:root:Last commanded torques from controller: [0.0, 0.0, 0.0, 0.0, 0.0, 0.0, 0.0]
INFO:root:Measured link-side joint torques: [-0.3314, -35.1979, 0.7414, 9.157, 0.6804, 1.8319, 0.4222]
INFO:root:Last commanded torques from controller: [0.0, 0.0, 0.0, 0.0, 0.0, 0.0, 0.0]
INFO:root:Measured link-side joint torques: [-0.3314, -35.1463, 0.6938, 9.157, 0.6804, 1.8521, 0.4149]
INFO:root:Last commanded torques from controller: [0.0, 0.0, 0.0, 0.0, 0.0, 0.0, 0.0]
INFO:root:Measured link-side joint torques: [-0.3037, -35.1701, 0.6938, 9.1808, 0.6868, 1.8182, 0.4011]
INFO:root:Last commanded torques from controller: [0.0, 0.0, 0.0, 0.0, 0.0, 0.0, 0.0]
INFO:root:Measured link-side joint torques: [-0.3037, -35.1701, 0.6938, 9.1808, 0.6868, 1.8182, 0.4011]
INFO:root:Last commanded torques from controller: [0.0, 0.0, 0.0, 0.0, 0.0, 0.0, 0.0]
INFO:root:Measured link-side joint torques: [-0.3314, -35.1979, 0.6699, 9.1808, 0.6932, 1.8118, 0.3609]
INFO:root:Last commanded torques from controller: [0.0, 0.0, 0.0, 0.0, 0.0, 0.0, 0.0]
INFO:root:Measured link-side joint torques: [-0.4306, -35.1979, 0.6938, 9.157, 0.6868, 1.8182, 0.4222]
INFO:root:Last commanded torques from controller: [0.0, 0.0, 0.0, 0.0, 0.0, 0.0, 0.0]
INFO:root:Measured link-side joint torques: [-0.379, -35.1979, 0.7176, 9.157, 0.6868, 1.8118, 0.3197]
INFO:root:Last commanded torques from controller: [0.0, 0.0, 0.0, 0.0, 0.0, 0.0, 0.0]
INFO:root:Measured link-side joint torques: [-0.4068, -35.1979, 0.6699, 9.2046, 0.6932, 1.8182, 0.3535]
INFO:root:Last commanded torques from controller: [0.0, 0.0, 0.0, 0.0, 0.0, 0.0, 0.0]
INFO:root:Measured link-side joint torques: [-0.4068, -35.1979, 0.6699, 9.2046, 0.6932, 1.8182, 0.3535]
INFO:root:Last commanded torques from controller: [0.0, 0.0, 0.0, 0.0, 0.0, 0.0, 0.0]
INFO:root:Measured link-side joint torques: [-0.3552, -35.1979, 0.7176, 9.2285, 0.6996, 1.8182, 0.3947]
INFO:root:Last commanded torques from controller: [0.0, 0.0, 0.0, 0.0, 0.0, 0.0, 0.0]
INFO:root:Measured link-side joint torques: [-0.3552, -35.1701, 0.6422, 9.157, 0.6868, 1.8255, 0.3673]
INFO:root:Last commanded torques from controller: [0.0, 0.0, 0.0, 0.0, 0.0, 0.0, 0.0]
INFO:root:Measured link-side joint torques: [-0.3552, -35.1979, 0.6938, 9.1808, 0.6868, 1.8054, 0.435]
INFO:root:Last commanded torques from controller: [0.0, 0.0, 0.0, 0.0, 0.0, 0.0, 0.0]
INFO:root:Measured link-side joint torques: [-0.379, -35.1463, 0.6699, 9.1808, 0.6868, 1.8383, 0.381]
INFO:root:Last commanded torques from controller: [0.0, 0.0, 0.0, 0.0, 0.0, 0.0, 0.0]
INFO:root:Measured link-side joint torques: [-0.379, -35.1463, 0.6699, 9.1808, 0.6868, 1.8383, 0.381]
INFO:root:Last commanded torques from controller: [0.0, 0.0, 0.0, 0.0, 0.0, 0.0, 0.0]
INFO:root:Measured link-side joint torques: [-0.3552, -35.1979, 0.6938, 9.157, 0.6731, 1.8319, 0.4222]
INFO:root:Last commanded torques from controller: [0.0, 0.0, 0.0, 0.0, 0.0, 0.0, 0.0]
INFO:root:Measured link-side joint torques: [-0.379, -35.1701, 0.6938, 9.157, 0.6731, 1.8182, 0.3673]
INFO:root:Last commanded torques from controller: [0.0, 0.0, 0.0, 0.0, 0.0, 0.0, 0.0]
INFO:root:Measured link-side joint torques: [-0.4068, -35.1979, 0.7176, 9.2046, 0.6868, 1.8319, 0.3407]
INFO:root:Last commanded torques from controller: [0.0, 0.0, 0.0, 0.0, 0.0, 0.0, 0.0]
INFO:root:Measured link-side joint torques: [-0.4068, -35.1701, 0.6938, 9.2046, 0.6868, 1.8383, 0.3947]
INFO:root:Last commanded torques from controller: [0.0, 0.0, 0.0, 0.0, 0.0, 0.0, 0.0]
INFO:root:Measured link-side joint torques: [-0.4068, -35.1701, 0.6938, 9.2046, 0.6868, 1.8383, 0.3947]
INFO:root:Last commanded torques from controller: [0.0, 0.0, 0.0, 0.0, 0.0, 0.0, 0.0]
INFO:root:Measured link-side joint torques: [-0.3552, -35.2217, 0.6699, 9.2046, 0.6996, 1.8182, 0.3535]
INFO:root:Last commanded torques from controller: [0.0, 0.0, 0.0, 0.0, 0.0, 0.0, 0.0]
INFO:root:Measured link-side joint torques: [-0.3552, -35.2217, 0.7414, 9.2562, 0.6932, 1.8182, 0.4222]
INFO:root:Last commanded torques from controller: [0.0, 0.0, 0.0, 0.0, 0.0, 0.0, 0.0]
INFO:root:Measured link-side joint torques: [-0.4068, -35.1979, 0.6938, 9.2046, 0.6804, 1.8118, 0.2995]
INFO:root:Last commanded torques from controller: [0.0, 0.0, 0.0, 0.0, 0.0, 0.0, 0.0]
INFO:root:Measured link-side joint torques: [-0.3314, -35.2455, 0.6699, 9.2285, 0.6868, 1.8319, 0.3673]
INFO:root:Last commanded torques from controller: [0.0, 0.0, 0.0, 0.0, 0.0, 0.0, 0.0]
INFO:root:Measured link-side joint torques: [-0.3314, -35.2455, 0.6699, 9.2285, 0.6868, 1.8319, 0.3673]
INFO:root:Last commanded torques from controller: [0.0, 0.0, 0.0, 0.0, 0.0, 0.0, 0.0]
INFO:root:Measured link-side joint torques: [-0.379, -35.1701, 0.7414, 9.2046, 0.6731, 1.8319, 0.4488]
INFO:root:Last commanded torques from controller: [0.0, 0.0, 0.0, 0.0, 0.0, 0.0, 0.0]
INFO:root:Measured link-side joint torques: [-0.379, -35.1979, 0.7176, 9.1808, 0.6804, 1.8383, 0.381]
INFO:root:Last commanded torques from controller: [0.0, 0.0, 0.0, 0.0, 0.0, 0.0, 0.0]
INFO:root:Measured link-side joint torques: [-0.3037, -35.1701, 0.7652, 9.2046, 0.6731, 1.8255, 0.381]
INFO:root:Last commanded torques from controller: [0.0, 0.0, 0.0, 0.0, 0.0, 0.0, 0.0]
INFO:root:Measured link-side joint torques: [-0.3037, -35.1979, 0.7414, 9.2046, 0.6932, 1.8319, 0.435]
INFO:root:Last commanded torques from controller: [0.0, 0.0, 0.0, 0.0, 0.0, 0.0, 0.0]
INFO:root:Measured link-side joint torques: [-0.3037, -35.1979, 0.7414, 9.2046, 0.6932, 1.8319, 0.435]
INFO:root:Last commanded torques from controller: [0.0, 0.0, 0.0, 0.0, 0.0, 0.0, 0.0]
INFO:root:Measured link-side joint torques: [-0.3037, -35.1979, 0.7414, 9.1808, 0.6804, 1.8457, 0.3471]
INFO:root:Last commanded torques from controller: [0.0, 0.0, 0.0, 0.0, 0.0, 0.0, 0.0]
INFO:root:Measured link-side joint torques: [-0.3314, -35.2217, 0.7652, 9.2046, 0.6868, 1.8383, 0.3407]
INFO:root:Last commanded torques from controller: [0.0, 0.0, 0.0, 0.0, 0.0, 0.0, 0.0]
INFO:root:Measured link-side joint torques: [-0.3552, -35.2217, 0.7414, 9.2562, 0.6804, 1.8383, 0.3673]
INFO:root:Last commanded torques from controller: [0.0, 0.0, 0.0, 0.0, 0.0, 0.0, 0.0]
INFO:root:Measured link-side joint torques: [-0.3314, -35.2455, 0.7414, 9.2562, 0.6804, 1.8658, 0.3746]
INFO:root:Last commanded torques from controller: [0.0, 0.0, 0.0, 0.0, 0.0, 0.0, 0.0]
INFO:root:Measured link-side joint torques: [-0.3314, -35.2455, 0.7414, 9.2562, 0.6804, 1.8658, 0.3746]
INFO:root:Last commanded torques from controller: [0.0, 0.0, 0.0, 0.0, 0.0, 0.0, 0.0]
INFO:root:Measured link-side joint torques: [-0.3552, -35.1979, 0.7652, 9.157, 0.6804, 1.8585, 0.381]
INFO:root:Last commanded torques from controller: [0.0, 0.0, 0.0, 0.0, 0.0, 0.0, 0.0]
INFO:root:Measured link-side joint torques: [-0.2799, -35.1979, 0.7414, 9.2562, 0.6731, 1.8521, 0.3874]
INFO:root:Last commanded torques from controller: [0.0, 0.0, 0.0, 0.0, 0.0, 0.0, 0.0]
INFO:root:Measured link-side joint torques: [-0.3037, -35.2217, 0.7176, 9.2285, 0.6804, 1.8383, 0.381]
INFO:root:Last commanded torques from controller: [0.0, 0.0, 0.0, 0.0, 0.0, 0.0, 0.0]
INFO:root:Measured link-side joint torques: [-0.3037, -35.1979, 0.7929, 9.2562, 0.6731, 1.8255, 0.3407]
INFO:root:Last commanded torques from controller: [0.0, 0.0, 0.0, 0.0, 0.0, 0.0, 0.0]
INFO:root:Measured link-side joint torques: [-0.3037, -35.1979, 0.7929, 9.2562, 0.6731, 1.8255, 0.3407]
INFO:root:Last commanded torques from controller: [0.0, 0.0, 0.0, 0.0, 0.0, 0.0, 0.0]
INFO:root:Measured link-side joint torques: [-0.2799, -35.1701, 0.7414, 9.2046, 0.6932, 1.8457, 0.3673]
INFO:root:Last commanded torques from controller: [0.0, 0.0, 0.0, 0.0, 0.0, 0.0, 0.0]
INFO:root:Measured link-side joint torques: [-0.3037, -35.1979, 0.7176, 9.2046, 0.6868, 1.8658, 0.3947]
INFO:root:Last commanded torques from controller: [0.0, 0.0, 0.0, 0.0, 0.0, 0.0, 0.0]
INFO:root:Measured link-side joint torques: [-0.3037, -35.1701, 0.7176, 9.2046, 0.6868, 1.8658, 0.3947]
INFO:root:Last commanded torques from controller: [0.0, 0.0, 0.0, 0.0, 0.0, 0.0, 0.0]
INFO:root:Measured link-side joint torques: [-0.3314, -35.1701, 0.6699, 9.2285, 0.6868, 1.8521, 0.4222]
INFO:root:Last commanded torques from controller: [0.0, 0.0, 0.0, 0.0, 0.0, 0.0, 0.0]
INFO:root:Measured link-side joint torques: [-0.3314, -35.1701, 0.6699, 9.2285, 0.6868, 1.8521, 0.4222]
INFO:root:Last commanded torques from controller: [0.0, 0.0, 0.0, 0.0, 0.0, 0.0, 0.0]
INFO:root:Measured link-side joint torques: [-0.3552, -35.1979, 0.7414, 9.2285, 0.6731, 1.8521, 0.3947]
INFO:root:Last commanded torques from controller: [0.0, 0.0, 0.0, 0.0, 0.0, 0.0, 0.0]
INFO:root:Measured link-side joint torques: [-0.3552, -35.1979, 0.6938, 9.1808, 0.6804, 1.8521, 0.3407]
INFO:root:Last commanded torques from controller: [0.0, 0.0, 0.0, 0.0, 0.0, 0.0, 0.0]
INFO:root:Measured link-side joint torques: [-0.3552, -35.2455, 0.6699, 9.1808, 0.6731, 1.8521, 0.3407]
INFO:root:Last commanded torques from controller: [0.0, 0.0, 0.0, 0.0, 0.0, 0.0, 0.0]
INFO:root:Measured link-side joint torques: [-0.379, -35.2217, 0.6938, 9.1808, 0.6868, 1.8521, 0.4085]
INFO:root:Last commanded torques from controller: [0.0, 0.0, 0.0, 0.0, 0.0, 0.0, 0.0]
INFO:root:Measured link-side joint torques: [-0.379, -35.2217, 0.6938, 9.1808, 0.6868, 1.8521, 0.4085]
INFO:root:Last commanded torques from controller: [0.0, 0.0, 0.0, 0.0, 0.0, 0.0, 0.0]
INFO:root:Measured link-side joint torques: [-0.3552, -35.1979, 0.6938, 9.2285, 0.6731, 1.8658, 0.3535]
INFO:root:Last commanded torques from controller: [0.0, 0.0, 0.0, 0.0, 0.0, 0.0, 0.0]
INFO:root:Measured link-side joint torques: [-0.3037, -35.2455, 0.7652, 9.1808, 0.6932, 1.8859, 0.3609]
INFO:root:Last commanded torques from controller: [0.0, 0.0, 0.0, 0.0, 0.0, 0.0, 0.0]
INFO:root:Measured link-side joint torques: [-0.3552, -35.2455, 0.7176, 9.1055, 0.6804, 1.8786, 0.3947]
INFO:root:Last commanded torques from controller: [0.0, 0.0, 0.0, 0.0, 0.0, 0.0, 0.0]
INFO:root:Measured link-side joint torques: [-0.3552, -35.2217, 0.7176, 9.1332, 0.6731, 1.8722, 0.4085]
INFO:root:Last commanded torques from controller: [0.0, 0.0, 0.0, 0.0, 0.0, 0.0, 0.0]
INFO:root:Measured link-side joint torques: [-0.3552, -35.2217, 0.7176, 9.1332, 0.6731, 1.8722, 0.4085]
INFO:root:Last commanded torques from controller: [0.0, 0.0, 0.0, 0.0, 0.0, 0.0, 0.0]
INFO:root:Measured link-side joint torques: [-0.379, -35.1979, 0.6938, 9.1332, 0.6602, 1.8457, 0.3535]
INFO:root:Last commanded torques from controller: [0.0, 0.0, 0.0, 0.0, 0.0, 0.0, 0.0]
INFO:root:Measured link-side joint torques: [-0.3314, -35.1979, 0.7414, 9.1808, 0.6868, 1.8319, 0.3673]
INFO:root:Last commanded torques from controller: [0.0, 0.0, 0.0, 0.0, 0.0, 0.0, 0.0]
INFO:root:Measured link-side joint torques: [-0.379, -35.2733, 0.6938, 9.157, 0.6868, 1.8319, 0.3407]
INFO:root:Last commanded torques from controller: [0.0, 0.0, 0.0, 0.0, 0.0, 0.0, 0.0]
INFO:root:Measured link-side joint torques: [-0.4068, -35.2217, 0.6938, 9.157, 0.6731, 1.8658, 0.4149]
INFO:root:Last commanded torques from controller: [0.0, 0.0, 0.0, 0.0, 0.0, 0.0, 0.0]
INFO:root:Measured link-side joint torques: [-0.4068, -35.2217, 0.6938, 9.157, 0.6731, 1.8658, 0.4149]
INFO:root:Last commanded torques from controller: [0.0, 0.0, 0.0, 0.0, 0.0, 0.0, 0.0]
INFO:root:Measured link-side joint torques: [-0.379, -35.2217, 0.7414, 9.1808, 0.6804, 1.8786, 0.3673]
INFO:root:Last commanded torques from controller: [0.0, 0.0, 0.0, 0.0, 0.0, 0.0, 0.0]
INFO:root:Measured link-side joint torques: [-0.3314, -35.2455, 0.7414, 9.1808, 0.6731, 1.8923, 0.3609]
INFO:root:Last commanded torques from controller: [0.0, 0.0, 0.0, 0.0, 0.0, 0.0, 0.0]
INFO:root:Measured link-side joint torques: [-0.3552, -35.2455, 0.6938, 9.2046, 0.6804, 1.8923, 0.3874]
INFO:root:Last commanded torques from controller: [0.0, 0.0, 0.0, 0.0, 0.0, 0.0, 0.0]
INFO:root:Measured link-side joint torques: [-0.3314, -35.2217, 0.7176, 9.2285, 0.6804, 1.8722, 0.4085]
INFO:root:Last commanded torques from controller: [0.0, 0.0, 0.0, 0.0, 0.0, 0.0, 0.0]
INFO:root:Measured link-side joint torques: [-0.3314, -35.2217, 0.7176, 9.2285, 0.6804, 1.8722, 0.4085]
INFO:root:Last commanded torques from controller: [0.0, 0.0, 0.0, 0.0, 0.0, 0.0, 0.0]
INFO:root:Measured link-side joint torques: [-0.3314, -35.2217, 0.7929, 9.2046, 0.6667, 1.8722, 0.3133]
INFO:root:Last commanded torques from controller: [0.0, 0.0, 0.0, 0.0, 0.0, 0.0, 0.0]
INFO:root:Measured link-side joint torques: [-0.3037, -35.2733, 0.7414, 9.2046, 0.6731, 1.8786, 0.381]
INFO:root:Last commanded torques from controller: [0.0, 0.0, 0.0, 0.0, 0.0, 0.0, 0.0]
INFO:root:Measured link-side joint torques: [-0.379, -35.2217, 0.7652, 9.2046, 0.6804, 1.8859, 0.381]
INFO:root:Last commanded torques from controller: [0.0, 0.0, 0.0, 0.0, 0.0, 0.0, 0.0]
INFO:root:Measured link-side joint torques: [-0.3552, -35.2217, 0.7652, 9.1808, 0.6731, 1.8521, 0.381]
INFO:root:Last commanded torques from controller: [0.0, 0.0, 0.0, 0.0, 0.0, 0.0, 0.0]
INFO:root:Measured link-side joint torques: [-0.3552, -35.2217, 0.7652, 9.1808, 0.6731, 1.8521, 0.381]
INFO:root:Last commanded torques from controller: [0.0, 0.0, 0.0, 0.0, 0.0, 0.0, 0.0]
INFO:root:Measured link-side joint torques: [-0.3552, -35.1979, 0.7929, 9.1808, 0.6731, 1.8585, 0.3947]
INFO:root:Last commanded torques from controller: [0.0, 0.0, 0.0, 0.0, 0.0, 0.0, 0.0]
INFO:root:Measured link-side joint torques: [-0.379, -35.2217, 0.7414, 9.157, 0.6804, 1.8658, 0.3746]
INFO:root:Last commanded torques from controller: [0.0, 0.0, 0.0, 0.0, 0.0, 0.0, 0.0]
INFO:root:Measured link-side joint torques: [-0.3552, -35.2217, 0.6938, 9.2046, 0.6804, 1.8786, 0.3535]
INFO:root:Last commanded torques from controller: [0.0, 0.0, 0.0, 0.0, 0.0, 0.0, 0.0]
INFO:root:Measured link-side joint torques: [-0.4068, -35.1979, 0.6938, 9.157, 0.6731, 1.8658, 0.3874]
INFO:root:Last commanded torques from controller: [0.0, 0.0, 0.0, 0.0, 0.0, 0.0, 0.0]
INFO:root:Measured link-side joint torques: [-0.4068, -35.1979, 0.6938, 9.157, 0.6731, 1.8658, 0.3874]
INFO:root:Last commanded torques from controller: [0.0, 0.0, 0.0, 0.0, 0.0, 0.0, 0.0]
INFO:root:Measured link-side joint torques: [-0.3552, -35.1979, 0.6938, 9.157, 0.6667, 1.8457, 0.3673]
INFO:root:Last commanded torques from controller: [0.0, 0.0, 0.0, 0.0, 0.0, 0.0, 0.0]
INFO:root:Measured link-side joint torques: [-0.3314, -35.2217, 0.7176, 9.1332, 0.6731, 1.8658, 0.4222]
INFO:root:Last commanded torques from controller: [0.0, 0.0, 0.0, 0.0, 0.0, 0.0, 0.0]
INFO:root:Measured link-side joint torques: [-0.3552, -35.1701, 0.6184, 9.1808, 0.6731, 1.8722, 0.381]
INFO:root:Last commanded torques from controller: [0.0, 0.0, 0.0, 0.0, 0.0, 0.0, 0.0]
INFO:root:Measured link-side joint torques: [-0.3314, -35.1701, 0.7176, 9.1332, 0.6667, 1.8722, 0.3535]
INFO:root:Last commanded torques from controller: [0.0, 0.0, 0.0, 0.0, 0.0, 0.0, 0.0]
INFO:root:Measured link-side joint torques: [-0.3314, -35.1701, 0.7176, 9.1332, 0.6667, 1.8722, 0.3535]
INFO:root:Last commanded torques from controller: [0.0, 0.0, 0.0, 0.0, 0.0, 0.0, 0.0]
INFO:root:Measured link-side joint torques: [-0.379, -35.1701, 0.6938, 9.1808, 0.6932, 1.8722, 0.3609]
INFO:root:Last commanded torques from controller: [0.0, 0.0, 0.0, 0.0, 0.0, 0.0, 0.0]
INFO:root:Measured link-side joint torques: [-0.379, -35.1463, 0.6699, 9.157, 0.6731, 1.8658, 0.3673]
INFO:root:Last commanded torques from controller: [0.0, 0.0, 0.0, 0.0, 0.0, 0.0, 0.0]
INFO:root:Measured link-side joint torques: [-0.3552, -35.1463, 0.6699, 9.1808, 0.6868, 1.8786, 0.327]
INFO:root:Last commanded torques from controller: [0.0, 0.0, 0.0, 0.0, 0.0, 0.0, 0.0]
INFO:root:Measured link-side joint torques: [-0.379, -35.1979, 0.6938, 9.2285, 0.6932, 1.8722, 0.4222]
INFO:root:Last commanded torques from controller: [0.0, 0.0, 0.0, 0.0, 0.0, 0.0, 0.0]
INFO:root:Measured link-side joint torques: [-0.379, -35.1979, 0.6938, 9.2285, 0.6932, 1.8722, 0.4222]
INFO:root:Last commanded torques from controller: [0.0, 0.0, 0.0, 0.0, 0.0, 0.0, 0.0]
INFO:root:Measured link-side joint torques: [-0.379, -35.1979, 0.7176, 9.2046, 0.6868, 1.8722, 0.381]
INFO:root:Last commanded torques from controller: [0.0, 0.0, 0.0, 0.0, 0.0, 0.0, 0.0]
INFO:root:Measured link-side joint torques: [-0.3552, -35.2217, 0.6699, 9.2046, 0.6868, 1.8658, 0.3197]
INFO:root:Last commanded torques from controller: [0.0, 0.0, 0.0, 0.0, 0.0, 0.0, 0.0]
INFO:root:Measured link-side joint torques: [-0.379, -35.1701, 0.7176, 9.2046, 0.6868, 1.8658, 0.3609]
INFO:root:Last commanded torques from controller: [0.0, 0.0, 0.0, 0.0, 0.0, 0.0, 0.0]
INFO:root:Measured link-side joint torques: [-0.3552, -35.1979, 0.6699, 9.2562, 0.6804, 1.8722, 0.3673]
INFO:root:Last commanded torques from controller: [0.0, 0.0, 0.0, 0.0, 0.0, 0.0, 0.0]
INFO:root:Measured link-side joint torques: [-0.3552, -35.1979, 0.6699, 9.2562, 0.6804, 1.8722, 0.3673]
INFO:root:Last commanded torques from controller: [0.0, 0.0, 0.0, 0.0, 0.0, 0.0, 0.0]
INFO:root:Measured link-side joint torques: [-0.3552, -35.1979, 0.6938, 9.1808, 0.6804, 1.9061, 0.3133]
INFO:root:Last commanded torques from controller: [0.0, 0.0, 0.0, 0.0, 0.0, 0.0, 0.0]
INFO:root:Measured link-side joint torques: [-0.379, -35.1463, 0.7176, 9.2046, 0.6804, 1.8786, 0.3535]
INFO:root:Last commanded torques from controller: [0.0, 0.0, 0.0, 0.0, 0.0, 0.0, 0.0]
INFO:root:Measured link-side joint torques: [-0.4068, -35.1701, 0.7176, 9.2285, 0.6804, 1.8786, 0.3673]
INFO:root:Last commanded torques from controller: [0.0, 0.0, 0.0, 0.0, 0.0, 0.0, 0.0]
INFO:root:Measured link-side joint torques: [-0.3552, -35.1701, 0.7176, 9.157, 0.6868, 1.8786, 0.4423]
INFO:root:Last commanded torques from controller: [0.0, 0.0, 0.0, 0.0, 0.0, 0.0, 0.0]
INFO:root:Measured link-side joint torques: [-0.3552, -35.1701, 0.7176, 9.157, 0.6868, 1.8786, 0.4423]
INFO:root:Last commanded torques from controller: [0.0, 0.0, 0.0, 0.0, 0.0, 0.0, 0.0]
INFO:root:Measured link-side joint torques: [-0.4306, -35.1979, 0.6938, 9.157, 0.6804, 1.8722, 0.3673]
INFO:root:Last commanded torques from controller: [0.0, 0.0, 0.0, 0.0, 0.0, 0.0, 0.0]
INFO:root:Measured link-side joint torques: [-0.379, -35.2217, 0.7652, 9.1332, 0.6868, 1.8923, 0.381]
INFO:root:Last commanded torques from controller: [0.0, 0.0, 0.0, 0.0, 0.0, 0.0, 0.0]
INFO:root:Measured link-side joint torques: [-0.3552, -35.2217, 0.6938, 9.1332, 0.6868, 1.8859, 0.2858]
INFO:root:Last commanded torques from controller: [0.0, 0.0, 0.0, 0.0, 0.0, 0.0, 0.0]
INFO:root:Measured link-side joint torques: [-0.4068, -35.1979, 0.6938, 9.1332, 0.6667, 1.8786, 0.4085]
INFO:root:Last commanded torques from controller: [0.0, 0.0, 0.0, 0.0, 0.0, 0.0, 0.0]
INFO:root:Measured link-side joint torques: [-0.4068, -35.1979, 0.6938, 9.1332, 0.6667, 1.8786, 0.4085]
INFO:root:Last commanded torques from controller: [0.0, 0.0, 0.0, 0.0, 0.0, 0.0, 0.0]
INFO:root:Measured link-side joint torques: [-0.3552, -35.1979, 0.7929, 9.157, 0.6731, 1.8722, 0.4085]
INFO:root:Last commanded torques from controller: [0.0, 0.0, 0.0, 0.0, 0.0, 0.0, 0.0]
INFO:root:Measured link-side joint torques: [-0.3314, -35.1979, 0.6938, 9.157, 0.6731, 1.8658, 0.4085]
INFO:root:Last commanded torques from controller: [0.0, 0.0, 0.0, 0.0, 0.0, 0.0, 0.0]
INFO:root:Measured link-side joint torques: [-0.379, -35.1463, 0.7414, 9.157, 0.6731, 1.8722, 0.3947]
INFO:root:Last commanded torques from controller: [0.0, 0.0, 0.0, 0.0, 0.0, 0.0, 0.0]
INFO:root:Measured link-side joint torques: [-0.379, -35.1979, 0.7414, 9.157, 0.6731, 1.8658, 0.4085]
INFO:root:Last commanded torques from controller: [0.0, 0.0, 0.0, 0.0, 0.0, 0.0, 0.0]
INFO:root:Measured link-side joint torques: [-0.379, -35.1979, 0.7414, 9.157, 0.6731, 1.8658, 0.4085]
INFO:root:Last commanded torques from controller: [0.0, 0.0, 0.0, 0.0, 0.0, 0.0, 0.0]
INFO:root:Measured link-side joint torques: [-0.379, -35.1463, 0.7652, 9.1332, 0.6804, 1.8722, 0.4149]
INFO:root:Last commanded torques from controller: [0.0, 0.0, 0.0, 0.0, 0.0, 0.0, 0.0]
INFO:root:Measured link-side joint torques: [-0.3552, -35.1463, 0.7652, 9.1332, 0.6667, 1.8786, 0.3673]
INFO:root:Last commanded torques from controller: [0.0, 0.0, 0.0, 0.0, 0.0, 0.0, 0.0]
INFO:root:Measured link-side joint torques: [-0.3552, -35.1979, 0.7414, 9.1055, 0.6667, 1.8923, 0.3609]
INFO:root:Last commanded torques from controller: [0.0, 0.0, 0.0, 0.0, 0.0, 0.0, 0.0]
INFO:root:Measured link-side joint torques: [-0.3552, -35.1979, 0.7414, 9.157, 0.6804, 1.8859, 0.4222]
INFO:root:Last commanded torques from controller: [0.0, 0.0, 0.0, 0.0, 0.0, 0.0, 0.0]
INFO:root:Measured link-side joint torques: [-0.3552, -35.1979, 0.7414, 9.157, 0.6804, 1.8859, 0.4222]
INFO:root:Last commanded torques from controller: [0.0, 0.0, 0.0, 0.0, 0.0, 0.0, 0.0]
INFO:root:Measured link-side joint torques: [-0.3552, -35.2217, 0.7652, 9.1055, 0.6602, 1.8658, 0.3874]
INFO:root:Last commanded torques from controller: [0.0, 0.0, 0.0, 0.0, 0.0, 0.0, 0.0]
INFO:root:Measured link-side joint torques: [-0.3037, -35.2217, 0.7414, 9.1055, 0.6731, 1.8658, 0.3133]
INFO:root:Last commanded torques from controller: [0.0, 0.0, 0.0, 0.0, 0.0, 0.0, 0.0]
INFO:root:Measured link-side joint torques: [-0.3552, -35.2455, 0.7414, 9.1055, 0.6667, 1.8859, 0.327]
INFO:root:Last commanded torques from controller: [0.0, 0.0, 0.0, 0.0, 0.0, 0.0, 0.0]
INFO:root:Measured link-side joint torques: [-0.3314, -35.1979, 0.6938, 9.1332, 0.6932, 1.8859, 0.3535]
INFO:root:Last commanded torques from controller: [0.0, 0.0, 0.0, 0.0, 0.0, 0.0, 0.0]
INFO:root:Measured link-side joint torques: [-0.3314, -35.1979, 0.6938, 9.1332, 0.6932, 1.8859, 0.3535]
INFO:root:Last commanded torques from controller: [0.0, 0.0, 0.0, 0.0, 0.0, 0.0, 0.0]
INFO:root:Measured link-side joint torques: [-0.3314, -35.1979, 0.7176, 9.1808, 0.6667, 1.8722, 0.381]
INFO:root:Last commanded torques from controller: [0.0, 0.0, 0.0, 0.0, 0.0, 0.0, 0.0]
INFO:root:Measured link-side joint torques: [-0.3552, -35.1463, 0.7929, 9.1332, 0.6731, 1.8658, 0.3673]
INFO:root:Last commanded torques from controller: [0.0, 0.0, 0.0, 0.0, 0.0, 0.0, 0.0]
INFO:root:Measured link-side joint torques: [-0.3314, -35.1463, 0.7652, 9.0817, 0.6804, 1.8521, 0.3535]
INFO:root:Last commanded torques from controller: [0.0, 0.0, 0.0, 0.0, 0.0, 0.0, 0.0]
INFO:root:Measured link-side joint torques: [-0.3037, -35.1701, 0.6938, 9.1055, 0.6538, 1.8585, 0.381]
INFO:root:Last commanded torques from controller: [0.0, 0.0, 0.0, 0.0, 0.0, 0.0, 0.0]
INFO:root:Measured link-side joint torques: [-0.3037, -35.1701, 0.6938, 9.1055, 0.6538, 1.8585, 0.381]
INFO:root:Last commanded torques from controller: [0.0, 0.0, 0.0, 0.0, 0.0, 0.0, 0.0]
INFO:root:Measured link-side joint torques: [-0.3314, -35.1979, 0.7652, 9.0817, 0.6731, 1.8658, 0.3334]
INFO:root:Last commanded torques from controller: [0.0, 0.0, 0.0, 0.0, 0.0, 0.0, 0.0]
INFO:root:Measured link-side joint torques: [-0.3314, -35.1701, 0.7176, 9.0579, 0.6731, 1.8521, 0.4222]
INFO:root:Last commanded torques from controller: [0.0, 0.0, 0.0, 0.0, 0.0, 0.0, 0.0]
INFO:root:Measured link-side joint torques: [-0.3037, -35.1979, 0.7176, 9.0817, 0.6804, 1.8722, 0.3947]
INFO:root:Last commanded torques from controller: [0.0, 0.0, 0.0, 0.0, 0.0, 0.0, 0.0]
INFO:root:Measured link-side joint torques: [-0.2799, -35.1979, 0.7414, 9.0817, 0.6731, 1.8859, 0.3947]
INFO:root:Last commanded torques from controller: [0.0, 0.0, 0.0, 0.0, 0.0, 0.0, 0.0]
INFO:root:Measured link-side joint torques: [-0.2799, -35.1979, 0.7414, 9.0817, 0.6731, 1.8859, 0.3947]
INFO:root:Last commanded torques from controller: [0.0, 0.0, 0.0, 0.0, 0.0, 0.0, 0.0]
INFO:root:Measured link-side joint torques: [-0.3314, -35.1979, 0.7414, 9.1055, 0.6731, 1.8988, 0.381]
INFO:root:Last commanded torques from controller: [0.0, 0.0, 0.0, 0.0, 0.0, 0.0, 0.0]
INFO:root:Measured link-side joint torques: [-0.2799, -35.1225, 0.7414, 9.1332, 0.6538, 1.8722, 0.3947]
INFO:root:Last commanded torques from controller: [0.0, 0.0, 0.0, 0.0, 0.0, 0.0, 0.0]
INFO:root:Measured link-side joint torques: [-0.3314, -35.1701, 0.7414, 9.0817, 0.6667, 1.8658, 0.3673]
INFO:root:Last commanded torques from controller: [0.0, 0.0, 0.0, 0.0, 0.0, 0.0, 0.0]
INFO:root:Measured link-side joint torques: [-0.3314, -35.1701, 0.7414, 9.0817, 0.6731, 1.8722, 0.3535]
INFO:root:Last commanded torques from controller: [0.0, 0.0, 0.0, 0.0, 0.0, 0.0, 0.0]
INFO:root:Measured link-side joint torques: [-0.3314, -35.1701, 0.7414, 9.0817, 0.6731, 1.8722, 0.3535]
INFO:root:Last commanded torques from controller: [0.0, 0.0, 0.0, 0.0, 0.0, 0.0, 0.0]
INFO:root:Measured link-side joint torques: [-0.2799, -35.1463, 0.7652, 9.0579, 0.6602, 1.8722, 0.4222]
INFO:root:Last commanded torques from controller: [0.0, 0.0, 0.0, 0.0, 0.0, 0.0, 0.0]
INFO:root:Measured link-side joint torques: [-0.3314, -35.1463, 0.6938, 9.0817, 0.6667, 1.8988, 0.3334]
INFO:root:Last commanded torques from controller: [0.0, 0.0, 0.0, 0.0, 0.0, 0.0, 0.0]
INFO:root:Measured link-side joint torques: [-0.3037, -35.1225, 0.7414, 9.0579, 0.6804, 1.8988, 0.4222]
INFO:root:Last commanded torques from controller: [0.0, 0.0, 0.0, 0.0, 0.0, 0.0, 0.0]
INFO:root:Measured link-side joint torques: [-0.379, -35.0948, 0.7652, 9.0341, 0.6804, 1.8786, 0.3407]
INFO:root:Last commanded torques from controller: [0.0, 0.0, 0.0, 0.0, 0.0, 0.0, 0.0]
INFO:root:Measured link-side joint torques: [-0.379, -35.0948, 0.7652, 9.0341, 0.6804, 1.8786, 0.3407]
INFO:root:Last commanded torques from controller: [0.0, 0.0, 0.0, 0.0, 0.0, 0.0, 0.0]
INFO:root:Measured link-side joint torques: [-0.3314, -35.1701, 0.7176, 9.1055, 0.6804, 1.8859, 0.3673]
INFO:root:Last commanded torques from controller: [0.0, 0.0, 0.0, 0.0, 0.0, 0.0, 0.0]
INFO:root:Measured link-side joint torques: [-0.3552, -35.1701, 0.7414, 9.0579, 0.6667, 1.8786, 0.435]
INFO:root:Last commanded torques from controller: [0.0, 0.0, 0.0, 0.0, 0.0, 0.0, 0.0]
INFO:root:Measured link-side joint torques: [-0.3037, -35.1701, 0.7176, 9.1055, 0.6804, 1.8722, 0.3947]
INFO:root:Last commanded torques from controller: [0.0, 0.0, 0.0, 0.0, 0.0, 0.0, 0.0]
INFO:root:Measured link-side joint torques: [-0.3552, -35.1979, 0.7414, 9.0817, 0.6538, 1.8722, 0.3874]
INFO:root:Last commanded torques from controller: [0.0, 0.0, 0.0, 0.0, 0.0, 0.0, 0.0]
INFO:root:Measured link-side joint torques: [-0.3552, -35.1979, 0.7414, 9.0817, 0.6538, 1.8722, 0.3874]
INFO:root:Last commanded torques from controller: [0.0, 0.0, 0.0, 0.0, 0.0, 0.0, 0.0]
INFO:root:Measured link-side joint torques: [-0.3314, -35.1463, 0.7652, 9.1055, 0.6868, 1.8722, 0.3947]
INFO:root:Last commanded torques from controller: [0.0, 0.0, 0.0, 0.0, 0.0, 0.0, 0.0]
INFO:root:Measured link-side joint torques: [-0.3314, -35.1463, 0.7652, 9.1055, 0.6667, 1.8658, 0.3947]
INFO:root:Last commanded torques from controller: [0.0, 0.0, 0.0, 0.0, 0.0, 0.0, 0.0]
INFO:root:Measured link-side joint torques: [-0.3314, -35.1225, 0.7652, 9.1055, 0.6804, 1.8722, 0.3535]
INFO:root:Last commanded torques from controller: [0.0, 0.0, 0.0, 0.0, 0.0, 0.0, 0.0]
INFO:root:Measured link-side joint torques: [-0.3314, -35.1701, 0.7176, 9.1055, 0.6667, 1.8786, 0.381]
INFO:root:Last commanded torques from controller: [0.0, 0.0, 0.0, 0.0, 0.0, 0.0, 0.0]
INFO:root:Measured link-side joint torques: [-0.3314, -35.1701, 0.7176, 9.1055, 0.6667, 1.8786, 0.381]
INFO:root:Last commanded torques from controller: [0.0, 0.0, 0.0, 0.0, 0.0, 0.0, 0.0]
INFO:root:Measured link-side joint torques: [-0.3314, -35.1701, 0.7652, 9.1332, 0.6804, 1.8786, 0.3197]
INFO:root:Last commanded torques from controller: [0.0, 0.0, 0.0, 0.0, 0.0, 0.0, 0.0]
INFO:root:Measured link-side joint torques: [-0.3314, -35.1701, 0.7176, 9.1055, 0.6868, 1.8859, 0.3609]
INFO:root:Last commanded torques from controller: [0.0, 0.0, 0.0, 0.0, 0.0, 0.0, 0.0]
INFO:root:Measured link-side joint torques: [-0.3552, -35.1701, 0.7176, 9.1332, 0.6731, 1.8859, 0.3407]
INFO:root:Last commanded torques from controller: [0.0, 0.0, 0.0, 0.0, 0.0, 0.0, 0.0]
INFO:root:Measured link-side joint torques: [-0.3552, -35.1701, 0.7652, 9.1055, 0.6731, 1.8722, 0.327]
INFO:root:Last commanded torques from controller: [0.0, 0.0, 0.0, 0.0, 0.0, 0.0, 0.0]
INFO:root:Measured link-side joint torques: [-0.3552, -35.1701, 0.7652, 9.1055, 0.6731, 1.8722, 0.327]
INFO:root:Last commanded torques from controller: [0.0, 0.0, 0.0, 0.0, 0.0, 0.0, 0.0]
INFO:root:Measured link-side joint torques: [-0.3037, -35.1701, 0.7176, 9.1055, 0.6731, 1.8658, 0.3334]
INFO:root:Last commanded torques from controller: [0.0, 0.0, 0.0, 0.0, 0.0, 0.0, 0.0]
INFO:root:Measured link-side joint torques: [-0.4068, -35.1225, 0.7176, 9.2046, 0.6868, 1.8786, 0.3535]
INFO:root:Last commanded torques from controller: [0.0, 0.0, 0.0, 0.0, 0.0, 0.0, 0.0]
INFO:root:Measured link-side joint torques: [-0.3037, -35.1463, 0.6699, 9.2046, 0.6731, 1.8923, 0.4222]
INFO:root:Last commanded torques from controller: [0.0, 0.0, 0.0, 0.0, 0.0, 0.0, 0.0]
INFO:root:Measured link-side joint torques: [-0.3552, -35.1701, 0.6938, 9.157, 0.6731, 1.8988, 0.3947]
INFO:root:Last commanded torques from controller: [0.0, 0.0, 0.0, 0.0, 0.0, 0.0, 0.0]
INFO:root:Measured link-side joint torques: [-0.3552, -35.1701, 0.6938, 9.157, 0.6731, 1.8988, 0.3947]
INFO:root:Last commanded torques from controller: [0.0, 0.0, 0.0, 0.0, 0.0, 0.0, 0.0]
INFO:root:Measured link-side joint torques: [-0.3552, -35.1979, 0.7176, 9.1332, 0.6731, 1.8859, 0.4222]
INFO:root:Last commanded torques from controller: [0.0, 0.0, 0.0, 0.0, 0.0, 0.0, 0.0]
INFO:root:Measured link-side joint torques: [-0.3314, -35.1979, 0.6699, 9.1808, 0.6731, 1.8859, 0.3947]
INFO:root:Last commanded torques from controller: [0.0, 0.0, 0.0, 0.0, 0.0, 0.0, 0.0]
INFO:root:Measured link-side joint torques: [-0.3314, -35.1979, 0.6699, 9.1808, 0.6868, 1.8585, 0.3407]
INFO:root:Last commanded torques from controller: [0.0, 0.0, 0.0, 0.0, 0.0, 0.0, 0.0]
INFO:root:Measured link-side joint torques: [-0.3314, -35.1701, 0.6699, 9.1808, 0.6804, 1.8722, 0.3535]
INFO:root:Last commanded torques from controller: [0.0, 0.0, 0.0, 0.0, 0.0, 0.0, 0.0]
INFO:root:Measured link-side joint torques: [-0.3314, -35.1701, 0.6699, 9.1808, 0.6804, 1.8722, 0.3535]
INFO:root:Last commanded torques from controller: [0.0, 0.0, 0.0, 0.0, 0.0, 0.0, 0.0]
INFO:root:Measured link-side joint torques: [-0.3552, -35.1701, 0.7176, 9.1808, 0.6868, 1.8859, 0.381]
INFO:root:Last commanded torques from controller: [0.0, 0.0, 0.0, 0.0, 0.0, 0.0, 0.0]
INFO:root:Measured link-side joint torques: [-0.379, -35.1463, 0.6938, 9.1332, 0.6667, 1.8988, 0.2931]
INFO:root:Last commanded torques from controller: [0.0, 0.0, 0.0, 0.0, 0.0, 0.0, 0.0]
INFO:root:Measured link-side joint torques: [-0.4068, -35.0948, 0.7176, 9.1808, 0.6667, 1.8988, 0.4085]
INFO:root:Last commanded torques from controller: [0.0, 0.0, 0.0, 0.0, 0.0, 0.0, 0.0]
INFO:root:Measured link-side joint torques: [-0.379, -35.1463, 0.6938, 9.1808, 0.6602, 1.8923, 0.381]
INFO:root:Last commanded torques from controller: [0.0, 0.0, 0.0, 0.0, 0.0, 0.0, 0.0]
INFO:root:Measured link-side joint torques: [-0.379, -35.1463, 0.6938, 9.1808, 0.6602, 1.8923, 0.381]
INFO:root:Last commanded torques from controller: [0.0, 0.0, 0.0, 0.0, 0.0, 0.0, 0.0]
INFO:root:Measured link-side joint torques: [-0.3314, -35.1701, 0.6699, 9.1332, 0.6602, 1.8923, 0.3746]
INFO:root:Last commanded torques from controller: [0.0, 0.0, 0.0, 0.0, 0.0, 0.0, 0.0]
INFO:root:Measured link-side joint torques: [-0.379, -35.1979, 0.7414, 9.1332, 0.6731, 1.8786, 0.327]
INFO:root:Last commanded torques from controller: [0.0, 0.0, 0.0, 0.0, 0.0, 0.0, 0.0]
INFO:root:Measured link-side joint torques: [-0.379, -35.1979, 0.7176, 9.157, 0.6804, 1.8722, 0.3746]
INFO:root:Last commanded torques from controller: [0.0, 0.0, 0.0, 0.0, 0.0, 0.0, 0.0]
INFO:root:Measured link-side joint torques: [-0.3314, -35.1463, 0.6938, 9.157, 0.6804, 1.8722, 0.4011]
INFO:root:Last commanded torques from controller: [0.0, 0.0, 0.0, 0.0, 0.0, 0.0, 0.0]
INFO:root:Measured link-side joint torques: [-0.3314, -35.1463, 0.6938, 9.157, 0.6804, 1.8722, 0.4011]
INFO:root:Last commanded torques from controller: [0.0, 0.0, 0.0, 0.0, 0.0, 0.0, 0.0]
INFO:root:Measured link-side joint torques: [-0.3314, -35.2455, 0.6938, 9.157, 0.6804, 1.8859, 0.381]
INFO:root:Last commanded torques from controller: [0.0, 0.0, 0.0, 0.0, 0.0, 0.0, 0.0]
INFO:root:Measured link-side joint torques: [-0.3552, -35.1979, 0.7176, 9.1808, 0.6667, 1.9125, 0.381]
INFO:root:Last commanded torques from controller: [0.0, 0.0, 0.0, 0.0, 0.0, 0.0, 0.0]
INFO:root:Measured link-side joint torques: [-0.3552, -35.1979, 0.7414, 9.157, 0.6731, 1.8923, 0.3334]
INFO:root:Last commanded torques from controller: [0.0, 0.0, 0.0, 0.0, 0.0, 0.0, 0.0]
INFO:root:Measured link-side joint torques: [-0.379, -35.1701, 0.6938, 9.1332, 0.6731, 1.8658, 0.4149]
INFO:root:Last commanded torques from controller: [0.0, 0.0, 0.0, 0.0, 0.0, 0.0, 0.0]
INFO:root:Measured link-side joint torques: [-0.379, -35.1701, 0.6938, 9.1332, 0.6731, 1.8658, 0.4149]
INFO:root:Last commanded torques from controller: [0.0, 0.0, 0.0, 0.0, 0.0, 0.0, 0.0]
INFO:root:Measured link-side joint torques: [-0.379, -35.1979, 0.6938, 9.1808, 0.6731, 1.8786, 0.2657]
INFO:root:Last commanded torques from controller: [0.0, 0.0, 0.0, 0.0, 0.0, 0.0, 0.0]
INFO:root:Measured link-side joint torques: [-0.3037, -35.1979, 0.7414, 9.1808, 0.6667, 1.8923, 0.4222]
INFO:root:Last commanded torques from controller: [0.0, 0.0, 0.0, 0.0, 0.0, 0.0, 0.0]
INFO:root:Measured link-side joint torques: [-0.3552, -35.1979, 0.7176, 9.1332, 0.6804, 1.8923, 0.3334]
INFO:root:Last commanded torques from controller: [0.0, 0.0, 0.0, 0.0, 0.0, 0.0, 0.0]
INFO:root:Measured link-side joint torques: [-0.3552, -35.1701, 0.7176, 9.1055, 0.6731, 1.8859, 0.3535]
INFO:root:Last commanded torques from controller: [0.0, 0.0, 0.0, 0.0, 0.0, 0.0, 0.0]
INFO:root:Measured link-side joint torques: [-0.3552, -35.1701, 0.7176, 9.1055, 0.6731, 1.8859, 0.3535]
INFO:root:Last commanded torques from controller: [0.0, 0.0, 0.0, 0.0, 0.0, 0.0, 0.0]
INFO:root:Measured link-side joint torques: [-0.379, -35.2217, 0.7414, 9.157, 0.6667, 1.8722, 0.327]
INFO:root:Last commanded torques from controller: [0.0, 0.0, 0.0, 0.0, 0.0, 0.0, 0.0]
INFO:root:Measured link-side joint torques: [-0.3552, -35.2217, 0.7176, 9.157, 0.6804, 1.8786, 0.3334]
INFO:root:Last commanded torques from controller: [0.0, 0.0, 0.0, 0.0, 0.0, 0.0, 0.0]
INFO:root:Measured link-side joint torques: [-0.3552, -35.2217, 0.7176, 9.1332, 0.6804, 1.8859, 0.3874]
INFO:root:Last commanded torques from controller: [0.0, 0.0, 0.0, 0.0, 0.0, 0.0, 0.0]
INFO:root:Measured link-side joint torques: [-0.4068, -35.2217, 0.6938, 9.157, 0.6804, 1.8923, 0.4286]
INFO:root:Last commanded torques from controller: [0.0, 0.0, 0.0, 0.0, 0.0, 0.0, 0.0]
INFO:root:Measured link-side joint torques: [-0.4068, -35.2217, 0.6938, 9.157, 0.6804, 1.8923, 0.4286]
INFO:root:Last commanded torques from controller: [0.0, 0.0, 0.0, 0.0, 0.0, 0.0, 0.0]
INFO:root:Measured link-side joint torques: [-0.3552, -35.1701, 0.7414, 9.1055, 0.6932, 1.8859, 0.3947]
INFO:root:Last commanded torques from controller: [0.0, 0.0, 0.0, 0.0, 0.0, 0.0, 0.0]
INFO:root:Measured link-side joint torques: [-0.4068, -35.1463, 0.7176, 9.157, 0.6731, 1.8859, 0.381]
INFO:root:Last commanded torques from controller: [0.0, 0.0, 0.0, 0.0, 0.0, 0.0, 0.0]
INFO:root:Measured link-side joint torques: [-0.3552, -35.1701, 0.7176, 9.1808, 0.6804, 1.8988, 0.327]
INFO:root:Last commanded torques from controller: [0.0, 0.0, 0.0, 0.0, 0.0, 0.0, 0.0]
INFO:root:Measured link-side joint torques: [-0.3314, -35.1701, 0.6938, 9.157, 0.6731, 1.8786, 0.381]
INFO:root:Last commanded torques from controller: [0.0, 0.0, 0.0, 0.0, 0.0, 0.0, 0.0]
INFO:root:Measured link-side joint torques: [-0.3314, -35.1701, 0.6938, 9.157, 0.6731, 1.8786, 0.381]
INFO:root:Last commanded torques from controller: [0.0, 0.0, 0.0, 0.0, 0.0, 0.0, 0.0]
INFO:root:Measured link-side joint torques: [-0.3552, -35.1701, 0.6938, 9.1332, 0.6868, 1.8658, 0.381]
INFO:root:Last commanded torques from controller: [0.0, 0.0, 0.0, 0.0, 0.0, 0.0, 0.0]
INFO:root:Measured link-side joint torques: [-0.3552, -35.1701, 0.7176, 9.157, 0.6667, 1.8457, 0.3059]
INFO:root:Last commanded torques from controller: [0.0, 0.0, 0.0, 0.0, 0.0, 0.0, 0.0]
INFO:root:Measured link-side joint torques: [-0.3314, -35.1463, 0.7176, 9.1055, 0.6667, 1.8658, 0.381]
INFO:root:Last commanded torques from controller: [0.0, 0.0, 0.0, 0.0, 0.0, 0.0, 0.0]
INFO:root:Measured link-side joint torques: [-0.379, -35.1701, 0.7176, 9.157, 0.6667, 1.8923, 0.3947]
INFO:root:Last commanded torques from controller: [0.0, 0.0, 0.0, 0.0, 0.0, 0.0, 0.0]
INFO:root:Measured link-side joint torques: [-0.379, -35.1701, 0.7176, 9.157, 0.6667, 1.8923, 0.3947]
INFO:root:Last commanded torques from controller: [0.0, 0.0, 0.0, 0.0, 0.0, 0.0, 0.0]
INFO:root:Measured link-side joint torques: [-0.3552, -35.2217, 0.6938, 9.0341, 0.6868, 1.8923, 0.3673]
INFO:root:Last commanded torques from controller: [0.0, 0.0, 0.0, 0.0, 0.0, 0.0, 0.0]
INFO:root:Measured link-side joint torques: [-0.3552, -35.1979, 0.7652, 9.1055, 0.6731, 1.8859, 0.3874]
INFO:root:Last commanded torques from controller: [0.0, 0.0, 0.0, 0.0, 0.0, 0.0, 0.0]
INFO:root:Measured link-side joint torques: [-0.379, -35.1701, 0.7176, 9.1332, 0.6731, 1.8923, 0.3947]
INFO:root:Last commanded torques from controller: [0.0, 0.0, 0.0, 0.0, 0.0, 0.0, 0.0]
INFO:root:Measured link-side joint torques: [-0.379, -35.1463, 0.7414, 9.0579, 0.6804, 1.8457, 0.3947]
INFO:root:Last commanded torques from controller: [0.0, 0.0, 0.0, 0.0, 0.0, 0.0, 0.0]
INFO:root:Measured link-side joint torques: [-0.379, -35.1463, 0.7414, 9.0579, 0.6804, 1.8457, 0.3947]
INFO:root:Last commanded torques from controller: [0.0, 0.0, 0.0, 0.0, 0.0, 0.0, 0.0]
INFO:root:Measured link-side joint torques: [-0.3552, -35.1701, 0.7176, 9.0817, 0.6804, 1.8585, 0.3673]
INFO:root:Last commanded torques from controller: [0.0, 0.0, 0.0, 0.0, 0.0, 0.0, 0.0]
INFO:root:Measured link-side joint torques: [-0.3552, -35.1701, 0.7414, 9.0341, 0.6804, 1.8722, 0.3133]
INFO:root:Last commanded torques from controller: [0.0, 0.0, 0.0, 0.0, 0.0, 0.0, 0.0]
INFO:root:Measured link-side joint torques: [-0.3314, -35.2217, 0.7414, 9.0341, 0.6667, 1.8786, 0.3133]
INFO:root:Last commanded torques from controller: [0.0, 0.0, 0.0, 0.0, 0.0, 0.0, 0.0]
INFO:root:Measured link-side joint torques: [-0.3314, -35.1701, 0.7176, 9.1055, 0.6667, 1.8658, 0.3673]
INFO:root:Last commanded torques from controller: [0.0, 0.0, 0.0, 0.0, 0.0, 0.0, 0.0]
INFO:root:Measured link-side joint torques: [-0.3314, -35.1701, 0.7176, 9.1055, 0.6667, 1.8658, 0.3673]
INFO:root:Last commanded torques from controller: [0.0, 0.0, 0.0, 0.0, 0.0, 0.0, 0.0]
INFO:root:Measured link-side joint torques: [-0.3552, -35.1225, 0.7652, 9.0579, 0.6804, 1.8786, 0.3535]
INFO:root:Last commanded torques from controller: [0.0, 0.0, 0.0, 0.0, 0.0, 0.0, 0.0]
INFO:root:Measured link-side joint torques: [-0.3552, -35.1701, 0.7414, 9.0579, 0.6804, 1.8859, 0.327]
INFO:root:Last commanded torques from controller: [0.0, 0.0, 0.0, 0.0, 0.0, 0.0, 0.0]
INFO:root:Measured link-side joint torques: [-0.3314, -35.1701, 0.7176, 9.0817, 0.6602, 1.8786, 0.3609]
INFO:root:Last commanded torques from controller: [0.0, 0.0, 0.0, 0.0, 0.0, 0.0, 0.0]
INFO:root:Measured link-side joint torques: [-0.3314, -35.1701, 0.6699, 9.0817, 0.6731, 1.8786, 0.3673]
INFO:root:Last commanded torques from controller: [0.0, 0.0, 0.0, 0.0, 0.0, 0.0, 0.0]
INFO:root:Measured link-side joint torques: [-0.3314, -35.1701, 0.6699, 9.0817, 0.6731, 1.8786, 0.3673]
INFO:root:Last commanded torques from controller: [0.0, 0.0, 0.0, 0.0, 0.0, 0.0, 0.0]
INFO:root:Measured link-side joint torques: [-0.3552, -35.1463, 0.7414, 9.0579, 0.6731, 1.8859, 0.327]
INFO:root:Last commanded torques from controller: [0.0, 0.0, 0.0, 0.0, 0.0, 0.0, 0.0]
INFO:root:Measured link-side joint torques: [-0.379, -35.1979, 0.7176, 9.0579, 0.6731, 1.8786, 0.3947]
INFO:root:Last commanded torques from controller: [0.0, 0.0, 0.0, 0.0, 0.0, 0.0, 0.0]
INFO:root:Measured link-side joint torques: [-0.3552, -35.1979, 0.7414, 9.0341, 0.6602, 1.8722, 0.3407]
INFO:root:Last commanded torques from controller: [0.0, 0.0, 0.0, 0.0, 0.0, 0.0, 0.0]
INFO:root:Measured link-side joint torques: [-0.3552, -35.1701, 0.6938, 9.0103, 0.6804, 1.8923, 0.435]
INFO:root:Last commanded torques from controller: [0.0, 0.0, 0.0, 0.0, 0.0, 0.0, 0.0]
INFO:root:Measured link-side joint torques: [-0.3552, -35.1701, 0.6938, 9.0103, 0.6804, 1.8923, 0.435]
INFO:root:Last commanded torques from controller: [0.0, 0.0, 0.0, 0.0, 0.0, 0.0, 0.0]
INFO:root:Measured link-side joint torques: [-0.3314, -35.1979, 0.7414, 9.0579, 0.6731, 1.8786, 0.3947]
INFO:root:Last commanded torques from controller: [0.0, 0.0, 0.0, 0.0, 0.0, 0.0, 0.0]
INFO:root:Measured link-side joint torques: [-0.3552, -35.1225, 0.7414, 9.0341, 0.6731, 1.8722, 0.3133]
INFO:root:Last commanded torques from controller: [0.0, 0.0, 0.0, 0.0, 0.0, 0.0, 0.0]
INFO:root:Measured link-side joint torques: [-0.3314, -35.1979, 0.7176, 9.0579, 0.6804, 1.8658, 0.2995]
INFO:root:Last commanded torques from controller: [0.0, 0.0, 0.0, 0.0, 0.0, 0.0, 0.0]
INFO:root:Measured link-side joint torques: [-0.379, -35.2217, 0.7652, 9.0817, 0.6731, 1.8585, 0.3535]
INFO:root:Last commanded torques from controller: [0.0, 0.0, 0.0, 0.0, 0.0, 0.0, 0.0]
INFO:root:Measured link-side joint torques: [-0.379, -35.2217, 0.7652, 9.0817, 0.6731, 1.8585, 0.3535]
INFO:root:Last commanded torques from controller: [0.0, 0.0, 0.0, 0.0, 0.0, 0.0, 0.0]
INFO:root:Measured link-side joint torques: [-0.3552, -35.2217, 0.7414, 9.0817, 0.6804, 1.8722, 0.3407]
INFO:root:Last commanded torques from controller: [0.0, 0.0, 0.0, 0.0, 0.0, 0.0, 0.0]
INFO:root:Measured link-side joint torques: [-0.3552, -35.1979, 0.6938, 9.0103, 0.6667, 1.8786, 0.3059]
INFO:root:Last commanded torques from controller: [0.0, 0.0, 0.0, 0.0, 0.0, 0.0, 0.0]
INFO:root:Measured link-side joint torques: [-0.3314, -35.1979, 0.7176, 9.157, 0.6667, 1.8786, 0.3746]
INFO:root:Last commanded torques from controller: [0.0, 0.0, 0.0, 0.0, 0.0, 0.0, 0.0]
INFO:root:Measured link-side joint torques: [-0.3314, -35.1463, 0.7176, 9.1332, 0.6731, 1.8722, 0.4085]
INFO:root:Last commanded torques from controller: [0.0, 0.0, 0.0, 0.0, 0.0, 0.0, 0.0]
INFO:root:Measured link-side joint torques: [-0.3314, -35.1463, 0.7176, 9.1332, 0.6731, 1.8722, 0.4085]
INFO:root:Last commanded torques from controller: [0.0, 0.0, 0.0, 0.0, 0.0, 0.0, 0.0]
INFO:root:Measured link-side joint torques: [-0.379, -35.2217, 0.6938, 9.0817, 0.6731, 1.8722, 0.327]
INFO:root:Last commanded torques from controller: [0.0, 0.0, 0.0, 0.0, 0.0, 0.0, 0.0]
INFO:root:Measured link-side joint torques: [-0.3552, -35.1701, 0.7414, 9.1332, 0.6731, 1.8658, 0.381]
INFO:root:Last commanded torques from controller: [0.0, 0.0, 0.0, 0.0, 0.0, 0.0, 0.0]
INFO:root:Measured link-side joint torques: [-0.3552, -35.1979, 0.7652, 9.0817, 0.6868, 1.8585, 0.3746]
INFO:root:Last commanded torques from controller: [0.0, 0.0, 0.0, 0.0, 0.0, 0.0, 0.0]
INFO:root:Measured link-side joint torques: [-0.2799, -35.1463, 0.7176, 9.0103, 0.6868, 1.8658, 0.3947]
INFO:root:Last commanded torques from controller: [0.0, 0.0, 0.0, 0.0, 0.0, 0.0, 0.0]
INFO:root:Measured link-side joint torques: [-0.2799, -35.1463, 0.7176, 9.0103, 0.6868, 1.8658, 0.3947]
INFO:root:Last commanded torques from controller: [0.0, 0.0, 0.0, 0.0, 0.0, 0.0, 0.0]
INFO:root:Measured link-side joint torques: [-0.3037, -35.1225, 0.7652, 9.1055, 0.6602, 1.8585, 0.3874]
INFO:root:Last commanded torques from controller: [0.0, 0.0, 0.0, 0.0, 0.0, 0.0, 0.0]
INFO:root:Measured link-side joint torques: [-0.3552, -35.1463, 0.7414, 9.0103, 0.6804, 1.8722, 0.3334]
INFO:root:Last commanded torques from controller: [0.0, 0.0, 0.0, 0.0, 0.0, 0.0, 0.0]
INFO:root:Measured link-side joint torques: [-0.3314, -35.1463, 0.7414, 9.0103, 0.6731, 1.8658, 0.327]
INFO:root:Last commanded torques from controller: [0.0, 0.0, 0.0, 0.0, 0.0, 0.0, 0.0]
INFO:root:Measured link-side joint torques: [-0.3552, -35.1701, 0.7414, 9.0579, 0.6804, 1.8658, 0.3673]
INFO:root:Last commanded torques from controller: [0.0, 0.0, 0.0, 0.0, 0.0, 0.0, 0.0]
INFO:root:Measured link-side joint torques: [-0.3552, -35.1701, 0.7414, 9.0579, 0.6804, 1.8658, 0.3673]
INFO:root:Last commanded torques from controller: [0.0, 0.0, 0.0, 0.0, 0.0, 0.0, 0.0]
INFO:root:Measured link-side joint torques: [-0.3037, -35.0948, 0.7414, 9.0817, 0.6804, 1.8585, 0.327]
INFO:root:Last commanded torques from controller: [0.0, 0.0, 0.0, 0.0, 0.0, 0.0, 0.0]
INFO:root:Measured link-side joint torques: [-0.3314, -35.1463, 0.7414, 9.0103, 0.6731, 1.8521, 0.327]
INFO:root:Last commanded torques from controller: [0.0, 0.0, 0.0, 0.0, 0.0, 0.0, 0.0]
INFO:root:Measured link-side joint torques: [-0.3037, -35.1225, 0.7414, 9.0579, 0.6667, 1.8585, 0.3609]
INFO:root:Last commanded torques from controller: [0.0, 0.0, 0.0, 0.0, 0.0, 0.0, 0.0]
INFO:root:Measured link-side joint torques: [-0.3314, -35.1463, 0.7414, 9.0817, 0.6667, 1.8786, 0.381]
INFO:root:Last commanded torques from controller: [0.0, 0.0, 0.0, 0.0, 0.0, 0.0, 0.0]
INFO:root:Measured link-side joint torques: [-0.3314, -35.1463, 0.7414, 9.0817, 0.6667, 1.8786, 0.381]
INFO:root:Last commanded torques from controller: [0.0, 0.0, 0.0, 0.0, 0.0, 0.0, 0.0]
INFO:root:Measured link-side joint torques: [-0.379, -35.1225, 0.7414, 9.1055, 0.6731, 1.8585, 0.381]
INFO:root:Last commanded torques from controller: [0.0, 0.0, 0.0, 0.0, 0.0, 0.0, 0.0]
INFO:root:Measured link-side joint torques: [-0.2799, -35.1463, 0.7652, 9.0341, 0.6667, 1.8585, 0.3334]
INFO:root:Last commanded torques from controller: [0.0, 0.0, 0.0, 0.0, 0.0, 0.0, 0.0]
INFO:root:Measured link-side joint torques: [-0.3314, -35.1225, 0.7176, 9.0341, 0.6667, 1.8585, 0.3407]
INFO:root:Last commanded torques from controller: [0.0, 0.0, 0.0, 0.0, 0.0, 0.0, 0.0]
INFO:root:Measured link-side joint torques: [-0.3037, -35.1225, 0.7652, 9.0341, 0.6731, 1.8722, 0.435]
INFO:root:Last commanded torques from controller: [0.0, 0.0, 0.0, 0.0, 0.0, 0.0, 0.0]
INFO:root:Measured link-side joint torques: [-0.3037, -35.1225, 0.7652, 9.0341, 0.6731, 1.8722, 0.435]
INFO:root:Last commanded torques from controller: [0.0, 0.0, 0.0, 0.0, 0.0, 0.0, 0.0]
INFO:root:Measured link-side joint torques: [-0.3552, -35.0709, 0.7652, 9.0817, 0.6667, 1.8722, 0.3535]
INFO:root:Last commanded torques from controller: [0.0, 0.0, 0.0, 0.0, 0.0, 0.0, 0.0]
INFO:root:Measured link-side joint torques: [-0.3552, -35.0948, 0.7652, 9.0103, 0.6804, 1.8521, 0.4085]
INFO:root:Last commanded torques from controller: [0.0, 0.0, 0.0, 0.0, 0.0, 0.0, 0.0]
INFO:root:Measured link-side joint torques: [-0.3552, -35.0709, 0.7176, 9.0341, 0.6667, 1.8585, 0.3059]
INFO:root:Last commanded torques from controller: [0.0, 0.0, 0.0, 0.0, 0.0, 0.0, 0.0]
INFO:root:Measured link-side joint torques: [-0.3552, -35.0709, 0.7652, 9.0341, 0.6667, 1.8658, 0.3673]
INFO:root:Last commanded torques from controller: [0.0, 0.0, 0.0, 0.0, 0.0, 0.0, 0.0]
INFO:root:Measured link-side joint torques: [-0.3552, -35.0709, 0.7652, 9.0341, 0.6667, 1.8658, 0.3673]
INFO:root:Last commanded torques from controller: [0.0, 0.0, 0.0, 0.0, 0.0, 0.0, 0.0]
INFO:root:Measured link-side joint torques: [-0.3037, -35.0709, 0.7414, 9.0579, 0.6602, 1.8658, 0.4222]
INFO:root:Last commanded torques from controller: [0.0, 0.0, 0.0, 0.0, 0.0, 0.0, 0.0]
INFO:root:Measured link-side joint torques: [-0.2799, -35.0709, 0.7929, 9.0103, 0.6731, 1.8457, 0.3874]
INFO:root:Last commanded torques from controller: [0.0, 0.0, 0.0, 0.0, 0.0, 0.0, 0.0]
INFO:root:Measured link-side joint torques: [-0.3314, -35.0709, 0.7652, 9.0341, 0.6804, 1.8521, 0.3874]
INFO:root:Last commanded torques from controller: [0.0, 0.0, 0.0, 0.0, 0.0, 0.0, 0.0]
INFO:root:Measured link-side joint torques: [-0.3037, -35.0948, 0.7929, 9.0341, 0.6804, 1.8585, 0.4149]
INFO:root:Last commanded torques from controller: [0.0, 0.0, 0.0, 0.0, 0.0, 0.0, 0.0]
INFO:root:Measured link-side joint torques: [-0.3037, -35.0948, 0.7929, 9.0341, 0.6804, 1.8585, 0.4149]
INFO:root:Last commanded torques from controller: [0.0, 0.0, 0.0, 0.0, 0.0, 0.0, 0.0]
INFO:root:Measured link-side joint torques: [-0.3552, -35.0948, 0.7414, 9.0341, 0.6667, 1.8521, 0.3535]
INFO:root:Last commanded torques from controller: [0.0, 0.0, 0.0, 0.0, 0.0, 0.0, 0.0]
INFO:root:Measured link-side joint torques: [-0.3037, -35.1701, 0.7414, 9.0341, 0.6667, 1.8521, 0.3535]
INFO:root:Last commanded torques from controller: [0.0, 0.0, 0.0, 0.0, 0.0, 0.0, 0.0]
INFO:root:Measured link-side joint torques: [-0.3314, -35.1225, 0.7652, 9.0579, 0.6731, 1.8585, 0.2995]
INFO:root:Last commanded torques from controller: [0.0, 0.0, 0.0, 0.0, 0.0, 0.0, 0.0]
INFO:root:Measured link-side joint torques: [-0.3314, -35.2217, 0.7414, 9.0103, 0.6731, 1.8585, 0.3673]
INFO:root:Last commanded torques from controller: [0.0, 0.0, 0.0, 0.0, 0.0, 0.0, 0.0]
INFO:root:Measured link-side joint torques: [-0.3314, -35.2217, 0.7414, 9.0103, 0.6731, 1.8585, 0.3673]
INFO:root:Last commanded torques from controller: [0.0, 0.0, 0.0, 0.0, 0.0, 0.0, 0.0]
INFO:root:Measured link-side joint torques: [-0.3552, -35.1701, 0.7414, 9.0103, 0.6731, 1.8658, 0.3947]
INFO:root:Last commanded torques from controller: [0.0, 0.0, 0.0, 0.0, 0.0, 0.0, 0.0]
INFO:root:Measured link-side joint torques: [-0.3552, -35.0948, 0.7176, 9.0817, 0.6667, 1.8521, 0.2583]
INFO:root:Last commanded torques from controller: [0.0, 0.0, 0.0, 0.0, 0.0, 0.0, 0.0]
INFO:root:Measured link-side joint torques: [-0.3037, -35.1225, 0.7414, 9.0579, 0.6804, 1.8521, 0.3673]
INFO:root:Last commanded torques from controller: [0.0, 0.0, 0.0, 0.0, 0.0, 0.0, 0.0]
INFO:root:Measured link-side joint torques: [-0.3552, -35.0948, 0.7176, 9.0103, 0.6731, 1.8585, 0.3673]
INFO:root:Last commanded torques from controller: [0.0, 0.0, 0.0, 0.0, 0.0, 0.0, 0.0]
INFO:root:Measured link-side joint torques: [-0.3552, -35.0948, 0.7176, 9.0103, 0.6731, 1.8585, 0.3673]
INFO:root:Last commanded torques from controller: [0.0, 0.0, 0.0, 0.0, 0.0, 0.0, 0.0]
INFO:root:Measured link-side joint torques: [-0.3314, -35.1701, 0.7176, 9.0103, 0.6667, 1.8521, 0.327]
INFO:root:Last commanded torques from controller: [0.0, 0.0, 0.0, 0.0, 0.0, 0.0, 0.0]
INFO:root:Measured link-side joint torques: [-0.3552, -35.1463, 0.7176, 9.0103, 0.6804, 1.8585, 0.3471]
INFO:root:Last commanded torques from controller: [0.0, 0.0, 0.0, 0.0, 0.0, 0.0, 0.0]
INFO:root:Measured link-side joint torques: [-0.3552, -35.1979, 0.7176, 9.0341, 0.6804, 1.8457, 0.381]
INFO:root:Last commanded torques from controller: [0.0, 0.0, 0.0, 0.0, 0.0, 0.0, 0.0]
INFO:root:Measured link-side joint torques: [-0.379, -35.1701, 0.7414, 9.0103, 0.6602, 1.8585, 0.4286]
INFO:root:Last commanded torques from controller: [0.0, 0.0, 0.0, 0.0, 0.0, 0.0, 0.0]
INFO:root:Measured link-side joint torques: [-0.379, -35.1701, 0.7414, 9.0103, 0.6602, 1.8585, 0.4286]
INFO:root:Last commanded torques from controller: [0.0, 0.0, 0.0, 0.0, 0.0, 0.0, 0.0]
INFO:root:Measured link-side joint torques: [-0.3037, -35.1463, 0.8167, 8.9825, 0.6667, 1.8585, 0.3535]
INFO:root:Last commanded torques from controller: [0.0, 0.0, 0.0, 0.0, 0.0, 0.0, 0.0]
INFO:root:Measured link-side joint torques: [-0.3314, -35.0948, 0.7414, 9.0341, 0.6804, 1.8521, 0.3407]
INFO:root:Last commanded torques from controller: [0.0, 0.0, 0.0, 0.0, 0.0, 0.0, 0.0]
INFO:root:Measured link-side joint torques: [-0.3314, -35.0948, 0.7176, 9.0341, 0.6667, 1.8585, 0.327]
INFO:root:Last commanded torques from controller: [0.0, 0.0, 0.0, 0.0, 0.0, 0.0, 0.0]
INFO:root:Measured link-side joint torques: [-0.3314, -35.1463, 0.7414, 9.0341, 0.6804, 1.8585, 0.3746]
INFO:root:Last commanded torques from controller: [0.0, 0.0, 0.0, 0.0, 0.0, 0.0, 0.0]
INFO:root:Measured link-side joint torques: [-0.3314, -35.1463, 0.7414, 9.0341, 0.6804, 1.8585, 0.3746]
INFO:root:Last commanded torques from controller: [0.0, 0.0, 0.0, 0.0, 0.0, 0.0, 0.0]
INFO:root:Measured link-side joint torques: [-0.3552, -35.1225, 0.7414, 9.0103, 0.6667, 1.8457, 0.381]
INFO:root:Last commanded torques from controller: [0.0, 0.0, 0.0, 0.0, 0.0, 0.0, 0.0]
INFO:root:Measured link-side joint torques: [-0.3552, -35.0471, 0.7176, 9.0341, 0.6538, 1.8521, 0.327]
INFO:root:Last commanded torques from controller: [0.0, 0.0, 0.0, 0.0, 0.0, 0.0, 0.0]
INFO:root:Measured link-side joint torques: [-0.3552, -35.0709, 0.7176, 9.0579, 0.6731, 1.8457, 0.3407]
INFO:root:Last commanded torques from controller: [0.0, 0.0, 0.0, 0.0, 0.0, 0.0, 0.0]
INFO:root:Measured link-side joint torques: [-0.3314, -35.0948, 0.7652, 9.0341, 0.6667, 1.8585, 0.3947]
INFO:root:Last commanded torques from controller: [0.0, 0.0, 0.0, 0.0, 0.0, 0.0, 0.0]
INFO:root:Measured link-side joint torques: [-0.3314, -35.0948, 0.7652, 9.0341, 0.6667, 1.8585, 0.3947]
INFO:root:Last commanded torques from controller: [0.0, 0.0, 0.0, 0.0, 0.0, 0.0, 0.0]
INFO:root:Measured link-side joint torques: [-0.3314, -35.1463, 0.7176, 9.0579, 0.6731, 1.8383, 0.3133]
INFO:root:Last commanded torques from controller: [0.0, 0.0, 0.0, 0.0, 0.0, 0.0, 0.0]
INFO:root:Measured link-side joint torques: [-0.3552, -35.1225, 0.6938, 9.1332, 0.6804, 1.8383, 0.3535]
INFO:root:Last commanded torques from controller: [0.0, 0.0, 0.0, 0.0, 0.0, 0.0, 0.0]
INFO:root:Measured link-side joint torques: [-0.3314, -35.1463, 0.6938, 9.0579, 0.6667, 1.8521, 0.3535]
INFO:root:Last commanded torques from controller: [0.0, 0.0, 0.0, 0.0, 0.0, 0.0, 0.0]
INFO:root:Measured link-side joint torques: [-0.3037, -35.0948, 0.7414, 9.0341, 0.6731, 1.8658, 0.4488]
INFO:root:Last commanded torques from controller: [0.0, 0.0, 0.0, 0.0, 0.0, 0.0, 0.0]
INFO:root:Measured link-side joint torques: [-0.3037, -35.0948, 0.7414, 9.0341, 0.6731, 1.8658, 0.4488]
INFO:root:Last commanded torques from controller: [0.0, 0.0, 0.0, 0.0, 0.0, 0.0, 0.0]
INFO:root:Measured link-side joint torques: [-0.379, -35.0948, 0.7176, 9.0579, 0.6731, 1.8585, 0.3673]
INFO:root:Last commanded torques from controller: [0.0, 0.0, 0.0, 0.0, 0.0, 0.0, 0.0]
INFO:root:Measured link-side joint torques: [-0.3314, -35.1701, 0.7414, 9.0817, 0.6602, 1.8521, 0.3334]
INFO:root:Last commanded torques from controller: [0.0, 0.0, 0.0, 0.0, 0.0, 0.0, 0.0]
INFO:root:Measured link-side joint torques: [-0.379, -35.1463, 0.7414, 9.0341, 0.6868, 1.8319, 0.2995]
INFO:root:Last commanded torques from controller: [0.0, 0.0, 0.0, 0.0, 0.0, 0.0, 0.0]
INFO:root:Measured link-side joint torques: [-0.379, -35.1463, 0.7176, 9.0817, 0.6804, 1.8319, 0.3535]
INFO:root:Last commanded torques from controller: [0.0, 0.0, 0.0, 0.0, 0.0, 0.0, 0.0]
INFO:root:Measured link-side joint torques: [-0.379, -35.1463, 0.7176, 9.0817, 0.6804, 1.8319, 0.3535]
INFO:root:Last commanded torques from controller: [0.0, 0.0, 0.0, 0.0, 0.0, 0.0, 0.0]
INFO:root:Measured link-side joint torques: [-0.3552, -35.1463, 0.7176, 9.0579, 0.6731, 1.8521, 0.327]
INFO:root:Last commanded torques from controller: [0.0, 0.0, 0.0, 0.0, 0.0, 0.0, 0.0]
INFO:root:Measured link-side joint torques: [-0.3552, -35.1463, 0.6699, 9.0341, 0.6731, 1.8585, 0.327]
INFO:root:Last commanded torques from controller: [0.0, 0.0, 0.0, 0.0, 0.0, 0.0, 0.0]
INFO:root:Measured link-side joint torques: [-0.4068, -35.1463, 0.7176, 9.0579, 0.6731, 1.8585, 0.3746]
INFO:root:Last commanded torques from controller: [0.0, 0.0, 0.0, 0.0, 0.0, 0.0, 0.0]
INFO:root:Measured link-side joint torques: [-0.3552, -35.1225, 0.7652, 9.0103, 0.6602, 1.8383, 0.3673]
INFO:root:Last commanded torques from controller: [0.0, 0.0, 0.0, 0.0, 0.0, 0.0, 0.0]
INFO:root:Measured link-side joint torques: [-0.3552, -35.1225, 0.7652, 9.0103, 0.6602, 1.8383, 0.3673]
INFO:root:Last commanded torques from controller: [0.0, 0.0, 0.0, 0.0, 0.0, 0.0, 0.0]
INFO:root:Measured link-side joint torques: [-0.3552, -35.1701, 0.6938, 9.0341, 0.6667, 1.8658, 0.3535]
INFO:root:Last commanded torques from controller: [0.0, 0.0, 0.0, 0.0, 0.0, 0.0, 0.0]
INFO:root:Measured link-side joint torques: [-0.379, -35.1225, 0.6699, 9.0103, 0.6538, 1.8585, 0.3947]
INFO:root:Last commanded torques from controller: [0.0, 0.0, 0.0, 0.0, 0.0, 0.0, 0.0]
INFO:root:Measured link-side joint torques: [-0.379, -35.1701, 0.6699, 8.9587, 0.6731, 1.8521, 0.2858]
INFO:root:Last commanded torques from controller: [0.0, 0.0, 0.0, 0.0, 0.0, 0.0, 0.0]
INFO:root:Measured link-side joint torques: [-0.379, -35.1463, 0.7176, 9.0341, 0.6804, 1.8457, 0.3673]
INFO:root:Last commanded torques from controller: [0.0, 0.0, 0.0, 0.0, 0.0, 0.0, 0.0]
INFO:root:Measured link-side joint torques: [-0.379, -35.1463, 0.7176, 9.0341, 0.6804, 1.8457, 0.3673]
INFO:root:Last commanded torques from controller: [0.0, 0.0, 0.0, 0.0, 0.0, 0.0, 0.0]
INFO:root:Measured link-side joint torques: [-0.3552, -35.1463, 0.7414, 9.0103, 0.6804, 1.8319, 0.381]
INFO:root:Last commanded torques from controller: [0.0, 0.0, 0.0, 0.0, 0.0, 0.0, 0.0]
INFO:root:Measured link-side joint torques: [-0.379, -35.1701, 0.6938, 9.0103, 0.6667, 1.8457, 0.2995]
INFO:root:Last commanded torques from controller: [0.0, 0.0, 0.0, 0.0, 0.0, 0.0, 0.0]
INFO:root:Measured link-side joint torques: [-0.379, -35.1463, 0.6938, 9.0103, 0.6667, 1.8585, 0.3535]
INFO:root:Last commanded torques from controller: [0.0, 0.0, 0.0, 0.0, 0.0, 0.0, 0.0]
INFO:root:Measured link-side joint torques: [-0.379, -35.1701, 0.7176, 9.0341, 0.6868, 1.8383, 0.381]
INFO:root:Last commanded torques from controller: [0.0, 0.0, 0.0, 0.0, 0.0, 0.0, 0.0]
INFO:root:Measured link-side joint torques: [-0.379, -35.1701, 0.7176, 9.0341, 0.6868, 1.8383, 0.381]
INFO:root:Last commanded torques from controller: [0.0, 0.0, 0.0, 0.0, 0.0, 0.0, 0.0]
INFO:root:Measured link-side joint torques: [-0.379, -35.1463, 0.7176, 8.9825, 0.6731, 1.8383, 0.4222]
INFO:root:Last commanded torques from controller: [0.0, 0.0, 0.0, 0.0, 0.0, 0.0, 0.0]
INFO:root:Measured link-side joint torques: [-0.379, -35.1463, 0.7176, 9.0103, 0.6731, 1.8457, 0.3673]
INFO:root:Last commanded torques from controller: [0.0, 0.0, 0.0, 0.0, 0.0, 0.0, 0.0]
INFO:root:Measured link-side joint torques: [-0.3552, -35.1979, 0.6938, 9.0103, 0.6602, 1.8457, 0.327]
INFO:root:Last commanded torques from controller: [0.0, 0.0, 0.0, 0.0, 0.0, 0.0, 0.0]
INFO:root:Measured link-side joint torques: [-0.379, -35.1701, 0.6938, 8.9825, 0.6868, 1.8383, 0.4222]
INFO:root:Last commanded torques from controller: [0.0, 0.0, 0.0, 0.0, 0.0, 0.0, 0.0]
INFO:root:Measured link-side joint torques: [-0.379, -35.1701, 0.6938, 8.9825, 0.6868, 1.8383, 0.4222]
INFO:root:Last commanded torques from controller: [0.0, 0.0, 0.0, 0.0, 0.0, 0.0, 0.0]
INFO:root:Measured link-side joint torques: [-0.3552, -35.1225, 0.7176, 9.0103, 0.6731, 1.8319, 0.3673]
INFO:root:Last commanded torques from controller: [0.0, 0.0, 0.0, 0.0, 0.0, 0.0, 0.0]
INFO:root:Measured link-side joint torques: [-0.379, -35.1225, 0.7414, 9.0103, 0.6538, 1.8457, 0.3673]
INFO:root:Last commanded torques from controller: [0.0, 0.0, 0.0, 0.0, 0.0, 0.0, 0.0]
INFO:root:Measured link-side joint torques: [-0.3314, -35.1463, 0.6699, 9.0341, 0.6731, 1.8457, 0.3059]
INFO:root:Last commanded torques from controller: [0.0, 0.0, 0.0, 0.0, 0.0, 0.0, 0.0]
INFO:root:Measured link-side joint torques: [-0.3552, -35.0948, 0.7929, 9.0103, 0.6731, 1.8383, 0.3673]
INFO:root:Last commanded torques from controller: [0.0, 0.0, 0.0, 0.0, 0.0, 0.0, 0.0]
INFO:root:Measured link-side joint torques: [-0.3552, -35.0948, 0.7929, 9.0103, 0.6731, 1.8383, 0.3673]
INFO:root:Last commanded torques from controller: [0.0, 0.0, 0.0, 0.0, 0.0, 0.0, 0.0]
INFO:root:Measured link-side joint torques: [-0.3314, -35.1463, 0.7414, 8.9587, 0.6667, 1.8457, 0.3874]
INFO:root:Last commanded torques from controller: [0.0, 0.0, 0.0, 0.0, 0.0, 0.0, 0.0]
INFO:root:Measured link-side joint torques: [-0.3314, -35.0948, 0.7414, 8.9825, 0.6667, 1.8585, 0.3947]
INFO:root:Last commanded torques from controller: [0.0, 0.0, 0.0, 0.0, 0.0, 0.0, 0.0]
INFO:root:Measured link-side joint torques: [-0.3552, -35.0948, 0.7652, 9.0103, 0.6731, 1.8457, 0.3609]
INFO:root:Last commanded torques from controller: [0.0, 0.0, 0.0, 0.0, 0.0, 0.0, 0.0]
INFO:root:Measured link-side joint torques: [-0.3552, -35.0948, 0.7176, 8.9825, 0.6731, 1.8319, 0.381]
INFO:root:Last commanded torques from controller: [0.0, 0.0, 0.0, 0.0, 0.0, 0.0, 0.0]
INFO:root:Measured link-side joint torques: [-0.3552, -35.0948, 0.7176, 8.9825, 0.6731, 1.8319, 0.381]
INFO:root:Last commanded torques from controller: [0.0, 0.0, 0.0, 0.0, 0.0, 0.0, 0.0]
INFO:root:Measured link-side joint torques: [-0.3314, -35.1463, 0.6938, 8.9825, 0.6731, 1.8255, 0.3874]
INFO:root:Last commanded torques from controller: [0.0, 0.0, 0.0, 0.0, 0.0, 0.0, 0.0]
INFO:root:Measured link-side joint torques: [-0.3314, -35.1225, 0.7652, 9.0103, 0.6602, 1.8383, 0.3133]
INFO:root:Last commanded torques from controller: [0.0, 0.0, 0.0, 0.0, 0.0, 0.0, 0.0]
INFO:root:Measured link-side joint torques: [-0.379, -35.1463, 0.7652, 9.0341, 0.6731, 1.8383, 0.3407]
INFO:root:Last commanded torques from controller: [0.0, 0.0, 0.0, 0.0, 0.0, 0.0, 0.0]
INFO:root:Measured link-side joint torques: [-0.3552, -35.1701, 0.7176, 9.0341, 0.6731, 1.8383, 0.4689]
INFO:root:Last commanded torques from controller: [0.0, 0.0, 0.0, 0.0, 0.0, 0.0, 0.0]
INFO:root:Measured link-side joint torques: [-0.3552, -35.1701, 0.7176, 9.0341, 0.6731, 1.8383, 0.4689]
INFO:root:Last commanded torques from controller: [0.0, 0.0, 0.0, 0.0, 0.0, 0.0, 0.0]
INFO:root:Measured link-side joint torques: [-0.3314, -35.0948, 0.7414, 9.0103, 0.6804, 1.8521, 0.3874]
INFO:root:Last commanded torques from controller: [0.0, 0.0, 0.0, 0.0, 0.0, 0.0, 0.0]
INFO:root:Measured link-side joint torques: [-0.3314, -35.0948, 0.7414, 9.0103, 0.6667, 1.8319, 0.2995]
INFO:root:Last commanded torques from controller: [0.0, 0.0, 0.0, 0.0, 0.0, 0.0, 0.0]
INFO:root:Measured link-side joint torques: [-0.3552, -35.1979, 0.7176, 9.0103, 0.6868, 1.8383, 0.3535]
INFO:root:Last commanded torques from controller: [0.0, 0.0, 0.0, 0.0, 0.0, 0.0, 0.0]
INFO:root:Measured link-side joint torques: [-0.3314, -35.1225, 0.7176, 9.0103, 0.6804, 1.8383, 0.3535]
INFO:root:Last commanded torques from controller: [0.0, 0.0, 0.0, 0.0, 0.0, 0.0, 0.0]
INFO:root:Measured link-side joint torques: [-0.3314, -35.1225, 0.7176, 9.0103, 0.6804, 1.8383, 0.3535]
INFO:root:Last commanded torques from controller: [0.0, 0.0, 0.0, 0.0, 0.0, 0.0, 0.0]
INFO:root:Measured link-side joint torques: [-0.3552, -35.1225, 0.7414, 9.0341, 0.6667, 1.8319, 0.3197]
INFO:root:Last commanded torques from controller: [0.0, 0.0, 0.0, 0.0, 0.0, 0.0, 0.0]
INFO:root:Measured link-side joint torques: [-0.3037, -35.1225, 0.7414, 9.0341, 0.6804, 1.8319, 0.3407]
INFO:root:Last commanded torques from controller: [0.0, 0.0, 0.0, 0.0, 0.0, 0.0, 0.0]
INFO:root:Measured link-side joint torques: [-0.3552, -35.1701, 0.6938, 9.0579, 0.6602, 1.8457, 0.3673]
INFO:root:Last commanded torques from controller: [0.0, 0.0, 0.0, 0.0, 0.0, 0.0, 0.0]
INFO:root:Measured link-side joint torques: [-0.3314, -35.1463, 0.6938, 9.0341, 0.6731, 1.8521, 0.3874]
INFO:root:Last commanded torques from controller: [0.0, 0.0, 0.0, 0.0, 0.0, 0.0, 0.0]
INFO:root:Measured link-side joint torques: [-0.3314, -35.1463, 0.6938, 9.0341, 0.6731, 1.8521, 0.3874]
INFO:root:Last commanded torques from controller: [0.0, 0.0, 0.0, 0.0, 0.0, 0.0, 0.0]
INFO:root:Measured link-side joint torques: [-0.3552, -35.1463, 0.6938, 8.9825, 0.6602, 1.8521, 0.3535]
INFO:root:Last commanded torques from controller: [0.0, 0.0, 0.0, 0.0, 0.0, 0.0, 0.0]
INFO:root:Measured link-side joint torques: [-0.3314, -35.1225, 0.6938, 8.9825, 0.6667, 1.8383, 0.3535]
INFO:root:Last commanded torques from controller: [0.0, 0.0, 0.0, 0.0, 0.0, 0.0, 0.0]
INFO:root:Measured link-side joint torques: [-0.3552, -35.1225, 0.6699, 8.9587, 0.6602, 1.8383, 0.2931]
INFO:root:Last commanded torques from controller: [0.0, 0.0, 0.0, 0.0, 0.0, 0.0, 0.0]
INFO:root:Measured link-side joint torques: [-0.3552, -35.1701, 0.7414, 9.0103, 0.6667, 1.8457, 0.3535]
INFO:root:Last commanded torques from controller: [0.0, 0.0, 0.0, 0.0, 0.0, 0.0, 0.0]
INFO:root:Measured link-side joint torques: [-0.3552, -35.1701, 0.7414, 9.0103, 0.6667, 1.8457, 0.3535]
INFO:root:Last commanded torques from controller: [0.0, 0.0, 0.0, 0.0, 0.0, 0.0, 0.0]
INFO:root:Measured link-side joint torques: [-0.3552, -35.1979, 0.7414, 9.0579, 0.6804, 1.8521, 0.3673]
INFO:root:Last commanded torques from controller: [0.0, 0.0, 0.0, 0.0, 0.0, 0.0, 0.0]
INFO:root:Measured link-side joint torques: [-0.3552, -35.1225, 0.7176, 9.0103, 0.6804, 1.8457, 0.2858]
INFO:root:Last commanded torques from controller: [0.0, 0.0, 0.0, 0.0, 0.0, 0.0, 0.0]
INFO:root:Measured link-side joint torques: [-0.379, -35.1701, 0.7414, 9.0341, 0.6804, 1.8457, 0.3746]
INFO:root:Last commanded torques from controller: [0.0, 0.0, 0.0, 0.0, 0.0, 0.0, 0.0]
INFO:root:Measured link-side joint torques: [-0.3314, -35.1463, 0.6938, 9.0103, 0.6731, 1.8383, 0.381]
INFO:root:Last commanded torques from controller: [0.0, 0.0, 0.0, 0.0, 0.0, 0.0, 0.0]
INFO:root:Measured link-side joint torques: [-0.3314, -35.1463, 0.6938, 9.0103, 0.6731, 1.8383, 0.381]
INFO:root:Last commanded torques from controller: [0.0, 0.0, 0.0, 0.0, 0.0, 0.0, 0.0]
INFO:root:Measured link-side joint torques: [-0.3314, -35.1701, 0.7414, 9.0341, 0.6602, 1.8319, 0.327]
INFO:root:Last commanded torques from controller: [0.0, 0.0, 0.0, 0.0, 0.0, 0.0, 0.0]
INFO:root:Measured link-side joint torques: [-0.379, -35.1701, 0.6938, 9.0103, 0.6868, 1.8319, 0.3609]
INFO:root:Last commanded torques from controller: [0.0, 0.0, 0.0, 0.0, 0.0, 0.0, 0.0]
INFO:root:Measured link-side joint torques: [-0.379, -35.1979, 0.7176, 9.0103, 0.6667, 1.8457, 0.3133]
INFO:root:Last commanded torques from controller: [0.0, 0.0, 0.0, 0.0, 0.0, 0.0, 0.0]
INFO:root:Measured link-side joint torques: [-0.3552, -35.1979, 0.6938, 8.9825, 0.6667, 1.8585, 0.3874]
INFO:root:Last commanded torques from controller: [0.0, 0.0, 0.0, 0.0, 0.0, 0.0, 0.0]
INFO:root:Measured link-side joint torques: [-0.3552, -35.1979, 0.6938, 8.9825, 0.6667, 1.8585, 0.3874]
INFO:root:Last commanded torques from controller: [0.0, 0.0, 0.0, 0.0, 0.0, 0.0, 0.0]
INFO:root:Measured link-side joint torques: [-0.379, -35.1701, 0.7176, 9.0103, 0.6602, 1.8319, 0.3407]
INFO:root:Last commanded torques from controller: [0.0, 0.0, 0.0, 0.0, 0.0, 0.0, 0.0]
INFO:root:Measured link-side joint torques: [-0.3037, -35.1979, 0.7652, 8.9587, 0.6667, 1.8319, 0.2995]
INFO:root:Last commanded torques from controller: [0.0, 0.0, 0.0, 0.0, 0.0, 0.0, 0.0]
INFO:root:Measured link-side joint torques: [-0.3552, -35.1463, 0.7929, 9.0103, 0.6731, 1.8383, 0.2858]
INFO:root:Last commanded torques from controller: [0.0, 0.0, 0.0, 0.0, 0.0, 0.0, 0.0]
INFO:root:Measured link-side joint torques: [-0.3552, -35.1463, 0.6699, 8.9825, 0.6731, 1.8521, 0.3535]
INFO:root:Last commanded torques from controller: [0.0, 0.0, 0.0, 0.0, 0.0, 0.0, 0.0]
INFO:root:Measured link-side joint torques: [-0.3552, -35.1463, 0.6699, 8.9825, 0.6731, 1.8521, 0.3535]
INFO:root:Last commanded torques from controller: [0.0, 0.0, 0.0, 0.0, 0.0, 0.0, 0.0]
INFO:root:Measured link-side joint torques: [-0.3552, -35.1701, 0.7414, 9.0579, 0.6731, 1.8255, 0.3407]
INFO:root:Last commanded torques from controller: [0.0, 0.0, 0.0, 0.0, 0.0, 0.0, 0.0]
INFO:root:Measured link-side joint torques: [-0.3552, -35.1979, 0.7176, 9.0103, 0.6602, 1.8319, 0.3133]
INFO:root:Last commanded torques from controller: [0.0, 0.0, 0.0, 0.0, 0.0, 0.0, 0.0]
INFO:root:Measured link-side joint torques: [-0.3314, -35.1701, 0.7176, 8.9825, 0.6731, 1.8383, 0.3673]
INFO:root:Last commanded torques from controller: [0.0, 0.0, 0.0, 0.0, 0.0, 0.0, 0.0]
INFO:root:Measured link-side joint torques: [-0.3037, -35.1979, 0.7414, 9.0341, 0.6804, 1.8457, 0.3535]
INFO:root:Last commanded torques from controller: [0.0, 0.0, 0.0, 0.0, 0.0, 0.0, 0.0]
INFO:root:Measured link-side joint torques: [-0.3037, -35.1979, 0.7414, 9.0341, 0.6804, 1.8457, 0.3535]
INFO:root:Last commanded torques from controller: [0.0, 0.0, 0.0, 0.0, 0.0, 0.0, 0.0]
INFO:root:Measured link-side joint torques: [-0.3552, -35.1979, 0.7414, 9.0341, 0.6602, 1.8521, 0.327]
INFO:root:Last commanded torques from controller: [0.0, 0.0, 0.0, 0.0, 0.0, 0.0, 0.0]
INFO:root:Measured link-side joint torques: [-0.3552, -35.2217, 0.7652, 9.0579, 0.6667, 1.8319, 0.3535]
INFO:root:Last commanded torques from controller: [0.0, 0.0, 0.0, 0.0, 0.0, 0.0, 0.0]
INFO:root:Measured link-side joint torques: [-0.3552, -35.1701, 0.6938, 9.0579, 0.6667, 1.8255, 0.2995]
INFO:root:Last commanded torques from controller: [0.0, 0.0, 0.0, 0.0, 0.0, 0.0, 0.0]
INFO:root:Measured link-side joint torques: [-0.3037, -35.1225, 0.7652, 9.0579, 0.6602, 1.8255, 0.381]
INFO:root:Last commanded torques from controller: [0.0, 0.0, 0.0, 0.0, 0.0, 0.0, 0.0]
INFO:root:Measured link-side joint torques: [-0.3037, -35.1225, 0.7652, 9.0579, 0.6602, 1.8255, 0.381]
INFO:root:Last commanded torques from controller: [0.0, 0.0, 0.0, 0.0, 0.0, 0.0, 0.0]
INFO:root:Measured link-side joint torques: [-0.3037, -35.1701, 0.7652, 9.0341, 0.6731, 1.8383, 0.3874]
INFO:root:Last commanded torques from controller: [0.0, 0.0, 0.0, 0.0, 0.0, 0.0, 0.0]
INFO:root:Measured link-side joint torques: [-0.3314, -35.1979, 0.7414, 9.0103, 0.6868, 1.8383, 0.2995]
INFO:root:Last commanded torques from controller: [0.0, 0.0, 0.0, 0.0, 0.0, 0.0, 0.0]
INFO:root:Measured link-side joint torques: [-0.3552, -35.1225, 0.7929, 9.0579, 0.6667, 1.8383, 0.3407]
INFO:root:Last commanded torques from controller: [0.0, 0.0, 0.0, 0.0, 0.0, 0.0, 0.0]
INFO:root:Measured link-side joint torques: [-0.3314, -35.1701, 0.7414, 9.0103, 0.6731, 1.8319, 0.3535]
INFO:root:Last commanded torques from controller: [0.0, 0.0, 0.0, 0.0, 0.0, 0.0, 0.0]
INFO:root:Measured link-side joint torques: [-0.3314, -35.1701, 0.7414, 9.0103, 0.6731, 1.8319, 0.3535]
INFO:root:Last commanded torques from controller: [0.0, 0.0, 0.0, 0.0, 0.0, 0.0, 0.0]
INFO:root:Measured link-side joint torques: [-0.3552, -35.1979, 0.7414, 8.9825, 0.6731, 1.8319, 0.2794]
INFO:root:Last commanded torques from controller: [0.0, 0.0, 0.0, 0.0, 0.0, 0.0, 0.0]
INFO:root:Measured link-side joint torques: [-0.3037, -35.1701, 0.7652, 9.0103, 0.6667, 1.8319, 0.3407]
INFO:root:Last commanded torques from controller: [0.0, 0.0, 0.0, 0.0, 0.0, 0.0, 0.0]
INFO:root:Measured link-side joint torques: [-0.3037, -35.1463, 0.7414, 9.0103, 0.6804, 1.8319, 0.3407]
INFO:root:Last commanded torques from controller: [0.0, 0.0, 0.0, 0.0, 0.0, 0.0, 0.0]
INFO:root:Measured link-side joint torques: [-0.3037, -35.1979, 0.7176, 9.0103, 0.6731, 1.8383, 0.4222]
INFO:root:Last commanded torques from controller: [0.0, 0.0, 0.0, 0.0, 0.0, 0.0, 0.0]
INFO:root:Measured link-side joint torques: [-0.3037, -35.1979, 0.7176, 9.0103, 0.6731, 1.8383, 0.4222]
INFO:root:Last commanded torques from controller: [0.0, 0.0, 0.0, 0.0, 0.0, 0.0, 0.0]
INFO:root:Measured link-side joint torques: [-0.3314, -35.1979, 0.7929, 8.9825, 0.6731, 1.8182, 0.4085]
INFO:root:Last commanded torques from controller: [0.0, 0.0, 0.0, 0.0, 0.0, 0.0, 0.0]
INFO:root:Measured link-side joint torques: [-0.3552, -35.1463, 0.7176, 9.0341, 0.6667, 1.8383, 0.327]
INFO:root:Last commanded torques from controller: [0.0, 0.0, 0.0, 0.0, 0.0, 0.0, 0.0]
INFO:root:Measured link-side joint torques: [-0.3037, -35.1463, 0.7652, 9.0579, 0.6804, 1.8255, 0.2995]
INFO:root:Last commanded torques from controller: [0.0, 0.0, 0.0, 0.0, 0.0, 0.0, 0.0]
INFO:root:Measured link-side joint torques: [-0.3314, -35.1979, 0.7414, 9.0103, 0.6731, 1.8255, 0.327]
INFO:root:Last commanded torques from controller: [0.0, 0.0, 0.0, 0.0, 0.0, 0.0, 0.0]
INFO:root:Measured link-side joint torques: [-0.3314, -35.1979, 0.7414, 9.0103, 0.6731, 1.8255, 0.327]
INFO:root:Last commanded torques from controller: [0.0, 0.0, 0.0, 0.0, 0.0, 0.0, 0.0]
INFO:root:Measured link-side joint torques: [-0.379, -35.1701, 0.7176, 9.0579, 0.6804, 1.8319, 0.4085]
INFO:root:Last commanded torques from controller: [0.0, 0.0, 0.0, 0.0, 0.0, 0.0, 0.0]
INFO:root:Measured link-side joint torques: [-0.3037, -35.1463, 0.7414, 9.0103, 0.6667, 1.8319, 0.3133]
INFO:root:Last commanded torques from controller: [0.0, 0.0, 0.0, 0.0, 0.0, 0.0, 0.0]
INFO:root:Measured link-side joint torques: [-0.3314, -35.1979, 0.7929, 9.0579, 0.6804, 1.8383, 0.3947]
INFO:root:Last commanded torques from controller: [0.0, 0.0, 0.0, 0.0, 0.0, 0.0, 0.0]
INFO:root:Measured link-side joint torques: [-0.3314, -35.1701, 0.6938, 9.0817, 0.6538, 1.8319, 0.4011]
INFO:root:Last commanded torques from controller: [0.0, 0.0, 0.0, 0.0, 0.0, 0.0, 0.0]
INFO:root:Measured link-side joint torques: [-0.3314, -35.1701, 0.6938, 9.0817, 0.6538, 1.8319, 0.4011]
INFO:root:Last commanded torques from controller: [0.0, 0.0, 0.0, 0.0, 0.0, 0.0, 0.0]
INFO:root:Measured link-side joint torques: [-0.3314, -35.1701, 0.7652, 9.0103, 0.6602, 1.8255, 0.3133]
INFO:root:Last commanded torques from controller: [0.0, 0.0, 0.0, 0.0, 0.0, 0.0, 0.0]
INFO:root:Measured link-side joint torques: [-0.3314, -35.1979, 0.7414, 8.9825, 0.6804, 1.8457, 0.3133]
INFO:root:Last commanded torques from controller: [0.0, 0.0, 0.0, 0.0, 0.0, 0.0, 0.0]
INFO:root:Measured link-side joint torques: [-0.3314, -35.1701, 0.7652, 9.0103, 0.6602, 1.8255, 0.2858]
INFO:root:Last commanded torques from controller: [0.0, 0.0, 0.0, 0.0, 0.0, 0.0, 0.0]
INFO:root:Measured link-side joint torques: [-0.3552, -35.1463, 0.7176, 9.0341, 0.6804, 1.8182, 0.2995]
INFO:root:Last commanded torques from controller: [0.0, 0.0, 0.0, 0.0, 0.0, 0.0, 0.0]
INFO:root:Measured link-side joint torques: [-0.3552, -35.1463, 0.7176, 9.0341, 0.6804, 1.8182, 0.2995]
INFO:root:Last commanded torques from controller: [0.0, 0.0, 0.0, 0.0, 0.0, 0.0, 0.0]
INFO:root:Measured link-side joint torques: [-0.3037, -35.1701, 0.7652, 8.9825, 0.6804, 1.8319, 0.3673]
INFO:root:Last commanded torques from controller: [0.0, 0.0, 0.0, 0.0, 0.0, 0.0, 0.0]
INFO:root:Measured link-side joint torques: [-0.3552, -35.0948, 0.7414, 9.0341, 0.6731, 1.8319, 0.3673]
INFO:root:Last commanded torques from controller: [0.0, 0.0, 0.0, 0.0, 0.0, 0.0, 0.0]
INFO:root:Measured link-side joint torques: [-0.3037, -35.1701, 0.7652, 8.9587, 0.6538, 1.8255, 0.4011]
INFO:root:Last commanded torques from controller: [0.0, 0.0, 0.0, 0.0, 0.0, 0.0, 0.0]
INFO:root:Measured link-side joint torques: [-0.3314, -35.1463, 0.7176, 8.9587, 0.6731, 1.8255, 0.3407]
INFO:root:Last commanded torques from controller: [0.0, 0.0, 0.0, 0.0, 0.0, 0.0, 0.0]
INFO:root:Measured link-side joint torques: [-0.3314, -35.1463, 0.7176, 8.9587, 0.6731, 1.8255, 0.3407]
INFO:root:Last commanded torques from controller: [0.0, 0.0, 0.0, 0.0, 0.0, 0.0, 0.0]
INFO:root:Measured link-side joint torques: [-0.3037, -35.1463, 0.7176, 9.0103, 0.6602, 1.8255, 0.3471]
INFO:root:Last commanded torques from controller: [0.0, 0.0, 0.0, 0.0, 0.0, 0.0, 0.0]
INFO:root:Measured link-side joint torques: [-0.3314, -35.1701, 0.7176, 9.0341, 0.6538, 1.8255, 0.3609]
INFO:root:Last commanded torques from controller: [0.0, 0.0, 0.0, 0.0, 0.0, 0.0, 0.0]
INFO:root:Measured link-side joint torques: [-0.3037, -35.1463, 0.6699, 9.0103, 0.6602, 1.8255, 0.3407]
INFO:root:Last commanded torques from controller: [0.0, 0.0, 0.0, 0.0, 0.0, 0.0, 0.0]
INFO:root:Measured link-side joint torques: [-0.3314, -35.1463, 0.6938, 9.0341, 0.6731, 1.8182, 0.3673]
INFO:root:Last commanded torques from controller: [0.0, 0.0, 0.0, 0.0, 0.0, 0.0, 0.0]
INFO:root:Measured link-side joint torques: [-0.3314, -35.1463, 0.6938, 9.0341, 0.6731, 1.8182, 0.3673]
INFO:root:Last commanded torques from controller: [0.0, 0.0, 0.0, 0.0, 0.0, 0.0, 0.0]
INFO:root:Measured link-side joint torques: [-0.3552, -35.1701, 0.7414, 9.0579, 0.6602, 1.8319, 0.3673]
INFO:root:Last commanded torques from controller: [0.0, 0.0, 0.0, 0.0, 0.0, 0.0, 0.0]
INFO:root:Measured link-side joint torques: [-0.379, -35.1701, 0.7176, 9.0341, 0.6731, 1.8255, 0.3407]
INFO:root:Last commanded torques from controller: [0.0, 0.0, 0.0, 0.0, 0.0, 0.0, 0.0]
INFO:root:Measured link-side joint torques: [-0.3314, -35.1463, 0.7176, 9.0341, 0.6804, 1.8383, 0.3535]
INFO:root:Last commanded torques from controller: [0.0, 0.0, 0.0, 0.0, 0.0, 0.0, 0.0]
INFO:root:Measured link-side joint torques: [-0.3314, -35.1701, 0.7176, 9.0103, 0.6804, 1.8182, 0.327]
INFO:root:Last commanded torques from controller: [0.0, 0.0, 0.0, 0.0, 0.0, 0.0, 0.0]
INFO:root:Measured link-side joint torques: [-0.3314, -35.1701, 0.7176, 9.0103, 0.6804, 1.8182, 0.327]
INFO:root:Last commanded torques from controller: [0.0, 0.0, 0.0, 0.0, 0.0, 0.0, 0.0]
INFO:root:Measured link-side joint torques: [-0.3552, -35.1701, 0.7414, 9.0103, 0.6731, 1.8255, 0.3407]
INFO:root:Last commanded torques from controller: [0.0, 0.0, 0.0, 0.0, 0.0, 0.0, 0.0]
INFO:root:Measured link-side joint torques: [-0.3552, -35.1463, 0.7652, 9.0341, 0.6538, 1.8383, 0.3535]
INFO:root:Last commanded torques from controller: [0.0, 0.0, 0.0, 0.0, 0.0, 0.0, 0.0]
INFO:root:Measured link-side joint torques: [-0.3314, -35.1701, 0.7176, 9.0103, 0.6731, 1.8255, 0.3947]
INFO:root:Last commanded torques from controller: [0.0, 0.0, 0.0, 0.0, 0.0, 0.0, 0.0]
INFO:root:Measured link-side joint torques: [-0.379, -35.1463, 0.7652, 9.0103, 0.6804, 1.8255, 0.3407]
INFO:root:Last commanded torques from controller: [0.0, 0.0, 0.0, 0.0, 0.0, 0.0, 0.0]
INFO:root:Measured link-side joint torques: [-0.379, -35.1463, 0.7652, 9.0103, 0.6804, 1.8255, 0.3407]
INFO:root:Last commanded torques from controller: [0.0, 0.0, 0.0, 0.0, 0.0, 0.0, 0.0]
INFO:root:Measured link-side joint torques: [-0.3314, -35.1701, 0.7176, 9.0341, 0.6731, 1.8319, 0.3535]
INFO:root:Last commanded torques from controller: [0.0, 0.0, 0.0, 0.0, 0.0, 0.0, 0.0]
INFO:root:Measured link-side joint torques: [-0.3037, -35.1701, 0.7414, 9.0341, 0.6868, 1.8383, 0.3874]
INFO:root:Last commanded torques from controller: [0.0, 0.0, 0.0, 0.0, 0.0, 0.0, 0.0]
INFO:root:Measured link-side joint torques: [-0.4068, -35.1979, 0.6938, 9.0103, 0.6667, 1.8319, 0.327]
INFO:root:Last commanded torques from controller: [0.0, 0.0, 0.0, 0.0, 0.0, 0.0, 0.0]
INFO:root:Measured link-side joint torques: [-0.3314, -35.1463, 0.7414, 9.0341, 0.6538, 1.8255, 0.3407]
INFO:root:Last commanded torques from controller: [0.0, 0.0, 0.0, 0.0, 0.0, 0.0, 0.0]
INFO:root:Measured link-side joint torques: [-0.3314, -35.1463, 0.7414, 9.0341, 0.6538, 1.8255, 0.3407]
INFO:root:Last commanded torques from controller: [0.0, 0.0, 0.0, 0.0, 0.0, 0.0, 0.0]
INFO:root:Measured link-side joint torques: [-0.3552, -35.1979, 0.7414, 9.0103, 0.6602, 1.8255, 0.381]
INFO:root:Last commanded torques from controller: [0.0, 0.0, 0.0, 0.0, 0.0, 0.0, 0.0]
INFO:root:Measured link-side joint torques: [-0.3037, -35.1463, 0.7652, 9.0341, 0.6667, 1.8255, 0.3197]
INFO:root:Last commanded torques from controller: [0.0, 0.0, 0.0, 0.0, 0.0, 0.0, 0.0]
INFO:root:Measured link-side joint torques: [-0.3552, -35.1225, 0.7414, 9.0103, 0.6602, 1.8118, 0.3673]
INFO:root:Last commanded torques from controller: [0.0, 0.0, 0.0, 0.0, 0.0, 0.0, 0.0]
INFO:root:Measured link-side joint torques: [-0.3552, -35.1225, 0.7652, 8.9587, 0.6731, 1.8319, 0.2995]
INFO:root:Last commanded torques from controller: [0.0, 0.0, 0.0, 0.0, 0.0, 0.0, 0.0]
INFO:root:Measured link-side joint torques: [-0.3552, -35.1225, 0.7652, 8.9587, 0.6731, 1.8319, 0.2995]
INFO:root:Last commanded torques from controller: [0.0, 0.0, 0.0, 0.0, 0.0, 0.0, 0.0]
INFO:root:Measured link-side joint torques: [-0.3314, -35.1463, 0.7414, 9.0341, 0.6731, 1.8319, 0.3535]
INFO:root:Last commanded torques from controller: [0.0, 0.0, 0.0, 0.0, 0.0, 0.0, 0.0]
INFO:root:Measured link-side joint torques: [-0.379, -35.1463, 0.7414, 9.0341, 0.6667, 1.8182, 0.4085]
INFO:root:Last commanded torques from controller: [0.0, 0.0, 0.0, 0.0, 0.0, 0.0, 0.0]
INFO:root:Measured link-side joint torques: [-0.379, -35.1225, 0.7176, 9.0103, 0.6667, 1.8182, 0.3673]
INFO:root:Last commanded torques from controller: [0.0, 0.0, 0.0, 0.0, 0.0, 0.0, 0.0]
INFO:root:Measured link-side joint torques: [-0.3314, -35.1463, 0.7652, 8.9825, 0.6602, 1.8118, 0.3609]
INFO:root:Last commanded torques from controller: [0.0, 0.0, 0.0, 0.0, 0.0, 0.0, 0.0]
INFO:root:Measured link-side joint torques: [-0.3314, -35.1463, 0.7652, 8.9825, 0.6602, 1.8118, 0.3609]
INFO:root:Last commanded torques from controller: [0.0, 0.0, 0.0, 0.0, 0.0, 0.0, 0.0]
INFO:root:Measured link-side joint torques: [-0.3314, -35.1463, 0.6938, 9.0341, 0.6731, 1.8118, 0.4085]
INFO:root:Last commanded torques from controller: [0.0, 0.0, 0.0, 0.0, 0.0, 0.0, 0.0]
INFO:root:Measured link-side joint torques: [-0.3314, -35.1225, 0.7414, 9.0103, 0.6602, 1.8118, 0.3407]
INFO:root:Last commanded torques from controller: [0.0, 0.0, 0.0, 0.0, 0.0, 0.0, 0.0]
INFO:root:Measured link-side joint torques: [-0.379, -35.0948, 0.7414, 9.0341, 0.6602, 1.8182, 0.3535]
INFO:root:Last commanded torques from controller: [0.0, 0.0, 0.0, 0.0, 0.0, 0.0, 0.0]
INFO:root:Measured link-side joint torques: [-0.3314, -35.1463, 0.7414, 9.0103, 0.6667, 1.8118, 0.2931]
INFO:root:Last commanded torques from controller: [0.0, 0.0, 0.0, 0.0, 0.0, 0.0, 0.0]
INFO:root:Measured link-side joint torques: [-0.3314, -35.1463, 0.7414, 9.0103, 0.6667, 1.8118, 0.2931]
INFO:root:Last commanded torques from controller: [0.0, 0.0, 0.0, 0.0, 0.0, 0.0, 0.0]
INFO:root:Measured link-side joint torques: [-0.3552, -35.1463, 0.7414, 9.0341, 0.6602, 1.8118, 0.3535]
INFO:root:Last commanded torques from controller: [0.0, 0.0, 0.0, 0.0, 0.0, 0.0, 0.0]
INFO:root:Measured link-side joint torques: [-0.3314, -35.1225, 0.7414, 8.9825, 0.6538, 1.8054, 0.3535]
INFO:root:Last commanded torques from controller: [0.0, 0.0, 0.0, 0.0, 0.0, 0.0, 0.0]
INFO:root:Measured link-side joint torques: [-0.3037, -35.1225, 0.6938, 9.0103, 0.6868, 1.8054, 0.3874]
INFO:root:Last commanded torques from controller: [0.0, 0.0, 0.0, 0.0, 0.0, 0.0, 0.0]
INFO:root:Measured link-side joint torques: [-0.3552, -35.1225, 0.7414, 9.0103, 0.6667, 1.8118, 0.3407]
INFO:root:Last commanded torques from controller: [0.0, 0.0, 0.0, 0.0, 0.0, 0.0, 0.0]
INFO:root:Measured link-side joint torques: [-0.3552, -35.1225, 0.7414, 9.0103, 0.6667, 1.8118, 0.3407]
INFO:root:Last commanded torques from controller: [0.0, 0.0, 0.0, 0.0, 0.0, 0.0, 0.0]
INFO:root:Measured link-side joint torques: [-0.3314, -35.1225, 0.7176, 9.0103, 0.6667, 1.8182, 0.327]
INFO:root:Last commanded torques from controller: [0.0, 0.0, 0.0, 0.0, 0.0, 0.0, 0.0]
INFO:root:Measured link-side joint torques: [-0.3314, -35.1463, 0.7652, 8.9825, 0.6538, 1.8118, 0.3197]
INFO:root:Last commanded torques from controller: [0.0, 0.0, 0.0, 0.0, 0.0, 0.0, 0.0]
INFO:root:Measured link-side joint torques: [-0.3314, -35.1225, 0.7414, 9.0103, 0.6667, 1.8182, 0.3133]
INFO:root:Last commanded torques from controller: [0.0, 0.0, 0.0, 0.0, 0.0, 0.0, 0.0]
INFO:root:Measured link-side joint torques: [-0.3314, -35.1225, 0.7414, 9.0341, 0.6667, 1.8054, 0.3407]
INFO:root:Last commanded torques from controller: [0.0, 0.0, 0.0, 0.0, 0.0, 0.0, 0.0]
INFO:root:Measured link-side joint torques: [-0.3314, -35.1225, 0.7414, 9.0341, 0.6667, 1.8054, 0.3407]
INFO:root:Last commanded torques from controller: [0.0, 0.0, 0.0, 0.0, 0.0, 0.0, 0.0]
INFO:root:Measured link-side joint torques: [-0.3314, -35.0709, 0.7652, 9.0103, 0.6731, 1.8118, 0.381]
INFO:root:Last commanded torques from controller: [0.0, 0.0, 0.0, 0.0, 0.0, 0.0, 0.0]
INFO:root:Measured link-side joint torques: [-0.379, -35.1225, 0.7414, 9.0103, 0.6731, 1.8118, 0.3133]
INFO:root:Last commanded torques from controller: [0.0, 0.0, 0.0, 0.0, 0.0, 0.0, 0.0]
INFO:root:Measured link-side joint torques: [-0.3314, -35.0948, 0.7414, 9.0103, 0.6667, 1.8054, 0.3673]
INFO:root:Last commanded torques from controller: [0.0, 0.0, 0.0, 0.0, 0.0, 0.0, 0.0]
INFO:root:Measured link-side joint torques: [-0.3552, -35.1463, 0.7176, 9.0103, 0.6602, 1.8054, 0.3133]
INFO:root:Last commanded torques from controller: [0.0, 0.0, 0.0, 0.0, 0.0, 0.0, 0.0]
INFO:root:Measured link-side joint torques: [-0.3552, -35.1463, 0.7176, 9.0103, 0.6602, 1.8054, 0.3133]
INFO:root:Last commanded torques from controller: [0.0, 0.0, 0.0, 0.0, 0.0, 0.0, 0.0]
INFO:root:Measured link-side joint torques: [-0.3552, -35.1463, 0.7414, 9.0341, 0.6731, 1.8054, 0.2931]
INFO:root:Last commanded torques from controller: [0.0, 0.0, 0.0, 0.0, 0.0, 0.0, 0.0]
INFO:root:Measured link-side joint torques: [-0.379, -35.1225, 0.7176, 9.0579, 0.6602, 1.8118, 0.2858]
INFO:root:Last commanded torques from controller: [0.0, 0.0, 0.0, 0.0, 0.0, 0.0, 0.0]
INFO:root:Measured link-side joint torques: [-0.3552, -35.1701, 0.7176, 8.9825, 0.6731, 1.8054, 0.3673]
INFO:root:Last commanded torques from controller: [0.0, 0.0, 0.0, 0.0, 0.0, 0.0, 0.0]
INFO:root:Measured link-side joint torques: [-0.3552, -35.1463, 0.7652, 9.0103, 0.6667, 1.8054, 0.381]
INFO:root:Last commanded torques from controller: [0.0, 0.0, 0.0, 0.0, 0.0, 0.0, 0.0]
INFO:root:Measured link-side joint torques: [-0.3552, -35.1463, 0.7652, 9.0103, 0.6667, 1.8054, 0.381]
INFO:root:Last commanded torques from controller: [0.0, 0.0, 0.0, 0.0, 0.0, 0.0, 0.0]
INFO:root:Measured link-side joint torques: [-0.379, -35.1463, 0.7414, 9.0579, 0.6602, 1.798, 0.3133]
INFO:root:Last commanded torques from controller: [0.0, 0.0, 0.0, 0.0, 0.0, 0.0, 0.0]
INFO:root:Measured link-side joint torques: [-0.3552, -35.1225, 0.6938, 9.0103, 0.6731, 1.8118, 0.3535]
INFO:root:Last commanded torques from controller: [0.0, 0.0, 0.0, 0.0, 0.0, 0.0, 0.0]
INFO:root:Measured link-side joint torques: [-0.3552, -35.1701, 0.7414, 8.9825, 0.6667, 1.8054, 0.2858]
INFO:root:Last commanded torques from controller: [0.0, 0.0, 0.0, 0.0, 0.0, 0.0, 0.0]
INFO:root:Measured link-side joint torques: [-0.3314, -35.1701, 0.7414, 9.0579, 0.6731, 1.8255, 0.2858]
