INFO:root:current pos: [0.57198894 0.002874   0.2409516 ]
INFO:root:current mat: [[-0.8977503   0.28241855 -0.33806002]
 [ 0.19552508  0.94317071  0.26869864]
 [ 0.39473378  0.17512503 -0.9019517 ]]
INFO:root:target pos: [0.5999921 0.0012566 0.2      ]
INFO:root:target quat: [0. 0. 1. 0.]
INFO:root:current pos: [0.57198894 0.002874   0.2409516 ]
INFO:root:current mat: [[-0.8977503   0.28241855 -0.33806002]
 [ 0.19552508  0.94317071  0.26869864]
 [ 0.39473378  0.17512503 -0.9019517 ]]
INFO:root:target pos: [0.59990329 0.00439681 0.2       ]
INFO:root:target quat: [0. 0. 1. 0.]
INFO:root:current pos: [0.57198894 0.002874   0.2409516 ]
INFO:root:current mat: [[-0.8977503   0.28241855 -0.33806002]
 [ 0.19552508  0.94317071  0.26869864]
 [ 0.39473378  0.17512503 -0.9019517 ]]
INFO:root:target pos: [0.59984016 0.00565185 0.2       ]
INFO:root:target quat: [0. 0. 1. 0.]
INFO:root:current pos: [0.57198894 0.002874   0.2409516 ]
INFO:root:current mat: [[-0.8977503   0.28241855 -0.33806002]
 [ 0.19552508  0.94317071  0.26869864]
 [ 0.39473378  0.17512503 -0.9019517 ]]
INFO:root:target pos: [0.59976125 0.006906   0.2       ]
INFO:root:target quat: [0. 0. 1. 0.]
INFO:root:current pos: [0.57198894 0.002874   0.2409516 ]
INFO:root:current mat: [[-0.8977503   0.28241855 -0.33806002]
 [ 0.19552508  0.94317071  0.26869864]
 [ 0.39473378  0.17512503 -0.9019517 ]]
INFO:root:target pos: [0.59966659 0.00815906 0.2       ]
INFO:root:target quat: [0. 0. 1. 0.]
INFO:root:current pos: [0.57198894 0.002874   0.2409516 ]
INFO:root:current mat: [[-0.8977503   0.28241855 -0.33806002]
 [ 0.19552508  0.94317071  0.26869864]
 [ 0.39473378  0.17512503 -0.9019517 ]]
INFO:root:target pos: [0.59961336 0.00878512 0.2       ]
INFO:root:target quat: [0. 0. 1. 0.]
INFO:root:current pos: [0.57198894 0.002874   0.2409516 ]
INFO:root:current mat: [[-0.8977503   0.28241855 -0.33806002]
 [ 0.19552508  0.94317071  0.26869864]
 [ 0.39473378  0.17512503 -0.9019517 ]]
INFO:root:target pos: [0.5994951  0.01003617 0.2       ]
INFO:root:target quat: [0. 0. 1. 0.]
INFO:root:current pos: [0.57389516 0.00646045 0.23842984]
INFO:root:current mat: [[-0.90079795  0.29200667 -0.32139576]
 [ 0.20195222  0.93693894  0.285238  ]
 [ 0.3844196   0.19203521 -0.90296408]]
INFO:root:target pos: [0.59928826 0.01190972 0.2       ]
INFO:root:target quat: [0. 0. 1. 0.]
INFO:root:current pos: [0.57389516 0.00646045 0.23842984]
INFO:root:current mat: [[-0.90079795  0.29200667 -0.32139576]
 [ 0.20195222  0.93693894  0.285238  ]
 [ 0.3844196   0.19203521 -0.90296408]]
INFO:root:target pos: [0.59856446 0.01688334 0.2       ]
INFO:root:target quat: [0. 0. 1. 0.]
INFO:root:current pos: [0.57389516 0.00646045 0.23842984]
INFO:root:current mat: [[-0.90079795  0.29200667 -0.32139576]
 [ 0.20195222  0.93693894  0.285238  ]
 [ 0.3844196   0.19203521 -0.90296408]]
INFO:root:target pos: [0.59822873 0.01873813 0.2       ]
INFO:root:target quat: [0. 0. 1. 0.]
INFO:root:current pos: [0.57508332 0.01274155 0.23650023]
INFO:root:current mat: [[-0.90340516  0.30373657 -0.30266071]
 [ 0.20900379  0.92824623  0.30769524]
 [ 0.37440195  0.2147162  -0.90206453]]
INFO:root:target pos: [0.59670015 0.02547707 0.2       ]
INFO:root:target quat: [0. 0. 1. 0.]
INFO:root:current pos: [0.57508332 0.01274155 0.23650023]
INFO:root:current mat: [[-0.90340516  0.30373657 -0.30266071]
 [ 0.20900379  0.92824623  0.30769524]
 [ 0.37440195  0.2147162  -0.90206453]]
INFO:root:target pos: [0.59620277 0.02729519 0.2       ]
INFO:root:target quat: [0. 0. 1. 0.]
INFO:root:current pos: [0.57508332 0.01274155 0.23650023]
INFO:root:current mat: [[-0.90340516  0.30373657 -0.30266071]
 [ 0.20900379  0.92824623  0.30769524]
 [ 0.37440195  0.2147162  -0.90206453]]
INFO:root:target pos: [0.59510565 0.0309017  0.2       ]
INFO:root:target quat: [0. 0. 1. 0.]
INFO:root:current pos: [0.57508332 0.01274155 0.23650023]
INFO:root:current mat: [[-0.90340516  0.30373657 -0.30266071]
 [ 0.20900379  0.92824623  0.30769524]
 [ 0.37440195  0.2147162  -0.90206453]]
INFO:root:target pos: [0.59470983 0.03209436 0.2       ]
INFO:root:target quat: [0. 0. 1. 0.]
INFO:root:current pos: [0.57508332 0.01274155 0.23650023]
INFO:root:current mat: [[-0.90340516  0.30373657 -0.30266071]
 [ 0.20900379  0.92824623  0.30769524]
 [ 0.37440195  0.2147162  -0.90206453]]
INFO:root:target pos: [0.59429905 0.03328195 0.2       ]
INFO:root:target quat: [0. 0. 1. 0.]
INFO:root:current pos: [0.57508332 0.01274155 0.23650023]
INFO:root:current mat: [[-0.90340516  0.30373657 -0.30266071]
 [ 0.20900379  0.92824623  0.30769524]
 [ 0.37440195  0.2147162  -0.90206453]]
INFO:root:target pos: [0.59408808 0.03387379 0.2       ]
INFO:root:target quat: [0. 0. 1. 0.]
INFO:root:current pos: [0.57516026 0.02106968 0.23519108]
INFO:root:current mat: [[-0.90485945  0.31869864 -0.28224154]
 [ 0.21840969  0.91662449  0.3348085 ]
 [ 0.36541252  0.24131039 -0.8990232 ]]
INFO:root:target pos: [0.59365499 0.03505343 0.2       ]
INFO:root:target quat: [0. 0. 1. 0.]
INFO:root:current pos: [0.57516026 0.02106968 0.23519108]
INFO:root:current mat: [[-0.90485945  0.31869864 -0.28224154]
 [ 0.21840969  0.91662449  0.3348085 ]
 [ 0.36541252  0.24131039 -0.8990232 ]]
INFO:root:target pos: [0.59202318 0.03913737 0.2       ]
INFO:root:target quat: [0. 0. 1. 0.]
INFO:root:current pos: [0.57451934 0.02969747 0.23443511]
INFO:root:current mat: [[-0.90566669  0.33428939 -0.26080327]
 [ 0.22897786  0.90333197  0.36271267]
 [ 0.35684294  0.26877863 -0.89466254]]
INFO:root:target pos: [0.58994053 0.04371158 0.2       ]
INFO:root:target quat: [0. 0. 1. 0.]
INFO:root:current pos: [0.57451934 0.02969747 0.23443511]
INFO:root:current mat: [[-0.90566669  0.33428939 -0.26080327]
 [ 0.22897786  0.90333197  0.36271267]
 [ 0.35684294  0.26877863 -0.89466254]]
INFO:root:target pos: [0.58732625 0.04872501 0.2       ]
INFO:root:target quat: [0. 0. 1. 0.]
INFO:root:current pos: [0.57451934 0.02969747 0.23443511]
INFO:root:current mat: [[-0.90566669  0.33428939 -0.26080327]
 [ 0.22897786  0.90333197  0.36271267]
 [ 0.35684294  0.26877863 -0.89466254]]
INFO:root:target pos: [0.58509945 0.05251746 0.2       ]
INFO:root:target quat: [0. 0. 1. 0.]
INFO:root:current pos: [0.57451934 0.02969747 0.23443511]
INFO:root:current mat: [[-0.90566669  0.33428939 -0.26080327]
 [ 0.22897786  0.90333197  0.36271267]
 [ 0.35684294  0.26877863 -0.89466254]]
INFO:root:target pos: [0.58409446 0.05411213 0.2       ]
INFO:root:target quat: [0. 0. 1. 0.]
INFO:root:current pos: [0.57451934 0.02969747 0.23443511]
INFO:root:current mat: [[-0.90566669  0.33428939 -0.26080327]
 [ 0.22897786  0.90333197  0.36271267]
 [ 0.35684294  0.26877863 -0.89466254]]
INFO:root:target pos: [0.58270806 0.05620834 0.2       ]
INFO:root:target quat: [0. 0. 1. 0.]
INFO:root:current pos: [0.57451934 0.02969747 0.23443511]
INFO:root:current mat: [[-0.90566669  0.33428939 -0.26080327]
 [ 0.22897786  0.90333197  0.36271267]
 [ 0.35684294  0.26877863 -0.89466254]]
INFO:root:target pos: [0.58199521 0.05724321 0.2       ]
INFO:root:target quat: [0. 0. 1. 0.]
INFO:root:current pos: [0.57257181 0.03876089 0.23424232]
INFO:root:current mat: [[-0.90568539  0.35056792 -0.23840375]
 [ 0.24038851  0.88785164  0.39234276]
 [ 0.34920994  0.29802954 -0.88838677]]
INFO:root:target pos: [0.57939904 0.06079303 0.2       ]
INFO:root:target quat: [0. 0. 1. 0.]
INFO:root:current pos: [0.57257181 0.03876089 0.23424232]
INFO:root:current mat: [[-0.90568539  0.35056792 -0.23840375]
 [ 0.24038851  0.88785164  0.39234276]
 [ 0.34920994  0.29802954 -0.88838677]]
INFO:root:target pos: [0.57745031 0.06325702 0.2       ]
INFO:root:target quat: [0. 0. 1. 0.]
INFO:root:current pos: [0.57257181 0.03876089 0.23424232]
INFO:root:current mat: [[-0.90568539  0.35056792 -0.23840375]
 [ 0.24038851  0.88785164  0.39234276]
 [ 0.34920994  0.29802954 -0.88838677]]
INFO:root:target pos: [0.57332553 0.06799534 0.2       ]
INFO:root:target quat: [0. 0. 1. 0.]
INFO:root:current pos: [0.56945878 0.04785536 0.23458943]
INFO:root:current mat: [[-0.90484789  0.36732465 -0.21522794]
 [ 0.25274634  0.87029599  0.42273417]
 [ 0.34259269  0.32811202 -0.88032547]]
INFO:root:target pos: [0.57115357 0.070265   0.2       ]
INFO:root:target quat: [0. 0. 1. 0.]
INFO:root:current pos: [0.56945878 0.04785536 0.23458943]
INFO:root:current mat: [[-0.90484789  0.36732465 -0.21522794]
 [ 0.25274634  0.87029599  0.42273417]
 [ 0.34259269  0.32811202 -0.88032547]]
INFO:root:target pos: [0.56936533 0.0720309  0.2       ]
INFO:root:target quat: [0. 0. 1. 0.]
INFO:root:current pos: [0.56945878 0.04785536 0.23458943]
INFO:root:current mat: [[-0.90484789  0.36732465 -0.21522794]
 [ 0.25274634  0.87029599  0.42273417]
 [ 0.34259269  0.32811202 -0.88032547]]
INFO:root:target pos: [0.56613119 0.07501111 0.2       ]
INFO:root:target quat: [0. 0. 1. 0.]
INFO:root:current pos: [0.56945878 0.04785536 0.23458943]
INFO:root:current mat: [[-0.90484789  0.36732465 -0.21522794]
 [ 0.25274634  0.87029599  0.42273417]
 [ 0.34259269  0.32811202 -0.88032547]]
INFO:root:target pos: [0.56518337 0.07583619 0.2       ]
INFO:root:target quat: [0. 0. 1. 0.]
INFO:root:current pos: [0.56945878 0.04785536 0.23458943]
INFO:root:current mat: [[-0.90484789  0.36732465 -0.21522794]
 [ 0.25274634  0.87029599  0.42273417]
 [ 0.34259269  0.32811202 -0.88032547]]
INFO:root:target pos: [0.56422527 0.0766493  0.2       ]
INFO:root:target quat: [0. 0. 1. 0.]
INFO:root:current pos: [0.56481928 0.05687288 0.23544115]
INFO:root:current mat: [[-0.90300474  0.38465168 -0.19137852]
 [ 0.26592009  0.85026957  0.45423361]
 [ 0.33744505  0.35928366 -0.87008408]]
INFO:root:target pos: [0.56276914 0.07784623 0.2       ]
INFO:root:target quat: [0. 0. 1. 0.]
INFO:root:current pos: [0.56481928 0.05687288 0.23544115]
INFO:root:current mat: [[-0.90300474  0.38465168 -0.19137852]
 [ 0.26592009  0.85026957  0.45423361]
 [ 0.33744505  0.35928366 -0.87008408]]
INFO:root:target pos: [0.55877853 0.0809017  0.2       ]
INFO:root:target quat: [0. 0. 1. 0.]
INFO:root:current pos: [0.56481928 0.05687288 0.23544115]
INFO:root:current mat: [[-0.90300474  0.38465168 -0.19137852]
 [ 0.26592009  0.85026957  0.45423361]
 [ 0.33744505  0.35928366 -0.87008408]]
INFO:root:target pos: [0.55724321 0.08199521 0.2       ]
INFO:root:target quat: [0. 0. 1. 0.]
INFO:root:current pos: [0.56481928 0.05687288 0.23544115]
INFO:root:current mat: [[-0.90300474  0.38465168 -0.19137852]
 [ 0.26592009  0.85026957  0.45423361]
 [ 0.33744505  0.35928366 -0.87008408]]
INFO:root:target pos: [0.55198173 0.08542774 0.2       ]
INFO:root:target quat: [0. 0. 1. 0.]
INFO:root:current pos: [0.5590539  0.06548117 0.2367368 ]
INFO:root:current mat: [[-0.90016915  0.40223893 -0.16703087]
 [ 0.27988018  0.828063    0.48577644]
 [ 0.33371029  0.39053234 -0.85797547]]
INFO:root:target pos: [0.55036232 0.08639234 0.2       ]
INFO:root:target quat: [0. 0. 1. 0.]
INFO:root:current pos: [0.5590539  0.06548117 0.2367368 ]
INFO:root:current mat: [[-0.90016915  0.40223893 -0.16703087]
 [ 0.27988018  0.828063    0.48577644]
 [ 0.33371029  0.39053234 -0.85797547]]
INFO:root:target pos: [0.54483832 0.08938414 0.2       ]
INFO:root:target quat: [0. 0. 1. 0.]
INFO:root:current pos: [0.5590539  0.06548117 0.2367368 ]
INFO:root:current mat: [[-0.90016915  0.40223893 -0.16703087]
 [ 0.27988018  0.828063    0.48577644]
 [ 0.33371029  0.39053234 -0.85797547]]
INFO:root:target pos: [0.5431456 0.0902134 0.2      ]
INFO:root:target quat: [0. 0. 1. 0.]
INFO:root:current pos: [0.55201191 0.0734594  0.2384485 ]
INFO:root:current mat: [[-0.8962356   0.42015224 -0.14224714]
 [ 0.29458993  0.80352301  0.51726936]
 [ 0.33163071  0.42169054 -0.84391858]]
INFO:root:target pos: [0.54200857 0.09074844 0.2       ]
INFO:root:target quat: [0. 0. 1. 0.]
INFO:root:current pos: [0.55201191 0.0734594  0.2384485 ]
INFO:root:current mat: [[-0.8962356   0.42015224 -0.14224714]
 [ 0.29458993  0.80352301  0.51726936]
 [ 0.33163071  0.42169054 -0.84391858]]
INFO:root:target pos: [0.5385584  0.09226727 0.2       ]
INFO:root:target quat: [0. 0. 1. 0.]
INFO:root:current pos: [0.55201191 0.0734594  0.2384485 ]
INFO:root:current mat: [[-0.8962356   0.42015224 -0.14224714]
 [ 0.29458993  0.80352301  0.51726936]
 [ 0.33163071  0.42169054 -0.84391858]]
INFO:root:target pos: [0.53505343 0.09365499 0.2       ]
INFO:root:target quat: [0. 0. 1. 0.]
INFO:root:current pos: [0.55201191 0.0734594  0.2384485 ]
INFO:root:current mat: [[-0.8962356   0.42015224 -0.14224714]
 [ 0.29458993  0.80352301  0.51726936]
 [ 0.33163071  0.42169054 -0.84391858]]
INFO:root:target pos: [0.53209436 0.09470983 0.2       ]
INFO:root:target quat: [0. 0. 1. 0.]
INFO:root:current pos: [0.54398221 0.08060835 0.24052691]
INFO:root:current mat: [[-0.89121419  0.43819883 -0.11713084]
 [ 0.30994791  0.77687806  0.54808105]
 [ 0.33116482  0.452153   -0.82818361]]
INFO:root:target pos: [0.52789911 0.09602937 0.2       ]
INFO:root:target quat: [0. 0. 1. 0.]
INFO:root:current pos: [0.54398221 0.08060835 0.24052691]
INFO:root:current mat: [[-0.89121419  0.43819883 -0.11713084]
 [ 0.30994791  0.77687806  0.54808105]
 [ 0.33116482  0.452153   -0.82818361]]
INFO:root:target pos: [0.52486899 0.09685832 0.2       ]
INFO:root:target quat: [0. 0. 1. 0.]
INFO:root:current pos: [0.54398221 0.08060835 0.24052691]
INFO:root:current mat: [[-0.89121419  0.43819883 -0.11713084]
 [ 0.30994791  0.77687806  0.54808105]
 [ 0.33116482  0.452153   -0.82818361]]
INFO:root:target pos: [0.52120071 0.09772681 0.2       ]
INFO:root:target quat: [0. 0. 1. 0.]
INFO:root:current pos: [0.54398221 0.08060835 0.24052691]
INFO:root:current mat: [[-0.89121419  0.43819883 -0.11713084]
 [ 0.30994791  0.77687806  0.54808105]
 [ 0.33116482  0.452153   -0.82818361]]
INFO:root:target pos: [0.519971   0.09798551 0.2       ]
INFO:root:target quat: [0. 0. 1. 0.]
INFO:root:current pos: [0.5349896  0.08673008 0.24293482]
INFO:root:current mat: [[-0.88502641  0.45641116 -0.09174333]
 [ 0.32591583  0.74815895  0.57795936]
 [ 0.33242571  0.48160877 -0.81089203]]
INFO:root:target pos: [0.51812058 0.09834452 0.2       ]
INFO:root:target quat: [0. 0. 1. 0.]
INFO:root:current pos: [0.5349896  0.08673008 0.24293482]
INFO:root:current mat: [[-0.88502641  0.45641116 -0.09174333]
 [ 0.32591583  0.74815895  0.57795936]
 [ 0.33242571  0.48160877 -0.81089203]]
INFO:root:target pos: [0.51502256 0.09886517 0.2       ]
INFO:root:target quat: [0. 0. 1. 0.]
INFO:root:current pos: [0.5349896  0.08673008 0.24293482]
INFO:root:current mat: [[-0.88502641  0.45641116 -0.09174333]
 [ 0.32591583  0.74815895  0.57795936]
 [ 0.33242571  0.48160877 -0.81089203]]
INFO:root:target pos: [0.51066112 0.09943008 0.2       ]
INFO:root:target quat: [0. 0. 1. 0.]
INFO:root:current pos: [0.5349896  0.08673008 0.24293482]
INFO:root:current mat: [[-0.88502641  0.45641116 -0.09174333]
 [ 0.32591583  0.74815895  0.57795936]
 [ 0.33242571  0.48160877 -0.81089203]]
INFO:root:target pos: [0.506906   0.09976125 0.2       ]
INFO:root:target quat: [0. 0. 1. 0.]
INFO:root:current pos: [0.5253278  0.09173766 0.24562392]
INFO:root:current mat: [[-0.87767316  0.4746717  -0.06616027]
 [ 0.34239365  0.71761808  0.60645773]
 [ 0.33534608  0.50961864 -0.79235876]]
INFO:root:target pos: [0.5012566 0.0999921 0.2      ]
INFO:root:target quat: [0. 0. 1. 0.]
INFO:root:current pos: [0.5253278  0.09173766 0.24562392]
INFO:root:current mat: [[-0.87767316  0.4746717  -0.06616027]
 [ 0.34239365  0.71761808  0.60645773]
 [ 0.33534608  0.50961864 -0.79235876]]
INFO:root:target pos: [0.49748699 0.09996842 0.2       ]
INFO:root:target quat: [0. 0. 1. 0.]
INFO:root:current pos: [0.5253278  0.09173766 0.24562392]
INFO:root:current mat: [[-0.87767316  0.4746717  -0.06616027]
 [ 0.34239365  0.71761808  0.60645773]
 [ 0.33534608  0.50961864 -0.79235876]]
INFO:root:target pos: [0.493094   0.09976125 0.2       ]
INFO:root:target quat: [0. 0. 1. 0.]
INFO:root:current pos: [0.5253278  0.09173766 0.24562392]
INFO:root:current mat: [[-0.87767316  0.4746717  -0.06616027]
 [ 0.34239365  0.71761808  0.60645773]
 [ 0.33534608  0.50961864 -0.79235876]]
INFO:root:target pos: [0.49121488 0.09961336 0.2       ]
INFO:root:target quat: [0. 0. 1. 0.]
INFO:root:current pos: [0.51487297 0.09535693 0.24855915]
INFO:root:current mat: [[-0.86899945  0.49315668 -0.04045429]
 [ 0.35939923  0.68526499  0.63343832]
 [ 0.34010624  0.53591828 -0.77273504]]
INFO:root:target pos: [0.48622097 0.09904614 0.2       ]
INFO:root:target quat: [0. 0. 1. 0.]
INFO:root:current pos: [0.51487297 0.09535693 0.24855915]
INFO:root:current mat: [[-0.86899945  0.49315668 -0.04045429]
 [ 0.35939923  0.68526499  0.63343832]
 [ 0.34010624  0.53591828 -0.77273504]]
INFO:root:target pos: [0.480029   0.09798551 0.2       ]
INFO:root:target quat: [0. 0. 1. 0.]
INFO:root:current pos: [0.51487297 0.09535693 0.24855915]
INFO:root:current mat: [[-0.86899945  0.49315668 -0.04045429]
 [ 0.35939923  0.68526499  0.63343832]
 [ 0.34010624  0.53591828 -0.77273504]]
INFO:root:target pos: [0.47574008 0.09701266 0.2       ]
INFO:root:target quat: [0. 0. 1. 0.]
INFO:root:current pos: [0.51487297 0.09535693 0.24855915]
INFO:root:current mat: [[-0.86899945  0.49315668 -0.04045429]
 [ 0.35939923  0.68526499  0.63343832]
 [ 0.34010624  0.53591828 -0.77273504]]
INFO:root:target pos: [0.4733098  0.09637237 0.2       ]
INFO:root:target quat: [0. 0. 1. 0.]
INFO:root:current pos: [0.51487297 0.09535693 0.24855915]
INFO:root:current mat: [[-0.86899945  0.49315668 -0.04045429]
 [ 0.35939923  0.68526499  0.63343832]
 [ 0.34010624  0.53591828 -0.77273504]]
INFO:root:target pos: [0.47089638 0.09567121 0.2       ]
INFO:root:target quat: [0. 0. 1. 0.]
INFO:root:current pos: [0.51487297 0.09535693 0.24855915]
INFO:root:current mat: [[-0.86899945  0.49315668 -0.04045429]
 [ 0.35939923  0.68526499  0.63343832]
 [ 0.34010624  0.53591828 -0.77273504]]
INFO:root:target pos: [0.4690983  0.09510565 0.2       ]
INFO:root:target quat: [0. 0. 1. 0.]
INFO:root:current pos: [0.50355655 0.09721915 0.25169745]
INFO:root:current mat: [[-0.85888241  0.51195908 -0.01479477]
 [ 0.37689315  0.65132253  0.6585822 ]
 [ 0.3468033   0.56006862 -0.75236333]]
INFO:root:target pos: [0.46671805 0.09429905 0.2       ]
INFO:root:target quat: [0. 0. 1. 0.]
INFO:root:current pos: [0.50355655 0.09721915 0.25169745]
INFO:root:current mat: [[-0.85888241  0.51195908 -0.01479477]
 [ 0.37689315  0.65132253  0.6585822 ]
 [ 0.3468033   0.56006862 -0.75236333]]
INFO:root:target pos: [0.46494657 0.09365499 0.2       ]
INFO:root:target quat: [0. 0. 1. 0.]
INFO:root:current pos: [0.50355655 0.09721915 0.25169745]
INFO:root:current mat: [[-0.85888241  0.51195908 -0.01479477]
 [ 0.37689315  0.65132253  0.6585822 ]
 [ 0.3468033   0.56006862 -0.75236333]]
INFO:root:target pos: [0.46086263 0.09202318 0.2       ]
INFO:root:target quat: [0. 0. 1. 0.]
INFO:root:current pos: [0.50355655 0.09721915 0.25169745]
INFO:root:current mat: [[-0.85888241  0.51195908 -0.01479477]
 [ 0.37689315  0.65132253  0.6585822 ]
 [ 0.3468033   0.56006862 -0.75236333]]
INFO:root:target pos: [0.45970936 0.09152412 0.2       ]
INFO:root:target quat: [0. 0. 1. 0.]
INFO:root:current pos: [0.50355655 0.09721915 0.25169745]
INFO:root:current mat: [[-0.85888241  0.51195908 -0.01479477]
 [ 0.37689315  0.65132253  0.6585822 ]
 [ 0.3468033   0.56006862 -0.75236333]]
INFO:root:target pos: [0.45856244 0.0910106  0.2       ]
INFO:root:target quat: [0. 0. 1. 0.]
INFO:root:current pos: [0.50355655 0.09721915 0.25169745]
INFO:root:current mat: [[-0.85888241  0.51195908 -0.01479477]
 [ 0.37689315  0.65132253  0.6585822 ]
 [ 0.3468033   0.56006862 -0.75236333]]
INFO:root:target pos: [0.45799143 0.09074844 0.2       ]
INFO:root:target quat: [0. 0. 1. 0.]
INFO:root:current pos: [0.49168611 0.09725139 0.25498304]
INFO:root:current mat: [[-0.84734585  0.53093503  0.01064073]
 [ 0.39470422  0.61627022  0.68148341]
 [ 0.35526582  0.58165201 -0.73175634]]
INFO:root:target pos: [0.45516168 0.08938414 0.2       ]
INFO:root:target quat: [0. 0. 1. 0.]
INFO:root:current pos: [0.49168611 0.09725139 0.25498304]
INFO:root:current mat: [[-0.84734585  0.53093503  0.01064073]
 [ 0.39470422  0.61627022  0.68148341]
 [ 0.35526582  0.58165201 -0.73175634]]
INFO:root:target pos: [0.45237618 0.08793163 0.2       ]
INFO:root:target quat: [0. 0. 1. 0.]
INFO:root:current pos: [0.49168611 0.09725139 0.25498304]
INFO:root:current mat: [[-0.84734585  0.53093503  0.01064073]
 [ 0.39470422  0.61627022  0.68148341]
 [ 0.35526582  0.58165201 -0.73175634]]
INFO:root:target pos: [0.44801827 0.08542774 0.2       ]
INFO:root:target quat: [0. 0. 1. 0.]
INFO:root:current pos: [0.47986883 0.09617042 0.25837377]
INFO:root:current mat: [[-0.83443028  0.54992904  0.03611939]
 [ 0.41272889  0.58012902  0.70221456]
 [ 0.36521422  0.60085645 -0.7110489 ]]
INFO:root:target pos: [0.44327311 0.08235326 0.2       ]
INFO:root:target quat: [0. 0. 1. 0.]
INFO:root:current pos: [0.47986883 0.09617042 0.25837377]
INFO:root:current mat: [[-0.83443028  0.54992904  0.03611939]
 [ 0.41272889  0.58012902  0.70221456]
 [ 0.36521422  0.60085645 -0.7110489 ]]
INFO:root:target pos: [0.44173095 0.08126942 0.2       ]
INFO:root:target quat: [0. 0. 1. 0.]
INFO:root:current pos: [0.47986883 0.09617042 0.25837377]
INFO:root:current mat: [[-0.83443028  0.54992904  0.03611939]
 [ 0.41272889  0.58012902  0.70221456]
 [ 0.36521422  0.60085645 -0.7110489 ]]
INFO:root:target pos: [0.43920697 0.07939904 0.2       ]
INFO:root:target quat: [0. 0. 1. 0.]
INFO:root:current pos: [0.47986883 0.09617042 0.25837377]
INFO:root:current mat: [[-0.83443028  0.54992904  0.03611939]
 [ 0.41272889  0.58012902  0.70221456]
 [ 0.36521422  0.60085645 -0.7110489 ]]
INFO:root:target pos: [0.43772122 0.07823908 0.2       ]
INFO:root:target quat: [0. 0. 1. 0.]
INFO:root:current pos: [0.4682368  0.09331823 0.26179826]
INFO:root:current mat: [[-0.82026376  0.56872645  0.06097526]
 [ 0.43071009  0.54399984  0.7201063 ]
 [ 0.37637292  0.61693962 -0.69117964]]
INFO:root:target pos: [0.4362576  0.07705132 0.2       ]
INFO:root:target quat: [0. 0. 1. 0.]
INFO:root:current pos: [0.4682368  0.09331823 0.26179826]
INFO:root:current mat: [[-0.82026376  0.56872645  0.06097526]
 [ 0.43071009  0.54399984  0.7201063 ]
 [ 0.37637292  0.61693962 -0.69117964]]
INFO:root:target pos: [0.43293144 0.07417418 0.2       ]
INFO:root:target quat: [0. 0. 1. 0.]
INFO:root:current pos: [0.4682368  0.09331823 0.26179826]
INFO:root:current mat: [[-0.82026376  0.56872645  0.06097526]
 [ 0.43071009  0.54399984  0.7201063 ]
 [ 0.37637292  0.61693962 -0.69117964]]
INFO:root:target pos: [0.42884643 0.070265   0.2       ]
INFO:root:target quat: [0. 0. 1. 0.]
INFO:root:current pos: [0.45716009 0.08961481 0.26521012]
INFO:root:current mat: [[-0.80468957  0.58749827  0.0855628 ]
 [ 0.44863676  0.5073377   0.7357538 ]
 [ 0.38884478  0.63043984 -0.67182276]]
INFO:root:target pos: [0.42624869 0.06753328 0.2       ]
INFO:root:target quat: [0. 0. 1. 0.]
INFO:root:current pos: [0.45716009 0.08961481 0.26521012]
INFO:root:current mat: [[-0.80468957  0.58749827  0.0855628 ]
 [ 0.44863676  0.5073377   0.7357538 ]
 [ 0.38884478  0.63043984 -0.67182276]]
INFO:root:target pos: [0.42457486 0.06565858 0.2       ]
INFO:root:target quat: [0. 0. 1. 0.]
INFO:root:current pos: [0.45716009 0.08961481 0.26521012]
INFO:root:current mat: [[-0.80468957  0.58749827  0.0855628 ]
 [ 0.44863676  0.5073377   0.7357538 ]
 [ 0.38884478  0.63043984 -0.67182276]]
INFO:root:target pos: [0.42294868 0.0637424  0.2       ]
INFO:root:target quat: [0. 0. 1. 0.]
INFO:root:current pos: [0.45716009 0.08961481 0.26521012]
INFO:root:current mat: [[-0.80468957  0.58749827  0.0855628 ]
 [ 0.44863676  0.5073377   0.7357538 ]
 [ 0.38884478  0.63043984 -0.67182276]]
INFO:root:target pos: [0.42215377 0.06276914 0.2       ]
INFO:root:target quat: [0. 0. 1. 0.]
INFO:root:current pos: [0.45716009 0.08961481 0.26521012]
INFO:root:current mat: [[-0.80468957  0.58749827  0.0855628 ]
 [ 0.44863676  0.5073377   0.7357538 ]
 [ 0.38884478  0.63043984 -0.67182276]]
INFO:root:target pos: [0.42137116 0.06178596 0.2       ]
INFO:root:target quat: [0. 0. 1. 0.]
INFO:root:current pos: [0.45716009 0.08961481 0.26521012]
INFO:root:current mat: [[-0.80468957  0.58749827  0.0855628 ]
 [ 0.44863676  0.5073377   0.7357538 ]
 [ 0.38884478  0.63043984 -0.67182276]]
INFO:root:target pos: [0.4209845  0.06129071 0.2       ]
INFO:root:target quat: [0. 0. 1. 0.]
INFO:root:current pos: [0.45716009 0.08961481 0.26521012]
INFO:root:current mat: [[-0.80468957  0.58749827  0.0855628 ]
 [ 0.44863676  0.5073377   0.7357538 ]
 [ 0.38884478  0.63043984 -0.67182276]]
INFO:root:target pos: [0.42022056 0.06029295 0.2       ]
INFO:root:target quat: [0. 0. 1. 0.]
INFO:root:current pos: [0.44651926 0.0841897  0.26855189]
INFO:root:current mat: [[-0.78770208  0.60632393  0.10907359]
 [ 0.46638818  0.47123501  0.74861187]
 [ 0.40250195  0.64055363 -0.65397517]]
INFO:root:target pos: [0.4190983  0.05877853 0.2       ]
INFO:root:target quat: [0. 0. 1. 0.]
INFO:root:current pos: [0.44651926 0.0841897  0.26855189]
INFO:root:current mat: [[-0.78770208  0.60632393  0.10907359]
 [ 0.46638818  0.47123501  0.74861187]
 [ 0.40250195  0.64055363 -0.65397517]]
INFO:root:target pos: [0.41659216 0.05516459 0.2       ]
INFO:root:target quat: [0. 0. 1. 0.]
INFO:root:current pos: [0.44651926 0.0841897  0.26855189]
INFO:root:current mat: [[-0.78770208  0.60632393  0.10907359]
 [ 0.46638818  0.47123501  0.74861187]
 [ 0.40250195  0.64055363 -0.65397517]]
INFO:root:target pos: [0.41490055 0.05251746 0.2       ]
INFO:root:target quat: [0. 0. 1. 0.]
INFO:root:current pos: [0.44651926 0.0841897  0.26855189]
INFO:root:current mat: [[-0.78770208  0.60632393  0.10907359]
 [ 0.46638818  0.47123501  0.74861187]
 [ 0.40250195  0.64055363 -0.65397517]]
INFO:root:target pos: [0.41298162 0.04927273 0.2       ]
INFO:root:target quat: [0. 0. 1. 0.]
INFO:root:current pos: [0.44651926 0.0841897  0.26855189]
INFO:root:current mat: [[-0.78770208  0.60632393  0.10907359]
 [ 0.46638818  0.47123501  0.74861187]
 [ 0.40250195  0.64055363 -0.65397517]]
INFO:root:target pos: [0.41147687 0.04651511 0.2       ]
INFO:root:target quat: [0. 0. 1. 0.]
INFO:root:current pos: [0.43648475 0.07714989 0.27177176]
INFO:root:current mat: [[-0.7694062   0.62513182  0.13124271]
 [ 0.48373511  0.4360605   0.75884893]
 [ 0.4171508   0.64734964 -0.63790593]]
INFO:root:target pos: [0.41005947 0.04371158 0.2       ]
INFO:root:target quat: [0. 0. 1. 0.]
INFO:root:current pos: [0.43648475 0.07714989 0.27177176]
INFO:root:current mat: [[-0.7694062   0.62513182  0.13124271]
 [ 0.48373511  0.4360605   0.75884893]
 [ 0.4171508   0.64734964 -0.63790593]]
INFO:root:target pos: [0.4089894  0.04143756 0.2       ]
INFO:root:target quat: [0. 0. 1. 0.]
INFO:root:current pos: [0.43648475 0.07714989 0.27177176]
INFO:root:current mat: [[-0.7694062   0.62513182  0.13124271]
 [ 0.48373511  0.4360605   0.75884893]
 [ 0.4171508   0.64734964 -0.63790593]]
INFO:root:target pos: [0.40725548 0.03739592 0.2       ]
INFO:root:target quat: [0. 0. 1. 0.]
INFO:root:current pos: [0.43648475 0.07714989 0.27177176]
INFO:root:current mat: [[-0.7694062   0.62513182  0.13124271]
 [ 0.48373511  0.4360605   0.75884893]
 [ 0.4171508   0.64734964 -0.63790593]]
INFO:root:target pos: [0.40679289 0.03622754 0.2       ]
INFO:root:target quat: [0. 0. 1. 0.]
INFO:root:current pos: [0.42721641 0.06874644 0.27482581]
INFO:root:current mat: [[-0.74992018  0.6438454   0.15193059]
 [ 0.50045119  0.40195733  0.76679785]
 [ 0.43262964  0.65107099 -0.62364913]]
INFO:root:target pos: [0.40612661 0.03446429 0.2       ]
INFO:root:target quat: [0. 0. 1. 0.]
INFO:root:current pos: [0.42721641 0.06874644 0.27482581]
INFO:root:current mat: [[-0.74992018  0.6438454   0.15193059]
 [ 0.50045119  0.40195733  0.76679785]
 [ 0.43262964  0.65107099 -0.62364913]]
INFO:root:target pos: [0.40470207 0.03030353 0.2       ]
INFO:root:target quat: [0. 0. 1. 0.]
INFO:root:current pos: [0.42721641 0.06874644 0.27482581]
INFO:root:current mat: [[-0.74992018  0.6438454   0.15193059]
 [ 0.50045119  0.40195733  0.76679785]
 [ 0.43262964  0.65107099 -0.62364913]]
INFO:root:target pos: [0.40314168 0.02486899 0.2       ]
INFO:root:target quat: [0. 0. 1. 0.]
INFO:root:current pos: [0.41883016 0.05963153 0.27768305]
INFO:root:current mat: [[-0.72928048  0.66236192  0.17154281]
 [ 0.51634536  0.36827642  0.77314943]
 [ 0.44892952  0.65241801 -0.61058437]]
INFO:root:target pos: [0.40177127 0.01873813 0.2       ]
INFO:root:target quat: [0. 0. 1. 0.]
INFO:root:current pos: [0.41883016 0.05963153 0.27768305]
INFO:root:current mat: [[-0.72928048  0.66236192  0.17154281]
 [ 0.51634536  0.36827642  0.77314943]
 [ 0.44892952  0.65241801 -0.61058437]]
INFO:root:target pos: [0.40123117 0.01564345 0.2       ]
INFO:root:target quat: [0. 0. 1. 0.]
INFO:root:current pos: [0.41883016 0.05963153 0.27768305]
INFO:root:current mat: [[-0.72928048  0.66236192  0.17154281]
 [ 0.51634536  0.36827642  0.77314943]
 [ 0.44892952  0.65241801 -0.61058437]]
INFO:root:target pos: [0.40071174 0.01190972 0.2       ]
INFO:root:target quat: [0. 0. 1. 0.]
INFO:root:current pos: [0.41883016 0.05963153 0.27768305]
INFO:root:current mat: [[-0.72928048  0.66236192  0.17154281]
 [ 0.51634536  0.36827642  0.77314943]
 [ 0.44892952  0.65241801 -0.61058437]]
INFO:root:target pos: [0.40063887 0.01128564 0.2       ]
INFO:root:target quat: [0. 0. 1. 0.]
INFO:root:current pos: [0.41883016 0.05963153 0.27768305]
INFO:root:current mat: [[-0.72928048  0.66236192  0.17154281]
 [ 0.51634536  0.36827642  0.77314943]
 [ 0.44892952  0.65241801 -0.61058437]]
INFO:root:target pos: [0.4005049  0.01003617 0.2       ]
INFO:root:target quat: [0. 0. 1. 0.]
INFO:root:current pos: [0.41148913 0.04928663 0.28031099]
INFO:root:current mat: [[-0.70792134  0.68049238  0.18915008]
 [ 0.53112255  0.3363702   0.77766575]
 [ 0.46557111  0.65098795 -0.59954855]]
INFO:root:target pos: [0.40033341 0.00815906 0.2       ]
INFO:root:target quat: [0. 0. 1. 0.]
INFO:root:current pos: [0.41148913 0.04928663 0.28031099]
INFO:root:current mat: [[-0.70792134  0.68049238  0.18915008]
 [ 0.53112255  0.3363702   0.77766575]
 [ 0.46557111  0.65098795 -0.59954855]]
INFO:root:target pos: [0.40009671 0.00439681 0.2       ]
INFO:root:target quat: [0. 0. 1. 0.]
INFO:root:current pos: [0.41148913 0.04928663 0.28031099]
INFO:root:current mat: [[-0.70792134  0.68049238  0.18915008]
 [ 0.53112255  0.3363702   0.77766575]
 [ 0.46557111  0.65098795 -0.59954855]]
INFO:root:target pos: [ 0.40000197 -0.00062831  0.2       ]
INFO:root:target quat: [0. 0. 1. 0.]
INFO:root:current pos: [0.41148913 0.04928663 0.28031099]
INFO:root:current mat: [[-0.70792134  0.68049238  0.18915008]
 [ 0.53112255  0.3363702   0.77766575]
 [ 0.46557111  0.65098795 -0.59954855]]
INFO:root:target pos: [ 0.40023875 -0.006906    0.2       ]
INFO:root:target quat: [0. 0. 1. 0.]
INFO:root:current pos: [0.4051913  0.03850775 0.28269315]
INFO:root:current mat: [[-0.68581773  0.69812885  0.20559755]
 [ 0.54463403  0.30494752  0.78126875]
 [ 0.48272975  0.64778329 -0.5893632 ]]
INFO:root:target pos: [ 0.40038664 -0.00878512  0.2       ]
INFO:root:target quat: [0. 0. 1. 0.]
INFO:root:current pos: [0.4051913  0.03850775 0.28269315]
INFO:root:current mat: [[-0.68581773  0.69812885  0.20559755]
 [ 0.54463403  0.30494752  0.78126875]
 [ 0.48272975  0.64778329 -0.5893632 ]]
INFO:root:target pos: [ 0.40086924 -0.01315644  0.2       ]
INFO:root:target quat: [0. 0. 1. 0.]
INFO:root:current pos: [0.4051913  0.03850775 0.28269315]
INFO:root:current mat: [[-0.68581773  0.69812885  0.20559755]
 [ 0.54463403  0.30494752  0.78126875]
 [ 0.48272975  0.64778329 -0.5893632 ]]
INFO:root:target pos: [ 0.40104239 -0.01440108  0.2       ]
INFO:root:target quat: [0. 0. 1. 0.]
INFO:root:current pos: [0.4051913  0.03850775 0.28269315]
INFO:root:current mat: [[-0.68581773  0.69812885  0.20559755]
 [ 0.54463403  0.30494752  0.78126875]
 [ 0.48272975  0.64778329 -0.5893632 ]]
INFO:root:target pos: [ 0.40123117 -0.01564345  0.2       ]
INFO:root:target quat: [0. 0. 1. 0.]
INFO:root:current pos: [0.4051913  0.03850775 0.28269315]
INFO:root:current mat: [[-0.68581773  0.69812885  0.20559755]
 [ 0.54463403  0.30494752  0.78126875]
 [ 0.48272975  0.64778329 -0.5893632 ]]
INFO:root:target pos: [ 0.40133141 -0.01626372  0.2       ]
INFO:root:target quat: [0. 0. 1. 0.]
INFO:root:current pos: [0.40018743 0.02683489 0.284823  ]
INFO:root:current mat: [[-0.66358313  0.71502374  0.21999737]
 [ 0.55662542  0.27542876  0.78377758]
 [ 0.49982589  0.64255756 -0.58077035]]
INFO:root:target pos: [ 0.40177127 -0.01873813  0.2       ]
INFO:root:target quat: [0. 0. 1. 0.]
INFO:root:current pos: [0.40018743 0.02683489 0.284823  ]
INFO:root:current mat: [[-0.66358313  0.71502374  0.21999737]
 [ 0.55662542  0.27542876  0.78377758]
 [ 0.49982589  0.64255756 -0.58077035]]
INFO:root:target pos: [ 0.40283683 -0.0236499   0.2       ]
INFO:root:target quat: [0. 0. 1. 0.]
INFO:root:current pos: [0.40018743 0.02683489 0.284823  ]
INFO:root:current mat: [[-0.66358313  0.71502374  0.21999737]
 [ 0.55662542  0.27542876  0.78377758]
 [ 0.49982589  0.64255756 -0.58077035]]
INFO:root:target pos: [ 0.40329985 -0.02547707  0.2       ]
INFO:root:target quat: [0. 0. 1. 0.]
INFO:root:current pos: [0.40018743 0.02683489 0.284823  ]
INFO:root:current mat: [[-0.66358313  0.71502374  0.21999737]
 [ 0.55662542  0.27542876  0.78377758]
 [ 0.49982589  0.64255756 -0.58077035]]
INFO:root:target pos: [ 0.40397063 -0.02789911  0.2       ]
INFO:root:target quat: [0. 0. 1. 0.]
INFO:root:current pos: [0.40018743 0.02683489 0.284823  ]
INFO:root:current mat: [[-0.64122484  0.73104208  0.23325595]
 [ 0.56699876  0.24655984  0.78595211]
 [ 0.51705248  0.63622778 -0.57260029]]
INFO:root:target pos: [ 0.40549369 -0.0326888   0.2       ]
INFO:root:target quat: [0. 0. 1. 0.]
INFO:root:current pos: [0.39646095 0.01487694 0.28669608]
INFO:root:current mat: [[-0.64122484  0.73104208  0.23325595]
 [ 0.56699876  0.24655984  0.78595211]
 [ 0.51705248  0.63622778 -0.57260029]]
INFO:root:target pos: [ 0.40612661 -0.03446429  0.2       ]
INFO:root:target quat: [0. 0. 1. 0.]
INFO:root:current pos: [0.39646095 0.01487694 0.28669608]
INFO:root:current mat: [[-0.64122484  0.73104208  0.23325595]
 [ 0.56699876  0.24655984  0.78595211]
 [ 0.51705248  0.63622778 -0.57260029]]
INFO:root:target pos: [ 0.40749228 -0.03797791  0.2       ]
INFO:root:target quat: [0. 0. 1. 0.]
INFO:root:current pos: [0.39646095 0.01487694 0.28669608]
INFO:root:current mat: [[-0.64122484  0.73104208  0.23325595]
 [ 0.56699876  0.24655984  0.78595211]
 [ 0.51705248  0.63622778 -0.57260029]]
INFO:root:target pos: [ 0.40797682 -0.03913737  0.2       ]
INFO:root:target quat: [0. 0. 1. 0.]
INFO:root:current pos: [0.39646095 0.01487694 0.28669608]
INFO:root:current mat: [[-0.64122484  0.73104208  0.23325595]
 [ 0.56699876  0.24655984  0.78595211]
 [ 0.51705248  0.63622778 -0.57260029]]
INFO:root:target pos: [ 0.40847588 -0.04029064  0.2       ]
INFO:root:target quat: [0. 0. 1. 0.]
INFO:root:current pos: [0.39646095 0.01487694 0.28669608]
INFO:root:current mat: [[-0.64122484  0.73104208  0.23325595]
 [ 0.56699876  0.24655984  0.78595211]
 [ 0.51705248  0.63622778 -0.57260029]]
INFO:root:target pos: [ 0.40873084 -0.04086491  0.2       ]
INFO:root:target quat: [0. 0. 1. 0.]
INFO:root:current pos: [0.39418447 0.00271232 0.28832388]
INFO:root:current mat: [[-0.6190523   0.7459815   0.24553217]
 [ 0.57566471  0.21835547  0.78799183]
 [ 0.53421399  0.62915227 -0.56460874]]
INFO:root:target pos: [ 0.41005947 -0.04371158  0.2       ]
INFO:root:target quat: [0. 0. 1. 0.]
INFO:root:current pos: [0.39418447 0.00271232 0.28832388]
INFO:root:current mat: [[-0.6190523   0.7459815   0.24553217]
 [ 0.57566471  0.21835547  0.78799183]
 [ 0.53421399  0.62915227 -0.56460874]]
INFO:root:target pos: [ 0.41267375 -0.04872501  0.2       ]
INFO:root:target quat: [0. 0. 1. 0.]
INFO:root:current pos: [0.39418447 0.00271232 0.28832388]
INFO:root:current mat: [[-0.6190523   0.7459815   0.24553217]
 [ 0.57566471  0.21835547  0.78799183]
 [ 0.53421399  0.62915227 -0.56460874]]
INFO:root:target pos: [ 0.41590554 -0.05411213  0.2       ]
INFO:root:target quat: [0. 0. 1. 0.]
INFO:root:current pos: [ 0.39328533 -0.00914128  0.28969896]
INFO:root:current mat: [[-0.59689016  0.75970969  0.25799961]
 [ 0.5825766   0.18928837  0.79042689]
 [ 0.55165852  0.62210236 -0.55557358]]
INFO:root:target pos: [ 0.41946921 -0.05928568  0.2       ]
INFO:root:target quat: [0. 0. 1. 0.]
INFO:root:current pos: [ 0.39328533 -0.00914128  0.28969896]
INFO:root:current mat: [[-0.59689016  0.75970969  0.25799961]
 [ 0.5825766   0.18928837  0.79042689]
 [ 0.55165852  0.62210236 -0.55557358]]
INFO:root:target pos: [ 0.4209845  -0.06129071  0.2       ]
INFO:root:target quat: [0. 0. 1. 0.]
INFO:root:current pos: [ 0.39328533 -0.00914128  0.28969896]
INFO:root:current mat: [[-0.59689016  0.75970969  0.25799961]
 [ 0.5825766   0.18928837  0.79042689]
 [ 0.55165852  0.62210236 -0.55557358]]
INFO:root:target pos: [ 0.42457486 -0.06565858  0.2       ]
INFO:root:target quat: [0. 0. 1. 0.]
INFO:root:current pos: [ 0.39328533 -0.00914128  0.28969896]
INFO:root:current mat: [[-0.59689016  0.75970969  0.25799961]
 [ 0.5825766   0.18928837  0.79042689]
 [ 0.55165852  0.62210236 -0.55557358]]
INFO:root:target pos: [ 0.42498889 -0.06613119  0.2       ]
INFO:root:target quat: [0. 0. 1. 0.]
INFO:root:current pos: [ 0.39419833 -0.02084062  0.29086208]
INFO:root:current mat: [[-0.57526437  0.77194584  0.27050079]
 [ 0.58777602  0.16013392  0.79301738]
 [ 0.56885008  0.61518845 -0.54585063]]
INFO:root:target pos: [ 0.42582582 -0.06706856  0.2       ]
INFO:root:target quat: [0. 0. 1. 0.]
INFO:root:current pos: [ 0.39419833 -0.02084062  0.29086208]
INFO:root:current mat: [[-0.57526437  0.77194584  0.27050079]
 [ 0.58777602  0.16013392  0.79301738]
 [ 0.56885008  0.61518845 -0.54585063]]
INFO:root:target pos: [ 0.4279691  -0.06936533  0.2       ]
INFO:root:target quat: [0. 0. 1. 0.]
INFO:root:current pos: [ 0.39419833 -0.02084062  0.29086208]
INFO:root:current mat: [[-0.57526437  0.77194584  0.27050079]
 [ 0.58777602  0.16013392  0.79301738]
 [ 0.56885008  0.61518845 -0.54585063]]
INFO:root:target pos: [ 0.43293144 -0.07417418  0.2       ]
INFO:root:target quat: [0. 0. 1. 0.]
INFO:root:current pos: [ 0.39650905 -0.03168505  0.29176721]
INFO:root:current mat: [[-0.55334882  0.78267978  0.28498717]
 [ 0.59118559  0.12801289  0.79631177]
 [ 0.58677503  0.60911838 -0.53354486]]
INFO:root:target pos: [ 0.43674298 -0.07745031  0.2       ]
INFO:root:target quat: [0. 0. 1. 0.]
INFO:root:current pos: [ 0.39650905 -0.03168505  0.29176721]
INFO:root:current mat: [[-0.55334882  0.78267978  0.28498717]
 [ 0.59118559  0.12801289  0.79631177]
 [ 0.58677503  0.60911838 -0.53354486]]
INFO:root:target pos: [ 0.43970705 -0.07977944  0.2       ]
INFO:root:target quat: [0. 0. 1. 0.]
INFO:root:current pos: [ 0.39650905 -0.03168505  0.29176721]
INFO:root:current mat: [[-0.55334882  0.78267978  0.28498717]
 [ 0.59118559  0.12801289  0.79631177]
 [ 0.58677503  0.60911838 -0.53354486]]
INFO:root:target pos: [ 0.44275679 -0.08199521  0.2       ]
INFO:root:target quat: [0. 0. 1. 0.]
INFO:root:current pos: [ 0.39650905 -0.03168505  0.29176721]
INFO:root:current mat: [[-0.55334882  0.78267978  0.28498717]
 [ 0.59118559  0.12801289  0.79631177]
 [ 0.58677503  0.60911838 -0.53354486]]
INFO:root:target pos: [ 0.44483541 -0.08340784  0.2       ]
INFO:root:target quat: [0. 0. 1. 0.]
INFO:root:current pos: [ 0.40059471 -0.04171022  0.29244408]
INFO:root:current mat: [[-0.53143719  0.79159483  0.30158321]
 [ 0.59287975  0.09329425  0.79986871]
 [ 0.60503587  0.60388242 -0.51890067]]
INFO:root:target pos: [ 0.44641732 -0.08443279  0.2       ]
INFO:root:target quat: [0. 0. 1. 0.]
INFO:root:current pos: [ 0.40059471 -0.04171022  0.29244408]
INFO:root:current mat: [[-0.53143719  0.79159483  0.30158321]
 [ 0.59287975  0.09329425  0.79986871]
 [ 0.60503587  0.60388242 -0.51890067]]
INFO:root:target pos: [ 0.45237618 -0.08793163  0.2       ]
INFO:root:target quat: [0. 0. 1. 0.]
INFO:root:current pos: [ 0.40595117 -0.05058163  0.29282781]
INFO:root:current mat: [[-0.50873309  0.79862211  0.32154824]
 [ 0.59259847  0.05390363  0.80369235]
 [ 0.6245139   0.59941393 -0.50068477]]
INFO:root:target pos: [ 0.45799143 -0.09074844  0.2       ]
INFO:root:target quat: [0. 0. 1. 0.]
INFO:root:current pos: [ 0.40595117 -0.05058163  0.29282781]
INFO:root:current mat: [[-0.50873309  0.79862211  0.32154824]
 [ 0.59259847  0.05390363  0.80369235]
 [ 0.6245139   0.59941393 -0.50068477]]
INFO:root:target pos: [ 0.4614416  -0.09226727  0.2       ]
INFO:root:target quat: [0. 0. 1. 0.]
INFO:root:current pos: [ 0.40595117 -0.05058163  0.29282781]
INFO:root:current mat: [[-0.50873309  0.79862211  0.32154824]
 [ 0.59259847  0.05390363  0.80369235]
 [ 0.6245139   0.59941393 -0.50068477]]
INFO:root:target pos: [ 0.46553571 -0.09387339  0.2       ]
INFO:root:target quat: [0. 0. 1. 0.]
INFO:root:current pos: [ 0.40595117 -0.05058163  0.29282781]
INFO:root:current mat: [[-0.50873309  0.79862211  0.32154824]
 [ 0.59259847  0.05390363  0.80369235]
 [ 0.6245139   0.59941393 -0.50068477]]
INFO:root:target pos: [ 0.4673112  -0.09450631  0.2       ]
INFO:root:target quat: [0. 0. 1. 0.]
INFO:root:current pos: [ 0.41313332 -0.05823578  0.29296485]
INFO:root:current mat: [[-0.48564283  0.80323703  0.34490823]
 [ 0.59051408  0.01052241  0.80695889]
 [ 0.64454987  0.59556679 -0.47943304]]
INFO:root:target pos: [ 0.4690983  -0.09510565  0.2       ]
INFO:root:target quat: [0. 0. 1. 0.]
INFO:root:current pos: [ 0.41313332 -0.05823578  0.29296485]
INFO:root:current mat: [[-0.48564283  0.80323703  0.34490823]
 [ 0.59051408  0.01052241  0.80695889]
 [ 0.64454987  0.59556679 -0.47943304]]
INFO:root:target pos: [ 0.47089638 -0.09567121  0.2       ]
INFO:root:target quat: [0. 0. 1. 0.]
INFO:root:current pos: [ 0.41313332 -0.05823578  0.29296485]
INFO:root:current mat: [[-0.48564283  0.80323703  0.34490823]
 [ 0.59051408  0.01052241  0.80695889]
 [ 0.64454987  0.59556679 -0.47943304]]
INFO:root:target pos: [ 0.47941374 -0.09785809  0.2       ]
INFO:root:target quat: [0. 0. 1. 0.]
INFO:root:current pos: [ 0.41313332 -0.05823578  0.29296485]
INFO:root:current mat: [[-0.48564283  0.80323703  0.34490823]
 [ 0.59051408  0.01052241  0.80695889]
 [ 0.64454987  0.59556679 -0.47943304]]
INFO:root:target pos: [ 0.48435655 -0.09876883  0.2       ]
INFO:root:target quat: [0. 0. 1. 0.]
INFO:root:current pos: [ 0.41313332 -0.05823578  0.29296485]
INFO:root:current mat: [[-0.48564283  0.80323703  0.34490823]
 [ 0.59051408  0.01052241  0.80695889]
 [ 0.64454987  0.59556679 -0.47943304]]
INFO:root:target pos: [ 0.48746668 -0.09921147  0.2       ]
INFO:root:target quat: [0. 0. 1. 0.]
INFO:root:current pos: [ 0.41313332 -0.05823578  0.29296485]
INFO:root:current mat: [[-0.48564283  0.80323703  0.34490823]
 [ 0.59051408  0.01052241  0.80695889]
 [ 0.64454987  0.59556679 -0.47943304]]
INFO:root:target pos: [ 0.49184094 -0.09966659  0.2       ]
INFO:root:target quat: [0. 0. 1. 0.]
INFO:root:current pos: [ 0.42214641 -0.06441684  0.29283851]
INFO:root:current mat: [[-0.46187233  0.80505136  0.37224513]
 [ 0.58657904 -0.03754993  0.80902111]
 [ 0.66528126  0.59201557 -0.45488305]]
INFO:root:target pos: [ 0.49372095 -0.09980267  0.2       ]
INFO:root:target quat: [0. 0. 1. 0.]
INFO:root:current pos: [ 0.42214641 -0.06441684  0.29283851]
INFO:root:current mat: [[-0.46187233  0.80505136  0.37224513]
 [ 0.58657904 -0.03754993  0.80902111]
 [ 0.66528126  0.59201557 -0.45488305]]
INFO:root:target pos: [ 0.4987434 -0.0999921  0.2      ]
INFO:root:target quat: [0. 0. 1. 0.]
INFO:root:current pos: [ 0.42214641 -0.06441684  0.29283851]
INFO:root:current mat: [[-0.46187233  0.80505136  0.37224513]
 [ 0.58657904 -0.03754993  0.80902111]
 [ 0.66528126  0.59201557 -0.45488305]]
INFO:root:target pos: [ 0.5 -0.1  0.2]
INFO:root:target quat: [0. 0. 1. 0.]
INFO:root:current pos: [ 0.42214641 -0.06441684  0.29283851]
INFO:root:current mat: [[-0.46187233  0.80505136  0.37224513]
 [ 0.58657904 -0.03754993  0.80902111]
 [ 0.66528126  0.59201557 -0.45488305]]
INFO:root:target pos: [ 0.50062831 -0.09999803  0.2       ]
INFO:root:target quat: [0. 0. 1. 0.]
INFO:root:current pos: [ 0.43276688 -0.06894942  0.29241559]
INFO:root:current mat: [[-0.43702163  0.80365695  0.40391528]
 [ 0.58057078 -0.09094874  0.80911424]
 [ 0.68698589  0.58810186 -0.42683315]]
INFO:root:target pos: [ 0.50314108 -0.09995066  0.2       ]
INFO:root:target quat: [0. 0. 1. 0.]
INFO:root:current pos: [ 0.43276688 -0.06894942  0.29241559]
INFO:root:current mat: [[-0.43702163  0.80365695  0.40391528]
 [ 0.58057078 -0.09094874  0.80911424]
 [ 0.68698589  0.58810186 -0.42683315]]
INFO:root:target pos: [ 0.50815906 -0.09966659  0.2       ]
INFO:root:target quat: [0. 0. 1. 0.]
INFO:root:current pos: [ 0.44407383 -0.07225364  0.29161102]
INFO:root:current mat: [[-0.41051588  0.79896997  0.43945897]
 [ 0.57165218 -0.1499775   0.80667276]
 [ 0.71041607  0.58236941 -0.39516498]]
INFO:root:target pos: [ 0.51315644 -0.09913076  0.2       ]
INFO:root:target quat: [0. 0. 1. 0.]
INFO:root:current pos: [ 0.44407383 -0.07225364  0.29161102]
INFO:root:current mat: [[-0.41051588  0.79896997  0.43945897]
 [ 0.57165218 -0.1499775   0.80667276]
 [ 0.71041607  0.58236941 -0.39516498]]
INFO:root:target pos: [ 0.51812058 -0.09834452  0.2       ]
INFO:root:target quat: [0. 0. 1. 0.]
INFO:root:current pos: [ 0.44407383 -0.07225364  0.29161102]
INFO:root:current mat: [[-0.41051588  0.79896997  0.43945897]
 [ 0.57165218 -0.1499775   0.80667276]
 [ 0.71041607  0.58236941 -0.39516498]]
INFO:root:target pos: [ 0.52181432 -0.09759168  0.2       ]
INFO:root:target quat: [0. 0. 1. 0.]
INFO:root:current pos: [ 0.44407383 -0.07225364  0.29161102]
INFO:root:current mat: [[-0.41051588  0.79896997  0.43945897]
 [ 0.57165218 -0.1499775   0.80667276]
 [ 0.71041607  0.58236941 -0.39516498]]
INFO:root:target pos: [ 0.5236499  -0.09716317  0.2       ]
INFO:root:target quat: [0. 0. 1. 0.]
INFO:root:current pos: [ 0.44407383 -0.07225364  0.29161102]
INFO:root:current mat: [[-0.38243839  0.79010689  0.47903264]
 [ 0.55962397 -0.21446666  0.80051566]
 [ 0.73522934  0.57422592 -0.36014261]]
INFO:root:target pos: [ 0.52608415 -0.09653816  0.2       ]
INFO:root:target quat: [0. 0. 1. 0.]
INFO:root:current pos: [ 0.45616579 -0.0739191   0.29044339]
INFO:root:current mat: [[-0.38243839  0.79010689  0.47903264]
 [ 0.55962397 -0.21446666  0.80051566]
 [ 0.73522934  0.57422592 -0.36014261]]
INFO:root:target pos: [ 0.5309017  -0.09510565  0.2       ]
INFO:root:target quat: [0. 0. 1. 0.]
INFO:root:current pos: [ 0.45616579 -0.0739191   0.29044339]
INFO:root:current mat: [[-0.38243839  0.79010689  0.47903264]
 [ 0.55962397 -0.21446666  0.80051566]
 [ 0.73522934  0.57422592 -0.36014261]]
INFO:root:target pos: [ 0.53739592 -0.09274452  0.2       ]
INFO:root:target quat: [0. 0. 1. 0.]
INFO:root:current pos: [ 0.46852913 -0.07423937  0.28888017]
INFO:root:current mat: [[-0.35274809  0.77664696  0.52190849]
 [ 0.54376097 -0.28377885  0.78980615]
 [ 0.76150705  0.56239598 -0.32220795]]
INFO:root:target pos: [ 0.54371158 -0.08994053  0.2       ]
INFO:root:target quat: [0. 0. 1. 0.]
INFO:root:current pos: [ 0.46852913 -0.07423937  0.28888017]
INFO:root:current mat: [[-0.35274809  0.77664696  0.52190849]
 [ 0.54376097 -0.28377885  0.78980615]
 [ 0.76150705  0.56239598 -0.32220795]]
INFO:root:target pos: [ 0.54595799 -0.08881364  0.2       ]
INFO:root:target quat: [0. 0. 1. 0.]
INFO:root:current pos: [ 0.46852913 -0.07423937  0.28888017]
INFO:root:current mat: [[-0.35274809  0.77664696  0.52190849]
 [ 0.54376097 -0.28377885  0.78980615]
 [ 0.76150705  0.56239598 -0.32220795]]
INFO:root:target pos: [ 0.55090414 -0.0860742   0.2       ]
INFO:root:target quat: [0. 0. 1. 0.]
INFO:root:current pos: [ 0.46852913 -0.07423937  0.28888017]
INFO:root:current mat: [[-0.35274809  0.77664696  0.52190849]
 [ 0.54376097 -0.28377885  0.78980615]
 [ 0.76150705  0.56239598 -0.32220795]]
INFO:root:target pos: [ 0.55198173 -0.08542774  0.2       ]
INFO:root:target quat: [0. 0. 1. 0.]
INFO:root:current pos: [ 0.46852913 -0.07423937  0.28888017]
INFO:root:current mat: [[-0.35274809  0.77664696  0.52190849]
 [ 0.54376097 -0.28377885  0.78980615]
 [ 0.76150705  0.56239598 -0.32220795]]
INFO:root:target pos: [ 0.55251746 -0.08509945  0.2       ]
INFO:root:target quat: [0. 0. 1. 0.]
INFO:root:current pos: [ 0.48128963 -0.07250424  0.28694832]
INFO:root:current mat: [[-0.32167924  0.75733428  0.56830213]
 [ 0.52395491 -0.35755408  0.773063  ]
 [ 0.78866582  0.54644298 -0.28179132]]
INFO:root:target pos: [ 0.55463943 -0.0837528   0.2       ]
INFO:root:target quat: [0. 0. 1. 0.]
INFO:root:current pos: [ 0.48128963 -0.07250424  0.28694832]
INFO:root:current mat: [[-0.32167924  0.75733428  0.56830213]
 [ 0.52395491 -0.35755408  0.773063  ]
 [ 0.78866582  0.54644298 -0.28179132]]
INFO:root:target pos: [ 0.56029295 -0.07977944  0.2       ]
INFO:root:target quat: [0. 0. 1. 0.]
INFO:root:current pos: [ 0.48128963 -0.07250424  0.28694832]
INFO:root:current mat: [[-0.32167924  0.75733428  0.56830213]
 [ 0.52395491 -0.35755408  0.773063  ]
 [ 0.78866582  0.54644298 -0.28179132]]
INFO:root:target pos: [ 0.56276914 -0.07784623  0.2       ]
INFO:root:target quat: [0. 0. 1. 0.]
INFO:root:current pos: [ 0.48128963 -0.07250424  0.28694832]
INFO:root:current mat: [[-0.32167924  0.75733428  0.56830213]
 [ 0.52395491 -0.35755408  0.773063  ]
 [ 0.78866582  0.54644298 -0.28179132]]
INFO:root:target pos: [ 0.56518337 -0.07583619  0.2       ]
INFO:root:target quat: [0. 0. 1. 0.]
INFO:root:current pos: [ 0.48128963 -0.07250424  0.28694832]
INFO:root:current mat: [[-0.32167924  0.75733428  0.56830213]
 [ 0.52395491 -0.35755408  0.773063  ]
 [ 0.78866582  0.54644298 -0.28179132]]
INFO:root:target pos: [ 0.56753328 -0.07375131  0.2       ]
INFO:root:target quat: [0. 0. 1. 0.]
INFO:root:current pos: [ 0.49404979 -0.06886075  0.28463024]
INFO:root:current mat: [[-0.2894601   0.73152422  0.61732127]
 [ 0.49964099 -0.43462339  0.74930755]
 [ 0.81643868  0.52533346 -0.23969357]]
INFO:root:target pos: [ 0.56936533 -0.0720309   0.2       ]
INFO:root:target quat: [0. 0. 1. 0.]
INFO:root:current pos: [ 0.49404979 -0.06886075  0.28463024]
INFO:root:current mat: [[-0.2894601   0.73152422  0.61732127]
 [ 0.49964099 -0.43462339  0.74930755]
 [ 0.81643868  0.52533346 -0.23969357]]
INFO:root:target pos: [ 0.57115357 -0.070265    0.2       ]
INFO:root:target quat: [0. 0. 1. 0.]
INFO:root:current pos: [ 0.49404979 -0.06886075  0.28463024]
INFO:root:current mat: [[-0.2894601   0.73152422  0.61732127]
 [ 0.49964099 -0.43462339  0.74930755]
 [ 0.81643868  0.52533346 -0.23969357]]
INFO:root:target pos: [ 0.57332553 -0.06799534  0.2       ]
INFO:root:target quat: [0. 0. 1. 0.]
INFO:root:current pos: [ 0.49404979 -0.06886075  0.28463024]
INFO:root:current mat: [[-0.2894601   0.73152422  0.61732127]
 [ 0.49964099 -0.43462339  0.74930755]
 [ 0.81643868  0.52533346 -0.23969357]]
INFO:root:target pos: [ 0.57417418 -0.06706856  0.2       ]
INFO:root:target quat: [0. 0. 1. 0.]
INFO:root:current pos: [ 0.49404979 -0.06886075  0.28463024]
INFO:root:current mat: [[-0.2894601   0.73152422  0.61732127]
 [ 0.49964099 -0.43462339  0.74930755]
 [ 0.81643868  0.52533346 -0.23969357]]
INFO:root:target pos: [ 0.57501111 -0.06613119  0.2       ]
INFO:root:target quat: [0. 0. 1. 0.]
INFO:root:current pos: [ 0.49404979 -0.06886075  0.28463024]
INFO:root:current mat: [[-0.25646844  0.69878409  0.667776  ]
 [ 0.47014691 -0.51345419  0.71786263]
 [ 0.84450333  0.49806191 -0.19684643]]
INFO:root:target pos: [ 0.57583619 -0.06518337  0.2       ]
INFO:root:target quat: [0. 0. 1. 0.]
INFO:root:current pos: [ 0.50635755 -0.06367651  0.28190404]
INFO:root:current mat: [[-0.25646844  0.69878409  0.667776  ]
 [ 0.47014691 -0.51345419  0.71786263]
 [ 0.84450333  0.49806191 -0.19684643]]
INFO:root:target pos: [ 0.57745031 -0.06325702  0.2       ]
INFO:root:target quat: [0. 0. 1. 0.]
INFO:root:current pos: [ 0.50635755 -0.06367651  0.28190404]
INFO:root:current mat: [[-0.25646844  0.69878409  0.667776  ]
 [ 0.47014691 -0.51345419  0.71786263]
 [ 0.84450333  0.49806191 -0.19684643]]
INFO:root:target pos: [ 0.58270806 -0.05620834  0.2       ]
INFO:root:target quat: [0. 0. 1. 0.]
INFO:root:current pos: [ 0.5176928  -0.05806321  0.27873564]
INFO:root:current mat: [[-0.22367371  0.65995411  0.71723823]
 [ 0.43492595 -0.59097166  0.67940559]
 [ 0.87224396  0.46391067 -0.15484637]]
INFO:root:target pos: [ 0.58575267 -0.05144395  0.2       ]
INFO:root:target quat: [0. 0. 1. 0.]
INFO:root:current pos: [ 0.5176928  -0.05806321  0.27873564]
INFO:root:current mat: [[-0.22367371  0.65995411  0.71723823]
 [ 0.43492595 -0.59097166  0.67940559]
 [ 0.87224396  0.46391067 -0.15484637]]
INFO:root:target pos: [ 0.58822912 -0.04707039  0.2       ]
INFO:root:target quat: [0. 0. 1. 0.]
INFO:root:current pos: [ 0.5176928  -0.05806321  0.27873564]
INFO:root:current mat: [[-0.22367371  0.65995411  0.71723823]
 [ 0.43492595 -0.59097166  0.67940559]
 [ 0.87224396  0.46391067 -0.15484637]]
INFO:root:target pos: [ 0.59048271 -0.04257793  0.2       ]
INFO:root:target quat: [0. 0. 1. 0.]
INFO:root:current pos: [ 0.5176928  -0.05806321  0.27873564]
INFO:root:current mat: [[-0.22367371  0.65995411  0.71723823]
 [ 0.43492595 -0.59097166  0.67940559]
 [ 0.87224396  0.46391067 -0.15484637]]
INFO:root:target pos: [ 0.59177546 -0.03971479  0.2       ]
INFO:root:target quat: [0. 0. 1. 0.]
INFO:root:current pos: [ 0.52796954 -0.05095595  0.27512732]
INFO:root:current mat: [[-0.19155432  0.61328838  0.76627954]
 [ 0.39395119 -0.66704146  0.63234341]
 [ 0.89894907  0.42300484 -0.11383103]]
INFO:root:target pos: [ 0.59365499 -0.03505343  0.2       ]
INFO:root:target quat: [0. 0. 1. 0.]
INFO:root:current pos: [ 0.52796954 -0.05095595  0.27512732]
INFO:root:current mat: [[-0.19155432  0.61328838  0.76627954]
 [ 0.39395119 -0.66704146  0.63234341]
 [ 0.89894907  0.42300484 -0.11383103]]
INFO:root:target pos: [ 0.59585218 -0.02850193  0.2       ]
INFO:root:target quat: [0. 0. 1. 0.]
INFO:root:current pos: [ 0.5371244  -0.04211022  0.27107626]
INFO:root:current mat: [[-0.16081477  0.55796276  0.81413534]
 [ 0.34756502 -0.74001919  0.57582153]
 [ 0.92376261  0.3755655  -0.07492246]]
INFO:root:target pos: [ 0.59745269 -0.02242708  0.2       ]
INFO:root:target quat: [0. 0. 1. 0.]
INFO:root:current pos: [ 0.5371244  -0.04211022  0.27107626]
INFO:root:current mat: [[-0.16081477  0.55796276  0.81413534]
 [ 0.34756502 -0.74001919  0.57582153]
 [ 0.92376261  0.3755655  -0.07492246]]
INFO:root:target pos: [ 0.59834452 -0.01812058  0.2       ]
INFO:root:target quat: [0. 0. 1. 0.]
INFO:root:current pos: [ 0.5371244  -0.04211022  0.27107626]
INFO:root:current mat: [[-0.16081477  0.55796276  0.81413534]
 [ 0.34756502 -0.74001919  0.57582153]
 [ 0.92376261  0.3755655  -0.07492246]]
INFO:root:target pos: [ 0.59866859 -0.01626372  0.2       ]
INFO:root:target quat: [0. 0. 1. 0.]
INFO:root:current pos: [ 0.5371244  -0.04211022  0.27107626]
INFO:root:current mat: [[-0.16081477  0.55796276  0.81413534]
 [ 0.34756502 -0.74001919  0.57582153]
 [ 0.92376261  0.3755655  -0.07492246]]
INFO:root:target pos: [ 0.59886517 -0.01502256  0.2       ]
INFO:root:target quat: [0. 0. 1. 0.]
INFO:root:current pos: [ 0.5371244  -0.04211022  0.27107626]
INFO:root:current mat: [[-0.16081477  0.55796276  0.81413534]
 [ 0.34756502 -0.74001919  0.57582153]
 [ 0.92376261  0.3755655  -0.07492246]]
INFO:root:target pos: [ 0.59904614 -0.01377903  0.2       ]
INFO:root:target quat: [0. 0. 1. 0.]
INFO:root:current pos: [ 0.54474598 -0.03275791  0.26660424]
INFO:root:current mat: [[-0.13229462  0.49553749  0.85845273]
 [ 0.29528238 -0.80704051  0.51136534]
 [ 0.94620653  0.32113671 -0.03955667]]
INFO:root:target pos: [ 0.59928826 -0.01190972  0.2       ]
INFO:root:target quat: [0. 0. 1. 0.]
INFO:root:current pos: [ 0.54474598 -0.03275791  0.26660424]
INFO:root:current mat: [[-0.13229462  0.49553749  0.85845273]
 [ 0.29528238 -0.80704051  0.51136534]
 [ 0.94620653  0.32113671 -0.03955667]]
INFO:root:target pos: [ 0.59976125 -0.006906    0.2       ]
INFO:root:target quat: [0. 0. 1. 0.]
INFO:root:current pos: [ 0.54474598 -0.03275791  0.26660424]
INFO:root:current mat: [[-0.13229462  0.49553749  0.85845273]
 [ 0.29528238 -0.80704051  0.51136534]
 [ 0.94620653  0.32113671 -0.03955667]]
INFO:root:target pos: [ 0.5998737  -0.00502443  0.2       ]
INFO:root:target quat: [0. 0. 1. 0.]
INFO:root:current pos: [ 0.55087024 -0.02372087  0.2617566 ]
INFO:root:current mat: [[-0.10708473  0.42723415  0.89777712]
 [ 0.23753452 -0.86582786  0.44036272]
 [ 0.9654585   0.26040921 -0.00876584]]
INFO:root:target pos: [0.59999803 0.00062831 0.2       ]
INFO:root:target quat: [0. 0. 1. 0.]
INFO:root:current pos: [ 0.55087024 -0.02372087  0.2617566 ]
INFO:root:current mat: [[-0.10708473  0.42723415  0.89777712]
 [ 0.23753452 -0.86582786  0.44036272]
 [ 0.9654585   0.26040921 -0.00876584]]
INFO:root:target pos: [0.59995066 0.00314108 0.2       ]
INFO:root:target quat: [0. 0. 1. 0.]
INFO:root:current pos: [ 0.55087024 -0.02372087  0.2617566 ]
INFO:root:current mat: [[-0.10708473  0.42723415  0.89777712]
 [ 0.23753452 -0.86582786  0.44036272]
 [ 0.9654585   0.26040921 -0.00876584]]
INFO:root:target pos: [0.59980267 0.00627905 0.2       ]
INFO:root:target quat: [0. 0. 1. 0.]
INFO:root:current pos: [ 0.55087024 -0.02372087  0.2617566 ]
INFO:root:current mat: [[-0.10708473  0.42723415  0.89777712]
 [ 0.23753452 -0.86582786  0.44036272]
 [ 0.9654585   0.26040921 -0.00876584]]
INFO:root:target pos: [0.59971589 0.00753268 0.2       ]
INFO:root:target quat: [0. 0. 1. 0.]
INFO:root:current pos: [ 0.55087024 -0.02372087  0.2617566 ]
INFO:root:current mat: [[-0.10708473  0.42723415  0.89777712]
 [ 0.23753452 -0.86582786  0.44036272]
 [ 0.9654585   0.26040921 -0.00876584]]
INFO:root:target pos: [0.5995562  0.00941083 0.2       ]
INFO:root:target quat: [0. 0. 1. 0.]
INFO:root:current pos: [ 0.55087024 -0.02372087  0.2617566 ]
INFO:root:current mat: [[-0.08591261  0.353159    0.93161026]
 [ 0.17491329 -0.91519781  0.36306773]
 [ 0.98082837  0.19414313  0.0168549 ]]
INFO:root:target pos: [0.59943008 0.01066112 0.2       ]
INFO:root:target quat: [0. 0. 1. 0.]
INFO:root:current pos: [ 0.55546147 -0.01485862  0.25658119]
INFO:root:current mat: [[-0.08591261  0.353159    0.93161026]
 [ 0.17491329 -0.91519781  0.36306773]
 [ 0.98082837  0.19414313  0.0168549 ]]
INFO:root:target pos: [0.59886517 0.01502256 0.2       ]
INFO:root:target quat: [0. 0. 1. 0.]
INFO:root:current pos: [ 0.55546147 -0.01485862  0.25658119]
INFO:root:current mat: [[-0.08591261  0.353159    0.93161026]
 [ 0.17491329 -0.91519781  0.36306773]
 [ 0.98082837  0.19414313  0.0168549 ]]
INFO:root:target pos: [0.59822873 0.01873813 0.2       ]
INFO:root:target quat: [0. 0. 1. 0.]
INFO:root:current pos: [ 0.55546147 -0.01485862  0.25658119]
INFO:root:current mat: [[-0.08591261  0.353159    0.93161026]
 [ 0.17491329 -0.91519781  0.36306773]
 [ 0.98082837  0.19414313  0.0168549 ]]
INFO:root:target pos: [0.59745269 0.02242708 0.2       ]
INFO:root:target quat: [0. 0. 1. 0.]
INFO:root:current pos: [ 0.55546147 -0.01485862  0.25658119]
INFO:root:current mat: [[-0.06934465  0.27407436  0.95920529]
 [ 0.1081373  -0.95378915  0.28034442]
 [ 0.99171461  0.12316622  0.0365023 ]]
INFO:root:target pos: [0.59670015 0.02547707 0.2       ]
INFO:root:target quat: [0. 0. 1. 0.]
INFO:root:current pos: [ 0.55865335 -0.00634546  0.25117815]
INFO:root:current mat: [[-0.06934465  0.27407436  0.95920529]
 [ 0.1081373  -0.95378915  0.28034442]
 [ 0.99171461  0.12316622  0.0365023 ]]
INFO:root:target pos: [0.59567121 0.02910362 0.2       ]
INFO:root:target quat: [0. 0. 1. 0.]
INFO:root:current pos: [ 0.55865335 -0.00634546  0.25117815]
INFO:root:current mat: [[-0.06934465  0.27407436  0.95920529]
 [ 0.1081373  -0.95378915  0.28034442]
 [ 0.99171461  0.12316622  0.0365023 ]]
INFO:root:target pos: [0.59470983 0.03209436 0.2       ]
INFO:root:target quat: [0. 0. 1. 0.]
INFO:root:current pos: [ 0.55865335 -0.00634546  0.25117815]
INFO:root:current mat: [[-0.06934465  0.27407436  0.95920529]
 [ 0.1081373  -0.95378915  0.28034442]
 [ 0.99171461  0.12316622  0.0365023 ]]
INFO:root:target pos: [0.59429905 0.03328195 0.2       ]
INFO:root:target quat: [0. 0. 1. 0.]
INFO:root:current pos: [ 0.55865335 -0.00634546  0.25117815]
INFO:root:current mat: [[-0.06934465  0.27407436  0.95920529]
 [ 0.1081373  -0.95378915  0.28034442]
 [ 0.99171461  0.12316622  0.0365023 ]]
INFO:root:target pos: [0.59387339 0.03446429 0.2       ]
INFO:root:target quat: [0. 0. 1. 0.]
INFO:root:current pos: [ 0.55865335 -0.00634546  0.25117815]
INFO:root:current mat: [[-0.06934465  0.27407436  0.95920529]
 [ 0.1081373  -0.95378915  0.28034442]
 [ 0.99171461  0.12316622  0.0365023 ]]
INFO:root:target pos: [0.59320711 0.03622754 0.2       ]
INFO:root:target quat: [0. 0. 1. 0.]
INFO:root:current pos: [ 0.55865335 -0.00634546  0.25117815]
INFO:root:current mat: [[-0.06934465  0.27407436  0.95920529]
 [ 0.1081373  -0.95378915  0.28034442]
 [ 0.99171461  0.12316622  0.0365023 ]]
INFO:root:target pos: [0.59297765 0.03681246 0.2       ]
INFO:root:target quat: [0. 0. 1. 0.]
INFO:root:current pos: [0.56029767 0.00207421 0.24560666]
INFO:root:current mat: [[-0.05794531  0.19021567  0.98003095]
 [ 0.03813049 -0.98054254  0.19256943]
 [ 0.99759146  0.04852752  0.04956452]]
INFO:root:target pos: [0.59202318 0.03913737 0.2       ]
INFO:root:target quat: [0. 0. 1. 0.]
INFO:root:current pos: [0.56029767 0.00207421 0.24560666]
INFO:root:current mat: [[-0.05794531  0.19021567  0.98003095]
 [ 0.03813049 -0.98054254  0.19256943]
 [ 0.99759146  0.04852752  0.04956452]]
INFO:root:target pos: [0.58994053 0.04371158 0.2       ]
INFO:root:target quat: [0. 0. 1. 0.]
INFO:root:current pos: [0.56110138 0.00968635 0.24013257]
INFO:root:current mat: [[-0.05172903  0.10369099  0.99326357]
 [-0.03431545 -0.9941925   0.10200081]
 [ 0.99807154 -0.02880789  0.05498658]]
INFO:root:target pos: [0.58822912 0.04707039 0.2       ]
INFO:root:target quat: [0. 0. 1. 0.]
INFO:root:current pos: [0.56110138 0.00968635 0.24013257]
INFO:root:current mat: [[-0.05172903  0.10369099  0.99326357]
 [-0.03431545 -0.9941925   0.10200081]
 [ 0.99807154 -0.02880789  0.05498658]]
INFO:root:target pos: [0.58670707 0.04981851 0.2       ]
INFO:root:target quat: [0. 0. 1. 0.]
INFO:root:current pos: [0.56110138 0.00968635 0.24013257]
INFO:root:current mat: [[-0.05172903  0.10369099  0.99326357]
 [-0.03431545 -0.9941925   0.10200081]
 [ 0.99807154 -0.02880789  0.05498658]]
INFO:root:target pos: [0.58509945 0.05251746 0.2       ]
INFO:root:target quat: [0. 0. 1. 0.]
INFO:root:current pos: [0.56110138 0.00968635 0.24013257]
INFO:root:current mat: [[-0.05172903  0.10369099  0.99326357]
 [-0.03431545 -0.9941925   0.10200081]
 [ 0.99807154 -0.02880789  0.05498658]]
INFO:root:target pos: [0.58443279 0.05358268 0.2       ]
INFO:root:target quat: [0. 0. 1. 0.]
INFO:root:current pos: [0.56110138 0.00968635 0.24013257]
INFO:root:current mat: [[-0.05172903  0.10369099  0.99326357]
 [-0.03431545 -0.9941925   0.10200081]
 [ 0.99807154 -0.02880789  0.05498658]]
INFO:root:target pos: [0.5837528  0.05463943 0.2       ]
INFO:root:target quat: [0. 0. 1. 0.]
INFO:root:current pos: [0.56110138 0.00968635 0.24013257]
INFO:root:current mat: [[-0.05172903  0.10369099  0.99326357]
 [-0.03431545 -0.9941925   0.10200081]
 [ 0.99807154 -0.02880789  0.05498658]]
INFO:root:target pos: [0.58305959 0.05568756 0.2       ]
INFO:root:target quat: [0. 0. 1. 0.]
INFO:root:current pos: [0.56110138 0.00968635 0.24013257]
INFO:root:current mat: [[-0.05172903  0.10369099  0.99326357]
 [-0.03431545 -0.9941925   0.10200081]
 [ 0.99807154 -0.02880789  0.05498658]]
INFO:root:target pos: [0.58270806 0.05620834 0.2       ]
INFO:root:target quat: [0. 0. 1. 0.]
INFO:root:current pos: [0.56134957 0.01349559 0.23533674]
INFO:root:current mat: [[-0.0561903   0.11141167  0.99218461]
 [-0.0460059  -0.99298813  0.10889645]
 [ 0.99735968 -0.03952743  0.06092168]]
INFO:root:target pos: [0.58199521 0.05724321 0.2       ]
INFO:root:target quat: [0. 0. 1. 0.]
INFO:root:current pos: [0.56134957 0.01349559 0.23533674]
INFO:root:current mat: [[-0.0561903   0.11141167  0.99218461]
 [-0.0460059  -0.99298813  0.10889645]
 [ 0.99735968 -0.03952743  0.06092168]]
INFO:root:target pos: [0.5801567 0.0597905 0.2      ]
INFO:root:target quat: [0. 0. 1. 0.]
INFO:root:current pos: [0.56134957 0.01349559 0.23533674]
INFO:root:current mat: [[-0.0561903   0.11141167  0.99218461]
 [-0.0460059  -0.99298813  0.10889645]
 [ 0.99735968 -0.03952743  0.06092168]]
INFO:root:target pos: [0.57745031 0.06325702 0.2       ]
INFO:root:target quat: [0. 0. 1. 0.]
INFO:root:current pos: [0.56134957 0.01349559 0.23533674]
INFO:root:current mat: [[-0.0561903   0.11141167  0.99218461]
 [-0.0460059  -0.99298813  0.10889645]
 [ 0.99735968 -0.03952743  0.06092168]]
INFO:root:target pos: [0.57583619 0.06518337 0.2       ]
INFO:root:target quat: [0. 0. 1. 0.]
INFO:root:current pos: [0.56041306 0.01693852 0.2306391 ]
INFO:root:current mat: [[-0.06242622  0.11618561  0.99126386]
 [-0.06211097 -0.99172821  0.11232851]
 [ 0.99611514 -0.05455612  0.06912608]]
INFO:root:target pos: [0.5720309  0.06936533 0.2       ]
INFO:root:target quat: [0. 0. 1. 0.]
INFO:root:current pos: [0.56041306 0.01693852 0.2306391 ]
INFO:root:current mat: [[-0.06242622  0.11618561  0.99126386]
 [-0.06211097 -0.99172821  0.11232851]
 [ 0.99611514 -0.05455612  0.06912608]]
INFO:root:target pos: [0.57071068 0.07071068 0.2       ]
INFO:root:target quat: [0. 0. 1. 0.]
INFO:root:current pos: [0.56041306 0.01693852 0.2306391 ]
INFO:root:current mat: [[-0.06242622  0.11618561  0.99126386]
 [-0.06211097 -0.99172821  0.11232851]
 [ 0.99611514 -0.05455612  0.06912608]]
INFO:root:target pos: [0.56799534 0.07332553 0.2       ]
INFO:root:target quat: [0. 0. 1. 0.]
INFO:root:current pos: [0.56041306 0.01693852 0.2306391 ]
INFO:root:current mat: [[-0.06242622  0.11618561  0.99126386]
 [-0.06211097 -0.99172821  0.11232851]
 [ 0.99611514 -0.05455612  0.06912608]]
INFO:root:target pos: [0.56706856 0.07417418 0.2       ]
INFO:root:target quat: [0. 0. 1. 0.]
INFO:root:current pos: [0.56041306 0.01693852 0.2306391 ]
INFO:root:current mat: [[-0.06242622  0.11618561  0.99126386]
 [-0.06211097 -0.99172821  0.11232851]
 [ 0.99611514 -0.05455612  0.06912608]]
INFO:root:target pos: [0.56660119 0.07459411 0.2       ]
INFO:root:target quat: [0. 0. 1. 0.]
INFO:root:current pos: [0.55778819 0.0208124  0.2258943 ]
INFO:root:current mat: [[-0.07054535  0.1174284   0.99057262]
 [-0.08221652 -0.99035248  0.11154711]
 [ 0.99411467 -0.07357231  0.07951913]]
INFO:root:target pos: [0.56565858 0.07542514 0.2       ]
INFO:root:target quat: [0. 0. 1. 0.]
INFO:root:current pos: [0.55778819 0.0208124  0.2258943 ]
INFO:root:current mat: [[-0.07054535  0.1174284   0.99057262]
 [-0.08221652 -0.99035248  0.11154711]
 [ 0.99411467 -0.07357231  0.07951913]]
INFO:root:target pos: [0.5647056  0.07624425 0.2       ]
INFO:root:target quat: [0. 0. 1. 0.]
INFO:root:current pos: [0.55778819 0.0208124  0.2258943 ]
INFO:root:current mat: [[-0.07054535  0.1174284   0.99057262]
 [-0.08221652 -0.99035248  0.11154711]
 [ 0.99411467 -0.07357231  0.07951913]]
INFO:root:target pos: [0.55775727 0.08163393 0.2       ]
INFO:root:target quat: [0. 0. 1. 0.]
INFO:root:current pos: [0.55778819 0.0208124  0.2258943 ]
INFO:root:current mat: [[-0.07054535  0.1174284   0.99057262]
 [-0.08221652 -0.99035248  0.11154711]
 [ 0.99411467 -0.07357231  0.07951913]]
INFO:root:target pos: [0.55411213 0.08409446 0.2       ]
INFO:root:target quat: [0. 0. 1. 0.]
INFO:root:current pos: [0.55407619 0.02479447 0.22118571]
INFO:root:current mat: [[-0.08022487  0.1162866   0.98997058]
 [-0.10570217 -0.98856437  0.10755556]
 [ 0.99115659 -0.09601341  0.09159884]]
INFO:root:target pos: [0.54872501 0.08732625 0.2       ]
INFO:root:target quat: [0. 0. 1. 0.]
INFO:root:current pos: [0.55407619 0.02479447 0.22118571]
INFO:root:current mat: [[-0.08022487  0.1162866   0.98997058]
 [-0.10570217 -0.98856437  0.10755556]
 [ 0.99115659 -0.09601341  0.09159884]]
INFO:root:target pos: [0.54707039 0.08822912 0.2       ]
INFO:root:target quat: [0. 0. 1. 0.]
INFO:root:current pos: [0.55407619 0.02479447 0.22118571]
INFO:root:current mat: [[-0.08022487  0.1162866   0.98997058]
 [-0.10570217 -0.98856437  0.10755556]
 [ 0.99115659 -0.09601341  0.09159884]]
INFO:root:target pos: [0.54371158 0.08994053 0.2       ]
INFO:root:target quat: [0. 0. 1. 0.]
INFO:root:current pos: [0.55407619 0.02479447 0.22118571]
INFO:root:current mat: [[-0.08022487  0.1162866   0.98997058]
 [-0.10570217 -0.98856437  0.10755556]
 [ 0.99115659 -0.09601341  0.09159884]]
INFO:root:target pos: [0.54257793 0.09048271 0.2       ]
INFO:root:target quat: [0. 0. 1. 0.]
INFO:root:current pos: [0.55407619 0.02479447 0.22118571]
INFO:root:current mat: [[-0.08022487  0.1162866   0.98997058]
 [-0.10570217 -0.98856437  0.10755556]
 [ 0.99115659 -0.09601341  0.09159884]]
INFO:root:target pos: [0.54143756 0.0910106  0.2       ]
INFO:root:target quat: [0. 0. 1. 0.]
INFO:root:current pos: [0.55407619 0.02479447 0.22118571]
INFO:root:current mat: [[-0.0921164   0.11309528  0.98930501]
 [-0.13214139 -0.98613055  0.10042841]
 [ 0.98694154 -0.12147703  0.10578299]]
INFO:root:target pos: [0.54086491 0.09126916 0.2       ]
INFO:root:target quat: [0. 0. 1. 0.]
INFO:root:current pos: [0.5481084  0.02893247 0.21621011]
INFO:root:current mat: [[-0.0921164   0.11309528  0.98930501]
 [-0.13214139 -0.98613055  0.10042841]
 [ 0.98694154 -0.12147703  0.10578299]]
INFO:root:target pos: [0.53913737 0.09202318 0.2       ]
INFO:root:target quat: [0. 0. 1. 0.]
INFO:root:current pos: [0.5481084  0.02893247 0.21621011]
INFO:root:current mat: [[-0.0921164   0.11309528  0.98930501]
 [-0.13214139 -0.98613055  0.10042841]
 [ 0.98694154 -0.12147703  0.10578299]]
INFO:root:target pos: [0.53328195 0.09429905 0.2       ]
INFO:root:target quat: [0. 0. 1. 0.]
INFO:root:current pos: [0.5481084  0.02893247 0.21621011]
INFO:root:current mat: [[-0.0921164   0.11309528  0.98930501]
 [-0.13214139 -0.98613055  0.10042841]
 [ 0.98694154 -0.12147703  0.10578299]]
INFO:root:target pos: [0.53149865 0.09490961 0.2       ]
INFO:root:target quat: [0. 0. 1. 0.]
INFO:root:current pos: [0.5481084  0.02893247 0.21621011]
INFO:root:current mat: [[-0.0921164   0.11309528  0.98930501]
 [-0.13214139 -0.98613055  0.10042841]
 [ 0.98694154 -0.12147703  0.10578299]]
INFO:root:target pos: [0.52850193 0.09585218 0.2       ]
INFO:root:target quat: [0. 0. 1. 0.]
INFO:root:current pos: [0.5481084  0.02893247 0.21621011]
INFO:root:current mat: [[-0.0921164   0.11309528  0.98930501]
 [-0.13214139 -0.98613055  0.10042841]
 [ 0.98694154 -0.12147703  0.10578299]]
INFO:root:target pos: [0.52486899 0.09685832 0.2       ]
INFO:root:target quat: [0. 0. 1. 0.]
INFO:root:current pos: [0.54097462 0.03635873 0.21184963]
INFO:root:current mat: [[-0.1054456   0.11034012  0.98828459]
 [-0.14470726 -0.98494899  0.09452808]
 [ 0.98384002 -0.13304438  0.1198254 ]]
INFO:root:target pos: [0.52303894 0.09730985 0.2       ]
INFO:root:target quat: [0. 0. 1. 0.]
INFO:root:current pos: [0.54097462 0.03635873 0.21184963]
INFO:root:current mat: [[-0.1054456   0.11034012  0.98828459]
 [-0.14470726 -0.98494899  0.09452808]
 [ 0.98384002 -0.13304438  0.1198254 ]]
INFO:root:target pos: [0.52120071 0.09772681 0.2       ]
INFO:root:target quat: [0. 0. 1. 0.]
INFO:root:current pos: [0.54097462 0.03635873 0.21184963]
INFO:root:current mat: [[-0.1054456   0.11034012  0.98828459]
 [-0.14470726 -0.98494899  0.09452808]
 [ 0.98384002 -0.13304438  0.1198254 ]]
INFO:root:target pos: [0.51812058 0.09834452 0.2       ]
INFO:root:target quat: [0. 0. 1. 0.]
INFO:root:current pos: [0.54097462 0.03635873 0.21184963]
INFO:root:current mat: [[-0.1054456   0.11034012  0.98828459]
 [-0.14470726 -0.98494899  0.09452808]
 [ 0.98384002 -0.13304438  0.1198254 ]]
INFO:root:target pos: [0.51688334 0.09856446 0.2       ]
INFO:root:target quat: [0. 0. 1. 0.]
INFO:root:current pos: [0.54097462 0.03635873 0.21184963]
INFO:root:current mat: [[-0.1054456   0.11034012  0.98828459]
 [-0.14470726 -0.98494899  0.09452808]
 [ 0.98384002 -0.13304438  0.1198254 ]]
INFO:root:target pos: [0.51626372 0.09866859 0.2       ]
INFO:root:target quat: [0. 0. 1. 0.]
INFO:root:current pos: [0.54097462 0.03635873 0.21184963]
INFO:root:current mat: [[-0.11935699  0.10742899  0.98702231]
 [-0.14522547 -0.98532572  0.08968275]
 [ 0.98217289 -0.13263652  0.13320683]]
INFO:root:target pos: [0.51440108 0.09895761 0.2       ]
INFO:root:target quat: [0. 0. 1. 0.]
INFO:root:current pos: [0.53280902 0.04705252 0.20818326]
INFO:root:current mat: [[-0.11935699  0.10742899  0.98702231]
 [-0.14522547 -0.98532572  0.08968275]
 [ 0.98217289 -0.13263652  0.13320683]]
INFO:root:target pos: [0.51066112 0.09943008 0.2       ]
INFO:root:target quat: [0. 0. 1. 0.]
INFO:root:current pos: [0.53280902 0.04705252 0.20818326]
INFO:root:current mat: [[-0.11935699  0.10742899  0.98702231]
 [-0.14522547 -0.98532572  0.08968275]
 [ 0.98217289 -0.13263652  0.13320683]]
INFO:root:target pos: [0.50627905 0.09980267 0.2       ]
INFO:root:target quat: [0. 0. 1. 0.]
INFO:root:current pos: [0.53280902 0.04705252 0.20818326]
INFO:root:current mat: [[-0.11935699  0.10742899  0.98702231]
 [-0.14522547 -0.98532572  0.08968275]
 [ 0.98217289 -0.13263652  0.13320683]]
INFO:root:target pos: [0.50376902 0.09992895 0.2       ]
INFO:root:target quat: [0. 0. 1. 0.]
INFO:root:current pos: [0.5237301  0.05978055 0.20526084]
INFO:root:current mat: [[-0.13315207  0.10566058  0.98544749]
 [-0.13626829 -0.98680994  0.08739432]
 [ 0.98168318 -0.1226485   0.14579359]]
INFO:root:target pos: [0.5 0.1 0.2]
INFO:root:target quat: [0. 0. 1. 0.]
INFO:root:current pos: [0.5237301  0.05978055 0.20526084]
INFO:root:current mat: [[-0.13315207  0.10566058  0.98544749]
 [-0.13626829 -0.98680994  0.08739432]
 [ 0.98168318 -0.1226485   0.14579359]]
INFO:root:target pos: [0.49623098 0.09992895 0.2       ]
INFO:root:target quat: [0. 0. 1. 0.]
INFO:root:current pos: [0.5237301  0.05978055 0.20526084]
INFO:root:current mat: [[-0.13315207  0.10566058  0.98544749]
 [-0.13626829 -0.98680994  0.08739432]
 [ 0.98168318 -0.1226485   0.14579359]]
INFO:root:target pos: [0.49246732 0.09971589 0.2       ]
INFO:root:target quat: [0. 0. 1. 0.]
INFO:root:current pos: [0.5237301  0.05978055 0.20526084]
INFO:root:current mat: [[-0.13315207  0.10566058  0.98544749]
 [-0.13626829 -0.98680994  0.08739432]
 [ 0.98168318 -0.1226485   0.14579359]]
INFO:root:target pos: [0.49121488 0.09961336 0.2       ]
INFO:root:target quat: [0. 0. 1. 0.]
INFO:root:current pos: [0.5237301  0.05978055 0.20526084]
INFO:root:current mat: [[-0.13315207  0.10566058  0.98544749]
 [-0.13626829 -0.98680994  0.08739432]
 [ 0.98168318 -0.1226485   0.14579359]]
INFO:root:target pos: [0.48996383 0.0994951  0.2       ]
INFO:root:target quat: [0. 0. 1. 0.]
INFO:root:current pos: [0.5237301  0.05978055 0.20526084]
INFO:root:current mat: [[-0.13315207  0.10566058  0.98544749]
 [-0.13626829 -0.98680994  0.08739432]
 [ 0.98168318 -0.1226485   0.14579359]]
INFO:root:target pos: [0.48933888 0.09943008 0.2       ]
INFO:root:target quat: [0. 0. 1. 0.]
INFO:root:current pos: [0.5237301  0.05978055 0.20526084]
INFO:root:current mat: [[-0.13315207  0.10566058  0.98544749]
 [-0.13626829 -0.98680994  0.08739432]
 [ 0.98168318 -0.1226485   0.14579359]]
INFO:root:target pos: [0.48809028 0.09928826 0.2       ]
INFO:root:target quat: [0. 0. 1. 0.]
INFO:root:current pos: [0.51389939 0.07216401 0.20306882]
INFO:root:current mat: [[-0.14662292  0.10829052  0.98324733]
 [-0.12063318 -0.98852851  0.09088321]
 [ 0.98180944 -0.10528669  0.15800394]]
INFO:root:target pos: [0.48684356 0.09913076 0.2       ]
INFO:root:target quat: [0. 0. 1. 0.]
INFO:root:current pos: [0.51389939 0.07216401 0.20306882]
INFO:root:current mat: [[-0.14662292  0.10829052  0.98324733]
 [-0.12063318 -0.98852851  0.09088321]
 [ 0.98180944 -0.10528669  0.15800394]]
INFO:root:target pos: [0.48559892 0.09895761 0.2       ]
INFO:root:target quat: [0. 0. 1. 0.]
INFO:root:current pos: [0.51389939 0.07216401 0.20306882]
INFO:root:current mat: [[-0.14662292  0.10829052  0.98324733]
 [-0.12063318 -0.98852851  0.09088321]
 [ 0.98180944 -0.10528669  0.15800394]]
INFO:root:target pos: [0.48126187 0.09822873 0.2       ]
INFO:root:target quat: [0. 0. 1. 0.]
INFO:root:current pos: [0.51389939 0.07216401 0.20306882]
INFO:root:current mat: [[-0.14662292  0.10829052  0.98324733]
 [-0.12063318 -0.98852851  0.09088321]
 [ 0.98180944 -0.10528669  0.15800394]]
INFO:root:target pos: [0.47941374 0.09785809 0.2       ]
INFO:root:target quat: [0. 0. 1. 0.]
INFO:root:current pos: [0.51389939 0.07216401 0.20306882]
INFO:root:current mat: [[-0.14662292  0.10829052  0.98324733]
 [-0.12063318 -0.98852851  0.09088321]
 [ 0.98180944 -0.10528669  0.15800394]]
INFO:root:target pos: [0.47696106 0.09730985 0.2       ]
INFO:root:target quat: [0. 0. 1. 0.]
INFO:root:current pos: [0.51389939 0.07216401 0.20306882]
INFO:root:current mat: [[-0.14662292  0.10829052  0.98324733]
 [-0.12063318 -0.98852851  0.09088321]
 [ 0.98180944 -0.10528669  0.15800394]]
INFO:root:target pos: [0.47270481 0.09620277 0.2       ]
INFO:root:target quat: [0. 0. 1. 0.]
INFO:root:current pos: [0.50391382 0.08284907 0.20166758]
INFO:root:current mat: [[-0.15968263  0.11736614  0.98016678]
 [-0.09942317 -0.98977086  0.10231874]
 [ 0.98214905 -0.08111276  0.16971786]]
INFO:root:target pos: [0.47029584 0.09548645 0.2       ]
INFO:root:target quat: [0. 0. 1. 0.]
INFO:root:current pos: [0.50391382 0.08284907 0.20166758]
INFO:root:current mat: [[-0.15968263  0.11736614  0.98016678]
 [-0.09942317 -0.98977086  0.10231874]
 [ 0.98214905 -0.08111276  0.16971786]]
INFO:root:target pos: [0.46671805 0.09429905 0.2       ]
INFO:root:target quat: [0. 0. 1. 0.]
INFO:root:current pos: [0.50391382 0.08284907 0.20166758]
INFO:root:current mat: [[-0.15968263  0.11736614  0.98016678]
 [-0.09942317 -0.98977086  0.10231874]
 [ 0.98214905 -0.08111276  0.16971786]]
INFO:root:target pos: [0.46553571 0.09387339 0.2       ]
INFO:root:target quat: [0. 0. 1. 0.]
INFO:root:current pos: [0.50391382 0.08284907 0.20166758]
INFO:root:current mat: [[-0.15968263  0.11736614  0.98016678]
 [-0.09942317 -0.98977086  0.10231874]
 [ 0.98214905 -0.08111276  0.16971786]]
INFO:root:target pos: [0.46435881 0.09343289 0.2       ]
INFO:root:target quat: [0. 0. 1. 0.]
INFO:root:current pos: [0.50391382 0.08284907 0.20166758]
INFO:root:current mat: [[-0.15968263  0.11736614  0.98016678]
 [-0.09942317 -0.98977086  0.10231874]
 [ 0.98214905 -0.08111276  0.16971786]]
INFO:root:target pos: [0.46260408 0.09274452 0.2       ]
INFO:root:target quat: [0. 0. 1. 0.]
INFO:root:current pos: [0.50391382 0.08284907 0.20166758]
INFO:root:current mat: [[-0.15968263  0.11736614  0.98016678]
 [-0.09942317 -0.98977086  0.10231874]
 [ 0.98214905 -0.08111276  0.16971786]]
INFO:root:target pos: [0.4614416  0.09226727 0.2       ]
INFO:root:target quat: [0. 0. 1. 0.]
INFO:root:current pos: [0.49238819 0.08962944 0.20000684]
INFO:root:current mat: [[-0.17139799  0.12285578  0.97751185]
 [-0.09325277 -0.98976296  0.10804448]
 [ 0.98077871 -0.07263709  0.18109979]]
INFO:root:target pos: [0.45913509 0.09126916 0.2       ]
INFO:root:target quat: [0. 0. 1. 0.]
INFO:root:current pos: [0.49238819 0.08962944 0.20000684]
INFO:root:current mat: [[-0.17139799  0.12285578  0.97751185]
 [-0.09325277 -0.98976296  0.10804448]
 [ 0.98077871 -0.07263709  0.18109979]]
INFO:root:target pos: [0.45516168 0.08938414 0.2       ]
INFO:root:target quat: [0. 0. 1. 0.]
INFO:root:current pos: [0.49238819 0.08962944 0.20000684]
INFO:root:current mat: [[-0.17139799  0.12285578  0.97751185]
 [-0.09325277 -0.98976296  0.10804448]
 [ 0.98077871 -0.07263709  0.18109979]]
INFO:root:target pos: [0.45127499 0.08732625 0.2       ]
INFO:root:target quat: [0. 0. 1. 0.]
INFO:root:current pos: [0.49238819 0.08962944 0.20000684]
INFO:root:current mat: [[-0.17139799  0.12285578  0.97751185]
 [-0.09325277 -0.98976296  0.10804448]
 [ 0.98077871 -0.07263709  0.18109979]]
INFO:root:target pos: [0.44801827 0.08542774 0.2       ]
INFO:root:target quat: [0. 0. 1. 0.]
INFO:root:current pos: [0.48027733 0.09267329 0.19821289]
INFO:root:current mat: [[-0.1817497   0.12577447  0.97526823]
 [-0.09971985 -0.98903129  0.10896575]
 [ 0.97827567 -0.07744911  0.19229807]]
INFO:root:target pos: [0.44588787 0.08409446 0.2       ]
INFO:root:target quat: [0. 0. 1. 0.]
INFO:root:current pos: [0.48027733 0.09267329 0.19821289]
INFO:root:current mat: [[-0.1817497   0.12577447  0.97526823]
 [-0.09971985 -0.98903129  0.10896575]
 [ 0.97827567 -0.07744911  0.19229807]]
INFO:root:target pos: [0.44431244 0.08305959 0.2       ]
INFO:root:target quat: [0. 0. 1. 0.]
INFO:root:current pos: [0.48027733 0.09267329 0.19821289]
INFO:root:current mat: [[-0.1817497   0.12577447  0.97526823]
 [-0.09971985 -0.98903129  0.10896575]
 [ 0.97827567 -0.07744911  0.19229807]]
INFO:root:target pos: [0.44224273 0.08163393 0.2       ]
INFO:root:target quat: [0. 0. 1. 0.]
INFO:root:current pos: [0.48027733 0.09267329 0.19821289]
INFO:root:current mat: [[-0.1817497   0.12577447  0.97526823]
 [-0.09971985 -0.98903129  0.10896575]
 [ 0.97827567 -0.07744911  0.19229807]]
INFO:root:target pos: [0.44122147 0.0809017  0.2       ]
INFO:root:target quat: [0. 0. 1. 0.]
INFO:root:current pos: [0.48027733 0.09267329 0.19821289]
INFO:root:current mat: [[-0.1817497   0.12577447  0.97526823]
 [-0.09971985 -0.98903129  0.10896575]
 [ 0.97827567 -0.07744911  0.19229807]]
INFO:root:target pos: [0.4402095 0.0801567 0.2      ]
INFO:root:target quat: [0. 0. 1. 0.]
INFO:root:current pos: [0.48027733 0.09267329 0.19821289]
INFO:root:current mat: [[-0.1817497   0.12577447  0.97526823]
 [-0.09971985 -0.98903129  0.10896575]
 [ 0.97827567 -0.07744911  0.19229807]]
INFO:root:target pos: [0.43920697 0.07939904 0.2       ]
INFO:root:target quat: [0. 0. 1. 0.]
INFO:root:current pos: [0.48027733 0.09267329 0.19821289]
INFO:root:current mat: [[-0.1817497   0.12577447  0.97526823]
 [-0.09971985 -0.98903129  0.10896575]
 [ 0.97827567 -0.07744911  0.19229807]]
INFO:root:target pos: [0.43870929 0.0790155  0.2       ]
INFO:root:target quat: [0. 0. 1. 0.]
INFO:root:current pos: [0.46781692 0.09200187 0.19626382]
INFO:root:current mat: [[-0.19097265  0.12706235  0.973337  ]
 [-0.11705559 -0.98745906  0.10593911]
 [ 0.97459106 -0.09370307  0.20345073]]
INFO:root:target pos: [0.43577473 0.0766493  0.2       ]
INFO:root:target quat: [0. 0. 1. 0.]
INFO:root:current pos: [0.46781692 0.09200187 0.19626382]
INFO:root:current mat: [[-0.19097265  0.12706235  0.973337  ]
 [-0.11705559 -0.98745906  0.10593911]
 [ 0.97459106 -0.09370307  0.20345073]]
INFO:root:target pos: [0.43386881 0.07501111 0.2       ]
INFO:root:target quat: [0. 0. 1. 0.]
INFO:root:current pos: [0.46781692 0.09200187 0.19626382]
INFO:root:current mat: [[-0.19097265  0.12706235  0.973337  ]
 [-0.11705559 -0.98745906  0.10593911]
 [ 0.97459106 -0.09370307  0.20345073]]
INFO:root:target pos: [0.43108862 0.07246531 0.2       ]
INFO:root:target quat: [0. 0. 1. 0.]
INFO:root:current pos: [0.45570493 0.08777981 0.19421917]
INFO:root:current mat: [[-0.19976818  0.1276703   0.97149017]
 [-0.14301833 -0.98465615  0.09999158]
 [ 0.96934958 -0.11896577  0.21496197]]
INFO:root:target pos: [0.42582582 0.06706856 0.2       ]
INFO:root:target quat: [0. 0. 1. 0.]
INFO:root:current pos: [0.45570493 0.08777981 0.19421917]
INFO:root:current mat: [[-0.19976818  0.1276703   0.97149017]
 [-0.14301833 -0.98465615  0.09999158]
 [ 0.96934958 -0.11896577  0.21496197]]
INFO:root:target pos: [0.42416381 0.06518337 0.2       ]
INFO:root:target quat: [0. 0. 1. 0.]
INFO:root:current pos: [0.45570493 0.08777981 0.19421917]
INFO:root:current mat: [[-0.19976818  0.1276703   0.97149017]
 [-0.14301833 -0.98465615  0.09999158]
 [ 0.96934958 -0.11896577  0.21496197]]
INFO:root:target pos: [0.42137116 0.06178596 0.2       ]
INFO:root:target quat: [0. 0. 1. 0.]
INFO:root:current pos: [0.45570493 0.08777981 0.19421917]
INFO:root:current mat: [[-0.19976818  0.1276703   0.97149017]
 [-0.14301833 -0.98465615  0.09999158]
 [ 0.96934958 -0.11896577  0.21496197]]
INFO:root:target pos: [0.42060096 0.06079303 0.2       ]
INFO:root:target quat: [0. 0. 1. 0.]
INFO:root:current pos: [0.45570493 0.08777981 0.19421917]
INFO:root:current mat: [[-0.19976818  0.1276703   0.97149017]
 [-0.14301833 -0.98465615  0.09999158]
 [ 0.96934958 -0.11896577  0.21496197]]
INFO:root:target pos: [0.4198433 0.0597905 0.2      ]
INFO:root:target quat: [0. 0. 1. 0.]
INFO:root:current pos: [0.44612381 0.08303341 0.19351715]
INFO:root:current mat: [[-0.20852941  0.13730819  0.96832964]
 [-0.15568958 -0.98213079  0.10573749]
 [ 0.96554471 -0.12870946  0.22618027]]
INFO:root:target pos: [0.41946921 0.05928568 0.2       ]
INFO:root:target quat: [0. 0. 1. 0.]
INFO:root:current pos: [0.44612381 0.08303341 0.19351715]
INFO:root:current mat: [[-0.20852941  0.13730819  0.96832964]
 [-0.15568958 -0.98213079  0.10573749]
 [ 0.96554471 -0.12870946  0.22618027]]
INFO:root:target pos: [0.41694041 0.05568756 0.2       ]
INFO:root:target quat: [0. 0. 1. 0.]
INFO:root:current pos: [0.44612381 0.08303341 0.19351715]
INFO:root:current mat: [[-0.20852941  0.13730819  0.96832964]
 [-0.15568958 -0.98213079  0.10573749]
 [ 0.96554471 -0.12870946  0.22618027]]
INFO:root:target pos: [0.41457226 0.05198173 0.2       ]
INFO:root:target quat: [0. 0. 1. 0.]
INFO:root:current pos: [0.43870842 0.07826693 0.19420865]
INFO:root:current mat: [[-0.21640148  0.15434395  0.96402732]
 [-0.15748385 -0.98001252  0.1215518 ]
 [ 0.96351936 -0.12551475  0.23638251]]
INFO:root:target pos: [0.41177088 0.04707039 0.2       ]
INFO:root:target quat: [0. 0. 1. 0.]
INFO:root:current pos: [0.43870842 0.07826693 0.19420865]
INFO:root:current mat: [[-0.21640148  0.15434395  0.96402732]
 [-0.15748385 -0.98001252  0.1215518 ]
 [ 0.96351936 -0.12551475  0.23638251]]
INFO:root:target pos: [0.4103359  0.04427582 0.2       ]
INFO:root:target quat: [0. 0. 1. 0.]
INFO:root:current pos: [0.43870842 0.07826693 0.19420865]
INFO:root:current mat: [[-0.21640148  0.15434395  0.96402732]
 [-0.15748385 -0.98001252  0.1215518 ]
 [ 0.96351936 -0.12551475  0.23638251]]
INFO:root:target pos: [0.4089894  0.04143756 0.2       ]
INFO:root:target quat: [0. 0. 1. 0.]
INFO:root:current pos: [0.43870842 0.07826693 0.19420865]
INFO:root:current mat: [[-0.21640148  0.15434395  0.96402732]
 [-0.15748385 -0.98001252  0.1215518 ]
 [ 0.96351936 -0.12551475  0.23638251]]
INFO:root:target pos: [0.40847588 0.04029064 0.2       ]
INFO:root:target quat: [0. 0. 1. 0.]
INFO:root:current pos: [0.43870842 0.07826693 0.19420865]
INFO:root:current mat: [[-0.21640148  0.15434395  0.96402732]
 [-0.15748385 -0.98001252  0.1215518 ]
 [ 0.96351936 -0.12551475  0.23638251]]
INFO:root:target pos: [0.40797682 0.03913737 0.2       ]
INFO:root:target quat: [0. 0. 1. 0.]
INFO:root:current pos: [0.43323144 0.07228609 0.1962553 ]
INFO:root:current mat: [[-0.22347498  0.18015284  0.95791657]
 [-0.15006858 -0.9774127   0.14880951]
 [ 0.96308807 -0.11049798  0.24546229]]
INFO:root:target pos: [0.40725548 0.03739592 0.2       ]
INFO:root:target quat: [0. 0. 1. 0.]
INFO:root:current pos: [0.43323144 0.07228609 0.1962553 ]
INFO:root:current mat: [[-0.22347498  0.18015284  0.95791657]
 [-0.15006858 -0.9774127   0.14880951]
 [ 0.96308807 -0.11049798  0.24546229]]
INFO:root:target pos: [0.40549369 0.0326888  0.2       ]
INFO:root:target quat: [0. 0. 1. 0.]
INFO:root:current pos: [0.43323144 0.07228609 0.1962553 ]
INFO:root:current mat: [[-0.22347498  0.18015284  0.95791657]
 [-0.15006858 -0.9774127   0.14880951]
 [ 0.96308807 -0.11049798  0.24546229]]
INFO:root:target pos: [0.40414782 0.02850193 0.2       ]
INFO:root:target quat: [0. 0. 1. 0.]
INFO:root:current pos: [0.42624944 0.06212577 0.1976051 ]
INFO:root:current mat: [[-0.22983993  0.20557473  0.95126913]
 [-0.15440289 -0.97275965  0.17291305]
 [ 0.96090253 -0.10713639  0.25532002]]
INFO:root:target pos: [0.40254731 0.02242708 0.2       ]
INFO:root:target quat: [0. 0. 1. 0.]
INFO:root:current pos: [0.42624944 0.06212577 0.1976051 ]
INFO:root:current mat: [[-0.22983993  0.20557473  0.95126913]
 [-0.15440289 -0.97275965  0.17291305]
 [ 0.96090253 -0.10713639  0.25532002]]
INFO:root:target pos: [0.40201449 0.019971   0.2       ]
INFO:root:target quat: [0. 0. 1. 0.]
INFO:root:current pos: [0.42624944 0.06212577 0.1976051 ]
INFO:root:current mat: [[-0.22983993  0.20557473  0.95126913]
 [-0.15440289 -0.97275965  0.17291305]
 [ 0.96090253 -0.10713639  0.25532002]]
INFO:root:target pos: [0.40143554 0.01688334 0.2       ]
INFO:root:target quat: [0. 0. 1. 0.]
INFO:root:current pos: [0.42624944 0.06212577 0.1976051 ]
INFO:root:current mat: [[-0.22983993  0.20557473  0.95126913]
 [-0.15440289 -0.97275965  0.17291305]
 [ 0.96090253 -0.10713639  0.25532002]]
INFO:root:target pos: [0.40123117 0.01564345 0.2       ]
INFO:root:target quat: [0. 0. 1. 0.]
INFO:root:current pos: [0.42624944 0.06212577 0.1976051 ]
INFO:root:current mat: [[-0.22983993  0.20557473  0.95126913]
 [-0.15440289 -0.97275965  0.17291305]
 [ 0.96090253 -0.10713639  0.25532002]]
INFO:root:target pos: [0.40104239 0.01440108 0.2       ]
INFO:root:target quat: [0. 0. 1. 0.]
INFO:root:current pos: [0.41872928 0.04821553 0.19841164]
INFO:root:current mat: [[-0.23595354  0.2315773   0.94376802]
 [-0.16788976 -0.96630064  0.19513175]
 [ 0.95715158 -0.11240696  0.26688132]]
INFO:root:target pos: [0.40078853 0.01253332 0.2       ]
INFO:root:target quat: [0. 0. 1. 0.]
INFO:root:current pos: [0.41872928 0.04821553 0.19841164]
INFO:root:current mat: [[-0.23595354  0.2315773   0.94376802]
 [-0.16788976 -0.96630064  0.19513175]
 [ 0.95715158 -0.11240696  0.26688132]]
INFO:root:target pos: [0.40033341 0.00815906 0.2       ]
INFO:root:target quat: [0. 0. 1. 0.]
INFO:root:current pos: [0.41872928 0.04821553 0.19841164]
INFO:root:current mat: [[-0.23595354  0.2315773   0.94376802]
 [-0.16788976 -0.96630064  0.19513175]
 [ 0.95715158 -0.11240696  0.26688132]]
INFO:root:target pos: [0.40009671 0.00439681 0.2       ]
INFO:root:target quat: [0. 0. 1. 0.]
INFO:root:current pos: [0.41872928 0.04821553 0.19841164]
INFO:root:current mat: [[-0.24173811  0.25530573  0.93615254]
 [-0.18772916 -0.95884363  0.21301761]
 [ 0.95200859 -0.12424865  0.27971748]]
INFO:root:target pos: [0.4000079 0.0012566 0.2      ]
INFO:root:target quat: [0. 0. 1. 0.]
INFO:root:current pos: [0.41105431 0.03274911 0.19876495]
INFO:root:current mat: [[-0.24173811  0.25530573  0.93615254]
 [-0.18772916 -0.95884363  0.21301761]
 [ 0.95200859 -0.12424865  0.27971748]]
INFO:root:target pos: [ 0.40004934 -0.00314108  0.2       ]
INFO:root:target quat: [0. 0. 1. 0.]
INFO:root:current pos: [0.41105431 0.03274911 0.19876495]
INFO:root:current mat: [[-0.24173811  0.25530573  0.93615254]
 [-0.18772916 -0.95884363  0.21301761]
 [ 0.95200859 -0.12424865  0.27971748]]
INFO:root:target pos: [ 0.40028411 -0.00753268  0.2       ]
INFO:root:target quat: [0. 0. 1. 0.]
INFO:root:current pos: [0.41105431 0.03274911 0.19876495]
INFO:root:current mat: [[-0.24173811  0.25530573  0.93615254]
 [-0.18772916 -0.95884363  0.21301761]
 [ 0.95200859 -0.12424865  0.27971748]]
INFO:root:target pos: [ 0.40038664 -0.00878512  0.2       ]
INFO:root:target quat: [0. 0. 1. 0.]
INFO:root:current pos: [0.41105431 0.03274911 0.19876495]
INFO:root:current mat: [[-0.24173811  0.25530573  0.93615254]
 [-0.18772916 -0.95884363  0.21301761]
 [ 0.95200859 -0.12424865  0.27971748]]
INFO:root:target pos: [ 0.4005049  -0.01003617  0.2       ]
INFO:root:target quat: [0. 0. 1. 0.]
INFO:root:current pos: [0.41105431 0.03274911 0.19876495]
INFO:root:current mat: [[-0.24173811  0.25530573  0.93615254]
 [-0.18772916 -0.95884363  0.21301761]
 [ 0.95200859 -0.12424865  0.27971748]]
INFO:root:target pos: [ 0.40071174 -0.01190972  0.2       ]
INFO:root:target quat: [0. 0. 1. 0.]
INFO:root:current pos: [0.40385365 0.01668279 0.19878003]
INFO:root:current mat: [[-0.24681552  0.27591026  0.92895412]
 [-0.21239125 -0.95070565  0.22594009]
 [ 0.94550102 -0.14153621  0.2932497 ]]
INFO:root:target pos: [ 0.40104239 -0.01440108  0.2       ]
INFO:root:target quat: [0. 0. 1. 0.]
INFO:root:current pos: [0.40385365 0.01668279 0.19878003]
INFO:root:current mat: [[-0.24681552  0.27591026  0.92895412]
 [-0.21239125 -0.95070565  0.22594009]
 [ 0.94550102 -0.14153621  0.2932497 ]]
INFO:root:target pos: [ 0.40177127 -0.01873813  0.2       ]
INFO:root:target quat: [0. 0. 1. 0.]
INFO:root:current pos: [0.40385365 0.01668279 0.19878003]
INFO:root:current mat: [[-0.24681552  0.27591026  0.92895412]
 [-0.21239125 -0.95070565  0.22594009]
 [ 0.94550102 -0.14153621  0.2932497 ]]
INFO:root:target pos: [ 0.40240832 -0.02181432  0.2       ]
INFO:root:target quat: [0. 0. 1. 0.]
INFO:root:current pos: [0.40385365 0.01668279 0.19878003]
INFO:root:current mat: [[-0.25102357  0.29161476  0.92301051]
 [-0.24075241 -0.94238721  0.23226114]
 [ 0.93756378 -0.16391399  0.30676797]]
INFO:root:target pos: [ 0.40397063 -0.02789911  0.2       ]
INFO:root:target quat: [0. 0. 1. 0.]
INFO:root:current pos: [0.39734474 0.00117287 0.19846985]
INFO:root:current mat: [[-0.25102357  0.29161476  0.92301051]
 [-0.24075241 -0.94238721  0.23226114]
 [ 0.93756378 -0.16391399  0.30676797]]
INFO:root:target pos: [ 0.40470207 -0.03030353  0.2       ]
INFO:root:target quat: [0. 0. 1. 0.]
INFO:root:current pos: [0.39734474 0.00117287 0.19846985]
INFO:root:current mat: [[-0.25102357  0.29161476  0.92301051]
 [-0.24075241 -0.94238721  0.23226114]
 [ 0.93756378 -0.16391399  0.30676797]]
INFO:root:target pos: [ 0.40634501 -0.03505343  0.2       ]
INFO:root:target quat: [0. 0. 1. 0.]
INFO:root:current pos: [0.39734474 0.00117287 0.19846985]
INFO:root:current mat: [[-0.25102357  0.29161476  0.92301051]
 [-0.24075241 -0.94238721  0.23226114]
 [ 0.93756378 -0.16391399  0.30676797]]
INFO:root:target pos: [ 0.40702235 -0.03681246  0.2       ]
INFO:root:target quat: [0. 0. 1. 0.]
INFO:root:current pos: [ 0.39204419 -0.01360637  0.19789043]
INFO:root:current mat: [[-0.25424095  0.3023858   0.91865371]
 [-0.27216381 -0.93384855  0.23206498]
 [ 0.92805639 -0.19102388  0.31972075]]
INFO:root:target pos: [ 0.40797682 -0.03913737  0.2       ]
INFO:root:target quat: [0. 0. 1. 0.]
INFO:root:current pos: [ 0.39204419 -0.01360637  0.19789043]
INFO:root:current mat: [[-0.25424095  0.3023858   0.91865371]
 [-0.27216381 -0.93384855  0.23206498]
 [ 0.92805639 -0.19102388  0.31972075]]
INFO:root:target pos: [ 0.41005947 -0.04371158  0.2       ]
INFO:root:target quat: [0. 0. 1. 0.]
INFO:root:current pos: [ 0.39204419 -0.01360637  0.19789043]
INFO:root:current mat: [[-0.25644035  0.30718318  0.91644796]
 [-0.30625139 -0.92512506  0.22439642]
 [ 0.91675976 -0.22311916  0.33131464]]
INFO:root:target pos: [ 0.41298162 -0.04927273  0.2       ]
INFO:root:target quat: [0. 0. 1. 0.]
INFO:root:current pos: [ 0.38800681 -0.02713457  0.19700438]
INFO:root:current mat: [[-0.25644035  0.30718318  0.91644796]
 [-0.30625139 -0.92512506  0.22439642]
 [ 0.91675976 -0.22311916  0.33131464]]
INFO:root:target pos: [ 0.41490055 -0.05251746  0.2       ]
INFO:root:target quat: [0. 0. 1. 0.]
INFO:root:current pos: [ 0.38800681 -0.02713457  0.19700438]
INFO:root:current mat: [[-0.25644035  0.30718318  0.91644796]
 [-0.30625139 -0.92512506  0.22439642]
 [ 0.91675976 -0.22311916  0.33131464]]
INFO:root:target pos: [ 0.41800479 -0.05724321  0.2       ]
INFO:root:target quat: [0. 0. 1. 0.]
INFO:root:current pos: [ 0.38800681 -0.02713457  0.19700438]
INFO:root:current mat: [[-0.25644035  0.30718318  0.91644796]
 [-0.30625139 -0.92512506  0.22439642]
 [ 0.91675976 -0.22311916  0.33131464]]
INFO:root:target pos: [ 0.41873058 -0.05826905  0.2       ]
INFO:root:target quat: [0. 0. 1. 0.]
INFO:root:current pos: [ 0.38559017 -0.03948066  0.19583711]
INFO:root:current mat: [[-0.25762802  0.30609135  0.91648021]
 [-0.34274278 -0.91576979  0.20950706]
 [ 0.90341313 -0.26014208  0.34083848]]
INFO:root:target pos: [ 0.42022056 -0.06029295  0.2       ]
INFO:root:target quat: [0. 0. 1. 0.]
INFO:root:current pos: [ 0.38559017 -0.03948066  0.19583711]
INFO:root:current mat: [[-0.25762802  0.30609135  0.91648021]
 [-0.34274278 -0.91576979  0.20950706]
 [ 0.90341313 -0.26014208  0.34083848]]
INFO:root:target pos: [ 0.42375575 -0.0647056   0.2       ]
INFO:root:target quat: [0. 0. 1. 0.]
INFO:root:current pos: [ 0.38559017 -0.03948066  0.19583711]
INFO:root:current mat: [[-0.25762802  0.30609135  0.91648021]
 [-0.34274278 -0.91576979  0.20950706]
 [ 0.90341313 -0.26014208  0.34083848]]
INFO:root:target pos: [ 0.42624869 -0.06753328  0.2       ]
INFO:root:target quat: [0. 0. 1. 0.]
INFO:root:current pos: [ 0.38559017 -0.03948066  0.19583711]
INFO:root:current mat: [[-0.25762802  0.30609135  0.91648021]
 [-0.34274278 -0.91576979  0.20950706]
 [ 0.90341313 -0.26014208  0.34083848]]
INFO:root:target pos: [ 0.42840635 -0.06981654  0.2       ]
INFO:root:target quat: [0. 0. 1. 0.]
INFO:root:current pos: [ 0.38671449 -0.0489092   0.19661918]
INFO:root:current mat: [[-0.25594691  0.30758376  0.91645162]
 [-0.3662103  -0.90822099  0.20254603]
 [ 0.89464035 -0.28377299  0.34509654]]
INFO:root:target pos: [ 0.43063467 -0.0720309   0.2       ]
INFO:root:target quat: [0. 0. 1. 0.]
INFO:root:current pos: [ 0.38671449 -0.0489092   0.19661918]
INFO:root:current mat: [[-0.25594691  0.30758376  0.91645162]
 [-0.3662103  -0.90822099  0.20254603]
 [ 0.89464035 -0.28377299  0.34509654]]
INFO:root:target pos: [ 0.43200466 -0.07332553  0.2       ]
INFO:root:target quat: [0. 0. 1. 0.]
INFO:root:current pos: [ 0.38671449 -0.0489092   0.19661918]
INFO:root:current mat: [[-0.25594691  0.30758376  0.91645162]
 [-0.3662103  -0.90822099  0.20254603]
 [ 0.89464035 -0.28377299  0.34509654]]
INFO:root:target pos: [ 0.4352944  -0.07624425  0.2       ]
INFO:root:target quat: [0. 0. 1. 0.]
INFO:root:current pos: [ 0.38671449 -0.0489092   0.19661918]
INFO:root:current mat: [[-0.25594691  0.30758376  0.91645162]
 [-0.3662103  -0.90822099  0.20254603]
 [ 0.89464035 -0.28377299  0.34509654]]
INFO:root:target pos: [ 0.43577473 -0.0766493   0.2       ]
INFO:root:target quat: [0. 0. 1. 0.]
INFO:root:current pos: [ 0.38671449 -0.0489092   0.19661918]
INFO:root:current mat: [[-0.25594691  0.30758376  0.91645162]
 [-0.3662103  -0.90822099  0.20254603]
 [ 0.89464035 -0.28377299  0.34509654]]
INFO:root:target pos: [ 0.43674298 -0.07745031  0.2       ]
INFO:root:target quat: [0. 0. 1. 0.]
INFO:root:current pos: [ 0.3912991  -0.05624791  0.19938034]
INFO:root:current mat: [[-0.25132224  0.31223985  0.91615698]
 [-0.3788659  -0.90274677  0.20373811]
 [ 0.89067276 -0.29589671  0.34517716]]
INFO:root:target pos: [ 0.43772122 -0.07823908  0.2       ]
INFO:root:target quat: [0. 0. 1. 0.]
INFO:root:current pos: [ 0.3912991  -0.05624791  0.19938034]
INFO:root:current mat: [[-0.25132224  0.31223985  0.91615698]
 [-0.3788659  -0.90274677  0.20373811]
 [ 0.89067276 -0.29589671  0.34517716]]
INFO:root:target pos: [ 0.4402095 -0.0801567  0.2      ]
INFO:root:target quat: [0. 0. 1. 0.]
INFO:root:current pos: [ 0.3912991  -0.05624791  0.19938034]
INFO:root:current mat: [[-0.25132224  0.31223985  0.91615698]
 [-0.3788659  -0.90274677  0.20373811]
 [ 0.89067276 -0.29589671  0.34517716]]
INFO:root:target pos: [ 0.44275679 -0.08199521  0.2       ]
INFO:root:target quat: [0. 0. 1. 0.]
INFO:root:current pos: [ 0.3912991  -0.05624791  0.19938034]
INFO:root:current mat: [[-0.25132224  0.31223985  0.91615698]
 [-0.3788659  -0.90274677  0.20373811]
 [ 0.89067276 -0.29589671  0.34517716]]
INFO:root:target pos: [ 0.44483541 -0.08340784  0.2       ]
INFO:root:target quat: [0. 0. 1. 0.]
INFO:root:current pos: [ 0.39914826 -0.06218896  0.20420533]
INFO:root:current mat: [[-0.24442858  0.32050809  0.91516637]
 [-0.38187774 -0.89934035  0.21297115]
 [ 0.89130484 -0.29742542  0.34221914]]
INFO:root:target pos: [ 0.44963768 -0.08639234  0.2       ]
INFO:root:target quat: [0. 0. 1. 0.]
INFO:root:current pos: [ 0.39914826 -0.06218896  0.20420533]
INFO:root:current mat: [[-0.24442858  0.32050809  0.91516637]
 [-0.38187774 -0.89934035  0.21297115]
 [ 0.89130484 -0.29742542  0.34221914]]
INFO:root:target pos: [ 0.45292961 -0.08822912  0.2       ]
INFO:root:target quat: [0. 0. 1. 0.]
INFO:root:current pos: [ 0.39914826 -0.06218896  0.20420533]
INFO:root:current mat: [[-0.24442858  0.32050809  0.91516637]
 [-0.38187774 -0.89934035  0.21297115]
 [ 0.89130484 -0.29742542  0.34221914]]
INFO:root:target pos: [ 0.45460095 -0.08910065  0.2       ]
INFO:root:target quat: [0. 0. 1. 0.]
INFO:root:current pos: [ 0.39914826 -0.06218896  0.20420533]
INFO:root:current mat: [[-0.24442858  0.32050809  0.91516637]
 [-0.38187774 -0.89934035  0.21297115]
 [ 0.89130484 -0.29742542  0.34221914]]
INFO:root:target pos: [ 0.45516168 -0.08938414  0.2       ]
INFO:root:target quat: [0. 0. 1. 0.]
INFO:root:current pos: [ 0.39914826 -0.06218896  0.20420533]
INFO:root:current mat: [[-0.24442858  0.32050809  0.91516637]
 [-0.38187774 -0.89934035  0.21297115]
 [ 0.89130484 -0.29742542  0.34221914]]
INFO:root:target pos: [ 0.45628842 -0.08994053  0.2       ]
INFO:root:target quat: [0. 0. 1. 0.]
INFO:root:current pos: [ 0.39914826 -0.06218896  0.20420533]
INFO:root:current mat: [[-0.24442858  0.32050809  0.91516637]
 [-0.38187774 -0.89934035  0.21297115]
 [ 0.89130484 -0.29742542  0.34221914]]
INFO:root:target pos: [ 0.45742207 -0.09048271  0.2       ]
INFO:root:target quat: [0. 0. 1. 0.]
INFO:root:current pos: [ 0.41008347 -0.06722961  0.21116513]
INFO:root:current mat: [[-0.23568591  0.3325413   0.9131641 ]
 [-0.37587748 -0.89769937  0.22989635]
 [ 0.89619669 -0.28905448  0.33656964]]
INFO:root:target pos: [ 0.45856244 -0.0910106   0.2       ]
INFO:root:target quat: [0. 0. 1. 0.]
INFO:root:current pos: [ 0.41008347 -0.06722961  0.21116513]
INFO:root:current mat: [[-0.23568591  0.3325413   0.9131641 ]
 [-0.37587748 -0.89769937  0.22989635]
 [ 0.89619669 -0.28905448  0.33656964]]
INFO:root:target pos: [ 0.46318754 -0.09297765  0.2       ]
INFO:root:target quat: [0. 0. 1. 0.]
INFO:root:current pos: [ 0.42380875 -0.07172038  0.22043511]
INFO:root:current mat: [[-0.2263471   0.34810255  0.90972072]
 [-0.36078551 -0.89749231  0.25365654]
 [ 0.90476571 -0.27079963  0.32873496]]
INFO:root:target pos: [ 0.46671805 -0.09429905  0.2       ]
INFO:root:target quat: [0. 0. 1. 0.]
INFO:root:current pos: [ 0.42380875 -0.07172038  0.22043511]
INFO:root:current mat: [[-0.2263471   0.34810255  0.90972072]
 [-0.36078551 -0.89749231  0.25365654]
 [ 0.90476571 -0.27079963  0.32873496]]
INFO:root:target pos: [ 0.47089638 -0.09567121  0.2       ]
INFO:root:target quat: [0. 0. 1. 0.]
INFO:root:current pos: [ 0.42380875 -0.07172038  0.22043511]
INFO:root:current mat: [[-0.2263471   0.34810255  0.90972072]
 [-0.36078551 -0.89749231  0.25365654]
 [ 0.90476571 -0.27079963  0.32873496]]
INFO:root:target pos: [ 0.47452293 -0.09670015  0.2       ]
INFO:root:target quat: [0. 0. 1. 0.]
INFO:root:current pos: [ 0.42380875 -0.07172038  0.22043511]
INFO:root:current mat: [[-0.2263471   0.34810255  0.90972072]
 [-0.36078551 -0.89749231  0.25365654]
 [ 0.90476571 -0.27079963  0.32873496]]
INFO:root:target pos: [ 0.47513101 -0.09685832  0.2       ]
INFO:root:target quat: [0. 0. 1. 0.]
INFO:root:current pos: [ 0.42380875 -0.07172038  0.22043511]
INFO:root:current mat: [[-0.2263471   0.34810255  0.90972072]
 [-0.36078551 -0.89749231  0.25365654]
 [ 0.90476571 -0.27079963  0.32873496]]
INFO:root:target pos: [ 0.47757292 -0.09745269  0.2       ]
INFO:root:target quat: [0. 0. 1. 0.]
INFO:root:current pos: [ 0.42380875 -0.07172038  0.22043511]
INFO:root:current mat: [[-0.2263471   0.34810255  0.90972072]
 [-0.36078551 -0.89749231  0.25365654]
 [ 0.90476571 -0.27079963  0.32873496]]
INFO:root:target pos: [ 0.47941374 -0.09785809  0.2       ]
INFO:root:target quat: [0. 0. 1. 0.]
INFO:root:current pos: [ 0.44012567 -0.07563621  0.23215118]
INFO:root:current mat: [[-0.21714372  0.3661499   0.90486607]
 [-0.33622249 -0.89831505  0.28281463]
 [ 0.91640755 -0.2428249   0.31817155]]
INFO:root:target pos: [ 0.48187942 -0.09834452  0.2       ]
INFO:root:target quat: [0. 0. 1. 0.]
INFO:root:current pos: [ 0.44012567 -0.07563621  0.23215118]
INFO:root:current mat: [[-0.21714372  0.3661499   0.90486607]
 [-0.33622249 -0.89831505  0.28281463]
 [ 0.91640755 -0.2428249   0.31817155]]
INFO:root:target pos: [ 0.48622097 -0.09904614  0.2       ]
INFO:root:target quat: [0. 0. 1. 0.]
INFO:root:current pos: [ 0.44012567 -0.07563621  0.23215118]
INFO:root:current mat: [[-0.21714372  0.3661499   0.90486607]
 [-0.33622249 -0.89831505  0.28281463]
 [ 0.91640755 -0.2428249   0.31817155]]
INFO:root:target pos: [ 0.48996383 -0.0994951   0.2       ]
INFO:root:target quat: [0. 0. 1. 0.]
INFO:root:current pos: [ 0.45257476 -0.08038582  0.24271512]
INFO:root:current mat: [[-0.20607657  0.37896313  0.90217487]
 [-0.32168982 -0.89695649  0.30329009]
 [ 0.92414729 -0.2277195   0.30675019]]
INFO:root:target pos: [ 0.49372095 -0.09980267  0.2       ]
INFO:root:target quat: [0. 0. 1. 0.]
INFO:root:current pos: [ 0.45257476 -0.08038582  0.24271512]
INFO:root:current mat: [[-0.20607657  0.37896313  0.90217487]
 [-0.32168982 -0.89695649  0.30329009]
 [ 0.92414729 -0.2277195   0.30675019]]
INFO:root:target pos: [ 0.4987434 -0.0999921  0.2      ]
INFO:root:target quat: [0. 0. 1. 0.]
INFO:root:current pos: [ 0.45257476 -0.08038582  0.24271512]
INFO:root:current mat: [[-0.20607657  0.37896313  0.90217487]
 [-0.32168982 -0.89695649  0.30329009]
 [ 0.92414729 -0.2277195   0.30675019]]
INFO:root:target pos: [ 0.50314108 -0.09995066  0.2       ]
INFO:root:target quat: [0. 0. 1. 0.]
INFO:root:current pos: [ 0.45257476 -0.08038582  0.24271512]
INFO:root:current mat: [[-0.20607657  0.37896313  0.90217487]
 [-0.32168982 -0.89695649  0.30329009]
 [ 0.92414729 -0.2277195   0.30675019]]
INFO:root:target pos: [ 0.50376902 -0.09992895  0.2       ]
INFO:root:target quat: [0. 0. 1. 0.]
INFO:root:current pos: [ 0.45257476 -0.08038582  0.24271512]
INFO:root:current mat: [[-0.20607657  0.37896313  0.90217487]
 [-0.32168982 -0.89695649  0.30329009]
 [ 0.92414729 -0.2277195   0.30675019]]
INFO:root:target pos: [ 0.50565185 -0.09984016  0.2       ]
INFO:root:target quat: [0. 0. 1. 0.]
INFO:root:current pos: [ 0.45257476 -0.08038582  0.24271512]
INFO:root:current mat: [[-0.20607657  0.37896313  0.90217487]
 [-0.32168982 -0.89695649  0.30329009]
 [ 0.92414729 -0.2277195   0.30675019]]
INFO:root:target pos: [ 0.50627905 -0.09980267  0.2       ]
INFO:root:target quat: [0. 0. 1. 0.]
INFO:root:current pos: [ 0.46242875 -0.08449818  0.25218415]
INFO:root:current mat: [[-0.1925377   0.38482766  0.90268338]
 [-0.31652787 -0.89508049  0.31407266]
 [ 0.92883784 -0.22525364  0.29414503]]
INFO:root:target pos: [ 0.50753268 -0.09971589  0.2       ]
INFO:root:target quat: [0. 0. 1. 0.]
INFO:root:current pos: [ 0.46242875 -0.08449818  0.25218415]
INFO:root:current mat: [[-0.1925377   0.38482766  0.90268338]
 [-0.31652787 -0.89508049  0.31407266]
 [ 0.92883784 -0.22525364  0.29414503]]
INFO:root:target pos: [ 0.50878512 -0.09961336  0.2       ]
INFO:root:target quat: [0. 0. 1. 0.]
INFO:root:current pos: [ 0.46242875 -0.08449818  0.25218415]
INFO:root:current mat: [[-0.1925377   0.38482766  0.90268338]
 [-0.31652787 -0.89508049  0.31407266]
 [ 0.92883784 -0.22525364  0.29414503]]
INFO:root:target pos: [ 0.51626372 -0.09866859  0.2       ]
INFO:root:target quat: [0. 0. 1. 0.]
INFO:root:current pos: [ 0.46242875 -0.08449818  0.25218415]
INFO:root:current mat: [[-0.1925377   0.38482766  0.90268338]
 [-0.31652787 -0.89508049  0.31407266]
 [ 0.92883784 -0.22525364  0.29414503]]
INFO:root:target pos: [ 0.519971   -0.09798551  0.2       ]
INFO:root:target quat: [0. 0. 1. 0.]
INFO:root:current pos: [ 0.47049034 -0.08774927  0.26070544]
INFO:root:current mat: [[-0.17660437  0.38402499  0.90627585]
 [-0.32019561 -0.89308174  0.31603816]
 [ 0.9307448  -0.23437184  0.28068504]]
INFO:root:target pos: [ 0.5236499  -0.09716317  0.2       ]
INFO:root:target quat: [0. 0. 1. 0.]
INFO:root:current pos: [ 0.47049034 -0.08774927  0.26070544]
INFO:root:current mat: [[-0.17660437  0.38402499  0.90627585]
 [-0.32019561 -0.89308174  0.31603816]
 [ 0.9307448  -0.23437184  0.28068504]]
INFO:root:target pos: [ 0.52789911 -0.09602937  0.2       ]
INFO:root:target quat: [0. 0. 1. 0.]
INFO:root:current pos: [ 0.47049034 -0.08774927  0.26070544]
INFO:root:current mat: [[-0.17660437  0.38402499  0.90627585]
 [-0.32019561 -0.89308174  0.31603816]
 [ 0.9307448  -0.23437184  0.28068504]]
INFO:root:target pos: [ 0.52970416 -0.09548645  0.2       ]
INFO:root:target quat: [0. 0. 1. 0.]
INFO:root:current pos: [ 0.47049034 -0.08774927  0.26070544]
INFO:root:current mat: [[-0.17660437  0.38402499  0.90627585]
 [-0.32019561 -0.89308174  0.31603816]
 [ 0.9307448  -0.23437184  0.28068504]]
INFO:root:target pos: [ 0.5309017  -0.09510565  0.2       ]
INFO:root:target quat: [0. 0. 1. 0.]
INFO:root:current pos: [ 0.47049034 -0.08774927  0.26070544]
INFO:root:current mat: [[-0.17660437  0.38402499  0.90627585]
 [-0.32019561 -0.89308174  0.31603816]
 [ 0.9307448  -0.23437184  0.28068504]]
INFO:root:target pos: [ 0.53209436 -0.09470983  0.2       ]
INFO:root:target quat: [0. 0. 1. 0.]
INFO:root:current pos: [ 0.47826117 -0.08933948  0.26856354]
INFO:root:current mat: [[-0.15848745  0.37523954  0.91327804]
 [-0.33161108 -0.89146961  0.30873233]
 [ 0.93000838 -0.25392291  0.26572057]]
INFO:root:target pos: [ 0.53446429 -0.09387339  0.2       ]
INFO:root:target quat: [0. 0. 1. 0.]
INFO:root:current pos: [ 0.47826117 -0.08933948  0.26856354]
INFO:root:current mat: [[-0.15848745  0.37523954  0.91327804]
 [-0.33161108 -0.89146961  0.30873233]
 [ 0.93000838 -0.25392291  0.26572057]]
INFO:root:target pos: [ 0.53681246 -0.09297765  0.2       ]
INFO:root:target quat: [0. 0. 1. 0.]
INFO:root:current pos: [ 0.47826117 -0.08933948  0.26856354]
INFO:root:current mat: [[-0.15848745  0.37523954  0.91327804]
 [-0.33161108 -0.89146961  0.30873233]
 [ 0.93000838 -0.25392291  0.26572057]]
INFO:root:target pos: [ 0.54029064 -0.09152412  0.2       ]
INFO:root:target quat: [0. 0. 1. 0.]
INFO:root:current pos: [ 0.47826117 -0.08933948  0.26856354]
INFO:root:current mat: [[-0.15848745  0.37523954  0.91327804]
 [-0.33161108 -0.89146961  0.30873233]
 [ 0.93000838 -0.25392291  0.26572057]]
INFO:root:target pos: [ 0.5431456 -0.0902134  0.2      ]
INFO:root:target quat: [0. 0. 1. 0.]
INFO:root:current pos: [ 0.48583049 -0.08968434  0.27581   ]
INFO:root:current mat: [[-0.13851094  0.35949831  0.92280868]
 [-0.35031387 -0.88933506  0.29387689]
 [ 0.92633422 -0.28256751  0.2491197 ]]
INFO:root:target pos: [ 0.54762382 -0.08793163  0.2       ]
INFO:root:target quat: [0. 0. 1. 0.]
INFO:root:current pos: [ 0.48583049 -0.08968434  0.27581   ]
INFO:root:current mat: [[-0.13851094  0.35949831  0.92280868]
 [-0.35031387 -0.88933506  0.29387689]
 [ 0.92633422 -0.28256751  0.2491197 ]]
INFO:root:target pos: [ 0.54927273 -0.08701838  0.2       ]
INFO:root:target quat: [0. 0. 1. 0.]
INFO:root:current pos: [ 0.48583049 -0.08968434  0.27581   ]
INFO:root:current mat: [[-0.13851094  0.35949831  0.92280868]
 [-0.35031387 -0.88933506  0.29387689]
 [ 0.92633422 -0.28256751  0.2491197 ]]
INFO:root:target pos: [ 0.55198173 -0.08542774  0.2       ]
INFO:root:target quat: [0. 0. 1. 0.]
INFO:root:current pos: [ 0.48583049 -0.08968434  0.27581   ]
INFO:root:current mat: [[-0.13851094  0.35949831  0.92280868]
 [-0.35031387 -0.88933506  0.29387689]
 [ 0.92633422 -0.28256751  0.2491197 ]]
INFO:root:target pos: [ 0.55305112 -0.08476779  0.2       ]
INFO:root:target quat: [0. 0. 1. 0.]
INFO:root:current pos: [ 0.48583049 -0.08968434  0.27581   ]
INFO:root:current mat: [[-0.13851094  0.35949831  0.92280868]
 [-0.35031387 -0.88933506  0.29387689]
 [ 0.92633422 -0.28256751  0.2491197 ]]
INFO:root:target pos: [ 0.55358268 -0.08443279  0.2       ]
INFO:root:target quat: [0. 0. 1. 0.]
INFO:root:current pos: [ 0.48583049 -0.08968434  0.27581   ]
INFO:root:current mat: [[-0.13851094  0.35949831  0.92280868]
 [-0.35031387 -0.88933506  0.29387689]
 [ 0.92633422 -0.28256751  0.2491197 ]]
INFO:root:target pos: [ 0.55516459 -0.08340784  0.2       ]
INFO:root:target quat: [0. 0. 1. 0.]
INFO:root:current pos: [ 0.49369013 -0.08840674  0.28256297]
INFO:root:current mat: [[-0.11703715  0.33612796  0.93451615]
 [-0.37548558 -0.88611169  0.27169263]
 [ 0.91940906 -0.3190992   0.22991906]]
INFO:root:target pos: [ 0.55672689 -0.08235326  0.2       ]
INFO:root:target quat: [0. 0. 1. 0.]
INFO:root:current pos: [ 0.49369013 -0.08840674  0.28256297]
INFO:root:current mat: [[-0.11703715  0.33612796  0.93451615]
 [-0.37548558 -0.88611169  0.27169263]
 [ 0.91940906 -0.3190992   0.22991906]]
INFO:root:target pos: [ 0.56029295 -0.07977944  0.2       ]
INFO:root:target quat: [0. 0. 1. 0.]
INFO:root:current pos: [ 0.49369013 -0.08840674  0.28256297]
INFO:root:current mat: [[-0.11703715  0.33612796  0.93451615]
 [-0.37548558 -0.88611169  0.27169263]
 [ 0.91940906 -0.3190992   0.22991906]]
INFO:root:target pos: [ 0.56178596 -0.07862884  0.2       ]
INFO:root:target quat: [0. 0. 1. 0.]
INFO:root:current pos: [ 0.49369013 -0.08840674  0.28256297]
INFO:root:current mat: [[-0.11703715  0.33612796  0.93451615]
 [-0.37548558 -0.88611169  0.27169263]
 [ 0.91940906 -0.3190992   0.22991906]]
INFO:root:target pos: [ 0.56422527 -0.0766493   0.2       ]
INFO:root:target quat: [0. 0. 1. 0.]
INFO:root:current pos: [ 0.50499141 -0.08415153  0.29125336]
INFO:root:current mat: [[-0.09820437  0.32578403  0.94033028]
 [-0.37884155 -0.88599129  0.26739321]
 [ 0.92023657 -0.32997699  0.21042839]]
INFO:root:target pos: [ 0.56753328 -0.07375131  0.2       ]
INFO:root:target quat: [0. 0. 1. 0.]
INFO:root:current pos: [ 0.50499141 -0.08415153  0.29125336]
INFO:root:current mat: [[-0.09820437  0.32578403  0.94033028]
 [-0.37884155 -0.88599129  0.26739321]
 [ 0.92023657 -0.32997699  0.21042839]]
INFO:root:target pos: [ 0.56936533 -0.0720309   0.2       ]
INFO:root:target quat: [0. 0. 1. 0.]
INFO:root:current pos: [ 0.50499141 -0.08415153  0.29125336]
INFO:root:current mat: [[-0.09820437  0.32578403  0.94033028]
 [-0.37884155 -0.88599129  0.26739321]
 [ 0.92023657 -0.32997699  0.21042839]]
INFO:root:target pos: [ 0.57159365 -0.06981654  0.2       ]
INFO:root:target quat: [0. 0. 1. 0.]
INFO:root:current pos: [ 0.50499141 -0.08415153  0.29125336]
INFO:root:current mat: [[-0.09820437  0.32578403  0.94033028]
 [-0.37884155 -0.88599129  0.26739321]
 [ 0.92023657 -0.32997699  0.21042839]]
INFO:root:target pos: [ 0.57246531 -0.06891138  0.2       ]
INFO:root:target quat: [0. 0. 1. 0.]
INFO:root:current pos: [ 0.50499141 -0.08415153  0.29125336]
INFO:root:current mat: [[-0.09820437  0.32578403  0.94033028]
 [-0.37884155 -0.88599129  0.26739321]
 [ 0.92023657 -0.32997699  0.21042839]]
INFO:root:target pos: [ 0.57332553 -0.06799534  0.2       ]
INFO:root:target quat: [0. 0. 1. 0.]
INFO:root:current pos: [ 0.50499141 -0.08415153  0.29125336]
INFO:root:current mat: [[-0.09820437  0.32578403  0.94033028]
 [-0.37884155 -0.88599129  0.26739321]
 [ 0.92023657 -0.32997699  0.21042839]]
INFO:root:target pos: [ 0.57417418 -0.06706856  0.2       ]
INFO:root:target quat: [0. 0. 1. 0.]
INFO:root:current pos: [ 0.51934963 -0.07642157  0.30214524]
INFO:root:current mat: [[-0.07994716  0.31434632  0.94593609]
 [-0.37152701 -0.88999131  0.26435504]
 [ 0.92497372 -0.33030637  0.18794017]]
INFO:root:target pos: [ 0.57501111 -0.06613119  0.2       ]
INFO:root:target quat: [0. 0. 1. 0.]
INFO:root:current pos: [ 0.51934963 -0.07642157  0.30214524]
INFO:root:current mat: [[-0.07994716  0.31434632  0.94593609]
 [-0.37152701 -0.88999131  0.26435504]
 [ 0.92497372 -0.33030637  0.18794017]]
INFO:root:target pos: [ 0.57705132 -0.0637424   0.2       ]
INFO:root:target quat: [0. 0. 1. 0.]
INFO:root:current pos: [ 0.51934963 -0.07642157  0.30214524]
INFO:root:current mat: [[-0.07994716  0.31434632  0.94593609]
 [-0.37152701 -0.88999131  0.26435504]
 [ 0.92497372 -0.33030637  0.18794017]]
INFO:root:target pos: [ 0.57939904 -0.06079303  0.2       ]
INFO:root:target quat: [0. 0. 1. 0.]
INFO:root:current pos: [ 0.51934963 -0.07642157  0.30214524]
INFO:root:current mat: [[-0.07994716  0.31434632  0.94593609]
 [-0.37152701 -0.88999131  0.26435504]
 [ 0.92497372 -0.33030637  0.18794017]]
INFO:root:target pos: [ 0.58126942 -0.05826905  0.2       ]
INFO:root:target quat: [0. 0. 1. 0.]
INFO:root:current pos: [ 0.53511626 -0.06695254  0.31515908]
INFO:root:current mat: [[-0.06230243  0.3049045   0.95034312]
 [-0.3545518  -0.89684716  0.26449743]
 [ 0.93295864 -0.32046702  0.16397981]]
INFO:root:target pos: [ 0.58305959 -0.05568756  0.2       ]
INFO:root:target quat: [0. 0. 1. 0.]
INFO:root:current pos: [ 0.53511626 -0.06695254  0.31515908]
INFO:root:current mat: [[-0.06230243  0.3049045   0.95034312]
 [-0.3545518  -0.89684716  0.26449743]
 [ 0.93295864 -0.32046702  0.16397981]]
INFO:root:target pos: [ 0.58409446 -0.05411213  0.2       ]
INFO:root:target quat: [0. 0. 1. 0.]
INFO:root:current pos: [ 0.53511626 -0.06695254  0.31515908]
INFO:root:current mat: [[-0.06230243  0.3049045   0.95034312]
 [-0.3545518  -0.89684716  0.26449743]
 [ 0.93295864 -0.32046702  0.16397981]]
INFO:root:target pos: [ 0.58575267 -0.05144395  0.2       ]
INFO:root:target quat: [0. 0. 1. 0.]
INFO:root:current pos: [ 0.53511626 -0.06695254  0.31515908]
INFO:root:current mat: [[-0.06230243  0.3049045   0.95034312]
 [-0.3545518  -0.89684716  0.26449743]
 [ 0.93295864 -0.32046702  0.16397981]]
INFO:root:target pos: [ 0.58639234 -0.05036232  0.2       ]
INFO:root:target quat: [0. 0. 1. 0.]
INFO:root:current pos: [ 0.53511626 -0.06695254  0.31515908]
INFO:root:current mat: [[-0.06230243  0.3049045   0.95034312]
 [-0.3545518  -0.89684716  0.26449743]
 [ 0.93295864 -0.32046702  0.16397981]]
INFO:root:target pos: [ 0.58670707 -0.04981851  0.2       ]
INFO:root:target quat: [0. 0. 1. 0.]
INFO:root:current pos: [ 0.53511626 -0.06695254  0.31515908]
INFO:root:current mat: [[-0.06230243  0.3049045   0.95034312]
 [-0.3545518  -0.89684716  0.26449743]
 [ 0.93295864 -0.32046702  0.16397981]]
INFO:root:target pos: [ 0.58732625 -0.04872501  0.2       ]
INFO:root:target quat: [0. 0. 1. 0.]
INFO:root:current pos: [ 0.55054486 -0.0561781   0.32991862]
INFO:root:current mat: [[-0.04530479  0.29794697  0.95350683]
 [-0.32835838 -0.90589313  0.26746731]
 [ 0.94346619 -0.3009744   0.13887449]]
INFO:root:target pos: [ 0.58793163 -0.04762382  0.2       ]
INFO:root:target quat: [0. 0. 1. 0.]
INFO:root:current pos: [ 0.55054486 -0.0561781   0.32991862]
INFO:root:current mat: [[-0.04530479  0.29794697  0.95350683]
 [-0.32835838 -0.90589313  0.26746731]
 [ 0.94346619 -0.3009744   0.13887449]]
INFO:root:target pos: [ 0.58910065 -0.04539905  0.2       ]
INFO:root:target quat: [0. 0. 1. 0.]
INFO:root:current pos: [ 0.55054486 -0.0561781   0.32991862]
INFO:root:current mat: [[-0.04530479  0.29794697  0.95350683]
 [-0.32835838 -0.90589313  0.26746731]
 [ 0.94346619 -0.3009744   0.13887449]]
INFO:root:target pos: [ 0.59074844 -0.04200857  0.2       ]
INFO:root:target quat: [0. 0. 1. 0.]
INFO:root:current pos: [ 0.55054486 -0.0561781   0.32991862]
INFO:root:current mat: [[-0.02903843  0.29466234  0.95516029]
 [-0.29352428 -0.91594971  0.27364244]
 [ 0.95551063 -0.27241659  0.11308799]]
INFO:root:target pos: [ 0.59177546 -0.03971479  0.2       ]
INFO:root:target quat: [0. 0. 1. 0.]
INFO:root:current pos: [ 0.56452924 -0.04503305  0.34614083]
INFO:root:current mat: [[-0.02903843  0.29466234  0.95516029]
 [-0.29352428 -0.91594971  0.27364244]
 [ 0.95551063 -0.27241659  0.11308799]]
INFO:root:target pos: [ 0.59343289 -0.03564119  0.2       ]
INFO:root:target quat: [0. 0. 1. 0.]
INFO:root:current pos: [ 0.56452924 -0.04503305  0.34614083]
INFO:root:current mat: [[-0.02903843  0.29466234  0.95516029]
 [-0.29352428 -0.91594971  0.27364244]
 [ 0.95551063 -0.27241659  0.11308799]]
INFO:root:target pos: [ 0.59470983 -0.03209436  0.2       ]
INFO:root:target quat: [0. 0. 1. 0.]
INFO:root:current pos: [ 0.56452924 -0.04503305  0.34614083]
INFO:root:current mat: [[-0.02903843  0.29466234  0.95516029]
 [-0.29352428 -0.91594971  0.27364244]
 [ 0.95551063 -0.27241659  0.11308799]]
INFO:root:target pos: [ 0.59510565 -0.0309017   0.2       ]
INFO:root:target quat: [0. 0. 1. 0.]
INFO:root:current pos: [ 0.56452924 -0.04503305  0.34614083]
INFO:root:current mat: [[-0.02903843  0.29466234  0.95516029]
 [-0.29352428 -0.91594971  0.27364244]
 [ 0.95551063 -0.27241659  0.11308799]]
INFO:root:target pos: [ 0.59567121 -0.02910362  0.2       ]
INFO:root:target quat: [0. 0. 1. 0.]
INFO:root:current pos: [ 0.56452924 -0.04503305  0.34614083]
INFO:root:current mat: [[-0.02903843  0.29466234  0.95516029]
 [-0.29352428 -0.91594971  0.27364244]
 [ 0.95551063 -0.27241659  0.11308799]]
INFO:root:target pos: [ 0.59585218 -0.02850193  0.2       ]
INFO:root:target quat: [0. 0. 1. 0.]
INFO:root:current pos: [ 0.56452924 -0.04503305  0.34614083]
INFO:root:current mat: [[-0.02903843  0.29466234  0.95516029]
 [-0.29352428 -0.91594971  0.27364244]
 [ 0.95551063 -0.27241659  0.11308799]]
INFO:root:target pos: [ 0.59620277 -0.02729519  0.2       ]
INFO:root:target quat: [0. 0. 1. 0.]
INFO:root:current pos: [ 0.57370239 -0.03709289  0.36174232]
INFO:root:current mat: [[-0.01188989  0.2910529   0.9566332 ]
 [-0.26999148 -0.92210102  0.27719088]
 [ 0.96278943 -0.25498705  0.08954523]]
INFO:root:target pos: [ 0.59653816 -0.02608415  0.2       ]
INFO:root:target quat: [0. 0. 1. 0.]
INFO:root:current pos: [ 0.57370239 -0.03709289  0.36174232]
INFO:root:current mat: [[-0.01188989  0.2910529   0.9566332 ]
 [-0.26999148 -0.92210102  0.27719088]
 [ 0.96278943 -0.25498705  0.08954523]]
INFO:root:target pos: [ 0.59810905 -0.01935495  0.2       ]
INFO:root:target quat: [0. 0. 1. 0.]
INFO:root:current pos: [ 0.57370239 -0.03709289  0.36174232]
INFO:root:current mat: [[-0.01188989  0.2910529   0.9566332 ]
 [-0.26999148 -0.92210102  0.27719088]
 [ 0.96278943 -0.25498705  0.08954523]]
INFO:root:target pos: [ 0.59876883 -0.01564345  0.2       ]
INFO:root:target quat: [0. 0. 1. 0.]
INFO:root:current pos: [ 0.57959324 -0.03125698  0.37706286]
INFO:root:current mat: [[ 0.00584517  0.28536624  0.95840086]
 [-0.256684   -0.92587669  0.27724757]
 [ 0.96647785 -0.24762673  0.06783677]]
INFO:root:target pos: [ 0.5995562  -0.00941083  0.2       ]
INFO:root:target quat: [0. 0. 1. 0.]
INFO:root:current pos: [ 0.57959324 -0.03125698  0.37706286]
INFO:root:current mat: [[ 0.00584517  0.28536624  0.95840086]
 [-0.256684   -0.92587669  0.27724757]
 [ 0.96647785 -0.24762673  0.06783677]]
INFO:root:target pos: [ 0.59984016 -0.00565185  0.2       ]
INFO:root:target quat: [0. 0. 1. 0.]
INFO:root:current pos: [ 0.57959324 -0.03125698  0.37706286]
INFO:root:current mat: [[ 0.00584517  0.28536624  0.95840086]
 [-0.256684   -0.92587669  0.27724757]
 [ 0.96647785 -0.24762673  0.06783677]]
INFO:root:target pos: [ 0.59998224 -0.00188484  0.2       ]
INFO:root:target quat: [0. 0. 1. 0.]
INFO:root:current pos: [ 0.57959324 -0.03125698  0.37706286]
INFO:root:current mat: [[ 0.00584517  0.28536624  0.95840086]
 [-0.256684   -0.92587669  0.27724757]
 [ 0.96647785 -0.24762673  0.06783677]]
INFO:root:target pos: [ 6.00000000e-01 -1.13931767e-14  2.00000000e-01]
INFO:root:target quat: [0. 0. 1. 0.]
INFO:root:current pos: [ 0.57959324 -0.03125698  0.37706286]
INFO:root:current mat: [[ 0.00584517  0.28536624  0.95840086]
 [-0.256684   -0.92587669  0.27724757]
 [ 0.96647785 -0.24762673  0.06783677]]
INFO:root:target pos: [0.59996842 0.00251301 0.2       ]
INFO:root:target quat: [0. 0. 1. 0.]
INFO:root:current pos: [ 0.58301967 -0.02539058  0.39234599]
INFO:root:current mat: [[ 0.02454413  0.27410887  0.96138554]
 [-0.25303098 -0.92865818  0.27123756]
 [ 0.96714692 -0.24991762  0.04656467]]
INFO:root:target pos: [0.59984016 0.00565185 0.2       ]
INFO:root:target quat: [0. 0. 1. 0.]
INFO:root:current pos: [ 0.58301967 -0.02539058  0.39234599]
INFO:root:current mat: [[ 0.02454413  0.27410887  0.96138554]
 [-0.25303098 -0.92865818  0.27123756]
 [ 0.96714692 -0.24991762  0.04656467]]
INFO:root:target pos: [0.5995562  0.00941083 0.2       ]
INFO:root:target quat: [0. 0. 1. 0.]
INFO:root:current pos: [ 0.58301967 -0.02539058  0.39234599]
INFO:root:current mat: [[ 0.02454413  0.27410887  0.96138554]
 [-0.25303098 -0.92865818  0.27123756]
 [ 0.96714692 -0.24991762  0.04656467]]
INFO:root:target pos: [0.59895761 0.01440108 0.2       ]
INFO:root:target quat: [0. 0. 1. 0.]
INFO:root:current pos: [ 0.58486241 -0.0195129   0.40785706]
INFO:root:current mat: [[ 0.04438325  0.25762218  0.96522586]
 [-0.2583512  -0.93035152  0.26019366]
 [ 0.96503098 -0.2609155   0.02526496]]
INFO:root:target pos: [0.59822873 0.01873813 0.2       ]
INFO:root:target quat: [0. 0. 1. 0.]
INFO:root:current pos: [ 0.58486241 -0.0195129   0.40785706]
INFO:root:current mat: [[ 0.04438325  0.25762218  0.96522586]
 [-0.2583512  -0.93035152  0.26019366]
 [ 0.96503098 -0.2609155   0.02526496]]
INFO:root:target pos: [0.59785809 0.02058626 0.2       ]
INFO:root:target quat: [0. 0. 1. 0.]
INFO:root:current pos: [ 0.58486241 -0.0195129   0.40785706]
INFO:root:current mat: [[ 0.04438325  0.25762218  0.96522586]
 [-0.2583512  -0.93035152  0.26019366]
 [ 0.96503098 -0.2609155   0.02526496]]
INFO:root:target pos: [0.59716317 0.0236499  0.2       ]
INFO:root:target quat: [0. 0. 1. 0.]
INFO:root:current pos: [ 0.58486241 -0.0195129   0.40785706]
INFO:root:current mat: [[ 0.04438325  0.25762218  0.96522586]
 [-0.2583512  -0.93035152  0.26019366]
 [ 0.96503098 -0.2609155   0.02526496]]
INFO:root:target pos: [0.59670015 0.02547707 0.2       ]
INFO:root:target quat: [0. 0. 1. 0.]
INFO:root:current pos: [ 0.58486241 -0.0195129   0.40785706]
INFO:root:current mat: [[ 0.04438325  0.25762218  0.96522586]
 [-0.2583512  -0.93035152  0.26019366]
 [ 0.96503098 -0.2609155   0.02526496]]
INFO:root:target pos: [0.59620277 0.02729519 0.2       ]
INFO:root:target quat: [0. 0. 1. 0.]
INFO:root:current pos: [ 0.5859943  -0.01011792  0.42411128]
INFO:root:current mat: [[ 0.06351378  0.23992446  0.9687117 ]
 [-0.2537951  -0.93487582  0.24818433]
 [ 0.96517053 -0.2616174   0.00151405]]
INFO:root:target pos: [0.59585218 0.02850193 0.2       ]
INFO:root:target quat: [0. 0. 1. 0.]
INFO:root:current pos: [ 0.5859943  -0.01011792  0.42411128]
INFO:root:current mat: [[ 0.06351378  0.23992446  0.9687117 ]
 [-0.2537951  -0.93487582  0.24818433]
 [ 0.96517053 -0.2616174   0.00151405]]
INFO:root:target pos: [0.59490961 0.03149865 0.2       ]
INFO:root:target quat: [0. 0. 1. 0.]
INFO:root:current pos: [ 0.5859943  -0.01011792  0.42411128]
INFO:root:current mat: [[ 0.06351378  0.23992446  0.9687117 ]
 [-0.2537951  -0.93487582  0.24818433]
 [ 0.96517053 -0.2616174   0.00151405]]
INFO:root:target pos: [0.59387339 0.03446429 0.2       ]
INFO:root:target quat: [0. 0. 1. 0.]
INFO:root:current pos: [ 0.5859943  -0.01011792  0.42411128]
INFO:root:current mat: [[ 0.06351378  0.23992446  0.9687117 ]
 [-0.2537951  -0.93487582  0.24818433]
 [ 0.96517053 -0.2616174   0.00151405]]
INFO:root:target pos: [0.59320711 0.03622754 0.2       ]
INFO:root:target quat: [0. 0. 1. 0.]
INFO:root:current pos: [ 0.5859943  -0.01011792  0.42411128]
INFO:root:current mat: [[ 0.06351378  0.23992446  0.9687117 ]
 [-0.2537951  -0.93487582  0.24818433]
 [ 0.96517053 -0.2616174   0.00151405]]
INFO:root:target pos: [0.59202318 0.03913737 0.2       ]
INFO:root:target quat: [0. 0. 1. 0.]
INFO:root:current pos: [0.58594108 0.00275759 0.44095382]
INFO:root:current mat: [[ 0.08300346  0.22085005  0.97176942]
 [-0.24061855 -0.94184151  0.23460083]
 [ 0.96706425 -0.25329843 -0.02503561]]
INFO:root:target pos: [0.59048271 0.04257793 0.2       ]
INFO:root:target quat: [0. 0. 1. 0.]
INFO:root:current pos: [0.58594108 0.00275759 0.44095382]
INFO:root:current mat: [[ 0.08300346  0.22085005  0.97176942]
 [-0.24061855 -0.94184151  0.23460083]
 [ 0.96706425 -0.25329843 -0.02503561]]
INFO:root:target pos: [0.5896641  0.04427582 0.2       ]
INFO:root:target quat: [0. 0. 1. 0.]
INFO:root:current pos: [0.58594108 0.00275759 0.44095382]
INFO:root:current mat: [[ 0.08300346  0.22085005  0.97176942]
 [-0.24061855 -0.94184151  0.23460083]
 [ 0.96706425 -0.25329843 -0.02503561]]
INFO:root:target pos: [0.58793163 0.04762382 0.2       ]
INFO:root:target quat: [0. 0. 1. 0.]
INFO:root:current pos: [0.58594108 0.00275759 0.44095382]
INFO:root:current mat: [[ 0.08300346  0.22085005  0.97176942]
 [-0.24061855 -0.94184151  0.23460083]
 [ 0.96706425 -0.25329843 -0.02503561]]
INFO:root:target pos: [0.58732625 0.04872501 0.2       ]
INFO:root:target quat: [0. 0. 1. 0.]
INFO:root:current pos: [0.58594108 0.00275759 0.44095382]
INFO:root:current mat: [[ 0.08300346  0.22085005  0.97176942]
 [-0.24061855 -0.94184151  0.23460083]
 [ 0.96706425 -0.25329843 -0.02503561]]
INFO:root:target pos: [0.58701838 0.04927273 0.2       ]
INFO:root:target quat: [0. 0. 1. 0.]
INFO:root:current pos: [0.58424246 0.01821278 0.45818967]
INFO:root:current mat: [[ 0.10333421  0.20181618  0.97395715]
 [-0.21973448 -0.95037386  0.22024267]
 [ 0.97007168 -0.23677056 -0.05386041]]
INFO:root:target pos: [0.5860742  0.05090414 0.2       ]
INFO:root:target quat: [0. 0. 1. 0.]
INFO:root:current pos: [0.58424246 0.01821278 0.45818967]
INFO:root:current mat: [[ 0.10333421  0.20181618  0.97395715]
 [-0.21973448 -0.95037386  0.22024267]
 [ 0.97007168 -0.23677056 -0.05386041]]
INFO:root:target pos: [0.58476779 0.05305112 0.2       ]
INFO:root:target quat: [0. 0. 1. 0.]
INFO:root:current pos: [0.58424246 0.01821278 0.45818967]
INFO:root:current mat: [[ 0.10333421  0.20181618  0.97395715]
 [-0.21973448 -0.95037386  0.22024267]
 [ 0.97007168 -0.23677056 -0.05386041]]
INFO:root:target pos: [0.58199521 0.05724321 0.2       ]
INFO:root:target quat: [0. 0. 1. 0.]
INFO:root:current pos: [0.58424246 0.01821278 0.45818967]
INFO:root:current mat: [[ 0.10333421  0.20181618  0.97395715]
 [-0.21973448 -0.95037386  0.22024267]
 [ 0.97007168 -0.23677056 -0.05386041]]
INFO:root:target pos: [0.58053079 0.05928568 0.2       ]
INFO:root:target quat: [0. 0. 1. 0.]
INFO:root:current pos: [0.58424246 0.01821278 0.45818967]
INFO:root:current mat: [[ 0.10333421  0.20181618  0.97395715]
 [-0.21973448 -0.95037386  0.22024267]
 [ 0.97007168 -0.23677056 -0.05386041]]
INFO:root:target pos: [0.57745031 0.06325702 0.2       ]
INFO:root:target quat: [0. 0. 1. 0.]
INFO:root:current pos: [0.58090109 0.03422306 0.47559935]
INFO:root:current mat: [[ 0.12406802  0.18627096  0.97463339]
 [-0.19120546 -0.95932644  0.20768542]
 [ 0.97367735 -0.21212234 -0.08340569]]
INFO:root:target pos: [0.5766493  0.06422527 0.2       ]
INFO:root:target quat: [0. 0. 1. 0.]
INFO:root:current pos: [0.58090109 0.03422306 0.47559935]
INFO:root:current mat: [[ 0.12406802  0.18627096  0.97463339]
 [-0.19120546 -0.95932644  0.20768542]
 [ 0.97367735 -0.21212234 -0.08340569]]
INFO:root:target pos: [0.57417418 0.06706856 0.2       ]
INFO:root:target quat: [0. 0. 1. 0.]
INFO:root:current pos: [0.58090109 0.03422306 0.47559935]
INFO:root:current mat: [[ 0.12406802  0.18627096  0.97463339]
 [-0.19120546 -0.95932644  0.20768542]
 [ 0.97367735 -0.21212234 -0.08340569]]
INFO:root:target pos: [0.57332553 0.06799534 0.2       ]
INFO:root:target quat: [0. 0. 1. 0.]
INFO:root:current pos: [0.58090109 0.03422306 0.47559935]
INFO:root:current mat: [[ 0.12406802  0.18627096  0.97463339]
 [-0.19120546 -0.95932644  0.20768542]
 [ 0.97367735 -0.21212234 -0.08340569]]
INFO:root:target pos: [0.57246531 0.06891138 0.2       ]
INFO:root:target quat: [0. 0. 1. 0.]
INFO:root:current pos: [0.58090109 0.03422306 0.47559935]
INFO:root:current mat: [[ 0.12406802  0.18627096  0.97463339]
 [-0.19120546 -0.95932644  0.20768542]
 [ 0.97367735 -0.21212234 -0.08340569]]
INFO:root:target pos: [0.5720309  0.06936533 0.2       ]
INFO:root:target quat: [0. 0. 1. 0.]
INFO:root:current pos: [0.58090109 0.03422306 0.47559935]
INFO:root:current mat: [[ 0.12406802  0.18627096  0.97463339]
 [-0.19120546 -0.95932644  0.20768542]
 [ 0.97367735 -0.21212234 -0.08340569]]
INFO:root:target pos: [0.57115357 0.070265   0.2       ]
INFO:root:target quat: [0. 0. 1. 0.]
INFO:root:current pos: [0.57564247 0.05004588 0.49296632]
INFO:root:current mat: [[ 0.14502664  0.17533754  0.97376796]
 [-0.15550986 -0.96790156  0.19744186]
 [ 0.97713048 -0.18006485 -0.11310481]]
INFO:root:target pos: [0.56981654 0.07159365 0.2       ]
INFO:root:target quat: [0. 0. 1. 0.]
INFO:root:current pos: [0.57564247 0.05004588 0.49296632]
INFO:root:current mat: [[ 0.14502664  0.17533754  0.97376796]
 [-0.15550986 -0.96790156  0.19744186]
 [ 0.97713048 -0.18006485 -0.11310481]]
INFO:root:target pos: [0.56660119 0.07459411 0.2       ]
INFO:root:target quat: [0. 0. 1. 0.]
INFO:root:current pos: [0.57564247 0.05004588 0.49296632]
INFO:root:current mat: [[ 0.16796536  0.16366798  0.9721114 ]
 [-0.13005539 -0.97382273  0.1864276 ]
 [ 0.97717623 -0.15774171 -0.14228274]]
INFO:root:target pos: [0.56422527 0.0766493  0.2       ]
INFO:root:target quat: [0. 0. 1. 0.]
INFO:root:current pos: [0.57090378 0.06256604 0.51200098]
INFO:root:current mat: [[ 0.16796536  0.16366798  0.9721114 ]
 [-0.13005539 -0.97382273  0.1864276 ]
 [ 0.97717623 -0.15774171 -0.14228274]]
INFO:root:target pos: [0.56079303 0.07939904 0.2       ]
INFO:root:target quat: [0. 0. 1. 0.]
INFO:root:current pos: [0.57090378 0.06256604 0.51200098]
INFO:root:current mat: [[ 0.16796536  0.16366798  0.9721114 ]
 [-0.13005539 -0.97382273  0.1864276 ]
 [ 0.97717623 -0.15774171 -0.14228274]]
INFO:root:target pos: [0.55775727 0.08163393 0.2       ]
INFO:root:target quat: [0. 0. 1. 0.]
INFO:root:current pos: [0.57090378 0.06256604 0.51200098]
INFO:root:current mat: [[ 0.16796536  0.16366798  0.9721114 ]
 [-0.13005539 -0.97382273  0.1864276 ]
 [ 0.97717623 -0.15774171 -0.14228274]]
INFO:root:target pos: [0.55724321 0.08199521 0.2       ]
INFO:root:target quat: [0. 0. 1. 0.]
INFO:root:current pos: [0.57090378 0.06256604 0.51200098]
INFO:root:current mat: [[ 0.16796536  0.16366798  0.9721114 ]
 [-0.13005539 -0.97382273  0.1864276 ]
 [ 0.97717623 -0.15774171 -0.14228274]]
INFO:root:target pos: [0.55620834 0.08270806 0.2       ]
INFO:root:target quat: [0. 0. 1. 0.]
INFO:root:current pos: [0.57090378 0.06256604 0.51200098]
INFO:root:current mat: [[ 0.16796536  0.16366798  0.9721114 ]
 [-0.13005539 -0.97382273  0.1864276 ]
 [ 0.97717623 -0.15774171 -0.14228274]]
INFO:root:target pos: [0.55516459 0.08340784 0.2       ]
INFO:root:target quat: [0. 0. 1. 0.]
INFO:root:current pos: [0.57090378 0.06256604 0.51200098]
INFO:root:current mat: [[ 0.16796536  0.16366798  0.9721114 ]
 [-0.13005539 -0.97382273  0.1864276 ]
 [ 0.97717623 -0.15774171 -0.14228274]]
INFO:root:target pos: [0.55411213 0.08409446 0.2       ]
INFO:root:target quat: [0. 0. 1. 0.]
INFO:root:current pos: [0.56563681 0.07164621 0.53280431]
INFO:root:current mat: [[ 0.19221197  0.15153423  0.96958348]
 [-0.11400764 -0.9778686   0.17543017]
 [ 0.97470868 -0.1442597  -0.17068219]]
INFO:root:target pos: [0.55305112 0.08476779 0.2       ]
INFO:root:target quat: [0. 0. 1. 0.]
INFO:root:current pos: [0.56563681 0.07164621 0.53280431]
INFO:root:current mat: [[ 0.19221197  0.15153423  0.96958348]
 [-0.11400764 -0.9778686   0.17543017]
 [ 0.97470868 -0.1442597  -0.17068219]]
INFO:root:target pos: [0.55036232 0.08639234 0.2       ]
INFO:root:target quat: [0. 0. 1. 0.]
INFO:root:current pos: [0.56563681 0.07164621 0.53280431]
INFO:root:current mat: [[ 0.19221197  0.15153423  0.96958348]
 [-0.11400764 -0.9778686   0.17543017]
 [ 0.97470868 -0.1442597  -0.17068219]]
INFO:root:target pos: [0.54651511 0.08852313 0.2       ]
INFO:root:target quat: [0. 0. 1. 0.]
INFO:root:current pos: [0.56563681 0.07164621 0.53280431]
INFO:root:current mat: [[ 0.19221197  0.15153423  0.96958348]
 [-0.11400764 -0.9778686   0.17543017]
 [ 0.97470868 -0.1442597  -0.17068219]]
INFO:root:target pos: [0.54371158 0.08994053 0.2       ]
INFO:root:target quat: [0. 0. 1. 0.]
INFO:root:current pos: [0.55985308 0.0772679  0.5555492 ]
INFO:root:current mat: [[ 0.21743976  0.1391302   0.96610708]
 [-0.10645143 -0.98050488  0.16516245]
 [ 0.97025161 -0.13875637 -0.19839029]]
INFO:root:target pos: [0.54143756 0.0910106  0.2       ]
INFO:root:target quat: [0. 0. 1. 0.]
INFO:root:current pos: [0.55985308 0.0772679  0.5555492 ]
INFO:root:current mat: [[ 0.21743976  0.1391302   0.96610708]
 [-0.10645143 -0.98050488  0.16516245]
 [ 0.97025161 -0.13875637 -0.19839029]]
INFO:root:target pos: [0.53681246 0.09297765 0.2       ]
INFO:root:target quat: [0. 0. 1. 0.]
INFO:root:current pos: [0.55985308 0.0772679  0.5555492 ]
INFO:root:current mat: [[ 0.21743976  0.1391302   0.96610708]
 [-0.10645143 -0.98050488  0.16516245]
 [ 0.97025161 -0.13875637 -0.19839029]]
INFO:root:target pos: [0.53328195 0.09429905 0.2       ]
INFO:root:target quat: [0. 0. 1. 0.]
INFO:root:current pos: [0.55985308 0.0772679  0.5555492 ]
INFO:root:current mat: [[ 0.21743976  0.1391302   0.96610708]
 [-0.10645143 -0.98050488  0.16516245]
 [ 0.97025161 -0.13875637 -0.19839029]]
INFO:root:target pos: [0.53209436 0.09470983 0.2       ]
INFO:root:target quat: [0. 0. 1. 0.]
INFO:root:current pos: [0.55985308 0.0772679  0.5555492 ]
INFO:root:current mat: [[ 0.21743976  0.1391302   0.96610708]
 [-0.10645143 -0.98050488  0.16516245]
 [ 0.97025161 -0.13875637 -0.19839029]]
INFO:root:target pos: [0.53149865 0.09490961 0.2       ]
INFO:root:target quat: [0. 0. 1. 0.]
INFO:root:current pos: [0.55985308 0.0772679  0.5555492 ]
INFO:root:current mat: [[ 0.21743976  0.1391302   0.96610708]
 [-0.10645143 -0.98050488  0.16516245]
 [ 0.97025161 -0.13875637 -0.19839029]]
INFO:root:target pos: [0.53030353 0.09529793 0.2       ]
INFO:root:target quat: [0. 0. 1. 0.]
INFO:root:current pos: [0.55985308 0.0772679  0.5555492 ]
INFO:root:current mat: [[ 0.21743976  0.1391302   0.96610708]
 [-0.10645143 -0.98050488  0.16516245]
 [ 0.97025161 -0.13875637 -0.19839029]]
INFO:root:target pos: [0.52910362 0.09567121 0.2       ]
INFO:root:target quat: [0. 0. 1. 0.]
INFO:root:current pos: [0.55985308 0.0772679  0.5555492 ]
INFO:root:current mat: [[ 0.24313412  0.12676958  0.96167314]
 [-0.10669416 -0.98191213  0.15641238]
 [ 0.9641069  -0.1406341  -0.22521073]]
INFO:root:target pos: [0.52789911 0.09602937 0.2       ]
INFO:root:target quat: [0. 0. 1. 0.]
INFO:root:current pos: [0.55294704 0.07931002 0.58037937]
INFO:root:current mat: [[ 0.24313412  0.12676958  0.96167314]
 [-0.10669416 -0.98191213  0.15641238]
 [ 0.9641069  -0.1406341  -0.22521073]]
INFO:root:target pos: [0.52608415 0.09653816 0.2       ]
INFO:root:target quat: [0. 0. 1. 0.]
INFO:root:current pos: [0.55294704 0.07931002 0.58037937]
INFO:root:current mat: [[ 0.24313412  0.12676958  0.96167314]
 [-0.10669416 -0.98191213  0.15641238]
 [ 0.9641069  -0.1406341  -0.22521073]]
INFO:root:target pos: [0.52120071 0.09772681 0.2       ]
INFO:root:target quat: [0. 0. 1. 0.]
INFO:root:current pos: [0.55294704 0.07931002 0.58037937]
INFO:root:current mat: [[ 0.24313412  0.12676958  0.96167314]
 [-0.10669416 -0.98191213  0.15641238]
 [ 0.9641069  -0.1406341  -0.22521073]]
INFO:root:target pos: [0.51873813 0.09822873 0.2       ]
INFO:root:target quat: [0. 0. 1. 0.]
INFO:root:current pos: [0.55294704 0.07931002 0.58037937]
INFO:root:current mat: [[ 0.24313412  0.12676958  0.96167314]
 [-0.10669416 -0.98191213  0.15641238]
 [ 0.9641069  -0.1406341  -0.22521073]]
INFO:root:target pos: [0.51502256 0.09886517 0.2       ]
INFO:root:target quat: [0. 0. 1. 0.]
INFO:root:current pos: [0.54531229 0.07821292 0.60745776]
INFO:root:current mat: [[ 0.26932735  0.11396511  0.95628176]
 [-0.11343389 -0.98230734  0.14901425]
 [ 0.95634492 -0.14860837 -0.2516348 ]]
INFO:root:target pos: [0.51253332 0.09921147 0.2       ]
INFO:root:target quat: [0. 0. 1. 0.]
INFO:root:current pos: [0.54531229 0.07821292 0.60745776]
INFO:root:current mat: [[ 0.26932735  0.11396511  0.95628176]
 [-0.11343389 -0.98230734  0.14901425]
 [ 0.95634492 -0.14860837 -0.2516348 ]]
INFO:root:target pos: [0.50815906 0.09966659 0.2       ]
INFO:root:target quat: [0. 0. 1. 0.]
INFO:root:current pos: [0.54531229 0.07821292 0.60745776]
INFO:root:current mat: [[ 0.26932735  0.11396511  0.95628176]
 [-0.11343389 -0.98230734  0.14901425]
 [ 0.95634492 -0.14860837 -0.2516348 ]]
INFO:root:target pos: [0.506906   0.09976125 0.2       ]
INFO:root:target quat: [0. 0. 1. 0.]
INFO:root:current pos: [0.54531229 0.07821292 0.60745776]
INFO:root:current mat: [[ 0.26932735  0.11396511  0.95628176]
 [-0.11343389 -0.98230734  0.14901425]
 [ 0.95634492 -0.14860837 -0.2516348 ]]
INFO:root:target pos: [0.50565185 0.09984016 0.2       ]
INFO:root:target quat: [0. 0. 1. 0.]
INFO:root:current pos: [0.54531229 0.07821292 0.60745776]
INFO:root:current mat: [[ 0.26932735  0.11396511  0.95628176]
 [-0.11343389 -0.98230734  0.14901425]
 [ 0.95634492 -0.14860837 -0.2516348 ]]
INFO:root:target pos: [0.50439681 0.09990329 0.2       ]
INFO:root:target quat: [0. 0. 1. 0.]
INFO:root:current pos: [0.54531229 0.07821292 0.60745776]
INFO:root:current mat: [[ 0.26932735  0.11396511  0.95628176]
 [-0.11343389 -0.98230734  0.14901425]
 [ 0.95634492 -0.14860837 -0.2516348 ]]
INFO:root:target pos: [0.50376902 0.09992895 0.2       ]
INFO:root:target quat: [0. 0. 1. 0.]
INFO:root:current pos: [0.53640515 0.07555632 0.63709509]
INFO:root:current mat: [[ 0.29740255  0.09840079  0.94966791]
 [-0.12755891 -0.98166222  0.14166287]
 [ 0.94619267 -0.1632695  -0.27939707]]
INFO:root:target pos: [0.5012566 0.0999921 0.2      ]
INFO:root:target quat: [0. 0. 1. 0.]
INFO:root:current pos: [0.53640515 0.07555632 0.63709509]
INFO:root:current mat: [[ 0.29740255  0.09840079  0.94966791]
 [-0.12755891 -0.98166222  0.14166287]
 [ 0.94619267 -0.1632695  -0.27939707]]
INFO:root:target pos: [0.49560319 0.09990329 0.2       ]
INFO:root:target quat: [0. 0. 1. 0.]
INFO:root:current pos: [0.52465355 0.07602406 0.66503245]
INFO:root:current mat: [[ 0.32719423  0.08313416  0.94129305]
 [-0.13364906 -0.9820379   0.13318923]
 [ 0.93545808 -0.16938168 -0.3102063 ]]
INFO:root:target pos: [0.48933888 0.09943008 0.2       ]
INFO:root:target quat: [0. 0. 1. 0.]
INFO:root:current pos: [0.52465355 0.07602406 0.66503245]
INFO:root:current mat: [[ 0.32719423  0.08313416  0.94129305]
 [-0.13364906 -0.9820379   0.13318923]
 [ 0.93545808 -0.16938168 -0.3102063 ]]
INFO:root:target pos: [0.48746668 0.09921147 0.2       ]
INFO:root:target quat: [0. 0. 1. 0.]
INFO:root:current pos: [0.52465355 0.07602406 0.66503245]
INFO:root:current mat: [[ 0.32719423  0.08313416  0.94129305]
 [-0.13364906 -0.9820379   0.13318923]
 [ 0.93545808 -0.16938168 -0.3102063 ]]
INFO:root:target pos: [0.48373628 0.09866859 0.2       ]
INFO:root:target quat: [0. 0. 1. 0.]
INFO:root:current pos: [0.52465355 0.07602406 0.66503245]
INFO:root:current mat: [[ 0.32719423  0.08313416  0.94129305]
 [-0.13364906 -0.9820379   0.13318923]
 [ 0.93545808 -0.16938168 -0.3102063 ]]
INFO:root:target pos: [0.48249769 0.09845643 0.2       ]
INFO:root:target quat: [0. 0. 1. 0.]
INFO:root:current pos: [0.52465355 0.07602406 0.66503245]
INFO:root:current mat: [[ 0.32719423  0.08313416  0.94129305]
 [-0.13364906 -0.9820379   0.13318923]
 [ 0.93545808 -0.16938168 -0.3102063 ]]
INFO:root:target pos: [0.48187942 0.09834452 0.2       ]
INFO:root:target quat: [0. 0. 1. 0.]
INFO:root:current pos: [0.52465355 0.07602406 0.66503245]
INFO:root:current mat: [[ 0.32719423  0.08313416  0.94129305]
 [-0.13364906 -0.9820379   0.13318923]
 [ 0.93545808 -0.16938168 -0.3102063 ]]
INFO:root:target pos: [0.48064505 0.09810905 0.2       ]
INFO:root:target quat: [0. 0. 1. 0.]
INFO:root:current pos: [0.52465355 0.07602406 0.66503245]
INFO:root:current mat: [[ 0.32719423  0.08313416  0.94129305]
 [-0.13364906 -0.9820379   0.13318923]
 [ 0.93545808 -0.16938168 -0.3102063 ]]
INFO:root:target pos: [0.47941374 0.09785809 0.2       ]
INFO:root:target quat: [0. 0. 1. 0.]
INFO:root:current pos: [0.51092416 0.0794377  0.69115293]
INFO:root:current mat: [[ 0.35942736  0.06860089  0.93064814]
 [-0.13337198 -0.98327946  0.12399034]
 [ 0.92359296 -0.1686879  -0.34426817]]
INFO:root:target pos: [0.47513101 0.09685832 0.2       ]
INFO:root:target quat: [0. 0. 1. 0.]
INFO:root:current pos: [0.51092416 0.0794377  0.69115293]
INFO:root:current mat: [[ 0.39359057  0.05402113  0.91769733]
 [-0.12734491 -0.98544372  0.11262597]
 [ 0.91042295 -0.1611926  -0.38098224]]
INFO:root:target pos: [0.47149807 0.09585218 0.2       ]
INFO:root:target quat: [0. 0. 1. 0.]
INFO:root:current pos: [0.49523118 0.0858302  0.71537089]
INFO:root:current mat: [[ 0.39359057  0.05402113  0.91769733]
 [-0.12734491 -0.98544372  0.11262597]
 [ 0.91042295 -0.1611926  -0.38098224]]
INFO:root:target pos: [0.46612621 0.09408808 0.2       ]
INFO:root:target quat: [0. 0. 1. 0.]
INFO:root:current pos: [0.49523118 0.0858302  0.71537089]
INFO:root:current mat: [[ 0.39359057  0.05402113  0.91769733]
 [-0.12734491 -0.98544372  0.11262597]
 [ 0.91042295 -0.1611926  -0.38098224]]
INFO:root:target pos: [0.46260408 0.09274452 0.2       ]
INFO:root:target quat: [0. 0. 1. 0.]
INFO:root:current pos: [0.49523118 0.0858302  0.71537089]
INFO:root:current mat: [[ 0.39359057  0.05402113  0.91769733]
 [-0.12734491 -0.98544372  0.11262597]
 [ 0.91042295 -0.1611926  -0.38098224]]
INFO:root:target pos: [0.4614416  0.09226727 0.2       ]
INFO:root:target quat: [0. 0. 1. 0.]
INFO:root:current pos: [0.49523118 0.0858302  0.71537089]
INFO:root:current mat: [[ 0.39359057  0.05402113  0.91769733]
 [-0.12734491 -0.98544372  0.11262597]
 [ 0.91042295 -0.1611926  -0.38098224]]
INFO:root:target pos: [0.45970936 0.09152412 0.2       ]
INFO:root:target quat: [0. 0. 1. 0.]
INFO:root:current pos: [0.48030877 0.09017421 0.73695165]
INFO:root:current mat: [[ 0.42735798  0.05082221  0.902653  ]
 [-0.11105653 -0.98790661  0.1082016 ]
 [ 0.89723563 -0.14648631 -0.41654581]]
INFO:root:target pos: [0.45799143 0.09074844 0.2       ]
INFO:root:target quat: [0. 0. 1. 0.]
INFO:root:current pos: [0.48030877 0.09017421 0.73695165]
INFO:root:current mat: [[ 0.42735798  0.05082221  0.902653  ]
 [-0.11105653 -0.98790661  0.1082016 ]
 [ 0.89723563 -0.14648631 -0.41654581]]
INFO:root:target pos: [0.45628842 0.08994053 0.2       ]
INFO:root:target quat: [0. 0. 1. 0.]
INFO:root:current pos: [0.48030877 0.09017421 0.73695165]
INFO:root:current mat: [[ 0.42735798  0.05082221  0.902653  ]
 [-0.11105653 -0.98790661  0.1082016 ]
 [ 0.89723563 -0.14648631 -0.41654581]]
INFO:root:target pos: [0.45182463 0.08763067 0.2       ]
INFO:root:target quat: [0. 0. 1. 0.]
INFO:root:current pos: [0.48030877 0.09017421 0.73695165]
INFO:root:current mat: [[ 0.42735798  0.05082221  0.902653  ]
 [-0.11105653 -0.98790661  0.1082016 ]
 [ 0.89723563 -0.14648631 -0.41654581]]
INFO:root:target pos: [0.44855605 0.08575267 0.2       ]
INFO:root:target quat: [0. 0. 1. 0.]
INFO:root:current pos: [0.48030877 0.09017421 0.73695165]
INFO:root:current mat: [[ 0.42735798  0.05082221  0.902653  ]
 [-0.11105653 -0.98790661  0.1082016 ]
 [ 0.89723563 -0.14648631 -0.41654581]]
INFO:root:target pos: [0.44483541 0.08340784 0.2       ]
INFO:root:target quat: [0. 0. 1. 0.]
INFO:root:current pos: [0.46631461 0.09252439 0.75568008]
INFO:root:current mat: [[ 0.45998654  0.05872655  0.88598166]
 [-0.08482642 -0.99034012  0.10968429]
 [ 0.88386469 -0.12560795 -0.45056149]]
INFO:root:target pos: [0.44327311 0.08235326 0.2       ]
INFO:root:target quat: [0. 0. 1. 0.]
INFO:root:current pos: [0.46631461 0.09252439 0.75568008]
INFO:root:current mat: [[ 0.45998654  0.05872655  0.88598166]
 [-0.08482642 -0.99034012  0.10968429]
 [ 0.88386469 -0.12560795 -0.45056149]]
INFO:root:target pos: [0.4402095 0.0801567 0.2      ]
INFO:root:target quat: [0. 0. 1. 0.]
INFO:root:current pos: [0.46631461 0.09252439 0.75568008]
INFO:root:current mat: [[ 0.45998654  0.05872655  0.88598166]
 [-0.08482642 -0.99034012  0.10968429]
 [ 0.88386469 -0.12560795 -0.45056149]]
INFO:root:target pos: [0.43970705 0.07977944 0.2       ]
INFO:root:target quat: [0. 0. 1. 0.]
INFO:root:current pos: [0.46631461 0.09252439 0.75568008]
INFO:root:current mat: [[ 0.45998654  0.05872655  0.88598166]
 [-0.08482642 -0.99034012  0.10968429]
 [ 0.88386469 -0.12560795 -0.45056149]]
INFO:root:target pos: [0.43870929 0.0790155  0.2       ]
INFO:root:target quat: [0. 0. 1. 0.]
INFO:root:current pos: [0.46631461 0.09252439 0.75568008]
INFO:root:current mat: [[ 0.45998654  0.05872655  0.88598166]
 [-0.08482642 -0.99034012  0.10968429]
 [ 0.88386469 -0.12560795 -0.45056149]]
INFO:root:target pos: [0.43772122 0.07823908 0.2       ]
INFO:root:target quat: [0. 0. 1. 0.]
INFO:root:current pos: [0.46631461 0.09252439 0.75568008]
INFO:root:current mat: [[ 0.45998654  0.05872655  0.88598166]
 [-0.08482642 -0.99034012  0.10968429]
 [ 0.88386469 -0.12560795 -0.45056149]]
INFO:root:target pos: [0.43723086 0.07784623 0.2       ]
INFO:root:target quat: [0. 0. 1. 0.]
INFO:root:current pos: [0.45346418 0.09291208 0.77158886]
INFO:root:current mat: [[ 0.4903767   0.07752783  0.86805545]
 [-0.04945487 -0.99195525  0.11653132]
 [ 0.87010634 -0.10007381 -0.48259776]]
INFO:root:target pos: [0.4362576  0.07705132 0.2       ]
INFO:root:target quat: [0. 0. 1. 0.]
INFO:root:current pos: [0.45346418 0.09291208 0.77158886]
INFO:root:current mat: [[ 0.4903767   0.07752783  0.86805545]
 [-0.04945487 -0.99195525  0.11653132]
 [ 0.87010634 -0.10007381 -0.48259776]]
INFO:root:target pos: [0.43293144 0.07417418 0.2       ]
INFO:root:target quat: [0. 0. 1. 0.]
INFO:root:current pos: [0.45346418 0.09291208 0.77158886]
INFO:root:current mat: [[ 0.4903767   0.07752783  0.86805545]
 [-0.04945487 -0.99195525  0.11653132]
 [ 0.87010634 -0.10007381 -0.48259776]]
INFO:root:target pos: [0.43063467 0.0720309  0.2       ]
INFO:root:target quat: [0. 0. 1. 0.]
INFO:root:current pos: [0.45346418 0.09291208 0.77158886]
INFO:root:current mat: [[ 0.4903767   0.07752783  0.86805545]
 [-0.04945487 -0.99195525  0.11653132]
 [ 0.87010634 -0.10007381 -0.48259776]]
INFO:root:target pos: [0.42928932 0.07071068 0.2       ]
INFO:root:target quat: [0. 0. 1. 0.]
INFO:root:current pos: [0.44268602 0.08987751 0.79089212]
INFO:root:current mat: [[ 0.52193401  0.0975538   0.84738909]
 [-0.02202232 -0.99156649  0.12771614]
 [ 0.85270161 -0.08532087 -0.51538404]]
INFO:root:target pos: [0.42498889 0.06613119 0.2       ]
INFO:root:target quat: [0. 0. 1. 0.]
INFO:root:current pos: [0.44268602 0.08987751 0.79089212]
INFO:root:current mat: [[ 0.52193401  0.0975538   0.84738909]
 [-0.02202232 -0.99156649  0.12771614]
 [ 0.85270161 -0.08532087 -0.51538404]]
INFO:root:target pos: [0.4233507  0.06422527 0.2       ]
INFO:root:target quat: [0. 0. 1. 0.]
INFO:root:current pos: [0.44268602 0.08987751 0.79089212]
INFO:root:current mat: [[ 0.52193401  0.0975538   0.84738909]
 [-0.02202232 -0.99156649  0.12771614]
 [ 0.85270161 -0.08532087 -0.51538404]]
INFO:root:target pos: [0.42137116 0.06178596 0.2       ]
INFO:root:target quat: [0. 0. 1. 0.]
INFO:root:current pos: [0.44268602 0.08987751 0.79089212]
INFO:root:current mat: [[ 0.52193401  0.0975538   0.84738909]
 [-0.02202232 -0.99156649  0.12771614]
 [ 0.85270161 -0.08532087 -0.51538404]]
INFO:root:target pos: [0.42060096 0.06079303 0.2       ]
INFO:root:target quat: [0. 0. 1. 0.]
INFO:root:current pos: [0.44268602 0.08987751 0.79089212]
INFO:root:current mat: [[ 0.52193401  0.0975538   0.84738909]
 [-0.02202232 -0.99156649  0.12771614]
 [ 0.85270161 -0.08532087 -0.51538404]]
INFO:root:target pos: [0.4198433 0.0597905 0.2      ]
INFO:root:target quat: [0. 0. 1. 0.]
INFO:root:current pos: [0.44268602 0.08987751 0.79089212]
INFO:root:current mat: [[ 0.52193401  0.0975538   0.84738909]
 [-0.02202232 -0.99156649  0.12771614]
 [ 0.85270161 -0.08532087 -0.51538404]]
INFO:root:target pos: [0.41946921 0.05928568 0.2       ]
INFO:root:target quat: [0. 0. 1. 0.]
INFO:root:current pos: [0.43310601 0.08325459 0.81335193]
INFO:root:current mat: [[ 0.55472273  0.11875445  0.82351688]
 [-0.00178536 -0.98958976  0.14390546]
 [ 0.83203334 -0.0812979  -0.54873589]]
INFO:root:target pos: [0.41873058 0.05826905 0.2       ]
INFO:root:target quat: [0. 0. 1. 0.]
INFO:root:current pos: [0.43310601 0.08325459 0.81335193]
INFO:root:current mat: [[ 0.55472273  0.11875445  0.82351688]
 [-0.00178536 -0.98958976  0.14390546]
 [ 0.83203334 -0.0812979  -0.54873589]]
INFO:root:target pos: [0.41694041 0.05568756 0.2       ]
INFO:root:target quat: [0. 0. 1. 0.]
INFO:root:current pos: [0.43310601 0.08325459 0.81335193]
INFO:root:current mat: [[ 0.55472273  0.11875445  0.82351688]
 [-0.00178536 -0.98958976  0.14390546]
 [ 0.83203334 -0.0812979  -0.54873589]]
INFO:root:target pos: [0.41457226 0.05198173 0.2       ]
INFO:root:target quat: [0. 0. 1. 0.]
INFO:root:current pos: [0.43310601 0.08325459 0.81335193]
INFO:root:current mat: [[ 0.55472273  0.11875445  0.82351688]
 [-0.00178536 -0.98958976  0.14390546]
 [ 0.83203334 -0.0812979  -0.54873589]]
INFO:root:target pos: [0.41329293 0.04981851 0.2       ]
INFO:root:target quat: [0. 0. 1. 0.]
INFO:root:current pos: [0.42459521 0.0729973  0.83845007]
INFO:root:current mat: [[ 0.5882797   0.1410532   0.79626067]
 [ 0.01208388 -0.98609334  0.1657534 ]
 [ 0.80856727 -0.08788745 -0.58180322]]
INFO:root:target pos: [0.41118636 0.04595799 0.2       ]
INFO:root:target quat: [0. 0. 1. 0.]
INFO:root:current pos: [0.42459521 0.0729973  0.83845007]
INFO:root:current mat: [[ 0.5882797   0.1410532   0.79626067]
 [ 0.01208388 -0.98609334  0.1657534 ]
 [ 0.80856727 -0.08788745 -0.58180322]]
INFO:root:target pos: [0.4103359  0.04427582 0.2       ]
INFO:root:target quat: [0. 0. 1. 0.]
INFO:root:current pos: [0.42459521 0.0729973  0.83845007]
INFO:root:current mat: [[ 0.5882797   0.1410532   0.79626067]
 [ 0.01208388 -0.98609334  0.1657534 ]
 [ 0.80856727 -0.08788745 -0.58180322]]
INFO:root:target pos: [0.4089894  0.04143756 0.2       ]
INFO:root:target quat: [0. 0. 1. 0.]
INFO:root:current pos: [0.42459521 0.0729973  0.83845007]
INFO:root:current mat: [[ 0.5882797   0.1410532   0.79626067]
 [ 0.01208388 -0.98609334  0.1657534 ]
 [ 0.80856727 -0.08788745 -0.58180322]]
INFO:root:target pos: [0.40873084 0.04086491 0.2       ]
INFO:root:target quat: [0. 0. 1. 0.]
INFO:root:current pos: [0.42459521 0.0729973  0.83845007]
INFO:root:current mat: [[ 0.5882797   0.1410532   0.79626067]
 [ 0.01208388 -0.98609334  0.1657534 ]
 [ 0.80856727 -0.08788745 -0.58180322]]
INFO:root:target pos: [0.40822454 0.03971479 0.2       ]
INFO:root:target quat: [0. 0. 1. 0.]
INFO:root:current pos: [0.42459521 0.0729973  0.83845007]
INFO:root:current mat: [[ 0.5882797   0.1410532   0.79626067]
 [ 0.01208388 -0.98609334  0.1657534 ]
 [ 0.80856727 -0.08788745 -0.58180322]]
INFO:root:target pos: [0.40797682 0.03913737 0.2       ]
INFO:root:target quat: [0. 0. 1. 0.]
INFO:root:current pos: [0.42459521 0.0729973  0.83845007]
INFO:root:current mat: [[ 0.62254144  0.16220627  0.76559216]
 [ 0.02222621 -0.98155416  0.18988894]
 [ 0.7822712  -0.10119753 -0.61466344]]
INFO:root:target pos: [0.40749228 0.03797791 0.2       ]
INFO:root:target quat: [0. 0. 1. 0.]
INFO:root:current pos: [0.41660941 0.05969878 0.86579758]
INFO:root:current mat: [[ 0.62254144  0.16220627  0.76559216]
 [ 0.02222621 -0.98155416  0.18988894]
 [ 0.7822712  -0.10119753 -0.61466344]]
INFO:root:target pos: [0.40612661 0.03446429 0.2       ]
INFO:root:target quat: [0. 0. 1. 0.]
INFO:root:current pos: [0.41660941 0.05969878 0.86579758]
INFO:root:current mat: [[ 0.62254144  0.16220627  0.76559216]
 [ 0.02222621 -0.98155416  0.18988894]
 [ 0.7822712  -0.10119753 -0.61466344]]
INFO:root:target pos: [0.40470207 0.03030353 0.2       ]
INFO:root:target quat: [0. 0. 1. 0.]
INFO:root:current pos: [0.41660941 0.05969878 0.86579758]
INFO:root:current mat: [[ 0.62254144  0.16220627  0.76559216]
 [ 0.02222621 -0.98155416  0.18988894]
 [ 0.7822712  -0.10119753 -0.61466344]]
INFO:root:target pos: [0.40397063 0.02789911 0.2       ]
INFO:root:target quat: [0. 0. 1. 0.]
INFO:root:current pos: [0.41660941 0.05969878 0.86579758]
INFO:root:current mat: [[ 0.62254144  0.16220627  0.76559216]
 [ 0.02222621 -0.98155416  0.18988894]
 [ 0.7822712  -0.10119753 -0.61466344]]
INFO:root:target pos: [0.40283683 0.0236499  0.2       ]
INFO:root:target quat: [0. 0. 1. 0.]
INFO:root:current pos: [0.40886769 0.04407008 0.89493829]
INFO:root:current mat: [[ 0.65732245  0.17993043  0.73181433]
 [ 0.03100785 -0.97671408  0.21229216]
 [ 0.75297124 -0.11685241 -0.64759532]]
INFO:root:target pos: [0.40227319 0.02120071 0.2       ]
INFO:root:target quat: [0. 0. 1. 0.]
INFO:root:current pos: [0.40886769 0.04407008 0.89493829]
INFO:root:current mat: [[ 0.65732245  0.17993043  0.73181433]
 [ 0.03100785 -0.97671408  0.21229216]
 [ 0.75297124 -0.11685241 -0.64759532]]
INFO:root:target pos: [0.40189095 0.01935495 0.2       ]
INFO:root:target quat: [0. 0. 1. 0.]
INFO:root:current pos: [0.40886769 0.04407008 0.89493829]
INFO:root:current mat: [[ 0.65732245  0.17993043  0.73181433]
 [ 0.03100785 -0.97671408  0.21229216]
 [ 0.75297124 -0.11685241 -0.64759532]]
INFO:root:target pos: [0.40113483 0.01502256 0.2       ]
INFO:root:target quat: [0. 0. 1. 0.]
INFO:root:current pos: [0.40886769 0.04407008 0.89493829]
INFO:root:current mat: [[ 0.65732245  0.17993043  0.73181433]
 [ 0.03100785 -0.97671408  0.21229216]
 [ 0.75297124 -0.11685241 -0.64759532]]
INFO:root:target pos: [0.40104239 0.01440108 0.2       ]
INFO:root:target quat: [0. 0. 1. 0.]
INFO:root:current pos: [0.40886769 0.04407008 0.89493829]
INFO:root:current mat: [[ 0.65732245  0.17993043  0.73181433]
 [ 0.03100785 -0.97671408  0.21229216]
 [ 0.75297124 -0.11685241 -0.64759532]]
INFO:root:target pos: [0.40086924 0.01315644 0.2       ]
INFO:root:target quat: [0. 0. 1. 0.]
INFO:root:current pos: [0.40113068 0.02644041 0.92542577]
INFO:root:current mat: [[ 0.69279326  0.19370316  0.69463416]
 [ 0.0393535  -0.97196944  0.23179065]
 [ 0.72006169 -0.13324672 -0.6809968 ]]
INFO:root:target pos: [0.40071174 0.01190972 0.2       ]
INFO:root:target quat: [0. 0. 1. 0.]
INFO:root:current pos: [0.40113068 0.02644041 0.92542577]
INFO:root:current mat: [[ 0.69279326  0.19370316  0.69463416]
 [ 0.0393535  -0.97196944  0.23179065]
 [ 0.72006169 -0.13324672 -0.6809968 ]]
INFO:root:target pos: [0.4001263  0.00502443 0.2       ]
INFO:root:target quat: [0. 0. 1. 0.]
INFO:root:current pos: [0.40113068 0.02644041 0.92542577]
INFO:root:current mat: [[ 0.69279326  0.19370316  0.69463416]
 [ 0.0393535  -0.97196944  0.23179065]
 [ 0.72006169 -0.13324672 -0.6809968 ]]
INFO:root:target pos: [0.4000079 0.0012566 0.2      ]
INFO:root:target quat: [0. 0. 1. 0.]
INFO:root:current pos: [0.40113068 0.02644041 0.92542577]
INFO:root:current mat: [[ 0.69279326  0.19370316  0.69463416]
 [ 0.0393535  -0.97196944  0.23179065]
 [ 0.72006169 -0.13324672 -0.6809968 ]]
INFO:root:target pos: [ 0.40003158 -0.00251301  0.2       ]
INFO:root:target quat: [0. 0. 1. 0.]
INFO:root:current pos: [0.40113068 0.02644041 0.92542577]
INFO:root:current mat: [[ 0.69279326  0.19370316  0.69463416]
 [ 0.0393535  -0.97196944  0.23179065]
 [ 0.72006169 -0.13324672 -0.6809968 ]]
INFO:root:target pos: [ 0.40019733 -0.00627905  0.2       ]
INFO:root:target quat: [0. 0. 1. 0.]
INFO:root:current pos: [0.39322564 0.00840954 0.95685786]
INFO:root:current mat: [[ 0.73100249  0.20274676  0.65155903]
 [ 0.04360829 -0.96676899  0.25190577]
 [ 0.68097998 -0.15573038 -0.71555204]]
INFO:root:target pos: [ 0.40028411 -0.00753268  0.2       ]
INFO:root:target quat: [0. 0. 1. 0.]
INFO:root:current pos: [0.39322564 0.00840954 0.95685786]
INFO:root:current mat: [[ 0.73100249  0.20274676  0.65155903]
 [ 0.04360829 -0.96676899  0.25190577]
 [ 0.68097998 -0.15573038 -0.71555204]]
INFO:root:target pos: [ 0.40063887 -0.01128564  0.2       ]
INFO:root:target quat: [0. 0. 1. 0.]
INFO:root:current pos: [0.39322564 0.00840954 0.95685786]
INFO:root:current mat: [[ 0.73100249  0.20274676  0.65155903]
 [ 0.04360829 -0.96676899  0.25190577]
 [ 0.68097998 -0.15573038 -0.71555204]]
INFO:root:target pos: [ 0.40078853 -0.01253332  0.2       ]
INFO:root:target quat: [0. 0. 1. 0.]
INFO:root:current pos: [0.39322564 0.00840954 0.95685786]
INFO:root:current mat: [[ 0.73100249  0.20274676  0.65155903]
 [ 0.04360829 -0.96676899  0.25190577]
 [ 0.68097998 -0.15573038 -0.71555204]]
INFO:root:target pos: [ 0.40095386 -0.01377903  0.2       ]
INFO:root:target quat: [0. 0. 1. 0.]
INFO:root:current pos: [0.39322564 0.00840954 0.95685786]
INFO:root:current mat: [[ 0.73100249  0.20274676  0.65155903]
 [ 0.04360829 -0.96676899  0.25190577]
 [ 0.68097998 -0.15573038 -0.71555204]]
INFO:root:target pos: [ 0.40113483 -0.01502256  0.2       ]
INFO:root:target quat: [0. 0. 1. 0.]
INFO:root:current pos: [ 0.38492179 -0.00888016  0.98840165]
INFO:root:current mat: [[ 0.77303332  0.2072106   0.59956921]
 [ 0.04259311 -0.95996908  0.27684857]
 [ 0.63293388 -0.18847566 -0.75091382]]
INFO:root:target pos: [ 0.40133141 -0.01626372  0.2       ]
INFO:root:target quat: [0. 0. 1. 0.]
INFO:root:current pos: [ 0.38492179 -0.00888016  0.98840165]
INFO:root:current mat: [[ 0.77303332  0.2072106   0.59956921]
 [ 0.04259311 -0.95996908  0.27684857]
 [ 0.63293388 -0.18847566 -0.75091382]]
INFO:root:target pos: [ 0.40189095 -0.01935495  0.2       ]
INFO:root:target quat: [0. 0. 1. 0.]
INFO:root:current pos: [ 0.38492179 -0.00888016  0.98840165]
INFO:root:current mat: [[ 0.77303332  0.2072106   0.59956921]
 [ 0.04259311 -0.95996908  0.27684857]
 [ 0.63293388 -0.18847566 -0.75091382]]
INFO:root:target pos: [ 0.40269015 -0.02303894  0.2       ]
INFO:root:target quat: [0. 0. 1. 0.]
INFO:root:current pos: [ 0.38492179 -0.00888016  0.98840165]
INFO:root:current mat: [[ 0.81852178  0.20683308  0.53594983]
 [ 0.03762327 -0.95023524  0.30925392]
 [ 0.57324222 -0.23296689 -0.78557001]]
INFO:root:target pos: [ 0.40379723 -0.02729519  0.2       ]
INFO:root:target quat: [0. 0. 1. 0.]
INFO:root:current pos: [ 0.37583181 -0.02443849  1.01877308]
INFO:root:current mat: [[ 0.81852178  0.20683308  0.53594983]
 [ 0.03762327 -0.95023524  0.30925392]
 [ 0.57324222 -0.23296689 -0.78557001]]
INFO:root:target pos: [ 0.40470207 -0.03030353  0.2       ]
INFO:root:target quat: [0. 0. 1. 0.]
INFO:root:current pos: [ 0.37583181 -0.02443849  1.01877308]
INFO:root:current mat: [[ 0.81852178  0.20683308  0.53594983]
 [ 0.03762327 -0.95023524  0.30925392]
 [ 0.57324222 -0.23296689 -0.78557001]]
INFO:root:target pos: [ 0.40656711 -0.03564119  0.2       ]
INFO:root:target quat: [0. 0. 1. 0.]
INFO:root:current pos: [ 0.37583181 -0.02443849  1.01877308]
INFO:root:current mat: [[ 0.81852178  0.20683308  0.53594983]
 [ 0.03762327 -0.95023524  0.30925392]
 [ 0.57324222 -0.23296689 -0.78557001]]
INFO:root:target pos: [ 0.40702235 -0.03681246  0.2       ]
INFO:root:target quat: [0. 0. 1. 0.]
INFO:root:current pos: [ 0.37583181 -0.02443849  1.01877308]
INFO:root:current mat: [[ 0.86532173  0.20192967  0.4587404 ]
 [ 0.03217756 -0.93574655  0.35120301]
 [ 0.50018292 -0.28914246 -0.81621947]]
INFO:root:target pos: [ 0.40773273 -0.0385584   0.2       ]
INFO:root:target quat: [0. 0. 1. 0.]
INFO:root:current pos: [ 0.36586431 -0.03794088  1.04617691]
INFO:root:current mat: [[ 0.86532173  0.20192967  0.4587404 ]
 [ 0.03217756 -0.93574655  0.35120301]
 [ 0.50018292 -0.28914246 -0.81621947]]
INFO:root:target pos: [ 0.40873084 -0.04086491  0.2       ]
INFO:root:target quat: [0. 0. 1. 0.]
INFO:root:current pos: [ 0.36586431 -0.03794088  1.04617691]
INFO:root:current mat: [[ 0.86532173  0.20192967  0.4587404 ]
 [ 0.03217756 -0.93574655  0.35120301]
 [ 0.50018292 -0.28914246 -0.81621947]]
INFO:root:target pos: [ 0.41147687 -0.04651511  0.2       ]
INFO:root:target quat: [0. 0. 1. 0.]
INFO:root:current pos: [ 0.36586431 -0.03794088  1.04617691]
INFO:root:current mat: [[ 0.86532173  0.20192967  0.4587404 ]
 [ 0.03217756 -0.93574655  0.35120301]
 [ 0.50018292 -0.28914246 -0.81621947]]
INFO:root:target pos: [ 0.41267375 -0.04872501  0.2       ]
INFO:root:target quat: [0. 0. 1. 0.]
INFO:root:current pos: [ 0.35559595 -0.04909582  1.06893611]
INFO:root:current mat: [[ 0.90960701  0.19100474  0.36896108]
 [ 0.02958565 -0.91558156  0.40104258]
 [ 0.41441498 -0.35387519 -0.83847041]]
INFO:root:target pos: [ 0.4162472  -0.05463943  0.2       ]
INFO:root:target quat: [0. 0. 1. 0.]
INFO:root:current pos: [ 0.35559595 -0.04909582  1.06893611]
INFO:root:current mat: [[ 0.90960701  0.19100474  0.36896108]
 [ 0.02958565 -0.91558156  0.40104258]
 [ 0.41441498 -0.35387519 -0.83847041]]
INFO:root:target pos: [ 0.41800479 -0.05724321  0.2       ]
INFO:root:target quat: [0. 0. 1. 0.]
INFO:root:current pos: [ 0.35559595 -0.04909582  1.06893611]
INFO:root:current mat: [[ 0.90960701  0.19100474  0.36896108]
 [ 0.02958565 -0.91558156  0.40104258]
 [ 0.41441498 -0.35387519 -0.83847041]]
INFO:root:target pos: [ 0.42022056 -0.06029295  0.2       ]
INFO:root:target quat: [0. 0. 1. 0.]
INFO:root:current pos: [ 0.35559595 -0.04909582  1.06893611]
INFO:root:current mat: [[ 0.90960701  0.19100474  0.36896108]
 [ 0.02958565 -0.91558156  0.40104258]
 [ 0.41441498 -0.35387519 -0.83847041]]
INFO:root:target pos: [ 0.4209845  -0.06129071  0.2       ]
INFO:root:target quat: [0. 0. 1. 0.]
INFO:root:current pos: [ 0.35559595 -0.04909582  1.06893611]
INFO:root:current mat: [[ 0.90960701  0.19100474  0.36896108]
 [ 0.02958565 -0.91558156  0.40104258]
 [ 0.41441498 -0.35387519 -0.83847041]]
INFO:root:target pos: [ 0.42176092 -0.06227878  0.2       ]
INFO:root:target quat: [0. 0. 1. 0.]
INFO:root:current pos: [ 0.34604496 -0.05779594  1.08659315]
INFO:root:current mat: [[ 0.94733583  0.1709141   0.27081953]
 [ 0.03112728 -0.89081139  0.45330634]
 [ 0.31872549 -0.42100346 -0.84921765]]
INFO:root:target pos: [ 0.42254969 -0.06325702  0.2       ]
INFO:root:target quat: [0. 0. 1. 0.]
INFO:root:current pos: [ 0.34604496 -0.05779594  1.08659315]
INFO:root:current mat: [[ 0.94733583  0.1709141   0.27081953]
 [ 0.03112728 -0.89081139  0.45330634]
 [ 0.31872549 -0.42100346 -0.84921765]]
INFO:root:target pos: [ 0.42498889 -0.06613119  0.2       ]
INFO:root:target quat: [0. 0. 1. 0.]
INFO:root:current pos: [ 0.34604496 -0.05779594  1.08659315]
INFO:root:current mat: [[ 0.94733583  0.1709141   0.27081953]
 [ 0.03112728 -0.89081139  0.45330634]
 [ 0.31872549 -0.42100346 -0.84921765]]
INFO:root:target pos: [ 0.42710314 -0.06845471  0.2       ]
INFO:root:target quat: [0. 0. 1. 0.]
INFO:root:current pos: [ 0.33807239 -0.06341545  1.09984851]
INFO:root:current mat: [[ 0.97545124  0.13970591  0.17022673]
 [ 0.03708399 -0.86617181  0.49836876]
 [ 0.21707064 -0.47982174 -0.85008922]]
INFO:root:target pos: [ 0.42884643 -0.070265    0.2       ]
INFO:root:target quat: [0. 0. 1. 0.]
INFO:root:current pos: [ 0.33807239 -0.06341545  1.09984851]
INFO:root:current mat: [[ 0.97545124  0.13970591  0.17022673]
 [ 0.03708399 -0.86617181  0.49836876]
 [ 0.21707064 -0.47982174 -0.85008922]]
INFO:root:target pos: [ 0.43246672 -0.07375131  0.2       ]
INFO:root:target quat: [0. 0. 1. 0.]
INFO:root:current pos: [ 0.33807239 -0.06341545  1.09984851]
INFO:root:current mat: [[ 0.97545124  0.13970591  0.17022673]
 [ 0.03708399 -0.86617181  0.49836876]
 [ 0.21707064 -0.47982174 -0.85008922]]
INFO:root:target pos: [ 0.43577473 -0.0766493   0.2       ]
INFO:root:target quat: [0. 0. 1. 0.]
INFO:root:current pos: [ 0.33807239 -0.06341545  1.09984851]
INFO:root:current mat: [[ 0.97545124  0.13970591  0.17022673]
 [ 0.03708399 -0.86617181  0.49836876]
 [ 0.21707064 -0.47982174 -0.85008922]]
INFO:root:target pos: [ 0.43674298 -0.07745031  0.2       ]
INFO:root:target quat: [0. 0. 1. 0.]
INFO:root:current pos: [ 0.33807239 -0.06341545  1.09984851]
INFO:root:current mat: [[ 0.97545124  0.13970591  0.17022673]
 [ 0.03708399 -0.86617181  0.49836876]
 [ 0.21707064 -0.47982174 -0.85008922]]
INFO:root:target pos: [ 0.43772122 -0.07823908  0.2       ]
INFO:root:target quat: [0. 0. 1. 0.]
INFO:root:current pos: [ 0.33807239 -0.06341545  1.09984851]
INFO:root:current mat: [[ 0.97545124  0.13970591  0.17022673]
 [ 0.03708399 -0.86617181  0.49836876]
 [ 0.21707064 -0.47982174 -0.85008922]]
INFO:root:target pos: [ 0.43870929 -0.0790155   0.2       ]
INFO:root:target quat: [0. 0. 1. 0.]
INFO:root:current pos: [ 0.33807239 -0.06341545  1.09984851]
INFO:root:current mat: [[ 0.97545124  0.13970591  0.17022673]
 [ 0.03708399 -0.86617181  0.49836876]
 [ 0.21707064 -0.47982174 -0.85008922]]
INFO:root:target pos: [ 0.43970705 -0.07977944  0.2       ]
INFO:root:target quat: [0. 0. 1. 0.]
INFO:root:current pos: [ 0.33242464 -0.06584669  1.10938692]
INFO:root:current mat: [[ 0.99231503  0.10047386  0.07222111]
 [ 0.04742613 -0.84792257  0.52799485]
 [ 0.11428757 -0.52051206 -0.84617139]]
INFO:root:target pos: [ 0.44071432 -0.08053079  0.2       ]
INFO:root:target quat: [0. 0. 1. 0.]
INFO:root:current pos: [ 0.33242464 -0.06584669  1.10938692]
INFO:root:current mat: [[ 0.99231503  0.10047386  0.07222111]
 [ 0.04742613 -0.84792257  0.52799485]
 [ 0.11428757 -0.52051206 -0.84617139]]
INFO:root:target pos: [ 0.44431244 -0.08305959  0.2       ]
INFO:root:target quat: [0. 0. 1. 0.]
INFO:root:current pos: [ 0.33242464 -0.06584669  1.10938692]
INFO:root:current mat: [[ 0.99231503  0.10047386  0.07222111]
 [ 0.04742613 -0.84792257  0.52799485]
 [ 0.11428757 -0.52051206 -0.84617139]]
INFO:root:target pos: [ 0.45127499 -0.08732625  0.2       ]
INFO:root:target quat: [0. 0. 1. 0.]
INFO:root:current pos: [ 0.32905436 -0.06659566  1.11586571]
INFO:root:current mat: [[ 0.99545788  0.09239382 -0.0229561 ]
 [ 0.09143392 -0.86066321  0.50089814]
 [ 0.02652242 -0.50072197 -0.86520191]]
INFO:root:target pos: [ 0.45516168 -0.08938414  0.2       ]
INFO:root:target quat: [0. 0. 1. 0.]
INFO:root:current pos: [ 0.32905436 -0.06659566  1.11586571]
INFO:root:current mat: [[ 0.99545788  0.09239382 -0.0229561 ]
 [ 0.09143392 -0.86066321  0.50089814]
 [ 0.02652242 -0.50072197 -0.86520191]]
INFO:root:target pos: [ 0.45913509 -0.09126916  0.2       ]
INFO:root:target quat: [0. 0. 1. 0.]
INFO:root:current pos: [ 0.32905436 -0.06659566  1.11586571]
INFO:root:current mat: [[ 0.99545788  0.09239382 -0.0229561 ]
 [ 0.09143392 -0.86066321  0.50089814]
 [ 0.02652242 -0.50072197 -0.86520191]]
INFO:root:target pos: [ 0.46377246 -0.09320711  0.2       ]
INFO:root:target quat: [0. 0. 1. 0.]
INFO:root:current pos: [ 0.32905436 -0.06659566  1.11586571]
INFO:root:current mat: [[ 0.99545788  0.09239382 -0.0229561 ]
 [ 0.09143392 -0.86066321  0.50089814]
 [ 0.02652242 -0.50072197 -0.86520191]]
INFO:root:target pos: [ 0.46435881 -0.09343289  0.2       ]
INFO:root:target quat: [0. 0. 1. 0.]
INFO:root:current pos: [ 0.32905436 -0.06659566  1.11586571]
INFO:root:current mat: [[ 0.99545788  0.09239382 -0.0229561 ]
 [ 0.09143392 -0.86066321  0.50089814]
 [ 0.02652242 -0.50072197 -0.86520191]]
INFO:root:target pos: [ 0.46553571 -0.09387339  0.2       ]
INFO:root:target quat: [0. 0. 1. 0.]
INFO:root:current pos: [ 0.32905436 -0.06659566  1.11586571]
INFO:root:current mat: [[ 0.99545788  0.09239382 -0.0229561 ]
 [ 0.09143392 -0.86066321  0.50089814]
 [ 0.02652242 -0.50072197 -0.86520191]]
INFO:root:target pos: [ 0.46671805 -0.09429905  0.2       ]
INFO:root:target quat: [0. 0. 1. 0.]
INFO:root:current pos: [ 0.32905436 -0.06659566  1.11586571]
INFO:root:current mat: [[ 0.99545788  0.09239382 -0.0229561 ]
 [ 0.09143392 -0.86066321  0.50089814]
 [ 0.02652242 -0.50072197 -0.86520191]]
INFO:root:target pos: [ 0.4673112  -0.09450631  0.2       ]
INFO:root:target quat: [0. 0. 1. 0.]
INFO:root:current pos: [ 0.32882166 -0.06540713  1.11952269]
INFO:root:current mat: [[ 0.98954725  0.08968186 -0.11293099]
 [ 0.13188159 -0.87958628  0.45709459]
 [-0.05833945 -0.46721021 -0.88221957]]
INFO:root:target pos: [ 0.46850135 -0.09490961  0.2       ]
INFO:root:target quat: [0. 0. 1. 0.]
INFO:root:current pos: [ 0.32882166 -0.06540713  1.11952269]
INFO:root:current mat: [[ 0.98954725  0.08968186 -0.11293099]
 [ 0.13188159 -0.87958628  0.45709459]
 [-0.05833945 -0.46721021 -0.88221957]]
INFO:root:target pos: [ 0.47149807 -0.09585218  0.2       ]
INFO:root:target quat: [0. 0. 1. 0.]
INFO:root:current pos: [ 0.32882166 -0.06540713  1.11952269]
INFO:root:current mat: [[ 0.98954725  0.08968186 -0.11293099]
 [ 0.13188159 -0.87958628  0.45709459]
 [-0.05833945 -0.46721021 -0.88221957]]
INFO:root:target pos: [ 0.47757292 -0.09745269  0.2       ]
INFO:root:target quat: [0. 0. 1. 0.]
INFO:root:current pos: [ 0.32882166 -0.06540713  1.11952269]
INFO:root:current mat: [[ 0.98954725  0.08968186 -0.11293099]
 [ 0.13188159 -0.87958628  0.45709459]
 [-0.05833945 -0.46721021 -0.88221957]]
INFO:root:target pos: [ 0.480029   -0.09798551  0.2       ]
INFO:root:target quat: [0. 0. 1. 0.]
INFO:root:current pos: [ 0.33152145 -0.06399129  1.1206286 ]
INFO:root:current mat: [[ 0.97536357  0.09744087 -0.1979171 ]
 [ 0.17085889 -0.90118675  0.39833418]
 [-0.1395462  -0.42233654 -0.89563337]]
INFO:root:target pos: [ 0.48559892 -0.09895761  0.2       ]
INFO:root:target quat: [0. 0. 1. 0.]
INFO:root:current pos: [ 0.33152145 -0.06399129  1.1206286 ]
INFO:root:current mat: [[ 0.97536357  0.09744087 -0.1979171 ]
 [ 0.17085889 -0.90118675  0.39833418]
 [-0.1395462  -0.42233654 -0.89563337]]
INFO:root:target pos: [ 0.48684356 -0.09913076  0.2       ]
INFO:root:target quat: [0. 0. 1. 0.]
INFO:root:current pos: [ 0.33152145 -0.06399129  1.1206286 ]
INFO:root:current mat: [[ 0.97536357  0.09744087 -0.1979171 ]
 [ 0.17085889 -0.90118675  0.39833418]
 [-0.1395462  -0.42233654 -0.89563337]]
INFO:root:target pos: [ 0.48996383 -0.0994951   0.2       ]
INFO:root:target quat: [0. 0. 1. 0.]
INFO:root:current pos: [ 0.33152145 -0.06399129  1.1206286 ]
INFO:root:current mat: [[ 0.97536357  0.09744087 -0.1979171 ]
 [ 0.17085889 -0.90118675  0.39833418]
 [-0.1395462  -0.42233654 -0.89563337]]
INFO:root:target pos: [ 0.49121488 -0.09961336  0.2       ]
INFO:root:target quat: [0. 0. 1. 0.]
INFO:root:current pos: [ 0.33152145 -0.06399129  1.1206286 ]
INFO:root:current mat: [[ 0.97536357  0.09744087 -0.1979171 ]
 [ 0.17085889 -0.90118675  0.39833418]
 [-0.1395462  -0.42233654 -0.89563337]]
INFO:root:target pos: [ 0.49246732 -0.09971589  0.2       ]
INFO:root:target quat: [0. 0. 1. 0.]
INFO:root:current pos: [ 0.33152145 -0.06399129  1.1206286 ]
INFO:root:current mat: [[ 0.97536357  0.09744087 -0.1979171 ]
 [ 0.17085889 -0.90118675  0.39833418]
 [-0.1395462  -0.42233654 -0.89563337]]
INFO:root:target pos: [ 0.49372095 -0.09980267  0.2       ]
INFO:root:target quat: [0. 0. 1. 0.]
INFO:root:current pos: [ 0.33152145 -0.06399129  1.1206286 ]
INFO:root:current mat: [[ 0.95315317  0.11807368 -0.27849174]
 [ 0.2091682  -0.92235076  0.32483555]
 [-0.21851249 -0.36786964 -0.90383881]]
INFO:root:target pos: [ 0.49497557 -0.0998737   0.2       ]
INFO:root:target quat: [0. 0. 1. 0.]
INFO:root:current pos: [ 0.33719826 -0.06153426  1.11922479]
INFO:root:current mat: [[ 0.95315317  0.11807368 -0.27849174]
 [ 0.2091682  -0.92235076  0.32483555]
 [-0.21851249 -0.36786964 -0.90383881]]
INFO:root:target pos: [ 0.49623098 -0.09992895  0.2       ]
INFO:root:target quat: [0. 0. 1. 0.]
INFO:root:current pos: [ 0.33719826 -0.06153426  1.11922479]
INFO:root:current mat: [[ 0.95315317  0.11807368 -0.27849174]
 [ 0.2091682  -0.92235076  0.32483555]
 [-0.21851249 -0.36786964 -0.90383881]]
INFO:root:target pos: [ 0.50502443 -0.0998737   0.2       ]
INFO:root:target quat: [0. 0. 1. 0.]
INFO:root:current pos: [ 0.34543806 -0.05916864  1.11502028]
INFO:root:current mat: [[ 0.92279907  0.15298409 -0.35360679]
 [ 0.2479137  -0.93832223  0.24101967]
 [-0.29492489 -0.31007669 -0.90380974]]
INFO:root:target pos: [ 0.51128564 -0.09936113  0.2       ]
INFO:root:target quat: [0. 0. 1. 0.]
INFO:root:current pos: [ 0.34543806 -0.05916864  1.11502028]
INFO:root:current mat: [[ 0.92279907  0.15298409 -0.35360679]
 [ 0.2479137  -0.93832223  0.24101967]
 [-0.29492489 -0.31007669 -0.90380974]]
INFO:root:target pos: [ 0.51253332 -0.09921147  0.2       ]
INFO:root:target quat: [0. 0. 1. 0.]
INFO:root:current pos: [ 0.34543806 -0.05916864  1.11502028]
INFO:root:current mat: [[ 0.92279907  0.15298409 -0.35360679]
 [ 0.2479137  -0.93832223  0.24101967]
 [-0.29492489 -0.31007669 -0.90380974]]
INFO:root:target pos: [ 0.51688334 -0.09856446  0.2       ]
INFO:root:target quat: [0. 0. 1. 0.]
INFO:root:current pos: [ 0.34543806 -0.05916864  1.11502028]
INFO:root:current mat: [[ 0.92279907  0.15298409 -0.35360679]
 [ 0.2479137  -0.93832223  0.24101967]
 [-0.29492489 -0.31007669 -0.90380974]]
INFO:root:target pos: [ 0.51812058 -0.09834452  0.2       ]
INFO:root:target quat: [0. 0. 1. 0.]
INFO:root:current pos: [ 0.34543806 -0.05916864  1.11502028]
INFO:root:current mat: [[ 0.92279907  0.15298409 -0.35360679]
 [ 0.2479137  -0.93832223  0.24101967]
 [-0.29492489 -0.31007669 -0.90380974]]
INFO:root:target pos: [ 0.51935495 -0.09810905  0.2       ]
INFO:root:target quat: [0. 0. 1. 0.]
INFO:root:current pos: [ 0.34543806 -0.05916864  1.11502028]
INFO:root:current mat: [[ 0.92279907  0.15298409 -0.35360679]
 [ 0.2479137  -0.93832223  0.24101967]
 [-0.29492489 -0.31007669 -0.90380974]]
INFO:root:target pos: [ 0.52058626 -0.09785809  0.2       ]
INFO:root:target quat: [0. 0. 1. 0.]
INFO:root:current pos: [ 0.35337439 -0.05425184  1.10911977]
INFO:root:current mat: [[ 0.88196631  0.19597599 -0.42863602]
 [ 0.28299018 -0.94746352  0.14909552]
 [-0.37689784 -0.25279701 -0.89109019]]
INFO:root:target pos: [ 0.52303894 -0.09730985  0.2       ]
INFO:root:target quat: [0. 0. 1. 0.]
INFO:root:current pos: [ 0.35337439 -0.05425184  1.10911977]
INFO:root:current mat: [[ 0.88196631  0.19597599 -0.42863602]
 [ 0.28299018 -0.94746352  0.14909552]
 [-0.37689784 -0.25279701 -0.89109019]]
INFO:root:target pos: [ 0.52910362 -0.09567121  0.2       ]
INFO:root:target quat: [0. 0. 1. 0.]
INFO:root:current pos: [ 0.35826927 -0.04860464  1.10284579]
INFO:root:current mat: [[ 0.83088722  0.24843017 -0.49790447]
 [ 0.31424618 -0.9479476   0.05142416]
 [-0.45921209 -0.19919226 -0.86570576]]
INFO:root:target pos: [ 0.53446429 -0.09387339  0.2       ]
INFO:root:target quat: [0. 0. 1. 0.]
INFO:root:current pos: [ 0.35826927 -0.04860464  1.10284579]
INFO:root:current mat: [[ 0.83088722  0.24843017 -0.49790447]
 [ 0.31424618 -0.9479476   0.05142416]
 [-0.45921209 -0.19919226 -0.86570576]]
INFO:root:target pos: [ 0.5385584  -0.09226727  0.2       ]
INFO:root:target quat: [0. 0. 1. 0.]
INFO:root:current pos: [ 0.35826927 -0.04860464  1.10284579]
INFO:root:current mat: [[ 0.83088722  0.24843017 -0.49790447]
 [ 0.31424618 -0.9479476   0.05142416]
 [-0.45921209 -0.19919226 -0.86570576]]
INFO:root:target pos: [ 0.54257793 -0.09048271  0.2       ]
INFO:root:target quat: [0. 0. 1. 0.]
INFO:root:current pos: [ 0.35826927 -0.04860464  1.10284579]
INFO:root:current mat: [[ 0.83088722  0.24843017 -0.49790447]
 [ 0.31424618 -0.9479476   0.05142416]
 [-0.45921209 -0.19919226 -0.86570576]]
INFO:root:target pos: [ 0.54371158 -0.08994053  0.2       ]
INFO:root:target quat: [0. 0. 1. 0.]
INFO:root:current pos: [ 0.35826927 -0.04860464  1.10284579]
INFO:root:current mat: [[ 0.83088722  0.24843017 -0.49790447]
 [ 0.31424618 -0.9479476   0.05142416]
 [-0.45921209 -0.19919226 -0.86570576]]
INFO:root:target pos: [ 0.54427582 -0.0896641   0.2       ]
INFO:root:target quat: [0. 0. 1. 0.]
INFO:root:current pos: [ 0.35826927 -0.04860464  1.10284579]
INFO:root:current mat: [[ 0.83088722  0.24843017 -0.49790447]
 [ 0.31424618 -0.9479476   0.05142416]
 [-0.45921209 -0.19919226 -0.86570576]]
INFO:root:target pos: [ 0.54539905 -0.08910065  0.2       ]
INFO:root:target quat: [0. 0. 1. 0.]
INFO:root:current pos: [ 0.35826927 -0.04860464  1.10284579]
INFO:root:current mat: [[ 0.77756255  0.30904506 -0.54762002]
 [ 0.3384642  -0.93966558 -0.04970936]
 [-0.52994199 -0.14669761 -0.83524949]]
INFO:root:target pos: [ 0.54651511 -0.08852313  0.2       ]
INFO:root:target quat: [0. 0. 1. 0.]
INFO:root:current pos: [ 0.36226839 -0.04082579  1.09619737]
INFO:root:current mat: [[ 0.77756255  0.30904506 -0.54762002]
 [ 0.3384642  -0.93966558 -0.04970936]
 [-0.52994199 -0.14669761 -0.83524949]]
INFO:root:target pos: [ 0.54762382 -0.08793163  0.2       ]
INFO:root:target quat: [0. 0. 1. 0.]
INFO:root:current pos: [ 0.36226839 -0.04082579  1.09619737]
INFO:root:current mat: [[ 0.77756255  0.30904506 -0.54762002]
 [ 0.3384642  -0.93966558 -0.04970936]
 [-0.52994199 -0.14669761 -0.83524949]]
INFO:root:target pos: [ 0.55358268 -0.08443279  0.2       ]
INFO:root:target quat: [0. 0. 1. 0.]
INFO:root:current pos: [ 0.36818901 -0.0324067   1.08803546]
INFO:root:current mat: [[ 0.72532027  0.37384108 -0.57806001]
 [ 0.3584852  -0.92197685 -0.1464488 ]
 [-0.58770646 -0.10100366 -0.80274502]]
INFO:root:target pos: [ 0.55826905 -0.08126942  0.2       ]
INFO:root:target quat: [0. 0. 1. 0.]
INFO:root:current pos: [ 0.36818901 -0.0324067   1.08803546]
INFO:root:current mat: [[ 0.72532027  0.37384108 -0.57806001]
 [ 0.3584852  -0.92197685 -0.1464488 ]
 [-0.58770646 -0.10100366 -0.80274502]]
INFO:root:target pos: [ 0.56227878 -0.07823908  0.2       ]
INFO:root:target quat: [0. 0. 1. 0.]
INFO:root:current pos: [ 0.36818901 -0.0324067   1.08803546]
INFO:root:current mat: [[ 0.72532027  0.37384108 -0.57806001]
 [ 0.3584852  -0.92197685 -0.1464488 ]
 [-0.58770646 -0.10100366 -0.80274502]]
INFO:root:target pos: [ 0.56565858 -0.07542514  0.2       ]
INFO:root:target quat: [0. 0. 1. 0.]
INFO:root:current pos: [ 0.36818901 -0.0324067   1.08803546]
INFO:root:current mat: [[ 0.72532027  0.37384108 -0.57806001]
 [ 0.3584852  -0.92197685 -0.1464488 ]
 [-0.58770646 -0.10100366 -0.80274502]]
INFO:root:target pos: [ 0.56660119 -0.07459411  0.2       ]
INFO:root:target quat: [0. 0. 1. 0.]
INFO:root:current pos: [ 0.36818901 -0.0324067   1.08803546]
INFO:root:current mat: [[ 0.72532027  0.37384108 -0.57806001]
 [ 0.3584852  -0.92197685 -0.1464488 ]
 [-0.58770646 -0.10100366 -0.80274502]]
INFO:root:target pos: [ 0.56753328 -0.07375131  0.2       ]
INFO:root:target quat: [0. 0. 1. 0.]
INFO:root:current pos: [ 0.37792271 -0.02323309  1.07754517]
INFO:root:current mat: [[ 0.67634938  0.44359751 -0.58802448]
 [ 0.38007372 -0.8940078  -0.23726391]
 [-0.6309481  -0.06301934 -0.77326139]]
INFO:root:target pos: [ 0.56891138 -0.07246531  0.2       ]
INFO:root:target quat: [0. 0. 1. 0.]
INFO:root:current pos: [ 0.37792271 -0.02323309  1.07754517]
INFO:root:current mat: [[ 0.67634938  0.44359751 -0.58802448]
 [ 0.38007372 -0.8940078  -0.23726391]
 [-0.6309481  -0.06301934 -0.77326139]]
INFO:root:target pos: [ 0.57375131 -0.06753328  0.2       ]
INFO:root:target quat: [0. 0. 1. 0.]
INFO:root:current pos: [ 0.37792271 -0.02323309  1.07754517]
INFO:root:current mat: [[ 0.67634938  0.44359751 -0.58802448]
 [ 0.38007372 -0.8940078  -0.23726391]
 [-0.6309481  -0.06301934 -0.77326139]]
INFO:root:target pos: [ 0.57583619 -0.06518337  0.2       ]
INFO:root:target quat: [0. 0. 1. 0.]
INFO:root:current pos: [ 0.39131141 -0.01366303  1.06478179]
INFO:root:current mat: [[ 0.63207121  0.51377498 -0.58010459]
 [ 0.40512122 -0.85724607 -0.31781511]
 [-0.66057768 -0.03413085 -0.74998177]]
INFO:root:target pos: [ 0.58053079 -0.05928568  0.2       ]
INFO:root:target quat: [0. 0. 1. 0.]
INFO:root:current pos: [ 0.39131141 -0.01366303  1.06478179]
INFO:root:current mat: [[ 0.63207121  0.51377498 -0.58010459]
 [ 0.40512122 -0.85724607 -0.31781511]
 [-0.66057768 -0.03413085 -0.74998177]]
INFO:root:target pos: [ 0.58199521 -0.05724321  0.2       ]
INFO:root:target quat: [0. 0. 1. 0.]
INFO:root:current pos: [ 0.39131141 -0.01366303  1.06478179]
INFO:root:current mat: [[ 0.63207121  0.51377498 -0.58010459]
 [ 0.40512122 -0.85724607 -0.31781511]
 [-0.66057768 -0.03413085 -0.74998177]]
INFO:root:target pos: [ 0.58509945 -0.05251746  0.2       ]
INFO:root:target quat: [0. 0. 1. 0.]
INFO:root:current pos: [ 0.40718886 -0.00381324  1.0502646 ]
INFO:root:current mat: [[ 0.5919044   0.58166651 -0.55795459]
 [ 0.43370506 -0.81333235 -0.38780246]
 [-0.6793741  -0.01244571 -0.73368676]]
INFO:root:target pos: [ 0.5860742  -0.05090414  0.2       ]
INFO:root:target quat: [0. 0. 1. 0.]
INFO:root:current pos: [ 0.40718886 -0.00381324  1.0502646 ]
INFO:root:current mat: [[ 0.5919044   0.58166651 -0.55795459]
 [ 0.43370506 -0.81333235 -0.38780246]
 [-0.6793741  -0.01244571 -0.73368676]]
INFO:root:target pos: [ 0.58938414 -0.04483832  0.2       ]
INFO:root:target quat: [0. 0. 1. 0.]
INFO:root:current pos: [0.42414817 0.00560994 1.03503168]
INFO:root:current mat: [[ 0.55589307  0.64612852 -0.52297318]
 [ 0.46615071 -0.76321289 -0.4474484 ]
 [-0.68824888  0.0049492  -0.72545809]]
INFO:root:target pos: [ 0.59202318 -0.03913737  0.2       ]
INFO:root:target quat: [0. 0. 1. 0.]
INFO:root:current pos: [0.42414817 0.00560994 1.03503168]
INFO:root:current mat: [[ 0.55589307  0.64612852 -0.52297318]
 [ 0.46615071 -0.76321289 -0.4474484 ]
 [-0.68824888  0.0049492  -0.72545809]]
INFO:root:target pos: [ 0.59408808 -0.03387379  0.2       ]
INFO:root:target quat: [0. 0. 1. 0.]
INFO:root:current pos: [0.42414817 0.00560994 1.03503168]
INFO:root:current mat: [[ 0.55589307  0.64612852 -0.52297318]
 [ 0.46615071 -0.76321289 -0.4474484 ]
 [-0.68824888  0.0049492  -0.72545809]]
INFO:root:target pos: [ 0.59450631 -0.0326888   0.2       ]
INFO:root:target quat: [0. 0. 1. 0.]
INFO:root:current pos: [0.42414817 0.00560994 1.03503168]
INFO:root:current mat: [[ 0.55589307  0.64612852 -0.52297318]
 [ 0.46615071 -0.76321289 -0.4474484 ]
 [-0.68824888  0.0049492  -0.72545809]]
INFO:root:target pos: [ 0.59470983 -0.03209436  0.2       ]
INFO:root:target quat: [0. 0. 1. 0.]
INFO:root:current pos: [0.42414817 0.00560994 1.03503168]
INFO:root:current mat: [[ 0.55589307  0.64612852 -0.52297318]
 [ 0.46615071 -0.76321289 -0.4474484 ]
 [-0.68824888  0.0049492  -0.72545809]]
INFO:root:target pos: [ 0.59510565 -0.0309017   0.2       ]
INFO:root:target quat: [0. 0. 1. 0.]
INFO:root:current pos: [0.42414817 0.00560994 1.03503168]
INFO:root:current mat: [[ 0.55589307  0.64612852 -0.52297318]
 [ 0.46615071 -0.76321289 -0.4474484 ]
 [-0.68824888  0.0049492  -0.72545809]]
INFO:root:target pos: [ 0.59548645 -0.02970416  0.2       ]
INFO:root:target quat: [0. 0. 1. 0.]
INFO:root:current pos: [0.44082847 0.01505619 1.01973677]
INFO:root:current mat: [[ 0.51964665  0.70923087 -0.47640216]
 [ 0.50294641 -0.70467941 -0.50047188]
 [-0.69066081  0.02046382 -0.72288945]]
INFO:root:target pos: [ 0.59585218 -0.02850193  0.2       ]
INFO:root:target quat: [0. 0. 1. 0.]
INFO:root:current pos: [0.44082847 0.01505619 1.01973677]
INFO:root:current mat: [[ 0.51964665  0.70923087 -0.47640216]
 [ 0.50294641 -0.70467941 -0.50047188]
 [-0.69066081  0.02046382 -0.72288945]]
INFO:root:target pos: [ 0.59716317 -0.0236499   0.2       ]
INFO:root:target quat: [0. 0. 1. 0.]
INFO:root:current pos: [0.44082847 0.01505619 1.01973677]
INFO:root:current mat: [[ 0.51964665  0.70923087 -0.47640216]
 [ 0.50294641 -0.70467941 -0.50047188]
 [-0.69066081  0.02046382 -0.72288945]]
INFO:root:target pos: [ 0.59759168 -0.02181432  0.2       ]
INFO:root:target quat: [0. 0. 1. 0.]
INFO:root:current pos: [0.44082847 0.01505619 1.01973677]
INFO:root:current mat: [[ 0.51964665  0.70923087 -0.47640216]
 [ 0.50294641 -0.70467941 -0.50047188]
 [-0.69066081  0.02046382 -0.72288945]]
INFO:root:target pos: [ 0.59856446 -0.01688334  0.2       ]
INFO:root:target quat: [0. 0. 1. 0.]
INFO:root:current pos: [0.44082847 0.01505619 1.01973677]
INFO:root:current mat: [[ 0.51964665  0.70923087 -0.47640216]
 [ 0.50294641 -0.70467941 -0.50047188]
 [-0.69066081  0.02046382 -0.72288945]]
INFO:root:target pos: [ 0.59921147 -0.01253332  0.2       ]
INFO:root:target quat: [0. 0. 1. 0.]
INFO:root:current pos: [0.45621911 0.02377896 1.0049448 ]
INFO:root:current mat: [[ 0.47878025  0.76988485 -0.42195597]
 [ 0.54247945 -0.63732226 -0.54729934]
 [-0.69027934  0.0331337  -0.72278405]]
INFO:root:target pos: [ 0.5994951  -0.01003617  0.2       ]
INFO:root:target quat: [0. 0. 1. 0.]
INFO:root:current pos: [0.45621911 0.02377896 1.0049448 ]
INFO:root:current mat: [[ 0.47878025  0.76988485 -0.42195597]
 [ 0.54247945 -0.63732226 -0.54729934]
 [-0.69027934  0.0331337  -0.72278405]]
INFO:root:target pos: [ 0.59992895 -0.00376902  0.2       ]
INFO:root:target quat: [0. 0. 1. 0.]
INFO:root:current pos: [0.45621911 0.02377896 1.0049448 ]
INFO:root:current mat: [[ 0.47878025  0.76988485 -0.42195597]
 [ 0.54247945 -0.63732226 -0.54729934]
 [-0.69027934  0.0331337  -0.72278405]]
INFO:root:target pos: [ 0.59996842 -0.00251301  0.2       ]
INFO:root:target quat: [0. 0. 1. 0.]
INFO:root:current pos: [0.45621911 0.02377896 1.0049448 ]
INFO:root:current mat: [[ 0.47878025  0.76988485 -0.42195597]
 [ 0.54247945 -0.63732226 -0.54729934]
 [-0.69027934  0.0331337  -0.72278405]]
INFO:root:target pos: [ 0.59999803 -0.00062831  0.2       ]
INFO:root:target quat: [0. 0. 1. 0.]
INFO:root:current pos: [0.46980041 0.03196158 0.99103236]
INFO:root:current mat: [[ 0.4287814   0.82837071 -0.36048381]
 [ 0.58255804 -0.55851289 -0.59049958]
 [-0.69048732  0.04319254 -0.72205398]]
INFO:root:target pos: [0.59998224 0.00188484 0.2       ]
INFO:root:target quat: [0. 0. 1. 0.]
INFO:root:current pos: [0.46980041 0.03196158 0.99103236]
INFO:root:current mat: [[ 0.4287814   0.82837071 -0.36048381]
 [ 0.58255804 -0.55851289 -0.59049958]
 [-0.69048732  0.04319254 -0.72205398]]
INFO:root:target pos: [0.5994951  0.01003617 0.2       ]
INFO:root:target quat: [0. 0. 1. 0.]
INFO:root:current pos: [0.48154667 0.03870191 0.97823209]
INFO:root:current mat: [[ 0.36788842  0.88219428 -0.29392416]
 [ 0.6201226  -0.46830001 -0.62939908]
 [-0.69289691  0.04927964 -0.71935078]]
INFO:root:target pos: [0.59921147 0.01253332 0.2       ]
INFO:root:target quat: [0. 0. 1. 0.]
INFO:root:current pos: [0.48154667 0.03870191 0.97823209]
INFO:root:current mat: [[ 0.36788842  0.88219428 -0.29392416]
 [ 0.6201226  -0.46830001 -0.62939908]
 [-0.69289691  0.04927964 -0.71935078]]
INFO:root:target pos: [0.59822873 0.01873813 0.2       ]
INFO:root:target quat: [0. 0. 1. 0.]
INFO:root:current pos: [0.48154667 0.03870191 0.97823209]
INFO:root:current mat: [[ 0.36788842  0.88219428 -0.29392416]
 [ 0.6201226  -0.46830001 -0.62939908]
 [-0.69289691  0.04927964 -0.71935078]]
INFO:root:target pos: [0.59745269 0.02242708 0.2       ]
INFO:root:target quat: [0. 0. 1. 0.]
INFO:root:current pos: [0.48154667 0.03870191 0.97823209]
INFO:root:current mat: [[ 0.36788842  0.88219428 -0.29392416]
 [ 0.6201226  -0.46830001 -0.62939908]
 [-0.69289691  0.04927964 -0.71935078]]
INFO:root:target pos: [0.59716317 0.0236499  0.2       ]
INFO:root:target quat: [0. 0. 1. 0.]
INFO:root:current pos: [0.48154667 0.03870191 0.97823209]
INFO:root:current mat: [[ 0.36788842  0.88219428 -0.29392416]
 [ 0.6201226  -0.46830001 -0.62939908]
 [-0.69289691  0.04927964 -0.71935078]]
INFO:root:target pos: [0.59670015 0.02547707 0.2       ]
INFO:root:target quat: [0. 0. 1. 0.]
INFO:root:current pos: [0.48154667 0.03870191 0.97823209]
INFO:root:current mat: [[ 0.36788842  0.88219428 -0.29392416]
 [ 0.6201226  -0.46830001 -0.62939908]
 [-0.69289691  0.04927964 -0.71935078]]
INFO:root:target pos: [0.59637237 0.0266902  0.2       ]
INFO:root:target quat: [0. 0. 1. 0.]
INFO:root:current pos: [0.49136293 0.04487166 0.96650666]
INFO:root:current mat: [[ 0.29372752  0.93038599 -0.21933059]
 [ 0.65255793 -0.36283567 -0.66522036]
 [-0.69849277  0.05226754 -0.71370554]]
INFO:root:target pos: [0.59585218 0.02850193 0.2       ]
INFO:root:target quat: [0. 0. 1. 0.]
INFO:root:current pos: [0.49136293 0.04487166 0.96650666]
INFO:root:current mat: [[ 0.29372752  0.93038599 -0.21933059]
 [ 0.65255793 -0.36283567 -0.66522036]
 [-0.69849277  0.05226754 -0.71370554]]
INFO:root:target pos: [0.59470983 0.03209436 0.2       ]
INFO:root:target quat: [0. 0. 1. 0.]
INFO:root:current pos: [0.49136293 0.04487166 0.96650666]
INFO:root:current mat: [[ 0.29372752  0.93038599 -0.21933059]
 [ 0.65255793 -0.36283567 -0.66522036]
 [-0.69849277  0.05226754 -0.71370554]]
INFO:root:target pos: [0.59297765 0.03681246 0.2       ]
INFO:root:target quat: [0. 0. 1. 0.]
INFO:root:current pos: [0.49136293 0.04487166 0.96650666]
INFO:root:current mat: [[ 0.29372752  0.93038599 -0.21933059]
 [ 0.65255793 -0.36283567 -0.66522036]
 [-0.69849277  0.05226754 -0.71370554]]
INFO:root:target pos: [0.59126916 0.04086491 0.2       ]
INFO:root:target quat: [0. 0. 1. 0.]
INFO:root:current pos: [0.49940065 0.05016235 0.9557578 ]
INFO:root:current mat: [[ 0.20721357  0.9687671  -0.13620962]
 [ 0.67618075 -0.24244748 -0.69570047]
 [-0.70699529  0.05205634 -0.70530011]]
INFO:root:target pos: [0.58881364 0.04595799 0.2       ]
INFO:root:target quat: [0. 0. 1. 0.]
INFO:root:current pos: [0.49940065 0.05016235 0.9557578 ]
INFO:root:current mat: [[ 0.20721357  0.9687671  -0.13620962]
 [ 0.67618075 -0.24244748 -0.69570047]
 [-0.70699529  0.05205634 -0.70530011]]
INFO:root:target pos: [0.58763067 0.04817537 0.2       ]
INFO:root:target quat: [0. 0. 1. 0.]
INFO:root:current pos: [0.49940065 0.05016235 0.9557578 ]
INFO:root:current mat: [[ 0.20721357  0.9687671  -0.13620962]
 [ 0.67618075 -0.24244748 -0.69570047]
 [-0.70699529  0.05205634 -0.70530011]]
INFO:root:target pos: [0.58509945 0.05251746 0.2       ]
INFO:root:target quat: [0. 0. 1. 0.]
INFO:root:current pos: [0.50603557 0.05437346 0.94567603]
INFO:root:current mat: [[ 0.1088771   0.99318327 -0.04162657]
 [ 0.68804867 -0.10551791 -0.71795195]
 [-0.71745021  0.04952742 -0.69484691]]
INFO:root:target pos: [0.5837528  0.05463943 0.2       ]
INFO:root:target quat: [0. 0. 1. 0.]
INFO:root:current pos: [0.50603557 0.05437346 0.94567603]
INFO:root:current mat: [[ 0.1088771   0.99318327 -0.04162657]
 [ 0.68804867 -0.10551791 -0.71795195]
 [-0.71745021  0.04952742 -0.69484691]]
INFO:root:target pos: [0.5809017  0.05877853 0.2       ]
INFO:root:target quat: [0. 0. 1. 0.]
INFO:root:current pos: [0.5098182  0.06006102 0.93697107]
INFO:root:current mat: [[ 0.0134804   0.99849509  0.05315855]
 [ 0.68318275  0.02962195 -0.7296464 ]
 [-0.73012301  0.04615293 -0.6817553 ]]
INFO:root:target pos: [0.57624425 0.0647056  0.2       ]
INFO:root:target quat: [0. 0. 1. 0.]
INFO:root:current pos: [0.5098182  0.06006102 0.93697107]
INFO:root:current mat: [[ 0.0134804   0.99849509  0.05315855]
 [ 0.68318275  0.02962195 -0.7296464 ]
 [-0.73012301  0.04615293 -0.6817553 ]]
INFO:root:target pos: [0.57246531 0.06891138 0.2       ]
INFO:root:target quat: [0. 0. 1. 0.]
INFO:root:current pos: [0.5098182  0.06006102 0.93697107]
INFO:root:current mat: [[ 0.0134804   0.99849509  0.05315855]
 [ 0.68318275  0.02962195 -0.7296464 ]
 [-0.73012301  0.04615293 -0.6817553 ]]
INFO:root:target pos: [0.56799534 0.07332553 0.2       ]
INFO:root:target quat: [0. 0. 1. 0.]
INFO:root:current pos: [0.5098182  0.06006102 0.93697107]
INFO:root:current mat: [[ 0.0134804   0.99849509  0.05315855]
 [ 0.68318275  0.02962195 -0.7296464 ]
 [-0.73012301  0.04615293 -0.6817553 ]]
INFO:root:target pos: [0.56660119 0.07459411 0.2       ]
INFO:root:target quat: [0. 0. 1. 0.]
INFO:root:current pos: [0.51260805 0.06546259 0.92863059]
INFO:root:current mat: [[-0.08319787  0.9844732   0.15456691]
 [ 0.66587374  0.17031539 -0.72636428]
 [-0.74141121  0.04249018 -0.66970476]]
INFO:root:target pos: [0.5647056  0.07624425 0.2       ]
INFO:root:target quat: [0. 0. 1. 0.]
INFO:root:current pos: [0.51260805 0.06546259 0.92863059]
INFO:root:current mat: [[-0.08319787  0.9844732   0.15456691]
 [ 0.66587374  0.17031539 -0.72636428]
 [-0.74141121  0.04249018 -0.66970476]]
INFO:root:target pos: [0.56079303 0.07939904 0.2       ]
INFO:root:target quat: [0. 0. 1. 0.]
INFO:root:current pos: [0.51260805 0.06546259 0.92863059]
INFO:root:current mat: [[-0.08319787  0.9844732   0.15456691]
 [ 0.66587374  0.17031539 -0.72636428]
 [-0.74141121  0.04249018 -0.66970476]]
INFO:root:target pos: [0.55672689 0.08235326 0.2       ]
INFO:root:target quat: [0. 0. 1. 0.]
INFO:root:current pos: [0.51418078 0.07123253 0.92091787]
INFO:root:current mat: [[-0.17366209  0.95132698  0.25459499]
 [ 0.63675823  0.30568243 -0.70788226]
 [-0.75125267  0.03918319 -0.65885075]]
INFO:root:target pos: [0.55090414 0.0860742  0.2       ]
INFO:root:target quat: [0. 0. 1. 0.]
INFO:root:current pos: [0.51418078 0.07123253 0.92091787]
INFO:root:current mat: [[-0.17366209  0.95132698  0.25459499]
 [ 0.63675823  0.30568243 -0.70788226]
 [-0.75125267  0.03918319 -0.65885075]]
INFO:root:target pos: [0.54817537 0.08763067 0.2       ]
INFO:root:target quat: [0. 0. 1. 0.]
INFO:root:current pos: [0.51418078 0.07123253 0.92091787]
INFO:root:current mat: [[-0.17366209  0.95132698  0.25459499]
 [ 0.63675823  0.30568243 -0.70788226]
 [-0.75125267  0.03918319 -0.65885075]]
INFO:root:target pos: [0.54427582 0.0896641  0.2       ]
INFO:root:target quat: [0. 0. 1. 0.]
INFO:root:current pos: [0.51418954 0.07736868 0.91400492]
INFO:root:current mat: [[-0.25671975  0.90082056  0.35016772]
 [ 0.59693469  0.43273043 -0.67558376]
 [-0.76010794  0.0355916  -0.6488215 ]]
INFO:root:target pos: [0.54200857 0.09074844 0.2       ]
INFO:root:target quat: [0. 0. 1. 0.]
INFO:root:current pos: [0.51418954 0.07736868 0.91400492]
INFO:root:current mat: [[-0.25671975  0.90082056  0.35016772]
 [ 0.59693469  0.43273043 -0.67558376]
 [-0.76010794  0.0355916  -0.6488215 ]]
INFO:root:target pos: [0.5385584  0.09226727 0.2       ]
INFO:root:target quat: [0. 0. 1. 0.]
INFO:root:current pos: [0.51418954 0.07736868 0.91400492]
INFO:root:current mat: [[-0.25671975  0.90082056  0.35016772]
 [ 0.59693469  0.43273043 -0.67558376]
 [-0.76010794  0.0355916  -0.6488215 ]]
INFO:root:target pos: [0.53328195 0.09429905 0.2       ]
INFO:root:target quat: [0. 0. 1. 0.]
INFO:root:current pos: [0.51307642 0.08350316 0.90780354]
INFO:root:current mat: [[-0.32956386  0.83693895  0.43694497]
 [ 0.54993966  0.54635393 -0.63171495]
 [-0.76743343  0.03210296 -0.64032443]]
INFO:root:target pos: [0.52910362 0.09567121 0.2       ]
INFO:root:target quat: [0. 0. 1. 0.]
INFO:root:current pos: [0.51307642 0.08350316 0.90780354]
INFO:root:current mat: [[-0.32956386  0.83693895  0.43694497]
 [ 0.54993966  0.54635393 -0.63171495]
 [-0.76743343  0.03210296 -0.64032443]]
INFO:root:target pos: [0.52486899 0.09685832 0.2       ]
INFO:root:target quat: [0. 0. 1. 0.]
INFO:root:current pos: [0.51307642 0.08350316 0.90780354]
INFO:root:current mat: [[-0.32956386  0.83693895  0.43694497]
 [ 0.54993966  0.54635393 -0.63171495]
 [-0.76743343  0.03210296 -0.64032443]]
INFO:root:target pos: [0.52058626 0.09785809 0.2       ]
INFO:root:target quat: [0. 0. 1. 0.]
INFO:root:current pos: [0.51307642 0.08350316 0.90780354]
INFO:root:current mat: [[-0.32956386  0.83693895  0.43694497]
 [ 0.54993966  0.54635393 -0.63171495]
 [-0.76743343  0.03210296 -0.64032443]]
INFO:root:target pos: [0.51873813 0.09822873 0.2       ]
INFO:root:target quat: [0. 0. 1. 0.]
INFO:root:current pos: [0.51307642 0.08350316 0.90780354]
INFO:root:current mat: [[-0.38354527  0.78439303  0.48746378]
 [ 0.53798979  0.61879252 -0.57241846]
 [-0.75063996  0.04270221 -0.6593304 ]]
INFO:root:target pos: [0.51626372 0.09866859 0.2       ]
INFO:root:target quat: [0. 0. 1. 0.]
INFO:root:current pos: [0.51697922 0.09393212 0.90313578]
INFO:root:current mat: [[-0.38354527  0.78439303  0.48746378]
 [ 0.53798979  0.61879252 -0.57241846]
 [-0.75063996  0.04270221 -0.6593304 ]]
INFO:root:target pos: [0.51315644 0.09913076 0.2       ]
INFO:root:target quat: [0. 0. 1. 0.]
INFO:root:current pos: [0.51697922 0.09393212 0.90313578]
INFO:root:current mat: [[-0.38354527  0.78439303  0.48746378]
 [ 0.53798979  0.61879252 -0.57241846]
 [-0.75063996  0.04270221 -0.6593304 ]]
INFO:root:target pos: [0.50502443 0.0998737  0.2       ]
INFO:root:target quat: [0. 0. 1. 0.]
INFO:root:current pos: [0.51697922 0.09393212 0.90313578]
INFO:root:current mat: [[-0.38354527  0.78439303  0.48746378]
 [ 0.53798979  0.61879252 -0.57241846]
 [-0.75063996  0.04270221 -0.6593304 ]]
INFO:root:target pos: [0.5012566 0.0999921 0.2      ]
INFO:root:target quat: [0. 0. 1. 0.]
INFO:root:current pos: [0.51879662 0.10205859 0.8994723 ]
INFO:root:current mat: [[-0.43683375  0.72875243  0.52734804]
 [ 0.51949172  0.68297543 -0.51349086]
 [-0.73437348  0.04964277 -0.67692756]]
INFO:root:target pos: [0.49685892 0.09995066 0.2       ]
INFO:root:target quat: [0. 0. 1. 0.]
INFO:root:current pos: [0.51879662 0.10205859 0.8994723 ]
INFO:root:current mat: [[-0.43683375  0.72875243  0.52734804]
 [ 0.51949172  0.68297543 -0.51349086]
 [-0.73437348  0.04964277 -0.67692756]]
INFO:root:target pos: [0.49246732 0.09971589 0.2       ]
INFO:root:target quat: [0. 0. 1. 0.]
INFO:root:current pos: [0.51879662 0.10205859 0.8994723 ]
INFO:root:current mat: [[-0.43683375  0.72875243  0.52734804]
 [ 0.51949172  0.68297543 -0.51349086]
 [-0.73437348  0.04964277 -0.67692756]]
INFO:root:target pos: [0.48809028 0.09928826 0.2       ]
INFO:root:target quat: [0. 0. 1. 0.]
INFO:root:current pos: [0.51879662 0.10205859 0.8994723 ]
INFO:root:current mat: [[-0.43683375  0.72875243  0.52734804]
 [ 0.51949172  0.68297543 -0.51349086]
 [-0.73437348  0.04964277 -0.67692756]]
INFO:root:target pos: [0.48622097 0.09904614 0.2       ]
INFO:root:target quat: [0. 0. 1. 0.]
INFO:root:current pos: [0.51864171 0.10791325 0.89702803]
INFO:root:current mat: [[-0.48728117  0.67268448  0.55682391]
 [ 0.49628405  0.73799018 -0.45724465]
 [-0.71851195  0.05353615 -0.6934513 ]]
INFO:root:target pos: [0.48373628 0.09866859 0.2       ]
INFO:root:target quat: [0. 0. 1. 0.]
INFO:root:current pos: [0.51864171 0.10791325 0.89702803]
INFO:root:current mat: [[-0.48728117  0.67268448  0.55682391]
 [ 0.49628405  0.73799018 -0.45724465]
 [-0.71851195  0.05353615 -0.6934513 ]]
INFO:root:target pos: [0.47574008 0.09701266 0.2       ]
INFO:root:target quat: [0. 0. 1. 0.]
INFO:root:current pos: [0.51864171 0.10791325 0.89702803]
INFO:root:current mat: [[-0.48728117  0.67268448  0.55682391]
 [ 0.49628405  0.73799018 -0.45724465]
 [-0.71851195  0.05353615 -0.6934513 ]]
INFO:root:target pos: [0.47089638 0.09567121 0.2       ]
INFO:root:target quat: [0. 0. 1. 0.]
INFO:root:current pos: [0.51663983 0.11169976 0.89587373]
INFO:root:current mat: [[-0.5341429   0.61731998  0.57758799]
 [ 0.46958606  0.78477544 -0.40449538]
 [-0.70297993  0.05516899 -0.7090671 ]]
INFO:root:target pos: [0.46612621 0.09408808 0.2       ]
INFO:root:target quat: [0. 0. 1. 0.]
INFO:root:current pos: [0.51663983 0.11169976 0.89587373]
INFO:root:current mat: [[-0.5341429   0.61731998  0.57758799]
 [ 0.46958606  0.78477544 -0.40449538]
 [-0.70297993  0.05516899 -0.7090671 ]]
INFO:root:target pos: [0.46435881 0.09343289 0.2       ]
INFO:root:target quat: [0. 0. 1. 0.]
INFO:root:current pos: [0.51663983 0.11169976 0.89587373]
INFO:root:current mat: [[-0.5341429   0.61731998  0.57758799]
 [ 0.46958606  0.78477544 -0.40449538]
 [-0.70297993  0.05516899 -0.7090671 ]]
INFO:root:target pos: [0.46028521 0.09177546 0.2       ]
INFO:root:target quat: [0. 0. 1. 0.]
INFO:root:current pos: [0.51663983 0.11169976 0.89587373]
INFO:root:current mat: [[-0.5341429   0.61731998  0.57758799]
 [ 0.46958606  0.78477544 -0.40449538]
 [-0.70297993  0.05516899 -0.7090671 ]]
INFO:root:target pos: [0.45799143 0.09074844 0.2       ]
INFO:root:target quat: [0. 0. 1. 0.]
INFO:root:current pos: [0.5129329  0.11338483 0.89603835]
INFO:root:current mat: [[-0.57694925  0.56375122  0.59102836]
 [ 0.44048686  0.82411845 -0.35609009]
 [-0.68782358  0.05489435 -0.72379953]]
INFO:root:target pos: [0.45516168 0.08938414 0.2       ]
INFO:root:target quat: [0. 0. 1. 0.]
INFO:root:current pos: [0.5129329  0.11338483 0.89603835]
INFO:root:current mat: [[-0.57694925  0.56375122  0.59102836]
 [ 0.44048686  0.82411845 -0.35609009]
 [-0.68782358  0.05489435 -0.72379953]]
INFO:root:target pos: [0.44909586 0.0860742  0.2       ]
INFO:root:target quat: [0. 0. 1. 0.]
INFO:root:current pos: [0.5129329  0.11338483 0.89603835]
INFO:root:current mat: [[-0.57694925  0.56375122  0.59102836]
 [ 0.44048686  0.82411845 -0.35609009]
 [-0.68782358  0.05489435 -0.72379953]]
INFO:root:target pos: [0.44431244 0.08305959 0.2       ]
INFO:root:target quat: [0. 0. 1. 0.]
INFO:root:current pos: [0.50763935 0.11293145 0.89753443]
INFO:root:current mat: [[-0.61535746  0.51280007  0.59864133]
 [ 0.40991415  0.85687016 -0.31264027]
 [-0.67327983  0.05300604 -0.73748544]]
INFO:root:target pos: [0.43970705 0.07977944 0.2       ]
INFO:root:target quat: [0. 0. 1. 0.]
INFO:root:current pos: [0.50763935 0.11293145 0.89753443]
INFO:root:current mat: [[-0.61535746  0.51280007  0.59864133]
 [ 0.40991415  0.85687016 -0.31264027]
 [-0.67327983  0.05300604 -0.73748544]]
INFO:root:target pos: [0.43821404 0.07862884 0.2       ]
INFO:root:target quat: [0. 0. 1. 0.]
INFO:root:current pos: [0.50763935 0.11293145 0.89753443]
INFO:root:current mat: [[-0.61535746  0.51280007  0.59864133]
 [ 0.40991415  0.85687016 -0.31264027]
 [-0.67327983  0.05300604 -0.73748544]]
INFO:root:target pos: [0.43386881 0.07501111 0.2       ]
INFO:root:target quat: [0. 0. 1. 0.]
INFO:root:current pos: [0.50763935 0.11293145 0.89753443]
INFO:root:current mat: [[-0.61535746  0.51280007  0.59864133]
 [ 0.40991415  0.85687016 -0.31264027]
 [-0.67327983  0.05300604 -0.73748544]]
INFO:root:target pos: [0.43246672 0.07375131 0.2       ]
INFO:root:target quat: [0. 0. 1. 0.]
INFO:root:current pos: [0.50091457 0.11001262 0.90034103]
INFO:root:current mat: [[-0.6492924   0.46528988  0.6016018 ]
 [ 0.37854451  0.88379074 -0.27498724]
 [-0.65963888  0.04918593 -0.74997154]]
INFO:root:target pos: [0.43108862 0.07246531 0.2       ]
INFO:root:target quat: [0. 0. 1. 0.]
INFO:root:current pos: [0.50091457 0.11001262 0.90034103]
INFO:root:current mat: [[-0.6492924   0.46528988  0.6016018 ]
 [ 0.37854451  0.88379074 -0.27498724]
 [-0.65963888  0.04918593 -0.74997154]]
INFO:root:target pos: [0.42710314 0.06845471 0.2       ]
INFO:root:target quat: [0. 0. 1. 0.]
INFO:root:current pos: [0.50091457 0.11001262 0.90034103]
INFO:root:current mat: [[-0.6492924   0.46528988  0.6016018 ]
 [ 0.37854451  0.88379074 -0.27498724]
 [-0.65963888  0.04918593 -0.74997154]]
INFO:root:target pos: [0.42375575 0.0647056  0.2       ]
INFO:root:target quat: [0. 0. 1. 0.]
INFO:root:current pos: [0.50091457 0.11001262 0.90034103]
INFO:root:current mat: [[-0.6492924   0.46528988  0.6016018 ]
 [ 0.37854451  0.88379074 -0.27498724]
 [-0.65963888  0.04918593 -0.74997154]]
INFO:root:target pos: [0.42022056 0.06029295 0.2       ]
INFO:root:target quat: [0. 0. 1. 0.]
INFO:root:current pos: [0.49281913 0.10451792 0.90443057]
INFO:root:current mat: [[-0.67866347  0.42174511  0.60128763]
 [ 0.34697234  0.90568039 -0.24362516]
 [-0.64732214  0.04329068 -0.76098608]]
INFO:root:target pos: [0.41729194 0.05620834 0.2       ]
INFO:root:target quat: [0. 0. 1. 0.]
INFO:root:current pos: [0.49281913 0.10451792 0.90443057]
INFO:root:current mat: [[-0.67866347  0.42174511  0.60128763]
 [ 0.34697234  0.90568039 -0.24362516]
 [-0.64732214  0.04329068 -0.76098608]]
INFO:root:target pos: [0.41556721 0.05358268 0.2       ]
INFO:root:target quat: [0. 0. 1. 0.]
INFO:root:current pos: [0.49281913 0.10451792 0.90443057]
INFO:root:current mat: [[-0.67866347  0.42174511  0.60128763]
 [ 0.34697234  0.90568039 -0.24362516]
 [-0.64732214  0.04329068 -0.76098608]]
INFO:root:target pos: [0.41267375 0.04872501 0.2       ]
INFO:root:target quat: [0. 0. 1. 0.]
INFO:root:current pos: [0.48336613 0.09643275 0.90974277]
INFO:root:current mat: [[-0.7035273   0.38240374  0.59901347]
 [ 0.31564833  0.92332451 -0.21871899]
 [-0.63672277  0.03520285 -0.7702891 ]]
INFO:root:target pos: [0.41089935 0.04539905 0.2       ]
INFO:root:target quat: [0. 0. 1. 0.]
INFO:root:current pos: [0.48336613 0.09643275 0.90974277]
INFO:root:current mat: [[-0.7035273   0.38240374  0.59901347]
 [ 0.31564833  0.92332451 -0.21871899]
 [-0.63672277  0.03520285 -0.7702891 ]]
INFO:root:target pos: [0.40847588 0.04029064 0.2       ]
INFO:root:target quat: [0. 0. 1. 0.]
INFO:root:current pos: [0.48336613 0.09643275 0.90974277]
INFO:root:current mat: [[-0.7035273   0.38240374  0.59901347]
 [ 0.31564833  0.92332451 -0.21871899]
 [-0.63672277  0.03520285 -0.7702891 ]]
INFO:root:target pos: [0.40656711 0.03564119 0.2       ]
INFO:root:target quat: [0. 0. 1. 0.]
INFO:root:current pos: [0.48336613 0.09643275 0.90974277]
INFO:root:current mat: [[-0.7035273   0.38240374  0.59901347]
 [ 0.31564833  0.92332451 -0.21871899]
 [-0.63672277  0.03520285 -0.7702891 ]]
INFO:root:target pos: [0.40509039 0.03149865 0.2       ]
INFO:root:target quat: [0. 0. 1. 0.]
INFO:root:current pos: [0.47277948 0.08545604 0.91607964]
INFO:root:current mat: [[-0.72412465  0.34777217  0.59556523]
 [ 0.28500007  0.93726294 -0.20078134]
 [-0.62802738  0.02434541 -0.77781029]]
INFO:root:target pos: [0.40470207 0.03030353 0.2       ]
INFO:root:target quat: [0. 0. 1. 0.]
INFO:root:current pos: [0.47277948 0.08545604 0.91607964]
INFO:root:current mat: [[-0.72412465  0.34777217  0.59556523]
 [ 0.28500007  0.93726294 -0.20078134]
 [-0.62802738  0.02434541 -0.77781029]]
INFO:root:target pos: [0.40397063 0.02789911 0.2       ]
INFO:root:target quat: [0. 0. 1. 0.]
INFO:root:current pos: [0.47277948 0.08545604 0.91607964]
INFO:root:current mat: [[-0.72412465  0.34777217  0.59556523]
 [ 0.28500007  0.93726294 -0.20078134]
 [-0.62802738  0.02434541 -0.77781029]]
INFO:root:target pos: [0.40283683 0.0236499  0.2       ]
INFO:root:target quat: [0. 0. 1. 0.]
INFO:root:current pos: [0.47277948 0.08545604 0.91607964]
INFO:root:current mat: [[-0.72412465  0.34777217  0.59556523]
 [ 0.28500007  0.93726294 -0.20078134]
 [-0.62802738  0.02434541 -0.77781029]]
INFO:root:target pos: [0.40254731 0.02242708 0.2       ]
INFO:root:target quat: [0. 0. 1. 0.]
INFO:root:current pos: [0.47277948 0.08545604 0.91607964]
INFO:root:current mat: [[-0.72412465  0.34777217  0.59556523]
 [ 0.28500007  0.93726294 -0.20078134]
 [-0.62802738  0.02434541 -0.77781029]]
INFO:root:target pos: [0.40227319 0.02120071 0.2       ]
INFO:root:target quat: [0. 0. 1. 0.]
INFO:root:current pos: [0.46197817 0.07209266 0.92272496]
INFO:root:current mat: [[-0.74046882  0.31906497  0.59152652]
 [ 0.25666719  0.94766628 -0.18986991]
 [-0.62115057  0.01123271 -0.78361084]]
INFO:root:target pos: [0.40177127 0.01873813 0.2       ]
INFO:root:target quat: [0. 0. 1. 0.]
INFO:root:current pos: [0.46197817 0.07209266 0.92272496]
INFO:root:current mat: [[-0.74046882  0.31906497  0.59152652]
 [ 0.25666719  0.94766628 -0.18986991]
 [-0.62115057  0.01123271 -0.78361084]]
INFO:root:target pos: [0.40104239 0.01440108 0.2       ]
INFO:root:target quat: [0. 0. 1. 0.]
INFO:root:current pos: [0.45173234 0.05764511 0.92913318]
INFO:root:current mat: [[-0.75317418  0.29816378  0.58636779]
 [ 0.23370637  0.95451164 -0.18517256]
 [-0.61490663 -0.00242929 -0.78859629]]
INFO:root:target pos: [0.40023875 0.006906   0.2       ]
INFO:root:target quat: [0. 0. 1. 0.]
INFO:root:current pos: [0.45173234 0.05764511 0.92913318]
INFO:root:current mat: [[-0.75317418  0.29816378  0.58636779]
 [ 0.23370637  0.95451164 -0.18517256]
 [-0.61490663 -0.00242929 -0.78859629]]
INFO:root:target pos: [0.40001776 0.00188484 0.2       ]
INFO:root:target quat: [0. 0. 1. 0.]
INFO:root:current pos: [0.44272301 0.04211953 0.9348768 ]
INFO:root:current mat: [[-0.76343881  0.28524275  0.57948114]
 [ 0.21636453  0.95830228 -0.18666318]
 [-0.60856241 -0.01712672 -0.79332157]]
INFO:root:target pos: [ 0.40004934 -0.00314108  0.2       ]
INFO:root:target quat: [0. 0. 1. 0.]
INFO:root:current pos: [0.44272301 0.04211953 0.9348768 ]
INFO:root:current mat: [[-0.76343881  0.28524275  0.57948114]
 [ 0.21636453  0.95830228 -0.18666318]
 [-0.60856241 -0.01712672 -0.79332157]]
INFO:root:target pos: [ 0.40019733 -0.00627905  0.2       ]
INFO:root:target quat: [0. 0. 1. 0.]
INFO:root:current pos: [0.44272301 0.04211953 0.9348768 ]
INFO:root:current mat: [[-0.76343881  0.28524275  0.57948114]
 [ 0.21636453  0.95830228 -0.18666318]
 [-0.60856241 -0.01712672 -0.79332157]]
INFO:root:target pos: [ 0.40078853 -0.01253332  0.2       ]
INFO:root:target quat: [0. 0. 1. 0.]
INFO:root:current pos: [0.44272301 0.04211953 0.9348768 ]
INFO:root:current mat: [[-0.76343881  0.28524275  0.57948114]
 [ 0.21636453  0.95830228 -0.18666318]
 [-0.60856241 -0.01712672 -0.79332157]]
INFO:root:target pos: [ 0.40133141 -0.01626372  0.2       ]
INFO:root:target quat: [0. 0. 1. 0.]
INFO:root:current pos: [0.4351975  0.02614933 0.93974024]
INFO:root:current mat: [[-0.77214036  0.28007328  0.57040163]
 [ 0.20503727  0.9594289  -0.19353525]
 [-0.60146387 -0.0324828  -0.79823923]]
INFO:root:target pos: [ 0.40189095 -0.01935495  0.2       ]
INFO:root:target quat: [0. 0. 1. 0.]
INFO:root:current pos: [0.4351975  0.02614933 0.93974024]
INFO:root:current mat: [[-0.77214036  0.28007328  0.57040163]
 [ 0.20503727  0.9594289  -0.19353525]
 [-0.60146387 -0.0324828  -0.79823923]]
INFO:root:target pos: [ 0.40269015 -0.02303894  0.2       ]
INFO:root:target quat: [0. 0. 1. 0.]
INFO:root:current pos: [0.4351975  0.02614933 0.93974024]
INFO:root:current mat: [[-0.77214036  0.28007328  0.57040163]
 [ 0.20503727  0.9594289  -0.19353525]
 [-0.60146387 -0.0324828  -0.79823923]]
INFO:root:target pos: [ 0.40298734 -0.02425992  0.2       ]
INFO:root:target quat: [0. 0. 1. 0.]
INFO:root:current pos: [0.4351975  0.02614933 0.93974024]
INFO:root:current mat: [[-0.77214036  0.28007328  0.57040163]
 [ 0.20503727  0.9594289  -0.19353525]
 [-0.60146387 -0.0324828  -0.79823923]]
INFO:root:target pos: [ 0.40346184 -0.02608415  0.2       ]
INFO:root:target quat: [0. 0. 1. 0.]
INFO:root:current pos: [0.4351975  0.02614933 0.93974024]
INFO:root:current mat: [[-0.77214036  0.28007328  0.57040163]
 [ 0.20503727  0.9594289  -0.19353525]
 [-0.60146387 -0.0324828  -0.79823923]]
INFO:root:target pos: [ 0.40379723 -0.02729519  0.2       ]
INFO:root:target quat: [0. 0. 1. 0.]
INFO:root:current pos: [0.42957625 0.00951718 0.94343406]
INFO:root:current mat: [[-0.78033267  0.28201712  0.55816435]
 [ 0.19926947  0.95814935 -0.2055274 ]
 [-0.59276705 -0.04915462 -0.80387264]]
INFO:root:target pos: [ 0.40432879 -0.02910362  0.2       ]
INFO:root:target quat: [0. 0. 1. 0.]
INFO:root:current pos: [0.42957625 0.00951718 0.94343406]
INFO:root:current mat: [[-0.78033267  0.28201712  0.55816435]
 [ 0.19926947  0.95814935 -0.2055274 ]
 [-0.59276705 -0.04915462 -0.80387264]]
INFO:root:target pos: [ 0.40549369 -0.0326888   0.2       ]
INFO:root:target quat: [0. 0. 1. 0.]
INFO:root:current pos: [0.42957625 0.00951718 0.94343406]
INFO:root:current mat: [[-0.78033267  0.28201712  0.55816435]
 [ 0.19926947  0.95814935 -0.2055274 ]
 [-0.59276705 -0.04915462 -0.80387264]]
INFO:root:target pos: [ 0.40679289 -0.03622754  0.2       ]
INFO:root:target quat: [0. 0. 1. 0.]
INFO:root:current pos: [0.42957625 0.00951718 0.94343406]
INFO:root:current mat: [[-0.78833324  0.28907499  0.54310797]
 [ 0.19820924  0.95501029 -0.22060926]
 [-0.58244632 -0.0662646  -0.81016368]]
INFO:root:target pos: [ 0.40822454 -0.03971479  0.2       ]
INFO:root:target quat: [0. 0. 1. 0.]
INFO:root:current pos: [ 0.42569783 -0.00698228  0.94591522]
INFO:root:current mat: [[-0.78833324  0.28907499  0.54310797]
 [ 0.19820924  0.95501029 -0.22060926]
 [-0.58244632 -0.0662646  -0.81016368]]
INFO:root:target pos: [ 0.41061586 -0.04483832  0.2       ]
INFO:root:target quat: [0. 0. 1. 0.]
INFO:root:current pos: [ 0.42569783 -0.00698228  0.94591522]
INFO:root:current mat: [[-0.78833324  0.28907499  0.54310797]
 [ 0.19820924  0.95501029 -0.22060926]
 [-0.58244632 -0.0662646  -0.81016368]]
INFO:root:target pos: [ 0.41298162 -0.04927273  0.2       ]
INFO:root:target quat: [0. 0. 1. 0.]
INFO:root:current pos: [ 0.42569783 -0.00698228  0.94591522]
INFO:root:current mat: [[-0.78833324  0.28907499  0.54310797]
 [ 0.19820924  0.95501029 -0.22060926]
 [-0.58244632 -0.0662646  -0.81016368]]
INFO:root:target pos: [ 0.41360766 -0.05036232  0.2       ]
INFO:root:target quat: [0. 0. 1. 0.]
INFO:root:current pos: [ 0.42569783 -0.00698228  0.94591522]
INFO:root:current mat: [[-0.78833324  0.28907499  0.54310797]
 [ 0.19820924  0.95501029 -0.22060926]
 [-0.58244632 -0.0662646  -0.81016368]]
INFO:root:target pos: [ 0.41424733 -0.05144395  0.2       ]
INFO:root:target quat: [0. 0. 1. 0.]
INFO:root:current pos: [ 0.42377591 -0.02327057  0.9469611 ]
INFO:root:current mat: [[-0.79676742  0.29966495  0.52475031]
 [ 0.20110611  0.9503749  -0.23736868]
 [-0.56984059 -0.08359711 -0.81749221]]
INFO:root:target pos: [ 0.4162472  -0.05463943  0.2       ]
INFO:root:target quat: [0. 0. 1. 0.]
INFO:root:current pos: [ 0.42377591 -0.02327057  0.9469611 ]
INFO:root:current mat: [[-0.79676742  0.29966495  0.52475031]
 [ 0.20110611  0.9503749  -0.23736868]
 [-0.56984059 -0.08359711 -0.81749221]]
INFO:root:target pos: [ 0.4198433 -0.0597905  0.2      ]
INFO:root:target quat: [0. 0. 1. 0.]
INFO:root:current pos: [ 0.42341048 -0.03845195  0.94668198]
INFO:root:current mat: [[-0.80550933  0.31090176  0.50447501]
 [ 0.20640351  0.94520608 -0.25294873]
 [-0.55547505 -0.09962713 -0.82554353]]
INFO:root:target pos: [ 0.42457486 -0.06565858  0.2       ]
INFO:root:target quat: [0. 0. 1. 0.]
INFO:root:current pos: [ 0.42341048 -0.03845195  0.94668198]
INFO:root:current mat: [[-0.80550933  0.31090176  0.50447501]
 [ 0.20640351  0.94520608 -0.25294873]
 [-0.55547505 -0.09962713 -0.82554353]]
INFO:root:target pos: [ 0.42624869 -0.06753328  0.2       ]
INFO:root:target quat: [0. 0. 1. 0.]
INFO:root:current pos: [ 0.42341048 -0.03845195  0.94668198]
INFO:root:current mat: [[-0.80550933  0.31090176  0.50447501]
 [ 0.20640351  0.94520608 -0.25294873]
 [-0.55547505 -0.09962713 -0.82554353]]
INFO:root:target pos: [ 0.42928932 -0.07071068  0.2       ]
INFO:root:target quat: [0. 0. 1. 0.]
INFO:root:current pos: [ 0.42341048 -0.03845195  0.94668198]
INFO:root:current mat: [[-0.80550933  0.31090176  0.50447501]
 [ 0.20640351  0.94520608 -0.25294873]
 [-0.55547505 -0.09962713 -0.82554353]]
INFO:root:target pos: [ 0.43063467 -0.0720309   0.2       ]
INFO:root:target quat: [0. 0. 1. 0.]
INFO:root:current pos: [ 0.42502499 -0.05251852  0.94474828]
INFO:root:current mat: [[-0.81484802  0.32126843  0.48250352]
 [ 0.21319618  0.94012319 -0.26592441]
 [-0.53904586 -0.11382004 -0.83455073]]
INFO:root:target pos: [ 0.43246672 -0.07375131  0.2       ]
INFO:root:target quat: [0. 0. 1. 0.]
INFO:root:current pos: [ 0.42502499 -0.05251852  0.94474828]
INFO:root:current mat: [[-0.81484802  0.32126843  0.48250352]
 [ 0.21319618  0.94012319 -0.26592441]
 [-0.53904586 -0.11382004 -0.83455073]]
INFO:root:target pos: [ 0.43674298 -0.07745031  0.2       ]
INFO:root:target quat: [0. 0. 1. 0.]
INFO:root:current pos: [ 0.42502499 -0.05251852  0.94474828]
INFO:root:current mat: [[-0.81484802  0.32126843  0.48250352]
 [ 0.21319618  0.94012319 -0.26592441]
 [-0.53904586 -0.11382004 -0.83455073]]
INFO:root:target pos: [ 0.44275679 -0.08199521  0.2       ]
INFO:root:target quat: [0. 0. 1. 0.]
INFO:root:current pos: [ 0.42502499 -0.05251852  0.94474828]
INFO:root:current mat: [[-0.81484802  0.32126843  0.48250352]
 [ 0.21319618  0.94012319 -0.26592441]
 [-0.53904586 -0.11382004 -0.83455073]]
INFO:root:target pos: [ 0.44694888 -0.08476779  0.2       ]
INFO:root:target quat: [0. 0. 1. 0.]
INFO:root:current pos: [ 0.42828292 -0.06478602  0.94128537]
INFO:root:current mat: [[-0.82451949  0.32887776  0.46044244]
 [ 0.22024395  0.93610326 -0.2742322 ]
 [-0.52121053 -0.12470011 -0.84426872]]
INFO:root:target pos: [ 0.45127499 -0.08732625  0.2       ]
INFO:root:target quat: [0. 0. 1. 0.]
INFO:root:current pos: [ 0.42828292 -0.06478602  0.94128537]
INFO:root:current mat: [[-0.82451949  0.32887776  0.46044244]
 [ 0.22024395  0.93610326 -0.2742322 ]
 [-0.52121053 -0.12470011 -0.84426872]]
INFO:root:target pos: [ 0.45292961 -0.08822912  0.2       ]
INFO:root:target quat: [0. 0. 1. 0.]
INFO:root:current pos: [ 0.42828292 -0.06478602  0.94128537]
INFO:root:current mat: [[-0.82451949  0.32887776  0.46044244]
 [ 0.22024395  0.93610326 -0.2742322 ]
 [-0.52121053 -0.12470011 -0.84426872]]
INFO:root:target pos: [ 0.4568544 -0.0902134  0.2      ]
INFO:root:target quat: [0. 0. 1. 0.]
INFO:root:current pos: [ 0.42828292 -0.06478602  0.94128537]
INFO:root:current mat: [[-0.82451949  0.32887776  0.46044244]
 [ 0.22024395  0.93610326 -0.2742322 ]
 [-0.52121053 -0.12470011 -0.84426872]]
INFO:root:target pos: [ 0.45799143 -0.09074844  0.2       ]
INFO:root:target quat: [0. 0. 1. 0.]
INFO:root:current pos: [ 0.42828292 -0.06478602  0.94128537]
INFO:root:current mat: [[-0.83461023  0.33335871  0.43851785]
 [ 0.22734183  0.93358339 -0.27701578]
 [-0.50173861 -0.13150674 -0.85496463]]
INFO:root:target pos: [ 0.45913509 -0.09126916  0.2       ]
INFO:root:target quat: [0. 0. 1. 0.]
INFO:root:current pos: [ 0.43371466 -0.07518792  0.9358936 ]
INFO:root:current mat: [[-0.83461023  0.33335871  0.43851785]
 [ 0.22734183  0.93358339 -0.27701578]
 [-0.50173861 -0.13150674 -0.85496463]]
INFO:root:target pos: [ 0.46318754 -0.09297765  0.2       ]
INFO:root:target quat: [0. 0. 1. 0.]
INFO:root:current pos: [ 0.43371466 -0.07518792  0.9358936 ]
INFO:root:current mat: [[-0.83461023  0.33335871  0.43851785]
 [ 0.22734183  0.93358339 -0.27701578]
 [-0.50173861 -0.13150674 -0.85496463]]
INFO:root:target pos: [ 0.4673112  -0.09450631  0.2       ]
INFO:root:target quat: [0. 0. 1. 0.]
INFO:root:current pos: [ 0.43371466 -0.07518792  0.9358936 ]
INFO:root:current mat: [[-0.83461023  0.33335871  0.43851785]
 [ 0.22734183  0.93358339 -0.27701578]
 [-0.50173861 -0.13150674 -0.85496463]]
INFO:root:target pos: [ 0.47029584 -0.09548645  0.2       ]
INFO:root:target quat: [0. 0. 1. 0.]
INFO:root:current pos: [ 0.44103968 -0.08330734  0.9288131 ]
INFO:root:current mat: [[-0.84437214  0.33422811  0.41872149]
 [ 0.23351667  0.93299838 -0.27383209]
 [-0.48218884 -0.13343769 -0.86584568]]
INFO:root:target pos: [ 0.47574008 -0.09701266  0.2       ]
INFO:root:target quat: [0. 0. 1. 0.]
INFO:root:current pos: [ 0.44103968 -0.08330734  0.9288131 ]
INFO:root:current mat: [[-0.84437214  0.33422811  0.41872149]
 [ 0.23351667  0.93299838 -0.27383209]
 [-0.48218884 -0.13343769 -0.86584568]]
INFO:root:target pos: [ 0.47757292 -0.09745269  0.2       ]
INFO:root:target quat: [0. 0. 1. 0.]
INFO:root:current pos: [ 0.44103968 -0.08330734  0.9288131 ]
INFO:root:current mat: [[-0.84437214  0.33422811  0.41872149]
 [ 0.23351667  0.93299838 -0.27383209]
 [-0.48218884 -0.13343769 -0.86584568]]
INFO:root:target pos: [ 0.48064505 -0.09810905  0.2       ]
INFO:root:target quat: [0. 0. 1. 0.]
INFO:root:current pos: [ 0.44103968 -0.08330734  0.9288131 ]
INFO:root:current mat: [[-0.84437214  0.33422811  0.41872149]
 [ 0.23351667  0.93299838 -0.27383209]
 [-0.48218884 -0.13343769 -0.86584568]]
INFO:root:target pos: [ 0.48187942 -0.09834452  0.2       ]
INFO:root:target quat: [0. 0. 1. 0.]
INFO:root:current pos: [ 0.44103968 -0.08330734  0.9288131 ]
INFO:root:current mat: [[-0.84437214  0.33422811  0.41872149]
 [ 0.23351667  0.93299838 -0.27383209]
 [-0.48218884 -0.13343769 -0.86584568]]
INFO:root:target pos: [ 0.48311666 -0.09856446  0.2       ]
INFO:root:target quat: [0. 0. 1. 0.]
INFO:root:current pos: [ 0.44103968 -0.08330734  0.9288131 ]
INFO:root:current mat: [[-0.84437214  0.33422811  0.41872149]
 [ 0.23351667  0.93299838 -0.27383209]
 [-0.48218884 -0.13343769 -0.86584568]]
INFO:root:target pos: [ 0.48435655 -0.09876883  0.2       ]
INFO:root:target quat: [0. 0. 1. 0.]
INFO:root:current pos: [ 0.45024148 -0.08940968  0.92008668]
INFO:root:current mat: [[-0.85427967  0.32813965  0.4031511 ]
 [ 0.23564749  0.93576706 -0.26231713]
 [-0.46333217 -0.12909063 -0.87673206]]
INFO:root:target pos: [ 0.48559892 -0.09895761  0.2       ]
INFO:root:target quat: [0. 0. 1. 0.]
INFO:root:current pos: [ 0.45024148 -0.08940968  0.92008668]
INFO:root:current mat: [[-0.85427967  0.32813965  0.4031511 ]
 [ 0.23564749  0.93576706 -0.26231713]
 [-0.46333217 -0.12909063 -0.87673206]]
INFO:root:target pos: [ 0.48746668 -0.09921147  0.2       ]
INFO:root:target quat: [0. 0. 1. 0.]
INFO:root:current pos: [ 0.45024148 -0.08940968  0.92008668]
INFO:root:current mat: [[-0.85427967  0.32813965  0.4031511 ]
 [ 0.23564749  0.93576706 -0.26231713]
 [-0.46333217 -0.12909063 -0.87673206]]
INFO:root:target pos: [ 0.49184094 -0.09966659  0.2       ]
INFO:root:target quat: [0. 0. 1. 0.]
INFO:root:current pos: [ 0.45024148 -0.08940968  0.92008668]
INFO:root:current mat: [[-0.85427967  0.32813965  0.4031511 ]
 [ 0.23564749  0.93576706 -0.26231713]
 [-0.46333217 -0.12909063 -0.87673206]]
INFO:root:target pos: [ 0.49434815 -0.09984016  0.2       ]
INFO:root:target quat: [0. 0. 1. 0.]
INFO:root:current pos: [ 0.45024148 -0.08940968  0.92008668]
INFO:root:current mat: [[-0.85427967  0.32813965  0.4031511 ]
 [ 0.23564749  0.93576706 -0.26231713]
 [-0.46333217 -0.12909063 -0.87673206]]
INFO:root:target pos: [ 0.49811516 -0.09998224  0.2       ]
INFO:root:target quat: [0. 0. 1. 0.]
INFO:root:current pos: [ 0.46025819 -0.09319958  0.91014481]
INFO:root:current mat: [[-0.86344623  0.32144884  0.38875644]
 [ 0.23823436  0.93916091 -0.24742916]
 [-0.44464067 -0.1210266  -0.88749511]]
INFO:root:target pos: [ 0.5012566 -0.0999921  0.2      ]
INFO:root:target quat: [0. 0. 1. 0.]
INFO:root:current pos: [ 0.46025819 -0.09319958  0.91014481]
INFO:root:current mat: [[-0.86344623  0.32144884  0.38875644]
 [ 0.23823436  0.93916091 -0.24742916]
 [-0.44464067 -0.1210266  -0.88749511]]
INFO:root:target pos: [ 0.50565185 -0.09984016  0.2       ]
INFO:root:target quat: [0. 0. 1. 0.]
INFO:root:current pos: [ 0.46025819 -0.09319958  0.91014481]
INFO:root:current mat: [[-0.86344623  0.32144884  0.38875644]
 [ 0.23823436  0.93916091 -0.24742916]
 [-0.44464067 -0.1210266  -0.88749511]]
INFO:root:target pos: [ 0.51003617 -0.0994951   0.2       ]
INFO:root:target quat: [0. 0. 1. 0.]
INFO:root:current pos: [ 0.46025819 -0.09319958  0.91014481]
INFO:root:current mat: [[-0.86344623  0.32144884  0.38875644]
 [ 0.23823436  0.93916091 -0.24742916]
 [-0.44464067 -0.1210266  -0.88749511]]
INFO:root:target pos: [ 0.51190972 -0.09928826  0.2       ]
INFO:root:target quat: [0. 0. 1. 0.]
INFO:root:current pos: [ 0.47126353 -0.09509777  0.89891976]
INFO:root:current mat: [[-0.87206333  0.31270857  0.37645586]
 [ 0.23971013  0.94357116 -0.2285006 ]
 [-0.42666699 -0.1090267  -0.89781322]]
INFO:root:target pos: [ 0.51377903 -0.09904614  0.2       ]
INFO:root:target quat: [0. 0. 1. 0.]
INFO:root:current pos: [ 0.47126353 -0.09509777  0.89891976]
INFO:root:current mat: [[-0.87206333  0.31270857  0.37645586]
 [ 0.23971013  0.94357116 -0.2285006 ]
 [-0.42666699 -0.1090267  -0.89781322]]
INFO:root:target pos: [ 0.51750231 -0.09845643  0.2       ]
INFO:root:target quat: [0. 0. 1. 0.]
INFO:root:current pos: [ 0.47126353 -0.09509777  0.89891976]
INFO:root:current mat: [[-0.87206333  0.31270857  0.37645586]
 [ 0.23971013  0.94357116 -0.2285006 ]
 [-0.42666699 -0.1090267  -0.89781322]]
INFO:root:target pos: [ 0.52303894 -0.09730985  0.2       ]
INFO:root:target quat: [0. 0. 1. 0.]
INFO:root:current pos: [ 0.47126353 -0.09509777  0.89891976]
INFO:root:current mat: [[-0.87206333  0.31270857  0.37645586]
 [ 0.23971013  0.94357116 -0.2285006 ]
 [-0.42666699 -0.1090267  -0.89781322]]
INFO:root:target pos: [ 0.5266902  -0.09637237  0.2       ]
INFO:root:target quat: [0. 0. 1. 0.]
INFO:root:current pos: [ 0.47126353 -0.09509777  0.89891976]
INFO:root:current mat: [[-0.87206333  0.31270857  0.37645586]
 [ 0.23971013  0.94357116 -0.2285006 ]
 [-0.42666699 -0.1090267  -0.89781322]]
INFO:root:target pos: [ 0.52970416 -0.09548645  0.2       ]
INFO:root:target quat: [0. 0. 1. 0.]
INFO:root:current pos: [ 0.48282838 -0.09528526  0.88671494]
INFO:root:current mat: [[-0.87996917  0.3028365   0.36598419]
 [ 0.24037268  0.94839445 -0.20680653]
 [-0.40972594 -0.09401076 -0.9073515 ]]
INFO:root:target pos: [ 0.53328195 -0.09429905  0.2       ]
INFO:root:target quat: [0. 0. 1. 0.]
INFO:root:current pos: [ 0.48282838 -0.09528526  0.88671494]
INFO:root:current mat: [[-0.87996917  0.3028365   0.36598419]
 [ 0.24037268  0.94839445 -0.20680653]
 [-0.40972594 -0.09401076 -0.9073515 ]]
INFO:root:target pos: [ 0.53505343 -0.09365499  0.2       ]
INFO:root:target quat: [0. 0. 1. 0.]
INFO:root:current pos: [ 0.48282838 -0.09528526  0.88671494]
INFO:root:current mat: [[-0.87996917  0.3028365   0.36598419]
 [ 0.24037268  0.94839445 -0.20680653]
 [-0.40972594 -0.09401076 -0.9073515 ]]
INFO:root:target pos: [ 0.53913737 -0.09202318  0.2       ]
INFO:root:target quat: [0. 0. 1. 0.]
INFO:root:current pos: [ 0.48282838 -0.09528526  0.88671494]
INFO:root:current mat: [[-0.87996917  0.3028365   0.36598419]
 [ 0.24037268  0.94839445 -0.20680653]
 [-0.40972594 -0.09401076 -0.9073515 ]]
INFO:root:target pos: [ 0.54029064 -0.09152412  0.2       ]
INFO:root:target quat: [0. 0. 1. 0.]
INFO:root:current pos: [ 0.48282838 -0.09528526  0.88671494]
INFO:root:current mat: [[-0.87996917  0.3028365   0.36598419]
 [ 0.24037268  0.94839445 -0.20680653]
 [-0.40972594 -0.09401076 -0.9073515 ]]
INFO:root:target pos: [ 0.54086491 -0.09126916  0.2       ]
INFO:root:target quat: [0. 0. 1. 0.]
INFO:root:current pos: [ 0.49494347 -0.09364919  0.87361693]
INFO:root:current mat: [[-0.8871489   0.2921931   0.35719707]
 [ 0.24055233  0.95334308 -0.1824049 ]
 [-0.39382881 -0.07589574 -0.91604499]]
INFO:root:target pos: [ 0.54200857 -0.09074844  0.2       ]
INFO:root:target quat: [0. 0. 1. 0.]
INFO:root:current pos: [ 0.49494347 -0.09364919  0.87361693]
INFO:root:current mat: [[-0.8871489   0.2921931   0.35719707]
 [ 0.24055233  0.95334308 -0.1824049 ]
 [-0.39382881 -0.07589574 -0.91604499]]
INFO:root:target pos: [ 0.54707039 -0.08822912  0.2       ]
INFO:root:target quat: [0. 0. 1. 0.]
INFO:root:current pos: [ 0.49494347 -0.09364919  0.87361693]
INFO:root:current mat: [[-0.8871489   0.2921931   0.35719707]
 [ 0.24055233  0.95334308 -0.1824049 ]
 [-0.39382881 -0.07589574 -0.91604499]]
INFO:root:target pos: [ 0.54981851 -0.08670707  0.2       ]
INFO:root:target quat: [0. 0. 1. 0.]
INFO:root:current pos: [ 0.50700635 -0.09074135  0.86004788]
INFO:root:current mat: [[-0.89369728  0.28114179  0.3496635 ]
 [ 0.24001106  0.95801662 -0.15684019]
 [-0.37907778 -0.05624453 -0.92365399]]
INFO:root:target pos: [ 0.55358268 -0.08443279  0.2       ]
INFO:root:target quat: [0. 0. 1. 0.]
INFO:root:current pos: [ 0.50700635 -0.09074135  0.86004788]
INFO:root:current mat: [[-0.89369728  0.28114179  0.3496635 ]
 [ 0.24001106  0.95801662 -0.15684019]
 [-0.37907778 -0.05624453 -0.92365399]]
INFO:root:target pos: [ 0.55672689 -0.08235326  0.2       ]
INFO:root:target quat: [0. 0. 1. 0.]
INFO:root:current pos: [ 0.50700635 -0.09074135  0.86004788]
INFO:root:current mat: [[-0.89369728  0.28114179  0.3496635 ]
 [ 0.24001106  0.95801662 -0.15684019]
 [-0.37907778 -0.05624453 -0.92365399]]
INFO:root:target pos: [ 0.5597905 -0.0801567  0.2      ]
INFO:root:target quat: [0. 0. 1. 0.]
INFO:root:current pos: [ 0.50700635 -0.09074135  0.86004788]
INFO:root:current mat: [[-0.89369728  0.28114179  0.3496635 ]
 [ 0.24001106  0.95801662 -0.15684019]
 [-0.37907778 -0.05624453 -0.92365399]]
INFO:root:target pos: [ 0.56129071 -0.0790155   0.2       ]
INFO:root:target quat: [0. 0. 1. 0.]
INFO:root:current pos: [ 0.50700635 -0.09074135  0.86004788]
INFO:root:current mat: [[-0.89369728  0.28114179  0.3496635 ]
 [ 0.24001106  0.95801662 -0.15684019]
 [-0.37907778 -0.05624453 -0.92365399]]
INFO:root:target pos: [ 0.56227878 -0.07823908  0.2       ]
INFO:root:target quat: [0. 0. 1. 0.]
INFO:root:current pos: [ 0.51897675 -0.08630392  0.84615511]
INFO:root:current mat: [[-0.89966127  0.26986389  0.34319514]
 [ 0.2391216   0.96227196 -0.12982115]
 [-0.3652811  -0.0347297  -0.9302491 ]]
INFO:root:target pos: [ 0.5637424  -0.07705132  0.2       ]
INFO:root:target quat: [0. 0. 1. 0.]
INFO:root:current pos: [ 0.51897675 -0.08630392  0.84615511]
INFO:root:current mat: [[-0.89966127  0.26986389  0.34319514]
 [ 0.2391216   0.96227196 -0.12982115]
 [-0.3652811  -0.0347297  -0.9302491 ]]
INFO:root:target pos: [ 0.56706856 -0.07417418  0.2       ]
INFO:root:target quat: [0. 0. 1. 0.]
INFO:root:current pos: [ 0.51897675 -0.08630392  0.84615511]
INFO:root:current mat: [[-0.89966127  0.26986389  0.34319514]
 [ 0.2391216   0.96227196 -0.12982115]
 [-0.3652811  -0.0347297  -0.9302491 ]]
INFO:root:target pos: [ 0.56981654 -0.07159365  0.2       ]
INFO:root:target quat: [0. 0. 1. 0.]
INFO:root:current pos: [ 0.53041333 -0.08086997  0.8322646 ]
INFO:root:current mat: [[-0.90519581  0.25856037  0.33729428]
 [ 0.23768676  0.96591203 -0.10256198]
 [-0.35231506 -0.01266828 -0.93579591]]
INFO:root:target pos: [ 0.57417418 -0.06706856  0.2       ]
INFO:root:target quat: [0. 0. 1. 0.]
INFO:root:current pos: [ 0.53041333 -0.08086997  0.8322646 ]
INFO:root:current mat: [[-0.90519581  0.25856037  0.33729428]
 [ 0.23768676  0.96591203 -0.10256198]
 [-0.35231506 -0.01266828 -0.93579591]]
INFO:root:target pos: [ 0.57583619 -0.06518337  0.2       ]
INFO:root:target quat: [0. 0. 1. 0.]
INFO:root:current pos: [ 0.53041333 -0.08086997  0.8322646 ]
INFO:root:current mat: [[-0.90519581  0.25856037  0.33729428]
 [ 0.23768676  0.96591203 -0.10256198]
 [-0.35231506 -0.01266828 -0.93579591]]
INFO:root:target pos: [ 0.57823908 -0.06227878  0.2       ]
INFO:root:target quat: [0. 0. 1. 0.]
INFO:root:current pos: [ 0.53041333 -0.08086997  0.8322646 ]
INFO:root:current mat: [[-0.90519581  0.25856037  0.33729428]
 [ 0.23768676  0.96591203 -0.10256198]
 [-0.35231506 -0.01266828 -0.93579591]]
INFO:root:target pos: [ 0.5790155  -0.06129071  0.2       ]
INFO:root:target quat: [0. 0. 1. 0.]
INFO:root:current pos: [ 0.53041333 -0.08086997  0.8322646 ]
INFO:root:current mat: [[-0.90519581  0.25856037  0.33729428]
 [ 0.23768676  0.96591203 -0.10256198]
 [-0.35231506 -0.01266828 -0.93579591]]
INFO:root:target pos: [ 0.5801567 -0.0597905  0.2      ]
INFO:root:target quat: [0. 0. 1. 0.]
INFO:root:current pos: [ 0.54126984 -0.07402811  0.8185305 ]
INFO:root:current mat: [[-0.91034488  0.24728821  0.33184474]
 [ 0.23607533  0.9688837  -0.07438291]
 [-0.33991297  0.01062626 -0.94039697]]
INFO:root:target pos: [ 0.58126942 -0.05826905  0.2       ]
INFO:root:target quat: [0. 0. 1. 0.]
INFO:root:current pos: [ 0.54126984 -0.07402811  0.8185305 ]
INFO:root:current mat: [[-0.91034488  0.24728821  0.33184474]
 [ 0.23607533  0.9688837  -0.07438291]
 [-0.33991297  0.01062626 -0.94039697]]
INFO:root:target pos: [ 0.58443279 -0.05358268  0.2       ]
INFO:root:target quat: [0. 0. 1. 0.]
INFO:root:current pos: [ 0.54126984 -0.07402811  0.8185305 ]
INFO:root:current mat: [[-0.91034488  0.24728821  0.33184474]
 [ 0.23607533  0.9688837  -0.07438291]
 [-0.33991297  0.01062626 -0.94039697]]
INFO:root:target pos: [ 0.58639234 -0.05036232  0.2       ]
INFO:root:target quat: [0. 0. 1. 0.]
INFO:root:current pos: [ 0.55126059 -0.06621912  0.80516988]
INFO:root:current mat: [[-0.91522471  0.23622342  0.326439  ]
 [ 0.23418503  0.97109626 -0.04614577]
 [-0.3279044   0.03421338 -0.94409128]]
INFO:root:target pos: [ 0.58852313 -0.04651511  0.2       ]
INFO:root:target quat: [0. 0. 1. 0.]
INFO:root:current pos: [ 0.55126059 -0.06621912  0.80516988]
INFO:root:current mat: [[-0.91522471  0.23622342  0.326439  ]
 [ 0.23418503  0.97109626 -0.04614577]
 [-0.3279044   0.03421338 -0.94409128]]
INFO:root:target pos: [ 0.58994053 -0.04371158  0.2       ]
INFO:root:target quat: [0. 0. 1. 0.]
INFO:root:current pos: [ 0.55126059 -0.06621912  0.80516988]
INFO:root:current mat: [[-0.91522471  0.23622342  0.326439  ]
 [ 0.23418503  0.97109626 -0.04614577]
 [-0.3279044   0.03421338 -0.94409128]]
INFO:root:target pos: [ 0.59152412 -0.04029064  0.2       ]
INFO:root:target quat: [0. 0. 1. 0.]
INFO:root:current pos: [ 0.56023008 -0.0573006   0.79235631]
INFO:root:current mat: [[-0.9198858   0.22542531  0.32092609]
 [ 0.23218532  0.97251251 -0.0175896 ]
 [-0.31606978  0.05833391 -0.9469409 ]]
INFO:root:target pos: [ 0.59226727 -0.0385584   0.2       ]
INFO:root:target quat: [0. 0. 1. 0.]
INFO:root:current pos: [ 0.56023008 -0.0573006   0.79235631]
INFO:root:current mat: [[-0.9198858   0.22542531  0.32092609]
 [ 0.23218532  0.97251251 -0.0175896 ]
 [-0.31606978  0.05833391 -0.9469409 ]]
INFO:root:target pos: [ 0.59320711 -0.03622754  0.2       ]
INFO:root:target quat: [0. 0. 1. 0.]
INFO:root:current pos: [ 0.56023008 -0.0573006   0.79235631]
INFO:root:current mat: [[-0.9198858   0.22542531  0.32092609]
 [ 0.23218532  0.97251251 -0.0175896 ]
 [-0.31606978  0.05833391 -0.9469409 ]]
INFO:root:target pos: [ 0.59510565 -0.0309017   0.2       ]
INFO:root:target quat: [0. 0. 1. 0.]
INFO:root:current pos: [ 0.56805402 -0.04808092  0.78017837]
INFO:root:current mat: [[-0.92440448  0.21513432  0.31494996]
 [ 0.22987743  0.97316859  0.00996275]
 [-0.30435608  0.0816095  -0.94905593]]
INFO:root:target pos: [ 0.59653816 -0.02608415  0.2       ]
INFO:root:target quat: [0. 0. 1. 0.]
INFO:root:current pos: [ 0.56805402 -0.04808092  0.78017837]
INFO:root:current mat: [[-0.92440448  0.21513432  0.31494996]
 [ 0.22987743  0.97316859  0.00996275]
 [-0.30435608  0.0816095  -0.94905593]]
INFO:root:target pos: [ 0.59745269 -0.02242708  0.2       ]
INFO:root:target quat: [0. 0. 1. 0.]
INFO:root:current pos: [ 0.56805402 -0.04808092  0.78017837]
INFO:root:current mat: [[-0.92440448  0.21513432  0.31494996]
 [ 0.22987743  0.97316859  0.00996275]
 [-0.30435608  0.0816095  -0.94905593]]
INFO:root:target pos: [ 0.59822873 -0.01873813  0.2       ]
INFO:root:target quat: [0. 0. 1. 0.]
INFO:root:current pos: [ 0.56805402 -0.04808092  0.78017837]
INFO:root:current mat: [[-0.92440448  0.21513432  0.31494996]
 [ 0.22987743  0.97316859  0.00996275]
 [-0.30435608  0.0816095  -0.94905593]]
INFO:root:target pos: [ 0.59856446 -0.01688334  0.2       ]
INFO:root:target quat: [0. 0. 1. 0.]
INFO:root:current pos: [ 0.57457668 -0.03795972  0.76881212]
INFO:root:current mat: [[-0.92877316  0.20535849  0.30855886]
 [ 0.22763806  0.97301904  0.03761477]
 [-0.29250914  0.10517532 -0.95046137]]
INFO:root:target pos: [ 0.59886517 -0.01502256  0.2       ]
INFO:root:target quat: [0. 0. 1. 0.]
INFO:root:current pos: [ 0.57457668 -0.03795972  0.76881212]
INFO:root:current mat: [[-0.92877316  0.20535849  0.30855886]
 [ 0.22763806  0.97301904  0.03761477]
 [-0.29250914  0.10517532 -0.95046137]]
INFO:root:target pos: [ 0.59936113 -0.01128564  0.2       ]
INFO:root:target quat: [0. 0. 1. 0.]
INFO:root:current pos: [ 0.57457668 -0.03795972  0.76881212]
INFO:root:current mat: [[-0.92877316  0.20535849  0.30855886]
 [ 0.22763806  0.97301904  0.03761477]
 [-0.29250914  0.10517532 -0.95046137]]
INFO:root:target pos: [ 0.59976125 -0.006906    0.2       ]
INFO:root:target quat: [0. 0. 1. 0.]
INFO:root:current pos: [ 0.57457668 -0.03795972  0.76881212]
INFO:root:current mat: [[-0.92877316  0.20535849  0.30855886]
 [ 0.22763806  0.97301904  0.03761477]
 [-0.29250914  0.10517532 -0.95046137]]
INFO:root:target pos: [ 0.59996842 -0.00251301  0.2       ]
INFO:root:target quat: [0. 0. 1. 0.]
INFO:root:current pos: [ 0.57972133 -0.02717436  0.75833017]
INFO:root:current mat: [[-0.93298749  0.19632288  0.30164886]
 [ 0.22557053  0.97205362  0.06503615]
 [-0.28045079  0.12872099 -0.95119853]]
INFO:root:target pos: [0.59990329 0.00439681 0.2       ]
INFO:root:target quat: [0. 0. 1. 0.]
INFO:root:current pos: [ 0.57972133 -0.02717436  0.75833017]
INFO:root:current mat: [[-0.93298749  0.19632288  0.30164886]
 [ 0.22557053  0.97205362  0.06503615]
 [-0.28045079  0.12872099 -0.95119853]]
INFO:root:target pos: [0.59971589 0.00753268 0.2       ]
