Timestamp,Fx,Fy,Fz,Mx,My,Mz
1777556608478047,1.8964900970458984,-0.16750456392765045,-4.953055381774902,-76.4310302734375,-26.419483184814453,-6.808067321777344
1777556608487256,2.0530900955200195,-0.05479268729686737,-5.142083644866943,-72.2081527709961,-24.63273048400879,-9.348469734191895
1777556608497271,2.0780763626098633,-0.06965134292840958,-5.205036163330078,-72.24588012695312,-24.664710998535156,-9.073939323425293
1777556608507270,2.0577473640441895,-0.04154054820537567,-5.175465106964111,-71.88494873046875,-24.55699920654297,-9.287616729736328
1777556608517281,2.0489048957824707,-0.049292873591184616,-5.21361780166626,-71.95796203613281,-24.4925594329834,-9.096009254455566
1777556608527220,2.0643928050994873,-0.0641528069972992,-5.202963352203369,-72.19414520263672,-24.70771026611328,-9.171980857849121
1777556608537271,2.054884433746338,-0.06672414392232895,-5.214639663696289,-72.21987915039062,-24.66958236694336,-9.243318557739258
1777556608547288,2.0725173950195312,-0.03211626410484314,-5.201026916503906,-72.13896942138672,-24.525720596313477,-9.240068435668945
1777556608557282,2.058835983276367,-0.03493873402476311,-5.169299602508545,-71.81431579589844,-24.54044532775879,-9.412698745727539
1777556608567310,2.073183059692383,-0.0619848407804966,-5.170344352722168,-72.09806823730469,-24.578388214111328,-9.316012382507324
1777556608577342,2.0585455894470215,-0.051889870315790176,-5.179669380187988,-71.99684143066406,-24.685148239135742,-9.08406925201416
1777556608587275,2.068754196166992,-0.07420043647289276,-5.207577705383301,-72.16239929199219,-24.69675064086914,-9.107362747192383
1777556608597314,2.0752270221710205,-0.0521477647125721,-5.18177604675293,-72.1530990600586,-24.536659240722656,-9.22960090637207
1777556608607371,2.074707508087158,-0.051004622131586075,-5.188412666320801,-72.0050048828125,-24.65177345275879,-9.398247718811035
1777556608617390,2.064910888671875,-0.051719069480895996,-5.203919887542725,-72.05670928955078,-24.769027709960938,-9.203821182250977
1777556608627432,2.063660144805908,-0.04752776399254799,-5.219207286834717,-72.14888000488281,-24.804401397705078,-9.11297607421875
1777556608637321,2.066652297973633,-0.042005229741334915,-5.1879730224609375,-71.92901611328125,-24.641307830810547,-9.21651554107666
1777556608647367,2.076291799545288,-0.046433400362730026,-5.191481113433838,-72.0103759765625,-24.782724380493164,-9.275479316711426
1777556608657355,2.066721200942993,-0.05180778354406357,-5.201895236968994,-72.13863372802734,-24.64092254638672,-9.101909637451172
1777556608667283,2.0637073516845703,-0.05785028636455536,-5.195684432983398,-71.89939880371094,-24.626953125,-9.387983322143555
1777556608677287,2.066338062286377,-0.05050884187221527,-5.172442436218262,-72.18998718261719,-24.702346801757812,-9.308014869689941
1777556608687293,2.062678337097168,-0.07168126851320267,-5.17447566986084,-72.16751861572266,-24.546348571777344,-9.32200813293457
1777556608697271,2.0667314529418945,-0.06294560432434082,-5.21124792098999,-72.04499053955078,-24.58646011352539,-9.192392349243164
1777556608707289,2.0667009353637695,-0.046575188636779785,-5.17576789855957,-72.0195541381836,-24.59029197692871,-9.045576095581055
1777556608717268,2.0649914741516113,-0.06337498873472214,-5.202854156494141,-72.06852722167969,-24.75433921813965,-9.391314506530762
1777556608727267,2.06512713432312,-0.05546213686466217,-5.202561855316162,-72.22566986083984,-24.493925094604492,-9.220266342163086
1777556608737272,2.0636062622070312,-0.041371867060661316,-5.208256244659424,-72.01528930664062,-24.426685333251953,-9.389925956726074
1777556608747213,2.0546064376831055,-0.044652994722127914,-5.195635795593262,-72.18195343017578,-24.607210159301758,-9.30025863647461
1777556608757217,2.0603933334350586,-0.05193384736776352,-5.172782897949219,-72.17778778076172,-24.478557586669922,-9.19534969329834
1777556608767241,2.0629122257232666,-0.04340396076440811,-5.192730903625488,-71.8623275756836,-24.63311195373535,-9.337545394897461
1777556608777289,2.0541152954101562,-0.059213560074567795,-5.175426483154297,-71.91949462890625,-24.785076141357422,-9.262801170349121
1777556608787243,2.067948818206787,-0.05663628876209259,-5.213371276855469,-71.98169708251953,-24.795515060424805,-9.306645393371582
1777556608797333,2.0554816722869873,-0.0451960451900959,-5.194222927093506,-72.08743286132812,-24.609941482543945,-9.28723430633545
1777556608807307,2.063526153564453,-0.04989118129014969,-5.214872360229492,-72.24519348144531,-24.549259185791016,-9.151103973388672
1777556608817233,2.0637927055358887,-0.04487390071153641,-5.207795143127441,-72.01622772216797,-24.791961669921875,-9.279945373535156
1777556608827348,2.057649612426758,-0.05208631604909897,-5.147454261779785,-71.97462463378906,-24.797122955322266,-9.233657836914062
1777556608837223,2.067044496536255,-0.05054834112524986,-5.217653751373291,-71.98590087890625,-24.764690399169922,-9.274688720703125
1777556608847296,2.0718154907226562,-0.05830877274274826,-5.2152180671691895,-72.09284210205078,-24.765724182128906,-9.09765625
1777556608857231,2.0695791244506836,-0.03385219722986221,-5.190595626831055,-71.93396759033203,-24.64998435974121,-9.152091026306152
1777556608867283,2.07403302192688,-0.03878713771700859,-5.187088966369629,-72.11322784423828,-24.627281188964844,-9.545433044433594
1777556608877231,2.0789313316345215,-0.04686436057090759,-5.236466407775879,-72.31571197509766,-24.523494720458984,-9.354348182678223
1777556608887231,2.0391087532043457,0.08166742324829102,-4.999096870422363,-68.89788818359375,-22.914794921875,-9.808536529541016
1777556608897222,1.8949029445648193,0.5154256820678711,-4.198946952819824,-54.225162506103516,-15.234956741333008,-10.589359283447266
1777556608907238,1.5964431762695312,0.6346108317375183,-2.9504337310791016,-34.19525146484375,-8.484513282775879,-10.188867568969727
1777556608917210,1.4886548519134521,0.5694373250007629,-2.1533725261688232,-22.598114013671875,-5.9661664962768555,-10.780641555786133
1777556608927261,0.5757415294647217,-1.2474390268325806,-2.7061004638671875,-41.07430648803711,-23.874305725097656,4.962400913238525
1777556608937276,3.9736225605010986,-3.8959805965423584,-11.162568092346191,-146.0067901611328,-61.44739532470703,-7.63713264465332
1777556608947201,5.960460186004639,-5.564822196960449,-17.495811462402344,-218.6459503173828,-100.14099884033203,-12.546897888183594
1777556608957242,4.637054443359375,-4.381040573120117,-15.278114318847656,-185.083251953125,-88.12887573242188,-5.043575286865234
1777556608967183,2.0168344974517822,-1.466874361038208,-6.772849082946777,-79.3829345703125,-35.05792236328125,-0.1567521095275879
1777556608977254,0.48373398184776306,0.16884997487068176,-1.3407105207443237,-7.727651596069336,-1.6267622709274292,0.44583404064178467
1777556608987203,0.43600374460220337,0.18418648838996887,-0.5624376535415649,2.526589870452881,1.5100946426391602,-0.45304274559020996
1777556608997446,0.9710491895675659,-0.6514614820480347,-2.7975151538848877,-22.782554626464844,-16.697261810302734,-0.1407577395439148
1777556609007348,2.037099838256836,-2.803969621658325,-9.000003814697266,-86.30550384521484,-68.29764556884766,5.186660289764404
1777556609017372,3.290555953979492,-5.241916656494141,-16.279441833496094,-154.9552459716797,-134.38511657714844,8.523435592651367
1777556609027362,3.138036012649536,-5.1057353019714355,-15.633990287780762,-144.44711303710938,-137.86463928222656,7.953975677490234
1777556609037198,1.80027174949646,-2.6451592445373535,-6.980623245239258,-65.608642578125,-74.87433624267578,1.7101554870605469
1777556609047253,0.7837783694267273,-0.5346534848213196,-0.8372126817703247,-6.596767902374268,-15.83285140991211,-2.41384220123291
1777556609057293,0.46318796277046204,0.08473750948905945,-0.33497440814971924,3.389216184616089,0.05347764492034912,-0.8851954936981201
1777556609067244,0.41172534227371216,-0.013254400342702866,-1.2196696996688843,-3.329291820526123,-5.661688327789307,0.6168461441993713
1777556609077233,0.8085130453109741,-1.6951862573623657,-7.884365081787109,-55.99677658081055,-65.09713745117188,9.80793571472168
1777556609087209,1.5951180458068848,-4.077465534210205,-14.46738052368164,-108.43556213378906,-131.7513427734375,17.052040100097656
1777556609097206,1.8364646434783936,-4.6485795974731445,-14.321514129638672,-108.79500579833984,-143.3391876220703,14.584898948669434
1777556609107195,1.6547760963439941,-3.039700984954834,-8.080992698669434,-66.0588607788086,-94.21554565429688,3.3497719764709473
1777556609117198,1.0509190559387207,-1.298593521118164,-3.0162272453308105,-27.05463981628418,-41.98290252685547,-1.2152419090270996
1777556609127241,0.6929677724838257,-0.7926096320152283,-2.9861602783203125,-23.195959091186523,-31.765796661376953,1.6277426481246948
1777556609137208,0.7049168348312378,-1.4465372562408447,-6.013949394226074,-44.42667770385742,-56.5110969543457,6.752704620361328
1777556609147209,0.945163369178772,-2.567821741104126,-9.743173599243164,-70.62037658691406,-92.36819458007812,11.518392562866211
1777556609157234,1.1883927583694458,-3.474954605102539,-11.881912231445312,-85.59967041015625,-116.9736328125,13.969535827636719
1777556609167237,1.2143566608428955,-3.7250213623046875,-11.356598854064941,-83.423583984375,-118.38548278808594,13.527780532836914
1777556609177204,1.0177278518676758,-3.532423734664917,-10.37786865234375,-77.34869384765625,-110.59210968017578,13.114656448364258
1777556609187179,0.9312178492546082,-3.274582624435425,-9.731521606445312,-72.67681121826172,-103.2505111694336,12.964862823486328
1777556609197206,0.7613662481307983,-3.0106730461120605,-8.784041404724121,-66.70980834960938,-94.50691223144531,12.113832473754883
1777556609207221,0.5636048316955566,-3.1090328693389893,-9.158199310302734,-68.72314453125,-95.947265625,14.818351745605469
1777556609217191,0.49602198600769043,-3.6660592555999756,-11.087541580200195,-80.74615478515625,-111.74396514892578,19.66648292541504
1777556609227204,0.5476921796798706,-4.096616268157959,-11.881916046142578,-87.32410430908203,-122.07293701171875,20.684589385986328
1777556609237209,0.49219417572021484,-3.9930806159973145,-11.19644832611084,-84.16441345214844,-118.67224884033203,18.9267578125
1777556609247219,0.3935399055480957,-3.6279258728027344,-10.213702201843262,-77.67152404785156,-109.55526733398438,17.652748107910156
1777556609257280,0.22699302434921265,-3.295285701751709,-9.43619155883789,-72.88739013671875,-101.78001403808594,16.402069091796875
1777556609267229,-0.11885178089141846,-3.375622510910034,-10.520187377929688,-80.29531860351562,-110.90862274169922,18.685413360595703
1777556609277237,-0.252269983291626,-3.7379658222198486,-11.991596221923828,-90.70293426513672,-124.55626678466797,21.088890075683594
1777556609287218,-0.16566729545593262,-3.6293256282806396,-11.503165245056152,-87.85640716552734,-121.75479125976562,19.40435028076172
1777556609297267,-0.1987696886062622,-3.3522377014160156,-10.562751770019531,-81.39340209960938,-113.47987365722656,17.819015502929688
1777556609307190,-0.27615880966186523,-3.0885870456695557,-10.018065452575684,-77.47396850585938,-108.16242218017578,16.71448516845703
1777556609317219,-0.4122656583786011,-3.048149824142456,-10.251090049743652,-79.20829772949219,-109.77386474609375,17.376564025878906
1777556609327223,-0.7398325204849243,-3.3057525157928467,-11.5599365234375,-88.824951171875,-122.63358306884766,19.491703033447266
1777556609337128,-0.927297830581665,-3.4060657024383545,-12.222929000854492,-94.57164001464844,-130.88076782226562,20.166566848754883
1777556609347128,-0.8713629245758057,-2.958101987838745,-11.013233184814453,-86.57423400878906,-120.59051513671875,16.68671417236328
1777556609357130,-0.807123064994812,-2.5139589309692383,-9.905982971191406,-79.10128021240234,-108.866455078125,14.310478210449219
1777556609367123,-0.9629380702972412,-2.723613739013672,-10.686590194702148,-83.90562438964844,-113.89697265625,17.249134063720703
1777556609377138,-1.1195539236068726,-3.1291840076446533,-11.772405624389648,-92.26262664794922,-125.23302459716797,20.0627384185791
1777556609387155,-1.1392396688461304,-3.205749988555908,-11.740845680236816,-93.5699234008789,-126.0887222290039,20.324440002441406
1777556609397215,-1.153479814529419,-3.142434597015381,-11.576414108276367,-93.48480224609375,-124.08781433105469,20.16907501220703
1777556609407115,-1.2276626825332642,-3.1082651615142822,-11.718945503234863,-95.94153594970703,-125.49800109863281,20.09402847290039
1777556609417198,-1.3696976900100708,-3.134800672531128,-12.073200225830078,-99.91344451904297,-128.8416290283203,20.431339263916016
1777556609427198,-1.4455246925354004,-3.0818142890930176,-12.28677749633789,-103.1024398803711,-130.8910675048828,20.32996368408203
1777556609437185,-1.4430633783340454,-2.9929025173187256,-12.152029991149902,-103.62181854248047,-129.000244140625,20.20538902282715
1777556609447229,-1.4232892990112305,-2.962324619293213,-12.42705249786377,-107.278076171875,-130.80300903320312,19.894285202026367
1777556609457243,-1.304944634437561,-2.906731605529785,-12.628789901733398,-110.18687438964844,-131.25955200195312,18.47654151916504
1777556609467162,-1.1654579639434814,-2.7032361030578613,-11.705465316772461,-104.24710083007812,-122.34330749511719,17.1176700592041
1777556609477128,-1.1805663108825684,-2.4725046157836914,-10.906448364257812,-98.42526245117188,-114.40309143066406,16.461360931396484
1777556609487128,-1.2027838230133057,-2.3014416694641113,-10.69151782989502,-96.98762512207031,-111.32256317138672,15.939187049865723
1777556609497158,-1.374906301498413,-2.1975767612457275,-10.694375038146973,-97.32246398925781,-112.1943359375,15.96407699584961
1777556609507140,-1.5229252576828003,-2.2394845485687256,-11.431449890136719,-104.3010025024414,-119.57160186767578,16.276874542236328
1777556609517142,-1.6965676546096802,-2.3481929302215576,-12.270500183105469,-112.76835632324219,-128.58309936523438,16.922718048095703
1777556609527088,-1.6306605339050293,-2.1212759017944336,-11.876773834228516,-110.10624694824219,-123.25298309326172,15.83940315246582
1777556609537132,-1.6398779153823853,-2.0682036876678467,-11.826791763305664,-111.37339782714844,-122.56023406982422,15.594655990600586
1777556609547174,-1.6510334014892578,-1.9955956935882568,-11.968978881835938,-114.4827651977539,-123.44808959960938,15.182252883911133
1777556609557168,-1.4592055082321167,-1.6590232849121094,-11.095629692077637,-108.15021514892578,-113.70278930664062,13.033557891845703
1777556609567110,-1.2615805864334106,-1.3722223043441772,-9.911163330078125,-98.71723937988281,-100.46505737304688,11.652498245239258
1777556609577163,-1.2098307609558105,-1.4350953102111816,-10.130819320678711,-103.56144714355469,-103.16954040527344,11.305274963378906
1777556609587097,-1.2731554508209229,-1.5919063091278076,-11.249438285827637,-118.09449768066406,-114.1801986694336,11.729507446289062
1777556609597119,-1.327810287475586,-1.6503795385360718,-12.58694839477539,-135.2262420654297,-125.83875274658203,11.956123352050781
1777556609607119,-1.1621443033218384,-1.1437383890151978,-12.003787994384766,-130.98583984375,-115.13775634765625,10.476566314697266
1777556609617170,-0.9277989864349365,-0.7124438881874084,-10.353609085083008,-114.9249496459961,-96.39402770996094,9.219619750976562
1777556609627123,-0.8535623550415039,-0.8827305436134338,-10.738049507141113,-122.09211730957031,-102.0765151977539,8.492895126342773
1777556609637132,-0.8917722702026367,-0.9643680453300476,-12.234432220458984,-139.51510620117188,-116.33322143554688,7.549991607666016
1777556609647168,-0.8949799537658691,-0.7471445202827454,-12.829324722290039,-146.19692993164062,-119.26570892333984,7.023248672485352
1777556609657183,-0.8193686008453369,-0.46025267243385315,-12.085390090942383,-137.3726348876953,-109.1142807006836,6.256458282470703
1777556609667182,-0.7014260292053223,-0.3191753327846527,-11.278721809387207,-128.81422424316406,-101.94942474365234,4.7190093994140625
1777556609677187,-0.6059436798095703,-0.3617765009403229,-11.588839530944824,-133.33810424804688,-107.08853912353516,2.947813034057617
1777556609687169,-0.49483227729797363,-0.30156075954437256,-12.412853240966797,-142.70578002929688,-115.23995971679688,0.48065185546875
1777556609697158,-0.39319324493408203,-0.06994379311800003,-11.854588508605957,-136.35963439941406,-107.51092529296875,-0.2663612365722656
1777556609707158,-0.39202427864074707,-0.17025266587734222,-11.33945369720459,-131.26707458496094,-103.40326690673828,0.6696128845214844
1777556609717193,-0.5723907947540283,-0.5446722507476807,-11.918817520141602,-138.46630859375,-110.80250549316406,3.4504337310791016
1777556609727192,-0.740776538848877,-0.8219179511070251,-12.596230506896973,-145.06825256347656,-116.4446792602539,6.82813835144043
1777556609737174,-0.7557704448699951,-0.7202762961387634,-12.138498306274414,-140.2830810546875,-109.99917602539062,7.779539108276367
1777556609747171,-0.6396753787994385,-0.46571752429008484,-10.67441463470459,-124.90325927734375,-94.89152526855469,7.503889083862305
1777556609757162,-0.46364545822143555,-0.3690015971660614,-10.088798522949219,-120.75314331054688,-90.7630844116211,5.322473526000977
1777556609767157,-0.33883142471313477,-0.4084446430206299,-11.058846473693848,-133.13726806640625,-101.38456726074219,2.772003173828125
1777556609777199,-0.2476356029510498,-0.3644469976425171,-12.66257095336914,-151.87429809570312,-116.18423461914062,0.225799560546875
1777556609787171,-0.07393050193786621,0.012535907328128815,-13.102386474609375,-157.09056091308594,-117.35694122314453,-2.5320091247558594
1777556609797196,0.1571788787841797,0.2732488811016083,-12.508159637451172,-150.9295196533203,-108.30034637451172,-4.20677375793457
1777556609807185,0.3748750686645508,0.3574219346046448,-11.455843925476074,-140.05706787109375,-97.15044403076172,-4.880273818969727
1777556609817111,0.6146502494812012,0.4348483681678772,-10.691335678100586,-134.0280303955078,-91.08406829833984,-6.766761779785156
1777556609827198,1.0415012836456299,0.5855646133422852,-11.474266052246094,-145.1390838623047,-98.68794250488281,-12.574407577514648
1777556609837205,1.368438720703125,0.6793797016143799,-12.728631973266602,-161.46844482421875,-109.07948303222656,-16.478660583496094
1777556609847279,1.4928247928619385,0.6813197731971741,-13.558181762695312,-171.06878662109375,-114.11585998535156,-16.73320770263672
1777556609857267,1.476355791091919,0.6970723867416382,-13.251058578491211,-168.37680053710938,-109.09466552734375,-15.532979965209961
1777556609867072,1.555617094039917,0.7439355850219727,-12.059722900390625,-155.52008056640625,-95.11115264892578,-13.822328567504883
1777556609877094,1.4602115154266357,0.6719321012496948,-10.609142303466797,-140.967529296875,-83.05887603759766,-11.463151931762695
1777556609887088,1.6417598724365234,0.5438127517700195,-10.825063705444336,-147.4072265625,-86.25023651123047,-12.487178802490234
1777556609897119,2.090829610824585,0.540084183216095,-12.206955909729004,-166.2594757080078,-96.82340240478516,-16.382688522338867
1777556609907163,2.1784157752990723,0.5484798550605774,-13.263460159301758,-180.6114501953125,-103.5289306640625,-15.818178176879883
1777556609917156,1.8483853340148926,0.49422532320022583,-13.510417938232422,-183.06341552734375,-103.43045806884766,-11.055395126342773
1777556609927150,1.4679315090179443,0.4804455637931824,-12.554336547851562,-171.53013610839844,-92.12140655517578,-5.15464973449707
1777556609937076,1.2641980648040771,0.5828742980957031,-11.203306198120117,-155.08718872070312,-79.5189437866211,-2.8717899322509766
1777556609947184,1.1988391876220703,0.5348596572875977,-10.324300765991211,-145.1983184814453,-72.57272338867188,-1.7425346374511719
1777556609957118,1.2431745529174805,0.5552815794944763,-9.632379531860352,-136.82261657714844,-65.96952056884766,-2.04736328125
1777556609967131,1.459810495376587,0.5156863927841187,-9.503921508789062,-135.52806091308594,-64.90290832519531,-4.132997512817383
1777556609977155,1.760124921798706,0.5811178088188171,-9.731762886047363,-139.978515625,-67.51544189453125,-7.251016616821289
1777556609987127,1.890174150466919,0.67812180519104,-10.079811096191406,-143.94692993164062,-69.07460021972656,-9.007308959960938
1777556609997162,1.476426362991333,1.1404300928115845,-10.784736633300781,-141.65084838867188,-75.72444915771484,-11.058929443359375
1777556610007110,1.0832993984222412,1.0314840078353882,-10.674949645996094,-128.13914489746094,-76.6978759765625,-10.084098815917969
1777556610017153,1.5692110061645508,0.30293431878089905,-8.698575973510742,-117.34418487548828,-67.62417602539062,-9.484613418579102
1777556610027162,1.045168161392212,0.8014452457427979,-9.24545669555664,-113.28447723388672,-71.29255676269531,-10.61485481262207
1777556610037129,0.6064636707305908,0.7007177472114563,-10.329429626464844,-110.21168518066406,-82.82499694824219,-9.381954193115234
1777556610047192,0.9073765277862549,0.40670245885849,-9.27227783203125,-104.012451171875,-82.70992279052734,-13.294939041137695
1777556610057121,1.0871102809906006,0.46632659435272217,-8.440415382385254,-99.28955841064453,-75.21710968017578,-14.307212829589844
1777556610067109,1.3975303173065186,0.07138587534427643,-7.845978260040283,-99.62156677246094,-67.67696380615234,-11.530776977539062
1777556610077083,1.8810126781463623,-0.20643365383148193,-7.4321184158325195,-108.45841979980469,-62.439537048339844,-10.521707534790039
1777556610087081,2.2949745655059814,0.03513161838054657,-8.047612190246582,-124.59888458251953,-60.8562126159668,-11.985969543457031
1777556610097054,2.204375743865967,0.4216943085193634,-9.177310943603516,-134.9862060546875,-61.29378128051758,-9.945585250854492
1777556610107083,2.054682493209839,0.5965267419815063,-9.114261627197266,-133.1282196044922,-58.343528747558594,-8.386085510253906
1777556610117116,1.816922664642334,0.736897885799408,-8.3917875289917,-121.54842376708984,-50.49460220336914,-6.3256683349609375
1777556610127081,1.6893815994262695,0.7239866256713867,-7.556638717651367,-109.02400970458984,-44.0875129699707,-5.654924392700195
1777556610137119,1.6914007663726807,0.6301798224449158,-6.992202281951904,-102.63668823242188,-42.05664825439453,-6.327997207641602
1777556610147129,1.8953373432159424,0.5087918043136597,-7.170196533203125,-107.6949462890625,-45.868003845214844,-8.253074645996094
1777556610157129,2.2376585006713867,0.4538188874721527,-8.155289649963379,-122.37918853759766,-53.800323486328125,-10.754281997680664
1777556610167070,2.5081326961517334,0.5361930727958679,-9.13274097442627,-134.24598693847656,-58.0678825378418,-12.34800910949707
1777556610177078,2.4350404739379883,0.5993672013282776,-9.238513946533203,-133.3662109375,-55.434303283691406,-11.245138168334961
1777556610187074,2.252180814743042,0.674065113067627,-8.503900527954102,-121.95547485351562,-47.67839813232422,-9.690080642700195
1777556610197106,1.9786295890808105,0.6658869385719299,-7.322059631347656,-104.14530944824219,-38.60617446899414,-7.636532783508301
1777556610207129,1.909471869468689,0.5465011596679688,-6.489333152770996,-92.73710632324219,-34.646522521972656,-8.031183242797852
1777556610217124,2.2747204303741455,0.28578609228134155,-6.765960216522217,-100.05824279785156,-40.30619812011719,-11.069866180419922
1777556610227114,3.0983598232269287,0.1246357262134552,-8.484195709228516,-125.26004791259766,-52.286216735839844,-17.04493522644043
1777556610237085,3.780992031097412,0.044376440346241,-10.25135326385498,-148.70973205566406,-60.113590240478516,-21.170387268066406
1777556610247085,3.9068427085876465,0.09042032063007355,-10.692898750305176,-150.36219787597656,-56.346824645996094,-20.565345764160156
1777556610257131,3.304365396499634,0.1749763935804367,-9.160364151000977,-126.99320983886719,-43.822181701660156,-15.979476928710938
1777556610267113,2.84047794342041,0.08091509342193604,-7.631513595581055,-105.38764953613281,-35.608238220214844,-13.200007438659668
1777556610277074,2.770580768585205,-0.10073968023061752,-6.917725563049316,-97.05416870117188,-34.68431091308594,-13.531972885131836
1777556610287112,2.967238664627075,-0.27702218294143677,-7.016951560974121,-100.70437622070312,-36.91747283935547,-15.031510353088379
1777556610297094,3.2678732872009277,-0.3869788646697998,-7.696671485900879,-109.87713623046875,-40.84630584716797,-16.622570037841797
1777556610307046,3.678548574447632,-0.5287083387374878,-8.691740989685059,-124.28163146972656,-46.28561019897461,-19.330272674560547
1777556610317067,3.804231643676758,-0.545136570930481,-9.268096923828125,-132.2255859375,-48.64522933959961,-19.17526626586914
1777556610327026,3.3640172481536865,-0.2963269352912903,-8.700040817260742,-121.15266418457031,-42.03817367553711,-15.80984878540039
1777556610337118,2.915027618408203,-0.21385855972766876,-7.568581581115723,-103.75656127929688,-34.04583740234375,-12.839363098144531
1777556610347063,3.002070426940918,-0.4696185886859894,-7.211539268493652,-101.62366485595703,-35.92345428466797,-13.984077453613281
1777556610357114,3.397181510925293,-0.7036242485046387,-7.937371730804443,-113.55741882324219,-42.392250061035156,-16.69692039489746
1777556610367034,3.450057029724121,-0.6261283755302429,-8.334043502807617,-118.04519653320312,-43.07707977294922,-16.644153594970703
1777556610377075,3.349639892578125,-0.5356679558753967,-8.248034477233887,-115.3245849609375,-40.72026062011719,-15.632490158081055
1777556610387079,3.3102593421936035,-0.53267502784729,-8.059267044067383,-112.45024108886719,-39.380496978759766,-15.716501235961914
1777556610397096,3.406224250793457,-0.632439136505127,-8.060372352600098,-113.43617248535156,-39.827457427978516,-16.26604461669922
1777556610407083,3.648926258087158,-0.8191202282905579,-8.572625160217285,-120.68798828125,-43.49093246459961,-17.82610321044922
1777556610417103,3.9982006549835205,-1.0015957355499268,-9.482284545898438,-133.32626342773438,-48.451045989990234,-19.2829647064209
1777556610427122,4.117994785308838,-1.0014303922653198,-9.965137481689453,-139.500244140625,-49.7647819519043,-19.47810935974121
1777556610437060,4.311323165893555,-1.1054489612579346,-10.475703239440918,-146.38661193847656,-52.53334426879883,-20.499177932739258
1777556610447138,3.9764199256896973,-0.8989734053611755,-9.956072807312012,-136.68716430664062,-46.700164794921875,-18.052959442138672
1777556610457122,3.1959919929504395,-0.5356236100196838,-8.122422218322754,-109.14663696289062,-35.07616424560547,-13.27542495727539
1777556610467098,2.568849563598633,-0.35741090774536133,-6.245349884033203,-82.55223083496094,-26.185659408569336,-10.48706340789795
1777556610477056,2.458820104598999,-0.5137031078338623,-5.472508430480957,-74.12903594970703,-25.54819107055664,-10.981821060180664
1777556610487074,3.152855396270752,-1.044228196144104,-6.627956390380859,-92.91438293457031,-35.00565719604492,-15.160597801208496
1777556610497074,4.337624549865723,-1.6977940797805786,-9.203039169311523,-131.8059844970703,-50.699615478515625,-21.659255981445312
1777556610507054,4.545880317687988,-1.6436699628829956,-10.513980865478516,-146.8985137939453,-53.437129974365234,-21.061710357666016
1777556610517059,3.9926180839538574,-1.2577366828918457,-9.803178787231445,-134.20375061035156,-45.7330322265625,-17.299999237060547
1777556610527070,3.254128932952881,-0.8413354158401489,-8.10633659362793,-108.61283111572266,-35.677978515625,-13.20007038116455
1777556610537068,2.564120054244995,-0.626600444316864,-6.2551655769348145,-82.49711608886719,-26.70915412902832,-9.74106216430664
1777556610547074,2.7270708084106445,-1.1058564186096191,-6.181877136230469,-83.19910430908203,-30.327001571655273,-10.521465301513672
1777556610557041,3.7281811237335205,-2.0765380859375,-8.336458206176758,-115.81721496582031,-45.633262634277344,-15.107560157775879
1777556610567018,4.510479927062988,-2.5744447708129883,-10.564502716064453,-144.833251953125,-55.61682891845703,-17.677734375
1777556610577092,4.578618049621582,-2.607163667678833,-11.237332344055176,-151.59890747070312,-56.54765701293945,-16.78061866760254
1777556610587033,3.6295838356018066,-1.8640620708465576,-9.370844841003418,-124.10554504394531,-43.68833541870117,-11.6268949508667
1777556610597112,2.0537402629852295,-0.7573233842849731,-5.749338626861572,-71.77322387695312,-22.76008415222168,-4.225976467132568
1777556610607066,1.6674213409423828,-0.7751660346984863,-4.0835771560668945,-52.45880126953125,-19.26302146911621,-3.6343512535095215
1777556610617103,2.5200695991516113,-1.6160935163497925,-5.672182083129883,-77.73792266845703,-32.72249984741211,-7.79236364364624
1777556610627078,3.851583480834961,-2.874769449234009,-9.150629043579102,-126.27639770507812,-52.6593017578125,-12.123456001281738
1777556610637110,4.922206878662109,-3.498730421066284,-12.102508544921875,-165.42010498046875,-66.38581848144531,-16.04204750061035
1777556610647152,4.374825477600098,-2.497464418411255,-11.069475173950195,-148.22491455078125,-54.359352111816406,-14.343024253845215
1777556610657101,2.64279842376709,-0.88942950963974,-7.020040512084961,-89.21757507324219,-28.258859634399414,-7.713147163391113
1777556610667033,1.6964759826660156,-0.4242788553237915,-4.186238765716553,-51.71141815185547,-16.627248764038086,-4.969210624694824
1777556610677021,1.9687440395355225,-0.861211895942688,-4.180353164672852,-54.830650329589844,-22.008686065673828,-7.102404594421387
1777556610687013,3.1081395149230957,-1.9223525524139404,-6.725678443908691,-91.88834381103516,-38.39298629760742,-11.648316383361816
1777556610697000,4.5545501708984375,-2.8236544132232666,-10.104808807373047,-139.08724975585938,-56.58036804199219,-18.285551071166992
1777556610707002,4.835776329040527,-2.7542779445648193,-11.345390319824219,-153.13914489746094,-59.53769302368164,-18.82207489013672
1777556610717030,3.9265482425689697,-2.093458414077759,-9.731651306152344,-129.10418701171875,-47.351600646972656,-13.485560417175293
1777556610727037,3.138624668121338,-1.6642206907272339,-7.83770751953125,-103.22245025634766,-37.90647506713867,-9.906319618225098
1777556610737006,2.7117881774902344,-1.4294795989990234,-6.525432586669922,-86.42378234863281,-32.60530090332031,-8.225189208984375
1777556610747055,2.973065137863159,-1.7846064567565918,-6.976395130157471,-93.26585388183594,-37.68173599243164,-9.736276626586914
1777556610757107,3.4445323944091797,-2.2306692600250244,-8.147699356079102,-108.81936645507812,-45.139556884765625,-11.270011901855469
1777556610767173,3.3384804725646973,-2.380058526992798,-8.390621185302734,-110.40113830566406,-45.51124954223633,-9.010557174682617
1777556610777106,2.509326457977295,-2.317896842956543,-7.27050256729126,-94.55531311035156,-39.463436126708984,-1.9029903411865234
1777556610787107,1.9623117446899414,-1.7800570726394653,-5.7966508865356445,-75.42210388183594,-30.688770294189453,-0.23228788375854492
1777556610797054,1.947767734527588,-1.8097211122512817,-5.560435771942139,-72.72186279296875,-30.757369995117188,-0.6338958740234375
1777556610807014,2.5019567012786865,-2.3087003231048584,-6.784170150756836,-90.31487274169922,-39.294593811035156,-3.124368667602539
1777556610817082,3.0190649032592773,-3.4754061698913574,-9.07742977142334,-119.34884643554688,-53.96239471435547,-0.5967893600463867
1777556610827045,3.0173683166503906,-3.4753799438476562,-9.487380981445312,-123.68777465820312,-53.11257553100586,0.6932907104492188
1777556610837020,2.4573140144348145,-2.6157548427581787,-8.054792404174805,-104.42830657958984,-43.03638458251953,1.4814109802246094
1777556610847033,2.0596542358398438,-2.173643112182617,-6.7354960441589355,-87.58428955078125,-36.1502685546875,1.9373054504394531
1777556610857067,1.97748863697052,-2.1897833347320557,-6.376916408538818,-83.9400634765625,-35.64249801635742,2.0030107498168945
1777556610867021,2.156414031982422,-2.5673086643218994,-6.991307258605957,-92.02452850341797,-39.462867736816406,2.2038211822509766
1777556610877049,2.6924655437469482,-3.1761205196380615,-8.478548049926758,-111.51526641845703,-48.72349166870117,0.9211502075195312
1777556610887023,2.977851152420044,-3.124959945678711,-9.014924049377441,-117.43157958984375,-49.179744720458984,-1.1976728439331055
1777556610897034,2.566882371902466,-2.777423143386841,-8.002357482910156,-105.0713119506836,-42.1759033203125,0.11999988555908203
1777556610907042,2.2586898803710938,-2.2764432430267334,-7.132114887237549,-94.3304443359375,-37.58613967895508,0.4165048599243164
1777556610917019,2.0699877738952637,-2.060819625854492,-6.747052192687988,-86.77537536621094,-34.77408218383789,1.3218660354614258
1777556610927014,2.3618974685668945,-2.691220760345459,-7.275396347045898,-97.30482482910156,-41.3975830078125,0.6152706146240234
1777556610937029,2.700932741165161,-3.3324172496795654,-8.68836498260498,-116.73839569091797,-49.719364166259766,1.2503929138183594
1777556610947014,2.4714322090148926,-3.065088987350464,-8.901915550231934,-116.9774169921875,-48.73935317993164,3.7439002990722656
1777556610957037,2.1586036682128906,-2.594702959060669,-7.963545322418213,-104.0701675415039,-41.92374038696289,4.034402847290039
1777556610967017,1.9848859310150146,-2.3404135704040527,-7.184937000274658,-93.78693389892578,-37.907283782958984,3.800779342651367
1777556610977098,1.9680660963058472,-2.3870253562927246,-7.001288414001465,-92.5310287475586,-38.35924530029297,3.5714778900146484
1777556610987023,2.1064834594726562,-2.731616258621216,-7.5808634757995605,-100.50901794433594,-42.72126770019531,3.964571952819824
1777556610997097,2.30374813079834,-3.2332940101623535,-8.619546890258789,-113.48509216308594,-48.82802200317383,5.3272199630737305
1777556611007049,2.309512138366699,-3.537443161010742,-9.25646686553955,-122.30036926269531,-52.53669357299805,7.488146781921387
1777556611017079,2.3166275024414062,-3.4023542404174805,-9.530080795288086,-124.89209747314453,-53.6615104675293,7.5398406982421875
1777556611027028,2.3022923469543457,-3.5487351417541504,-9.822851181030273,-128.20053100585938,-54.78799057006836,8.724752426147461
1777556611037031,2.392159938812256,-3.7605762481689453,-10.213104248046875,-133.12539672851562,-56.85643768310547,9.129169464111328
1777556611047068,2.3714356422424316,-3.8938333988189697,-10.447001457214355,-136.19662475585938,-59.0545539855957,9.779742240905762
1777556611057039,2.284273386001587,-3.774585008621216,-10.318387985229492,-133.26287841796875,-56.35173797607422,10.468483924865723
1777556611066975,2.1768455505371094,-3.5908515453338623,-9.785000801086426,-126.72791290283203,-53.46164321899414,10.40045166015625
1777556611076973,2.196708917617798,-3.5926673412323,-9.746219635009766,-128.31094360351562,-55.6036262512207,9.592740058898926
1777556611086996,2.473907947540283,-3.7063021659851074,-10.433089256286621,-136.52613830566406,-58.793907165527344,8.156620979309082
1777556611096992,2.5861220359802246,-3.7819104194641113,-10.752894401550293,-139.07850646972656,-59.21119689941406,8.014514923095703
1777556611106969,2.576211452484131,-3.7953529357910156,-10.674898147583008,-139.16824340820312,-59.69315719604492,7.898675918579102
1777556611116978,2.576486110687256,-3.9267895221710205,-10.872180938720703,-140.80084228515625,-60.614166259765625,8.67430591583252
1777556611126973,2.543464422225952,-4.048158168792725,-11.032645225524902,-143.20281982421875,-62.38071060180664,9.558942794799805
1777556611136983,2.513887643814087,-4.2308807373046875,-11.321863174438477,-145.90049743652344,-63.89051055908203,11.193750381469727
1777556611146974,2.2867648601531982,-4.281739234924316,-11.209750175476074,-145.97137451171875,-65.14192199707031,13.280841827392578
1777556611157028,2.065326690673828,-4.01643180847168,-10.843931198120117,-140.75230407714844,-62.28200912475586,14.463249206542969
1777556611167010,1.8877545595169067,-3.882185935974121,-10.496930122375488,-135.6769256591797,-60.134033203125,14.910171508789062
1777556611177024,1.89352285861969,-3.8963592052459717,-10.450634956359863,-135.29493713378906,-60.23603057861328,14.98582935333252
1777556611186980,1.9116675853729248,-4.123766899108887,-10.800670623779297,-140.4640655517578,-63.83788299560547,15.991474151611328
1777556611197016,1.948946475982666,-4.321905136108398,-11.325963973999023,-147.46652221679688,-67.5193099975586,16.955551147460938
1777556611206973,1.821800708770752,-4.423327922821045,-11.569360733032227,-150.58709716796875,-69.1988296508789,19.00430679321289
1777556611217031,1.6428656578063965,-4.308644771575928,-11.482357025146484,-148.3645782470703,-68.15644836425781,20.576059341430664
1777556611227022,1.4587254524230957,-4.2029643058776855,-11.13798999786377,-144.47698974609375,-66.82037353515625,21.577167510986328
1777556611236985,1.301534652709961,-4.2162699699401855,-11.133382797241211,-145.07522583007812,-68.35804748535156,22.999942779541016
1777556611247026,1.120469331741333,-4.253293991088867,-11.280177116394043,-147.727783203125,-71.27416229248047,25.31842613220215
1777556611257030,1.0953147411346436,-4.078232288360596,-11.360305786132812,-147.83560180664062,-69.81440734863281,24.89263916015625
1777556611266977,1.2546799182891846,-4.0188822746276855,-11.401729583740234,-146.18504333496094,-67.8374252319336,23.3663330078125
1777556611276979,1.112224817276001,-4.074707508087158,-11.020447731018066,-143.380615234375,-69.48139190673828,24.10252571105957
1777556611286970,0.9592270851135254,-3.733156204223633,-10.503005027770996,-135.98751831054688,-65.21147155761719,23.795705795288086
1777556611296989,0.9627518653869629,-3.779782295227051,-10.480707168579102,-136.20346069335938,-66.80435943603516,23.529651641845703
1777556611306989,1.0023491382598877,-4.310919761657715,-11.523970603942871,-150.57640075683594,-77.52810668945312,25.742801666259766
1777556611316988,0.8517491817474365,-4.432978630065918,-12.26479721069336,-159.93258666992188,-83.09835815429688,28.366134643554688
1777556611326979,0.5961084365844727,-3.7969117164611816,-11.715158462524414,-151.35342407226562,-76.39591979980469,28.430654525756836
1777556611336971,0.4302940368652344,-3.243762731552124,-10.642257690429688,-138.8362274169922,-69.672607421875,26.65679931640625
1777556611346979,0.5259439945220947,-3.5652711391448975,-11.101073265075684,-144.79879760742188,-75.64287567138672,26.705791473388672
1777556611356986,0.5938382148742676,-3.7547290325164795,-11.673959732055664,-150.87115478515625,-79.42578125,27.543655395507812
1777556611366984,0.4252007007598877,-3.492900848388672,-11.309818267822266,-147.5734405517578,-78.1419906616211,27.229022979736328
1777556611376977,0.28592872619628906,-3.4232876300811768,-11.370423316955566,-148.56871032714844,-79.7782211303711,28.06561279296875
1777556611386979,0.24199223518371582,-3.421219825744629,-11.586320877075195,-149.65171813964844,-79.80119323730469,28.628114700317383
1777556611396971,0.23396754264831543,-3.2828292846679688,-11.301226615905762,-145.5192108154297,-77.65335845947266,28.140655517578125
1777556611406973,0.15880227088928223,-2.9496846199035645,-10.611730575561523,-137.29275512695312,-74.00470733642578,26.508459091186523
1777556611416975,0.10250544548034668,-2.82285475730896,-10.434287071228027,-135.5210418701172,-75.20881652832031,25.581750869750977
1777556611427004,0.07007837295532227,-3.0988011360168457,-11.144123077392578,-143.43408203125,-82.40681457519531,26.644594192504883
1777556611437002,0.04060626029968262,-3.113662004470825,-11.471709251403809,-145.5010528564453,-84.58769226074219,27.40200424194336
1777556611446988,-0.0504298210144043,-2.961049795150757,-11.271955490112305,-142.96095275878906,-84.41526794433594,26.926223754882812
1777556611456952,-0.08938479423522949,-3.1889195442199707,-11.768533706665039,-147.72268676757812,-89.99016571044922,27.9661922454834
1777556611466981,-0.15771865844726562,-3.3009727001190186,-12.08548355102539,-149.21978759765625,-92.56946563720703,28.98912811279297
1777556611476984,-0.19488954544067383,-3.1071298122406006,-11.625486373901367,-142.39892578125,-89.05775451660156,27.959598541259766
1777556611486984,-0.20801424980163574,-2.7909395694732666,-10.775369644165039,-132.27297973632812,-83.77095031738281,25.63521385192871
1777556611496974,-0.24011015892028809,-2.574946641921997,-10.16458797454834,-124.58885955810547,-80.468994140625,24.026777267456055
1777556611506989,-0.26711511611938477,-2.67781925201416,-10.503664016723633,-129.20779418945312,-87.25655364990234,23.3181209564209
1777556611516985,-0.3393239974975586,-2.6274592876434326,-11.125516891479492,-136.03500366210938,-93.83712005615234,22.827068328857422
1777556611526974,-0.45313024520874023,-2.6301963329315186,-11.656425476074219,-140.65403747558594,-98.46599578857422,23.579547882080078
1777556611536979,-0.5833227634429932,-2.540949821472168,-11.916606903076172,-142.9024658203125,-101.87220764160156,23.530906677246094
1777556611546980,-0.638906717300415,-1.9860165119171143,-10.974374771118164,-130.56637573242188,-91.96013641357422,21.316057205200195
1777556611556985,-0.6309599876403809,-1.3100234270095825,-9.799501419067383,-120.58477020263672,-86.01606750488281,15.483076095581055
1777556611566977,-0.6113394498825073,-1.0373679399490356,-8.873970031738281,-107.93943786621094,-74.04850006103516,15.597951889038086
1777556611576972,-0.4385324716567993,-1.0635123252868652,-8.069751739501953,-99.3863525390625,-67.88361358642578,14.31358528137207
1777556611586979,-0.4156757593154907,-1.9020036458969116,-9.25250244140625,-113.17236328125,-80.81324768066406,17.72843360900879
1777556611596976,-0.6038351058959961,-3.130363941192627,-12.409934043884277,-148.64845275878906,-111.5529556274414,24.44474220275879
1777556611606975,-0.7907474040985107,-3.177163600921631,-13.581419944763184,-160.2908477783203,-118.15156555175781,27.519264221191406
1777556611616976,-0.8705592155456543,-2.8846869468688965,-13.234915733337402,-155.4717559814453,-113.11250305175781,27.446475982666016
1777556611626975,-0.8554528951644897,-2.4420580863952637,-11.948843955993652,-140.35101318359375,-100.19676971435547,25.71063232421875
1777556611636985,-0.6794581413269043,-1.7676613330841064,-9.563867568969727,-113.86810302734375,-78.20132446289062,21.705026626586914
1777556611647020,-0.5978460311889648,-1.9593364000320435,-9.334000587463379,-112.068359375,-80.45109558105469,20.25882339477539
1777556611656997,-0.7643352746963501,-2.384587049484253,-11.10963249206543,-130.11207580566406,-99.99536895751953,21.51705551147461
1777556611666985,-0.7797760963439941,-2.449887275695801,-11.488960266113281,-135.4585723876953,-102.60260772705078,22.19584846496582
1777556611676982,-0.8187689781188965,-2.408137083053589,-11.61156177520752,-137.00096130371094,-102.64684295654297,22.886690139770508
1777556611686985,-0.7637593746185303,-2.170283794403076,-11.390140533447266,-135.14443969726562,-99.73875427246094,21.62371063232422
1777556611696983,-0.674216628074646,-1.7925562858581543,-10.22077751159668,-123.28483581542969,-87.69998168945312,19.937889099121094
1777556611706976,-0.5687160491943359,-1.7784110307693481,-10.079202651977539,-123.35282897949219,-87.5788803100586,18.755352020263672
1777556611716978,-0.4903087615966797,-1.7650524377822876,-10.514720916748047,-130.66497802734375,-92.09416961669922,17.443832397460938
1777556611726986,-0.32918763160705566,-1.4037612676620483,-10.52905559539795,-132.23849487304688,-90.66288757324219,15.073762893676758
1777556611736982,-0.17795228958129883,-0.9958690404891968,-10.28134536743164,-130.61573791503906,-86.43910217285156,11.87339973449707
1777556611746982,-0.05123496055603027,-0.745467483997345,-9.866991996765137,-127.3814697265625,-81.782470703125,9.857826232910156
1777556611756978,0.06621217727661133,-0.766793429851532,-10.258251190185547,-134.25869750976562,-86.68133544921875,8.553871154785156
1777556611766982,0.11181116104125977,-0.8795526623725891,-11.215038299560547,-146.8247833251953,-94.7083969116211,8.525474548339844
1777556611776994,0.20914435386657715,-0.9448521137237549,-12.615291595458984,-163.5029296875,-105.87322998046875,8.072494506835938
1777556611786964,0.08527040481567383,-0.952350914478302,-13.18295669555664,-169.6734161376953,-108.77780151367188,10.016252517700195
1777556611796990,-0.09615111351013184,-0.9918848872184753,-13.179864883422852,-168.24288940429688,-106.95970916748047,12.596412658691406
1777556611806933,-0.1734938621520996,-0.7053140997886658,-11.762025833129883,-149.837158203125,-91.57585906982422,13.367231369018555
1777556611816994,-0.06551837921142578,-0.4846615791320801,-10.131269454956055,-131.03306579589844,-78.09783935546875,11.49909782409668
1777556611826990,0.013012886047363281,-0.7607356309890747,-10.168181419372559,-134.353759765625,-83.78836059570312,10.319259643554688
1777556611836992,0.15343666076660156,-0.8103830814361572,-11.521240234375,-152.8657684326172,-97.8340072631836,7.854242324829102
1777556611846978,0.18334722518920898,-0.5509355068206787,-11.907339096069336,-156.18435668945312,-96.5979995727539,7.804914474487305
1777556611856986,0.2023472785949707,-0.36825475096702576,-11.311766624450684,-148.57179260253906,-89.61206817626953,7.9351348876953125
1777556611866959,0.16092634201049805,-0.4663695991039276,-10.878195762634277,-143.95176696777344,-86.3572006225586,8.654071807861328
1777556611876916,0.40714263916015625,-0.4929508864879608,-11.436227798461914,-152.3853759765625,-92.546142578125,5.8009796142578125
1777556611886850,0.8574378490447998,-0.21088539063930511,-12.454020500183105,-165.43624877929688,-99.91063690185547,-0.13238906860351562
1777556611896866,1.0026378631591797,0.007862761616706848,-12.466592788696289,-165.98548889160156,-97.55016326904297,-1.9253501892089844
1777556611906906,1.112203598022461,0.2723887264728546,-11.958203315734863,-160.04608154296875,-91.91912841796875,-3.5870800018310547
1777556611916899,1.1241202354431152,0.22122129797935486,-11.985107421875,-160.40701293945312,-92.8551025390625,-3.766895294189453
1777556611926900,1.2207787036895752,0.15293338894844055,-12.213394165039062,-163.91677856445312,-95.10821533203125,-4.494476318359375
1777556611936898,1.2526109218597412,0.23979051411151886,-12.186731338500977,-163.28961181640625,-94.01828002929688,-5.145687103271484
1777556611946905,1.3682708740234375,0.21427346765995026,-12.030692100524902,-161.51956176757812,-91.68462371826172,-5.377052307128906
1777556611956904,1.3744089603424072,0.18041597306728363,-11.74691390991211,-159.43516540527344,-89.93650817871094,-5.197612762451172
1777556611966904,1.5958375930786133,0.22699375450611115,-11.936548233032227,-162.1787567138672,-90.09915924072266,-6.944787979125977
1777556611977009,1.7721545696258545,0.2800997495651245,-12.191635131835938,-167.40174865722656,-92.7747573852539,-9.002054214477539
1777556611986905,1.8799371719360352,0.32459965348243713,-12.716033935546875,-173.76541137695312,-96.06141662597656,-9.78148078918457
1777556611996979,1.8245549201965332,0.2549550235271454,-12.900790214538574,-175.90475463867188,-96.28510284423828,-8.260456085205078
1777556612006901,1.6227304935455322,0.22120344638824463,-12.412972450256348,-170.95928955078125,-91.27919006347656,-5.114788055419922
1777556612017000,1.539360523223877,0.39201876521110535,-11.629846572875977,-160.94525146484375,-83.08575439453125,-4.1729583740234375
1777556612026977,1.352057933807373,0.4662885367870331,-10.444656372070312,-146.2119903564453,-72.2187271118164,-2.392322540283203
1777556612036900,1.3160099983215332,0.5204988718032837,-9.246037483215332,-131.2855224609375,-61.60736846923828,-1.9613933563232422
1777556612046994,1.468611478805542,0.41036736965179443,-8.76119613647461,-126.65675354003906,-58.905670166015625,-3.2353477478027344
1777556612056979,1.8036646842956543,0.2304486334323883,-9.496322631835938,-138.45608520507812,-66.86857604980469,-6.054155349731445
1777556612066899,2.17206072807312,0.2250698208808899,-10.726012229919434,-155.36297607421875,-75.65950012207031,-8.931650161743164
1777556612076891,2.1456007957458496,0.5925702452659607,-11.38983154296875,-159.23748779296875,-77.83197784423828,-10.76491928100586
1777556612086893,1.598642349243164,0.8504684567451477,-11.167667388916016,-142.08843994140625,-73.72016906738281,-8.215446472167969
1777556612096902,1.7252721786499023,0.33657920360565186,-8.704713821411133,-121.474365234375,-61.4495964050293,-7.655551910400391
1777556612106896,1.4867737293243408,0.5387423038482666,-8.286479949951172,-113.27278137207031,-58.11113357543945,-7.390356063842773
1777556612116903,1.1232542991638184,0.5186888575553894,-9.301344871520996,-110.52374267578125,-67.24897003173828,-6.375646591186523
1777556612126915,1.5764212608337402,0.018374091014266014,-8.970754623413086,-115.08834075927734,-73.50473022460938,-10.264057159423828
1777556612136898,1.6720964908599854,-0.09350261092185974,-9.245439529418945,-121.876220703125,-74.83019256591797,-9.774717330932617
1777556612146893,1.959947109222412,-0.14833498001098633,-9.116286277770996,-125.92256164550781,-70.55461883544922,-9.700325012207031
1777556612156904,2.0878469944000244,-0.008682871237397194,-8.350497245788574,-124.08191680908203,-60.85151290893555,-9.03787612915039
1777556612166900,1.9896864891052246,0.2678370773792267,-8.176919937133789,-121.89009857177734,-53.62428283691406,-7.116701126098633
1777556612176981,1.9289805889129639,0.38393545150756836,-8.218194961547852,-120.8349609375,-51.73781204223633,-6.483005523681641
1777556612186897,1.9039208889007568,0.36915159225463867,-8.182432174682617,-121.14080047607422,-52.40065383911133,-6.328212738037109
1777556612196897,1.9049229621887207,0.39072179794311523,-8.17063045501709,-121.27861022949219,-51.801292419433594,-6.271474838256836
1777556612206908,1.938441514968872,0.43828076124191284,-8.171727180480957,-120.69914245605469,-51.168006896972656,-6.54632568359375
1777556612216905,1.9443790912628174,0.4320497214794159,-8.127479553222656,-120.28555297851562,-50.72463607788086,-6.723421096801758
1777556612226902,1.9787540435791016,0.49900928139686584,-8.06409740447998,-118.79926300048828,-49.18184280395508,-7.04896354675293
1777556612236892,1.9687819480895996,0.5140820145606995,-7.886873245239258,-116.6207504272461,-47.76277542114258,-7.540912628173828
1777556612246896,2.1918458938598633,0.46212244033813477,-8.098920822143555,-120.10799407958984,-49.993282318115234,-8.966131210327148
1777556612256904,2.337322473526001,0.35283881425857544,-8.603617668151855,-126.9500503540039,-53.487823486328125,-10.112617492675781
1777556612266897,2.4693801403045654,0.4438400864601135,-8.774587631225586,-128.90553283691406,-52.66826248168945,-11.182910919189453
1777556612276861,2.3965883255004883,0.4862242639064789,-8.427130699157715,-123.00694274902344,-48.721988677978516,-10.487447738647461
1777556612286856,2.302354097366333,0.46894362568855286,-7.861949443817139,-114.46761322021484,-44.386173248291016,-9.956958770751953
1777556612296857,2.225355863571167,0.44500717520713806,-7.355146884918213,-107.11418151855469,-41.300926208496094,-9.915670394897461
1777556612306862,2.3874497413635254,0.356155127286911,-7.327758312225342,-107.16262817382812,-42.02023696899414,-11.570322036743164
1777556612316875,2.924086332321167,0.11256773769855499,-8.324819564819336,-122.87196350097656,-50.55746841430664,-15.259565353393555
1777556612326866,3.5581552982330322,-0.054712675511837006,-9.82115364074707,-141.49095153808594,-57.592132568359375,-18.995729446411133
1777556612336877,3.7749593257904053,-0.15373671054840088,-10.422616004943848,-147.7433624267578,-57.972564697265625,-19.2761173248291
1777556612346851,3.4940929412841797,-0.10987082868814468,-9.702493667602539,-136.2197265625,-50.68239212036133,-16.936975479125977
1777556612356858,2.941981077194214,-0.020265348255634308,-8.154874801635742,-113.53922271728516,-39.740074157714844,-13.151330947875977
1777556612366865,2.83077335357666,-0.15655596554279327,-7.317743301391602,-102.94945526123047,-37.294090270996094,-13.250911712646484
1777556612376876,3.0411014556884766,-0.3124053478240967,-7.373862266540527,-105.73965454101562,-39.427772521972656,-15.136077880859375
1777556612386833,3.3354132175445557,-0.417319655418396,-7.9341511726379395,-114.70389556884766,-43.655052185058594,-17.112674713134766
1777556612396873,3.4195497035980225,-0.3969730734825134,-8.376072883605957,-119.46969604492188,-44.93912887573242,-17.278501510620117
1777556612406845,3.5086777210235596,-0.4453546702861786,-8.686951637268066,-124.04594421386719,-46.234130859375,-17.421600341796875
1777556612416867,3.308830499649048,-0.36095643043518066,-8.497892379760742,-119.22889709472656,-43.012611389160156,-15.54038143157959
1777556612426866,3.0917253494262695,-0.31707215309143066,-7.8591156005859375,-110.17431640625,-38.573909759521484,-14.104836463928223
1777556612436817,3.0107359886169434,-0.37224578857421875,-7.446493148803711,-105.16935729980469,-37.462459564208984,-13.671571731567383
1777556612446839,3.359330654144287,-0.5904427170753479,-8.08853530883789,-116.37905883789062,-43.923160552978516,-16.601104736328125
1777556612456867,3.69345760345459,-0.6542908549308777,-9.02741813659668,-129.36143493652344,-48.28999328613281,-18.281864166259766
1777556612466834,3.7593564987182617,-0.5656077861785889,-9.406466484069824,-133.0566864013672,-48.616355895996094,-18.423341751098633
1777556612476819,3.7831311225891113,-0.5059647560119629,-9.493846893310547,-134.43263244628906,-48.41384506225586,-18.69062614440918
1777556612486833,3.5754237174987793,-0.4502716362476349,-9.114946365356445,-127.54930114746094,-44.42398452758789,-16.987773895263672
1777556612496826,3.573648452758789,-0.5975709557533264,-8.921671867370605,-125.45075225830078,-44.365135192871094,-16.982648849487305
1777556612506823,3.7126033306121826,-0.7464205622673035,-9.136929512023926,-129.15838623046875,-46.73612594604492,-17.70880889892578
1777556612516822,3.457321882247925,-0.5955289006233215,-8.691863059997559,-121.14691162109375,-42.457889556884766,-15.943829536437988
1777556612526827,3.0953497886657715,-0.4850659966468811,-7.726117134094238,-107.8878402709961,-37.036434173583984,-13.753586769104004
1777556612536826,3.2227096557617188,-0.6900491118431091,-7.631414413452148,-107.78688049316406,-38.31103515625,-14.858948707580566
1777556612546825,3.7326297760009766,-1.1065640449523926,-8.64720344543457,-122.065673828125,-45.02239990234375,-17.418001174926758
1777556612556840,4.116201400756836,-1.3308426141738892,-9.653857231140137,-135.27957153320312,-49.6251335144043,-19.135543823242188
1777556612566841,4.19808292388916,-1.3435592651367188,-10.028146743774414,-138.860107421875,-49.80146408081055,-18.917984008789062
1777556612576800,3.7817118167877197,-1.088750958442688,-9.182680130004883,-125.7063980102539,-42.88975524902344,-16.172910690307617
1777556612586809,3.216987133026123,-0.7756044268608093,-7.661547660827637,-104.41976165771484,-34.36033630371094,-13.902412414550781
1777556612596819,2.965683937072754,-0.7227733731269836,-6.765254020690918,-93.20497131347656,-32.0775032043457,-13.153549194335938
1777556612606784,2.982196569442749,-0.8539927005767822,-6.660769462585449,-92.27242279052734,-32.896793365478516,-13.374734878540039
1777556612616873,3.5245769023895264,-1.1804594993591309,-7.647672653198242,-106.99321746826172,-39.85242462158203,-16.44269561767578
1777556612626873,4.301009654998779,-1.7470722198486328,-9.581238746643066,-133.85797119140625,-50.98476791381836,-19.904212951660156
1777556612636865,5.187319755554199,-2.3125078678131104,-11.89632511138916,-166.04150390625,-63.33397674560547,-23.384063720703125
1777556612646868,5.218783378601074,-2.139530658721924,-12.502599716186523,-171.53704833984375,-63.55306625366211,-22.750883102416992
1777556612656871,3.954237937927246,-1.3713172674179077,-10.093780517578125,-134.82296752929688,-45.56264877319336,-15.162128448486328
1777556612666828,2.5927188396453857,-0.7560358047485352,-6.790774345397949,-87.89013671875,-28.332477569580078,-8.308326721191406
1777556612676863,1.903425693511963,-0.6221102476119995,-4.658112525939941,-59.485191345214844,-20.43335723876953,-5.396170616149902
1777556612686832,1.979848861694336,-0.9974019527435303,-4.4056396484375,-58.31688690185547,-22.56734275817871,-5.6994948387146
1777556612696814,2.860398054122925,-1.8973381519317627,-6.404061317443848,-87.86676788330078,-36.8118896484375,-9.647111892700195
1777556612706821,4.450971603393555,-3.1139259338378906,-10.241655349731445,-143.26376342773438,-59.69152069091797,-16.137962341308594
1777556612716857,5.431456565856934,-3.58797287940979,-13.268472671508789,-181.8208770751953,-72.60869598388672,-19.335203170776367
1777556612726812,4.700685024261475,-2.657865285873413,-12.078770637512207,-162.5203094482422,-59.96259689331055,-15.722372055053711
1777556612736810,2.923074245452881,-1.3373048305511475,-8.144251823425293,-105.00977325439453,-34.564239501953125,-7.119049072265625
1777556612746814,1.7430367469787598,-0.6559914350509644,-4.740065097808838,-58.7867317199707,-18.89603042602539,-2.9301209449768066
1777556612756815,1.2868273258209229,-0.5783060193061829,-3.1169190406799316,-37.700111389160156,-13.396478652954102,-1.9158523082733154
1777556612766823,2.1531457901000977,-1.4764467477798462,-4.69327449798584,-63.296146392822266,-27.642940521240234,-6.116599082946777
1777556612776859,4.062938213348389,-2.660728931427002,-8.799185752868652,-123.03305053710938,-51.75715255737305,-15.981023788452148
1777556612786810,5.135516166687012,-3.17230224609375,-11.920855522155762,-163.72731018066406,-65.20882415771484,-20.085966110229492
1777556612796869,5.3448944091796875,-3.159775972366333,-13.026216506958008,-175.12152099609375,-67.26399993896484,-19.83031463623047
1777556612806802,4.340492248535156,-2.2532222270965576,-10.896799087524414,-144.471923828125,-52.49555206298828,-14.924836158752441
1777556612816880,2.787576198577881,-1.3168615102767944,-7.3815717697143555,-94.51280212402344,-33.03849792480469,-7.482336044311523
1777556612826874,2.0979883670806885,-0.9387663006782532,-5.150627613067627,-65.64373016357422,-24.142698287963867,-5.635106086730957
1777556612836815,2.1321656703948975,-1.0945626497268677,-4.775860786437988,-62.91680145263672,-25.238941192626953,-6.573614120483398
1777556612846834,2.899484395980835,-1.9071969985961914,-6.619431495666504,-88.36270141601562,-38.0536994934082,-9.343523025512695
1777556612856869,4.027757167816162,-2.9766716957092285,-9.587364196777344,-128.3902587890625,-55.622764587402344,-12.434688568115234
1777556612866787,3.9135470390319824,-2.8812291622161865,-9.925690650939941,-130.7167205810547,-54.18120574951172,-10.54395580291748
1777556612876819,2.7262797355651855,-2.5846714973449707,-8.088780403137207,-105.04898834228516,-43.22862243652344,-1.6963701248168945
1777556612886821,2.156562089920044,-2.1648106575012207,-6.71121883392334,-87.83287811279297,-36.655189514160156,0.4573230743408203
1777556612896814,1.965323805809021,-2.067687511444092,-6.192358016967773,-81.44669342041016,-34.052940368652344,1.4401416778564453
1777556612906826,2.3849048614501953,-2.366506576538086,-6.918857097625732,-91.7475357055664,-39.39726257324219,-0.8115644454956055
1777556612916821,2.4382104873657227,-2.775895595550537,-7.565158843994141,-100.27021789550781,-43.505271911621094,0.9626846313476562
1777556612926834,2.5824904441833496,-3.0570907592773438,-8.261802673339844,-108.21025848388672,-46.5450439453125,1.6895456314086914
1777556612936813,2.8010778427124023,-3.0491456985473633,-8.7324857711792,-114.01470947265625,-48.80108642578125,0.19371986389160156
1777556612946814,2.478877544403076,-2.8933873176574707,-8.207446098327637,-108.16307830810547,-46.67045211791992,1.9048871994018555
1777556612956828,2.1136374473571777,-2.6144919395446777,-7.517642974853516,-98.21430969238281,-41.355865478515625,3.8598241806030273
1777556612966820,2.074150323867798,-2.4937984943389893,-7.229815483093262,-95.35736083984375,-40.40035629272461,3.5203542709350586
1777556612976827,2.1842308044433594,-2.3855700492858887,-7.186265468597412,-93.37007141113281,-38.525333404541016,1.9840726852416992
1777556612986811,2.383230447769165,-2.626753807067871,-7.431402206420898,-98.28715515136719,-41.49565887451172,0.7245597839355469
1777556612996830,2.706219434738159,-2.9354045391082764,-8.15066909790039,-109.73275756835938,-45.21735763549805,-0.7122354507446289
1777556613006785,2.495759963989258,-2.4907193183898926,-8.21549129486084,-107.18196105957031,-43.52952194213867,0.619694709777832
1777556613016815,2.294109344482422,-2.583191156387329,-7.728597640991211,-101.73881530761719,-42.0054931640625,2.5464677810668945
1777556613026809,2.251376152038574,-2.5340397357940674,-7.487897872924805,-98.5018081665039,-40.280113220214844,2.204470634460449
1777556613036820,2.07609224319458,-2.4274394512176514,-7.20495080947876,-95.43910217285156,-39.49613571166992,3.0285263061523438
1777556613046815,2.061920404434204,-2.426262617111206,-7.257566452026367,-96.053955078125,-40.109336853027344,3.3449764251708984
1777556613056820,2.171123743057251,-2.697345495223999,-7.708555698394775,-102.09371948242188,-42.9766845703125,3.6886138916015625
1777556613066781,2.1360692977905273,-2.7304799556732178,-7.841027736663818,-103.65003967285156,-43.286190032958984,4.322376251220703
1777556613076808,2.0500192642211914,-2.7011446952819824,-7.77030086517334,-102.4074478149414,-42.64644241333008,5.008357048034668
1777556613086804,2.1072680950164795,-2.883561372756958,-8.031028747558594,-105.36712646484375,-44.39206314086914,5.817269325256348
1777556613096808,2.2544939517974854,-3.15224289894104,-8.612884521484375,-113.73116302490234,-48.64171600341797,5.766653060913086
1777556613106772,2.4197328090667725,-3.622913360595703,-9.562753677368164,-128.11688232421875,-55.74471664428711,6.989892959594727
1777556613116778,2.371713638305664,-3.65793514251709,-10.23110294342041,-134.79043579101562,-57.70404815673828,8.910536766052246
1777556613126777,2.2850615978240967,-3.5731682777404785,-10.138423919677734,-132.84295654296875,-56.03470230102539,9.721232414245605
1777556613136777,2.2307651042938232,-3.5062904357910156,-9.902942657470703,-129.3995361328125,-54.44535827636719,9.691732406616211
1777556613146787,2.238539218902588,-3.4725871086120605,-9.812198638916016,-128.84548950195312,-54.985191345214844,9.165557861328125
1777556613156781,2.2235398292541504,-3.5668468475341797,-9.917710304260254,-129.72296142578125,-55.19832992553711,10.031007766723633
1777556613166786,2.2166757583618164,-3.688430070877075,-10.034067153930664,-131.5074920654297,-56.652713775634766,10.46726131439209
1777556613176812,2.367770195007324,-3.655844211578369,-10.282054901123047,-135.492919921875,-58.48820877075195,9.031915664672852
1777556613186784,2.397864580154419,-3.865697145462036,-10.692562103271484,-140.69796752929688,-61.095542907714844,10.143423080444336
1777556613196814,2.503178358078003,-3.8135364055633545,-10.922292709350586,-141.96102905273438,-60.71952819824219,9.348609924316406
1777556613206776,2.5004873275756836,-3.6958189010620117,-10.728692054748535,-139.79217529296875,-60.16679000854492,8.656454086303711
1777556613216823,2.4523653984069824,-3.78428053855896,-10.677541732788086,-138.64622497558594,-60.128883361816406,9.501813888549805
1777556613226809,2.4379520416259766,-3.9938876628875732,-10.88206672668457,-142.2674102783203,-63.30034637451172,10.286954879760742
1777556613236808,2.2771146297454834,-4.151341438293457,-11.134754180908203,-144.7960205078125,-64.93604278564453,12.77387809753418
1777556613246824,2.0344672203063965,-4.155149936676025,-11.06804370880127,-144.3254852294922,-65.95281219482422,15.384515762329102
1777556613256866,1.8937451839447021,-4.01636266708374,-11.010107040405273,-143.002197265625,-64.93048858642578,16.38796043395996
1777556613266776,1.8304476737976074,-3.9477686882019043,-10.822750091552734,-140.5841522216797,-63.45088577270508,16.68501853942871
1777556613276776,1.8382108211517334,-3.982900857925415,-10.883960723876953,-140.7148895263672,-63.9151496887207,16.682477951049805
1777556613286785,1.9362988471984863,-4.200602054595947,-11.208951950073242,-145.78936767578125,-67.2619857788086,16.631458282470703
1777556613296772,1.886148452758789,-4.391880512237549,-11.629539489746094,-151.8548126220703,-71.51597595214844,18.078386306762695
1777556613306793,1.737135410308838,-4.20448112487793,-11.495737075805664,-148.69583129882812,-68.83751678466797,19.403745651245117
1777556613316767,1.5874733924865723,-4.041330337524414,-11.03769588470459,-142.94000244140625,-66.41138458251953,19.598766326904297
1777556613326764,1.5288116931915283,-4.236426830291748,-11.207826614379883,-145.6022186279297,-69.50428771972656,20.832197189331055
1777556613336795,1.347825288772583,-4.371950149536133,-11.432544708251953,-149.18516540527344,-72.91658782958984,23.377151489257812
1777556613346787,1.088301420211792,-4.201573848724365,-11.40008544921875,-149.2015838623047,-73.36856842041016,25.079113006591797
1777556613356791,1.237609624862671,-3.913114070892334,-11.41264533996582,-146.70654296875,-69.09375,23.04263687133789
1777556613366774,1.2184853553771973,-3.935718536376953,-11.037521362304688,-142.0750274658203,-68.56532287597656,22.716089248657227
1777556613376780,1.0478127002716064,-3.800149917602539,-10.581827163696289,-138.27279663085938,-67.88750457763672,22.847749710083008
1777556613386775,1.1340677738189697,-3.8867788314819336,-10.920401573181152,-140.85891723632812,-69.42152404785156,22.937116622924805
1777556613396776,1.1771612167358398,-4.1050262451171875,-11.310186386108398,-145.97348022460938,-74.09259033203125,23.470020294189453
1777556613406778,1.015315294265747,-4.415581703186035,-11.949079513549805,-155.6400909423828,-82.16746520996094,26.269365310668945
1777556613416768,0.7882022857666016,-4.214109420776367,-12.185626029968262,-158.25250244140625,-83.40821838378906,28.096702575683594
1777556613426778,0.6665863990783691,-3.4725356101989746,-11.241975784301758,-142.9852294921875,-71.65156555175781,26.356279373168945
1777556613436804,0.6101622581481934,-3.1798040866851807,-10.138100624084473,-131.89813232421875,-66.8685302734375,23.867351531982422
1777556613446777,0.6597990989685059,-3.6049606800079346,-10.750402450561523,-141.16168212890625,-75.53716278076172,24.865053176879883
1777556613456786,0.5737547874450684,-3.788726568222046,-11.506814956665039,-150.0350341796875,-80.98091888427734,27.065227508544922
1777556613466732,0.3879203796386719,-3.454713821411133,-11.23707389831543,-146.59161376953125,-77.87245178222656,27.575441360473633
1777556613476742,0.33162879943847656,-3.4676709175109863,-11.460549354553223,-149.01295471191406,-80.02909851074219,27.752695083618164
1777556613486734,0.2966606616973877,-3.2255594730377197,-11.214532852172852,-144.97491455078125,-76.60855102539062,27.45565414428711
1777556613496739,0.16360092163085938,-2.900608539581299,-10.454383850097656,-136.44544982910156,-72.22039794921875,26.37680435180664
1777556613506741,0.09197640419006348,-2.8100078105926514,-10.416410446166992,-137.32888793945312,-75.15579986572266,25.58993148803711
1777556613516789,0.04979372024536133,-2.9949450492858887,-11.144527435302734,-145.77915954589844,-82.36412048339844,26.981525421142578
1777556613526757,-0.0684499740600586,-2.82401180267334,-11.351544380187988,-147.48751831054688,-83.58682250976562,27.215620040893555
1777556613536771,-0.11379885673522949,-2.6732583045959473,-11.328454971313477,-145.98277282714844,-83.3887939453125,26.836435317993164
1777556613546733,-0.1288163661956787,-2.7322051525115967,-11.47758674621582,-146.8233642578125,-85.73458099365234,26.798324584960938
1777556613556753,-0.18577194213867188,-2.9220218658447266,-11.887822151184082,-150.3644561767578,-90.36339569091797,27.78743553161621
1777556613566764,-0.18903350830078125,-2.9216768741607666,-11.840652465820312,-147.5619354248047,-89.5807876586914,27.987680435180664
1777556613576782,-0.19098234176635742,-2.401315927505493,-10.60745620727539,-132.3719024658203,-80.25865173339844,24.796283721923828
1777556613586750,-0.24142050743103027,-2.3021326065063477,-10.045190811157227,-125.83049774169922,-79.06409454345703,23.188335418701172
1777556613596789,-0.2961299419403076,-2.405869722366333,-10.603167533874512,-133.1737823486328,-87.6894302368164,22.3814697265625
1777556613606730,-0.37391018867492676,-2.396561622619629,-11.43669605255127,-142.26148986816406,-95.66729736328125,22.483692169189453
1777556613616785,-0.44062018394470215,-2.3808043003082275,-11.926309585571289,-145.52420043945312,-98.43951416015625,23.165878295898438
1777556613626780,-0.48138999938964844,-2.143373727798462,-11.36993408203125,-138.48390197753906,-93.89197540283203,22.173524856567383
1777556613636731,-0.46588850021362305,-1.64784574508667,-10.17276382446289,-124.10227966308594,-83.20565032958984,19.25162124633789
1777556613646733,-0.47797203063964844,-1.740818738937378,-10.53083324432373,-131.0059814453125,-92.44068908691406,17.29210090637207
1777556613656749,-0.5974485874176025,-1.7449249029159546,-10.681170463562012,-129.34017944335938,-90.08308410644531,19.67473793029785
1777556613666722,-0.48986589908599854,-1.2252395153045654,-8.916072845458984,-108.68277740478516,-72.5243148803711,16.83559226989746
1777556613676721,-0.3662527799606323,-1.395291805267334,-8.472146034240723,-105.61133575439453,-72.07405090332031,15.929901123046875
1777556613686721,-0.45424818992614746,-2.229628801345825,-10.245312690734863,-125.98139953613281,-90.87266540527344,19.3001708984375
1777556613696731,-0.6414291858673096,-2.8171963691711426,-12.453984260559082,-150.04852294921875,-110.69598388671875,23.378259658813477
1777556613706667,-0.7849760055541992,-2.7777905464172363,-13.14932632446289,-156.21792602539062,-113.6111068725586,25.435104370117188
1777556613716688,-0.8457174301147461,-2.7508859634399414,-13.09714126586914,-153.92579650878906,-111.67376708984375,26.420412063598633
1777556613726642,-0.7989968061447144,-2.185317039489746,-11.560615539550781,-136.32290649414062,-97.01021575927734,23.803543090820312
1777556613736675,-0.6726396083831787,-1.479877233505249,-9.172273635864258,-108.2909164428711,-74.50934600830078,19.742202758789062
1777556613746722,-0.6129840612411499,-1.7993335723876953,-9.059809684753418,-108.3812026977539,-79.39984130859375,18.6951961517334
1777556613756660,-0.6421084403991699,-2.4640069007873535,-11.361183166503906,-134.9683380126953,-104.04843139648438,20.252111434936523
1777556613766628,-0.7652044296264648,-2.4954230785369873,-12.352965354919434,-145.17388916015625,-110.56048583984375,21.882474899291992
1777556613776705,-0.8099665641784668,-2.401806116104126,-12.470694541931152,-145.6982879638672,-109.26675415039062,22.524995803833008
1777556613786664,-0.6881403923034668,-1.819737195968628,-10.975238800048828,-129.5806121826172,-94.38761901855469,19.925006866455078
1777556613796747,-0.4771862030029297,-1.2221695184707642,-8.754828453063965,-106.06834411621094,-72.53833770751953,16.344484329223633
1777556613806664,-0.404710054397583,-1.7509604692459106,-9.586467742919922,-119.12960815429688,-85.73047637939453,16.391504287719727
1777556613816687,-0.38274478912353516,-1.9031212329864502,-11.600976943969727,-144.38156127929688,-105.50125122070312,15.84035873413086
1777556613826738,-0.23649120330810547,-1.0557845830917358,-11.185409545898438,-139.1348114013672,-94.69721984863281,12.395439147949219
1777556613836668,-0.15065217018127441,-0.7131011486053467,-10.027215957641602,-126.72148132324219,-82.4077377319336,10.70161247253418
1777556613846702,0.04431891441345215,-0.6373288631439209,-9.725899696350098,-125.8657455444336,-81.54649353027344,8.479108810424805
1777556613856704,0.1645219326019287,-0.5936734080314636,-9.92782211303711,-129.57838439941406,-82.61372375488281,7.203924179077148
1777556613866615,0.20414376258850098,-0.9467933773994446,-11.376546859741211,-148.73638916015625,-96.5953369140625,7.689411163330078
1777556613876657,0.25725746154785156,-1.0270986557006836,-12.962360382080078,-167.91928100585938,-109.72386932373047,8.048074722290039
1777556613886653,0.06890988349914551,-1.0853428840637207,-13.872329711914062,-178.04693603515625,-114.9657211303711,10.478044509887695
1777556613896635,-0.14317035675048828,-1.0534355640411377,-13.728464126586914,-174.28793334960938,-110.67044067382812,13.541807174682617
1777556613906632,-0.08394217491149902,-0.45247882604599,-11.622360229492188,-147.05752563476562,-87.9315185546875,11.988183975219727
1777556613916671,0.011574029922485352,-0.21834835410118103,-9.244270324707031,-119.73370361328125,-68.90877532958984,9.859321594238281
1777556613926632,0.14426612854003906,-0.7089532613754272,-9.595020294189453,-128.6862030029297,-80.27297973632812,8.438436508178711
1777556613936692,0.28870224952697754,-0.8862034678459167,-11.547572135925293,-154.8182830810547,-99.1488037109375,6.732664108276367
1777556613946658,0.2527885437011719,-0.6604882478713989,-12.335857391357422,-161.56805419921875,-100.24212646484375,7.7883148193359375
1777556613956680,0.2786064147949219,-0.45682433247566223,-11.886287689208984,-155.18917846679688,-93.17169189453125,7.917531967163086
1777556613966688,0.31237101554870605,-0.3602568209171295,-11.213590621948242,-147.93736267089844,-87.98182678222656,6.927223205566406
1777556613976710,0.6798715591430664,-0.2888985872268677,-11.65998649597168,-154.93849182128906,-92.9057388305664,2.665018081665039
1777556613986660,1.0144107341766357,-0.12849454581737518,-12.307880401611328,-163.7086181640625,-97.38996887207031,-1.6180686950683594
1777556613996760,1.269545555114746,0.24436628818511963,-11.976624488830566,-160.3776092529297,-91.62158966064453,-5.033376693725586
1777556614006705,1.2668280601501465,0.393717885017395,-11.394865989685059,-153.1962432861328,-86.81549835205078,-5.443990707397461
1777556614016761,1.3499009609222412,0.14901036024093628,-11.857620239257812,-160.73104858398438,-93.47599029541016,-5.790163040161133
1777556614026771,1.498877763748169,0.062056828290224075,-12.991982460021973,-174.97698974609375,-103.34105682373047,-7.139560699462891
1777556614036733,1.6043322086334229,0.17283663153648376,-13.405360221862793,-178.25686645507812,-102.88884735107422,-7.326686859130859
1777556614046734,1.597710132598877,0.38756683468818665,-12.448522567749023,-165.6968536376953,-92.15007019042969,-7.171134948730469
1777556614056758,1.5571322441101074,0.4231239855289459,-11.198461532592773,-151.46316528320312,-81.63729858398438,-6.551929473876953
1777556614066723,1.7076117992401123,0.304595023393631,-11.076925277709961,-153.0654296875,-83.34580993652344,-8.15022087097168
1777556614076707,2.037437915802002,0.18035733699798584,-12.332321166992188,-170.62054443359375,-94.67453002929688,-11.004465103149414
1777556614086724,2.1571273803710938,0.24643923342227936,-13.324681282043457,-182.8098907470703,-101.0582504272461,-11.670665740966797
1777556614096728,1.9034042358398438,0.23367995023727417,-13.084312438964844,-179.10055541992188,-96.07278442382812,-7.721704483032227
1777556614106659,1.6513583660125732,0.38671037554740906,-11.966703414916992,-164.73583984375,-84.47360229492188,-5.25098991394043
1777556614116719,1.4827351570129395,0.4297396242618561,-10.795272827148438,-151.77969360351562,-75.54761505126953,-3.4093379974365234
1777556614126637,1.5089457035064697,0.4613763988018036,-10.077204704284668,-142.9434814453125,-68.72781372070312,-3.3372631072998047
1777556614136654,1.5685310363769531,0.49620404839515686,-9.301643371582031,-133.1369171142578,-61.27296829223633,-3.727682113647461
1777556614146623,1.7297639846801758,0.36137890815734863,-9.139491081237793,-132.5810546875,-61.23710250854492,-5.03282356262207
1777556614156672,2.025038957595825,0.22129644453525543,-9.917776107788086,-144.74559020996094,-69.08917999267578,-7.213321685791016
1777556614166630,2.296112537384033,0.30436086654663086,-10.929689407348633,-157.29916381835938,-74.86166381835938,-9.947029113769531
1777556614176651,1.86509370803833,0.7345454096794128,-11.551152229309082,-150.46170043945312,-76.38127136230469,-9.302459716796875
1777556614186669,1.8783807754516602,0.3991599977016449,-9.574100494384766,-131.51260375976562,-66.28248596191406,-8.414491653442383
1777556614196653,1.8075919151306152,0.37659117579460144,-8.426048278808594,-121.43560791015625,-58.110713958740234,-7.584754943847656
1777556614206607,1.3292913436889648,0.622430145740509,-9.492380142211914,-118.03607177734375,-65.40471649169922,-6.443815231323242
1777556614216645,1.6921947002410889,0.17469529807567596,-9.219191551208496,-121.4308090209961,-71.67102813720703,-9.879871368408203
1777556614226628,1.7544245719909668,0.11295860260725021,-9.355295181274414,-123.56602478027344,-72.00704193115234,-9.681488037109375
1777556614236636,1.979074478149414,-0.06479906290769577,-9.055770874023438,-125.46678161621094,-67.80662536621094,-9.015350341796875
1777556614246681,2.0773754119873047,0.03013654239475727,-8.663408279418945,-125.33831787109375,-61.97941589355469,-8.803915023803711
1777556614256658,2.1833786964416504,0.16967305541038513,-8.340456008911133,-124.45474243164062,-54.907440185546875,-8.391511917114258
1777556614266657,1.9125251770019531,0.26830583810806274,-8.271517753601074,-122.0531005859375,-52.64494705200195,-5.854480743408203
1777556614276611,1.8444793224334717,0.3114848732948303,-8.154559135437012,-120.42001342773438,-51.31113052368164,-5.396728515625
1777556614286625,1.8837101459503174,0.36754488945007324,-8.060879707336426,-118.78379821777344,-50.44938278198242,-5.731254577636719
1777556614296621,1.9419043064117432,0.33509013056755066,-8.088420867919922,-120.12234497070312,-51.15678024291992,-6.523359298706055
1777556614306619,1.94279146194458,0.3489293158054352,-8.103508949279785,-120.4516372680664,-50.92607879638672,-6.434476852416992
1777556614316630,2.013218879699707,0.3978380262851715,-8.219940185546875,-121.10026550292969,-51.09894561767578,-7.120782852172852
1777556614326583,2.0189390182495117,0.40329983830451965,-8.15648365020752,-120.20176696777344,-50.089141845703125,-7.370128631591797
1777556614336603,2.071523427963257,0.4661684036254883,-8.044875144958496,-118.9633560180664,-49.18244171142578,-8.01667594909668
1777556614346619,2.213576316833496,0.3942667245864868,-8.223944664001465,-121.85604095458984,-50.64446258544922,-9.056009292602539
1777556614356620,2.3802413940429688,0.36674341559410095,-8.530221939086914,-125.44381713867188,-52.13347244262695,-10.377264022827148
1777556614366651,2.4751670360565186,0.3993748724460602,-8.64969253540039,-126.5893783569336,-51.61772537231445,-11.292367935180664
1777556614376621,2.491204261779785,0.41820141673088074,-8.489485740661621,-124.36857604980469,-50.12640380859375,-11.122053146362305
1777556614386581,2.427683115005493,0.4762105941772461,-8.039022445678711,-117.15577697753906,-45.89141845703125,-10.91619873046875
1777556614396676,2.294381618499756,0.49923038482666016,-7.383310794830322,-106.06475830078125,-40.27752685546875,-10.413199424743652
1777556614406573,2.3910436630249023,0.3207406997680664,-7.083526611328125,-103.56056213378906,-40.28550338745117,-11.303464889526367
1777556614416674,2.8285069465637207,0.09146197140216827,-7.921100616455078,-116.35366821289062,-47.971954345703125,-14.566490173339844
1777556614426680,3.5049617290496826,-0.10418801009654999,-9.485628128051758,-137.29241943359375,-56.844486236572266,-19.038375854492188
1777556614436624,3.976452350616455,-0.19944728910923004,-10.711861610412598,-153.3363494873047,-62.677146911621094,-21.684951782226562
1777556614446617,3.736997604370117,-0.08350244164466858,-10.327714920043945,-144.74609375,-54.823177337646484,-18.524646759033203
1777556614456677,2.966822862625122,0.025689581409096718,-8.401469230651855,-115.61430358886719,-40.338417053222656,-13.014805793762207
1777556614466663,2.6242403984069824,-0.05600001662969589,-6.947017669677734,-97.20783996582031,-34.58121871948242,-11.589349746704102
1777556614476670,2.8254003524780273,-0.28902626037597656,-6.845680236816406,-98.1473617553711,-36.628787994384766,-13.618069648742676
1777556614486677,3.1919331550598145,-0.4053944945335388,-7.504210472106934,-108.70260620117188,-41.65658187866211,-16.483386993408203
1777556614496662,3.4487838745117188,-0.4460870623588562,-8.237972259521484,-118.20928955078125,-44.99095916748047,-17.962839126586914
1777556614506625,3.4660651683807373,-0.44518712162971497,-8.528029441833496,-120.68867492675781,-44.92737579345703,-17.130943298339844
1777556614516679,3.3646438121795654,-0.3996698558330536,-8.380670547485352,-118.10259246826172,-42.68556213378906,-16.16684341430664
1777556614526591,3.3274502754211426,-0.4477649927139282,-8.21646499633789,-115.27334594726562,-41.314090728759766,-15.749222755432129
1777556614536620,3.306227922439575,-0.48459717631340027,-8.108182907104492,-114.86978149414062,-41.570735931396484,-16.077983856201172
1777556614546665,3.574458360671997,-0.5935999155044556,-8.635160446166992,-122.94983673095703,-45.51677703857422,-17.673709869384766
1777556614556614,3.7095377445220947,-0.6098045110702515,-9.128581047058105,-128.638671875,-46.94870376586914,-18.203832626342773
1777556614566660,4.049135684967041,-0.7265329360961914,-9.808281898498535,-138.7930450439453,-50.897972106933594,-20.201900482177734
1777556614576677,4.032188415527344,-0.6872414946556091,-9.94863224029541,-139.0765380859375,-49.29652404785156,-19.733625411987305
1777556614586572,3.672914743423462,-0.5285326242446899,-9.165312767028809,-127.76807403564453,-43.942359924316406,-17.319091796875
1777556614596587,3.5876076221466064,-0.5823042392730713,-8.767820358276367,-123.19305419921875,-43.20417022705078,-17.174760818481445
1777556614606550,3.527695655822754,-0.6049145460128784,-8.526779174804688,-119.58932495117188,-42.01150894165039,-16.4762020111084
1777556614616609,3.2941641807556152,-0.5786815285682678,-8.013971328735352,-111.89437103271484,-38.69044494628906,-15.021842002868652
1777556614626623,3.4339425563812256,-0.7265931367874146,-8.067514419555664,-113.78978729248047,-40.663482666015625,-16.047800064086914
1777556614636589,3.7030606269836426,-0.9084967970848083,-8.626846313476562,-121.60746002197266,-44.05928039550781,-17.698169708251953
1777556614646629,3.886333703994751,-1.0147743225097656,-9.13167953491211,-128.117431640625,-45.91133117675781,-18.158477783203125
1777556614656568,4.032439708709717,-1.1404789686203003,-9.535335540771484,-132.7853240966797,-47.24400329589844,-18.386560440063477
1777556614666577,3.852806329727173,-1.050216794013977,-9.221446990966797,-126.87577056884766,-43.39228439331055,-17.1923828125
1777556614676584,3.437878131866455,-0.8269354104995728,-8.11492919921875,-111.53750610351562,-36.7231559753418,-15.135489463806152
1777556614686553,3.3050312995910645,-0.8294744491577148,-7.4881439208984375,-104.2017593383789,-35.383968353271484,-15.194045066833496
1777556614696591,3.111448287963867,-0.7511430978775024,-7.031822204589844,-97.89342498779297,-33.537925720214844,-14.047504425048828
1777556614706555,3.3965795040130615,-0.9838113784790039,-7.472194671630859,-105.03470611572266,-37.65822982788086,-16.014659881591797
1777556614716542,3.9706149101257324,-1.3311318159103394,-8.762380599975586,-123.45677185058594,-45.525211334228516,-18.877521514892578
1777556614726555,4.551235198974609,-1.708198070526123,-10.360589027404785,-145.284423828125,-53.37807846069336,-21.173133850097656
1777556614736584,5.122967720031738,-2.127591848373413,-12.011256217956543,-167.0555419921875,-61.2889404296875,-22.957626342773438
1777556614746639,4.607973575592041,-1.5969237089157104,-11.217828750610352,-154.11883544921875,-53.46887969970703,-19.661476135253906
1777556614756572,3.281684398651123,-0.890948474407196,-8.508054733276367,-112.63615417480469,-35.65819549560547,-12.303007125854492
1777556614766632,2.4364683628082275,-0.660566508769989,-6.0606865882873535,-78.80809020996094,-25.35368537902832,-8.262045860290527
1777556614776667,2.1316957473754883,-0.7255464196205139,-4.842156887054443,-63.24842834472656,-22.295930862426758,-7.257190227508545
1777556614786566,2.455331802368164,-1.2549052238464355,-5.359422206878662,-72.46337890625,-28.402713775634766,-8.495893478393555
1777556614796674,3.9901819229125977,-2.577455997467041,-8.761283874511719,-123.62872314453125,-51.03227615356445,-15.572193145751953
1777556614806583,5.203363418579102,-3.114262342453003,-12.116865158081055,-168.56573486328125,-66.42117309570312,-20.553016662597656
1777556614816656,5.073537826538086,-2.855579376220703,-12.694089889526367,-172.2920684814453,-63.68204879760742,-18.0137996673584
1777556614826674,3.7537388801574707,-1.774327278137207,-9.942073822021484,-131.76043701171875,-44.55282974243164,-11.606145858764648
1777556614836632,2.038116931915283,-0.5912899374961853,-5.804516315460205,-71.03338623046875,-20.829540252685547,-4.196471214294434
1777556614846634,1.3771113157272339,-0.5213351845741272,-3.479692220687866,-41.24059295654297,-13.687572479248047,-1.9153249263763428
1777556614856671,1.9986389875411987,-1.1387945413589478,-4.282207489013672,-56.32341003417969,-23.569904327392578,-6.293169975280762
1777556614866618,3.4544577598571777,-2.0743727684020996,-7.2599310874938965,-101.73631286621094,-42.169708251953125,-13.919949531555176
1777556614876622,4.843066215515137,-3.1669089794158936,-11.093809127807617,-154.124267578125,-61.837608337402344,-18.237415313720703
1777556614886631,5.232917785644531,-2.860846519470215,-12.452228546142578,-169.18116760253906,-63.43721008300781,-20.56656837463379
1777556614896632,4.0891008377075195,-2.0412261486053467,-10.364486694335938,-137.85800170898438,-47.800025939941406,-13.654358863830566
1777556614906606,3.0441112518310547,-1.5396783351898193,-7.9105706214904785,-102.74309539794922,-35.54547882080078,-8.676831245422363
1777556614916630,2.5314230918884277,-1.2560924291610718,-6.222965717315674,-81.1529769897461,-29.464757919311523,-7.398741722106934
1777556614926592,2.8258867263793945,-1.6626653671264648,-6.523812770843506,-87.67276000976562,-34.82759094238281,-8.938270568847656
1777556614936574,3.499197006225586,-2.2793056964874268,-8.17345142364502,-110.19419860839844,-45.4030876159668,-11.576355934143066
1777556614946567,3.7612621784210205,-2.4026830196380615,-9.049842834472656,-120.38905334472656,-48.3348503112793,-12.411688804626465
1777556614956586,3.1738295555114746,-2.06439208984375,-8.006744384765625,-104.79498291015625,-40.95539474487305,-8.48196029663086
1777556614966602,2.3943185806274414,-1.9997926950454712,-6.6853179931640625,-87.39222717285156,-35.32337188720703,-2.5403995513916016
1777556614976640,2.0815930366516113,-2.054680824279785,-6.205392360687256,-82.74162292480469,-35.126121520996094,0.2149820327758789
1777556614986572,2.235541820526123,-2.4458072185516357,-6.992044448852539,-93.38667297363281,-40.754207611083984,0.8729248046875
1777556614996643,2.8323569297790527,-2.9081532955169678,-8.499286651611328,-111.71412658691406,-47.63908386230469,-1.4422149658203125
1777556615006553,2.7501089572906494,-3.026256561279297,-8.657739639282227,-114.24581909179688,-48.58740997314453,0.3307943344116211
1777556615016594,2.431004524230957,-2.549708843231201,-7.9029107093811035,-102.60221099853516,-41.84427261352539,1.172835350036621
1777556615026648,2.366168975830078,-2.443814992904663,-7.429386138916016,-97.28607177734375,-40.022403717041016,0.6992759704589844
1777556615036540,2.3189597129821777,-2.586250066757202,-7.528965950012207,-99.00375366210938,-41.9229736328125,1.4158573150634766
1777556615046588,2.209099054336548,-2.6116950511932373,-7.487846374511719,-99.82080078125,-43.026153564453125,2.9530105590820312
1777556615056546,2.2883081436157227,-2.9103591442108154,-8.121000289916992,-106.94923400878906,-45.710205078125,4.181264877319336
1777556615066529,2.3592331409454346,-2.6937782764434814,-8.0812406539917,-104.9773941040039,-43.38454818725586,2.7598419189453125
1777556615076530,2.368043899536133,-2.4541757106781006,-7.572650909423828,-98.44956970214844,-39.82245635986328,0.8230390548706055
1777556615086559,2.499630928039551,-2.689638137817383,-7.6505560874938965,-102.04975128173828,-41.67022705078125,0.09759902954101562
1777556615096558,2.392794609069824,-2.2903738021850586,-7.5257673263549805,-100.9888687133789,-40.83650207519531,-0.35025882720947266
1777556615106488,2.208428382873535,-2.4366283416748047,-7.585219383239746,-99.17626190185547,-39.7386589050293,2.4232358932495117
1777556615116532,2.3526315689086914,-2.6100432872772217,-7.690778732299805,-102.58574676513672,-42.65005111694336,1.6038265228271484
1777556615126534,2.2903013229370117,-2.633289098739624,-7.751619815826416,-103.18290710449219,-42.26637649536133,2.3517541885375977
1777556615136487,2.108125686645508,-2.4492862224578857,-7.572969913482666,-99.26664733886719,-40.47689437866211,3.574469566345215
1777556615146534,2.038473129272461,-2.35541033744812,-7.236268997192383,-95.58048248291016,-38.91973114013672,3.29266357421875
1777556615156494,1.9903682470321655,-2.4222798347473145,-7.1654205322265625,-94.96331787109375,-38.96197509765625,3.830233573913574
1777556615166572,2.0185108184814453,-2.615260124206543,-7.40408182144165,-98.69103240966797,-41.15829849243164,4.5418548583984375
1777556615176543,2.119384288787842,-2.893768548965454,-7.988505840301514,-105.89454650878906,-44.66030502319336,5.3875627517700195
1777556615186536,2.2556939125061035,-3.125359058380127,-8.658827781677246,-114.38777923583984,-48.30450439453125,5.845407485961914
1777556615196591,2.31270170211792,-3.41172194480896,-9.236801147460938,-122.4045181274414,-51.680580139160156,7.395229339599609
1777556615206494,2.38362979888916,-3.5331711769104004,-9.840466499328613,-130.29673767089844,-55.05809020996094,7.769004821777344
1777556615216579,2.3238019943237305,-3.6142947673797607,-10.104228019714355,-132.9764404296875,-55.76503372192383,9.499212265014648
1777556615226542,2.3017191886901855,-3.5630359649658203,-10.095006942749023,-131.95521545410156,-54.99580001831055,9.706029891967773
1777556615236492,2.290511131286621,-3.521829843521118,-9.930431365966797,-130.55271911621094,-54.63072204589844,9.223166465759277
1777556615246519,2.2687439918518066,-3.4301249980926514,-9.81513500213623,-128.745849609375,-53.752525329589844,8.872712135314941
1777556615256547,2.2492918968200684,-3.592346429824829,-9.930335998535156,-129.5528106689453,-54.62152099609375,9.912565231323242
1777556615266567,2.323453426361084,-3.785135507583618,-10.253266334533691,-135.07803344726562,-57.66481018066406,9.992701530456543
1777556615276540,2.458470344543457,-3.775446653366089,-10.618308067321777,-139.42642211914062,-59.4099235534668,9.103601455688477
1777556615286495,2.5345141887664795,-3.793729066848755,-10.831151962280273,-140.9373779296875,-58.91188430786133,8.891993522644043
1777556615296496,2.5784590244293213,-3.8153469562530518,-10.801950454711914,-141.16424560546875,-59.95570373535156,8.408303260803223
1777556615306494,2.478102684020996,-3.8862192630767822,-10.805740356445312,-141.3860321044922,-60.53458786010742,9.525415420532227
1777556615316500,2.4849472045898438,-4.040543556213379,-11.051675796508789,-144.22802734375,-62.72772979736328,10.63247299194336
1777556615326531,2.366225004196167,-4.118058681488037,-11.107762336730957,-144.28553771972656,-63.0368537902832,12.117015838623047
1777556615336498,2.0535736083984375,-4.064539909362793,-10.689098358154297,-140.13772583007812,-62.522247314453125,14.666559219360352
1777556615346507,1.8981964588165283,-3.9541196823120117,-10.653451919555664,-138.75357055664062,-62.13417053222656,15.728015899658203
1777556615356494,1.8503615856170654,-4.105443477630615,-10.843592643737793,-141.7715301513672,-64.19660186767578,16.861270904541016
1777556615366496,1.8722240924835205,-4.17881965637207,-11.214223861694336,-146.18634033203125,-66.23004150390625,17.4306640625
1777556615376493,1.936584234237671,-4.299346923828125,-11.492918014526367,-148.48342895507812,-66.64519500732422,17.873157501220703
1777556615386494,1.8810715675354004,-4.170089244842529,-11.272982597351074,-146.63919067382812,-66.53273010253906,17.365324020385742
1777556615396544,1.7498400211334229,-4.17110538482666,-11.191041946411133,-145.8285675048828,-67.23677062988281,18.714054107666016
1777556615406523,1.5905272960662842,-4.131469249725342,-11.09821891784668,-144.51617431640625,-66.68575286865234,19.895959854125977
1777556615416541,1.59975266456604,-4.1866679191589355,-11.297332763671875,-146.31056213378906,-68.2116470336914,20.535865783691406
1777556615426539,1.4818527698516846,-4.311478137969971,-11.388359069824219,-147.90585327148438,-70.09711456298828,22.01401710510254
1777556615436498,1.1868269443511963,-4.2635393142700195,-11.290106773376465,-148.3324432373047,-72.13450622558594,24.435237884521484
1777556615446546,1.1951911449432373,-4.035163402557373,-11.479084968566895,-149.77139282226562,-71.0245132446289,24.115968704223633
1777556615456494,1.2994725704193115,-3.9196245670318604,-11.35853099822998,-145.49745178222656,-67.54472351074219,22.895305633544922
1777556615466497,1.082531213760376,-3.8843178749084473,-10.688850402832031,-140.2314910888672,-67.63642883300781,23.20463752746582
1777556615476504,1.0745742321014404,-3.740090847015381,-10.60415267944336,-137.81295776367188,-65.89177703857422,22.92700958251953
1777556615486518,1.0865271091461182,-3.9514482021331787,-10.861418724060059,-141.8837890625,-70.02999114990234,23.38657569885254
1777556615496450,1.0503129959106445,-4.448879241943359,-11.908026695251465,-156.14793395996094,-80.42575073242188,26.134506225585938
1777556615506497,0.7714550495147705,-4.222833156585693,-12.110158920288086,-157.67221069335938,-81.30874633789062,28.560474395751953
1777556615516499,0.5642447471618652,-3.4487810134887695,-11.083050727844238,-143.22650146484375,-70.898193359375,27.216819763183594
1777556615526497,0.5220797061920166,-3.153524398803711,-10.238125801086426,-133.601318359375,-66.04103088378906,25.088462829589844
1777556615536495,0.5430669784545898,-3.4814517498016357,-10.659872055053711,-141.17327880859375,-73.82450866699219,25.74755859375
1777556615546473,0.5242230892181396,-3.86267352104187,-11.718682289123535,-153.508544921875,-80.95654296875,28.39409828186035
1777556615556464,0.46036362648010254,-3.799107313156128,-11.961103439331055,-154.98394775390625,-80.92928314208984,29.62851905822754
1777556615566517,0.31285834312438965,-3.382805585861206,-11.240255355834961,-145.8172149658203,-75.0199203491211,28.43184471130371
1777556615576506,0.2736825942993164,-3.1805341243743896,-10.770147323608398,-141.08653259277344,-73.16270446777344,27.166419982910156
1777556615586516,0.2279214859008789,-3.2851972579956055,-10.90481948852539,-143.2398681640625,-75.8194580078125,27.690162658691406
1777556615596575,0.11703062057495117,-3.0925862789154053,-10.804041862487793,-141.84671020507812,-75.9941635131836,27.846757888793945
1777556615606489,0.04117703437805176,-2.9696171283721924,-10.885068893432617,-142.6351776123047,-77.81150817871094,27.4739933013916
1777556615616569,0.0019414424896240234,-2.7831313610076904,-10.80713176727295,-141.09466552734375,-77.58295440673828,27.182615280151367
1777556615626558,-0.02917194366455078,-2.626396894454956,-10.67308521270752,-138.21136474609375,-76.82245635986328,26.352441787719727
1777556615636498,-0.0270845890045166,-3.031614303588867,-11.4910306930542,-149.3099822998047,-87.09017944335938,27.460346221923828
1777556615646547,-0.10166215896606445,-3.2336103916168213,-12.473873138427734,-158.68504333496094,-94.58306121826172,29.637351989746094
1777556615656497,-0.18471574783325195,-3.071190357208252,-12.419489860534668,-155.1995391845703,-92.4838638305664,29.59121322631836
1777556615666504,-0.21491384506225586,-2.490079879760742,-10.922233581542969,-135.78550720214844,-79.67400360107422,26.49207305908203
1777556615676497,-0.22863173484802246,-2.0000159740448,-9.395774841308594,-118.8092041015625,-70.72859954833984,22.402957916259766
1777556615686514,-0.21192550659179688,-2.3355255126953125,-9.975491523742676,-126.90937805175781,-80.88806915283203,22.092714309692383
1777556615696528,-0.2752108573913574,-2.578831195831299,-11.295915603637695,-142.86074829101562,-94.48094177246094,23.07194709777832
1777556615706455,-0.4025285243988037,-2.498136520385742,-12.041985511779785,-149.10546875,-98.67208099365234,23.86137580871582
1777556615716427,-0.4730112552642822,-2.359807014465332,-12.076761245727539,-149.17446899414062,-99.39990234375,23.718154907226562
1777556615726476,-0.5136981010437012,-1.7694902420043945,-10.830635070800781,-133.0642547607422,-87.30007934570312,21.311086654663086
1777556615736512,-0.4262983798980713,-1.3832029104232788,-9.704435348510742,-120.48970794677734,-78.92204284667969,17.82842254638672
1777556615746457,-0.43221592903137207,-1.7329483032226562,-10.176891326904297,-128.0565643310547,-87.64703369140625,18.134920120239258
1777556615756472,-0.4756596088409424,-1.5088993310928345,-9.672709465026855,-119.9886703491211,-79.69135284423828,18.411718368530273
1777556615766459,-0.375491738319397,-1.3189345598220825,-8.744037628173828,-109.26123809814453,-71.6121826171875,16.789634704589844
1777556615776510,-0.34807634353637695,-1.8755723237991333,-9.528928756713867,-120.02716827392578,-81.83956909179688,18.332561492919922
1777556615786473,-0.4726259708404541,-2.519335985183716,-11.423860549926758,-141.36117553710938,-99.50695037841797,22.06355857849121
1777556615796456,-0.6173484325408936,-2.7805521488189697,-13.011674880981445,-158.7909393310547,-112.35446166992188,25.076993942260742
1777556615806458,-0.7397518157958984,-2.7834041118621826,-13.620420455932617,-164.22027587890625,-115.24540710449219,26.83525848388672
1777556615816474,-0.7533700466156006,-2.3768162727355957,-12.586194038391113,-150.74700927734375,-103.52979278564453,25.918691635131836
1777556615826511,-0.6267107725143433,-1.6872278451919556,-10.301656723022461,-124.05630493164062,-82.46980285644531,22.030887603759766
1777556615836523,-0.47632157802581787,-1.3733993768692017,-8.667473793029785,-105.21891784667969,-70.07920837402344,18.183944702148438
1777556615846532,-0.5056523084640503,-1.9490166902542114,-9.785486221313477,-119.51467895507812,-87.01805877685547,18.311683654785156
1777556615856494,-0.5801084041595459,-2.4572219848632812,-11.748404502868652,-142.3853759765625,-105.4239273071289,20.51215934753418
1777556615866475,-0.6652231216430664,-2.3214423656463623,-12.261412620544434,-147.07247924804688,-106.41802978515625,21.749671936035156
1777556615876522,-0.675076961517334,-2.169203996658325,-12.04347038269043,-145.00942993164062,-103.54637908935547,21.506505966186523
1777556615886507,-0.5415549278259277,-1.6838762760162354,-10.861724853515625,-131.57461547851562,-90.90275573730469,19.28391456604004
1777556615896430,-0.38705945014953613,-1.2604975700378418,-9.479279518127441,-117.26828002929688,-78.4998779296875,15.981712341308594
1777556615906409,-0.2920219898223877,-1.418703317642212,-9.773247718811035,-123.77783966064453,-84.34489440917969,14.688270568847656
1777556615916421,-0.12767553329467773,-1.252802848815918,-10.637290954589844,-136.67816162109375,-92.760498046875,11.908733367919922
1777556615926493,-0.041001081466674805,-0.8039194941520691,-10.497424125671387,-134.76788330078125,-87.34414672851562,10.281490325927734
1777556615936549,0.011021137237548828,-0.792145311832428,-10.607460021972656,-136.86805725097656,-88.2989273071289,9.649681091308594
1777556615946501,0.16422724723815918,-0.6777023077011108,-11.083688735961914,-144.37754821777344,-92.41883850097656,7.24915885925293
1777556615956482,0.2631652355194092,-0.34229812026023865,-10.673589706420898,-139.59454345703125,-85.59198760986328,5.919309616088867
1777556615966522,0.32361865043640137,-0.6010432243347168,-11.09455680847168,-146.62249755859375,-90.81074523925781,6.403602600097656
1777556615976553,0.30588459968566895,-0.9167658686637878,-12.47741985321045,-164.022216796875,-103.93130493164062,7.561679840087891
1777556615986474,0.20631694793701172,-1.0948048830032349,-13.949731826782227,-181.3136749267578,-115.78937530517578,9.765279769897461
1777556615996539,-0.0020189285278320312,-0.8784441947937012,-13.701316833496094,-175.15574645996094,-108.57930755615234,12.201566696166992
1777556616006472,0.019751548767089844,-0.28596416115760803,-11.306856155395508,-144.0938720703125,-83.54508209228516,11.169384002685547
1777556616016491,0.09689712524414062,-0.2042301893234253,-9.234969139099121,-120.70294952392578,-68.88687133789062,9.459705352783203
1777556616026509,0.30582141876220703,-0.6203183531761169,-9.849431037902832,-133.76272583007812,-82.15765380859375,6.95947265625
1777556616036461,0.4046459197998047,-0.764176607131958,-11.654407501220703,-156.2691650390625,-97.47721862792969,6.37849235534668
1777556616046518,0.44844698905944824,-0.48038026690483093,-12.159955024719238,-160.65992736816406,-96.83393859863281,6.420713424682617
1777556616056503,0.39166760444641113,-0.48354947566986084,-12.016197204589844,-158.7172393798828,-94.21260070800781,7.490108489990234
1777556616066452,0.5560426712036133,-0.32908448576927185,-11.97046184539795,-158.92144775390625,-93.75128936767578,5.031511306762695
1777556616076501,1.0008354187011719,0.060180991888046265,-12.058029174804688,-160.2625274658203,-92.21961975097656,-1.1504745483398438
1777556616086454,1.1284704208374023,0.05379973351955414,-11.909599304199219,-160.41458129882812,-92.4395980834961,-2.6346569061279297
1777556616096546,1.3529629707336426,0.33662480115890503,-11.700472831726074,-157.88803100585938,-88.02186584472656,-5.699941635131836
1777556616106466,1.3857362270355225,0.337675541639328,-11.661552429199219,-158.09718322753906,-89.12250518798828,-6.441167831420898
1777556616116466,1.5258164405822754,0.1266336292028427,-12.600635528564453,-171.25836181640625,-99.0999984741211,-6.8790283203125
1777556616126477,1.650958776473999,0.29569414258003235,-13.332344055175781,-178.69790649414062,-102.5533676147461,-8.504138946533203
1777556616136477,1.6507141590118408,0.3502020239830017,-12.77385139465332,-171.03746032714844,-94.68922424316406,-7.447393417358398
1777556616146523,1.5827021598815918,0.4032323658466339,-11.676862716674805,-158.24462890625,-85.48986053466797,-6.697881698608398
1777556616156421,1.7612299919128418,0.44820553064346313,-11.061137199401855,-151.7359619140625,-80.09486389160156,-8.464164733886719
1777556616166477,1.9814872741699219,0.22592179477214813,-11.60118579864502,-162.19790649414062,-87.9145278930664,-10.386604309082031
1777556616176534,2.247711420059204,0.19567066431045532,-13.134408950805664,-181.2625732421875,-99.74886322021484,-12.441001892089844
1777556616186458,2.167264461517334,0.2836076319217682,-13.538056373596191,-185.47323608398438,-99.77742767333984,-10.405010223388672
1777556616196475,1.8047866821289062,0.3031768202781677,-12.666297912597656,-174.8551483154297,-90.8548583984375,-5.8123016357421875
1777556616206396,1.6565256118774414,0.5141990780830383,-11.368707656860352,-158.21731567382812,-77.40830993652344,-4.791017532348633
1777556616216457,1.5717849731445312,0.4925283193588257,-10.153820037841797,-144.0132598876953,-68.48007202148438,-3.6759262084960938
1777556616226482,1.583634614944458,0.42240339517593384,-9.52275276184082,-137.1907196044922,-64.14844512939453,-3.5488452911376953
1777556616236424,1.7496609687805176,0.43380874395370483,-9.346759796142578,-135.40066528320312,-62.01753234863281,-4.949409484863281
1777556616246466,1.9607911109924316,0.2745629549026489,-9.779808044433594,-142.68040466308594,-66.83248138427734,-6.532110214233398
1777556616256424,2.2356436252593994,0.23066040873527527,-10.658733367919922,-154.4555206298828,-73.01234436035156,-8.35940933227539
1777556616266465,2.045271873474121,0.6560149192810059,-11.385055541992188,-154.1627655029297,-76.05583190917969,-10.143291473388672
1777556616276435,1.8477728366851807,0.5416920185089111,-10.27690601348877,-137.21585083007812,-69.23835754394531,-8.481679916381836
1777556616286389,2.0134503841400146,0.23973348736763,-8.458681106567383,-126.19338989257812,-58.67803192138672,-8.04354476928711
1777556616296443,1.5336525440216064,0.6453424096107483,-9.35504150390625,-122.56591796875,-62.29998779296875,-7.005949020385742
1777556616306405,1.5981853008270264,0.3331693410873413,-9.499217987060547,-122.11235809326172,-69.79226684570312,-8.35215950012207
1777556616316426,1.7653613090515137,0.022839393466711044,-9.263089179992676,-123.1614761352539,-71.21257019042969,-8.906063079833984
1777556616326430,1.9101955890655518,-0.0004843808710575104,-9.124910354614258,-124.26005554199219,-67.75193786621094,-9.223403930664062
1777556616336403,2.0224719047546387,-0.0219756867736578,-8.668802261352539,-123.87812805175781,-63.45718765258789,-8.954608917236328
1777556616346394,2.178131341934204,0.05672626942396164,-8.223236083984375,-123.93463897705078,-56.177608489990234,-8.716720581054688
1777556616356396,1.9471395015716553,0.18303608894348145,-8.331646919250488,-123.9755859375,-54.04584503173828,-5.794029235839844
1777556616366434,1.923170804977417,0.2471037209033966,-8.434505462646484,-124.4820556640625,-53.496517181396484,-5.7389068603515625
1777556616376503,1.8967328071594238,0.294208824634552,-8.327144622802734,-122.5037612915039,-52.089351654052734,-5.430021286010742
1777556616386373,1.8973865509033203,0.3583339750766754,-8.119396209716797,-119.95013427734375,-50.30057144165039,-5.691131591796875
1777556616396481,1.93548583984375,0.3176731467247009,-8.020009994506836,-118.46256256103516,-49.3974494934082,-6.021699905395508
1777556616406397,1.969341516494751,0.32321250438690186,-8.019774436950684,-118.58606719970703,-49.66386795043945,-6.57557487487793
1777556616416475,2.0697109699249268,0.3257919251918793,-8.114335060119629,-120.46025848388672,-50.71047592163086,-7.261268615722656
1777556616426462,2.1611101627349854,0.37081047892570496,-8.221230506896973,-121.97627258300781,-50.78879928588867,-8.17064094543457
1777556616436420,2.2556371688842773,0.39287635684013367,-8.344265937805176,-123.8440170288086,-51.702232360839844,-9.31587028503418
1777556616446524,2.2998833656311035,0.345588743686676,-8.56798267364502,-126.2916259765625,-52.81611633300781,-9.198297500610352
1777556616456511,2.3724007606506348,0.4242662191390991,-8.491989135742188,-124.12054443359375,-50.164344787597656,-9.73189926147461
1777556616466483,2.3038949966430664,0.44129547476768494,-8.067538261413574,-117.79341888427734,-46.5415153503418,-9.90144157409668
1777556616476450,2.242401361465454,0.4493016302585602,-7.573770523071289,-111.01237487792969,-43.5693473815918,-9.746721267700195
1777556616486441,2.254636287689209,0.40509313344955444,-7.299262046813965,-106.97024536132812,-42.323028564453125,-10.207230567932129
1777556616496458,2.3558950424194336,0.36065107583999634,-7.263444900512695,-106.7459716796875,-42.34461975097656,-11.046937942504883
1777556616506423,2.7380168437957764,0.19616274535655975,-8.006734848022461,-118.61795043945312,-48.877689361572266,-14.04289436340332
1777556616516450,3.3187763690948486,0.07479608803987503,-9.367593765258789,-136.1334228515625,-56.09062194824219,-17.83901596069336
1777556616526436,3.606426477432251,0.0107241440564394,-10.15110969543457,-145.88560485839844,-58.6716423034668,-19.290102005004883
1777556616536444,3.511854410171509,0.054733067750930786,-10.001119613647461,-141.98193359375,-55.1431770324707,-17.8489933013916
1777556616546527,3.0194249153137207,0.13709251582622528,-8.690726280212402,-121.25946044921875,-43.38227462768555,-13.832566261291504
1777556616556465,2.67392897605896,-0.005517526529729366,-7.335982322692871,-102.51277923583984,-36.29461669921875,-11.72280216217041
1777556616566436,2.7435078620910645,-0.22647695243358612,-6.964324951171875,-99.48517608642578,-37.27947998046875,-12.891932487487793
1777556616576441,3.108884572982788,-0.3649316728115082,-7.522529602050781,-109.21552276611328,-42.45598220825195,-15.609881401062012
1777556616586454,3.2008116245269775,-0.30661696195602417,-7.904755115509033,-113.62287902832031,-43.04804229736328,-16.01704978942871
1777556616596432,3.254458427429199,-0.30735671520233154,-8.1575288772583,-117.3025894165039,-44.3763542175293,-16.218887329101562
1777556616606347,3.1498796939849854,-0.2626306414604187,-8.060861587524414,-114.6844253540039,-41.74304962158203,-15.098544120788574
1777556616616427,3.213001251220703,-0.3439791798591614,-8.029350280761719,-114.04737854003906,-41.64250564575195,-15.192778587341309
1777556616626390,3.32089900970459,-0.4393618106842041,-8.21528148651123,-116.81944274902344,-42.992313385009766,-16.17713165283203
1777556616636372,3.611208200454712,-0.6122698187828064,-8.886465072631836,-125.95590209960938,-46.98063278198242,-17.715444564819336
1777556616646381,3.753828763961792,-0.6459897756576538,-9.304401397705078,-131.9805908203125,-49.01382827758789,-18.179746627807617
1777556616656386,3.956000566482544,-0.7213072180747986,-9.835124015808105,-138.91680908203125,-51.86034393310547,-19.25143051147461
1777556616666376,4.072793006896973,-0.7934508323669434,-10.215723037719727,-142.3595428466797,-51.79426193237305,-19.456573486328125
1777556616676428,3.860731363296509,-0.7541284561157227,-9.675743103027344,-134.21290588378906,-47.4622802734375,-17.802356719970703
1777556616686395,3.3815765380859375,-0.5107262134552002,-8.428842544555664,-117.23196411132812,-40.54392623901367,-15.336580276489258
1777556616696354,3.0563814640045166,-0.44428545236587524,-7.456374168395996,-103.82557678222656,-36.16175842285156,-13.792068481445312
1777556616706475,2.864010810852051,-0.4557637572288513,-6.854377746582031,-95.57780456542969,-33.66754913330078,-13.170817375183105
1777556616716408,3.3397347927093506,-0.8410694599151611,-7.518922805786133,-107.15477752685547,-40.0257682800293,-15.887421607971191
1777556616726428,4.099605560302734,-1.2578394412994385,-9.300444602966309,-132.3109588623047,-51.12369155883789,-20.220287322998047
1777556616736366,4.5624566078186035,-1.4346556663513184,-10.7127046585083,-150.90206909179688,-56.49232482910156,-21.929428100585938
1777556616746393,4.334007263183594,-1.282012939453125,-10.613263130187988,-146.54953002929688,-52.022605895996094,-19.330196380615234
1777556616756420,3.639740228652954,-0.9068624973297119,-9.029045104980469,-123.02294158935547,-41.144744873046875,-15.35198974609375
1777556616766446,3.025001049041748,-0.6235330700874329,-7.303428649902344,-98.42908477783203,-32.115089416503906,-12.729232788085938
1777556616776444,2.969052791595459,-0.7205156087875366,-6.578577995300293,-90.61540222167969,-31.719341278076172,-13.58857250213623
1777556616786405,3.124502658843994,-0.8681656122207642,-6.7624053955078125,-94.73119354248047,-34.688018798828125,-14.749700546264648
1777556616796411,3.3562731742858887,-0.9957807064056396,-7.3543500900268555,-103.18159484863281,-38.15229415893555,-15.898146629333496
1777556616806394,3.834575653076172,-1.2577263116836548,-8.55362606048584,-119.55624389648438,-45.027408599853516,-18.512590408325195
1777556616816461,4.560851573944092,-1.679797649383545,-10.263867378234863,-144.8655548095703,-54.90139389038086,-21.68734359741211
1777556616826464,5.204618453979492,-2.0444400310516357,-12.16778564453125,-169.31268310546875,-63.64585494995117,-23.911205291748047
1777556616836437,5.028265953063965,-1.87315034866333,-12.273801803588867,-168.0439910888672,-61.01427459716797,-21.822246551513672
1777556616846455,3.8457789421081543,-1.1610782146453857,-9.8062105178833,-131.04214477539062,-44.1351432800293,-15.07801628112793
1777556616856427,2.247013807296753,-0.40555906295776367,-6.073484897613525,-76.29647827148438,-23.171140670776367,-6.916803359985352
1777556616866433,1.650204062461853,-0.3781684935092926,-3.8892078399658203,-48.186798095703125,-16.021242141723633,-4.765116214752197
1777556616876434,1.7675085067749023,-0.7158840894699097,-3.6793346405029297,-47.59902572631836,-18.701011657714844,-5.7887187004089355
1777556616886399,2.942409038543701,-1.9931188821792603,-6.4229607582092285,-88.2903060913086,-37.967308044433594,-10.108184814453125
1777556616896437,5.34056282043457,-3.78901743888855,-12.060710906982422,-169.83399963378906,-71.74797821044922,-20.289203643798828
1777556616906332,6.175632476806641,-3.889712333679199,-15.112552642822266,-206.45494079589844,-81.80634307861328,-22.956207275390625
1777556616916376,4.5882439613342285,-2.551560640335083,-12.330665588378906,-163.6575927734375,-58.05218505859375,-13.885726928710938
1777556616926378,2.48689341545105,-0.8566431999206543,-7.173101425170898,-88.54794311523438,-27.190095901489258,-5.581447601318359
1777556616936407,0.8747356534004211,0.14256997406482697,-2.620239019393921,-25.122995376586914,-5.25022029876709,-0.4710344076156616
1777556616946407,0.8738543391227722,-0.2783080041408539,-1.7714380025863647,-16.86094856262207,-7.001975059509277,-1.3822846412658691
1777556616956415,2.3946568965911865,-1.854683518409729,-5.11058235168457,-68.01143646240234,-31.505496978759766,-7.015536308288574
1777556616966417,4.467753887176514,-3.2198233604431152,-9.894563674926758,-138.38095092773438,-59.019004821777344,-16.676536560058594
1777556616976401,5.969544410705566,-4.203125,-14.3536958694458,-197.286376953125,-79.80880737304688,-21.388343811035156
1777556616986412,5.76866340637207,-3.135014295578003,-14.223957061767578,-191.10572814941406,-71.92179870605469,-21.99248504638672
1777556616996434,3.4555816650390625,-1.5355514287948608,-9.455313682556152,-121.0577163696289,-40.45069885253906,-9.96336841583252
1777556617006390,2.0246646404266357,-0.78803551197052,-5.439286231994629,-66.97796630859375,-22.54303550720215,-4.27982759475708
1777556617016427,1.4681899547576904,-0.4516432285308838,-3.3713252544403076,-40.202396392822266,-14.631077766418457,-3.64213490486145
1777556617026445,2.0223851203918457,-1.2539125680923462,-4.434067249298096,-57.67320251464844,-25.51397705078125,-5.808116436004639
1777556617036375,3.7062644958496094,-2.9487383365631104,-8.60297679901123,-117.59318542480469,-52.71611404418945,-11.091909408569336
1777556617046455,4.683988571166992,-3.3330698013305664,-11.350885391235352,-151.09716796875,-63.74559020996094,-15.023813247680664
1777556617056466,3.813267707824707,-2.6730234622955322,-9.86020565032959,-129.28086853027344,-51.48759841918945,-9.55778980255127
1777556617066402,2.6283998489379883,-2.252997875213623,-7.558464050292969,-98.9914321899414,-39.93585205078125,-2.0612125396728516
1777556617076388,1.8563905954360962,-1.6477941274642944,-5.669643402099609,-74.88449096679688,-30.626773834228516,0.30242061614990234
1777556617086409,1.85467529296875,-1.9176491498947144,-5.7554473876953125,-76.47215270996094,-32.75029373168945,1.5246753692626953
1777556617096432,2.468921184539795,-2.436502456665039,-7.137285232543945,-94.54312896728516,-40.59721374511719,-1.394491195678711
1777556617106399,2.5559754371643066,-3.0035040378570557,-8.046621322631836,-106.8948974609375,-47.5059814453125,1.3699951171875
1777556617116419,2.7034530639648438,-3.2476444244384766,-8.922999382019043,-116.91495513916016,-50.72588348388672,2.088545799255371
1777556617126324,2.8701038360595703,-2.9144070148468018,-8.864121437072754,-115.47241973876953,-48.08678436279297,-0.40100955963134766
1777556617136351,2.285916805267334,-2.523857593536377,-7.5424675941467285,-99.52684783935547,-42.21452331542969,2.097784996032715
1777556617146380,1.9975602626800537,-2.345416307449341,-6.9493937492370605,-91.84910583496094,-38.64482879638672,3.5622148513793945
1777556617156358,2.0766701698303223,-2.494215488433838,-7.200778007507324,-95.80792236328125,-41.36450958251953,3.329448699951172
1777556617166370,2.2646737098693848,-2.490042209625244,-7.4636359214782715,-97.3349609375,-40.400638580322266,2.103670120239258
1777556617176362,2.4953927993774414,-2.6750588417053223,-7.780898571014404,-102.4508056640625,-42.90776443481445,0.47664642333984375
1777556617186377,2.635497570037842,-2.6733484268188477,-7.873451232910156,-107.03460693359375,-43.846885681152344,-0.9549045562744141
1777556617196376,2.4093642234802246,-2.3506553173065186,-8.031333923339844,-104.56209564208984,-42.072635650634766,0.8169345855712891
1777556617206396,2.4613096714019775,-2.7057857513427734,-8.006945610046387,-106.00232696533203,-43.63116455078125,1.2367219924926758
1777556617216423,2.371030330657959,-2.563303232192993,-7.804462432861328,-103.41107177734375,-42.32475280761719,1.5648670196533203
1777556617226368,2.0647997856140137,-2.3371379375457764,-7.316912651062012,-96.49061584472656,-39.1784553527832,3.1866893768310547
1777556617236395,2.094857692718506,-2.3692893981933594,-7.219598293304443,-95.93392181396484,-39.53605270385742,2.799745559692383
1777556617246385,2.1028366088867188,-2.472368001937866,-7.285879611968994,-97.32569885253906,-40.334991455078125,3.396571159362793
1777556617256433,2.1119332313537598,-2.63728928565979,-7.574396133422852,-100.63987731933594,-41.93887710571289,4.132525444030762
1777556617266381,2.146118640899658,-2.7709243297576904,-7.936929702758789,-104.94700622558594,-44.03904342651367,4.596771240234375
1777556617276375,2.191650867462158,-2.9897282123565674,-8.35167121887207,-110.1151123046875,-46.39896011352539,5.892263412475586
1777556617286399,2.3243658542633057,-3.3035173416137695,-8.994848251342773,-119.23385620117188,-50.89619445800781,6.318333625793457
1777556617296407,2.3941545486450195,-3.493648052215576,-9.567102432250977,-127.59664916992188,-54.48966598510742,7.078976631164551
1777556617306405,2.3833303451538086,-3.613407850265503,-10.101151466369629,-133.51959228515625,-56.338523864746094,8.855137825012207
1777556617316346,2.3936452865600586,-3.5759823322296143,-10.191120147705078,-133.797607421875,-55.87558364868164,9.035378456115723
1777556617326328,2.3034207820892334,-3.5719871520996094,-10.034975051879883,-131.71633911132812,-55.27117919921875,9.508644104003906
1777556617336290,2.2679271697998047,-3.542740821838379,-9.898160934448242,-129.94024658203125,-54.3724365234375,9.29233169555664
1777556617346292,2.258180618286133,-3.5209262371063232,-9.82817554473877,-129.4385528564453,-54.705116271972656,9.347850799560547
1777556617356317,2.2845139503479004,-3.6501379013061523,-10.050058364868164,-132.5193634033203,-56.5777473449707,9.93503475189209
1777556617366359,2.4501442909240723,-3.8063623905181885,-10.548770904541016,-138.83901977539062,-59.63316345214844,9.414846420288086
1777556617376413,2.4636168479919434,-3.8355681896209717,-10.746018409729004,-140.74053955078125,-60.40676498413086,9.79904556274414
1777556617386340,2.533320426940918,-3.7404308319091797,-10.68392276763916,-139.39434814453125,-58.63043212890625,8.667872428894043
1777556617396401,2.5529751777648926,-3.761194944381714,-10.600279808044434,-139.29196166992188,-59.34938049316406,8.187457084655762
1777556617406298,2.5101771354675293,-3.981783390045166,-10.864548683166504,-142.4665985107422,-61.86687088012695,9.715204238891602
1777556617416368,2.527315139770508,-4.1812310218811035,-11.28476619720459,-147.67523193359375,-65.05015563964844,10.956794738769531
1777556617426412,2.2483155727386475,-4.242194652557373,-11.25185775756836,-146.7552490234375,-65.2919692993164,14.165302276611328
1777556617436376,1.988680124282837,-4.087440490722656,-10.891996383666992,-142.03929138183594,-63.295188903808594,15.853511810302734
1777556617446408,1.86086106300354,-3.9277398586273193,-10.649502754211426,-138.48934936523438,-62.30681610107422,16.247404098510742
1777556617456352,1.8728094100952148,-4.002800464630127,-10.751310348510742,-140.456787109375,-63.20099639892578,16.4773006439209
1777556617466337,1.9747445583343506,-4.34025764465332,-11.438421249389648,-148.93719482421875,-68.3559341430664,17.18143081665039
1777556617476356,1.9807493686676025,-4.405745029449463,-11.678014755249023,-151.6494598388672,-68.94757843017578,17.934972763061523
1777556617486343,1.7686200141906738,-4.208039283752441,-11.292203903198242,-147.162841796875,-67.68653869628906,18.806386947631836
1777556617496329,1.6622538566589355,-4.095248699188232,-11.112736701965332,-144.36077880859375,-66.57478332519531,19.42731475830078
1777556617506284,1.610203742980957,-4.269745349884033,-11.27003288269043,-146.96493530273438,-69.22611999511719,20.718158721923828
1777556617516313,1.5488817691802979,-4.385481357574463,-11.557355880737305,-150.62384033203125,-71.86138153076172,21.8740177154541
1777556617526316,1.3308660984039307,-4.265565872192383,-11.420512199401855,-148.7391357421875,-71.59268951416016,23.526870727539062
1777556617536273,1.1271541118621826,-4.087751388549805,-11.205156326293945,-146.9099578857422,-71.49053192138672,24.46717643737793
1777556617546314,1.2437560558319092,-3.921112060546875,-11.347020149230957,-145.9981231689453,-69.45758819580078,23.08831214904785
1777556617556328,1.1774311065673828,-3.951137065887451,-10.988465309143066,-142.03086853027344,-69.05901336669922,23.214954376220703
1777556617566324,1.0441110134124756,-3.7401010990142822,-10.557759284973145,-136.79360961914062,-67.121337890625,23.122896194458008
1777556617576341,1.1058731079101562,-3.7978627681732178,-10.637248992919922,-136.85699462890625,-67.26232147216797,22.874502182006836
1777556617586359,1.1450748443603516,-4.175080299377441,-11.171140670776367,-145.0226287841797,-74.48452758789062,23.821571350097656
1777556617596359,0.9080183506011963,-4.616495609283447,-12.206281661987305,-159.81777954101562,-86.47740936279297,28.126388549804688
1777556617606336,0.5894451141357422,-4.101479530334473,-12.151070594787598,-157.09222412109375,-82.68289184570312,30.084001541137695
1777556617616371,0.43462634086608887,-3.2666337490081787,-10.81131362915039,-138.61383056640625,-69.73963165283203,27.265653610229492
1777556617626347,0.431194543838501,-3.1516330242156982,-10.163917541503906,-132.5948486328125,-69.02963256835938,25.43733787536621
1777556617636298,0.5505142211914062,-3.53291916847229,-10.809758186340332,-140.51202392578125,-74.55455017089844,26.09110450744629
1777556617646362,0.5131406784057617,-3.7200024127960205,-11.245664596557617,-146.2507781982422,-78.92091369628906,27.380216598510742
1777556617656368,0.31979918479919434,-3.581242084503174,-11.276618957519531,-147.2197265625,-79.91498565673828,28.425155639648438
1777556617666305,0.24177908897399902,-3.4710538387298584,-11.397933006286621,-148.41566467285156,-79.92255401611328,28.553613662719727
1777556617676351,0.24306249618530273,-3.2440240383148193,-11.042304992675781,-142.3580322265625,-74.53790283203125,27.989315032958984
1777556617686280,0.1764812469482422,-2.91302227973938,-10.135143280029297,-132.25527954101562,-69.60203552246094,26.34990882873535
1777556617696354,0.08405756950378418,-2.9411215782165527,-10.260833740234375,-135.82212829589844,-75.02752685546875,26.001182556152344
1777556617706346,0.010709285736083984,-3.385939121246338,-11.725240707397461,-153.94444274902344,-88.65727233886719,29.046863555908203
1777556617716332,-0.12230110168457031,-3.060792922973633,-11.795633316040039,-151.67637634277344,-84.90110778808594,29.913558959960938
1777556617726323,-0.13241267204284668,-2.5458500385284424,-10.730244636535645,-137.0193328857422,-75.35538482666016,27.383159637451172
1777556617736313,-0.10303950309753418,-2.8324384689331055,-10.895336151123047,-141.21279907226562,-82.10797119140625,26.969501495361328
1777556617746308,-0.16387248039245605,-3.1507301330566406,-11.97191333770752,-153.4300994873047,-93.04680633544922,28.299463272094727
1777556617756302,-0.22928190231323242,-3.0386571884155273,-12.360899925231934,-155.65855407714844,-94.97267150878906,29.0208683013916
1777556617766316,-0.27233386039733887,-2.3811750411987305,-11.073637008666992,-137.80746459960938,-82.00833129882812,26.231861114501953
1777556617776378,-0.284426212310791,-1.9523258209228516,-9.54855728149414,-119.90168762207031,-71.68385314941406,22.926300048828125
1777556617786243,-0.23107647895812988,-2.1259026527404785,-9.78574275970459,-125.19835662841797,-79.82902526855469,20.978788375854492
1777556617796355,-0.2799193859100342,-2.3040621280670166,-11.049278259277344,-140.93246459960938,-92.9197998046875,21.48078727722168
1777556617806255,-0.3861684799194336,-2.442929267883301,-12.11263656616211,-150.79360961914062,-99.94803619384766,23.43912124633789
1777556617816351,-0.4482278823852539,-2.359433174133301,-12.246442794799805,-150.61061096191406,-100.3984375,23.954572677612305
1777556617826316,-0.44399046897888184,-1.6664502620697021,-10.686891555786133,-131.08956909179688,-84.56695556640625,20.946943283081055
1777556617836312,-0.37603306770324707,-1.537735104560852,-9.892189025878906,-124.53961181640625,-82.16404724121094,17.991573333740234
1777556617846343,-0.44734907150268555,-1.6806590557098389,-10.005358695983887,-125.02796936035156,-83.73461151123047,19.273818969726562
1777556617856301,-0.3875696659088135,-1.1952754259109497,-8.748872756958008,-109.65400695800781,-70.54341888427734,16.882009506225586
1777556617866311,-0.32336902618408203,-1.4595333337783813,-8.601600646972656,-109.3208236694336,-71.62925720214844,16.613632202148438
1777556617876352,-0.3402848243713379,-2.260146141052246,-10.407628059387207,-131.68362426757812,-90.99436950683594,20.087974548339844
1777556617886327,-0.46656322479248047,-2.7318785190582275,-12.393608093261719,-153.72970581054688,-107.14608001708984,23.654207229614258
1777556617896269,-0.6432387828826904,-2.7786359786987305,-13.439697265625,-164.08779907226562,-113.797119140625,25.824499130249023
1777556617906321,-0.7210381031036377,-2.631176233291626,-13.558042526245117,-163.78854370117188,-112.64826965332031,26.352853775024414
1777556617916266,-0.6641929149627686,-1.8565833568572998,-11.294317245483398,-136.23760986328125,-89.20140075683594,23.66881561279297
1777556617926334,-0.4925180673599243,-1.5140122175216675,-9.381218910217285,-114.63044738769531,-73.88601684570312,20.031227111816406
1777556617936317,-0.44203245639801025,-1.7847720384597778,-9.561494827270508,-117.92826843261719,-81.31596374511719,18.526899337768555
1777556617946311,-0.45299267768859863,-2.1446945667266846,-10.85361099243164,-133.83206176757812,-95.40672302246094,19.306438446044922
1777556617956280,-0.5526201725006104,-2.2690391540527344,-11.742775917053223,-143.10784912109375,-101.7324447631836,21.059755325317383
1777556617966326,-0.5297138690948486,-2.093172073364258,-11.829791069030762,-143.8740692138672,-100.92777252197266,20.927404403686523
1777556617976266,-0.4930582046508789,-1.7966411113739014,-11.150822639465332,-136.89828491210938,-93.69637298583984,19.689228057861328
1777556617986315,-0.40517401695251465,-1.6074024438858032,-10.467053413391113,-130.0721893310547,-87.33531188964844,18.323898315429688
1777556617996427,-0.2772176265716553,-1.4259660243988037,-10.504192352294922,-132.8667755126953,-89.51830291748047,15.18693733215332
1777556618006379,-0.1669909954071045,-1.1520401239395142,-10.522801399230957,-134.5126953125,-88.76376342773438,13.158224105834961
1777556618016412,-0.05564546585083008,-0.7739853858947754,-10.014639854431152,-129.16006469726562,-82.26764678955078,11.173700332641602
1777556618026340,0.06945013999938965,-0.5209612846374512,-9.534394264221191,-124.97425079345703,-77.43302154541016,8.647192001342773
1777556618036272,0.19930171966552734,-0.7002516984939575,-10.218841552734375,-136.28033447265625,-86.00287628173828,7.635978698730469
1777556618046334,0.28731822967529297,-0.7503842115402222,-11.434110641479492,-151.5614013671875,-96.01092529296875,7.179847717285156
1777556618056252,0.3562469482421875,-0.6309338808059692,-12.119664192199707,-159.0535430908203,-98.35010528564453,6.694934844970703
1777556618066253,0.39348602294921875,-0.5635818839073181,-12.293900489807129,-161.81573486328125,-98.989501953125,6.528556823730469
1777556618076277,0.29743003845214844,-0.8379976749420166,-12.874366760253906,-168.58273315429688,-104.06668853759766,8.948822021484375
1777556618086237,0.2221837043762207,-0.7701869010925293,-12.98591136932373,-168.870849609375,-103.31034851074219,9.856107711791992
1777556618096207,0.10591673851013184,-0.5517919659614563,-11.847972869873047,-153.80722045898438,-91.1826400756836,10.974370956420898
1777556618106290,0.06524109840393066,-0.41702455282211304,-10.396377563476562,-136.02772521972656,-79.16825866699219,10.736001968383789
1777556618116254,0.23341059684753418,-0.6277024745941162,-10.312549591064453,-137.9661865234375,-82.4673080444336,9.123640060424805
1777556618126293,0.40784454345703125,-0.5954416394233704,-11.075362205505371,-149.48318481445312,-90.41996765136719,6.572467803955078
1777556618136271,0.4596240520477295,-0.42798706889152527,-11.38413143157959,-152.32794189453125,-90.31876373291016,6.502979278564453
1777556618146277,0.47536444664001465,-0.2749321162700653,-11.142768859863281,-149.64263916015625,-86.67787170410156,5.830911636352539
1777556618156234,0.512885332107544,-0.610600471496582,-11.895177841186523,-159.6297149658203,-94.86367797851562,6.800409317016602
1777556618166281,0.8742907047271729,-0.2930313050746918,-12.750438690185547,-170.22422790527344,-99.99150848388672,2.040294647216797
1777556618176334,1.1883044242858887,0.18799029290676117,-12.39828872680664,-165.35430908203125,-92.7344970703125,-2.3984546661376953
1777556618186269,1.281256914138794,0.27319857478141785,-11.64169979095459,-157.79611206054688,-87.04265594482422,-3.725879669189453
1777556618196324,1.3964018821716309,0.3816903233528137,-11.341819763183594,-155.37994384765625,-85.28597259521484,-5.621238708496094
1777556618206277,1.5624630451202393,0.2792162001132965,-12.112754821777344,-165.90628051757812,-93.10956573486328,-7.182491302490234
1777556618216319,1.72464919090271,0.26599282026290894,-12.94080924987793,-176.21356201171875,-99.3845443725586,-8.364524841308594
1777556618226318,1.793687105178833,0.5345705151557922,-12.833011627197266,-173.1422119140625,-94.75027465820312,-9.285650253295898
1777556618236237,1.6996541023254395,0.46315139532089233,-11.874488830566406,-162.06536865234375,-86.04241180419922,-7.269309997558594
1777556618246317,1.738637924194336,0.3388499319553375,-11.46118450164795,-158.88284301757812,-83.97802734375,-7.188070297241211
1777556618256251,2.0285189151763916,0.40676671266555786,-11.699610710144043,-162.48252868652344,-84.97647094726562,-10.125225067138672
1777556618266288,2.293550729751587,0.3131812512874603,-12.376792907714844,-173.43267822265625,-91.1948013305664,-11.906192779541016
1777556618276294,2.3361830711364746,0.3326181471347809,-13.223066329956055,-183.80941772460938,-96.8647689819336,-11.988143920898438
1777556618286219,2.106794595718384,0.3250522017478943,-13.068687438964844,-181.04861450195312,-92.31683349609375,-8.14564323425293
1777556618296264,1.8564057350158691,0.43127280473709106,-12.088493347167969,-169.63204956054688,-83.1670150756836,-5.503459930419922
1777556618306234,1.6967241764068604,0.5606583952903748,-10.831263542175293,-152.9761199951172,-70.83485412597656,-3.8587207794189453
1777556618316219,1.6010191440582275,0.6220585107803345,-9.4806489944458,-135.93922424316406,-59.63529968261719,-3.432882308959961
1777556618326256,1.634040355682373,0.4820791482925415,-8.728309631347656,-128.1656036376953,-55.91548156738281,-3.5686187744140625
1777556618336205,1.9328923225402832,0.30063173174858093,-9.228788375854492,-137.1936798095703,-61.79125213623047,-6.081586837768555
1777556618346215,2.2801127433776855,0.22007854282855988,-10.441261291503906,-154.48043823242188,-71.24431610107422,-8.18126106262207
1777556618356272,2.438232898712158,0.2926951050758362,-11.48055648803711,-166.1153564453125,-75.9473876953125,-9.021810531616211
1777556618366187,2.0223968029022217,0.759792149066925,-11.60694694519043,-155.44009399414062,-72.05992126464844,-8.064470291137695
1777556618376307,1.9328527450561523,0.5319750905036926,-9.302824974060059,-130.43258666992188,-58.12403869628906,-6.788707733154297
1777556618386214,1.865532398223877,0.4621759355068207,-8.01585578918457,-118.3607406616211,-50.61982727050781,-6.171442031860352
1777556618396255,1.5225419998168945,0.6241574287414551,-8.853819847106934,-117.05354309082031,-57.97004699707031,-6.2977447509765625
1777556618406266,1.7816076278686523,0.2035009264945984,-8.937910079956055,-122.45881652832031,-65.49137115478516,-8.288938522338867
1777556618416260,1.905921220779419,0.08077586442232132,-9.405128479003906,-129.076416015625,-68.77102661132812,-8.287618637084961
1777556618426257,2.1237375736236572,0.07470107078552246,-9.339924812316895,-131.3817901611328,-65.65452575683594,-8.965539932250977
1777556618436208,2.106304168701172,0.1325044482946396,-8.695016860961914,-127.367431640625,-58.50949478149414,-7.832744598388672
1777556618446231,2.130753993988037,0.26711928844451904,-8.403313636779785,-123.5768051147461,-51.867774963378906,-7.162176132202148
1777556618456217,1.929434061050415,0.29738107323646545,-8.11328411102295,-119.85443115234375,-49.925296783447266,-5.708259582519531
1777556618466226,1.8760724067687988,0.3051948845386505,-7.955611228942871,-118.27262878417969,-49.16825866699219,-5.303005218505859
1777556618476268,1.9066267013549805,0.325444757938385,-7.906516075134277,-117.72726440429688,-48.359718322753906,-5.485898971557617
1777556618486234,1.9957735538482666,0.30686211585998535,-7.999062538146973,-118.88375854492188,-48.88679504394531,-6.340364456176758
1777556618496229,2.0589773654937744,0.2960960268974304,-8.128482818603516,-121.34954071044922,-50.10392379760742,-6.582273483276367
1777556618506209,2.1374735832214355,0.31051620841026306,-8.330398559570312,-123.40975952148438,-50.41935729980469,-7.286518096923828
1777556618516235,2.1876325607299805,0.3548470437526703,-8.307379722595215,-122.91458129882812,-49.49162673950195,-7.862810134887695
1777556618526242,2.2458229064941406,0.4059920907020569,-8.199565887451172,-121.10685729980469,-48.23189163208008,-8.596128463745117
1777556618536184,2.2803516387939453,0.4066648483276367,-8.065656661987305,-119.68392944335938,-47.50872802734375,-9.182458877563477
1777556618546281,2.258429527282715,0.36529839038848877,-7.989750862121582,-118.93437957763672,-47.278221130371094,-8.813282012939453
1777556618556286,2.2901272773742676,0.39283156394958496,-7.899273872375488,-116.96546936035156,-45.523529052734375,-9.103525161743164
1777556618566293,2.3097188472747803,0.39259544014930725,-7.759072303771973,-114.7596435546875,-44.56719207763672,-9.66048812866211
1777556618576258,2.373507022857666,0.38111063838005066,-7.725240707397461,-114.38166809082031,-44.64067840576172,-10.216890335083008
1777556618586285,2.5445845127105713,0.41022172570228577,-7.828564167022705,-115.3858871459961,-44.2794075012207,-11.528907775878906
1777556618596221,2.698016405105591,0.3277199864387512,-8.063819885253906,-119.23861694335938,-46.425296783447266,-13.132074356079102
1777556618606211,3.111050605773926,0.21207889914512634,-8.934248924255371,-132.77713012695312,-53.021507263183594,-15.984493255615234
1777556618616238,3.405015468597412,0.21191829442977905,-9.741971969604492,-141.3514404296875,-54.79017639160156,-17.2752628326416
1777556618626231,3.325101613998413,0.26737114787101746,-9.521008491516113,-136.00228881835938,-50.484134674072266,-16.6536865234375
1777556618636210,2.9584054946899414,0.31299644708633423,-8.475706100463867,-119.34123992919922,-41.847084045410156,-13.874826431274414
1777556618646228,2.795228958129883,0.17914655804634094,-7.5629119873046875,-106.39106750488281,-37.19529342651367,-13.119144439697266
1777556618656230,2.9615225791931152,-0.1221340224146843,-7.441625595092773,-106.45724487304688,-38.94444274902344,-14.181824684143066
1777556618666219,3.2006733417510986,-0.3015538156032562,-7.874289512634277,-113.89724731445312,-42.42861557006836,-15.98068618774414
1777556618676253,3.3190078735351562,-0.29836592078208923,-8.21740436553955,-118.5872573852539,-44.010894775390625,-16.712360382080078
1777556618686192,3.3439507484436035,-0.25047755241394043,-8.399651527404785,-120.9531478881836,-44.27848434448242,-16.500822067260742
1777556618696167,3.269922971725464,-0.2263072431087494,-8.382196426391602,-119.49425506591797,-42.7087516784668,-15.619683265686035
1777556618706231,2.998269557952881,-0.15230628848075867,-7.766232967376709,-108.45613861083984,-36.879310607910156,-13.76275634765625
1777556618716243,2.9284591674804688,-0.2410268932580948,-7.225560188293457,-102.45580291748047,-35.64466857910156,-13.57042407989502
1777556618726244,3.3077874183654785,-0.5036958456039429,-7.840726852416992,-113.86053466796875,-42.38770294189453,-16.605600357055664
1777556618736251,3.81221866607666,-0.737140953540802,-9.180242538452148,-131.2639923095703,-48.85655975341797,-18.765975952148438
1777556618746211,3.9039371013641357,-0.6720684170722961,-9.639924049377441,-136.27662658691406,-49.296875,-18.929256439208984
1777556618756217,4.011013031005859,-0.7003827095031738,-9.929338455200195,-139.26658630371094,-49.814781188964844,-19.475788116455078
1777556618766226,3.8994250297546387,-0.6969889402389526,-9.70425033569336,-134.70838928222656,-46.913089752197266,-18.17514419555664
1777556618776185,3.710174322128296,-0.6577958464622498,-9.163358688354492,-127.81886291503906,-44.4848518371582,-17.40196990966797
1777556618786169,3.5601370334625244,-0.6221868991851807,-8.69981861114502,-121.433837890625,-42.58026123046875,-16.571378707885742
1777556618796209,3.326667308807373,-0.5231214761734009,-8.059520721435547,-113.28163146972656,-39.06991195678711,-15.552847862243652
1777556618806211,3.050142765045166,-0.4546096920967102,-7.343166828155518,-102.19602966308594,-35.11849594116211,-13.782654762268066
1777556618816212,3.4504830837249756,-0.8059195876121521,-7.8577165603637695,-111.2273941040039,-40.50949478149414,-16.38557243347168
1777556618826220,4.118033409118652,-1.214969277381897,-9.312322616577148,-131.6789093017578,-49.30344009399414,-19.941930770874023
1777556618836159,4.491418838500977,-1.3778822422027588,-10.444154739379883,-145.8108367919922,-53.33439636230469,-21.285717010498047
1777556618846201,4.273560523986816,-1.221866250038147,-10.214958190917969,-141.54966735839844,-49.74125289916992,-19.281665802001953
1777556618856273,3.5109481811523438,-0.7609696984291077,-8.61214828491211,-117.201416015625,-38.354557037353516,-14.895851135253906
1777556618866171,2.95576810836792,-0.5522641539573669,-6.97959566116333,-94.16159057617188,-30.424762725830078,-12.572418212890625
1777556618876171,2.9607226848602295,-0.7200064659118652,-6.466638565063477,-90.0977783203125,-31.48552894592285,-13.535446166992188
1777556618886162,1.460741639137268,0.1897212564945221,-3.770486831665039,-43.552921295166016,-11.165641784667969,-4.929080963134766
1777556618896165,0.21234062314033508,0.4847041070461273,-0.8216465711593628,1.906875491142273,4.814173221588135,1.7505427598953247
1777556618906145,0.51662278175354,-0.5780622363090515,-1.5753858089447021,-20.2835750579834,-13.273561477661133,2.3324384689331055
1777556618916105,0.9822587966918945,-0.8567752838134766,-3.7584259510040283,-63.753047943115234,-35.228614807128906,1.8956222534179688
1777556618926132,3.041830539703369,-0.20888620615005493,-7.634387016296387,-106.59722900390625,-38.79892349243164,-14.385756492614746
1777556618936139,1.8473488092422485,-0.00029042642563581467,-5.87057638168335,-76.2929458618164,-24.236984252929688,-4.849616050720215
1777556618946082,0.3832706809043884,-0.042334746569395065,-3.3043651580810547,-45.40536880493164,-18.351049423217773,6.136775970458984
1777556618956119,0.3503212332725525,0.7154877185821533,-2.1355412006378174,-19.07703399658203,-2.220362901687622,2.805734634399414
1777556618966123,1.3365906476974487,-0.43522560596466064,-2.912142753601074,-33.23763656616211,-12.656163215637207,-3.5634334087371826
1777556618976205,2.075958490371704,-1.9002150297164917,-4.992107391357422,-66.33268737792969,-29.26338768005371,-3.662975788116455
1777556618986133,0.789010763168335,-1.3037606477737427,-4.028703689575195,-67.65635681152344,-36.09688949584961,5.927685737609863
1777556618996143,0.14924991130828857,0.5810482501983643,-3.284048080444336,-36.95146179199219,-8.768133163452148,7.956906318664551
1777556619006152,0.22278523445129395,0.6441190242767334,-1.563410758972168,-8.059089660644531,2.2156639099121094,3.6496224403381348
1777556619016130,1.1768471002578735,-0.4192061722278595,-2.3762497901916504,-24.87042808532715,-10.971717834472656,-3.151414394378662
1777556619026161,2.2741944789886475,-0.8754468560218811,-4.3963623046875,-62.10991668701172,-29.02179527282715,-10.873605728149414
1777556619036093,1.7968111038208008,-1.0255318880081177,-5.483802795410156,-88.95831298828125,-44.04713439941406,-3.516718864440918
1777556619046118,0.8482570052146912,-0.5334944725036621,-5.515093803405762,-61.38782501220703,-14.805885314941406,8.825448989868164
1777556619056182,0.7074996829032898,0.11836692690849304,-2.375540256500244,-21.639318466186523,-4.029943943023682,1.3097094297409058
1777556619066094,0.44606471061706543,-0.006150367669761181,-1.0895155668258667,-11.867575645446777,-6.9897379875183105,1.2418899536132812
1777556619076104,0.7134081721305847,-0.3651786744594574,-2.3924131393432617,-35.33802032470703,-20.469011306762695,1.000816822052002
1777556619086148,1.127108097076416,-0.6273995637893677,-4.389383316040039,-67.25056457519531,-32.42763900756836,0.8734664916992188
1777556619096092,2.2093124389648438,-0.09610121697187424,-6.146332263946533,-76.12738037109375,-23.430828094482422,-7.684311866760254
1777556619106129,1.9373584985733032,-0.31564420461654663,-4.720941543579102,-59.87181854248047,-20.37660789489746,-7.059598922729492
1777556619116093,1.176894187927246,-0.5958089232444763,-3.474015712738037,-40.5056266784668,-13.826784133911133,0.31372499465942383
1777556619126091,0.5926694869995117,-0.8212276101112366,-2.5780582427978516,-34.495941162109375,-17.082143783569336,4.995031356811523
1777556619136113,0.5376104712486267,-0.56253582239151,-2.8064582347869873,-37.99016189575195,-18.006155014038086,5.13446044921875
1777556619146086,0.8226891756057739,-0.07622189074754715,-3.2059614658355713,-46.54087448120117,-21.634973526000977,0.8655362129211426
1777556619156097,1.4323668479919434,0.25870949029922485,-4.087735652923584,-54.59162902832031,-19.820606231689453,-4.791045188903809
1777556619166053,1.8903814554214478,-0.19646097719669342,-4.738930702209473,-60.712852478027344,-21.370471954345703,-7.0109124183654785
1777556619176160,1.9242794513702393,-0.384767085313797,-4.5291337966918945,-59.19082260131836,-21.790416717529297,-7.233338356018066
1777556619186096,1.6915068626403809,-0.36432522535324097,-4.074345111846924,-52.720176696777344,-19.480009078979492,-5.4688286781311035
1777556619196091,0.7628720998764038,-0.9312074780464172,-3.4121782779693604,-44.57530975341797,-19.98257064819336,5.2163615226745605
1777556619206080,0.48362159729003906,-0.5112593173980713,-3.0082008838653564,-40.340980529785156,-18.353839874267578,5.8724684715271
1777556619216106,0.5229642987251282,-0.278150737285614,-3.063218593597412,-41.08738327026367,-17.63092613220215,5.059659957885742
1777556619226112,1.1495006084442139,0.017569003626704216,-3.5788068771362305,-47.478424072265625,-18.445606231689453,-1.7889690399169922
1777556619236158,1.8630576133728027,-0.48950961232185364,-4.678762435913086,-58.050880432128906,-20.102108001708984,-5.59983491897583
1777556619246120,2.0873477458953857,-0.7892377972602844,-4.773041725158691,-62.74994659423828,-24.659456253051758,-7.174344539642334
1777556619256126,1.7494242191314697,-0.566830575466156,-4.356161117553711,-57.27045440673828,-22.546974182128906,-5.151672840118408
1777556619266113,0.7073288559913635,-0.6504607796669006,-3.3481860160827637,-45.694000244140625,-20.461761474609375,4.647468566894531
1777556619276125,0.4337085485458374,-0.2859654426574707,-2.9539098739624023,-37.69758987426758,-15.276517868041992,5.898058891296387
1777556619286082,0.5353894829750061,-0.27476125955581665,-2.9217469692230225,-38.88703155517578,-17.108795166015625,4.750549793243408
1777556619296089,1.0277479887008667,-0.14825855195522308,-3.5322561264038086,-49.882347106933594,-21.3953800201416,-0.5209941864013672
1777556619306097,1.8459986448287964,-0.15419863164424896,-4.69807243347168,-60.744171142578125,-21.034406661987305,-6.689784526824951
1777556619316090,1.9839143753051758,-0.6297021508216858,-4.906545639038086,-62.52362060546875,-23.001367568969727,-6.422065734863281
1777556619326123,1.6982046365737915,-0.6699374914169312,-4.320944786071777,-54.529666900634766,-20.142759323120117,-3.977278232574463
1777556619336048,0.756949782371521,-0.8656326532363892,-3.273867130279541,-43.33950424194336,-19.841571807861328,4.814303398132324
1777556619346065,0.501198947429657,-0.35071486234664917,-2.8675122261047363,-38.53252410888672,-17.180078506469727,4.880624294281006
1777556619356066,0.5872430801391602,-0.4068976938724518,-3.1976890563964844,-42.77682876586914,-18.762460708618164,5.197441101074219
1777556619366106,1.0021555423736572,-0.35859397053718567,-3.8236136436462402,-51.004432678222656,-21.042089462280273,1.391500473022461
1777556619376100,1.8269546031951904,-0.24043650925159454,-4.643725395202637,-58.40436553955078,-20.217594146728516,-5.977935314178467
1777556619386082,1.9051835536956787,-0.4500807821750641,-4.457767963409424,-58.63154602050781,-22.159814834594727,-6.958779335021973
1777556619396111,1.6704049110412598,-0.4677106440067291,-4.182753562927246,-53.55298614501953,-20.172822952270508,-4.641077518463135
1777556619406082,0.7955507040023804,-0.782983660697937,-3.437412977218628,-46.625709533691406,-21.330339431762695,4.0930891036987305
1777556619416110,0.5379517078399658,-0.38552194833755493,-3.170403242111206,-41.98985290527344,-18.43892478942871,5.551121711730957
1777556619426110,0.5623826384544373,-0.41524818539619446,-3.3053834438323975,-42.5245361328125,-17.84848976135254,5.717920303344727
1777556619436076,1.0314478874206543,-0.36349451541900635,-3.7158544063568115,-48.216339111328125,-19.103042602539062,0.8837084770202637
1777556619446114,1.758735179901123,-0.33058130741119385,-4.376888751983643,-55.76015853881836,-20.088970184326172,-5.553874969482422
1777556619456116,1.929450273513794,-0.6135624051094055,-4.508652687072754,-59.40699005126953,-22.8150691986084,-6.293609619140625
1777556619466102,1.6782326698303223,-0.5400649309158325,-4.250505447387695,-55.933265686035156,-21.7460994720459,-4.385931968688965
1777556619476084,0.8560363054275513,-0.659396231174469,-3.5023388862609863,-47.70722198486328,-21.298282623291016,3.4882798194885254
1777556619486053,0.5177730321884155,-0.3374747335910797,-3.168876886367798,-41.51374816894531,-17.46293830871582,5.293632507324219
1777556619496075,0.5877315402030945,-0.3174307346343994,-3.171398639678955,-42.294864654541016,-17.90166664123535,4.689120769500732
1777556619506083,0.9522262811660767,-0.31351330876350403,-3.6414008140563965,-49.02378845214844,-20.077163696289062,1.5757341384887695
1777556619516062,1.7066154479980469,-0.36503323912620544,-4.51934814453125,-56.924530029296875,-19.90892219543457,-4.686830043792725
1777556619526074,1.8510899543762207,-0.636440634727478,-4.480160713195801,-58.362483978271484,-22.252601623535156,-5.680257797241211
1777556619536093,1.665192723274231,-0.5894502997398376,-4.182118892669678,-54.04600143432617,-20.484439849853516,-4.302271366119385
1777556619546074,0.9331807494163513,-0.6704680323600769,-3.4344329833984375,-46.71760177612305,-20.79950714111328,2.520505905151367
1777556619556062,0.5742656588554382,-0.3938354551792145,-3.1792376041412354,-42.82684326171875,-18.72864532470703,4.9933624267578125
1777556619566076,0.5980967283248901,-0.4515516757965088,-3.364748239517212,-44.3020133972168,-18.405502319335938,5.329869270324707
1777556619576060,1.0138027667999268,-0.3225315809249878,-3.698920726776123,-49.16917419433594,-19.73134422302246,0.9473972320556641
1777556619586023,1.695751428604126,-0.2827295958995819,-4.367361068725586,-55.409263610839844,-19.642566680908203,-5.325094223022461
1777556619596086,1.8246729373931885,-0.4738315939903259,-4.3871750831604,-57.805477142333984,-22.340261459350586,-6.38762903213501
1777556619606067,1.5809004306793213,-0.520518958568573,-4.19542932510376,-54.63698959350586,-21.020023345947266,-3.57369327545166
1777556619616044,0.843273401260376,-0.7324660420417786,-3.566837787628174,-47.87448501586914,-21.43119239807129,3.9050679206848145
1777556619626059,0.5754311084747314,-0.3822494447231293,-3.2023749351501465,-42.395347595214844,-18.166370391845703,5.133950233459473
1777556619636017,0.6067789196968079,-0.4785045087337494,-3.3346102237701416,-43.09575653076172,-17.846572875976562,5.3698601722717285
1777556619646073,1.0703519582748413,-0.3902024030685425,-3.716768741607666,-48.908573150634766,-19.998329162597656,0.9819149971008301
1777556619656084,1.703439712524414,-0.38889697194099426,-4.399360179901123,-55.93518829345703,-20.24549102783203,-4.620251655578613
1777556619666028,1.7899633646011353,-0.5698301792144775,-4.443264484405518,-57.88066482543945,-22.32753562927246,-5.3970465660095215
1777556619676062,1.6103808879852295,-0.43158987164497375,-4.132967472076416,-54.1824951171875,-21.018245697021484,-4.416278839111328
1777556619686027,0.9434989094734192,-0.5183042883872986,-3.5253853797912598,-47.826595306396484,-20.472808837890625,1.7515745162963867
1777556619696028,0.6070482730865479,-0.3901328146457672,-3.26591157913208,-44.00223922729492,-19.022136688232422,4.489337921142578
1777556619706019,0.6511425971984863,-0.4246613681316376,-3.467529773712158,-45.45476531982422,-18.755159378051758,4.692685604095459
1777556619716018,1.0531232357025146,-0.41190558671951294,-3.8617992401123047,-49.728294372558594,-19.510513305664062,1.3978853225708008
1777556619726039,1.6410108804702759,-0.45063844323158264,-4.310486316680908,-54.7177734375,-19.602659225463867,-4.2577080726623535
1777556619736029,1.7310709953308105,-0.5653375387191772,-4.27206563949585,-55.931396484375,-21.708120346069336,-5.190487384796143
1777556619746006,1.5409153699874878,-0.5272455811500549,-4.051456928253174,-53.4368896484375,-20.924541473388672,-3.3258233070373535
1777556619756021,0.8666204810142517,-0.6555859446525574,-3.5506062507629395,-48.52143096923828,-21.3994083404541,3.1521177291870117
1777556619766011,0.6277581453323364,-0.3484029173851013,-3.3213043212890625,-44.588706970214844,-18.675418853759766,4.510378837585449
1777556619776066,0.6828354597091675,-0.41415533423423767,-3.4788122177124023,-45.16149139404297,-18.43578338623047,4.45989990234375
1777556619786036,1.135826826095581,-0.32081741094589233,-3.830648422241211,-49.88319778442383,-19.661516189575195,-0.288149356842041
1777556619796067,1.662053108215332,-0.3644205331802368,-4.285210609436035,-55.390289306640625,-20.40269660949707,-4.44021463394165
1777556619806096,1.6995079517364502,-0.5612517595291138,-4.366925239562988,-56.981544494628906,-21.928110122680664,-4.626327991485596
1777556619816113,1.4609960317611694,-0.5324348211288452,-4.056880474090576,-53.066375732421875,-21.033601760864258,-2.4857077598571777
1777556619826074,0.9063342809677124,-0.659778892993927,-3.6157097816467285,-47.30843734741211,-20.005962371826172,2.903446674346924
1777556619836025,0.6955915093421936,-0.4331054985523224,-3.3205068111419678,-44.02971649169922,-19.30816078186035,4.058764457702637
1777556619846142,0.734588623046875,-0.46980777382850647,-3.5175862312316895,-46.12388229370117,-19.328481674194336,4.232438087463379
1777556619856072,1.1522012948989868,-0.4055776298046112,-3.8923707008361816,-50.92075729370117,-20.126867294311523,0.10512399673461914
1777556619866009,1.592973232269287,-0.39901527762413025,-4.2828755378723145,-55.05647277832031,-20.438121795654297,-4.097468376159668
1777556619876026,1.6417672634124756,-0.5085012912750244,-4.228925704956055,-55.248207092285156,-21.189044952392578,-4.23892879486084
1777556619886042,1.4342615604400635,-0.3959232270717621,-3.920955181121826,-52.082393646240234,-20.893558502197266,-3.081955909729004
1777556619896013,0.8800907731056213,-0.5626546144485474,-3.604757308959961,-48.08235168457031,-20.64948081970215,2.862917423248291
1777556619906045,0.6884154081344604,-0.4383956491947174,-3.436732769012451,-45.60057830810547,-19.277986526489258,4.3076300621032715
1777556619916020,0.7804775834083557,-0.4910586476325989,-3.60896635055542,-46.802425384521484,-18.820358276367188,3.8909668922424316
1777556619926035,1.2600057125091553,-0.4339658319950104,-3.9417805671691895,-50.53935623168945,-19.170120239257812,-0.7231426239013672
1777556619936018,1.6238921880722046,-0.48193860054016113,-4.206266403198242,-54.44386291503906,-20.81206703186035,-4.159505844116211
1777556619945974,1.5974116325378418,-0.5647405982017517,-4.19985294342041,-55.57345962524414,-21.903545379638672,-3.6861915588378906
1777556619955980,1.3124232292175293,-0.4760279953479767,-3.957336902618408,-52.374046325683594,-21.168062210083008,-1.4386167526245117
1777556619965994,0.8413960933685303,-0.5387751460075378,-3.5884721279144287,-47.54383087158203,-20.08030891418457,3.3227458000183105
1777556619976020,0.7288429737091064,-0.3692867159843445,-3.4039602279663086,-45.34706115722656,-18.887004852294922,3.5782532691955566
1777556619985978,0.887866199016571,-0.4016372263431549,-3.6497962474823,-47.49089813232422,-19.368854522705078,2.4686880111694336
1777556619996017,1.2776219844818115,-0.4122209846973419,-4.024753570556641,-52.16865539550781,-20.205060958862305,-0.8911356925964355
1777556620005974,1.5654815435409546,-0.4630042314529419,-4.258885860443115,-55.23017120361328,-21.00786590576172,-3.3809566497802734
1777556620016032,1.5380909442901611,-0.5529040098190308,-4.195799827575684,-53.92119598388672,-20.775190353393555,-2.923295021057129
1777556620026014,1.2628710269927979,-0.5340162515640259,-3.7881948947906494,-50.1109504699707,-20.428775787353516,-0.8312158584594727
1777556620035976,0.8613351583480835,-0.5449698567390442,-3.519818067550659,-46.89220428466797,-20.12863540649414,3.0063958168029785
1777556620046037,0.7941862940788269,-0.4299711585044861,-3.5325517654418945,-46.616485595703125,-19.561479568481445,3.585592269897461
1777556620056023,0.9104311466217041,-0.4540281593799591,-3.778057098388672,-49.151023864746094,-20.14573097229004,2.655660629272461
1777556620066007,1.3423683643341064,-0.3819659352302551,-4.053290843963623,-52.34281921386719,-19.737749099731445,-1.564168930053711
1777556620075977,1.5596885681152344,-0.4351276755332947,-4.170389175415039,-54.1240119934082,-20.501949310302734,-3.7325539588928223
1777556620085981,1.4490618705749512,-0.4986512064933777,-4.025699138641357,-53.490055084228516,-21.33611488342285,-2.732175350189209
1777556620095966,1.172362208366394,-0.45224758982658386,-3.7855374813079834,-50.491512298583984,-20.63077163696289,-0.2199397087097168
1777556620105964,0.8037328124046326,-0.5812627673149109,-3.5832905769348145,-47.40769577026367,-19.99054718017578,3.8871207237243652
1777556620115967,0.8046872615814209,-0.4669853746891022,-3.555539608001709,-46.548675537109375,-19.050107955932617,3.557375431060791
1777556620125991,1.077642798423767,-0.4409662187099457,-3.7573039531707764,-48.798641204833984,-19.03184700012207,0.9571356773376465
1777556620135973,1.3933911323547363,-0.5077000260353088,-4.04841423034668,-53.0424690246582,-20.53350067138672,-1.7811360359191895
1777556620145967,1.5530285835266113,-0.45156964659690857,-4.183782577514648,-55.08413314819336,-21.357154846191406,-3.585404872894287
1777556620155977,1.4020990133285522,-0.5021950602531433,-4.124908447265625,-53.35639572143555,-20.644756317138672,-2.051614284515381
1777556620165961,1.078369379043579,-0.4767870008945465,-3.632425308227539,-49.307491302490234,-20.537878036499023,0.5892348289489746
1777556620176016,0.8549017310142517,-0.4111093282699585,-3.545503616333008,-46.6942138671875,-19.28610610961914,2.769550323486328
1777556620185980,0.8681130409240723,-0.4559231400489807,-3.6298274993896484,-47.682376861572266,-19.55419158935547,2.78129243850708
1777556620196013,1.0787334442138672,-0.4254370927810669,-3.8102307319641113,-50.64738464355469,-20.38678741455078,0.8672523498535156
1777556620206007,1.4058698415756226,-0.46407273411750793,-4.1597700119018555,-53.26020812988281,-19.726789474487305,-1.5020461082458496
1777556620216017,1.5067017078399658,-0.5284488201141357,-4.107194900512695,-53.32964324951172,-20.38676643371582,-2.9717955589294434
1777556620226032,1.3290231227874756,-0.5371384024620056,-3.8921947479248047,-51.456871032714844,-20.838375091552734,-1.4338788986206055
1777556620236004,1.0786651372909546,-0.5302698612213135,-3.7320075035095215,-49.15952682495117,-20.15670394897461,0.9014358520507812
1777556620245960,0.8321554660797119,-0.4979413151741028,-3.566061496734619,-47.68299102783203,-20.602630615234375,3.064230442047119
1777556620256034,0.8707332015037537,-0.41907230019569397,-3.7158710956573486,-48.325069427490234,-19.618297576904297,2.9326071739196777
1777556620265976,1.1953848600387573,-0.39929813146591187,-3.910257339477539,-50.59233093261719,-19.263429641723633,-0.14487981796264648
1777556620275997,1.4208420515060425,-0.46006160974502563,-4.06588077545166,-53.33576583862305,-20.729049682617188,-2.569507598876953
1777556620285994,1.5094975233078003,-0.44079113006591797,-4.1289873123168945,-54.08430099487305,-20.923173904418945,-3.1426849365234375
1777556620295968,1.2889399528503418,-0.5481016635894775,-3.9501829147338867,-51.92244338989258,-20.974788665771484,-0.7203965187072754
1777556620305992,0.9646586179733276,-0.5174570679664612,-3.6628541946411133,-48.54497528076172,-20.187673568725586,2.0762252807617188
1777556620315969,0.8746002912521362,-0.48692846298217773,-3.613893508911133,-46.724849700927734,-18.980831146240234,2.737727165222168
1777556620325969,0.9763226509094238,-0.5034818649291992,-3.6527435779571533,-48.33062744140625,-19.738113403320312,1.9262475967407227
1777556620336004,1.2389721870422363,-0.4286954998970032,-3.92094349861145,-51.648502349853516,-20.24494171142578,-0.8617920875549316
1777556620345983,1.446861743927002,-0.4924687147140503,-4.160514831542969,-54.21694564819336,-20.558439254760742,-2.419888496398926
1777556620356007,1.4112768173217773,-0.4714963138103485,-4.050199508666992,-53.275596618652344,-20.96902847290039,-2.347789764404297
1777556620365989,1.2200937271118164,-0.44523921608924866,-3.8255722522735596,-50.349082946777344,-19.836576461791992,-0.549100399017334
1777556620375976,0.9977354407310486,-0.4967978596687317,-3.620384931564331,-48.1502685546875,-20.168113708496094,1.6043643951416016
1777556620385965,0.8805843591690063,-0.42030996084213257,-3.579702377319336,-48.12797164916992,-20.333173751831055,2.581979751586914
1777556620395964,1.0377074480056763,-0.4688904583454132,-3.8463869094848633,-49.992881774902344,-19.58856964111328,1.808553695678711
1777556620405997,1.2678370475769043,-0.46836188435554504,-3.9717893600463867,-51.78435134887695,-20.1123104095459,-0.7837858200073242
1777556620415972,1.4430891275405884,-0.49084147810935974,-4.061853408813477,-52.63977813720703,-20.241504669189453,-2.111154079437256
1777556620425967,1.4502098560333252,-0.522575318813324,-4.025633811950684,-52.47268295288086,-20.631750106811523,-2.2812623977661133
1777556620435990,1.1603100299835205,-0.5258892774581909,-3.7428512573242188,-50.753726959228516,-21.4592227935791,0.2119746208190918
1777556620446014,0.9405910968780518,-0.4567999243736267,-3.687434196472168,-48.62469482421875,-20.11259651184082,2.235215187072754
1777556620455990,0.921064019203186,-0.42620089650154114,-3.6989243030548096,-47.83742904663086,-19.3919734954834,2.3922719955444336
1777556620466006,1.0514154434204102,-0.43755441904067993,-3.759251832962036,-49.562416076660156,-19.932018280029297,1.0175914764404297
1777556620476030,1.3570969104766846,-0.39800938963890076,-4.023481369018555,-52.50558853149414,-19.792966842651367,-1.8350887298583984
1777556620486027,1.4199199676513672,-0.4995281398296356,-4.090602874755859,-53.85520553588867,-21.133712768554688,-2.277505874633789
1777556620496029,1.3072259426116943,-0.4863012433052063,-3.9830877780914307,-52.419166564941406,-20.86911964416504,-1.0418205261230469
1777556620506003,1.1295908689498901,-0.5105000734329224,-3.8056201934814453,-49.421390533447266,-19.664600372314453,0.6046848297119141
1777556620516022,0.9314178228378296,-0.5670729875564575,-3.5960335731506348,-47.70798110961914,-19.946075439453125,2.5738372802734375
1777556620526037,0.9684054851531982,-0.46626144647598267,-3.6716060638427734,-48.48529052734375,-19.82280731201172,1.9447088241577148
1777556620536015,1.1677000522613525,-0.47858095169067383,-3.9113335609436035,-51.193809509277344,-20.221708297729492,0.3073000907897949
1777556620545986,1.318352222442627,-0.45945489406585693,-4.01373291015625,-53.10161590576172,-20.752933502197266,-1.36737060546875
1777556620555977,1.3981728553771973,-0.4386417865753174,-4.063377380371094,-52.702369689941406,-20.253658294677734,-2.171933174133301
1777556620565967,1.2934362888336182,-0.48596063256263733,-3.8869123458862305,-51.2658805847168,-20.33631134033203,-1.2418498992919922
1777556620575977,1.0723364353179932,-0.4710502028465271,-3.6705691814422607,-49.50774383544922,-20.774675369262695,0.775916576385498
1777556620585969,0.9400185346603394,-0.47766292095184326,-3.738349437713623,-48.86772537231445,-19.926992416381836,2.373976230621338
1777556620595978,0.9925110936164856,-0.4816288650035858,-3.7496039867401123,-49.237369537353516,-19.728302001953125,1.8114824295043945
1777556620606078,1.1849054098129272,-0.4948407709598541,-3.8814101219177246,-50.84735870361328,-19.800098419189453,0.3257780075073242
1777556620616060,1.4007607698440552,-0.479595810174942,-4.074068069458008,-52.363250732421875,-20.19127655029297,-1.7237234115600586
1777556620626036,1.3945058584213257,-0.5128893852233887,-3.991363286972046,-52.93251037597656,-21.17140007019043,-1.9940671920776367
1777556620635983,1.2218143939971924,-0.5024523735046387,-3.9267468452453613,-51.6676025390625,-20.95329475402832,-0.3611574172973633
1777556620646009,1.0601547956466675,-0.4574678838253021,-3.757603406906128,-49.21121597290039,-20.18583106994629,1.415544033050537
1777556620656013,0.9234989881515503,-0.4745725393295288,-3.6438486576080322,-48.24858093261719,-19.830001831054688,2.163763999938965
1777556620666007,1.0510742664337158,-0.42106616497039795,-3.7666563987731934,-49.36149597167969,-19.518089294433594,0.9945034980773926
1777556620676014,1.245760202407837,-0.46620428562164307,-3.981003761291504,-52.00372314453125,-20.418460845947266,-0.6955370903015137
1777556620686057,1.3585858345031738,-0.4907182455062866,-4.0794806480407715,-53.3648796081543,-20.850109100341797,-1.4760489463806152
1777556620696011,1.3659186363220215,-0.4891911745071411,-4.04349946975708,-52.231597900390625,-20.20111083984375,-1.3856415748596191
1777556620706019,1.1942508220672607,-0.5413962006568909,-3.8310647010803223,-50.159934997558594,-20.241947174072266,0.11556339263916016
1777556620716004,1.0219125747680664,-0.49883291125297546,-3.6534695625305176,-48.88804244995117,-19.94049644470215,1.3198881149291992
1777556620726017,0.9789505004882812,-0.5009671449661255,-3.722135543823242,-49.37139892578125,-20.090744018554688,1.9914050102233887
1777556620736017,1.0642039775848389,-0.43989890813827515,-3.8208389282226562,-50.547611236572266,-20.322357177734375,0.9080257415771484
1777556620746001,1.2447800636291504,-0.42615342140197754,-4.0046706199646,-51.88294982910156,-20.014114379882812,-0.7758312225341797
1777556620756008,1.3703553676605225,-0.4615614116191864,-4.019812107086182,-52.472190856933594,-20.180601119995117,-1.864067554473877
1777556620766032,1.322050929069519,-0.4752044975757599,-3.916712999343872,-52.04159164428711,-20.781536102294922,-1.6230950355529785
1777556620776026,1.1481101512908936,-0.4854746460914612,-3.8372740745544434,-50.66572952270508,-20.59078598022461,0.15016984939575195
1777556620786053,0.996060311794281,-0.489716112613678,-3.724552869796753,-49.37150573730469,-20.17194366455078,1.6742100715637207
1777556620796042,0.9818609952926636,-0.4663815200328827,-3.754148483276367,-48.71521759033203,-19.70465850830078,2.1495213508605957
1777556620806023,1.1497167348861694,-0.48790547251701355,-3.845151424407959,-49.92959976196289,-19.416488647460938,0.5849647521972656
1777556620816014,1.3107600212097168,-0.5052198767662048,-3.966102123260498,-52.122676849365234,-20.726715087890625,-0.9445662498474121
1777556620826015,1.3498777151107788,-0.4921680688858032,-4.019258975982666,-53.323978424072266,-20.90236473083496,-1.604891300201416
1777556620835957,1.278721809387207,-0.4661146402359009,-3.9516358375549316,-52.04881286621094,-20.642602920532227,-1.009594440460205
1777556620846023,1.0799648761749268,-0.47425028681755066,-3.79994535446167,-49.816871643066406,-20.326248168945312,0.6925492286682129
1777556620856029,1.023494839668274,-0.4564291536808014,-3.7349748611450195,-48.73280334472656,-19.73784637451172,1.318211555480957
1777556620865930,1.0349977016448975,-0.45238354802131653,-3.7406463623046875,-49.540565490722656,-20.04389190673828,1.1610827445983887
1777556620875944,1.1424744129180908,-0.464793860912323,-3.8935303688049316,-51.438758850097656,-20.577070236206055,0.07239389419555664
1777556620885960,1.314249038696289,-0.47404944896698,-4.057405471801758,-52.581790924072266,-20.135269165039062,-1.0551161766052246
1777556620895927,1.3412470817565918,-0.5049550533294678,-3.974271059036255,-52.12198257446289,-20.409290313720703,-1.308711051940918
1777556620905944,1.2361531257629395,-0.5237404704093933,-3.8750407695770264,-50.91240310668945,-20.363361358642578,-0.5984482765197754
1777556620915932,1.1013538837432861,-0.5255500674247742,-3.786738395690918,-49.73805618286133,-20.291015625,0.6832613945007324
1777556620925969,0.99747234582901,-0.4998970031738281,-3.696298122406006,-49.47964096069336,-20.41709327697754,1.6987991333007812
1777556620935973,1.0560262203216553,-0.4365716278553009,-3.799114465713501,-49.98196029663086,-20.042158126831055,1.2382006645202637
1777556620945963,1.2027256488800049,-0.4381940960884094,-3.901838779449463,-50.9971809387207,-19.824033737182617,-0.548041820526123
1777556620955950,1.3222510814666748,-0.4516639709472656,-3.967910051345825,-52.028778076171875,-20.560462951660156,-1.3745908737182617
1777556620965944,1.3244487047195435,-0.4613516330718994,-3.969993829727173,-52.50172805786133,-20.849498748779297,-1.556854248046875
1777556620976049,1.2139313220977783,-0.48279914259910583,-3.906959056854248,-51.221229553222656,-20.670259475708008,-0.2526865005493164
1777556620985953,1.050284743309021,-0.4911056458950043,-3.7531723976135254,-49.69114685058594,-20.126567840576172,1.2424449920654297
1777556620996064,1.0107231140136719,-0.48570364713668823,-3.732318878173828,-48.89439010620117,-19.609886169433594,1.580963134765625
1777556621005949,1.1149277687072754,-0.49687322974205017,-3.8139986991882324,-49.842384338378906,-19.899982452392578,0.8616690635681152
1777556621016043,1.253201961517334,-0.48863232135772705,-3.9389781951904297,-51.86469268798828,-20.607643127441406,-0.37381839752197266
1777556621025955,1.3458542823791504,-0.4488513171672821,-4.02815055847168,-52.66967010498047,-20.725568771362305,-1.339310646057129
1777556621035941,1.2949095964431763,-0.4852016866207123,-3.959141254425049,-52.122657775878906,-20.53363800048828,-0.9686822891235352
1777556621046016,1.1676430702209473,-0.46261951327323914,-3.8325629234313965,-50.339508056640625,-20.518539428710938,-0.005619049072265625
1777556621055946,1.075321912765503,-0.4711938798427582,-3.735191822052002,-49.374603271484375,-19.994600296020508,1.2343621253967285
1777556621065930,1.0263426303863525,-0.4856078028678894,-3.7544963359832764,-49.86289596557617,-20.339496612548828,1.151792049407959
1777556621075908,1.114334225654602,-0.4623728096485138,-3.8972270488739014,-50.72655487060547,-20.122957229614258,0.45990467071533203
1777556621085930,1.2501108646392822,-0.4763101637363434,-3.9640488624572754,-51.722198486328125,-20.00831413269043,-0.7146835327148438
1777556621095924,1.320188045501709,-0.5056754350662231,-3.9775402545928955,-52.102874755859375,-20.26259994506836,-1.2927379608154297
1777556621105938,1.2856025695800781,-0.5303119421005249,-3.9306750297546387,-51.69510269165039,-20.542490005493164,-0.813377857208252
1777556621115927,1.1621824502944946,-0.5108186602592468,-3.8143293857574463,-50.5324821472168,-20.517681121826172,0.19411230087280273
1777556621125935,1.0343492031097412,-0.46305280923843384,-3.742330551147461,-49.65100860595703,-20.150236129760742,1.1895251274108887
1777556621135936,1.0570590496063232,-0.44832590222358704,-3.801412582397461,-49.74188995361328,-19.8431396484375,1.1408004760742188
1777556621145897,1.156010627746582,-0.4506235122680664,-3.85255765914917,-50.7487907409668,-20.123050689697266,0.10057449340820312
1777556621155926,1.2678914070129395,-0.48876243829727173,-4.0027642250061035,-51.99631881713867,-20.49250030517578,-0.8978109359741211
1777556621165892,1.32647705078125,-0.47380340099334717,-3.9988906383514404,-52.46841812133789,-20.613929748535156,-1.3085050582885742
1777556621175931,1.2323381900787354,-0.4868323802947998,-3.8999738693237305,-51.38298797607422,-20.481365203857422,-0.45721435546875
1777556621185890,1.117788553237915,-0.4999930262565613,-3.796696424484253,-50.151336669921875,-20.284488677978516,0.6623983383178711
1777556621196007,1.0553092956542969,-0.5035998225212097,-3.7443182468414307,-49.31938171386719,-19.87357521057129,1.2758512496948242
1777556621205894,1.0879459381103516,-0.49975699186325073,-3.823058605194092,-49.92388916015625,-20.228673934936523,1.06144380569458
1777556621215935,1.1964552402496338,-0.467674195766449,-3.910386323928833,-51.310447692871094,-20.3914794921875,-0.21264314651489258
1777556621225909,1.2879014015197754,-0.4582335948944092,-3.984325408935547,-52.21097946166992,-20.53157615661621,-0.741734504699707
1777556621235890,1.293872594833374,-0.48983943462371826,-3.9711873531341553,-52.0640754699707,-20.847454071044922,-0.8965730667114258
1777556621245890,1.2276172637939453,-0.4735275208950043,-3.8815150260925293,-50.97069549560547,-20.538759231567383,-0.29885435104370117
1777556621255886,1.0919280052185059,-0.48123598098754883,-3.7737207412719727,-49.98569107055664,-20.271459579467773,0.6988720893859863
1777556621265844,1.0594160556793213,-0.4652343690395355,-3.753098964691162,-49.949981689453125,-20.304914474487305,1.104715347290039
1777556621275844,1.116560935974121,-0.4661491811275482,-3.8655896186828613,-50.380882263183594,-19.9753360748291,0.7227263450622559
1777556621285849,1.215324878692627,-0.4737071394920349,-3.9435009956359863,-51.144798278808594,-20.22939109802246,-0.08798885345458984
1777556621295902,1.2780261039733887,-0.48920488357543945,-3.9534428119659424,-51.79734802246094,-20.330078125,-0.9899425506591797
1777556621305865,1.2898472547531128,-0.5021018385887146,-3.9263978004455566,-51.875484466552734,-20.21059799194336,-1.0865941047668457
1777556621315864,1.1833120584487915,-0.49624183773994446,-3.868110179901123,-51.06956481933594,-20.564699172973633,0.02141284942626953
1777556621325878,1.076802372932434,-0.4792393147945404,-3.8124635219573975,-50.119239807128906,-20.184171676635742,0.8209729194641113
1777556621335865,1.072810411453247,-0.46394577622413635,-3.79687762260437,-49.78867721557617,-20.006601333618164,1.0576119422912598
1777556621345848,1.1244261264801025,-0.46180281043052673,-3.8659040927886963,-50.49321746826172,-20.204811096191406,0.5209283828735352
1777556621355904,1.2391831874847412,-0.45394960045814514,-3.969430923461914,-51.61498260498047,-20.255891799926758,-0.6418604850769043
1777556621365881,1.2978875637054443,-0.4852786362171173,-3.978825569152832,-52.233917236328125,-20.673500061035156,-0.9214892387390137
1777556621375941,1.2510303258895874,-0.4857129752635956,-3.9235165119171143,-51.71342849731445,-20.59685516357422,-0.555549144744873
1777556621385870,1.1671583652496338,-0.4951174259185791,-3.8973045349121094,-50.27335739135742,-20.35931968688965,0.2850914001464844
1777556621395915,1.0753135681152344,-0.4989985227584839,-3.7623722553253174,-49.621192932128906,-20.111448287963867,0.9475059509277344
1777556621405894,1.0814685821533203,-0.4944203197956085,-3.7916245460510254,-50.05392837524414,-20.1322021484375,0.9921836853027344
1777556621415872,1.1746578216552734,-0.4848923981189728,-3.910829544067383,-51.099830627441406,-20.45606803894043,0.3639364242553711
1777556621425889,1.2536818981170654,-0.45089802145957947,-3.966960906982422,-51.89539337158203,-20.75960922241211,-0.5056552886962891
1777556621435853,1.2812855243682861,-0.48916110396385193,-3.9850988388061523,-51.86737823486328,-20.323047637939453,-0.911841869354248
1777556621445850,1.2516800165176392,-0.47789397835731506,-3.92045259475708,-51.365692138671875,-20.43123435974121,-0.44893646240234375
1777556621455893,1.1416041851043701,-0.4775538742542267,-3.829374074935913,-50.50141143798828,-20.563005447387695,0.30275583267211914
1777556621465856,1.0669797658920288,-0.47427472472190857,-3.7677552700042725,-50.15840148925781,-20.119962692260742,0.9215793609619141
1777556621475846,1.1006159782409668,-0.4795481860637665,-3.838143825531006,-50.371551513671875,-20.188608169555664,0.8765206336975098
1777556621485852,1.1745210886001587,-0.49034592509269714,-3.9055027961730957,-50.85620880126953,-20.1488094329834,0.17906761169433594
1777556621495849,1.2722749710083008,-0.4870108664035797,-3.950892210006714,-51.64766311645508,-20.294565200805664,-0.7799501419067383
1777556621505847,1.2910118103027344,-0.5066538453102112,-3.9170773029327393,-51.7628288269043,-20.489097595214844,-0.9269342422485352
1777556621515849,1.2248287200927734,-0.47978365421295166,-3.858443260192871,-51.40949249267578,-20.626239776611328,-0.40383100509643555
1777556621525849,1.1274678707122803,-0.47416526079177856,-3.8069591522216797,-50.445884704589844,-20.337961196899414,0.4065980911254883
1777556621535860,1.0659294128417969,-0.4803392291069031,-3.8165857791900635,-49.986854553222656,-20.22697639465332,1.0612506866455078
1777556621545814,1.128082036972046,-0.4609522819519043,-3.863668918609619,-50.295448303222656,-20.085329055786133,0.5872540473937988
1777556621555819,1.216094732284546,-0.4655408263206482,-3.9196674823760986,-51.41868591308594,-20.27751922607422,-0.21835756301879883
1777556621565847,1.2794463634490967,-0.4801720976829529,-3.9855077266693115,-52.06705856323242,-20.698352813720703,-0.7437353134155273
1777556621575905,1.2587411403656006,-0.49802523851394653,-3.9608142375946045,-51.767417907714844,-20.336366653442383,-0.5903115272521973
1777556621585932,1.1922221183776855,-0.5016993880271912,-3.8747332096099854,-50.978214263916016,-20.366601943969727,-0.01716327667236328
1777556621596037,1.1080362796783447,-0.4944113492965698,-3.811042547225952,-50.06427001953125,-20.14876937866211,0.6606063842773438
1777556621606006,1.0901122093200684,-0.49215078353881836,-3.815439462661743,-50.301544189453125,-20.334064483642578,0.859288215637207
1777556621616040,1.1599211692810059,-0.45780694484710693,-3.8899741172790527,-50.799224853515625,-20.299985885620117,0.37558460235595703
1777556621626037,1.2232022285461426,-0.44105082750320435,-3.9336886405944824,-51.46977615356445,-20.26914405822754,-0.35697221755981445
1777556621635965,1.2754942178726196,-0.4712184965610504,-3.958303928375244,-51.948280334472656,-20.337825775146484,-0.8465657234191895
1777556621646035,1.2517995834350586,-0.5012683272361755,-3.9415998458862305,-51.588226318359375,-20.673555374145508,-0.5768208503723145
1777556621656041,1.1845098733901978,-0.4741698205471039,-3.89347505569458,-51.064579010009766,-20.580547332763672,0.1797928810119629
1777556621665990,1.099686622619629,-0.46361085772514343,-3.8128085136413574,-50.21364212036133,-20.15410614013672,0.6766705513000488
1777556621675990,1.0956515073776245,-0.4986235797405243,-3.8232574462890625,-50.28398132324219,-19.99101448059082,0.7855610847473145
1777556621685988,1.1665304899215698,-0.48735135793685913,-3.890004873275757,-50.657958984375,-20.001379013061523,0.18088293075561523
1777556621696004,1.2396013736724854,-0.49173077940940857,-3.9545512199401855,-51.361724853515625,-20.478206634521484,-0.579526424407959
1777556621706002,1.274387240409851,-0.4922542870044708,-3.9428837299346924,-51.95588684082031,-20.587833404541016,-0.8190526962280273
1777556621715989,1.2392204999923706,-0.4808371961116791,-3.90915846824646,-51.57544708251953,-20.50922393798828,-0.43451786041259766
1777556621725945,1.1368730068206787,-0.49420610070228577,-3.825223922729492,-50.84666442871094,-20.45745277404785,0.07596254348754883
1777556621735890,1.0977716445922852,-0.46118277311325073,-3.793229579925537,-50.15713119506836,-20.10404396057129,0.6005444526672363
1777556621745944,1.1117658615112305,-0.4761974811553955,-3.837867259979248,-50.420654296875,-20.010847091674805,0.6130990982055664
1777556621755895,1.174399495124817,-0.4738602340221405,-3.8675975799560547,-51.2127799987793,-20.221969604492188,0.05265617370605469
1777556621765887,1.2442078590393066,-0.48037028312683105,-3.9595682621002197,-51.82405471801758,-20.320341110229492,-0.43721628189086914
1777556621775864,1.2601896524429321,-0.5185967683792114,-3.971562385559082,-51.782806396484375,-20.407461166381836,-0.43804121017456055
1777556621785841,1.2291929721832275,-0.5034001469612122,-3.891315221786499,-51.01171112060547,-20.566204071044922,-0.27191734313964844
1777556621795932,1.1398942470550537,-0.5054048299789429,-3.8353545665740967,-50.46834182739258,-20.29393196105957,0.2915191650390625
1777556621805885,1.1217570304870605,-0.474288672208786,-3.8047618865966797,-50.3822135925293,-20.186511993408203,0.7746691703796387
1777556621815893,1.130042552947998,-0.4635971188545227,-3.872413396835327,-50.66974639892578,-20.31636619567871,0.40321779251098633
1777556621825922,1.2003931999206543,-0.47367042303085327,-3.9337241649627686,-51.38523864746094,-20.411067962646484,-0.18712663650512695
1777556621835831,1.2459938526153564,-0.46700429916381836,-3.961205005645752,-51.672847747802734,-20.42489242553711,-0.5511813163757324
1777556621845887,1.2465031147003174,-0.46852532029151917,-3.918095827102661,-51.6578254699707,-20.435842514038086,-0.6959142684936523
1777556621855907,1.1976611614227295,-0.48205965757369995,-3.8987255096435547,-51.151695251464844,-20.470434188842773,-0.036810874938964844
1777556621865839,1.119581937789917,-0.49118301272392273,-3.7868847846984863,-50.483333587646484,-20.271495819091797,0.6796989440917969
1777556621875918,1.0924530029296875,-0.4871232807636261,-3.8376264572143555,-50.272525787353516,-20.073156356811523,0.6839532852172852
1777556621885858,1.1482524871826172,-0.48764991760253906,-3.8903615474700928,-50.69327163696289,-20.289588928222656,0.23356389999389648
1777556621895853,1.228715181350708,-0.48963862657546997,-3.8917579650878906,-51.453285217285156,-20.364294052124023,-0.03702211380004883
1777556621905866,1.2519042491912842,-0.482410192489624,-3.9554295539855957,-51.88140869140625,-20.389509201049805,-0.6891145706176758
1777556621915853,1.234980583190918,-0.4866826832294464,-3.9294700622558594,-51.60668182373047,-20.53430938720703,-0.6042766571044922
1777556621925875,1.1813883781433105,-0.485256552696228,-3.8840739727020264,-51.104042053222656,-20.51789093017578,-0.10686779022216797
1777556621935819,1.1265590190887451,-0.4625820219516754,-3.858515501022339,-50.4544677734375,-20.094877243041992,0.3132953643798828
1777556621945822,1.1315922737121582,-0.46924978494644165,-3.819972515106201,-50.51445770263672,-19.99275779724121,0.6179046630859375
1777556621955808,1.1747031211853027,-0.47704312205314636,-3.8890109062194824,-51.06652069091797,-20.353750228881836,0.14097213745117188
1777556621965801,1.2146425247192383,-0.4824857711791992,-3.9293153285980225,-51.595489501953125,-20.30980682373047,-0.35923051834106445
1777556621975869,1.243896722793579,-0.4883454144001007,-3.888631820678711,-51.602195739746094,-20.302936553955078,-0.6971588134765625
1777556621985819,1.2272958755493164,-0.5029122829437256,-3.9110512733459473,-51.33009338378906,-20.467750549316406,-0.3842606544494629
1777556621995834,1.1809465885162354,-0.49041473865509033,-3.8639886379241943,-50.87535858154297,-20.715435028076172,-0.0314173698425293
1777556622005764,1.13791823387146,-0.48929792642593384,-3.8571016788482666,-50.73793411254883,-20.4191837310791,0.5846810340881348
1777556622015818,1.1270942687988281,-0.4753972887992859,-3.8495895862579346,-50.56036376953125,-20.35333251953125,0.5408635139465332
1777556622025820,1.1859185695648193,-0.45601028203964233,-3.9029085636138916,-50.961978912353516,-20.40198516845703,0.06528043746948242
1777556622035828,1.2328708171844482,-0.46757692098617554,-3.930462598800659,-51.65570831298828,-20.25970458984375,-0.47181129455566406
1777556622045850,1.2376278638839722,-0.47014835476875305,-3.9502956867218018,-51.61825180053711,-20.466135025024414,-0.7846088409423828
1777556622055867,1.2139573097229004,-0.4878233075141907,-3.889984130859375,-51.4646110534668,-20.633691787719727,-0.3269233703613281
1777556622065783,1.1547317504882812,-0.4888031482696533,-3.8425958156585693,-50.809722900390625,-20.3350830078125,0.3551363945007324
1777556622075813,1.1350325345993042,-0.48996400833129883,-3.8205881118774414,-50.34109115600586,-20.060916900634766,0.5646829605102539
1777556622085817,1.1261265277862549,-0.4883071184158325,-3.855462074279785,-50.5853157043457,-20.256244659423828,0.4305891990661621
1777556622095799,1.186753749847412,-0.49981778860092163,-3.9143314361572266,-51.34933090209961,-20.427852630615234,-0.14219236373901367
1777556622105800,1.2290737628936768,-0.48063144087791443,-3.9409942626953125,-51.777191162109375,-20.523595809936523,-0.5290317535400391
1777556622115780,1.2385506629943848,-0.4663323760032654,-3.91690731048584,-51.777339935302734,-20.29146385192871,-0.416287899017334
1777556622125772,1.209158182144165,-0.47568273544311523,-3.897818088531494,-51.09638214111328,-20.243263244628906,-0.22931480407714844
1777556622135774,1.154817819595337,-0.47188857197761536,-3.8691837787628174,-50.58952331542969,-20.2996883392334,0.34778308868408203
1777556622145819,1.1391839981079102,-0.4843846559524536,-3.856619358062744,-50.736019134521484,-20.2935848236084,0.32886171340942383
1777556622155843,1.1705251932144165,-0.4641418755054474,-3.8755552768707275,-50.931640625,-20.34722328186035,0.24612951278686523
1777556622165822,1.2247684001922607,-0.4901309907436371,-3.9374027252197266,-51.440574645996094,-20.267349243164062,-0.07289409637451172
1777556622175813,1.2474818229675293,-0.48264461755752563,-3.964381456375122,-51.49028396606445,-20.252304077148438,-0.70416259765625
1777556622185814,1.24003005027771,-0.5037135481834412,-3.930593490600586,-51.57387161254883,-20.552902221679688,-0.48264169692993164
1777556622195819,1.1875598430633545,-0.49153387546539307,-3.8938775062561035,-51.070377349853516,-20.413536071777344,-0.05507040023803711
1777556622205826,1.1414153575897217,-0.48928898572921753,-3.837893009185791,-50.73949432373047,-20.30693817138672,0.39244747161865234
1777556622215802,1.1470930576324463,-0.4672424793243408,-3.8522093296051025,-50.54307556152344,-20.218416213989258,0.4738430976867676
1777556622225801,1.182551622390747,-0.47142401337623596,-3.874788284301758,-50.951534271240234,-20.302095413208008,0.27658748626708984
1777556622235812,1.2321362495422363,-0.4585791826248169,-3.9303712844848633,-51.488983154296875,-20.277393341064453,-0.3930039405822754
1777556622245808,1.2539455890655518,-0.4946403503417969,-3.9303605556488037,-51.72072982788086,-20.667600631713867,-0.46097421646118164
1777556622255795,1.2171076536178589,-0.47902074456214905,-3.9311156272888184,-51.36853790283203,-20.451597213745117,-0.3368353843688965
1777556622265735,1.1859546899795532,-0.4882007837295532,-3.8628344535827637,-50.89219665527344,-20.237136840820312,-0.026432514190673828
1777556622275749,1.1343696117401123,-0.4821029305458069,-3.819258213043213,-50.591651916503906,-20.316450119018555,0.41509389877319336
1777556622285735,1.1528935432434082,-0.48871439695358276,-3.8291938304901123,-50.75121307373047,-20.33727264404297,0.28161096572875977
1777556622295767,1.1847200393676758,-0.4895482659339905,-3.914823055267334,-51.09572982788086,-20.35548210144043,-0.0704197883605957
1777556622305764,1.243260383605957,-0.48559731245040894,-3.9312949180603027,-51.57929992675781,-20.411142349243164,-0.3553304672241211
1777556622315725,1.2341669797897339,-0.49299857020378113,-3.9283690452575684,-51.90290069580078,-20.530643463134766,-0.38523101806640625
1777556622325727,1.2148034572601318,-0.4834986925125122,-3.925732135772705,-51.357261657714844,-20.52405548095703,-0.17954158782958984
1777556622335769,1.1990089416503906,-0.46424612402915955,-3.863255023956299,-51.010948181152344,-20.467491149902344,0.011778831481933594
1777556622345765,1.1437441110610962,-0.4886932969093323,-3.8523807525634766,-50.68067932128906,-20.217363357543945,0.40236949920654297
1777556622355804,1.1488568782806396,-0.46788719296455383,-3.8882501125335693,-50.723052978515625,-20.334156036376953,0.13553285598754883
1777556622365812,1.1939101219177246,-0.4824864864349365,-3.8671836853027344,-51.1635627746582,-20.18154525756836,-0.092132568359375
1777556622375804,1.2357438802719116,-0.490349680185318,-3.913905382156372,-51.60307312011719,-20.360530853271484,-0.41115665435791016
1777556622385854,1.246253490447998,-0.483509361743927,-3.91980242729187,-51.57145690917969,-20.546541213989258,-0.3858609199523926
1777556622395936,1.2039121389389038,-0.48013588786125183,-3.894439458847046,-51.262386322021484,-20.48334312438965,-0.19252395629882812
1777556622405848,1.1759576797485352,-0.4861483871936798,-3.8549246788024902,-50.782623291015625,-20.474971771240234,0.030357837677001953
1777556622415941,1.161575198173523,-0.49696609377861023,-3.889003038406372,-50.85800552368164,-20.510107040405273,0.45908117294311523
1777556622425855,1.164170503616333,-0.48044222593307495,-3.8894286155700684,-50.7967529296875,-20.408042907714844,0.23353147506713867
1777556622435744,1.1930840015411377,-0.46935951709747314,-3.895157814025879,-51.2217903137207,-20.353410720825195,-0.3338346481323242
1777556622445887,1.2450957298278809,-0.4654942452907562,-3.931302547454834,-51.60618591308594,-20.42991828918457,-0.3254108428955078
1777556622455941,1.2348380088806152,-0.48747995495796204,-3.9083921909332275,-51.636905670166016,-20.402910232543945,-0.3359675407409668
1777556622465870,1.2031221389770508,-0.4947443902492523,-3.9051411151885986,-51.15144348144531,-20.35931968688965,-0.06117439270019531
1777556622475896,1.154231309890747,-0.4808429479598999,-3.856295585632324,-50.819278717041016,-20.284984588623047,0.2036576271057129
1777556622485807,1.1495850086212158,-0.5002527236938477,-3.851736307144165,-50.78077697753906,-20.3437557220459,0.2832350730895996
1777556622495850,1.173384666442871,-0.48239803314208984,-3.887984275817871,-51.043678283691406,-20.428110122680664,0.023102283477783203
1777556622505849,1.213606595993042,-0.4695947766304016,-3.9093501567840576,-51.381507873535156,-20.33193588256836,-0.1799917221069336
1777556622515800,1.2495760917663574,-0.4739183187484741,-3.91925311088562,-51.583587646484375,-20.3729248046875,-0.5283937454223633
1777556622525798,1.2090013027191162,-0.4813058376312256,-3.8955025672912598,-51.422786712646484,-20.380937576293945,-0.2939481735229492
1777556622535898,1.1884856224060059,-0.4895767271518707,-3.901794910430908,-51.09275817871094,-20.260759353637695,0.04127788543701172
1777556622545824,1.1567999124526978,-0.47915196418762207,-3.8587028980255127,-50.66257858276367,-20.24864959716797,0.2010183334350586
1777556622555831,1.1479545831680298,-0.4918365478515625,-3.9129161834716797,-50.74110794067383,-20.13131332397461,0.3331923484802246
1777556622565792,1.1815663576126099,-0.48907461762428284,-3.866701602935791,-51.17010498046875,-19.996685028076172,-0.11300516128540039
1777556622575896,1.219360113143921,-0.488834410905838,-3.955275774002075,-51.50379180908203,-20.443113327026367,-0.3711428642272949
1777556622585849,1.2322916984558105,-0.4791586101055145,-3.927138090133667,-51.39293670654297,-20.347753524780273,-0.3945302963256836
1777556622595871,1.2302405834197998,-0.4890463650226593,-3.9056196212768555,-51.53260803222656,-20.462142944335938,-0.3890266418457031
1777556622605839,1.187044620513916,-0.4986835718154907,-3.8652968406677246,-51.07943344116211,-20.375350952148438,0.007149219512939453
1777556622615954,1.1485652923583984,-0.48308855295181274,-3.8757266998291016,-50.896751403808594,-20.415502548217773,0.270723819732666
1777556622625932,1.1681127548217773,-0.47779715061187744,-3.9044625759124756,-50.71812438964844,-20.33384895324707,0.09513473510742188
1777556622635960,1.1820207834243774,-0.47052863240242004,-3.893782615661621,-51.16939926147461,-20.18765640258789,-0.0007567405700683594
1777556622645767,1.23493492603302,-0.4889269769191742,-3.938692092895508,-51.450801849365234,-20.467958450317383,-0.25318336486816406
1777556622655772,1.2196409702301025,-0.49735748767852783,-3.9433157444000244,-51.47154998779297,-20.383146286010742,-0.42490148544311523
1777556622665767,1.2066619396209717,-0.5037425756454468,-3.885779619216919,-51.28891372680664,-20.490903854370117,-0.10459709167480469
1777556622675823,1.1898877620697021,-0.5037161707878113,-3.867757558822632,-50.97527313232422,-20.328340530395508,0.019819259643554688
1777556622685790,1.151029348373413,-0.4911963939666748,-3.8586676120758057,-50.70420837402344,-20.40079116821289,0.29219627380371094
1777556622695738,1.1795570850372314,-0.48188525438308716,-3.8823463916778564,-50.8854866027832,-20.492536544799805,0.045981407165527344
1777556622705787,1.1979656219482422,-0.47477129101753235,-3.901799201965332,-51.25175094604492,-20.47136116027832,-0.11565828323364258
1777556622715842,1.2184661626815796,-0.48834288120269775,-3.912850856781006,-51.65519714355469,-20.21819496154785,-0.39705801010131836
1777556622725794,1.2260774374008179,-0.4790482819080353,-3.946401834487915,-51.42523193359375,-20.443178176879883,-0.36200857162475586
1777556622735922,1.2013888359069824,-0.4904744625091553,-3.913634777069092,-51.2646484375,-20.47787857055664,-0.21505117416381836
1777556622745883,1.1636054515838623,-0.4820510149002075,-3.8611650466918945,-50.859840393066406,-20.395042419433594,0.27083873748779297
1777556622755979,1.1638654470443726,-0.4900345504283905,-3.877798318862915,-50.95742416381836,-20.210765838623047,0.16982650756835938
1777556622765927,1.1673439741134644,-0.49656131863594055,-3.895601749420166,-51.051883697509766,-20.14395523071289,0.14960718154907227
1777556622775891,1.1996262073516846,-0.4828536808490753,-3.9204838275909424,-51.204986572265625,-20.358875274658203,-0.17450332641601562
1777556622785941,1.231477975845337,-0.4649314880371094,-3.9126133918762207,-51.60135269165039,-20.45965576171875,-0.5391898155212402
1777556622795972,1.2192307710647583,-0.49231478571891785,-3.9308595657348633,-51.61103057861328,-20.473649978637695,-0.17613983154296875
1777556622805933,1.2038781642913818,-0.4887486696243286,-3.9067463874816895,-51.10359191894531,-20.433101654052734,-0.1365375518798828
1777556622815960,1.1825876235961914,-0.48024260997772217,-3.855405807495117,-50.88804626464844,-20.39339828491211,0.26969194412231445
1777556622825897,1.1701276302337646,-0.4766422510147095,-3.9047722816467285,-50.83026885986328,-20.459012985229492,0.1793684959411621
1777556622835806,1.182194471359253,-0.5015528202056885,-3.8736491203308105,-51.1928596496582,-20.381444931030273,-0.041693687438964844
1777556622845816,1.2137207984924316,-0.4956371486186981,-3.923610210418701,-51.53560256958008,-20.588489532470703,-0.2361736297607422
1777556622855835,1.232635736465454,-0.4846664369106293,-3.939392566680908,-51.50212478637695,-20.347801208496094,-0.24625110626220703
1777556622865800,1.211702585220337,-0.4899139702320099,-3.922499895095825,-51.14109802246094,-20.471086502075195,-0.2245340347290039
1777556622875918,1.185328722000122,-0.49608030915260315,-3.8772051334381104,-51.10649108886719,-20.294841766357422,-0.16171503067016602
1777556622885911,1.170689344406128,-0.5005694627761841,-3.886324405670166,-50.99971389770508,-20.323455810546875,0.2159576416015625
1777556622895915,1.1888084411621094,-0.4866677224636078,-3.8702664375305176,-51.075687408447266,-20.506242752075195,0.1528186798095703
1777556622905923,1.1847238540649414,-0.46907418966293335,-3.899803876876831,-51.21590805053711,-20.254520416259766,-0.1277027130126953
1777556622915996,1.2164924144744873,-0.47136199474334717,-3.893972158432007,-51.369140625,-20.160903930664062,-0.2330002784729004
1777556622925909,1.224909782409668,-0.4738457202911377,-3.9093379974365234,-51.42228317260742,-20.397581100463867,-0.3277463912963867
1777556622935921,1.233040452003479,-0.4838118851184845,-3.9060416221618652,-51.3274040222168,-20.539955139160156,-0.25962114334106445
1777556622945914,1.1847140789031982,-0.4881405532360077,-3.878683090209961,-51.06769561767578,-20.421356201171875,0.06123638153076172
1777556622955916,1.1557351350784302,-0.4931434094905853,-3.887056589126587,-51.00718307495117,-20.054668426513672,0.02172565460205078
1777556622965917,1.181190848350525,-0.49710991978645325,-3.8756847381591797,-50.99391174316406,-20.398969650268555,0.030688762664794922
1777556622975962,1.2041759490966797,-0.48745274543762207,-3.918997049331665,-51.36797332763672,-20.451244354248047,-0.14261484146118164
1777556622985948,1.2361209392547607,-0.47396162152290344,-3.8996291160583496,-51.803253173828125,-20.391925811767578,-0.3376646041870117
1777556622995893,1.2260658740997314,-0.4766308665275574,-3.9129533767700195,-51.451053619384766,-20.480403900146484,-0.25814008712768555
1777556623005929,1.2067596912384033,-0.49600645899772644,-3.8968944549560547,-51.292545318603516,-20.353073120117188,-0.24037456512451172
1777556623015927,1.1920747756958008,-0.4918828010559082,-3.9181785583496094,-50.99207305908203,-20.584714889526367,0.17841053009033203
1777556623025995,1.1723166704177856,-0.47629591822624207,-3.849910259246826,-50.88446807861328,-20.39723777770996,0.1215662956237793
1777556623035903,1.1900776624679565,-0.4867551028728485,-3.9303438663482666,-51.271018981933594,-20.34564971923828,-0.05553579330444336
1777556623045969,1.2141318321228027,-0.4819595217704773,-3.919067859649658,-51.34923553466797,-20.32585906982422,-0.16803884506225586
1777556623055933,1.2174232006072998,-0.4981926381587982,-3.9356589317321777,-51.32402801513672,-20.416627883911133,-0.4255204200744629
1777556623065870,1.2274212837219238,-0.5080983638763428,-3.8911521434783936,-51.5157470703125,-20.422367095947266,-0.3090395927429199
1777556623075835,1.193305253982544,-0.46914246678352356,-3.88704776763916,-51.05769348144531,-20.47178077697754,-0.162445068359375
1777556623085921,1.1696960926055908,-0.4730748236179352,-3.8712007999420166,-51.10972213745117,-20.4636173248291,-0.04656982421875
1777556623095921,1.1691310405731201,-0.4927489459514618,-3.833097457885742,-51.18037796020508,-20.18096160888672,0.07747220993041992
1777556623105915,1.179534912109375,-0.47313475608825684,-3.8851542472839355,-51.011375427246094,-20.227880477905273,-0.20461606979370117
1777556623115868,1.2264968156814575,-0.48968926072120667,-3.8995161056518555,-51.36299133300781,-20.345733642578125,-0.2876095771789551
1777556623125880,1.2209903001785278,-0.48990052938461304,-3.89896559715271,-51.709739685058594,-20.488887786865234,-0.4603557586669922
1777556623135906,1.2059686183929443,-0.4936760365962982,-3.9066545963287354,-51.506839752197266,-20.48611831665039,-0.14141225814819336
1777556623145934,1.1971240043640137,-0.4743497371673584,-3.8844361305236816,-51.197147369384766,-20.15351676940918,-0.16550445556640625
1777556623155914,1.174923062324524,-0.49776187539100647,-3.8853304386138916,-50.898345947265625,-20.344247817993164,-0.011358261108398438
1777556623165875,1.1787831783294678,-0.4986613392829895,-3.884463310241699,-51.23684310913086,-20.224132537841797,0.01943063735961914
