t,f_ext_x,f_ext_y,f_ext_z,f_ext_phi,f_ext_motion_0,f_ext_motion_1,f_ext_motion_2,f_ext_motion_3,f_ext_motion_4,tau_v_0,tau_v_1,tau_v_2,tau_v_3,tau_v_4,tau_v_5,tau_v_6,tau_x_0,tau_x_1,tau_x_2,tau_x_3,tau_x_4,tau_x_5,tau_x_6,tau_phi_0,tau_phi_1,tau_phi_2,tau_phi_3,tau_phi_4,tau_phi_5,tau_phi_6,tau_0,tau_1,tau_2,tau_3,tau_4,tau_5,tau_6
0.000000000000000000e+00,-1.505597324248081126e+00,-4.893154957337276789e-01,2.568562360045942849e+00,2.569695024001108941e+00,-1.505597324248081126e+00,-4.833319102168497361e-01,1.312477947537558753e+00,-1.209474370676499655e+00,-1.062951417864275716e-01,3.579223360241336194e-03,3.699824464583689547e-04,4.835403336837236325e-04,2.519264379159783006e-04,1.088383689859161391e-03,-1.065371008826894389e-06,-6.408115424115666450e-04,4.411507990739230500e+00,-7.665216833350505521e-01,6.761518700734618470e+00,4.389359320340605053e-02,-1.300384055555642959e+00,4.495839627532054184e-02,-1.820509520047642216e+00,1.247447226041442474e-02,5.288766591899549674e+00,4.580357639622137378e-01,-2.706860442900604014e+00,-4.229932486686905496e-02,-9.941282732128260413e-01,3.872110447564801610e-17,1.000000000000000000e+00,1.000000000000000000e+00,1.000000000000000000e+00,-1.000000000000000000e+00,-1.000000000000000000e+00,-9.491709423085143982e-01,-1.000000000000000000e+00
1.000000000000000021e-03,-1.503485297754272088e+00,-4.855888280685427549e-01,2.571438629510065521e+00,2.572538814246855932e+00,-1.503485297754272088e+00,-4.797261557127830423e-01,1.311709692266014970e+00,-1.210229443014245954e+00,-1.045662698434104143e-01,-1.746540312694918468e-02,-1.805286961150817920e-03,-2.359544022742572460e-03,-1.229323468442401453e-03,-5.310957615660036671e-03,5.199444567220727601e-06,3.126951772097229243e-03,4.344551215197425265e+00,-7.680951345459611224e-01,6.687079701519101249e+00,5.586659497173881994e-02,-1.290937048028780509e+00,4.554093766753987416e-02,-1.820294457319932002e+00,1.222793396601676470e-02,5.297081515755207803e+00,4.584372847596709377e-01,-2.711111994770323275e+00,-4.232627203162733776e-02,-9.956860235047726437e-01,-3.878187884572703137e-17,1.000000000000000000e+00,1.000000000000000000e+00,1.000000000000000000e+00,-1.000000000000000000e+00,-1.000000000000000000e+00,-9.501398863926655558e-01,-1.000000000000000000e+00
2.000000000000000042e-03,-1.500951795703738156e+00,-4.822415223767004822e-01,2.578241827554367482e+00,2.579334513277417251e+00,-1.500951795703738156e+00,-4.763625466711591816e-01,1.311105816343072439e+00,-1.212557484245352146e+00,-1.030134944778072770e-01,-1.741334612000157434e-02,-1.799906460531591149e-03,-2.352510615724837800e-03,-1.225660878746022073e-03,-5.295127742552671428e-03,5.184282048869357939e-06,3.117631605701977771e-03,4.403369183437781942e+00,-7.628185621973814223e-01,6.739169245277903286e+00,4.598114907559344711e-02,-1.300410333978144317e+00,4.479291745000105185e-02,-1.815590056615059567e+00,1.220827178445159193e-02,5.287840090496313650e+00,4.576395232903996413e-01,-2.706382204746209386e+00,-4.225262523124431735e-02,-9.939489862460600955e-01,0.000000000000000000e+00,2.000000000000000000e+00,2.000000000000000000e+00,2.000000000000000000e+00,-2.000000000000000000e+00,-1.347958086951941192e+00,-9.491508845140101958e-01,-1.812472425009357568e+00
3.000000000000000062e-03,-1.499241140524530724e+00,-4.791454618429643597e-01,2.585612753069600700e+00,2.586707284582001165e+00,-1.499241140524530724e+00,-4.732009153956467928e-01,1.310427518538559211e+00,-1.215255689610575285e+00,-1.015881885824408415e-01,-2.115024969460453652e-02,-2.186198493824072220e-03,-2.857359110352970973e-03,-1.488677786968794700e-03,-6.431441800495809810e-03,6.296151650613145668e-06,3.786662627342180908e-03,4.467276064556165771e+00,-7.545053798954710622e-01,6.797886741007909350e+00,2.253604533943134869e-02,-1.310064243404585049e+00,4.645467930125568579e-02,-1.810807343303947325e+00,1.228752108417885923e-02,5.278496944717287143e+00,4.569505587397912350e-01,-2.701591661716157944e+00,-4.219289453665105855e-02,-9.921915033471730982e-01,3.864588430337619216e-17,3.000000000000000000e+00,3.000000000000000000e+00,3.000000000000000000e+00,-2.680544294163695440e+00,-1.358688579741731850e+00,-9.457305278942668147e-01,-1.807020680676605151e+00
4.000000000000000083e-03,-1.500182125683648282e+00,-4.748377718653160606e-01,2.594258500930985090e+00,2.595331199613807982e+00,-1.500182125683648282e+00,-4.689392749107860192e-01,1.309303297557090850e+00,-1.218928963486265671e+00,-9.961588916286545636e-02,-1.933336586110158406e-02,-1.998321334051193776e-03,-2.611929686467407905e-03,-1.360809211933877499e-03,-5.878974578824962272e-03,5.757131310309990954e-06,3.461385550831401307e-03,4.460865500658274030e+00,-7.583358561784608876e-01,6.784370658992850522e+00,3.824744744740160574e-02,-1.310475549341584944e+00,4.667283642284890399e-02,-1.809464071536253993e+00,1.216798291813523010e-02,5.285557648295811539e+00,4.573966924944789514e-01,-2.705208021466338320e+00,-4.222854487178902966e-02,-9.935173765411524638e-01,4.010491174919535719e-17,4.000000000000000000e+00,4.000000000000000000e+00,4.000000000000000000e+00,-2.668321383230870758e+00,-1.358583068792198922e+00,-9.468387829869931993e-01,-1.806002685985422573e+00
5.000000000000000104e-03,-1.502011378398365737e+00,-4.714373088617037633e-01,2.606491171497679282e+00,2.607565009412767143e+00,-1.502011378398365737e+00,-4.654611530174208034e-01,1.308268036428540615e+00,-1.224262245275720806e+00,-9.809252275270262389e-02,-3.330861427605506103e-02,-3.442881249793213957e-03,-4.499906763005866520e-03,-2.344450222772219601e-03,-1.012858333099327275e-02,9.915791712499632128e-06,5.963441042710799188e-03,4.523036963280713252e+00,-7.670791794266704766e-01,6.837905019163009968e+00,6.365194730816323143e-02,-1.319234254200514656e+00,4.759526942600048049e-02,-1.802220043706325603e+00,1.229064529958165397e-02,5.294296174835031010e+00,4.582721274451075910e-01,-2.709675629162809685e+00,-4.231345946105788403e-02,-9.951595180784149619e-01,0.000000000000000000e+00,4.502018994304240351e+00,4.523774114158567450e+00,5.000000000000000000e+00,-2.648368132077418835e+00,-1.371676296992565769e+00,-9.475543328607020088e-01,-1.796256602663614865e+00
6.000000000000000125e-03,-1.502942281674505498e+00,-4.692498364594594462e-01,2.612668040951299897e+00,2.613738888728251553e+00,-1.502942281674505498e+00,-4.632480143240095272e-01,1.307295390139767033e+00,-1.226937581474216277e+00,-9.712624372876652035e-02,-3.322549533743054950e-02,-3.434450035466919248e-03,-4.488542239193303932e-03,-2.338593171351828048e-03,-1.010329176490895944e-02,9.890123118008181257e-06,5.948551060799550129e-03,4.546257991981121904e+00,-7.350023201082425128e-01,6.862693126376783859e+00,-1.241992275135797574e-02,-1.322669147222313768e+00,4.112001903218633070e-02,-1.801603265627480743e+00,1.221531587621045578e-02,5.251748987740272767e+00,4.546294614550652757e-01,-2.687939264900730763e+00,-4.197787142907773161e-02,-9.871694326300407551e-01,0.000000000000000000e+00,4.525247812519902268e+00,4.513312217596562981e+00,6.000000000000000000e+00,-2.702697780823440699e+00,-1.374750310416300358e+00,-9.460395234747364102e-01,-1.795654714566681243e+00
7.000000000000000146e-03,-1.503912199212761536e+00,-4.687343376280226348e-01,2.605549105113353914e+00,2.606620333949466239e+00,-1.503912199212761536e+00,-4.627401571830045413e-01,1.306558072793130965e+00,-1.224088231887428657e+00,-9.694606726864384016e-02,-2.667455746785735160e-02,-2.757316306981605607e-03,-3.603639528788256299e-03,-1.877502082481474852e-03,-8.111279113698275506e-03,7.939480710036485601e-06,4.775706594871116997e-03,4.571543365906502565e+00,-7.589200937728459717e-01,6.887983426139680176e+00,3.941839926396073501e-02,-1.324616617752876868e+00,4.713040474264422464e-02,-1.798559581969586318e+00,1.230517634194457956e-02,5.282694579108857980e+00,4.573354671445072350e-01,-2.703759936935335784e+00,-4.222886007593755486e-02,-9.929835643880787766e-01,3.867644265954471471e-17,4.557173984780589215e+00,4.521017169029030391e+00,7.000000000000000000e+00,-2.666219039753856546e+00,-1.374956756942512737e+00,-9.458452201647246094e-01,-1.793783875374715286e+00
8.000000000000000167e-03,-1.503799345964959455e+00,-4.700638360755740042e-01,2.597168407876820684e+00,2.598247696675894503e+00,-1.503799345964959455e+00,-4.640610472533891473e-01,1.306425732012299834e+00,-1.220622692568472223e+00,-9.762534282687697351e-02,-8.038191285294248381e-03,-8.308837453009736401e-04,-1.085954360490588204e-03,-5.657803422097287555e-04,-2.444281830605313233e-03,2.394062776619276531e-06,1.439128615456917223e-03,4.616296172916962703e+00,-7.708742990707770915e-01,6.922916416899450809e+00,7.459843327426168846e-02,-1.334494912274889700e+00,4.850693555942686697e-02,-1.796396800011446970e+00,1.239399935499739883e-02,5.296115447669873078e+00,4.585591687684102413e-01,-2.710603145460365848e+00,-4.234366099878490719e-02,-9.955034183355090383e-01,-3.734128453401788172e-17,4.620651980986665741e+00,4.524410264853795383e+00,7.380389631307370024e+00,-2.636570492528313991e+00,-1.379282855104279948e+00,-9.469940887133055929e-01,-1.794957671395990051e+00
9.000000000000001055e-03,-1.499772552447276031e+00,-4.711740458953379007e-01,2.595185128673197728e+00,2.596271833806126139e+00,-1.499772552447276031e+00,-4.651487918901657803e-01,1.306364419913633945e+00,-1.219237057340623931e+00,-9.818081718175548922e-02,-7.172372260468844185e-02,-7.414016583097122505e-03,-9.689747466612018412e-03,-5.048105868308760610e-03,-2.180983180176014613e-02,2.131415761309434198e-05,1.284104074688416537e-02,4.664904809595940449e+00,-7.725428368820472791e-01,6.962760079560906590e+00,8.074157147959207248e-02,-1.334968595364121935e+00,4.986208178392653734e-02,-1.781287099911286198e+00,1.245184177633994714e-02,5.296948510367738727e+00,4.586984421835524350e-01,-2.711019080063028053e+00,-4.236046070554221749e-02,-9.956547848184617022e-01,-1.440312822559925157e-18,4.605632928767591672e+00,4.516991656902594521e+00,7.411768774277846639e+00,-2.635325614451744514e+00,-1.399138887871424153e+00,-9.457713888769221366e-01,-1.768446059164402007e+00
1.000000000000000021e-02,-1.494517013004047712e+00,-4.710598360980557953e-01,2.591241312564270594e+00,2.592309515837627476e+00,-1.494517013004047712e+00,-4.651454430844343957e-01,1.305965479126628637e+00,-1.216808956141230968e+00,-9.794445142853365482e-02,-1.178159684322292178e-01,-1.217897013403003784e-02,-1.591590627975142738e-02,-8.291219563668605561e-03,-3.582469517406883242e-02,3.486166978349757560e-05,2.109257075560786246e-02,4.706191335299257261e+00,-7.373373916170461451e-01,7.003800206362971181e+00,-1.062796402028692855e-02,-1.332598277429857703e+00,4.774445937797555661e-02,-1.768021709047052248e+00,1.214372430805612212e-02,5.254708378174137273e+00,4.548131983527722855e-01,-2.689416785965269785e+00,-4.199695482784782802e-02,-9.877007150082647291e-01,1.404664485251622842e-18,4.600519091175084618e+00,4.505192016423060331e+00,7.442697498435991932e+00,-2.708335969549225286e+00,-1.410419927431774356e+00,-9.399213939605056689e-01,-1.746929138291444472e+00
1.099999999999999936e-02,-1.495268553334346828e+00,-4.646897797072718772e-01,2.570233860515600544e+00,2.571280100807907587e+00,-1.495268553334346828e+00,-4.588652659491631036e-01,1.303680096422834334e+00,-1.208157540469661617e+00,-9.441109645452083754e-02,-1.582945342310067283e-01,-1.636435503520036402e-02,-2.138333288638625401e-02,-1.113788836789726851e-02,-4.813191829102599767e-02,4.649526590574241979e-05,2.833863412597296960e-02,4.854492211299580973e+00,-7.131956390592791850e-01,7.138326545555337077e+00,-6.723872818989606870e-02,-1.346203699020075639e+00,4.582276344895749864e-02,-1.744006307281608326e+00,1.198308969023872093e-02,5.222519249769025151e+00,4.519416497477899419e-01,-2.672942540195479832e+00,-4.173438987353682295e-02,-9.816347377332427238e-01,-1.386082311152695054e-18,4.708180766758813363e+00,4.492959255674545460e+00,7.568884862416740411e+00,-2.751319156753273099e+00,-1.436070007184638397e+00,-9.357654790183794757e-01,-1.715667673155635287e+00
1.200000000000000025e-02,-1.497085435221752636e+00,-4.784851482390901634e-01,2.554320803147233754e+00,2.555308778033261952e+00,-1.497085435221752636e+00,-4.731805695316235183e-01,1.306878678159064444e+00,-1.201841230788588621e+00,-9.948499229455520787e-02,-2.373521289549139490e-01,-2.453482891275525143e-02,-3.206593779677051337e-02,-1.669927281600089991e-02,-7.217069018933912339e-02,6.945162331894048544e-05,4.249188581822321842e-02,4.113712449799873383e+00,-8.739801747020922162e-01,6.437459484729332715e+00,3.016478701817912333e-01,-1.217519722358865408e+00,7.844345314983849904e-02,-1.770591049265517247e+00,1.149619857060417416e-02,5.467394033580625035e+00,4.719280700973905174e-01,-2.798201084661511739e+00,-4.354589847415652609e-02,-1.027626117506281078e+00,1.329789685013528504e-18,3.887856519415564094e+00,4.568879029965777328e+00,6.877321617029952705e+00,-2.513252487295721593e+00,-1.333236311022361065e+00,-9.491132127331236568e-01,-1.728099163447293973e+00
1.300000000000000114e-02,-1.491776058101116131e+00,-5.427150362071865297e-01,2.568920194071502294e+00,2.570055451424452464e+00,-1.491776058101116131e+00,-5.373132704830451134e-01,1.323882238437866565e+00,-1.207414657203655706e+00,-1.268688104849809983e-01,-1.935529022645446073e-01,-2.000907029699564021e-02,-2.614812087420194039e-02,-1.361435193188239093e-02,-5.885269201188329108e-02,5.590989480924396320e-05,3.465057946295153901e-02,4.612129336267948077e+00,-7.425093417936313722e-01,6.903428189817125471e+00,6.782593154229424326e-03,-1.286891759678420621e+00,4.981014261699437395e-02,-1.726551739243511019e+00,1.121961199929857357e-02,5.269932046843139872e+00,4.550447636146529029e-01,-2.697217293707730335e+00,-4.200227837439667739e-02,-9.905219323238426687e-01,-1.297770957355913420e-18,4.429796046002702603e+00,4.507413634752512444e+00,7.332324832557576499e+00,-2.704049052485383076e+00,-1.387746730064700618e+00,-9.406558798120391307e-01,-1.691901159780559549e+00
1.400000000000000029e-02,-1.487942138590757635e+00,-6.229870111807973565e-01,2.579789261658021804e+00,2.580955156857487776e+00,-1.487942138590757635e+00,-6.181390854466057849e-01,1.344362105257954632e+00,-1.211611863146152102e+00,-1.610061698369448513e-01,-2.009231665513097620e-01,-2.076782518593736637e-02,-2.714790039841190675e-02,-1.412944132378118195e-02,-6.109429210055376119e-02,5.728558028748792676e-05,3.597026959471506108e-02,4.516621471128557275e+00,-7.584721810068435488e-01,6.796315859328579734e+00,5.723594076471043290e-02,-1.264119830692775004e+00,5.303125892889745674e-02,-1.713436575140162565e+00,1.008337345707355920e-02,5.299785811340637309e+00,4.562190628690163674e-01,-2.712441714216924371e+00,-4.207703453315090464e-02,-9.960947432529022594e-01,0.000000000000000000e+00,4.325781678034321232e+00,4.520545805147856200e+00,7.225387021799184240e+00,-2.669335214775995002e+00,-1.367291157326479656e+00,-9.430061987437172721e-01,-1.677466305545447511e+00
1.499999999999999944e-02,-1.494267655620706847e+00,-6.832656496631663856e-01,2.564947824784458152e+00,2.566054074055051704e+00,-1.494267655620706847e+00,-6.790992423067661043e-01,1.357735723996443378e+00,-1.206555252238131759e+00,-1.855736311468287880e-01,-1.343843511949896485e-01,-1.388658058347858743e-02,-1.816103424548032308e-02,-9.447494891215275914e-03,-4.086293254361123006e-02,3.765120848693461457e-05,2.405866683314159329e-02,4.637794823096736962e+00,-7.219320746168454983e-01,6.884990428461087220e+00,-2.975210530162156197e-03,-1.279666519323704232e+00,4.452347279096520449e-02,-1.688777927267237411e+00,8.646044398446305762e-03,5.257338567940246676e+00,4.509386310296818468e-01,-2.690678708827006549e+00,-4.155225208504240847e-02,-9.880807792026979897e-01,1.000104380416034477e-18,4.512056516300193998e+00,4.521519912739922376e+00,7.317768025245288577e+00,-2.703101414248384238e+00,-1.362081703952357836e+00,-9.435196552032457662e-01,-1.664719260434095904e+00
1.600000000000000033e-02,-1.513233387489481219e+00,-7.143441190708769151e-01,2.533707034246727829e+00,2.534577646932566264e+00,-1.513233387489481219e+00,-7.112489068619161081e-01,1.361391773010570905e+00,-1.196365247581696378e+00,-1.965092399419735569e-01,-1.494231070211483603e-01,-1.543448733177503647e-02,-2.020009125373827333e-02,-1.050126238464477169e-02,-4.543824564385572085e-02,4.094525239945086270e-05,2.675240803244112453e-02,4.619790135004564036e+00,-7.020929767233574648e-01,6.841332438600974619e+00,-2.371598881476402743e-02,-1.267225047006113270e+00,3.920166278357768708e-02,-1.663411767005384734e+00,6.492576138611460754e-03,5.249453202549694275e+00,4.477136077963400074e-01,-2.686599886217332589e+00,-4.119137933514043642e-02,-9.865547034591773956e-01,-3.767875757753417253e-17,4.476859604122027214e+00,4.531925738494561706e+00,7.268845955143576454e+00,-2.720817137416741360e+00,-1.353854671985109448e+00,-9.473120954232001623e-01,-1.636659358972943679e+00
1.700000000000000122e-02,-1.539229677991939660e+00,-7.621269059154833769e-01,2.515026055047895781e+00,2.515659364001515463e+00,-1.539229677991939660e+00,-7.600338430633070130e-01,1.368055360331720705e+00,-1.192391021921023642e+00,-2.147933567254351750e-01,-2.001972236615903733e-01,-2.067258028630839656e-02,-2.706753276295562408e-02,-1.406777920663605970e-02,-6.087865230927649862e-02,5.443866298738778430e-05,3.584311103288233269e-02,3.517470578013871307e+00,-8.124940658468180477e-01,5.758548836798816239e+00,2.493366241665994076e-01,-1.093700725812273733e+00,6.744354799974405790e-02,-1.706337397962252256e+00,4.615246128761342666e-03,5.477508242175926689e+00,4.646245322128311761e-01,-2.803272370933565405e+00,-4.267225545301839978e-02,-1.029361332987744460e+00,4.063232077521985016e-17,3.476859604122027214e+00,4.644341596042800724e+00,6.268845955143576454e+00,-2.568003525973602041e+00,-1.197251633574568652e+00,-9.618633463250130244e-01,-1.670494286929369965e+00
1.800000000000000211e-02,-1.561910527352475153e+00,-8.791942729340682661e-01,2.539645257537474610e+00,2.540225949672541894e+00,-1.561910527352475153e+00,-8.775150872223692611e-01,1.392720014204114065e+00,-1.205782800596493454e+00,-2.643960152202163294e-01,-1.993097134105932811e-01,-2.057500162660364645e-02,-2.695713690599751619e-02,-1.400185011015103557e-02,-6.061314396606630461e-02,5.312341373921133415e-05,3.568679590309122712e-02,4.047397239163113447e+00,-7.548408667157430196e-01,6.247869435353432976e+00,1.408802462376377573e-01,-1.168163555145960375e+00,4.851603712048413453e-02,-1.657973996786314297e+00,3.601834841795931511e-03,5.380592883069253318e+00,4.552504051009074182e-01,-2.753625626773155588e+00,-4.179048333407575644e-02,-1.011136438870354537e+00,3.938802465224011970e-17,3.851689360594316547e+00,4.605177014726906215e+00,6.676162703548342847e+00,-2.626747230645668729e+00,-1.270567182446102450e+00,-9.625672783361312046e-01,-1.622287200883222980e+00
1.899999999999999953e-02,-1.583418510938118473e+00,-1.016682044689168452e+00,2.586181986460137416e+00,2.586423189348741936e+00,-1.583418510938118473e+00,-1.016068271664524403e+00,1.423042744608676635e+00,-1.227391596241435234e+00,-3.231438036397255020e-01,-1.696208262169370817e-01,-1.750135336852939871e-02,-2.294861302077436452e-02,-1.191257265302462891e-02,-5.158695124833428958e-02,4.425284550713488245e-05,3.037246164430967496e-02,3.951848345850816457e+00,-7.540567397367473612e-01,6.118527001487000128e+00,1.743494482340678942e-01,-1.153717303869096433e+00,4.660579069212630876e-02,-1.644804103477533586e+00,1.298596633248361686e-03,5.404409368462958163e+00,4.544663416584153737e-01,-2.765767635751264386e+00,-4.164506732688724733e-02,-1.015564855114420073e+00,1.502156906669871154e-19,3.783526116267127648e+00,4.632851275357681153e+00,6.550044730124641390e+00,-2.603330760170221136e+00,-1.246949322444317998e+00,-9.689148115767866054e-01,-1.614431641833223852e+00
2.000000000000000042e-02,-1.606042018396938831e+00,-1.117813261622367271e+00,2.618691860161811213e+00,2.618504238048196875e+00,-1.606042018396938831e+00,-1.118252700269575239e+00,1.444244358787651006e+00,-1.242081527180772804e+00,-3.652803105994638089e-01,-2.092060053625615923e-01,-2.157453628525447462e-02,-2.831384679744721258e-02,-1.468745546063531318e-02,-6.362989123784343337e-02,5.318696217316144607e-05,3.746283398393135400e-02,4.047359827259108478e+00,-7.404929132607718234e-01,6.177921232566428777e+00,1.741895663254368343e-01,-1.164388191736084321e+00,4.130777229794714567e-02,-1.618140858045597374e+00,-9.174364988059941113e-04,5.399687723160075059e+00,4.513776126801229971e-01,-2.763305786455390933e+00,-4.129454432633247740e-02,-1.014634239754230949e+00,1.061256601617463803e-19,3.837236385397740701e+00,4.637620273614048827e+00,6.600984998449105134e+00,-2.603803675590589339e+00,-1.269312627300260177e+00,-9.732732804941106597e-01,-1.580678024061666020e+00
2.100000000000000130e-02,-1.626318384463001143e+00,-1.171921258979595759e+00,2.616477205776416959e+00,2.615681040953813596e+00,-1.626318384463001143e+00,-1.173697191608918056e+00,1.454299308289469739e+00,-1.240258908615794242e+00,-3.859183930670760376e-01,-2.642718764040189461e-01,-2.723754216657259600e-02,-3.577726158429684472e-02,-1.854539901389832407e-02,-8.038227170602112170e-02,6.516951107741262141e-05,4.732586090066266682e-02,3.968188393326373298e+00,-7.337998357595886256e-01,6.075086635617979347e+00,1.853561901128670253e-01,-1.147149392090995867e+00,3.845101061912696572e-02,-1.602154309444301372e+00,-3.720192610427140029e-03,5.412972466904283131e+00,4.491063660367091148e-01,-2.770087429556369774e+00,-4.099869710337297746e-02,-1.017076538780149031e+00,0.000000000000000000e+00,3.700196324311927132e+00,4.651935088978121691e+00,6.488415740070391458e+00,-2.603276638457401315e+00,-1.268530360900389953e+00,-9.785603586499447282e-01,-1.554828448543638775e+00
2.199999999999999872e-02,-1.641692212616628233e+00,-1.190051468282130598e+00,2.570902568117219733e+00,2.569824188974083157e+00,-1.641692212616628233e+00,-1.192378358439914798e+00,1.457150127382362603e+00,-1.217906009576387838e+00,-3.900500090314869550e-01,-2.631957661428386275e-01,-2.711954949955627109e-02,-3.563472301609652004e-02,-1.846706870882330181e-02,-8.005554246755015868e-02,6.425461998299658042e-05,4.713343026499307309e-02,3.733635076617710880e+00,-7.396203144675433938e-01,5.816764947089815507e+00,2.136316028821352575e-01,-1.110899383941174268e+00,4.726278045205443978e-02,-1.598832728696938155e+00,-5.004356518115110446e-03,5.460387767041988027e+00,4.515301028967551589e-01,-2.794337134265704847e+00,-4.117749687928516644e-02,-1.025954964798840630e+00,3.996659740398667466e-17,3.465434953956757269e+00,4.693647903074888994e+00,6.232660326970473896e+00,-2.599172600092392926e+00,-1.232132423288009537e+00,-9.786279297268031252e-01,-1.551699298431945095e+00
2.299999999999999961e-02,-1.649942981017638477e+00,-1.191669780950709301e+00,2.484423175889438618e+00,2.482809345800353285e+00,-1.649942981017638477e+00,-1.195028508502662623e+00,1.458632504290757526e+00,-1.175402165094588502e+00,-3.864331283223609859e-01,-2.998958817774536323e-01,-3.088346504796361802e-02,-4.061238199102476520e-02,-2.103408129614890362e-02,-9.122220954452943398e-02,7.121097514506946060e-05,5.370777429519692225e-02,3.732402438098311848e+00,-7.278427697798032225e-01,5.781709621515940256e+00,2.147737821662857594e-01,-1.110241567533293283e+00,4.521535683418904938e-02,-1.581579598694143440e+00,-7.478305914894879669e-03,5.462495838167096274e+00,4.486835295710192018e-01,-2.795430268806026408e+00,-4.083775666791793907e-02,-1.026307340265782519e+00,8.650780429869807074e-19,3.425028250405963259e+00,4.703769603339329031e+00,6.189780769095934332e+00,-2.601690567935889487e+00,-1.242301533745740594e+00,-9.810207724564483645e-01,-1.527871824398946421e+00
2.400000000000000050e-02,-1.648952442174058897e+00,-1.174927671461502898e+00,2.352381722802645569e+00,2.350301298657285543e+00,-1.648952442174058897e+00,-1.179083800444976182e+00,1.458591016153667930e+00,-1.110542868614828649e+00,-3.742297726887742759e-01,-3.331800827333795123e-01,-3.429187817235421210e-02,-4.512890075001935175e-02,-2.335999291285854526e-02,-1.013500768129547702e-01,7.701341817476139572e-05,5.967047037873384613e-02,3.723851814975343455e+00,-7.288233085647541909e-01,5.738041870272960310e+00,2.484153680079249082e-01,-1.107699353121761376e+00,4.443456469330925307e-02,-1.563047716066598314e+00,-9.797747517518318877e-03,5.475848465819986188e+00,4.469560572004436794e-01,-2.802252701650946420e+00,-4.060562926814068746e-02,-1.028769589792067007e+00,-4.007642062620481223e-17,3.380873984724445336e+00,4.712733279082877758e+00,6.139869026723384415e+00,-2.577197326555880075e+00,-1.249655059202856799e+00,-9.842580116805829116e-01,-1.503377245687864461e+00
2.500000000000000139e-02,-1.636338646773385808e+00,-1.137411031355813673e+00,2.168096358479254082e+00,2.165465473146557684e+00,-1.636338646773385808e+00,-1.142411904048208582e+00,1.456634755996260466e+00,-1.020044581491017510e+00,-3.522124211822491580e-01,-4.504832195178311016e-01,-4.633529009371374630e-02,-6.103208063108590126e-02,-3.157065591472165561e-02,-1.370393811012913521e-01,1.006700517026977161e-04,8.068255184016158432e-02,3.592980673027536653e+00,-7.039222665278650481e-01,5.578606809701737390e+00,2.246742514290990811e-01,-1.084791652818382079e+00,3.677308661871493689e-02,-1.549231903897330787e+00,-1.274527198708909868e-02,5.455596559186884242e+00,4.416750390965438200e-01,-2.791928582510797785e+00,-4.002710963436118680e-02,-1.024918747461815327e+00,3.992596086675894390e-17,3.129752181522616361e+00,4.705339002565305684e+00,5.959249768167195427e+00,-2.598824986996420172e+00,-1.261858143554034584e+00,-9.880449907913977370e-01,-1.468549352057169299e+00
2.600000000000000228e-02,-1.612873858145294159e+00,-1.093103392174224364e+00,1.931802549181850237e+00,1.928681070839301626e+00,-1.612873858145294159e+00,-1.098601584740553472e+00,1.456738295630405355e+00,-9.041377235840054594e-01,-3.266113443581258879e-01,-6.185679523570649652e-01,-6.358678734422458512e-02,-8.382397719768200361e-02,-4.333054105013225965e-02,-1.881800625204745891e-01,1.333558261489599384e-04,1.107914989223352381e-01,3.471112395634021297e+00,-6.916751719158837908e-01,5.441218923482844971e+00,2.146637548751471336e-01,-1.060344254464885339e+00,3.444465005628588594e-02,-1.537861742048341362e+00,-1.570416125348237518e-02,5.446974468862667784e+00,4.373775906462855079e-01,-2.787546107869855572e+00,-3.953968345543931034e-02,-1.023249617977723958e+00,3.804415298412692872e-17,2.836840282023473936e+00,4.691712509602560033e+00,5.794772536931448670e+00,-2.616212894044840809e+00,-1.288064000440799273e+00,-9.886716120952891984e-01,-1.427070243126006055e+00
2.699999999999999969e-02,-1.583053608663155920e+00,-1.025920648163400895e+00,1.649071740680670306e+00,1.646107206948536739e+00,-1.583053608663155920e+00,-1.030670580482278220e+00,1.455232980463806003e+00,-7.660398130211898415e-01,-2.900187414917989037e-01,-6.618683173105522899e-01,-6.803101925490584456e-02,-8.969701309589586669e-02,-4.635655399976318369e-02,-2.013549171500927382e-01,1.409952096336479391e-04,1.185480719739174654e-01,4.034097558781795989e+00,-6.788672048412861537e-01,5.969616310699188411e+00,1.920582250794845292e-01,-1.140441516386260012e+00,3.321103427680509312e-02,-1.493350764413905019e+00,-1.575002278841524175e-02,5.397517164031889081e+00,4.331431978195234844e-01,-2.762226270218815394e+00,-3.915551541671300623e-02,-1.013952618753806600e+00,1.821974886511230266e-18,3.356479218682828503e+00,4.650618939935696972e+00,6.313062495422816056e+00,-2.616524599139093965e+00,-1.380951948953065722e+00,-9.806005892673679281e-01,-1.374802692439987650e+00
2.800000000000000058e-02,-1.548769743700045387e+00,-9.095705857118442372e-01,1.331541640905304469e+00,1.328322705787142066e+00,-1.548769743700045387e+00,-9.142650497242600371e-01,1.445388639112518581e+00,-6.104770109319843652e-01,-2.303459163326437575e-01,-7.832598918520747855e-01,-8.045436701514789568e-02,-1.061713805882848194e-01,-5.483568492343721817e-02,-2.382964862020464092e-01,1.610532945901098519e-04,1.402971167142616216e-01,3.659253895647024635e+00,-6.865525919256556531e-01,5.578950732385474787e+00,2.405158630167226197e-01,-1.080646443813183089e+00,3.255882847239906230e-02,-1.495277515145728708e+00,-1.937251059959658669e-02,5.422628380724508368e+00,4.308861272629846417e-01,-2.775137657076717446e+00,-3.882828846133381390e-02,-1.018618407549608751e+00,-3.743902170747943488e-17,2.856621493195353523e+00,4.655621421783704861e+00,5.903665479060173915e+00,-2.589457478983431926e+00,-1.357771218476563346e+00,-9.858985257826194948e-01,-1.354980398431467004e+00
2.900000000000000147e-02,-1.509015886227526249e+00,-7.717759022907876298e-01,9.952714008264125223e-01,9.921673375328979860e-01,-1.509015886227526249e+00,-7.757623211993537327e-01,1.433713936930007149e+00,-4.444368137814341257e-01,-1.603782227471576283e-01,-8.473172005395390727e-01,-8.698555355810606848e-02,-1.148793616074780810e-01,-5.929802584868867910e-02,-2.577965957679871356e-01,1.685816758985936629e-04,1.517774926643616074e-01,3.643662985091493667e+00,-6.646088095611885072e-01,5.537123202531402555e+00,2.117189215448493367e-01,-1.076096220908951295e+00,2.908929868522021345e-02,-1.479836859259343163e+00,-2.189372186762104239e-02,5.392662125899423842e+00,4.253179230257758126e-01,-2.759842386074732534e+00,-3.823668374880350579e-02,-1.012950180323387350e+00,0.000000000000000000e+00,2.774452062684333420e+00,4.641067762780129335e+00,5.847561763949699731e+00,-2.607421490378571960e+00,-1.372129500425741888e+00,-9.836922999622684793e-01,-1.328059366594981583e+00
2.999999999999999889e-02,-1.466063593569530088e+00,-6.489920825635476787e-01,6.564176407403575775e-01,6.534025949749950879e-01,-1.466063593569530088e+00,-6.520275233341384924e-01,1.428728991111336555e+00,-2.751565038273171560e-01,-9.674895882106623879e-02,-9.467728895202947026e-01,-9.713318778290801203e-02,-1.283937883865093055e-01,-6.622744062323067393e-02,-2.880692580265258318e-01,1.807543792277815941e-04,1.695999832579908884e-01,3.464048994666579340e+00,-6.486541024566842006e-01,5.340377638029401908e+00,1.945686766828902681e-01,-1.045120173558975463e+00,2.698976914002834682e-02,-1.472814073343229335e+00,-2.522097274419978288e-02,5.377155657555960033e+00,4.200157868232463620e-01,-2.751968110246852728e+00,-3.764247745650916438e-02,-1.009985953240749357e+00,3.934266513831569368e-17,2.492055132402084539e+00,4.631368367316367696e+00,5.631999636466138881e+00,-2.623626874187193092e+00,-1.370831909042010466e+00,-9.828154297214931612e-01,-1.303214090085238475e+00
3.099999999999999978e-02,-1.425404252385366499e+00,-5.586051579203055173e-01,3.259566162450748816e-01,3.229923555168588978e-01,-1.425404252385366499e+00,-5.603243492895695343e-01,1.433979739983454182e+00,-1.083640010634663309e-01,-4.744372935633686672e-02,-1.009112246602298590e+00,-1.034594651069456334e-01,-1.368881981302515483e-01,-7.055117777520471256e-02,-3.070562015492740993e-01,1.832845921198137946e-04,1.807779934825157198e-01,3.336739287232997953e+00,-6.188964048763456738e-01,5.198060870339147321e+00,1.430541561206162826e-01,-1.019662149154424879e+00,2.168029509970109681e-02,-1.461419635023496255e+00,-2.863399672695012693e-02,5.340707517171514596e+00,4.128617458271839902e-01,-2.733397453173797231e+00,-3.687786652681028510e-02,-1.003093097460972860e+00,0.000000000000000000e+00,2.298993043903749367e+00,4.618351647188223552e+00,5.474034418036080041e+00,-2.660894474828385814e+00,-1.363596217230509389e+00,-9.812295177691520154e-01,-1.280641641540980480e+00
3.200000000000000067e-02,-1.392041779457593886e+00,-4.784357018106825121e-01,2.056071538324410683e-03,-5.049148099263637939e-04,-1.392041779457593886e+00,-4.784398533340274984e-01,1.442710714522752236e+00,5.548659870079567652e-02,-2.580593454583279822e-03,-1.049058281770279821e+00,-1.075440095470626689e-01,-1.423181005054480197e-01,-7.333258707743721405e-02,-3.192179437256267849e-01,1.875940507650850271e-04,1.879380226374774143e-01,3.949566460212953434e+00,-5.922356278201793556e-01,5.777378574898952124e+00,9.838486668699371329e-02,-1.108648268776437185e+00,1.226153734768382908e-02,-1.416774111546307058e+00,-2.850913405658811114e-02,5.263392850443493032e+00,4.065084897008544584e-01,-2.693842633178034518e+00,-3.630508284892096371e-02,-9.885728274417612260e-01,0.000000000000000000e+00,2.871999044386085664e+00,4.563613213076251007e+00,6.041568964094358840e+00,-2.668790353568478046e+00,-1.464171295350984892e+00,-9.761236960433122833e-01,-1.228836088908829671e+00
3.300000000000000155e-02,-1.366650824762700722e+00,-3.719422486710197151e-01,-3.215225660241833316e-01,-3.237763424338863660e-01,-1.366650824762700722e+00,-3.699819953583751708e-01,1.444627296266497662e+00,2.193145188127443579e-01,5.445355373262661391e-02,-1.161464125631006761e+00,-1.189902394039101668e-01,-1.576197029672984640e-01,-8.115116068000281790e-02,-3.534476085809544754e-01,1.974659822383665101e-04,2.080901114205955804e-01,3.594780064168177081e+00,-5.886267360133735638e-01,5.418175319526497447e+00,1.073769434922987459e-01,-1.048425647968895147e+00,1.088513527927670310e-02,-1.418749252566907426e+00,-3.242375025583979498e-02,5.274445078750687799e+00,4.027711651448726005e-01,-2.699569520127669264e+00,-3.583536011450651204e-02,-9.906003997321499721e-01,3.858503107028532292e-17,2.400892188281330775e+00,4.566828103333404165e+00,5.663326781704071777e+00,-2.673343737315373225e+00,-1.437708616664356231e+00,-9.795177984706349150e-01,-1.210659141146311901e+00
3.400000000000000244e-02,-1.347537712552506095e+00,-2.603890236407031544e-01,-6.373680786856611435e-01,-6.390805605760714325e-01,-1.347537712552506095e+00,-2.561572728887161476e-01,1.444838549574458231e+00,3.796648401865126421e-01,1.138049731675826737e-01,-1.202540041242752711e+00,-1.231238744592128009e-01,-1.632479030793943242e-01,-8.398484803094458107e-02,-3.659754466435161113e-01,1.946326833021427892e-04,2.154655253412650906e-01,3.597538821010985988e+00,-5.634823348239846874e-01,5.391935740563547519e+00,7.511655327386217162e-02,-1.046938638858644355e+00,5.647015454307915960e-03,-1.401511384323365084e+00,-3.519858888420625276e-02,5.246846010043042519e+00,3.971125001358779549e-01,-2.685505664491303790e+00,-3.522904020120322388e-02,-9.853858159486043045e-01,0.000000000000000000e+00,2.359800190884027149e+00,4.560239800759844364e+00,5.625800337620031399e+00,-2.694373959248386186e+00,-1.448143125703363676e+00,-9.795441678109942929e-01,-1.186045858982099910e+00
3.500000000000000333e-02,-1.336847978055688113e+00,-1.696543475840604220e-01,-9.364387815457624331e-01,-9.376550569667474466e-01,-1.336847978055688113e+00,-1.627979833467576021e-01,1.449231829588307097e+00,5.321974634125087311e-01,1.635970578055406521e-01,-1.232500623665601314e+00,-1.261028937140971362e-01,-1.673667595123356500e-01,-8.603010561773150044e-02,-3.751201279792093501e-01,1.873651224491664402e-04,2.208488624985647242e-01,3.568471749631866530e+00,-5.164869461547968443e-01,5.336482091878251843e+00,-1.191951980526689825e-02,-1.039022778466687891e+00,-1.685237969628383681e-03,-1.384404349190056394e+00,-3.849326957765704382e-02,5.199990115505626953e+00,3.892241917676434459e-01,-2.661637444561445687e+00,-3.440083106734596885e-02,-9.765468178650837938e-01,4.452830472133343351e-18,2.297477856388608242e+00,4.557400275636733333e+00,5.558339524133558918e+00,-2.759587069984444252e+00,-1.448543737513243279e+00,-9.780446907122629652e-01,-1.163555486691491669e+00
3.600000000000000422e-02,-1.337579169133208623e+00,-9.954025050869896862e-02,-1.225629649467856463e+00,-1.226392079245109734e+00,-1.337579169133208623e+00,-8.965917181689245230e-02,1.456491297892806180e+00,6.789728083831887417e-01,2.037117504894603859e-01,-1.253033408960904982e+00,-1.281050707433157576e-01,-1.702060788076273923e-01,-8.740973239079777302e-02,-3.813987144644324090e-01,1.767882967394300000e-04,2.245446686326031394e-01,3.538212683631304145e+00,-4.888794918055592853e-01,5.269481596582828331e+00,-4.354433827323299366e-02,-1.033814799392959394e+00,-6.573128994033228256e-03,-1.366404720086018543e+00,-4.226211366967390359e-02,5.183515855321218169e+00,3.832968803566218496e-01,-2.653344441763899386e+00,-3.373733704296433961e-02,-9.734153102107258038e-01,-3.302178176804205804e-17,2.242917161000725468e+00,4.566531292772342709e+00,5.482572398131822844e+00,-2.784298512427930028e+00,-1.448950850900356135e+00,-9.798116509080196934e-01,-1.141860051453415403e+00
3.699999999999999817e-02,-1.347583100747789198e+00,-4.124416889070386949e-02,-1.515304843218691522e+00,-1.515593764481143468e+00,-1.347583100747789198e+00,-2.872960868832803022e-02,1.463294102421500487e+00,8.240575480793183027e-01,2.378574579567085956e-01,-1.271944269301123587e+00,-1.300097159129909585e-01,-1.727980015721647944e-01,-8.871237480948195031e-02,-3.871693212913642212e-01,1.748533965193090197e-04,2.279419708764402197e-01,3.706692873631963536e+00,-4.727078891292226803e-01,5.414882930221574853e+00,-5.498646330312750852e-02,-1.057189997418254812e+00,-1.613519846592925688e-02,-1.345459230655160265e+00,-4.307920616707759665e-02,5.156864589699682533e+00,3.800715947681251872e-01,-2.639740516976115003e+00,-3.341771479555077917e-02,-9.684063526347559403e-01,0.000000000000000000e+00,2.391669398163762228e+00,4.554146984657468700e+00,5.622156523417535468e+00,-2.783439355088724199e+00,-1.477777033505169868e+00,-9.843666977041658495e-01,-1.117517259778719962e+00
3.799999999999999906e-02,-1.364062784382082061e+00,1.734867059543111767e-02,-1.808490911594554884e+00,-1.808264971598456672e+00,-1.364062784382082061e+00,3.343869288064597878e-02,1.465950733487143998e+00,9.693487880680548008e-01,2.715817717392747244e-01,-1.251804729417810513e+00,-1.278597894876767616e-01,-1.701036787661223404e-01,-8.726717527029763388e-02,-3.810639778333834715e-01,1.615002344446477998e-04,2.243471544959634023e-01,3.633901413048093776e+00,-4.300426032635068507e-01,5.309639862411824396e+00,-1.251190046209108009e-01,-1.049098165283789408e+00,-2.339847717491835843e-02,-1.335733194211699670e+00,-4.615779329879248633e-02,5.128595526707321106e+00,3.739745718214417813e-01,-2.625401478183325477e+00,-3.275735620983276364e-02,-9.630682298717403444e-01,0.000000000000000000e+00,2.335938890331490825e+00,4.570693133956137189e+00,5.513510755467144087e+00,-2.837787658074534036e+00,-1.462919499327005601e+00,-9.863052068122141192e-01,-1.111386039715736240e+00
3.899999999999999994e-02,-1.386877781178168068e+00,7.154329485913139830e-02,-2.102865103084802456e+00,-2.102075860831635001e+00,-1.386877781178168068e+00,9.185401526388166371e-02,1.465297883322637995e+00,1.113447202636405509e+00,3.026487411781483838e-01,-1.244968573422827518e+00,-1.270488161602923716e-01,-1.692356819981093996e-01,-8.673953813950240066e-02,-3.790190960307016077e-01,1.469965871214828467e-04,2.231428402429495028e-01,3.586407263414348456e+00,-4.153585416524228635e-01,5.223790532902809147e+00,-1.229167684158857798e-01,-1.042784190772966912e+00,-2.707120805942528352e-02,-1.319687252305172809e+00,-5.019025622306044071e-02,5.136641556221715810e+00,3.697530657183945024e-01,-2.629653209776666944e+00,-3.223988557945612482e-02,-9.645454535370553417e-01,-3.755986200267000760e-17,2.291248433768460657e+00,4.594234198409000491e+00,5.424307916623094528e+00,-2.839309516332054972e+00,-1.454043172383124638e+00,-9.914696650093591801e-01,-1.096544412062223195e+00
4.000000000000000083e-02,-1.415505377031432754e+00,1.101821509817371425e-01,-2.396109220244726945e+00,-2.394821859959322286e+00,-1.415505377031432754e+00,1.353061742779283483e-01,1.464091507700699735e+00,1.255061797720286254e+00,3.260546314762717279e-01,-1.244271308405595189e+00,-1.268602724869137277e-01,-1.691890960840608249e-01,-8.663373192653328614e-02,-3.788388787644495492e-01,1.321912842970977538e-04,2.230361788029014691e-01,3.544182626251009438e+00,-3.692184556070127188e-01,5.147941136348123337e+00,-2.001903108282955535e-01,-1.037412861675673481e+00,-3.491928711989066014e-02,-1.305647034816753482e+00,-5.419238385639146144e-02,5.108944365662115850e+00,3.625750206340428994e-01,-2.615683545050083492e+00,-3.145142297142798637e-02,-9.593140728939651973e-01,3.735294641691903438e-17,2.245718933989022670e+00,4.612865637568189570e+00,5.341327060898104939e+00,-2.902507587804912248e+00,-1.447703163411551142e+00,-9.941011687295587818e-01,-1.082610856013852096e+00
4.100000000000000172e-02,-1.448394173279018426e+00,1.295904968764928777e-01,-2.690436270695617971e+00,-2.688792091791144312e+00,-1.448394173279018426e+00,1.601190515730153974e-01,1.463453566496591751e+00,1.394967561054194505e+00,3.401578148166118920e-01,-1.248026948216948373e+00,-1.271110560560341496e-01,-1.697502982396459081e-01,-8.683501142955275809e-02,-3.800135673491888411e-01,1.173083453658135123e-04,2.237270039787782050e-01,3.506888945036084060e+00,-3.640771400828542448e-01,5.061550515405071948e+00,-1.710780775035363188e-01,-1.033995416013389290e+00,-3.462430728328258489e-02,-1.286169334625077987e+00,-5.898680305479107877e-02,5.138895564615364897e+00,3.592407582103475661e-01,-2.631185590362599136e+00,-3.098887110743364648e-02,-9.648950595107802508e-01,-6.822861619314977368e-18,2.199875193764344594e+00,4.647707368476476475e+00,5.251040975375773634e+00,-2.889098679295688310e+00,-1.444997854470011944e+00,-9.994020584486970060e-01,-1.062442330646299782e+00
4.200000000000000261e-02,-1.483024529778436795e+00,1.302078098169719700e-01,-2.981506097481180895e+00,-2.979788632240627066e+00,-1.483024529778436795e+00,1.649011528896183187e-01,1.463680255553062137e+00,1.531156919055662868e+00,3.451433182466988603e-01,-1.211027342145185592e+00,-1.232993121231370642e-01,-1.647399119340509366e-01,-8.424147526279088249e-02,-3.687615623135531151e-01,1.086773101426198953e-04,2.171024325651733644e-01,3.470778348014995629e+00,-3.436530897243560978e-01,5.003705514419721112e+00,-1.951369639527075206e-01,-1.027788317555537123e+00,-4.131054670949042829e-02,-1.275533551159812040e+00,-6.041085420832353198e-02,5.132437286541169819e+00,3.569629255494302655e-01,-2.627938355657216452e+00,-3.073392563218653797e-02,-9.636723746029888238e-01,0.000000000000000000e+00,2.199340151661486331e+00,4.665484884693676726e+00,5.195928528035100413e+00,-2.907316794872714993e+00,-1.427283805501276870e+00,-1.004874244002336603e+00,-1.058431118594638676e+00
4.300000000000000350e-02,-1.520087607070528479e+00,1.188461707050607330e-01,-3.257787112286476550e+00,-3.256057565854863611e+00,-1.520087607070528479e+00,1.593436823674413694e-01,1.463708339712243900e+00,1.659046740592904801e+00,3.444090981437231691e-01,-1.219954873573846799e+00,-1.240839790562608402e-01,-1.659956497962866984e-01,-8.480732133189491928e-02,-3.715043410378637834e-01,9.574993322960782967e-05,2.187165006226786668e-01,3.546802389592244253e+00,-3.134340403694232391e-01,5.033918199506450364e+00,-2.353468590420446649e-01,-1.041934673080138873e+00,-4.175022224720775776e-02,-1.253900594772132671e+00,-6.452073670313242248e-02,5.131670469817210645e+00,3.518709380110445206e-01,-2.627718973008819070e+00,-3.013136457294127504e-02,-9.634868621118687360e-01,3.004667039191257938e-17,2.262326779315264602e+00,4.694152450391526621e+00,5.219793487721208436e+00,-2.947873153382758460e+00,-1.443570378690943956e+00,-1.005141334425846855e+00,-1.035184094149454115e+00
4.399999999999999745e-02,-1.560183146314884306e+00,1.046312432100335865e-01,-3.509714417910315909e+00,-3.508026248285757820e+00,-1.560183146314884306e+00,1.509795803457491536e-01,1.462100987692321885e+00,1.774081035628324088e+00,3.420580605488769965e-01,-1.214987550223014301e+00,-1.234628713299297936e-01,-1.653667612329187409e-01,-8.441085699730073444e-02,-3.700171848967125920e-01,8.247985369205471800e-05,2.178402404567661987e-01,3.484331730933194038e+00,-3.430504504054184278e-01,4.942697713547023142e+00,-1.376920541640281048e-01,-1.033312785461100392e+00,-3.715601879168477228e-02,-1.243657075055308425e+00,-6.944403331730930606e-02,5.199758763334731526e+00,3.515846739857445558e-01,-2.662694165551454883e+00,-2.994332038317117778e-02,-9.762229395666308651e-01,0.000000000000000000e+00,2.199900147392870764e+00,4.733245441599382985e+00,5.128915626299848540e+00,-2.884797076712783959e+00,-1.433273290740984196e+00,-1.013296478504623677e+00,-1.025816834598542115e+00
4.499999999999999833e-02,-1.598466026820953179e+00,8.542997825526574274e-02,-3.731210215329205493e+00,-3.729628573554943483e+00,-1.598466026820953179e+00,1.381978852378890621e-01,1.460499826119078470e+00,1.874461263904543706e+00,3.373045564527402673e-01,-1.150066766170682486e+00,-1.167302743402741649e-01,-1.565680953505370065e-01,-7.983971945245504909e-02,-3.502687415688977013e-01,6.323471744582694813e-05,2.062128289246775159e-01,3.423732478573383808e+00,-3.162632779733653976e-01,4.842202499882718669e+00,-1.663344501047498980e-01,-1.026255626674227761e+00,-4.049893219366546004e-02,-1.229116252996925507e+00,-7.442238614943710862e-02,5.204135119254598152e+00,3.458656133111019937e-01,-2.665140122679281909e+00,-2.925374553004653905e-02,-9.769927332399207520e-01,-3.803100903055861711e-17,2.199243326253264463e+00,4.771141566940958256e+00,5.031500017843283601e+00,-2.911314292236486967e+00,-1.405778113773171967e+00,-1.017428430716140308e+00,-1.022903424072247880e+00
4.599999999999999922e-02,-1.631726393688380128e+00,6.207556897694566089e-02,-3.926209391235765622e+00,-3.924832273179093889e+00,-1.631726393688380128e+00,1.210999071162170149e-01,1.459473259692968927e+00,1.962186499017916974e+00,3.304911441167993069e-01,-1.092261239157107378e+00,-1.107358786480650559e-01,-1.487507889484435686e-01,-7.576567376815639132e-02,-3.326914380746769928e-01,4.484552947236716304e-05,1.958636600319681453e-01,3.508749603419772267e+00,-3.317767587444076516e-01,4.889471763585376607e+00,-9.321558909225451106e-02,-1.040532518038698395e+00,-3.972825301718764524e-02,-1.209490176257747684e+00,-7.975449308250795455e-02,5.247094302340989280e+00,3.429373833899220791e-01,-2.687269162902139463e+00,-2.881355648267387715e-02,-9.850027996443190270e-01,-4.756543107340258266e-17,2.336733871180157074e+00,4.804581664948516462e+00,5.083658358026855062e+00,-2.856250425762550282e+00,-1.402037512596049362e+00,-1.024686207132034399e+00,-1.013626516225779595e+00
4.700000000000000011e-02,-1.659396917872428379e+00,3.738604152136068559e-02,-4.098889520180505563e+00,-4.097828469890064440e+00,-1.659396917872428379e+00,1.004731113515513474e-01,1.459033777338048843e+00,2.038868985406686818e+00,3.229537931184959798e-01,-1.048647161185887189e+00,-1.062674977194845577e-01,-1.428267797874976375e-01,-7.272045850533741251e-02,-3.194157224655876925e-01,3.812515667290976507e-05,1.880476379991088964e-01,3.338055035909160306e+00,-3.116723728834541740e-01,4.699072005753665238e+00,-1.235902558844600985e-01,-1.015777356270559872e+00,-4.245663222863686748e-02,-1.207586656369393552e+00,-8.167738113462574834e-02,5.249100061427757424e+00,3.407604005217504950e-01,-2.688361227715194701e+00,-2.854985380611140683e-02,-9.853582132290222839e-01,0.000000000000000000e+00,2.207730493588647480e+00,4.831160190824818734e+00,4.897005626487917596e+00,-2.884671942104992226e+00,-1.363742932542258757e+00,-1.027776720300986213e+00,-1.019539018370284600e+00
4.800000000000000100e-02,-1.681279978049181167e+00,8.529050767233897767e-03,-4.249327966567935988e+00,-4.248627131660716927e+00,-1.681279978049181167e+00,7.764282503752965858e-02,1.460507550487249340e+00,2.105242957628462808e+00,3.136778878727622955e-01,-9.674229213665407334e-01,-9.792041067508905350e-02,-1.317901043951950069e-01,-6.703449575171592512e-02,-2.946860794612023993e-01,2.281619777008647734e-05,1.734875898576714592e-01,3.438050948908032645e+00,-3.284113377349659468e-01,4.752267428467990662e+00,-5.019754342283302972e-02,-1.034088734659579067e+00,-3.586084614350672217e-02,-1.185852146492224257e+00,-8.711853494753853122e-02,5.298875202252983030e+00,3.382425524798558514e-01,-2.713975890536747038e+00,-2.813993026376737649e-02,-9.946299603578320214e-01,-2.863761590989630196e-17,2.383509492593953283e+00,4.872543453842927974e+00,4.958719876552651229e+00,-2.831207929711295979e+00,-1.356914744384548843e+00,-1.030467990303568726e+00,-1.012364556634552715e+00
4.900000000000000189e-02,-1.694884919558813818e+00,-1.749270128315780215e-02,-4.381361937286637698e+00,-4.381021137775447549e+00,-1.694884919558813818e+00,5.737778722659599845e-02,1.462432885517620740e+00,2.163171197012763169e+00,3.057769358531313153e-01,-9.799588648066192009e-01,-9.908493818222699479e-02,-1.335239390339120757e-01,-6.785179374975622291e-02,-2.985178300514512162e-01,1.105227618674299428e-05,1.757423588761435340e-01,3.414007774773689441e+00,-3.404218567949877650e-01,4.694509765881306862e+00,8.791999579707485135e-03,-1.029364166289644444e+00,-3.400495754339749599e-02,-1.169081827461681877e+00,-9.213778662951627174e-02,5.334694472653134234e+00,3.350925053180849877e-01,-2.732446397083952316e+00,-2.768752670349363190e-02,-1.001292340338463704e+00,-1.065669919460350679e-17,2.341911123337554024e+00,4.895187677675918891e+00,4.896078332165479274e+00,-2.791506191254001124e+00,-1.355569523044589442e+00,-1.035286245605674615e+00,-9.933394685855383432e-01
5.000000000000000278e-02,-1.698560734399941596e+00,-3.868329409543833086e-02,-4.500484334802149711e+00,-4.500446655607943214e+00,-1.698560734399941596e+00,4.284326165108801043e-02,1.464591908449338842e+00,2.215494021328196173e+00,3.002026908400931005e-01,-9.445777318628859609e-01,-9.538153545401174827e-02,-1.287285542200143906e-01,-6.534469613966872870e-02,-2.877501151175367866e-01,-2.520068199998253493e-06,1.694020166354046619e-01,3.340115058636540901e+00,-3.185421756707714214e-01,4.578117187925693443e+00,-1.094398045080302584e-02,-1.023441500727069409e+00,-3.374159943624803482e-02,-1.158263711420226771e+00,-9.769206631400355334e-02,5.336463649524849195e+00,3.284333251897557093e-01,-2.733515840437485966e+00,-2.689187419952182231e-02,-1.001541643851288077e+00,-3.898025522416331662e-17,2.297845260459651318e+00,4.922539938400066539e+00,4.777821958895434484e+00,-2.809804517027957527e+00,-1.338083490044128077e+00,-1.035285763355735966e+00,-9.888616947848221095e-01
5.100000000000000366e-02,-1.694219192783420036e+00,-5.903795029576641706e-02,-4.612781548842302293e+00,-4.613067738275608676e+00,-1.694219192783420036e+00,2.907127441089314701e-02,1.468111864067190186e+00,2.264516757619068787e+00,2.950369086914383376e-01,-9.169281667973721017e-01,-9.247183150350485326e-02,-1.249858253223225940e-01,-6.337510517296071622e-02,-2.793385157592479517e-01,-1.556888053559448874e-05,1.644487504046328041e-01,3.378337360752925900e+00,-3.315763584666755470e-01,4.579578922396107643e+00,5.528805912048757876e-02,-1.033142573854789026e+00,-3.264447397129950634e-02,-1.144312746483734822e+00,-1.035428002659136010e-01,5.364813516346710109e+00,3.236328713741712937e-01,-2.748177239172427289e+00,-2.625976200900377241e-02,-1.006783410106952159e+00,-3.918327462327173863e-17,2.357866393689640461e+00,4.940765326376529210e+00,4.778225968447956440e+00,-2.756264285224900412e+00,-1.338740851623040573e+00,-1.039443452958787262e+00,-9.798639960791020176e-01
5.200000000000000455e-02,-1.682564250288346663e+00,-7.961839516639435121e-02,-4.721283334656752650e+00,-4.721938590275293279e+00,-1.682564250288346663e+00,1.230303318049126571e-02,1.473369387388916429e+00,2.311365701549892293e+00,2.896881275524308963e-01,-9.076305343945946236e-01,-9.149256093165407389e-02,-1.237257342254712428e-01,-6.271299032506098825e-02,-2.765085400983294250e-01,-1.982053679990907513e-05,1.627822751482177754e-01,3.259915073768788751e+00,-3.296380495659681498e-01,4.447386739874447770e+00,5.666504146357437266e-02,-1.014302785830490716e+00,-2.923837386108789349e-02,-1.141090418580060550e+00,-1.057046469704240876e-01,5.373575294485993581e+00,3.217261787060544664e-01,-2.752721887194409689e+00,-2.601283295208257559e-02,-1.008396874742353733e+00,-5.147155212164151494e-17,2.246579892403770096e+00,4.952444683988371565e+00,4.645387184355031174e+00,-2.758769836055896096e+00,-1.316824158880902651e+00,-1.037655069140241526e+00,-9.783081434318428027e-01
5.299999999999999850e-02,-1.665518372986131590e+00,-1.046190535203168626e-01,-4.825028963588861686e+00,-4.826159332651725364e+00,-1.665518372986131590e+00,-5.978435375997057100e-03,1.481733771949685252e+00,2.356199303973449233e+00,2.825268038616209898e-01,-9.172403353383146163e-01,-9.234676976481369370e-02,-1.250578445376475667e-01,-6.332095315696657789e-02,-2.794443837903590189e-01,-3.276640371068533555e-05,1.645093467901243556e-01,3.284113131694558874e+00,-3.175333585305198381e-01,4.436810336425024204e+00,5.774135318511176146e-02,-1.019239797320568686e+00,-2.996741554697605892e-02,-1.124945464276754237e+00,-1.108802844911316865e-01,5.368932805152986987e+00,3.149920896020714234e-01,-2.750488243344850314e+00,-2.522491938411560580e-02,-1.007444766246641699e+00,-2.638310793403556992e-17,2.255992511865112515e+00,4.959052676857653275e+00,4.626744581489448116e+00,-2.756067843316705179e+00,-1.323909100495043401e+00,-1.037444948197328465e+00,-9.604361174866298256e-01
5.399999999999999939e-02,-1.644366481759143239e+00,-1.322056830151462359e-01,-4.924751526941234303e+00,-4.926452372603753460e+00,-1.644366481759143239e+00,-2.688801216851109677e-02,1.492705479707379546e+00,2.399063716938297119e+00,2.742885165110784396e-01,-8.804731037942562510e-01,-8.853975047689299771e-02,-1.200596483355461236e-01,-6.073127220071464910e-02,-2.682471228376963057e-01,-4.291244674304782008e-05,1.579161990378612490e-01,3.245264953897823101e+00,-3.392336588839672817e-01,4.358144274287371722e+00,1.414847284293352381e-01,-1.017250796631472554e+00,-2.475328264118636934e-02,-1.112732546888168361e+00,-1.168133266647514851e-01,5.407919377812702599e+00,3.109941039568481780e-01,-2.770586540456538849e+00,-2.466207345834151021e-02,-1.014675987005203783e+00,1.351088593072114771e-17,2.247978523438815657e+00,4.980145968451842542e+00,4.549078729908673679e+00,-2.689833084227918114e+00,-1.310159992927510508e+00,-1.039472182093133412e+00,-9.548163478503071122e-01
5.500000000000000028e-02,-1.616969637907862856e+00,-1.565651828899946585e-01,-5.019825690769271098e+00,-5.022073297798669067e+00,-1.616969637907862856e+00,-4.407282312457624918e-02,1.504507637022659106e+00,2.440437223413940870e+00,2.676179020149619392e-01,-9.000817758135170044e-01,-9.039480189101893604e-02,-1.227504118618194945e-01,-6.202475766691657733e-02,-2.742248372351507313e-01,-5.694025747188377271e-05,1.614337838248967594e-01,3.279958641646344208e+00,-3.284805933144274714e-01,4.356266905288482150e+00,1.440753254474443912e-01,-1.023545391792705761e+00,-2.323818968211137370e-02,-1.095174947156011491e+00,-1.223033058366597148e-01,5.404123565937067220e+00,3.039487196602587704e-01,-2.768788913842779031e+00,-2.383507980699671111e-02,-1.013871403797336868e+00,0.000000000000000000e+00,2.257573559996167489e+00,4.985248170731620299e+00,4.537465213086921523e+00,-2.686738346062250926e+00,-1.321605308834853165e+00,-1.037166533736920249e+00,-9.337411633311147874e-01
5.600000000000000117e-02,-1.584930675776816233e+00,-1.740489437413023643e-01,-5.109735111525484541e+00,-5.112414256119611977e+00,-1.584930675776816233e+00,-5.391121032568502169e-02,1.516097368421850389e+00,2.480127439409771206e+00,2.641778289459573159e-01,-9.198248562952072716e-01,-9.225614346532919063e-02,-1.254685358058689748e-01,-6.331905741635826534e-02,-2.802488469850210051e-01,-7.315865205916750457e-05,1.649784863091399434e-01,3.251343167059665529e+00,-3.224581875813312681e-01,4.301372253103829202e+00,1.603367263993869807e-01,-1.017223544322462647e+00,-2.719633386802342706e-02,-1.080555853727989568e+00,-1.280771077967413074e-01,5.394802590624267147e+00,2.961205944239881371e-01,-2.764170297000595689e+00,-2.292990867190617538e-02,-1.012031758922245395e+00,0.000000000000000000e+00,2.203441202967717061e+00,4.980088259577606813e+00,4.472024311721948919e+00,-2.667152628017567029e+00,-1.320402299979389849e+00,-1.039301251442328100e+00,-9.155773674188496525e-01
5.700000000000000205e-02,-1.551794163694464324e+00,-1.838671248219165277e-01,-5.195274819932187427e+00,-5.198183118761775745e+00,-1.551794163694464324e+00,-5.983174769139402993e-02,1.527355302988904873e+00,2.517791437047440795e+00,2.642340690556423399e-01,-9.458463366386399285e-01,-9.482467847708146713e-02,-1.290236288359825623e-01,-6.508752689351104959e-02,-2.881774644005292152e-01,-8.020818989649047479e-05,1.696453489787408675e-01,3.266075456495352025e+00,-3.216315341330095445e-01,4.303834439321303051e+00,1.632015833720218412e-01,-1.017250637566442073e+00,-2.345665378732302020e-02,-1.071336987865717738e+00,-1.299685555906988643e-01,5.391498718515277844e+00,2.935336213058075683e-01,-2.762527518307963614e+00,-2.263094693696939691e-02,-1.011378189434526176e+00,-3.935859307398471110e-17,2.190260564266012899e+00,4.975042505905186374e+00,4.468344431791128279e+00,-2.664413461829453045e+00,-1.328059048903940775e+00,-1.034915051411745779e+00,-9.016916388869768983e-01
5.800000000000000294e-02,-1.519372587977708022e+00,-1.872103665726602695e-01,-5.273650313920359878e+00,-5.276677350768559371e+00,-1.519372587977708022e+00,-5.578073816900191995e-02,1.538262582251999300e+00,2.552955103779132706e+00,2.674460332546398367e-01,-1.006695187079212683e+00,-1.007940877745116814e-01,-1.373490110205335402e-01,-6.921203196394630497e-02,-3.067243439267848815e-01,-9.950638377156714319e-05,1.805620996711291004e-01,3.248102852829878984e+00,-3.082223407497322043e-01,4.244346170300550725e+00,1.704364910480543061e-01,-1.016438549217461684e+00,-2.693491276143816088e-02,-1.054250358520310238e+00,-1.353218356173220838e-01,5.378260868364308500e+00,2.858824769802755239e-01,-2.755883864338364297e+00,-2.175132217909687624e-02,-1.008806005177363296e+00,0.000000000000000000e+00,2.106085830133344050e+00,4.969244439840064587e+00,4.392879636260293097e+00,-2.654659405254256477e+00,-1.344914215323343321e+00,-1.035840424322573172e+00,-8.736882588491811097e-01
5.900000000000000383e-02,-1.487565560521056263e+00,-1.882321787568083660e-01,-5.345112518135517021e+00,-5.348194681982604060e+00,-1.487565560521056263e+00,-4.972754027227732632e-02,1.549239882574019456e+00,2.585681764564774721e+00,2.717151985868513364e-01,-1.016243257693882684e+00,-1.016305694275231319e-01,-1.386734269046314971e-01,-6.980778047487569415e-02,-3.096408156255160415e-01,-1.141154733124332066e-04,1.822774971006396738e-01,3.174547216810867489e+00,-3.091125380997847283e-01,4.144095896859175454e+00,2.016029694895942193e-01,-1.007540855615951969e+00,-2.956749257167943373e-02,-1.046932067280201162e+00,-1.406772895495765618e-01,5.377922817019373802e+00,2.793276132640051257e-01,-2.755854556225083130e+00,-2.097319674296984487e-02,-1.008662625385941647e+00,0.000000000000000000e+00,2.017626669567408548e+00,4.967179709492065776e+00,4.284750083218549221e+00,-2.624059367210364702e+00,-1.338154867984437946e+00,-1.038344233430933405e+00,-8.646545701795614880e-01
5.999999999999999778e-02,-1.454537218484942329e+00,-1.928862810981391562e-01,-5.408589077424348801e+00,-5.411825053035484778e+00,-1.454537218484942329e+00,-4.680300425515515617e-02,1.561157859718964813e+00,2.616175303992823498e+00,2.742366932993776096e-01,-1.056964255081555226e+00,-1.055640327143308327e-01,-1.442579703588228457e-01,-7.253275035852962960e-02,-3.220540230732441001e-01,-1.347449528052584481e-04,1.895830220303181823e-01,3.167283611424601908e+00,-3.032767246982001064e-01,4.102623166647655140e+00,2.155707566260262054e-01,-1.007795153467501370e+00,-2.833623779732310360e-02,-1.032507458360110153e+00,-1.465832860782289304e-01,5.376709627363815081e+00,2.720284374380319004e-01,-2.755364471976785801e+00,-2.010952936574703434e-02,-1.008336713375115101e+00,-5.619303137558663490e-17,1.963736070264817890e+00,4.967868869951283628e+00,4.230393633726864167e+00,-2.612326465709289280e+00,-1.349958705906492362e+00,-1.036807696125243483e+00,-8.429244363297919707e-01
6.099999999999999867e-02,-1.421333075062967577e+00,-2.017250379947509442e-01,-5.461969940938676160e+00,-5.465484508095978633e+00,-1.421333075062967577e+00,-4.783009967051662925e-02,1.573695627785892670e+00,2.643562595024947282e+00,2.747371935530720788e-01,-1.096084413685694203e+00,-1.093192921771366372e-01,-1.496291171323910763e-01,-7.513419698566066451e-02,-3.339828607230440616e-01,-1.583682424676951855e-04,1.966031405114531672e-01,3.140398681095539324e+00,-2.822301864607600352e-01,4.038172597794426721e+00,1.998320297501741116e-01,-1.003766376201237653e+00,-3.189343895940377482e-02,-1.015135927402115223e+00,-1.522706331888910858e-01,5.354858968680923148e+00,2.632633916171371879e-01,-2.744331593191201346e+00,-1.912070119729572526e-02,-1.004143051228704620e+00,1.761282290171018563e-17,1.892043634220953896e+00,4.963309490043026351e+00,4.151806872279173000e+00,-2.619633760426687719e+00,-1.356869938121577412e+00,-1.036194858430576238e+00,-8.185327868906620008e-01
6.199999999999999956e-02,-1.391069654183383131e+00,-2.073607913088578170e-01,-5.508548367780188748e+00,-5.512221511442369604e+00,-1.391069654183383131e+00,-5.017595776872590951e-02,1.584485862133513390e+00,2.668380867288636882e+00,2.764192434225464234e-01,-1.143670533962376279e+00,-1.140162467693938281e-01,-1.561340258237675360e-01,-7.836759353919534044e-02,-3.484840386781492549e-01,-1.715240203528454327e-04,2.051387045352616456e-01,3.248618141296894191e+00,-2.749897598620612560e-01,4.131700813430756902e+00,1.930544211289537959e-01,-1.018617045919198105e+00,-3.027258868096785460e-02,-1.001945973144184654e+00,-1.538281283436570557e-01,5.341819280587420060e+00,2.602681579545110813e-01,-2.737697519190192441e+00,-1.879606006915317609e-02,-1.001666244461407285e+00,-5.677039970114726706e-17,1.951119478990861023e+00,4.952813273955965379e+00,4.235834945561499865e+00,-2.623010691600433653e+00,-1.385897144666500491e+00,-1.032110357162727921e+00,-7.968072686089230361e-01
6.300000000000000044e-02,-1.365340605565309007e+00,-2.032632374363289585e-01,-5.553273793060682806e+00,-5.556858518164633942e+00,-1.365340605565309007e+00,-3.858981068664571468e-02,1.591098164213231581e+00,2.693333232866438109e+00,2.824122963766378946e-01,-1.113568651983936286e+00,-1.108656352198767597e-01,-1.520487979603583617e-01,-7.622855017188309712e-02,-3.393176119315908235e-01,-1.839837224837532201e-04,1.997409455423371505e-01,3.173190350692622896e+00,-2.404756482188381284e-01,4.016944997884554169e+00,1.465116061871587771e-01,-1.012786718063474867e+00,-3.657944881871067616e-02,-9.928200586532202054e-01,-1.587924099291102564e-01,5.306690436611595452e+00,2.512696101264629833e-01,-2.719873374264048405e+00,-1.780602325608068859e-02,-9.949900570115252085e-01,-3.871631995052998459e-17,1.900829288779576354e+00,4.955349153172880605e+00,4.116165810050659069e+00,-2.649590318248772558e+00,-1.369910353251146296e+00,-1.031753489552719616e+00,-7.930791131108830827e-01
6.400000000000000133e-02,-1.343484694169177596e+00,-1.938277077160343587e-01,-5.602051447172309295e+00,-5.605363555543728893e+00,-1.343484694169177596e+00,-2.118979060740913689e-02,1.594006429036940675e+00,2.720658574711457778e+00,2.904818785013080773e-01,-1.115798995743022548e+00,-1.109385697796575893e-01,-1.523856171024957074e-01,-7.629832067362808667e-02,-3.400069483158375538e-01,-2.029761751380220890e-04,2.001447155941564748e-01,3.152017959146620640e+00,-2.452041725104651959e-01,3.966299267500229764e+00,1.880848967372713565e-01,-1.011306022609539390e+00,-3.739572370687124780e-02,-9.816153556367228639e-01,-1.653142726836891729e-01,5.316493039320587144e+00,2.441597440378045214e-01,-2.725064037504992598e+00,-1.694118018503798506e-02,-9.967372211913154700e-01,1.912177572074099505e-17,1.870904690719908725e+00,4.960350297030465150e+00,4.058073394435538717e+00,-2.613277461441349203e+00,-1.368254151110415151e+00,-1.034335921073324727e+00,-7.814706400425663890e-01
6.500000000000000222e-02,-1.323061221000221721e+00,-1.839757916752677858e-01,-5.656810915911441917e+00,-5.659800587970192254e+00,-1.323061221000221721e+00,-3.759615626147988499e-03,1.594235203589156269e+00,2.751461698958675761e+00,2.983500705609983816e-01,-1.124615243518493735e+00,-1.116758082717187878e-01,-1.536166919441678824e-01,-7.682428803083998781e-02,-3.427020879207319237e-01,-2.218453728809228630e-04,2.017293962814294128e-01,3.167852380228996623e+00,-2.096259059633985011e-01,3.944550116978685406e+00,1.376751142474177958e-01,-1.014464995228228528e+00,-4.305571534936352557e-02,-9.634415294421528886e-01,-1.697212084052634740e-01,5.280157456913008751e+00,2.357382242630584601e-01,-2.706615733404323709e+00,-1.602550849235894262e-02,-9.898487823432962074e-01,-1.963151371395035366e-17,1.873515928305239608e+00,4.958855742677891421e+00,4.026671649297576039e+00,-2.645764907187745596e+00,-1.373192591641319238e+00,-1.033126343065540631e+00,-7.617121331607235035e-01
6.600000000000000311e-02,-1.306626147513091363e+00,-1.734221213220181190e-01,-5.719361844708712006e+00,-5.721968789537045907e+00,-1.306626147513091363e+00,1.575799598995308859e-02,1.591467109262667545e+00,2.786167134568438897e+00,3.061921875887804179e-01,-1.123333999783790560e+00,-1.113905154054194158e-01,-1.534722831901201290e-01,-7.664996530390885687e-02,-3.423203374250090580e-01,-2.410166212316098395e-04,2.015026572768221502e-01,3.136530974004484218e+00,-1.678404335094781930e-01,3.879677342940809570e+00,6.909417421508859403e-02,-1.015043274444320742e+00,-4.968301997265433395e-02,-9.550019854646659700e-01,-1.748169141705638030e-01,5.238677001835193359e+00,2.260680936907274730e-01,-2.685567509554785737e+00,-1.497149811243602205e-02,-9.819850098880792411e-01,-3.820593894632402319e-17,1.838380060050129661e+00,4.959446052920295500e+00,3.952273153441416831e+00,-2.693123300643605944e+00,-1.372335109981765777e+00,-1.031909046481965131e+00,-7.534993281878438198e-01
6.700000000000000400e-02,-1.297593780990967005e+00,-1.574654142616186414e-01,-5.788441979369346235e+00,-5.790470594858349251e+00,-1.297593780990967005e+00,3.614132391996391358e-02,1.584604749588057970e+00,2.823038653970664669e+00,3.160023538757959494e-01,-1.117567492669381046e+00,-1.107692854902197627e-01,-1.526967749497033511e-01,-7.622770272448460560e-02,-3.405668480815317589e-01,-2.462698293593639236e-04,2.004698035303367210e-01,3.256198965469693007e+00,-1.756062842149321290e-01,3.983607007689024204e+00,1.062285134585804480e-01,-1.032153970487451167e+00,-4.930223216928877883e-02,-9.415384136155923178e-01,-1.770877471494660960e-01,5.247929408802809448e+00,2.240740008234000102e-01,-2.690362543483467039e+00,-1.471545397588499421e-02,-9.836912648664049019e-01,2.048351428101181549e-17,1.961543725650845893e+00,4.961553839097658347e+00,4.054984233562721307e+00,-2.660361732749371377e+00,-1.387436272544867899e+00,-1.033239766865053033e+00,-7.410686100852555969e-01
6.800000000000000488e-02,-1.293728641687157843e+00,-1.291308551967865204e-01,-5.855512509575866886e+00,-5.856478399527527579e+00,-1.293728641687157843e+00,7.322761385447243421e-02,1.572098922731260506e+00,2.859577853851872575e+00,3.312214160781142835e-01,-1.141145942635720667e+00,-1.129606451095047093e-01,-1.559411233351890025e-01,-7.775478885842350418e-02,-3.477569128565251577e-01,-2.693988586595319435e-04,2.047001435997926611e-01,3.237772518774601149e+00,-1.520821121495831152e-01,3.933673253263680447e+00,7.625741368617502958e-02,-1.033600643142865483e+00,-5.117822186591210187e-02,-9.324989182855826231e-01,-1.825165509258561414e-01,5.234896817136181824e+00,2.163809731829939575e-01,-2.683879570939230685e+00,-1.383151055757548403e-02,-9.811668050560657939e-01,0.000000000000000000e+00,1.914110025213024313e+00,4.969854059877094166e+00,3.994113103111485596e+00,-2.685376946111479146e+00,-1.395189066556966173e+00,-1.032614425780637335e+00,-7.277987746857899065e-01
6.900000000000000577e-02,-1.295672182029951047e+00,-9.089253991298062996e-02,-5.920998094665725020e+00,-5.920481305681995821e+00,-1.295672182029951047e+00,1.199208068559684676e-01,1.555090216130680991e+00,2.895189454216943847e+00,3.507469244578196310e-01,-1.190144564067277866e+00,-1.176693556967566001e-01,-1.626666146511714928e-01,-8.101477684044959549e-02,-3.626988046410681843e-01,-2.987049248372369088e-04,2.134936332172061579e-01,3.246603062640180504e+00,-1.156777668799047060e-01,3.911376588062111193e+00,1.840507821934000282e-02,-1.037303853047784497e+00,-5.662474851818567745e-02,-9.198506691563207438e-01,-1.869734013696618402e-01,5.205058483001936409e+00,2.084719150636565321e-01,-2.668783221524249072e+00,-1.295992769464247331e-02,-9.755062072841199639e-01,0.000000000000000000e+00,1.869485097203240631e+00,4.971711360425275394e+00,3.957181888474596398e+00,-2.731392920145358616e+00,-1.412962585383495062e+00,-1.032429660727143039e+00,-7.063570359391145859e-01
7.000000000000000666e-02,-1.304859004266401445e+00,-5.303619065178483138e-02,-5.984286593857861547e+00,-5.982183886478752655e+00,-1.304859004266401445e+00,1.672567586070899393e-01,1.536716497585676633e+00,2.929197928223215452e+00,3.700611246022475487e-01,-1.191490720452130780e+00,-1.176383739243327675e-01,-1.628907243385159798e-01,-8.101521551464896387e-02,-3.631222666954441736e-01,-3.196926274210348871e-04,2.137407955501725854e-01,3.184563588961592195e+00,-1.120045691589938303e-01,3.817930762376378073e+00,4.059283714105105939e-02,-1.029859629360356132e+00,-5.914354577213801895e-02,-9.094885066510330907e-01,-1.937371223657178010e-01,5.216315040866216890e+00,2.011994856306249524e-01,-2.674744644864899268e+00,-1.207176426194840092e-02,-9.775326378613584666e-01,-1.561795130301416525e-17,1.799335746143743808e+00,4.986672097782890667e+00,3.856239523668487212e+00,-2.715167023238497457e+00,-1.405053660317748587e+00,-1.036995876260917493e+00,-6.957477111008605331e-01
7.100000000000000755e-02,-1.319033805575270391e+00,-2.571466908211000879e-02,-6.041320310573901509e+00,-6.037917333356515925e+00,-1.319033805575270391e+00,2.043688203021058747e-01,1.520137129377098439e+00,2.960037262862095897e+00,3.846267594847932458e-01,-1.162228256085345413e+00,-1.145825895801500655e-01,-1.589265859816946236e-01,-7.892788121847550686e-02,-3.542149684103038654e-01,-3.337364971105767739e-04,2.084955157952159965e-01,3.134901657369698391e+00,-9.060766593817164150e-02,3.734729394642229305e+00,2.130461763519334029e-02,-1.024763524666967740e+00,-6.360117236577009225e-02,-8.981037783323371215e-01,-2.001834006604945593e-01,5.209755347196169950e+00,1.928231873854445999e-01,-2.671610080156741951e+00,-1.109406984761910492e-02,-9.762182129498544469e-01,0.000000000000000000e+00,1.772490000623858419e+00,5.004565091677847910e+00,3.768625996045979143e+00,-2.729233343740024242e+00,-1.390072562924890676e+00,-1.040153121812735115e+00,-6.896082625371211527e-01
7.200000000000000844e-02,-1.335421176755273276e+00,-7.981686934783960297e-03,-6.092835829979804885e+00,-6.088631927158032475e+00,-1.335421176755273276e+00,2.264363354320199362e-01,1.505513067875292599e+00,2.987730790482155729e+00,3.947012158958537742e-01,-1.131364635562836840e+00,-1.114880801850123282e-01,-1.547191925956633018e-01,-7.680048579724103874e-02,-3.448128930377301615e-01,-3.319682927514075108e-04,2.029606009613441342e-01,3.240624743634489491e+00,-9.555295683398318252e-02,3.822327965392352311e+00,5.546692707003115369e-02,-1.039624440220555668e+00,-6.440449931370864634e-02,-8.837630580599399321e-01,-2.028687248759019346e-01,5.226058713851235993e+00,1.909175681055748086e-01,-2.680034622895778096e+00,-1.083286374860619079e-02,-9.792469070962540600e-01,3.809096205220244692e-17,1.906391383195750633e+00,5.019017676832240760e+00,3.858526340902263652e+00,-2.701368181622988196e+00,-1.395270197006891921e+00,-1.043983374702714073e+00,-6.808024570985957702e-01
7.299999999999999545e-02,-1.351464021589857456e+00,9.520225783105518147e-03,-6.141012181395129943e+00,-6.135806601631142776e+00,-1.351464021589857456e+00,2.529794341878967012e-01,1.490490269798244727e+00,3.014360037438508222e+00,4.048247486353966917e-01,-1.164784215546824875e+00,-1.146284746935999077e-01,-1.593180571327872386e-01,-7.898129131139124126e-02,-3.550074066275887841e-01,-3.614260580827973932e-04,2.089591560676268556e-01,3.223982462608491861e+00,-6.972500885474969268e-02,3.772962823865717574e+00,2.454551502538846602e-02,-1.039372873257842222e+00,-6.881747579241860591e-02,-8.713025437285883967e-01,-2.085847233413349600e-01,5.214802824111998802e+00,1.830357446756099571e-01,-2.674491387056397329e+00,-9.922931195362454798e-03,-9.770639376218572814e-01,1.387765760560507715e-17,1.850613523720332054e+00,5.030449340563649230e+00,3.796680511408540237e+00,-2.728927163342400153e+00,-1.404303211080793368e+00,-1.046242839472358854e+00,-6.623433876609615689e-01
7.399999999999999634e-02,-1.367725468327928073e+00,2.835759376691765477e-02,-6.191393517649301792e+00,-6.185101995395762664e+00,-1.367725468327928073e+00,2.804837786136810118e-01,1.475116868334292564e+00,3.041554461145326904e+00,4.156269128386933520e-01,-1.123744574958430276e+00,-1.104543312759732471e-01,-1.537355992712564345e-01,-7.611785761284364793e-02,-3.425083747366051701e-01,-3.667776004148339962e-04,2.016002767669062556e-01,3.231181310611930257e+00,-6.026971324407648378e-02,3.755108742113550058e+00,2.880554851905217650e-02,-1.044485146738850734e+00,-7.154905884017594142e-02,-8.641027681430767382e-01,-2.144667586199579534e-01,5.220076484423469054e+00,1.763375731797454382e-01,-2.677387159844979880e+00,-9.117768658820524230e-03,-9.779815022898148413e-01,0.000000000000000000e+00,1.892969977033542195e+00,5.049352439903419310e+00,3.777710716022039339e+00,-2.724699468938771574e+00,-1.396111290134276262e+00,-1.049897338730405583e+00,-6.625024913761704548e-01
7.499999999999999722e-02,-1.386327520589242024e+00,4.460079699585600688e-02,-6.244892751160245226e+00,-6.237521516670711641e+00,-1.386327520589242024e+00,3.065942492225481875e-01,1.460850061415073897e+00,3.069328412252262606e+00,4.254581188606286757e-01,-1.117276206987549036e+00,-1.096653535146602104e-01,-1.528826417912164393e-01,-7.558844149854114514e-02,-3.405462975993844288e-01,-3.850858892012980054e-04,2.004432864161394823e-01,3.225549443062827315e+00,-2.879435151410972629e-02,3.715320776726104501e+00,-1.534394764536228806e-02,-1.047351640066700673e+00,-7.593835021275445463e-02,-8.524512816946224758e-01,-2.202963744244903210e-01,5.204746291022603444e+00,1.679810970354741195e-01,-2.669765105310819564e+00,-8.161993156565249680e-03,-9.750328127568598235e-01,0.000000000000000000e+00,1.887976861650787930e+00,5.066286585993833746e+00,3.730419231970361960e+00,-2.760697494454722900e+00,-1.396059930822650452e+00,-1.051356248858815734e+00,-6.520079952784829658e-01
7.599999999999999811e-02,-1.408644486446103627e+00,5.499713890937768523e-02,-6.302095524811985428e+00,-6.293801685868006146e+00,-1.408644486446103627e+00,3.278612940078685090e-01,1.448830774622643647e+00,3.097480414494829137e+00,4.328583636738467799e-01,-1.083583819375940394e+00,-1.061960568274374211e-01,-1.483042937488986968e-01,-7.321144494295635241e-02,-3.302856480448731480e-01,-3.951942617617690235e-04,1.944015785601584112e-01,3.196552318146311134e+00,-2.249398589729773718e-02,3.644627620536517121e+00,7.104192272930208440e-03,-1.046025910416707339e+00,-7.739849740076351625e-02,-8.374853043467751501e-01,-2.281119504281236554e-01,5.222345669466439411e+00,1.599640245887286316e-01,-2.679037672041057583e+00,-7.172752520080112777e-03,-9.782433582434701957e-01,3.804322077875632173e-17,1.884856548342247251e+00,5.093655626741703912e+00,3.656287351376347416e+00,-2.745144924711083956e+00,-1.383484310981660581e+00,-1.056037049905995451e+00,-6.430837257866167667e-01
7.699999999999999900e-02,-1.433056062639788353e+00,6.219436678461365275e-02,-6.364324256249852318e+00,-6.355518050081611747e+00,-1.433056062639788353e+00,3.404140024100005268e-01,1.438548613675324939e+00,3.126169968147467504e+00,4.388561775166371359e-01,-1.013765694120410732e+00,-9.930433622032926178e-02,-1.387602063267882879e-01,-6.846402977317690708e-02,-3.090082090503334378e-01,-3.765211221751075914e-04,1.818772628242362188e-01,3.301534071534601544e+00,-1.822166753452179530e-02,3.729182139618834047e+00,2.052425926975421505e-02,-1.062656711468360937e+00,-7.862147388499424183e-02,-8.245169643758349931e-01,-2.308126554357740334e-01,5.233647674577250442e+00,1.576215889973832662e-01,-2.684909870606453364e+00,-6.870988854734819996e-03,-9.803342278117268549e-01,1.142694568465130884e-17,2.056955721978416918e+00,5.116121670822399992e+00,3.748043522289429053e+00,-2.732849641109876160e+00,-1.378535909373429291e+00,-1.059332222818896163e+00,-6.426397015515987743e-01
7.799999999999999989e-02,-1.456914667204631586e+00,6.993724156229741418e-02,-6.427986564753032539e+00,-6.418331838835078962e+00,-1.456914667204631586e+00,3.590527830260489828e-01,1.428875498812726130e+00,3.155177668819254322e+00,4.453661037788602117e-01,-9.983062698259136392e-01,-9.765168128536529102e-02,-1.366714775425995898e-01,-6.733698675252508536e-02,-3.043030337240652528e-01,-3.892268691936865387e-04,1.791058724560696258e-01,3.215648762456808196e+00,-5.976954133405722701e-03,3.608607887163014727e+00,2.100680504642919721e-02,-1.051906636020301322e+00,-8.149124306609534241e-02,-8.139323675047481776e-01,-2.378102285541795757e-01,5.241261439640258146e+00,1.497732358610180670e-01,-2.689051688085352776e+00,-5.923215422569067315e-03,-9.816803667602131966e-01,3.817392654852782021e-17,1.979532264076715009e+00,5.137632804221487604e+00,3.621709645481433260e+00,-2.735381869791448484e+00,-1.362132885166935647e+00,-1.063560836695502276e+00,-6.348264950486786073e-01
7.900000000000000078e-02,-1.479479531147047666e+00,7.413025932106920290e-02,-6.492511688282613491e+00,-6.482182271978950361e+00,-1.479479531147047666e+00,3.735188223840553157e-01,1.421241935793353894e+00,3.183839849598354643e+00,4.503437826370716990e-01,-9.823378235085482579e-01,-9.596668180912248935e-02,-1.345065013063226622e-01,-6.618331236974073217e-02,-2.994388923015474657e-01,-3.998019719874577275e-04,1.762410032533231752e-01,3.256835985935436995e+00,-5.957766051522292265e-03,3.615047774974692540e+00,5.324154047300449361e-02,-1.062182245887455245e+00,-8.051021515030747089e-02,-8.010807723486653709e-01,-2.449606273063386075e-01,5.266213909428708817e+00,1.431813195545703354e-01,-2.702057719025923621e+00,-5.086775668322728733e-03,-9.862768994681264667e-01,0.000000000000000000e+00,2.029537535120550018e+00,5.164289461568063899e+00,3.623722593222939992e+00,-2.714999490922660019e+00,-1.366707913857325485e+00,-1.067186916590421530e+00,-6.248397690953422234e-01
8.000000000000000167e-02,-1.499525733531643867e+00,7.200714183167006288e-02,-6.554155581539020226e+00,-6.543355987797745854e+00,-1.499525733531643867e+00,3.829266671900128371e-01,1.416601393948169862e+00,3.210911044677107196e+00,4.525868094279105747e-01,-9.297147857167072926e-01,-9.068864197027154406e-02,-1.273266426448788624e-01,-6.255475111229320817e-02,-2.834036555443911753e-01,-3.967537277660682896e-04,1.668010691889044994e-01,3.231906541783339915e+00,2.734571293854065523e-03,3.545909216502557637e+00,7.091772020029687984e-02,-1.063895410815561604e+00,-8.191414754216785887e-02,-7.880210062864348997e-01,-2.526735094557269745e-01,5.280679470735690550e+00,1.350264328635097655e-01,-2.709721174616431583e+00,-4.088241781051426930e-03,-9.888997589291846912e-01,-2.922532879479308051e-17,2.049518246610905425e+00,5.192725400059273078e+00,3.553609006721188734e+00,-2.701358205528427980e+00,-1.351387308141004162e+00,-1.071210660199118481e+00,-6.212199370975304280e-01
8.100000000000000255e-02,-1.516723803140090476e+00,6.115013160227988909e-02,-6.610329383438198647e+00,-6.599450570650241765e+00,-1.516723803140090476e+00,3.839870592684327955e-01,1.415597301399778685e+00,3.235317770626741751e+00,4.509538296670537738e-01,-9.223818362925528813e-01,-8.983383210918655104e-02,-1.263462477702017861e-01,-6.197137817338332216e-02,-2.811720990392356234e-01,-4.133450448462955350e-04,1.654853600666759683e-01,3.183233710685922091e+00,1.297586348877024197e-02,3.456589321501337686e+00,8.185493132458004917e-02,-1.059783696433227007e+00,-8.404438101856887000e-02,-7.745620029870811107e-01,-2.605761485444250125e-01,5.290386299067438181e+00,1.262541857908286436e-01,-2.714964027137370284e+00,-3.028897383708191102e-03,-9.906264415613915686e-01,0.000000000000000000e+00,2.000275725848943864e+00,5.213528330447021908e+00,3.456497259521964516e+00,-2.695080473986173786e+00,-1.343984692856170948e+00,-1.075084167624806630e+00,-6.090766429204050869e-01
8.200000000000000344e-02,-1.532673696107241135e+00,3.958508438734120727e-02,-6.662501659732642523e+00,-6.652449845982860488e+00,-1.532673696107241135e+00,3.679760746689681450e-01,1.418841342425500418e+00,3.256908525570804347e+00,4.443904442839387570e-01,-8.786246984571233209e-01,-8.552866695156415011e-02,-1.203608281876892144e-01,-5.900281117983130486e-02,-2.678348396567076239e-01,-4.000327226426898634e-04,1.576349187852424671e-01,3.227580286003581378e+00,2.323968409256571901e-02,3.485238948900366118e+00,7.179542426502746877e-02,-1.066256496693908318e+00,-8.429512561684440741e-02,-7.649181871681421940e-01,-2.630831123098715807e-01,5.292952909239493131e+00,1.234233816516949050e-01,-2.716363339995929937e+00,-2.689167866811576629e-03,-9.910776044840955423e-01,-3.853249898159808084e-17,2.085872475236586254e+00,5.230663926380494821e+00,3.488301502364371753e+00,-2.703570726910733857e+00,-1.336780504217427445e+00,-1.075772762823582696e+00,-6.072832683828996991e-01
8.300000000000000433e-02,-1.548125704546758907e+00,1.512322669203797210e-02,-6.711129952324118797e+00,-6.701800011079460440e+00,-1.548125704546758907e+00,3.540770544145084298e-01,1.424129401531150307e+00,3.276748672535819029e+00,4.367065549586402473e-01,-8.318920153427471487e-01,-8.086928566958583031e-02,-1.139782689458129633e-01,-5.578934955005813989e-02,-2.535930587989164708e-01,-3.952857952185997309e-04,1.492509761964637138e-01,3.292426223771427463e+00,3.242478598054121530e-02,3.515224165041101134e+00,8.719844757969044680e-02,-1.076552348732219277e+00,-8.634207590806172727e-02,-7.461288002447477030e-01,-2.700234988237218414e-01,5.302557815082992398e+00,1.157947795419288911e-01,-2.721534491331428551e+00,-1.768711732287178229e-03,-9.928022457752203600e-01,0.000000000000000000e+00,2.190510709604958528e+00,5.254113315393947659e+00,3.517040675637217007e+00,-2.690125393301796120e+00,-1.331914119263422958e+00,-1.079539607478500640e+00,-5.968778240482839337e-01
8.400000000000000522e-02,-1.562164498967974158e+00,-6.148648230115627555e-03,-6.761475357355814175e+00,-6.752745543084865965e+00,-1.562164498967974158e+00,3.435323046708717576e-01,1.429898722395165578e+00,3.296831955503768175e+00,4.304892986127152321e-01,-8.289685734763104774e-01,-8.047739223291575095e-02,-1.135934844392747500e-01,-5.552326511393986669e-02,-2.527033348055289785e-01,-4.091402954897501842e-04,1.487254955324784633e-01,3.248249043202767972e+00,3.749512500634855777e-02,3.435928429872884049e+00,1.067847916747213244e-01,-1.073437664505276334e+00,-8.848563199638451171e-02,-7.356156689233803725e-01,-2.770359927099647623e-01,5.313727064081617435e+00,1.082235379481908816e-01,-2.727495495505440459e+00,-8.480307151679223297e-04,-9.948155372493956428e-01,-3.204335724510451387e-17,2.142244477016492787e+00,5.270744796855050041e+00,3.430558483381800361e+00,-2.676233968944658592e+00,-1.326989030025973237e+00,-1.083710309541269901e+00,-5.868901733909018814e-01
8.500000000000000611e-02,-1.572004999228861166e+00,-3.078280925590343164e-02,-6.817241257173862756e+00,-6.809258676467964122e+00,-1.572004999228861166e+00,3.312434403952685402e-01,1.437744727544911338e+00,3.319398201607133281e+00,4.228050326155677330e-01,-8.101902076581866119e-01,-7.853421507997000728e-02,-1.110333876939890579e-01,-5.418544845987019465e-02,-2.469776497617449662e-01,-4.171098135535487817e-04,1.453535607257274431e-01,3.219015782417927962e+00,5.019365185347803709e-02,3.363873537628279564e+00,1.134242922703882356e-01,-1.072819665395624789e+00,-9.053969920889813616e-02,-7.211255608668968309e-01,-2.846723009303759877e-01,5.318420849221015878e+00,9.935299897600458063e-02,-2.730183154752639396e+00,2.112969860961871047e-04,-9.956041009979207379e-01,0.000000000000000000e+00,2.124153273829365585e+00,5.290080285994523734e+00,3.352193148910295406e+00,-2.670944310942121369e+00,-1.319586018171273523e+00,-1.086560910020372361e+00,-5.757720001411693600e-01
8.600000000000000699e-02,-1.576158765997749622e+00,-6.816936790985700378e-02,-6.878180947505342147e+00,-6.871648996528278097e+00,-1.576158765997749622e+00,3.073439081202525847e-01,1.449943138269380150e+00,3.344599773149580013e+00,4.093735030488410143e-01,-7.320194435909014308e-01,-7.084291208466453327e-02,-1.003391911954532589e-01,-4.887980241428884626e-02,-2.231496576657821806e-01,-3.937371345206324411e-04,1.313280391996607954e-01,3.138320306523940673e+00,4.682746673357045947e-02,3.249520110155596164e+00,1.487793468966598087e-01,-1.065224158184492120e+00,-9.050391876712135519e-02,-7.142925578591340363e-01,-2.936354136206719145e-01,5.337351279776878066e+00,9.007959611426367974e-02,-2.740175540882604732e+00,1.349343337443673725e-03,-9.990526275845417192e-01,3.396360637026858624e-17,2.112665449312367105e+00,5.313335834425783943e+00,3.239260515074406488e+00,-2.640275996400233804e+00,-1.287024472512830586e+00,-1.089950283486183613e+00,-5.829645186594731854e-01
8.700000000000000788e-02,-1.575542392647750312e+00,-1.219596769533954905e-01,-6.940346958692208190e+00,-6.936533536894809338e+00,-1.575542392647750312e+00,2.603700469799502537e-01,1.467573144954610775e+00,3.370145905495137928e+00,3.884063990880898820e-01,-6.960932411794642505e-01,-6.733096538881296056e-02,-9.541977240558877082e-02,-4.645598253652236109e-02,-2.121978218730409260e-01,-3.797908425529167797e-04,1.248820017147749817e-01,3.140381264439309206e+00,5.765268316495779366e-02,3.242297395691525974e+00,1.295324260918209458e-01,-1.063330679895289510e+00,-9.045802147552661765e-02,-7.067427505734898974e-01,-2.958983521261889793e-01,5.331611399153302067e+00,8.685876623538854591e-02,-2.737324702433674872e+00,1.716343711203992132e-03,-9.979477029695902335e-01,3.879020313801652356e-17,2.148389671133656087e+00,5.321933116929447039e+00,3.233736389521325361e+00,-2.654248258878376010e+00,-1.273812158057126442e+00,-1.088785515287669758e+00,-5.818607488587148602e-01
8.799999999999999489e-02,-1.571226742083746242e+00,-1.859285068105063776e-01,-6.998728324125975675e+00,-6.998083123416056317e+00,-1.571226742083746242e+00,2.088065188813305606e-01,1.488686352302740712e+00,3.394875941945220355e+00,3.630519644612450469e-01,-6.527032076863433785e-01,-6.304384825964591543e-02,-8.948665351030613002e-02,-4.349547462703173828e-02,-1.989711669311146069e-01,-3.701312851104070689e-04,1.170961504847456286e-01,3.188555401766774544e+00,6.157323287811494739e-02,3.251111433069720391e+00,1.617718111956804872e-01,-1.072898031686386311e+00,-9.256197752890851782e-02,-6.888910097087840301e-01,-3.033282002944545641e-01,5.340030935113596833e+00,7.854939858240699013e-02,-2.741883957817897510e+00,2.713278912289495207e-03,-9.994388808557240766e-01,0.000000000000000000e+00,2.232523993785976657e+00,5.338560319732065906e+00,3.240174178141820960e+00,-2.623607621249249178e+00,-1.269155919705211577e+00,-1.092370989669742887e+00,-5.717948592240383876e-01
8.899999999999999578e-02,-1.563497280919862842e+00,-2.504487740783060690e-01,-7.055672288206814358e+00,-7.058379563402183088e+00,-1.563497280919862842e+00,1.565693646704859887e-01,1.510556986028958937e+00,3.419412403530051048e+00,3.375733893172679911e-01,-6.296972351854820404e-01,-6.073920796647504228e-02,-8.634471383419652091e-02,-4.190322242014970361e-02,-1.919580780491590977e-01,-3.698753101239141573e-04,1.129673017601977580e-01,3.168866813739596555e+00,7.536177599285882878e-02,3.200690172729972360e+00,1.588050379700897130e-01,-1.072054247061072330e+00,-9.616327350643683047e-02,-6.774988457638178030e-01,-3.096322380643987127e-01,5.331327201585059683e+00,7.019226994777708062e-02,-2.737663156657458075e+00,3.679460879611424779e-03,-9.977315292629661547e-01,0.000000000000000000e+00,2.229537340489716080e+00,5.345949769611443081e+00,3.184537728843552795e+00,-2.620761341107518128e+00,-1.260332864230619965e+00,-1.094264678079527098e+00,-5.645315440036200449e-01
8.999999999999999667e-02,-1.550892120403208230e+00,-3.152856774657246675e-01,-7.113447007465883765e+00,-7.119649727717569654e+00,-1.550892120403208230e+00,1.054568207916915523e-01,1.532857220755843741e+00,3.445215179446285969e+00,3.120724909528436730e-01,-6.021756408163342345e-01,-5.799650226203803549e-02,-8.258596831720266263e-02,-4.000723065581723165e-02,-1.835698449966430279e-01,-3.677547004555800701e-04,1.080291085132996931e-01,3.139835394969453297e+00,7.704365308057159467e-02,3.136660385887600100e+00,1.903044289718036353e-01,-1.071190655799921343e+00,-9.939799872618357290e-02,-6.663828279667904919e-01,-3.175598518585824315e-01,5.334686579142241314e+00,6.088625163304459825e-02,-2.739667640707584617e+00,4.783946157842070002e-03,-9.982756871287679079e-01,3.673162361491039711e-17,2.220099902294536687e+00,5.353733729960774568e+00,3.114960669203441945e+00,-2.589370442391598193e+00,-1.249976554638722259e+00,-1.098041440555406867e+00,-5.583537194534907711e-01
9.099999999999999756e-02,-1.532276576077017838e+00,-3.807791767967809160e-01,-7.172185553722481011e+00,-7.182083293734602414e+00,-1.532276576077017838e+00,5.401814848579461481e-02,1.555537409532950832e+00,3.472634748466381094e+00,2.863188840692568182e-01,-5.505678673514514676e-01,-5.294330854323738011e-02,-7.552363585409561930e-02,-3.651541021892161509e-02,-1.678383475730403918e-01,-3.499202304935262672e-04,9.876957842436491497e-02,3.178427789867492859e+00,8.773207522188633534e-02,3.137929078885876244e+00,2.038269821530930281e-01,-1.079935540330103638e+00,-1.018066856498135164e-01,-6.506653915180949932e-01,-3.250950277553326662e-01,5.330332002629745602e+00,5.139607728718242202e-02,-2.737700136949117624e+00,5.889146023354311157e-03,-9.973717575141582969e-01,0.000000000000000000e+00,2.302764894760708447e+00,5.365120769308394877e+00,3.113801520318963068e+00,-2.570388565014946280e+00,-1.241884741879789811e+00,-1.099528363394465247e+00,-5.518958130937300366e-01
9.199999999999999845e-02,-1.508911504224346611e+00,-4.435661923852271538e-01,-7.229901100453384188e+00,-7.243494913126945711e+00,-1.508911504224346611e+00,-1.527372988484543281e-03,1.577641674027467911e+00,3.500169938703334704e+00,2.616492299755567852e-01,-5.342928502518615730e-01,-5.135156295923571507e-02,-7.329534400456080845e-02,-3.541545321109969280e-02,-1.628766471059541476e-01,-3.439913246686708342e-04,9.584915070972381546e-02,3.146188475869909240e+00,8.697563440592509520e-02,3.101162104726617130e+00,2.067376080319666409e-01,-1.073354402502964433e+00,-1.004705817820311792e-01,-6.475398168355498418e-01,-3.275798763827066917e-01,5.327135396942038525e+00,4.812722000710105419e-02,-2.736153308389052352e+00,6.266737546866204753e-03,-9.967425070762530037e-01,0.000000000000000000e+00,2.284315749235340753e+00,5.362759468388727413e+00,3.075993980729157418e+00,-2.564831153568185584e+00,-1.229964312062052478e+00,-1.097557080182953060e+00,-5.516906661258260680e-01
9.299999999999999933e-02,-1.482606026369110985e+00,-5.049529251863095203e-01,-7.282169989636448015e+00,-7.299488657255394308e+00,-1.482606026369110985e+00,-4.942223402249024122e-02,1.598951777673665919e+00,3.526865178785982824e+00,2.376851506805300052e-01,-4.898751372400813597e-01,-4.701406454949502711e-02,-6.721580906120064314e-02,-3.241903616652555553e-02,-1.493379998677570042e-01,-3.267903888049775597e-04,8.788060697398977772e-02,3.134659963453211518e+00,1.075357833541573105e-01,3.052616680400772609e+00,1.914780840403592088e-01,-1.072380467664922676e+00,-1.040798886026059883e-01,-6.309784723266669282e-01,-3.336954548936687526e-01,5.305819062734633107e+00,3.896013115835718355e-02,-2.725482366997516337e+00,7.297767338501215915e-03,-9.926786553395372525e-01,0.000000000000000000e+00,2.311089371319461350e+00,5.366340781539294724e+00,3.024361002497929274e+00,-2.566423319123682933e+00,-1.214420700194178471e+00,-1.097085334330948125e+00,-5.430978653526771227e-01
9.400000000000000022e-02,-1.456651839660902947e+00,-5.631597488671660212e-01,-7.330679454773314951e+00,-7.351661164915013202e+00,-1.456651839660902947e+00,-9.533251103451539921e-02,1.618577276234716811e+00,3.552392415697196437e+00,2.149431842449673891e-01,-3.855458315786560175e-01,-3.695334314657493235e-02,-5.291016777525827525e-02,-2.547541332334498851e-02,-1.175339692257732216e-01,-2.657215876258147195e-04,6.916391255378184777e-02,3.175782536953134727e+00,1.252126116223370722e-01,3.067190654060910848e+00,1.801454988388541956e-01,-1.081745896863503198e+00,-1.078571606587117454e-01,-6.205255195276223601e-01,-3.390825165976852906e-01,5.286512210610179174e+00,3.083232484616690167e-02,-2.715812649034953452e+00,8.207191811779647808e-03,-9.889981333787032369e-01,3.842788032670648121e-17,2.451154188776793141e+00,5.374771479085941550e+00,3.045112811131819530e+00,-2.561142563519444248e+00,-1.191072674277496857e+00,-1.097121015625040830e+00,-5.513616069738405123e-01
9.500000000000000111e-02,-1.432194671146785225e+00,-6.113878160343954038e-01,-7.382111583614450190e+00,-7.406253963639390925e+00,-1.432194671146785225e+00,-1.294940948682528070e-01,1.633924285003370835e+00,3.579630603097053054e+00,1.964067957851844959e-01,-2.909057839368420217e-01,-2.784132555423416908e-02,-3.992944899502089140e-02,-1.918754683626421390e-02,-8.868367758457597338e-02,-2.079772891967532193e-04,5.218579175979383422e-02,3.200941244121292328e+00,1.554186354740544618e-01,3.058359912495871136e+00,1.490465951598897720e-01,-1.089067320530450633e+00,-1.165362491565136993e-01,-6.073105743579845228e-01,-3.443351401133725731e-01,5.249904692839557185e+00,2.143187174313315041e-02,-2.697323282001366618e+00,9.227180396606542503e-03,-9.820805664137991497e-01,-3.982946552175251252e-17,2.565700320071077734e+00,5.377482002759378155e+00,3.039862335243983082e+00,-2.567464233677741348e+00,-1.168523817718420066e+00,-1.098824792859509625e+00,-5.551247825981906470e-01
9.600000000000000200e-02,-1.409023165666144273e+00,-6.477216645838077547e-01,-7.442623309605566284e+00,-7.469241102135271149e+00,-1.409023165666144273e+00,-1.504075850096081579e-01,1.644075358595093128e+00,3.611169809080632120e+00,1.828258583449630104e-01,-2.826006411441089328e-01,-2.700561286808055711e-02,-3.879856161963705918e-02,-1.860425627369763357e-02,-8.615260243284397768e-02,-2.097496004400616174e-04,5.069543669879124359e-02,3.185011930984367190e+00,1.599690128779105436e-01,3.013259039606529299e+00,1.662971891849087391e-01,-1.089917792746839753e+00,-1.177497111257216345e-01,-5.982219258772329962e-01,-3.522101402136736392e-01,5.247510189724502894e+00,1.173760174371690779e-02,-2.696393856431201552e+00,1.035734281272990449e-02,-9.815539147724546831e-01,0.000000000000000000e+00,2.550201149626584840e+00,5.380473589734332762e+00,2.986198079730609134e+00,-2.548700923519990447e+00,-1.165713052366953884e+00,-1.099513375498616385e+00,-5.475264891784417109e-01
9.700000000000000289e-02,-1.386543733282870505e+00,-6.766468567746295459e-01,-7.506944539110293135e+00,-7.535434904471100204e+00,-1.386543733282870505e+00,-1.711376128718438139e-01,1.650740225068828115e+00,3.644183683689433462e+00,1.720940241056315712e-01,-2.326874550635832095e-01,-2.222465472903359038e-02,-3.194828101138379173e-02,-1.530844031799962444e-02,-7.093638526685243362e-02,-1.748510612727973118e-04,4.174137394414523944e-02,3.174479965531038506e+00,1.532942451123225081e-01,2.999751429655967971e+00,1.860336270237914480e-01,-1.086834935199796792e+00,-1.167571161518175804e-01,-5.952949887323485401e-01,-3.550555265958332818e-01,5.249890699805104255e+00,8.504238738850831980e-03,-2.697718496991735382e+00,1.074107484807643523e-02,-9.819730855373646206e-01,3.814782515298148871e-17,2.586736983871622098e+00,5.380960290188393280e+00,2.976307387383434921e+00,-2.526993310285943206e+00,-1.147030245618572808e+00,-1.098905052750455136e+00,-5.535536147882033076e-01
9.800000000000000377e-02,-1.364544336604603281e+00,-7.005434982154524759e-01,-7.565190958884767447e+00,-7.595407576710363706e+00,-1.364544336604603281e+00,-1.807185129824151471e-01,1.654503199223677168e+00,3.675719232426380323e+00,1.634564967717976325e-01,-1.560058106018851198e-01,-1.488051117091862031e-02,-2.142368719467160204e-02,-1.024593383697634287e-02,-4.755955383593379882e-02,-1.210438914612064619e-04,2.798518456403635210e-02,3.208529016654913413e+00,1.855463960557365011e-01,3.007512634071084712e+00,1.367181635980870835e-01,-1.095550152507958064e+00,-1.209144924005783883e-01,-5.856931998714368648e-01,-3.599306534675183467e-01,5.216603173210200062e+00,-1.409683480059075887e-04,-2.680908701185624743e+00,1.167926954600034643e-02,-9.756811928599078421e-01,-4.163364528859371935e-17,2.692592552585510113e+00,5.387269058095017549e+00,2.985947978528407099e+00,-2.554436471424514021e+00,-1.131430436797891570e+00,-1.096716729151947511e+00,-5.577080153074005509e-01
9.900000000000000466e-02,-1.345138610913028110e+00,-7.174597943569679392e-01,-7.619229714315071789e+00,-7.650727714350864517e+00,-1.345138610913028110e+00,-1.837809480986922761e-01,1.654883592678441984e+00,3.705524794734175398e+00,1.576845826233518322e-01,-9.275997835957106030e-02,-8.836133538874319654e-03,-1.274056420146347547e-02,-6.081967914903858158e-03,-2.827866942118763272e-02,-7.417641428499335777e-05,1.663957298492919207e-02,3.201778962008617668e+00,1.856400387687660580e-01,2.963389270510015105e+00,1.730239879455779672e-01,-1.096232366656126000e+00,-1.229109704882168919e-01,-5.702701354582014881e-01,-3.670481754615841918e-01,5.219541928565202937e+00,-8.487626950611967466e-03,-2.682690813928997553e+00,1.266319511846156209e-02,-9.761673647204499593e-01,-3.791650981023869706e-17,2.741970808187462083e+00,5.396345833795094471e+00,2.942161079357939801e+00,-2.515748793898323399e+00,-1.111847840958852141e+00,-1.099152511622951911e+00,-5.536305624732722475e-01
1.000000000000000056e-01,-1.327090733608667250e+00,-7.290800913311060727e-01,-7.671179074887253257e+00,-7.703639780181336327e+00,-1.327090733608667250e+00,-1.802229612760331001e-01,1.652012646567528442e+00,3.734815628358171047e+00,1.540224021245015229e-01,-3.606289409470261886e-02,-3.430319706169149448e-03,-4.954157513500019247e-03,-2.359963735985586789e-03,-1.099407694555997600e-02,-2.982223371005101361e-05,6.468949730088009893e-03,3.187877705782574900e+00,2.104543030944509008e-01,2.919972761316624421e+00,1.414870955901128546e-01,-1.098835541919342296e+00,-1.270794618934283637e-01,-5.626100090554032596e-01,-3.730280953580847880e-01,5.193858865220920329e+00,-1.782275912905123549e-02,-2.669826150767981243e+00,1.369794323012288144e-02,-9.712972641134114404e-01,0.000000000000000000e+00,2.778786716329787687e+00,5.400882848609202647e+00,2.897195844674072873e+00,-2.530699018913853848e+00,-1.096131675634779201e+00,-1.098406548240549840e+00,-5.561410593253152124e-01
1.010000000000000064e-01,-1.310856785667603219e+00,-7.389906032559095950e-01,-7.723662747113165139e+00,-7.756979535476915544e+00,-1.310856785667603219e+00,-1.741890611851366621e-01,1.646959027539483200e+00,3.764414697862490833e+00,1.508064202940285758e-01,6.084337065656848786e-02,5.778954371425227589e-03,8.360054473907948050e-03,3.973328042497204469e-03,1.854864340979639481e-02,5.210124431135239331e-05,-1.091385735228802417e-02,3.182857243475574194e+00,2.267702509239057362e-01,2.888127170691814349e+00,1.322977747661679693e-01,-1.103209531810314337e+00,-1.316603597473950671e-01,-5.564852954786724260e-01,-3.799616511457448720e-01,5.177007372936508034e+00,-2.756096718838459483e-02,-2.661515582211880115e+00,1.479749795561024345e-02,-9.680798313740238692e-01,-4.395076986577394377e-17,2.863738962986397407e+00,5.409556578231838664e+00,2.868926257977337357e+00,-2.525244479403214726e+00,-1.069863390444907747e+00,-1.099688089877107533e+00,-5.673991528309604293e-01
1.020000000000000073e-01,-1.297488812138123171e+00,-7.492771314718952302e-01,-7.779552363290538786e+00,-7.813564499678911091e+00,-1.297488812138123171e+00,-1.762413183212500067e-01,1.640913876096507407e+00,3.794500933195413594e+00,1.469956630315246149e-01,1.000804546081126567e-01,9.501023812652090519e-03,1.375236391545539907e-02,6.531160279077890402e-03,3.051046698130216103e-02,8.667715096120495938e-05,-1.795196664284522126e-02,3.164291139124840058e+00,2.226441807607472401e-01,2.864816290407679489e+00,1.476872867920445420e-01,-1.100086391232334426e+00,-1.319291191045733058e-01,-5.545371246682692101e-01,-3.827847682805426421e-01,5.178068498279945864e+00,-3.086707395379007998e-02,-2.662174294032745081e+00,1.518629860491284289e-02,-9.682557893239899238e-01,0.000000000000000000e+00,2.881586825452409961e+00,5.410213702853345907e+00,2.847701580369344843e+00,-2.507955846961622548e+00,-1.054389625646119377e+00,-1.100098231277602201e+00,-5.724890913111144730e-01
1.030000000000000082e-01,-1.284667279439030585e+00,-7.615820422855198446e-01,-7.830545732232390144e+00,-7.865579160492568889e+00,-1.284667279439030585e+00,-1.735457914779059418e-01,1.634462714064972122e+00,3.823162779241499276e+00,1.421308890111652734e-01,1.787412002348967022e-01,1.694579056045950397e-02,2.456680542735549186e-02,1.164280441410867235e-02,5.449113624479451357e-02,1.594907185400910941e-04,-3.206130002263210543e-02,3.156952845332356983e+00,2.262610061299487607e-01,2.832063453809789966e+00,1.625487244840869983e-01,-1.101024642941799137e+00,-1.319409908731926928e-01,-5.453860658765616876e-01,-3.903673782524745839e-01,5.180443351635918958e+00,-3.978543600849315798e-02,-2.663686489113852307e+00,1.623412245380129529e-02,-9.686363987374780882e-01,7.542261060797815887e-18,2.945326667314779101e+00,5.423650148326327525e+00,2.816844823228652483e+00,-2.489494960215656416e+00,-1.030299384243203331e+00,-1.100417898892130708e+00,-5.774473658991937652e-01
1.040000000000000091e-01,-1.273474801638214915e+00,-7.738787088994709684e-01,-7.870547205698342097e+00,-7.906661884333109569e+00,-1.273474801638214915e+00,-1.705855212141542676e-01,1.627744734502408752e+00,3.847097086539112532e+00,1.371140912599850270e-01,2.264635701490157194e-01,2.143970990428735457e-02,3.113207780068557792e-02,1.472106292335023485e-02,6.903973559158210760e-02,2.085955421542162735e-04,-4.062053380178926726e-02,3.185463658469873671e+00,2.439846757773055375e-01,2.829595934309082850e+00,1.529218871306506911e-01,-1.110671669715147525e+00,-1.346103496181639825e-01,-5.363163711133783762e-01,-3.975228168067354018e-01,5.169099753597469871e+00,-4.931954721253851981e-02,-2.658203504890586100e+00,1.732238487135358967e-02,-9.664538740131464190e-01,-3.752379023042557946e-17,3.014404411812154017e+00,5.434524139279062638e+00,2.811408464897229731e+00,-2.490560554836585005e+00,-1.024309549252211848e+00,-1.100855628089156157e+00,-5.769369049151676920e-01
1.049999999999999961e-01,-1.265538754504868413e+00,-7.824402541534116740e-01,-7.902583572078790475e+00,-7.939489440800946873e+00,-1.265538754504868413e+00,-1.659737461754169363e-01,1.620097063066961329e+00,3.867016277447692385e+00,1.336764713392148973e-01,2.393618436881240485e-01,2.263330745268095009e-02,3.291098214672544264e-02,1.553171319965675548e-02,7.297181063604540885e-02,2.264610269708934673e-04,-4.293327627635992044e-02,3.199509365603920852e+00,2.622717908502039119e-01,2.813312829425319794e+00,1.407260970192021621e-01,-1.121192360362031959e+00,-1.385985726042986144e-01,-5.321700033143456077e-01,-4.033779742095698895e-01,5.154723411618715723e+00,-5.753248726188024686e-02,-2.651117189594146328e+00,1.824972803859135212e-02,-9.637141412646640370e-01,-3.741399250823498950e-17,3.035493235082475039e+00,5.439628509921600852e+00,2.788691324310164976e+00,-2.494859379375287123e+00,-1.029970821687395066e+00,-1.102086252841991687e+00,-5.751032795907055073e-01
1.059999999999999970e-01,-1.261037909286764069e+00,-7.875719342294622560e-01,-7.932228048867786541e+00,-7.969695545998604302e+00,-1.261037909286764069e+00,-1.564105972138829515e-01,1.611698347187758174e+00,3.885443947592067016e+00,1.318044695546141676e-01,3.267275775424303697e-01,3.085275593871376898e-02,4.493281355795224197e-02,2.115587211462217898e-02,9.960589602842301327e-02,3.187643883830331717e-04,-5.860233343746421714e-02,3.176498487300174034e+00,2.742834597984596390e-01,2.767031146880020831e+00,1.353843642893413635e-01,-1.121301215090770631e+00,-1.416802845278742895e-01,-5.265183036175943299e-01,-4.107319187926158910e-01,5.146397170338322447e+00,-6.702720133023305771e-02,-2.647184633068784265e+00,1.933817065291499465e-02,-9.620992261489295094e-01,0.000000000000000000e+00,3.092494146049988402e+00,5.451533386075495535e+00,2.744936759107740265e+00,-2.490644396664820626e+00,-1.002357148409432686e+00,-1.103460746288420724e+00,-5.851206370550585678e-01
1.069999999999999979e-01,-1.259937430278912585e+00,-7.934298303428370946e-01,-7.964977100313913816e+00,-8.002888198250408536e+00,-1.259937430278912585e+00,-1.554721534785218351e-01,1.604192953566095703e+00,3.903773923225369646e+00,1.295070465575446916e-01,3.608338579435268478e-01,3.405772807898092835e-02,4.962686773646559496e-02,2.334809989989239734e-02,1.100036662001040583e-01,3.555364376154957536e-04,-6.471934350507117795e-02,3.153870928918264482e+00,2.774767801047721694e-01,2.736435219452082457e+00,1.366739660019242186e-01,-1.120112098956111302e+00,-1.443080622784633227e-01,-5.264492748724015625e-01,-4.130395893323237644e-01,5.141587870657110315e+00,-7.018899629306304955e-02,-2.644829660420176420e+00,1.969681111734970791e-02,-9.611820841627596312e-01,-4.777700870269275650e-17,3.101665197529467566e+00,5.453122378840863149e+00,2.715873090895485120e+00,-2.484807594518359863e+00,-9.904116216386575910e-01,-1.105134610003607465e+00,-5.911686183774726988e-01
1.079999999999999988e-01,-1.259891390097530817e+00,-8.020072220701783827e-01,-8.000533681150967524e+00,-8.039236655335704640e+00,-1.259891390097530817e+00,-1.497623684060070959e-01,1.597861727193319537e+00,3.923491275612379869e+00,1.261258364132463172e-01,3.344640355189583691e-01,3.153100608378689440e-02,4.600894150021238305e-02,2.160051945889988195e-02,1.019643662293390901e-01,3.384379155897317159e-04,-5.998839407732421691e-02,3.191253321440786994e+00,2.934710844782048023e-01,2.746944594688149888e+00,1.297845902914063765e-01,-1.128914798476992054e+00,-1.472070558001802310e-01,-5.160677208108180869e-01,-4.198038598638798025e-01,5.134814813634650754e+00,-7.883291557780436332e-02,-2.641670973284748314e+00,2.069065280507782073e-02,-9.598660632523982050e-01,4.855938677745623348e-17,3.105913497095865505e+00,5.459816904196642895e+00,2.714120620610557921e+00,-2.490285863534442257e+00,-1.006259779442575164e+00,-1.106734681136988696e+00,-5.760561148881423454e-01
1.089999999999999997e-01,-1.262050103630069309e+00,-8.094248648262768464e-01,-8.038862785919393517e+00,-8.078240096501781764e+00,-1.262050103630069309e+00,-1.432495930521606731e-01,1.592296483796231454e+00,3.943690002749190349e+00,1.233683490631003465e-01,3.556279883989985624e-01,3.348819713975204754e-02,4.892889808029438070e-02,2.292685418280416415e-02,1.084160782674928186e-01,3.685565793829056113e-04,-6.378301183357314164e-02,3.209147988521706463e+00,3.061202782991520044e-01,2.738041229844360380e+00,1.282278104317546297e-01,-1.139641101799388156e+00,-1.499502214823359714e-01,-5.130589889228848177e-01,-4.263734968597882591e-01,5.131177841042354970e+00,-8.698475077208221717e-02,-2.640108319416631488e+00,2.163542425248499157e-02,-9.591404203932533123e-01,3.722389502612082903e-17,3.138402480060916488e+00,5.470786316481258460e+00,2.699985377152572585e+00,-2.488953654802072979e+00,-1.009589599279410388e+00,-1.108722085296206306e+00,-5.768420007564579732e-01
1.100000000000000006e-01,-1.266750417463923695e+00,-8.126984334125647580e-01,-8.074885063691384701e+00,-8.114620916218363789e+00,-1.266750417463923695e+00,-1.310531249871569326e-01,1.586958517920051381e+00,3.962343706815444122e+00,1.226360139480119349e-01,3.566920369246132649e-01,3.354720822993997875e-02,4.908664064439571817e-02,2.294848314601358533e-02,1.087402666063655293e-01,3.797594041537279749e-04,-6.397244925633918666e-02,3.220643549626381663e+00,3.103109355340777364e-01,2.727590797728580263e+00,1.425705460954873605e-01,-1.146148927290982389e+00,-1.506439270002810638e-01,-5.084264721140068222e-01,-4.349573317377630199e-01,5.139165231437608838e+00,-9.655689239525307166e-02,-2.644552879799510592e+00,2.277134556842651258e-02,-9.605795021058902705e-01,1.303633548499906505e-17,3.142378254813232186e+00,5.483023375201627303e+00,2.680120545977723090e+00,-2.479033850558010066e+00,-1.014637315116190486e+00,-1.110843669702017644e+00,-5.723989213703459811e-01
1.110000000000000014e-01,-1.273937197964918555e+00,-8.110709721850363207e-01,-8.104462404839756218e+00,-8.144147631938109200e+00,-1.273937197964918555e+00,-1.140453531673529808e-01,1.581948393337193171e+00,3.977628689090367153e+00,1.243187304315084840e-01,3.713231829457707689e-01,3.487809446020668364e-02,5.111027521847062022e-02,2.383909038345492434e-02,1.132002294254938479e-01,4.062319981354015411e-04,-6.659488604572869064e-02,3.247582629443686031e+00,3.317890589834761039e-01,2.713030037463952659e+00,1.335703797564094519e-01,-1.158914211499411762e+00,-1.550717160477795287e-01,-4.988072743434326939e-01,-4.423318860671242581e-01,5.130147004398151189e+00,-1.060987477094165327e-01,-2.640292468299761719e+00,2.386561763577951453e-02,-9.588464866138153297e-01,5.116514227053793393e-17,3.176573926322332486e+00,5.496814157841834358e+00,2.658041564973006921e+00,-2.482882998159896992e+00,-1.021848364438138423e+00,-1.113511970663459305e+00,-5.654021603891613568e-01
1.120000000000000023e-01,-1.284663419043387211e+00,-8.044677791132566202e-01,-8.129709304285560378e+00,-8.168791343113712244e+00,-1.284663419043387211e+00,-1.009444029606983984e-01,1.577196170129613995e+00,3.989527646922164994e+00,1.283046034397633539e-01,3.765850859788744676e-01,3.535741984742001714e-02,5.183809428115858375e-02,2.415973219608573419e-02,1.148042068927304232e-01,4.156780464267627166e-04,-6.753802714351152259e-02,3.244915524571656995e+00,3.394708611828349820e-01,2.707519808707655962e+00,1.199310825145595422e-01,-1.160806771670380044e+00,-1.567027738263153669e-01,-5.004721440815624867e-01,-4.447893927981975137e-01,5.126866719215577461e+00,-1.092949239310679610e-01,-2.638733211391961486e+00,2.423177282945282798e-02,-9.582180218512191816e-01,0.000000000000000000e+00,3.176711217752334004e+00,5.501695000245832468e+00,2.650062979057746571e+00,-2.494642396681316487e+00,-1.021770791948196866e+00,-1.114505117631107822e+00,-5.680101712250740231e-01
1.130000000000000032e-01,-1.296488203694188046e+00,-7.960580356661289825e-01,-8.151699930131009353e+00,-8.190099935606969694e+00,-1.296488203694188046e+00,-7.863327423721733211e-02,1.572477516856396695e+00,4.000166118744653332e+00,1.333286796834705079e-01,3.931087917390911346e-01,3.686745633401416339e-02,5.412179117098718517e-02,2.517072011375985977e-02,1.198404677749669439e-01,4.444157242692886741e-04,-7.049943694638104164e-02,3.237991284770095568e+00,3.421629035034143840e-01,2.672660014809192131e+00,1.413524989194769876e-01,-1.167979506641477982e+00,-1.585167201202895282e-01,-4.983194270004380755e-01,-4.532066549845034653e-01,5.136738450302886783e+00,-1.184979210691502194e-01,-2.644163726092970901e+00,2.532956869789852392e-02,-9.600193149021626349e-01,0.000000000000000000e+00,3.177893421524683237e+00,5.515768810140315281e+00,2.608283884911029027e+00,-2.477640507059733821e+00,-1.022809470168612567e+00,-1.118091619298182904e+00,-5.688188639468191310e-01
1.140000000000000041e-01,-1.306197091624361262e+00,-7.907672381419870167e-01,-8.172858921980630242e+00,-8.210817447320494011e+00,-1.306197091624361262e+00,-5.841772243483889238e-02,1.569293619430397468e+00,4.010570647092403185e+00,1.370341074909359191e-01,2.982024344911691216e-01,2.793455753709868372e-02,4.106381015254068761e-02,1.905441486397571257e-02,9.090752560940325300e-02,3.455873593355104131e-04,-5.347774926247235439e-02,3.215331596852283980e+00,3.387807179944657410e-01,2.623561535028773761e+00,1.769408970308454787e-01,-1.169649935946466268e+00,-1.606201789292300841e-01,-4.933797150041666080e-01,-4.625945341468188365e-01,5.149946666568437692e+00,-1.285532544069080962e-01,-2.651339822665065515e+00,2.653587419563399608e-02,-9.624435425205976058e-01,1.617533686759333569e-17,3.050939497196634154e+00,5.516661942100001603e+00,2.536072090774406540e+00,-2.455344510770244071e+00,-1.052206536141429005e+00,-1.122718134090492148e+00,-5.468574642666389485e-01
1.150000000000000050e-01,-1.312001115995939715e+00,-7.901378290396645632e-01,-8.193131575618672002e+00,-8.231022781674386835e+00,-1.312001115995939715e+00,-4.457321882536013913e-02,1.568555726904990122e+00,4.020877748497622584e+00,1.387494388584559202e-01,2.973135937293026609e-01,2.782435187715851660e-02,4.094828514846494266e-02,1.896229205175769053e-02,9.063587790855900939e-02,3.521181810341744191e-04,-5.331697208631644425e-02,3.266593742669128275e+00,3.624824823913065375e-01,2.653571473641992640e+00,1.499055129078205872e-01,-1.181274426582266557e+00,-1.647665581095550391e-01,-4.859507154787785499e-01,-4.684570047974975227e-01,5.135850912171905591e+00,-1.366462557349074625e-01,-2.644429433609303715e+00,2.744955527334515949e-02,-9.597747273385491829e-01,-5.418716363717109022e-17,3.095450331600933414e+00,5.526157746440370389e+00,2.557873503055550390e+00,-2.475561628649725510e+00,-1.063188993400362437e+00,-1.124189167267070077e+00,-5.392676875650950219e-01
1.160000000000000059e-01,-1.315100621094594135e+00,-7.912158078847855158e-01,-8.214521957623524884e+00,-8.252481482716945038e+00,-1.315100621094594135e+00,-3.070544478975401059e-02,1.569341416924608712e+00,4.031963310463845040e+00,1.398605750947404802e-01,3.365272044469953538e-01,3.145883253930279594e-02,4.635822807952142549e-02,2.141805615516262709e-02,1.025898106987382513e-01,4.082749986116915764e-04,-6.034768800781275394e-02,3.246381533679064013e+00,3.758528418754196743e-01,2.599556523713005163e+00,1.512136952371091747e-01,-1.186598853159432698e+00,-1.698755733808394175e-01,-4.815273789189141729e-01,-4.757346021661925106e-01,5.126953187674810231e+00,-1.460007633989763853e-01,-2.640243740044911913e+00,2.852257620834088361e-02,-9.580773657328177650e-01,0.000000000000000000e+00,3.107174135959867023e+00,5.534264862089533388e+00,2.499913988393550390e+00,-2.467611988652640420e+00,-1.055486466252353539e+00,-1.127544664115045503e+00,-5.418750669267269338e-01
1.170000000000000068e-01,-1.317207940496122109e+00,-7.917814501790789716e-01,-8.242521411649642360e+00,-8.280427509168363898e+00,-1.317207940496122109e+00,-2.444078064007892959e-02,1.570880926746540451e+00,4.045070808763339798e+00,1.411191272026698362e-01,3.150154653409176220e-01,2.943748486732043756e-02,4.339770141446472329e-02,2.003498632408141564e-02,9.603182594321561794e-02,3.851729311756385814e-04,-5.648961966867857565e-02,3.283820949279766754e+00,3.896713817355924592e-01,2.632752155247403802e+00,1.296933742784470989e-01,-1.194378383217073125e+00,-1.724863185220549544e-01,-4.805687073352488126e-01,-4.773637651804721327e-01,5.116192839401387360e+00,-1.488055855926522508e-01,-2.634833356693353945e+00,2.882585941561338974e-02,-9.560558339631630709e-01,-9.229277919357200970e-17,3.121472649440212077e+00,5.535301706004299938e+00,2.527344271069216219e+00,-2.485104996090825580e+00,-1.069520697858244107e+00,-1.128156979554042261e+00,-5.370583270039275270e-01
1.180000000000000077e-01,-1.316630285504370779e+00,-7.929044052856468738e-01,-8.272797460986220486e+00,-8.310701910507024337e+00,-1.316630285504370779e+00,-1.043940210609228814e-02,1.572375650859167751e+00,4.059958757311892263e+00,1.421825981936765126e-01,2.820368559817404974e-01,2.632970086602886770e-02,3.886179338776201558e-02,1.790371024883499404e-02,8.597776456966628456e-02,3.520897871776323593e-04,-5.057448860797202767e-02,3.247538819465518589e+00,3.822261211098543221e-01,2.568358378134597331e+00,1.697373529104343470e-01,-1.197961977874046902e+00,-1.720933297039023424e-01,-4.808785817051323130e-01,-4.864136201093805512e-01,5.131589986139116100e+00,-1.582461212980557641e-01,-2.643115562166393318e+00,2.996652546934242684e-02,-9.588969928728706682e-01,-3.718147808725739353e-17,3.043162055337878424e+00,5.540145808114999681e+00,2.448974050224303589e+00,-2.455474499007124223e+00,-1.082017687835038267e+00,-1.130638232789595410e+00,-5.314530703131044032e-01
1.190000000000000085e-01,-1.313287169470578108e+00,-7.956019196078283340e-01,-8.301903033170146884e+00,-8.339938599352677784e+00,-1.313287169470578108e+00,7.386952388908074596e-04,1.574529677913999004e+00,4.074565489863196888e+00,1.424899533744216629e-01,2.518977189162836527e-01,2.349637665709936041e-02,3.471425940884888955e-02,1.596259010707569426e-02,7.678944087599674784e-02,3.204305268773538864e-04,-4.516889000990362280e-02,3.294092444627598759e+00,4.056583892752346765e-01,2.591856761244332397e+00,1.451450767396847419e-01,-1.209824717552984152e+00,-1.768579129750997014e-01,-4.740246249019141600e-01,-4.914915584747710509e-01,5.113121620551276614e+00,-1.657278173959189360e-01,-2.633948426205191318e+00,3.080082253745028073e-02,-9.554207598238509958e-01,5.685165045294614598e-17,3.054498605069110972e+00,5.542276386483610651e+00,2.460843203257262246e+00,-2.472840759358430951e+00,-1.102234454139537023e+00,-1.131958242272073312e+00,-5.191935149118177550e-01
1.199999999999999956e-01,-1.307817946043563273e+00,-7.958511068465456972e-01,-8.327826565275842086e+00,-8.365753379701224901e+00,-1.307817946043563273e+00,1.564210984537128812e-02,1.576235865016144544e+00,4.088142952363725158e+00,1.439443550282479278e-01,1.980782567553237561e-01,1.845872884216144885e-02,2.730347393772750847e-02,1.252692464085454482e-02,6.038292405625272224e-02,2.573801490134261429e-04,-3.551760028257404389e-02,3.346568274491585449e+00,4.146653764625817251e-01,2.613010560870824062e+00,1.627473379905875484e-01,-1.221445233268481978e+00,-1.790853176905906063e-01,-4.617512607236049504e-01,-4.993739154677667713e-01,5.114399390665262501e+00,-1.749151898000839978e-01,-2.634979463020393098e+00,3.187769665109120576e-02,-9.556314601740822923e-01,-3.704593308674833003e-17,3.045272615779142544e+00,5.547523495970005492e+00,2.465398845008467621e+00,-2.459705200388951241e+00,-1.129184612561138001e+00,-1.134459397715659623e+00,-4.972688610061790637e-01
1.209999999999999964e-01,-1.300213864015725695e+00,-7.919593913767848381e-01,-8.348050165612848517e+00,-8.385457702907245903e+00,-1.300213864015725695e+00,3.521871565107137503e-02,1.576926081531725643e+00,4.099581251955927819e+00,1.473030358232592651e-01,1.635635755388764601e-01,1.522696718407476335e-02,2.255049207828341284e-02,1.032246867832045840e-02,4.986106637660751156e-02,2.171742453461140488e-04,-2.932797627873912072e-02,3.294666379575557080e+00,4.188116524114792738e-01,2.524036128572785032e+00,1.834600779911446100e-01,-1.222717589690891060e+00,-1.827817749098484823e-01,-4.582225400725274400e-01,-5.072689180731182468e-01,5.109394786301701075e+00,-1.846175777092084191e-01,-2.632810823130377287e+00,3.300362682812987836e-02,-9.546674077080392617e-01,0.000000000000000000e+00,2.950961037041315294e+00,5.543433405897254751e+00,2.361969042941860053e+00,-2.439028276460912359e+00,-1.139852896486153622e+00,-1.137232008372541570e+00,-4.875505163512665607e-01
1.219999999999999973e-01,-1.289943422718572208e+00,-7.883627863853042150e-01,-8.364886105745283018e+00,-8.401834440112709856e+00,-1.289943422718572208e+00,4.487188411050002657e-02,1.577758392376002794e+00,4.109216376083754341e+00,1.503348405619752137e-01,1.116364996988076508e-01,1.038958716403964866e-02,1.539229497326205683e-02,7.040412110451016621e-03,3.403139979283100608e-02,1.492843925055278246e-04,-2.001692423015699607e-02,3.342467199448043935e+00,4.310121195620174595e-01,2.564776679568952833e+00,1.694058160510265032e-01,-1.230821729661584429e+00,-1.846562686354377703e-01,-4.538864708023655492e-01,-5.088160080614303471e-01,5.097968909222629463e+00,-1.873597829245005619e-01,-2.627058245779714696e+00,3.329852478192291132e-02,-9.525240101112260049e-01,-5.885594628679524506e-17,2.945287691085421322e+00,5.539370615948686627e+00,2.392809191617714326e+00,-2.450612017618237104e+00,-1.163491805086830588e+00,-1.137030994354158331e+00,-4.739033950325226008e-01
1.229999999999999982e-01,-1.277384586461105753e+00,-7.849243270931999250e-01,-8.380033546998802763e+00,-8.416484076362053202e+00,-1.277384586461105753e+00,6.216301498523912894e-02,1.577477383965098179e+00,4.119014848986767063e+00,1.533052099273157776e-01,3.186122568001840960e-02,2.962720501265011120e-03,4.393978704963630647e-03,2.005543816528874718e-03,9.712644250657896661e-03,4.342494043432544853e-05,-5.712775382825688482e-03,3.365834237676694318e+00,4.523506684850564508e-01,2.560469862548584885e+00,1.489336090777089172e-01,-1.238413237615137996e+00,-1.880239324811112112e-01,-4.448431182569085873e-01,-5.143730643118820112e-01,5.078775688125470644e+00,-1.954270823252536315e-01,-2.617536650464868941e+00,3.420065661094510989e-02,-9.489174388343738498e-01,-9.627294560641461860e-17,2.883322399044830675e+00,5.534089077111792321e+00,2.369436758928294751e+00,-2.466597497570631514e+00,-1.194499936753534941e+00,-1.136897946375050594e+00,-4.505558936397343617e-01
1.239999999999999991e-01,-1.264602889995110724e+00,-7.775291025996184935e-01,-8.397501553908428562e+00,-8.433015759154233848e+00,-1.264602889995110724e+00,8.263812159156114223e-02,1.575378734751056387e+00,4.129648940926948342e+00,1.579948721877767470e-01,6.046977263167146316e-03,5.618798618283166570e-04,8.340789979883614716e-04,3.799780898810841290e-04,1.843375645381960075e-03,8.382906386196412442e-06,-1.084217281659205674e-03,3.413308379611601939e+00,4.607238907542798856e-01,2.578430116506304159e+00,1.695975260404359586e-01,-1.252525331249728202e+00,-1.927007630037058106e-01,-4.378806996813496277e-01,-5.206490622851340788e-01,5.073179597689599696e+00,-2.032396903278181621e-01,-2.615016441993834206e+00,3.510392822831978621e-02,-9.478597473974745835e-01,2.349617876916951778e-17,2.898706294589635135e+00,5.534465368305707678e+00,2.376024505176474566e+00,-2.445038937863516892e+00,-1.215578027376026382e+00,-1.140552127494794288e+00,-4.389649169630088221e-01
1.250000000000000000e-01,-1.250509426605473928e+00,-7.634008139328024578e-01,-8.416784540930104086e+00,-8.450597156923565834e+00,-1.250509426605473928e+00,1.115818199734504024e-01,1.570434059994416875e+00,4.141324043612216066e+00,1.656062637796102965e-01,-4.263674406827273888e-02,-3.958528187113899248e-03,-5.882363013522774742e-03,-2.673856020339745142e-03,-1.299745005641800288e-02,-6.025180881711379190e-05,7.644555525402592019e-03,3.442258897459804512e+00,4.716450806134732110e-01,2.577574940529789860e+00,1.751007624421351827e-01,-1.262690793666181310e+00,-1.934177563623818152e-01,-4.301451833338181263e-01,-5.279421105725670138e-01,5.068619254868337975e+00,-2.121495824374442785e-01,-2.613048099016409331e+00,3.613656458874614508e-02,-9.469868904696786549e-01,3.668971801233845962e-17,2.871680042818964829e+00,5.536305807294697345e+00,2.359542995078822702e+00,-2.440621192594613742e+00,-1.239551679133853224e+00,-1.140464898640877633e+00,-4.225006278084154632e-01
1.260000000000000009e-01,-1.235920775877156652e+00,-7.426357608477032191e-01,-8.434034981140577258e+00,-8.465383079506111130e+00,-1.235920775877156652e+00,1.474559378403870191e-01,1.562782767002205642e+00,4.152214216726764384e+00,1.761005670162829606e-01,-1.469300035623762601e-01,-1.363052085339806936e-02,-2.027567494642160822e-02,-9.195298116449861225e-03,-4.479044167374032076e-02,-2.117310393408071650e-04,2.634333945427707810e-02,3.463882096486549766e+00,4.916861171294372723e-01,2.565230319559923089e+00,1.660807437610297976e-01,-1.271613554780187227e+00,-1.985329025587198870e-01,-4.202591369853730940e-01,-5.338374681362875185e-01,5.048197671023192612e+00,-2.206789540310775954e-01,-2.602942822725642369e+00,3.708953823830427737e-02,-9.431598099694463722e-01,8.696467055235511488e-17,2.783114624787885738e+00,5.526253267299232164e+00,2.324275690582423781e+00,-2.446057377081062523e+00,-1.279314458215623285e+00,-1.141904443567506977e+00,-3.939157975310959015e-01
1.270000000000000018e-01,-1.222090299310410799e+00,-7.174815396125618916e-01,-8.450264925771074687e+00,-8.478787989047322782e+00,-1.222090299310410799e+00,1.786373762360344841e-01,1.553568098111098639e+00,4.161812718224644492e+00,1.883388040357664162e-01,-1.851045560402910239e-01,-1.716735589751654245e-02,-2.554574058858436261e-02,-1.157632466749781985e-02,-5.642775956184376690e-02,-2.684769549623239218e-04,3.318756609485314785e-02,3.492188031660832692e+00,4.852830620316379573e-01,2.587003046686452201e+00,1.953848887116363953e-01,-1.276725663301072622e+00,-1.985868320734615056e-01,-4.171925686199685623e-01,-5.371584302365217667e-01,5.054419798454105717e+00,-2.240665660251418279e-01,-2.606284546710300187e+00,3.749963507572558197e-02,-9.443181317564049992e-01,-3.657895588740642451e-17,2.769925045384019846e+00,5.522535504588226729e+00,2.337390740072725848e+00,-2.422475982666161709e+00,-1.295653787787190980e+00,-1.143173440784828854e+00,-3.840050025251154908e-01
1.280000000000000027e-01,-1.206339100347202598e+00,-6.888585241925611058e-01,-8.465340637332147367e+00,-8.490445275062347363e+00,-1.206339100347202598e+00,2.210366566686935430e-01,1.541874075754417595e+00,4.171800062760488537e+00,2.020194884812143710e-01,-2.206623870037709712e-01,-2.045021870057475363e-02,-3.045938745296260242e-02,-1.377484703982121902e-02,-6.726761311718403025e-02,-3.254932586556922918e-04,3.956225823220124727e-02,3.523588567796690718e+00,5.047443743894522994e-01,2.582231899271293152e+00,1.908033865840479126e-01,-1.288176680679553820e+00,-2.038179644025067683e-01,-4.072781362431870944e-01,-5.423985136300828458e-01,5.034757934576166605e+00,-2.317615281865790244e-01,-2.596531683992758133e+00,3.835900708832954559e-02,-9.406365344654183946e-01,-6.274068030515998027e-17,2.760527667162836707e+00,5.519052090265044619e+00,2.320010983631751511e+00,-2.419503144448531540e+00,-1.317085286708408409e+00,-1.144779992126580881e+00,-3.677158780109859304e-01
1.290000000000000036e-01,-1.189560795069405597e+00,-6.566567728710932528e-01,-8.478050152649631244e+00,-8.499228330422862854e+00,-1.189560795069405597e+00,2.676757283306437918e-01,1.527886869750111787e+00,4.181038659685146541e+00,2.170462616407464740e-01,-2.824907263837027616e-01,-2.616169498560708823e-02,-3.900447233256745111e-02,-1.759997509693693798e-02,-8.611636196073614580e-02,-4.241508094570269429e-04,5.064687959675980011e-02,3.540958868950172533e+00,5.103423865437933804e-01,2.573119679062332743e+00,2.112667165654778523e-01,-1.297022689012538255e+00,-2.072790619354089037e-01,-4.021237291922309387e-01,-5.495767156586852664e-01,5.028459669263484422e+00,-2.406240395682961997e-01,-2.593677008374253301e+00,3.938486693423047524e-02,-9.394498082111522042e-01,-6.357121057359836035e-17,2.708891426907784616e+00,5.512640360821670527e+00,2.293491167161469058e+00,-2.400010266905712619e+00,-1.343754184039043897e+00,-1.147153020956018121e+00,-3.514768495954712080e-01
1.300000000000000044e-01,-1.172898037510449187e+00,-6.217111642809398653e-01,-8.484767269470568252e+00,-8.501689999339511417e+00,-1.172898037510449187e+00,3.147499706134618824e-01,1.512147740215675995e+00,4.187698049721571891e+00,2.330621632049549308e-01,-3.156720868879600017e-01,-2.921609694583863354e-02,-4.359426282045358175e-02,-1.963286273206019117e-02,-9.623155248906724302e-02,-4.813591290525861058e-04,5.659489015387633021e-02,3.573016007293409402e+00,5.239021571789036491e-01,2.572363960879704425e+00,2.159410740474672075e-01,-1.309125074535760103e+00,-2.102849368885534864e-01,-3.946818466765684152e-01,-5.551424681514681714e-01,5.016642547865100887e+00,-2.480571639354460234e-01,-2.587945478936874544e+00,4.022988406260975813e-02,-9.372361531828056203e-01,0.000000000000000000e+00,2.702201452253981007e+00,5.511328608098165383e+00,2.280712534123805035e+00,-2.391637267621467444e+00,-1.365126742962217588e+00,-1.148002449200411723e+00,-3.380869565226921059e-01
1.310000000000000053e-01,-1.157120045132488340e+00,-5.831053878240803900e-01,-8.486970467052641354e+00,-8.499088742060191493e+00,-1.157120045132488340e+00,3.662924467129142769e-01,1.494049188704722031e+00,4.192513735048708057e+00,2.505372771820428834e-01,-3.408962753581177840e-01,-3.152980776752533493e-02,-4.708719891011010905e-02,-2.115969086436191374e-02,-1.039207827629649861e-01,-5.288181254241376738e-04,6.111585350500738090e-02,3.621248112461892266e+00,5.457250941041446035e-01,2.586886524013691346e+00,2.047348928838588211e-01,-1.321391422043536101e+00,-2.139384884290606303e-01,-3.829716600035218410e-01,-5.607262786603364191e-01,4.998302647290159939e+00,-2.560168403162431106e-01,-2.578902352816128563e+00,4.112117637668855075e-02,-9.338070403475099424e-01,0.000000000000000000e+00,2.719625558443437896e+00,5.512497933626779201e+00,2.283782484787338252e+00,-2.395327150796632054e+00,-1.384191028429812453e+00,-1.148274346901994702e+00,-3.218558064985144740e-01
1.320000000000000062e-01,-1.144090025568766045e+00,-5.374985495706942062e-01,-8.490076370554943352e+00,-8.496884385165801135e+00,-1.144090025568766045e+00,4.162417732178921304e-01,1.473067954772866894e+00,4.196646351003925801e+00,2.708881284392698485e-01,-3.411768370647582094e-01,-3.154898078069428430e-02,-4.712949877272230859e-02,-2.116310311999648752e-02,-1.040063397915353266e-01,-5.322615763526413043e-04,6.116578221291715800e-02,3.671099736519792600e+00,5.466146941132777881e-01,2.631396636265646904e+00,2.178371187195186909e-01,-1.329605762444349581e+00,-2.137767202890789031e-01,-3.793085146238505123e-01,-5.634081508498686164e-01,4.999726894341500305e+00,-2.590256417915482445e-01,-2.579771003024219578e+00,4.147648910125243532e-02,-9.340721540231597952e-01,6.517121085060579867e-17,2.766514748605165774e+00,5.514792607674084302e+00,2.325241495701376504e+00,-2.383096987424697666e+00,-1.392135613134632521e+00,-1.148381135888591364e+00,-3.181427324109332710e-01
1.330000000000000071e-01,-1.132920395658004953e+00,-4.831754360830940453e-01,-8.489410681836028871e+00,-8.489454825780239133e+00,-1.132920395658004953e+00,4.823991997737419601e-01,1.447757955163677224e+00,4.199510281905182829e+00,2.950325443040856532e-01,-3.655313524840443917e-01,-3.378012530205502101e-02,-5.050585312795443510e-02,-2.263161784889770184e-02,-1.114311737302849797e-01,-5.793402136422794516e-04,6.553113671038880705e-02,3.702838410642675271e+00,5.574683460291526282e-01,2.630542759094863570e+00,2.300099163597270346e-01,-1.344153791727453751e+00,-2.168276851858994825e-01,-3.753593247504401487e-01,-5.698168496796198745e-01,4.992582359936142744e+00,-2.670507367373705088e-01,-2.576450244157094005e+00,4.240076318399028238e-02,-9.327330369571935620e-01,0.000000000000000000e+00,2.767490208479010949e+00,5.516270580663240608e+00,2.312986169229538813e+00,-2.369071945646264776e+00,-1.413184202273748413e+00,-1.150140062356735271e+00,-3.098281880400513555e-01
1.340000000000000080e-01,-1.124473333193661162e+00,-4.215285272192779709e-01,-8.484170147296234532e+00,-8.476531998186104033e+00,-1.124473333193661162e+00,5.542875348222759957e-01,1.419097730474102370e+00,4.200019353744427697e+00,3.222905023282504056e-01,-3.333561694772599338e-01,-3.079094463861581366e-02,-4.606871797689639919e-02,-2.060264427540764096e-02,-1.016219683035387150e-01,-5.362176264472337875e-04,5.976144496090300684e-02,3.730140517808134160e+00,5.761725966775557151e-01,2.636994331180660289e+00,2.136258945076953131e-01,-1.351719692869608913e+00,-2.205567285906303576e-01,-3.685718266013567335e-01,-5.743699186953091784e-01,4.974635451564445532e+00,-2.737580554795016607e-01,-2.567548326922528101e+00,4.314407317675680864e-02,-9.293786711004498047e-01,-3.596767979658959074e-17,2.822414429635565103e+00,5.520017103603385600e+00,2.317167557724261862e+00,-2.374525076690240155e+00,-1.410197587996390833e+00,-1.150471617317527340e+00,-3.088103816404537683e-01
1.350000000000000089e-01,-1.119200500073109561e+00,-3.555471274269723092e-01,-8.477724683603302225e+00,-8.461625707768389404e+00,-1.119200500073109561e+00,6.317594102436425718e-01,1.387973173278174821e+00,4.199585383979615116e+00,3.513813266772805033e-01,-3.373549706240944746e-01,-3.114284829074350294e-02,-4.663199820112776117e-02,-2.080899852448914525e-02,-1.028407967801207440e-01,-5.513914550096565056e-04,6.047706918723815689e-02,3.760512758513385734e+00,5.859063016859394901e-01,2.639559949644005421e+00,2.219998058369346550e-01,-1.361790419490976234e+00,-2.210442386483185973e-01,-3.613449757322306777e-01,-5.816803153721433750e-01,4.973388662951523820e+00,-2.823374396669867670e-01,-2.567299399990376152e+00,4.414560182400552313e-02,-9.291453036004446719e-01,-6.728539959836587396e-17,2.841477472517147884e+00,5.528152116346720213e+00,2.310590511775890921e+00,-2.366108592677930389e+00,-1.420485614447091427e+00,-1.150740933703773061e+00,-3.008679065449925694e-01
1.360000000000000098e-01,-1.116821322803785765e+00,-2.883698169173386505e-01,-8.470023205667070343e+00,-8.445065922442509532e+00,-1.116821322803785765e+00,7.108528831255206404e-01,1.355733385295631699e+00,4.198171636468403634e+00,3.809328145679972133e-01,-2.971396882090344138e-01,-2.741463374995908517e-02,-4.108289913661821585e-02,-1.828925366754237392e-02,-9.058105540940190881e-02,-4.940426791055156207e-04,5.326644631387267292e-02,3.764066435975666369e+00,5.920994541008760548e-01,2.614883338248059630e+00,2.361005251475710720e-01,-1.369737799679689338e+00,-2.222046467346975862e-01,-3.576193963412554466e-01,-5.894511977986574003e-01,4.972947002599783950e+00,-2.913887172544942783e-01,-2.567490671161755778e+00,4.520142750743694898e-02,-9.290652394321706753e-01,0.000000000000000000e+00,2.877475549967974722e+00,5.537631822950700666e+00,2.282411721856946851e+00,-2.349679399681726899e+00,-1.415117427581654264e+00,-1.151763928845973783e+00,-3.043529500273827737e-01
1.370000000000000107e-01,-1.117897414161389325e+00,-2.223954406258848437e-01,-8.460686377645005862e+00,-8.427623985836063980e+00,-1.117897414161389325e+00,7.796330330608278736e-01,1.323899816099242566e+00,4.194780917536558462e+00,4.098294420736100507e-01,-2.621362522760813385e-01,-2.418049070438502840e-02,-3.624628141063145764e-02,-1.612319902008278044e-02,-7.991049491245008629e-02,-4.383243393674636284e-04,4.699127343611499141e-02,3.800257498613499152e+00,6.068405899186419816e-01,2.642648348844575334e+00,2.159097086977949109e-01,-1.376926758666948469e+00,-2.240697630721597278e-01,-3.541805960544696097e-01,-5.906737176793133148e-01,4.961554979045022407e+00,-2.937077215712262657e-01,-2.561750345135783036e+00,4.544624617453067034e-02,-9.269391944843519138e-01,0.000000000000000000e+00,2.947447528658104776e+00,5.544215078259279395e+00,2.312694345862717604e+00,-2.361963835458070982e+00,-1.411391007404867892e+00,-1.151447281895879193e+00,-3.071893226183546322e-01
1.380000000000000115e-01,-1.121917704792512183e+00,-1.583480991170428953e-01,-8.448009193749001611e+00,-8.406365168174946945e+00,-1.121917704792512183e+00,8.526183891147476324e-01,1.291980341144435052e+00,4.189973472682367195e+00,4.379347612910693410e-01,-2.721572032501892169e-01,-2.509424842768158415e-02,-3.764188291212495346e-02,-1.670723748628302058e-02,-8.296597391942350797e-02,-4.620545586149842304e-04,4.878716301954542228e-02,3.820784233818784514e+00,6.151401691589205578e-01,2.649026687250540579e+00,2.201526609304816084e-01,-1.380531831825080769e+00,-2.268994300313314505e-01,-3.471090149150576343e-01,-5.966871895762507760e-01,4.958055872331090796e+00,-3.009504061101457850e-01,-2.560286445830969093e+00,4.627813150935037451e-02,-9.262942746524194249e-01,-6.902152419545924620e-17,2.951939840992344521e+00,5.548101793062330422e+00,2.310434398228269792e+00,-2.356841022386770401e+00,-1.417219674235153937e+00,-1.153655759242365741e+00,-2.983218518955122467e-01
1.390000000000000124e-01,-1.129296313309715138e+00,-9.583485515036588298e-02,-8.432383391251443427e+00,-8.382135479073596684e+00,-1.129296313309715138e+00,9.241638312391043941e-01,1.260835519211431777e+00,4.183319715438789999e+00,4.654725556024297273e-01,-1.954125135844030636e-01,-1.801093975182711110e-02,-2.703306180270025755e-02,-1.197393289425643069e-02,-5.957072545620033244e-02,-3.365034506497224949e-04,3.502925385753413029e-02,3.853823636099280137e+00,6.282977997680928572e-01,2.657365379682368633e+00,2.205033742757200321e-01,-1.391042644230007230e+00,-2.292440908099027952e-01,-3.411820823532228930e-01,-6.030823426039823021e-01,4.955363641103496697e+00,-3.085456485650407421e-01,-2.559283939583343326e+00,4.715901817868274615e-02,-9.258032839350943677e-01,-3.580528692074940360e-17,3.055328779910894799e+00,5.565650501119762339e+00,2.321786669314627627e+00,-2.350754498201879539e+00,-1.403454351507524844e+00,-1.155383878195646918e+00,-3.061528284956888113e-01
1.400000000000000133e-01,-1.137662821094525434e+00,-3.256481020847329377e-02,-8.417320553516322690e+00,-8.358060847883042044e+00,-1.137662821094525434e+00,9.975793856114146818e-01,1.230141442632786575e+00,4.176791237534080103e+00,4.934610467389008992e-01,-1.514597058955622078e-01,-1.395416242187892848e-02,-2.095794554873133334e-02,-9.260984274645661998e-03,-4.617205362179903350e-02,-2.650584868735004823e-04,2.714991118427437233e-02,3.909710498031952142e+00,6.395013701963502273e-01,2.685856461639675175e+00,2.361990887642610171e-01,-1.402032367275929836e+00,-2.327495896125640062e-01,-3.290463032041470726e-01,-6.106725246066023738e-01,4.957061560641502496e+00,-3.171785564316028094e-01,-2.560574359340115347e+00,4.816738855549236586e-02,-9.261358237536239102e-01,-7.063934198412316129e-17,3.147578267529787865e+00,5.582608768415973977e+00,2.347719959659340994e+00,-2.333636254850500080e+00,-1.400037032342236643e+00,-1.159150471853061415e+00,-3.018963920198727280e-01
1.410000000000000142e-01,-1.145111316908698829e+00,3.261170376162753071e-02,-8.405541306060696272e+00,-8.336748911279070029e+00,-1.145111316908698829e+00,1.073687925517478048e+00,1.199844544011518188e+00,4.171840663753143552e+00,5.224298718223601146e-01,-1.049710571286297800e-01,-9.667158334827770025e-03,-1.452965306405784932e-02,-6.403892682947613831e-03,-3.200040922723795811e-02,-1.868395738454875716e-04,1.881635805264122302e-02,3.906662751107849552e+00,6.498797098745258127e-01,2.665556823502601702e+00,2.334014203325041892e-01,-1.404466233379169759e+00,-2.354372914419753660e-01,-3.246547655136005628e-01,-6.176063087786609618e-01,4.951237045063719755e+00,-3.256352272488116095e-01,-2.557987073893277508e+00,4.913601281129069409e-02,-9.250651734157225858e-01,0.000000000000000000e+00,3.184085385200559060e+00,5.591449596603418115e+00,2.325391943189732302e+00,-2.330989546243721122e+00,-1.387330629795116899e+00,-1.160689304431543611e+00,-3.058384074609593606e-01
1.420000000000000151e-01,-1.153069449410198288e+00,9.445630119198578090e-02,-8.395092240551896623e+00,-8.318126369670673981e+00,-1.153069449410198288e+00,1.138099037166327321e+00,1.172303497440888576e+00,4.166756301556147513e+00,5.500030914653850633e-01,-7.047515574071930300e-02,-6.489346735231977734e-03,-9.755805370448679750e-03,-4.296164160475363786e-03,-2.148440163222735400e-02,-1.261432927436707504e-04,1.263281817251921471e-02,3.891974019105527649e+00,6.605548386819665163e-01,2.647315880463226190e+00,2.133880359755477019e-01,-1.402179735542188110e+00,-2.389080111765398140e-01,-3.232044706345792995e-01,-6.184083993231269671e-01,4.936995355919857609e+00,-3.276775059685919089e-01,-2.550778018040870343e+00,4.934098532852672359e-02,-9.224118225543928018e-01,0.000000000000000000e+00,3.203090464041681074e+00,5.591060847866592631e+00,2.309882569124185547e+00,-2.341686146225798293e+00,-1.374323151845888713e+00,-1.161445977023676246e+00,-3.105716524620600882e-01
1.430000000000000160e-01,-1.160952147553978575e+00,1.487198028417175966e-01,-8.387661121943704501e+00,-8.302333017078590061e+00,-1.160952147553978575e+00,1.202598499021971801e+00,1.147406833202020859e+00,4.163564803090096689e+00,5.743920268878984770e-01,1.756855088745498672e-02,1.617234666715836131e-03,2.432463852142044154e-03,1.068697698813767666e-03,5.355715349803361232e-03,3.193081475394942120e-05,-3.149093067155317276e-03,3.941197135393427864e+00,6.788951436728475342e-01,2.677829230657168491e+00,2.018277691976194388e-01,-1.410390661058209760e+00,-2.419810966260655949e-01,-3.129820291485524431e-01,-6.244090656092390335e-01,4.929905427187621925e+00,-3.351404363836492095e-01,-2.547525913330649594e+00,5.018880290628255358e-02,-9.211049558496655632e-01,-3.662506627385740715e-17,3.334356620671643956e+00,5.610417805527185386e+00,2.345121258125661523e+00,-2.344629446434216113e+00,-1.354846142802123898e+00,-1.163054121660977103e+00,-3.161311222157078271e-01
1.440000000000000169e-01,-1.166854095368691002e+00,1.971722755366626667e-01,-8.386754316332835302e+00,-8.293649485534805521e+00,-1.166854095368691002e+00,1.261706415873363074e+00,1.125231503980157921e+00,4.163333011816839679e+00,5.962735982745482888e-01,3.678739145375389819e-02,3.385323378579059572e-03,5.094804680502785718e-03,2.233378234169845680e-03,1.121459227748511367e-02,6.780946743563838746e-05,-6.593915483901919075e-03,3.930038541324448964e+00,6.591444818314168286e-01,2.644302976617270762e+00,2.737218081864487562e-01,-1.411182832122168884e+00,-2.408087845256109416e-01,-3.065342159076582806e-01,-6.346843683046596851e-01,4.958294499295421431e+00,-3.447660508585460581e-01,-2.562544380394695231e+00,5.137169526085694909e-02,-9.264245968413484800e-01,0.000000000000000000e+00,3.332141564473543038e+00,5.620824304505417146e+00,2.304631730439227422e+00,-2.286589193974077006e+00,-1.348596544583826828e+00,-1.167165571899523746e+00,-3.131281313915602049e-01
1.449999999999999900e-01,-1.167234658590748042e+00,2.417962094149384011e-01,-8.386499717484110050e+00,-8.285805047492486253e+00,-1.167234658590748042e+00,1.318058281411154331e+00,1.105483768730538552e+00,4.164406316997202318e+00,6.165199494551831805e-01,1.408773048860804955e-01,1.296090480060608716e-02,1.951578197848940349e-02,8.533106335499673553e-03,4.294645911116425768e-02,2.638925653181007627e-04,-2.525096180871318208e-02,3.976680284586909142e+00,6.813382842926534178e-01,2.678164242780662008e+00,2.522330592818133321e-01,-1.420514392257576031e+00,-2.466953773118863436e-01,-3.010996908055854626e-01,-6.395957900498704385e-01,4.940101452456730158e+00,-3.518191292251443558e-01,-2.553575713850582574e+00,5.214449288126574850e-02,-9.230551021672738221e-01,-7.398529112953282191e-17,3.477961799423119338e+00,5.634400641549990318e+00,2.345860895534007007e+00,-2.292809548233269545e+00,-1.325423440265145913e+00,-1.169486586913842219e+00,-3.263506526142986863e-01
1.459999999999999909e-01,-1.163755794124748721e+00,2.857076070430076831e-01,-8.387931655428955580e+00,-8.279477132027015074e+00,-1.163755794124748721e+00,1.374512536541984797e+00,1.087605973552471239e+00,4.166845082635508568e+00,6.365003189105853387e-01,2.419373246857030868e-01,2.225281010175298932e-02,3.352401683943709298e-02,1.461780656217357907e-02,7.375380574519441179e-02,4.610014021005771185e-04,-4.336352406324076730e-02,3.996912967026839514e+00,7.000814863549310596e-01,2.679494170461854008e+00,2.323641093336563379e-01,-1.424729824527544597e+00,-2.484779966808068064e-01,-2.925455845640126396e-01,-6.454436940650418730e-01,4.926689299683950196e+00,-3.595836848858930401e-01,-2.547092981885392682e+00,5.300759418444935672e-02,-9.205761778788452698e-01,0.000000000000000000e+00,3.593406597647501144e+00,5.649023596140634318e+00,2.353434502415398200e+00,-2.300111065989562942e+00,-1.297968424597900849e+00,-1.168593173157551623e+00,-3.359091086272534277e-01
1.469999999999999918e-01,-1.159969540327225213e+00,3.263085068277238321e-01,-8.395979025526195016e+00,-8.281414565288875096e+00,-1.159969540327225213e+00,1.420251328647586853e+00,1.072885433461661986e+00,4.171351786675759676e+00,6.549807274406148627e-01,3.119432935071579927e-01,2.868885246956510982e-02,4.322826985188842758e-02,1.883177540961192623e-02,9.509477028283438993e-02,5.977692390594477496e-04,-5.591049292148454058e-02,3.931947641854418141e+00,6.964851606660080741e-01,2.617735137466289164e+00,2.305122741006007669e-01,-1.412152338647912231e+00,-2.494594280304763545e-01,-2.930528168709122805e-01,-6.469283517411824613e-01,4.917876251805246568e+00,-3.619766310637023699e-01,-2.542692932617382606e+00,5.326385403231065352e-02,-9.189396853094046191e-01,3.549816505265955434e-17,3.596962583620393783e+00,5.643050264940819183e+00,2.298986776254475117e+00,-2.293348883107169556e+00,-1.263793714332767104e+00,-1.167801344100821481e+00,-3.489633097923967586e-01
1.479999999999999927e-01,-1.155184011969504043e+00,3.574204186281993434e-01,-8.408210454126365363e+00,-8.287462127908034049e+00,-1.155184011969504043e+00,1.464146124887232947e+00,1.061590873570918969e+00,4.178219418557679532e+00,6.692566931993952917e-01,3.669669284702659628e-01,3.374349237647457367e-02,5.086776979027714252e-02,2.210428493153387616e-02,1.118693074741537730e-01,7.138059865453963470e-04,-6.577164295067025601e-02,3.979719732337710258e+00,7.132424972856197254e-01,2.645184095122833146e+00,2.247161687226324756e-01,-1.423567939614897249e+00,-2.530431399360354994e-01,-2.867469880781116642e-01,-6.523671302944512584e-01,4.907571921250251989e+00,-3.690036761646101615e-01,-2.537768823533204987e+00,5.405015094574303069e-02,-9.170466232289388175e-01,0.000000000000000000e+00,3.694319530513525240e+00,5.654557910912346941e+00,2.327048188748499946e+00,-2.290948369879038271e+00,-1.257648481195000612e+00,-1.169375957178428793e+00,-3.525186310287818925e-01
1.489999999999999936e-01,-1.149590302490474558e+00,3.812586746794253134e-01,-8.423069935381249707e+00,-8.297075321736580023e+00,-1.149590302490474558e+00,1.500668657223055646e+00,1.053701691984459954e+00,4.186163022703487613e+00,6.803213757161439279e-01,3.565442420462883732e-01,3.278100092310070462e-02,4.943577994183270125e-02,2.143075735982623992e-02,1.086922107143740712e-01,7.033406390793417451e-04,-6.390243899391413740e-02,3.982686531665413199e+00,7.112916979598806755e-01,2.633249057391252368e+00,2.494342098397489549e-01,-1.424708871515452779e+00,-2.532326586752562947e-01,-2.805590151221459827e-01,-6.595737182266312448e-01,4.912994809006813846e+00,-3.768336650456363679e-01,-2.540950832156832817e+00,5.496550022774837618e-02,-9.180900224462549275e-01,3.545293046664126176e-17,3.679657055485070494e+00,5.657067507889794733e+00,2.305851172287448847e+00,-2.270085864957257726e+00,-1.261051160573330332e+00,-1.170619340482431880e+00,-3.444614541160600507e-01
1.499999999999999944e-01,-1.142096837882392357e+00,4.032632698254453030e-01,-8.440927422385929191e+00,-8.309605620790090796e+00,-1.142096837882392357e+00,1.536987781900299499e+00,1.047639865336435383e+00,4.195714233448372354e+00,6.907147813752492205e-01,4.648381545940963866e-01,4.273264685746620828e-02,6.446813579967995700e-02,2.787114864674000020e-02,1.417055755542879492e-01,9.317168182070106842e-04,-8.330976704067806493e-02,4.036577127507777973e+00,7.359051460001901912e-01,2.663241756074450350e+00,2.296978502407953093e-01,-1.437289183420075833e+00,-2.581288622967689017e-01,-2.724526579707094442e-01,-6.641845167966714536e-01,4.894015095653880820e+00,-3.835698831842540013e-01,-2.531581722876006246e+00,5.569437550017957567e-02,-9.145845879003343670e-01,-7.682920019914236827e-17,3.837230765305203128e+00,5.672652888511537483e+00,2.344140008689876264e+00,-2.274012723988470874e+00,-1.239889232365608329e+00,-1.171781733378896240e+00,-3.557624250113875508e-01
1.509999999999999953e-01,-1.132552852891399731e+00,4.268225281955241313e-01,-8.463354737152762652e+00,-8.326235051569524259e+00,-1.132552852891399731e+00,1.576185504144864247e+00,1.042315681440760144e+00,4.207470891116735778e+00,7.019134024134526806e-01,5.381870677593360019e-01,4.947321181828490122e-02,7.466626450524764536e-02,3.218333673497832115e-02,1.640671623170513460e-01,1.097168087577930946e-03,-9.645391028486557938e-02,4.017438638181017652e+00,7.299005588076686868e-01,2.636047682977052720e+00,2.576756604300212139e-01,-1.435499339205552616e+00,-2.590775427686440313e-01,-2.710124083652653559e-01,-6.722308789071040902e-01,4.897573709935931774e+00,-3.924809852420464429e-01,-2.533862700688448211e+00,5.672446212655663650e-02,-9.152926561100662717e-01,0.000000000000000000e+00,3.883394827033249452e+00,5.676947480561884696e+00,2.318232962240253769e+00,-2.244003703523448578e+00,-1.214707714761944723e+00,-1.173273030791132321e+00,-3.674663186501309076e-01
1.519999999999999962e-01,-1.120933564251383796e+00,4.469073647243981262e-01,-8.486043539691083382e+00,-8.345124159061866109e+00,-1.120933564251383796e+00,1.603609653257199730e+00,1.039898268741158205e+00,4.218918093226373678e+00,7.115900673548899436e-01,5.939448296321017118e-01,5.459697565692368804e-02,8.241112418385107552e-02,3.548589377360469171e-02,1.810654866035970867e-01,1.217662302974972582e-03,-1.064462175124472054e-01,3.952398366887833081e+00,7.183025159416506211e-01,2.577365300224320865e+00,2.731907941896988823e-01,-1.423145605883403553e+00,-2.595626467236998858e-01,-2.734905822261365360e-01,-6.743597114481066912e-01,4.894092927371189283e+00,-3.951810281015655790e-01,-2.532216031002505918e+00,5.702656641328004289e-02,-9.146575226120365887e-01,0.000000000000000000e+00,3.871983485071828213e+00,5.666992418969763357e+00,2.264595396306606556e+00,-2.223539343039202087e+00,-1.185053552866526472e+00,-1.173002507032761654e+00,-3.799367997385837414e-01
1.529999999999999971e-01,-1.105590875613809754e+00,4.550097991304054568e-01,-8.504306524657636146e+00,-8.359762767965444041e+00,-1.105590875613809754e+00,1.626231793434716799e+00,1.041128195829120973e+00,4.229677419715245357e+00,7.159540560802820641e-01,6.499562870359261169e-01,5.974167598890846309e-02,9.020833998748163662e-02,3.873728695415658979e-02,1.981412418756958449e-01,1.352889964799884213e-03,-1.164822034438407622e-01,3.953121223990601951e+00,7.367002508927904536e-01,2.555755295674405403e+00,2.563811211276852964e-01,-1.425248826853129591e+00,-2.641486950054197647e-01,-2.651624022830237903e-01,-6.781410184369498495e-01,4.870273823305159233e+00,-4.013212920400155981e-01,-2.520335031695655648e+00,5.767541868928977022e-02,-9.102515259616548171e-01,0.000000000000000000e+00,3.924936492589578219e+00,5.666715750186858358e+00,2.244642343621871650e+00,-2.225216623613813560e+00,-1.169432166288143948e+00,-1.173047331002274651e+00,-3.816446057268645387e-01
1.539999999999999980e-01,-1.089335445947110959e+00,4.556546273795210600e-01,-8.524090662518009509e+00,-8.377137015802620823e+00,-1.089335445947110959e+00,1.640523751961135757e+00,1.044805471612321179e+00,4.241083805472899648e+00,7.169845318980474502e-01,7.571908185153004567e-01,6.959822894474365640e-02,1.051200637600956667e-01,4.502318410452796349e-02,2.308331729787970465e-01,1.598711336518364012e-03,-1.356980327433237876e-01,4.017490986098191108e+00,7.616656374706649579e-01,2.604061000337686060e+00,2.337445183728809051e-01,-1.435965071506706048e+00,-2.696155990974063443e-01,-2.556843370476187816e-01,-6.813418863313497331e-01,4.847779304150606983e+00,-4.066860758190778413e-01,-2.509095041064368203e+00,5.823420521598326322e-02,-9.060936513091020217e-01,-4.385466491897554629e-17,4.093339918282142165e+00,5.679043170566014709e+00,2.302494988278704025e+00,-2.230327338586959307e+00,-1.146897693311925703e+00,-1.174110539069989967e+00,-3.913823697909426524e-01
1.549999999999999989e-01,-1.073932624833816130e+00,4.568052702979271684e-01,-8.550214632460052755e+00,-8.400322013071862770e+00,-1.073932624833816130e+00,1.658140944795170935e+00,1.048072021337702608e+00,4.255046829949226783e+00,7.183015401138408418e-01,7.620001563704759118e-01,7.004252621595682959e-02,1.058203075946651389e-01,4.518979334828670397e-02,2.323002133163154515e-01,1.634473198926700418e-03,-1.365570972544689343e-01,3.979328826343970338e+00,7.699382958185654324e-01,2.550457289916388426e+00,2.315155582580472327e-01,-1.429075179552576458e+00,-2.745987245616798300e-01,-2.481867549543924356e-01,-6.857755156117443240e-01,4.826736060148010488e+00,-4.133291711720468720e-01,-2.498663679675501736e+00,5.894580794610035368e-02,-9.022129379084066203e-01,0.000000000000000000e+00,4.055553467102702037e+00,5.666716882182532444e+00,2.242948426339006929e+00,-2.221958328069167710e+00,-1.137829158290160736e+00,-1.175177189271159772e+00,-3.847438522088613699e-01
1.559999999999999998e-01,-1.058495462196126002e+00,4.599160489304475186e-01,-8.582535491502479630e+00,-8.429312060677577989e+00,-1.058495462196126002e+00,1.678730597409538339e+00,1.050614439494711672e+00,4.271596100712252486e+00,7.205200256924082503e-01,8.574436727570405870e-01,7.882069175880697387e-02,1.191149737901683742e-01,5.070494393599916938e-02,2.613983790665215801e-01,1.870345087359164427e-03,-1.536583110782371031e-01,4.025557495190100532e+00,7.741580962549815537e-01,2.574561845271773564e+00,2.576987200588963800e-01,-1.439399327239501813e+00,-2.755838719022449257e-01,-2.402706651748386935e-01,-6.937147425994913963e-01,4.830251388603891805e+00,-4.220956024482723223e-01,-2.500943699358776140e+00,5.995322272303673511e-02,-9.029284341994191498e-01,-8.024523455085136188e-17,4.189286425347649612e+00,5.683230176617680485e+00,2.271581216613669518e+00,-2.192540035363880424e+00,-1.118047725449943464e+00,-1.176641961014304849e+00,-3.939289762530758798e-01
1.570000000000000007e-01,-1.041976701319684340e+00,4.637312707589540395e-01,-8.617807796977023926e+00,-8.462760533107777761e+00,-1.041976701319684340e+00,1.692141269631785461e+00,1.053263589387788191e+00,4.288754054692140549e+00,7.229751365072556446e-01,8.790619989938703860e-01,8.080792010129056457e-02,1.221316124757870769e-01,5.193404614056005425e-02,2.679893298562119330e-01,1.928080365821857817e-03,-1.575313011660343654e-01,3.954834249364569398e+00,7.664616493224296612e-01,2.500847750487580790e+00,2.661320168603861780e-01,-1.428805053227510946e+00,-2.756545151398073767e-01,-2.420455137463377038e-01,-6.950775511491718017e-01,4.821421595940686977e+00,-4.243211520890433630e-01,-2.496536727019531998e+00,6.018726079852927680e-02,-9.012979416365781704e-01,8.040290371744023918e-17,4.138818697209268649e+00,5.668691165364406537e+00,2.198658210874324226e+00,-2.178470664018585801e+00,-1.100628462572769806e+00,-1.175024376410563676e+00,-3.995768149123719581e-01
1.580000000000000016e-01,-1.022728185335342932e+00,4.630791300636079577e-01,-8.650970508977845697e+00,-8.493501549702617837e+00,-1.022728185335342932e+00,1.707092397354084135e+00,1.055535664929037054e+00,4.305894272154685787e+00,7.232617959256538720e-01,9.997389032718803081e-01,9.189665866371804492e-02,1.389340397256859649e-01,5.892876101669150546e-02,3.047795109706754602e-01,2.221662059551864857e-03,-1.791537865185714451e-01,3.943628320682027510e+00,7.806108927090442684e-01,2.457404190164808711e+00,2.587229366150466392e-01,-1.431631609390602300e+00,-2.776952019933873195e-01,-2.330931737785351399e-01,-6.984781873069547675e-01,4.802345903841553465e+00,-4.296672147705803413e-01,-2.487044082529778155e+00,6.075296924855596442e-02,-8.977796964659401358e-01,-3.461365354818472703e-17,4.244889036646952718e+00,5.674853455214315723e+00,2.166671015119914223e+00,-2.169392384898040316e+00,-1.066099129171370841e+00,-1.173253236399775634e+00,-4.122469602971066127e-01
1.590000000000000024e-01,-1.002306170374215766e+00,4.592169678250907494e-01,-8.682872408823900656e+00,-8.523132998391476534e+00,-1.002306170374215766e+00,1.720278286552540115e+00,1.056847823327455860e+00,4.322760170934119017e+00,7.218580465272356195e-01,9.893347594541772594e-01,9.095455103895984383e-02,1.375363456796924178e-01,5.815758875383014032e-02,3.016133279108253462e-01,2.232666691821198757e-03,-1.772883240707404662e-01,3.993391016141842442e+00,7.942890297893645535e-01,2.495546139877947489e+00,2.604938091861452865e-01,-1.438516787242976935e+00,-2.826688353055656910e-01,-2.243731501730921729e-01,-7.033848749397796363e-01,4.788049212499237761e+00,-4.363039959224219722e-01,-2.480091859017358402e+00,6.147416180272313735e-02,-8.951746342849594695e-01,8.136373491798599983e-17,4.279340900656240620e+00,5.673292793327562755e+00,2.196778489635217824e+00,-2.161440461077383191e+00,-1.075429297529428396e+00,-1.175610802898704010e+00,-4.016614742438325836e-01
1.600000000000000033e-01,-9.839431011096124724e-01,4.621844013767479886e-01,-8.712317251841074750e+00,-8.549068407504382350e+00,-9.839431011096124724e-01,1.741124832231759401e+00,1.054836275325531814e+00,4.338277974397052539e+00,7.233954963290460949e-01,1.076693394050459274e+00,9.899044792109286395e-02,1.497361504437103030e-01,6.311098219099481321e-02,3.282487521191415070e-01,2.468919680959079030e-03,-1.929395993954746424e-01,4.024749410849814524e+00,8.236649035994952905e-01,2.493652166496172828e+00,2.266857351690768629e-01,-1.448621068691865466e+00,-2.852530189320982013e-01,-2.140533767933830989e-01,-7.070786810199082284e-01,4.761425679002049272e+00,-4.425246418331401643e-01,-2.466780124682359965e+00,6.212066155926276867e-02,-8.902618633243642998e-01,0.000000000000000000e+00,4.394364123880365902e+00,5.684081030522637690e+00,2.200863675106742967e+00,-2.176983407322288233e+00,-1.058251655013461079e+00,-1.173045962575503420e+00,-4.069929761888577691e-01
1.610000000000000042e-01,-9.688835284811585513e-01,4.764831394674099441e-01,-8.733723232075544018e+00,-8.565194140485525409e+00,-9.688835284811585513e-01,1.772683562423158943e+00,1.048462206097059424e+00,4.349861417650014772e+00,7.298914118265055206e-01,1.153168435560631311e+00,1.060253893677437498e-01,1.604298906310425710e-01,6.738358409304864849e-02,3.515659649494254912e-01,2.689359259119994666e-03,-2.066391759246857251e-01,3.994154588749210699e+00,8.080756173106328211e-01,2.429146958559591063e+00,2.965028905904924517e-01,-1.443831156163309704e+00,-2.862042693321900089e-01,-1.994624500173572956e-01,-7.166646445788444897e-01,4.772321713886266359e+00,-4.526151175411127769e-01,-2.472915029472633197e+00,6.329767694891172414e-02,-8.923699573240294614e-01,8.290006881779248855e-17,4.430658379730997076e+00,5.686422720564642930e+00,2.136961731649520857e+00,-2.109028554789092347e+00,-1.028967514264972571e+00,-1.175884867397099409e+00,-4.061016259420429098e-01
1.620000000000000051e-01,-9.534201336472168942e-01,4.926197677655889118e-01,-8.745401279350234702e+00,-8.573294958331835858e+00,-9.534201336472168942e-01,1.795363843318687813e+00,1.040835589290593166e+00,4.356626545622899194e+00,7.368865692451552762e-01,1.206685169320804940e+00,1.109459208085024767e-01,1.678948976095913925e-01,7.043737102580843734e-02,3.678818019730109579e-01,2.829880650620756818e-03,-2.162270280786141863e-01,3.885931610401447411e+00,7.925189401864947136e-01,2.318776332362492365e+00,3.145978594500553616e-01,-1.424913433690075060e+00,-2.858108697661388975e-01,-1.998072343899221504e-01,-7.182525168973837859e-01,4.764399473343506664e+00,-4.550286569404953241e-01,-2.468984096079783530e+00,6.355487570410167653e-02,-8.909126704423332432e-01,0.000000000000000000e+00,4.374364262824868455e+00,5.667864334338503340e+00,2.031642573031588572e+00,-2.083948865603919565e+00,-9.934767560129624808e-01,-1.173893659557851299e+00,-4.160342624685363644e-01
1.630000000000000060e-01,-9.330867709229578866e-01,4.997673090316605560e-01,-8.746933016967703978e+00,-8.571030660189473238e+00,-9.330867709229578866e-01,1.815499377193088737e+00,1.033351480440424908e+00,4.360580895490363318e+00,7.394136915898952278e-01,1.230168624588421356e+00,1.131145970579587601e-01,1.712197648510536407e-01,7.161145260556270320e-02,3.750451092069281844e-01,2.927263931527025048e-03,-2.204318736574094328e-01,3.907623925022305045e+00,8.037784394351469297e-01,2.312495193901143331e+00,3.230618457177356073e-01,-1.430800606590575175e+00,-2.885067702235732945e-01,-1.890219516387544874e-01,-7.235328689396660629e-01,4.752067302421808748e+00,-4.619610460298111398e-01,-2.463048981119685621e+00,6.431685215780619247e-02,-8.886758717873833868e-01,1.179213882771526049e-16,4.414259680671060337e+00,5.668960338914915020e+00,2.021753912722386026e+00,-2.068375682796387505e+00,-9.914386452258407978e-01,-1.174255378079429590e+00,-4.094538252961638092e-01
1.640000000000000069e-01,-9.109579496397042231e-01,5.042422482971129494e-01,-8.741683513829178409e+00,-8.562630064643595773e+00,-9.109579496397042231e-01,1.831026290631074804e+00,1.025221209913343090e+00,4.361952416291964063e+00,7.403766896905689121e-01,1.289910054153787566e+00,1.186189688343292914e-01,1.795921728453986066e-01,7.489217081321648817e-02,3.932621031030699710e-01,3.111760726791030877e-03,-2.311333703146872531e-01,3.955742538218672610e+00,8.222793010998500352e-01,2.336299783140086017e+00,3.184893517152683207e-01,-1.439334316099981415e+00,-2.924235067542416133e-01,-1.768870207264383043e-01,-7.274392533866141930e-01,4.734391143047525397e+00,-4.677366712262777670e-01,-2.454306813642165519e+00,6.493121753940227225e-02,-8.854365606446037429e-01,-8.414680198752981805e-17,4.518213338985845873e+00,5.675289412981704196e+00,2.048155284759206829e+00,-2.060925291113680391e+00,-9.811409954575091019e-01,-1.174748306672054321e+00,-4.080203910411256407e-01
1.650000000000000078e-01,-8.904992320710166664e-01,5.179036336135338647e-01,-8.737045448509539014e+00,-8.553055139499052828e+00,-8.904992320710166664e-01,1.857265496292915818e+00,1.013023746087943433e+00,4.363471306423507556e+00,7.452669480104829880e-01,1.354171217539601013e+00,1.245373160780638977e-01,1.885970874838409639e-01,7.839363180774389095e-02,4.128548109632250718e-01,3.315953295886533113e-03,-2.426422456058651700e-01,3.968605694284626395e+00,8.584149113339513137e-01,2.314467010627263122e+00,2.681132290144658259e-01,-1.450476800350412265e+00,-2.988007519868705608e-01,-1.715070006429401384e-01,-7.281977889810370419e-01,4.691185764236323053e+00,-4.718778718022572094e-01,-2.432410024866275666e+00,6.529847832267329788e-02,-8.774343459666688050e-01,0.000000000000000000e+00,4.594579122843190255e+00,5.674137991648338541e+00,2.031186226308847154e+00,-2.085903164044065949e+00,-9.723235110645138679e-01,-1.172919144657652790e+00,-4.141492462488053361e-01
1.660000000000000087e-01,-8.734043847406290917e-01,5.422527749200936054e-01,-8.736157707019660990e+00,-8.545254365197996194e+00,-8.734043847406290917e-01,1.895552000840959650e+00,9.963413512022342156e-01,4.366090910460798113e+00,7.547656416666677082e-01,1.366655843309056095e+00,1.256962650853712948e-01,1.904164609106175354e-01,7.886536423952870967e-02,4.166680943325390407e-01,3.400599079695502611e-03,-2.448763814702624997e-01,3.938999440441939726e+00,8.403320554522442087e-01,2.250543052823868795e+00,3.383934204304722138e-01,-1.449486905514887791e+00,-2.967197582431481129e-01,-1.618067040693162706e-01,-7.385821169478250514e-01,4.706948860796081213e+00,-4.824874500138756073e-01,-2.441063502808863639e+00,6.654631740327901501e-02,-8.804638551566901228e-01,-5.155130668239564066e-17,4.567073166803170992e+00,5.672977181333696883e+00,1.958472063720610779e+00,-2.023804718138862757e+00,-9.662724937790697632e-01,-1.173783014320142870e+00,-4.066830855395788258e-01
1.670000000000000095e-01,-8.578715798037968021e-01,5.693773538885749108e-01,-8.732513124689447181e+00,-8.536323856849643121e+00,-8.578715798037968021e-01,1.926694333560524441e+00,9.784907437149996667e-01,4.366593437991620696e+00,7.653205636338997753e-01,1.370471847566297363e+00,1.260492523221819483e-01,1.909726945054012748e-01,7.900173164481347210e-02,4.178335316698549851e-01,3.428140393216306397e-03,-2.455589862564430126e-01,3.878119400223889901e+00,8.390752903234452997e-01,2.177814800790025096e+00,3.395548912818635023e-01,-1.441578075150399485e+00,-2.985263394093266021e-01,-1.604788312594775668e-01,-7.385800207979014154e-01,4.689666710293147744e+00,-4.837991196827653440e-01,-2.432276490426648508e+00,6.665440285555838951e-02,-8.772606887020121258e-01,0.000000000000000000e+00,4.510011226992285849e+00,5.654791252938775159e+00,1.884988375612661082e+00,-2.013719867499971450e+00,-9.570901406249860965e-01,-1.172358887718122356e+00,-4.060378175159206071e-01
1.680000000000000104e-01,-8.411654094947655924e-01,5.939959644170184072e-01,-8.724920530746432590e+00,-8.521946982233563617e+00,-8.411654094947655924e-01,1.963030592116326467e+00,9.594172042951116808e-01,4.366343022953778075e+00,7.745848210394250533e-01,1.362111818841348354e+00,1.252919317176293956e-01,1.898639414459735164e-01,7.830407062763086734e-02,4.152851174281668167e-01,3.453388728524138095e-03,-2.440552128078694594e-01,3.925694237082658855e+00,8.668880982551561143e-01,2.186803495407992681e+00,3.226581277338042009e-01,-1.458122713983022400e+00,-3.043202184583899128e-01,-1.522376133141233601e-01,-7.416402269315416351e-01,4.663059069313716165e+00,-4.892822941827340566e-01,-2.418961484277346141e+00,6.721957370950031041e-02,-8.723603170672933338e-01,-1.193511944612764488e-16,4.546165828992465130e+00,5.655239099286501592e+00,1.887385142671232252e+00,-2.017999285915911045e+00,-9.756180228453552594e-01,-1.173227146797159115e+00,-3.962928261219929027e-01
1.690000000000000113e-01,-8.259683685172709566e-01,6.229086668578747155e-01,-8.722351871143350976e+00,-8.512088957220848684e+00,-8.259683685172709566e-01,2.002942574225098138e+00,9.380607749804261708e-01,4.367942112058205595e+00,7.857506066092565522e-01,1.350094485896408791e+00,1.242000225669874364e-01,1.882450085059154676e-01,7.741148871717974667e-02,4.116227390683635523e-01,3.466143209575470781e-03,-2.418972430759279979e-01,3.972446713164822896e+00,8.918366822784924430e-01,2.198051365769037258e+00,3.091432312526794512e-01,-1.472112523301895015e+00,-3.091837269034209967e-01,-1.423212880430612948e-01,-7.444057777744060855e-01,4.639977888409218210e+00,-4.941628014849278605e-01,-2.407412210572833278e+00,6.771961055099680327e-02,-8.681142171945809283e-01,-3.339002901524150605e-17,4.578135421286825490e+00,5.656014593254698575e+00,1.892133572790024809e+00,-2.020857490602974149e+00,-9.927701736825347290e-01,-1.173831800888426313e+00,-3.842185311189892927e-01
1.700000000000000122e-01,-8.137481657500217347e-01,6.638991803300784422e-01,-8.725010520025138661e+00,-8.504883624312249424e+00,-8.137481657500217347e-01,2.057553215131416646e+00,9.123948479192044436e-01,4.371452589314285042e+00,8.024889020528607197e-01,1.303547536893134851e+00,1.199354912702867842e-01,1.818191179026655280e-01,7.451813579845514846e-02,3.974348958627005879e-01,3.394829814277125143e-03,-2.335532202496929943e-01,3.987586268263698219e+00,9.033841667434809874e-01,2.180265187158629381e+00,3.191135465978847119e-01,-1.480924397217234345e+00,-3.121863170493301975e-01,-1.347362880109995165e-01,-7.499395019807608698e-01,4.627771916575568412e+00,-5.013567154084679345e-01,-2.401571413653951215e+00,6.851131685825261053e-02,-8.659176435799617044e-01,-8.675032226644649578e-17,4.541194303176071756e+00,5.651091574589336197e+00,1.860727589652827030e+00,-2.007939731257611715e+00,-1.014978184496281299e+00,-1.174709130815014602e+00,-3.682895082606926218e-01
1.710000000000000131e-01,-8.041138591340990516e-01,7.136482009054552211e-01,-8.730995369765528480e+00,-8.499158499074466633e+00,-8.041138591340990516e-01,2.122234367154800960e+00,8.840151312448552012e-01,4.376077826896669798e+00,8.233917205729077704e-01,1.260437057239956360e+00,1.159833034061291263e-01,1.758668888570559252e-01,7.183225787412275687e-02,3.842940012456029786e-01,3.330065009996620393e-03,-2.258247703513448779e-01,3.953128692263333299e+00,9.178228562874407581e-01,2.106066913566127852e+00,3.144919389123309594e-01,-1.487081621138962806e+00,-3.170469422864968245e-01,-1.323561635422803029e-01,-7.536744839330670187e-01,4.601801298242701677e+00,-5.075504671589868844e-01,-2.388634435140062351e+00,6.915951595958506892e-02,-8.611526382917045197e-01,0.000000000000000000e+00,4.459891265570222529e+00,5.635607457936272269e+00,1.774383335264197115e+00,-2.002310238353608884e+00,-1.033628103933774689e+00,-1.174869515568204736e+00,-3.581809338936251530e-01
1.720000000000000140e-01,-7.963330110751618562e-01,7.633956923864981814e-01,-8.742610821627646800e+00,-8.501297444149718885e+00,-7.963330110751618562e-01,2.178063067885908310e+00,8.565676186415124294e-01,4.382146000300165767e+00,8.445061454455382588e-01,1.224464935382207686e+00,1.126778768072280168e-01,1.708676485036840498e-01,6.971005263590861201e-02,3.733272522528590653e-01,3.250494803649842893e-03,-2.193782979579323722e-01,3.947452791995409438e+00,9.216716362692649600e-01,2.086217809919415966e+00,3.166548636400446926e-01,-1.489605321400969240e+00,-3.179365359429833227e-01,-1.303893589451816382e-01,-7.548391075686863294e-01,4.592833629970255238e+00,-5.095477459195848491e-01,-2.384157226537211738e+00,6.936678148859327930e-02,-8.595059723475463320e-01,-3.303681241905163966e-17,4.417078619808930462e+00,5.627183143046748270e+00,1.747537712503515195e+00,-1.997792310261258475e+00,-1.046911287659517020e+00,-1.174192013486879960e+00,-3.497676569031140659e-01
1.730000000000000149e-01,-7.876853293530170497e-01,8.100605024221383399e-01,-8.755231476676655689e+00,-8.502662293363471235e+00,-7.876853293530170497e-01,2.239421834489676577e+00,8.297501278013732495e-01,4.389516234010589990e+00,8.644744400187130973e-01,1.160316659223244118e+00,1.067980593810118894e-01,1.619708699463156543e-01,6.587281727359192707e-02,3.537709921741943320e-01,3.119891116526198917e-03,-2.078812181519385516e-01,3.962072966906582838e+00,9.200864982440621898e-01,2.074499105521896425e+00,3.531628867860187593e-01,-1.493891207665044796e+00,-3.181566381274674171e-01,-1.203399210240300998e-01,-7.627847847714189777e-01,4.597379909745604287e+00,-5.181813137373724176e-01,-2.386989826001205905e+00,7.036659011215173898e-02,-8.604413447111305402e-01,0.000000000000000000e+00,4.359604841358407867e+00,5.624264467370678311e+00,1.718288661730839717e+00,-1.967954121941595469e+00,-1.069753625378698780e+00,-1.175478091722071738e+00,-3.282211391759686236e-01
1.740000000000000158e-01,-7.775514820704423347e-01,8.537480309376122012e-01,-8.765287656526941973e+00,-8.501967039504489065e+00,-7.775514820704423347e-01,2.296891347271936556e+00,8.051370190215690892e-01,4.396125855668975291e+00,8.833600984346083873e-01,1.146271415219960010e+00,1.055217009942318040e-01,1.600592326146074440e-01,6.490667683425656309e-02,3.494921208155223891e-01,3.118387340522269478e-03,-2.053621834409239399e-01,3.930324272347510473e+00,9.333617238778748604e-01,2.012583429281943115e+00,3.453968013856923980e-01,-1.496459494770513210e+00,-3.232175042148419108e-01,-1.170084639957680583e-01,-7.652452312165536341e-01,4.570816451228734145e+00,-5.229542906847935990e-01,-2.373668146028661496e+00,7.085319092807304542e-02,-8.555555412672706250e-01,-5.565394023385917877e-17,4.311350456350917071e+00,5.609699876100840754e+00,1.649688371211757154e+00,-1.963364667808712438e+00,-1.076114183026917859e+00,-1.175654658141590314e+00,-3.223706474366920816e-01
1.750000000000000167e-01,-7.667841715251232371e-01,8.946185546724543247e-01,-8.773966179971255386e+00,-8.499922557405525936e+00,-7.667841715251232371e-01,2.352475590468964040e+00,7.827350828312906739e-01,4.402517581795500234e+00,9.011749950431158229e-01,1.125689351150030770e+00,1.036489178888465451e-01,1.572400499425176679e-01,6.355168767556879095e-02,3.432177778009737334e-01,3.102956607910064332e-03,-2.016700434464407665e-01,3.971401053145135140e+00,9.609104682408983189e-01,2.017921403846470341e+00,3.228907525633413211e-01,-1.507616183860552406e+00,-3.262497205562484015e-01,-1.045880400062206839e-01,-7.688248579210321676e-01,4.547782691806271593e+00,-5.287194296523862747e-01,-2.362210928238041685e+00,7.145729462656245923e-02,-8.513369572435034449e-01,3.269613019270750298e-17,4.328265546374133521e+00,5.612342077936016693e+00,1.646442024136601789e+00,-1.975768487999131739e+00,-1.092941111433016310e+00,-1.174483721191841745e+00,-3.062580834526614226e-01
1.759999999999999898e-01,-7.565000876974274924e-01,9.349292487744501612e-01,-8.783487655235212799e+00,-8.498400549187147490e+00,-7.565000876974274924e-01,2.408513274918554270e+00,7.619687417535989660e-01,4.409310318303480969e+00,9.188890497484880626e-01,1.101517964665863936e+00,1.014502216400174905e-01,1.539191985175513977e-01,6.199563448382799935e-02,3.358520452803923639e-01,3.077455010301242706e-03,-1.973366832848004182e-01,3.948006799684023349e+00,9.596845859298652748e-01,1.962678412695229690e+00,3.573096058055011404e-01,-1.512605203938099940e+00,-3.306044947360590180e-01,-1.020575339782281432e-01,-7.752390640732439442e-01,4.539075968627976465e+00,-5.366037795924045728e-01,-2.358234628261879351e+00,7.234138809515687496e-02,-8.498128726868630078e-01,0.000000000000000000e+00,4.274285700276642785e+00,5.600210776197859452e+00,1.579993831620376543e+00,-1.938929387972550211e+00,-1.104411770562550688e+00,-1.177339912412620926e+00,-2.993942172630285614e-01
1.769999999999999907e-01,-7.461434484309842352e-01,9.761548794177954402e-01,-8.796269751125432634e+00,-8.502635415230690441e+00,-7.461434484309842352e-01,2.456100746883218555e+00,7.434693081006488180e-01,4.416918304262066997e+00,9.370870857373709839e-01,1.068205923515628486e+00,9.839131884521193361e-02,1.492816067356107779e-01,6.005921956905453662e-02,3.256959077882050080e-01,2.997574938502383258e-03,-1.913675157064747279e-01,3.987851594215765516e+00,9.788191246067297069e-01,1.991798712857480336e+00,3.323097043897288994e-01,-1.522918713377281907e+00,-3.331579173174865627e-01,-1.006613135563199646e-01,-7.746884799555224799e-01,4.520862446531210388e+00,-5.373366413781268669e-01,-2.348953058640301794e+00,7.238167533485233285e-02,-8.464378816181916676e-01,-8.961427857904927822e-17,4.281369037775871078e+00,5.598072889983152223e+00,1.603743678214964330e+00,-1.956584134681518483e+00,-1.124841130254224719e+00,-1.176598223997175952e+00,-2.920288292627947757e-01
1.779999999999999916e-01,-7.356673000164697385e-01,1.017452136925544703e+00,-8.811361437776076500e+00,-8.506493291264288104e+00,-7.356673000164697385e-01,2.512940732237289865e+00,7.255961461187432349e-01,4.426198966477843832e+00,9.553633880491474439e-01,1.019532834363965801e+00,9.393239960217310280e-02,1.425190984277822370e-01,5.716761750133101533e-02,3.108529457026189546e-01,2.893956026917941446e-03,-1.826418614867255930e-01,3.948297638490842143e+00,9.912317335881064562e-01,1.920744685486691861e+00,3.196768095664611065e-01,-1.523576994777227078e+00,-3.345954340213719291e-01,-9.615221048279137817e-02,-7.779647882408452508e-01,4.497889088843337824e+00,-5.427283235813239459e-01,-2.337523867706273961e+00,7.294930112364080010e-02,-8.422264917667371398e-01,0.000000000000000000e+00,4.189865684613963026e+00,5.583053222033617757e+00,1.520535460333150235e+00,-1.960679440638481763e+00,-1.139774747950967226e+00,-1.173927969761191292e+00,-2.787940719695169989e-01
1.789999999999999925e-01,-7.274437739557312321e-01,1.054941987089155653e+00,-8.825355081347293407e+00,-8.510055181778669819e+00,-7.274437739557312321e-01,2.564908519044703183e+00,7.103761341636259941e-01,4.434660321049245013e+00,9.719831861545921159e-01,9.495345758057994745e-01,8.750777266356088435e-02,1.327781096100137115e-01,5.310794758581251912e-02,2.895138368523269001e-01,2.724213312719997535e-03,-1.701002976897740826e-01,3.949333597686573327e+00,9.963541128338393449e-01,1.897235344604271345e+00,3.344957638098726704e-01,-1.530371168745581212e+00,-3.367438898111374534e-01,-9.343067797898628457e-02,-7.833262745452589382e-01,4.490164118976838203e+00,-5.493249630368787217e-01,-2.333968605054383083e+00,7.369108120128416151e-02,-8.408695916342663335e-01,-3.226292966308340105e-17,4.115541898947113530e+00,5.574026004474238682e+00,1.480688491177406307e+00,-1.946364893658697914e+00,-1.167166250691970220e+00,-1.174889268132683684e+00,-2.635309756687603810e-01
1.799999999999999933e-01,-7.213033032838693792e-01,1.088433385615353410e+00,-8.831396842616062060e+00,-8.505932706563713808e+00,-7.213033032838693792e-01,2.612922926169223281e+00,6.978133100322566618e-01,4.439637114683089081e+00,9.869047223598477192e-01,9.154278233436241585e-01,8.439387456548855249e-02,1.280573527433890857e-01,5.105136715180767781e-02,2.791175914085847198e-01,2.658339907959019616e-03,-1.639879499888980963e-01,3.977050285514526440e+00,1.011906947888321362e+00,1.894815886552094319e+00,3.354079712474931640e-01,-1.541709382883879487e+00,-3.394500372874138527e-01,-8.743899136464189370e-02,-7.887196581877753410e-01,4.478672106743821324e+00,-5.562279093843192079e-01,-2.328503226626739586e+00,7.445620969225280605e-02,-8.388195406531698817e-01,5.906339879891935687e-17,4.103758450670374813e+00,5.574972929197631544e+00,1.466645329911164142e+00,-1.942043888227438897e+00,-1.188135581783042127e+00,-1.175611238032624684e+00,-2.514269413535399345e-01
1.809999999999999942e-01,-7.160652548938237771e-01,1.120013948740103071e+00,-8.828026824133916151e+00,-8.492474314139654368e+00,-7.160652548938237771e-01,2.658264260128882395e+00,6.872645509953488885e-01,4.440607376279327667e+00,1.001094536758738940e+00,8.488584320688948859e-01,7.828966370900317107e-02,1.187844388929039235e-01,4.719472381723720245e-02,2.588204765585070399e-01,2.495831560126863732e-03,-1.520588203646531522e-01,3.950510440226325581e+00,1.013393059409293251e+00,1.835338804755054731e+00,3.611031556753485083e-01,-1.544167889692800832e+00,-3.428092290509587858e-01,-8.175091924876233540e-02,-7.949337094113920754e-01,4.469406181410685797e+00,-5.638753030376786324e-01,-2.324249796756804098e+00,7.531340608476616572e-02,-8.371957304179599157e-01,0.000000000000000000e+00,4.004435162883828170e+00,5.561088904528982191e+00,1.390247940610280120e+00,-1.915951917264218318e+00,-1.210034007049527460e+00,-1.177509127908791919e+00,-2.338097396134155015e-01
1.819999999999999951e-01,-7.104267841264910732e-01,1.152499074670182644e+00,-8.821287333831241639e+00,-8.478636765078702453e+00,-7.104267841264910732e-01,2.693711741998918718e+00,6.786562807969062083e-01,4.439566043865883493e+00,1.015806433226563499e+00,8.189876800171507210e-01,7.554724042967665698e-02,1.146175330746794230e-01,4.548748064531191182e-02,2.497129293315900056e-01,2.417942018019861826e-03,-1.467067546578506576e-01,4.045223260178760327e+00,1.031842533302152143e+00,1.925842682366887049e+00,3.511171349136635866e-01,-1.559237583818266382e+00,-3.446484106360013233e-01,-7.644382013224591821e-02,-7.969975453692891287e-01,4.467135909499532431e+00,-5.663480273172175616e-01,-2.323248808961969836e+00,7.559045393405239288e-02,-8.368078054508341079e-01,0.000000000000000000e+00,4.067213394826621808e+00,5.574525683231360773e+00,1.474112188124348855e+00,-1.926644193402994309e+00,-1.233934200552623928e+00,-1.179038274068815451e+00,-2.231505747900965897e-01
1.829999999999999960e-01,-7.032230120683682362e-01,1.187522431244425691e+00,-8.815891745360888265e+00,-8.462710256391307695e+00,-7.032230120683682362e-01,2.740929022612638377e+00,6.690282388680487413e-01,4.439885217956011765e+00,1.031766215581435109e+00,7.926475241882334766e-01,7.314532594543829425e-02,1.109644074230653477e-01,4.390518485378120533e-02,2.416824605017034999e-01,2.365702105561797060e-03,-1.419854824855086850e-01,3.962342179315054391e+00,1.039650906976794076e+00,1.811468080106209300e+00,3.415280705839008335e-01,-1.555968231978877458e+00,-3.494184037932970832e-01,-7.727772726859331864e-02,-7.986164685863371693e-01,4.435750961784238555e+00,-5.704569680335764836e-01,-2.307463703593152449e+00,7.599247346086504540e-02,-8.310350718798950043e-01,3.185232676100190410e-17,3.956373234916950477e+00,5.548547194706470620e+00,1.351975519495698164e+00,-1.922030448155470417e+00,-1.238293298016309052e+00,-1.178087773567630281e+00,-2.192632097541019620e-01
1.839999999999999969e-01,-6.962801259321195202e-01,1.217432293024999002e+00,-8.815569083446977316e+00,-8.452978370773870154e+00,-6.962801259321195202e-01,2.782724621006440024e+00,6.609637065398448197e-01,4.442180180158018743e+00,1.045502981008787025e+00,7.933609899538585086e-01,7.324361772084930777e-02,1.110977778516947928e-01,4.382912911367942144e-02,2.419003864518058655e-01,2.392528457782270961e-03,-1.421102398123583466e-01,3.972144113347057193e+00,1.056665941487689331e+00,1.806956140140348666e+00,3.210615815279065921e-01,-1.558198101538755376e+00,-3.512151307604208794e-01,-7.081095648149073052e-02,-8.019786846212242359e-01,4.418162646473889232e+00,-5.754879066560671941e-01,-2.298793646926997614e+00,7.652742951982595410e-02,-8.278392604692642598e-01,-9.277187475899584134e-17,3.963526418679691687e+00,5.548072205682427871e+00,1.342566011335976306e+00,-1.933902936285411656e+00,-1.239770285567123542e+00,-1.176661862771902767e+00,-2.129211962938491742e-01
1.849999999999999978e-01,-6.885497359212113810e-01,1.236804509478198533e+00,-8.818013457600899940e+00,-8.447130748383164800e+00,-6.885497359212113810e-01,2.816563305309480292e+00,6.555281327399341551e-01,4.445760401833547704e+00,1.054516898284561854e+00,8.498103142349761052e-01,7.849059050267877258e-02,1.190435683940390954e-01,4.680692996700976799e-02,2.591137202802973882e-01,2.592892346021912799e-03,-1.522186355017971504e-01,3.936702397217756388e+00,1.038733653251588063e+00,1.741538460764602725e+00,3.887858057003066303e-01,-1.559928768227767382e+00,-3.521546855425603528e-01,-6.829239448692983605e-02,-8.114541476967569444e-01,4.428706851172939274e+00,-5.853276526294035609e-01,-2.304827045442520372e+00,7.768273018914892414e-02,-8.299316937903969960e-01,0.000000000000000000e+00,3.975058563755975438e+00,5.545931094927206040e+00,1.275254376529238343e+00,-1.869234309775203995e+00,-1.223132317758321097e+00,-1.179493486986935569e+00,-2.205110299887269865e-01
1.859999999999999987e-01,-6.779316609639947089e-01,1.246478727951369159e+00,-8.822574596649324974e+00,-8.444911510836488944e+00,-6.779316609639947089e-01,2.841654677616304969e+00,6.524639854107212589e-01,4.450655157124493222e+00,1.059122317079457032e+00,8.229422965039894233e-01,7.605515155133046878e-02,1.153211078648162663e-01,4.518330345367094214e-02,2.509233013239907661e-01,2.541704858017026451e-03,-1.474030734593459457e-01,3.955171216125315858e+00,1.075399192084144584e+00,1.742397897947552954e+00,3.313402144620260503e-01,-1.566080569450420734e+00,-3.595652535849805931e-01,-6.280489436418681959e-02,-8.113431343888124481e-01,4.386046810358149806e+00,-5.882735647392357548e-01,-2.283217681668344934e+00,7.791794924717267146e-02,-8.220665806802185394e-01,-9.385536865914869534e-17,3.966770378240492612e+00,5.537501153993624747e+00,1.269445441073133507e+00,-1.906694163752647775e+00,-1.237239318879257421e+00,-1.179090129407182053e+00,-2.102079678235328486e-01
1.869999999999999996e-01,-6.681901557457623486e-01,1.256441787076320482e+00,-8.834178261753363515e+00,-8.452932240124315655e+00,-6.681901557457623486e-01,2.858196646246391026e+00,6.502762278444716992e-01,4.457477881570281575e+00,1.063947193961237936e+00,8.381586499205034846e-01,7.747842484856956591e-02,1.174679576276313336e-01,4.597011342496221814e-02,2.555637318473737429e-01,2.599127232702031810e-03,-1.501276931894364730e-01,4.088772235126319821e+00,1.100548688926114682e+00,1.875508983278661335e+00,3.154368165734782181e-01,-1.586799720552282800e+00,-3.616113901952034970e-01,-5.715209016787727025e-02,-8.137595826284849121e-01,4.386065721140328222e+00,-5.909587614829586721e-01,-2.283409676016011858e+00,7.822387615650769344e-02,-8.221121778421347503e-01,6.265867640311487766e-17,4.113171302418337838e+00,5.564092834915012276e+00,1.402018179423333955e+00,-1.922002746017571484e+00,-1.253012112548401280e+00,-1.181124440804636189e+00,-2.072797833573136739e-01
1.880000000000000004e-01,-6.608334476230207644e-01,1.277858000065618338e+00,-8.849141565922387542e+00,-8.459621489404003825e+00,-6.608334476230207644e-01,2.893964716108515134e+00,6.440781600017103647e-01,4.465563676218202716e+00,1.074073335939514928e+00,8.528852578400206719e-01,7.887259528357748462e-02,1.195693005537454973e-01,4.666471868499680320e-02,2.600555176617952435e-01,2.669010132676773086e-03,-1.527631288000386445e-01,4.032094181713579140e+00,1.090145427027301217e+00,1.790907728441868185e+00,3.526858158658714437e-01,-1.583969396494902204e+00,-3.622902995202427756e-01,-5.447228607541742401e-02,-8.194525325094701440e-01,4.383128583580204740e+00,-5.975272075945727845e-01,-2.282322683725453327e+00,7.897368753637101779e-02,-8.216569972945706457e-01,0.000000000000000000e+00,4.065526907044129779e+00,5.552146605891083553e+00,1.312949821401040884e+00,-1.882972149174584997e+00,-1.244940191296735943e+00,-1.181278286682136747e+00,-2.072354148754560754e-01
1.890000000000000013e-01,-6.520547720291303140e-01,1.302042518736149734e+00,-8.859406026815197066e+00,-8.460340920845874635e+00,-6.520547720291303140e-01,2.933772549402389629e+00,6.364253028528802369e-01,4.471896577758420754e+00,1.085421071196123410e+00,8.838536715149744039e-01,8.178339831154905759e-02,1.239492935290327225e-01,4.821668197331602929e-02,2.694982315789034022e-01,2.796321762740837553e-03,-1.583059361074227456e-01,3.987067918037335623e+00,1.079894766339183576e+00,1.723221468436760606e+00,3.927277540388369736e-01,-1.582148581524670750e+00,-3.638203489515873801e-01,-5.274803535119177572e-02,-8.264258220896021356e-01,4.381016656835784673e+00,-6.054483584715537603e-01,-2.281784158623896275e+00,7.987889316668878026e-02,-8.213838011053932187e-01,3.142923775129044737e-17,4.044495767462708002e+00,5.542694821486517043e+00,1.241722403494239568e+00,-1.840839722611743223e+00,-1.232771456779078623e+00,-1.182407828294239627e+00,-2.110539714586144866e-01
1.900000000000000022e-01,-6.406132386777737553e-01,1.316446475842977026e+00,-8.864197782914109425e+00,-8.457268513580119773e+00,-6.406132386777737553e-01,2.963383699014546124e+00,6.305491079150902234e-01,4.476314446036074202e+00,1.092235330563956719e+00,8.828581288529370186e-01,8.174318454441530102e-02,1.238530592766955846e-01,4.800923384784906711e-02,2.691956353846794436e-01,2.825908685951322458e-03,-1.581238926718365467e-01,3.999114090222728457e+00,1.123107217710559436e+00,1.704737106651530887e+00,3.244314158029816264e-01,-1.591122279789301874e+00,-3.716880963278137995e-01,-4.635811002103804035e-02,-8.242725805745102496e-01,4.329816948833705048e+00,-6.067208581062890627e-01,-2.255708903377283470e+00,7.990063450122891764e-02,-8.119180115438946466e-01,-3.105558985087735069e-17,4.057699638501155448e+00,5.534667351088679688e+00,1.221869307821937367e+00,-1.883268253726452901e+00,-1.242026009903393513e+00,-1.180780199185757162e+00,-2.044820026928746148e-01
1.910000000000000031e-01,-6.305197246839318037e-01,1.319992160250968771e+00,-8.870001188474416765e+00,-8.456938809967903481e+00,-6.305197246839318037e-01,2.983200689045282683e+00,6.263712220657173813e-01,4.480779974021254830e+00,1.094064089854502653e+00,9.663869038403636313e-01,8.953732850282863920e-02,1.356196445967762509e-01,5.237748085336814408e-02,2.946654601992937383e-01,3.130438822462452888e-03,-1.730797703369338081e-01,3.990038615094083863e+00,1.133678863736871989e+00,1.673259615232717268e+00,3.248017034089271671e-01,-1.597174022286041772e+00,-3.758987375290407384e-01,-4.595718636935862411e-02,-8.287929198497634431e-01,4.312467936478539876e+00,-6.129922432178841474e-01,-2.247276445617130580e+00,8.057695397567636586e-02,-8.088039356640688293e-01,9.587413172411495766e-17,4.127632599084684273e+00,5.535684128718240338e+00,1.195887016611609566e+00,-1.870097261354835227e+00,-1.221931608111071599e+00,-1.181572234370647179e+00,-2.190369567062923351e-01
1.920000000000000040e-01,-6.243463319603875794e-01,1.318626939549790045e+00,-8.879605736001332517e+00,-8.464893054153742824e+00,-6.243463319603875794e-01,2.988605128529683519e+00,6.233504534025748889e-01,4.485289805189160539e+00,1.093649657092258920e+00,1.026390560520297646e+00,9.511959234675114450e-02,1.440583873184575758e-01,5.556787655692666666e-02,3.129623125476196366e-01,3.338034038933438644e-03,-1.838251837982701753e-01,4.049706566268485908e+00,1.146927698768528181e+00,1.733937450763717525e+00,3.177003390055498366e-01,-1.606539822623939795e+00,-3.787816100598104807e-01,-4.407893442251118593e-02,-8.306128759455930766e-01,4.308822089491891383e+00,-6.152728323034362123e-01,-2.245573357976933249e+00,8.082824192945381458e-02,-8.081673636859352250e-01,9.608463527315491297e-17,4.245484250843190921e+00,5.550869380607170278e+00,1.262723005778738861e+00,-1.872305142414456780e+00,-1.212749268146866566e+00,-1.183610939706812193e+00,-2.279041182207812710e-01
1.930000000000000049e-01,-6.199814538543274578e-01,1.315450654699288568e+00,-8.888725843170565355e+00,-8.469354635118557795e+00,-6.199814538543274578e-01,3.001647814883165122e+00,6.185400153930333822e-01,4.489709255840391933e+00,1.092314691919795022e+00,1.033336022192867354e+00,9.582056013640879999e-02,1.450812467411874418e-01,5.577369682126312456e-02,3.150795409425136695e-01,3.396902037594573109e-03,-1.850639072612698111e-01,3.978603365245183099e+00,1.144812174090884760e+00,1.633695321591983163e+00,3.311405614997958158e-01,-1.601326833898650381e+00,-3.805390633086959129e-01,-4.093226712969030151e-02,-8.352225648938359504e-01,4.294543382382985719e+00,-6.214297578102269126e-01,-2.238694427539534626e+00,8.150122731617352734e-02,-8.056172929770966107e-01,-6.582992006862143628e-17,4.176716822544214835e+00,5.535176116610279529e+00,1.157346810522943636e+00,-1.851780169218475658e+00,-1.204746065639963337e+00,-1.182759454248197839e+00,-2.259961743909601750e-01
1.940000000000000058e-01,-6.168361939724823495e-01,1.305749353734045659e+00,-8.894847149475806347e+00,-8.472617252698718460e+00,-6.168361939724823495e-01,3.006333992853555959e+00,6.143189594227083106e-01,4.492374422681060686e+00,1.087936741807059349e+00,1.125676621289518842e+00,1.044455519139095429e-01,1.580937988203485745e-01,6.058425029361058645e-02,3.432350606361084799e-01,3.737437537301839877e-03,-2.015962934772736748e-01,3.997162142261986961e+00,1.159648180824198072e+00,1.629772857955385623e+00,3.250029173008543437e-01,-1.608589782081302211e+00,-3.823439431297629421e-01,-3.531517684300079785e-02,-8.400791673641073709e-01,4.285392983929852129e+00,-6.274789447341821980e-01,-2.234449246784716792e+00,8.217108357630008297e-02,-8.040232467054040377e-01,0.000000000000000000e+00,4.282759596187398543e+00,5.549486716667959563e+00,1.160387712041552000e+00,-1.848862079190251695e+00,-1.183183637868893578e+00,-1.182629752297865044e+00,-2.369114703202744865e-01
1.950000000000000067e-01,-6.140612460640630932e-01,1.284106433725026974e+00,-8.895152133309069953e+00,-8.471670216859102709e+00,-6.140612460640630932e-01,3.000577368545819912e+00,6.117704955979512693e-01,4.492395910403711667e+00,1.077972885176682327e+00,1.215599190193053847e+00,1.128639545737265548e-01,1.707858759357952783e-01,6.520504813732989902e-02,3.706540851293888550e-01,4.082698872137862853e-03,-2.176943966707645950e-01,3.898692591382129535e+00,1.148151179643793318e+00,1.512221782321923502e+00,3.474246427662676107e-01,-1.596300728772997557e+00,-3.840264577576074090e-01,-3.435113965556945564e-02,-8.458144650260874808e-01,4.274683008324549505e+00,-6.346277504004190773e-01,-2.229471185499359187e+00,8.296423650640022407e-02,-8.021579743803528562e-01,-9.784313466919736050e-17,4.268477316549095235e+00,5.535698142542069711e+00,1.048379907857299731e+00,-1.816841494595761830e+00,-1.142682407137208367e+00,-1.182101733265822352e+00,-2.520455363263341408e-01
1.960000000000000075e-01,-6.098152163368885104e-01,1.248670489618126211e+00,-8.890555627301717223e+00,-8.468659570294857275e+00,-6.098152163368885104e-01,2.980429907956688940e+00,6.117184410377506376e-01,4.490331307984805065e+00,1.061476133701724667e+00,1.323968658656405450e+00,1.230164916255528512e-01,1.860797249286089694e-01,7.076721298209118216e-02,4.036981594127068140e-01,4.500194852282496209e-03,-2.370948548733195771e-01,3.941866407464684752e+00,1.163562615180632864e+00,1.527078743586760323e+00,3.593301619362924693e-01,-1.609973491209350849e+00,-3.892042432231292981e-01,-2.856018103061137153e-02,-8.524905932250935736e-01,4.268637262587025916e+00,-6.424773933765897116e-01,-2.226941732001213481e+00,8.384471121883692313e-02,-8.011778701650303924e-01,-6.803153638525142253e-17,4.413344472895996518e+00,5.555216369393210840e+00,1.070681075138779637e+00,-1.796844357082829857e+00,-1.122430620577806959e+00,-1.185881918535877322e+00,-2.656550359039310250e-01
1.970000000000000084e-01,-6.038626213159353773e-01,1.205026706026017358e+00,-8.887096221735134804e+00,-8.472051889682939319e+00,-6.038626213159353773e-01,2.942261952161054239e+00,6.137583435961041500e-01,4.487972853915815463e+00,1.040962800274169320e+00,1.384552168597690036e+00,1.286765350998030077e-01,1.946179931729621337e-01,7.391787290690331191e-02,4.221709858199430010e-01,4.724798835455651380e-03,-2.479415880664130878e-01,3.921186800043146015e+00,1.170508722627501941e+00,1.504953174959614337e+00,3.432384017325196268e-01,-1.608199469248511537e+00,-3.925891607425479046e-01,-3.031939603156205698e-02,-8.521792636041517488e-01,4.253652049344228914e+00,-6.432029756912822638e-01,-2.219339682654058787e+00,8.389113376308698911e-02,-7.984180804150035060e-01,9.857943779018833308e-17,4.453559705036684413e+00,5.552837307071533779e+00,1.056368192441294207e+00,-1.802183408014635946e+00,-1.102137349665481603e+00,-1.186282442322095676e+00,-2.782609840979750615e-01
1.980000000000000093e-01,-5.958982031220558806e-01,1.156268481098736922e+00,-8.885335379004404288e+00,-8.474921208259026173e+00,-5.958982031220558806e-01,2.908926281563540162e+00,6.148585946337238317e-01,4.486971198085272228e+00,1.017767899198376735e+00,1.509067085744707049e+00,1.403432262894678539e-01,2.122039470921767146e-01,8.030306148395495447e-02,4.601418488700063092e-01,5.205889835082082480e-03,-2.702345123570992769e-01,3.875621259138095631e+00,1.168129264408200862e+00,1.440672755406763317e+00,3.602161219717303631e-01,-1.606775337570720552e+00,-3.957264976001033108e-01,-3.095441947162552027e-02,-8.577710055723786198e-01,4.244268643790811701e+00,-6.500870605662844026e-01,-2.215016910881868029e+00,8.465659781224887936e-02,-7.968015736320243070e-01,0.000000000000000000e+00,4.526917339310424282e+00,5.552741134488480057e+00,1.002789641932655629e+00,-1.774497727426182614e+00,-1.061976890888465253e+00,-1.187322181397045373e+00,-3.011889318287248041e-01
1.990000000000000102e-01,-5.878909094809660063e-01,1.098505508783836238e+00,-8.880961859633170974e+00,-8.477529440640257263e+00,-5.878909094809660063e-01,2.865256094691218891e+00,6.175712262440610223e-01,4.484569542284886801e+00,9.902625047164670402e-01,1.536274164514286333e+00,1.429692774648441689e-01,2.160998136407534242e-01,8.151016124663218454e-02,4.684371137107114502e-01,5.351037235546184448e-03,-2.750993264329019139e-01,3.838185518540791819e+00,1.179007504619311142e+00,1.382513920807481478e+00,3.450026524084509605e-01,-1.606958376216772511e+00,-3.988894338815772156e-01,-3.039371023059725396e-02,-8.605381454744337466e-01,4.223664144502603968e+00,-6.546146414390927593e-01,-2.204816371202056757e+00,8.512712360943619494e-02,-7.930673127253532462e-01,0.000000000000000000e+00,4.513921537580644738e+00,5.545640926586759001e+00,9.439990930091421983e-01,-1.778303557546973668e+00,-1.053394138896624810e+00,-1.186605709371384432e+00,-3.054930366634991401e-01
2.000000000000000111e-01,-5.806714821883154354e-01,1.032432736575879861e+00,-8.867510684701715107e+00,-8.472630467047377323e+00,-5.806714821883154354e-01,2.813040360128728601e+00,6.221168498388834900e-01,4.478174520560816774e+00,9.588618698163819953e-01,1.653385057776213474e+00,1.539940606222618136e-01,2.326655491744475668e-01,8.741424869462474656e-02,5.041471569300600697e-01,5.824976512168078720e-03,-2.960619224065335620e-01,3.840449317171936716e+00,1.170876941362075874e+00,1.369537918299928547e+00,3.878024085882074701e-01,-1.609885519305155555e+00,-3.986739334343483154e-01,-2.710337368583332074e-02,-8.711079217859466484e-01,4.237889203787053027e+00,-6.653147857134152909e-01,-2.212842153703866277e+00,8.638128569636639720e-02,-7.958944416809681233e-01,3.034318464245437535e-17,4.622726453162203875e+00,5.562760205771390964e+00,9.368886817609608508e-01,-1.737625496421034033e+00,-1.019357076678728991e+00,-1.188743398603148371e+00,-3.231652960923668272e-01
2.010000000000000120e-01,-5.732975807076400310e-01,9.609849013320204136e-01,-8.844561789973745647e+00,-8.459225164156054078e+00,-5.732975807076400310e-01,2.755226825392185663e+00,6.282771160307036862e-01,4.467722506386514247e+00,9.250228940773049802e-01,1.761455222924202424e+00,1.641888383345794511e-01,2.479693343892350743e-01,9.277792109005121579e-02,5.371000453614607206e-01,6.280352387066390554e-03,-3.154036160535523825e-01,3.782613573879188618e+00,1.179724531240004870e+00,1.286301295531575128e+00,3.803871857045848515e-01,-1.604858099113770420e+00,-4.043348268454627359e-01,-2.240475535094898357e-02,-8.742717875196511779e-01,4.212223687366106972e+00,-6.706593458813383535e-01,-2.200124716816019177e+00,8.693023535474413144e-02,-7.912491092926919878e-01,0.000000000000000000e+00,4.669797009283739975e+00,5.556137056940691821e+00,8.636112840394718493e-01,-1.726959610021383096e+00,-9.808278183975656095e-01,-1.189303583751088134e+00,-3.378083714045013730e-01
2.020000000000000129e-01,-5.657171439997586981e-01,8.803820716901074039e-01,-8.818562366352715287e+00,-8.448525079457269271e+00,-5.657171439997586981e-01,2.676665609146450020e+00,6.384719807230371247e-01,4.455116110316302169e+00,8.871156135908984108e-01,1.811239163310204958e+00,1.688727808489543236e-01,2.550109620307252634e-01,9.528120159819719603e-02,5.522802386231251415e-01,6.483210561804964196e-03,-3.243145528578721404e-01,3.719412794182273885e+00,1.173544601532418463e+00,1.221749837918790993e+00,3.804940372739332166e-01,-1.595928401420948717e+00,-4.060633115659181280e-01,-2.539989906593451141e-02,-8.751771094741196411e-01,4.202897194414088489e+00,-6.723311471483659485e-01,-2.195482853872180229e+00,8.709944925032242491e-02,-7.895557765895732105e-01,0.000000000000000000e+00,4.655474848018359424e+00,5.545314576795461470e+00,8.044296528011503078e-01,-1.719707615000049872e+00,-9.565487135475010394e-01,-1.189135877593686441e+00,-3.497144519238066795e-01
2.030000000000000138e-01,-5.571699202038180587e-01,7.881215766549986013e-01,-8.790295112710211356e+00,-8.435241686807151140e+00,-5.571699202038180587e-01,2.595596554412306300e+00,6.511337667453074296e-01,4.442252660205818771e+00,8.440065347530959494e-01,1.820629082871466409e+00,1.698894459828386994e-01,2.564337819240750660e-01,9.544171006926160938e-02,5.551468114876828563e-01,6.588087932627711453e-03,-3.259884465192710579e-01,3.721515075217905366e+00,1.179085402643316627e+00,1.205120616654890009e+00,3.926107345638447099e-01,-1.598085437650205831e+00,-4.080270015568086550e-01,-1.905239502789356221e-02,-8.823905020985075565e-01,4.201260287637271773e+00,-6.804249446275297819e-01,-2.195241758259691256e+00,8.801823748798835723e-02,-7.894117971014276147e-01,0.000000000000000000e+00,4.659753655990863663e+00,5.550235136263427016e+00,7.811294539514352930e-01,-1.707189313626584770e+00,-9.549203886745346592e-01,-1.190850710725608552e+00,-3.450408415471646340e-01
2.040000000000000147e-01,-5.472064252276428453e-01,6.851061964511445668e-01,-8.760450887728083558e+00,-8.423083870330348333e+00,-5.472064252276428453e-01,2.503303491407347092e+00,6.675278545108426220e-01,4.428785954327714158e+00,7.961425764365233082e-01,1.928015911638467861e+00,1.800400046716127689e-01,2.716505595024407693e-01,1.007408514256585147e-01,5.878915016141168515e-01,7.047096828751596084e-03,-3.452069816689618542e-01,3.617620160696415788e+00,1.162149968706988723e+00,1.080124254927914862e+00,4.279314531780459285e-01,-1.584954532036862984e+00,-4.114040753105392967e-01,-1.753341966325057399e-02,-8.878022361684025920e-01,4.191942821887115755e+00,-6.870914327904769081e-01,-2.190968678942492698e+00,8.875919015433499093e-02,-7.878174012816229199e-01,0.000000000000000000e+00,4.657833836166481056e+00,5.534132795265716886e+00,6.646833816398787231e-01,-1.662296374338788407e+00,-9.083038402684111556e-01,-1.192174379763410785e+00,-3.627404013322124143e-01
2.050000000000000155e-01,-5.313971879957890554e-01,5.673795697531768267e-01,-8.728662808095014825e+00,-8.411966897484070671e+00,-5.313971879957890554e-01,2.397975585619390948e+00,6.885357255173982782e-01,4.415551838442042687e+00,7.415089127350935616e-01,1.981781753098664334e+00,1.852148438260044494e-01,2.793580732970692426e-01,1.031666269256895779e-01,6.042986138695607412e-01,7.326031988170647949e-03,-3.548303949542890856e-01,3.557145648683619488e+00,1.143530922098631386e+00,9.914190319674940355e-01,4.903733587333500288e-01,-1.580529762688127171e+00,-4.152530580655177106e-01,-1.396386975116195583e-02,-8.965671614992071214e-01,4.194254555251528238e+00,-6.966437018349241894e-01,-2.192826834050462192e+00,8.985843331089302111e-02,-7.884331479064692338e-01,0.000000000000000000e+00,4.642360240283077033e+00,5.523000321176164462e+00,5.741334034296390332e-01,-1.599286848391422433e+00,-8.863727155076734920e-01,-1.196360173983816111e+00,-3.687942647054510692e-01
2.060000000000000164e-01,-5.087072108596406572e-01,4.369110681036547650e-01,-8.691975758356685233e+00,-8.399058939137031388e+00,-5.087072108596406572e-01,2.279724282055632489e+00,7.139677132823254446e-01,4.401545035871084366e+00,6.809024908055293368e-01,1.989563934942826462e+00,1.861211900848896150e-01,2.805808467042780197e-01,1.031646838893574419e-01,6.066773558646795239e-01,7.441854187203806627e-03,-3.562156288072091948e-01,3.561374602308649884e+00,1.165289017844603814e+00,9.719300153473325876e-01,4.648390134320805056e-01,-1.588554453840992142e+00,-4.190056591275351794e-01,-1.213565486644870017e-02,-9.003634612277849891e-01,4.172077372395905925e+00,-7.023945595062650593e-01,-2.181936321337883733e+00,9.046049978998553509e-02,-7.844576231771636099e-01,0.000000000000000000e+00,4.650575076023691246e+00,5.523487580325399549e+00,5.501163025453454924e-01,-1.613932624016445772e+00,-8.914165981863270138e-01,-1.196021428117495011e+00,-3.683512836736578810e-01
2.070000000000000173e-01,-4.853737366046466661e-01,3.027628204218698604e-01,-8.652022041227002802e+00,-8.387144357465832201e+00,-4.853737366046466661e-01,2.145917112643619173e+00,7.430480750896133468e-01,4.385612502221617248e+00,6.186178176781319538e-01,1.977919154076175134e+00,1.850891276402717445e-01,2.789800289052068449e-01,1.024261364606379177e-01,6.031283186790613593e-01,7.427103952977003737e-03,-3.541279719637067114e-01,3.528492247084043854e+00,1.168696251711974554e+00,9.374394469326007284e-01,4.482809492989862643e-01,-1.585490673130824257e+00,-4.200117013056591797e-01,-1.522530434447601222e-02,-9.005061592055895181e-01,4.159336247928695940e+00,-7.034497481445907141e-01,-2.175512113659857416e+00,9.055033740862397651e-02,-7.821274143910933452e-01,1.041728648267582827e-16,4.605905241954629581e+00,5.513121627280941794e+00,5.129697276932168037e-01,-1.624805027900233068e+00,-8.918120170431388383e-01,-1.194712011743775504e+00,-3.693532763081825987e-01
2.080000000000000182e-01,-4.637309154813789580e-01,1.674180229605073400e-01,-8.611301516675494483e+00,-8.373216358185228358e+00,-4.637309154813789580e-01,2.017867791637750319e+00,7.727563246690738463e-01,4.369690154009286509e+00,5.557560361523978809e-01,1.976737724157072718e+00,1.851484751020288366e-01,2.789244344579524526e-01,1.020585479042713378e-01,6.027760949082193731e-01,7.488372420290131774e-03,-3.539125360322273872e-01,3.468885762459802180e+00,1.165940348777497526e+00,8.603148919727741095e-01,4.574879833252403216e-01,-1.581200300294360872e+00,-4.238599907852058646e-01,-1.606113074771065019e-02,-9.035717729013231780e-01,4.143773618909342815e+00,-7.078722556504692953e-01,-2.167894258293546539e+00,9.101623674062812863e-02,-7.793491638642701114e-01,0.000000000000000000e+00,4.542051713715551386e+00,5.494862442788869039e+00,4.313670707802572668e-01,-1.608347727064034949e+00,-8.874079686455133009e-01,-1.195720782229185986e+00,-3.699736667799380374e-01
2.089999999999999913e-01,-4.441570764366198909e-01,3.147394974424089220e-02,-8.573636363216047940e+00,-8.361981545550989381e+00,-4.441570764366198909e-01,1.893540527698755582e+00,8.034024325852938686e-01,4.355087574378260662e+00,4.927036047413867470e-01,1.904869624535775685e+00,1.785819271591555513e-01,2.688900579927734347e-01,9.799308281225704853e-02,5.808667488031601378e-01,7.292040114167869236e-03,-3.410386646987106363e-01,3.494165743133102353e+00,1.193124369180416533e+00,8.592036851430157052e-01,4.342400820121259941e-01,-1.592474984169141239e+00,-4.314612550028297244e-01,-1.195099698055170079e-02,-9.063206775707467466e-01,4.118639837322911390e+00,-7.126688798826384952e-01,-2.155442573884527757e+00,9.150852314941117227e-02,-7.748119731843939872e-01,-2.943927321114961862e-17,4.492714690098130959e+00,5.490346133662484363e+00,4.154248632531506447e-01,-1.623209409060144770e+00,-9.200997122165698316e-01,-1.198981188073055870e+00,-3.529896616792623787e-01
2.099999999999999922e-01,-4.267653749170929323e-01,-9.942779275766278069e-02,-8.541516335637281188e+00,-8.355450715998591349e+00,-4.267653749170929323e-01,1.775902736765105683e+00,8.337875478663813178e-01,4.342777734991714489e+00,4.320626480150447368e-01,1.936900813761459839e+00,1.817752878681004325e-01,2.735428325630628321e-01,9.925538406445348627e-02,5.906450864658945310e-01,7.497344973845299944e-03,-3.467688800963720785e-01,3.460247103107782607e+00,1.192895730112430774e+00,8.052966719899579129e-01,4.536238537800045267e-01,-1.591705284233121631e+00,-4.366637040721874086e-01,-1.007997342636540727e-02,-9.124395741310167285e-01,4.107802731749202962e+00,-7.201631966188467571e-01,-2.150476695041571684e+00,9.234094225155110858e-02,-7.729740525035190268e-01,-1.055549394831924531e-16,4.484708342738225717e+00,5.482473749729734003e+00,3.586763079341739879e-01,-1.597597457197113657e+00,-9.087192555156760054e-01,-1.202140411601861025e+00,-3.568488535227375968e-01
2.109999999999999931e-01,-4.092132747508206991e-01,-2.268726899208323156e-01,-8.513724808981780967e+00,-8.352691919908194151e+00,-4.092132747508206991e-01,1.663586196024772867e+00,8.642729918172223913e-01,4.332640448117390797e+00,3.731144935674272078e-01,1.852972180144190295e+00,1.740831930672341044e-01,2.618082419199629363e-01,9.458393983304054509e-02,5.650566915372822185e-01,7.251670894229785697e-03,-3.317352944715661889e-01,3.380999960118006520e+00,1.184796154108128885e+00,6.856871007276963415e-01,4.840729342472432362e-01,-1.589563230901930302e+00,-4.393201075006708534e-01,-8.190941946802185458e-03,-9.185928925577783177e-01,4.095073772854928684e+00,-7.278337373729423243e-01,-2.144565112735220325e+00,9.319374563405898038e-02,-7.707864348987314429e-01,-1.062678373500326919e-16,4.315379247704418830e+00,5.453953120030290869e+00,2.196616052747169534e-01,-1.565908238654936557e+00,-9.313127937305890613e-01,-1.202854871505172563e+00,-3.399262364183684992e-01
2.119999999999999940e-01,-3.902298181395724153e-01,-3.573761545074202184e-01,-8.489740605643843807e+00,-8.357110069487907467e+00,-3.902298181395724153e-01,1.536920477250609762e+00,8.976954537402587198e-01,4.323904930996861573e+00,3.129620301202362120e-01,1.798674465918767229e+00,1.690459945798694907e-01,2.541755727622010963e-01,9.169124934663452908e-02,5.485006312910077897e-01,7.065062119281092373e-03,-3.220120691157719595e-01,3.372869072121878364e+00,1.192490890296713291e+00,6.797586434259996757e-01,4.648742449505961494e-01,-1.588109679947576014e+00,-4.409812232459029979e-01,-9.044529231462775098e-03,-9.193012116492077501e-01,4.085208722189583419e+00,-7.292926977796925225e-01,-2.139647714522519006e+00,9.333754524450632584e-02,-7.689995973589005551e-01,-1.063499408769648019e-16,4.252242326391437288e+00,5.446745607066166173e+00,2.046415184085082495e-01,-1.583082220225288328e+00,-9.462715034120620095e-01,-1.202915758485522346e+00,-3.310565983472348317e-01
2.129999999999999949e-01,-3.695844874929026247e-01,-4.872459686642833243e-01,-8.467859947771843920e+00,-8.361888917443510039e+00,-3.695844874929026247e-01,1.421574641513275283e+00,9.299466982263038251e-01,4.317303409427282190e+00,2.531581965706551918e-01,1.817250798505540610e+00,1.709790033222873540e-01,2.569201493522610402e-01,9.230065773185536226e-02,5.541777645130194774e-01,7.210563676575477629e-03,-3.253355791659530705e-01,3.368294043586895992e+00,1.206380061967523565e+00,6.511305063315877550e-01,4.619529610927688434e-01,-1.590377342899985891e+00,-4.468799860686468728e-01,-1.749320698926914996e-03,-9.228866936078442551e-01,4.065869071339927920e+00,-7.345510188964647913e-01,-2.130199994355267190e+00,9.389382311574252793e-02,-7.655571776013836427e-01,2.903813661908109998e-17,4.262658148484592679e+00,5.443228136629739033e+00,1.734996367873840040e-01,-1.575946375530643095e+00,-9.423057552712239548e-01,-1.205226599993454828e+00,-3.270848998648799300e-01
2.139999999999999958e-01,-3.494226326489278112e-01,-6.097912595333452312e-01,-8.450446765752381850e+00,-8.369640501571916857e+00,-3.494226326489278112e-01,1.315679974562639298e+00,9.598625787737241621e-01,4.312824151836506914e+00,1.967724074103436860e-01,1.735457143687578974e+00,1.634797722117160845e-01,2.454625646763211044e-01,8.781480739943699210e-02,5.292403677526027472e-01,6.956910153114335624e-03,-3.106864494925636877e-01,3.353586148468201245e+00,1.222620118945846102e+00,6.015445413701143718e-01,4.534593272097195427e-01,-1.595859378020186181e+00,-4.517536604436429570e-01,3.914292787062567669e-03,-9.261423858630853934e-01,4.042670056112707577e+00,-7.396980519621705330e-01,-2.118800236198427722e+00,9.443182926204632399e-02,-7.613998868568672140e-01,2.886501654229313552e-17,4.162900906292694714e+00,5.428769947270270180e+00,1.073090540842649432e-01,-1.577526101589271201e+00,-9.721871810055371377e-01,-1.206196637147395778e+00,-3.067721567055010645e-01
2.149999999999999967e-01,-3.283174261710382069e-01,-7.221944060892923067e-01,-8.441689275018811500e+00,-8.384302448942133168e+00,-3.283174261710382069e-01,1.219489655887749491e+00,9.867362713182028511e-01,4.312243561065259634e+00,1.449563543672255927e-01,1.733613397764421693e+00,1.634920482739301295e-01,2.453035608407310997e-01,8.742070031286919285e-02,5.286876875531830722e-01,7.014064709205688510e-03,-3.103535089277465464e-01,3.355882442102464225e+00,1.219994189045013222e+00,5.880498074551909760e-01,4.865785046046861573e-01,-1.602470829382689921e+00,-4.555460056701078897e-01,2.644734689166719499e-03,-9.337831726965074575e-01,4.043459663053152298e+00,-7.480012657091898998e-01,-2.119868884507448037e+00,9.538558537630151268e-02,-7.617408831040141104e-01,0.000000000000000000e+00,4.155712667170378793e+00,5.426945900372095899e+00,8.535210258673217587e-02,-1.545869679589892520e+00,-9.783975564532053637e-01,-1.210272824064916319e+00,-3.077087742385798408e-01
2.159999999999999976e-01,-3.023748530006102886e-01,-8.217253232839795141e-01,-8.441396115888725404e+00,-8.404389452845162367e+00,-3.023748530006102886e-01,1.139578350607102220e+00,1.009160557089660681e+00,4.316352473584330163e+00,9.873017201809963783e-02,1.676998021054737498e+00,1.583537957660653417e-01,2.374091543337775168e-01,8.424513634534197548e-02,5.114348027216307768e-01,6.853917375178600162e-03,-3.002165844571191289e-01,3.349224321856135056e+00,1.219515357099111741e+00,5.471884293199300586e-01,5.236874969130190793e-01,-1.611541189384658956e+00,-4.597908081635527777e-01,4.476202669840972925e-03,-9.404548653813800119e-01,4.036410264036863538e+00,-7.557720229293232173e-01,-2.116890141984604234e+00,9.626063410611641891e-02,-7.606270972070700020e-01,1.087998289191848848e-16,4.085767477529492986e+00,5.414279416902040509e+00,2.882556072438435812e-02,-1.508957508726243235e+00,-1.003845752556911552e+00,-1.213563987995444071e+00,-2.957403817872780727e-01
2.169999999999999984e-01,-2.710398514621438770e-01,-9.063525044337130687e-01,-8.445936364097747173e+00,-8.427537207771845118e+00,-2.710398514621438770e-01,1.063923183459727140e+00,1.027994583805088791e+00,4.322893300093324065e+00,5.903345395154435682e-02,1.593949107375432606e+00,1.505779375084130012e-01,2.256875682999790744e-01,7.997169329715717034e-02,4.861099294328364850e-01,6.536219943942776604e-03,-2.853477795883147539e-01,3.359393907651466726e+00,1.219849480764374494e+00,5.569579743708072961e-01,5.297917911124057078e-01,-1.615462754912323495e+00,-4.596975294830742409e-01,1.788281479251127570e-03,-9.426592070046109217e-01,4.034084439629968877e+00,-7.583336770193996879e-01,-2.115909641512518480e+00,9.654863965965389261e-02,-7.602597568740697698e-01,0.000000000000000000e+00,4.010683808022288410e+00,5.404511857902757122e+00,2.431186565138668265e-02,-1.506146157102955518e+00,-1.032804185819832909e+00,-1.213421066413201244e+00,-2.835594981090636124e-01
2.179999999999999993e-01,-2.347835873657841965e-01,-9.708394927300544319e-01,-8.453057362692767640e+00,-8.447459499990735310e+00,-2.347835873657841965e-01,1.018398789097403778e+00,1.038869155833426872e+00,4.332220797786381361e+00,2.808151675425174520e-02,1.556745037555914424e+00,1.472592655475880030e-01,2.205095223526881698e-01,7.783344348380288880e-02,4.747704269563222668e-01,6.441833664933858949e-03,-2.786837781537554459e-01,3.426039804730855121e+00,1.252731468923887981e+00,5.964015647976897982e-01,5.062855309311621310e-01,-1.632608780344322996e+00,-4.651298119989984992e-01,8.612865138351827321e-03,-9.440436747000613416e-01,4.007953434479422761e+00,-7.615581548029449754e-01,-2.102894307701510090e+00,9.685531349756161534e-02,-7.555372524311554372e-01,1.092155216227813810e-16,4.038741167586707981e+00,5.407944168950899133e+00,5.535293234743299262e-02,-1.518775333286545015e+00,-1.060983039890439183e+00,-1.214225230765219932e+00,-2.700709130154035353e-01
2.190000000000000002e-01,-1.984181548686418384e-01,-1.007471941494073819e+00,-8.464674608129106659e+00,-8.465557351858333135e+00,-1.984181548686418384e-01,1.000027328026998230e+00,1.041033116109160384e+00,4.343511346512237914e+00,9.572112429524548549e-03,1.391352482962581849e+00,1.317838537569031021e-01,1.971642016922668661e-01,6.934637146397698571e-02,4.243373059755620180e-01,5.804200658166644260e-03,-2.490740670087727149e-01,3.469873953499022612e+00,1.262435072148035520e+00,6.181232152444657846e-01,5.254485200584372295e-01,-1.646828134358427231e+00,-4.671375532309439138e-01,1.057056978644359269e-02,-9.492728077118136598e-01,4.000552740349337277e+00,-7.677067060392696041e-01,-2.099637733447955679e+00,9.754448803369161758e-02,-7.543270561900656812e-01,1.098211627055303778e-16,3.911953628749790912e+00,5.394771666254276177e+00,4.758071089746304660e-02,-1.504842841925541519e+00,-1.124946340349173735e+00,-1.215660408762842870e+00,-2.385034972223290251e-01
2.200000000000000011e-01,-1.646420250693417242e-01,-1.011083899076119952e+00,-8.475738459593173957e+00,-8.475218607990459674e+00,-1.646420250693417242e-01,1.015432239575867923e+00,1.033098371619947109e+00,4.354432046408029500e+00,5.939860824684062290e-03,1.312815649286700692e+00,1.245338838154108202e-01,1.861190385294606287e-01,6.519580751286409293e-02,4.003904137738316660e-01,5.527128754209761560e-03,-2.350112002514765930e-01,3.542533377364307068e+00,1.293933222146212092e+00,6.670181413325234621e-01,5.023036457076192063e-01,-1.664377037467159814e+00,-4.695758751775269135e-01,1.661869193203786843e-02,-9.519280771010472098e-01,3.978999070786243930e+00,-7.719701903453637382e-01,-2.089040201942599762e+00,9.798111406064650974e-02,-7.504741156492485965e-01,0.000000000000000000e+00,3.903420949549960106e+00,5.397466176747866662e+00,8.116698951662035255e-02,-1.521540748722116421e+00,-1.166005509632681569e+00,-1.214522862072565657e+00,-2.183925083194387384e-01
2.210000000000000020e-01,-1.366591753305308743e-01,-9.797876601868685809e-01,-8.483307572600066848e+00,-8.473115659941907296e+00,-1.366591753305308743e-01,1.064331829663713425e+00,1.014840623971376310e+00,4.363087539018946082e+00,1.809963142770448785e-02,1.310287082545954274e+00,1.244966692387613483e-01,1.858528800889871491e-01,6.481862042468215790e-02,3.996292611907181214e-01,5.570544305857636283e-03,-2.345573762447221988e-01,3.582888256562756446e+00,1.319536737533679727e+00,6.852518717528293113e-01,4.890420253453542365e-01,-1.679057734403023749e+00,-4.776171149815562345e-01,1.772474689639959300e-02,-9.520647010595809645e-01,3.946606216143265122e+00,-7.741966675031787259e-01,-2.072766974792837669e+00,9.815512597144399054e-02,-7.445909695762955582e-01,-8.200733887486646193e-17,3.941110638049129644e+00,5.390639622915705864e+00,9.690808433863773441e-02,-1.518906329022801316e+00,-1.181273347240861638e+00,-1.216637540251994221e+00,-2.168326293483227030e-01
2.220000000000000029e-01,-1.157090996764416624e-01,-9.178390756363021818e-01,-8.490667608724796978e+00,-8.464794598404944637e+00,-1.157090996764416624e-01,1.131864575568938491e+00,9.885027573573006432e-01,4.369841143417076523e+00,4.418804252703234514e-02,1.263646182025118359e+00,1.201303214307608558e-01,1.792673019073028895e-01,6.243055783160294386e-02,3.854072412180310492e-01,5.389607323147466503e-03,-2.262076632602436077e-01,3.601560561453554410e+00,1.322423127379763530e+00,7.043054726367663498e-01,4.973610222095645184e-01,-1.682904407101437849e+00,-4.801616688170666780e-01,1.694695682906238732e-02,-9.520176427607840441e-01,3.935447695897362319e+00,-7.748630969467417140e-01,-2.067150509771046529e+00,9.820385819561470997e-02,-7.425613900264362854e-01,0.000000000000000000e+00,3.913189100717888280e+00,5.378001144707886816e+00,1.087096775973275253e-01,-1.507358929729879060e+00,-1.199293307687792076e+00,-1.217333451520355547e+00,-2.092607064311812204e-01
2.230000000000000038e-01,-9.680789417355400994e-02,-8.329044404464502893e-01,-8.501548045733645864e+00,-8.452956209395185994e+00,-9.680789417355400994e-02,1.231901092977996548e+00,9.527287276672353755e-01,4.378387116601116347e+00,8.038828801862074602e-02,1.153474580949045425e+00,1.098290959027104774e-01,1.636925753396489824e-01,5.679543908933594454e-02,3.518043117683649634e-01,4.960536448286380004e-03,-2.064794137893218584e-01,3.653925173163865558e+00,1.347372133406110617e+00,7.213652276606956626e-01,4.918207557228093108e-01,-1.702263696931133330e+00,-4.839343775991495344e-01,2.087228739937252442e-02,-9.535107514320450006e-01,3.912596332382513253e+00,-7.779083352187353695e-01,-2.055833359151344908e+00,9.849590606817044958e-02,-7.384498440341379366e-01,-2.788631368826646949e-17,3.853889002680865872e+00,5.369797561691334487e+00,1.071494677816092755e-01,-1.507217164339199611e+00,-1.251963479094597931e+00,-1.217423685185001103e+00,-1.856071263899493617e-01
2.240000000000000047e-01,-7.884430592417138173e-02,-7.303361714905919344e-01,-8.520923654615865317e+00,-8.444947719041115519e+00,-7.884430592417138173e-02,1.349958841536288867e+00,9.099948144638237979e-01,4.390190224936032948e+00,1.244000577574695399e-01,1.116518777914706329e+00,1.064721921042874608e-01,1.585132076437245907e-01,5.479923377166486670e-02,3.405389459769653238e-01,4.839477817127977276e-03,-1.998625786522907621e-01,3.689111486486641223e+00,1.356535027430247009e+00,7.406000217847931166e-01,5.071261133706820301e-01,-1.710251851332037276e+00,-4.857728186126205605e-01,2.619450874292550413e-02,-9.571776509496315866e-01,3.901034336326316243e+00,-7.825598028361406833e-01,-2.050373623539166967e+00,9.899791603743894608e-02,-7.364586240062820366e-01,0.000000000000000000e+00,3.848452613451716076e+00,5.364041555860850075e+00,1.165534265923770241e-01,-1.488448276396819869e+00,-1.270714989317633048e+00,-1.217391964801774806e+00,-1.736680699093652580e-01
2.250000000000000056e-01,-6.230851598861082696e-02,-6.091001029087290686e-01,-8.544965979594742578e+00,-8.436298422870702751e+00,-6.230851598861082696e-02,1.488729474439278277e+00,8.598726582283402475e-01,4.403619693865707063e+00,1.767199787144732581e-01,1.067098421226708505e+00,1.019431039040265968e-01,1.515608693586168454e-01,5.218571715881992895e-02,3.254677649077910573e-01,4.665363381472909313e-03,-1.910118589811965750e-01,3.779966875319775266e+00,1.388081174613805757e+00,8.167608921680766798e-01,4.871893063608798147e-01,-1.732768262388446390e+00,-4.887546845407751972e-01,2.586230327093441694e-02,-9.600870853091170165e-01,3.883727612554568331e+00,-7.867234499850490614e-01,-2.041974715185074452e+00,9.942810252310713137e-02,-7.334034528192771019e-01,0.000000000000000000e+00,3.886978211237366310e+00,5.373751891072400255e+00,1.815983115416444638e-01,-1.502599691665374548e+00,-1.307872394957548146e+00,-1.217492773978579468e+00,-1.651495557102621581e-01
2.260000000000000064e-01,-4.872524674806122391e-02,-4.702249228908508272e-01,-8.569331667944915409e+00,-8.423004947496259831e+00,-4.872524674806122391e-02,1.645461749116283512e+00,8.033032796675884102e-01,4.416425928576070525e+00,2.369824637883559404e-01,1.020670008513211879e+00,9.769113075885857422e-02,1.450325104615260152e-01,4.972298232709829874e-02,3.113104071548410956e-01,4.503438430305045301e-03,-1.826975606374289518e-01,3.765104809316416556e+00,1.389731040733119594e+00,7.814941144145042262e-01,5.066438093813530053e-01,-1.734640939024830519e+00,-4.917716291856927269e-01,2.901652768171963936e-02,-9.621098042810334316e-01,3.861597598314597146e+00,-7.902473447232611914e-01,-2.031060768241698788e+00,9.977236863727895200e-02,-7.294505042319439081e-01,0.000000000000000000e+00,3.823665013548594782e+00,5.349019769806575120e+00,1.362792801527690500e-01,-1.474693976533247408e+00,-1.323558163232710472e+00,-1.216718694987331428e+00,-1.536810329557093124e-01
2.270000000000000073e-01,-3.733911191089846204e-02,-3.196096046624865572e-01,-8.595517272313832891e+00,-8.410369027941113629e+00,-3.733911191089846204e-02,1.802986492430491250e+00,7.437241429636840540e-01,4.428616488545151775e+00,3.026865921392896674e-01,1.014957825726553242e+00,9.720765407433240579e-02,1.442440890344491577e-01,4.938113256673744289e-02,3.095701394589840394e-01,4.491859456864923453e-03,-1.816744331335514162e-01,3.856014481009576222e+00,1.402802991139878275e+00,8.804958254723006528e-01,5.144024364381167835e-01,-1.748270769324427487e+00,-4.931655967079657255e-01,2.945024121506148451e-02,-9.647777839907550890e-01,3.862784354679464460e+00,-7.930114969905435185e-01,-2.031914518044436679e+00,1.000883632798034162e-01,-7.297495250076578843e-01,1.116175146640398497e-16,3.906194522745374265e+00,5.362794999893675474e+00,2.317284175162062920e-01,-1.468130949039582411e+00,-1.338612266585639921e+00,-1.218423262258758522e+00,-1.522241919184898207e-01
2.280000000000000082e-01,-2.441777538142615722e-02,-1.563046082054894148e-01,-8.622048817523356945e+00,-8.392621415003851837e+00,-2.441777538142615722e-02,1.981934087380544662e+00,6.780031078184471927e-01,4.441309076369824638e+00,3.738858908319572238e-01,9.852350124397510900e-01,9.453703237100438694e-02,1.400758119662473267e-01,4.776764019234210762e-02,3.005055338856232328e-01,4.395977881491040448e-03,-1.763498591528948334e-01,3.900340576417512306e+00,1.407370677218757304e+00,9.077297797840457871e-01,5.452311515462177072e-01,-1.758039589700562511e+00,-4.929244842393250559e-01,3.494557406276396772e-02,-9.705582717181977515e-01,3.859506791453536145e+00,-7.993342982758813164e-01,-2.030839225873891429e+00,1.007960038770180089e-01,-7.293348530247643069e-01,0.000000000000000000e+00,3.915017317139065867e+00,5.361414501043297420e+00,2.484712934744117974e-01,-1.437840434135331691e+00,-1.356738051937921297e+00,-1.217863359382598265e+00,-1.414042850901308657e-01
2.290000000000000091e-01,-1.181628257749284261e-02,1.932515181750082967e-02,-8.644719635512300826e+00,-8.367706415224143157e+00,-1.181628257749284261e-02,2.170953796542305803e+00,6.081566492122008061e-01,4.451787322571814087e+00,4.505617047632637928e-01,1.051928532847440145e+00,1.011161280970580972e-01,1.496184054532967711e-01,5.082732219999960138e-02,3.208491905856282189e-01,4.730617463918043199e-03,-1.882833593684652695e-01,3.924897006768285568e+00,1.425193872903469217e+00,9.379419716155443787e-01,5.194019942521440614e-01,-1.760056164172302706e+00,-4.949128317569115310e-01,3.606202915782473484e-02,-9.700314125710839397e-01,3.832911501151829103e+00,-8.003501318685234400e-01,-2.017453418822763744e+00,1.008375707666030324e-01,-7.245046218159051366e-01,0.000000000000000000e+00,4.006794127044641662e+00,5.359221502152356820e+00,2.872102452003176820e-01,-1.447224102370620269e+00,-1.338369402820071663e+00,-1.214686836108898493e+00,-1.522213302106405486e-01
2.300000000000000100e-01,-1.473817565431370658e-03,1.987439613332755428e-01,-8.658818483742281913e+00,-8.332489156252703921e+00,-1.473817565431370658e-03,2.363104135981856757e+00,5.367761433704496543e-01,4.457851395465966426e+00,5.288059018746851248e-01,1.111440952901241896e+00,1.070588510458993364e-01,1.581562813430709424e-01,5.349537558642157575e-02,3.390057526459447357e-01,5.042616735226048211e-03,-1.989321349623092150e-01,3.908212777953316230e+00,1.418334321074999682e+00,9.197296617189332224e-01,5.493296844895158015e-01,-1.756347397027442359e+00,-4.978037664007511909e-01,3.714880930047630148e-02,-9.729497766766050937e-01,3.817094747218603423e+00,-8.043594021838197383e-01,-2.009819693611310853e+00,1.012467936554393294e-01,-7.217417270711906641e-01,0.000000000000000000e+00,4.046703954177953477e+00,5.342487919339502511e+00,2.735265408781843988e-01,-1.406994633535373351e+00,-1.316094850726058363e+00,-1.214502876736715864e+00,-1.617833256618328996e-01
2.310000000000000109e-01,8.204749040847197916e-03,3.662629726292708776e-01,-8.665767401066153397e+00,-8.292407254456280796e+00,8.204749040847197916e-03,2.542765254745491976e+00,4.685332787382080477e-01,4.460373430221349800e+00,6.014566353801497067e-01,1.102058215183217671e+00,1.063773840660151293e-01,1.569007056499258645e-01,5.282566079768485912e-02,3.361507906929536715e-01,5.046783485198004168e-03,-1.972505648298394088e-01,3.854290239279436481e+00,1.421525869905972739e+00,8.359606095463529840e-01,5.565914092063645180e-01,-1.750830237638822062e+00,-5.024787342597731854e-01,4.512047318786746586e-02,-9.699663728692556885e-01,3.776791301620891605e+00,-8.035974733571278339e-01,-1.989323467981991111e+00,1.010513885114773802e-01,-7.143624608643771579e-01,1.122195290096809190e-16,3.986382081593398574e+00,5.304694555592878835e+00,1.892638418391510147e-01,-1.379906397977941790e+00,-1.313628058434390899e+00,-1.211794411638952296e+00,-1.521300916419718319e-01
2.320000000000000118e-01,1.755506864469544293e-02,5.146444832439825978e-01,-8.673315972638688365e+00,-8.260670410588444312e+00,1.755506864469544293e-02,2.693063919217554059e+00,4.065736344780657152e-01,4.462049208711579951e+00,6.653421646128232503e-01,1.165323572381893547e+00,1.125670624491807437e-01,1.659349520167041347e-01,5.578109296106312232e-02,3.554503319069540757e-01,5.353015925411533892e-03,-2.085731747660286295e-01,3.960588727734993153e+00,1.458728705168145012e+00,9.490076005992986730e-01,5.134545980874999360e-01,-1.766808386269232756e+00,-5.066390089015577747e-01,4.777979821930911086e-02,-9.672651748299182506e-01,3.757593496443926373e+00,-8.018546447110879161e-01,-1.979441632459746137e+00,1.007996129187112427e-01,-7.108102014436313842e-01,-1.119069539483364780e-16,4.158647125286968560e+00,5.328889264061251296e+00,3.130879079049149194e-01,-1.410205941411182939e+00,-1.310558441443567368e+00,-1.212096194419777451e+00,-1.607933765467196296e-01
2.330000000000000127e-01,2.439364666329225939e-02,6.517452933140921445e-01,-8.683061332289099710e+00,-8.230580950084902980e+00,2.439364666329225939e-02,2.842158203153143603e+00,3.456032919187506658e-01,4.464235345851490067e+00,7.237469636687137164e-01,1.163722464067286300e+00,1.126451641385564639e-01,1.657821741742705191e-01,5.549301116475403861e-02,3.549648810844295843e-01,5.390778330965794417e-03,-2.082821632718406257e-01,3.931893623513667890e+00,1.455784114249114358e+00,9.234943647009961065e-01,5.189040253757747356e-01,-1.760207064045853143e+00,-5.070785891189723005e-01,4.781362630027975735e-02,-9.693635022805382473e-01,3.740631353124290737e+00,-8.050386715522936942e-01,-1.971158548116776155e+00,1.011095593909639434e-01,-7.078188491419293848e-01,1.121499204078654911e-16,4.126252585300415276e+00,5.309060631511961503e+00,2.842378673229729591e-01,-1.396761511576247505e+00,-1.304132623570459781e+00,-1.209506659929936001e+00,-1.604685369715607712e-01
2.340000000000000135e-01,2.850513219878095250e-02,7.763073944308184204e-01,-8.688428696440835708e+00,-8.199291906028225441e+00,2.850513219878095250e-02,2.977088951228129776e+00,2.885564535295342403e-01,4.463660900910201512e+00,7.762963110851218707e-01,1.159822154287495577e+00,1.124824234848933319e-01,1.652996903763738756e-01,5.510826715847168267e-02,3.537806665606211820e-01,5.415249948361805336e-03,-2.075815317456446152e-01,3.918887437569175791e+00,1.441712175751973524e+00,8.962560594228314859e-01,5.750852428105195369e-01,-1.756616850341706559e+00,-5.080006619828267844e-01,5.515841537097022906e-02,-9.754589538599705012e-01,3.740680925840641269e+00,-8.114638935105110695e-01,-1.971789375591040283e+00,1.018326956841588832e-01,-7.080359065852944722e-01,0.000000000000000000e+00,4.103250637996700867e+00,5.294875525077507916e+00,2.500918562886942920e-01,-1.341595865622049022e+00,-1.301003488096926564e+00,-1.210621318619759634e+00,-1.524231163746743722e-01
2.350000000000000144e-01,3.325550064241095116e-02,8.786326844534678715e-01,-8.683766621892191395e+00,-8.162758630447436659e+00,3.325550064241095116e-02,3.090173082326412413e+00,2.382226862084181884e-01,4.458855445647449400e+00,8.185201490270195279e-01,1.189412621138445481e+00,1.156016416157786414e-01,1.695992517391851917e-01,5.627964371221100964e-02,3.628088853432122063e-01,5.603413038432673507e-03,-2.128720165629665872e-01,3.872949359950721870e+00,1.453337862880806242e+00,8.351825265055966563e-01,5.519796360774478217e-01,-1.748311446524449364e+00,-5.116102521826633165e-01,6.236954806228232895e-02,-9.724641756722011143e-01,3.702003865035936592e+00,-8.105661898191571790e-01,-1.952119337247337327e+00,1.016239312992546495e-01,-7.009540154212917651e-01,0.000000000000000000e+00,4.089897805416965682e+00,5.270943369532521849e+00,1.942155884256246690e-01,-1.343860057457678447e+00,-1.283878629881982647e+00,-1.206960854565522379e+00,-1.505024685006842722e-01
2.360000000000000153e-01,3.906568261650031348e-02,9.549708303722658220e-01,-8.669583780388116168e+00,-8.123460751531792923e+00,3.906568261650031348e-02,3.175379919057422118e+00,1.963461201983225934e-01,4.450050476431354873e+00,8.487689262489679365e-01,1.190528868092355141e+00,1.159855168907022033e-01,1.698446013667810617e-01,5.608012974034701226e-02,3.631525788582382619e-01,5.662488015041758881e-03,-2.130662503009890518e-01,3.891037848667775023e+00,1.449789774576407675e+00,8.490374009020572599e-01,5.900156044356055229e-01,-1.748975899264988421e+00,-5.129027699478674318e-01,6.731355664489237223e-02,-9.803956239077546986e-01,3.705489889197655540e+00,-8.186947422507218075e-01,-1.954668756803164653e+00,1.025414137569386347e-01,-7.018645692829585947e-01,5.267921181799943189e-17,4.101171092852375466e+00,5.271265180664765460e+00,2.001872600181165140e-01,-1.308573022627212090e+00,-1.283281906649811344e+00,-1.209104851215784260e+00,-1.457526936560966102e-01
2.370000000000000162e-01,4.515171618943474019e-02,1.012085069319966557e+00,-8.649762156657043732e+00,-8.087491231525444135e+00,4.515171618943474019e-02,3.230354026151899482e+00,1.632812005650295939e-01,4.438287155239626358e+00,8.704515148838423144e-01,1.238020142906886223e+00,1.207056367503555605e-01,1.766492351212296807e-01,5.822916392751496112e-02,3.776405302127073260e-01,5.907166426492984311e-03,-2.215639594042838612e-01,3.930532824600357245e+00,1.472169056202438320e+00,8.895540770353844717e-01,5.611728156532058698e-01,-1.751811067069670935e+00,-5.169370000360461459e-01,7.346072831714360596e-02,-9.777557289214179326e-01,3.686787527889252569e+00,-8.169885776854001191e-01,-1.945043654349656537e+00,1.022941460229002536e-01,-6.984069986177766642e-01,0.000000000000000000e+00,4.190797238585825646e+00,5.279662220842046061e+00,2.492147344712140333e-01,-1.325641674768935685e+00,-1.271876390834063342e+00,-1.209436832227329894e+00,-1.481032310871402413e-01
2.380000000000000171e-01,5.190332146766059307e-02,1.054443354114574127e+00,-8.630081432663335050e+00,-8.051441401117740426e+00,5.190332146766059307e-02,3.280921773801383168e+00,1.344586525962342682e-01,4.426966012946937035e+00,8.853718220617075030e-01,1.215727368448653145e+00,1.187926644138569271e-01,1.735518057136113956e-01,5.694593321471679709e-02,3.708448243283148926e-01,5.850922233140199574e-03,-2.175700476373482184e-01,3.865680612391264148e+00,1.467094622634979695e+00,8.084278331271160800e-01,5.727392515992486555e-01,-1.740067446693798869e+00,-5.194153409476049976e-01,8.049725005179338144e-02,-9.782825486550601468e-01,3.662932881654076045e+00,-8.189201537621815241e-01,-1.933166518742515327e+00,1.024450208512414917e-01,-6.941291329584812209e-01,0.000000000000000000e+00,4.103125432184857146e+00,5.248820168702913236e+00,1.630594850785459515e-01,-1.303481333928549812e+00,-1.266777601514242457e+00,-1.207693551672945897e+00,-1.370727975855548508e-01
2.390000000000000180e-01,5.861960856991897673e-02,1.075919188891330425e+00,-8.612145120671909737e+00,-8.023162389390936511e+00,5.861960856991897673e-02,3.309911019045721048e+00,1.132146917678112652e-01,4.416228084264347764e+00,8.910124407965936966e-01,1.344938153879162490e+00,1.316803382091163988e-01,1.920909992101398900e-01,6.274853239620958867e-02,4.102666999837448203e-01,6.526249299714352754e-03,-2.406912188720219670e-01,3.853407324750893537e+00,1.481808335114372710e+00,7.765510802348651875e-01,5.586992753140485046e-01,-1.737218481082291266e+00,-5.229764667654114296e-01,9.070620660166195393e-02,-9.774284385249703000e-01,3.637317154974690769e+00,-8.194912670298166724e-01,-1.920260124748279562e+00,1.024308439203531346e-01,-6.894966166397182850e-01,1.130860486460447491e-16,4.220917040105085505e+00,5.250805828298179101e+00,1.491508124151884052e-01,-1.298812317038021469e+00,-1.224520937178193325e+00,-1.205946834105415144e+00,-1.499850122703599020e-01
2.399999999999999911e-01,6.505768722050157826e-02,1.077124437995661488e+00,-8.594457186586000219e+00,-7.999580441850659085e+00,6.505768722050157826e-02,3.321385876610489341e+00,9.873816625682768633e-02,4.405571190417977512e+00,8.876064413715236689e-01,1.338077042370278580e+00,1.313176892415364727e-01,1.912106241900108083e-01,6.214845793846001526e-02,4.081810042002139705e-01,6.552835037746154202e-03,-2.394595078807882638e-01,3.857699493623119480e+00,1.491771025559574415e+00,7.723326155476946120e-01,5.672710795964643893e-01,-1.732791371978377404e+00,-5.293986433024134852e-01,1.016819274598370210e-01,-9.799560521906484079e-01,3.621023980188763591e+00,-8.230692948827794675e-01,-1.912383227374799155e+00,1.027825386384278311e-01,-6.866659185077426120e-01,1.133789784413945736e-16,4.215820483802749763e+00,5.244112694989874868e+00,1.404739448549259528e-01,-1.282963689839874855e+00,-1.221827829139735755e+00,-1.209511726772409812e+00,-1.377775804209511179e-01
2.409999999999999920e-01,7.323803080635687968e-02,1.064871324037006239e+00,-8.581658872262670101e+00,-7.984084835208164144e+00,7.323803080635687968e-02,3.321627504829512745e+00,8.968851747918578365e-02,4.397307741865021491e+00,8.782142461440813896e-01,1.423526137413959392e+00,1.400469140388622691e-01,2.035305707566100464e-01,6.579279073282409684e-02,4.342527682839590342e-01,7.040540470165629165e-03,-2.547450367746670885e-01,3.857856128676384166e+00,1.497483455497102822e+00,7.548233085537969789e-01,5.871521118248078652e-01,-1.729189506606054749e+00,-5.333509955437563121e-01,1.145540652098368251e-01,-9.842424377218841336e-01,3.610551806707309463e+00,-8.281681608669233530e-01,-1.907594443987325805e+00,1.033161279019767093e-01,-6.849522692907203947e-01,0.000000000000000000e+00,4.297139828368459646e+00,5.248082176243274333e+00,1.301857184434836723e-01,-1.254649541429693649e+00,-1.191620610420119020e+00,-1.211262724364311039e+00,-1.401909715648302635e-01
2.419999999999999929e-01,8.535818903820299730e-02,1.038829702948903311e+00,-8.576524122262506822e+00,-7.983884657438122368e+00,8.535818903820299730e-02,3.300533130905328960e+00,8.788913510478450763e-02,4.392535430542181096e+00,8.627727159605445006e-01,1.441781044353214858e+00,1.419565164704844340e-01,2.061782874128177123e-01,6.652770137275484941e-02,4.398234691404045438e-01,7.154051873163654041e-03,-2.580098017900859797e-01,3.779336349874417245e+00,1.484628686567008637e+00,6.782033449522247848e-01,5.895891750957732436e-01,-1.712510476499450318e+00,-5.347804050575486468e-01,1.163568213669345097e-01,-9.815394344537766713e-01,3.591599874240746448e+00,-8.264185622379224272e-01,-1.897837463943238046e+00,1.030640911088953060e-01,-6.814491802601615467e-01,-1.135632706803694006e-16,4.239577959773855653e+00,5.218185077278239881e+00,5.796307012712006990e-02,-1.241720587474710147e+00,-1.169622916250150357e+00,-1.209075533444546435e+00,-1.416529804231515810e-01
2.429999999999999938e-01,1.013560129710947416e-01,9.979218711176838230e-01,-8.571817491340580020e+00,-7.984380103994730860e+00,1.013560129710947416e-01,3.274382005912021221e+00,9.040995478223337600e-02,4.389118581144950682e+00,8.403836405973686974e-01,1.463370197154547858e+00,1.444242615394992491e-01,2.093746541758705892e-01,6.722147717346127482e-02,4.464143722922679358e-01,7.325708845088157659e-03,-2.618672981682819145e-01,3.810283066272629249e+00,1.491400128250349733e+00,7.040599814974634052e-01,6.065630615281802918e-01,-1.713286668539665047e+00,-5.352636503187278016e-01,1.250547339925102697e-01,-9.890945447563492809e-01,3.594859653143224421e+00,-8.341428173538918411e-01,-1.900252727223786797e+00,1.039346194529869732e-01,-6.823199853837215167e-01,-5.103434912049371968e-17,4.284558718670828270e+00,5.230684042933073208e+00,7.929181831944215331e-02,-1.226468188522145120e+00,-1.162937676794410180e+00,-1.210257926857360999e+00,-1.368125641757717004e-01
2.439999999999999947e-01,1.187055197852509847e-01,9.508614033131205234e-01,-8.562434216448826518e+00,-7.982850038272557569e+00,1.187055197852509847e-01,3.239370677427338308e+00,9.717269297333859523e-02,4.384097886990138804e+00,8.152779152708837795e-01,1.454760115875008974e+00,1.438976572308197366e-01,2.082490946435361645e-01,6.654435847986767127e-02,4.437983339550644057e-01,7.342977132517090715e-03,-2.603246547359511776e-01,3.821890572631924776e+00,1.507474611218745153e+00,7.084794002690044668e-01,5.963614289881004060e-01,-1.712283440897116593e+00,-5.406642878287174492e-01,1.328807356441505105e-01,-9.896778373163531706e-01,3.575671870230056726e+00,-8.357904551206718491e-01,-1.890736394369953555e+00,1.040549429424432043e-01,-6.789153164916714722e-01,-5.075055367093286363e-17,4.286972851190580691e+00,5.227044138679621810e+00,8.093803979186878217e-02,-1.227830606901985311e+00,-1.164430163999609080e+00,-1.212236627187871729e+00,-1.274439190918007225e-01
2.449999999999999956e-01,1.352436523222170783e-01,9.115997189727117478e-01,-8.547215703304797074e+00,-7.972930142049365898e+00,1.352436523222170783e-01,3.212210341252876855e+00,1.041267357744447841e-01,4.376742154164610987e+00,7.938179798195541537e-01,1.427660986953464439e+00,1.415776324487519611e-01,2.044882487773325153e-01,6.499194851061895761e-02,4.355387410558194672e-01,7.273050360229264474e-03,-2.554706224003069903e-01,3.883741567615613288e+00,1.520678402133281981e+00,7.560550159695906824e-01,6.169904966421513315e-01,-1.719653788218382440e+00,-5.401786760146511934e-01,1.446660187663374175e-01,-9.990428713992658416e-01,3.585051965282424202e+00,-8.450317941981403402e-01,-1.896407041048328024e+00,1.051086112794704375e-01,-6.809640186653210803e-01,0.000000000000000000e+00,4.312359683169812108e+00,5.247307999864458061e+00,1.155114705487828575e-01,-1.214424595895557735e+00,-1.179006435883092507e+00,-1.213869644319742980e+00,-1.108046036339695728e-01
2.459999999999999964e-01,1.499458373294178803e-01,8.870847634605243393e-01,-8.525916327000301109e+00,-7.952963954529590929e+00,1.499458373294178803e-01,3.198207768505229254e+00,1.094520578752062462e-01,4.366745818724802497e+00,7.792248315362668709e-01,1.391177710080474528e+00,1.383308637598895940e-01,1.993778397377711509e-01,6.300315379855629672e-02,4.244157263934716373e-01,7.157235256731405738e-03,-2.489367475715496547e-01,3.860985030356250292e+00,1.531038502455016825e+00,7.152754031728558726e-01,6.109704957637385192e-01,-1.715779319775774026e+00,-5.442220506087727117e-01,1.527302978416618662e-01,-9.991884033501874374e-01,3.560332667626923797e+00,-8.465287314199481106e-01,-1.884091420672794115e+00,1.051921562845045677e-01,-6.765573059672143064e-01,0.000000000000000000e+00,4.252974337086537382e+00,5.229702033841829412e+00,6.812451149067891287e-02,-1.210117771110499341e+00,-1.186171437097797821e+00,-1.213622121319255509e+00,-9.620644972988778854e-02
2.469999999999999973e-01,1.632883072811903424e-01,8.658029871269717903e-01,-8.502394532886391687e+00,-7.934068457905895322e+00,1.632883072811903424e-01,3.176615386010269937e+00,1.174840520670322463e-01,4.355341556908629563e+00,7.664605039139879006e-01,1.350865787661120754e+00,1.344420423848386170e-01,1.936376067951313396e-01,6.107055130057561371e-02,4.121195730765315202e-01,6.972676844201896457e-03,-2.417214428164330686e-01,3.766759054923547456e+00,1.508265380278140277e+00,6.306560369497263840e-01,6.244106009427803361e-01,-1.695200756781662044e+00,-5.447772789328302334e-01,1.519389532022231704e-01,-9.974956102633616428e-01,3.545622447956268353e+00,-8.455766902167857202e-01,-1.876569627505456861e+00,1.050397842389383246e-01,-6.738605830018227216e-01,-5.029251480577175535e-17,4.120129232321306567e+00,5.188329870619247330e+00,-2.128304647192799659e-02,-1.191088475262100932e+00,-1.178041399466192241e+00,-1.211665185090450958e+00,-8.978248961420995378e-02
2.479999999999999982e-01,1.782267835873426742e-01,8.391348454956342184e-01,-8.478856400094556989e+00,-7.913164832415164440e+00,1.782267835873426742e-01,3.158635065558745847e+00,1.264894707643745841e-01,4.344853591266032211e+00,7.510953284163053301e-01,1.406971414358922035e+00,1.403860400843755518e-01,2.017958848024450080e-01,6.330636190536623187e-02,4.292483608602790657e-01,7.326750520775477359e-03,-2.517593766877470052e-01,3.845219169323994990e+00,1.521207694593587956e+00,7.046392398827753256e-01,6.556266563027828287e-01,-1.704415717556372112e+00,-5.484667225309111105e-01,1.607107881963127094e-01,-1.007198789563937380e+00,3.557042558907273833e+00,-8.550306451925435702e-01,-1.883317038874530835e+00,1.061228351954211363e-01,-6.763023827616408967e-01,5.044187540182295552e-17,4.244991794118979200e+00,5.218636293585237063e+00,5.140447949267676342e-02,-1.164384020666381803e+00,-1.169044521500671951e+00,-1.217442354771776536e+00,-9.104858849143424027e-02
2.489999999999999991e-01,1.944655312211911458e-01,8.189960989037294858e-01,-8.455903320561530379e+00,-7.891683826226770115e+00,1.944655312211911458e-01,3.145533653225446535e+00,1.346301100159695563e-01,4.335051709452108604e+00,7.386914997131679428e-01,1.354249859818528190e+00,1.354532121573831516e-01,1.943388453930801618e-01,6.066429301025567933e-02,4.131761347051034483e-01,7.110149192787284904e-03,-2.423251370120967640e-01,3.861173412631131896e+00,1.545100338277761054e+00,7.094457014780378712e-01,6.326009422191558595e-01,-1.705321456238208855e+00,-5.557355267173006430e-01,1.692047047118028225e-01,-1.004838746043514197e+00,3.528366407068459054e+00,-8.540791253576690556e-01,-1.868775076897374765e+00,1.059207565940684243e-01,-6.711017874778126835e-01,-1.162621985093676329e-16,4.210584526406146111e+00,5.208919957503603371e+00,4.970542151344897741e-02,-1.175509841667963240e+00,-1.186224564939036830e+00,-1.219727165002326030e+00,-7.312043230029405261e-02
2.500000000000000000e-01,2.106033761700721596e-01,8.152370038675762487e-01,-8.436631683147750138e+00,-7.868425429343949062e+00,2.106033761700721596e-01,3.151070737451148851e+00,1.380818146971709293e-01,4.327118301716417648e+00,7.336897471349853594e-01,1.372648570903292953e+00,1.376741476144456577e-01,1.970951383704758753e-01,6.117337858033960324e-02,4.187993622438767605e-01,7.274175867475441218e-03,-2.456139892597435093e-01,3.886387422617964660e+00,1.555484641833232651e+00,7.176196689510967452e-01,6.515305867968081976e-01,-1.709711296438177097e+00,-5.600305548466995020e-01,1.772655547264498921e-01,-1.008909021256745309e+00,3.519359485686706979e+00,-8.587518179284668873e-01,-1.864738322080142563e+00,1.064035831986488712e-01,-6.696763296173091629e-01,0.000000000000000000e+00,4.250126972264512304e+00,5.212518275134385703e+00,5.596298939310573317e-02,-1.152034356702994700e+00,-1.184508350995651327e+00,-1.222432708596533191e+00,-6.834843453329361718e-02
2.510000000000000009e-01,2.277214091375829863e-01,8.262294403815462207e-01,-8.424746528255955269e+00,-7.848091817346534604e+00,2.277214091375829863e-01,3.172769134370219124e+00,1.368373336588203093e-01,4.322752867742864602e+00,7.353293102259641500e-01,1.331194185599147151e+00,1.339167836472104633e-01,1.912572514743799967e-01,5.900484535573601724e-02,4.061600360312939695e-01,7.123127490772339365e-03,-2.381919933057215499e-01,3.877155765923288921e+00,1.558509033504107855e+00,6.982012281277009125e-01,6.678222486897621435e-01,-1.703211193029268600e+00,-5.632337358795787008e-01,1.880993087832582011e-01,-1.011156405815536674e+00,3.504147384972139179e+00,-8.618139482826572273e-01,-1.857419991826651184e+00,1.066820071399057490e-01,-6.670792839318367973e-01,0.000000000000000000e+00,4.197193545706898732e+00,5.196573202123457413e+00,2.764453131942368191e-02,-1.130592897781153017e+00,-1.190369149858068853e+00,-1.223189892320643013e+00,-5.009268452246334880e-02
2.520000000000000018e-01,2.466480038092852822e-01,8.469495079916404823e-01,-8.420452631881387262e+00,-7.836161693024836339e+00,2.466480038092852822e-01,3.196234646520121014e+00,1.337484026913305923e-01,4.321693928700957699e+00,7.414994666091241360e-01,1.278772994156765153e+00,1.287715200208686406e-01,1.837621567388186550e-01,5.657984569844224515e-02,3.901683346696300236e-01,6.864300332885374042e-03,-2.288107108712081894e-01,3.886117084381131015e+00,1.560540369031575114e+00,7.122032560431418302e-01,6.700201117137183360e-01,-1.702115999739201913e+00,-5.636359707867590885e-01,1.893534907316209992e-01,-1.011536415812557044e+00,3.497869564181661506e+00,-8.625146913718352293e-01,-1.854339137469031451e+00,1.067357298227069734e-01,-6.659827998338352373e-01,-1.170386376891377821e-16,4.153353662725338680e+00,5.187181453234105177e+00,3.345072141012525591e-02,-1.127739180056870794e+00,-1.205211935246864874e+00,-1.222754470287708894e+00,-3.945722013958730123e-02
2.530000000000000027e-01,2.674820203726337442e-01,8.698430998392304714e-01,-8.421877803489453029e+00,-7.825177829302279342e+00,2.674820203726337442e-01,3.232838488858104320e+00,1.269177657159008821e-01,4.324059411725834856e+00,7.482826251277792107e-01,1.235083423082405263e+00,1.247101824960395039e-01,1.775756686658739036e-01,5.437794257454963559e-02,3.768413683016189619e-01,6.687061984141194106e-03,-2.209872826817712022e-01,3.834986001952186641e+00,1.565503101540324682e+00,6.371420190563121810e-01,6.643480475105802974e-01,-1.694806782129897549e+00,-5.665906631368228252e-01,1.976909494035347381e-01,-1.007569316294009809e+00,3.461876682728486809e+00,-8.602863393856566843e-01,-1.835988181358450877e+00,1.063701179064117236e-01,-6.594082248298257509e-01,0.000000000000000000e+00,4.062500108740581872e+00,5.152089966764851425e+00,-4.556865166347059959e-02,-1.117262191273320937e+00,-1.211595295921866766e+00,-1.219311825982507314e+00,-2.329633327823646405e-02
2.540000000000000036e-01,2.880276437679455404e-01,8.896288257557931622e-01,-8.428077435433822373e+00,-7.820432436104931107e+00,2.880276437679455404e-01,3.265695211988141722e+00,1.192202064780521764e-01,4.328548072430700167e+00,7.534265634258686672e-01,1.277315320669488496e+00,1.293086189196683000e-01,1.837440924385620733e-01,5.597403608343202996e-02,3.897333647048710770e-01,6.971964737621113260e-03,-2.285396976735075691e-01,3.873184543128648460e+00,1.583592542360337196e+00,6.677624890928984813e-01,6.573095308500314093e-01,-1.699640027089685868e+00,-5.686309512887126605e-01,2.043870848704754661e-01,-1.009281386621236454e+00,3.448971342671921736e+00,-8.626628300212106915e-01,-1.829760958154547312e+00,1.065795472312043024e-01,-6.572021402430384684e-01,0.000000000000000000e+00,4.141218477176900947e+00,5.161872503951927094e+00,-1.115624848975013683e-02,-1.116477391221083915e+00,-1.203327115153610460e+00,-1.218861126794130056e+00,-2.415261280303210301e-02
2.550000000000000044e-01,3.086801875991392330e-01,9.073655444336814480e-01,-8.431790121138906358e+00,-7.812744645297230228e+00,3.086801875991392330e-01,3.298396274788787608e+00,1.096811878165051962e-01,4.332219168594457770e+00,7.571876059343918275e-01,1.190012056618278580e+00,1.208246695952447103e-01,1.712931563807365276e-01,5.187409662539579913e-02,3.631067330415658212e-01,6.554217399999449564e-03,-2.129178577315089249e-01,3.816393023994860911e+00,1.550737433564490342e+00,5.933307567457377640e-01,7.427032747784543254e-01,-1.691303994008813261e+00,-5.688430947749260058e-01,2.077733029974838663e-01,-1.016835879358507500e+00,3.452170822656223326e+00,-8.702598654406981105e-01,-1.832196121484481077e+00,1.074256031875362172e-01,-6.581097681997031268e-01,1.176543984137930985e-16,3.989569201254631992e+00,5.123732925815958517e+00,-1.056359523142238188e-01,-1.037618750080630869e+00,-1.220771657779711195e+00,-1.220398645574629626e+00,-5.144554734024947562e-03
2.560000000000000053e-01,3.318978412334400718e-01,9.154864016885072564e-01,-8.430419903356469291e+00,-7.802612916350747163e+00,3.318978412334400718e-01,3.321043025343388244e+00,1.006909185629338982e-01,4.334502648087685373e+00,7.560852817861588582e-01,1.093631935634174823e+00,1.113842998671054768e-01,1.575082082436682906e-01,4.740420478632071527e-02,3.337022618065004220e-01,6.080628457270453521e-03,-1.956678341765461515e-01,3.776723259595881732e+00,1.587385736566395256e+00,5.273914391388734302e-01,6.695024908622151383e-01,-1.686038463421969835e+00,-5.779174496754418966e-01,2.188027802106040087e-01,-1.002839364588597793e+00,3.381668887408307622e+00,-8.594236582468118835e-01,-1.795585106927512831e+00,1.059901858743757669e-01,-6.449833624319175618e-01,-4.786388995936841122e-17,3.867515830641458763e+00,5.080438923841808396e+00,-1.745240108642701626e-01,-1.078678411278976901e+00,-1.246346015741093716e+00,-1.216820183650088927e+00,2.313494603405780170e-02
2.570000000000000062e-01,3.537997217372832459e-01,9.161661124696418579e-01,-8.432875213146514781e+00,-7.802805887845695842e+00,3.537997217372832459e-01,3.327005407681080218e+00,9.343730440152205052e-02,4.337850919314759857e+00,7.514745634676019970e-01,1.081532548266762594e+00,1.102708166426895897e-01,1.557959034595369774e-01,4.679152308426016288e-02,3.300119203470173179e-01,6.032174282514517379e-03,-1.935013798108421723e-01,3.918862627656054975e+00,1.622489417834859893e+00,6.784524891470591346e-01,6.545581787546370656e-01,-1.705594817320122969e+00,-5.784853036358982292e-01,2.243225475238602995e-01,-1.009001774337708435e+00,3.395539093228672645e+00,-8.650172850860590179e-01,-1.803193305830939730e+00,1.066473727924063669e-01,-6.477291311774691085e-01,4.805595915873993839e-17,3.991393401585109579e+00,5.128299327706221433e+00,-3.076889247946290595e-02,-1.101843603992042508e+00,-1.268935524180699215e+00,-1.220182260530852769e+00,3.082116771301818270e-02
2.580000000000000071e-01,3.708909532582727042e-01,9.226376639476461250e-01,-8.437185914092101058e+00,-7.799720597138564138e+00,3.708909532582727042e-01,3.346897819542952845e+00,8.111839314955629487e-02,4.341533464478317228e+00,7.490472100787293197e-01,9.718287310546911417e-01,9.932179374812913353e-02,1.400627590944408807e-01,4.186648740386755135e-02,2.965413763983230089e-01,5.458476925952474718e-03,-1.738707573742478973e-01,3.812009920189158851e+00,1.602836465978124680e+00,5.491927433005774351e-01,6.747814471933224478e-01,-1.692226927078178234e+00,-5.787972382305572872e-01,2.254348615814611989e-01,-1.005991214720894034e+00,3.366896648234268152e+00,-8.633850251602460668e-01,-1.788598997466424478e+00,1.063740657141604845e-01,-6.425055503329706319e-01,0.000000000000000000e+00,3.777847436522955960e+00,5.069054907960522272e+00,-1.741295227652277511e-01,-1.071951062869234583e+00,-1.289311484965694810e+00,-1.215844311637575448e+00,5.156410420721330157e-02
2.590000000000000080e-01,3.849668371416440360e-01,9.176958381618189886e-01,-8.432656622619047582e+00,-7.790285187582441040e+00,3.849668371416440360e-01,3.356087016528922717e+00,6.946217710889775188e-02,4.341268078165428257e+00,7.410899792768951277e-01,8.872296354628064208e-01,9.093396168842496352e-02,1.279399922212154650e-01,3.802443474728128131e-02,2.707283504558509746e-01,5.025339795977208819e-03,-1.587299427638474147e-01,3.703914532282519545e+00,1.591546379618056672e+00,4.015398792244406212e-01,6.877523461000478733e-01,-1.681382463512834713e+00,-5.807987092850285249e-01,2.311179225799120385e-01,-1.001272108645994585e+00,3.328786384152015110e+00,-8.604936097389760397e-01,-1.769119234633418802e+00,1.059315294659836926e-01,-6.355252665148698465e-01,-4.708660741745230573e-17,3.589872059099331381e+00,5.011266725458495941e+00,-3.310137382933199257e-01,-1.043342453786089585e+00,-1.304722583590999907e+00,-1.211298636003921070e+00,7.238797981606456822e-02
2.600000000000000089e-01,3.992258978317438367e-01,8.719689909438713693e-01,-8.419379290571301411e+00,-7.784165919578278192e+00,3.992258978317438367e-01,3.324611029300215570e+00,6.653122130095803777e-02,4.337673375590160418e+00,7.143342934067548056e-01,7.876396563680595486e-01,8.097762460692344011e-02,1.136369506626254550e-01,3.356682835236696194e-02,2.403359679589042175e-01,4.501343890433211203e-03,-1.409048927828806252e-01,3.608421988287030757e+00,1.587951936150821863e+00,2.846912922471736551e-01,6.759108663952210216e-01,-1.667807910159468499e+00,-5.828023303595510907e-01,2.356077112337181534e-01,-9.972162291858401861e-01,3.292064848864225013e+00,-8.581941613674907154e-01,-1.750426138062174619e+00,1.055551604928008091e-01,-6.288246510732019567e-01,1.153864060305081243e-16,3.398845415469250231e+00,4.960994409621970469e+00,-4.598659184576915360e-01,-1.040948443314586802e+00,-1.321916781707763278e+00,-1.207125637542320051e+00,9.470281845083763916e-02
2.610000000000000098e-01,4.147511522464731315e-01,7.721186118679601584e-01,-8.403148064213782575e+00,-7.791378894287748658e+00,4.147511522464731315e-01,3.240907197921619520e+00,7.627450830353223188e-02,4.333324273352107348e+00,6.628869100273986348e-01,7.353820491022878825e-01,7.583933865944698927e-02,1.061592238761984025e-01,3.115928701308063459e-02,2.243910060796259764e-01,4.241071290366578775e-03,-1.315512274931310566e-01,3.513649396753842691e+00,1.579539632751520761e+00,1.566356828005050494e-01,6.842317491515542693e-01,-1.658420594957290106e+00,-5.851108114047102182e-01,2.397770270818312954e-01,-9.954620036186139220e-01,3.262928203249801484e+00,-8.578917562039362066e-01,-1.735757644131188604e+00,1.054253966740432008e-01,-6.235784168304180364e-01,0.000000000000000000e+00,3.253569442237516540e+00,4.918307174660769832e+00,-5.950968495272328518e-01,-1.020366607966553651e+00,-1.328604192203620915e+00,-1.204448156944761594e+00,1.082257995887002389e-01
2.620000000000000107e-01,4.303299697953539837e-01,6.302359543876506764e-01,-8.382697713673632478e+00,-7.812132461804263350e+00,4.303299697953539837e-01,3.104416968813328292e+00,9.802238975896181150e-02,4.326968314037701546e+00,5.926634304590385760e-01,7.362699895145788931e-01,7.601208680240267856e-02,1.063080004936576700e-01,3.113650565720685326e-02,2.246622925284266770e-01,4.259043094353095332e-03,-1.317084582956009886e-01,3.601887153425531451e+00,1.596410628008174903e+00,2.447726307805854207e-01,6.934448601874071416e-01,-1.670920199509883908e+00,-5.840842996534720832e-01,2.449818571128023759e-01,-1.005976466492997989e+00,3.290256799270301347e+00,-8.672955491599790845e-01,-1.750552565223774781e+00,1.065497109291530520e-01,-6.289052196278448470e-01,4.650783380781367288e-17,3.332180676447112244e+00,4.962679514080879706e+00,-5.162149178857360354e-01,-1.025971199379160925e+00,-1.339708196052304068e+00,-1.208730476186963942e+00,1.132733988172014428e-01
2.630000000000000115e-01,4.459411327435591765e-01,4.710624101077223180e-01,-8.351905178779308159e+00,-7.824420876458056284e+00,4.459411327435591765e-01,2.958827108430714503e+00,1.219933639801457637e-01,4.316688377347706940e+00,5.144596847951521390e-01,7.314471347293908243e-01,7.573042258933848636e-02,1.056630327103209033e-01,3.076713006896283908e-02,2.231863343701742941e-01,4.266102479336251162e-03,-1.308380802605734750e-01,3.486654676930549979e+00,1.567663825575090542e+00,1.136400289266812358e-01,7.318604471774150522e-01,-1.648923404696517769e+00,-5.836994154427260773e-01,2.521200768109776447e-01,-1.009948424386175159e+00,3.281422530225724721e+00,-8.718555791102063912e-01,-1.746629531592828188e+00,1.070231750513002539e-01,-6.275121539671784099e-01,0.000000000000000000e+00,3.208153387273765755e+00,4.924816778390153971e+00,-6.525525174732043077e-01,-9.840019543464503249e-01,-1.318713895275043235e+00,-1.206945466930568367e+00,1.212819965504041697e-01
2.640000000000000124e-01,4.628266428029548796e-01,3.006504535808622869e-01,-8.313916105564663539e+00,-7.834388159115608374e+00,4.628266428029548796e-01,2.798920127105280375e+00,1.492404138337340702e-01,4.303561603220487974e+00,4.312653193997026957e-01,7.919320217198729805e-01,8.221041371458469305e-02,1.144427429469745683e-01,3.314165588522577366e-02,2.416336695362643894e-01,4.654553627675726141e-03,-1.416470992103676385e-01,3.497673406025572973e+00,1.589525718217005723e+00,9.835209375210618443e-02,7.161740100971859535e-01,-1.650227711136010855e+00,-5.866076522497082335e-01,2.659452457264712133e-01,-1.012421168942297500e+00,3.269917360375421911e+00,-8.749967570602380507e-01,-1.741228994883535108e+00,1.073259977709349750e-01,-6.255865198347412282e-01,-4.619385555883167298e-17,3.277184258803148786e+00,4.941653492307011675e+00,-6.622019203611573257e-01,-9.919133289011234922e-01,-1.301268043828811560e+00,-1.207539618456773933e+00,1.242981465161035193e-01
2.650000000000000133e-01,4.809885671618663316e-01,1.271094692379453051e-01,-8.279236511600499782e+00,-7.848546028497216831e+00,4.809885671618663316e-01,2.638605554217854365e+00,1.770658874669611971e-01,4.291976160052612066e+00,3.466606703507213449e-01,8.241540091587875594e-01,8.581576398905473024e-02,1.191597543094951861e-01,3.428976400149452708e-02,2.514600717472717517e-01,4.886285080131976336e-03,-1.474012222164695629e-01,3.523826882210181921e+00,1.606282787735621609e+00,9.829481199183848217e-02,7.241124385938528807e-01,-1.656258364054049803e+00,-5.898387338888342324e-01,2.766009972881519619e-01,-1.018943622348836398e+00,3.269454277328948777e+00,-8.817179406361703720e-01,-1.741771084020703686e+00,1.080575721152828989e-01,-6.258094666467096667e-01,-1.179044018141870817e-16,3.329037269020132861e+00,4.961552829053625047e+00,-6.642633743348366204e-01,-9.833688814253562782e-01,-1.296740720191495111e+00,-1.210761915455412119e+00,1.291997750716822879e-01
2.660000000000000142e-01,4.979764081896617678e-01,-3.279082904670749254e-02,-8.250136149299381216e+00,-7.864113749935786934e+00,4.979764081896617678e-01,2.494300833603852574e+00,2.017027060538981731e-01,4.282376849406745123e+00,2.683851904194524129e-01,7.704237943900518193e-01,8.047825686992965410e-02,1.114458752448254097e-01,3.185626776087333717e-02,2.350577501196176589e-01,4.609426091829035496e-03,-1.377802914187020444e-01,3.547637598671234294e+00,1.622862391743058907e+00,1.056911007944227876e-01,7.200630045527475209e-01,-1.661500470139521735e+00,-5.902131760782877157e-01,2.833336991580222008e-01,-1.026897644740410120e+00,3.271851349486498695e+00,-8.897804901491408458e-01,-1.743908625138312685e+00,1.089470603578122088e-01,-6.266019689126630654e-01,4.619184946827642163e-17,3.291163748320875548e+00,4.975191998099487201e+00,-6.726435141098926485e-01,-9.919893528246919168e-01,-1.317495659662091922e+00,-1.212205718899121765e+00,1.455534077393202119e-01
2.670000000000000151e-01,5.113865679163192013e-01,-1.784400035029375942e-01,-8.222441848769017625e+00,-7.880555503566750275e+00,5.113865679163192013e-01,2.353133176520608938e+00,2.261497119858328908e-01,4.272259917380222483e+00,1.971751744153770192e-01,8.239484153620681983e-01,8.615612794077168179e-02,1.192079389641608894e-01,3.399785749306040439e-02,2.513853422742605148e-01,4.944751125794667919e-03,-1.473485663713994531e-01,3.462459372027306692e+00,1.610987094795824692e+00,2.781573076948817835e-03,7.203908235691556250e-01,-1.648182350142000541e+00,-5.907187609128137229e-01,2.880876604891156045e-01,-1.024196958365541033e+00,3.255179161196447790e+00,-8.878802381831037982e-01,-1.735322600320724495e+00,1.086818384885578914e-01,-6.235244976223328628e-01,-1.185136421907428217e-16,3.262210829023834080e+00,4.952322383933044136e+00,-7.658907261419940493e-01,-9.809339192585084799e-01,-1.288115169379182134e+00,-1.209298507409351853e+00,1.407390941177160404e-01
2.680000000000000160e-01,5.209682627544867106e-01,-3.149286079624358803e-01,-8.189964258574820022e+00,-7.887235194700484620e+00,5.209682627544867106e-01,2.228500744519544607e+00,2.485479152781072398e-01,4.259822847056693007e+00,1.302567212799148610e-01,8.210853905917027129e-01,8.611086635369456788e-02,1.188478081241824136e-01,3.368727257233861128e-02,2.505023333824887288e-01,4.968054741229155705e-03,-1.468249355160849701e-01,3.512969191599096597e+00,1.632526285141421951e+00,4.075247082151672862e-02,7.140058634440782370e-01,-1.653503630886209885e+00,-5.893583491286872311e-01,2.996462334802606486e-01,-1.034197280128583252e+00,3.266359384848329217e+00,-8.975803483565941709e-01,-1.742056646300755407e+00,1.097790516754899720e-01,-6.259690660907929471e-01,-1.657666615918654105e-16,3.299857302062215947e+00,4.984996536343444973e+00,-7.379800694108951120e-01,-9.943635102843385587e-01,-1.293222245828231198e+00,-1.210359360478250990e+00,1.528212979641755120e-01
2.690000000000000169e-01,5.237148817201819906e-01,-4.307807725905559160e-01,-8.148704507683055098e+00,-7.880103285907528843e+00,5.237148817201819906e-01,2.119181311496785458e+00,2.686066526077742211e-01,4.242502402371354009e+00,7.327095043996809109e-02,8.374731190559291383e-01,8.807501861791398878e-02,1.212710760987528585e-01,3.417960818685954194e-02,2.554954907493590666e-01,5.105185342969739345e-03,-1.497459273395171375e-01,3.587042550519877970e+00,1.663865906996427668e+00,1.015233810696308248e-01,7.037860603991832331e-01,-1.666776191259721207e+00,-5.942716592113858054e-01,3.070779092784917674e-01,-1.041778495250341940e+00,3.271959538447699156e+00,-9.050409790957997247e-01,-1.745758313457212996e+00,1.106094477660773123e-01,-6.273257554536476599e-01,-4.616147953802993854e-17,3.382737174325465279e+00,5.023900464062041493e+00,-6.822465219274159720e-01,-1.007792644871170262e+00,-1.300671252744284967e+00,-1.216492229322063690e+00,1.573319819389745744e-01
2.700000000000000178e-01,5.174775562138208551e-01,-5.028166703220073863e-01,-8.104203686235202042e+00,-7.856382355333806800e+00,5.174775562138208551e-01,2.051389353277814909e+00,2.802399583050506626e-01,4.222327351979577870e+00,3.683269723934184947e-02,8.415822115804637571e-01,8.880421186887448026e-02,1.219259407595409545e-01,3.413379944640976965e-02,2.567414633909728128e-01,5.175283175613712948e-03,-1.504695485860592097e-01,3.707465199894868224e+00,1.710601330728555691e+00,2.333794654408156144e-01,6.668635746599768099e-01,-1.678961827187069211e+00,-5.988109130618385345e-01,3.166077660679035843e-01,-1.051848523208562369e+00,3.284021840275217929e+00,-9.146460553303358276e-01,-1.752978897300979000e+00,1.116848433760480458e-01,-6.299622451811055512e-01,1.217146055008946706e-16,3.497198888266769501e+00,5.083427382872647726e+00,-5.593406491299792727e-01,-1.051981523194592594e+00,-1.310535520420048394e+00,-1.223597875067330198e+00,1.661382174818444857e-01
2.710000000000000187e-01,5.015330272846070248e-01,-5.124611187267011925e-01,-8.064307183274971536e+00,-7.817476126685437343e+00,5.015330272846070248e-01,2.045173281932411324e+00,2.791071076305163268e-01,4.202298151903836043e+00,2.953950770862379116e-02,8.822023869430055676e-01,9.340947246010376792e-02,1.278738681514780540e-01,3.554683730373755374e-02,2.691237753780839070e-01,5.474494768955491183e-03,-1.577191305325671700e-01,3.813127160283992012e+00,1.738511335840889016e+00,3.256772990756651720e-01,6.847834052562722373e-01,-1.693822875566771469e+00,-6.002304921161322193e-01,3.292400020298767993e-01,-1.066635432656262594e+00,3.309262178167653445e+00,-9.284600261338674665e-01,-1.767285796013871924e+00,1.132683423370346304e-01,-6.351490972467260798e-01,-1.234266350608337043e-16,3.628694114570734985e+00,5.141182986468646021e+00,-4.749088589067241850e-01,-1.046955553453862153e+00,-1.311430757851652862e+00,-1.229905094593902737e+00,1.715208714973095183e-01
2.720000000000000195e-01,4.783520020920187799e-01,-4.701441829800477867e-01,-8.032223323992260688e+00,-7.772196876323871351e+00,4.783520020920187799e-01,2.081010042007659155e+00,2.696657792374871909e-01,4.183833130780504561e+00,4.686286919635790360e-02,9.554523800209102635e-01,1.012747156192830705e-01,1.385132757640521461e-01,3.841230243251153587e-02,2.914657925466942467e-01,5.947174321927468574e-03,-1.708099172984267333e-01,3.684729791416684996e+00,1.723328929766963169e+00,1.922239952958242903e-01,6.655838465784611468e-01,-1.670610578199596574e+00,-6.048162293477700180e-01,3.309320576849664741e-01,-1.056530224448047228e+00,3.270211490098074769e+00,-9.200593803542391758e-01,-1.746741360689348710e+00,1.122097993599729115e-01,-6.277769674312750903e-01,-1.683606916517129327e-16,3.583651946989547810e+00,5.094815135484321189e+00,-5.893221092943627948e-01,-1.042745211678375972e+00,-1.266934986292929555e+00,-1.226646022457117624e+00,1.601221403865395743e-01
2.730000000000000204e-01,4.533298071058091683e-01,-3.963882431380678639e-01,-8.010430574432639617e+00,-7.724751300885803751e+00,4.533298071058091683e-01,2.156928131989193975e+00,2.529628718907003249e-01,4.169643555889547493e+00,7.869908103792799814e-02,1.043867182477548727e+00,1.110176057546553574e-01,1.514010907820947383e-01,4.170546503936167770e-02,3.184277999505053525e-01,6.552668780598524395e-03,-1.866024911323286850e-01,3.871446124012940082e+00,1.765527722516062603e+00,3.976251529123161488e-01,6.727000339240716276e-01,-1.693200104930296712e+00,-6.065337375781045814e-01,3.388064042139630194e-01,-1.076223576123923387e+00,3.313730251980774089e+00,-9.378926144649799568e-01,-1.770716327522626976e+00,1.142861179014247192e-01,-6.364473575253932758e-01,0.000000000000000000e+00,3.839089730366565423e+00,5.190275580251492826e+00,-3.888663707705690697e-01,-1.056310828559193560e+00,-1.260486187078366571e+00,-1.236428426322899288e+00,1.522039130816343344e-01
2.740000000000000213e-01,4.275556113481051024e-01,-2.832918383294898423e-01,-8.001120737457510401e+00,-7.676607676730610841e+00,4.275556113481051024e-01,2.273297582499347769e+00,2.290169641076793827e-01,4.160459958564524996e+00,1.288588809907720290e-01,1.039199450157668680e+00,1.108711121493600599e-01,1.507873249467441001e-01,4.127757388783589998e-02,3.169941682082147993e-01,6.574267109938856588e-03,-1.857547684807789590e-01,3.923957072326254014e+00,1.781750611242793436e+00,4.597754899234254844e-01,6.802569545704530984e-01,-1.690654350834604136e+00,-6.102824144143007556e-01,3.509059102775246575e-01,-1.083198637516389562e+00,3.318741413277671359e+00,-9.446145847265895457e-01,-1.774094036601476354e+00,1.150137629600925387e-01,-6.377091752100851885e-01,0.000000000000000000e+00,3.879957884967533133e+00,5.211363136669825202e+00,-3.340517698564199334e-01,-1.052559508143187328e+00,-1.258646419666296978e+00,-1.241417322514447141e+00,1.651511417967456985e-01
2.750000000000000222e-01,4.035695274892550088e-01,-1.213216428129865188e-01,-8.003034062259438031e+00,-7.622782308724206146e+00,4.035695274892550088e-01,2.440586613193825638e+00,1.953425142079550370e-01,4.156277505611151390e+00,2.014460229638583288e-01,1.184495046517036521e+00,1.268179766190541402e-01,1.719481218650527332e-01,4.672938082738266330e-02,3.612980478917070526e-01,7.560641541386430367e-03,-2.117061186488313207e-01,4.009401174780523824e+00,1.794999078304978513e+00,5.402945347944423382e-01,7.153712945641644838e-01,-1.700401016846655011e+00,-6.088333758595051437e-01,3.608897653802852767e-01,-1.096529358273483412e+00,3.341471955174410535e+00,-9.569463632523413921e-01,-1.787003565858248377e+00,1.164073490920772280e-01,-6.424134473091450692e-01,0.000000000000000000e+00,4.097366863024077155e+00,5.263289010098443299e+00,-2.447037065928463206e-01,-1.024902890466701022e+00,-1.222695619862870675e+00,-1.243686181627263743e+00,1.491836467314539560e-01
2.760000000000000231e-01,3.860911981040675012e-01,7.823501955885359127e-02,-8.013352420815511579e+00,-7.563797281237771841e+00,3.860911981040675012e-01,2.647434310198326202e+00,1.545311163263437815e-01,4.156710619202966583e+00,2.910098817772975299e-01,1.186659310773725329e+00,1.275136105749825610e-01,1.723504931483938463e-01,4.647708950548892770e-02,3.619468518129040358e-01,7.645758813420260730e-03,-2.120756849109327324e-01,3.987914970227512068e+00,1.786100440454100102e+00,5.054098663338532083e-01,7.613861453137741320e-01,-1.693297110743678724e+00,-6.126701359266371050e-01,3.703063635793229502e-01,-1.098446633829667007e+00,3.327377263980155320e+00,-9.594544047700359624e-01,-1.780308991852541878e+00,1.166019831692941960e-01,-6.400752482853132586e-01,1.739670638970403013e-16,4.076127647171570167e+00,5.240991315009237539e+00,-2.816940452877889078e-01,-9.724457570332789569e-01,-1.214748275761480478e+00,-1.245099625398530030e+00,1.582306786683903843e-01
2.770000000000000240e-01,3.772721202355909242e-01,2.936128963576269957e-01,-8.028509990334274704e+00,-7.507194966933774083e+00,3.772721202355909242e-01,2.860979714407108965e+00,1.139489298376581139e-01,4.160345731809966807e+00,3.877607058387736449e-01,1.130986284642832240e+00,1.216803440479062443e-01,1.642915959979041607e-01,4.419062068424490369e-02,3.449612704207707381e-01,7.309386439341541628e-03,-2.021199704493263638e-01,4.008221164294754502e+00,1.799492130442420734e+00,5.351430985665897033e-01,7.384796533980513278e-01,-1.693801857297586144e+00,-6.134992115911208632e-01,3.708798469083091631e-01,-1.094266158572903214e+00,3.308240198797313791e+00,-9.560642898461896300e-01,-1.770349675185159732e+00,1.161535333065221165e-01,-6.365157882512013643e-01,0.000000000000000000e+00,4.044941290364683084e+00,5.229412673287640700e+00,-2.566295952816957660e-01,-9.876794011028634523e-01,-1.232687053570293401e+00,-1.242705613402980580e+00,1.687598764589827993e-01
2.780000000000000249e-01,3.747177745907979141e-01,5.086776545838673780e-01,-8.043602141146596551e+00,-7.447249336056871449e+00,3.747177745907979141e-01,3.081682282119871275e+00,7.379271557768220247e-02,4.165593371605680773e+00,4.838841970341271614e-01,1.110516411601055742e+00,1.198969053252414430e-01,1.613938306518252208e-01,4.310766565192392791e-02,3.387048990698730555e-01,7.236758409135264983e-03,-1.984452392839958224e-01,4.022463311218466231e+00,1.814636407184206490e+00,5.524060017380656440e-01,7.239734715702006440e-01,-1.691546462180713473e+00,-6.157398588920482974e-01,3.764789932061351485e-01,-1.091138525585051422e+00,3.282018475896205434e+00,-9.539358655767850026e-01,-1.757047231954716793e+00,1.157951211402273306e-01,-6.317940514258153506e-01,-1.262650024982018322e-16,4.041841197234470329e+00,5.216551788405652701e+00,-2.401360331868941378e-01,-9.899660947325922278e-01,-1.237046441970613087e+00,-1.240297151908728246e+00,1.780337539221392151e-01
2.790000000000000258e-01,3.738094021294829372e-01,7.163625281523638977e-01,-8.054156072056873228e+00,-7.385091256252753311e+00,3.738094021294829372e-01,3.292876013701483640e+00,3.780755340763139460e-02,4.169528347832895498e+00,5.765785477227718392e-01,1.051768623699742999e+00,1.139269055815661097e-01,1.529245409737819972e-01,4.058216728551572450e-02,3.207776729051443620e-01,6.905647296179489789e-03,-1.879340314421506786e-01,4.036608977832434775e+00,1.821686752586821001e+00,5.652036599002528972e-01,7.315979439618321978e-01,-1.692465149185095274e+00,-6.174883126105354947e-01,3.792966798076208290e-01,-1.090311053205109237e+00,3.264121006940183367e+00,-9.537549104138310918e-01,-1.748147060814154274e+00,1.156831315324416132e-01,-6.286498506527119501e-01,-4.593694192315100607e-17,3.998066548327068315e+00,5.199734665108570297e+00,-2.356267095397961975e-01,-9.759669495668061856e-01,-1.256004344747509327e+00,-1.239232515967068071e+00,1.913626483654700949e-01
2.800000000000000266e-01,3.742879557046268624e-01,9.107078621048081413e-01,-8.056471452113333598e+00,-7.318158666423483893e+00,3.742879557046268624e-01,3.490082348866210715e+00,6.479813276382649471e-03,4.170695343924619714e+00,6.630271771660296576e-01,1.030583020092371127e+00,1.120405944272632737e-01,1.499163985108235286e-01,3.948777627051470313e-02,3.143023162005353366e-01,6.824864117498529066e-03,-1.841314405018699418e-01,4.023874213471089867e+00,1.826038133590358159e+00,5.281578130703625806e-01,7.447706755051800576e-01,-1.693810841527034761e+00,-6.190212016627844038e-01,3.854202483058393192e-01,-1.086838287456314056e+00,3.236476187306929653e+00,-9.513440320460526678e-01,-1.734098267740549870e+00,1.152871515640115918e-01,-6.236644377781177528e-01,8.023380160891858972e-17,3.967618946107147160e+00,5.174554915324550919e+00,-2.732698204648665863e-01,-9.498398159648551164e-01,-1.264221373762487888e+00,-1.235860775323403660e+00,2.012888078039694328e-01
2.810000000000000275e-01,3.772234025077302877e-01,1.081463034763584297e+00,-8.052290255251104867e+00,-7.251624539118860291e+00,3.772234025077302877e-01,3.663725179925640063e+00,-1.881940730219905725e-02,4.169944962545369727e+00,7.385617440145689772e-01,9.615485134005372636e-01,1.049336496830759746e-01,1.399374773826160268e-01,3.656852720842048571e-02,2.932323818521268000e-01,6.425321412178034222e-03,-1.717789895258219346e-01,3.993136891146618517e+00,1.837687299478386826e+00,4.782977135106014632e-01,7.273165328118470496e-01,-1.689625464105750652e+00,-6.219514415426514731e-01,3.928099252213078652e-01,-1.078689977305889780e+00,3.193819434437844329e+00,-9.449125086348477698e-01,-1.712078244725356635e+00,1.143996062613516773e-01,-6.158087047739394526e-01,-4.492031164642315608e-17,3.875995427241266000e+00,5.136440383599307324e+00,-3.266773177416302798e-01,-9.481931847050890649e-01,-1.281993475992272202e+00,-1.231334824904412928e+00,2.210309356954858750e-01
2.820000000000000284e-01,3.818136441002262238e-01,1.230048014138626744e+00,-8.043692068090091851e+00,-7.192590487471957950e+00,3.818136441002262238e-01,3.805343911247673461e+00,-3.719386429609215783e-02,4.167364372158428587e+00,8.042043080451135584e-01,9.296129020725468761e-01,1.015833042104260231e-01,1.353132512332072268e-01,3.526521337857369681e-02,2.834896639986254074e-01,6.230649541954300444e-03,-1.660687610349502186e-01,4.103976522893360901e+00,1.849546075092491915e+00,6.203610104509285073e-01,7.514603951991585262e-01,-1.697808357673949997e+00,-6.200250607866449881e-01,3.945599923827183830e-01,-1.090462941813874931e+00,3.223092523153863187e+00,-9.553977084867013581e-01,-1.728026406907196888e+00,1.156323034328952254e-01,-6.215718694855316695e-01,1.261884396193352395e-16,3.943126483152032957e+00,5.174221902456781486e+00,-1.997234468025656240e-01,-9.413007983294646719e-01,-1.298686390242429489e+00,-1.235366280730222144e+00,2.284912313477682755e-01
2.830000000000000293e-01,3.887925187894118451e-01,1.364738624212105123e+00,-8.030402928079384495e+00,-7.128921444051823819e+00,3.887925187894118451e-01,3.940604235933921728e+00,-5.548458413770739756e-02,4.163588339752191558e+00,8.631536307069427316e-01,9.126427052066059531e-01,1.000780784952745167e-01,1.329024451023210485e-01,3.438561367226128374e-02,2.783029821438275375e-01,6.166593415751317649e-03,-1.630228464394488375e-01,4.005207627675409832e+00,1.843286055665882772e+00,4.916906373429948407e-01,7.524923688651942166e-01,-1.680779777576684841e+00,-6.257531905121049842e-01,4.066497270032921607e-01,-1.076420507880416322e+00,3.164778210960845772e+00,-9.437378962745486266e-01,-1.697527558953270788e+00,1.141252795155191790e-01,-6.106618719202079326e-01,1.690586692369971395e-16,3.841429825001599241e+00,5.108142345122002936e+00,-3.191448138292327652e-01,-9.106495764158153428e-01,-1.288351515917338208e+00,-1.230248469016561597e+00,2.436268805638434898e-01
2.840000000000000302e-01,4.001309300067295571e-01,1.473284117246715930e+00,-8.017039272095935587e+00,-7.074250870569090743e+00,4.001309300067295571e-01,4.049501129856914794e+00,-6.986201309607509291e-02,4.160373729993572134e+00,9.099329605976769209e-01,9.527680142714377576e-01,1.048284902269099317e-01,1.388056441336542046e-01,3.567083480573418619e-02,2.905291744779542329e-01,6.485517706820683251e-03,-1.701774163974735798e-01,3.987041893915370228e+00,1.844928218821015209e+00,4.662550167691987824e-01,7.614156416883788303e-01,-1.677739419969167978e+00,-6.294782768983586685e-01,4.094148154564120623e-01,-1.072853120649680969e+00,3.139672861418769223e+00,-9.411028572609823062e-01,-1.684745476535885578e+00,1.137185270020724531e-01,-6.061228681079680047e-01,-8.002184974676134279e-17,3.866956787537126683e+00,5.089429570466694308e+00,-3.360421963581293192e-01,-8.876590000417725612e-01,-1.273491718489141444e+00,-1.229115627299506075e+00,2.392373990589384269e-01
2.850000000000000311e-01,4.178567163750124269e-01,1.550471242260270888e+00,-8.005633348561445928e+00,-7.030720023409571695e+00,4.178567163750124269e-01,4.130750820020856473e+00,-8.077875583983469554e-02,4.158910160760236785e+00,9.418189806314147816e-01,8.843775018213310135e-01,9.766758559099449066e-02,1.289060949788641552e-01,3.287103193461998751e-02,2.696649107740652918e-01,6.070496494022884978e-03,-1.579485146579580890e-01,4.006220610897984535e+00,1.844848111877886998e+00,4.677578872349345551e-01,8.096820279094490980e-01,-1.679851874014440583e+00,-6.326947399005794503e-01,4.186130429715945178e-01,-1.076302064237017575e+00,3.133322694122609331e+00,-9.446999928879639130e-01,-1.682096892414030931e+00,1.140537508416258339e-01,-6.052428381248726730e-01,1.245522257743197002e-16,3.814296048482297863e+00,5.075838391591490861e+00,-3.480360106741652304e-01,-8.395438325699617899e-01,-1.296133212398749457e+00,-1.231867081531429209e+00,2.606645283136365121e-01
2.860000000000000320e-01,4.436785959587266071e-01,1.605823423231831359e+00,-7.994718797274847688e+00,-6.994000812106721199e+00,4.436785959587266071e-01,4.192630457642350095e+00,-9.114309250618198022e-02,4.158739537166032285e+00,9.629569975535323678e-01,8.252766417685530875e-01,9.149363930421396118e-02,1.203545383446442685e-01,3.043830226145420939e-02,2.516342906995872042e-01,5.714651089431150265e-03,-1.473800475548201205e-01,3.997919649134451969e+00,1.846743156206942293e+00,4.367817952422928807e-01,8.337622815929062181e-01,-1.683219289244160199e+00,-6.351120276127455444e-01,4.220624153106156684e-01,-1.075355621694329411e+00,3.112733797486123333e+00,-9.445371907811138668e-01,-1.671870388966920640e+00,1.139308455016056765e-01,-6.016384658728639589e-01,0.000000000000000000e+00,3.747840669208675646e+00,5.050970592997279240e+00,-3.874008571941767176e-01,-8.076698051125602573e-01,-1.317654153042967291e+00,-1.231035842396178248e+00,2.746823677557955756e-01
2.870000000000000329e-01,4.768924397461034026e-01,1.646584728169005363e+00,-7.979828959154917634e+00,-6.963691343632200770e+00,4.768924397461034026e-01,4.230356291735816399e+00,-1.005275032292209242e-01,4.157360939827459134e+00,9.769257922599022814e-01,7.325318286627103825e-01,8.131829679478391748e-02,1.068482773114689255e-01,2.694791928243000373e-02,2.233526711062625292e-01,5.087156118851809267e-03,-1.308135056271269026e-01,4.023143485622608040e+00,1.840529523734976802e+00,4.713590985081540508e-01,8.625988348562980690e-01,-1.684479021531059217e+00,-6.321226359692357910e-01,4.215402167105637421e-01,-1.080192630778995300e+00,3.120955387616003662e+00,-9.489884347128673125e-01,-1.676554931472153731e+00,1.144331306355809014e-01,-6.033506250021557493e-01,0.000000000000000000e+00,3.675482683506322790e+00,5.042803208145764771e+00,-3.707810588932443085e-01,-7.870081773334256514e-01,-1.346693219789215856e+00,-1.230386104852539519e+00,2.907267110834368395e-01
2.880000000000000338e-01,5.125138909647539709e-01,1.677939540064332213e+00,-7.954342351480445217e+00,-6.921854918946921842e+00,5.125138909647539709e-01,4.263210975980085138e+00,-1.140341522801481822e-01,4.151988215219058809e+00,9.856542635612226544e-01,6.926049383674999227e-01,7.716293090586499870e-02,1.010717961526447634e-01,2.530271155502193670e-02,2.111682574324223460e-01,4.846999603927514173e-03,-1.236716000739884747e-01,3.995441889887511699e+00,1.862871022820409284e+00,4.195219595029395787e-01,8.149645330982123737e-01,-1.685883082065093408e+00,-6.343329896140212920e-01,4.252609386145201897e-01,-1.068144425800093833e+00,3.070421259369029876e+00,-9.389519386524224354e-01,-1.650150271336740637e+00,1.131301834124091993e-01,-5.939092256478897269e-01,-4.311253306750016221e-17,3.619902402454917567e+00,5.010455213095304394e+00,-4.183581829968380794e-01,-8.098830266835063130e-01,-1.361584641220261904e+00,-1.223395215657983481e+00,3.015893385405316596e-01
2.889999999999999791e-01,5.429020185372599450e-01,1.705358865131168633e+00,-7.918544181831057571e+00,-6.872300339177265904e+00,5.429020185372599450e-01,4.287549284455629994e+00,-1.310153747726927609e-01,4.140947090331449587e+00,9.922166825530822631e-01,6.542988050408713452e-01,7.314060985394124637e-02,9.552383625449428761e-02,2.374728303363421444e-02,1.994808770093746408e-01,4.611800299921068984e-03,-1.168217801835400305e-01,4.076691485934995640e+00,1.898724125510164562e+00,4.942693472237105201e-01,7.974872558777632570e-01,-1.696664373744769305e+00,-6.377512149449109380e-01,4.350225649848507570e-01,-1.068980663254121666e+00,3.058807638526015005e+00,-9.401494932089664580e-01,-1.644576523724538442e+00,1.131881732195481882e-01,-5.919663312317865467e-01,-4.293796807790423688e-17,3.662009627721745098e+00,5.030672373890120674e+00,-3.503563097307616503e-01,-8.233419848131409147e-01,-1.383995323515846643e+00,-1.225105745876776453e+00,3.182007848013106432e-01
2.899999999999999800e-01,5.641469183114959929e-01,1.740917587379323894e+00,-7.878013890279916609e+00,-6.814727851295639738e+00,5.641469183114959929e-01,4.318956032916457133e+00,-1.552252356821325063e-01,4.125893796194182173e+00,1.002221819459879759e+00,5.287396132419152073e-01,5.933271469334131659e-02,7.723154340930167561e-02,1.905061556649628729e-02,1.611935571607059914e-01,3.756233408254511241e-03,-9.439508335483320911e-02,4.098147899301369357e+00,1.915313623196671200e+00,4.984230262961500957e-01,7.984050673762943529e-01,-1.704516308205444197e+00,-6.412613608693039646e-01,4.381288065720038705e-01,-1.068174644201008050e+00,3.041083685358091149e+00,-9.399168826026146339e-01,-1.635794644730733660e+00,1.130650371359410988e-01,-5.888749385076045284e-01,1.236161522793620908e-16,3.558712868342276625e+00,5.015730023248103464e+00,-3.642623128971628765e-01,-8.183389617879430755e-01,-1.430257713908797079e+00,-1.226380065968653899e+00,3.437337232171707724e-01
2.909999999999999809e-01,5.763762471126638864e-01,1.787110515980936398e+00,-7.839978831545248994e+00,-6.754878173304086353e+00,5.763762471126638864e-01,4.362413659802026444e+00,-1.870761588273303078e-01,4.109826474100223059e+00,1.016976692690428896e+00,5.004033956949784923e-01,5.637238931950996901e-02,7.313109983731377883e-02,1.788960458994297287e-02,1.525486078702338044e-01,3.584493741115077521e-03,-8.932810172410696192e-02,4.099407960412072782e+00,1.946112653339366450e+00,4.767461018972889986e-01,7.580637680009987278e-01,-1.710381683805972219e+00,-6.485515021931508306e-01,4.426106444314663602e-01,-1.058926801449149968e+00,2.997808166590633761e+00,-9.323888131667500412e-01,-1.613346796823354801e+00,1.120622254436764442e-01,-5.808641123711323351e-01,4.205479352177770852e-17,3.540884554657901084e+00,5.000293209249509374e+00,-3.825116114321472915e-01,-8.373934242324131416e-01,-1.445770850492061887e+00,-1.225831120823168030e+00,3.532825427073594815e-01
2.919999999999999818e-01,5.806262500954465500e-01,1.833760912723854108e+00,-7.808890733746991941e+00,-6.706826434397742176e+00,5.806262500954465500e-01,4.399992358572582418e+00,-2.216804719682816671e-01,4.094415261808507012e+00,1.032280924145261736e+00,5.174611060951229691e-01,5.836923256304187707e-02,7.563675197347569101e-02,1.845042190730554477e-02,1.577461781785238770e-01,3.717014644379426375e-03,-9.237006418523506512e-02,4.072072741114812544e+00,1.940457987765589420e+00,4.441623631840451170e-01,7.683145719718953437e-01,-1.703860463195675967e+00,-6.497221890528035448e-01,4.466751516275270228e-01,-1.056492626420580949e+00,2.985199821971404877e+00,-9.304610967894368923e-01,-1.606840586591756326e+00,1.117979545789014317e-01,-5.785457158346848372e-01,0.000000000000000000e+00,3.533041220789354675e+00,4.984027042300035681e+00,-4.106619816319160843e-01,-8.200755927125554789e-01,-1.434316330438250686e+00,-1.224550890243108814e+00,3.543050874422919438e-01
2.929999999999999827e-01,5.779355617661361411e-01,1.881213221416795589e+00,-7.786079352960754818e+00,-6.662251102916876278e+00,5.779355617661361411e-01,4.447067024086548415e+00,-2.626180072624115236e-01,4.081107151379543829e+00,1.047743286358606252e+00,4.963862760734477630e-01,5.620633391502914689e-02,7.259096374257388573e-02,1.756842990550473022e-02,1.513149090322459256e-01,3.593166285888215947e-03,-8.859992732623403477e-02,4.162516650558267806e+00,1.983172827279546580e+00,5.428660157630942340e-01,7.307867683833794148e-01,-1.712692551996466861e+00,-6.532858640048221366e-01,4.550499045828949596e-01,-1.060284315481103024e+00,2.982415362640888912e+00,-9.341353581680374996e-01,-1.606030609964330225e+00,1.121448317033175435e-01,-5.783298944705506095e-01,-1.227043138302124757e-16,3.598618611150612878e+00,5.021794523835464652e+00,-3.186783786623693659e-01,-8.576754116754460311e-01,-1.449232811260903420e+00,-1.228022592189484730e+00,3.664499772566608415e-01
2.939999999999999836e-01,5.692276892309321434e-01,1.938473791267795399e+00,-7.773543411887060550e+00,-6.623769326322606510e+00,5.692276892309321434e-01,4.506810149938939247e+00,-3.093609465838032535e-01,4.070526028487062575e+00,1.067823225275993604e+00,5.736995187323336021e-01,6.518313669982031544e-02,8.393295588143807884e-02,2.016369893838970695e-02,1.748750139411180127e-01,4.182548344290826225e-03,-1.023905723081869057e-01,4.146798348491129715e+00,1.981110861883375041e+00,5.132118181602633999e-01,7.546134743371237796e-01,-1.710054524966206024e+00,-6.555074206424182925e-01,4.606102954669131222e-01,-1.062174662563617034e+00,2.974272529917136421e+00,-9.362273441828041776e-01,-1.602326489833364231e+00,1.123096439304776401e-01,-5.770642623338726462e-01,-4.169656511376791796e-17,3.658323204659846173e+00,5.020566528500332026e+00,-3.390825701411027127e-01,-8.275493165578506893e-01,-1.422869867094610496e+00,-1.228389134632000168e+00,3.582197231587261887e-01
2.949999999999999845e-01,5.587884062295571663e-01,2.001977058710705304e+00,-7.764815500272758797e+00,-6.585224253334976297e+00,5.587884062295571663e-01,4.575488326962364738e+00,-3.603985017701877847e-01,4.060827929758071164e+00,1.090608611491419300e+00,6.049637112460068966e-01,6.900129723205862542e-02,8.855517991019937196e-02,2.109334276435295696e-02,1.843968500807742217e-01,4.446198378570544001e-03,-1.079601803267242199e-01,4.098372446584710893e+00,1.950826060162164310e+00,4.600188239731401452e-01,8.244332202613712246e-01,-1.695776768244971144e+00,-6.527508027483649444e-01,4.677551233233907535e-01,-1.071517285686377052e+00,2.984528466584325912e+00,-9.450041342942756550e-01,-1.608631389327972672e+00,1.132651340312923055e-01,-5.794166962929666598e-01,0.000000000000000000e+00,3.631818872144340737e+00,5.004355823978548834e+00,-3.964301304109361102e-01,-7.631048263022485179e-01,-1.398114784132904687e+00,-1.227721300662760973e+00,3.597949429966665336e-01
2.959999999999999853e-01,5.540330712574170757e-01,2.055788042027011819e+00,-7.747236482602358087e+00,-6.541234230249175496e+00,5.540330712574170757e-01,4.632298817663071944e+00,-4.093752599552371030e-01,4.048189296147707950e+00,1.108620491495439175e+00,6.089462375566274677e-01,6.973578159784939168e-02,8.918418926419677262e-02,2.104955757203646680e-02,1.856007541663708682e-01,4.513978281648432095e-03,-1.086590693359146403e-01,4.042503665033662763e+00,1.920789027338884347e+00,4.067622905560585589e-01,8.874598053690739841e-01,-1.681462351599937399e+00,-6.530805123272452883e-01,4.698138200541204790e-01,-1.078535184944949821e+00,2.987663224418887431e+00,-9.517514318630440062e-01,-1.611145224764050532e+00,1.139688179937551893e-01,-5.804121244569547811e-01,0.000000000000000000e+00,3.572914717645340410e+00,4.978188033355620767e+00,-4.558049520427885914e-01,-7.026358618229401332e-01,-1.381892779439811259e+00,-1.228978658502551724e+00,3.611547507182058525e-01
2.969999999999999862e-01,5.574381521652194138e-01,2.097494518472501568e+00,-7.720620993904262264e+00,-6.498965096550877618e+00,5.574381521652194138e-01,4.665932324879014104e+00,-4.519479689542630907e-01,4.032889808439279911e+00,1.121086340233668377e+00,6.924578486465796656e-01,7.940553551594765891e-02,1.014319026601032403e-01,2.386721565706573581e-02,2.110505098808617974e-01,5.147601740173584663e-03,-1.235562645993763392e-01,4.127114374905129779e+00,1.962332279970064430e+00,4.962876812174833452e-01,8.406270543023699471e-01,-1.693603613928448048e+00,-6.563591649970541564e-01,4.741182473836926814e-01,-1.077976640842094769e+00,2.981047841422745037e+00,-9.514105506882916119e-01,-1.607842467215498283e+00,1.138926082885537844e-01,-5.792529609085534936e-01,-1.247562625012606365e-16,3.741595582709615009e+00,5.022785656908757446e+00,-3.536909668107049987e-01,-7.433481972560626039e-01,-1.368660495759032480e+00,-1.230464524165434170e+00,3.505619827843162173e-01
2.979999999999999871e-01,5.661483113632024278e-01,2.123426980706074829e+00,-7.686874940232658382e+00,-6.449547600783485102e+00,5.661483113632024278e-01,4.690450323198758653e+00,-4.907468224324156858e-01,4.015696911472366182e+00,1.125867756744179049e+00,6.589933628781434738e-01,7.584655800079219412e-02,9.657981339746730953e-02,2.253624366117334965e-02,2.008416713217267280e-01,4.936296395910721481e-03,-1.175738570570723507e-01,3.914854077603256766e+00,1.888363137844071504e+00,2.573779074291490665e-01,9.259343163489254236e-01,-1.659903299035080160e+00,-6.534717030819476857e-01,4.754089022891141991e-01,-1.072940101963504755e+00,2.951349190608111517e+00,-9.475467911336803439e-01,-1.592611655762721456e+00,1.133384837822846436e-01,-5.738423194322117560e-01,1.241752316156721822e-16,3.500907338517895262e+00,4.915558886452975784e+00,-5.935890703070638708e-01,-6.441410957526226833e-01,-1.345723143931068844e+00,-1.222377726118248686e+00,3.578350452320419595e-01
2.989999999999999880e-01,5.815312121654424571e-01,2.104387095665186447e+00,-7.640171568322484674e+00,-6.404528678802492436e+00,5.815312121654424571e-01,4.667191772811763784e+00,-5.151426106616563416e-01,3.994604108144824028e+00,1.110122886345883630e+00,7.005489294217207563e-01,8.090489907366453515e-02,1.027171077953581146e-01,2.377712604223227583e-02,2.134972089325711253e-01,5.285608730418868417e-03,-1.249766354349404612e-01,3.852583401418737896e+00,1.893243804365881244e+00,1.860862839568559468e-01,9.010433040279554051e-01,-1.646073018816192945e+00,-6.585871214721539246e-01,4.831863099516355842e-01,-1.063269355451271547e+00,2.910514133422164473e+00,-9.395238933148127858e-01,-1.571311027834475738e+00,1.122921981186251056e-01,-5.662409423228906835e-01,0.000000000000000000e+00,3.489862975389187216e+00,4.884662836861710211e+00,-6.507205015625987521e-01,-6.464905977642880774e-01,-1.320283611764996756e+00,-1.219542455064625663e+00,3.582096745166951091e-01
2.999999999999999889e-01,6.019025975449031618e-01,2.022003823198676109e+00,-7.581502447285314084e+00,-6.369551516671964286e+00,6.019025975449031618e-01,4.582192957055077009e+00,-5.202345387139009070e-01,3.970033700678933464e+00,1.065635112663734230e+00,7.311779572338417132e-01,8.477032341875530286e-02,1.072641523290060739e-01,2.460299267248332658e-02,2.228190128636535483e-01,5.561754992326553744e-03,-1.304264330852191456e-01,3.742530095270638846e+00,1.876235379271867565e+00,6.129464888078400842e-02,9.014110699155024609e-01,-1.626263035568165094e+00,-6.603864076857048904e-01,4.887099822321024911e-01,-1.056590262178351169e+00,2.875834010856158862e+00,-9.342390905056922046e-01,-1.553432748373027694e+00,1.115633612540871261e-01,-5.598793506290881128e-01,-1.222849125858443763e-16,3.417117790326129612e+00,4.836839713546781994e+00,-7.656802892959020390e-01,-6.274186857850418964e-01,-1.291880661450424350e+00,-1.214704003322466530e+00,3.582835491468832068e-01
3.009999999999999898e-01,6.267630972774284048e-01,1.874961235698385575e+00,-7.515645512887582314e+00,-6.351018362726865263e+00,6.267630972774284048e-01,4.434520590443237431e+00,-5.046541114662304039e-01,3.944008882607786148e+00,9.920121192249093944e-01,7.845907462856172021e-01,9.132979492419759926e-02,1.151637677906816731e-01,2.615040369561151545e-02,2.390841248562977917e-01,6.020821699665142648e-03,-1.399390436680882643e-01,3.644043215243037537e+00,1.841975942881576289e+00,-4.232389297560773533e-02,9.620677057694605461e-01,-1.601735742180586453e+00,-6.658358838022034876e-01,4.972858774404522730e-01,-1.058536616660276763e+00,2.864360200987344118e+00,-9.365989795340934343e-01,-1.548099152571274839e+00,1.117406689462393243e-01,-5.580577625242187922e-01,0.000000000000000000e+00,3.370097344868377753e+00,4.797665938793118201e+00,-8.637591047190195104e-01,-5.598810431062027915e-01,-1.250910948378049392e+00,-1.217872824626757167e+00,3.573468337723639809e-01
3.019999999999999907e-01,6.579867816549731518e-01,1.679574678539338395e+00,-7.449384950752578227e+00,-6.356220130717222361e+00,6.579867816549731518e-01,4.232348390096760227e+00,-4.700664631628336809e-01,3.919602716603687309e+00,8.970530755077972263e-01,8.871945372962566356e-01,1.034138770432993654e-01,1.302455881265956184e-01,2.947642678774994168e-02,2.703443177732563485e-01,6.827947202052988065e-03,-1.582329669266502037e-01,3.725293688574536244e+00,1.880279474899620995e+00,4.934349920938252421e-02,9.207106339383328564e-01,-1.610533985630979714e+00,-6.690428111374823184e-01,5.025656240207927450e-01,-1.063985743993385524e+00,2.874033444372489310e+00,-9.415821717755713527e-01,-1.553600416829587161e+00,1.122991655696352481e-01,-5.600745810575191719e-01,4.020000283857976439e-17,3.548502481877407355e+00,4.857726796315409601e+00,-7.619930844395932379e-01,-6.034133561035043281e-01,-1.227890502288088159e+00,-1.222289444992948448e+00,3.443326570941425135e-01
3.029999999999999916e-01,6.926026745740819779e-01,1.461810877820912458e+00,-7.391034252004101468e+00,-6.371647697669555299e+00,6.926026745740819779e-01,4.020744206436866364e+00,-4.277493436205733190e-01,3.899778690415489191e+00,7.920060962876563915e-01,9.354485539698395025e-01,1.094441341390637590e-01,1.373997112384762465e-01,3.080745178736550571e-02,2.850349349623764184e-01,7.256812596220397343e-03,-1.668225941785482780e-01,3.591076663605956565e+00,1.848046065954328299e+00,-1.013177870951167403e-01,9.537809123221725471e-01,-1.584968969468749433e+00,-6.746136981651844611e-01,5.095193753486976229e-01,-1.059066946188821801e+00,2.844938941090445095e+00,-9.378468129983810186e-01,-1.538711918480992091e+00,1.117594830169072462e-01,-5.547938252402764281e-01,8.279701293529383445e-17,3.467458271386974378e+00,4.802429141183838013e+00,-9.017648888550214847e-01,-5.541235543714539968e-01,-1.188174551489465713e+00,-1.222150710809240426e+00,3.426967811701494560e-01
3.039999999999999925e-01,7.299559213464361651e-01,1.223232980732531949e+00,-7.338250102235875261e+00,-6.401266216539988285e+00,7.299559213464361651e-01,3.790778853098720980e+00,-3.756974485807089148e-01,3.883476793411520855e+00,6.779297381128256417e-01,1.022552550746861133e+00,1.200508177549814842e-01,1.502679149966385796e-01,3.339681302748836317e-02,3.115614463112146293e-01,7.991507860763531756e-03,-1.823386908288132657e-01,3.553531414083921369e+00,1.846811578610799920e+00,-1.370781997287393583e-01,9.496711710317750077e-01,-1.573826253740576053e+00,-6.767860043542450743e-01,5.141602951903706531e-01,-1.062060108856933915e+00,2.838579033524207151e+00,-9.410465540782486649e-01,-1.536030687722505839e+00,1.120518014660839695e-01,-5.539127412265513195e-01,0.000000000000000000e+00,3.514023855973848587e+00,4.805441429889988569e+00,-9.278568388103494158e-01,-5.529627036632425163e-01,-1.150213005963277357e+00,-1.222707237720032980e+00,3.318216043615573874e-01
3.049999999999999933e-01,7.682624361945666891e-01,9.674791770339098429e-01,-7.283500848491806678e+00,-6.435202193820054539e+00,7.682624361945666891e-01,3.545923475292247051e+00,-3.145848304932074568e-01,3.867436596946990157e+00,5.564604490920628255e-01,1.030128579347552531e+00,1.214213043578179496e-01,1.514575327620651390e-01,3.332619012395095920e-02,3.138479785145254497e-01,8.117708056767180755e-03,-1.836663131899634593e-01,3.538847876933489900e+00,1.846494870019139922e+00,-1.519727535810362906e-01,9.613227796170892292e-01,-1.565437292112161538e+00,-6.772439124153739609e-01,5.214461276241175725e-01,-1.070965553271462811e+00,2.845913610893968215e+00,-9.495637204712054080e-01,-1.540880648850909251e+00,1.129640896584729326e-01,-5.557548147834751040e-01,3.976340619242049503e-17,3.498010903009579842e+00,4.813829785270925754e+00,-9.500789412901766706e-01,-5.462316791098690283e-01,-1.138625223939163211e+00,-1.224881019142081806e+00,3.377798144341541131e-01
3.059999999999999942e-01,8.057529868332315992e-01,7.113866227648839580e-01,-7.220187229613874713e+00,-6.462309326449322100e+00,8.057529868332315992e-01,3.297837583480152990e+00,-2.475801027004388144e-01,3.848549342702411113e+00,4.354298562896213864e-01,9.800756942492532264e-01,1.160064541157716372e-01,1.441758747852656120e-01,3.138576785796895474e-02,2.985760162991868971e-01,7.790922848787068880e-03,-1.747183449893038865e-01,3.540233809713513757e+00,1.835459090429048201e+00,-1.577161137861041174e-01,1.009575234817903455e+00,-1.562760139615010591e+00,-6.732348355628515746e-01,5.271678196747608958e-01,-1.088667745184257463e+00,2.876337797633845561e+00,-9.658484624685509390e-01,-1.558244427181020075e+00,1.147904728794259532e-01,-5.621253530595973213e-01,0.000000000000000000e+00,3.431641758778509299e+00,4.827803342178665247e+00,-9.793887014693894999e-01,-5.172834245051476376e-01,-1.149393650436397740e+00,-1.227569265773661655e+00,3.524494746854570093e-01
3.069999999999999951e-01,8.427447100756779719e-01,4.629145618265599893e-01,-7.147177648883182854e+00,-6.482862907960956100e+00,8.427447100756779719e-01,3.044491214116152200e+00,-1.745536328726256248e-01,3.826183970352062147e+00,3.189406655373533406e-01,9.539664092384392280e-01,1.130721458910560612e-01,1.403573782054238217e-01,3.044473798685339017e-02,2.906146747250283324e-01,7.605469339429076110e-03,-1.700561195522293234e-01,3.498221943730240202e+00,1.837776899439804046e+00,-1.967550495105560016e-01,9.861829801616274205e-01,-1.552024162502072313e+00,-6.779314468835968555e-01,5.302781105372830206e-01,-1.085566328623937205e+00,2.862524457278270429e+00,-9.633053037744925273e-01,-1.551076689942506581e+00,1.144516053014178053e-01,-5.595738567329523461e-01,-3.997456955853855607e-17,3.366622024344741781e+00,4.813373502609130661e+00,-1.019702975079624707e+00,-5.344489717940257290e-01,-1.146957882475626356e+00,-1.229899834277120130e+00,3.602219909850536972e-01
3.079999999999999960e-01,8.768839031233007786e-01,2.315954780244896538e-01,-7.076089794526005505e+00,-6.496103027587547096e+00,8.768839031233007786e-01,2.815196032358026734e+00,-1.032020668836542143e-01,3.804762485987461584e+00,2.107560090881565318e-01,9.296968668221212706e-01,1.106382566136946966e-01,1.368548908441917789e-01,2.939623253561050864e-02,2.832049015949008042e-01,7.469815357356304579e-03,-1.657111808417818521e-01,3.598643028518162534e+00,1.885851923254378004e+00,-8.353057981639289142e-02,9.441266720382022193e-01,-1.562888546983375981e+00,-6.819293921042601792e-01,5.366756616196159957e-01,-1.096838128298999848e+00,2.877674513683531554e+00,-9.737368633859928568e-01,-1.560119423735429445e+00,1.155905518353827904e-01,-5.629317010725071180e-01,0.000000000000000000e+00,3.431501767041283735e+00,4.874164693551604088e+00,-9.204125523581940804e-01,-5.865965191616167029e-01,-1.164093093553092428e+00,-1.237391277819411162e+00,3.709644807778341713e-01
3.089999999999999969e-01,9.042561035326956986e-01,3.548506256561190231e-02,-7.018417193261340614e+00,-6.510065854865329626e+00,9.042561035326956986e-01,2.622685961690462086e+00,-3.736881190484762222e-02,3.788081483096399804e+00,1.195691738131209325e-01,9.329785181031077235e-01,1.114324958634507479e-01,1.373982316318650421e-01,2.924126648973907755e-02,2.841889742939792129e-01,7.550791122747306516e-03,-1.662784709848361131e-01,3.615559146426245540e+00,1.907812294285373245e+00,-8.254330264133646899e-02,9.338090101421097078e-01,-1.566184948844949743e+00,-6.885156738691918799e-01,5.445110867052739279e-01,-1.098856418673756830e+00,2.869646741185762018e+00,-9.759380788915317240e-01,-1.556538678258443831e+00,1.157577158757102653e-01,-5.617322403493151262e-01,1.271882151018033161e-16,3.449681245855596767e+00,4.888891531334586205e+00,-9.210831499010031509e-01,-5.934884016265949969e-01,-1.166238258675260209e+00,-1.242697123095759748e+00,3.782326157204379258e-01
3.099999999999999978e-01,9.233711630380959656e-01,-1.124651959386596678e-01,-6.977925525384427452e+00,-6.522200351451500566e+00,9.233711630380959656e-01,2.482940924314347431e+00,1.766588631165794815e-02,3.777265253953141499e+00,5.104921926684467814e-02,9.377487101664128133e-01,1.124709957283269446e-01,1.381771053363296531e-01,2.909764383277232275e-02,2.856279997995732067e-01,7.651418959939876828e-03,-1.671108858434061650e-01,3.685698234594064537e+00,1.946673253298591755e+00,-3.557308956695037772e-03,9.066981602276862340e-01,-1.572252643825637008e+00,-6.963121897965417473e-01,5.511030388914335276e-01,-1.105436451487079585e+00,2.871627059762955181e+00,-9.822350503221367601e-01,-1.558500813648560746e+00,1.163994146428221632e-01,-5.625473897124093625e-01,-8.789154941464649883e-17,3.518010493273397543e+00,4.930771308789873686e+00,-8.476152539425021448e-01,-6.227050095881021541e-01,-1.170225229383241583e+00,-1.251208160549011295e+00,3.839921530480272516e-01
3.109999999999999987e-01,9.373293399393527459e-01,-2.104770578032934547e-01,-6.953178239180949127e+00,-6.530761064298925334e+00,9.373293399393527459e-01,2.395860625895876339e+00,6.115721541335877864e-02,3.772164972693964113e+00,5.707709571496244472e-03,9.497199586225802959e-01,1.144071892662732876e-01,1.400141929021910536e-01,2.915120055933528853e-02,2.892549648650378780e-01,7.816225284699416381e-03,-1.692223336581207271e-01,3.677828866825692877e+00,1.926106836050387683e+00,-5.216718036021639193e-03,9.762046237043592312e-01,-1.563497523894965990e+00,-6.964389173574326852e-01,5.557662031802215186e-01,-1.121151205748628144e+00,2.896712811811585464e+00,-9.966590014752396698e-01,-1.573036771871911599e+00,1.179936982141985974e-01,-5.679143855904074112e-01,0.000000000000000000e+00,3.506397619699645141e+00,4.937226837128246615e+00,-8.618615266090702276e-01,-5.676809476082170791e-01,-1.156248860815729529e+00,-1.256537077663140600e+00,3.865438695221007914e-01
3.119999999999999996e-01,9.526477866725470145e-01,-2.803846114343283569e-01,-6.937680942468157141e+00,-6.540743666439358783e+00,9.526477866725470145e-01,2.329958085405927637e+00,1.009585068465942564e-01,3.771183923293651041e+00,-2.639736949652266018e-02,8.461205550052917079e-01,1.020723420459504899e-01,1.247622326024597633e-01,2.587805045107850754e-02,2.576958842519095350e-01,6.983274038415611222e-03,-1.507562894148915256e-01,3.556816029210145835e+00,1.895119275559872696e+00,-1.272945576502414466e-01,9.811317847112120960e-01,-1.541773680301951943e+00,-6.984303281574918421e-01,5.543544982149922751e-01,-1.111712185893745319e+00,2.866727224204831170e+00,-9.884643097325478411e-01,-1.557083114898349496e+00,1.169869675920725133e-01,-5.621910196337521759e-01,3.996936941601501263e-17,3.291224398321691780e+00,4.863918841810654037e+00,-9.909966347803293996e-01,-5.500732797360589066e-01,-1.167090828457969964e+00,-1.253638073752828319e+00,4.035982088001007773e-01
3.130000000000000004e-01,9.723820573886473584e-01,-3.423400520224071375e-01,-6.927732948110055133e+00,-6.550607127713702127e+00,9.723820573886473584e-01,2.280400572244883683e+00,1.374723437108153479e-01,3.773719685071118768e+00,-5.548266563299045218e-02,8.960824786324590452e-01,1.085413348046608967e-01,1.321893124465841896e-01,2.714125610871791910e-02,2.728939941984480644e-01,7.451500215602506992e-03,-1.596385601340397919e-01,3.666091786477319037e+00,1.941455473751902971e+00,-2.055471881796433475e-02,9.567939937703042741e-01,-1.559846099881950554e+00,-7.004643164938698652e-01,5.600973062481396925e-01,-1.121161527578359518e+00,2.877372383965719482e+00,-9.972042754970054101e-01,-1.563702775449932858e+00,1.179185703536849983e-01,-5.646816859329004679e-01,4.010362618166869085e-17,3.441012737531418786e+00,4.927369192522283114e+00,-8.855696818683854721e-01,-5.797675255709107134e-01,-1.169033535329817575e+00,-1.257694502211167853e+00,4.004587461140999283e-01
3.140000000000000013e-01,9.916208868390665732e-01,-3.904991973350581125e-01,-6.921670545231521032e+00,-6.559095272082662298e+00,9.916208868390665732e-01,2.245057231249978358e+00,1.700790401950295627e-01,3.777837980209756807e+00,-7.846061043622581943e-02,7.463423924342820204e-01,9.074515100579577664e-02,1.101493975042540097e-01,2.239989316600531424e-02,2.272780523856661739e-01,6.249785294551291233e-03,-1.329470804579216403e-01,3.622495529171956719e+00,1.940668215903067040e+00,-7.637176168783843533e-02,9.538939113667418424e-01,-1.552094301982184232e+00,-7.025616752939896070e-01,5.652607399821061307e-01,-1.117232196020149670e+00,2.853819224418578493e+00,-9.941003039847710054e-01,-1.551715342210248094e+00,1.174581036021695307e-01,-5.604453272990792545e-01,0.000000000000000000e+00,3.251605725586088624e+00,4.885232591327441476e+00,-9.603226681683554311e-01,-5.754215376775009272e-01,-1.207358145994348542e+00,-1.256757217298517526e+00,4.323136595241844904e-01
3.150000000000000022e-01,1.008143447000385828e+00,-4.249236856716902544e-01,-6.910530683229986870e+00,-6.557271576855108641e+00,1.008143447000385828e+00,2.222202495245659826e+00,1.977847995258540936e-01,3.779301081589736544e+00,-9.541688568301393003e-02,6.129479662682765229e-01,7.484281934250840151e-02,9.050454656270842668e-02,1.820689048856077505e-02,1.866408344204648628e-01,5.172666484088443185e-03,-1.091697524652309598e-01,3.616301757835454378e+00,1.936544433370322338e+00,-1.011178159642904251e-01,9.886367642195078576e-01,-1.551191269493074731e+00,-7.004702587827041915e-01,5.725503304086260181e-01,-1.124234963119884245e+00,2.856360145867456790e+00,-1.000790391400448343e+00,-1.554027671946992095e+00,1.181430609977868612e-01,-5.613812985115045340e-01,0.000000000000000000e+00,3.105014760983846767e+00,4.867747398580288376e+00,-1.011403660802030480e+00,-5.471840172389235146e-01,-1.246407374074822938e+00,-1.256678890810120075e+00,4.633805779433950445e-01
3.160000000000000031e-01,1.022370059980225898e+00,-4.545115210567531316e-01,-6.888513394988262206e+00,-6.543704269251581884e+00,1.022370059980225898e+00,2.199575402727685702e+00,2.224967573788710629e-01,3.775599089751564552e+00,-1.103917267388678791e-01,5.735053349613039586e-01,7.033989265769820254e-02,8.472164481125490920e-02,1.684578937247399599e-02,1.746167397787303788e-01,4.879791138993458746e-03,-1.021302561079376336e-01,3.604035076640175639e+00,1.953478862761333312e+00,-1.278137944089720035e-01,9.655978621506343673e-01,-1.553762529785988722e+00,-7.056582887051903175e-01,5.736149247171284937e-01,-1.119503577890232471e+00,2.829340686213622558e+00,-9.969668736407020226e-01,-1.540270680075456200e+00,1.175786041184254949e-01,-5.565250685992257917e-01,-2.985588449544944845e-16,3.058036833711247127e+00,4.853159441632654669e+00,-1.040059023238419256e+00,-5.578270285523478922e-01,-1.261567185888832876e+00,-1.257303566165422604e+00,4.714846686091905270e-01
3.170000000000000040e-01,1.033417448736925204e+00,-4.798992685191710850e-01,-6.861979343201039860e+00,-6.527404446169759566e+00,1.033417448736925204e+00,2.170266115149535491e+00,2.454309806619189016e-01,3.768617066714885500e+00,-1.232161867236195862e-01,4.772476699866576855e-01,5.862277938422511686e-02,7.051354482107198562e-02,1.396555186903711797e-02,1.453052390676226047e-01,4.071918022020786995e-03,-8.498469762031529706e-02,3.623055196517887655e+00,1.956326902745374019e+00,-8.822930671087314547e-02,9.689549396778102119e-01,-1.549770902540136497e+00,-7.063855232679688845e-01,5.741177290503549635e-01,-1.125213043349019948e+00,2.838883389522326439e+00,-1.002163533087656377e+00,-1.545777501918788710e+00,1.181533639994404167e-01,-5.585541203498404217e-01,0.000000000000000000e+00,2.975089823155525615e+00,4.853833071651926012e+00,-1.019879294977457329e+00,-5.628570103719413575e-01,-1.286312299473073573e+00,-1.260867725595788524e+00,4.891330314300396664e-01
3.180000000000000049e-01,1.044729126259786200e+00,-4.977751006267591150e-01,-6.834366538858699158e+00,-6.504507622519624555e+00,1.044729126259786200e+00,2.155858675066505636e+00,2.602906760048732115e-01,3.760621486414045478e+00,-1.333889544231447732e-01,4.564450242980782058e-01,5.629441952402498839e-02,6.746992627579029289e-02,1.321954841919306851e-02,1.389605449828371364e-01,3.923375266469249223e-03,-8.126918127988580487e-02,3.600733521370443668e+00,1.943071133088094093e+00,-1.498390303135848090e-01,1.036920070030784791e+00,-1.546849153565154733e+00,-7.067937892754353468e-01,5.886828628334019875e-01,-1.130276238221439744e+00,2.837143845306978829e+00,-1.007116467691221873e+00,-1.545722809142469290e+00,1.186359172762872088e-01,-5.586391610799245067e-01,0.000000000000000000e+00,2.926902307447082130e+00,4.836509397919097175e+00,-1.089485571729016389e+00,-4.955831906924914043e-01,-1.289252691306030485e+00,-1.261509575088890500e+00,5.074136815535161826e-01
3.190000000000000058e-01,1.058928091720707121e+00,-5.065883744399957145e-01,-6.804026173688881407e+00,-6.476299239741406311e+00,1.058928091720707121e+00,2.146847016134592501e+00,2.675551221514824718e-01,3.750774540691719228e+00,-1.400458341260189810e-01,5.287633543774911127e-01,6.546287593834079765e-02,7.818975137306671819e-02,1.516528680717863994e-02,1.609636102891055243e-01,4.576309605492022599e-03,-9.413223915001731057e-02,3.626078015478363170e+00,1.958198066907184565e+00,-1.290350073040675838e-01,1.036661120626265031e+00,-1.549523360384757575e+00,-7.084450152693357872e-01,5.938599616135943338e-01,-1.133747951117410002e+00,2.833546083928122794e+00,-1.010499892166450753e+00,-1.544540881832576984e+00,1.189358667981773726e-01,-5.583127066433046792e-01,1.706523728015125864e-16,3.021093418738443948e+00,4.857207026773648018e+00,-1.061345148097451618e+00,-4.927144743991332954e-01,-1.269623883297474665e+00,-1.262181412307148420e+00,4.997277224635772175e-01
3.200000000000000067e-01,1.073525402426171782e+00,-4.957695425752641771e-01,-6.774220214397726814e+00,-6.440513507559898265e+00,1.073525402426171782e+00,2.157691523698085589e+00,2.621640104085177780e-01,3.739691038182060723e+00,-1.386614141488799190e-01,5.909527270546287570e-01,7.347752943698977746e-02,8.742463597152874688e-02,1.676063802569157518e-02,1.798787307498123378e-01,5.154229242891427212e-03,-1.051874352134928720e-01,3.679870763487864682e+00,1.999256253839360786e+00,-9.062724219593909503e-02,1.001910067523261727e+00,-1.558235372064725732e+00,-7.129748702855494003e-01,6.045826318706928326e-01,-1.131535171880277080e+00,2.813981333580007238e+00,-1.008871196241632351e+00,-1.534780065950950956e+00,1.186339380814307454e-01,-5.548969876600746698e-01,0.000000000000000000e+00,3.139288318662216248e+00,4.886715116856358065e+00,-1.012073802466042727e+00,-5.161093604019976189e-01,-1.259722703233482566e+00,-1.262717628702732631e+00,4.993951966571999468e-01
3.210000000000000075e-01,1.083416188233672806e+00,-4.509758234145930800e-01,-6.744401744282609634e+00,-6.391548649182594133e+00,1.083416188233672806e+00,2.199645413860821908e+00,2.399583001253534076e-01,3.725858967602552863e+00,-1.226289461933748604e-01,6.220680572912540285e-01,7.769640378532369218e-02,9.206757740303579685e-02,1.742979098431461649e-02,1.893284667343232142e-01,5.470504248496784946e-03,-1.107058942411351110e-01,3.712804024832915495e+00,1.993407502743736348e+00,-6.237436049880651368e-02,1.057922424852563603e+00,-1.559076194037157137e+00,-7.073094420269901983e-01,6.122562435482694632e-01,-1.147156320658743622e+00,2.838824680439336223e+00,-1.023097822202805762e+00,-1.549220471913338892e+00,1.201839600331535418e-01,-5.602494040942058717e-01,1.327943707383620102e-16,3.187715761465425679e+00,4.909928586968396402e+00,-9.934046052985764375e-01,-4.738682560764606588e-01,-1.249563767269680437e+00,-1.262088341872699138e+00,5.015503493071344909e-01
3.220000000000000084e-01,1.088097618069867822e+00,-3.706373833836412168e-01,-6.706056169322877736e+00,-6.323594652015467332e+00,1.088097618069867822e+00,2.262899046152145210e+00,2.032904822634667430e-01,3.705303524364595091e+00,-9.076249115670476098e-02,5.656449392345582750e-01,7.075600831218724351e-02,8.372869656309302189e-02,1.578462155935396460e-02,1.721497596435731525e-01,4.987846420647279802e-03,-1.006587675298505347e-01,3.709884477922065660e+00,1.983813191615955596e+00,-5.242772042153254208e-02,1.079443311015021889e+00,-1.553703589872352353e+00,-7.060377212193860164e-01,6.119586363059170697e-01,-1.150756717839081400e+00,2.843002677672811451e+00,-1.026411489812197431e+00,-1.551809437529435343e+00,1.205328600157307278e-01,-5.612285132584129421e-01,0.000000000000000000e+00,3.124772699317542646e+00,4.897571877600954693e+00,-9.951105136706368537e-01,-4.565815049550595028e-01,-1.261020970213048376e+00,-1.262278388057151757e+00,5.112998687760665906e-01
3.230000000000000093e-01,1.088102779244432439e+00,-2.540177692360912620e-01,-6.656448145310102760e+00,-6.228556921973432914e+00,1.088102779244432439e+00,2.361759007186555959e+00,1.485089283820729966e-01,3.677516249463128162e+00,-4.353153576489895982e-02,5.560712927670132810e-01,6.985377303761078349e-02,8.234340249826394009e-02,1.534752177620403446e-02,1.692188499921713496e-01,4.939201865552881807e-03,-9.893907649151952033e-02,3.814046916480035243e+00,2.029360126627790972e+00,5.020417110596253618e-02,1.050790416645989156e+00,-1.569930781881437198e+00,-7.045975973855723717e-01,6.187776965821984998e-01,-1.158394084989619266e+00,2.849285985298835477e+00,-1.033432851374377348e+00,-1.556081957106879798e+00,1.212462243152030161e-01,-5.628858147200456186e-01,0.000000000000000000e+00,3.211724124257429480e+00,4.948499884964236983e+00,-9.008852777701508163e-01,-4.899440186846866219e-01,-1.279465707574062749e+00,-1.262544210240065023e+00,5.198386200906789378e-01
3.240000000000000102e-01,1.077854652574938621e+00,-9.508715054136374079e-02,-6.595028473735619734e+00,-6.106140337673386043e+00,1.077854652574938621e+00,2.493690500487098394e+00,7.697148850971120837e-02,3.641080980708342185e+00,2.255267874226862812e-02,5.682387363968970373e-01,7.166474863394484140e-02,8.417589934461974788e-02,1.551787480342137204e-02,1.729032275553238629e-01,5.082078797808862666e-03,-1.010874014477968208e-01,3.831376206106553273e+00,2.031722136402537515e+00,7.893855213963107964e-02,1.064714187035078252e+00,-1.565107969781201369e+00,-7.022266956812730498e-01,6.239854716508507204e-01,-1.164715129896950918e+00,2.853387150591276455e+00,-1.039248269870525654e+00,-1.559069807465785606e+00,1.218208160202635809e-01,-5.640803198321938661e-01,0.000000000000000000e+00,3.234899812606499836e+00,4.956774035627758757e+00,-8.761338183862747986e-01,-4.788377456272859822e-01,-1.270383926205613800e+00,-1.261224936715658052e+00,5.228980702030538996e-01
3.250000000000000111e-01,1.054735539582887016e+00,1.060417660429474607e-01,-6.517826996703843356e+00,-5.951588901040570256e+00,1.054735539582887016e+00,2.659305015999041011e+00,-1.076267216517479489e-02,3.594107561718742350e+00,1.074876374184878247e-01,7.153318415609301040e-01,9.061052049576724665e-02,1.060052257557403677e-01,1.929892709731526393e-02,2.176323103401240633e-01,6.447164148279898796e-03,-1.272297388741870372e-01,3.873951674537208678e+00,2.050001184258095410e+00,1.164557925455723675e-01,1.065801639721505767e+00,-1.570904481147620713e+00,-7.003882635395941580e-01,6.296633288794067917e-01,-1.170521636621586925e+00,2.854414984315428061e+00,-1.044676549706377244e+00,-1.560500407770734732e+00,1.223349698890942444e-01,-5.647243428767066975e-01,0.000000000000000000e+00,3.418761879476551968e+00,4.995026689069290704e+00,-8.222155314050645369e-01,-4.753998409519136770e-01,-1.230937200918402308e+00,-1.258665442268021017e+00,5.024335900052196990e-01
3.260000000000000120e-01,1.019406801483223823e+00,3.463314997426427677e-01,-6.426729465751020776e+00,-5.768416744920454420e+00,1.019406801483223823e+00,2.854499148815373477e+00,-1.125348541822518422e-01,3.537585407716196784e+00,2.099731705982219587e-01,8.121152621046625608e-01,1.033556269058638344e-01,1.203918334029848575e-01,2.161378394632514771e-02,2.470420278471670283e-01,7.381706795866960907e-03,-1.444123200106509353e-01,3.939752588947313061e+00,2.061372259751863112e+00,2.076408139479849480e-01,1.085847826592169829e+00,-1.567310135475893595e+00,-6.956416950260772003e-01,6.389555328351208541e-01,-1.186840649389435898e+00,2.881420232361249223e+00,-1.059374488795843838e+00,-1.576119297771744421e+00,1.239162208133889331e-01,-5.705303798210048516e-01,0.000000000000000000e+00,3.565027201662539724e+00,5.046148119018975642e+00,-7.313418414448740190e-01,-4.686576872332494648e-01,-1.196351886815337773e+00,-1.258790368051214914e+00,4.945432128244698911e-01
3.270000000000000129e-01,9.751391235963138282e-01,6.224745865940388700e-01,-6.328318660364786297e+00,-5.567161506113253111e+00,9.751391235963138282e-01,3.072751933190734697e+00,-2.243665370509855261e-01,3.474941924684991523e+00,3.289500398996186292e-01,8.823879603409070516e-01,1.124695618531496161e-01,1.308254453158818054e-01,2.337842391679121473e-02,2.684062232332093956e-01,8.042653104285866703e-03,-1.568973280840704754e-01,3.966822687032888872e+00,2.063663861691754864e+00,2.244401643081472830e-01,1.110622141986876255e+00,-1.571500792786929335e+00,-6.928918184646672973e-01,6.442877748674266103e-01,-1.191433340754297632e+00,2.888143686196319671e+00,-1.063546519530239820e+00,-1.580091319596722332e+00,1.243590577163016936e-01,-5.720187152707001399e-01,-9.785430890885394674e-17,3.657777306619498070e+00,5.064277109741224692e+00,-7.082809099062107316e-01,-4.460907536930548423e-01,-1.178735511837418315e+00,-1.256867880631081569e+00,4.873904467833560239e-01
3.280000000000000138e-01,9.261652556411601456e-01,9.259574291200134422e-01,-6.222748252277887637e+00,-5.344833388351863057e+00,9.261652556411601456e-01,3.318546221243452443e+00,-3.463127937754933439e-01,3.407399318880813599e+00,4.597339267205876601e-01,9.581695793551967544e-01,1.226655956245735896e-01,1.421160024291184543e-01,2.507893260086445017e-02,2.914201763057539529e-01,8.798016446131472559e-03,-1.703390649857934869e-01,3.996065803313816112e+00,2.047705155984448577e+00,2.905067711091917637e-01,1.166078661850473486e+00,-1.561914722592018245e+00,-6.867648610560126432e-01,6.454814935230175355e-01,-1.211273381886322831e+00,2.924125944698054980e+00,-1.081373224195649074e+00,-1.600582986686959863e+00,1.263188212068675764e-01,-5.795728765799516014e-01,4.056070074037111393e-17,3.742962000782689813e+00,5.094496696307077244e+00,-6.487504506573388285e-01,-4.094253922356219100e-01,-1.144175725079396688e+00,-1.257539721189832926e+00,4.751424285372240486e-01
3.290000000000000147e-01,8.752919228618359915e-01,1.243810240680860657e+00,-6.099795214494126760e+00,-5.099699565414798741e+00,8.752919228618359915e-01,3.570382320718070268e+00,-4.707087674012901402e-01,3.331706995801282822e+00,5.968455922194418894e-01,1.012084092541112978e+00,1.301594172779790282e-01,1.501774076085937160e-01,2.614056595372672362e-02,3.077742526859986727e-01,9.366585938647101206e-03,-1.798855863033541058e-01,3.985788087453010498e+00,2.039377769295684928e+00,2.588360601310896181e-01,1.207434387631630468e+00,-1.563727779315696953e+00,-6.850588166954497682e-01,6.490537671821854371e-01,-1.214790857803623503e+00,2.919842760301289530e+00,-1.084661348377560897e+00,-1.599067142184098733e+00,1.265682740714064725e-01,-5.791763151420230571e-01,-1.406405433596036630e-16,3.783081322190500195e+00,5.089379946874953653e+00,-6.756478806378776181e-01,-3.654921885987415520e-01,-1.129385252558291697e+00,-1.254868545898825571e+00,4.691681808788312202e-01
3.300000000000000155e-01,8.235502297189054577e-01,1.556172925108422422e+00,-5.953635184236192757e+00,-4.835005917769660932e+00,8.235502297189054577e-01,3.806594784705613854e+00,-5.901909531859016456e-01,3.246318496742511162e+00,7.315114418840567012e-01,9.930493499879452513e-01,1.282307900157293457e-01,1.474063647966004920e-01,2.534094408289730774e-02,3.019465505056761478e-01,9.255203183992487953e-03,-1.764682930134483241e-01,3.956487880962329395e+00,2.040877051606665660e+00,2.327369055152315180e-01,1.198529452611638568e+00,-1.554081688958626195e+00,-6.871996862437976805e-01,6.534758789205380447e-01,-1.210036740785137788e+00,2.896500569059492936e+00,-1.080605170341886190e+00,-1.587073876075917100e+00,1.259762013340765541e-01,-5.749642728199091390e-01,-4.014946521119114887e-17,3.739500490165136970e+00,5.065608410681887719e+00,-7.004619000300541520e-01,-3.632034793813812001e-01,-1.126158937118873382e+00,-1.252908755879714287e+00,4.770075859070896929e-01
3.310000000000000164e-01,7.723891512934705217e-01,1.827562374120434541e+00,-5.784610850162753337e+00,-4.564005514072791314e+00,7.723891512934705217e-01,3.996443492235881578e+00,-6.945470384888647875e-01,3.152435782108390150e+00,8.477283352853152154e-01,9.616004585051337594e-01,1.247266243155293330e-01,1.427817977559191764e-01,2.419889713507039977e-02,2.923291609359539578e-01,9.033184910536179099e-03,-1.708348439223444926e-01,3.802288908585484517e+00,1.975946132594980087e+00,6.474710625026092181e-02,1.262111317883813921e+00,-1.526885790258392328e+00,-6.780946907977336569e-01,6.545037848475635522e-01,-1.210399059560506307e+00,2.883650080777081737e+00,-1.081209987688681373e+00,-1.580924909614655371e+00,1.259095090622906199e-01,-5.728821578990397345e-01,0.000000000000000000e+00,3.553490307530112080e+00,4.984322837687590990e+00,-8.736810836825013027e-01,-2.946146945957710539e-01,-1.108647120260147778e+00,-1.241943663786237106e+00,4.836689409252190597e-01
3.320000000000000173e-01,7.256873360630152758e-01,2.036391482359539928e+00,-5.590308047300827532e+00,-4.299944286834317175e+00,7.256873360630152758e-01,4.112044924762348508e+00,-7.746346120062513885e-01,3.050582515860765120e+00,9.361430479623326084e-01,1.092203566212325505e+00,1.418801737421244713e-01,1.621914137710889492e-01,2.735650269022974618e-02,3.320133443180403598e-01,1.028712983026642581e-02,-1.940211743482235240e-01,3.882066454170712611e+00,1.989525706038373309e+00,1.474592197591831910e-01,1.283288511458337888e+00,-1.537911766140311665e+00,-6.715066325658985980e-01,6.580897594947038298e-01,-1.229245725811979773e+00,2.924541539788526379e+00,-1.098076909518226785e+00,-1.603610787464481602e+00,1.278259386569887412e-01,-5.811558054675747265e-01,0.000000000000000000e+00,3.745024294571058121e+00,5.055947419569023715e+00,-7.884262759879546723e-01,-2.929657733159139466e-01,-1.078072483165282591e+00,-1.242375308203206963e+00,4.640685851464803058e-01
3.330000000000000182e-01,6.821144876116631561e-01,2.188000884725463280e+00,-5.377288182952590034e+00,-4.035989922652873929e+00,6.821144876116631561e-01,4.172931993014675101e+00,-8.356330929798891916e-01,2.942796878406001682e+00,9.986515381807887781e-01,1.092464374156451701e+00,1.424970486911441570e-01,1.622755453189265173e-01,2.701677614692410759e-02,3.320342091151173847e-01,1.036208910167297180e-02,-1.940202923692668502e-01,3.761081605341014100e+00,1.964494445936208367e+00,-2.175494591785254173e-02,1.303467538080695043e+00,-1.522940134299427761e+00,-6.722679062822657370e-01,6.692651987848230455e-01,-1.219311417011664123e+00,2.887160892740956442e+00,-1.089566320160278545e+00,-1.584018653411547017e+00,1.267143775494243563e-01,-5.741795729301498730e-01,3.998402387858206071e-17,3.634234562485801678e+00,4.994152387368308688e+00,-9.490457207592045696e-01,-2.535343391839278704e-01,-1.064191547634885993e+00,-1.236085390110742699e+00,4.752449064155561675e-01
3.340000000000000191e-01,6.461354861569698071e-01,2.273507179851657511e+00,-5.164074289466182854e+00,-3.799352712811072230e+00,6.461354861569698071e-01,4.171500584635923659e+00,-8.744461053875020040e-01,2.837914889239910199e+00,1.031527587615264974e+00,1.003768371642927537e+00,1.314448205392448332e-01,1.491392611210820007e-01,2.452251483786280217e-02,3.050285413808513924e-01,9.583900374714956344e-03,-1.782285295297053040e-01,3.726716518604810346e+00,1.953897982632533559e+00,-6.478918424349955352e-02,1.331163238029952733e+00,-1.516990449373285310e+00,-6.748520439134277904e-01,6.717109886400947083e-01,-1.225605289552070376e+00,2.889926510390901537e+00,-1.095433935890685939e+00,-1.586361499842276146e+00,1.272809072801413532e-01,-5.751506432086115339e-01,1.419098914651284257e-16,3.504879600695667730e+00,4.975269313562679763e+00,-1.011083859013103492e+00,-2.306757469744606104e-01,-1.084681000712292676e+00,-1.240418786747324420e+00,4.934824591103895153e-01
3.350000000000000200e-01,6.248911023761373196e-01,2.281180034002721957e+00,-4.971469292021708952e+00,-3.612079803318065885e+00,6.248911023761373196e-01,4.107574559701772543e+00,-8.888613135143700328e-01,2.746018156855487558e+00,1.029289211981426977e+00,9.106510337470080652e-01,1.197696310420737209e-01,1.353410996655543819e-01,2.193624300062990348e-02,2.766808742582534397e-01,8.760136702465001063e-03,-1.616531919397790062e-01,3.651967860304264235e+00,1.918323453462122741e+00,-1.677758517759725954e-01,1.413618015908368664e+00,-1.504125505377072791e+00,-6.777695692725066445e-01,6.802083192827538261e-01,-1.233160249220481397e+00,2.893632098809133080e+00,-1.102535862460020777e+00,-1.589345721050056337e+00,1.279749926630557866e-01,-5.763750499931983295e-01,0.000000000000000000e+00,3.329458644830790792e+00,4.931725183313329097e+00,-1.134970614570439018e+00,-1.537914621410577665e-01,-1.099469638455763620e+00,-1.245384482563240081e+00,5.185551273429748198e-01
3.360000000000000209e-01,6.244791618147438328e-01,2.211212010975096121e+00,-4.813639584467273025e+00,-3.488128579310089794e+00,6.244791618147438328e-01,3.986670743970583963e+00,-8.789905624156797437e-01,2.674249232490991002e+00,9.919202056714527815e-01,8.500031572815684999e-01,1.123037017412255034e-01,1.263622148936394962e-01,2.016893538975741973e-02,2.582033178312383437e-01,8.240998387381093596e-03,-1.508459220276162083e-01,3.606836353870188194e+00,1.921606257229929726e+00,-2.430805714406916174e-01,1.410205924950826972e+00,-1.500053264850746526e+00,-6.810068337069197231e-01,6.887070957469589860e-01,-1.231518557891977839e+00,2.875059009141475830e+00,-1.101430975063970807e+00,-1.580152509802685179e+00,1.277086186683862590e-01,-5.731898651914767440e-01,-3.976892037919517017e-17,3.225320953259778634e+00,4.908968968112631615e+00,-1.218149331611023012e+00,-1.497776494621007870e-01,-1.114141328351121896e+00,-1.245955700511015340e+00,5.378611737193428333e-01
3.370000000000000218e-01,6.418649102573348308e-01,2.082557683956489658e+00,-4.685776451635113027e+00,-3.421594565624094919e+00,6.418649102573348308e-01,3.819193382141840676e+00,-8.479750411866832094e-01,2.620360904170160321e+00,9.284387962598170674e-01,8.212036439722038006e-01,1.086665902469372003e-01,1.220935017408340817e-01,1.938705534050773338e-02,2.494381175358677261e-01,7.982453497708680290e-03,-1.457214087514999423e-01,3.654655334080953999e+00,1.926374070926153648e+00,-1.861303804994280942e-01,1.421853104865078876e+00,-1.505441964794923315e+00,-6.723300527263074144e-01,6.890422253926534735e-01,-1.252730292301781345e+00,2.919935609638091289e+00,-1.120485326452141273e+00,-1.605131478428495573e+00,1.298699787711229681e-01,-5.823033945401285827e-01,1.450636822233880062e-16,3.223128685751376121e+00,4.954976270811181749e+00,-1.184522205210735368e+00,-1.638913182229089771e-01,-1.126133868487932510e+00,-1.246650993768727345e+00,5.433208166411536144e-01
3.380000000000000226e-01,6.635420795846397324e-01,1.928807919125435699e+00,-4.573187862334764375e+00,-3.374970016655657989e+00,6.635420795846397324e-01,3.639220328554224615e+00,-8.067871030165152391e-01,2.575034599962410464e+00,8.540528463566054995e-01,5.915425213668097371e-01,7.860847916110728917e-02,8.796848543753245375e-02,1.378279896599339180e-02,1.796441140348315479e-01,5.788240115565932743e-03,-1.049407362511604880e-01,3.637469477960705966e+00,1.941053928675171347e+00,-2.115716276106783811e-01,1.390784607075641999e+00,-1.507404877726033599e+00,-6.755676251673972121e-01,6.874167764501356581e-01,-1.253603572734718563e+00,2.908475501916842010e+00,-1.121555834257868645e+00,-1.599778556005116537e+00,1.298715481420366080e-01,-5.804789339469670351e-01,0.000000000000000000e+00,2.975408426592797362e+00,4.928137909753120383e+00,-1.245158976431014697e+00,-1.952111499634811564e-01,-1.197889215549165609e+00,-1.250258318998798135e+00,5.824760401989751424e-01
3.390000000000000235e-01,6.851141731004928292e-01,1.766642810588350487e+00,-4.471879474719997027e+00,-3.343417312330839053e+00,6.851141731004928292e-01,3.455472982419617978e+00,-7.574507418308220608e-01,2.536255126507038327e+00,7.769532550415504391e-01,4.163918041180704188e-01,5.555346789508344013e-02,6.193605688948322641e-02,9.579604613140103170e-03,1.264306636369390835e-01,4.100032832912028392e-03,-7.385087954343849681e-02,3.656875296424670463e+00,1.950849977848106986e+00,-1.915047783640861923e-01,1.397744763755589537e+00,-1.507415707933647209e+00,-6.755397907314458772e-01,6.921751395308699539e-01,-1.266433274002560561e+00,2.926021441914801180e+00,-1.133260831273648517e+00,-1.610292539932179023e+00,1.311090312943865299e-01,-5.844139679001947307e-01,0.000000000000000000e+00,2.806833826540179988e+00,4.932424887657991697e+00,-1.262829552748251594e+00,-2.029681715634493733e-01,-1.249876013002321651e+00,-1.255853725798728560e+00,6.183242599874314571e-01
3.400000000000000244e-01,7.033282895485607478e-01,1.614628861324290510e+00,-4.383646466593227764e+00,-3.319795132504231194e+00,7.033282895485607478e-01,3.286691799073633735e+00,-7.051084917750827241e-01,2.504054772010100738e+00,7.056907595216075357e-01,3.103089596601846245e-01,4.158708085475349564e-02,4.617019140127188309e-02,7.035636918441081494e-03,9.420194003261622706e-02,3.077202312454902031e-03,-5.502139602329807200e-02,3.746996424550720128e+00,1.993462743198984422e+00,-9.823384493300413300e-02,1.370229880273289735e+00,-1.524491012207940255e+00,-6.763695918492480530e-01,6.924580777969728818e-01,-1.282993903817657655e+00,2.951134036737786293e+00,-1.148256148943574750e+00,-1.625049631824533991e+00,1.327065211571119285e-01,-5.899130545277236903e-01,0.000000000000000000e+00,2.774311480393247376e+00,4.986183860791524758e+00,-1.200319802475306785e+00,-2.477841146328031707e-01,-1.297582551018212182e+00,-1.263205444064516847e+00,6.374366817736748514e-01
3.410000000000000253e-01,7.135806394536579056e-01,1.508622701454967130e+00,-4.308218728375785567e+00,-3.289235825116805234e+00,7.135806394536579056e-01,3.165062203755453218e+00,-6.594833452295230103e-01,2.477047807840765614e+00,6.566300527308926993e-01,3.236781222803863378e-01,4.358845504795079429e-02,4.817083567201142780e-02,7.224702098463578817e-03,9.823902214849494774e-02,3.233720752890243463e-03,-5.737492097909058231e-02,3.856653586842823334e+00,2.030744534725195116e+00,4.219611296566028180e-02,1.353941547965377357e+00,-1.535615596069133115e+00,-6.729588106358896926e-01,6.924385552737883920e-01,-1.309300985595257316e+00,2.998206443983365332e+00,-1.171903730264828081e+00,-1.651964188895213237e+00,1.352884364475607504e-01,-5.998350625734815145e-01,1.516335650478186376e-16,2.871030723527952411e+00,5.072539433756511507e+00,-1.081536781627156385e+00,-2.907979388313722824e-01,-1.302088137473077278e+00,-1.269560152456480795e+00,6.350636342946979207e-01
3.420000000000000262e-01,7.175955487306640013e-01,1.455676297441049316e+00,-4.247462377253031107e+00,-3.253816235475723850e+00,7.175955487306640013e-01,3.093963483117769364e+00,-6.217416301413869473e-01,2.456295020929576189e+00,6.330687765730710348e-01,2.683374895284539319e-01,3.619174460085990142e-02,3.993774681921462288e-02,5.957928376765568752e-03,8.143665054348819821e-02,2.687456157845376052e-03,-4.756053388451467190e-02,3.751395632726649332e+00,1.990947532898893924e+00,-6.782262575693742690e-02,1.384833216875050566e+00,-1.514700828788829057e+00,-6.722096285086813783e-01,6.944316839786722761e-01,-1.305899532403112184e+00,2.985263395916817775e+00,-1.168982418246236943e+00,-1.645207857656436845e+00,1.349034557812379964e-01,-5.974305777536959017e-01,-1.100251171445056155e-16,2.713833589851991412e+00,5.012402673416571197e+00,-1.196867297183959788e+00,-2.544167124046207151e-01,-1.298360722464102723e+00,-1.266952750104531900e+00,6.468711500941575210e-01
3.430000000000000271e-01,7.208356874999919395e-01,1.429876969046489865e+00,-4.203803219707556771e+00,-3.219702917648221696e+00,7.208356874999919395e-01,3.057780695000988036e+00,-5.890619701834557409e-01,2.443208751120641065e+00,6.222209494324992818e-01,2.572890196105547256e-01,3.485571731699665943e-02,3.830055729875361803e-02,5.630310681054299243e-03,7.806710294384561211e-02,2.594074048248927022e-03,-4.558939453464432023e-02,3.811748601109911760e+00,2.004318298181530622e+00,8.261945268721482272e-03,1.406555271806930962e+00,-1.517274717951782037e+00,-6.698801955761898297e-01,6.987683788655953965e-01,-1.325309194006675684e+00,3.017331779568195316e+00,-1.186438396937509410e+00,-1.663803771844644785e+00,1.367780926306102207e-01,-6.043203369972138805e-01,0.000000000000000000e+00,2.743728426713790913e+00,5.056505795066722264e+00,-1.139875894370034226e+00,-2.516181893566595273e-01,-1.302429522377326343e+00,-1.271606458525154748e+00,6.531789843309511179e-01
3.440000000000000280e-01,7.288093166536586676e-01,1.423475641021320737e+00,-4.176478510200385408e+00,-3.192641464110192118e+00,7.288093166536586676e-01,3.045701253962873167e+00,-5.591034343164290599e-01,2.438507359241509853e+00,6.204437141236399667e-01,2.083890280597722466e-01,2.834661635178044661e-02,3.102644257105098211e-02,4.497873981944065444e-03,6.321736621773904607e-02,2.114140819276122667e-03,-3.691501710653227741e-02,3.828542552315498337e+00,2.006248453163792078e+00,1.904480700635546864e-02,1.438825369487727102e+00,-1.516421577029193557e+00,-6.692729254559665053e-01,7.062499642407596978e-01,-1.334700765238700626e+00,3.026993903429479271e+00,-1.194960086988399839e+00,-1.670011859583701019e+00,1.376304773492554590e-01,-6.067058683522839058e-01,-1.545869995911446698e-16,2.702230815136569930e+00,5.061588972945052056e+00,-1.144888837410993565e+00,-2.266886161140298506e-01,-1.315573733462199080e+00,-1.273864652988974333e+00,6.693349471342273649e-01
3.450000000000000289e-01,7.412747852733331255e-01,1.440708513641655975e+00,-4.165675393616298017e+00,-3.170285379781496715e+00,7.412747852733331255e-01,3.062316625857544938e+00,-5.346423572340832653e-01,2.441871966992041454e+00,6.293601656064861105e-01,2.083635199941431537e-01,2.847636741328928717e-02,3.103024607026002440e-02,4.425877541322330647e-03,6.319670549645961533e-02,2.128929210810263234e-03,-3.690016938165116556e-02,3.843479069495320921e+00,2.030529455740804234e+00,3.818927329819743477e-02,1.413701105155994675e+00,-1.517210962255502782e+00,-6.774674040581731838e-01,7.085796220760558484e-01,-1.329593681772298197e+00,3.002973903070950801e+00,-1.190416419176045126e+00,-1.657722906050249190e+00,1.369579468385801468e-01,-6.023957496181510107e-01,0.000000000000000000e+00,2.722248907717165878e+00,5.061979726225044551e+00,-1.121196899807587632e+00,-2.395959233529321719e-01,-1.317056309920463075e+00,-1.277734224465514101e+00,6.716794526944046551e-01
3.460000000000000298e-01,7.571678317530350366e-01,1.473769651614803333e+00,-4.171948542959137640e+00,-3.156109045979742955e+00,7.571678317530350366e-01,3.100988120100514500e+00,-5.147527193414601632e-01,2.453275495087434255e+00,6.453041469059106472e-01,1.850106083519759415e-01,2.540747518974377159e-02,2.755780356828842204e-02,3.862564452289929222e-03,5.610099535921218156e-02,1.904481908819295830e-03,-3.275438364259596752e-02,3.821154489452745828e+00,2.023565548273773995e+00,2.282783988432568467e-02,1.433924826260811969e+00,-1.508539742996881206e+00,-6.794341963415529984e-01,7.108159397212444608e-01,-1.330427003947903808e+00,2.991251900913902695e+00,-1.191283495120096569e+00,-1.652308627588116252e+00,1.369014851557889545e-01,-6.005903499809452928e-01,0.000000000000000000e+00,2.675738093856818267e+00,5.040224924377420201e+00,-1.140897851667482366e+00,-2.145212368750143428e-01,-1.315537262481879965e+00,-1.278120064413679202e+00,6.780615560786484863e-01
3.470000000000000306e-01,7.766679485383943815e-01,1.514218585940880546e+00,-4.194582539550075317e+00,-3.157549957782438188e+00,7.766679485383943815e-01,3.149167964909983297e+00,-4.961017303029951475e-01,2.472634913844395488e+00,6.647494634178408024e-01,1.247107181515092478e-01,1.715444113644541690e-02,1.857698308755379585e-02,2.588569606869430776e-03,3.781326473224039253e-02,1.286934711771251091e-03,-2.207655664473213639e-02,3.850012665485088359e+00,2.039722007265766024e+00,7.739292342813097747e-02,1.408325618476229391e+00,-1.506520915181216225e+00,-6.809801728535292975e-01,7.101487595458153557e-01,-1.329403690906419522e+00,2.984586568676074858e+00,-1.190385573826747700e+00,-1.648977044805653547e+00,1.367457136267941631e-01,-5.994323267461083571e-01,0.000000000000000000e+00,2.645319692730177863e+00,5.041463017078286590e+00,-1.094415667311062990e+00,-2.380628567225547276e-01,-1.331961936822181558e+00,-1.279125564887866551e+00,6.880722029010831742e-01
3.480000000000000315e-01,7.976572958617917930e-01,1.556057900685037243e+00,-4.238662954492535384e+00,-3.174256630919682909e+00,7.976572958617917930e-01,3.211179638876364706e+00,-4.813989099736972754e-01,2.501213025402174939e+00,6.842826366968733920e-01,1.892701319957651174e-01,2.614929219571733923e-02,2.819792825012664220e-02,3.866103800943472644e-03,5.737600448777250423e-02,1.966303740869200165e-03,-3.349542242967765149e-02,3.819202454887222320e+00,2.055111637710543171e+00,1.736483682013412189e-02,1.391515985299541791e+00,-1.501831275463483273e+00,-6.890268348389124720e-01,7.235718087457487790e-01,-1.310634671105834537e+00,2.930604342006792429e+00,-1.173660497106083112e+00,-1.620096543861712757e+00,1.346837096222629759e-01,-5.890773717362800532e-01,0.000000000000000000e+00,2.697837915777152595e+00,5.011865271913053199e+00,-1.128097732035822531e+00,-2.247144547612275056e-01,-1.309771561353447744e+00,-1.276137902834323157e+00,6.900763863160711553e-01
3.490000000000000324e-01,8.201305712861631791e-01,1.591069373025954192e+00,-4.306740335905107742e+00,-3.215892992486812485e+00,8.201305712861631791e-01,3.276819545163794700e+00,-4.691411616400492646e-01,2.539935689824394327e+00,7.003056536067027160e-01,2.452361501431782886e-01,3.402271888633785074e-02,3.654248288257912897e-02,4.934021238932502496e-03,7.432743364223864946e-02,2.563598729801739272e-03,-4.338849439949378495e-02,3.822664964108103192e+00,2.064687625754194400e+00,3.285110970329552238e-02,1.382972465910005111e+00,-1.495258077909361827e+00,-6.911791712652494146e-01,7.284457337893228690e-01,-1.307206563015784750e+00,2.912297668496365066e+00,-1.170607095733751102e+00,-1.610832587169669594e+00,1.342018645425018530e-01,-5.858441850454749744e-01,0.000000000000000000e+00,2.760694551235496341e+00,5.011008013136897254e+00,-1.101213503147876471e+00,-2.229261000207319876e-01,-1.286728779724621408e+00,-1.274459757580922448e+00,6.850572393898290979e-01
3.500000000000000333e-01,8.418831204303294236e-01,1.619603475073067456e+00,-4.397799624723731426e+00,-3.280564145876982529e+00,8.418831204303294236e-01,3.346887485481903290e+00,-4.613084724116179314e-01,2.587652899292543829e+00,7.127409181728358023e-01,2.703372366488144829e-01,3.768473499653958447e-02,4.028811599963098150e-02,5.343474461547949132e-03,8.191641975055646840e-02,2.846138691872722969e-03,-4.781476204698253962e-02,3.831425553267126638e+00,2.095789249793494236e+00,4.808659267912551716e-02,1.332100348643179499e+00,-1.492080304617054765e+00,-6.991152188549338842e-01,7.347297056482855471e-01,-1.293306382712173797e+00,2.870257876669027652e+00,-1.158076962630190554e+00,-1.588514411891695177e+00,1.326121037639936551e-01,-5.778798721305323793e-01,0.000000000000000000e+00,2.808456407203767213e+00,5.003731861459061570e+00,-1.069702253951434257e+00,-2.510705887869677522e-01,-1.277551781102504780e+00,-1.274148952293593373e+00,6.869149436013030074e-01
3.510000000000000342e-01,8.600044532278792175e-01,1.650462245334588518e+00,-4.510153144032725159e+00,-3.362827220620923985e+00,8.600044532278792175e-01,3.428833634073563452e+00,-4.610297281581922091e-01,2.642753162366815012e+00,7.255845561748385242e-01,2.757869734617114377e-01,3.863232852249395832e-02,4.110701077494825773e-02,5.349823511163740754e-03,8.354799481564326169e-02,2.924904200121221116e-03,-4.876308614071982184e-02,3.868426739496204636e+00,2.113326500762086724e+00,8.290795510533643942e-02,1.336429303271722935e+00,-1.496283262930340863e+00,-6.989405602867757583e-01,7.401044790269265539e-01,-1.295871993891423379e+00,2.864129323512696779e+00,-1.160353278636190533e+00,-1.586095596274189612e+00,1.327154984909966473e-01,-5.771641318294846723e-01,0.000000000000000000e+00,2.848341719066492583e+00,5.016088152797277822e+00,-1.036338312755905822e+00,-2.443164694913029233e-01,-1.280019769623701009e+00,-1.273179787916139283e+00,6.913413928862067737e-01
3.519999999999999796e-01,8.731684242644551786e-01,1.701003878653685852e+00,-4.629490696422937646e+00,-3.446895012078159404e+00,8.731684242644551786e-01,3.527678142797627814e+00,-4.709843468872570438e-01,2.698666193415151238e+00,7.471160843947254326e-01,2.362573488600528959e-01,3.315054016360995115e-02,3.521739484734317388e-02,4.553937214874367520e-03,7.156744114508618859e-02,2.511816556775976501e-03,-4.176944403511482357e-02,3.936145376912671523e+00,2.120144798335603653e+00,1.998406193074602211e-01,1.354206760942868515e+00,-1.495386168006807015e+00,-6.975199195600968460e-01,7.350722027766110056e-01,-1.310055946790272152e+00,2.891744368978609980e+00,-1.173006887887240834e+00,-1.601704509135326582e+00,1.341091348984812526e-01,-5.829012152712356176e-01,0.000000000000000000e+00,2.862346778982452378e+00,5.045039707477823931e+00,-9.379488737324374048e-01,-2.429438109775836907e-01,-1.289709591963239532e+00,-1.277909318274556449e+00,6.933027587414961612e-01
3.529999999999999805e-01,8.778756992619594079e-01,1.784939012467056330e+00,-4.745716014096561075e+00,-3.509868656465887415e+00,8.778756992619594079e-01,3.659050393071646035e+00,-4.977854779358115711e-01,2.750002388654363195e+00,7.829570360708391075e-01,2.886128707556867568e-01,4.068070230844970936e-02,4.302315271033349542e-02,5.465004443535812113e-03,8.740480093849198329e-02,3.089084901704816904e-03,-5.100872040270038738e-02,3.941623483810849482e+00,2.150334558389291217e+00,1.988219521823145763e-01,1.292738067370329480e+00,-1.498969501896353140e+00,-6.985997738325769868e-01,7.380325183433800174e-01,-1.297043587866125947e+00,2.852468204293197918e+00,-1.161291956409836512e+00,-1.580852865982768751e+00,1.326192634063474152e-01,-5.754548971420607728e-01,0.000000000000000000e+00,2.933192766700410292e+00,5.043483464990938359e+00,-9.194468515171884127e-01,-2.826497941689034565e-01,-1.278945437551513686e+00,-1.270965586072932751e+00,6.870237979406795814e-01
3.539999999999999813e-01,8.723990312531921809e-01,1.891793086184257566e+00,-4.856040927314392519e+00,-3.557616842350813879e+00,8.723990312531921809e-01,3.808329945226490487e+00,-5.376229162692316432e-01,2.795079942600132483e+00,8.288637794118592916e-01,3.552309896459793781e-01,5.028418832017548384e-02,5.295854600051047578e-02,6.614380477919850829e-03,1.075551622489221842e-01,3.825743948075130494e-03,-6.276373454740999391e-02,3.924247479961337159e+00,2.134533643891859178e+00,2.003903263355477637e-01,1.315362654716506041e+00,-1.486882064219751776e+00,-6.918729641335070735e-01,7.403063037030178650e-01,-1.302814287305591234e+00,2.855381597919600889e+00,-1.166382702731684207e+00,-1.583293512895611599e+00,1.330610761878613379e-01,-5.764809153783290174e-01,0.000000000000000000e+00,2.976664182301725692e+00,5.040199430131635516e+00,-9.130338303956260226e-01,-2.613164777011857121e-01,-1.246265825782968184e+00,-1.264528135563760980e+00,6.775425691556078434e-01
3.549999999999999822e-01,8.565399649901055401e-01,1.999674184406576183e+00,-4.946918355285518487e+00,-3.586047807476288707e+00,8.565399649901055401e-01,3.951070637199161517e+00,-5.850958070724021631e-01,2.828100249404451816e+00,8.748451877549251465e-01,4.184738518998684098e-01,5.951616200798301448e-02,6.239475526447153808e-02,7.640808536516883673e-03,1.266714479538421922e-01,4.538767741599683547e-03,-7.391291050062819001e-02,3.860446206796805946e+00,2.120925884623216184e+00,1.194581394003870756e-01,1.328996066579888558e+00,-1.474751612207648499e+00,-6.938102262011086596e-01,7.480940835942225808e-01,-1.291606306483936928e+00,2.819668911770828235e+00,-1.156316267455383295e+00,-1.564422614914341203e+00,1.317565450332144339e-01,-5.697710379490182886e-01,-1.496317636275329986e-16,2.987313752212737761e+00,5.000110958402028238e+00,-9.744633727905246401e-01,-2.277857397979357601e-01,-1.216323619220591956e+00,-1.259042496408527168e+00,6.741811730935942659e-01
3.559999999999999831e-01,8.338056950810084356e-01,2.083394521192726945e+00,-5.006929919204975654e+00,-3.596120934798673119e+00,8.338056950810084356e-01,4.059284933220201452e+00,-6.330295501120026813e-01,2.845048367925609778e+00,9.093586921015910374e-01,4.682555682330177826e-01,6.692246738439745768e-02,6.982829803329559937e-02,8.369663669186903215e-03,1.417057914462300783e-01,5.116834761306621703e-03,-8.267830209338145053e-02,3.799066373389901052e+00,2.105798692008894690e+00,6.045888794861487003e-02,1.347616472830080570e+00,-1.458724120117582679e+00,-7.003255452318071228e-01,7.522935678797364467e-01,-1.284144646874657347e+00,2.791359635860978461e+00,-1.149665237643964000e+00,-1.549735063211287178e+00,1.308386416382535389e-01,-5.645973365082187501e-01,0.000000000000000000e+00,2.983177294748261321e+00,4.964080795254270484e+00,-1.019378051662053419e+00,-1.937489267120197090e-01,-1.186179687033099173e+00,-1.259806046978719118e+00,6.696152657863549962e-01
3.569999999999999840e-01,8.082593268918865093e-01,2.138201395219113010e+00,-5.035716035384147915e+00,-3.595768127953024695e+00,8.082593268918865093e-01,4.123201761439670321e+00,-6.776584369853945189e-01,2.846834166386613241e+00,9.305358709199397227e-01,4.610965945890215245e-01,6.600814431332596710e-02,6.876339835448097570e-02,8.183512674404147536e-03,1.395273732895126184e-01,5.050920099761707985e-03,-8.140495021651354690e-02,3.866958499168142271e+00,2.121136655227381151e+00,1.420398617887222992e-01,1.358943661470915165e+00,-1.468251337287516778e+00,-6.974796222086420139e-01,7.503803937391471113e-01,-1.300529101974563950e+00,2.823302471635785071e+00,-1.164297692071514900e+00,-1.567788854370659957e+00,1.324488424000277442e-01,-5.712325169020994187e-01,1.506710139844706427e-16,3.027525991782599846e+00,5.010447271176492023e+00,-9.534944319283115144e-01,-2.006616802253406440e-01,-1.196275121597976332e+00,-1.263661219010979719e+00,6.689754435226337170e-01
3.579999999999999849e-01,7.818697386768093116e-01,2.170448554058125978e+00,-5.034846629619506686e+00,-3.573170069184034681e+00,7.818697386768093116e-01,4.158483277144599199e+00,-7.230612969057257367e-01,2.834229853706764057e+00,9.404572616671519336e-01,4.329236695024587522e-01,6.225003917187436897e-02,6.457224167096028977e-02,7.535107235833143034e-03,1.309708751837956320e-01,4.773726541662470790e-03,-7.640673381745519133e-02,3.734575478089444012e+00,2.050150777503485067e+00,-1.874227415400109287e-03,1.466032992948383074e+00,-1.440287438605013293e+00,-6.962414718441358730e-01,7.546040750865069535e-01,-1.304898376851238329e+00,2.820761701149585576e+00,-1.168347994820570834e+00,-1.567355913292504788e+00,1.327667011234017203e-01,-5.712328674134526940e-01,3.873104233241419196e-17,2.862600770740664657e+00,4.933162517824944970e+00,-1.105649980565010626e+00,-9.378781310828857021e-02,-1.176549862297815885e+00,-1.262700612715926152e+00,6.781973412690517344e-01
3.589999999999999858e-01,7.636402218431574962e-01,2.156844892134277991e+00,-5.004462460159446735e+00,-3.544834232104572713e+00,7.636402218431574962e-01,4.138934001741324309e+00,-7.598642451849444424e-01,2.809737785225956408e+00,9.286921363261221307e-01,4.197621041728838431e-01,6.060553007300956835e-02,6.261525387188340841e-02,7.174093214178599645e-03,1.269599887419928241e-01,4.656514727909052964e-03,-7.406141275026344173e-02,3.661312405957403371e+00,2.031396340239939313e+00,-9.622507534092128445e-02,1.480642518258459717e+00,-1.431001810136085517e+00,-6.968530869688914775e-01,7.577652641394740929e-01,-1.301781437051681589e+00,2.803200537394908487e+00,-1.165649650352043709e+00,-1.558516856860166611e+00,1.323273031277161227e-01,-5.681490422634863924e-01,3.847440221119650218e-17,2.779293073078605403e+00,4.895202407707857084e+00,-1.199259471821081613e+00,-7.070024538752829601e-02,-1.171714518266376626e+00,-1.260345614504468914e+00,6.837038513892106373e-01
3.599999999999999867e-01,7.557328230633318933e-01,2.068133652116979970e+00,-4.942902671886377775e+00,-3.520387330527213088e+00,7.557328230633318933e-01,4.039348545226530973e+00,-7.795437791161607954e-01,2.773649526079606797e+00,8.818800934840622663e-01,4.109082439326057212e-01,5.959828471179254294e-02,6.130402742181216558e-02,6.873436774431690779e-03,1.242480429451216645e-01,4.589902219457770403e-03,-7.247323605986345785e-02,3.516229691537061441e+00,1.973616013018224313e+00,-2.689969625236478534e-01,1.538112655556523212e+00,-1.404332991907577988e+00,-6.915964544368683464e-01,7.666849334634375790e-01,-1.301838609773381172e+00,2.790410559504720833e+00,-1.165912910067592012e+00,-1.552449878692763630e+00,1.322055875054041207e-01,-5.661035880264653208e-01,-1.508397943285598218e-16,2.625299325696285990e+00,4.823624857234737107e+00,-1.373605845169427742e+00,-7.463786361808721903e-03,-1.147879361457052161e+00,-1.253110140243875792e+00,6.942116974035740240e-01
3.609999999999999876e-01,7.546022901287979812e-01,1.891240216013529984e+00,-4.845394152424319145e+00,-3.502701977318833926e+00,7.546022901287979812e-01,3.845219487246653856e+00,-7.770444848352664469e-01,2.723939071747830010e+00,7.944275431578895486e-01,4.117553245330827227e-01,6.000125426527076755e-02,6.143656337405951906e-02,6.728823731570967095e-03,1.244690707618862358e-01,4.632994675197757602e-03,-7.259565754384901537e-02,3.446730807129055663e+00,1.976800617685223971e+00,-3.672938739393794561e-01,1.509810949830010074e+00,-1.396259228708725431e+00,-6.965868492641409393e-01,7.749153582839016785e-01,-1.295400402966260467e+00,2.762949782131540744e+00,-1.160421582255843020e+00,-1.538319479133377188e+00,1.314257528935276753e-01,-5.611244897263636400e-01,0.000000000000000000e+00,2.563085728695877918e+00,4.799751654082035301e+00,-1.466278892821162971e+00,-2.177970557179614852e-02,-1.140364405053311492e+00,-1.253078344315306847e+00,7.023197007400526770e-01
3.619999999999999885e-01,7.553599627128788629e-01,1.642708258702000546e+00,-4.714414209883562634e+00,-3.493161732227437088e+00,7.553599627128788629e-01,3.566793080354063505e+00,-7.539252355970743613e-01,2.661284739159416546e+00,6.745503774056473834e-01,4.783750212768561605e-01,6.981810479967254235e-02,7.137961070567858113e-02,7.756063079751532308e-03,1.445942010446318315e-01,5.395620540255046706e-03,-8.433097211797448145e-02,3.459089588645841040e+00,1.976992113299936848e+00,-3.646139642190163177e-01,1.530710542299240862e+00,-1.399238667173389628e+00,-6.946822317664939073e-01,7.779416476328200325e-01,-1.315703920917299152e+00,2.801878851571964368e+00,-1.178677966251666875e+00,-1.560361999666423305e+00,1.334398417098821288e-01,-5.692258654088295788e-01,0.000000000000000000e+00,2.621760689005398159e+00,4.848689069671573648e+00,-1.471912319765004584e+00,-2.189539428743091098e-02,-1.121204624418875806e+00,-1.258512476635068600e+00,6.936106755148455649e-01
3.629999999999999893e-01,7.543217455459642062e-01,1.353799809098409579e+00,-4.569631104563306678e+00,-3.485202330911756796e+00,7.543217455459642062e-01,3.250794836269219168e+00,-7.220109067627431543e-01,2.592157820699662718e+00,5.360272915840706975e-01,4.248133416616901581e-01,6.226482191682027739e-02,6.338965233535839849e-02,6.741750258802784238e-03,1.283694975062438515e-01,4.822383280031030880e-03,-7.486220476673463575e-02,3.399873499625623907e+00,1.967653479411033857e+00,-4.570035971046603751e-01,1.555968082288922361e+00,-1.390516520459216920e+00,-7.006839314940502828e-01,7.894643009300077452e-01,-1.322791362612801613e+00,2.804001229599808465e+00,-1.185322238323970323e+00,-1.562648885335097715e+00,1.340493349902042719e-01,-5.702120486441567548e-01,1.917026828718435892e-16,2.501895478674512674e+00,4.833919530927663466e+00,-1.578936183093272438e+00,6.094721262742824885e-05,-1.128097687962768658e+00,-1.266073596858175998e+00,7.146020961632733037e-01
3.639999999999999902e-01,7.571837011566275866e-01,1.039388340004080646e+00,-4.445055358644129484e+00,-3.508776761947424827e+00,7.571837011566275866e-01,2.920159395917468537e+00,-6.842889670066545360e-01,2.532029748272015990e+00,3.859382429303729323e-01,4.389721533284824950e-01,6.459573431554929690e-02,6.550260665258411663e-02,6.828574706986484562e-03,1.326139414105772796e-01,5.012305379425983573e-03,-7.733166400214608327e-02,3.423189593007116116e+00,2.007714867702718564e+00,-4.572132211728733298e-01,1.505574518148185437e+00,-1.402485735036928638e+00,-7.078542935127484226e-01,7.936399704484169426e-01,-1.330562204261870107e+00,2.809113426610774233e+00,-1.192469696408168911e+00,-1.566502530287899209e+00,1.347229334761895769e-01,-5.717537553560527730e-01,1.541854912356020264e-16,2.531599542073728504e+00,4.881424028629042233e+00,-1.584180310928458013e+00,-5.409943743272728478e-02,-1.135148860150161587e+00,-1.274595743489375099e+00,7.163083064462709704e-01
3.649999999999999911e-01,7.607329798444970592e-01,7.218215945391326382e-01,-4.365090490297409254e+00,-3.574329255749356449e+00,7.607329798444970592e-01,2.607529822326514868e+00,-6.472537164195973913e-01,2.490282408566305783e+00,2.347259209743138841e-01,4.394778003340601980e-01,6.496467098653543881e-02,6.558315259207782300e-02,6.675407423381541153e-03,1.327295844071718078e-01,5.052264564351263525e-03,-7.739241013631147081e-02,3.450258544592703647e+00,2.043165740968071908e+00,-4.235561053759429040e-01,1.455575886428533972e+00,-1.402926008032963079e+00,-7.126983631334280478e-01,8.000494487656246712e-01,-1.344277213392475190e+00,2.825491309391019001e+00,-1.204918453149661284e+00,-1.576745209434093686e+00,1.359704657950805140e-01,-5.756619924167036828e-01,0.000000000000000000e+00,2.545459131534288488e+00,4.933621721345626376e+00,-1.562891405933526379e+00,-1.144939155821781684e-01,-1.134225957830710785e+00,-1.283308090985780359e+00,7.226570386293131865e-01
3.659999999999999920e-01,7.576297626270602770e-01,4.377752517612144567e-01,-4.328098227860950331e+00,-3.664088712178038332e+00,7.576297626270602770e-01,2.344895594766891911e+00,-6.188013174759954271e-01,2.464899369364954129e+00,9.959307937105482678e-02,5.311325311347607769e-01,7.888017169761443736e-02,7.925820630967782277e-02,7.860658103250022649e-03,1.603585834076410865e-01,6.149786086608002855e-03,-9.349366401422737338e-02,3.521130166324446975e+00,2.079595866382482061e+00,-3.559037302507894740e-01,1.436872746051189198e+00,-1.416175768446247263e+00,-7.107055067826955064e-01,8.040003211698644181e-01,-1.371410383370233355e+00,2.869079971210890978e+00,-1.229453377463145980e+00,-1.602256936713162716e+00,1.385650728663596343e-01,-5.851589252877749114e-01,-3.925617635845561130e-17,2.680852314088974175e+00,5.027556009290987227e+00,-1.506098901404257617e+00,-1.575235325587235058e-01,-1.117252112172246514e+00,-1.289714645983862429e+00,7.105066571556371002e-01
3.669999999999999929e-01,7.488983115646706823e-01,1.900567589622673692e-01,-4.319790274031930721e+00,-3.766767530752163307e+00,7.488983115646706823e-01,2.123245617567444565e+00,-5.965919181985452902e-01,2.450945210760931747e+00,-1.784122522149701393e-02,5.763937591769686675e-01,8.572809092941760523e-02,8.601174499742847424e-02,8.455028664390601412e-03,1.740050671003974536e-01,6.689854480642198203e-03,-1.014467866315855588e-01,3.355501324397371032e+00,2.030512747276879804e+00,-5.656733700514628982e-01,1.460732581137350161e+00,-1.390184700917429073e+00,-7.142849888743447728e-01,8.156410794492202632e-01,-1.357348462442191650e+00,2.834431089954701832e+00,-1.217031804122853833e+00,-1.583357645660538493e+00,1.371111895641998202e-01,-5.783180325469595706e-01,1.573009464065790677e-16,2.574546621132148161e+00,4.950671928160999435e+00,-1.696693429176888257e+00,-1.141700358587977304e-01,-1.079068444252831771e+00,-1.285913166940662267e+00,7.141942928176348016e-01
3.679999999999999938e-01,7.336727535825119384e-01,-2.775736494187353021e-02,-4.327001082587977443e+00,-3.869992139073317627e+00,7.336727535825119384e-01,1.935683260127227800e+00,-5.799705025701343830e-01,2.442087894564077821e+00,-1.209023736814833216e-01,5.812276909562340554e-01,8.684513035728655406e-02,8.672993949457416529e-02,8.322182160344394897e-03,1.754090143299692484e-01,6.789170141217332720e-03,-1.022564749278302709e-01,3.547753581123004096e+00,2.095621467973911578e+00,-2.839597879794990565e-01,1.386838640373144971e+00,-1.405655552100789629e+00,-7.010568259751415177e-01,8.067767701139210157e-01,-1.411242146562040167e+00,2.941242566635185796e+00,-1.264693309906953278e+00,-1.643605375985337291e+00,1.422871507106036881e-01,-6.005005595303822830e-01,1.635468587597078097e-16,2.717739125517197873e+00,5.123709164966383511e+00,-1.461923158391878141e+00,-2.484445534518479326e-01,-1.087959387060216887e+00,-1.294768215364306529e+00,7.045202951860908280e-01
3.689999999999999947e-01,7.058983198380393009e-01,-1.697616408913907304e-01,-4.338638227928797164e+00,-3.940785840117333017e+00,7.058983198380393009e-01,1.822857002042123309e+00,-5.774689984828071943e-01,2.432754746535909618e+00,-1.881364906888696731e-01,6.717137810969880940e-01,1.007777547076029456e-01,1.002293049978759121e-01,9.395153416885123482e-03,2.026573291968856161e-01,7.893378145126009673e-03,-1.181315340343278009e-01,3.607989795021668833e+00,2.115501934336994072e+00,-2.115059810014046082e-01,1.394050930108274633e+00,-1.412798334691133029e+00,-6.961140388603577200e-01,8.076527738337320184e-01,-1.442011696302570867e+00,2.991109621795984275e+00,-1.292668012116048759e+00,-1.672741060879721964e+00,1.452855963390249916e-01,-6.112993070390004835e-01,1.671192211088877075e-16,2.837691879816085727e+00,5.207389310840581764e+00,-1.403944688119577400e+00,-2.692949773545622039e-01,-1.064855409155222477e+00,-1.299519967754232175e+00,6.895212397994043840e-01
3.699999999999999956e-01,6.632544302847250828e-01,-2.005412350989731474e-01,-4.345805164835830681e+00,-3.957702517447275525e+00,6.632544302847250828e-01,1.806330562516258453e+00,-5.950980532077591034e-01,2.418868311631681145e+00,-2.032427098654919495e-01,6.625874702553017359e-01,9.988128961549047613e-02,9.887555735692783732e-02,9.020808265037370474e-03,1.998448785104085246e-01,7.838728963124702923e-03,-1.164816513089218519e-01,3.656351376866000535e+00,2.126404621473129808e+00,-1.229990429226793802e-01,1.414115342027509437e+00,-1.408342177213784296e+00,-6.984995465860974750e-01,8.070583293046037499e-01,-1.468385074144041180e+00,3.032976015303052719e+00,-1.316341669730342945e+00,-1.697335691703370841e+00,1.477655412278633951e-01,-6.204791130846725178e-01,-4.143745473528053822e-17,2.850553772977260980e+00,5.259261926391673114e+00,-1.340465155296094668e+00,-2.741995414108240325e-01,-1.060731757475512405e+00,-1.311139930707645229e+00,6.905766779956818979e-01
3.709999999999999964e-01,6.149666795035999556e-01,-1.324975143961472090e-01,-4.345883981913476468e+00,-3.922980113623886211e+00,6.149666795035999556e-01,1.874697363225545921e+00,-6.278949635804225160e-01,2.401597280542962842e+00,-1.722265319936110151e-01,5.813222460221205701e-01,8.805822728871964822e-02,8.674903418726798154e-02,7.687754411267516338e-03,1.752779778848269354e-01,6.925641651396326377e-03,-1.021528640274555755e-01,3.675251944448595598e+00,2.120196269019301916e+00,-1.010333370876806969e-01,1.469440527042777722e+00,-1.409386955297968091e+00,-6.981842625404841574e-01,8.072443897803724955e-01,-1.489109570379657299e+00,3.062455393340546728e+00,-1.334969239758298842e+00,-1.715072721513346110e+00,1.496642332141696619e-01,-6.271677032897102766e-01,0.000000000000000000e+00,2.767464620091058869e+00,5.270709889648568236e+00,-1.349253542658711780e+00,-2.379444400593008768e-01,-1.084444744198971522e+00,-1.318426324178798126e+00,7.050915257529168922e-01
3.719999999999999973e-01,5.729602494785117628e-01,-9.355478130570249462e-03,-4.346663270949654212e+00,-3.865748531453637060e+00,5.729602494785117628e-01,1.987349342103156724e+00,-6.631858533287756652e-01,2.387975460303664921e+00,-1.152036448347598940e-01,5.684724445193662934e-01,8.624599290961618148e-02,8.482773626570108694e-02,7.443536461769445327e-03,1.713831730130910280e-01,6.788344205210367771e-03,-9.987972634515204784e-02,3.588354054227715473e+00,2.116921989169675999e+00,-2.189969832755661039e-01,1.423382654490494170e+00,-1.400165783054070134e+00,-7.018133061762391600e-01,8.141619882740415148e-01,-1.463915164026505344e+00,3.005788246871230918e+00,-1.312473348503824466e+00,-1.683792606242433099e+00,1.470797832531807459e-01,-6.157923732761542146e-01,4.103764959392264609e-17,2.692911334720576200e+00,5.208956228950523126e+00,-1.446642595513689455e+00,-2.529664152901694996e-01,-1.081702826787798388e+00,-1.310817335247183024e+00,7.142822619288894392e-01
3.729999999999999982e-01,5.398508715337917430e-01,1.208746878081756737e-01,-4.353961383438462285e+00,-3.809011275206439340e+00,5.398508715337917430e-01,2.112586926963316181e+00,-6.922436341652644654e-01,2.380316068176234534e+00,-5.461309294918560014e-02,4.832273112101092005e-01,7.365707413601500775e-02,7.210799798896164181e-02,6.157025290817936571e-03,1.456379513815076188e-01,5.806735595261660644e-03,-8.486830704865702679e-02,3.603314384576643548e+00,2.100547721267458812e+00,-1.542472295807655325e-01,1.458195940533336898e+00,-1.389072330973779357e+00,-6.942815174564247460e-01,8.082726049913914190e-01,-1.488046113026040507e+00,3.044571600148175960e+00,-1.333912212974536882e+00,-1.706560169415685335e+00,1.492977328832976736e-01,-6.242967661449069228e-01,2.140220579370032287e-16,2.598495582760711908e+00,5.218776395551650182e+00,-1.416051444566340800e+00,-2.422072035915305011e-01,-1.094136646708974148e+00,-1.312771548006070210e+00,7.234042979427346420e-01
3.739999999999999991e-01,5.170589636615032791e-01,2.515016688510607334e-01,-4.356334760449129817e+00,-3.747370536227136117e+00,5.170589636615032791e-01,2.235647489822354395e+00,-7.105726933549350033e-01,2.375333297210774575e+00,6.654543063028824090e-03,3.842579933875359677e-01,5.881837157694938534e-02,5.733917166864839488e-02,4.771233193104776685e-03,1.157762187345417193e-01,4.644098780285928034e-03,-6.746134221206552539e-02,3.622359444423003616e+00,2.095970259987956386e+00,-1.317240205651628582e-01,1.496152625875816877e+00,-1.392124332223229732e+00,-6.905913084392286683e-01,8.062780522858677967e-01,-1.501347756622180674e+00,3.061121541969815674e+00,-1.345771978138913472e+00,-1.716851599434762177e+00,1.504574417834211031e-01,-6.282289969989011125e-01,0.000000000000000000e+00,2.505269681188358799e+00,5.215910173534721750e+00,-1.420156827035427893e+00,-2.159277403658405314e-01,-1.125890671705267021e+00,-1.314176206657843959e+00,7.388167100738022297e-01
3.750000000000000000e-01,5.055908437458588311e-01,3.901493171570381557e-01,-4.348582389002690007e+00,-3.672402453834167080e+00,5.055908437458588311e-01,2.361322828563521714e+00,-7.205083295119861786e-01,2.370887422921589938e+00,7.180792668702400128e-02,3.838764350883713261e-01,5.904148259225404372e-02,5.728173905782144026e-02,4.625834736260971136e-03,1.156234515259933482e-01,4.669551794461424682e-03,-6.736613123049493834e-02,3.616197242529473943e+00,2.095731019078364454e+00,-1.410573949860122189e-01,1.515831695426412828e+00,-1.389037368987509513e+00,-6.928902077772477464e-01,8.101262683494038219e-01,-1.500277348211204842e+00,3.047656697353478883e+00,-1.344646957291100620e+00,-1.710398875448071454e+00,1.501397008316698034e-01,-6.260572934266849243e-01,4.155573969656228663e-17,2.499796329406640538e+00,5.202429199024097173e+00,-1.428422613219291426e+00,-1.899413452853976614e-01,-1.123274216629846389e+00,-1.314277949409471180e+00,7.427601371189088697e-01
3.760000000000000009e-01,5.081184908924494259e-01,5.290066161550037727e-01,-4.345168508994935230e+00,-3.600469774231798592e+00,5.081184908924494259e-01,2.489368348866888070e+00,-7.224997351965227743e-01,2.373372705073360400e+00,1.370175377680381834e-01,2.877811925959363193e-01,4.448248880693343732e-02,4.293712983792639937e-02,3.356139523126731774e-03,8.664815997133276659e-02,3.524492429955068239e-03,-5.047918187682434027e-02,3.619476636576500539e+00,2.110302817584564394e+00,-1.401250910112751269e-01,1.503572663144224997e+00,-1.388726123217420616e+00,-6.962029972575394243e-01,8.141090713149669034e-01,-1.493215789423270934e+00,3.021405651346463106e+00,-1.338178506748785468e+00,-1.696864421082405316e+00,1.492145023257937797e-01,-6.212963434645299987e-01,1.730877558044362274e-16,2.414042039749165980e+00,5.176190957737960119e+00,-1.435366467922134071e+00,-1.899356184150535753e-01,-1.152863460920294125e+00,-1.313974848292114306e+00,7.636298894381428060e-01
3.770000000000000018e-01,5.240884208323906002e-01,6.722264142878948689e-01,-4.354971928255488400e+00,-3.541070057008612437e+00,5.240884208323906002e-01,2.622687876838704746e+00,-7.179324741625205952e-01,2.386771007388419630e+00,2.043281738886167376e-01,1.669815514484883079e-01,2.585435249595256779e-02,2.491329138372772728e-02,1.925963452876316463e-03,5.027058323457053030e-02,2.049623759838449955e-03,-2.928550468901192083e-02,3.700428851696820232e+00,2.123262730930775444e+00,-1.669173199391837947e-02,1.508952651591004335e+00,-1.397547352361566464e+00,-6.879739563409578151e-01,8.032447801717407243e-01,-1.511924048450873137e+00,3.055606529132063542e+00,-1.354841950941267914e+00,-1.716442911202679111e+00,1.510030356603416501e-01,-6.285308226666058706e-01,0.000000000000000000e+00,2.355486354694435569e+00,5.204723612558791679e+00,-1.346620391551458518e+00,-2.055642961587984541e-01,-1.196273733466654443e+00,-1.314455155247725271e+00,7.739592754827288035e-01
3.780000000000000027e-01,5.484345373706464022e-01,8.362176291714704668e-01,-4.380303538444750622e+00,-3.482971444017597396e+00,5.484345373706464022e-01,2.784821167042280443e+00,-7.160779266259836850e-01,2.409200245054604395e+00,2.807026257402295277e-01,1.476434598663741715e-01,2.296659881161582095e-02,2.202644881063384880e-02,1.652617347461617309e-03,4.443487865008363680e-02,1.823036478712356748e-03,-2.588362249284369837e-02,3.716900335076901651e+00,2.135937519566886600e+00,-2.445158879806752505e-02,1.536929408636477756e+00,-1.406352117257582801e+00,-6.967056028658773492e-01,8.067512779263401601e-01,-1.499023193050871061e+00,3.019870336810402733e+00,-1.342970366307215668e+00,-1.697394383084812164e+00,1.494964107361545780e-01,-6.217229034030494761e-01,0.000000000000000000e+00,2.365520601892404873e+00,5.178774455188905002e+00,-1.345395506294649213e+00,-1.588123571008727974e-01,-1.212420827871344642e+00,-1.316605469790214311e+00,7.808676554334964548e-01
3.790000000000000036e-01,5.817136699483764772e-01,1.023813388781197542e+00,-4.430647398857251673e+00,-3.435641065474008382e+00,5.817136699483764772e-01,2.979127506045484708e+00,-7.195239572561564767e-01,2.444657045647662841e+00,3.674145710553811672e-01,3.314169731352603621e-02,5.177553506155188612e-03,4.944253160485242299e-03,3.604968226289229603e-04,9.971494062740338116e-03,4.114659191919146052e-04,-5.807996801199644121e-03,3.776694154317818075e+00,2.182274801936618047e+00,5.365093722829405998e-02,1.469425608229984803e+00,-1.419195374148820132e+00,-7.007333531712478525e-01,8.006619467172243487e-01,-1.486137120077888785e+00,2.984804473720385598e+00,-1.331164080475259803e+00,-1.678635806720399026e+00,1.480143118891012743e-01,-6.150079500777078101e-01,1.316361901536824065e-16,2.323698731553455410e+00,5.172256829163159431e+00,-1.272568890086480442e+00,-2.088497016677852980e-01,-1.261209568196978381e+00,-1.315329837329763940e+00,7.948539499160247601e-01
3.800000000000000044e-01,6.157926783723449704e-01,1.236566304207517675e+00,-4.512235838300899360e+00,-3.403358471246675787e+00,6.157926783723449704e-01,3.210376862821862964e+00,-7.319882347889142826e-01,2.493590495097696369e+00,4.653691533687329684e-01,-1.120942125247219728e-01,-1.759927717444936118e-02,-1.672188592256121722e-02,-1.180022775838492381e-03,-3.371491350477626159e-02,-1.400121438416703596e-03,1.963580592940174577e-02,3.829621401445505668e+00,2.231007321578783120e+00,1.213353230318511278e-01,1.388242880928316714e+00,-1.431551521242500291e+00,-7.034349751108149862e-01,7.960325579604431434e-01,-1.468444531902565853e+00,2.939985237794103590e+00,-1.314876147837982234e+00,-1.654452067173064034e+00,1.460115934698269780e-01,-6.063082649114754918e-01,-1.702284633284592702e-16,2.249082657018217635e+00,5.153393282198437397e+00,-1.210262710728692293e+00,-2.673892090205858274e-01,-1.319254841277449630e+00,-1.311143361460707313e+00,8.156683638898446498e-01
3.810000000000000053e-01,6.434530509305527168e-01,1.464665243522532911e+00,-4.623681966845738955e+00,-3.388890030599302605e+00,6.434530509305527168e-01,3.469741138272719461e+00,-7.525910307976356739e-01,2.553817385104621085e+00,5.704712491686012577e-01,-2.490157277164956606e-01,-3.929567380213916383e-02,-3.714184723747648159e-02,-2.527642196219117860e-03,-7.486893610466339999e-02,-3.130469859796964835e-03,4.359990274635899832e-02,3.784154660438727724e+00,2.225104365179608301e+00,8.453789963108360173e-02,1.367535925953028419e+00,-1.422927790919716440e+00,-7.037894846369600055e-01,7.935477040711479413e-01,-1.446155306570383603e+00,2.885165601242881461e+00,-1.294598009565656627e+00,-1.624698308592596119e+00,1.435604166972501150e-01,-5.955785916306480798e-01,1.676491964706939893e-16,2.088983626151848849e+00,5.070974292620349821e+00,-1.247201957172049402e+00,-2.596900248357867924e-01,-1.354236310327129766e+00,-1.302498546127405010e+00,8.371476068175072172e-01
3.820000000000000062e-01,6.677346385356062175e-01,1.698617609745081580e+00,-4.749796428377623059e+00,-3.388218221569767596e+00,6.677346385356062175e-01,3.737090469628413736e+00,-7.771997312717860984e-01,2.619674145419930156e+00,6.785622106244999507e-01,-3.328922001047668333e-01,-5.262404092912713327e-02,-4.965226558555797809e-02,-3.337165621410520706e-03,-1.000755847910092811e-01,-4.193935562363396499e-03,5.827708014060500874e-02,3.886672362487912480e+00,2.214540955114749465e+00,2.525151452167476718e-01,1.446261691613608402e+00,-1.426522957421253235e+00,-6.908609038915993761e-01,7.806341165121343240e-01,-1.477965626611942529e+00,2.945748048198734814e+00,-1.322879707614842859e+00,-1.659125975811913678e+00,1.466270051145960318e-01,-6.082637124627208181e-01,-1.312701597310311020e-16,2.075814535771203229e+00,5.107664962384356855e+00,-1.120016827983653318e+00,-2.162014498197157852e-01,-1.379971537097666623e+00,-1.303318551916683665e+00,8.389111966527391662e-01
3.830000000000000071e-01,6.898529818451345497e-01,1.940262830584616127e+00,-4.869799412398010396e+00,-3.374125955672096833e+00,6.898529818451345497e-01,4.011837509670612256e+00,-8.095017016092915796e-01,2.681199960134993177e+00,7.896582402695248026e-01,-3.458570258466674985e-01,-5.493019087126960881e-02,-5.158228015637206232e-02,-3.350531276905169276e-03,-1.039391963614353931e-01,-4.382371125327919406e-03,6.052165593808246646e-02,3.807629757326855380e+00,2.203672511142606538e+00,1.500125763008528512e-01,1.438558856898619398e+00,-1.415266417203340898e+00,-6.969697789529197829e-01,7.874096802915131477e-01,-1.440854428242799523e+00,2.862703484539435461e+00,-1.289323331080668433e+00,-1.613356796671027826e+00,1.427294273872716512e-01,-5.916372365653643772e-01,-1.281167857474616439e-16,2.020918303237388081e+00,5.011445804810772842e+00,-1.190893034936187700e+00,-1.781484710493135837e-01,-1.376476186177504557e+00,-1.292989386643612182e+00,8.479313362295954892e-01
3.840000000000000080e-01,7.121905881877106381e-01,2.159606607723233207e+00,-4.977314760535572979e+00,-3.358890474261313042e+00,7.121905881877106381e-01,4.260917472503281900e+00,-8.413019022615004783e-01,2.736570149602138180e+00,8.902277347296684296e-01,-4.084392011629774943e-01,-6.515145278732148437e-02,-6.091603338856576427e-02,-3.825937819155484504e-03,-1.227112298285940456e-01,-5.203582941104517232e-03,7.144635464412343873e-02,3.761608091718908309e+00,2.209811967344925243e+00,1.250900367745986230e-01,1.384573166717888215e+00,-1.400132705877260797e+00,-7.014478260598755455e-01,7.891435559779014230e-01,-1.411726131244756210e+00,2.796114945771767335e+00,-1.263006856815727774e+00,-1.576779733970110176e+00,1.396544013674173301e-01,-5.783726958651892458e-01,-1.636647730131787295e-16,1.941442759311174715e+00,4.940775460329370539e+00,-1.198832853429694811e+00,-1.960325050713774553e-01,-1.383189534338437499e+00,-1.285024104866169470e+00,8.605899106220247230e-01
3.850000000000000089e-01,7.355530645032741788e-01,2.312185124129920943e+00,-5.070703414208241000e+00,-3.360911908743687171e+00,7.355530645032741788e-01,4.445503830250928878e+00,-8.623322274876994431e-01,2.785598984223935037e+00,9.598907844458833827e-01,-5.201920036949301274e-01,-8.338463026057527094e-02,-7.758441029752995155e-02,-4.686472208497789033e-03,-1.562354600723641906e-01,-6.667591258705285115e-03,9.095678515321617419e-02,3.633575474945757389e+00,2.150767376164720801e+00,-7.196963769102393549e-03,1.460837718212718572e+00,-1.372142844275336060e+00,-7.081193871639266391e-01,7.917492518135280655e-01,-1.388770513355952252e+00,2.740414090510983058e+00,-1.242264429749351473e+00,-1.546467075765852073e+00,1.371866882675309707e-01,-5.674198866291455534e-01,7.445297352324935439e-17,1.724612957894875231e+00,4.807796836415128894e+00,-1.327045803815984026e+00,-9.031582976163128607e-02,-1.391191616080169169e+00,-1.282206865051777500e+00,8.827060369667443229e-01
3.860000000000000098e-01,7.684805387199200588e-01,2.357446063904593991e+00,-5.147740643749800782e+00,-3.398361550425105904e+00,7.684805387199200588e-01,4.528567593856267948e+00,-8.619786455923936774e-01,2.829523687630423279e+00,9.797892789335093111e-01,-4.655078116639407848e-01,-7.498583660577259891e-02,-6.942331775723867282e-02,-4.014465964192430805e-03,-1.397612749382753927e-01,-6.005400298107418239e-03,8.135775746016588039e-02,3.504133288091345833e+00,2.110391747330086609e+00,-1.691148967504310652e-01,1.492363882491010374e+00,-1.352359181497588381e+00,-7.134633832919666796e-01,7.988243837804905878e-01,-1.359211194565962399e+00,2.671186541695922845e+00,-1.215743714405184139e+00,-1.508556222784182443e+00,1.340775291095600008e-01,-5.536891059149434691e-01,0.000000000000000000e+00,1.679414281861442371e+00,4.706592452420236938e+00,-1.454281928912853905e+00,-2.020680625736449854e-02,-1.358042927326303939e+00,-1.273157889505017515e+00,8.801821412406565237e-01
3.870000000000000107e-01,8.144436811741722071e-01,2.302429743781613247e+00,-5.212392289771409892e+00,-3.479196201010506861e+00,8.144436811741722071e-01,4.512805103524055284e+00,-8.406557546045052565e-01,2.870778097074908608e+00,9.532564030408616773e-01,-3.955333206136070201e-01,-6.382362383426777586e-02,-5.898651941126016596e-02,-3.360423853822105868e-03,-1.187385582960140407e-01,-5.113624752843467028e-03,6.911772053401291083e-02,3.637785855872977869e+00,2.157046758760811311e+00,9.143563848424629548e-03,1.464344600890614911e+00,-1.369356820996358026e+00,-7.082368102711122937e-01,7.918369234414744939e-01,-1.382173094648257994e+00,2.713510705827788971e+00,-1.236123678672010895e+00,-1.532779734122502679e+00,1.362596791375405292e-01,-5.626403214019632948e-01,1.602501278846030872e-16,1.860079440611112744e+00,4.806733840754332299e+00,-1.285966634234846584e+00,-7.179555708570987960e-02,-1.351835700154831565e+00,-1.275990756425918971e+00,8.609546439754874880e-01
3.880000000000000115e-01,8.617371194543813617e-01,2.192307049694236731e+00,-5.267908176501896911e+00,-3.572460178465043157e+00,8.617371194543813617e-01,4.449111712406883079e+00,-8.140436996773540157e-01,2.907128912284065336e+00,9.005623992367252084e-01,-2.789008451726654458e-01,-4.520969351445596612e-02,-4.158963406227959847e-02,-2.270257761587213784e-03,-8.369680292683846778e-02,-3.627206869679624329e-03,4.871536841219656355e-02,3.473507572514995534e+00,2.107688361871034921e+00,-1.724805284358744695e-01,1.479404861184363540e+00,-1.330984274087958052e+00,-7.121054566063222957e-01,8.084004144071825770e-01,-1.352929913489394398e+00,2.646000982849569638e+00,-1.209894387423652962e+00,-1.495731059284558961e+00,1.332008053647000811e-01,-5.492017450815870339e-01,-1.568635584256527135e-16,1.841676813852935801e+00,4.708479651206148198e+00,-1.423964549921806988e+00,-1.859645586178263615e-02,-1.281480271650096592e+00,-1.264934408557589096e+00,8.571157828193790573e-01
3.890000000000000124e-01,9.090736025058989700e-01,2.025688408223398795e+00,-5.314175658429725502e+00,-3.685800240920560800e+00,9.090736025058989700e-01,4.331137614979185813e+00,-7.792934645262150628e-01,2.938882854876736506e+00,8.214374839737681455e-01,-1.090166226465889565e-01,-1.774566277318858146e-02,-1.625506966970878542e-02,-8.508666395231683985e-04,-3.270514890066241603e-02,-1.425706113984542400e-03,1.903423821423713691e-02,3.440635286261227943e+00,2.117652660257597574e+00,-2.123527888574994194e-01,1.453432051282993465e+00,-1.323595398926618039e+00,-7.200517550118045174e-01,8.152628119152499631e-01,-1.339257378404250964e+00,2.610300164487059149e+00,-1.197579685729052379e+00,-1.476536269040037652e+00,1.316894186632561747e-01,-5.423066389423588651e-01,-1.552810983040015672e-16,1.992361285210388022e+00,4.710207161971467826e+00,-1.426187544256260598e+00,-2.395508439656735683e-02,-1.224611129164024259e+00,-1.263784100068148009e+00,8.342970501294869612e-01
3.900000000000000133e-01,9.577084832050236640e-01,1.793683030865900419e+00,-5.357310359043990111e+00,-3.826647908057957181e+00,9.577084832050236640e-01,4.156301106283326163e+00,-7.356976840544143803e-01,2.968565714265095412e+00,7.114526251299133630e-01,8.418676521839041360e-02,1.376600172376007611e-02,1.255136627423637796e-02,6.254178460913695659e-04,2.524711848268898495e-02,1.107838055805368451e-03,-1.469225676960919658e-02,3.385328438518527605e+00,2.095525744226011788e+00,-3.225564209048398245e-01,1.524578726016234675e+00,-1.318617812988038374e+00,-7.232238753040299839e-01,8.307132370987189152e-01,-1.336187629486469852e+00,2.593254357444330971e+00,-1.194925330847040890e+00,-1.468067217528416846e+00,1.312297398902283474e-01,-5.393727919015576244e-01,-8.463204240104664013e-17,2.133327574250448055e+00,4.702546103394102950e+00,-1.504930385477644350e+00,5.713692633390920345e-02,-1.162140954615120902e+00,-1.261488829149782109e+00,8.160209803291096353e-01
3.910000000000000142e-01,1.011275213565600462e+00,1.503395671727766114e+00,-5.404491826247721953e+00,-3.999881168684487509e+00,1.011275213565600462e+00,3.933151545790148695e+00,-6.861679108671039362e-01,2.999420803493026977e+00,5.735542072427469718e-01,1.186034704635542392e-01,1.948638040104217622e-02,1.768018522040049750e-02,8.331226323455734155e-04,3.555555650867228690e-02,1.571139940264852132e-03,-2.068897437605613648e-02,3.326469343348986474e+00,2.096304474328275713e+00,-3.986976500096882647e-01,1.517900458825393928e+00,-1.306324231320530327e+00,-7.354354331308411430e-01,8.413112263479274322e-01,-1.322352615693458189e+00,2.555388317662970810e+00,-1.182586979427564966e+00,-1.447845043712689517e+00,1.296958372685130534e-01,-5.321328042305681905e-01,-6.923124688123386500e-17,2.122720198119082635e+00,4.671179172392288415e+00,-1.563604444216852629e+00,7.088853774504998151e-02,-1.141072837543344987e+00,-1.265997097421144524e+00,8.206222519718712194e-01
3.920000000000000151e-01,1.069970781595372289e+00,1.164424390337643667e+00,-5.465213844442294189e+00,-4.214785399218543560e+00,1.069970781595372289e+00,3.668791431088866517e+00,-6.311078967147262242e-01,3.035837413094273352e+00,4.126409221003700112e-01,2.175289783383452802e-01,3.579704780312648049e-02,3.242489500144285497e-02,1.498581415831238498e-03,6.520378742961391305e-02,2.887989530164510911e-03,-3.793927926200284934e-02,3.328280868591573238e+00,2.125269966377903330e+00,-3.890422291865107129e-01,1.452571917960944647e+00,-1.304477967876519706e+00,-7.433682827257450665e-01,8.445432432816784019e-01,-1.315366657912659276e+00,2.538442375071991997e+00,-1.176321673398866174e+00,-1.438636990533723736e+00,1.289476650637102206e-01,-5.288101638519763226e-01,6.875901863327396392e-17,2.230443189017258909e+00,4.699509389253021752e+00,-1.532939007583934199e+00,1.543350884305214749e-02,-1.110326515383195600e+00,-1.269290457047556719e+00,8.066039640196757121e-01
3.930000000000000160e-01,1.120078172151775853e+00,8.119446226381695775e-01,-5.546373369774077133e+00,-4.450634802161917314e+00,1.120078172151775853e+00,3.407838242193318212e+00,-5.831187727488342798e-01,3.077177370031175752e+00,2.447528398442745667e-01,3.332607388307188279e-01,5.508428208186881558e-02,4.966864044197913386e-02,2.175546951606609474e-03,9.985896784792014369e-02,4.450592672170023377e-03,-5.809812348696113266e-02,3.372525854212137020e+00,2.176039853938285251e+00,-3.395854215040956525e-01,1.362861198848003275e+00,-1.315930839713226996e+00,-7.449055535255244553e-01,8.443139077640030576e-01,-1.320086431235238722e+00,2.538227889427405071e+00,-1.180462716676082602e+00,-1.439578125400086783e+00,1.292345631587814569e-01,-5.293160091995376959e-01,-6.871708017692505188e-17,2.385700161807617459e+00,4.769352025447559207e+00,-1.470379497738199204e+00,-7.454137960047690914e-02,-1.086837308706525285e+00,-1.269770970052892078e+00,7.862157842770418625e-01
3.940000000000000169e-01,1.148672884459579491e+00,4.846984724253499133e-01,-5.637945850247132462e+00,-4.684075263517259557e+00,1.148672884459579491e+00,3.175028337699689285e+00,-5.486939016562177862e-01,3.117099570418009780e+00,8.874252795079140554e-02,3.906000661455835132e-01,6.482247674099779478e-02,5.820529607688332274e-02,2.416464309204329353e-03,1.170010328697601992e-01,5.245300220155982469e-03,-6.806528882577000950e-02,3.374523291003908909e+00,2.209179130996203888e+00,-3.490685839998067252e-01,1.299616452356503027e+00,-1.317200839477397967e+00,-7.484312524846704617e-01,8.532240316020984761e-01,-1.318640819445959567e+00,2.525986428052250155e+00,-1.179220300857892756e+00,-1.433698339831829704e+00,1.289451222235841188e-01,-5.273073854167354968e-01,8.455426685295457619e-17,2.446482537703532856e+00,4.799988035789452212e+00,-1.470083588780816131e+00,-1.316654231661223418e-01,-1.071254684384053801e+00,-1.270493337681249946e+00,7.851587427763285776e-01
3.950000000000000178e-01,1.149910768783182213e+00,2.026661222694032816e-01,-5.726785930685998949e+00,-4.893478654818234297e+00,1.149910768783182213e+00,2.981780895347132532e+00,-5.314534673542671284e-01,3.148842599853896029e+00,-4.584592676819997797e-02,4.576833571227251762e-01,7.630282271189400833e-02,6.818859185097450593e-02,2.655906826567475468e-03,1.370425524767351910e-01,6.184308360837157369e-03,-7.971630419015714175e-02,3.396491669405992120e+00,2.218037086729014895e+00,-3.112364711832147357e-01,1.297645036138601604e+00,-1.317218983979341118e+00,-7.442564952601502526e-01,8.526088718572915059e-01,-1.344034156327219121e+00,2.564401298433756970e+00,-1.201907623345863207e+00,-1.456667609826734378e+00,1.312464866175970801e-01,-5.359309223841360881e-01,-6.934889578192828175e-17,2.510140870201497787e+00,4.858741207874666124e+00,-1.444955502678103354e+00,-1.563666668615653066e-01,-1.048929944885008902e+00,-1.274003109283449398e+00,7.728925676671342115e-01
3.960000000000000187e-01,1.128921026455587118e+00,-2.798626878891175007e-02,-5.804500743231369775e+00,-5.068520764608065221e+00,1.128921026455587118e+00,2.828976735173183599e+00,-5.301398560224144241e-01,3.169980351335224267e+00,-1.561341498251501148e-01,4.481594756369879917e-01,7.507336911655720924e-02,6.675595927644498162e-02,2.416958761769089949e-03,1.341382597655026154e-01,6.095610624660921517e-03,-7.801848558936602673e-02,3.380661477592568964e+00,2.208129711792223837e+00,-3.077630308380550073e-01,1.320759125351578245e+00,-1.307196404155167357e+00,-7.453262801914104507e-01,8.523854717570249484e-01,-1.365073073678075399e+00,2.593883759474864270e+00,-1.220680308283734083e+00,-1.474652789893250882e+00,1.331034576759070609e-01,-5.427436254106041691e-01,-7.010433057635277662e-17,2.463747879551481557e+00,4.877086840383645594e+00,-1.461687379845344026e+00,-1.514767057799035477e-01,-1.039954686713757681e+00,-1.281974294977353601e+00,7.743669861676587551e-01
3.970000000000000195e-01,1.097510903848428532e+00,-2.381813463042059542e-01,-5.874686486537427754e+00,-5.230883841698073411e+00,1.097510903848428532e+00,2.684497327898606844e+00,-5.326913349126157771e-01,3.185609618744770444e+00,-2.560006265814557813e-01,4.831606308662133586e-01,8.105760302869932654e-02,7.196251615296350712e-02,2.539898573928841587e-03,1.445951864292403521e-01,6.585987667694657988e-03,-8.409751760648348506e-02,3.254540281394069368e+00,2.209830880574633838e+00,-5.010188698544078001e-01,1.258489793611690999e+00,-1.296518879113292666e+00,-7.623976458360903763e-01,8.694509120127822399e-01,-1.323925482025036127e+00,2.511721376818971230e+00,-1.183965305466854634e+00,-1.428402112921552058e+00,1.290408522577806416e-01,-5.257829734873330496e-01,-1.535207584230401198e-16,2.413775430235246766e+00,4.802609860422304422e+00,-1.613021659168298871e+00,-1.673724207359322258e-01,-1.022882840426271756e+00,-1.281594631655728733e+00,7.853533944062986993e-01
3.980000000000000204e-01,1.064607639742783718e+00,-4.637836080998612442e-01,-5.943907591939867174e+00,-5.397377267307815529e+00,1.064607639742783718e+00,2.532479285406169289e+00,-5.331000634295802731e-01,3.199518999488602855e+00,-3.627436624379492547e-01,4.341060984553381519e-01,7.315201496789325297e-02,6.464996406148339203e-02,2.122340127658709462e-03,1.298704912558886759e-01,5.952223220899229006e-03,-7.552618579726029513e-02,3.294098143100996801e+00,2.185887951647806027e+00,-4.198068936172606458e-01,1.363778071438190631e+00,-1.288319745907024805e+00,-7.575732417520869566e-01,8.659621222686286757e-01,-1.376587439509944666e+00,2.601579269511702375e+00,-1.231035543455436754e+00,-1.480664063933613939e+00,1.339994756795419573e-01,-5.452019679326091106e-01,-7.025708507171476708e-17,2.351616802046390120e+00,4.860619236127400988e+00,-1.586192473011214021e+00,-1.147636523677646042e-01,-1.024449778971594061e+00,-1.296822986463796790e+00,7.904359364713682279e-01
3.990000000000000213e-01,1.036367961474370603e+00,-6.899391644665091583e-01,-6.001884454222341070e+00,-5.555349661624094715e+00,1.036367961474370603e+00,2.374178424127725506e+00,-5.293863045123992084e-01,3.209863999993105566e+00,-4.693776050411080925e-01,4.185170003053395593e-01,7.080892326685533922e-02,6.231918906898856192e-02,1.904004622382478393e-03,1.251658285575482088e-01,5.769515702943806695e-03,-7.278363185138503333e-02,3.275079486799993056e+00,2.204803678270090384e+00,-4.478540989119309534e-01,1.320112408174654250e+00,-1.290112998465843042e+00,-7.655174282439066724e-01,8.662050781192754956e-01,-1.377184611762291899e+00,2.593540543529068376e+00,-1.231550443307042109e+00,-1.477176961770381380e+00,1.338945918786534073e-01,-5.440794069794220311e-01,0.000000000000000000e+00,2.316411875343040716e+00,4.869153145066014154e+00,-1.617085353149984694e+00,-1.551605489733446641e-01,-1.031052578029641342e+00,-1.303827319520384886e+00,7.934214462678904622e-01
4.000000000000000222e-01,1.008760687644213450e+00,-8.917967032271780781e-01,-6.033932512580738816e+00,-5.678659627582848479e+00,1.008760687644213450e+00,2.226312592680191216e+00,-5.246052318596873265e-01,3.210131366694671140e+00,-5.643748595209012731e-01,3.381219322949364225e-01,5.746914962656792664e-02,5.034138583507070941e-02,1.408718971949052268e-03,1.010830446587340781e-01,4.689554693818953970e-03,-5.877346887513001938e-02,3.274823447760061068e+00,2.201040895448022283e+00,-4.273110913538112898e-01,1.326086836384968715e+00,-1.283508526767774383e+00,-7.596901809876032141e-01,8.656959215546190523e-01,-1.404843191965209570e+00,2.634775516850374366e+00,-1.256294647891365912e+00,-1.501917168260428204e+00,1.363988064610146267e-01,-5.533803280001748925e-01,-7.107255290284439185e-17,2.208102188089787976e+00,4.893285561924964888e+00,-1.633264353410106340e+00,-1.744216129035104368e-01,-1.046026675648025650e+00,-1.308380954293959064e+00,8.069224526794889218e-01
4.010000000000000231e-01,9.728363130858197483e-01,-1.046057589780389652e+00,-6.029455043140232284e+00,-5.747522478863202444e+00,9.728363130858197483e-01,2.101083042944407175e+00,-5.212726076766790451e-01,3.194987212918126041e+00,-6.365056162657756200e-01,2.890040839557985741e-01,4.935634152315974965e-02,4.301997610484109558e-02,1.087431865422455951e-03,8.636439609611312740e-02,4.033856264057575879e-03,-5.021004265355587942e-02,3.361169179800728379e+00,2.266555455545390174e+00,-3.342080626454989045e-01,1.237752382365152615e+00,-1.302109226571161793e+00,-7.592501123129999918e-01,8.667932018710157172e-01,-1.424015233196683772e+00,2.660664695225973375e+00,-1.273273770024200724e+00,-1.517903704715462654e+00,1.380371080737662903e-01,-5.594695558960091075e-01,0.000000000000000000e+00,2.226158030559843404e+00,4.976576492294523035e+00,-1.564461856564858477e+00,-2.790638904848875557e-01,-1.077707722401282320e+00,-1.314685811944951599e+00,8.165831592174598308e-01
4.020000000000000240e-01,9.267380929787509825e-01,-1.152293379096520631e+00,-5.995586359300337342e+00,-5.769628365009761950e+00,9.267380929787509825e-01,1.996553118004309901e+00,-5.169378923742442566e-01,3.168317274051562826e+00,-6.850571617157027449e-01,2.605740582543810135e-01,4.456847316784778856e-02,3.878529216535719221e-02,9.450748570089095423e-04,7.785833388444943215e-02,3.644783449721656580e-03,-4.526320121129392970e-02,3.236143279527706085e+00,2.236677851631206693e+00,-5.044222489870435755e-01,1.244077004064301883e+00,-1.285016341652870819e+00,-7.706051130962006113e-01,8.781787570278979382e-01,-1.402080798815166451e+00,2.615645886811262422e+00,-1.253726019978053552e+00,-1.492696943884491922e+00,1.358551570814449105e-01,-5.502470095731627486e-01,0.000000000000000000e+00,2.094636538966920813e+00,4.896892211610317069e+00,-1.719362976799740039e+00,-2.476748649631811405e-01,-1.071302850686976615e+00,-1.317207339219641726e+00,8.329155558166040363e-01
4.030000000000000249e-01,8.705228427577613726e-01,-1.214409267613725030e+00,-5.954833633784124558e+00,-5.762493728624202838e+00,8.705228427577613726e-01,1.930932288527870133e+00,-5.167590333678789838e-01,3.137703691901308378e+00,-7.125062299135938026e-01,2.968378938161501113e-01,5.100198847219923615e-02,4.417728416645552714e-02,9.705388451056631404e-04,8.866244974944925694e-02,4.175327444249888123e-03,-5.153920568381981093e-02,3.461949581031512846e+00,2.348348093038128859e+00,-2.250349881309962052e-01,1.134872043429717703e+00,-1.327261188220046240e+00,-7.671846998329968637e-01,8.633307403922783063e-01,-1.451168019291285471e+00,2.699246874898207249e+00,-1.297225514692324388e+00,-1.541445197981946569e+00,1.403748496563423931e-01,-5.683895536490504163e-01,0.000000000000000000e+00,2.307619455556377375e+00,5.098596956408535164e+00,-1.478083218656864872e+00,-4.056026157071231930e-01,-1.098223888814254590e+00,-1.331398926037797192e+00,8.117915347084585509e-01
4.040000000000000258e-01,7.963066767853562711e-01,-1.159349418131274234e+00,-5.924133368903000907e+00,-5.705321331432962495e+00,7.963066767853562711e-01,1.971992837453361291e+00,-5.392576493850668173e-01,3.108108906698948459e+00,-6.849762541659599746e-01,3.128273741528684315e-01,5.401023129231466435e-02,4.655126921901136389e-02,9.017441588853977903e-04,9.340275745353632253e-02,4.426877305379492596e-03,-5.428900770691010708e-02,3.630790558601531437e+00,2.424389230617905788e+00,-1.046096918436456580e-02,1.078025516596845756e+00,-1.357186299400981788e+00,-7.649756198126638207e-01,8.506289829245563539e-01,-1.493546467367194985e+00,2.769615350695291855e+00,-1.334647795911841683e+00,-1.582723416984772369e+00,1.442073629791520983e-01,-5.838094546272661889e-01,-7.457632782700127648e-17,2.450071465387204661e+00,5.248014812605513058e+00,-1.298557495877194823e+00,-5.037961562290411699e-01,-1.119576178968293423e+00,-1.344358197134550625e+00,7.963399752176461011e-01
4.050000000000000266e-01,6.982046164409471123e-01,-9.267031713793024705e-01,-5.907424317325506102e+00,-5.571082772466064092e+00,6.982046164409471123e-01,2.172435862138398122e+00,-6.002621509671012268e-01,3.079222442546591054e+00,-5.746381673032328052e-01,2.641187154302594431e-01,4.579774517608310724e-02,3.929737195084978540e-02,6.700664729034802418e-04,7.883253659317511486e-02,3.757690785904502229e-03,-4.581595866540686540e-02,3.688145576538811810e+00,2.449350877326570863e+00,6.843134887113833109e-02,1.065245305849189972e+00,-1.362370688454840773e+00,-7.619397693517829806e-01,8.504709409951907162e-01,-1.513119168020699457e+00,2.798311683098118952e+00,-1.351713259026152469e+00,-1.600136936212981809e+00,1.458540742409452640e-01,-5.904079227300159660e-01,0.000000000000000000e+00,2.439145123948371907e+00,5.293460305600772742e+00,-1.243984538204164325e+00,-5.342215638908883735e-01,-1.137684077620720435e+00,-1.348590001295894458e+00,8.046549823297838300e-01
4.060000000000000275e-01,5.825744689241552088e-01,-5.442620386641782160e-01,-5.900644107836129137e+00,-5.369172630193556728e+00,5.825744689241552088e-01,2.507151236214622436e+00,-6.939060180839264902e-01,3.050302118930450668e+00,-3.945280110482384250e-01,2.119473663339408454e-01,3.693146873819075360e-02,3.152939677823940468e-02,4.547374898104489076e-04,6.323613509870060212e-02,3.033735601561487766e-03,-3.674767732085817279e-02,3.711969433657555051e+00,2.463081659450423011e+00,1.286738722593865347e-01,1.040255434071972296e+00,-1.356971326115524068e+00,-7.596053750651901026e-01,8.492404806728653943e-01,-1.521926291084736649e+00,2.806709105914825031e+00,-1.359008730003043786e+00,-1.606010678578802420e+00,1.464132864725583016e-01,-5.927782390960439907e-01,0.000000000000000000e+00,2.401990508906759469e+00,5.306722234103438574e+00,-1.198805460965417957e+00,-5.653005070170197266e-01,-1.147321904544265303e+00,-1.349349878559672478e+00,8.124928033520072423e-01
4.070000000000000284e-01,4.624961290275544923e-01,-7.437272839834108140e-02,-5.893743189178000108e+00,-5.124612978285887799e+00,4.624961290275544923e-01,2.912058018909533974e+00,-8.021265354640799705e-01,3.021281070042174832e+00,-1.734421513829477179e-01,1.785221675032174771e-01,3.115705787390815606e-02,2.655623589778504171e-02,3.597261632473551865e-04,5.325682962170846108e-02,2.560447432256381713e-03,-3.094741717795122804e-02,3.677121178140674740e+00,2.427389359660613088e+00,1.086162010933667821e-01,1.094955804252057296e+00,-1.343843829111575072e+00,-7.547826861706004031e-01,8.474393603332128766e-01,-1.525815049590112382e+00,2.810974594238361934e+00,-1.362335701406826471e+00,-1.608826223987281256e+00,1.466980326917282362e-01,-5.938889490616087175e-01,0.000000000000000000e+00,2.329828296053779724e+00,5.269521011772883234e+00,-1.227163264415674693e+00,-5.135106935719766508e-01,-1.143888966798138451e+00,-1.346111187799952535e+00,8.164919431552616347e-01
4.080000000000000293e-01,3.465676866300008152e-01,4.177930253976142039e-01,-5.878096960189032494e+00,-4.857588470835732863e+00,3.465676866300008152e-01,3.336226780879592901e+00,-9.128210120125312965e-01,2.989032800127399359e+00,5.785934758892462282e-02,1.381372943982634161e-01,2.421928158497223260e-02,2.054608747295784410e-02,2.294528230409041995e-04,4.119452116908135786e-02,1.992043758614146960e-03,-2.393568727335008972e-02,3.641528065272348957e+00,2.426999109715905600e+00,8.634721870757089413e-02,1.078136273816774127e+00,-1.333084959423801674e+00,-7.621656466585522427e-01,8.480666312070048729e-01,-1.508219338224264794e+00,2.770402615881680131e+00,-1.346190770477217580e+00,-1.586708788580746265e+00,1.447582828521130349e-01,-5.859001205555653957e-01,-2.493812126543792904e-16,2.271446021446347885e+00,5.221621007182558394e+00,-1.239297464296688744e+00,-5.083430619409312623e-01,-1.147132155402607268e+00,-1.346073723455503579e+00,8.241309439336546028e-01
4.090000000000000302e-01,2.473688840214198770e-01,8.808661144233614904e-01,-5.857470814625820310e+00,-4.600347935574839120e+00,2.473688840214198770e-01,3.731311877528452392e+00,-1.011610509042226935e+00,2.958863807970288029e+00,2.755458075116394845e-01,1.346130176195950989e-01,2.370232563553785476e-02,2.001949644354153457e-02,1.780265141325642871e-04,4.013006008181153883e-02,1.951315276728411794e-03,-2.331499930370469625e-02,3.593421323155640668e+00,2.375914431027302598e+00,6.507801509167654430e-02,1.173877229761874030e+00,-1.312657325619615012e+00,-7.608157336919424418e-01,8.447703205052219388e-01,-1.515304546806577113e+00,2.776099402112345071e+00,-1.352081481328572199e+00,-1.590951311653401756e+00,1.451985146425448236e-01,-5.876446012089463489e-01,7.460108556900196524e-17,2.212729793968658765e+00,5.175716158775186315e+00,-1.266983969793354037e+00,-4.168960553773951583e-01,-1.127328750895258747e+00,-1.346509019624160475e+00,8.214553212015173189e-01
4.100000000000000311e-01,1.808375058402245106e-01,1.268428522945730608e+00,-5.830013694821498227e+00,-4.372667078717388911e+00,1.808375058402245106e-01,4.059279889134234764e+00,-1.087433262405079537e+00,2.933105803902011921e+00,4.574577640266017653e-01,1.863223953566506275e-02,3.296190719218064502e-03,2.770715494220539477e-03,1.751973809508772717e-05,5.552430399523203275e-03,2.716682483841180440e-04,-3.225539315686851150e-03,3.443886917412522841e+00,2.260750181172834772e+00,-1.036229462408329027e-01,1.375550690808511112e+00,-1.280015422337505537e+00,-7.590831684637370236e-01,8.463505729921404486e-01,-1.514672493155557742e+00,2.765097595297963284e+00,-1.351285927414584309e+00,-1.585876198799503145e+00,1.449059457472000600e-01,-5.859818956263107559e-01,7.426413501878750415e-17,1.947846663792630162e+00,5.029143967190015552e+00,-1.452138158161196735e+00,-2.103079882528969546e-01,-1.129557046190782232e+00,-1.344793395841663797e+00,8.431250336764537501e-01
4.110000000000000320e-01,1.622711944107533832e-01,1.527044305917490963e+00,-5.785486922481558381e+00,-4.195204289529326225e+00,1.622711944107533832e-01,4.266612732784042628e+00,-1.125560777386812372e+00,2.911331004355641294e+00,5.783863329804225240e-01,-9.807603827240884975e-02,-1.743654363834991339e-02,-1.458275577373555065e-02,-5.295465233503482080e-05,-2.921549268734235927e-02,-1.438723886813413760e-03,1.697009389938669566e-02,3.333692273351880342e+00,2.223083234940126829e+00,-2.171646695949808747e-01,1.397410562736965733e+00,-1.255821770669906634e+00,-7.675283472435637799e-01,8.505355733717092637e-01,-1.485776637777789677e+00,2.703052542204374742e+00,-1.325142939646249296e+00,-1.551525713307724041e+00,1.418852419162214273e-01,-5.734994812808069664e-01,7.255679508522609155e-17,1.749839597301681815e+00,4.908699233506151671e+00,-1.556890365014965694e+00,-1.541681052230933491e-01,-1.143152021441027344e+00,-1.342466552411184288e+00,8.675056672710961259e-01
4.120000000000000329e-01,1.843861693117030409e-01,1.685800986790560341e+00,-5.724886105021610661e+00,-4.060489778635222535e+00,1.843861693117030409e-01,4.373633345415733231e+00,-1.130906531295746031e+00,2.893488564995180035e+00,6.521609786942795806e-01,-6.034897861442928280e-02,-1.074803238790711379e-02,-8.972895966728983153e-03,-2.461766620840353246e-05,-1.797478758511000807e-02,-8.870626293149630817e-04,1.044043597366704768e-02,3.561310549614545629e+00,2.298303038258780351e+00,9.956491094402997177e-02,1.347173689836663746e+00,-1.288886554368216864e+00,-7.505330764152673417e-01,8.274775672675525051e-01,-1.539316914616139620e+00,2.798537522285862611e+00,-1.372564952730164656e+00,-1.606628837714244584e+00,1.468799547459986587e-01,-5.939365299202825632e-01,0.000000000000000000e+00,1.961644656383976670e+00,5.086092528156735959e+00,-1.281972937752863695e+00,-2.594797655437892647e-01,-1.159981387207328130e+00,-1.345356668964864832e+00,8.379180032412195667e-01
4.130000000000000338e-01,2.243733882491098508e-01,1.809934213955256554e+00,-5.655646410911650435e+00,-3.928875144514984541e+00,2.243733882491098508e-01,4.452655194703046604e+00,-1.125254242358100898e+00,2.875811876518262977e+00,7.091585946299789889e-01,-1.326394154799491187e-01,-2.372706455622388549e-02,-1.971801514362359758e-02,-5.929843184607379707e-06,-3.949152202070263518e-02,-1.960362144304270138e-03,2.293581675876996129e-02,3.344574084862746322e+00,2.209332224520873744e+00,-1.761162371332275489e-01,1.443231600636544432e+00,-1.246598323144848308e+00,-7.595087393816220001e-01,8.498169381070725947e-01,-1.491137781158125675e+00,2.700657854808971248e+00,-1.329548134564354278e+00,-1.551759996854066959e+00,1.420872236549930723e-01,-5.738429605649768561e-01,0.000000000000000000e+00,1.720796888224671584e+00,4.886263014773621016e+00,-1.525382386841205529e+00,-1.085343260607071203e-01,-1.144002621510557871e+00,-1.335312062090903140e+00,8.727527548658425838e-01
4.140000000000000346e-01,2.875983598210823944e-01,1.860222247175732591e+00,-5.583919963512758322e+00,-3.833561894308291418e+00,2.875983598210823944e-01,4.465914483094283405e+00,-1.098506075506396229e+00,2.862976580779332814e+00,7.312578099908146889e-01,-8.034115359981175430e-02,-1.444053797535382877e-02,-1.194133451635731591e-02,2.770326982412147656e-05,-2.391067532641683036e-02,-1.194384592952604275e-03,1.388525593034338479e-02,3.285516762534810731e+00,2.175896561747576285e+00,-2.665153062995298527e-01,1.511322808025868270e+00,-1.239092267144824344e+00,-7.597328517488863842e-01,8.559484179085204980e-01,-1.479295581089731026e+00,2.669978341128160793e+00,-1.318697316585032420e+00,-1.535344679365366671e+00,1.407155403379002356e-01,-5.679769241528807022e-01,1.715673872147826532e-16,1.725880027845267950e+00,4.831434364900383471e+00,-1.597153957400919477e+00,-2.399416806967427651e-02,-1.122287402133340883e+00,-1.328904160494719600e+00,8.698336738388641187e-01
4.150000000000000355e-01,3.768064877613681585e-01,1.811513226094717322e+00,-5.516621303875700377e+00,-3.794144741674716492e+00,3.768064877613681585e-01,4.395356237884869621e+00,-1.046686928394839011e+00,2.858340498574479138e+00,7.067207234014377670e-01,-1.343633920342651167e-01,-2.425274336887112830e-02,-1.996761886350502391e-02,9.252863702268577335e-05,-3.997423396392713046e-02,-2.007807570247314120e-03,2.321130851582718646e-02,3.335326961367835352e+00,2.195846223090367033e+00,-2.089802121505673904e-01,1.518047520901403713e+00,-1.248839381740576959e+00,-7.591095015976220273e-01,8.529828913362278442e-01,-1.485699500356703506e+00,2.673617264887658607e+00,-1.324107587740935399e+00,-1.538507085386808360e+00,1.411037362903712900e-01,-5.693261021472805217e-01,0.000000000000000000e+00,1.715264068976866785e+00,4.845210744609154574e+00,-1.553055418755007855e+00,-2.036703584838196052e-02,-1.147709879414132716e+00,-1.330443411315149760e+00,8.761941998520550445e-01
4.160000000000000364e-01,4.804868224741274396e-01,1.712790686504185089e+00,-5.461059989705026929e+00,-3.789729257671980989e+00,4.804868224741274396e-01,4.288913650387184973e+00,-9.857967913302931873e-01,2.861114004486905227e+00,6.581834404136533978e-01,-1.231144443417544199e-01,-2.232637952557747774e-02,-1.829290769765470892e-02,1.326619965003419423e-04,-3.661321592764213428e-02,-1.850412006401562937e-03,2.125735870041967068e-02,3.333993674431344090e+00,2.195581657013487398e+00,-2.278229022764548528e-01,1.554503142201810961e+00,-1.251213526785616814e+00,-7.630193786739694062e-01,8.566232945834589829e-01,-1.479709842687978893e+00,2.653667466318566426e+00,-1.318515034450056023e+00,-1.528243386849311714e+00,1.402998594345724881e-01,-5.657390587589912201e-01,-1.716250141582152799e-16,1.731169387401610749e+00,4.826922743806476568e+00,-1.564630844424165668e+00,2.639241734899958752e-02,-1.147526883278686460e+00,-1.330608849439362196e+00,8.778806532838784316e-01
4.169999999999999818e-01,5.918353437903397518e-01,1.612827575558117843e+00,-5.421232642078790853e+00,-3.805210472472442262e+00,5.918353437903397518e-01,4.184656426542962215e+00,-9.276877006849174601e-01,2.871401607724323846e+00,6.084304786712114721e-01,-1.843207095837669507e-01,-3.348079163978472106e-02,-2.738576781876336103e-02,2.224826954038792038e-04,-5.480815551863471580e-02,-2.775690062371313771e-03,3.182001489087595697e-02,3.421178748861303909e+00,2.201702731786753020e+00,-7.337541067519182114e-02,1.578254561558460445e+00,-1.255494452215346612e+00,-7.510003939995752997e-01,8.404929525306041871e-01,-1.513951656575865945e+00,2.712478314973632454e+00,-1.348841415562972879e+00,-1.562477167979414716e+00,1.434517734733788963e-01,-5.784815950388689787e-01,0.000000000000000000e+00,1.722906382701671069e+00,4.880700255120600239e+00,-1.449602594056928151e+00,1.599987627444960855e-02,-1.166850834260602543e+00,-1.332257679100815606e+00,8.723129674214801232e-01
4.179999999999999827e-01,6.960931335501809869e-01,1.552480075843442275e+00,-5.404665458465530925e+00,-3.815899760753767911e+00,6.960931335501809869e-01,4.130316225145555187e+00,-8.884483171433047444e-01,2.887333144789684169e+00,5.762299105510162445e-01,-1.514684114554352701e-01,-2.763458881090927188e-02,-2.250114328181637702e-02,2.352821628632806024e-04,-4.502345216495684532e-02,-2.292715590653101806e-03,2.613670619638751302e-02,3.455897256452596711e+00,2.266471445122288486e+00,-5.492553165204205889e-02,1.473723256429712691e+00,-1.273744021375127433e+00,-7.655939327802708805e-01,8.408257632256004310e-01,-1.479065067833337688e+00,2.642167547138398742e+00,-1.317384732465806119e+00,-1.523096512891871646e+00,1.399138673731342153e-01,-5.640723578486869227e-01,-7.070774113579253340e-17,1.825363777163823809e+00,4.881004403449778373e+00,-1.394811407399664471e+00,-4.913797429929567251e-02,-1.178853606166950119e+00,-1.331959006219610941e+00,8.669624694219878469e-01
4.189999999999999836e-01,7.831351363231482399e-01,1.542004846281835206e+00,-5.420206679838813102e+00,-3.828890007057196065e+00,7.831351363231482399e-01,4.134733451140895966e+00,-8.711294371058783126e-01,2.911064463948241254e+00,5.671090281307396008e-01,-1.961174674968912957e-01,-3.592977364825511444e-02,-2.912895270451673624e-02,3.688801485996105680e-04,-5.827484469107672982e-02,-2.982959304841506509e-03,3.382609146662809985e-02,3.481920819614567009e+00,2.291466311063591554e+00,-1.087407878369628378e-02,1.429742442562942806e+00,-1.276909937644630233e+00,-7.652234203587963135e-01,8.386339763290671101e-01,-1.470175300968895593e+00,2.619337081220877383e+00,-1.309067011433030725e+00,-1.510939819948300622e+00,1.388457121505017322e-01,-5.597305245165176135e-01,-7.006418259843664959e-17,1.815628051148780342e+00,4.874873618636214267e+00,-1.349070042921243662e+00,-8.082849723675820941e-02,-1.196339070185205244e+00,-1.327936904180155420e+00,8.724600677956950712e-01
4.199999999999999845e-01,8.468244788809722312e-01,1.565117324450148617e+00,-5.466116721652120702e+00,-3.849060485356908146e+00,8.468244788809722312e-01,4.184824683792974120e+00,-8.732867164698636664e-01,2.940700565056397764e+00,5.739272467654685794e-01,-2.165631341860992654e-01,-3.986056340799570830e-02,-3.215761056454473354e-02,4.888694637880849339e-04,-6.432284545768249262e-02,-3.312235744123440129e-03,3.733255283104842948e-02,3.457823777538065357e+00,2.291178118654487950e+00,-1.209270221287983560e-02,1.398795804217931593e+00,-1.269771556450745464e+00,-7.646905741528999823e-01,8.337052394509426589e-01,-1.457670483209033252e+00,2.588733072279968184e+00,-1.297585221830472202e+00,-1.494455054469103539e+00,1.374187548038872664e-01,-5.538094394321108060e-01,9.987016705929895108e-17,1.783590160142933145e+00,4.840050627526459870e+00,-1.341835534607896729e+00,-9.517038078738386531e-02,-1.196675647104540774e+00,-1.321812249329134215e+00,8.710377922819911856e-01
4.209999999999999853e-01,8.917870468262539818e-01,1.586260118468719060e+00,-5.533312481148819018e+00,-3.887446150825129898e+00,8.917870468262539818e-01,4.245177334566434091e+00,-8.848510303884694617e-01,2.973911209301603353e+00,5.803527595544978324e-01,-2.993949346632323594e-01,-5.537280294817581439e-02,-4.444439290216963684e-02,7.934445314027173228e-04,-8.888642131032511995e-02,-4.605535035373217387e-03,5.158311438538285693e-02,3.381967336242649225e+00,2.258024686039566298e+00,-9.205464810510077811e-02,1.432303547327760773e+00,-1.254012260213887231e+00,-7.667436364161328566e-01,8.354254527324878055e-01,-1.441201777116803306e+00,2.550379804498554392e+00,-1.282650832120433959e+00,-1.473606214926916902e+00,1.356259339373274420e-01,-5.462745267966153673e-01,-1.671710325866076329e-16,1.641370624462613614e+00,4.753031687589944987e+00,-1.419149873127704353e+00,-4.050922306775341097e-02,-1.207272747586884964e+00,-1.317623698248121533e+00,8.870085671178704612e-01
4.219999999999999862e-01,9.308328203234980114e-01,1.558477587361636107e+00,-5.609838139138992652e+00,-3.964499012645944731e+00,9.308328203234980114e-01,4.264022035165428548e+00,-8.901253992762301337e-01,3.009479407315459376e+00,5.648214559800429635e-01,-3.080182401241019496e-01,-5.705826817301266202e-02,-4.572157967307429599e-02,8.567733793349241673e-04,-9.143419512935999083e-02,-4.747295621365705751e-03,5.305963365570580403e-02,3.319601046315431514e+00,2.229751103833767623e+00,-1.644493916945506395e-01,1.466823415031489386e+00,-1.241472028357520241e+00,-7.719375906601965154e-01,8.383908482764699244e-01,-1.423543044109716993e+00,2.516092961656501092e+00,-1.266855955756638785e+00,-1.454222548846787033e+00,1.338877991515372845e-01,-5.391552382808122434e-01,9.791445617390933306e-17,1.588039762081612682e+00,4.688785797317256865e+00,-1.477026927124263755e+00,1.345763956403727563e-02,-1.199018424335343003e+00,-1.315840124562374314e+00,8.914504819321757978e-01
4.229999999999999871e-01,9.678534749350145017e-01,1.457467171541869444e+00,-5.682992640237809034e+00,-4.072316790044381740e+00,9.678534749350145017e-01,4.223369728858934025e+00,-8.856934930527156080e-01,3.041784565331519197e+00,5.153774590934406818e-01,-3.136164340321991317e-01,-5.835096633780557929e-02,-4.654704703842130198e-02,9.850497650568845916e-04,-9.306234819237843570e-02,-4.858985607918026375e-03,5.399884670804314807e-02,3.264395714874286369e+00,2.214840649099767411e+00,-2.118594074696542040e-01,1.483120991578807280e+00,-1.225060741883950310e+00,-7.823651784487092309e-01,8.416602758611163582e-01,-1.409735657767983152e+00,2.483432140879907379e+00,-1.254340835004342791e+00,-1.436508545530475356e+00,1.323812813769678354e-01,-5.327681427202555220e-01,0.000000000000000000e+00,1.541043623074104030e+00,4.639921823641869558e+00,-1.512747289512418325e+00,4.759749581338881125e-02,-1.185741808699360966e+00,-1.319992306776882618e+00,8.956591225691594715e-01
4.239999999999999880e-01,1.006417460813736175e+00,1.282966990552781406e+00,-5.744211651508234873e+00,-4.209048617196736508e+00,1.006417460813736175e+00,4.114107623075176079e+00,-8.672798833783523786e-01,3.069117570387634331e+00,4.321117922119694921e-01,-3.401642354907113974e-01,-6.354792724506022616e-02,-5.048358214339369876e-02,1.183229831551976634e-03,-1.009076868358464441e-01,-5.296211121951953198e-03,5.854541435416030226e-02,3.206732262925017007e+00,2.204450532590076506e+00,-2.605281808249862996e-01,1.474812139606225259e+00,-1.212604686326316017e+00,-7.926111468365972801e-01,8.397232140900071640e-01,-1.396995139178590195e+00,2.453106442307518176e+00,-1.242838705079457151e+00,-1.420081759274709698e+00,1.310001240563720137e-01,-5.268469884006841131e-01,-6.545210278522475170e-17,1.469572888255715526e+00,4.594009047652535038e+00,-1.553850468047837108e+00,5.591361016306753418e-02,-1.182512249105790447e+00,-1.324754346359233281e+00,8.982686284441673275e-01
4.249999999999999889e-01,1.046077880092879386e+00,1.044623281213207910e+00,-5.785901492771087007e+00,-4.362113415501882585e+00,1.046077880092879386e+00,3.942062966772834631e+00,-8.359119894668632922e-01,3.088499620946680402e+00,3.193639451076450975e-01,-2.865283772707295507e-01,-5.376496165599377319e-02,-4.251741303674246714e-02,1.106511403365042449e-03,-8.496323786415344026e-02,-4.485921845723474244e-03,4.928913788374118810e-02,3.164335271915247993e+00,2.180839455704904672e+00,-3.355697503445188024e-01,1.542318665422323987e+00,-1.204894489633234755e+00,-7.943277129700776484e-01,8.511093373202935908e-01,-1.401306199732954560e+00,2.451456609341251092e+00,-1.246596001772269702e+00,-1.420382206236145306e+00,1.312057905574459116e-01,-5.271596567987678617e-01,0.000000000000000000e+00,1.476500694911563993e+00,4.578531103390161228e+00,-1.624683165153530950e+00,1.230429705895437209e-01,-1.158651936939942173e+00,-1.325973291614569005e+00,9.003984752040348205e-01
4.259999999999999898e-01,1.085839679715887129e+00,7.737951192057753724e-01,-5.794704888040706159e+00,-4.505446906334324986e+00,1.085839679715887129e+00,3.725360626864465452e+00,-7.980338671515244675e-01,3.093998186432214581e+00,1.913205706571180498e-01,-2.424587960821456001e-04,-4.570924337531784287e-05,-3.597085924754439556e-05,1.036560622460179493e-06,-7.186510685049107838e-05,-3.818612683456103218e-06,4.168560195021153714e-05,3.192250290491258635e+00,2.178293558738253921e+00,-2.955513866646778953e-01,1.577630872688327246e+00,-1.206147034419400299e+00,-7.857899562586795339e-01,8.497686526262997475e-01,-1.434332765525265785e+00,2.500198411225178052e+00,-1.275768470375088004e+00,-1.449890987621147209e+00,1.340614151030792844e-01,-5.383343515502796439e-01,-1.663900935946989610e-16,1.757675066169910760e+00,4.678446260720056316e+00,-1.571355827899013402e+00,1.277409216278024839e-01,-1.072157484423171603e+00,-1.324128126421642460e+00,8.498103382282498064e-01
4.269999999999999907e-01,1.124617732883129273e+00,4.982377302962097687e-01,-5.771472242048042212e+00,-4.629151419760952457e+00,1.124617732883129273e+00,3.482684282209189242e+00,-7.583815323014073684e-01,3.086339477341226711e+00,6.091734356704051057e-02,1.213300758025531723e-02,2.290849904889952215e-03,1.799884657241637709e-03,-5.352864915682915489e-05,3.595738409985171913e-03,1.914636342190204066e-04,-2.085637993024386239e-03,3.111864261742125493e+00,2.178179442177556879e+00,-4.011528262615350893e-01,1.526749507540423156e+00,-1.194660952376241703e+00,-7.984738959978774364e-01,8.594951369335478431e-01,-1.407132518534247145e+00,2.449434901575509027e+00,-1.251570010471222627e+00,-1.420930065079177407e+00,1.314514356643375070e-01,-5.276518024883493085e-01,-1.632354031615221944e-16,1.716864750788133609e+00,4.629905193657956275e+00,-1.650922952075516204e+00,1.057659138120889269e-01,-1.059613778301919051e+00,-1.325934234852007787e+00,8.574094989405233180e-01
4.279999999999999916e-01,1.150811718719040311e+00,2.410859127366031807e-01,-5.737902892649466402e+00,-4.732197970137780985e+00,1.150811718719040311e+00,3.253913704175178001e+00,-7.281013637371841485e-01,3.070590497880041791e+00,-6.125516896959017771e-02,2.646565961674937073e-01,5.018981703145226902e-02,3.925125739319365592e-02,-1.265633440871224893e-03,7.840152475890363459e-02,4.198589320426427546e-03,-4.547025526000016138e-02,3.237910631019762508e+00,2.255594276822598943e+00,-2.287097501571764835e-01,1.412866366148143538e+00,-1.214772834664900492e+00,-7.907446366320275422e-01,8.528099889562776870e-01,-1.441667177886091222e+00,2.502575062601507305e+00,-1.281868457658849492e+00,-1.452806646824178705e+00,1.344257312496446310e-01,-5.396738767412356808e-01,0.000000000000000000e+00,2.060900049301165105e+00,4.808359156455558114e+00,-1.471326950422832347e+00,-4.120591411690639749e-02,-1.001945578656352254e+00,-1.326219924052836951e+00,8.073397336962775395e-01
4.289999999999999925e-01,1.153941077558879869e+00,6.366339242000118581e-02,-5.701628911871090111e+00,-4.791246537304140851e+00,1.153941077558879869e+00,3.091372170248968931e+00,-7.211250474166925883e-01,3.047663520793740588e+00,-1.463684633025391091e-01,3.892563931994377224e-01,7.411388442879852934e-02,5.772272741159602261e-02,-1.993580222487936066e-03,1.152722564465544774e-01,6.205274138160996739e-03,-6.684734076977892625e-02,3.282999990983439531e+00,2.254794648840868998e+00,-1.856532195684515996e-01,1.475091024443867749e+00,-1.221509750379627057e+00,-7.838035536346297238e-01,8.537184574270459958e-01,-1.479165474689699167e+00,2.560661542621184505e+00,-1.314899634506102588e+00,-1.487547179216308413e+00,1.377013830499522473e-01,-5.527639449211749767e-01,1.715953268090126935e-16,2.193090909493178309e+00,4.889570075890851797e+00,-1.442830126662957957e+00,-1.444973499492860011e-02,-9.685361108831203047e-01,-1.330362224417643624e+00,7.868711166572672777e-01
4.299999999999999933e-01,1.130688751356968336e+00,8.893061637524346530e-03,-5.656925430299481583e+00,-4.777753044582444097e+00,1.130688751356968336e+00,3.028854611152119514e+00,-7.485816841894484819e-01,3.013301843051535034e+00,-1.748413020483264302e-01,3.702079252917342411e-01,7.080919144127903464e-02,5.489022998753222138e-02,-2.039690840186627122e-03,1.095878882782982261e-01,5.934277492291056832e-03,-6.354366910911382615e-02,3.321473160705122663e+00,2.288288558272174811e+00,-1.214381593690689320e-01,1.420283900354542661e+00,-1.228529819862709260e+00,-7.861231062491854660e-01,8.467907102711538236e-01,-1.492870548507938100e+00,2.576709388467803841e+00,-1.326655808980541140e+00,-1.498022031287767897e+00,1.387121213930882779e-01,-5.568656243776549664e-01,0.000000000000000000e+00,2.198810537488918637e+00,4.935807138181258047e+00,-1.393203738362077893e+00,-7.977782177341186109e-02,-9.802298101913228257e-01,-1.337054453134549403e+00,7.832470411620400252e-01
4.309999999999999942e-01,1.083630755931084266e+00,6.538382762612049426e-02,-5.605501404792199160e+00,-4.698641126323610528e+00,1.083630755931084266e+00,3.057563181695964527e+00,-8.069062642252640138e-01,2.968950633402364758e+00,-1.517607456735702298e-01,3.568006535503669419e-01,6.856386102073801225e-02,5.289259923639876015e-02,-2.111013826034944998e-03,1.055758222898118825e-01,5.752394812904655132e-03,-6.120999638646164309e-02,3.318470007016665946e+00,2.309795996111034810e+00,-1.110409526513013168e-01,1.368164011830672600e+00,-1.229050230049106407e+00,-7.924516918480650762e-01,8.432775829409933088e-01,-1.491346144713423305e+00,2.565537487429919494e+00,-1.324967662498899745e+00,-1.492809713555884210e+00,1.383103049992985278e-01,-5.551498793178154534e-01,0.000000000000000000e+00,2.183924515853609805e+00,4.943897344561692719e+00,-1.383116015913802510e+00,-1.267567155512465682e-01,-9.851641027599961076e-01,-1.341849176352975848e+00,7.820675865545316796e-01
4.319999999999999951e-01,1.020978349600900170e+00,1.837819910565522408e-01,-5.558787204649800806e+00,-4.593665480276517776e+00,1.020978349600900170e+00,3.135622499940157848e+00,-8.817369459263365572e-01,2.922968380505200692e+00,-9.943741276772091742e-02,4.779089462495000884e-01,9.197369276967901075e-02,7.083928501130906663e-02,-2.893235547585590664e-03,1.413912655758959858e-01,7.719849000318160410e-03,-8.197151328286003680e-02,3.256608462446579644e+00,2.312234990109833355e+00,-2.120122602120396715e-01,1.342157240029056897e+00,-1.222253721460869968e+00,-8.051780484426728224e-01,8.569479589897223137e-01,-1.461332978609595212e+00,2.510761197940216238e+00,-1.298267099692523185e+00,-1.461400860379224342e+00,1.354512016572252397e-01,-5.435443950677077973e-01,-6.672255348089209405e-17,2.273184430086484298e+00,4.914969880819729298e+00,-1.439440074893253652e+00,-1.221368558977530411e-01,-9.454112542277486320e-01,-1.341002594510062540e+00,7.749764457068621937e-01
4.329999999999999960e-01,9.490778378244134617e-01,3.113717756642300216e-01,-5.526325165027837549e+00,-4.492746995127622434e+00,9.490778378244134617e-01,3.233024381298720940e+00,-9.639263037337851836e-01,2.879416576557787710e+00,-4.261494463134541527e-02,5.258011561481026330e-01,1.016285561777582613e-01,7.792538992410347198e-02,-3.379443569828183107e-03,1.554993734059025856e-01,8.538245674567386187e-03,-9.014063846980827077e-02,3.261646121453457337e+00,2.314589139535532247e+00,-1.743297569235460198e-01,1.326642339142595661e+00,-1.218758335427311934e+00,-8.026808847112539835e-01,8.490394334765853923e-01,-1.477543811307176602e+00,2.531206475194441641e+00,-1.312306507424733093e+00,-1.474416961637663670e+00,1.367062007287266345e-01,-5.485864267206016498e-01,1.041824897096623758e-16,2.309903466294383367e+00,4.947424170907732233e+00,-1.408710874424175641e+00,-1.511540660648962031e-01,-9.265527612926826029e-01,-1.342729065757288343e+00,7.588987950067772603e-01
4.339999999999999969e-01,8.760804671443073177e-01,4.295720635844922919e-01,-5.503544966114167103e+00,-4.404797864716057276e+00,8.760804671443073177e-01,3.327355575054414594e+00,-1.044346464935518970e+00,2.839823271987691466e+00,1.025252507686276460e-02,5.208062372483115432e-01,1.010661170937197095e-01,7.717304988178207148e-02,-3.527515752046583158e-03,1.539689476489070619e-01,8.498276093444077917e-03,-8.924436414357429792e-02,3.198846051650099387e+00,2.293909286365434674e+00,-2.116878116281006861e-01,1.330537386065623773e+00,-1.195704223249385745e+00,-8.103448895638115657e-01,8.511981187242548819e-01,-1.473309095315902484e+00,2.516668117086139134e+00,-1.308268683378659425e+00,-1.467076374263696081e+00,1.360965519767793341e-01,-5.460386427094165995e-01,6.680438441712455138e-17,2.246343193582508668e+00,4.911643520545293740e+00,-1.442783445124978137e+00,-1.400665039501188813e-01,-9.056387236236993488e-01,-1.347885256179784275e+00,7.619537545806807088e-01
4.349999999999999978e-01,8.138227589096149739e-01,5.147567275955491350e-01,-5.484843155982022544e+00,-4.337078330111800106e+00,8.138227589096149739e-01,3.396797093263351996e+00,-1.113276545772310389e+00,2.805142322192019755e+00,4.791488682559129353e-02,4.147436462768846477e-01,8.084864473131847529e-02,6.145186796423734304e-02,-2.972545257832068244e-03,1.225679143082365197e-01,6.804991919362667410e-03,-7.103533364943416528e-02,3.109194092637858731e+00,2.225428955904257045e+00,-2.848885471953753190e-01,1.454081554644843122e+00,-1.168372840468395957e+00,-8.180637290863026490e-01,8.476036240221725970e-01,-1.483619303629606367e+00,2.525959868155697841e+00,-1.317120864060801200e+00,-1.473759517980112177e+00,1.368050029027536030e-01,-5.487474878975237003e-01,-1.051091882920309866e-16,2.040318435285136900e+00,4.832237468791273471e+00,-1.540557543291939169e+00,-2.265050859310112352e-02,-9.089999232574057508e-01,-1.360006225064463559e+00,7.765682903727383346e-01
4.359999999999999987e-01,7.791098513753399457e-01,5.397621692469999344e-01,-5.469239150449458187e+00,-4.303997110531803116e+00,7.791098513753399457e-01,3.417532583120931999e+00,-1.159962765744489754e+00,2.779712629773928967e+00,5.725269782817113406e-02,2.624454113236469044e-01,5.139634152293361125e-02,3.887913125025027616e-02,-1.987788827926073934e-03,7.752860533159089407e-02,4.330585050736102462e-03,-4.492698397544067634e-02,3.093814612788029272e+00,2.224981559023792244e+00,-3.108600343249629527e-01,1.471632140602292971e+00,-1.168334300647770441e+00,-8.243121368171486552e-01,8.483454081859960194e-01,-1.484881697222409702e+00,2.519371684899058383e+00,-1.317975608237570206e+00,-1.471262198380356434e+00,1.366733353210433932e-01,-5.480428627823410448e-01,-1.722664650034424482e-16,1.871378326889266530e+00,4.795749585445784113e+00,-1.589956511312282883e+00,-1.617846605989535502e-03,-9.541323599951361256e-01,-1.368024414548753676e+00,8.034184242105550933e-01
4.369999999999999996e-01,7.733369306955046873e-01,5.250265183493157961e-01,-5.459461440551958589e+00,-4.301822366526374175e+00,7.733369306955046873e-01,3.402307510013916847e+00,-1.185904320341206741e+00,2.766716497283837395e+00,4.780506779205986878e-02,3.439968262925641729e-01,6.747058668442351692e-02,5.095678205187231802e-02,-2.652269839888579759e-03,1.016055930496120030e-01,5.686983088682023152e-03,-5.887694813087510082e-02,3.162257571419161639e+00,2.277237430844180288e+00,-2.394767722428768342e-01,1.389648170831486951e+00,-1.189219945084833974e+00,-8.220294967084432747e-01,8.435752464101041737e-01,-1.490391775420752296e+00,2.526079292746562288e+00,-1.322736437763546213e+00,-1.475597134737002269e+00,1.370904931302359131e-01,-5.497318315014841916e-01,1.059528974997520604e-16,2.015862622290973682e+00,4.870787310275166426e+00,-1.511256427954550619e+00,-8.860123374540390673e-02,-9.505238589049860298e-01,-1.366074345121245370e+00,7.846982982792292116e-01
4.380000000000000004e-01,7.773203353191324716e-01,5.005323061485673630e-01,-5.455216530224403115e+00,-4.305551656957067763e+00,7.773203353191324716e-01,3.387055492667078394e+00,-1.201544859133643284e+00,2.760062678201434139e+00,3.397542639185957558e-02,1.273336162838227814e-01,2.508213968308746489e-02,1.885983672890126361e-02,-1.027604459263019646e-03,3.759572383473640256e-02,2.115632563504242503e-03,-2.178303475056359018e-02,3.086522813793199482e+00,2.265084736944154020e+00,-3.091602586933937524e-01,1.344776806538080738e+00,-1.173101469814721298e+00,-8.250985271656694486e-01,8.457225412175601864e-01,-1.472492214112113729e+00,2.487673830107113293e+00,-1.306591595889352586e+00,-1.454406891815530178e+00,1.352178702892709028e-01,-5.420260522316540097e-01,-1.049372975101549854e-16,1.741364215964908535e+00,4.777840706734354903e+00,-1.596892017853845047e+00,-1.106576897367124585e-01,-1.000287875690714090e+00,-1.365008946833819126e+00,8.239395064669965407e-01
4.390000000000000013e-01,7.854705546392457549e-01,4.664376503636243898e-01,-5.443541432337077879e+00,-4.309349773474600909e+00,7.854705546392457549e-01,3.358453801543435091e+00,-1.202717951008563046e+00,2.755333923643185745e+00,1.642468278853498331e-02,1.249399641835107211e-01,2.470851773210566704e-02,1.850286863165959139e-02,-1.049324834505609497e-03,3.687559976279208840e-02,2.085322776111895801e-03,-2.136362029745846047e-02,3.109393021081677588e+00,2.267404504353762285e+00,-2.848664025800739519e-01,1.356482776739876162e+00,-1.182304935754917796e+00,-8.175024970551366676e-01,8.388638525057398043e-01,-1.490971764867461635e+00,2.512141657663243155e+00,-1.322635289449987095e+00,-1.469778226713252645e+00,1.366877843360644607e-01,-5.479261320924412315e-01,0.000000000000000000e+00,1.743361220397726674e+00,4.804254679749111467e+00,-1.588998823398401594e+00,-1.143447748078820908e-01,-1.008741551656061164e+00,-1.363343306371465946e+00,8.175002322082813855e-01
4.400000000000000022e-01,7.909420764041289464e-01,4.427603718610741979e-01,-5.416052259947410796e+00,-4.294047535563582763e+00,7.909420764041289464e-01,3.330287463822356298e+00,-1.194735007190540488e+00,2.746928045065798241e+00,4.520879300320551630e-03,2.109418155861609301e-01,4.190409026884529126e-02,3.123681449345801914e-02,-1.851476115736679692e-03,6.223442079503756219e-02,3.539169083996315975e-03,-3.605091890317400904e-02,3.164012267050506644e+00,2.319387581083963035e+00,-2.287324379992433654e-01,1.275928273690718484e+00,-1.202523720660710005e+00,-8.203210918529763029e-01,8.324268109066054189e-01,-1.491432202396608231e+00,2.505851548280718877e+00,-1.322559477801868555e+00,-1.467229815666670101e+00,1.364598579370743525e-01,-5.471790474229580870e-01,1.730282524971351455e-16,1.883521880240059287e+00,4.867143219633527806e+00,-1.520055101307653755e+00,-1.931530180916883055e-01,-1.003829441928598021e+00,-1.363960970191938182e+00,7.963758920034316180e-01
4.410000000000000031e-01,7.839030199893747275e-01,4.743083673320379612e-01,-5.378114399930462142e+00,-4.239647215674670733e+00,7.839030199893747275e-01,3.342824316754112512e+00,-1.190942831879143959e+00,2.733897278658977914e+00,1.918665374112607513e-02,1.154570204122736254e-01,2.304428404412794257e-02,1.709588077310772447e-02,-1.059393363275028602e-03,3.405018096956419216e-02,1.947762466490560174e-03,-1.972208617098353961e-02,3.219451844535853535e+00,2.361883004208195302e+00,-1.340300751518994082e-01,1.210146727596182803e+00,-1.211900619237963328e+00,-8.238730825519064993e-01,8.213708793330758429e-01,-1.501269391247009644e+00,2.515031350209000482e+00,-1.330756136781773291e+00,-1.473812826845076751e+00,1.370754108341370459e-01,-5.498510597167476366e-01,0.000000000000000000e+00,1.833639473701117462e+00,4.899958638461323623e+00,-1.447690331160565114e+00,-2.647254926121689889e-01,-1.040775027434262201e+00,-1.371776379802163603e+00,8.016487931620922547e-01
4.420000000000000040e-01,7.654716631694584716e-01,5.802885547428379143e-01,-5.331957718074049168e+00,-4.141005070587028492e+00,7.654716631694584716e-01,3.408604541372829200e+00,-1.195506302286186040e+00,2.717976656217705678e+00,6.933404761200376298e-02,8.071674891371882765e-02,1.613557024575107413e-02,1.195136721025635146e-02,-7.514342208558818029e-04,2.380145574091326044e-02,1.364193587567390231e-03,-1.378539286462275582e-02,3.211839271490891434e+00,2.325787533315780919e+00,-1.169343885171524877e-01,1.288527029667324131e+00,-1.202898496752113022e+00,-8.168820221375104884e-01,8.138977525643917854e-01,-1.524550704594140660e+00,2.551364164581401806e+00,-1.351251405533418160e+00,-1.495529192974698773e+00,1.391090785020621390e-01,-5.580292341356893893e-01,-1.768725156007284936e-16,1.768005315810469602e+00,4.893287268142934465e+00,-1.456234426840314455e+00,-2.077535975282305269e-01,-1.039987962509137720e+00,-1.373547062685632536e+00,8.001123596997687937e-01
4.430000000000000049e-01,7.395446771214013726e-01,7.459790241178642090e-01,-5.273853627466349892e+00,-3.996461205491359969e+00,7.395446771214013726e-01,3.521124056514675527e+00,-1.209180046165682310e+00,2.695458436313776129e+00,1.475934734679555660e-01,5.829683352325643053e-02,1.170391477636299749e-02,8.631306838120481051e-03,-5.631271417400303750e-04,1.718415367460479626e-02,9.900107098763082786e-04,-9.951688856535231831e-03,3.232406639266637960e+00,2.333510913130001363e+00,-9.378746845208169036e-02,1.295391193507690275e+00,-1.211933881033374183e+00,-8.160714392063262990e-01,8.063728075053011590e-01,-1.531635562665576655e+00,2.556525211463868796e+00,-1.357017383013166434e+00,-1.499664156482204858e+00,1.394917824351625257e-01,-5.597607641836003234e-01,1.101462248082797095e-16,1.759067910124317624e+00,4.901740039370232616e+00,-1.442173544627127546e+00,-2.048360901162546155e-01,-1.055257944923607027e+00,-1.374842192680050257e+00,7.964211186487660799e-01
4.440000000000000058e-01,7.119247553091113678e-01,9.503432078060372046e-01,-5.208000995063491345e+00,-3.824298281059720583e+00,7.119247553091113678e-01,3.660760745349120882e+00,-1.227182249207216858e+00,2.670162218413734578e+00,2.441964605932390453e-01,-5.984960838851050013e-02,-1.206460644219588263e-02,-8.860200623429653755e-03,5.975896146250092404e-04,-1.763568784925670374e-02,-1.020902715140860340e-03,1.021214231111259446e-02,3.232169429057205168e+00,2.352801207681222806e+00,-5.557819441771261193e-02,1.220675608748217345e+00,-1.208326090525204233e+00,-8.168940306958950570e-01,7.985881228213957961e-01,-1.525121387566801046e+00,2.539596702853370136e+00,-1.350713086737964197e+00,-1.490791418487646292e+00,1.386434907131280370e-01,-5.566110613985959521e-01,-6.706744584599328334e-17,1.647198433101893622e+00,4.880333304092396851e+00,-1.415151481779106657e+00,-2.695182201248039200e-01,-1.087318287661332983e+00,-1.374525994809631779e+00,8.088002651325082448e-01
4.450000000000000067e-01,6.796221229049992374e-01,1.162491048372452651e+00,-5.146706618130667543e+00,-3.650383577968764559e+00,6.796221229049992374e-01,3.809812880490596410e+00,-1.244092002704151767e+00,2.646683710563511038e+00,3.453509414679943323e-01,-4.601277723754626514e-02,-9.318122422691518802e-03,-6.810699321004087814e-03,4.770060984230399884e-04,-1.355275590378973716e-02,-7.889620248869196051e-04,7.846934047040496352e-03,3.163287885540619904e+00,2.331944778231070714e+00,-8.965097415719697205e-02,1.187989955661879593e+00,-1.185753408599368619e+00,-8.180255681204872120e-01,7.963755520467357130e-01,-1.511229635096599244e+00,2.509425940856679915e+00,-1.337857361937727640e+00,-1.474283814627232347e+00,1.370920663783188054e-01,-5.506426720542841879e-01,6.623067529681994253e-17,1.606045473206474394e+00,4.832052596665058708e+00,-1.434319035415928756e+00,-2.858168528669297048e-01,-1.062214098124839579e+00,-1.369457202199658274e+00,8.042224860937763342e-01
4.460000000000000075e-01,6.501107391509698408e-01,1.337467395377658352e+00,-5.094555543611662074e+00,-3.503415158119614681e+00,6.501107391509698408e-01,3.933115489087541938e+00,-1.248887421436741807e+00,2.629082940592685436e+00,4.301574552634299664e-01,-5.445312812821545556e-02,-1.107964902097884063e-02,-8.057924338679640919e-03,5.865942473371830307e-04,-1.603152714455591266e-02,-9.388267576775684992e-04,9.280928976157856725e-03,3.102255870710322938e+00,2.265567717363240696e+00,-1.218716211428421126e-01,1.310990124643685695e+00,-1.155328642591763266e+00,-8.125313383846585191e-01,7.986535699906556207e-01,-1.530200646433952372e+00,2.532940982040624345e+00,-1.354207689781985691e+00,-1.489426336751551894e+00,1.385249726567663320e-01,-5.565195503440684144e-01,-6.680785847821069392e-17,1.517602096148155111e+00,4.787429050382885798e+00,-1.484137235263507382e+00,-1.778496178605290245e-01,-1.032835197079552847e+00,-1.369989715486404469e+00,8.079344989668133525e-01
4.470000000000000084e-01,6.366005779927959018e-01,1.462587754464868883e+00,-5.049742551751447373e+00,-3.394768724403373739e+00,6.366005779927959018e-01,4.014300447935169380e+00,-1.236357282925694800e+00,2.620282490792793961e+00,4.920893862736671065e-01,-6.105331212447995259e-02,-1.244233312019048243e-02,-9.033997766996301748e-03,6.657943087298862084e-04,-1.797208999995261736e-02,-1.054509579035732905e-03,1.040391811685661277e-02,3.140857352813290593e+00,2.278903947021920118e+00,-5.218520138376847584e-02,1.294467920429355878e+00,-1.161337047985582904e+00,-8.089583126833571614e-01,7.873687932729496186e-01,-1.543395694393804751e+00,2.552418500011929492e+00,-1.365679423387925251e+00,-1.501292585288053649e+00,1.396161710031101622e-01,-5.610237968173052980e-01,6.730822113606447725e-17,1.536408346295005778e+00,4.818880113913659891e+00,-1.426898622538689931e+00,-2.061588705499678986e-01,-1.039692966982425526e+00,-1.371036619079698315e+00,7.977727113898063216e-01
4.480000000000000093e-01,6.399423877923051673e-01,1.537877520378824414e+00,-5.014173481496563056e+00,-3.316393798976882135e+00,6.399423877923051673e-01,4.063069669638655235e+00,-1.210831337347515024e+00,2.618455711232621219e+00,5.304607362266764436e-01,-1.661302018400432901e-01,-3.400198476406830761e-02,-2.457954697766297908e-02,1.871267922158955342e-03,-4.888483240759299020e-02,-2.883312602420652279e-03,2.829589542515038858e-02,3.027647663271779699e+00,2.203817785953076758e+00,-1.769217745094958660e-01,1.436162115004925521e+00,-1.128573656688301341e+00,-8.197838359833623523e-01,7.964711695134574221e-01,-1.532182599627405661e+00,2.526012407554888206e+00,-1.355430789513135670e+00,-1.487064112748593292e+00,1.383597311416248921e-01,-5.559042740197048804e-01,6.656891860144664462e-17,1.329334861804330803e+00,4.695828208743896504e+00,-1.556932111000294716e+00,-4.903072982150880055e-02,-1.039098757954269425e+00,-1.378571422605487928e+00,8.247670649386079633e-01
4.490000000000000102e-01,6.711067121591635098e-01,1.535938917483647304e+00,-4.985838380113419177e+00,-3.287863512023218693e+00,6.711067121591635098e-01,4.050635288094842856e+00,-1.163498638261009299e+00,2.626517398917595614e+00,5.321598348758110886e-01,-1.860989542790676410e-01,-3.824378363873073144e-02,-2.753067966153650153e-02,2.159097255263873853e-03,-5.474124525093004845e-02,-3.244600836874316635e-03,3.168236599618712290e-02,2.990104192894263768e+00,2.180964562527285544e+00,-1.864754086544133105e-01,1.457082983928344122e+00,-1.112827638220327042e+00,-8.207520163852454198e-01,7.927955669495859725e-01,-1.533331641614865015e+00,2.521206622858561452e+00,-1.356028779256477135e+00,-1.485386374831172862e+00,1.382186077662537760e-01,-5.554592701443358260e-01,1.778976527523140990e-16,1.270673597000331112e+00,4.663927401747116619e+00,-1.570034867572426940e+00,-2.614429364756486532e-02,-1.029350275705003259e+00,-1.379455887366455524e+00,8.244779329457733175e-01
4.500000000000000111e-01,7.239484346130100612e-01,1.463850281432249822e+00,-4.960367697721480340e+00,-3.300833334558004317e+00,7.239484346130100612e-01,3.981532951077846327e+00,-1.096852370194792758e+00,2.641276169219866077e+00,5.004616358256329667e-01,-1.272320468099522595e-01,-2.626562668792178923e-02,-1.882012259495935425e-02,1.523581191263472488e-03,-3.741021431299998423e-02,-2.229396885737111936e-03,2.164916993966257974e-02,3.022663658760046168e+00,2.214609758482372293e+00,-1.565928533185047544e-01,1.408202960259284708e+00,-1.123965349458583285e+00,-8.213301283049726509e-01,7.926881138292343199e-01,-1.530575684264605441e+00,2.509980322458055468e+00,-1.352995404093657150e+00,-1.479946246568628609e+00,1.376777816388406461e-01,-5.536199698323959195e-01,1.115076148039055942e-16,1.364855927685488357e+00,4.698324454252506222e+00,-1.528408380007121314e+00,-7.021970511808042770e-02,-1.023697782132742651e+00,-1.377179495023105771e+00,8.143372837688970245e-01
4.510000000000000120e-01,7.769938616714867630e-01,1.386229544467333596e+00,-4.931428215103508705e+00,-3.314026325045679844e+00,7.769938616714867630e-01,3.906129299905126917e+00,-1.028819282928055356e+00,2.654716240908653990e+00,4.657461973662271881e-01,-8.604897071040679135e-02,-1.784766958983283192e-02,-1.272530151907913520e-02,1.063909342016769108e-03,-2.528935839888588055e-02,-1.515647286336662021e-03,1.463299684297468539e-02,3.091754962739255319e+00,2.241824966969891086e+00,-6.698313224976004676e-02,1.377534241101130208e+00,-1.141434515732285382e+00,-8.072632850488854483e-01,7.814694089740205074e-01,-1.558250255665627249e+00,2.548346953485078892e+00,-1.376839230741421005e+00,-1.503800822210028976e+00,1.398533522204035984e-01,-5.627478318484759878e-01,1.807907482288606020e-16,1.447455736363221224e+00,4.772324250865136896e+00,-1.456547664510260187e+00,-1.252026717668819900e-01,-1.026870521910767664e+00,-1.371526764183698122e+00,7.961024058169954287e-01
4.520000000000000129e-01,8.165600136906290274e-01,1.356239627525072322e+00,-4.894093606782814909e+00,-3.297726084517723422e+00,8.165600136906290274e-01,3.862193784717847578e+00,-9.722762340743636988e-01,2.661907046291695167e+00,4.531620463484971051e-01,-2.591901988957034941e-01,-5.384484282695085888e-02,-3.832739828446396491e-02,3.238208956449635002e-03,-7.616334890876913510e-02,-4.573221992136527157e-03,4.406797716416593902e-02,3.090489723812350764e+00,2.244080246976324133e+00,-3.066436714395881502e-02,1.343489651135606477e+00,-1.137006299631045492e+00,-8.059582955174919849e-01,7.713792268941737085e-01,-1.561293070524937043e+00,2.550863892172554603e+00,-1.379328283811765088e+00,-1.505728480310945860e+00,1.400236322904397368e-01,-5.635361087178500927e-01,0.000000000000000000e+00,1.270006454391710227e+00,4.741099296321927170e+00,-1.448320049240187757e+00,-1.590006202188897488e-01,-1.073146016249374890e+00,-1.374067626227478689e+00,8.154472040583395920e-01
4.530000000000000138e-01,8.306402418846281499e-01,1.399489818508536931e+00,-4.858446110816848851e+00,-3.239650645365380832e+00,8.306402418846281499e-01,3.881717926357361126e+00,-9.393155670944456359e-01,2.662118440777391903e+00,4.745523680308399994e-01,-1.513619634096559086e-01,-3.158461344410116306e-02,-2.237592243968673789e-02,1.944347562983386821e-03,-4.445833342720273418e-02,-2.683246817025975763e-03,2.572047451877330915e-02,3.196757814956073140e+00,2.307505194236864288e+00,9.832853655174911278e-02,1.250105082504237686e+00,-1.166783260918923926e+00,-7.959707687978717638e-01,7.575058846093207787e-01,-1.581178091214440196e+00,2.578308677000324511e+00,-1.396026506373400755e+00,-1.522942178803211810e+00,1.414713270756177421e-01,-5.701429264330186708e-01,0.000000000000000000e+00,1.464217760331977036e+00,4.854229257793087449e+00,-1.320073892261338422e+00,-2.708927487359907293e-01,-1.069770267270508946e+00,-1.368796942047916465e+00,7.832263591280941295e-01
4.540000000000000147e-01,8.189136219186949894e-01,1.532099552702626433e+00,-4.830955163803661634e+00,-3.137525676393972951e+00,8.189136219186949894e-01,3.980124302586716123e+00,-9.355902172330256006e-01,2.657374198236180263e+00,5.375044119627981898e-01,-2.776512321416451101e-01,-5.816919573232270935e-02,-4.103802460137838393e-02,3.655327489255205675e-03,-8.152031462678274720e-02,-4.943013912881897252e-03,4.715686845595594423e-02,3.205263659807766174e+00,2.284263455235169715e+00,8.361056107218178823e-02,1.344821617126953139e+00,-1.175112902743174814e+00,-7.904968873480514580e-01,7.537342931226334031e-01,-1.597550138000177755e+00,2.599217402168962909e+00,-1.409893172750521284e+00,-1.536330924674264686e+00,1.426610161549859146e-01,-5.753231116180698157e-01,6.829859521652656792e-17,1.330062289665943309e+00,4.825311661671809915e+00,-1.367320636279717894e+00,-1.878539800580563413e-01,-1.113972201214971536e+00,-1.370763012879003151e+00,8.008911615785894167e-01
4.550000000000000155e-01,7.874296506926560246e-01,1.730036794461093042e+00,-4.799875556952073907e+00,-2.994526318761225880e+00,7.874296506926560246e-01,4.130937520546822839e+00,-9.582060518402232274e-01,2.642792049332237436e+00,6.305664815328949624e-01,-2.757199337843553311e-01,-5.802122029493092525e-02,-4.074413767568308559e-02,3.729580594105119835e-03,-8.091676271364811601e-02,-4.932233044830184113e-03,4.680202481239448958e-02,3.186645956041575189e+00,2.285213286975418256e+00,5.154115991596286417e-02,1.328138293789333346e+00,-1.177967743899464015e+00,-7.891487088365376490e-01,7.536783481572559840e-01,-1.587341775405089361e+00,2.575864810992415155e+00,-1.400280621944229864e+00,-1.523729399909775628e+00,1.414460244726060967e-01,-5.707917572160547959e-01,1.165223256244368208e-16,1.323584246852130608e+00,4.803056877672903013e+00,-1.389483599703950079e+00,-1.918615255263371733e-01,-1.117438482140506117e+00,-1.364872699097422704e+00,8.004803729696505776e-01
4.560000000000000164e-01,7.468742259706041553e-01,1.921323137652695356e+00,-4.752685778871232891e+00,-2.839915578972216359e+00,7.468742259706041553e-01,4.267831324721650610e+00,-9.902475255579702429e-01,2.615640749082764227e+00,7.203321894280445559e-01,-3.660161543854303368e-01,-7.737480248256337068e-02,-5.406499526904566533e-02,5.092452779310103345e-03,-1.073599277235722793e-01,-6.581025648709722120e-03,6.208839136623169747e-02,3.070228027344120925e+00,2.219138942390512348e+00,-6.803316154156408002e-02,1.390743553304088387e+00,-1.150794369445885312e+00,-7.880306548390283439e-01,7.560396955150210374e-01,-1.576307044273649982e+00,2.549580323095695267e+00,-1.390179340327330371e+00,-1.509631702662252550e+00,1.401747336619496298e-01,-5.657126334343044460e-01,0.000000000000000000e+00,1.127904828685040606e+00,4.691344463003644272e+00,-1.512277497137940241e+00,-1.137956965788540636e-01,-1.117979563507507823e+00,-1.360324313922042672e+00,8.181280868812527141e-01
4.570000000000000173e-01,7.072007956492691871e-01,2.049723605853528863e+00,-4.693663266169555648e+00,-2.716488207553748424e+00,7.072007956492691871e-01,4.341950429795817357e+00,-1.015675443378864617e+00,2.581368730904089137e+00,7.811631153306756170e-01,-3.925452666759240428e-01,-8.311197793706465164e-02,-5.797621564455913284e-02,5.511961376527109088e-03,-1.151221707166687203e-01,-7.069984931015826576e-03,6.657452485195730629e-02,3.097355197477328126e+00,2.250992718122321712e+00,-1.097487302034727552e-02,1.308629415011012265e+00,-1.155607071929503071e+00,-7.878010846381661159e-01,7.490193942435712238e-01,-1.577337786198355962e+00,2.548937741995045414e+00,-1.390874609331499423e+00,-1.509684382437858519e+00,1.401580827304628740e-01,-5.657955669088469142e-01,0.000000000000000000e+00,1.127472144603048232e+00,4.716818482180302752e+00,-1.459825697996405935e+00,-1.955430060503191569e-01,-1.130571159915708890e+00,-1.360666636478028879e+00,8.155939190955285856e-01
4.580000000000000182e-01,6.747284946477130063e-01,2.082388869990295266e+00,-4.624622051682921509e+00,-2.632767176523294506e+00,6.747284946477130063e-01,4.334975146525406942e+00,-1.029612018039093968e+00,2.540782328251562028e+00,7.971482390907026483e-01,-4.568430294714705964e-01,-9.712535054324823725e-02,-6.744916740733905569e-02,6.573607539027003129e-03,-1.339122461811457776e-01,-8.265867579844236521e-03,7.743117676195550303e-02,2.914397884372345260e+00,2.085581694451642321e+00,-2.441025217182772877e-01,1.621690247974533206e+00,-1.106979290088515366e+00,-7.796713020898277113e-01,7.656244278198248709e-01,-1.598690793486101880e+00,2.574799155957290253e+00,-1.409537915585215906e+00,-1.526419125730356097e+00,1.418150064238253294e-01,-5.722640698378902435e-01,-1.854966172113568789e-16,8.588640614147727836e-01,4.563255499865684683e+00,-1.721089604710832166e+00,1.018447297832041354e-01,-1.099076529845835815e+00,-1.360201239507562221e+00,8.430556045817801936e-01
4.590000000000000191e-01,6.740154227248028596e-01,1.960498184424603885e+00,-4.525751676585135108e+00,-2.612537492140497353e+00,6.740154227248028596e-01,4.183375338336924543e+00,-1.012921113986159805e+00,2.492129241001051820e+00,7.402752773881825510e-01,-4.435799066777145194e-01,-9.465536150378259239e-02,-6.547343824675383450e-02,6.526737227365278851e-03,-1.299682486788506786e-01,-8.060164822035914903e-03,7.514221868786354064e-02,2.826381493066494777e+00,2.045685352127171619e+00,-3.797794256463661866e-01,1.701410680374957352e+00,-1.092002603231847280e+00,-7.909683540548897440e-01,7.797829750921223546e-01,-1.588196211136133629e+00,2.549616995529907726e+00,-1.400226760522774283e+00,-1.512845815160250185e+00,1.406786465369201100e-01,-5.673664128164991327e-01,-1.842857981273553169e-16,7.946053752526466285e-01,4.500646986153296503e+00,-1.845479624415894415e+00,1.950916024420724371e-01,-1.081292205373777904e+00,-1.366394931693424741e+00,8.549251937799856593e-01
4.600000000000000200e-01,7.164589975150748025e-01,1.646010709143719275e+00,-4.389021870481862209e+00,-2.670141436383635547e+00,7.164589975150748025e-01,3.852688534503022844e+00,-9.546753300393994168e-01,2.435050545545060618e+00,5.923322424433841160e-01,-4.674954081094659375e-01,-1.001847476743970011e-01,-6.898162530801174586e-02,7.052140793107812208e-03,-1.369066891000722819e-01,-8.536128819844914645e-03,7.914347480536240709e-02,2.703287997190952030e+00,1.964485154813535805e+00,-5.068948891267858192e-01,1.832036477048547107e+00,-1.053750491600226713e+00,-7.963257972030444165e-01,7.900952663277304167e-01,-1.601466873504302946e+00,2.561170917289282034e+00,-1.411882424340431097e+00,-1.521312130912634730e+00,1.416192246897345353e-01,-5.707600358734604695e-01,0.000000000000000000e+00,6.343257155771830913e-01,4.425471324428420949e+00,-1.987758938775228801e+00,3.177764869290201633e-01,-1.049037956010564487e+00,-1.375621961896349887e+00,8.692387411330928515e-01
4.610000000000000209e-01,7.992673626141768572e-01,1.158912695960120143e+00,-4.219706993312355436e+00,-2.801062888801136186e+00,7.992673626141768572e-01,3.362001255093130858e+00,-8.571317733812580109e-01,2.372195475574964352e+00,3.626475610942419547e-01,-3.920073915504583839e-01,-8.437176595732151507e-02,-5.781653659940941270e-02,6.067089963263145799e-03,-1.147360302551402034e-01,-7.194481452943108334e-03,6.631777728707610731e-02,2.662743074626673589e+00,1.937126657950142938e+00,-5.663463624072455627e-01,1.898623959193867394e+00,-1.043256026813464299e+00,-7.971193799651744571e-01,7.983919215835795224e-01,-1.627377680210504440e+00,2.592761912517721701e+00,-1.434674772898408834e+00,-1.541698645110581856e+00,1.436538785540560359e-01,-5.786470275415390718e-01,-6.782051626580592903e-17,6.433580028657107652e-01,4.445516804510543096e+00,-2.058837671905063615e+00,3.629924040465487001e-01,-1.014338178514548439e+00,-1.382960888959656742e+00,8.647096988706555187e-01
4.620000000000000218e-01,9.101707288614048208e-01,5.699841372012376395e-01,-4.027141691626002107e+00,-2.977661528723979600e+00,9.101707288614048208e-01,2.770610752424553791e+00,-7.345690359561021232e-01,2.306004162593917606e+00,8.453746116345046968e-02,-2.020748965811342002e-01,-4.355550855375761587e-02,-2.979853685301879496e-02,3.153789639879563990e-03,-5.913377447843976009e-02,-3.714952868623128818e-03,3.417791278082227269e-02,2.701964686104568525e+00,1.961314574618277407e+00,-5.372188974001584905e-01,1.875938328096351304e+00,-1.056631985407485042e+00,-7.927687885675889223e-01,7.985501535735420875e-01,-1.661437978956583628e+00,2.643994489855923558e+00,-1.464632873103948629e+00,-1.572678590192277071e+00,1.465650959312020385e-01,-5.903521785796075338e-01,-1.236619982048990194e-16,8.384518105668506971e-01,4.561753555920443404e+00,-2.031650307357125929e+00,3.064135275439537898e-01,-9.692006639547228186e-01,-1.386835920015819568e+00,8.327280663543642492e-01
4.630000000000000226e-01,1.018101968755712017e+00,-6.796561333203610111e-03,-3.826446212063217001e+00,-3.139226477499597490e+00,1.018101968755712017e+00,2.187920000828267320e+00,-6.194102532962865171e-01,2.233743386944182507e+00,-1.888450429679074116e-01,8.261374074558697211e-02,1.787905737679074125e-02,1.217734617089627491e-02,-1.318505144111067895e-03,2.416283495697632566e-02,1.525771855325838353e-03,-1.396375840313143768e-02,2.780180538092281495e+00,2.008984426660816780e+00,-4.479695191777517960e-01,1.808113822948955063e+00,-1.077613367505898312e+00,-7.809393893601702663e-01,7.931544483781951538e-01,-1.710270918784591032e+00,2.713886954795468043e+00,-1.507321166101749599e+00,-1.615603161739151306e+00,1.505797863179904050e-01,-6.066731046439417518e-01,-2.694022485078716080e-16,1.152523360053277379e+00,4.740750438833075897e+00,-1.943113339108605064e+00,1.911921560656926755e-01,-9.028707462309315535e-01,-1.386086722148786254e+00,7.791906899750634663e-01
4.640000000000000235e-01,1.096083842309541811e+00,-4.694066963665323167e-01,-3.626294568379879735e+00,-3.237549321414357362e+00,1.096083842309541811e+00,1.699596815325503663e+00,-5.354772538474336097e-01,2.153580361297394052e+00,-4.090623037467970846e-01,3.222217541284067011e-01,6.999513729628402403e-02,4.747182251198551334e-02,-5.250019439667602539e-03,9.419393392370464801e-02,5.976844178712201541e-03,-5.442821199382887054e-02,2.822522467578588046e+00,2.055392699158667291e+00,-3.761789052835697311e-01,1.694103261712952335e+00,-1.085719665685538793e+00,-7.733943673953479481e-01,7.898297396454003749e-01,-1.741768279081973736e+00,2.755834636509925328e+00,-1.534863453511974507e+00,-1.641957101081113368e+00,1.530845999846910110e-01,-6.167686991711033295e-01,-2.021375461374287501e-16,1.402975942625021011e+00,4.881222472964876324e+00,-1.863570536283558843e+00,4.689614119217136445e-02,-8.384411317771430783e-01,-1.384186222387739029e+00,7.354015276515712962e-01
4.650000000000000244e-01,1.122759451174770273e+00,-7.501649211105274606e-01,-3.440329293996300830e+00,-3.244675871006096113e+00,1.122759451174770273e+00,1.367732266236590721e+00,-4.997123238016245028e-01,2.066302843786977039e+00,-5.438317945390115371e-01,4.909092045855776298e-01,1.071009760912993991e-01,7.228034626387186412e-02,-8.179048899272811993e-03,1.434192630066300489e-01,9.149429418707664616e-03,-8.286065859432255321e-02,2.936293736787691344e+00,2.114358263788752801e+00,-2.102936397583256567e-01,1.587201257887812744e+00,-1.113529253244031736e+00,-7.536002206780203494e-01,7.680263464711403198e-01,-1.804373949243687658e+00,2.847720477916816151e+00,-1.589374220479925714e+00,-1.698024968084809183e+00,1.582165915252254362e-01,-6.380369697125488626e-01,1.350776409522859145e-16,1.622828992129581316e+00,5.069179717796868267e+00,-1.727387513974379507e+00,-1.190027590962692561e-01,-8.118933987121763618e-01,-1.382487760971861768e+00,6.851656878768178638e-01
4.660000000000000253e-01,1.087013508467420397e+00,-7.973397492949009235e-01,-3.284748065200882472e+00,-3.142820079852751913e+00,1.087013508467420397e+00,1.244187475150323685e+00,-5.254202324418778547e-01,1.975684360633570114e+00,-5.685633885668357479e-01,6.314053063398004095e-01,1.383673912640090709e-01,9.290926297035589920e-02,-1.076629693240488059e-02,1.843514842034396084e-01,1.182753494824652710e-02,-1.064937859204195814e-01,3.038303134408848472e+00,2.176430371655430740e+00,-8.670503893124931194e-02,1.500028906642701720e+00,-1.142952586999375297e+00,-7.444179788545393084e-01,7.544760796444057727e-01,-1.844880818520516108e+00,2.904379043808854810e+00,-1.624334061037713939e+00,-1.733147205916189870e+00,1.613695737752714188e-01,-6.514703724745017910e-01,-7.576398376661241972e-17,1.824827622228132773e+00,5.219176806728294871e+00,-1.618129836998607463e+00,-2.438845962058930339e-01,-7.972315290206642979e-01,-1.384060816380794590e+00,6.479822937239860803e-01
4.670000000000000262e-01,1.004730444794451616e+00,-6.542942976549523948e-01,-3.153848788875240672e+00,-2.952424320286209714e+00,1.004730444794451616e+00,1.287654396185608396e+00,-6.002115674022158176e-01,1.883751015611703661e+00,-5.035361888134549657e-01,7.141210031455378360e-01,1.567124751700323115e-01,1.050597775968258041e-01,-1.227227611576752787e-02,2.084590247268829355e-01,1.340004155182402713e-02,-1.204139767846735820e-01,2.900940079586754372e+00,2.065498631172737021e+00,-2.823044387829038993e-01,1.724530358246841200e+00,-1.105725052295354782e+00,-7.480086417813055499e-01,7.777745952648621452e-01,-1.846848052993923517e+00,2.903812501795170142e+00,-1.626074926158090239e+00,-1.733408912365470345e+00,1.614432138088771340e-01,-6.516658205445337027e-01,-7.572825854715395147e-17,1.768213029738368691e+00,5.126023608137939114e+00,-1.803319587344168307e+00,-2.115083023439667809e-02,-7.358228137595946849e-01,-1.386274420774015192e+00,6.573606184801884522e-01
4.680000000000000271e-01,9.009862763113971607e-01,-4.400237864000901000e-01,-3.029118232134676791e+00,-2.724853436206569501e+00,9.009862763113971607e-01,1.394400210858358413e+00,-6.944624070319564968e-01,1.788017700560234013e+00,-4.048372129060467950e-01,5.753754844822690506e-01,1.267915490576536630e-01,8.460867302156760417e-02,-1.008692729752997189e-02,1.678660630861782965e-01,1.084493941077133150e-02,-9.695326729019954071e-02,2.931904265967296475e+00,2.114185131646228122e+00,-1.743677322043809541e-01,1.564566032157049369e+00,-1.112184195999990743e+00,-7.494628504770438626e-01,7.532273258750393774e-01,-1.857567769188100293e+00,2.913594764616980637e+00,-1.634838535941174564e+00,-1.740585988103568127e+00,1.620185153721550586e-01,-6.545622433065805268e-01,1.396544979882445181e-16,1.649711981261465343e+00,5.154571445320861756e+00,-1.724597595123988025e+00,-1.861068832440487264e-01,-7.822996175416574438e-01,-1.393180154372853030e+00,6.562740585848398922e-01
4.690000000000000280e-01,7.825927747546224111e-01,-2.047732526166068379e-01,-2.911366247698262466e+00,-2.490405291470313642e+00,7.825927747546224111e-01,1.521797291836369359e+00,-7.917597644198595130e-01,1.693184234067065974e+00,-2.949833580394159993e-01,5.651182823997815685e-01,1.250001409562130350e-01,8.305055653844181651e-02,-1.009258592247782443e-02,1.647818133809642316e-01,1.069672779562865633e-02,-9.515990006104761700e-02,2.910953753763516616e+00,2.114823808661653537e+00,-1.896734274746123550e-01,1.535562921988583573e+00,-1.106467917311741989e+00,-7.477484689374715998e-01,7.560212500186865858e-01,-1.863943962275588229e+00,2.916195390341148830e+00,-1.640020513178460870e+00,-1.743497004590074173e+00,1.622545342534509327e-01,-6.558514661990620942e-01,-2.163372060512154987e-16,1.612128073887709956e+00,5.156019339959015291e+00,-1.746643384114631381e+00,-2.180266685239684310e-01,-7.794315696773268520e-01,-1.392903207340905114e+00,6.608613499576387884e-01
4.700000000000000289e-01,6.535480199992754757e-01,2.511194575817687902e-02,-2.812279536798906854e+00,-2.273246664402645223e+00,6.535480199992754757e-01,1.655867266932915305e+00,-8.845145616637446473e-01,1.605934149923527343e+00,-1.858581458196654213e-01,5.725593675470235233e-01,1.271786520959314326e-01,8.409234380888649940e-02,-1.043827044589235725e-02,1.668472706060324384e-01,1.088946878758525680e-02,-9.633887553207147458e-02,2.844919467868395557e+00,2.069735384742789286e+00,-2.428117994177602657e-01,1.595004989542798901e+00,-1.084516592530248680e+00,-7.476568685775898393e-01,7.572821354292820217e-01,-1.878354882933907621e+00,2.929367827593639007e+00,-1.652399838801134058e+00,-1.753022282731898196e+00,1.631724466712657085e-01,-6.596730259791868667e-01,-7.624744161395828297e-17,1.539123952481511459e+00,5.126281864432360003e+00,-1.811119294410007852e+00,-1.684555636349916452e-01,-7.544968752529505052e-01,-1.396440425769191362e+00,6.609432598972104778e-01
4.710000000000000298e-01,5.358418164154552521e-01,1.986686500178939108e-01,-2.733238462733138530e+00,-2.104820012641896554e+00,5.358418164154552521e-01,1.754934312458990675e+00,-9.575159107502755340e-01,1.532638307481518636e+00,-1.019380482974832219e-01,4.138348260336245366e-01,9.233040019407312560e-02,6.073680072985648826e-02,-7.705955648852314335e-03,1.205148124395537396e-01,7.910156693956688773e-03,-6.957564388217536699e-02,2.786580055114515453e+00,2.006474477759091712e+00,-2.818065454044692553e-01,1.720186964898029469e+00,-1.060804087827570630e+00,-7.466605665536714120e-01,7.543891915432590078e-01,-1.909251371119405238e+00,2.968381849625379765e+00,-1.679125425289864859e+00,-1.778047961932724519e+00,1.654784214134477904e-01,-6.693375936588000785e-01,-2.216133956021870507e-16,1.291163510028734862e+00,5.067186727578544492e+00,-1.900195169964477682e+00,-6.556695268354736927e-02,-7.748108539745690582e-01,-1.408088003518514597e+00,6.848135476610833772e-01
4.720000000000000306e-01,4.459493965611955324e-01,3.060407910820391320e-01,-2.658406895986558105e+00,-1.980379321885882060e+00,4.459493965611955324e-01,1.799690510027160295e+00,-1.003750718030914646e+00,1.472014838975256756e+00,-4.880459575981495324e-02,4.342735770168741904e-01,9.703121375411477567e-02,6.372247954056450836e-02,-8.141974815731464754e-03,1.264385162421333142e-01,8.314431568192346203e-03,-7.299183638102862970e-02,2.807007437034178654e+00,1.990989579266409404e+00,-2.763097930655915024e-01,1.757175048720075683e+00,-1.072652889961782652e+00,-7.267780058536705834e-01,7.489525223435677947e-01,-1.948879226727277869e+00,3.027027130206402461e+00,-1.713809308211061255e+00,-1.813701660573477481e+00,1.687824713279094391e-01,-6.828432151358461155e-01,1.475019870974442236e-16,1.292401787323774975e+00,5.115047923226927473e+00,-1.926396621736088388e+00,-6.466858666913326281e-02,-7.774319023917398708e-01,-1.401306789421324250e+00,6.759606859625393316e-01
4.730000000000000315e-01,3.803317242245606300e-01,3.708288509308439451e-01,-2.574530301372977448e+00,-1.871452316438007468e+00,3.803317242245606300e-01,1.806484579693151016e+00,-1.029152811596193207e+00,1.415484490699374653e+00,-1.593901588253932022e-02,3.548450280255108780e-01,7.960538914724657467e-02,5.203603189608640989e-02,-6.774872280877148288e-03,1.032525045234923833e-01,6.823726709552861355e-03,-5.959870426559343154e-02,2.776642525124143113e+00,1.965770112517824852e+00,-2.942197409845131451e-01,1.827088939017713631e+00,-1.059763119002220311e+00,-7.357737303659970252e-01,7.470553886204518435e-01,-1.963350408293470739e+00,3.040953990451826794e+00,-1.726088417122781937e+00,-1.823647093377603667e+00,1.696862256337060004e-01,-6.868040167788238559e-01,-7.902353288824231230e-17,1.168137144856183252e+00,5.086329492116898443e+00,-1.968272126211208839e+00,-3.333026640767185189e-03,-7.868243888450219270e-01,-1.415754020435268101e+00,6.874566843548582940e-01
4.740000000000000324e-01,3.409770500523007231e-01,4.115348446480105449e-01,-2.499062302020410797e+00,-1.783950754905784031e+00,3.409770500523007231e-01,1.797830087024383516e+00,-1.037510902381628908e+00,1.372203248410319931e+00,5.053007937830839014e-03,2.335535844365164704e-01,5.259701540835706735e-02,3.422785251631306480e-02,-4.532962199197894913e-03,6.791948168290246057e-02,4.509530146056319258e-03,-3.919897300504666254e-02,2.788954611667468608e+00,1.980331673261118697e+00,-2.485360506276060311e-01,1.758443931173937935e+00,-1.064190329125474177e+00,-7.276769203680130138e-01,7.346963431692017377e-01,-1.982272963090939921e+00,3.063161020680899682e+00,-1.742102204676843069e+00,-1.838341216837865222e+00,1.709574685118351312e-01,-6.925194271006439584e-01,0.000000000000000000e+00,1.040235233013045102e+00,5.096089709350374974e+00,-1.956410402788135938e+00,-8.443024786312516849e-02,-8.253133789307365298e-01,-1.415686817322600710e+00,6.954973701641550266e-01
4.750000000000000333e-01,3.121079112110050069e-01,4.667535609945321906e-01,-2.454777485577172236e+00,-1.713118494958905114e+00,3.121079112110050069e-01,1.819070205524623951e+00,-1.039611487541160395e+00,1.348416070084484719e+00,3.285117244061296071e-02,1.986023888663965287e-01,4.492131550219445602e-02,2.908365889579608149e-02,-3.924471501727528136e-03,5.771589942751879920e-02,3.852024499146303183e-03,-3.330521495911165086e-02,2.849030032957577063e+00,2.051183649493552696e+00,-1.423979542083766980e-01,1.553326200251956779e+00,-1.082870293306173792e+00,-7.147258908346536543e-01,7.220191536488476114e-01,-1.991668455121529790e+00,3.070353127597121201e+00,-1.749510038941886725e+00,-1.844133098894429112e+00,1.713308701986669402e-01,-6.948864825057851080e-01,-2.311980825505682421e-16,1.055963966702443857e+00,5.166458092592868034e+00,-1.862824334254467251e+00,-2.947313701441998668e-01,-8.538235236799881500e-01,-1.405760348841292418e+00,6.887139386897357385e-01
4.760000000000000342e-01,2.700081384854869926e-01,6.003838744993188481e-01,-2.449588250173122095e+00,-1.628014174371434031e+00,2.700081384854869926e-01,1.926269254333550007e+00,-1.052753202574195690e+00,1.341918479293404243e+00,9.815103913334705110e-02,1.063161252437035409e-01,2.415785667489148136e-02,1.555617774225570571e-02,-2.139610177996745938e-03,3.087450421446856497e-02,2.071736024455908889e-03,-1.781353662537026039e-02,2.911723654205517597e+00,2.068179356256428569e+00,-4.469941528658533114e-02,1.524217201575545078e+00,-1.102186363796334945e+00,-6.981460701762942644e-01,6.998983815004153897e-01,-2.029590093395532868e+00,3.122223975596423173e+00,-1.781723067777356340e+00,-1.876680117426485328e+00,1.741031570001442541e-01,-7.073414060460849750e-01,0.000000000000000000e+00,9.884496860536882146e-01,5.214561188527743418e+00,-1.810866305321686021e+00,-3.546025260289369929e-01,-8.972087025817221395e-01,-1.403415740197923256e+00,6.820848448750451709e-01
4.770000000000000351e-01,2.146826017556183741e-01,8.377641124406637330e-01,-2.473139713451348420e+00,-1.506402677022529168e+00,2.146826017556183741e-01,2.132843108389144593e+00,-1.083198820751439140e+00,1.348308431000296848e+00,2.124251231454747368e-01,-2.717781223230852916e-02,-6.184951237240832178e-03,-3.975728585719616459e-03,5.503121624575620097e-04,-7.890692448633621070e-03,-5.304402955288679486e-04,4.552427157784061373e-03,2.888393765999822893e+00,2.023951380304271019e+00,-3.345952594000128899e-02,1.583861908496084769e+00,-1.087992333359877994e+00,-6.850133762032882823e-01,6.905369268370827873e-01,-2.050709530353035603e+00,3.152142060536842205e+00,-1.799954990461244186e+00,-1.895171823883677664e+00,1.757590215823249535e-01,-7.143845093704723759e-01,0.000000000000000000e+00,8.105064234144787605e-01,5.169908489603871615e+00,-1.837390244986965016e+00,-3.107596032251353502e-01,-9.201240042261866758e-01,-1.399928325869289392e+00,6.950893539948668209e-01
4.780000000000000360e-01,1.509749120058342386e-01,1.149613094172915462e+00,-2.518399321882159647e+00,-1.356360470606306379e+00,1.509749120058342386e-01,2.413344501832878741e+00,-1.127169748955568984e+00,1.362864244295827199e+00,3.618143444593358016e-01,-1.083003857400339220e-01,-2.474823325416515563e-02,-1.583065295313348247e-02,2.228000412132353364e-03,-3.142319420411442132e-02,-2.122519033658323319e-03,1.812668712230414841e-02,2.938763260256770149e+00,2.106063297198417672e+00,4.488522965006569443e-04,1.434771742801758121e+00,-1.111083747300824154e+00,-6.965920349683120127e-01,6.961542575468889771e-01,-2.012529316557237546e+00,3.086861301847089400e+00,-1.765553497145747608e+00,-1.857339797051430930e+00,1.720624516923918157e-01,-7.002794333094524148e-01,-1.536118554621898392e-16,8.179335579594986250e-01,5.168176365791341986e+00,-1.780935297802380468e+00,-4.203400538375404727e-01,-9.704444898125467178e-01,-1.398993987311422771e+00,7.142809446691930075e-01
4.790000000000000369e-01,8.470183099469399957e-02,1.503062705931831999e+00,-2.606850872773262218e+00,-1.216505354484893164e+00,8.470183099469399957e-02,2.752268826505039012e+00,-1.180711127968580465e+00,1.395995231361883082e+00,5.311012187270809370e-01,-2.429410107801094898e-01,-5.573509559791069157e-02,-3.548749722234832704e-02,5.071850985586027864e-03,-7.044673713972739171e-02,-4.779842945261409369e-03,4.063241432450772489e-02,2.932561950874766676e+00,2.106595275328914774e+00,4.654765116451892171e-02,1.388500945664645769e+00,-1.103422287372767929e+00,-6.937725636387352957e-01,6.836937861590723919e-01,-2.006685655388912526e+00,3.072522804148841935e+00,-1.759424662529781580e+00,-1.849917632213815111e+00,1.711423632524583793e-01,-6.976231301953125241e-01,-7.960843574387638240e-17,6.829352847057446052e-01,5.123382983879846364e+00,-1.748364508587610944e+00,-4.563448355635832954e-01,-1.002726661260036956e+00,-1.396175536779309168e+00,7.243262004835799850e-01
4.799999999999999822e-01,2.412280036161763147e-02,1.854427276720535200e+00,-2.754961855194105524e+00,-1.123798620379923729e+00,2.412280036161763147e-02,3.125026721334053903e+00,-1.237143184300208310e+00,1.455543391667038389e+00,6.998366146994046133e-01,-4.055961132978417871e-01,-9.345425372447564716e-02,-5.919897493026455432e-02,8.606654317212584365e-03,-1.175316397859103718e-01,-8.015052306380068825e-03,6.778015840274408121e-02,2.868958248648936227e+00,2.080303721076704804e+00,-1.135938102449030040e-02,1.416341272246931293e+00,-1.081777560211254929e+00,-7.025837819003728502e-01,6.915182812817097791e-01,-1.973994736515130022e+00,3.014789729035107335e+00,-1.730007778762307824e+00,-1.816756443788264619e+00,1.679371922682871832e-01,-6.852888295332024704e-01,2.291611905648372695e-16,4.893673988359644178e-01,5.001639196387336561e+00,-1.800566134717062727e+00,-3.918085172241207448e-01,-1.031372007728878160e+00,-1.395887663739955320e+00,7.592984396844540962e-01
4.809999999999999831e-01,-7.689456206859610066e-03,2.116904798241853847e+00,-2.955543036018199565e+00,-1.124385326648188910e+00,-7.689456206859610066e-03,3.457206704811458309e+00,-1.275940750933739043e+00,1.543797310680314228e+00,8.268145389534176104e-01,-5.701424374676831164e-01,-1.319559119190537588e-01,-8.313274496463551877e-02,1.230618469783513469e-02,-1.650875296172459317e-01,-1.131910556978420884e-02,9.519037381581393897e-02,2.763917410499252547e+00,2.004359759562086118e+00,-1.377968890754158737e-01,1.548904595587559996e+00,-1.050647211696559724e+00,-7.054626361121881795e-01,7.052182681361500727e-01,-1.948013641880833591e+00,2.966823478201808584e+00,-1.706569719897963466e+00,-1.789554716812696400e+00,1.653021416118212461e-01,-6.752134756409141625e-01,1.493867776246371744e-16,2.457613311507358400e-01,4.839227325844841054e+00,-1.927499353938014748e+00,-2.283439365273012833e-01,-1.050432599701984326e+00,-1.391995217322886447e+00,8.004086419519641504e-01
4.819999999999999840e-01,6.896374107262029374e-04,2.268269744503509600e+00,-3.187598979896718809e+00,-1.220275517634193951e+00,6.896374107262029374e-04,3.717090603083441192e+00,-1.290015757757092540e+00,1.655144220596294291e+00,9.009550873089037237e-01,-5.937833550139902661e-01,-1.376460916747999641e-01,-8.655436953441016101e-02,1.288795435664517527e-02,-1.718908031868150998e-01,-1.180657867666727069e-02,9.910796048786520152e-02,2.852109309495185929e+00,2.040700727201002707e+00,4.215375445106739338e-02,1.444898128830221395e+00,-1.065466248798592641e+00,-6.842231790598809482e-01,6.732230613048508783e-01,-1.974363779681461706e+00,3.005386322375960706e+00,-1.729162026294235099e+00,-1.813216148060627919e+00,1.673583685549696054e-01,-6.841902313419797599e-01,0.000000000000000000e+00,2.839621747997339574e-01,4.908440957902162616e+00,-1.773562641377577798e+00,-3.554300648737613311e-01,-1.069998683430438247e+00,-1.380219989078528053e+00,7.723310217927160659e-01
4.829999999999999849e-01,3.962369356625081857e-02,2.326652676786125085e+00,-3.439011345066043113e+00,-1.380155137096190199e+00,3.962369356625081857e-02,3.916029048339145113e+00,-1.286312075313628789e+00,1.779844752845783917e+00,9.307907025686597002e-01,-7.001745105842673844e-01,-1.629553724291781247e-01,-1.019638180336178285e-01,1.543107073932774818e-02,-2.025464534364347369e-01,-1.398114069212684843e-02,1.167661414276332243e-01,2.670559880884098014e+00,1.945000821345060027e+00,-2.038817210708935290e-01,1.625695324010921095e+00,-1.012817902727281449e+00,-7.090871342902876906e-01,7.120152649494538855e-01,-1.904644108842437733e+00,2.889599153496359651e+00,-1.667942851007708560e+00,-1.745265663512035603e+00,1.611292458077127898e-01,-6.587302437072375394e-01,2.211261754809652688e-16,6.574126145739289662e-02,4.671644602412241554e+00,-1.973788390112219737e+00,-1.041392687617867518e-01,-1.054235110356003258e+00,-1.381798518689652200e+00,8.287814063770873041e-01
4.839999999999999858e-01,1.303745620980985287e-01,2.212219743574975084e+00,-3.708600883563855977e+00,-1.658490041541256232e+00,1.303745620980985287e-01,3.987110167720730125e+00,-1.243787725547532697e+00,1.923904603625619991e+00,8.783956259690779422e-01,-8.420475578750525880e-01,-1.967138249202700639e-01,-1.225260173213389703e-01,1.881992381478842652e-02,-2.434338096383642513e-01,-1.688048868994801097e-02,1.403183224889959224e-01,2.582902471794550792e+00,1.892980289295610019e+00,-2.913255697131370558e-01,1.710858720484647932e+00,-9.801131071050365184e-01,-7.175879837467462607e-01,7.255397460943528998e-01,-1.873899140416422915e+00,2.835383983316401402e+00,-1.640622656299188575e+00,-1.714066702096617822e+00,1.582036330108836375e-01,-6.471156895305446577e-01,7.324265205268984528e-17,-1.330442264969247113e-01,4.531650447691741412e+00,-2.054474243333664685e+00,1.561194220281852951e-02,-1.065343283732516966e+00,-1.381584161967238877e+00,8.658580685833489055e-01
4.849999999999999867e-01,2.850192920882959613e-01,1.867637703607458288e+00,-3.985658771245837784e+00,-2.078609395097046342e+00,2.850192920882959613e-01,3.879810487041772227e+00,-1.148006847463911795e+00,2.085871606110196730e+00,7.164561502770038226e-01,-8.988843564279357379e-01,-2.108593509306143088e-01,-1.306792783619326603e-01,2.040732301163603046e-02,-2.596808584066849779e-01,-1.810030846620340472e-02,1.496604090938732090e-01,2.517026358446152301e+00,1.851867981995105383e+00,-3.880873667751988942e-01,1.828013243314707159e+00,-9.612333631885174867e-01,-7.321990605490493742e-01,7.395058347732681447e-01,-1.845445132265291832e+00,2.783135240720286951e+00,-1.615478536388776032e+00,-1.684295091633487118e+00,1.554701621960936919e-01,-6.360736272741295272e-01,2.142692511762826894e-16,-2.273031302470752690e-01,4.424143871784777637e+00,-2.134245181525907586e+00,1.641254746928560715e-01,-1.065444059399108800e+00,-1.386372996289382487e+00,8.891662438671416036e-01
4.859999999999999876e-01,4.931820964067771818e-01,1.339940522935217704e+00,-4.252653670187600987e+00,-2.601517367720179941e+00,4.931820964067771818e-01,3.621133970045052664e+00,-1.009810516509126677e+00,2.255723734737406172e+00,4.666506566095125486e-01,-8.718105370670550247e-01,-2.053953589740527552e-01,-1.266187707491844283e-01,2.011340121740818124e-02,-2.516730615099664892e-01,-1.763667868451679679e-02,1.450220754978353566e-01,2.508483338320333544e+00,1.846876135527159679e+00,-4.040147885917471093e-01,1.850378100145070315e+00,-9.633205383441652003e-01,-7.338101712688859246e-01,7.376153780345275912e-01,-1.836770150553097336e+00,2.761792373960274993e+00,-1.607408420462956844e+00,-1.673097800705478866e+00,1.543610169966049273e-01,-6.320358049629776209e-01,0.000000000000000000e+00,-2.000973492998188163e-01,4.403273150513382639e+00,-2.138041979803888548e+00,1.973937006569996266e-01,-1.060632582857526707e+00,-1.383482654916380339e+00,8.826374535323628923e-01
4.869999999999999885e-01,7.325844713123954577e-01,7.281977731109480212e-01,-4.510194217962545160e+00,-3.172637651119231350e+00,7.325844713123954577e-01,3.287323259919408436e+00,-8.527193650408195769e-01,2.428595474785075758e+00,1.756758356156946643e-01,-9.063508201836332212e-01,-2.138531800321104848e-01,-1.315884194816011044e-01,2.102124215088915782e-02,-2.615789257493733588e-01,-1.836373663442876156e-02,1.507220345946234663e-01,2.553103410857235911e+00,1.882587361452975117e+00,-3.100171914252505823e-01,1.764477683575947697e+00,-9.710465693961384259e-01,-7.314883878132061312e-01,7.228909408143112669e-01,-1.837247940499335375e+00,2.760255457348598895e+00,-1.607552285348448295e+00,-1.672689617050631128e+00,1.542580052254506062e-01,-6.319352262926152264e-01,-7.117175560210833899e-17,-1.904953498257326849e-01,4.428989638769463610e+00,-2.049157896255299871e+00,1.128093086762057273e-01,-1.078367489920061040e+00,-1.381787350740250053e+00,8.736129754089345667e-01
4.879999999999999893e-01,9.653001254125957997e-01,1.456697668322339823e-01,-4.770675755945027241e+00,-3.725619502207734079e+00,9.653001254125957997e-01,2.983341444437765499e+00,-7.100052894197583786e-01,2.598480576806942555e+00,-1.027217064440207328e-01,-7.880443523353507507e-01,-1.866855931295764714e-01,-1.143163203221235907e-01,1.853260131463670829e-02,-2.272813135586473354e-01,-1.603210590118320233e-02,1.309407773479704384e-01,2.579813456414969064e+00,1.930240720884978778e+00,-2.666840908068968119e-01,1.636384814025449774e+00,-9.819718129589674049e-01,-7.286200953628463317e-01,7.202494441597315777e-01,-1.819464443582469837e+00,2.726364142621356290e+00,-1.591459828982090929e+00,-1.653691685252507648e+00,1.524123164664999697e-01,-6.249073300900621630e-01,2.112638708615827614e-16,-2.769533950285152368e-02,4.469919270376758291e+00,-1.972460240111111318e+00,1.225730087578841276e-03,-1.056840810051114854e+00,-1.369559531354091808e+00,8.511902215077022937e-01
4.889999999999999902e-01,1.163837686517434911e+00,-3.333977702817245703e-01,-5.027787606108216956e+00,-4.215308901811532394e+00,1.163837686517434911e+00,2.760611009844138763e+00,-5.992630773652927179e-01,2.757010252649952253e+00,-3.326731195566281496e-01,-6.512723764157863915e-01,-1.548492887418970176e-01,-9.439232961115512355e-02,1.551258703944103159e-02,-1.877129686054395674e-01,-1.330004423593840295e-02,1.081300159750565038e-01,2.626300011467073148e+00,1.972174175636379312e+00,-2.275692087467478530e-01,1.570994406634705465e+00,-1.004638709126805418e+00,-7.276632556728109824e-01,7.138085701750953582e-01,-1.808761638292775364e+00,2.704394504293825108e+00,-1.581533140886989264e+00,-1.641671353174637193e+00,1.511759972898047422e-01,-6.205009381906053667e-01,2.100241846647494190e-16,1.662659967585113918e-01,4.521719391188307569e+00,-1.903494679244892129e+00,-5.516435950049070058e-02,-1.041175680442440132e+00,-1.361464238099354684e+00,8.219385861501520285e-01
4.899999999999999911e-01,1.313043102053594868e+00,-6.765894415766430248e-01,-5.272938519934953661e+00,-4.613244183040149160e+00,1.313043102053594868e+00,2.641899319639763100e+00,-5.313307572348673347e-01,2.895879598334694549e+00,-4.986317942321805141e-01,-5.492829824300644592e-01,-1.311340727082718205e-01,-7.953554527518677530e-02,1.327368861607069843e-02,-1.582046234845480570e-01,-1.126609808247084135e-02,9.111802168751619024e-02,2.656574219631969491e+00,2.004160269918093817e+00,-1.927973908009829596e-01,1.524425838039900949e+00,-1.017418141320221459e+00,-7.305717011242207626e-01,7.086938217917587712e-01,-1.796771724107046886e+00,2.679143483493020117e+00,-1.570552446949850633e+00,-1.627919528998029719e+00,1.498125638274163673e-01,-6.154722903232551223e-01,0.000000000000000000e+00,3.105195130948581461e-01,4.552169680702841781e+00,-1.842885383026020341e+00,-9.022000234205806990e-02,-1.025810200977353093e+00,-1.357310089529946806e+00,7.998118434792749198e-01
4.909999999999999920e-01,1.408461562140100654e+00,-8.790978355608449757e-01,-5.504883218578813242e+00,-4.916230418191648077e+00,1.408461562140100654e+00,2.628161092841450941e+00,-5.082855757491168136e-01,3.013211570269032968e+00,-5.979968402127610050e-01,-5.862363064994506878e-01,-1.405620628326411936e-01,-8.480218161810304522e-02,1.437916930154668933e-02,-1.687260000623146960e-01,-1.207860194925169939e-02,9.716227835912369382e-02,2.661484205921036406e+00,2.044994923011853594e+00,-1.432850481341382265e-01,1.388175421317990654e+00,-1.018383256164149042e+00,-7.360980160299019914e-01,6.999615898108642043e-01,-1.770946109957372672e+00,2.633838405487090029e+00,-1.547292491059834463e+00,-1.601965095693261620e+00,1.472641147839237330e-01,-6.058175476537921433e-01,0.000000000000000000e+00,3.043017894642130461e-01,4.538271265666302234e+00,-1.775379720812075846e+00,-1.994105050737242646e-01,-1.039845141442540033e+00,-1.353994165632945723e+00,7.971238681699879258e-01
4.919999999999999929e-01,1.459703087348185324e+00,-9.977230857061208935e-01,-5.732361469138089305e+00,-5.167332862125816106e+00,1.459703087348185324e+00,2.674713154826990902e+00,-5.137703185223140290e-01,3.116750824716875812e+00,-6.566346987960312021e-01,-5.653967878471100050e-01,-1.357498923107640643e-01,-8.175672285257420957e-02,1.393672839688007113e-02,-1.626880602042136692e-01,-1.166684844302989452e-02,9.368025927143680542e-02,2.600172133126386953e+00,2.041520719512825099e+00,-2.615654952114165321e-01,1.417992043303428762e+00,-1.007655149199645939e+00,-7.618378864550665597e-01,7.240746430151068225e-01,-1.710280608469844532e+00,2.540808801118444649e+00,-1.494216116236165348e+00,-1.545992595737974096e+00,1.421122009210224746e-01,-5.847083435285279629e-01,0.000000000000000000e+00,3.244947368094324158e-01,4.446579628320504796e+00,-1.837538334300156118e+00,-1.140638240376652679e-01,-1.028231008482836994e+00,-1.358213078426624199e+00,8.177549022865435724e-01
4.929999999999999938e-01,1.482740574286778523e+00,-1.109231624739561273e+00,-5.963691144166728186e+00,-5.414693975055904218e+00,1.482740574286778523e+00,2.734427913993767945e+00,-5.331648016960344183e-01,3.212470812031953837e+00,-7.111928597499197480e-01,-6.668658864519987350e-01,-1.607435149480119230e-01,-9.634639627135502260e-02,1.665165573568292909e-02,-1.917573144868663371e-01,-1.381597869396722703e-02,1.104031112219953648e-01,2.612694055154947570e+00,2.052142014449792384e+00,-2.103137810338880365e-01,1.375757575976275238e+00,-1.008698344863753871e+00,-7.577667396285190371e-01,7.119081134174767289e-01,-1.716371018620008071e+00,2.543389234152122480e+00,-1.499012718765741381e+00,-1.549025459571383267e+00,1.422838495685136984e-01,-5.859901236153393089e-01,0.000000000000000000e+00,2.294571500829407640e-01,4.434787733653902997e+00,-1.805672896070984468e+00,-1.566162278594251112e-01,-1.058171809782106454e+00,-1.357572841937825681e+00,8.223112246394721492e-01
4.939999999999999947e-01,1.484659383204686378e+00,-1.222423548461376352e+00,-6.186597104173755746e+00,-5.656297795044892496e+00,1.484659383204686378e+00,2.788296669110781778e+00,-5.588530521488223046e-01,3.298552724030289873e+00,-7.656686856057015600e-01,-6.500268239799582570e-01,-1.572433299335500578e-01,-9.383404886836888004e-02,1.642768621855179162e-02,-1.868003842581543172e-01,-1.351788409691660232e-02,1.075346288066093697e-01,2.599708964449793935e+00,2.069623724940285570e+00,-2.292673264265252531e-01,1.337037720852117140e+00,-1.009977232121526569e+00,-7.682929890568711562e-01,7.145544619295706168e-01,-1.694256769844415533e+00,2.504374741187145315e+00,-1.479314805566096513e+00,-1.526675198472629447e+00,1.401554531857354957e-01,-5.776661252301984462e-01,0.000000000000000000e+00,2.554253706254201450e-01,4.416755136193881270e+00,-1.802416180860990647e+00,-1.732097914019605223e-01,-1.056622163193945418e+00,-1.359476998383986279e+00,8.220890907361799727e-01
4.949999999999999956e-01,1.462943361462884395e+00,-1.320831115987527671e+00,-6.394435651645521190e+00,-5.876452736664522725e+00,1.462943361462884395e+00,2.846173812988971541e+00,-5.926470689863380104e-01,3.372018951496816630e+00,-8.123247531549794287e-01,-6.196672074327965740e-01,-1.505012390526367649e-01,-8.936461620981428489e-02,1.587555714605104126e-02,-1.779511881754510250e-01,-1.294215462797573823e-02,1.024245516946912793e-01,2.596789765131257699e+00,2.096307870513560268e+00,-2.095500424846113985e-01,1.251405320220128070e+00,-1.011056808422643005e+00,-7.741578500334163060e-01,7.101677395356857936e-01,-1.682202492799696580e+00,2.479906071358256803e+00,-1.468301526352310260e+00,-1.513283665850799320e+00,1.388147500744282836e-01,-5.727488462772285516e-01,-6.360892795271543619e-17,2.949200648987645446e-01,4.425712702819180500e+00,-1.767216185046735832e+00,-2.460027884846202051e-01,-1.050193246523665636e+00,-1.359848850938620624e+00,8.125922912303769063e-01
4.959999999999999964e-01,1.414700846441864002e+00,-1.383834056481950459e+00,-6.583273497927277340e+00,-6.060110809787237152e+00,1.414700846441864002e+00,2.920538241059482232e+00,-6.363031538084145122e-01,3.431393480411946584e+00,-8.413357281163039714e-01,-5.447170878497040736e-01,-1.328565220940973735e-01,-7.848124687265528587e-02,1.415608908760873468e-02,-1.563166454429923691e-01,-1.142873022899439095e-02,8.995756679991820381e-02,2.612614816165894194e+00,2.117051761968450130e+00,-1.590253915556004705e-01,1.193421799760902013e+00,-1.011122415352175619e+00,-7.731592333673772410e-01,7.039650587940231574e-01,-1.691097729127973404e+00,2.486851616768914752e+00,-1.475407593488255564e+00,-1.518970785744260477e+00,1.391687850865755693e-01,-5.750667709920442849e-01,0.000000000000000000e+00,3.767999991882167166e-01,4.471046856643267731e+00,-1.712914231916511376e+00,-3.113928968957497267e-01,-1.028270275708592418e+00,-1.359654734588416014e+00,7.939226255939413335e-01
4.969999999999999973e-01,1.344898415731647923e+00,-1.412452038842581636e+00,-6.745581039504753740e+00,-6.204183404969575655e+00,1.344898415731647923e+00,3.000998600475635936e+00,-6.840671540649581051e-01,3.476838185941747206e+00,-8.531625991533209330e-01,-4.571945111759921354e-01,-1.116575769610873847e-01,-6.584784929242212814e-02,1.193782929663544240e-02,-1.311686974178153942e-01,-9.606957003917560023e-03,7.548124286117610660e-02,2.568536931366324438e+00,2.129092284527755119e+00,-2.642517670767326465e-01,1.189413248518687238e+00,-1.006698717368666562e+00,-7.955106000891160045e-01,7.298030206842637257e-01,-1.646400342694571917e+00,2.418541178885750487e+00,-1.436336356031482353e+00,-1.477816343379118491e+00,1.353856070928170507e-01,-5.595458780527610143e-01,0.000000000000000000e+00,4.649420774957603864e-01,4.435975886452419026e+00,-1.766435972400637100e+00,-2.764652655637958034e-01,-1.002481807693665017e+00,-1.364663435145794690e+00,8.052842635454398046e-01
4.979999999999999982e-01,1.254214059409967330e+00,-1.410431136307436883e+00,-6.885098623431178844e+00,-6.309874444285592965e+00,1.254214059409967330e+00,3.095057922235215919e+00,-7.390729423408487486e-01,3.507983452488030451e+00,-8.500849362892221039e-01,-3.930039157798382310e-01,-9.636189775274002500e-02,-5.655536765936795135e-02,1.038546083080941693e-02,-1.126792615739412168e-01,-8.290550449440098682e-03,6.483205543801057180e-02,2.657701256340459395e+00,2.189634459868859295e+00,-1.056767477210778794e-01,1.033743261184335127e+00,-1.035447770119471755e+00,-7.804092614668062255e-01,6.965428605658968708e-01,-1.685760905685073530e+00,2.471830266661954489e+00,-1.469807393456701528e+00,-1.511566155497129804e+00,1.382467451476410703e-01,-5.724315942149049707e-01,-1.324358218114311490e-16,5.789364348755476897e-01,4.565102828778074162e+00,-1.632039508837147324e+00,-4.674374334819852428e-01,-1.009880286545771888e+00,-1.361131406131151467e+00,7.613749160039073871e-01
4.989999999999999991e-01,1.132886056029269062e+00,-1.309444696981787004e+00,-7.007159297672232334e+00,-6.340966306692104482e+00,1.132886056029269062e+00,3.256850186115969326e+00,-8.144554467830467104e-01,3.525673584706252139e+00,-7.997285872176166377e-01,-3.846233089432968821e-01,-9.465200315733400538e-02,-5.530535911842011931e-02,1.027995525930164994e-02,-1.102105607504241525e-01,-8.144075343890354313e-03,6.340297558880594875e-02,2.676587719108703745e+00,2.223576298791912542e+00,-5.048246527516148108e-02,9.294791195471171497e-01,-1.040237587688326526e+00,-7.803716809376711749e-01,6.880040418916804068e-01,-1.690935963310625123e+00,2.474907712485524769e+00,-1.473575551969661390e+00,-1.514617299418789864e+00,1.383266664062378359e-01,-5.736981242886535215e-01,1.963326974035932691e-16,6.010284468547817394e-01,4.603832008120103403e+00,-1.579363376363242866e+00,-5.748582246123710160e-01,-1.012121482032512843e+00,-1.362213880570215085e+00,7.514070174804865498e-01
5.000000000000000000e-01,9.752128870780210068e-01,-1.057467128599609563e+00,-7.111908684273696046e+00,-6.265163791063649512e+00,9.752128870780210068e-01,3.527776145486172688e+00,-9.221323210799574621e-01,3.527812336951090089e+00,-6.777574499920026030e-01,-2.571883547162222006e-01,-6.354731056859494465e-02,-3.694766458753012683e-02,6.962208374116237233e-03,-7.364412093903044410e-02,-5.468876881800440078e-03,4.236003849013609407e-02,2.721202647884067627e+00,2.234462491805405904e+00,1.262092853368929068e-02,9.294536346759019185e-01,-1.052996816673064107e+00,-7.702974222480926114e-01,6.757790435158533837e-01,-1.723214156353911175e+00,2.517301752032195417e+00,-1.500842467488065379e+00,-1.541789334826164426e+00,1.405662331017854538e-01,-5.841296952421880517e-01,-6.439078870904643703e-17,7.408001368139343068e-01,4.688216933269006681e+00,-1.525169203541906215e+00,-6.053734917761462997e-01,-9.860747045103090969e-01,-1.359895994372081196e+00,7.181390820059894153e-01
5.010000000000000009e-01,7.919385505700303751e-01,-6.679902229428659188e-01,-7.185808700804966698e+00,-6.079301476327696463e+00,7.919385505700303751e-01,3.888978166875138864e+00,-1.057657006143239098e+00,3.510689291159636571e+00,-4.910562540888954719e-01,-1.572093037349878708e-01,-3.900767848157522810e-02,-2.256209793746194459e-02,4.312616626298502662e-03,-4.498275719046650190e-02,-3.357859112394988646e-03,2.586974173260486037e-02,2.701470385718156564e+00,2.212887965897044396e+00,4.531394546957057123e-03,9.547546425219061161e-01,-1.044115558379810293e+00,-7.633020478899671390e-01,6.757427461722329554e-01,-1.735438299391352857e+00,2.529675437043664488e+00,-1.510662434195072956e+00,-1.550735066671624640e+00,1.411496110814801364e-01,-5.876717163074571815e-01,0.000000000000000000e+00,8.088227825918158365e-01,4.703555724459133280e+00,-1.528693137585577677e+00,-5.916678075234200751e-01,-9.479487044887966452e-01,-1.354331623309819266e+00,7.016124879048377672e-01
5.020000000000000018e-01,5.994994320371576091e-01,-1.979298579874850805e-01,-7.217623436145544247e+00,-5.813506626751618889e+00,5.994994320371576091e-01,4.282102870716136600e+00,-1.203681528573638859e+00,3.475135199325073199e+00,-2.665967420335608185e-01,-1.314080317811342491e-01,-3.265112827114750871e-02,-1.885280282805960883e-02,3.620703267766740494e-03,-3.759113311558502646e-02,-2.810933944721478832e-03,2.161760094248171837e-02,2.689916586762712392e+00,2.233290930553060605e+00,-8.454734466752211741e-03,8.947083496017016468e-01,-1.041470751775092074e+00,-7.717211257346501263e-01,6.830651734465666980e-01,-1.711712626807873061e+00,2.493216668383579915e+00,-1.489751282685409572e+00,-1.528861223990203300e+00,1.390860900400595901e-01,-5.794316739347051826e-01,0.000000000000000000e+00,8.467959281737050814e-01,4.693856470665492608e+00,-1.517058819980221518e+00,-6.305321711207348967e-01,-9.399757948506175520e-01,-1.353963733614076848e+00,7.046827743890484719e-01
5.030000000000000027e-01,4.116938868773539206e-01,2.665776203865939387e-01,-7.212426953294905019e+00,-5.514560472760014598e+00,4.116938868773539206e-01,4.656156030093778320e+00,-1.344105179601472244e+00,3.424518594389452275e+00,-4.474922665400463129e-02,-2.372724644874377176e-01,-5.914973359987903134e-02,-3.400931007242242315e-02,6.615209018292076554e-03,-6.783323795411745627e-02,-5.095703857815129731e-03,3.900332978022719166e-02,2.626559361455979680e+00,2.166274267473171200e+00,-7.262467647742976151e-02,1.040035567300931829e+00,-1.013352629515471559e+00,-7.686140919029531560e-01,6.916894262283870276e-01,-1.727950865154801896e+00,2.508897631665830463e+00,-1.503960399116373470e+00,-1.540181021693663777e+00,1.401580742552903658e-01,-5.839209906782587556e-01,0.000000000000000000e+00,6.613360318137400107e-01,4.616022165539122923e+00,-1.610594385666225703e+00,-4.935302453744398465e-01,-9.410277932142986357e-01,-1.357630786439027126e+00,7.306927560086142748e-01
5.040000000000000036e-01,2.544162898983686194e-01,6.537118157145607178e-01,-7.170141457835073950e+00,-5.238068330637556613e+00,2.544162898983686194e-01,4.939727505332859536e+00,-1.457215579953379692e+00,3.366823376757265063e+00,1.402071342223054351e-01,-3.042469636511356823e-01,-7.614039494602768687e-02,-4.357436073414087258e-02,8.572894044121788862e-03,-8.692297636287453499e-02,-6.558284935768653699e-03,4.997245120017793085e-02,2.589710870628061379e+00,2.115925535777061661e+00,-1.142193872609644223e-01,1.164237405065400299e+00,-1.001080734247060899e+00,-7.698142670773805429e-01,6.898652405494178907e-01,-1.742646906841109455e+00,2.526597384304533289e+00,-1.515700985395310507e+00,-1.552068657963121545e+00,1.409459385086349326e-01,-5.885201811458705690e-01,-6.448364727219623463e-17,5.428170001358162411e-01,4.566382525135566972e+00,-1.673494733390415767e+00,-3.792583588535994310e-01,-9.470577721013004879e-01,-1.364892733159019711e+00,7.398376917495956828e-01
5.050000000000000044e-01,1.456257773629997532e-01,9.069642982888443949e-01,-7.097383508198428892e+00,-5.016800081264072730e+00,1.456257773629997532e-01,5.101681472362461278e+00,-1.530065606255395450e+00,3.308761219467619696e+00,2.613529471141718408e-01,-4.948224536193726042e-01,-1.243341924668297238e-01,-7.080035579091803477e-02,1.411218097185216146e-02,-1.412680690911481407e-01,-1.071130245593734411e-02,8.120254441841529003e-02,2.514496532901428161e+00,2.100217425267555171e+00,-2.045710819856358942e-01,1.179949179424093053e+00,-9.782525297860830138e-01,-7.913952764041289889e-01,7.072491689109028368e-01,-1.707879210257780667e+00,2.470258847941371627e+00,-1.484805393509301075e+00,-1.518918920641461723e+00,1.377582180169014681e-01,-5.760894706585160119e-01,-6.299944902701880033e-17,3.117948690242748899e-01,4.446142080742097491e+00,-1.760176831285855004e+00,-3.248575602455164857e-01,-9.817623808603297419e-01,-1.378196049518582322e+00,7.884517133293180713e-01
5.060000000000000053e-01,9.241488670549628803e-02,9.722534068927934925e-01,-7.018165718083918314e+00,-4.905691426328782079e+00,9.241488670549628803e-02,5.112153984706182541e+00,-1.550220479838245513e+00,3.263361609315292178e+00,2.938575940604457593e-01,-6.465061628840940156e-01,-1.631250613894512647e-01,-9.240024398583809861e-02,1.867148520748606114e-02,-1.844322543418037141e-01,-1.405683371400953501e-02,1.059956989773984670e-01,2.443432568995861587e+00,2.076105245317018344e+00,-2.681622852739413143e-01,1.180210482285451556e+00,-9.579589715438066033e-01,-8.021024938423493289e-01,7.121088927251228995e-01,-1.693769758978809659e+00,2.443427833638923907e+00,-1.471947902517535933e+00,-1.504014211588873495e+00,1.362410293650445081e-01,-5.705853380309445777e-01,6.226542855804538757e-17,1.031566471329579127e-01,4.356408017566490543e+00,-1.832510431777315318e+00,-3.051322440959358673e-01,-1.006150196520565920e+00,-1.386744665587303249e+00,8.181045917025214775e-01
5.070000000000000062e-01,8.299135037148942795e-02,8.960114878483391720e-01,-6.942629654767764613e+00,-4.892025409916042733e+00,8.299135037148942795e-02,5.007098011658325021e+00,-1.525813073458025526e+00,3.234272442182391849e+00,2.598929170033437153e-01,-5.616249442679418502e-01,-1.419140539585757033e-01,-8.024489324064254525e-02,1.628696499937871273e-02,-1.601795849654266690e-01,-1.222915955277927361e-02,9.205219681954734945e-02,2.523835453656776195e+00,2.106253483119965075e+00,-1.189262362832899655e-01,1.080846859723714193e+00,-9.819679348104055627e-01,-7.760980409387610024e-01,6.769207176776441681e-01,-1.753944411480319321e+00,2.528958311683745297e+00,-1.523830750625324582e+00,-1.557037993945741050e+00,1.409245697350490212e-01,-5.907446304509931245e-01,-6.443396815168559332e-17,2.082660979085150244e-01,4.493297740845134669e+00,-1.723001880149257037e+00,-4.599041692226481515e-01,-1.001222950040783211e+00,-1.379071830942533383e+00,7.689729144971914065e-01
5.080000000000000071e-01,9.146863956453174516e-02,7.746845976239102871e-01,-6.869051706982003402e+00,-4.901111107434183545e+00,9.146863956453174516e-02,4.874742812864425012e+00,-1.485288543424368113e+00,3.210816842393329207e+00,2.051658661513487414e-01,-6.126555402456306254e-01,-1.553794334190780890e-01,-8.744509904301484005e-02,1.796547805068645504e-02,-1.746107530582735046e-01,-1.339345577974096306e-02,1.003298407961961125e-01,2.445775313764325443e+00,2.067022235136098729e+00,-2.401274727903552342e-01,1.207107179274668818e+00,-9.512622645897415019e-01,-7.975931937503630831e-01,7.085410032203270925e-01,-1.734360179094438514e+00,2.493916090877888347e+00,-1.506481043976203971e+00,-1.537070283049009500e+00,1.390282813392703098e-01,-5.833196464073251430e-01,0.000000000000000000e+00,9.875959442425630286e-02,4.405558892594909182e+00,-1.834053615809574156e+00,-3.119976257236542483e-01,-9.868447363087446966e-01,-1.394306295937429274e+00,8.088708440165232050e-01
5.090000000000000080e-01,1.260472081028236047e-01,6.097510888814359209e-01,-6.811323188873505075e+00,-4.952388167680598308e+00,1.260472081028236047e-01,4.715906213051234808e+00,-1.427911016952111423e+00,3.201612535098084411e+00,1.296147630261245409e-01,-6.062989721728516690e-01,-1.543066172855444007e-01,-8.646838648539448280e-02,1.795726805067383858e-02,-1.726949231118518613e-01,-1.330227398432600773e-02,9.921511737882107718e-02,2.453040208026274538e+00,2.083705619255822761e+00,-2.128150889483577113e-01,1.168402878412954760e+00,-9.553520211312588328e-01,-8.033002925230278146e-01,6.997172782472191876e-01,-1.740598235915316261e+00,2.497921548035277439e+00,-1.511270193826163233e+00,-1.540820037686181143e+00,1.391939954964587500e-01,-5.848617450120517924e-01,6.355232214540091503e-17,1.061429999381066080e-01,4.427320550005555688e+00,-1.810553669259915566e+00,-3.544598912225525589e-01,-9.888529487466519718e-01,-1.401464311519405648e+00,7.989323956260403481e-01
5.100000000000000089e-01,1.833167176438548207e-01,4.081630249943402067e-01,-6.789446865995034663e+00,-5.054470581013271513e+00,1.833167176438548207e-01,4.551429769513497980e+00,-1.358937626955834199e+00,3.213279786427342355e+00,3.651739188447949980e-02,-6.594719658514902605e-01,-1.685104805589740518e-01,-9.395885818696003700e-02,1.975344788513441752e-02,-1.877077450286530613e-01,-1.452843238811427941e-02,1.078226817229123446e-01,2.459407186788780120e+00,2.116234157125355786e+00,-1.793032968143053463e-01,1.065484169391727187e+00,-9.604315373200947858e-01,-8.084048465814381856e-01,6.920839521764128310e-01,-1.734982946883599109e+00,2.484520330805655153e+00,-1.505621312187416905e+00,-1.533974905408247880e+00,1.383527212107464599e-01,-5.823908336630181370e-01,-2.014305753541368145e-16,6.495227405369075058e-02,4.432244007372037053e+00,-1.778883467188682399e+00,-4.487372881313862472e-01,-1.009786561138001471e+00,-1.405324112632570621e+00,7.999066338993249259e-01
5.110000000000000098e-01,2.420574431714513919e-01,2.293312325476948299e-01,-6.812080884237918355e+00,-5.177486448929254692e+00,2.420574431714513919e-01,4.432907946120180576e+00,-1.294468428908560620e+00,3.244340837430933711e+00,-4.560643984475130919e-02,-8.335754403648625299e-01,-2.138832854389778326e-01,-1.186432585279459662e-01,2.525187989193608540e-02,-2.370893815657498238e-01,-1.844071683368518969e-02,1.361656410670178952e-01,2.479094309665225371e+00,2.154544567565072732e+00,-1.230837015776015120e-01,9.214825279295122407e-01,-9.749967584369327867e-01,-8.038116858813155741e-01,6.745000732410940669e-01,-1.735561741628064647e+00,2.479958927282111869e+00,-1.505282978559623119e+00,-1.532623910417530100e+00,1.379898470338803140e-01,-5.819975997774025078e-01,0.000000000000000000e+00,-9.004287232770180616e-02,4.420620209408205881e+00,-1.747009938665170514e+00,-5.858895025960817460e-01,-1.074096292968802269e+00,-1.404250002492403171e+00,8.106657143081119621e-01
5.120000000000000107e-01,2.912765783277088127e-01,1.128432283760585353e-01,-6.860746494796731376e+00,-5.286087470968257485e+00,2.912765783277088127e-01,4.374912034467480559e+00,-1.240705297105357152e+00,3.285785528836049796e+00,-9.800849266708400176e-02,-9.152634647516746380e-01,-2.351688239634266986e-01,-1.302291404704830069e-01,2.783171686161836633e-02,-2.602604518706465586e-01,-2.027638559474620461e-02,1.494648953458507512e-01,2.464844158895263870e+00,2.101250922996648285e+00,-1.024027566497529573e-01,1.021754565560357708e+00,-9.624875728875157410e-01,-7.883491983396830882e-01,6.599456398758962727e-01,-1.774023511030583755e+00,2.532975785977166883e+00,-1.538381428026122988e+00,-1.565890655017955213e+00,1.409122742389051497e-01,-5.946785210462831595e-01,0.000000000000000000e+00,-2.244428168869945228e-01,4.399057885010387636e+00,-1.771013325146358897e+00,-5.163043725959791663e-01,-1.081835750519257067e+00,-1.403304104980712452e+00,8.094105352217469962e-01
5.130000000000000115e-01,3.227464339913844737e-01,6.920912382769617288e-02,-6.904808750899251280e+00,-5.342056759087033591e+00,3.227464339913844737e-01,4.375340372132026090e+00,-1.203941915011961017e+00,3.319846930082033243e+00,-1.158161139453043192e-01,-9.025872400495369430e-01,-2.327781518079323764e-01,-1.283059824013557115e-01,2.772206107500820721e-02,-2.564789131286082657e-01,-2.007073497452588340e-02,1.472705575021974189e-01,2.489849680455103353e+00,2.146346627806898333e+00,-8.496997342813872311e-02,8.976551684530208464e-01,-9.903612773101386768e-01,-7.894517545236524603e-01,6.465734212702294315e-01,-1.756714539718302159e+00,2.503169960851405751e+00,-1.522642215790762865e+00,-1.548810965573651721e+00,1.391645368809501793e-01,-5.883027749429321496e-01,0.000000000000000000e+00,-1.694520993127357489e-01,4.416738436850372373e+00,-1.735918171620257189e+00,-6.234337360456226884e-01,-1.107675653557796736e+00,-1.397825264441110660e+00,7.938439787724268504e-01
5.140000000000000124e-01,3.365290209686738754e-01,8.005365202265357638e-02,-6.937875816159013276e+00,-5.355208551476009937e+00,3.365290209686738754e-01,4.411606373855726737e+00,-1.179934315386871102e+00,3.344593119556312555e+00,-1.074447791462348756e-01,-9.650042215870502371e-01,-2.497339009804450949e-01,-1.370582598484079428e-01,2.991407676347013905e-02,-2.740423192305541100e-01,-2.153362497570911888e-02,1.573330707417736896e-01,2.467511473587863602e+00,2.150794529349504991e+00,-1.082679090602804983e-01,8.752884050333069599e-01,-9.817740736338044227e-01,-7.951243143294797200e-01,6.562699728990415426e-01,-1.738004072829353541e+00,2.471383095334260815e+00,-1.505841375562981366e+00,-1.530498094459590508e+00,1.373520289104211145e-01,-5.814498289758669447e-01,0.000000000000000000e+00,-2.354968208285401765e-01,4.372443723703320906e+00,-1.751167544471669890e+00,-6.252956126628134159e-01,-1.118464363953937557e+00,-1.398107768281055874e+00,8.136030436408152600e-01
5.150000000000000133e-01,3.387101217412502585e-01,8.886123076115559627e-02,-6.968971136220964979e+00,-5.366943252304836598e+00,3.387101217412502585e-01,4.446389000340939646e+00,-1.158877342692625545e+00,3.364626564780750062e+00,-9.907724887417376780e-02,-9.852602953130386032e-01,-2.559704010105671168e-01,-1.397788965612852541e-01,3.086468326155163491e-02,-2.795803221441284792e-01,-2.207403768618259460e-02,1.604856389695065444e-01,2.415432597889208832e+00,2.115007535992916576e+00,-1.523125039751000998e-01,9.189699177269720076e-01,-9.639186156772433511e-01,-7.954277005873494621e-01,6.588019133633279401e-01,-1.735060661685833505e+00,2.461171909442789296e+00,-1.502694833418901643e+00,-1.525731984271449626e+00,1.367440639556928295e-01,-5.797618788843013071e-01,-2.014245813625361019e-16,-3.048883591096632761e-01,4.320209044425138423e+00,-1.794786233955286914e+00,-5.758973832829259454e-01,-1.106754873865678945e+00,-1.397263617157833426e+00,8.192875523328342346e-01
5.160000000000000142e-01,3.481264399716078040e-01,3.425927731009559274e-02,-7.002575385290787047e+00,-5.419589606687565286e+00,3.481264399716078040e-01,4.434555695878263037e+00,-1.126994795098214208e+00,3.385885901907808915e+00,-1.201263622701848610e-01,-1.010462976476610653e+00,-2.635585770705188291e-01,-1.431916072038210141e-01,3.200677509131731602e-02,-2.865141481358163267e-01,-2.273488495169419255e-02,1.644372756840034311e-01,2.377754007920394930e+00,2.077824944414017772e+00,-1.888973549815560204e-01,1.028265306142275293e+00,-9.432397178183948849e-01,-8.020247928627592948e-01,6.667611740793550901e-01,-1.740885739169171442e+00,2.462682121010523417e+00,-1.507270901231911431e+00,-1.528377826704258036e+00,1.368360670089713294e-01,-5.809221587865329717e-01,6.236854924452863645e-17,-3.735947077253871651e-01,4.276948488354022082e+00,-1.839359863417288521e+00,-4.681057454706654131e-01,-1.092917798945239882e+00,-1.405681836600986445e+00,8.311984497633586599e-01
5.170000000000000151e-01,3.791349316181946150e-01,-1.045812770976024542e-01,-7.041163873414987506e+00,-5.534506942531736584e+00,3.791349316181946150e-01,4.354096787954044423e+00,-1.076907269553994073e+00,3.413639882046286100e+00,-1.810843490932985411e-01,-1.065143169837134751e+00,-2.781896551039529375e-01,-1.508809177017746139e-01,3.386111166211777657e-02,-3.019408689860149098e-01,-2.399867911502930051e-02,1.732809866844319258e-01,2.365159623933489108e+00,2.078970390906642152e+00,-1.967809224536769541e-01,1.012196033515270432e+00,-9.395428304678326015e-01,-8.051491772621174325e-01,6.678720870562260270e-01,-1.736206209137143075e+00,2.453905192061939911e+00,-1.503039436447256572e+00,-1.523494618378195442e+00,1.363425288237120614e-01,-5.791123359823061589e-01,6.212881533101699576e-17,-4.361897550407887181e-01,4.254685927864629846e+00,-1.850701276602708223e+00,-4.774374732008072053e-01,-1.105141170630135505e+00,-1.408260192359452878e+00,8.411530737406580638e-01
5.180000000000000160e-01,4.294486105132750420e-01,-3.211650257526545982e-01,-7.092615295111413865e+00,-5.704069908824001445e+00,4.294486105132750420e-01,4.227519979073266043e+00,-1.016623925982777843e+00,3.447634713709568199e+00,-2.791693130265975875e-01,-1.059681717655816424e+00,-2.777660141257419779e-01,-1.499598921377160443e-01,3.401878175796556325e-02,-3.001883503982664125e-01,-2.396650957425818310e-02,1.722482013270982548e-01,2.334495682152867957e+00,2.057144843434077330e+00,-2.249164955195919191e-01,1.104765120205752238e+00,-9.220159745933182993e-01,-8.212219974801164835e-01,6.741061181903194033e-01,-1.734552658902599909e+00,2.445430509666451258e+00,-1.501172875430759834e+00,-1.519805670740459469e+00,1.358817687739027613e-01,-5.778449427467508004e-01,0.000000000000000000e+00,-4.597386944055483760e-01,4.224809338974786499e+00,-1.876049263088067853e+00,-3.810217687767416539e-01,-1.086322556217681923e+00,-1.423033449801125672e+00,8.463543195174176859e-01
5.190000000000000169e-01,5.006073025381418962e-01,-6.033012377595985409e-01,-7.161377161632398902e+00,-5.929662825547628913e+00,5.006073025381418962e-01,4.060590352393464997e+00,-9.466977853008685662e-01,3.491583605823672443e+00,-4.089631135674958173e-01,-9.886378886080795514e-01,-2.600182547767651009e-01,-1.397649951007745583e-01,3.202074519314884737e-02,-2.798784162583841661e-01,-2.243772215406406381e-02,1.605707049360837191e-01,2.308353641035825632e+00,2.060090340258127206e+00,-2.400328598418331461e-01,1.060635383114981956e+00,-9.181252348365587235e-01,-8.263662177822627131e-01,6.718340321940607929e-01,-1.724890025736008470e+00,2.426412838444248266e+00,-1.492334395412117543e+00,-1.509432686345968166e+00,1.348047143799169512e-01,-5.740046749998124476e-01,0.000000000000000000e+00,-4.051742733082623893e-01,4.226484923925610815e+00,-1.872132250354725080e+00,-4.167765580378373635e-01,-1.063198936715025855e+00,-1.422808614936139193e+00,8.324047371301445120e-01
5.200000000000000178e-01,5.779890180622211382e-01,-9.088076113631535780e-01,-7.242225726504218031e+00,-6.180068358766764192e+00,5.779890180622211382e-01,3.883621998737906811e+00,-8.777401544965646174e-01,3.539662929767227073e+00,-5.504164220521563511e-01,-7.037052563065503419e-01,-1.857877142011715721e-01,-9.936826214774052701e-02,2.302633209661351238e-02,-1.990618263750451034e-01,-1.603578113179766895e-02,1.141852736596903617e-01,2.329812944181581802e+00,2.065014541928101188e+00,-1.933532485994975958e-01,1.022922359675613180e+00,-9.243211616646056505e-01,-8.104782298526229667e-01,6.621183851992564762e-01,-1.752984439161203056e+00,2.460655052283470923e+00,-1.515928214466881752e+00,-1.532168133001324817e+00,1.366012774141887598e-01,-5.827782090998703257e-01,0.000000000000000000e+00,-1.268767512861715963e-01,4.339881880010400650e+00,-1.808649725214119819e+00,-4.862194412290981038e-01,-9.867817106254620496e-01,-1.409292220084291003e+00,7.763036588589468101e-01
5.210000000000000187e-01,6.381227755329287321e-01,-1.143069159679412028e+00,-7.321935983751703958e+00,-6.384936045643552660e+00,6.381227755329287321e-01,3.761641310254063786e+00,-8.318749156665675715e-01,3.580210387120040583e+00,-6.588955287205844336e-01,-5.305556511694633492e-01,-1.406345984848459962e-01,-7.482247273568723434e-02,1.754783578036028802e-02,-1.499618971773245546e-01,-1.214191801811015554e-02,8.600511693845602768e-02,2.352088494212556391e+00,2.060160481051038772e+00,-1.133852955719459321e-01,9.868161669778517942e-01,-9.260006538689948830e-01,-7.898722642414917061e-01,6.415647441947396334e-01,-1.794516975161085659e+00,2.513626253831291013e+00,-1.551032703601037621e+00,-1.566655372913666966e+00,1.394031600332768239e-01,-5.960344880235199927e-01,2.083164770019097180e-16,2.701586788200738276e-02,4.433152136397483289e+00,-1.739240471908670704e+00,-5.622913701554548283e-01,-9.365593910130426414e-01,-1.398048670283121853e+00,7.275698611331958832e-01
5.220000000000000195e-01,6.769228078759532696e-01,-1.272003549464733041e+00,-7.393946288121835408e+00,-6.520003144006795814e+00,6.769228078759532696e-01,3.711871999897496721e+00,-8.135957402300831864e-01,3.610699638194564187e+00,-7.184589142141514229e-01,-5.729646873824876252e-01,-1.520671951650572895e-01,-8.076675232026181428e-02,1.901744985757192891e-02,-1.619054740221654021e-01,-1.313095909157650266e-02,9.284933929981040168e-02,2.311611069780149297e+00,2.047312142156943793e+00,-1.971591622058072590e-01,1.053261652702881301e+00,-9.135712434703955331e-01,-8.073150496456346081e-01,6.635605942255768941e-01,-1.763846139937577773e+00,2.468202767215651239e+00,-1.524432185394364536e+00,-1.538976790302499342e+00,1.369022139934492344e-01,-5.855581234513804745e-01,6.228671896208585495e-17,-2.519975753991610112e-02,4.363447714207537409e+00,-1.802358099920433609e+00,-4.666976877420461189e-01,-9.385745034991116453e-01,-1.406004132188591660e+00,7.564099335253874345e-01
5.230000000000000204e-01,6.956263200335405239e-01,-1.322903100877808491e+00,-7.459496167203028882e+00,-6.599181063058216168e+00,6.956263200335405239e-01,3.720882285131125844e+00,-8.212756172565954804e-01,3.629851263719676702e+00,-7.419507087701334713e-01,-4.392622075566461892e-01,-1.170138408350579612e-01,-6.185441827873072729e-02,1.471384844344870990e-02,-1.240346330634748001e-01,-1.010442760297618030e-02,7.111966304978287190e-02,2.364869316791415432e+00,2.066615623082192155e+00,-9.360483816001996527e-02,9.697375791752234075e-01,-9.367689745705938265e-01,-7.861797580918359341e-01,6.308210344247864310e-01,-1.800617612716767235e+00,2.515764847778278579e+00,-1.555234824392221160e+00,-1.569813120635670689e+00,1.393342801022648403e-01,-5.973890067748274246e-01,1.455678705622818658e-16,1.249894965180020079e-01,4.465366630025413563e+00,-1.710694080830971853e+00,-5.853616930169985855e-01,-9.214693275318038834e-01,-1.393673192469639499e+00,7.019406974745694416e-01
5.240000000000000213e-01,6.825304769146746109e-01,-1.249607652762493082e+00,-7.505733261941816892e+00,-6.584340157956674489e+00,6.825304769146746109e-01,3.813661727209350261e+00,-8.624702873192943153e-01,3.630747833424180726e+00,-7.072214944040210449e-01,-3.716273037848154548e-01,-9.933484637785031102e-02,-5.227602981922136599e-02,1.255308557784665970e-02,-1.048635289850520513e-01,-8.578139021838404599e-03,6.011803435545599872e-02,2.374226868558700687e+00,2.065582492298609463e+00,-4.981715651946716505e-02,9.082138024226791284e-01,-9.438530207571509401e-01,-7.683854945122192692e-01,6.133956330544303448e-01,-1.818802383351476815e+00,2.537176512526754024e+00,-1.570103626816914177e+00,-1.584350505979350121e+00,1.403529285703909446e-01,-6.030124725506925687e-01,0.000000000000000000e+00,1.837971814224084177e-01,4.503424158447513648e+00,-1.672196813155602646e+00,-6.635836179788243694e-01,-9.083636211718120190e-01,-1.379976106084750409e+00,6.735136674098863852e-01
5.250000000000000222e-01,6.226482989193378170e-01,-1.020709877338541238e+00,-7.512569297276847635e+00,-6.438912098326835753e+00,6.226482989193378170e-01,4.002618779012498962e+00,-9.434324274675774946e-01,3.601580473963230666e+00,-5.988347503737585509e-01,-3.162287194992635109e-01,-8.484946737673694506e-02,-4.443434632062873840e-02,1.078530661897040069e-02,-8.916276691688437839e-02,-7.328471889446680834e-03,5.110790912098670674e-02,2.361327867027700034e+00,2.059718978451670957e+00,-4.455224396565771183e-02,8.779182018439253277e-01,-9.414092834585618963e-01,-7.623242443983873073e-01,6.080633018994335837e-01,-1.818469790672170738e+00,2.531873262636111122e+00,-1.568952360483057529e+00,-1.582403144536457473e+00,1.398976296997999080e-01,-6.023953038558353956e-01,-6.378109157328112653e-17,2.266293568562657845e-01,4.506742773711045480e+00,-1.657938950769344055e+00,-6.936996360735617762e-01,-8.906744206756463944e-01,-1.372048020143669333e+00,6.591712110204202002e-01
5.260000000000000231e-01,5.246032529084603269e-01,-6.921998714660055896e-01,-7.460654302797038007e+00,-6.183232095609842105e+00,5.246032529084603269e-01,4.231801524140969661e+00,-1.048251290800168656e+00,3.537445927414533564e+00,-4.429832707436378580e-01,-2.716765269611213784e-01,-7.317544347616590505e-02,-3.812716249308606420e-02,9.357371198816815186e-03,-7.653899956520546222e-02,-6.321790200117463274e-03,4.386404697794073909e-02,2.330751195963101541e+00,2.011010451543143507e+00,-8.702001973916528854e-02,1.000713831938194076e+00,-9.338122560004007422e-01,-7.592036286730088346e-01,6.048400308914827495e-01,-1.833058689058528756e+00,2.546419633971698460e+00,-1.580849095847609131e+00,-1.593060198536761840e+00,1.406001219690773685e-01,-6.065927357184661695e-01,2.127756678644710383e-16,2.260159799434514061e-01,4.484254642038675520e+00,-1.705996278079860540e+00,-5.829889953997509089e-01,-8.697511335965288914e-01,-1.372118154591592365e+00,6.487040778694237453e-01
5.270000000000000240e-01,4.088729899308555238e-01,-3.352235843038897656e-01,-7.355774283438939243e+00,-5.872522068793442074e+00,4.088729899308555238e-01,4.442215068173668513e+00,-1.157093754816504338e+00,3.447658635812006267e+00,-2.735007530257568265e-01,-1.637836480122161209e-01,-4.417112131919991025e-02,-2.297462725866004918e-02,5.659717841628962576e-03,-4.612987462045514686e-02,-3.816383583477840277e-03,2.643515013573382449e-02,2.343639081376972300e+00,2.056376080279668450e+00,-8.738286322068561374e-02,9.062186044197209078e-01,-9.458428101875104854e-01,-7.725891993463749330e-01,6.095167945018797884e-01,-1.803121119601973188e+00,2.503084762208867886e+00,-1.554770945525547843e+00,-1.566466447531404516e+00,1.381599859042366985e-01,-5.965053970775933134e-01,2.092982383408091864e-16,3.767343137627829908e-01,4.515289721169336801e+00,-1.665128436004893464e+00,-6.545881252700546105e-01,-8.538126989037289061e-01,-1.372910980007446158e+00,6.359519446376138418e-01
5.280000000000000249e-01,2.893249330849287926e-01,-1.317898310012144414e-02,-7.221976026023915196e+00,-5.557371374229252758e+00,2.893249330849287926e-01,4.612237506347327098e+00,-1.260505999616470252e+00,3.343526840860265636e+00,-1.201211563094126411e-01,-2.769154244901552153e-01,-7.490803172681151367e-02,-3.882364568736315635e-02,9.642232048097373887e-03,-7.794814688693108007e-02,-6.473223676702171900e-03,4.466264927786346012e-02,2.286992938720032953e+00,1.976211750998770000e+00,-1.507965633919466364e-01,1.124944607185532464e+00,-9.163313916068511755e-01,-7.744908442317083308e-01,6.154913938393142825e-01,-1.830270428184534337e+00,2.535362805573019962e+00,-1.577836564499433436e+00,-1.587904234830805228e+00,1.399500588200690565e-01,-6.048290823097157709e-01,0.000000000000000000e+00,1.798070860453434006e-01,4.436666524844978809e+00,-1.767456773578743201e+00,-4.533173955971753766e-01,-8.543294796737131991e-01,-1.385793150218126435e+00,6.601540431171777357e-01
5.290000000000000258e-01,1.931696024907771092e-01,2.068292130792706018e-01,-7.049186668311071102e+00,-5.276408474958391714e+00,1.931696024907771092e-01,4.679030306961558416e+00,-1.337639301434025985e+00,3.229281425093211144e+00,-1.556614132383495053e-02,-3.624329096719985377e-01,-9.838681803416382543e-02,-5.074775927755537097e-02,1.273363480419583207e-02,-1.019411609483674153e-01,-8.504539578536174024e-03,5.840012725132476962e-02,2.227331151356944705e+00,1.911803840796162390e+00,-2.238817569432135501e-01,1.297026518576018139e+00,-8.918085900598942128e-01,-7.813619395668782719e-01,6.224862123028562788e-01,-1.847463605070014836e+00,2.553029578654776088e+00,-1.592193151936305284e+00,-1.600637997361278320e+00,1.408911232482017717e-01,-6.098135783641640550e-01,2.144549938556126015e-16,1.743463661493133143e-02,4.366446601416774875e+00,-1.866822668157074094e+00,-2.908778439810643657e-01,-8.528586277600598287e-01,-1.399680057509578468e+00,6.808863395541813190e-01
5.300000000000000266e-01,1.405633994243504770e-01,2.745205175802925002e-01,-6.816195775808143509e+00,-5.046555368577200440e+00,1.405633994243504770e-01,4.590007111171177101e+00,-1.371132151568144719e+00,3.102246038650043225e+00,1.566444348932838349e-02,-4.454294592203982828e-01,-1.213700544975690465e-01,-6.230054686053192181e-02,1.579312868846342172e-02,-1.251858274842414520e-01,-1.049312230775274399e-02,7.170373463750057130e-02,2.194815763771299721e+00,1.849631729136693936e+00,-2.750356268787610969e-01,1.480318824323684890e+00,-8.744859859599380947e-01,-7.762585894189418800e-01,6.293586843002697551e-01,-1.891276255245031734e+00,2.606952840119348913e+00,-1.629434600304563441e+00,-1.636156399089394586e+00,1.438357174260432580e-01,-6.234994628816910023e-01,2.195445243743800418e-16,-1.418899506941302957e-01,4.335214514758473747e+00,-1.966770774043856473e+00,-1.400444460772462818e-01,-8.558360960181362609e-01,-1.410251174608385671e+00,7.010624189377705484e-01
5.310000000000000275e-01,1.324573670771356237e-01,2.042668218987264694e-01,-6.516469776013590121e+00,-4.855112453575889830e+00,1.324573670771356237e-01,4.351320068595221358e+00,-1.361725599252937569e+00,2.960653006418760835e+00,-1.999882066230654343e-02,-4.632914502159419246e-01,-1.267161313205792950e-01,-6.471980128914531227e-02,1.658011254039265178e-02,-1.300976662129072758e-01,-1.095799129822926446e-02,7.450332522903735377e-02,2.172932255102075327e+00,1.811044656909740480e+00,-2.802971785381683789e-01,1.544097246695121717e+00,-8.675826888048889796e-01,-7.664119804554127002e-01,6.183273036371119691e-01,-1.939460004753811084e+00,2.666948275362832632e+00,-1.670332083211769625e+00,-1.675508071923587305e+00,1.470701692278725825e-01,-6.386545319773999640e-01,0.000000000000000000e+00,-2.298191998676776815e-01,4.351276800951993984e+00,-2.015349063039083344e+00,-1.148307126880729334e-01,-8.506101857899236451e-01,-1.416024503731041939e+00,6.928306288661493229e-01
5.320000000000000284e-01,1.496556304139722848e-01,8.189117929460332235e-02,-6.164105476767897329e+00,-4.662583430529893214e+00,1.496556304139722848e-01,4.032768062672875686e+00,-1.327783004068013639e+00,2.807561848337061683e+00,-8.186768717311741772e-02,-3.904095322513462807e-01,-1.069193538847770519e-01,-5.451632407096357325e-02,1.401468849504707362e-02,-1.096018364103077403e-01,-9.246469985282364593e-03,6.276208666420826643e-02,2.215045697626173204e+00,1.848745769332875710e+00,-2.139543736530830631e-01,1.421194077868341177e+00,-8.915827832741544112e-01,-7.561545248947757480e-01,5.981743909572061479e-01,-1.975200925513511674e+00,2.714408607884091218e+00,-1.700786201137574505e+00,-1.705823254437073055e+00,1.496194186861574960e-01,-6.502531632723906885e-01,-6.808227636573677691e-17,-1.505647601386847501e-01,4.456235023332189904e+00,-1.969256898861621252e+00,-2.706144880736848224e-01,-8.515652009983046833e-01,-1.415654158152448883e+00,6.609364776214142756e-01
5.330000000000000293e-01,1.584519067785369884e-01,-4.696762602222070981e-03,-5.795756996748915313e+00,-4.431474457306809889e+00,1.584519067785369884e-01,3.735352106452651366e+00,-1.297533620717619129e+00,2.647314777892054050e+00,-1.266860613414647618e-01,-3.385231105575846611e-01,-9.303314321291081268e-02,-4.721758396310499206e-02,1.225370551960551155e-02,-9.496174728111664298e-02,-8.046972122439056616e-03,5.436931727617830973e-02,2.215190995117008566e+00,1.851887098708339119e+00,-2.193682923437761390e-01,1.407925432867886073e+00,-8.933929896427836859e-01,-7.518837527099850870e-01,6.018190285373582471e-01,-2.003496825431787975e+00,2.747629128416514188e+00,-1.724470544877572564e+00,-1.728232979946253467e+00,1.513407094851980939e-01,-6.589333079309368513e-01,-2.325775648778980573e-16,-1.268289408723640710e-01,4.506483083911942522e+00,-1.991056421184453695e+00,-3.080538415587618650e-01,-8.370140274387022350e-01,-1.418864032763360816e+00,6.561883458135363556e-01
5.340000000000000302e-01,1.495145855997948026e-01,-2.410680617169425055e-02,-5.435055241281305349e+00,-4.164070067401322461e+00,1.495145855997948026e-01,3.492982549005295478e+00,-1.278675288933787568e+00,2.488803751005888021e+00,-1.392620675787606677e-01,-3.740500380455835661e-01,-1.031278511582816027e-01,-5.212388287467926984e-02,1.364224421967611886e-02,-1.048553672849557306e-01,-8.921204485924053018e-03,6.002445151909528015e-02,2.220681368192220173e+00,1.851168967159809498e+00,-1.955995402018632090e-01,1.385062836598248914e+00,-8.995420460741272439e-01,-7.449926781051237068e-01,5.888671956250363104e-01,-2.041265185607420207e+00,2.794228330887464917e+00,-1.756313578354830707e+00,-1.758948797564846123e+00,1.538003726860783238e-01,-6.707764909746446458e-01,0.000000000000000000e+00,-1.946338554607836002e-01,4.542269446888993478e+00,-2.004037001431373088e+00,-3.602437167469210721e-01,-8.505970406730045674e-01,-1.424690373565692614e+00,6.488916471441316114e-01
5.350000000000000311e-01,1.174757378505254524e-01,3.615567148769005534e-02,-5.093327667499190525e+00,-3.860246532733632385e+00,1.174757378505254524e-01,3.322918998051479278e+00,-1.275637138388840741e+00,2.334988902904321595e+00,-1.133145215718346643e-01,-3.752065374996610969e-01,-1.038284405172093250e-01,-5.223020281065478276e-02,1.379950165954057367e-02,-1.050979912113869097e-01,-8.982311331546866118e-03,6.015275867478632466e-02,2.229402493658944273e+00,1.870594163549178068e+00,-1.521774089738452962e-01,1.293773419815927195e+00,-9.079673921491273614e-01,-7.423928026241047862e-01,5.722359697482586327e-01,-2.065420508733467830e+00,2.822140538988244352e+00,-1.776134782240307519e+00,-1.777996226573047123e+00,1.551447102033507441e-01,-6.781707122271133370e-01,-7.064365302743694524e-17,-2.112245525741846541e-01,4.588906262020213234e+00,-1.980542394024807473e+00,-4.704233050975793473e-01,-8.579206731571635824e-01,-1.429545826182764934e+00,6.323887284230448325e-01
5.360000000000000320e-01,6.129292527656224343e-02,1.835139149243478762e-01,-4.782559748101077091e+00,-3.523207951588375408e+00,6.129292527656224343e-02,3.239376611478193446e+00,-1.291352012939036786e+00,2.190308929493858692e+00,-4.516410649680642486e-02,-4.620292967579537335e-01,-1.283325339113788877e-01,-6.424205681007193192e-02,1.714240948244340548e-02,-1.293118258201371717e-01,-1.110443001301148445e-02,7.399780216704660019e-02,2.224586739130820057e+00,1.863681067327689789e+00,-1.547592808106133255e-01,1.309799046798514999e+00,-9.089124166008017980e-01,-7.415024082952574869e-01,5.681957660367886742e-01,-2.089944518464344814e+00,2.849400469565248617e+00,-1.796458712335740504e+00,-1.796868311212769020e+00,1.565155525374568313e-01,-6.855332244388375740e-01,2.426227924295665306e-16,-3.273870760914784905e-01,4.584749002981559407e+00,-2.015460049956425692e+00,-4.699268549318106336e-01,-8.817086898834820552e-01,-1.438140062747106374e+00,6.421935682038355520e-01
5.370000000000000329e-01,-4.771420422938585371e-03,3.873601409289999520e-01,-4.492877295738540333e+00,-3.168835078760799284e+00,-4.771420422938585371e-03,3.208500976617964628e+00,-1.316517212776616708e+00,2.055124596091135736e+00,4.997925803215028107e-02,-4.504531372509607556e-01,-1.252732775739236193e-01,-6.260839419144519080e-02,1.676230345091605373e-02,-1.260368137052486626e-01,-1.084063920945946627e-02,7.211914916325533331e-02,2.202635750448361573e+00,1.805439374093215088e+00,-1.647711896920737717e-01,1.443362524455951368e+00,-8.910298441252567647e-01,-7.271020826522669456e-01,5.663145580797894763e-01,-2.140655136677011683e+00,2.916294861417737305e+00,-1.839815230260437362e+00,-1.839641495210231570e+00,1.601543419543013658e-01,-7.019142856015104792e-01,0.000000000000000000e+00,-3.884725234796108650e-01,4.596460957937028802e+00,-2.067194814143956449e+00,-3.795166673033641414e-01,-8.569123158762040893e-01,-1.439857007463237082e+00,6.384337072430448234e-01
5.380000000000000338e-01,-7.353188495501193633e-02,5.973956247651381890e-01,-4.198754726434677842e+00,-2.805315670149201246e+00,-7.353188495501193633e-02,3.180664517999566954e+00,-1.339367692083698547e+00,1.918675155144324407e+00,1.485776132222896562e-01,-4.949563764988508252e-01,-1.380648882919962017e-01,-6.873434585348266179e-02,1.854040913130820117e-02,-1.383991001831586798e-01,-1.194761812517659838e-02,7.918141315080312603e-02,2.169140186581868690e+00,1.798105962299187510e+00,-1.709327785379914921e-01,1.386310070494353841e+00,-8.807852974260771406e-01,-7.251666020708089633e-01,5.628236930953077755e-01,-2.147936705571130034e+00,2.921519486214096517e+00,-1.845305922567356482e+00,-1.844281227718017391e+00,1.602993547118292117e-01,-7.037876943132509444e-01,7.301490408461122313e-17,-4.737528954881121690e-01,4.581560560221287659e+00,-2.084973046958830789e+00,-4.394307480923553277e-01,-8.588850428974066364e-01,-1.440901914509236548e+00,6.420051062461109570e-01
5.390000000000000346e-01,-1.394052869320887567e-01,7.690659477593084770e-01,-3.891495515468476718e+00,-2.455392918351836151e+00,-1.394052869320887567e-01,3.115484776952351709e+00,-1.347235355007929014e+00,1.780290697126106769e+00,2.298188075086000093e-01,-6.075151444652295840e-01,-1.700625578914281566e-01,-8.427180471285955488e-02,2.294112329571715986e-02,-1.697364924355001525e-01,-1.471903474541895983e-02,9.709288183465047961e-02,2.124022960962566930e+00,1.755644173636579319e+00,-1.887281435412422881e-01,1.454051327437615004e+00,-8.543264470197120541e-01,-7.224195309052293679e-01,5.654267523910841975e-01,-2.177743919142319129e+00,2.955286838827980489e+00,-1.870292056430182370e+00,-1.867392867965058212e+00,1.620723947936589526e-01,-7.127738016525285714e-01,3.266270374379931025e-16,-6.612361026449817825e-01,4.540868454573131707e+00,-2.143292004684284269e+00,-3.904004172317260268e-01,-8.619905446615532263e-01,-1.449912367303176852e+00,6.625196342257350102e-01
5.400000000000000355e-01,-1.888458381814686060e-01,8.626392184803699514e-01,-3.582971749904767300e+00,-2.155343472352149625e+00,-1.888458381814686060e-01,2.989369080268449608e+00,-1.330694564445739081e+00,1.648661520465627861e+00,2.745717103321636543e-01,-7.176359990192331395e-01,-2.016399596012635465e-01,-9.943463532825815021e-02,2.732642218926062058e-02,-2.003365616835588725e-01,-1.745428585726764570e-02,1.145752598077049433e-01,2.086944907502859436e+00,1.704672869661323142e+00,-2.139376164824102200e-01,1.596098606294712230e+00,-8.290909212118855454e-01,-7.241155219910836438e-01,5.691273388590875060e-01,-2.216874279084368293e+00,3.001125328909343359e+00,-1.903223953880200270e+00,-1.898302770859763733e+00,1.645033079619279137e-01,-7.247456586180975879e-01,0.000000000000000000e+00,-8.475653706007419963e-01,4.504158238969402817e+00,-2.216596205690868349e+00,-2.748777423757908789e-01,-8.649241749335164764e-01,-1.466315466466449058e+00,6.837025986667923938e-01
5.410000000000000364e-01,-2.055769388929682973e-01,8.593030636146239409e-01,-3.295877485472105128e+00,-1.935390391183207104e+00,-2.055769388929682973e-01,2.802761885728989100e+00,-1.287323553637378604e+00,1.536052248850395818e+00,2.730694473707804271e-01,-7.430798923293828739e-01,-2.095741131867548401e-01,-1.028307101444301402e-01,2.854153753307522162e-02,-2.072636930139211686e-01,-1.814580062881796657e-02,1.185140100453603851e-01,2.068401376127135816e+00,1.702372960564789039e+00,-2.223947441737353370e-01,1.617806558452698384e+00,-8.185105915049153413e-01,-7.364128977615378435e-01,5.719118315233816530e-01,-2.228202617688402221e+00,3.009473700718055422e+00,-1.912206005441603685e+00,-1.905516692383816713e+00,1.648383506632837281e-01,-7.276837210527870026e-01,0.000000000000000000e+00,-9.028811338906492789e-01,4.502272548096089899e+00,-2.237431459759769314e+00,-2.591685963980431273e-01,-8.609359338555526708e-01,-1.482242419443142722e+00,6.904258415687420936e-01
5.420000000000000373e-01,-1.887437273585647890e-01,7.861326741895483528e-01,-3.038111438585618718e+00,-1.786669041983196760e+00,-1.887437273585647890e-01,2.579910740531934366e+00,-1.224215381491245314e+00,1.446192613444497121e+00,2.374379670840989220e-01,-7.591195336837536223e-01,-2.143697823514418566e-01,-1.050088655942156002e-01,2.924026107489226950e-02,-2.116769104816744185e-01,-1.856208047917564177e-02,1.210296360025473195e-01,2.063685226784050641e+00,1.672430467131491572e+00,-2.055405230849771114e-01,1.654247970424761238e+00,-8.158337635567138868e-01,-7.205729755783237822e-01,5.590007860232732995e-01,-2.276720492284360464e+00,3.072798669344828149e+00,-1.953542932134528565e+00,-1.946221220910334671e+00,1.682493232780364611e-01,-7.432877830089786864e-01,0.000000000000000000e+00,-9.721547991840634451e-01,4.530859354124878280e+00,-2.264092320813721138e+00,-2.627329894106811836e-01,-8.592613507603519274e-01,-1.482422839066478204e+00,6.800304220258206467e-01
5.430000000000000382e-01,-1.574182731952956937e-01,6.868094058399770718e-01,-2.808495832550574001e+00,-1.674633073778645231e+00,-1.574182731952956937e-01,2.356896278925080246e+00,-1.154846592955520945e+00,1.371196371720301066e+00,1.891261160776167849e-01,-6.205628995286682770e-01,-1.758522911933301236e-01,-8.574032636636531868e-02,2.408534229773962032e-02,-1.729038307623691761e-01,-1.522847246119029933e-02,9.884296475709929142e-02,2.050537538078665456e+00,1.679032050721928737e+00,-2.039417282285266864e-01,1.617444379834988677e+00,-8.117348128053505363e-01,-7.253576426260347487e-01,5.580829872008050696e-01,-2.283683095355502957e+00,3.076259720119764562e+00,-1.958645113892868217e+00,-1.950150678917162095e+00,1.682664906025331253e-01,-7.449249801525062997e-01,0.000000000000000000e+00,-8.537084568055057776e-01,4.579439479648363509e+00,-2.248327168487760375e+00,-3.086209567844337975e-01,-8.163721529651866149e-01,-1.485511095239731238e+00,6.569259519579043749e-01
5.440000000000000391e-01,-1.203633767771478402e-01,5.859620560528422395e-01,-2.630083977446369126e+00,-1.603025903393031193e+00,-1.203633767771478402e-01,2.165871928947956881e+00,-1.087688317110357072e+00,1.319174450541779953e+00,1.400283355828308429e-01,-6.261900590312788895e-01,-1.780086246423669971e-01,-8.642055577409918365e-02,2.447289609809259400e-02,-1.743431780814750365e-01,-1.541721140711866354e-02,9.964940312959645607e-02,2.052717977686091544e+00,1.711969918076878372e+00,-1.880012321879514503e-01,1.506589803171327846e+00,-8.176040365176782121e-01,-7.300921705433401909e-01,5.565651122884386348e-01,-2.278301107542736847e+00,3.063444659437478901e+00,-1.953273449179314669e+00,-1.943650821874353118e+00,1.674171593260684321e-01,-7.425690930487197638e-01,7.625334285471551778e-17,-8.517731888879241930e-01,4.597405952871990387e+00,-2.227695237141365414e+00,-4.125881226049326611e-01,-8.245300552730847610e-01,-1.488078474999178669e+00,6.562145154180352158e-01
5.450000000000000400e-01,-8.840598962856464904e-02,5.047365492799879005e-01,-2.532728503295682110e+00,-1.580077277551797943e+00,-8.840598962856464904e-02,2.042750217855808792e+00,-1.032726921812859855e+00,1.298843966280523787e+00,1.008389510752685098e-01,-5.739476963944450949e-01,-1.637477486072925204e-01,-7.912197319312209987e-02,2.260581279695392937e-02,-1.596724102450771121e-01,-1.418326128644112338e-02,9.124737109100092280e-02,2.057213777424518497e+00,1.733498343699663380e+00,-1.660078546905551233e-01,1.443085956514049695e+00,-8.241862880729102780e-01,-7.365736871451398216e-01,5.475369173796413858e-01,-2.277245367264378650e+00,3.056255742210268522e+00,-1.951371034645108971e+00,-1.940827299229823000e+00,1.668195035048636310e-01,-7.416299991175778761e-01,1.520427213679187601e-16,-7.939792862343052482e-01,4.626006337302639437e+00,-2.196500862528786513e+00,-4.751355299188193548e-01,-8.170391948131237037e-01,-1.492386947549158904e+00,6.387842884706423918e-01
5.460000000000000409e-01,-6.494140995768142577e-02,4.692126854793204904e-01,-2.527169171297312555e+00,-1.596541730751025456e+00,-6.494140995768142577e-02,2.014397941455655427e+00,-9.994400294952081598e-01,1.312325499814529284e+00,8.378614586353659577e-02,-6.366602386132423907e-01,-1.823081141646930581e-01,-8.764845154502289015e-02,2.527664433092147514e-02,-1.769668814928288536e-01,-1.579350404274704189e-02,1.011110280606926093e-01,2.069117043938425216e+00,1.738979043830252813e+00,-1.576571662439812671e-01,1.447767198254569676e+00,-8.306548991192439502e-01,-7.353174092335827972e-01,5.453156857064924701e-01,-2.285120127218472241e+00,3.060912176645179006e+00,-1.957134991211694652e+00,-1.945573238440808428e+00,1.668536718815929465e-01,-7.435886628738999082e-01,1.521665374897463591e-16,-8.526633218932894165e-01,4.617583106310739538e+00,-2.202440609000698934e+00,-4.725293958553172802e-01,-8.407681087304799128e-01,-1.494699576150229747e+00,6.464267137671851904e-01
5.470000000000000417e-01,-4.384330465051571035e-02,4.797376799547140580e-01,-2.590527016963513951e+00,-1.636385922815137173e+00,-4.384330465051571035e-02,2.064756542258352034e+00,-9.862139433740165773e-01,1.351677696824105768e+00,8.832390459531860860e-02,-7.904641713257104518e-01,-2.266314604383406761e-01,-1.087792483255022313e-01,3.146663710971206451e-02,-2.196563618492217984e-01,-1.963415928937863042e-02,1.254937693512039043e-01,2.036502124521283541e+00,1.703710215886328427e+00,-1.604888982881910731e-01,1.472022714178242486e+00,-8.142009863280379456e-01,-7.256389629014589060e-01,5.397071669894928370e-01,-2.293394618236494154e+00,3.069820554897613185e+00,-1.963920218219867841e+00,-1.951862593154228387e+00,1.672801969006816603e-01,-7.460468016636526700e-01,0.000000000000000000e+00,-1.047356665040921175e+00,4.546899310345600576e+00,-2.233188364833560868e+00,-4.483732418662738084e-01,-8.665771512765780837e-01,-1.491319923854490304e+00,6.652009363406967690e-01
5.480000000000000426e-01,-2.775289358489019947e-02,5.095274594662222434e-01,-2.686008593816097356e+00,-1.686020457221860669e+00,-2.775289358489019947e-02,2.152114173512506667e+00,-9.858857156342939465e-01,1.399397008175581325e+00,1.020761321999264226e-01,-8.236142556936965065e-01,-2.369383466747644884e-01,-1.132082490711429773e-01,3.301611156429350158e-02,-2.286904987298777614e-01,-2.052747798765834630e-02,1.306323083084329761e-01,2.042256924753223402e+00,1.737148721233054971e+00,-1.692938746711333542e-01,1.397802326104656157e+00,-8.264199451317253420e-01,-7.361637087295871407e-01,5.420297864351109052e-01,-2.260033267380369360e+00,3.019561688099180241e+00,-1.934461037724840349e+00,-1.921631411546321333e+00,1.643609892357144053e-01,-7.346016844466156659e-01,-1.124467467094102587e-16,-1.041390598320842464e+00,4.519772062657470890e+00,-2.216963161467116805e+00,-4.908129738773716610e-01,-8.907494546258887258e-01,-1.491292871163861111e+00,6.726620947435437703e-01
5.490000000000000435e-01,-1.399676399850735553e-02,5.281967258801751885e-01,-2.808021243344668072e+00,-1.762737664658343695e+00,-1.399676399850735553e-02,2.248717636765523498e+00,-9.909930947812289892e-01,1.455011081563186037e+00,1.109973232955941552e-01,-9.638393061869252598e-01,-2.781403345728758469e-01,-1.323342223787956629e-01,3.888692567894323771e-02,-2.674288416608888164e-01,-2.409866134544188382e-02,1.527352865375396218e-01,2.019772766325756308e+00,1.739186877023388478e+00,-1.820289569580889610e-01,1.363637669920911843e+00,-8.206465779400687888e-01,-7.418240105167720477e-01,5.429390162430564049e-01,-2.237237709647171169e+00,2.983611576196914861e+00,-1.914240928115170659e+00,-1.900388598164920451e+00,1.622677467046838851e-01,-7.265916864430822519e-01,-1.480815352600839664e-16,-1.181304249508340121e+00,4.444658118647427436e+00,-2.228604107452055061e+00,-4.978640025650653556e-01,-9.258076728962736368e-01,-1.492514358305296218e+00,6.956743027805959434e-01
5.500000000000000444e-01,4.253442048749334070e-03,5.012329654696396908e-01,-2.955668173925564801e+00,-1.887916947440518634e+00,4.253442048749334070e-03,2.328728932185291534e+00,-9.944159372747569670e-01,1.519327608183944411e+00,9.888099581985269892e-02,-1.063961006858055836e+00,-3.080950241582025573e-01,-1.459147113779207250e-01,4.323863343726030983e-02,-2.949718206973955259e-01,-2.669723820067077674e-02,1.684348196800088959e-01,1.997168174534380336e+00,1.713519289011532276e+00,-2.185327687023609911e-01,1.466700355271994827e+00,-8.062655396508706662e-01,-7.480920974690763448e-01,5.538056963046812387e-01,-2.231228247693557876e+00,2.968853746355914147e+00,-1.908460558437716559e+00,-1.892909617027824565e+00,1.613692815808388803e-01,-7.238826484188646271e-01,0.000000000000000000e+00,-1.298021080017233375e+00,4.374278011209243644e+00,-2.272908038517998275e+00,-3.829706283185694282e-01,-9.398680787674273951e-01,-1.498671984088611797e+00,7.222405159846900791e-01
5.510000000000000453e-01,4.193404408639880149e-02,3.953176837111405106e-01,-3.105271533220712143e+00,-2.066487850973068419e+00,4.193404408639880149e-02,2.351300773586050941e+00,-9.857920647071656273e-01,1.585919192293476776e+00,4.917469117677293611e-02,-1.110833985531344270e+00,-3.228201873378480080e-01,-1.521380214584742152e-01,4.549087069486244805e-02,-3.077003632360566510e-01,-2.797949137281643961e-02,1.756685696440080380e-01,1.965117412943795383e+00,1.671193684839290539e+00,-2.503331583916474368e-01,1.593095051225825287e+00,-7.845262229167495605e-01,-7.495675359818365635e-01,5.617071269801572342e-01,-2.237951864926429835e+00,2.970930996735620333e+00,-1.913540029662998965e+00,-1.896229075972485356e+00,1.613610634485523887e-01,-7.253128647273198171e-01,1.472047993036182490e-16,-1.383668437513978722e+00,4.319304494237062642e+00,-2.316011209513120228e+00,-2.576431540517976071e-01,-9.308655227042538227e-01,-1.502859892081972681e+00,7.373756966241653554e-01
5.520000000000000462e-01,1.074073782202022431e-01,2.142311759303257013e-01,-3.244247143960260260e+00,-2.289476710491630929e+00,1.074073782202022431e-01,2.308534366205367672e+00,-9.630178638845315886e-01,1.652344644222944581e+00,-3.713371737275109052e-02,-1.053795802442462515e+00,-3.066131080934417219e-01,-1.442602807337313164e-01,4.326423686605485042e-02,-2.918170825484726616e-01,-2.657626736453579802e-02,1.665897908708535713e-01,1.977517818025270824e+00,1.687852700502557424e+00,-2.379520096756034542e-01,1.547791703277213493e+00,-7.920791597632147463e-01,-7.479110140770869330e-01,5.606846334772794815e-01,-2.230004070240561909e+00,2.958440746900745211e+00,-1.906434935085731031e+00,-1.888861809868869868e+00,1.606126178836216611e-01,-7.225391789271972121e-01,0.000000000000000000e+00,-1.306282054657753600e+00,4.339680339309861523e+00,-2.288647225495065829e+00,-2.978058697256015241e-01,-9.232836244280657745e-01,-1.497026460368819922e+00,7.272744243481330528e-01
5.530000000000000471e-01,1.905068621150139418e-01,-1.499524496224535763e-02,-3.379985589307890059e+00,-2.539523528177343614e+00,1.905068621150139418e-01,2.230548742156104325e+00,-9.348863638505160445e-01,1.717188121518359534e+00,-1.468335257769045055e-01,-1.152705335118702656e+00,-3.364796300936413465e-01,-1.576197251413837264e-01,4.764839432725265916e-02,-3.189616633449825489e-01,-2.916990461963192213e-02,1.820536005639138422e-01,1.948951597466986652e+00,1.673184989254331123e+00,-2.661903794740558826e-01,1.614502216664110978e+00,-7.722356446007381248e-01,-7.601930300475393532e-01,5.734529356979646275e-01,-2.216394203948587105e+00,2.933742559763560909e+00,-1.894287345544107604e+00,-1.875008311452892595e+00,1.592038864502190176e-01,-7.173860834758394311e-01,0.000000000000000000e+00,-1.420147941600303110e+00,4.270447918924251240e+00,-2.318097450159547268e+00,-2.128577004615289647e-01,-9.319934214955016838e-01,-1.506749018143010543e+00,7.555065362618784697e-01
5.540000000000000480e-01,2.891529316254768944e-01,-2.769227692330105128e-01,-3.515969508138664601e+00,-2.812136312576799302e+00,2.891529316254768944e-01,2.128524644388098963e+00,-9.023496535529361706e-01,1.783513723675959284e+00,-2.727041299308917699e-01,-1.109985226256472224e+00,-3.249931759857197511e-01,-1.516082624534485501e-01,4.617538969055197395e-02,-3.069176346946632106e-01,-2.817892538952846554e-02,1.751499431496255088e-01,1.934691219919259186e+00,1.672093218676463655e+00,-2.578378354307228615e-01,1.590595252014331829e+00,-7.638139086063422400e-01,-7.606868174709416897e-01,5.724522907792792825e-01,-2.211006768586076809e+00,2.920842686582196812e+00,-1.889116556355396659e+00,-1.868472424160360301e+00,1.584028805044934707e-01,-7.150163475106703359e-01,-1.122863952368164674e-16,-1.386300774923289847e+00,4.267942729272941271e+00,-2.298562654239568293e+00,-2.317017824554765126e-01,-9.123286627965119244e-01,-1.503882090371140512e+00,7.476022339289046803e-01
5.550000000000000488e-01,3.939301317387761125e-01,-5.407570502183853822e-01,-3.658754080662504737e+00,-3.091192662141529102e+00,3.939301317387761125e-01,2.030622450296406978e+00,-8.722886363193425030e-01,1.852359581058250937e+00,-4.000412388797419672e-01,-1.068705208138715168e+00,-3.139506823019822535e-01,-1.457860094162849729e-01,4.476993360522196763e-02,-2.952638126779851824e-01,-2.722713464748757750e-02,1.684680145141322916e-01,1.950328756203925540e+00,1.704922365477979707e+00,-2.552016146758598336e-01,1.524888238219440639e+00,-7.777393237894871802e-01,-7.667415879420528269e-01,5.739889839124647786e-01,-2.190185481632112019e+00,2.887262916465819007e+00,-1.870659442237855075e+00,-1.848812925880522151e+00,1.564488954758479766e-01,-7.076316606514624352e-01,0.000000000000000000e+00,-1.308561933566901647e+00,4.278234599641816516e+00,-2.271647066329999909e+00,-2.791547540558595442e-01,-9.165542409916244138e-01,-1.501600383241002756e+00,7.424569984265970701e-01
5.560000000000000497e-01,4.850530056983366478e-01,-7.533241615308806649e-01,-3.815934568959156614e+00,-3.347352991850125470e+00,4.850530056983366478e-01,1.980929548185831335e+00,-8.578438546696193212e-01,1.922684850731208650e+00,-5.030295803311845004e-01,-9.537705595941243786e-01,-2.811777776081023639e-01,-1.299338010425606926e-01,4.025287413293522631e-02,-2.632847722399017654e-01,-2.439087234842718735e-02,1.501919726507264796e-01,1.951489904678833875e+00,1.739879167886776656e+00,-2.341470303773088846e-01,1.365227984550855922e+00,-7.924643510601769858e-01,-7.666311889789535483e-01,5.622068531593416019e-01,-2.164056938334833813e+00,2.847374864341067457e+00,-1.847444179880225024e+00,-1.824975515950959526e+00,1.540716549379552713e-01,-6.986456162553578153e-01,-1.106872466663031820e-16,-1.166337593250124316e+00,4.306076254619741306e+00,-2.211525011300094601e+00,-4.194946572671683915e-01,-9.016774683621234798e-01,-1.489667677582738659e+00,7.123988258100679705e-01
5.570000000000000506e-01,5.549023666570247482e-01,-8.959145388837707058e-01,-3.985218770107294084e+00,-3.567552301704223883e+00,5.549023666570247482e-01,1.989271746444841504e+00,-8.617269264211568913e-01,1.993596320934623467e+00,-5.725829051235670208e-01,-8.903254378794339674e-01,-2.627741395131343305e-01,-1.212333845387367492e-01,3.766870472648040091e-02,-2.457005105600618133e-01,-2.279721298337196791e-02,1.401516203724655907e-01,1.951550969561529847e+00,1.732986191155197364e+00,-2.580263137605682267e-01,1.460102155332267504e+00,-7.851793190871269035e-01,-7.773731158340652092e-01,5.755818682252205054e-01,-2.149383679006427350e+00,2.825923205601074795e+00,-1.834725319347927153e+00,-1.811863071927730884e+00,1.528711130152401731e-01,-6.936815198520894787e-01,0.000000000000000000e+00,-1.088158147324331360e+00,4.296135257243137495e+00,-2.213985017647231768e+00,-3.140922118689829512e-01,-8.780087166319485714e-01,-1.493851848669526694e+00,7.157334885976860406e-01
5.580000000000000515e-01,5.989883375005614630e-01,-9.677065017748266440e-01,-4.170689043667691998e+00,-3.751479587566756813e+00,5.989883375005614630e-01,2.063371967585331035e+00,-8.862670558532054210e-01,2.063836509340527758e+00,-6.079634198413904622e-01,-8.341852651564005683e-01,-2.470210844777597226e-01,-1.134426365922612395e-01,3.552232413427090785e-02,-2.300224336768692535e-01,-2.143153456808875174e-02,1.311846767241872103e-01,1.955996079811934685e+00,1.772665254664349987e+00,-1.988625493561944624e-01,1.198525409243894835e+00,-8.046874003369413053e-01,-7.602120667435876555e-01,5.505217824654332626e-01,-2.132339736347946602e+00,2.799268687826995006e+00,-1.819150922709562801e+00,-1.796235631455350923e+00,1.511692970616719811e-01,-6.877774159672723764e-01,0.000000000000000000e+00,-1.010528921692412485e+00,4.324912858013584938e+00,-2.131456108658018600e+00,-5.621878980771851664e-01,-8.835405369521385222e-01,-1.469421017278948582e+00,6.817064591896204728e-01
5.590000000000000524e-01,6.058081392970031676e-01,-9.325802895453563224e-01,-4.376169232192591352e+00,-3.878768074870313054e+00,6.058081392970031676e-01,2.230632503709304437e+00,-9.380383015483273468e-01,2.133866353471059796e+00,-5.914399824420210061e-01,-7.310639687636368844e-01,-2.171322716811421027e-01,-9.930623528333241967e-02,3.132073975551082773e-02,-2.014419176660271205e-01,-1.884132973665015448e-02,1.148655119890295284e-01,1.955953217509906139e+00,1.780908474007889097e+00,-1.903478959983034569e-01,1.149865077100991950e+00,-8.112794604962874079e-01,-7.588016826161353423e-01,5.433592238945081920e-01,-2.115621177892196059e+00,2.773256741994648333e+00,-1.804038336571764711e+00,-1.780884398233929966e+00,1.495493317355379992e-01,-6.819967980134794550e-01,0.000000000000000000e+00,-8.907319291459268040e-01,4.337032944321395966e+00,-2.093692467853400352e+00,-5.996985813774271534e-01,-8.631720464267765847e-01,-1.459639810366264889e+00,6.582247358835376927e-01
5.600000000000000533e-01,5.711347007751994553e-01,-7.826710428587764223e-01,-4.592835282263674657e+00,-3.936629648939166781e+00,5.711347007751994553e-01,2.491918316965623603e+00,-1.018049898691238520e+00,2.198907780298092085e+00,-5.189391028083145674e-01,-8.796106434944250818e-01,-2.621271525176325778e-01,-1.193424326855112155e-01,3.793801542718587549e-02,-2.421823659484215463e-01,-2.274890953452152198e-02,1.380705826239207457e-01,1.952308599419175339e+00,1.786280812048234967e+00,-1.861818582198006000e-01,1.127915318207484141e+00,-8.118132688996080315e-01,-7.610848231357884019e-01,5.411784751596336873e-01,-2.096654882409439757e+00,2.743398225113552691e+00,-1.787025525913292778e+00,-1.763313242811526571e+00,1.477446845527451424e-01,-6.753821497873855328e-01,1.351722975904193513e-16,-1.023956926484689500e+00,4.267551884644155358e+00,-2.092549816818604302e+00,-5.974599091768565406e-01,-9.062509502952844631e-01,-1.459215882457695290e+00,6.792490577835545995e-01
5.610000000000000542e-01,5.123937706873390452e-01,-5.692414806398349292e-01,-4.800748562836532507e+00,-3.944494928144549384e+00,5.123937706873390452e-01,2.795028155260693037e+00,-1.110910910712468169e+00,2.255581589040467794e+00,-4.152516755159839645e-01,-1.032691417540118062e+00,-3.088247276450623025e-01,-1.399199603560224714e-01,4.485996412621041929e-02,-2.840850262017712291e-01,-2.680812888425055524e-02,1.619269545216985851e-01,1.914175837752051690e+00,1.747428712484448976e+00,-2.020149733652006341e-01,1.194573789628610605e+00,-7.877220673889079317e-01,-7.576954715033651366e-01,5.446114880959447291e-01,-2.092117816975147093e+00,2.732102727819119448e+00,-1.782332050023447856e+00,-1.757755662172177713e+00,1.469351440781433982e-01,-6.733846922261291779e-01,-1.345112290264857792e-16,-1.210633396763213465e+00,4.170706712658506454e+00,-2.124266983744671045e+00,-5.183219084173567026e-01,-9.248719495125358181e-01,-1.457888292613744863e+00,7.065384426176432031e-01
5.620000000000000551e-01,4.515562799440217545e-01,-3.561332427840077086e-01,-4.986087074854024692e+00,-3.937861603236213259e+00,4.515562799440217545e-01,3.079146180096056895e+00,-1.197173436253960777e+00,2.305935014434999708e+00,-3.115240618803410966e-01,-9.827981344950743603e-01,-2.942394121901942272e-01,-1.330939974489253053e-01,4.279364452793943396e-02,-2.702819178943534073e-01,-2.554458886004214863e-02,1.540488949316562994e-01,1.927960703110275453e+00,1.773958222797846318e+00,-2.137804226610448277e-01,1.174044860002316337e+00,-7.954121798247102415e-01,-7.679701120844303341e-01,5.553948735255302971e-01,-2.056949990927118499e+00,2.684472350437236088e+00,-1.752104011888801161e+00,-1.727670546685632358e+00,1.443049594226780696e-01,-6.619000185373515865e-01,0.000000000000000000e+00,-1.111787422311917517e+00,4.164191161044888290e+00,-2.098978431998771210e+00,-5.108320421553765867e-01,-9.213891382963855792e-01,-1.455414719481824104e+00,7.094437684571865965e-01
5.630000000000000560e-01,3.970626084619019447e-01,-1.935978313577524368e-01,-5.147014666723398690e+00,-3.943688456330723735e+00,3.970626084619019447e-01,3.313089413097086933e+00,-1.266910285542279357e+00,2.349259720484279779e+00,-2.313345771970808651e-01,-1.087583721861340447e+00,-3.266521067938817913e-01,-1.471108832958900603e-01,4.765547559992284327e-02,-2.988664129461609531e-01,-2.836277427006344068e-02,1.703096211409103056e-01,1.883830608002752482e+00,1.731044665062267063e+00,-2.301759772053970921e-01,1.248499151637845639e+00,-7.685952048063497966e-01,-7.664496966812550660e-01,5.565855435301481080e-01,-2.057268157735392844e+00,2.679556258214369713e+00,-1.751739633812359198e+00,-1.726164679184944095e+00,1.439059858298036010e-01,-6.614392520540838261e-01,-2.388911145257311726e-16,-1.261021271593980808e+00,4.083948816482755539e+00,-2.129026494313646545e+00,-4.300100519471756200e-01,-9.235556319227071764e-01,-1.456251723005402399e+00,7.268951646710581915e-01
5.640000000000000568e-01,3.594123049750477805e-01,-1.058045483546512511e-01,-5.265785637326814594e+00,-3.967802391087475566e+00,3.594123049750477805e-01,3.463558454250543317e+00,-1.309643702993850134e+00,2.382909221824673462e+00,-1.868959260940925293e-01,-1.245162891479349776e+00,-3.752431959405726491e-01,-1.682156457142021944e-01,5.492673005664597957e-02,-3.418847221508012346e-01,-3.258838196869939807e-02,1.947854402974879273e-01,1.863834698197732065e+00,1.706240957290442006e+00,-2.466006743579526317e-01,1.325558243527915625e+00,-7.560992813903184562e-01,-7.692880785224048834e-01,5.584213540822038357e-01,-2.059032497397430550e+00,2.676377736325092016e+00,-1.752540344716133403e+00,-1.725817484773268129e+00,1.435762787306777422e-01,-6.614345350471968477e-01,0.000000000000000000e+00,-1.440360690679048261e+00,4.007375497674961373e+00,-2.167356664788288256e+00,-3.453325111887065035e-01,-9.544077248104418931e-01,-1.463310995538301018e+00,7.532067943796917353e-01
5.650000000000000577e-01,3.433557613785164220e-01,-9.440478294073284538e-02,-5.335035472445289528e+00,-4.007102556192419840e+00,3.433557613785164220e-01,3.523442189031601668e+00,-1.322618854816666634e+00,2.405950152394012775e+00,-1.796146275986112428e-01,-1.261866898629439682e+00,-3.814152360101129569e-01,-1.702593982760342572e-01,5.599333894356134378e-02,-3.462088454798617487e-01,-3.313048013346138465e-02,1.972142578282105319e-01,1.855666689607083031e+00,1.717246556326589957e+00,-2.533778459737891509e-01,1.298366841688048057e+00,-7.548557203425536599e-01,-7.773847179252613149e-01,5.613859387335353723e-01,-2.043260934231316384e+00,2.651260700955177629e+00,-1.738447811141600186e+00,-1.711132261554094480e+00,1.420654542789002994e-01,-6.559032927811178082e-01,2.372642436639594922e-16,-1.449461143253673034e+00,3.987092021271654740e+00,-2.162085055391423705e+00,-3.567720809224850798e-01,-9.589991115435151370e-01,-1.466418490839840327e+00,7.586001965617461540e-01
5.660000000000000586e-01,3.430923805415348471e-01,-1.402843342999839926e-01,-5.376501886790641116e+00,-4.064363927825153766e+00,3.430923805415348471e-01,3.522413674642291159e+00,-1.312730633919870993e+00,2.425551541539819667e+00,-2.001443137487538548e-01,-1.326568310779910664e+00,-4.023281811347236836e-01,-1.787432501866198509e-01,5.925407829421909522e-02,-3.636530499999724997e-01,-3.495364870049681022e-02,2.071099840926792779e-01,1.840998078229406421e+00,1.715566411276098435e+00,-2.494821947497704306e-01,1.250138868622089783e+00,-7.505999532735547763e-01,-7.727764712740499142e-01,5.595368659342083717e-01,-2.044660602447324838e+00,2.648473626384809876e+00,-1.738749272572833959e+00,-1.710889908588916875e+00,1.416842095398161971e-01,-6.559136996572377809e-01,-1.299672225645905030e-16,-1.530230834997829081e+00,3.961711856526184405e+00,-2.166974717509224213e+00,-4.014969616726080104e-01,-9.725687937337110789e-01,-1.463643819631784693e+00,7.666468500268874831e-01
5.670000000000000595e-01,3.505285473152561782e-01,-2.046093078633612894e-01,-5.408519723632919884e+00,-4.130096289180390734e+00,3.505285473152561782e-01,3.498035907747232276e+00,-1.289187828150730741e+00,2.448843891249659510e+00,-2.302006600628034860e-01,-1.353007513599863820e+00,-4.108115658058705266e-01,-1.822227700053061505e-01,6.056609613409589393e-02,-3.707971800766323711e-01,-3.569230187667141174e-02,2.111648203005707380e-01,1.845276713567322036e+00,1.725280033397634805e+00,-2.348475813904323251e-01,1.176303509326641183e+00,-7.605617152530421698e-01,-7.654166803404718333e-01,5.501662785600787142e-01,-2.048129377512711624e+00,2.651578171137144224e+00,-1.741362292353105801e+00,-1.713387980461917648e+00,1.417604884672205856e-01,-6.569009363373221611e-01,0.000000000000000000e+00,-1.555860177545253409e+00,3.966046638728908391e+00,-2.158432643748844360e+00,-4.765183750011805497e-01,-9.895984068624539276e-01,-1.458009918554465489e+00,7.613310988606494245e-01
5.680000000000000604e-01,3.475940378233973727e-01,-2.398383893914517451e-01,-5.448645038273368435e+00,-4.179904978995886644e+00,3.475940378233973727e-01,3.503376881337814552e+00,-1.268521658794875551e+00,2.475516961205760147e+00,-2.461869827560184132e-01,-1.339203644343131216e+00,-4.079173516188925319e-01,-1.801324779653465935e-01,6.028664049821099574e-02,-3.667231013554128616e-01,-3.543868828906933388e-02,2.088069270995031035e-01,1.850836945011778312e+00,1.749585981855458439e+00,-2.171514835164703450e-01,1.056063940090036901e+00,-7.781408177221795786e-01,-7.629078892936536072e-01,5.358666450129225822e-01,-2.040858998663162005e+00,2.638339401278442686e+00,-1.734197622923085769e+00,-1.706244883044989002e+00,1.408003472328472894e-01,-6.542081130158642344e-01,0.000000000000000000e+00,-1.529225697994514910e+00,3.980008031515008149e+00,-2.131481584404902652e+00,-5.898943024567411264e-01,-1.004063571844745262e+00,-1.452554690598587328e+00,7.446735721124256857e-01
5.690000000000000613e-01,3.258841156333315281e-01,-2.052991261689827152e-01,-5.519416119200822202e+00,-4.205815351366776866e+00,3.258841156333315281e-01,3.580114419722806751e+00,-1.262336495941865699e+00,2.513150714111634709e+00,-2.286750249486094178e-01,-1.411255530819369497e+00,-4.311504268261380224e-01,-1.895912780426588229e-01,6.386755056965587318e-02,-3.861647723637743335e-01,-3.745567702498374396e-02,2.198391012750216533e-01,1.847595844601241266e+00,1.769306454867559886e+00,-1.980719396332835947e-01,9.254824659923694963e-01,-7.887232461194414457e-01,-7.583516840647670509e-01,5.240820446437979285e-01,-2.029564193743646605e+00,2.620686256539003001e+00,-1.723559830808474302e+00,-1.696028996999136895e+00,1.395769340975988593e-01,-6.503259738839118898e-01,2.356603094094824521e-16,-1.593223879961774836e+00,3.958842284580425197e+00,-2.111223048484416775e+00,-7.066789804371115258e-01,-1.035311084385616809e+00,-1.446133334973662699e+00,7.439211459188197484e-01
5.700000000000000622e-01,2.789867905658584002e-01,-8.728862532426884258e-02,-5.632511021660313588e+00,-4.205493464398848857e+00,2.789867905658584002e-01,3.747882660134183475e+00,-1.277415984676694372e+00,2.563629450971908863e+00,-1.706073424247955272e-01,-1.429786693144806442e+00,-4.382699054313524689e-01,-1.918132822100986901e-01,6.509319643173007430e-02,-3.909009766989129941e-01,-3.807446681795690485e-02,2.224919059714075831e-01,1.850429989957183219e+00,1.789861766060291126e+00,-1.889036852977722392e-01,8.253833198113883496e-01,-8.017667700901049965e-01,-7.564939920565413312e-01,5.164474931896803067e-01,-2.013399568425791042e+00,2.596006890482123186e+00,-1.708782832231796389e+00,-1.681468933293963186e+00,1.379801851652295019e-01,-6.447944217537147082e-01,0.000000000000000000e+00,-1.592756271613414265e+00,3.947598751111061954e+00,-2.089499799739667374e+00,-7.909924170508447760e-01,-1.054687561623788516e+00,-1.439362880628212826e+00,7.389393991610878620e-01
5.710000000000000631e-01,2.081375879142929319e-01,1.089728801804628056e-01,-5.777856606205739709e+00,-4.175793517985027847e+00,2.081375879142929319e-01,3.994777909426800999e+00,-1.313666882872154718e+00,2.621972624014989872e+00,-7.446354372889313344e-02,-1.412404490838797599e+00,-4.344484173583201270e-01,-1.891898785196413080e-01,6.469974239105880098e-02,-3.857981301998968382e-01,-3.774288940666373215e-02,2.195423117858045226e-01,1.839751761807610464e+00,1.770860074640981052e+00,-1.830217915240359983e-01,8.114760026356880873e-01,-8.039249795269431953e-01,-7.436183278531760532e-01,5.039951211606714665e-01,-2.020367227419054057e+00,2.601441213013484521e+00,-1.713504726950807910e+00,-1.686381366763082035e+00,1.379353238100480827e-01,-6.467208396907609957e-01,0.000000000000000000e+00,-1.593019956450241192e+00,3.937852870296145724e+00,-2.085716396994484967e+00,-8.102056217363351465e-01,-1.051787785916792117e+00,-1.428082056950600753e+00,7.235374329464759890e-01
5.720000000000000639e-01,1.220506772527471251e-01,3.691974715146164598e-01,-5.934300599154656908e+00,-4.113241356910933177e+00,1.220506772527471251e-01,4.293422401056949056e+00,-1.365423013217866632e+00,2.681821478963677841e+00,5.227258770177456437e-02,-1.466452922338713716e+00,-4.516080379129149835e-01,-1.963321894109525956e-01,6.731554299702068034e-02,-4.004427807382288651e-01,-3.923328071565468367e-02,2.278603053579568716e-01,1.814297042695983464e+00,1.761774047203408022e+00,-1.627766295759576209e-01,7.362239968538464296e-01,-7.955104722511580073e-01,-7.366336040328635981e-01,4.913683781938745776e-01,-2.009225679580244783e+00,2.585987082162456652e+00,-1.703624418106913119e+00,-1.676822344781858654e+00,1.369968462425378286e-01,-6.430667231064921552e-01,-1.265458448416604939e-16,-1.661381559222975035e+00,3.896153091452950079e+00,-2.062733237093823391e+00,-8.732828049309915297e-01,-1.058956406746849099e+00,-1.418933607855010326e+00,7.192286835518313381e-01
5.730000000000000648e-01,2.975908598508378300e-02,6.458453088887763371e-01,-6.086845590596575484e+00,-4.032455362903806240e+00,2.975908598508378300e-02,4.605009137120896767e+00,-1.423897232545981550e+00,2.736345399512753129e+00,1.873005292397289523e-01,-1.492195083747932305e+00,-4.609768555741764473e-01,-1.994921220822064578e-01,6.887999262066085704e-02,-4.071291291574387072e-01,-4.004908447856510983e-02,2.316210190779848244e-01,1.785733267048097206e+00,1.729689328302665308e+00,-1.875222829523814083e-01,8.521666790755535459e-01,-7.714974972467103509e-01,-7.439723761136273206e-01,5.019220629232691300e-01,-2.000253117201763686e+00,2.570122901006301142e+00,-1.695223580806798580e+00,-1.668057003935022431e+00,1.359470223626825236e-01,-6.397635916140009815e-01,-1.256804314764875858e-16,-1.706714933901598785e+00,3.838835373734790224e+00,-2.082237985841386418e+00,-7.470103322388079725e-01,-1.042679604041466535e+00,-1.423785052206193447e+00,7.335430820012538433e-01
5.740000000000000657e-01,-4.056217342034960927e-02,8.610603262111178324e-01,-6.229370700166139585e+00,-3.985818746889508102e+00,-4.056217342034960927e-02,4.864127169637665560e+00,-1.468808983343167673e+00,2.790810621412425974e+00,2.924950837498124789e-01,-1.596669244110889174e+00,-4.946858906927712463e-01,-2.131720010986080382e-01,7.408385274703313539e-02,-4.352953252792982619e-01,-4.297983818222192443e-02,2.476014228589053512e-01,1.762668264720262057e+00,1.711018944286849086e+00,-2.054485141068256582e-01,9.227365232707168685e-01,-7.556918426686742851e-01,-7.532420933720562761e-01,5.070265922176502293e-01,-1.985617356051134319e+00,2.547411076930417906e+00,-1.682073359683969871e+00,-1.654720911214571544e+00,1.345467768524782337e-01,-6.347004034078086443e-01,2.305378846354573978e-16,-1.819618335441761436e+00,3.763744130524495635e+00,-2.100693874889403734e+00,-6.579005351968215676e-01,-1.056440391095494480e+00,-1.430922334962086984e+00,7.546280150765558581e-01
5.750000000000000666e-01,-6.344326996356562665e-02,9.404489062322418658e-01,-6.360594325096445623e+00,-4.021014118880163579e+00,-6.344326996356562665e-02,5.017275133919697261e+00,-1.483844566325340342e+00,2.849747960777625266e+00,3.317225902841571261e-01,-1.541671231545027831e+00,-4.791598994514537635e-01,-2.054895167849644100e-01,7.195909908756013829e-02,-4.199126542365799186e-01,-4.164155068669840587e-02,2.388022987006891418e-01,1.734711976906230690e+00,1.660345619888808466e+00,-2.431195149933253474e-01,1.141284261443673342e+00,-7.209189133180555764e-01,-7.602547316954619827e-01,5.285230581835425046e-01,-1.993076402469165620e+00,2.551823700068172940e+00,-1.687814945179905823e+00,-1.659280722169157452e+00,1.346154882361919602e-01,-6.365458182320831160e-01,0.000000000000000000e+00,-1.800035657107962761e+00,3.733009420505527309e+00,-2.136423976958195858e+00,-4.460373616379239570e-01,-1.006216079318443590e+00,-1.438442100614243602e+00,7.673253568842316463e-01
5.760000000000000675e-01,-1.857966926084167469e-02,8.289411528338648250e-01,-6.473864933485987017e+00,-4.172303348951840185e+00,-1.857966926084167469e-02,5.018959591011499910e+00,-1.455388401527221154e+00,2.915134414811114016e+00,2.778072097194018708e-01,-1.509591662976607740e+00,-4.707442056529728136e-01,-2.008707043893177835e-01,7.091635148402050670e-02,-4.107897030501990177e-01,-4.092494248341645852e-02,2.335633734281420126e-01,1.689400751786336086e+00,1.626563945145490520e+00,-2.701375394347074188e-01,1.269187159664044939e+00,-6.807198364197848406e-01,-7.759569112160298321e-01,5.469004406878197333e-01,-1.981438956601054402e+00,2.531505789672328532e+00,-1.677378920611327873e+00,-1.647865446043055071e+00,1.333771332158123213e-01,-6.322840516788252874e-01,-1.234988046994008329e-16,-1.801629867791326056e+00,3.687325529164846571e+00,-2.148387164435352936e+00,-3.077619348949895972e-01,-9.581324062541715092e-01,-1.449165905378271502e+00,7.804638141159616627e-01
5.769999999999999574e-01,8.880423311276765264e-02,5.555883527616303219e-01,-6.565513154481792846e+00,-4.424139754997372442e+00,8.880423311276765264e-02,4.882789041894974424e+00,-1.387060577172535503e+00,2.986022436162835358e+00,1.441006215946948887e-01,-1.425955367672661067e+00,-4.451746026373422649e-01,-1.896351261468914307e-01,6.712499740515576185e-02,-3.879093957029968176e-01,-3.870362076241678356e-02,2.205384549750226131e-01,1.695377097368488961e+00,1.637276644902830869e+00,-2.402059737588251032e-01,1.131996777767384721e+00,-6.991747068152437405e-01,-7.579380641467043933e-01,5.260714646133487493e-01,-1.987151144446871687e+00,2.537691093586494251e+00,-1.681822316352109770e+00,-1.652344592259039624e+00,1.335867429486507496e-01,-6.340188936879334047e-01,0.000000000000000000e+00,-1.717729414751043793e+00,3.729793135851982910e+00,-2.111663416257826498e+00,-4.532228170864991412e-01,-9.534973595695899196e-01,-1.430660578597054533e+00,7.466099195883713069e-01
5.779999999999999583e-01,2.288872110448587627e-01,1.968998391619913857e-01,-6.644572792318680143e+00,-4.718978575942823106e+00,2.288872110448587627e-01,4.681918232826832060e+00,-1.302120063340218570e+00,3.056236043253321544e+00,-3.164572840481623406e-02,-1.436737956007852146e+00,-4.498562936164917092e-01,-1.907674082720694220e-01,6.800385109031806263e-02,-3.905023060020541559e-01,-3.912094255806196352e-02,2.219692923407116103e-01,1.680807838692860878e+00,1.616278415554784686e+00,-2.841504453574878464e-01,1.327734042682793714e+00,-6.725095696534838519e-01,-7.793566372754995308e-01,5.541134975760358961e-01,-1.979728847302354877e+00,2.522453100825011507e+00,-1.675255071539454077e+00,-1.644261758478303026e+00,1.327119749330960830e-01,-6.310229142641375910e-01,-2.298625128156376874e-16,-1.735658964617346145e+00,3.688875222763304151e+00,-2.150172925169011595e+00,-2.485238647051912497e-01,-9.302999007224419525e-01,-1.449500494097698988e+00,7.760827899167472843e-01
5.789999999999999591e-01,4.050155524307423316e-01,-2.368289997165544669e-01,-6.716070890071293320e+00,-5.061793104653735220e+00,4.050155524307423316e-01,4.420401196865468840e+00,-1.201225714973650938e+00,3.129798327685096471e+00,-2.452070704827275516e-01,-1.333485023693243177e+00,-4.186613386372481926e-01,-1.767872731183468549e-01,6.343621304510817238e-02,-3.621385411338390314e-01,-3.641748188876096914e-02,2.058090021697142336e-01,1.683952032166457613e+00,1.594986202503885231e+00,-3.014730143905884341e-01,1.437233447465078084e+00,-6.715510176834073031e-01,-7.779836575198961768e-01,5.564387363386200658e-01,-1.995287600054510335e+00,2.537721718398307846e+00,-1.687973570972888915e+00,-1.655721164362341957e+00,1.333775161722479397e-01,-6.355074436026971751e-01,-1.235699804285763540e-16,-1.644820591581295899e+00,3.714046582264945329e+00,-2.166233858481824370e+00,-1.550515038521557143e-01,-9.003120426449984226e-01,-1.449908583011354501e+00,7.622477385083341606e-01
5.799999999999999600e-01,6.108772823862760326e-01,-7.346528613770737515e-01,-6.788196438170498226e+00,-5.448882796152361152e+00,6.108772823862760326e-01,4.114486843303183150e+00,-1.089425975595436746e+00,3.207943955645665923e+00,-4.910550813033096595e-01,-1.241847367914326261e+00,-3.910854587700604013e-01,-1.643421670444970839e-01,5.941787293370150852e-02,-3.369318312028982687e-01,-3.403016448095669277e-02,1.914432295466039768e-01,1.682755333425673960e+00,1.634740486044637953e+00,-3.050748781017015299e-01,1.299068591681160845e+00,-6.846042060359640580e-01,-7.869210894285083580e-01,5.573777566008777384e-01,-1.959987286396748907e+00,2.487712124226268084e+00,-1.657614542837235749e+00,-1.624809111264041261e+00,1.305919067689636226e-01,-6.237353072424872691e-01,2.275748767870271959e-16,-1.519079320885401208e+00,3.731367151500845303e+00,-2.127031587983434058e+00,-2.663226466491789290e-01,-8.909441304698987318e-01,-1.444686561151952153e+00,7.488209861474819373e-01
5.809999999999999609e-01,8.125179764635368507e-01,-1.228028162370868870e+00,-6.881346511322639081e+00,-5.849683824156693746e+00,8.125179764635368507e-01,3.826510438227987532e+00,-9.853408821461692169e-01,3.291593924935701576e+00,-7.346212381874743791e-01,-1.111273577675262025e+00,-3.510903016237302277e-01,-1.467728116838973584e-01,5.349371617621813402e-02,-3.012059425980860294e-01,-3.056138062578419093e-02,1.711058684976460853e-01,1.679697013663136396e+00,1.669083320123386116e+00,-2.911592289985212023e-01,1.100499216563328275e+00,-7.026053444143856019e-01,-7.816459712394326909e-01,5.470929360047052104e-01,-1.936106873511425519e+00,2.452893957681250736e+00,-1.636722405577082373e+00,-1.603690894167762115e+00,1.285354007405279941e-01,-6.157101048526212317e-01,-1.055603116587162569e-16,-1.367683437523551149e+00,3.770886976180907180e+00,-2.074654446259501128e+00,-4.496979614282157200e-01,-8.752758862719436372e-01,-1.427917456717838096e+00,7.181988045023511846e-01
5.819999999999999618e-01,9.924743273977829627e-01,-1.672566003479542873e+00,-6.994367013586495041e+00,-6.234839254343613746e+00,9.924743273977829627e-01,3.584051677813583137e+00,-8.968526726715991826e-01,3.377960129064412342e+00,-9.538799816398360054e-01,-1.128020364345882154e+00,-3.567528628458234152e-01,-1.488918080949264144e-01,5.441015183662296917e-02,-3.056452005977798869e-01,-3.105919628272326566e-02,1.736148203994138939e-01,1.669791759531626063e+00,1.610401943141784864e+00,-3.130306729751753947e-01,1.347522318363659322e+00,-6.778308377657715766e-01,-7.789439047538557759e-01,5.564970675647586962e-01,-1.969675461430582253e+00,2.493466091970184983e+00,-1.664995480788495241e+00,-1.630844915712314380e+00,1.306241450363902490e-01,-6.261811389713707321e-01,0.000000000000000000e+00,-1.427904066244838344e+00,3.747115172266146210e+00,-2.126917961858596939e+00,-2.289124455120321033e-01,-8.528518933271611591e-01,-1.436184240007949864e+00,7.301118879641725901e-01
5.829999999999999627e-01,1.143958027141607658e+00,-2.040325919233204832e+00,-7.110792299255487059e+00,-6.568769183309045800e+00,1.143958027141607658e+00,3.402582606823142175e+00,-8.332642262803171551e-01,3.455198398307206542e+00,-1.135596379652183963e+00,-8.386380758232158117e-01,-2.660144438049502069e-01,-1.104986738376424887e-01,4.066157793783154589e-02,-2.270275289495982951e-01,-2.316368818874208965e-02,1.289320137756171381e-01,1.680468199872967805e+00,1.653004915099250516e+00,-2.831058028108462965e-01,1.078665694141596632e+00,-7.160622710995874218e-01,-7.641797345227273608e-01,5.289407782279109682e-01,-1.949937585092891279e+00,2.465302405188587453e+00,-1.647414242895439029e+00,-1.613693596157361299e+00,1.288609421805297639e-01,-6.196295217105397546e-01,0.000000000000000000e+00,-1.108107461043139175e+00,3.852292876482887429e+00,-2.041018719543927773e+00,-4.943663240779331280e-01,-8.142288578686559530e-01,-1.406972944422009153e+00,6.578727920035281063e-01
5.839999999999999636e-01,1.249061370998042264e+00,-2.268584526477125607e+00,-7.232897940409737991e+00,-6.810856843534464744e+00,1.249061370998042264e+00,3.327689502798395260e+00,-8.082186124737280597e-01,3.520574471780605563e+00,-1.249312371866235782e+00,-8.099077566082535373e-01,-2.576054433116279352e-01,-1.065397646222942807e-01,3.946322567547861510e-02,-2.190650166061826332e-01,-2.243697310664794983e-02,1.243864702171793846e-01,1.663508885712366325e+00,1.649506239893748116e+00,-2.771075656407323562e-01,1.026342858237442535e+00,-7.103163353720740592e-01,-7.594242016841549203e-01,5.264179079934833139e-01,-1.941498344439341661e+00,2.451080240090439677e+00,-1.639609085067853300e+00,-1.605698661592982246e+00,1.278991735973487032e-01,-6.166158433909396663e-01,0.000000000000000000e+00,-1.087897215335228873e+00,3.842981036672559192e+00,-2.023256415330879854e+00,-5.398925776800610477e-01,-8.014821783809079614e-01,-1.398477018181742526e+00,6.508043782106627262e-01
5.849999999999999645e-01,1.296809267904464047e+00,-2.334098229977260353e+00,-7.360203180927015865e+00,-6.944391090304546488e+00,1.296809267904464047e+00,3.375801800551977649e+00,-8.270599514467313895e-01,3.571364227908763400e+00,-1.283346815063620916e+00,-8.135100252058835579e-01,-2.595481704081341046e-01,-1.068132565224984704e-01,3.985796712393879088e-02,-2.198251160848453956e-01,-2.261267770695494714e-02,1.247911182977404776e-01,1.633703095072392308e+00,1.614841322885706587e+00,-2.678633391261576735e-01,1.008292326111412729e+00,-7.062491323251770536e-01,-7.445595768364962064e-01,5.037833836973145685e-01,-1.953531733088516908e+00,2.462272337520380106e+00,-1.649014579787489776e+00,-1.614495360825372261e+00,1.282315933787638029e-01,-6.200588990320855531e-01,2.268193752307487862e-16,-1.133338663222008158e+00,3.817565489997952977e+00,-2.023691175436145961e+00,-5.663450675900207898e-01,-7.978426550312587295e-01,-1.387231153575536613e+00,6.285745019950552681e-01
5.859999999999999654e-01,1.297560588635104040e+00,-2.268790470545074989e+00,-7.474529285216577001e+00,-6.977845699985877559e+00,1.297560588635104040e+00,3.510793018960955081e+00,-8.782927658354577893e-01,3.603826739788042133e+00,-1.253385170592909770e+00,-8.966447131945725069e-01,-2.869808359867083158e-01,-1.175005125423864566e-01,4.418299203887787047e-02,-2.420476722082924304e-01,-2.501073332636989666e-02,1.373757194477834287e-01,1.614301924202341754e+00,1.596931328758257163e+00,-2.741338905087316036e-01,1.004132702193017979e+00,-7.041737881480161221e-01,-7.393261130391589608e-01,4.950037166599235983e-01,-1.949557972140780526e+00,2.452912764654948674e+00,-1.644938657815630423e+00,-1.609941834255343318e+00,1.275031407681606610e-01,-6.183839534465470633e-01,-2.263580305816858207e-16,-1.231900761133011279e+00,3.762863257426498187e+00,-2.036573060866748275e+00,-5.616261400234474621e-01,-8.187183195881480025e-01,-1.382720799812075851e+00,6.323794361077068604e-01
5.869999999999999662e-01,1.273314719077994539e+00,-2.151015819342151136e+00,-7.563819491904319570e+00,-6.959305840118778619e+00,1.273314719077994539e+00,3.661460990487344525e+00,-9.384978407336143080e-01,3.621346443913202151e+00,-1.197320253983594540e+00,-8.480841683977449197e-01,-2.717082203683351405e-01,-1.110589758343688976e-01,4.187002467064743910e-02,-2.288610706392505689e-01,-2.368377860925698769e-02,1.298818204459020187e-01,1.638096756939976917e+00,1.618913822552454418e+00,-3.083285075383059848e-01,1.115424749080011990e+00,-7.035226399007383780e-01,-7.629101686458769072e-01,5.242143396623236695e-01,-1.917324437893437317e+00,2.410518746932007517e+00,-1.617646020636536175e+00,-1.582733807564517203e+00,1.252581291173842093e-01,-6.079698865584474143e-01,0.000000000000000000e+00,-1.127311849351205320e+00,3.757724349116127183e+00,-2.037033504009210905e+00,-4.254390338138577810e-01,-8.071255814226047098e-01,-1.394563833813581288e+00,6.540961601082256882e-01
5.879999999999999671e-01,1.238776801631227720e+00,-2.063136641268888294e+00,-7.630446392430356717e+00,-6.942878011438376795e+00,1.238776801631227720e+00,3.778450723059017413e+00,-9.919982626140056992e-01,3.627035987043063958e+00,-1.154242186894050004e+00,-9.681244957768501136e-01,-3.110930393735998889e-01,-1.265613780819218881e-01,4.803740394570669286e-02,-2.610153801734728662e-01,-2.712083003347711893e-02,1.480994820590718908e-01,1.585478463942822103e+00,1.599370717542582643e+00,-2.896567787039468489e-01,9.792041959319336408e-01,-6.945380204925470924e-01,-7.534611375814254108e-01,4.968078468896554023e-01,-1.911555952977382455e+00,2.399721452491074825e+00,-1.611976603867931290e+00,-1.577009011511235848e+00,1.244439325129299001e-01,-6.058091445359337079e-01,0.000000000000000000e+00,-1.294201984811410355e+00,3.687999130660057467e+00,-2.028194760653800000e+00,-5.497674116335955485e-01,-8.311094681530901696e-01,-1.386391112150836324e+00,6.449073289487272653e-01
5.889999999999999680e-01,1.195402265298022959e+00,-2.005063321101912432e+00,-7.671749176816456739e+00,-6.927721002673004058e+00,1.195402265298022959e+00,3.857809749422014711e+00,-1.033319777045502708e+00,3.623503385411046107e+00,-1.124268676651166254e+00,-1.101479463409847259e+00,-3.550404245065012510e-01,-1.437351629434897582e-01,5.494314256453380202e-02,-2.966808743056391640e-01,-3.095854623563925115e-02,1.682994499597589289e-01,1.564817421263034136e+00,1.576431102180506638e+00,-2.978850153469774220e-01,1.023263622987823362e+00,-6.864923810878520438e-01,-7.537974861299490126e-01,4.904212373670940317e-01,-1.920712728118309620e+00,2.406961739042456916e+00,-1.619007662032769579e+00,-1.583313658553196612e+00,1.245964425493024247e-01,-6.082891668951172504e-01,0.000000000000000000e+00,-1.457374770265122743e+00,3.628352416716462248e+00,-2.060627840323236981e+00,-5.051068930008394409e-01,-8.585768128441887415e-01,-1.393045199260705358e+00,6.587206873268529606e-01
5.899999999999999689e-01,1.142859727586401419e+00,-1.951595244803076890e+00,-7.687894667077471489e+00,-6.898428989335497974e+00,1.142859727586401419e+00,3.914604180592440308e+00,-1.065277981331713475e+00,3.612044139433699730e+00,-1.095819936845103371e+00,-1.015933738329581004e+00,-3.283609329077133432e-01,-1.323458668749835088e-01,5.091526052242346945e-02,-2.734002254456717740e-01,-2.863868134267180676e-02,1.550626529695187106e-01,1.564214453215047929e+00,1.582891455522732693e+00,-3.008255070277200960e-01,9.839482678981343877e-01,-6.946304048975899814e-01,-7.532445451003424441e-01,4.863496746507103285e-01,-1.920637694721641031e+00,2.403492992073506418e+00,-1.618244126849374798e+00,-1.582326751120795905e+00,1.241828351502444472e-01,-6.079530793707160763e-01,-2.229942297114962399e-16,-1.372356979836174107e+00,3.658023514688526046e+00,-2.051415500752078458e+00,-5.474632227002380613e-01,-8.438477951930173360e-01,-1.389836305813730410e+00,6.414123276202288171e-01
5.909999999999999698e-01,1.081226124965485536e+00,-1.880389413938545307e+00,-7.693239136165395564e+00,-6.848446512307797995e+00,1.081226124965485536e+00,3.977508406318984946e+00,-1.095461804731983513e+00,3.597289180225175187e+00,-1.058507161761840898e+00,-8.693447083725790447e-01,-2.818299124922907795e-01,-1.130315402983076978e-01,4.380041674177206912e-02,-2.337261284658327110e-01,-2.458796774786561543e-02,1.325320073397701082e-01,1.547931105226602044e+00,1.576485313576031277e+00,-2.996970661567898153e-01,9.446942565435072492e-01,-6.956049711503451416e-01,-7.511637374162711822e-01,4.759638810672986997e-01,-1.925422755420688636e+00,2.405687953023826431e+00,-1.621518640960321056e+00,-1.585237016142747146e+00,1.240386996436890626e-01,-6.091265918105485122e-01,-2.235470659067710964e-16,-1.246836358566665748e+00,3.700343354107566984e+00,-2.034247247415418514e+00,-5.967423428574678557e-01,-8.052923999724888038e-01,-1.384878296974685119e+00,6.084958884070685858e-01
5.919999999999999707e-01,1.011753303218683175e+00,-1.775877689238253065e+00,-7.700171352225279264e+00,-6.779284070653226024e+00,1.011753303218683175e+00,4.060503406001835458e+00,-1.126506920731734418e+00,3.585930111819827903e+00,-1.005277222983415708e+00,-8.202453386262978929e-01,-2.661751639779452727e-01,-1.065786795416808486e-01,4.139891081295064834e-02,-2.204550090419584440e-01,-2.322475903641349135e-02,1.249976866251706897e-01,1.551677024742212918e+00,1.592981922470940503e+00,-3.057838166048763018e-01,9.201855747093562465e-01,-7.006639472295805859e-01,-7.596106221681592219e-01,4.793128424027819356e-01,-1.913240183644269843e+00,2.389072024026435592e+00,-1.611050411585377207e+00,-1.574810609421515295e+00,1.231093165283722729e-01,-6.051409275136127031e-01,0.000000000000000000e+00,-1.181808497528354707e+00,3.715878782519430601e+00,-2.023412907731934496e+00,-6.132261238992083863e-01,-7.980096397431667432e-01,-1.387976308718185336e+00,6.043105290279526809e-01
5.929999999999999716e-01,9.310794261837033181e-01,-1.636208552760434420e+00,-7.718473762726756782e+00,-6.692164902321337649e+00,9.310794261837033181e-01,4.179347386155662925e+00,-1.164547077135630326e+00,3.577706930547936981e+00,-9.347642615244649011e-01,-7.372774248357153448e-01,-2.399461319056160891e-01,-9.561975294391564240e-02,3.738989024113347631e-02,-1.979708031883618269e-01,-2.093973273179106434e-02,1.122259219038949929e-01,1.546072033778648658e+00,1.586786060583084801e+00,-2.995650690495436086e-01,8.596076942079398098e-01,-7.113624071070631105e-01,-7.482681138483793237e-01,4.644215083603935312e-01,-1.924945488546016659e+00,2.400980742362418763e+00,-1.619940709792558664e+00,-1.583843208289951399e+00,1.234027060144484711e-01,-6.086266324474586265e-01,-2.234861463798053979e-16,-1.116150879603083457e+00,3.747820671039887586e+00,-2.015125531786018165e+00,-6.868456238408781056e-01,-7.859305042809764386e-01,-1.377834479027629122e+00,5.766474302642883298e-01
5.939999999999999725e-01,8.359004296288979896e-01,-1.428356427897375047e+00,-7.758950489657189031e+00,-6.573965752287145747e+00,8.359004296288979896e-01,4.361707128387116938e+00,-1.216860777469098487e+00,3.576779376756830775e+00,-8.314383010412733643e-01,-6.494183654505295555e-01,-2.119249805515018847e-01,-8.408688089147824118e-02,3.307941822395939202e-02,-1.742338140111220623e-01,-1.849651798259519322e-02,9.875114931691771070e-02,1.529646738296292607e+00,1.587834800780571154e+00,-2.896983274885489568e-01,7.532807968363545159e-01,-7.203946190410972505e-01,-7.428407081524761590e-01,4.453863980407996026e-01,-1.919028752305419028e+00,2.391301924500452092e+00,-1.613991878692602633e+00,-1.578522596647111031e+00,1.225945993181278143e-01,-6.065874331213174653e-01,0.000000000000000000e+00,-1.038800379459655865e+00,3.767211744729521250e+00,-1.987777087072629900e+00,-7.921623815867970819e-01,-7.720338337340915125e-01,-1.367924659256388731e+00,5.441375473577173549e-01
5.949999999999999734e-01,7.197710209975538564e-01,-1.124886647925580574e+00,-7.823625086091393399e+00,-6.406132602877042892e+00,7.197710209975538564e-01,4.629896816642420809e+00,-1.291326097289231978e+00,3.581022415441353690e+00,-6.819794950491666619e-01,-6.365183379449966816e-01,-2.083575727080986817e-01,-8.226785985997332740e-02,3.258682663473700530e-02,-1.706127937804283179e-01,-1.818804182333019770e-02,9.667784995114492297e-02,1.506105814949540322e+00,1.570724924892927810e+00,-2.835567249784456401e-01,7.186654906861444925e-01,-7.165921587295464024e-01,-7.371404877605317596e-01,4.315000908478499042e-01,-1.918639045582576141e+00,2.388304561446997099e+00,-1.612528552211263566e+00,-1.577710149899944625e+00,1.220781232806191496e-01,-6.062878826170117197e-01,-1.075685595113672945e-16,-1.049051568578032612e+00,3.750671913631826282e+00,-1.978353137049682520e+00,-8.264578325790631341e-01,-7.651268292293555984e-01,-1.361616412200873816e+00,5.281779407989947162e-01
5.959999999999999742e-01,5.881984612684051372e-01,-7.397613928144168849e-01,-7.888750876368258780e+00,-6.180555035220972826e+00,5.881984612684051372e-01,4.957860099307398905e+00,-1.382617146191681412e+00,3.581618999049626328e+00,-4.934525691808814285e-01,-6.044353188014779388e-01,-1.984789693056469018e-01,-7.797042747157471865e-02,3.111014450460955483e-02,-1.618537385802934492e-01,-1.733061502243707017e-02,9.169351819498891554e-02,1.476554801439843079e+00,1.526938853035932464e+00,-2.858607585597995326e-01,7.908150622408834929e-01,-6.993943403358510169e-01,-7.288080568981687435e-01,4.227466885609263425e-01,-1.932924476451829188e+00,2.402994176379598557e+00,-1.623519737261895690e+00,-1.588720887022071482e+00,1.224904736435162428e-01,-6.105602686114399713e-01,0.000000000000000000e+00,-1.060804993813464048e+00,3.731454060109884008e+00,-1.987350923293270011e+00,-7.667956802765784063e-01,-7.387576052726281262e-01,-1.356698940532045761e+00,5.144402067559152858e-01
5.969999999999999751e-01,4.503339395127611833e-01,-2.977738946230319428e-01,-7.934872084762109701e+00,-5.904865982614546205e+00,4.503339395127611833e-01,5.308806082465011400e+00,-1.481011071459845674e+00,3.574448054889970194e+00,-2.784406029924880732e-01,-5.979050301426617198e-01,-1.965453174713499007e-01,-7.707662289670452749e-02,3.082836376673472878e-02,-1.600529162396467087e-01,-1.716286724314484979e-02,9.066639792841393874e-02,1.458129550184920298e+00,1.553241067425242594e+00,-2.712327431934659083e-01,5.946732511157186707e-01,-7.096730090844196592e-01,-7.300103342658241790e-01,4.078513648645339940e-01,-1.893127197296719855e+00,2.352755550787495320e+00,-1.589675967540207235e+00,-1.555901102267482461e+00,1.197955774274932772e-01,-5.979470980197456598e-01,-2.197712897433491670e-16,-1.032902677254461388e+00,3.709451300741387847e+00,-1.937985333630377616e+00,-9.303994873850290892e-01,-7.499303478965730907e-01,-1.345120299528714591e+00,4.985177627929476829e-01
5.979999999999999760e-01,3.090352869014886261e-01,1.551548845102219687e-01,-7.958385669986897781e+00,-5.600136470819861323e+00,3.090352869014886261e-01,5.656716982370027402e+00,-1.580302153299248502e+00,3.555962552983050973e+00,-5.791411235032747906e-02,-6.770186096348468352e-01,-2.231809859139510799e-01,-8.711604174358612840e-02,3.506920500722525424e-02,-1.810581183565713737e-01,-1.949321627751394656e-02,1.025436509140107838e-01,1.442453600579782114e+00,1.491809796336557525e+00,-2.930828082325521167e-01,8.380641213331683215e-01,-6.761880898718066746e-01,-7.227796291699113418e-01,4.250131079401650025e-01,-1.924713015728225285e+00,2.388321895266866335e+00,-1.615530225455456881e+00,-1.580800621641948567e+00,1.213705613263105637e-01,-6.075625866043702361e-01,1.150001721975160571e-16,-1.159278024783290117e+00,3.656950705689472780e+00,-1.995729075431595057e+00,-7.076672953015550327e-01,-7.358756469020675262e-01,-1.349835432051795348e+00,5.275567588541758557e-01
5.989999999999999769e-01,1.905706767180412597e-01,5.445449872387766455e-01,-7.942049460119274151e+00,-5.312311801306885961e+00,1.905706767180412597e-01,5.928914082342847891e+00,-1.658954984060595939e+00,3.527000113832335249e+00,1.312420239119472809e-01,-8.293366864385111059e-01,-2.741302166000029183e-01,-1.065407027374270510e-01,4.314125757427504648e-02,-2.216061964888221270e-01,-2.394568712039240113e-02,1.254841578762136145e-01,1.411027003075553177e+00,1.460852272086054171e+00,-2.941651487326737979e-01,8.899625417397508675e-01,-6.550690313318632274e-01,-7.224591457895677138e-01,4.216698245689693980e-01,-1.927964934624486482e+00,2.389735227795246608e+00,-1.617366198932481458e+00,-1.582892619901460129e+00,1.211547391815677860e-01,-6.083738355804737541e-01,-1.088066203930243985e-16,-1.346274617987444522e+00,3.576457283281297972e+00,-2.018072050402582196e+00,-6.497888205874342571e-01,-7.555204886391175823e-01,-1.354778668490433935e+00,5.471539824451828737e-01
5.999999999999999778e-01,1.162650303189449452e-01,8.101834359003876607e-01,-7.870728010057201907e+00,-5.069263627261303640e+00,1.162650303189449452e-01,6.075139742049719516e+00,-1.701482391408265959e+00,3.485884266359522865e+00,2.593874812208449288e-01,-1.071526420673400093e+00,-3.552458615268633824e-01,-1.374193904659592458e-01,5.601119672899221302e-02,-2.860542256726051891e-01,-3.103766360737647209e-02,1.619423113973875172e-01,1.388352933507291498e+00,1.409403644358055985e+00,-3.086069642138432600e-01,1.105743536102120617e+00,-6.230013828276215193e-01,-7.271494048128578358e-01,4.290305806613634587e-01,-1.954001080523406486e+00,2.418382471683564905e+00,-1.638390048019934042e+00,-1.603267344919212745e+00,1.223373219487480651e-01,-6.162558023599609136e-01,1.163040782241611390e-16,-1.637174567689515081e+00,3.472540254514757674e+00,-2.084416402699736270e+00,-4.415126120880998872e-01,-7.867182865514786849e-01,-1.374442870780195003e+00,5.909728920587511425e-01
6.009999999999999787e-01,9.604321597093012919e-02,9.229042252817252212e-01,-7.732404147379056347e+00,-4.884219376375702026e+00,9.604321597093012919e-02,6.065165058832597822e+00,-1.699077573370575411e+00,3.430790480852771385e+00,3.119207904203309401e-01,-1.191756477908235912e+00,-3.963133249297527971e-01,-1.525615063266877458e-01,6.260294172940877866e-02,-3.178426442178450273e-01,-3.463306224036370728e-02,1.798979154135407765e-01,1.370147639487023339e+00,1.400143818605389612e+00,-3.196345692179337616e-01,1.147660086074177022e+00,-6.109491209284299007e-01,-7.366597603068143485e-01,4.320148892411591612e-01,-1.952634220451344271e+00,2.412718072287686866e+00,-1.636473825333359056e+00,-1.601044572427611223e+00,1.217930666456034788e-01,-6.154504610578579449e-01,-1.159425522916570283e-16,-1.774243058872556844e+00,3.416548565963323902e+00,-2.108669900877980563e+00,-3.907815446240254231e-01,-8.069986985006714075e-01,-1.386743283605035959e+00,6.119128046546997712e-01
6.019999999999999796e-01,1.148071579931640995e-01,9.278090106551437621e-01,-7.540260233894618302e+00,-4.742221981437059419e+00,1.148071579931640995e-01,5.935291453153801911e+00,-1.661319994631227814e+00,3.365431720179963282e+00,3.106472800710989302e-01,-1.156583294791607486e+00,-3.850309125881919980e-01,-1.479669160274984518e-01,6.085386894277380193e-02,-3.083630106887977895e-01,-3.364743383949649058e-02,1.745193280544682923e-01,1.350996346078138899e+00,1.413603771558987532e+00,-3.019301235426936070e-01,9.083122824379546989e-01,-6.347310332210327477e-01,-7.212918896531558266e-01,4.007179021516101280e-01,-1.952115464847451687e+00,2.411445852326353556e+00,-1.635565002176296634e+00,-1.600566097283962597e+00,1.215811821927242492e-01,-6.152575686272613309e-01,0.000000000000000000e+00,-1.757702413560920274e+00,3.440018711297148979e+00,-2.085462041746488637e+00,-6.313999459032341166e-01,-8.215128617171062464e-01,-1.370196892119913690e+00,5.752372302060784204e-01
6.029999999999999805e-01,1.405393764689328862e-01,8.871514202697374785e-01,-7.324180337422053100e+00,-4.608538209402356145e+00,1.405393764689328862e-01,5.761252540033717118e+00,-1.610809661459176478e+00,3.291700753721313433e+00,2.876798516881712287e-01,-1.344167482853199758e+00,-4.487061914784626349e-01,-1.716580595945679244e-01,7.104221299453936100e-02,-3.580377019792109206e-01,-3.922316962386650230e-02,2.025895845378348492e-01,1.348904893345928668e+00,1.391845044193435132e+00,-3.263482390475866968e-01,1.095574755148462254e+00,-6.098844045606425235e-01,-7.312972322857802521e-01,4.263713025849160121e-01,-1.975616974387660374e+00,2.436069544996625869e+00,-1.654774542893037381e+00,-1.618481351372885957e+00,1.226373222315770700e-01,-6.222126615289365059e-01,0.000000000000000000e+00,-1.970879563894931463e+00,3.379208397711598533e+00,-2.152780841535192113e+00,-4.518643832298843144e-01,-8.452847843082763601e-01,-1.392733063438583274e+00,6.289608871227508891e-01
6.039999999999999813e-01,1.800651031783979672e-01,7.834454775788861625e-01,-7.087416798396836803e+00,-4.507042326561181866e+00,1.800651031783979672e-01,5.525561795611595883e+00,-1.541843853449920365e+00,3.214105264927219707e+00,2.342083335928588361e-01,-1.492655209196287469e+00,-4.995730913972558640e-01,-1.903211527883172938e-01,7.921038383021877793e-02,-3.972625260302425354e-01,-4.367538368393998616e-02,2.247411630502373914e-01,1.343098615346929536e+00,1.384277960184034484e+00,-3.320244225198175636e-01,1.103893505662243202e+00,-6.141730762798507381e-01,-7.314702007322316790e-01,4.182040243214475428e-01,-1.997022757139917948e+00,2.459420736387505801e+00,-1.671922064237937322e+00,-1.635259046171620545e+00,1.235555306448686969e-01,-6.286859523190045929e-01,1.180024472349451494e-16,-2.146579350989275881e+00,3.344125605174284477e+00,-2.194267639546072068e+00,-4.521551566791585652e-01,-8.878800716652246461e-01,-1.403831536735176355e+00,6.429451873716850452e-01
6.049999999999999822e-01,2.374002390530789430e-01,6.137621812612283900e-01,-6.841662543825833609e+00,-4.445049101991155105e+00,2.374002390530789430e-01,5.237040085737700856e+00,-1.457457328449449196e+00,3.136462876669569244e+00,1.488652704436517482e-01,-1.455377149553217953e+00,-4.884830267592241704e-01,-1.852394815908560144e-01,7.757281743865906964e-02,-3.869760944036831907e-01,-4.271313486822875261e-02,2.188747263751232297e-01,1.371132517077563229e+00,1.393413330500109959e+00,-3.498399563410310442e-01,1.168442118388255846e+00,-6.313052460792055731e-01,-7.360640165554220848e-01,4.231695802108135229e-01,-2.020473203868160539e+00,2.484710168178895451e+00,-1.690757507323015885e+00,-1.653491211416361795e+00,1.245524883114451919e-01,-6.357287339542978533e-01,1.154214767550990493e-16,-2.104717836343815485e+00,3.389640471919781017e+00,-2.225836945254902943e+00,-4.074762755894468791e-01,-8.937288521714435996e-01,-1.414505885377948635e+00,6.420443065859369192e-01
6.059999999999999831e-01,3.036965740099726863e-01,4.130183925552868285e-01,-6.610440582759255612e+00,-4.415307802218563893e+00,3.036965740099726863e-01,4.936959175691789881e+00,-1.371009745597134177e+00,3.064361382648228105e+00,4.884529887575117524e-02,-1.518087464853183910e+00,-5.110477469785246196e-01,-1.928584919825617472e-01,8.129366239215191081e-02,-4.032584832510822115e-01,-4.469552957884265210e-02,2.280324865015570801e-01,1.355881369743889620e+00,1.411906512325806995e+00,-3.534687137798737111e-01,1.082096143146259459e+00,-6.307222595916991414e-01,-7.456976857226813582e-01,4.246628973181656441e-01,-2.014404476820688128e+00,2.473308172327497001e+00,-1.684886231358835973e+00,-1.647479429400157347e+00,1.237086263406399905e-01,-6.334544898103220412e-01,-1.184973453912004000e-16,-2.176610571929982640e+00,3.374166937674779376e+00,-2.231213437121271070e+00,-4.840896238617459768e-01,-9.102721165021414595e-01,-1.423847705111846107e+00,6.526953838197225855e-01
6.069999999999999840e-01,3.724405015345036429e-01,1.978279896175292318e-01,-6.394478220669046920e+00,-4.410987085258382123e+00,3.724405015345036429e-01,4.633754477933705651e+00,-1.285189302330316918e+00,2.997729053056669368e+00,-5.760938968952813988e-02,-1.641034722542481727e+00,-5.529930498149088214e-01,-2.083535898873020709e-01,8.801285686283683019e-02,-4.357774566587841458e-01,-4.836650536006606438e-02,2.464025789894506990e-01,1.341137321049729492e+00,1.371384086695132565e+00,-3.557822491811803989e-01,1.174290401241008475e+00,-6.187153317813138820e-01,-7.340409161338644628e-01,4.180118486271282574e-01,-2.065163707693986606e+00,2.534349759383420331e+00,-1.727050259449830039e+00,-1.688652757224924805e+00,1.266639375185329430e-01,-6.492984294058322670e-01,2.397441230601991430e-16,-2.365061109186738619e+00,3.352740796263643741e+00,-2.291186098518312342e+00,-4.263494991210795004e-01,-9.278288509215650848e-01,-1.431705850899762877e+00,6.644144276165792062e-01
6.079999999999999849e-01,4.323182449792987159e-01,-2.152956011323348129e-02,-6.184857039236167253e+00,-4.411267508895094558e+00,4.323182449792987159e-01,4.335163097590943870e+00,-1.205605608983129517e+00,2.927814894711034732e+00,-1.646339113306920510e-01,-1.641615716391711111e+00,-5.546710269602493915e-01,-2.080437283267885240e-01,8.840349151768508995e-02,-4.355180255045100757e-01,-4.852213932098634053e-02,2.462038864271072769e-01,1.360446215782210144e+00,1.401433784792585735e+00,-3.686393403486649678e-01,1.108415191432082114e+00,-6.350850745242151429e-01,-7.354815554452002191e-01,4.302522295281319131e-01,-2.069510140328829628e+00,2.535962523895978649e+00,-1.729976485195536595e+00,-1.691184680646769856e+00,1.264865217970999323e-01,-6.502972546578870139e-01,-2.402482773034349662e-16,-2.350679640938330373e+00,3.382725281728314659e+00,-2.306659553870990198e+00,-4.943659976970026237e-01,-9.441165782316252031e-01,-1.434300949424073490e+00,6.764561159552389125e-01
6.089999999999999858e-01,4.786640803873598582e-01,-2.365794434554331360e-01,-5.982903672295749153e+00,-4.414715466874723049e+00,4.786640803873598582e-01,4.044921943817055165e+00,-1.134105539287549869e+00,2.854512768055748939e+00,-2.679183857496603149e-01,-1.530730145942713838e+00,-5.184686770786308685e-01,-1.936613248160491962e-01,8.275199306121702736e-02,-4.057474415449354721e-01,-4.536683347976252362e-02,2.293290177148899489e-01,1.353485680121459200e+00,1.387835061542519677e+00,-3.770807554061472167e-01,1.140836288011227051e+00,-6.318284423209977740e-01,-7.321592742341815896e-01,4.305504875688999644e-01,-2.100844747809568425e+00,2.570686115973521257e+00,-1.755592940479759445e+00,-1.715732761733482103e+00,1.279949405730392842e-01,-6.597839324393918181e-01,2.438889631548232261e-16,-2.278089213630822840e+00,3.440052500437410288e+00,-2.326335020701955969e+00,-4.921444806610379974e-01,-9.095809432928939620e-01,-1.437310040153335855e+00,6.598795052837901354e-01
6.099999999999999867e-01,5.058620875405340778e-01,-4.402429276367976207e-01,-5.787552446797341155e+00,-4.414960477929822602e+00,5.058620875405340778e-01,3.767983696631633794e+00,-1.074035175867619429e+00,2.775066996555871413e+00,-3.637505209090863278e-01,-1.531059551163404642e+00,-5.200316913121777462e-01,-1.933568625478430669e-01,8.312754280925993555e-02,-4.054435836313788344e-01,-4.551403394997975693e-02,2.291064888466631255e-01,1.327951482097534885e+00,1.365125425974960116e+00,-3.815960931561842573e-01,1.150472216533346970e+00,-6.202367315333147113e-01,-7.273493521017395658e-01,4.261831812817909459e-01,-2.133611766746370098e+00,2.606615709411310711e+00,-1.782264254328312036e+00,-1.741286917905407128e+00,1.295232066835737272e-01,-6.696618551982405076e-01,0.000000000000000000e+00,-2.336719835812239854e+00,3.451709444074093192e+00,-2.357217210032339416e+00,-5.076871585628002226e-01,-8.961571084811197352e-01,-1.442525241249959844e+00,6.552896701284540715e-01
6.109999999999999876e-01,5.176867295824767456e-01,-6.363623495412427111e-01,-5.584609162864732745e+00,-4.404520105570154165e+00,5.176867295824767456e-01,3.491850395062001677e+00,-1.022231546804818203e+00,2.684791765965726107e+00,-4.545048624341591070e-01,-1.651300284749973812e+00,-5.624676600776246094e-01,-2.081153067292251524e-01,9.005355236704888633e-02,-4.368284786253358032e-01,-4.924287484257963698e-02,2.467836387105427909e-01,1.311481557141968235e+00,1.324579777898950983e+00,-3.927153398878855395e-01,1.274306164763903571e+00,-6.010580461662197171e-01,-7.190537262036982291e-01,4.304165059231746526e-01,-2.189969631174184528e+00,2.670539167592132390e+00,-1.828775348638872922e+00,-1.785809641946440651e+00,1.324611192236482271e-01,-6.868493272074346345e-01,3.817795490728639516e-16,-2.529788358782190105e+00,3.432651285413458986e+00,-2.429605995255983419e+00,-4.214499248154882083e-01,-9.054254055679072932e-01,-1.455145928253712473e+00,6.772001446337178043e-01
6.119999999999999885e-01,5.301116899109971081e-01,-8.602396979026768475e-01,-5.361524529544700712e+00,-4.402958371095859746e+00,5.301116899109971081e-01,3.178036375052070817e+00,-9.661309020764667910e-01,2.584313776188764233e+00,-5.581004365257347111e-01,-1.603553600492686027e+00,-5.467038848327530065e-01,-2.019557407092163470e-01,8.757959169314047387e-02,-4.240501846174391520e-01,-4.786924708694670350e-02,2.395459128911846536e-01,1.331375856295882176e+00,1.323763834618699065e+00,-4.035032410843943929e-01,1.420201137216672072e+00,-5.912566845157278816e-01,-7.292905471185622268e-01,4.511937104211884986e-01,-2.225781567096480451e+00,2.712349893094029962e+00,-1.858563571421183669e+00,-1.814433001466253748e+00,1.344722210352825298e-01,-6.978890464064245736e-01,0.000000000000000000e+00,-2.497959311293284301e+00,3.489409842879976686e+00,-2.464022553214794797e+00,-3.066522725564412299e-01,-8.808346480978844761e-01,-1.475048840611933310e+00,6.907396233123731522e-01
