Timestamp,Fx,Fy,Fz,Mx,My,Mz
1776701989024957,0.13187232613563538,-0.022731050848960876,-0.2770083248615265,-1.875213861465454,0.5291646122932434,-0.09766778349876404
1776701989034882,0.12899881601333618,-0.05253079906105995,-0.33723458647727966,-1.927045464515686,0.31480854749679565,0.065040722489357
1776701989044995,0.11206971108913422,-0.016874467954039574,-0.31346750259399414,-1.7820262908935547,0.33064350485801697,0.06093205511569977
1776701989054942,0.14479263126850128,-0.03349344804883003,-0.3084450662136078,-1.9385120868682861,0.25599944591522217,0.08714470267295837
1776701989064965,0.12175962328910828,-0.03541851043701172,-0.2874283194541931,-1.838423728942871,0.5061014890670776,0.04501359164714813
1776701989074999,0.1374257206916809,-0.03415345028042793,-0.32875382900238037,-1.6849778890609741,0.4412042796611786,0.10003595054149628
1776701989085052,0.14004845917224884,-0.026033325120806694,-0.3131338953971863,-1.9688608646392822,0.41085100173950195,0.09583011269569397
1776701989094917,0.12663361430168152,-0.026177270337939262,-0.29079893231391907,-1.912684679031372,0.3511446416378021,0.2575739920139313
1776701989104887,0.1275501549243927,-0.03553992137312889,-0.3003369867801666,-1.8140654563903809,0.5013241767883301,0.009647667407989502
1776701989114984,0.12965767085552216,-0.03186172991991043,-0.2886267304420471,-1.719781756401062,0.4067099988460541,0.012608006596565247
1776701989124944,0.14581552147865295,-0.03309205174446106,-0.31977975368499756,-1.7878144979476929,0.3902004063129425,-0.13585573434829712
1776701989134946,0.14185504615306854,-0.036106038838624954,-0.2925468683242798,-1.8019905090332031,0.3966536521911621,-0.1479754000902176
1776701989144952,0.12579099833965302,-0.03380449488759041,-0.27234676480293274,-1.688880443572998,0.25454744696617126,0.024918988347053528
1776701989154904,0.13966405391693115,-0.02239655703306198,-0.28350621461868286,-1.8330944776535034,0.4681999981403351,0.06048387289047241
1776701989164895,0.14074325561523438,-0.050650712102651596,-0.300801157951355,-1.774125099182129,0.43945297598838806,-0.05967625975608826
1776701989174897,0.14488880336284637,-0.024119554087519646,-0.3029594421386719,-1.8114418983459473,0.5349685549736023,0.08280736207962036
1776701989184844,0.1319442242383957,-0.03418043628334999,-0.30348601937294006,-1.7257189750671387,0.39553096890449524,-0.042542681097984314
1776701989194809,0.12141553312540054,-0.03907071426510811,-0.2946773171424866,-1.8164324760437012,0.4868655204772949,-0.0931728333234787
1776701989204885,0.13554878532886505,-0.029424764215946198,-0.2786746025085449,-1.6852247714996338,0.35460683703422546,-0.0816182792186737
1776701989214886,0.13647443056106567,-0.0481206476688385,-0.3038868010044098,-1.9218829870224,0.3933027386665344,0.09085068106651306
1776701989224907,0.1299608051776886,-0.02730744518339634,-0.33594951033592224,-1.839546799659729,0.4577292203903198,-0.03897690773010254
1776701989234845,0.12518957257270813,-0.03414830565452576,-0.283382773399353,-1.7106155157089233,0.39849942922592163,-0.05516800284385681
1776701989244932,0.12826180458068848,-0.02886876091361046,-0.31689250469207764,-1.707767367362976,0.3839681148529053,-0.018025487661361694
1776701989254920,0.13709159195423126,-0.015186328440904617,-0.3015439808368683,-1.6641026735305786,0.4215702414512634,-0.04395052790641785
1776701989264892,0.14552097022533417,-0.0470694862306118,-0.3256359100341797,-1.9091942310333252,0.11606090515851974,0.1014905571937561
1776701989274919,0.13766080141067505,-0.019807541742920876,-0.3104042708873749,-1.804176688194275,0.4025570750236511,0.18544812500476837
1776701989284945,0.16025282442569733,-0.023693881928920746,-0.2882808744907379,-1.6932357549667358,0.43054845929145813,-0.09382990002632141
1776701989294915,0.12312455475330353,-0.04108748212456703,-0.31296393275260925,-1.9973729848861694,0.3077986538410187,0.0022635161876678467
1776701989305025,0.13407500088214874,-0.026600418612360954,-0.31989380717277527,-1.6638147830963135,0.4102167785167694,0.07056671380996704
1776701989314918,0.12001151591539383,-0.05235975235700607,-0.2783511281013489,-1.8168108463287354,0.41257110238075256,-0.04237954318523407
1776701989324951,0.1393452286720276,-0.06387820839881897,-0.3061436712741852,-1.9566911458969116,0.3733343482017517,0.06189824640750885
1776701989334947,0.12346769869327545,-0.060041237622499466,-0.3287183940410614,-1.8073537349700928,0.4591808319091797,-0.0025405287742614746
1776701989344988,0.1303425431251526,-0.022296953946352005,-0.2891501486301422,-1.7687695026397705,0.4273974895477295,-0.07337422668933868
1776701989354958,0.1285342276096344,-0.03222823888063431,-0.32535597681999207,-1.848288655281067,0.419066846370697,-0.08394117653369904
1776701989364927,0.1318533569574356,-0.038794469088315964,-0.3015611171722412,-1.9000989198684692,0.4063192903995514,-0.03912375867366791
1776701989374912,0.13036039471626282,-0.027560053393244743,-0.2696618437767029,-1.8511652946472168,0.35483792424201965,-0.013487368822097778
1776701989384822,0.13297048211097717,-0.028147881850600243,-0.2937352657318115,-1.7372243404388428,0.29832708835601807,-0.20759040117263794
1776701989394820,0.13543616235256195,-0.03931709751486778,-0.2912435233592987,-1.8850500583648682,0.417650431394577,0.0044482797384262085
1776701989404895,0.13038496673107147,-0.042950574308633804,-0.31136417388916016,-1.8644325733184814,0.3897492289543152,0.06337028741836548
1776701989414813,0.12873880565166473,-0.02759174071252346,-0.2737511694431305,-1.88654625415802,0.3220977783203125,0.23012879490852356
1776701989424861,0.13272380828857422,-0.033857621252536774,-0.2907099723815918,-1.826387643814087,0.37808531522750854,0.061426639556884766
1776701989434885,0.13059228658676147,-0.04503802955150604,-0.2859903872013092,-1.821552038192749,0.25414472818374634,0.015634402632713318
1776701989444868,0.12102533131837845,-0.03959435224533081,-0.31271299719810486,-1.8279271125793457,0.26681947708129883,0.11700751632452011
1776701989454867,0.1224927231669426,-0.023908227682113647,-0.2817627191543579,-1.769700288772583,0.4659602642059326,0.03289283812046051
1776701989464801,0.1251446157693863,-0.027904437854886055,-0.29656749963760376,-1.9225784540176392,0.41266459226608276,-0.04341627657413483
1776701989474863,0.1335206925868988,-0.03368071839213371,-0.2992324233055115,-1.8760004043579102,0.4448647201061249,0.07054144144058228
1776701989484921,0.1382848471403122,-0.028347836807370186,-0.30405178666114807,-1.7377241849899292,0.37230485677719116,0.12199580669403076
1776701989494927,0.1253383606672287,-0.04430881515145302,-0.2717299163341522,-1.8973829746246338,0.5954129695892334,0.038999080657958984
1776701989504875,0.12925870716571808,-0.02569371461868286,-0.28445231914520264,-1.8880040645599365,0.34980496764183044,-0.08618083596229553
1776701989514895,0.11816945672035217,-0.04047005996108055,-0.28597643971443176,-1.7622244358062744,0.43227240443229675,-0.01042117178440094
1776701989524836,0.13052532076835632,-0.03901450335979462,-0.28460127115249634,-1.6932542324066162,0.4786123037338257,0.1924079954624176
1776701989534887,0.12226080894470215,-0.035984545946121216,-0.3048636019229889,-1.8596069812774658,0.343950480222702,-0.07145719230175018
1776701989544859,0.12953099608421326,-0.029201645404100418,-0.27829715609550476,-1.8316290378570557,0.5145710706710815,0.03620433807373047
1776701989554837,0.1342122107744217,-0.045196082442998886,-0.27934813499450684,-1.9956611394882202,0.43259575963020325,-0.11895474791526794
1776701989564913,0.12514300644397736,-0.04382481798529625,-0.3085092306137085,-1.8430854082107544,0.40174949169158936,0.0018680691719055176
1776701989574841,0.1326296329498291,-0.04934215545654297,-0.28336337208747864,-1.845918893814087,0.47426116466522217,-0.00887008011341095
1776701989584897,0.12259966135025024,-0.03501718118786812,-0.2724137306213379,-1.9047601222991943,0.5149463415145874,-0.09644122421741486
1776701989594838,0.12945306301116943,-0.029271548613905907,-0.26988375186920166,-1.8123619556427002,0.44530194997787476,0.04123641550540924
1776701989604766,0.13383856415748596,-0.02916865423321724,-0.25661465525627136,-1.841611385345459,0.5784543752670288,-0.03132812678813934
1776701989614857,0.12335119396448135,-0.043752074241638184,-0.30443450808525085,-1.8767017126083374,0.36071884632110596,0.08057199418544769
1776701989624866,0.11462157964706421,-0.03738272935152054,-0.3136634826660156,-1.8208880424499512,0.3718581795692444,0.10500381886959076
1776701989634815,0.12702736258506775,-0.032038941979408264,-0.29300206899642944,-1.8580436706542969,0.5954180955886841,0.04833689332008362
1776701989644791,0.13700173795223236,-0.03825801983475685,-0.3058319687843323,-1.6667776107788086,0.42514339089393616,0.005280971527099609
1776701989654822,0.14534035325050354,-0.04422653838992119,-0.3066295087337494,-1.8561904430389404,0.38375383615493774,0.018064260482788086
1776701989664826,0.12299129366874695,-0.037408631294965744,-0.2973170876502991,-1.9089621305465698,0.22025389969348907,0.1333850473165512
1776701989674900,0.1282273381948471,-0.0435248538851738,-0.3109147548675537,-1.90433931350708,0.1756058633327484,0.17207328975200653
1776701989684849,0.13907328248023987,-0.03805685415863991,-0.30650314688682556,-1.803359031677246,0.2888607084751129,0.025772154331207275
1776701989694888,0.14013056457042694,-0.024312259629368782,-0.2909095287322998,-1.935418725013733,0.43875211477279663,-0.08628955483436584
1776701989704863,0.12833952903747559,-0.03843585029244423,-0.28782984614372253,-1.895695447921753,0.5377218723297119,0.023441150784492493
1776701989714820,0.13985876739025116,-0.04202720522880554,-0.2840650677680969,-1.8242065906524658,0.2559383511543274,-0.07980519533157349
1776701989724873,0.1326858550310135,-0.046474210917949677,-0.29591885209083557,-1.9770504236221313,0.3697703182697296,-0.05742305517196655
1776701989734775,0.12747202813625336,-0.04684441536664963,-0.30164697766304016,-1.8947557210922241,0.5610610246658325,-0.14869901537895203
1776701989744770,0.11965640634298325,-0.03353295102715492,-0.2966482937335968,-1.8897337913513184,0.4884779155254364,0.10510698705911636
1776701989754847,0.1389172524213791,-0.02574293687939644,-0.28593528270721436,-1.8269448280334473,0.4241145849227905,-0.10109208524227142
1776701989764837,0.13320326805114746,-0.037920720875263214,-0.2701288163661957,-1.676505208015442,0.3538147807121277,-0.08006000518798828
1776701989774894,0.13152307271957397,-0.04161076992750168,-0.29754331707954407,-1.804487705230713,0.3410084843635559,0.17096084356307983
1776701989784946,0.10271281749010086,-0.04195161163806915,-0.30180609226226807,-1.866853952407837,0.43116194009780884,0.004391402006149292
1776701989794993,0.13056232035160065,-0.03847116231918335,-0.30616989731788635,-1.8928680419921875,0.4697350859642029,-0.04991495609283447
1776701989805050,0.13566216826438904,-0.02603425644338131,-0.29233357310295105,-1.7632684707641602,0.4363402724266052,0.06790417432785034
1776701989814923,0.12962372601032257,-0.0353151299059391,-0.30926448106765747,-1.8172696828842163,0.5592793226242065,-0.014306604862213135
1776701989824904,0.12368007749319077,-0.03294048458337784,-0.289949893951416,-1.8093841075897217,0.15125516057014465,0.20780757069587708
1776701989834938,0.11458389461040497,-0.01762080192565918,-0.31375738978385925,-1.6804306507110596,0.5091341137886047,-0.009347289800643921
1776701989844976,0.13877394795417786,-0.042109135538339615,-0.325763463973999,-1.8928855657577515,0.17881989479064941,-0.048645853996276855
1776701989854935,0.12832322716712952,-0.04404015094041824,-0.3112686574459076,-1.883127212524414,0.35683900117874146,-0.05970299243927002
1776701989864944,0.14319875836372375,-0.038180455565452576,-0.29331329464912415,-1.7997655868530273,0.3867616355419159,-0.06849637627601624
1776701989874956,0.11525711417198181,-0.033660177141427994,-0.3119949996471405,-1.842834234237671,0.28867125511169434,0.03142954409122467
1776701989884986,0.12761977314949036,-0.03583870455622673,-0.30341365933418274,-1.8198407888412476,0.1991928517818451,0.20385995507240295
1776701989894900,0.13047635555267334,-0.027509024366736412,-0.2957932949066162,-1.8118176460266113,0.4874606430530548,-0.12522882223129272
1776701989904888,0.13786712288856506,-0.02618650160729885,-0.27749723196029663,-1.7659965753555298,0.5647267699241638,-0.27066826820373535
1776701989914919,0.11427097767591476,-0.03345971554517746,-0.2890138030052185,-1.8337907791137695,0.4361538290977478,-0.23696592450141907
1776701989924919,0.14248280227184296,-0.04797735810279846,-0.2832174003124237,-1.7422308921813965,0.18610945343971252,0.10849584639072418
1776701989934882,0.12304454296827316,-0.0485016405582428,-0.31261101365089417,-1.8963205814361572,0.3167058229446411,0.042270809412002563
1776701989944946,0.1317746490240097,-0.03724328428506851,-0.32286760210990906,-1.9828625917434692,0.39370012283325195,0.012832745909690857
1776701989954891,0.14233165979385376,-0.03229300305247307,-0.28675204515457153,-1.8766875267028809,0.36961832642555237,0.018961191177368164
1776701989964964,0.13087259232997894,-0.0452365018427372,-0.29150548577308655,-1.7777626514434814,0.4300852417945862,-0.031118810176849365
1776701989974998,0.12797050178050995,-0.03788019344210625,-0.2952403426170349,-1.7669531106948853,0.40682631731033325,0.16379782557487488
1776701989984947,0.11493579298257828,-0.032872945070266724,-0.29272282123565674,-1.8881853818893433,0.47810840606689453,0.04086223244667053
1776701989994900,0.12278556823730469,-0.03804107382893562,-0.27351799607276917,-1.8058429956436157,0.6323367953300476,0.07471710443496704
1776701990004869,0.14634311199188232,-0.03338292986154556,-0.2925991714000702,-1.7557454109191895,0.43540817499160767,-0.014500796794891357
1776701990014814,0.1400102972984314,-0.028990767896175385,-0.28064045310020447,-1.7986199855804443,0.5776602029800415,-0.08382058143615723
1776701990024899,0.1256975382566452,-0.0343368835747242,-0.2795363664627075,-1.750802755355835,0.5904431343078613,0.06322957575321198
1776701990034945,0.12346145510673523,-0.04211769253015518,-0.2856511175632477,-1.7705957889556885,0.21289892494678497,-0.0214269757270813
1776701990044915,0.1329394429922104,-0.04207652434706688,-0.292984277009964,-1.8353416919708252,0.5283277630805969,0.15442627668380737
1776701990054965,0.1304277628660202,-0.039141375571489334,-0.3229965567588806,-1.6642138957977295,0.31195560097694397,0.05812302231788635
1776701990064910,0.14096057415008545,-0.018660999834537506,-0.31617242097854614,-1.7228052616119385,0.43983903527259827,-0.23033563792705536
1776701990075015,0.14662501215934753,-0.036673352122306824,-0.2743811309337616,-1.890028715133667,0.2673061490058899,-0.02339610457420349
1776701990084961,0.14047370851039886,-0.03285612165927887,-0.2863423228263855,-1.833819031715393,0.4035951495170593,0.08368368446826935
1776701990094956,0.10458171367645264,-0.033655669540166855,-0.30616408586502075,-1.9447373151779175,0.4425085783004761,0.04682979732751846
1776701990104965,0.1223888099193573,-0.026667369529604912,-0.31809815764427185,-1.631645917892456,0.3483125865459442,-0.044423818588256836
1776701990114942,0.13009867072105408,-0.02883417345583439,-0.25406181812286377,-1.871552586555481,0.5739827752113342,-0.11056718230247498
1776701990124943,0.13398157060146332,-0.045532383024692535,-0.2876319885253906,-1.7820286750793457,0.3214366137981415,-0.13334810733795166
1776701990134929,0.13371816277503967,-0.03726738318800926,-0.3175889849662781,-1.9515178203582764,0.421622097492218,-0.023100927472114563
1776701990144941,0.12574639916419983,-0.04275795817375183,-0.31498175859451294,-1.8218916654586792,0.29631325602531433,0.053386032581329346
1776701990154915,0.11915086954832077,-0.049479443579912186,-0.312874972820282,-1.8394585847854614,0.3628893494606018,0.029737859964370728
1776701990164820,0.1362806260585785,-0.029189983382821083,-0.31989163160324097,-1.6738924980163574,0.5858651995658875,-0.09331920742988586
1776701990174882,0.15027111768722534,-0.04227989539504051,-0.28040361404418945,-1.6900444030761719,0.3380909562110901,0.11187291145324707
1776701990184933,0.13769303262233734,-0.048550546169281006,-0.3022264838218689,-1.6678224802017212,0.2965681254863739,-0.04914623498916626
1776701990194911,0.11632104963064194,-0.03042617067694664,-0.30486974120140076,-1.9469900131225586,0.3018440306186676,-0.19694411754608154
1776701990204896,0.12882061302661896,-0.049560144543647766,-0.3095346689224243,-1.8444305658340454,0.5537586212158203,0.23871640861034393
1776701990214861,0.13539764285087585,-0.028447113931179047,-0.2808600068092346,-1.7055689096450806,0.5128495097160339,-0.043026477098464966
1776701990224892,0.13985207676887512,-0.02317272499203682,-0.28729143738746643,-1.7210767269134521,0.6550071239471436,-0.17412525415420532
1776701990234853,0.12567810714244843,-0.034282997250556946,-0.29306554794311523,-1.6870615482330322,0.4112468957901001,0.03665807843208313
1776701990244940,0.13726814091205597,-0.038097083568573,-0.31225255131721497,-1.6694663763046265,0.22447794675827026,0.0984978973865509
1776701990254890,0.13134439289569855,-0.036946069449186325,-0.33553099632263184,-1.7524372339248657,0.24330374598503113,0.08895251154899597
1776701990264769,0.12868806719779968,-0.0213061161339283,-0.30648273229599,-1.8482229709625244,0.3884454369544983,-0.16657643020153046
1776701990274845,0.1315702497959137,-0.015508106909692287,-0.3041316866874695,-1.7993519306182861,0.35149818658828735,0.06483760476112366
1776701990284975,0.14761652052402496,-0.027445266023278236,-0.3132261633872986,-1.7233198881149292,0.20670077204704285,0.05918362736701965
1776701990294929,0.13087335228919983,-0.037602294236421585,-0.289806604385376,-1.9789668321609497,0.35700953006744385,-0.062274202704429626
1776701990304867,0.11945443600416183,-0.03309939056634903,-0.2702507972717285,-1.786689043045044,0.6758037209510803,0.07769276201725006
1776701990314854,0.1255512684583664,-0.031905051320791245,-0.2841605842113495,-1.79306161403656,0.35411685705184937,0.003423720598220825
1776701990324776,0.13250213861465454,-0.03350812569260597,-0.2976185083389282,-1.8560086488723755,0.5191835165023804,-0.06464478373527527
1776701990334719,0.14001670479774475,-0.05254160612821579,-0.26188889145851135,-1.904860258102417,0.2611493766307831,-0.07348798215389252
1776701990344760,0.1286664456129074,-0.053855061531066895,-0.31860122084617615,-1.7936220169067383,0.31176674365997314,0.06480072438716888
1776701990354733,0.11756083369255066,-0.03222304582595825,-0.2903205156326294,-1.6470381021499634,0.36686021089553833,-0.005534946918487549
1776701990364746,0.12688665091991425,-0.03595031797885895,-0.300710529088974,-1.8964014053344727,0.4281226396560669,-0.10001498460769653
1776701990374720,0.13053348660469055,-0.033225253224372864,-0.3227800130844116,-1.9772436618804932,0.4308463931083679,-0.20447316765785217
1776701990384802,0.14160330593585968,-0.02814098261296749,-0.2666950821876526,-1.9079699516296387,0.5363530516624451,0.04237571358680725
1776701990394726,0.12788362801074982,-0.04880262911319733,-0.27305468916893005,-1.795804500579834,0.4367755651473999,0.014668658375740051
1776701990404831,0.13186638057231903,-0.031155172735452652,-0.2832403779029846,-1.8061141967773438,0.4492139220237732,-0.036997660994529724
1776701990414753,0.12627163529396057,-0.04621094465255737,-0.30338844656944275,-1.964644432067871,0.43599432706832886,0.09196489304304123
1776701990424748,0.1275576949119568,-0.025850901380181313,-0.29254576563835144,-1.7268792390823364,0.4214164614677429,-0.029407694935798645
1776701990434789,0.13456515967845917,-0.021702827885746956,-0.29197344183921814,-1.7178316116333008,0.4032230079174042,-0.09740442037582397
1776701990444784,0.13181445002555847,-0.0251036137342453,-0.30225956439971924,-1.7620625495910645,0.2206287682056427,0.13789832592010498
1776701990454787,0.11116665601730347,-0.03732879459857941,-0.32703766226768494,-1.817716360092163,0.4912460446357727,0.11231786012649536
1776701990464770,0.12709671258926392,-0.0238722525537014,-0.2876638174057007,-1.8055174350738525,0.3167022466659546,-0.03180120885372162
1776701990474778,0.15100401639938354,-0.03993996977806091,-0.30939212441444397,-1.7935961484909058,0.4035373330116272,0.16060617566108704
1776701990484772,0.14397269487380981,-0.02771233581006527,-0.2877117097377777,-1.7969152927398682,0.564084529876709,0.06006276607513428
1776701990494722,0.12390317767858505,-0.03762276843190193,-0.3054860234260559,-1.7920979261398315,0.40074795484542847,-0.0648249089717865
1776701990504765,0.1345643699169159,-0.0330803357064724,-0.29179590940475464,-1.9242892265319824,0.572300136089325,-0.048805296421051025
1776701990514825,0.1300121396780014,-0.040349699556827545,-0.27572542428970337,-1.7747831344604492,0.4070740342140198,0.10459817945957184
1776701990524707,0.1333938091993332,-0.029058141633868217,-0.27188199758529663,-1.8653568029403687,0.4366525411605835,-0.07710941135883331
1776701990534722,0.1404150128364563,-0.04911211133003235,-0.264395147562027,-1.9019038677215576,0.40122976899147034,-0.10460837185382843
1776701990544758,0.13032308220863342,-0.039717525243759155,-0.281716525554657,-1.7683035135269165,0.3804318308830261,-0.02017223834991455
1776701990554790,0.11556734144687653,-0.036033619195222855,-0.29628175497055054,-1.735953450202942,0.5312609672546387,0.05874994397163391
1776701990564761,0.1267780214548111,-0.04346586763858795,-0.2880744934082031,-1.7746171951293945,0.4041483700275421,0.024149388074874878
1776701990574676,0.11076304316520691,-0.03087477758526802,-0.29784607887268066,-1.691654920578003,0.4272063970565796,-0.02536877989768982
1776701990584697,0.14155200123786926,-0.04229171574115753,-0.29840320348739624,-1.9049588441848755,0.4978138506412506,-0.06458249688148499
1776701990594738,0.13733559846878052,-0.03693367540836334,-0.2551861107349396,-1.7086989879608154,0.45998415350914,-0.1534046083688736
1776701990604880,0.12775678932666779,-0.045593805611133575,-0.28463730216026306,-1.8896586894989014,0.35568928718566895,0.061087772250175476
1776701990614778,0.12228700518608093,-0.03956146538257599,-0.29107820987701416,-1.8016290664672852,0.4963417649269104,0.09607776999473572
1776701990624871,0.13622984290122986,-0.03949292004108429,-0.2861703634262085,-1.8850781917572021,0.3396262228488922,-0.0708775520324707
1776701990634809,0.13981834053993225,-0.021995950490236282,-0.305713415145874,-1.6659090518951416,0.5788585543632507,-0.012774884700775146
1776701990644863,0.12486426532268524,-0.037000179290771484,-0.3159899413585663,-1.848074197769165,0.38353174924850464,-0.0671154260635376
1776701990654853,0.14476215839385986,-0.018717152997851372,-0.3106376826763153,-1.8155200481414795,0.2442568838596344,0.018883317708969116
1776701990664863,0.12354448437690735,-0.037828415632247925,-0.33037978410720825,-2.097574234008789,0.45568257570266724,-0.07384859025478363
1776701990674897,0.13599111139774323,-0.03673039376735687,-0.2986631393432617,-1.9044517278671265,0.22572800517082214,0.1460796594619751
1776701990684850,0.13378804922103882,-0.03276738524436951,-0.29651451110839844,-1.7163512706756592,0.24146993458271027,-0.053113117814064026
1776701990694880,0.13512346148490906,-0.04934859275817871,-0.29883235692977905,-1.8794749975204468,0.4881190061569214,-0.004873141646385193
1776701990704821,0.1266946941614151,-0.03994796797633171,-0.2873550057411194,-1.8138790130615234,0.5521527528762817,-0.03455950319766998
1776701990714803,0.10805122554302216,-0.04316628351807594,-0.30304908752441406,-1.8442904949188232,0.32656168937683105,0.1106220930814743
1776701990724881,0.12442080676555634,-0.01987956091761589,-0.2984517812728882,-1.7340768575668335,0.3703658878803253,0.02318236231803894
1776701990734811,0.13013461232185364,-0.03669840469956398,-0.2821677327156067,-1.9045339822769165,0.39585936069488525,-0.04496718943119049
1776701990744885,0.12026242911815643,-0.044490039348602295,-0.30388709902763367,-1.8986825942993164,0.3410944938659668,0.044365495443344116
1776701990754844,0.1171945333480835,-0.03915421664714813,-0.28385207056999207,-1.8407888412475586,0.4330848455429077,-0.0342411994934082
1776701990764826,0.11598411202430725,-0.041824277490377426,-0.2770204544067383,-1.9098345041275024,0.2517642378807068,0.03323861211538315
1776701990774820,0.13213159143924713,-0.047426268458366394,-0.28277328610420227,-1.9002504348754883,0.21681761741638184,0.0013809502124786377
1776701990784747,0.14723645150661469,-0.035322751849889755,-0.3033372163772583,-1.9018421173095703,0.49117040634155273,-0.028606384992599487
1776701990794762,0.14803458750247955,-0.03559359535574913,-0.31643474102020264,-1.753969430923462,0.3382783830165863,0.05922791361808777
1776701990804760,0.12682732939720154,-0.044195499271154404,-0.31116700172424316,-1.8002524375915527,0.2571733593940735,0.016547828912734985
1776701990814836,0.12295600771903992,-0.0445111058652401,-0.3182525336742401,-1.7854061126708984,0.3300560414791107,-0.05864013731479645
1776701990824759,0.12465593218803406,-0.03611431643366814,-0.2848352789878845,-1.8645613193511963,0.25396332144737244,0.12617328763008118
1776701990834817,0.14665332436561584,-0.023175839334726334,-0.30335503816604614,-1.6496537923812866,0.5097055435180664,-0.03959980607032776
1776701990844869,0.1361169070005417,-0.036570243537425995,-0.3209080696105957,-1.8452506065368652,0.34093421697616577,0.030095785856246948
1776701990854818,0.12100816518068314,-0.03130082041025162,-0.299333781003952,-1.8394103050231934,0.4055432081222534,-0.11530187726020813
1776701990864784,0.12754285335540771,-0.03118080645799637,-0.2940751612186432,-1.8103432655334473,0.36366429924964905,-0.09213514626026154
1776701990874866,0.12496661394834518,-0.037036240100860596,-0.29507678747177124,-1.8567664623260498,0.16158121824264526,0.1380559206008911
1776701990884860,0.1330631524324417,-0.017112746834754944,-0.28699636459350586,-1.6947613954544067,0.5402765274047852,-0.035872191190719604
1776701990894809,0.1272752583026886,-0.02474330924451351,-0.2839013636112213,-1.603956699371338,0.4889901578426361,-0.019886299967765808
1776701990904796,0.1249980628490448,-0.023923970758914948,-0.2750242054462433,-1.837293028831482,0.3015005886554718,-0.13595029711723328
1776701990914786,0.12585827708244324,-0.043835945427417755,-0.2996789515018463,-1.8095219135284424,0.2655976712703705,-0.12103302776813507
1776701990924783,0.13927888870239258,-0.04109913855791092,-0.2969980835914612,-1.8369755744934082,0.4484013020992279,-0.12092374265193939
1776701990934701,0.12869995832443237,-0.0460447259247303,-0.3062274754047394,-1.836015224456787,0.4254378080368042,0.02413405478000641
1776701990944735,0.14793473482131958,-0.042249154299497604,-0.2963520586490631,-1.8301312923431396,0.4671453833580017,0.07107862830162048
1776701990954798,0.13436883687973022,-0.03917200118303299,-0.31619298458099365,-1.8438619375228882,0.4005126953125,-0.10319183766841888
1776701990964783,0.11797068268060684,-0.03262718394398689,-0.2960348129272461,-1.856734275817871,0.42102181911468506,0.00960683822631836
1776701990974810,0.12654122710227966,-0.03934049978852272,-0.28151950240135193,-1.8354394435882568,0.36942267417907715,-0.05270452797412872
1776701990984724,0.11620084196329117,-0.03137470781803131,-0.3112185597419739,-1.7749011516571045,0.29897961020469666,-0.034246742725372314
1776701990994677,0.1225651279091835,-0.038715142756700516,-0.29861608147621155,-1.8220291137695312,0.4344874620437622,0.03508082032203674
1776701991004698,0.11796236783266068,-0.04663696885108948,-0.2839869260787964,-1.7558825016021729,0.3909202516078949,-0.06962759792804718
1776701991014680,0.13285331428050995,-0.03953903913497925,-0.2864985764026642,-1.8228487968444824,0.2969619631767273,-0.2335607260465622
1776701991024697,0.13521990180015564,-0.04012250900268555,-0.2943311333656311,-1.9472377300262451,0.37797725200653076,0.06887891888618469
1776701991034686,0.13901729881763458,-0.03694980964064598,-0.2965680956840515,-1.8448498249053955,0.5147910714149475,0.07629528641700745
1776701991044703,0.1294008493423462,-0.0365118570625782,-0.2934322953224182,-1.7299449443817139,0.36375749111175537,0.07904626429080963
1776701991054730,0.1385108232498169,-0.04442073404788971,-0.2958775758743286,-1.8046091794967651,0.3614850342273712,0.2111518830060959
1776701991064677,0.12789423763751984,-0.04123158007860184,-0.2748841643333435,-1.829397439956665,0.5649159550666809,-0.18398429453372955
1776701991074646,0.1268998086452484,-0.0214956384152174,-0.26777514815330505,-1.7286232709884644,0.27453118562698364,0.11384288966655731
1776701991084744,0.11129558086395264,-0.023247120901942253,-0.31221315264701843,-1.9107036590576172,0.18632575869560242,0.06672657281160355
1776701991094746,0.12196077406406403,-0.03431573137640953,-0.27494508028030396,-1.7317851781845093,0.46391692757606506,0.009942039847373962
1776701991104654,0.13646256923675537,-0.05419106036424637,-0.28913614153862,-1.7313017845153809,0.33637213706970215,0.018338993191719055
1776701991114641,0.11984284222126007,-0.046446722000837326,-0.29336220026016235,-1.898473858833313,0.3575296998023987,-0.11558248102664948
1776701991124637,0.12274355441331863,-0.04092756658792496,-0.27316784858703613,-1.7850314378738403,0.3401443660259247,-0.18492290377616882
1776701991134657,0.13326868414878845,-0.03476319462060928,-0.30247604846954346,-1.7880052328109741,0.29017820954322815,0.07059124112129211
1776701991144591,0.13759158551692963,-0.04129858687520027,-0.2600468397140503,-1.840233564376831,0.4614514112472534,-0.0047567784786224365
1776701991154607,0.13071422278881073,-0.05291955545544624,-0.2957836389541626,-1.8840947151184082,0.43997740745544434,0.04654775559902191
1776701991164655,0.13483677804470062,-0.031756263226270676,-0.29739001393318176,-1.873481273651123,0.39385688304901123,-0.049470946192741394
1776701991174611,0.11941252648830414,-0.04189425706863403,-0.2708280086517334,-1.9777941703796387,0.37474188208580017,-0.04997804015874863
1776701991184700,0.13180343806743622,-0.049151621758937836,-0.3013632595539093,-1.7712714672088623,0.4206126034259796,-0.018588319420814514
1776701991194616,0.12163093686103821,-0.029450006783008575,-0.2713052034378052,-1.7440567016601562,0.4923809766769409,-0.05546601116657257
1776701991204619,0.13292396068572998,-0.027891933917999268,-0.28853756189346313,-1.707595705986023,0.46507054567337036,-0.008854657411575317
1776701991214623,0.13597317039966583,-0.05170412361621857,-0.30215683579444885,-1.7319732904434204,0.363952100276947,-0.12454386055469513
1776701991224671,0.14189481735229492,-0.038349661976099014,-0.2854313552379608,-1.725373387336731,0.2881902754306793,0.04225054383277893
1776701991234627,0.13115569949150085,-0.025966646149754524,-0.31513601541519165,-1.9580974578857422,0.32192766666412354,-0.10212503373622894
1776701991244666,0.1378987431526184,-0.0292364414781332,-0.31145164370536804,-1.8564159870147705,0.3941194415092468,0.12573185563087463
1776701991254635,0.1348913311958313,-0.03367079421877861,-0.2885679304599762,-1.6947567462921143,0.46073126792907715,0.1221325695514679
1776701991264577,0.1359999030828476,-0.03686694800853729,-0.2852391004562378,-1.8312209844589233,0.3675461411476135,0.03612612187862396
1776701991274645,0.129364013671875,-0.027722682803869247,-0.2893778085708618,-1.7774128913879395,0.4356173872947693,0.09001652896404266
1776701991284661,0.14183978736400604,-0.038378164172172546,-0.29808127880096436,-1.8824071884155273,0.430258184671402,-0.12204612791538239
1776701991294587,0.11442669481039047,-0.03002946637570858,-0.2946602404117584,-1.6055517196655273,0.5368536710739136,-0.0011274367570877075
1776701991304592,0.1275911033153534,-0.03994927927851677,-0.2933565676212311,-1.8687626123428345,0.24000251293182373,-0.13314801454544067
1776701991314623,0.1385963410139084,-0.027369733899831772,-0.2786385118961334,-1.774294137954712,0.20602074265480042,-0.10332939028739929
1776701991324590,0.12209758162498474,-0.031796444207429886,-0.2938023805618286,-1.8110445737838745,0.3186701536178589,-0.05019606649875641
1776701991334587,0.13399288058280945,-0.02444467879831791,-0.30157268047332764,-1.7737054824829102,0.4685137867927551,-0.06626252830028534
1776701991344596,0.12022081017494202,-0.03980018571019173,-0.2795451879501343,-1.9154846668243408,0.45203855633735657,-0.01964738965034485
1776701991354598,0.12598258256912231,-0.037285443395376205,-0.2752702832221985,-1.7821160554885864,0.5453500151634216,0.024166971445083618
1776701991364601,0.13604021072387695,-0.04253307357430458,-0.2994628846645355,-1.8797571659088135,0.4873528480529785,-0.10966123640537262
1776701991374641,0.1475193053483963,-0.03468812629580498,-0.30005791783332825,-1.8520488739013672,0.3867185711860657,0.022815242409706116
1776701991384645,0.1383027583360672,-0.028605004772543907,-0.2933911979198456,-1.823235273361206,0.36453860998153687,0.24883019924163818
1776701991394632,0.1206481009721756,-0.049834199249744415,-0.29525303840637207,-1.82859206199646,0.4816416800022125,-0.018976107239723206
1776701991404687,0.11848624795675278,-0.032001081854104996,-0.28139516711235046,-1.8384263515472412,0.4773659408092499,-0.07089118659496307
1776701991414641,0.13496151566505432,-0.0353320874273777,-0.30383455753326416,-1.7013144493103027,0.3824058175086975,-0.15578053891658783
1776701991424624,0.14011424779891968,-0.043608471751213074,-0.29628437757492065,-1.7610437870025635,0.3872983157634735,-0.01883864402770996
1776701991434657,0.10894288122653961,-0.031630244106054306,-0.27824100852012634,-1.7754709720611572,0.357329398393631,0.07089799642562866
1776701991444625,0.13320767879486084,-0.03455912694334984,-0.2922077178955078,-1.8041683435440063,0.38460931181907654,0.09411211311817169
1776701991454637,0.1427880972623825,-0.03325038403272629,-0.29326850175857544,-1.7580212354660034,0.340395987033844,-0.002557724714279175
1776701991464599,0.13003993034362793,-0.04039262980222702,-0.30750542879104614,-1.665280818939209,0.428634375333786,-0.1118868887424469
1776701991474661,0.13325458765029907,-0.03663627430796623,-0.29983919858932495,-1.7378873825073242,0.33565324544906616,0.12225162982940674
1776701991484672,0.14022330939769745,-0.04077814519405365,-0.30522963404655457,-1.8854408264160156,0.27049899101257324,0.014239802956581116
1776701991494654,0.12323890626430511,-0.04000558704137802,-0.306243360042572,-1.906948208808899,0.41383272409439087,-0.03416122496128082
1776701991504589,0.13850504159927368,-0.03242410719394684,-0.26787886023521423,-1.6633830070495605,0.43547090888023376,0.06766244769096375
1776701991514597,0.13026326894760132,-0.04294327273964882,-0.29503512382507324,-1.8192636966705322,0.5264090299606323,0.09438647329807281
1776701991524570,0.1327694058418274,-0.027415793389081955,-0.28110525012016296,-1.8207727670669556,0.31122586131095886,-0.02783121168613434
1776701991534616,0.131511390209198,-0.03105493076145649,-0.2960154712200165,-1.752290964126587,0.28791892528533936,-0.16566434502601624
1776701991544664,0.1219584196805954,-0.03640839830040932,-0.28096622228622437,-1.7452131509780884,0.3230293393135071,-0.0410304069519043
1776701991554611,0.1234833374619484,-0.0247298926115036,-0.2895621061325073,-1.666686773300171,0.4392734169960022,-0.08170495927333832
1776701991564641,0.13093101978302002,-0.03269423544406891,-0.2948894500732422,-1.598899006843567,0.409373939037323,0.014768153429031372
1776701991574600,0.12653514742851257,-0.03758813440799713,-0.2792126536369324,-1.8828349113464355,0.5211784243583679,-0.13854794204235077
1776701991584603,0.12753908336162567,-0.02800624631345272,-0.2552686929702759,-1.7797043323516846,0.4756423234939575,0.10550251603126526
1776701991594684,0.128830224275589,-0.04369158297777176,-0.2943471372127533,-1.7884107828140259,0.541509211063385,0.08460648357868195
1776701991604654,0.13595078885555267,-0.04120137169957161,-0.2828481197357178,-1.8887261152267456,0.3082924783229828,-0.04982399940490723
1776701991614627,0.1170414611697197,-0.03954113647341728,-0.2775287330150604,-1.8804069757461548,0.37405091524124146,-0.01160360872745514
1776701991624668,0.14145061373710632,-0.05370117351412773,-0.28763628005981445,-1.8787248134613037,0.45482319593429565,0.12273091077804565
1776701991634627,0.13833384215831757,-0.037399355322122574,-0.29639166593551636,-1.8295657634735107,0.28577813506126404,0.026471927762031555
1776701991644673,0.1376132071018219,-0.04225341975688934,-0.29807278513908386,-1.8760135173797607,0.2255127727985382,0.10526588559150696
1776701991654632,0.13158932328224182,-0.050335031002759933,-0.30619198083877563,-2.012500762939453,0.38943246006965637,0.1865825057029724
1776701991664605,0.13367314636707306,-0.039766352623701096,-0.30919206142425537,-1.8775265216827393,0.49352389574050903,-0.0007829219102859497
1776701991674653,0.13403862714767456,-0.05348886549472809,-0.3301723599433899,-1.7911170721054077,0.3924074172973633,0.0009037256240844727
1776701991684605,0.1450090855360031,-0.046573858708143234,-0.29123905301094055,-1.9621808528900146,0.34739917516708374,0.05615653097629547
1776701991694588,0.11285166442394257,-0.03959081694483757,-0.2896893620491028,-1.7995166778564453,0.43650922179222107,-0.08965891599655151
1776701991704577,0.14778631925582886,-0.021503273397684097,-0.28183209896087646,-1.7541821002960205,0.3650661110877991,0.03711238503456116
1776701991714595,0.12538787722587585,-0.029628854244947433,-0.2909180521965027,-1.8077985048294067,0.31278759241104126,-0.00014761090278625488
1776701991724573,0.14505940675735474,-0.04330260306596756,-0.31697148084640503,-1.6579017639160156,0.35004669427871704,0.044370025396347046
1776701991734582,0.13209174573421478,-0.04350990056991577,-0.3208494782447815,-1.961627721786499,0.38512706756591797,-0.06156620383262634
1776701991744637,0.1231183111667633,-0.039759863168001175,-0.26889917254447937,-1.727315902709961,0.4629877805709839,0.03473666310310364
1776701991754622,0.12289398908615112,-0.041095711290836334,-0.28793245553970337,-1.8216986656188965,0.36590835452079773,-0.0328962504863739
1776701991764594,0.11505219340324402,-0.04056066647171974,-0.2699115574359894,-1.6392701864242554,0.42117345333099365,0.07756936550140381
1776701991774581,0.13152644038200378,-0.02111493982374668,-0.27650946378707886,-1.8424099683761597,0.6406738758087158,-0.17373427748680115
1776701991784610,0.11883459240198135,-0.040541864931583405,-0.3024757206439972,-1.897599220275879,0.4362846910953522,-0.19843736290931702
1776701991794581,0.11538675427436829,-0.024680960923433304,-0.25785088539123535,-1.787020206451416,0.43119823932647705,-0.12283260375261307
1776701991804585,0.1175265908241272,-0.05491689592599869,-0.27371835708618164,-1.8922300338745117,0.5042341351509094,0.11030019819736481
1776701991814566,0.13432276248931885,-0.023317568004131317,-0.3017931878566742,-1.8483734130859375,0.2789141535758972,0.027996033430099487
1776701991824635,0.1410447061061859,-0.03334815055131912,-0.2900199294090271,-1.902298927307129,0.47233182191848755,-0.1167679876089096
1776701991834583,0.13599665462970734,-0.023273447528481483,-0.2799455225467682,-1.7123106718063354,0.3450942933559418,0.11286966502666473
1776701991844612,0.1293056607246399,-0.04529307410120964,-0.29166659712791443,-1.8102383613586426,0.222897469997406,0.20813995599746704
1776701991854620,0.12473224848508835,-0.03350500389933586,-0.2953045964241028,-1.919842004776001,0.2858472764492035,0.04214946925640106
1776701991864586,0.11527683585882187,-0.029772980138659477,-0.2624216377735138,-1.76460599899292,0.3203708529472351,-0.031985774636268616
1776701991874608,0.1387372761964798,-0.022782301530241966,-0.29076987504959106,-1.5870780944824219,0.3700765371322632,0.05037283897399902
1776701991884614,0.1477614939212799,-0.02349993586540222,-0.2969244420528412,-1.7236344814300537,0.16426151990890503,0.0163746178150177
1776701991894571,0.11547605693340302,-0.0222774650901556,-0.3104652762413025,-1.7251245975494385,0.30555012822151184,-0.03648732602596283
1776701991904572,0.11924436688423157,-0.0315869115293026,-0.3063746988773346,-1.9052823781967163,0.4352443218231201,0.04341574013233185
1776701991914584,0.11684410274028778,-0.0348026305437088,-0.2912960946559906,-1.8403552770614624,0.35775816440582275,-0.015517517924308777
1776701991924573,0.1194770559668541,-0.030654659494757652,-0.2906274199485779,-1.8325672149658203,0.5040475130081177,0.1606302112340927
1776701991934521,0.13816484808921814,-0.03806428611278534,-0.2867838740348816,-1.7833799123764038,0.43466857075691223,0.051498621702194214
1776701991944584,0.1250942349433899,-0.02428406849503517,-0.30075210332870483,-1.8244692087173462,0.5748029351234436,-0.04268638789653778
1776701991954541,0.14142465591430664,-0.01794493943452835,-0.28053441643714905,-1.776819109916687,0.3745163083076477,-0.0007752776145935059
1776701991964590,0.12432609498500824,-0.03377377986907959,-0.2737060487270355,-1.8612302541732788,0.5148974657058716,-0.1350807547569275
1776701991974520,0.13196098804473877,-0.04759976640343666,-0.26217955350875854,-1.8680766820907593,0.3026576638221741,0.03935210406780243
1776701991984544,0.13791270554065704,-0.04282103478908539,-0.2803245782852173,-1.959007740020752,0.46197476983070374,-0.006102025508880615
1776701991994523,0.15206964313983917,-0.04982001706957817,-0.305434912443161,-1.8289480209350586,0.3112061023712158,0.0771893858909607
1776701992004573,0.12000317871570587,-0.033796120434999466,-0.2860504388809204,-1.6807210445404053,0.3691204786300659,0.05345916748046875
1776701992014559,0.12194808572530746,-0.045301273465156555,-0.27900028228759766,-1.8292202949523926,0.3847324848175049,0.05202716588973999
1776701992024587,0.14266666769981384,-0.045503392815589905,-0.3135967254638672,-1.8851988315582275,0.17704105377197266,0.022409722208976746
1776701992034526,0.12827907502651215,-0.02563481405377388,-0.3044047951698303,-1.8136717081069946,0.29823288321495056,-0.06928753852844238
1776701992044596,0.1361343264579773,-0.022521408274769783,-0.2875238060951233,-1.7581205368041992,0.4290824830532074,0.04328612983226776
1776701992054570,0.13105472922325134,-0.008344101719558239,-0.26374751329421997,-1.7903350591659546,0.37491533160209656,-0.04017533361911774
1776701992064537,0.1376037448644638,-0.029733797535300255,-0.31506669521331787,-1.663405418395996,0.32536110281944275,0.08564841747283936
1776701992074613,0.13309141993522644,-0.03444650396704674,-0.2682875692844391,-1.9440720081329346,0.2785783112049103,0.16220501065254211
1776701992084590,0.1270098090171814,-0.03215612843632698,-0.31002387404441833,-1.7821142673492432,0.4259226322174072,0.07175859808921814
1776701992094549,0.1314390003681183,-0.0481487512588501,-0.27989840507507324,-1.8413829803466797,0.3548755645751953,0.015428915619850159
1776701992104492,0.12720941007137299,-0.03581614047288895,-0.26775243878364563,-1.8442232608795166,0.4443046748638153,0.04444146156311035
1776701992114500,0.1191500872373581,-0.043395522981882095,-0.2754662036895752,-1.8230063915252686,0.5905347466468811,-0.05404284596443176
1776701992124575,0.12191716581583023,-0.05005045607686043,-0.29804179072380066,-1.7489404678344727,0.33747994899749756,0.06734192371368408
1776701992134559,0.13449285924434662,-0.042799003422260284,-0.2829889953136444,-1.8007352352142334,0.4471459984779358,-0.007915869355201721
1776701992144579,0.1320795714855194,-0.03636594116687775,-0.2796614468097687,-1.9326883554458618,0.3179706931114197,-0.09937293827533722
1776701992154602,0.11688194423913956,-0.045529987663030624,-0.3103231191635132,-2.0760879516601562,0.12917117774486542,0.13761025667190552
1776701992164585,0.1273905485868454,-0.06671924889087677,-0.3446892499923706,-2.611392021179199,-0.20526428520679474,0.047005388885736465
1776701992174590,0.13592082262039185,-0.07255967706441879,-0.39439085125923157,-3.1008858680725098,-0.3944871127605438,0.20751631259918213
1776701992184528,0.13722848892211914,-0.047590140253305435,-0.3802383840084076,-3.2593953609466553,-0.2887992262840271,-0.10891176760196686
1776701992194538,0.13392043113708496,-0.06923322379589081,-0.42525985836982727,-3.80621600151062,-0.577174723148346,0.1613512635231018
1776701992204520,0.1571531593799591,-0.327604740858078,-0.9162269830703735,-8.75517463684082,-3.9273505210876465,1.1664832830429077
1776701992214517,0.24485860764980316,-0.7341623306274414,-1.8508939743041992,-18.449220657348633,-11.526750564575195,2.9298300743103027
1776701992224518,0.268421471118927,-1.3206015825271606,-3.1272921562194824,-31.440702438354492,-21.522676467895508,5.7649102210998535
1776701992234510,0.27534252405166626,-2.223036766052246,-5.088940620422363,-51.39344024658203,-36.56734085083008,10.828840255737305
1776701992244610,0.43600165843963623,-3.084484577178955,-7.1857008934021,-72.28298950195312,-50.06889343261719,14.851512908935547
1776701992254609,0.47063910961151123,-4.176809787750244,-9.511916160583496,-95.25981140136719,-67.27009582519531,20.797119140625
1776701992264535,0.7893393039703369,-5.202553749084473,-11.847888946533203,-119.0643539428711,-83.09630584716797,24.264102935791016
1776701992274552,1.1008515357971191,-5.971874237060547,-14.126494407653809,-138.857421875,-98.5267333984375,27.10607147216797
1776701992284548,1.6486952304840088,-6.93739128112793,-15.520652770996094,-157.9037322998047,-109.0853500366211,26.503997802734375
1776701992294494,2.1067001819610596,-7.12950325012207,-16.36482810974121,-168.00930786132812,-112.8404541015625,24.460350036621094
1776701992304505,2.4430065155029297,-7.212610721588135,-16.629520416259766,-172.5107879638672,-112.52916717529297,22.503217697143555
1776701992314465,2.6408393383026123,-6.7850165367126465,-16.013166427612305,-165.67608642578125,-106.41204833984375,18.35838508605957
1776701992324535,2.8050575256347656,-6.4302568435668945,-15.017873764038086,-156.25738525390625,-97.80526733398438,14.582743644714355
1776701992334537,2.5687642097473145,-5.805210590362549,-13.608656883239746,-143.36981201171875,-89.5238037109375,11.991384506225586
1776701992344505,2.485933303833008,-5.262840270996094,-12.439909934997559,-131.3178253173828,-78.44056701660156,10.314692497253418
1776701992354561,2.3549742698669434,-4.8222270011901855,-11.096209526062012,-119.58515167236328,-68.53956604003906,8.479177474975586
1776701992364535,2.082273244857788,-4.2636284828186035,-10.09820556640625,-109.6188735961914,-61.43524169921875,8.226593971252441
1776701992374501,1.7578845024108887,-3.8592512607574463,-9.292304992675781,-99.97991180419922,-55.47663879394531,9.041872024536133
1776701992384524,1.6347522735595703,-3.733720302581787,-8.62518310546875,-95.01815032958984,-50.66565704345703,8.831891059875488
1776701992394509,1.4856988191604614,-3.484215021133423,-8.317327499389648,-91.83561706542969,-48.93798828125,8.93150520324707
1776701992404537,1.3460862636566162,-3.4088168144226074,-8.319685935974121,-90.92200469970703,-48.92097473144531,9.995841979980469
1776701992414499,1.3827711343765259,-3.5520241260528564,-8.390031814575195,-93.34718322753906,-49.579288482666016,10.073963165283203
1776701992424578,1.4482054710388184,-3.6014082431793213,-8.618324279785156,-96.27623748779297,-49.628875732421875,10.177196502685547
1776701992434563,1.5065464973449707,-3.7371408939361572,-8.957176208496094,-99.50130462646484,-50.628265380859375,10.594475746154785
1776701992444507,1.6363508701324463,-3.761430501937866,-9.211771011352539,-102.13766479492188,-51.97229766845703,9.701889038085938
1776701992454517,1.6935200691223145,-3.994102954864502,-9.554631233215332,-105.43307495117188,-53.106571197509766,10.613855361938477
1776701992464462,1.820155382156372,-4.1126790046691895,-9.711398124694824,-108.14392852783203,-54.40364074707031,9.940505981445312
1776701992474519,1.926323652267456,-4.0971784591674805,-9.886296272277832,-110.33670806884766,-54.448326110839844,8.953214645385742
1776701992484507,2.0189762115478516,-4.020975589752197,-9.953705787658691,-111.27628326416016,-54.950740814208984,7.780241966247559
1776701992494464,2.045914649963379,-3.9316208362579346,-9.864063262939453,-110.35829162597656,-54.0687370300293,7.050771713256836
1776701992504464,2.168144702911377,-3.8084564208984375,-9.672810554504395,-108.552978515625,-51.732704162597656,5.200591087341309
1776701992514511,2.1720428466796875,-3.6141650676727295,-9.339365005493164,-105.02208709716797,-50.413414001464844,4.021383285522461
1776701992524509,2.1762990951538086,-3.4249398708343506,-8.947074890136719,-101.57453918457031,-47.960533142089844,2.556415557861328
1776701992534497,2.20291805267334,-3.316713571548462,-8.594046592712402,-97.63678741455078,-43.799842834472656,1.807180404663086
1776701992544518,2.093100070953369,-3.227877616882324,-8.181355476379395,-93.97515869140625,-42.105953216552734,1.8187980651855469
1776701992554519,2.009836196899414,-3.051652669906616,-7.940980911254883,-90.88097381591797,-39.87358856201172,1.9308643341064453
1776701992564524,2.0270984172821045,-2.904193878173828,-7.690984725952148,-87.90037536621094,-37.76261901855469,0.9276046752929688
1776701992574558,1.9742755889892578,-2.864476203918457,-7.513559818267822,-85.150146484375,-36.62738037109375,0.9926605224609375
1776701992584501,1.9198938608169556,-2.744568347930908,-7.112004280090332,-82.76493072509766,-36.31389236450195,0.5673589706420898
1776701992594498,1.8428966999053955,-2.588728189468384,-6.961369037628174,-81.28724670410156,-34.96870040893555,0.5474147796630859
1776701992604502,1.8286449909210205,-2.4917702674865723,-6.903086185455322,-79.71245574951172,-32.76878356933594,0.2551875114440918
1776701992614552,1.878629446029663,-2.4514307975769043,-6.843893051147461,-78.50486755371094,-32.095558166503906,-0.20346689224243164
1776701992624537,1.9859817028045654,-2.4805521965026855,-6.789812088012695,-78.03987121582031,-31.71992301940918,-1.2023053169250488
1776701992634472,2.024874448776245,-2.530468225479126,-6.772286415100098,-77.98365020751953,-31.580415725708008,-1.7657256126403809
1776701992644504,2.1065754890441895,-2.549076557159424,-6.77171516418457,-78.4390869140625,-31.124746322631836,-2.2547998428344727
1776701992654500,2.1410398483276367,-2.53452205657959,-6.913379669189453,-79.19427490234375,-31.983154296875,-2.542799949645996
1776701992664500,2.164851427078247,-2.538296937942505,-6.95318603515625,-80.54084014892578,-33.19906997680664,-3.198549270629883
1776701992674499,2.2690274715423584,-2.5041141510009766,-7.149888038635254,-82.1483154296875,-33.356842041015625,-3.7754645347595215
1776701992684499,2.4493205547332764,-2.479980230331421,-7.241653919219971,-84.01750183105469,-34.473907470703125,-5.558069705963135
1776701992694466,2.640415668487549,-2.393630266189575,-7.413849830627441,-86.74442291259766,-35.12343978881836,-7.802316665649414
1776701992704477,2.8906102180480957,-2.409097194671631,-7.63226318359375,-89.11627197265625,-34.87303161621094,-9.901191711425781
1776701992714477,2.9627890586853027,-2.483525276184082,-7.710531711578369,-91.3926010131836,-36.749107360839844,-10.519989013671875
1776701992724482,2.959007501602173,-2.4801461696624756,-7.806453704833984,-93.3660888671875,-37.57481384277344,-10.526922225952148
1776701992734466,2.8893861770629883,-2.452591896057129,-7.903916835784912,-94.8053970336914,-37.567996978759766,-9.724071502685547
1776701992744465,2.9599695205688477,-2.382070779800415,-8.014322280883789,-95.42626953125,-36.321861267089844,-10.241291046142578
1776701992754498,2.965339183807373,-2.372234582901001,-7.95731258392334,-94.81922912597656,-35.68674850463867,-10.673181533813477
1776701992764455,2.9773378372192383,-2.336697816848755,-7.848346710205078,-93.3856201171875,-33.820587158203125,-11.002776145935059
1776701992774459,2.9353747367858887,-2.129983425140381,-7.6238322257995605,-91.29618072509766,-33.20576095581055,-11.8134126663208
1776701992784462,2.8923933506011963,-1.928188443183899,-7.407596111297607,-88.46627044677734,-31.315166473388672,-12.287490844726562
1776701992794475,2.85517954826355,-1.8586769104003906,-7.1730146408081055,-85.37435150146484,-29.202739715576172,-12.239563941955566
1776701992804468,2.7739346027374268,-1.8578060865402222,-6.8996357917785645,-82.11665344238281,-28.831314086914062,-11.644720077514648
1776701992814418,2.6412949562072754,-1.8497172594070435,-6.634171962738037,-79.46705627441406,-27.88397979736328,-10.682281494140625
1776701992824462,2.531802177429199,-1.7894461154937744,-6.4429521560668945,-77.60726928710938,-27.149032592773438,-9.979876518249512
1776701992834419,2.4196550846099854,-1.7717558145523071,-6.2904510498046875,-75.94371795654297,-26.623605728149414,-9.170303344726562
1776701992844521,2.357246160507202,-1.8328033685684204,-6.336640357971191,-74.68275451660156,-25.528949737548828,-8.130041122436523
1776701992854513,2.384819269180298,-1.899412751197815,-6.325325965881348,-74.82293701171875,-26.6398983001709,-8.232816696166992
1776701992864452,2.4834794998168945,-1.873043417930603,-6.341460227966309,-75.76665496826172,-27.26139259338379,-9.59488296508789
1776701992874514,2.590376377105713,-1.7366063594818115,-6.411529541015625,-77.16943359375,-27.93240737915039,-10.826650619506836
1776701992884502,2.6574907302856445,-1.644456386566162,-6.5438008308410645,-78.74928283691406,-28.333572387695312,-11.890621185302734
1776701992894480,2.7366299629211426,-1.573171615600586,-6.620044708251953,-80.38487243652344,-28.794658660888672,-12.978206634521484
1776701992904468,2.771470069885254,-1.5839409828186035,-6.725983619689941,-81.52143096923828,-28.48670768737793,-13.259254455566406
1776701992914448,2.739319086074829,-1.6268541812896729,-6.739794731140137,-82.02944946289062,-28.935287475585938,-12.486322402954102
1776701992924452,2.616746425628662,-1.6668363809585571,-6.70393705368042,-81.65283203125,-29.27690887451172,-11.399394989013672
1776701992934472,2.5766472816467285,-1.6150858402252197,-6.664459228515625,-80.97571563720703,-28.61183738708496,-10.992393493652344
1776701992944462,2.5298588275909424,-1.6019498109817505,-6.5401458740234375,-79.38468170166016,-27.99289894104004,-10.54432487487793
1776701992954456,2.4543251991271973,-1.4797413349151611,-6.318953514099121,-77.45503234863281,-26.433610916137695,-10.721290588378906
1776701992964455,2.410564422607422,-1.2898075580596924,-6.170772552490234,-74.75993347167969,-24.9725399017334,-10.548723220825195
1776701992974455,2.3523645401000977,-1.2244576215744019,-5.9664459228515625,-72.58154296875,-23.480445861816406,-10.935932159423828
1776701992984454,2.325383186340332,-1.1343690156936646,-5.758256912231445,-70.004638671875,-22.296642303466797,-11.280034065246582
1776701992994450,2.326049327850342,-1.1339503526687622,-5.5877814292907715,-68.05721282958984,-21.01310920715332,-11.104726791381836
1776701993004464,2.2649953365325928,-1.1565977334976196,-5.478204250335693,-66.29288482666016,-20.274444580078125,-10.86208724975586
1776701993014439,2.225360870361328,-1.1625854969024658,-5.410761833190918,-65.1109619140625,-20.38426971435547,-10.617819786071777
1776701993024479,2.2124719619750977,-1.1652535200119019,-5.3025360107421875,-64.79764556884766,-20.37322425842285,-10.252006530761719
1776701993034467,2.2386457920074463,-1.1797382831573486,-5.360568523406982,-65.19672393798828,-20.489713668823242,-10.65925121307373
1776701993044475,2.28760027885437,-1.1731764078140259,-5.446671485900879,-66.40057373046875,-21.22596549987793,-11.031845092773438
1776701993054465,2.334440231323242,-1.1755609512329102,-5.533638000488281,-67.84397888183594,-21.669418334960938,-11.37869930267334
1776701993064491,2.399461269378662,-1.1244630813598633,-5.652310848236084,-69.71298217773438,-22.352783203125,-11.992107391357422
1776701993074443,2.515341281890869,-1.077415943145752,-5.8100080490112305,-71.4935073852539,-22.517515182495117,-13.027685165405273
1776701993084562,2.5860302448272705,-1.0787639617919922,-5.890288352966309,-72.91783142089844,-22.941715240478516,-13.397783279418945
1776701993094544,2.6239538192749023,-1.1154133081436157,-6.005594253540039,-74.03006744384766,-22.8992862701416,-13.650320053100586
1776701993104504,2.6129941940307617,-1.1665915250778198,-6.067402362823486,-74.5338134765625,-23.257450103759766,-13.575843811035156
1776701993114573,2.5949158668518066,-1.2218838930130005,-6.065229415893555,-74.12976837158203,-23.29570198059082,-13.129626274108887
1776701993124422,2.581178665161133,-1.162662148475647,-5.976840496063232,-73.34463500976562,-23.10703468322754,-13.382917404174805
1776701993134453,2.554330825805664,-1.0862884521484375,-5.891808986663818,-72.3683090209961,-22.420822143554688,-13.389379501342773
1776701993144492,2.5307328701019287,-1.0042989253997803,-5.760239601135254,-70.83333587646484,-21.57908058166504,-13.724132537841797
1776701993154432,2.47749662399292,-0.9202930331230164,-5.547970771789551,-68.96570587158203,-20.698617935180664,-13.750125885009766
1776701993164479,2.397892951965332,-0.8474736213684082,-5.405416488647461,-66.73954010009766,-20.10590934753418,-13.452857971191406
1776701993174448,2.3223748207092285,-0.7754923701286316,-5.229301452636719,-64.60466766357422,-19.000476837158203,-12.904596328735352
1776701993184472,2.247185707092285,-0.7868275046348572,-5.082050323486328,-62.398441314697266,-17.85578155517578,-12.171091079711914
1776701993194507,2.1900277137756348,-0.8528704643249512,-4.968112945556641,-60.48139953613281,-17.185712814331055,-11.780096054077148
1776701993204514,2.1300063133239746,-0.8771867156028748,-4.816087245941162,-58.67931365966797,-16.68722915649414,-11.276793479919434
1776701993214397,2.085941791534424,-0.8701251745223999,-4.694357395172119,-57.2252197265625,-16.15365982055664,-11.127023696899414
1776701993224456,2.087608814239502,-0.859502911567688,-4.596375465393066,-56.615272521972656,-16.136253356933594,-11.329538345336914
1776701993234420,2.0737266540527344,-0.8466148376464844,-4.601816654205322,-56.57258224487305,-15.711228370666504,-11.123088836669922
1776701993244473,2.0980684757232666,-0.7923895120620728,-4.616292476654053,-56.95357894897461,-15.961502075195312,-11.541458129882812
1776701993254452,2.152045249938965,-0.7257837653160095,-4.691064357757568,-57.920413970947266,-16.138463973999023,-11.849394798278809
1776701993264487,2.19358229637146,-0.741060733795166,-4.785390853881836,-59.06996536254883,-16.409873962402344,-12.336271286010742
1776701993274452,2.2424607276916504,-0.8032028079032898,-4.915284633636475,-60.651954650878906,-16.677515029907227,-12.459410667419434
1776701993284459,2.2861838340759277,-0.9022835493087769,-5.091066837310791,-62.430206298828125,-17.374027252197266,-12.225451469421387
1776701993294476,2.344966411590576,-0.9441121220588684,-5.184099197387695,-64.46488952636719,-17.88524055480957,-12.609539985656738
1776701993304494,2.4183647632598877,-1.0244452953338623,-5.4084086418151855,-66.3670425415039,-18.351896286010742,-12.676131248474121
1776701993314487,2.5162863731384277,-1.0923174619674683,-5.5874786376953125,-68.69462585449219,-18.8963680267334,-13.228520393371582
1776701993324439,2.6551690101623535,-1.0355474948883057,-5.724971771240234,-71.16927337646484,-19.702205657958984,-14.829833984375
1776701993334422,2.7804386615753174,-0.9764425754547119,-5.927844524383545,-74.06007385253906,-20.550235748291016,-15.719316482543945
1776701993344468,2.8710269927978516,-0.9567383527755737,-6.120057106018066,-76.82217407226562,-21.225065231323242,-16.57935333251953
1776701993354476,2.943683624267578,-1.0036382675170898,-6.353659629821777,-78.943359375,-21.447830200195312,-17.010818481445312
1776701993364494,3.020437717437744,-1.0385756492614746,-6.505748748779297,-81.13899230957031,-22.345457077026367,-17.372692108154297
1776701993374485,3.041457414627075,-1.0855188369750977,-6.6317458152771,-82.64594268798828,-22.70623779296875,-17.31637191772461
1776701993384483,3.0927634239196777,-1.1287415027618408,-6.771376609802246,-83.76239776611328,-23.152530670166016,-17.234554290771484
1776701993394464,3.0902976989746094,-1.185573697090149,-6.811820983886719,-84.1871566772461,-22.97574806213379,-17.18760871887207
1776701993404487,3.120182514190674,-1.1753783226013184,-6.833639621734619,-84.17488098144531,-23.27572250366211,-17.361629486083984
1776701993414486,3.1091737747192383,-1.1411106586456299,-6.765322208404541,-83.94834899902344,-23.071456909179688,-17.701026916503906
1776701993424442,3.0993969440460205,-1.1510777473449707,-6.7296857833862305,-82.98794555664062,-22.626832962036133,-17.385677337646484
1776701993434465,3.0571937561035156,-1.1487115621566772,-6.640059947967529,-81.94132232666016,-22.369028091430664,-17.307861328125
1776701993444507,3.0433602333068848,-1.131035566329956,-6.5560994148254395,-80.57356262207031,-22.037572860717773,-16.9150390625
1776701993454452,2.991731643676758,-1.1308562755584717,-6.449375152587891,-79.59832763671875,-21.631988525390625,-16.967430114746094
1776701993464469,2.95316219329834,-1.1394944190979004,-6.360934257507324,-78.73626708984375,-21.34061050415039,-16.54798126220703
1776701993474506,2.9121429920196533,-1.196268916130066,-6.358677387237549,-77.5337142944336,-21.052173614501953,-15.742836952209473
1776701993484490,2.9225411415100098,-1.2544581890106201,-6.316981792449951,-77.35403442382812,-21.151004791259766,-15.941709518432617
1776701993494440,2.864701271057129,-1.3799574375152588,-6.336024284362793,-77.03694152832031,-21.003562927246094,-15.027360916137695
1776701993504457,2.8137364387512207,-1.4292726516723633,-6.266622066497803,-77.01734161376953,-21.59808921813965,-14.525362014770508
1776701993514469,2.6987853050231934,-1.4254183769226074,-6.259839057922363,-77.30865478515625,-22.417173385620117,-13.29799747467041
1776701993524406,2.615642547607422,-1.3890222311019897,-6.331930160522461,-77.91896057128906,-22.517297744750977,-12.440313339233398
1776701993534482,2.575195789337158,-1.3258951902389526,-6.2865495681762695,-78.10694122314453,-22.879552841186523,-11.980412483215332
1776701993544423,2.449718475341797,-1.388152003288269,-6.40211820602417,-78.31358337402344,-22.72542381286621,-10.455598831176758
1776701993554411,2.487947940826416,-1.362900972366333,-6.429661273956299,-78.38249206542969,-22.593246459960938,-10.795425415039062
1776701993564465,2.3454630374908447,-1.4408974647521973,-6.398312091827393,-78.46610260009766,-23.31201171875,-9.432676315307617
1776701993574439,2.3264293670654297,-1.4745975732803345,-6.442368507385254,-78.74408721923828,-23.429407119750977,-8.513050079345703
1776701993584417,2.224053382873535,-1.5179414749145508,-6.422992706298828,-78.72480773925781,-23.776519775390625,-7.7885637283325195
1776701993594437,2.052870512008667,-1.636154055595398,-6.465008735656738,-78.75111389160156,-24.33590316772461,-5.396755695343018
1776701993604452,2.0546350479125977,-1.566633939743042,-6.486408233642578,-79.2621841430664,-24.2901611328125,-5.460873126983643
1776701993614433,1.9213098287582397,-1.634175181388855,-6.497101306915283,-79.44845581054688,-24.851898193359375,-3.9114131927490234
1776701993624469,1.8882380723953247,-1.5590068101882935,-6.517428874969482,-80.06025695800781,-25.281206130981445,-3.4451904296875
1776701993634434,1.792776346206665,-1.5330533981323242,-6.614441871643066,-80.58558654785156,-25.348590850830078,-2.713085651397705
1776701993644482,1.6533604860305786,-1.5787521600723267,-6.587822437286377,-80.8805160522461,-26.364826202392578,-0.6886692047119141
1776701993654405,1.5479435920715332,-1.5865875482559204,-6.674874305725098,-81.28155517578125,-26.289138793945312,0.510472297668457
1776701993664431,1.4393030405044556,-1.6700105667114258,-6.733841896057129,-81.3147201538086,-26.404314041137695,2.064878463745117
1776701993674451,1.3451426029205322,-1.706005334854126,-6.735263824462891,-81.39800262451172,-26.95533561706543,2.835810661315918
1776701993684492,1.2784315347671509,-1.7692162990570068,-6.784949779510498,-81.77458953857422,-26.823440551757812,4.071341514587402
1776701993694383,1.2287287712097168,-1.766984462738037,-6.738056182861328,-82.08075714111328,-27.49643325805664,4.474874496459961
1776701993704353,1.0650783777236938,-1.8149603605270386,-6.774669647216797,-82.29446411132812,-27.862525939941406,6.169149398803711
1776701993714412,0.950508713722229,-1.7978160381317139,-6.830496788024902,-82.81584930419922,-28.27756690979004,7.426362037658691
1776701993724368,0.8759881258010864,-1.7748115062713623,-6.847149848937988,-83.40005493164062,-28.785661697387695,8.547101974487305
1776701993734417,0.7063688039779663,-1.8166700601577759,-6.87450647354126,-83.62922668457031,-29.26073455810547,10.463601112365723
1776701993744393,0.6529066562652588,-1.7566359043121338,-6.899106025695801,-84.22296905517578,-29.338058471679688,10.799388885498047
1776701993754411,0.49639153480529785,-1.833833932876587,-6.950390815734863,-84.33084869384766,-29.624174118041992,12.990816116333008
1776701993764478,0.4044063091278076,-1.8924649953842163,-6.97700834274292,-84.91690063476562,-30.15348243713379,14.18195915222168
1776701993774382,0.30743372440338135,-1.9047341346740723,-7.079764366149902,-85.27049255371094,-30.298484802246094,15.264626502990723
1776701993784426,0.23895561695098877,-1.9746061563491821,-7.117769718170166,-85.60282897949219,-30.572593688964844,16.21746826171875
1776701993794445,0.18273794651031494,-1.9711211919784546,-7.103330612182617,-85.97483825683594,-31.180112838745117,16.992916107177734
1776701993804436,-0.06029641628265381,-2.0795180797576904,-7.160337924957275,-86.62334442138672,-32.202816009521484,19.799808502197266
1776701993814480,-0.24208080768585205,-2.067340850830078,-7.217667579650879,-87.54237365722656,-33.12213134765625,22.130823135375977
1776701993824468,-0.3940906524658203,-2.0588176250457764,-7.326921463012695,-88.58673095703125,-33.241031646728516,23.653953552246094
1776701993834417,-0.4764232635498047,-2.027806520462036,-7.415344715118408,-89.2554931640625,-33.54862976074219,24.911876678466797
1776701993844445,-0.5914872884750366,-2.0738861560821533,-7.444518566131592,-90.38274383544922,-34.53455352783203,26.453784942626953
1776701993854384,-0.7247368097305298,-2.144235372543335,-7.56002140045166,-90.98338317871094,-34.7200813293457,28.352691650390625
1776701993864398,-0.9141066670417786,-2.213493585586548,-7.573507785797119,-92.1600570678711,-35.698116302490234,30.380516052246094
1776701993874459,-1.0355355739593506,-2.2115893363952637,-7.694424629211426,-93.14632415771484,-35.78322982788086,31.945768356323242
1776701993884408,-0.9722169041633606,-2.2008848190307617,-7.843625545501709,-94.2943344116211,-35.37043380737305,31.650928497314453
1776701993894399,-0.6545490026473999,-2.034578561782837,-8.024751663208008,-96.18412017822266,-34.86003494262695,28.03845977783203
1776701993904349,-0.5358134508132935,-2.022897958755493,-8.04658317565918,-98.23214721679688,-36.20785903930664,26.75214385986328
1776701993914288,-0.50348961353302,-1.9902509450912476,-8.213677406311035,-101.19017791748047,-37.209049224853516,26.826091766357422
1776701993924353,-0.4959763288497925,-1.964261531829834,-8.456722259521484,-104.35802459716797,-38.419677734375,26.969615936279297
1776701993934406,-0.49453628063201904,-2.0049445629119873,-8.738862037658691,-107.34029388427734,-39.0023078918457,27.801380157470703
1776701993944442,-0.48910343647003174,-2.0538339614868164,-9.001779556274414,-109.92752075195312,-39.843990325927734,28.165584564208984
1776701993954405,-0.49726903438568115,-2.1522161960601807,-9.152608871459961,-112.32952880859375,-40.814083099365234,28.73016929626465
1776701993964364,-0.4903651475906372,-2.185711622238159,-9.324649810791016,-114.68350219726562,-41.751468658447266,28.982688903808594
1776701993974400,-0.48064494132995605,-2.1991562843322754,-9.503939628601074,-116.7947006225586,-42.247535705566406,29.300270080566406
1776701993984381,-0.4953467845916748,-2.303351402282715,-9.681161880493164,-118.47254943847656,-42.34833908081055,30.075489044189453
1776701993994387,-0.4670217037200928,-2.4346866607666016,-9.823895454406738,-119.76362609863281,-42.88020324707031,30.636577606201172
1776701994004424,-0.4452853202819824,-2.4223759174346924,-9.891885757446289,-121.69902038574219,-43.984458923339844,30.327449798583984
1776701994014419,-0.4320390224456787,-2.3514912128448486,-10.047919273376465,-124.14242553710938,-45.04563522338867,30.377092361450195
1776701994024468,-0.4530826807022095,-2.3032310009002686,-10.178505897521973,-126.81248474121094,-45.471885681152344,30.7015323638916
1776701994034361,-0.44984424114227295,-2.2805895805358887,-10.405097961425781,-128.98268127441406,-45.639278411865234,31.242717742919922
1776701994044389,-0.4366481304168701,-2.315964460372925,-10.606871604919434,-131.1070556640625,-45.78419876098633,31.708446502685547
1776701994054401,-0.4277600049972534,-2.3704395294189453,-10.792065620422363,-133.52618408203125,-46.55384826660156,31.739551544189453
1776701994064327,-0.4272923469543457,-2.3951189517974854,-10.918313980102539,-135.82472229003906,-46.59107971191406,32.216407775878906
1776701994074403,-0.4319164752960205,-2.44675612449646,-11.136417388916016,-138.11773681640625,-46.779090881347656,32.73320388793945
1776701994084390,-0.4033503532409668,-2.450801372528076,-11.311698913574219,-140.505859375,-47.259857177734375,32.73500061035156
1776701994094377,-0.43226170539855957,-2.4608957767486572,-11.433402061462402,-142.8825225830078,-47.4954948425293,33.068214416503906
1776701994104381,-0.39765071868896484,-2.423203945159912,-11.576647758483887,-145.4148406982422,-47.728363037109375,33.49425506591797
1776701994114434,-0.38792943954467773,-2.407223701477051,-11.761679649353027,-147.50241088867188,-47.508052825927734,33.60722351074219
1776701994124410,-0.39717984199523926,-2.420036554336548,-11.914036750793457,-149.70205688476562,-47.042598724365234,33.85088348388672
1776701994134351,-0.388746976852417,-2.4349710941314697,-12.101476669311523,-151.91566467285156,-46.91993713378906,34.136024475097656
1776701994144299,-0.3728914260864258,-2.431694984436035,-12.263659477233887,-154.6046905517578,-47.055728912353516,34.473243713378906
1776701994154378,-0.38005948066711426,-2.403703212738037,-12.44485855102539,-157.93043518066406,-47.69861602783203,34.841651916503906
1776701994164331,-0.3789389133453369,-2.3423972129821777,-12.695311546325684,-161.32342529296875,-47.923954010009766,35.803855895996094
1776701994174341,-0.3821547031402588,-2.3750925064086914,-13.021166801452637,-164.67503356933594,-47.62325668334961,36.41038513183594
1776701994184343,-0.3822214603424072,-2.4892210960388184,-13.292455673217773,-167.1967315673828,-48.101219177246094,36.89338684082031
1776701994194339,-0.40360045433044434,-2.5506703853607178,-13.431540489196777,-169.5999298095703,-48.20302963256836,37.607025146484375
1776701994204340,-0.4101719856262207,-2.471926689147949,-13.520360946655273,-171.5412139892578,-47.985206604003906,37.96937561035156
1776701994214331,-0.41745877265930176,-2.3928308486938477,-13.627545356750488,-172.7504425048828,-46.920955657958984,38.24156188964844
1776701994224367,-0.4233555793762207,-2.3219196796417236,-13.68120002746582,-173.3285369873047,-45.74097442626953,38.412498474121094
1776701994234323,-0.4466404914855957,-2.299926519393921,-13.63072681427002,-172.83135986328125,-43.85568618774414,38.377769470214844
1776701994244367,-0.4857029914855957,-2.217552423477173,-13.588665962219238,-172.48867797851562,-43.10270690917969,38.56724166870117
1776701994254382,-0.4979739189147949,-2.109571695327759,-13.5594482421875,-172.5563507080078,-41.12208557128906,38.78300476074219
1776701994264352,-0.49968838691711426,-2.0647835731506348,-13.583091735839844,-172.29051208496094,-39.255123138427734,38.61940002441406
1776701994274335,-0.5012667179107666,-2.02821946144104,-13.530599594116211,-171.83364868164062,-37.66695785522461,38.606224060058594
1776701994284440,-0.5092823505401611,-1.9092631340026855,-13.432657241821289,-171.47679138183594,-35.51559829711914,38.37397766113281
1776701994294367,-0.5281283855438232,-1.7704261541366577,-13.321859359741211,-171.04908752441406,-33.27128219604492,38.120384216308594
1776701994304329,-0.5501160621643066,-1.6541497707366943,-13.355802536010742,-170.94309997558594,-30.55048942565918,38.06647491455078
1776701994314319,-0.5404617786407471,-1.6162153482437134,-13.395620346069336,-171.06590270996094,-27.517391204833984,38.05961608886719
1776701994324366,-0.5391080379486084,-1.5607675313949585,-13.368959426879883,-171.38685607910156,-25.660842895507812,37.95668411254883
1776701994334384,-0.5605263710021973,-1.4919054508209229,-13.382935523986816,-172.27069091796875,-23.358800888061523,38.27640151977539
1776701994344367,-0.6381771564483643,-1.4707717895507812,-13.497121810913086,-173.81088256835938,-21.322750091552734,39.3721809387207
1776701994354306,-0.7114334106445312,-1.4043680429458618,-13.674114227294922,-175.46762084960938,-18.278461456298828,40.167510986328125
1776701994364298,-0.7729032039642334,-1.3465572595596313,-13.732552528381348,-176.19134521484375,-15.286338806152344,40.64567565917969
1776701994374364,-0.842487096786499,-1.2448982000350952,-13.827226638793945,-175.6663818359375,-10.93213939666748,40.88619613647461
1776701994384375,-0.8750932216644287,-1.1349618434906006,-13.777433395385742,-174.67376708984375,-6.661615371704102,40.380462646484375
1776701994394432,-0.9343652725219727,-0.9319702386856079,-13.640068054199219,-172.85797119140625,-1.9800891876220703,40.05935287475586
1776701994404315,-0.9536294937133789,-0.6505833864212036,-13.544384956359863,-170.6050262451172,3.006458282470703,39.65252685546875
1776701994414313,-1.0441465377807617,-0.5676461458206177,-13.573959350585938,-168.38516235351562,8.02272891998291,39.58238220214844
1776701994424416,-1.0715250968933105,-0.5394229888916016,-13.439905166625977,-166.64608764648438,11.053316116333008,38.768280029296875
1776701994434294,-1.1002519130706787,-0.4404698312282562,-13.451916694641113,-166.78724670410156,13.577438354492188,38.14701843261719
1776701994444401,-1.1100599765777588,-0.31254202127456665,-13.662031173706055,-167.84268188476562,17.40943717956543,38.05729675292969
1776701994454345,-1.151024341583252,-0.33718207478523254,-13.91212272644043,-169.25341796875,21.110137939453125,37.42698669433594
1776701994464324,-1.0705747604370117,-0.1887214630842209,-14.010343551635742,-170.77285766601562,23.44734001159668,36.60541534423828
1776701994474283,-1.095668077468872,-0.00974155031144619,-14.111368179321289,-172.95501708984375,23.381072998046875,37.88372802734375
1776701994484297,-1.2418794631958008,0.13897699117660522,-14.381896018981934,-174.16885375976562,25.76268196105957,39.039329528808594
1776701994494256,-1.3348908424377441,0.17280709743499756,-14.473790168762207,-173.92877197265625,28.170421600341797,39.12113952636719
1776701994504290,-1.3697278499603271,0.22295567393302917,-14.475305557250977,-172.50729370117188,30.66295051574707,39.02759552001953
1776701994514379,-1.3284857273101807,0.3526120185852051,-14.293317794799805,-171.0147247314453,31.558059692382812,38.688331604003906
1776701994524267,-1.3506412506103516,0.4916468858718872,-14.225757598876953,-168.9605255126953,33.22248458862305,38.499847412109375
1776701994534286,-1.4537529945373535,0.4525553584098816,-14.096055030822754,-166.43099975585938,34.481300354003906,38.619258880615234
1776701994544350,-1.3959259986877441,0.407573401927948,-13.991708755493164,-164.57679748535156,35.93994140625,36.97724914550781
1776701994554261,-1.3160440921783447,0.4287233352661133,-13.812076568603516,-163.83230590820312,35.633304595947266,35.953704833984375
1776701994564368,-1.3644587993621826,0.46717366576194763,-13.829050064086914,-164.02853393554688,36.86522674560547,36.36975860595703
1776701994574305,-1.4316685199737549,0.5834218859672546,-13.85905647277832,-164.542724609375,38.29759979248047,37.10151672363281
1776701994584359,-1.5039091110229492,0.6600192189216614,-14.049991607666016,-165.30966186523438,40.85523223876953,37.543487548828125
1776701994594346,-1.5723620653152466,0.6833779811859131,-14.189388275146484,-166.27622985839844,43.13298416137695,37.64617919921875
1776701994604283,-1.6213765144348145,0.6913341879844666,-14.220523834228516,-166.06539916992188,45.92628479003906,37.30677032470703
1776701994614363,-1.6558371782302856,0.8542960286140442,-14.317789077758789,-165.38958740234375,48.62949752807617,37.283042907714844
1776701994624365,-1.6707336902618408,0.9797533750534058,-14.397377014160156,-164.90443420410156,51.33645248413086,36.84660720825195
1776701994634312,-1.768297791481018,0.9410727024078369,-14.357851028442383,-163.7805633544922,53.39274597167969,37.06615447998047
1776701994644359,-1.748039960861206,1.0276379585266113,-14.377681732177734,-164.0352325439453,55.35719680786133,36.504905700683594
1776701994654304,-1.8061845302581787,1.0874238014221191,-14.495914459228516,-164.72451782226562,58.36051940917969,36.320167541503906
1776701994664312,-1.878464937210083,1.1498708724975586,-14.685669898986816,-166.22630310058594,61.64609909057617,36.414581298828125
1776701994674375,-1.857844591140747,1.3229926824569702,-14.960451126098633,-168.38589477539062,65.2823486328125,36.34164047241211
1776701994684360,-1.828693151473999,1.5673414468765259,-15.166450500488281,-170.9508514404297,68.01124572753906,36.96133041381836
1776701994694311,-1.856598973274231,1.7609227895736694,-15.4837646484375,-173.3529510498047,70.27659606933594,37.961334228515625
1776701994704300,-1.9165221452713013,1.9357088804244995,-15.658788681030273,-174.66238403320312,71.94111633300781,38.92485809326172
1776701994714309,-1.9930106401443481,2.0880184173583984,-15.664863586425781,-173.75709533691406,74.04747009277344,39.447608947753906
1776701994724301,-2.0232040882110596,2.209420680999756,-15.563224792480469,-171.04400634765625,75.5064926147461,39.5245361328125
1776701994734297,-2.139071464538574,2.1882317066192627,-15.3251314163208,-166.58639526367188,76.90983581542969,39.300167083740234
1776701994744304,-2.1283788681030273,2.12722110748291,-15.025116920471191,-161.89459228515625,78.2178955078125,37.48518753051758
1776701994754306,-2.0420639514923096,2.0936293601989746,-14.668622016906738,-158.6871795654297,77.241943359375,36.14120864868164
1776701994764308,-2.0795609951019287,2.0005648136138916,-14.561193466186523,-156.89891052246094,77.13186645507812,36.137115478515625
1776701994774314,-2.075563430786133,1.9507808685302734,-14.4271821975708,-156.40957641601562,76.96317291259766,35.57252502441406
1776701994784255,-2.2167062759399414,1.8700653314590454,-14.483330726623535,-155.6460723876953,78.22203826904297,35.688804626464844
1776701994794305,-2.3294239044189453,1.8260105848312378,-14.560800552368164,-155.00283813476562,81.22360229492188,35.43241882324219
1776701994804358,-2.4168174266815186,1.8450716733932495,-14.64570426940918,-154.06919860839844,84.67513275146484,35.22509002685547
1776701994814371,-2.495393753051758,1.948060393333435,-14.741172790527344,-153.11839294433594,87.73435974121094,35.13191223144531
1776701994824307,-2.6287896633148193,1.9336262941360474,-14.751594543457031,-151.69351196289062,88.69419860839844,35.81386184692383
1776701994834308,-2.7103159427642822,1.8866475820541382,-14.634971618652344,-149.57945251464844,89.49589538574219,35.56673812866211
1776701994844323,-2.8557050228118896,1.8214153051376343,-14.561978340148926,-147.12950134277344,90.7918701171875,35.36579132080078
1776701994854347,-2.912421464920044,1.7423855066299438,-14.556285858154297,-145.26345825195312,91.90585327148438,34.899810791015625
1776701994864281,-2.8127493858337402,1.6605877876281738,-14.544650077819824,-144.84063720703125,93.19374084472656,33.12752914428711
1776701994874331,-2.8813695907592773,1.5819439888000488,-14.579479217529297,-145.02317810058594,93.7854232788086,32.99087905883789
1776701994884353,-2.849123954772949,1.6745516061782837,-14.648930549621582,-145.88961791992188,95.13558959960938,33.13128662109375
1776701994894263,-2.9578123092651367,1.6788866519927979,-14.932727813720703,-148.00628662109375,97.12710571289062,33.87154006958008
1776701994904269,-3.0301082134246826,1.6348152160644531,-15.112793922424316,-148.89907836914062,99.0213394165039,33.54477310180664
1776701994914297,-3.059499740600586,1.6976267099380493,-15.25299072265625,-149.83238220214844,101.51129913330078,33.42805480957031
1776701994924347,-3.1845619678497314,1.7875572443008423,-15.489904403686523,-151.5030059814453,102.89441680908203,35.33319854736328
1776701994934316,-3.1945183277130127,1.8839857578277588,-15.67706298828125,-153.36083984375,104.5014877319336,35.517311096191406
1776701994944290,-3.199126958847046,1.9521427154541016,-15.730012893676758,-152.23599243164062,106.8564224243164,34.82954025268555
1776701994954268,-3.275926351547241,1.9506564140319824,-15.756945610046387,-150.0364990234375,109.9749526977539,33.793975830078125
1776701994964244,-3.294675350189209,1.9443238973617554,-15.696096420288086,-149.43338012695312,109.51454162597656,34.24452209472656
1776701994974240,-3.2948110103607178,1.9651529788970947,-15.571840286254883,-148.65138244628906,107.56438446044922,34.82463073730469
1776701994984208,-3.258301258087158,1.9554798603057861,-15.364139556884766,-147.0426025390625,105.57499694824219,35.07426071166992
1776701994994208,-3.25978422164917,1.9711174964904785,-15.173069953918457,-144.8962860107422,104.71127319335938,34.68500518798828
1776701995004257,-3.244980573654175,1.9433668851852417,-14.969685554504395,-142.8873748779297,104.09980010986328,34.44257354736328
1776701995014185,-3.165165901184082,1.9991332292556763,-14.818037986755371,-141.91946411132812,103.54685974121094,34.1861572265625
1776701995024224,-3.2310023307800293,1.944753646850586,-14.842448234558105,-141.25216674804688,104.41947937011719,33.639915466308594
1776701995034237,-3.206839084625244,1.8957422971725464,-14.831027030944824,-140.66635131835938,105.5333480834961,32.61721420288086
1776701995044252,-3.097475051879883,1.9772210121154785,-14.860937118530273,-139.6415557861328,107.85871887207031,31.253557205200195
1776701995054261,-3.0339813232421875,2.055143356323242,-14.913546562194824,-140.48875427246094,109.25546264648438,30.793331146240234
1776701995064179,-2.9496309757232666,2.1414246559143066,-14.93994140625,-140.3540496826172,110.38905334472656,30.22852325439453
1776701995074261,-2.9605648517608643,2.2347168922424316,-14.947660446166992,-139.82998657226562,110.78266906738281,30.961475372314453
1776701995084258,-3.054330825805664,2.312122344970703,-14.928422927856445,-139.0183563232422,111.03242492675781,31.711084365844727
1776701995094214,-3.108750104904175,2.321096897125244,-14.865633964538574,-137.6086883544922,111.97389221191406,31.429672241210938
1776701995104220,-3.2459259033203125,2.259389638900757,-14.794923782348633,-136.8726806640625,111.70154571533203,32.20220184326172
1776701995114253,-3.3446178436279297,2.2112274169921875,-14.876848220825195,-135.80531311035156,114.03942108154297,31.58017349243164
1776701995124298,-3.3671622276306152,2.1420230865478516,-14.952969551086426,-136.1394500732422,114.92072296142578,31.376047134399414
1776701995134256,-3.5209624767303467,2.03637957572937,-15.132241249084473,-138.20306396484375,115.23666381835938,32.58758544921875
1776701995144255,-3.594496250152588,2.0781748294830322,-15.313156127929688,-140.3504638671875,117.03760528564453,33.09349822998047
1776701995154267,-3.660392999649048,2.114321708679199,-15.559391975402832,-141.29379272460938,118.73272705078125,33.50096130371094
1776701995164258,-3.690633773803711,2.2737786769866943,-15.608287811279297,-140.3589324951172,120.49774169921875,33.761627197265625
1776701995174253,-3.7772598266601562,2.307753324508667,-15.591243743896484,-138.42996215820312,121.42511749267578,34.304412841796875
1776701995184206,-3.6215744018554688,2.3854148387908936,-15.3494234085083,-135.2477264404297,120.1577377319336,33.181007385253906
1776701995194239,-3.575554370880127,2.3638272285461426,-14.893853187561035,-131.45968627929688,117.76595306396484,32.93545150756836
1776701995204241,-3.7311747074127197,2.1915740966796875,-14.77075481414795,-129.31427001953125,116.4818115234375,32.94598388671875
1776701995214254,-3.537587881088257,2.0418789386749268,-14.547758102416992,-128.00160217285156,114.46663665771484,31.002761840820312
1776701995224218,-3.347451686859131,1.9656630754470825,-14.383832931518555,-128.2223358154297,112.55621337890625,29.287216186523438
1776701995234165,-3.311011791229248,1.880016565322876,-14.28884220123291,-128.6126708984375,110.86637115478516,29.289379119873047
1776701995244207,-3.29980206489563,1.8681576251983643,-14.38947582244873,-130.23719787597656,110.30203247070312,29.73566436767578
1776701995254273,-3.3593297004699707,1.7809059619903564,-14.486193656921387,-131.51869201660156,110.00092315673828,30.11568832397461
1776701995264275,-3.2260055541992188,1.808424949645996,-14.540679931640625,-133.0707244873047,109.98818969726562,29.056001663208008
1776701995274262,-3.2690281867980957,1.7677799463272095,-14.629626274108887,-134.0743408203125,109.82341003417969,29.660966873168945
1776701995284286,-3.352834463119507,1.7467623949050903,-14.791691780090332,-136.24911499023438,109.76166534423828,30.81937599182129
1776701995294271,-3.365880012512207,1.7910932302474976,-14.935213088989258,-137.8889923095703,111.04207611083984,31.03257179260254
1776701995304285,-3.5357534885406494,1.7127130031585693,-15.201234817504883,-139.41062927246094,112.84794616699219,31.73227882385254
1776701995314262,-3.4941446781158447,1.6771881580352783,-15.423271179199219,-141.22723388671875,113.59730529785156,31.145496368408203
1776701995324284,-3.3479461669921875,1.7385892868041992,-15.402649879455566,-143.17987060546875,112.4397201538086,31.121807098388672
1776701995334265,-3.4603347778320312,1.8159273862838745,-15.532169342041016,-144.11878967285156,112.6925277709961,32.848350524902344
1776701995344248,-3.7201409339904785,1.7695850133895874,-15.622047424316406,-143.58370971679688,113.87207794189453,33.9072265625
1776701995354262,-3.5326523780822754,1.879936695098877,-15.581522941589355,-142.93124389648438,113.67211151123047,33.1523323059082
1776701995364259,-3.675205945968628,1.778400182723999,-15.392050743103027,-141.4813690185547,111.70525360107422,34.008033752441406
1776701995374245,-3.6131770610809326,1.789015293121338,-15.238993644714355,-139.70712280273438,111.73094940185547,33.202171325683594
1776701995384226,-3.4681179523468018,1.8217490911483765,-15.030982971191406,-138.69557189941406,110.41889953613281,32.15324401855469
1776701995394239,-3.5283889770507812,1.7887922525405884,-14.903097152709961,-137.32608032226562,109.07624816894531,32.66509246826172
1776701995404253,-3.5308854579925537,1.7919069528579712,-14.7996826171875,-136.15794372558594,109.9189224243164,32.59585189819336
1776701995414213,-3.5095300674438477,1.7723807096481323,-14.884400367736816,-136.2393035888672,110.857421875,31.77874755859375
1776701995424206,-3.4414353370666504,1.6743382215499878,-14.917296409606934,-136.30197143554688,111.35059356689453,30.34308433532715
1776701995434239,-3.610611915588379,1.5022926330566406,-15.00579833984375,-136.99961853027344,111.67848205566406,31.09077262878418
1776701995444231,-3.5158305168151855,1.590959072113037,-15.073909759521484,-139.0653839111328,111.70039367675781,31.641738891601562
1776701995454227,-3.579693078994751,1.7230788469314575,-15.356094360351562,-141.08489990234375,112.72356414794922,32.566436767578125
1776701995464201,-3.797483444213867,1.587988257408142,-15.629520416259766,-142.31793212890625,114.09855651855469,33.53559494018555
1776701995474199,-3.665823459625244,1.646752119064331,-15.592975616455078,-143.1229248046875,113.73407745361328,33.21780014038086
1776701995484199,-3.736417770385742,1.803790807723999,-15.584709167480469,-143.05433654785156,113.98819732666016,34.39333724975586
1776701995494223,-3.7654430866241455,1.9011837244033813,-15.500821113586426,-140.71243286132812,114.87141418457031,34.42082595825195
1776701995504199,-3.7930703163146973,1.9121979475021362,-15.313200950622559,-137.45706176757812,115.06328582763672,33.80791473388672
1776701995514217,-3.7633719444274902,1.8275114297866821,-15.049787521362305,-133.46022033691406,113.84156799316406,33.11170196533203
1776701995524215,-3.7830047607421875,1.7440130710601807,-14.638914108276367,-129.86181640625,110.99248504638672,32.7918815612793
1776701995534211,-3.651946544647217,1.721055507659912,-14.329571723937988,-127.04313659667969,109.39375305175781,31.50411033630371
1776701995544228,-3.495354652404785,1.6286537647247314,-14.054332733154297,-124.32904052734375,107.70793914794922,29.44695281982422
1776701995554201,-3.3833065032958984,1.5770031213760376,-13.758350372314453,-122.8721694946289,105.75344848632812,28.718585968017578
1776701995564199,-3.4882805347442627,1.5696181058883667,-13.648933410644531,-122.49187469482422,105.03536224365234,29.682477951049805
1776701995574196,-3.5594747066497803,1.5949112176895142,-13.751280784606934,-122.79010772705078,106.44939422607422,29.900266647338867
1776701995584208,-3.6301608085632324,1.6069613695144653,-13.835695266723633,-123.21690368652344,107.98029327392578,30.09598159790039
1776701995594259,-3.814828872680664,1.4758985042572021,-14.111246109008789,-124.255615234375,110.50687408447266,30.230300903320312
1776701995604202,-3.785885810852051,1.4647248983383179,-14.284486770629883,-125.78807830810547,112.00193786621094,29.803916931152344
1776701995614214,-3.8483123779296875,1.5231354236602783,-14.539999008178711,-128.0193634033203,113.75857543945312,30.61617088317871
1776701995624223,-3.976992130279541,1.5356638431549072,-14.745948791503906,-130.155029296875,114.9060287475586,31.838993072509766
1776701995634205,-4.130547523498535,1.587794303894043,-15.00070571899414,-131.30458068847656,117.38328552246094,32.56098175048828
1776701995644204,-4.102646350860596,1.6718648672103882,-15.192607879638672,-131.7472381591797,119.34886932373047,32.03716278076172
1776701995654201,-4.154264450073242,1.6589832305908203,-15.283514022827148,-131.0713348388672,120.96617126464844,31.646024703979492
1776701995664211,-4.185208797454834,1.5864851474761963,-15.192839622497559,-130.5462188720703,120.73834228515625,31.43364715576172
1776701995674209,-4.232752323150635,1.5542607307434082,-15.227883338928223,-129.61001586914062,121.65209197998047,31.25328826904297
1776701995684217,-4.303479194641113,1.4241573810577393,-15.230361938476562,-129.44102478027344,121.23377990722656,31.212337493896484
1776701995694201,-4.215945243835449,1.4122124910354614,-15.143424987792969,-129.14599609375,121.3436050415039,30.31387710571289
1776701995704241,-3.854499101638794,1.5636368989944458,-15.193632125854492,-130.18063354492188,122.53038024902344,28.027158737182617
1776701995714204,-3.5692849159240723,1.6660104990005493,-15.162257194519043,-130.87217712402344,122.18757629394531,26.27027702331543
1776701995724197,-3.6423726081848145,1.6911695003509521,-15.207161903381348,-131.74082946777344,121.92945861816406,26.93171501159668
1776701995734239,-3.830012559890747,1.7183263301849365,-15.363630294799805,-132.89697265625,122.87621307373047,28.69071388244629
1776701995744201,-4.120207786560059,1.6767839193344116,-15.557450294494629,-133.58026123046875,124.11079406738281,30.541122436523438
1776701995754246,-4.250466346740723,1.69087815284729,-15.639540672302246,-133.76278686523438,124.87754821777344,31.69961929321289
1776701995764223,-4.339473247528076,1.7097623348236084,-15.653100967407227,-133.13487243652344,125.02469635009766,32.60427474975586
1776701995774201,-4.370864391326904,1.7089530229568481,-15.623984336853027,-131.83016967773438,126.01725769042969,31.74824333190918
1776701995784206,-4.2846784591674805,1.5612637996673584,-15.540481567382812,-129.7065887451172,125.78780364990234,29.7820987701416
1776701995794215,-4.135047912597656,1.4093502759933472,-15.272281646728516,-127.69123840332031,123.67074584960938,28.151403427124023
1776701995804201,-4.066045761108398,1.4036998748779297,-14.9473876953125,-126.21154022216797,121.22390747070312,28.297025680541992
1776701995814124,-4.059456825256348,1.5146352052688599,-14.793336868286133,-125.56639862060547,119.77174377441406,29.155813217163086
1776701995824228,-4.094728946685791,1.5681850910186768,-14.777244567871094,-125.42379760742188,119.5487060546875,30.001440048217773
1776701995834225,-4.052772045135498,1.5374600887298584,-14.775819778442383,-125.55859375,119.14784240722656,29.75411033630371
1776701995844207,-4.0246405601501465,1.5394970178604126,-14.714954376220703,-125.40786743164062,118.37258911132812,29.686677932739258
1776701995854202,-3.9805076122283936,1.5541045665740967,-14.650075912475586,-125.66529846191406,117.76239013671875,29.769975662231445
1776701995864128,-3.9763009548187256,1.613463282585144,-14.701866149902344,-126.23875427246094,117.78277587890625,30.092756271362305
1776701995874208,-3.9709701538085938,1.6080604791641235,-14.819865226745605,-126.56230163574219,118.52153778076172,29.95962905883789
1776701995884240,-3.9497573375701904,1.5598143339157104,-14.807948112487793,-126.88721466064453,118.42899322509766,29.26190185546875
1776701995894115,-3.925576686859131,1.5112403631210327,-14.854965209960938,-127.11219787597656,118.55950927734375,28.794143676757812
1776701995904115,-3.8616435527801514,1.5050485134124756,-14.788993835449219,-127.50347900390625,118.40309143066406,28.381528854370117
1776701995914127,-3.836707592010498,1.537581443786621,-14.814108848571777,-127.6312026977539,118.49574279785156,28.440786361694336
1776701995924110,-3.799506664276123,1.5295392274856567,-14.84742546081543,-127.70110321044922,118.50907897949219,28.070314407348633
1776701995934119,-3.7651853561401367,1.4991357326507568,-14.878396987915039,-127.45374298095703,118.84951782226562,27.377605438232422
1776701995944126,-3.6747801303863525,1.4896820783615112,-14.821165084838867,-127.22489166259766,118.1998519897461,26.797914505004883
1776701995954108,-3.674185276031494,1.5126488208770752,-14.779497146606445,-127.02745056152344,118.20079040527344,26.726415634155273
1776701995964120,-3.5834856033325195,1.511520504951477,-14.732364654541016,-126.69192504882812,118.47062683105469,26.193603515625
1776701995974119,-3.5383400917053223,1.4571998119354248,-14.775132179260254,-126.56565856933594,118.63262939453125,25.127843856811523
1776701995984129,-3.4768645763397217,1.4188694953918457,-14.688921928405762,-125.95561218261719,118.07868194580078,24.25495719909668
1776701995994119,-3.3875885009765625,1.4232720136642456,-14.611248016357422,-125.83006286621094,118.01805877685547,23.750545501708984
1776701996004200,-3.3929243087768555,1.4131560325622559,-14.584075927734375,-125.54651641845703,117.773193359375,23.690309524536133
1776701996014110,-3.333263874053955,1.4424490928649902,-14.582353591918945,-125.43939208984375,117.62557983398438,23.351688385009766
1776701996024134,-3.3020334243774414,1.4296132326126099,-14.585796356201172,-125.43157196044922,117.78712463378906,23.16962242126465
1776701996034117,-3.1935954093933105,1.4526537656784058,-14.49578857421875,-125.15208435058594,117.47982025146484,22.38467025756836
1776701996044206,-3.0876564979553223,1.5135287046432495,-14.516459465026855,-124.81788635253906,118.02722930908203,21.6001033782959
1776701996054201,-2.9843873977661133,1.490225911140442,-14.460658073425293,-124.34159851074219,117.69172668457031,20.89490509033203
1776701996064116,-2.9084813594818115,1.4803367853164673,-14.420096397399902,-124.21900939941406,117.77743530273438,20.178720474243164
1776701996074138,-2.8440871238708496,1.4493919610977173,-14.40103530883789,-124.0047607421875,117.60143280029297,19.42805290222168
1776701996084249,-2.784506320953369,1.4605685472488403,-14.334376335144043,-123.79537963867188,117.65593719482422,18.842700958251953
1776701996094130,-2.7212414741516113,1.439286231994629,-14.353706359863281,-123.51866149902344,117.64738464355469,18.19033432006836
1776701996104130,-2.6112618446350098,1.4528406858444214,-14.306181907653809,-123.12572479248047,117.68134307861328,17.321475982666016
1776701996114150,-2.4990768432617188,1.462689757347107,-14.247761726379395,-122.9495620727539,117.79550170898438,16.231163024902344
1776701996124124,-2.3812386989593506,1.4753082990646362,-14.20513916015625,-122.70280456542969,117.48526763916016,15.652223587036133
1776701996134139,-2.3080332279205322,1.4798011779785156,-14.16650104522705,-122.6672592163086,117.73236846923828,15.026435852050781
1776701996144117,-2.2861061096191406,1.4875885248184204,-14.131900787353516,-122.19967651367188,117.36534118652344,14.917329788208008
1776701996154116,-2.1745924949645996,1.5081292390823364,-14.11002254486084,-122.16111755371094,117.74147033691406,14.085020065307617
1776701996164112,-2.093982219696045,1.4887337684631348,-14.12254810333252,-121.84095764160156,117.48918151855469,13.383672714233398
1776701996174114,-2.0060548782348633,1.4787237644195557,-14.095369338989258,-121.5994873046875,117.58335876464844,12.823095321655273
1776701996184116,-1.8691108226776123,1.5015326738357544,-14.02404499053955,-121.33846282958984,117.95677947998047,11.665132522583008
1776701996194090,-1.8223520517349243,1.4815033674240112,-14.011049270629883,-121.06773376464844,117.68143463134766,11.274589538574219
1776701996204130,-1.6959283351898193,1.5003784894943237,-13.967445373535156,-121.12370300292969,117.38520812988281,10.506414413452148
1776701996214100,-1.6224843263626099,1.5065088272094727,-13.937627792358398,-120.77597045898438,117.42088317871094,10.09244155883789
1776701996224118,-1.508003830909729,1.535683035850525,-13.908356666564941,-120.6698226928711,117.6557388305664,9.364356994628906
1776701996234131,-1.4100183248519897,1.5651057958602905,-13.901904106140137,-120.35299682617188,117.83241271972656,8.547447204589844
1776701996244123,-1.2924472093582153,1.5718419551849365,-13.904691696166992,-120.21023559570312,117.66265869140625,7.670448303222656
1776701996254130,-1.1505253314971924,1.5794730186462402,-13.794161796569824,-119.88971710205078,117.9949722290039,6.623529434204102
1776701996264072,-1.0669639110565186,1.5658949613571167,-13.804739952087402,-119.5955810546875,118.10591125488281,5.598791122436523
1776701996274138,-0.9286465644836426,1.566751480102539,-13.6875,-119.15596008300781,117.73857879638672,4.673534393310547
1776701996284138,-0.8182735443115234,1.5658389329910278,-13.714405059814453,-119.17353820800781,118.31399536132812,3.5399246215820312
1776701996294067,-0.6400524377822876,1.5870128870010376,-13.628761291503906,-118.72444152832031,118.31576538085938,2.1291046142578125
1776701996304077,-0.4368278980255127,1.6056921482086182,-13.600793838500977,-118.27398681640625,118.82312774658203,0.46184730529785156
1776701996314071,-0.2624572515487671,1.5859321355819702,-13.515615463256836,-117.91226196289062,118.439697265625,-0.7281036376953125
1776701996324076,-0.08667397499084473,1.6132211685180664,-13.4717435836792,-117.64236450195312,118.5934066772461,-2.1179676055908203
1776701996334090,0.02175319194793701,1.6195162534713745,-13.385683059692383,-117.0322265625,118.17283630371094,-3.0281782150268555
1776701996344088,0.14936816692352295,1.6153074502944946,-13.357122421264648,-116.7253646850586,118.29487609863281,-3.9717025756835938
1776701996354072,0.3182476758956909,1.6378084421157837,-13.320808410644531,-116.39276123046875,118.6108169555664,-5.412141799926758
1776701996364076,0.43946969509124756,1.6308016777038574,-13.241342544555664,-115.85879516601562,118.36477661132812,-6.578116416931152
1776701996374085,0.6046385765075684,1.6355732679367065,-13.21361255645752,-115.51109313964844,118.4292984008789,-7.802221298217773
1776701996384087,0.7228604555130005,1.6150636672973633,-13.144478797912598,-115.09040832519531,118.49803924560547,-9.003650665283203
1776701996394089,0.8620918989181519,1.6042248010635376,-13.087096214294434,-114.9216079711914,118.08920288085938,-9.926003456115723
1776701996404114,1.040291666984558,1.6518621444702148,-13.016199111938477,-114.48561096191406,118.25041961669922,-11.166036605834961
1776701996414073,1.239680528640747,1.6423367261886597,-12.969154357910156,-114.16775512695312,118.47600555419922,-12.924004554748535
1776701996424121,1.3331024646759033,1.6297180652618408,-12.89691162109375,-113.49652099609375,117.84548950195312,-13.677013397216797
1776701996434078,1.5256024599075317,1.6716407537460327,-12.815043449401855,-113.04706573486328,118.09273529052734,-15.341209411621094
1776701996444089,1.7241343259811401,1.653424620628357,-12.804197311401367,-112.54402923583984,117.86466979980469,-16.84347152709961
1776701996454110,1.869472861289978,1.640609860420227,-12.670881271362305,-112.1002426147461,117.7008056640625,-18.486469268798828
1776701996464086,2.0686347484588623,1.6440837383270264,-12.644791603088379,-111.42352294921875,117.97391510009766,-20.48752212524414
1776701996474114,2.2815961837768555,1.6068062782287598,-12.58499526977539,-111.05809783935547,117.58970642089844,-22.416751861572266
1776701996484144,2.4023923873901367,1.580513596534729,-12.448834419250488,-110.26118469238281,116.94386291503906,-23.64275360107422
1776701996494082,2.5114684104919434,1.5840953588485718,-12.363015174865723,-109.78547668457031,116.79987335205078,-24.84269905090332
1776701996504105,2.750572681427002,1.5919365882873535,-12.374858856201172,-109.42453002929688,117.29292297363281,-27.36097526550293
1776701996514075,2.940730333328247,1.5709360837936401,-12.226696014404297,-108.69718170166016,116.6683120727539,-29.584781646728516
1776701996524091,2.840810537338257,1.4798922538757324,-12.076372146606445,-107.50969696044922,114.64881134033203,-29.598243713378906
1776701996534072,2.7486472129821777,1.4761501550674438,-11.984652519226074,-106.50088500976562,113.85669708251953,-29.090255737304688
1776701996544074,2.762920379638672,1.4808932542800903,-11.859842300415039,-104.94705200195312,112.87351989746094,-29.632484436035156
1776701996554051,2.778339147567749,1.458181381225586,-11.65462589263916,-103.11511993408203,111.38983154296875,-29.829050064086914
1776701996564077,2.750683307647705,1.4275730848312378,-11.469801902770996,-101.35062408447266,109.3660888671875,-29.041255950927734
1776701996574094,2.697993755340576,1.4131207466125488,-11.276758193969727,-99.39571380615234,107.91785430908203,-28.658733367919922
1776701996584049,2.651183605194092,1.4032307863235474,-11.028852462768555,-97.47196960449219,105.90422821044922,-28.204627990722656
1776701996594074,2.6230483055114746,1.4121662378311157,-10.85644245147705,-95.88797760009766,104.04328155517578,-27.76719856262207
1776701996604080,2.5840377807617188,1.4026669263839722,-10.66400146484375,-94.25503540039062,102.68400573730469,-27.104406356811523
1776701996614055,2.5560531616210938,1.3974043130874634,-10.496513366699219,-92.79044342041016,100.7152099609375,-26.453609466552734
1776701996624081,2.438899040222168,1.3777700662612915,-10.348901748657227,-91.4231948852539,99.23011016845703,-25.222505569458008
1776701996634078,2.394639015197754,1.397966980934143,-10.164507865905762,-89.95909881591797,97.30144500732422,-24.877716064453125
1776701996644083,2.437046527862549,1.3895183801651,-9.996745109558105,-88.60480499267578,95.1822509765625,-24.933570861816406
1776701996654040,2.408863067626953,1.3490780591964722,-9.728090286254883,-86.79058837890625,92.48546600341797,-24.443187713623047
1776701996664010,2.3636536598205566,1.3257019519805908,-9.49887752532959,-85.00408935546875,89.83214569091797,-23.492595672607422
1776701996674119,2.307724952697754,1.3344171047210693,-9.323310852050781,-83.58412170410156,87.40319061279297,-22.730228424072266
1776701996684118,2.3485279083251953,1.3729665279388428,-9.077986717224121,-82.2991714477539,85.07611083984375,-22.225692749023438
1776701996694101,2.2102038860321045,1.377668023109436,-8.851696014404297,-80.96726989746094,82.94635009765625,-20.687524795532227
1776701996704077,2.0634491443634033,1.352475643157959,-8.68093490600586,-79.40469360351562,80.77094268798828,-19.170143127441406
1776701996714059,1.838766098022461,1.3063069581985474,-8.444775581359863,-77.37837982177734,78.48275756835938,-17.227405548095703
1776701996724045,1.7020035982131958,1.2695709466934204,-8.273743629455566,-75.03543853759766,77.23933410644531,-16.468727111816406
1776701996734080,1.8196656703948975,1.2332892417907715,-8.138930320739746,-72.85194396972656,75.87342834472656,-17.806991577148438
1776701996744028,2.0061025619506836,1.1448763608932495,-7.8147196769714355,-70.82826232910156,74.00994110107422,-19.55978775024414
1776701996754093,1.9871389865875244,1.0434139966964722,-7.58969783782959,-68.23951721191406,71.93949127197266,-19.842378616333008
1776701996764102,1.973987102508545,0.9403608441352844,-7.381809234619141,-67.0567626953125,70.07968139648438,-20.13656234741211
1776701996774028,2.0649092197418213,0.9330907464027405,-7.204223155975342,-66.23921966552734,67.8647232055664,-20.37075424194336
1776701996784086,2.006948471069336,0.8945599794387817,-7.132582187652588,-64.91826629638672,66.63925170898438,-20.143024444580078
1776701996794041,1.993994951248169,0.8449469208717346,-7.000792980194092,-64.10477447509766,64.97515106201172,-19.630229949951172
1776701996804117,2.012608528137207,0.868279218673706,-6.826511859893799,-63.40675735473633,63.530635833740234,-19.65468978881836
1776701996814097,1.9821836948394775,0.867946982383728,-6.798340797424316,-63.39862060546875,62.49583435058594,-19.099117279052734
1776701996824082,2.0094001293182373,0.844863772392273,-6.822474956512451,-63.61709213256836,61.65550231933594,-19.304893493652344
1776701996834087,2.0688676834106445,0.8285797834396362,-6.774425506591797,-64.43622589111328,61.256378173828125,-19.93277931213379
1776701996844109,2.136592149734497,0.8402581810951233,-6.811741352081299,-65.2767105102539,60.583778381347656,-20.014677047729492
1776701996854114,2.185488224029541,0.8837196230888367,-6.859287738800049,-66.03932189941406,60.40852355957031,-20.066829681396484
1776701996864082,2.169440507888794,0.8783764839172363,-6.871705055236816,-67.19596862792969,60.133174896240234,-19.878040313720703
1776701996874047,2.209935188293457,0.8805725574493408,-6.930946350097656,-68.040283203125,59.50883865356445,-19.8803653717041
1776701996884085,2.226871967315674,0.8914819359779358,-6.989309310913086,-68.88359069824219,59.797122955322266,-20.207210540771484
1776701996894044,2.232110023498535,0.9053352475166321,-6.989357948303223,-69.0663070678711,59.89403533935547,-20.092357635498047
1776701996904046,2.094740867614746,0.9264928698539734,-6.945620059967041,-68.41824340820312,59.995880126953125,-19.09021759033203
1776701996914083,2.1358723640441895,0.9901229739189148,-6.957776069641113,-67.60794067382812,59.37616729736328,-19.153085708618164
1776701996924048,2.1181328296661377,0.9550918936729431,-6.749722480773926,-66.17151641845703,57.57018280029297,-18.860790252685547
1776701996934014,2.0131444931030273,0.931788444519043,-6.494861125946045,-63.79844665527344,55.989959716796875,-17.859148025512695
1776701996944046,1.976369857788086,0.9832309484481812,-6.269684791564941,-61.78603744506836,53.80436325073242,-16.89263153076172
1776701996954043,1.8836984634399414,0.9886705875396729,-6.103872776031494,-59.67829132080078,51.44676971435547,-15.717490196228027
1776701996964050,1.8082588911056519,0.8691427707672119,-5.85975980758667,-58.4266357421875,49.098114013671875,-15.09316635131836
1776701996974022,1.8019789457321167,0.8194856643676758,-5.708027362823486,-56.63774108886719,47.86701965332031,-15.307807922363281
1776701996984078,1.8220465183258057,0.7961599826812744,-5.596961975097656,-56.486900329589844,46.67703628540039,-15.45159912109375
1776701996994040,1.857219934463501,0.7229066491127014,-5.694412708282471,-57.53868865966797,46.769287109375,-16.185680389404297
1776701997004055,1.9136325120925903,0.6870729923248291,-5.830300331115723,-59.63423538208008,47.52198791503906,-16.897111892700195
1776701997014011,2.077425241470337,0.6823439598083496,-6.084958553314209,-63.138893127441406,48.17314910888672,-17.865840911865234
1776701997024108,2.240410566329956,0.713951587677002,-6.456057071685791,-67.47964477539062,49.2540397644043,-18.82042121887207
1776701997034039,2.3756468296051025,0.7702423930168152,-6.706909656524658,-71.52045440673828,50.21043014526367,-19.603111267089844
1776701997044103,2.4682326316833496,0.9027107954025269,-7.027962684631348,-74.36280822753906,51.51295471191406,-19.51400375366211
1776701997054077,2.4110164642333984,0.9297319054603577,-7.240726947784424,-76.48030090332031,51.965965270996094,-19.025772094726562
1776701997064048,2.475578784942627,0.974291205406189,-7.378669261932373,-77.76815032958984,51.5159912109375,-19.191513061523438
1776701997074074,2.4105024337768555,0.9804856777191162,-7.179981231689453,-76.78626251220703,50.64240646362305,-18.557170867919922
1776701997084080,2.2620182037353516,1.0573687553405762,-7.133597373962402,-75.44662475585938,49.97835922241211,-16.882213592529297
1776701997094039,2.183284282684326,1.069827675819397,-6.93977165222168,-72.93514251708984,48.9395751953125,-15.906438827514648
1776701997104026,2.047032594680786,1.0482573509216309,-6.686674118041992,-70.02043151855469,47.21524429321289,-15.027936935424805
1776701997114034,1.9134554862976074,0.9540202617645264,-6.321067810058594,-66.24706268310547,44.703582763671875,-14.130339622497559
1776701997124053,1.8646602630615234,0.9018175005912781,-5.950139999389648,-62.60821533203125,41.81931686401367,-13.669244766235352
1776701997134043,1.7756942510604858,0.8295987248420715,-5.53816556930542,-58.773231506347656,38.78889846801758,-12.898164749145508
1776701997144025,1.7326083183288574,0.8310381174087524,-5.208837509155273,-55.410545349121094,36.83480453491211,-12.765676498413086
1776701997154018,1.6571718454360962,0.7776988744735718,-4.90108060836792,-52.37921142578125,34.867855072021484,-12.007157325744629
1776701997164040,1.5973875522613525,0.7284075617790222,-4.765238285064697,-50.51034164428711,33.87895202636719,-11.746282577514648
1776701997174035,1.6341434717178345,0.6419949531555176,-4.708312511444092,-50.56422424316406,32.79016876220703,-12.317463874816895
1776701997184028,1.8487846851348877,0.586432695388794,-4.792313098907471,-53.09263229370117,31.012039184570312,-13.686075210571289
1776701997194034,2.065563440322876,0.5401180386543274,-5.109858512878418,-58.161678314208984,30.77727508544922,-14.908552169799805
1776701997204049,2.324174165725708,0.4990134835243225,-5.662226676940918,-65.47476959228516,31.570770263671875,-16.966493606567383
1776701997214007,2.7320685386657715,0.5034729838371277,-6.291713714599609,-74.48258972167969,31.600120544433594,-20.059541702270508
1776701997224044,3.046391725540161,0.4741940200328827,-7.04536247253418,-84.63050079345703,30.646038055419922,-21.59865951538086
1776701997233998,3.4344680309295654,0.5761649012565613,-7.66442346572876,-93.9052505493164,30.642005920410156,-23.946819305419922
1776701997243975,3.537616729736328,0.7143848538398743,-8.168590545654297,-101.20475769042969,30.24281883239746,-23.30643081665039
1776701997253971,3.5453357696533203,0.8166336417198181,-8.668593406677246,-105.13770294189453,32.28739547729492,-22.763996124267578
1776701997263971,3.5536978244781494,0.8685709834098816,-8.82650089263916,-105.96640014648438,33.93505859375,-23.310884475708008
1776701997274001,3.4811172485351562,0.8864754438400269,-8.698837280273438,-103.8948745727539,32.980934143066406,-22.395267486572266
1776701997284040,3.2809090614318848,0.9629635214805603,-8.31787395477295,-98.97976684570312,32.686241149902344,-20.756418228149414
1776701997294061,2.961758613586426,0.9297617077827454,-7.908942222595215,-92.77233123779297,32.200984954833984,-18.464012145996094
1776701997304000,2.712174415588379,0.918620228767395,-7.345335960388184,-85.07454681396484,31.012418746948242,-16.97518539428711
1776701997314037,2.465237617492676,0.895972728729248,-6.593954086303711,-77.04029846191406,28.34046173095703,-15.099785804748535
1776701997324001,2.239025354385376,0.8396500945091248,-5.935578346252441,-68.78997039794922,26.21815299987793,-13.47315788269043
1776701997333996,1.921959638595581,0.7678797245025635,-5.162431716918945,-59.293338775634766,24.025123596191406,-11.737285614013672
1776701997344012,1.6563522815704346,0.7271410226821899,-4.566133499145508,-51.751319885253906,21.420543670654297,-9.689863204956055
1776701997353998,1.4587764739990234,0.5799471139907837,-3.9483819007873535,-44.73930740356445,19.151399612426758,-8.86115837097168
1776701997364014,1.2986983060836792,0.4899740219116211,-3.471081018447876,-39.17512512207031,16.874937057495117,-7.820796012878418
1776701997374033,1.2153594493865967,0.44318217039108276,-3.1413447856903076,-35.657989501953125,15.176604270935059,-7.32972526550293
1776701997383994,1.2181977033615112,0.3889416754245758,-2.9103386402130127,-34.054222106933594,13.616511344909668,-7.514505863189697
1776701997393993,1.2606340646743774,0.32017484307289124,-2.9220876693725586,-34.85855484008789,12.724332809448242,-7.736685752868652
1776701997404036,1.4364084005355835,0.23666195571422577,-3.0775980949401855,-37.60649871826172,11.694544792175293,-9.337000846862793
1776701997414018,1.6982944011688232,0.17997337877750397,-3.435676336288452,-43.395118713378906,11.065301895141602,-11.216045379638672
1776701997424040,2.0094122886657715,0.18303963541984558,-4.065527439117432,-51.7634391784668,10.99802017211914,-13.031383514404297
1776701997433997,2.373157024383545,0.11673877388238907,-4.802725315093994,-62.05154800415039,10.595038414001465,-15.347978591918945
1776701997444037,2.7836594581604004,0.13121622800827026,-5.6315765380859375,-72.84187316894531,10.487458229064941,-17.56966781616211
1776701997454043,3.117809772491455,0.19076865911483765,-6.469162940979004,-84.12559509277344,9.874322891235352,-19.644493103027344
1776701997463995,3.4719996452331543,0.214745432138443,-7.288461685180664,-94.5973129272461,9.817517280578613,-21.532020568847656
1776701997474044,3.7650110721588135,0.19616620242595673,-8.060384750366211,-103.91213989257812,8.997628211975098,-23.38628387451172
1776701997484036,3.9422571659088135,0.19263909757137299,-8.494538307189941,-110.04495239257812,7.770254135131836,-24.092937469482422
1776701997493990,3.9534201622009277,0.1471618264913559,-8.804217338562012,-113.0323486328125,7.534514427185059,-23.713315963745117
1776701997504006,3.845569610595703,0.18526995182037354,-8.726012229919434,-111.6053466796875,7.478590965270996,-22.940231323242188
1776701997514048,3.591503858566284,0.19021205604076385,-8.42319393157959,-106.41780090332031,7.717461109161377,-20.855976104736328
1776701997523975,3.290356397628784,0.2216240018606186,-7.833359241485596,-98.51654052734375,6.8144025802612305,-18.88970947265625
1776701997533985,2.9429516792297363,0.25165262818336487,-6.972210884094238,-87.63428497314453,6.377679347991943,-16.505718231201172
1776701997543970,2.543184757232666,0.2698209285736084,-6.058136940002441,-76.06379699707031,6.633472442626953,-14.322036743164062
1776701997553928,2.119175434112549,0.30819934606552124,-5.229032039642334,-64.56964111328125,6.191184043884277,-11.383460998535156
1776701997563936,1.7666277885437012,0.29607686400413513,-4.348146915435791,-54.12638854980469,5.509961128234863,-9.269573211669922
1776701997573981,1.4785488843917847,0.277078777551651,-3.6650614738464355,-44.93694305419922,5.674952030181885,-7.879199028015137
1776701997583967,1.269237995147705,0.24971941113471985,-3.042917490005493,-37.98807144165039,5.235212326049805,-6.8329267501831055
1776701997593993,1.133260726928711,0.23063471913337708,-2.6860833168029785,-33.30546569824219,4.721043109893799,-5.994909763336182
1776701997604044,1.093353033065796,0.16591796278953552,-2.5000803470611572,-31.091585159301758,4.308302402496338,-5.880541801452637
1776701997614013,1.1404322385787964,0.10931163281202316,-2.4785494804382324,-31.652921676635742,3.9170379638671875,-6.455962657928467
1776701997623971,1.2926433086395264,0.06498637795448303,-2.6554174423217773,-35.10843276977539,3.796696424484253,-7.477579593658447
1776701997633970,1.5741043090820312,0.03669734671711922,-3.13633394241333,-41.641239166259766,4.0422444343566895,-9.35498046875
1776701997643971,1.917920470237732,0.03746597468852997,-3.789546012878418,-50.35293197631836,3.9171950817108154,-11.313786506652832
1776701997653992,2.3032891750335693,0.0503532849252224,-4.597288608551025,-60.995418548583984,4.416051864624023,-14.063769340515137
1776701997663994,2.686063051223755,0.052977077662944794,-5.477050304412842,-72.74365997314453,5.270086288452148,-16.683212280273438
1776701997673993,3.078064441680908,0.011883161030709743,-6.477442741394043,-84.95643615722656,5.080260276794434,-18.708847045898438
1776701997684008,3.539008855819702,-0.07098943740129471,-7.432328224182129,-97.45848083496094,3.615929126739502,-21.40021514892578
1776701997694000,3.8239548206329346,-0.11532401293516159,-8.280841827392578,-109.33417510986328,3.0515007972717285,-22.843475341796875
1776701997703992,4.021838665008545,-0.13368061184883118,-8.935945510864258,-117.98117065429688,2.945080280303955,-23.809513092041016
1776701997713954,4.034621238708496,-0.036516547203063965,-9.407294273376465,-122.804443359375,3.678183078765869,-23.186752319335938
1776701997723963,3.9420647621154785,0.06374257057905197,-9.451333045959473,-122.47579193115234,3.770524501800537,-21.93654441833496
1776701997734012,3.719639539718628,0.15349769592285156,-9.178160667419434,-117.81074523925781,4.959137916564941,-20.281911849975586
1776701997743959,3.432694911956787,0.22517168521881104,-8.643861770629883,-110.02420043945312,6.486380100250244,-18.497821807861328
1776701997753915,3.1118621826171875,0.2842673659324646,-7.964234352111816,-100.4448471069336,7.31404447555542,-16.599853515625
1776701997763926,2.762373924255371,0.3047329783439636,-7.1814374923706055,-89.96077728271484,7.2815070152282715,-14.547422409057617
1776701997773951,2.4921460151672363,0.2854084074497223,-6.379276752471924,-79.71683502197266,6.938393592834473,-13.020185470581055
1776701997783953,2.2097103595733643,0.2865075469017029,-5.616344928741455,-70.02306365966797,6.808722496032715,-11.713611602783203
1776701997793962,1.9342522621154785,0.2598024904727936,-4.923003196716309,-61.41265106201172,5.859831809997559,-9.940948486328125
1776701997803994,1.7281068563461304,0.25334325432777405,-4.340474605560303,-53.90354537963867,5.314228057861328,-9.062454223632812
1776701997813952,1.6121809482574463,0.21388773620128632,-3.8811044692993164,-48.56043243408203,5.220261573791504,-8.457664489746094
1776701997824016,1.5297749042510986,0.15735019743442535,-3.6383633613586426,-46.388710021972656,4.657370567321777,-8.169902801513672
1776701997833969,1.590278148651123,0.1283692866563797,-3.630596160888672,-46.491363525390625,3.9768524169921875,-8.902475357055664
1776701997844015,1.7567708492279053,0.06304068863391876,-3.8259830474853516,-49.51504135131836,2.833156108856201,-9.892351150512695
1776701997853995,1.9591410160064697,0.007173203397542238,-4.1717634201049805,-54.506805419921875,2.5143256187438965,-11.235701560974121
1776701997863954,2.2497894763946533,0.0015150988474488258,-4.669286251068115,-61.59150695800781,2.092912197113037,-13.083953857421875
1776701997873989,2.522005558013916,0.006221768446266651,-5.254962921142578,-69.8327865600586,1.3190288543701172,-14.5900297164917
1776701997884007,2.7834320068359375,-0.0129639757797122,-5.951261043548584,-78.98094177246094,1.0053091049194336,-16.03106117248535
1776701997893961,3.049276828765869,-0.038081031292676926,-6.679734230041504,-87.97282409667969,0.5162613391876221,-17.557933807373047
1776701997903941,3.2752203941345215,-0.06200113892555237,-7.313025951385498,-96.10665893554688,-0.3224823474884033,-18.831886291503906
1776701997913918,3.3957176208496094,-0.06689780950546265,-7.830575466156006,-101.73899841308594,-0.9216129779815674,-18.90753936767578
1776701997923914,3.4221582412719727,-0.03455200791358948,-8.072977066040039,-104.2111587524414,-0.7686305046081543,-19.057350158691406
1776701997933953,3.3332815170288086,0.02060793712735176,-8.041460037231445,-102.97828674316406,0.1811659336090088,-18.235261917114258
1776701997943953,3.1491551399230957,0.11891765147447586,-7.705684661865234,-97.57666778564453,1.7576677799224854,-17.24098777770996
1776701997953953,2.904827117919922,0.1749899685382843,-7.111192226409912,-89.79076385498047,3.5906901359558105,-15.958344459533691
1776701997963953,2.615224838256836,0.20941585302352905,-6.412405014038086,-80.3831558227539,5.047373294830322,-14.259981155395508
1776701997973950,2.343219518661499,0.2498006969690323,-5.662496089935303,-71.22600555419922,5.591994285583496,-12.86595344543457
1776701997983931,2.0540661811828613,0.3166382908821106,-4.98123025894165,-61.95109176635742,6.091089725494385,-11.18358039855957
1776701997993977,1.754682183265686,0.25033777952194214,-4.3356218338012695,-53.546180725097656,5.357567310333252,-9.198534965515137
1776701998004008,1.549363613128662,0.22434665262699127,-3.7374343872070312,-46.39107894897461,4.548874855041504,-8.32075309753418
1776701998013954,1.3942012786865234,0.2316577136516571,-3.2619893550872803,-41.04610824584961,4.333939075469971,-7.540719032287598
1776701998024008,1.3064528703689575,0.16374194622039795,-3.0074729919433594,-38.07402801513672,3.938094139099121,-6.907773971557617
1776701998033947,1.315464973449707,0.0984189510345459,-2.9090399742126465,-37.218910217285156,3.6409544944763184,-7.271487236022949
1776701998043985,1.3940082788467407,0.05237794667482376,-2.977499008178711,-38.59028625488281,3.0135903358459473,-7.735723972320557
1776701998053920,1.565674066543579,0.04042769595980644,-3.200144052505493,-42.48805618286133,2.6815450191497803,-9.039480209350586
1776701998063907,1.7712658643722534,0.04809795692563057,-3.618790626525879,-47.73432922363281,2.468956708908081,-10.387190818786621
1776701998073958,2.0248780250549316,0.022617805749177933,-4.169435977935791,-54.83004379272461,1.9598026275634766,-11.905315399169922
1776701998083967,2.289307117462158,0.00752941844984889,-4.74421501159668,-62.397010803222656,1.3116788864135742,-13.561540603637695
1776701998093890,2.5584428310394287,0.005306023173034191,-5.368215084075928,-70.05643463134766,0.5995383262634277,-15.056415557861328
1776701998103906,2.804473638534546,0.04067642241716385,-5.896143913269043,-76.85437774658203,-0.562018632888794,-16.469985961914062
1776701998113917,2.9473838806152344,-0.004320579580962658,-6.355409622192383,-82.2261962890625,-1.237278938293457,-17.40959930419922
1776701998123900,3.0610456466674805,-0.03161923587322235,-6.609082221984863,-85.71968841552734,-2.673206329345703,-17.875133514404297
1776701998133908,3.06782603263855,-0.08255353569984436,-6.785268783569336,-86.93720245361328,-2.864406108856201,-17.91326904296875
1776701998143872,3.0802199840545654,-0.08230439573526382,-6.745721340179443,-86.21759033203125,-3.0516154766082764,-17.71625518798828
1776701998153880,2.9618570804595947,-0.06422115117311478,-6.612601280212402,-84.01502990722656,-2.873945474624634,-16.950918197631836
1776701998163871,2.7778146266937256,-0.04416268691420555,-6.276550769805908,-79.82048034667969,-1.86958909034729,-15.654510498046875
1776701998173873,2.568624496459961,0.0032872753217816353,-5.903417587280273,-74.66561126708984,-0.8848650455474854,-14.283514022827148
1776701998183877,2.3658790588378906,0.06836313009262085,-5.465412139892578,-68.89104461669922,0.13803529739379883,-13.334261894226074
1776701998193899,2.1860694885253906,0.08581441640853882,-4.982492446899414,-62.883975982666016,1.2517015933990479,-12.254944801330566
1776701998203913,1.9861180782318115,0.08459757268428802,-4.526934623718262,-57.27837371826172,1.636988878250122,-11.291203498840332
1776701998213880,1.8396369218826294,0.08121339976787567,-4.138500690460205,-52.6030158996582,1.789458155632019,-10.236017227172852
1776701998223932,1.7143621444702148,0.0663340613245964,-3.8725216388702393,-48.873409271240234,2.0228943824768066,-9.502777099609375
1776701998233862,1.6653534173965454,0.040324289351701736,-3.6367623805999756,-46.58049774169922,1.3962364196777344,-9.392745971679688
1776701998243917,1.6354438066482544,0.038236476480960846,-3.5209338665008545,-45.488250732421875,1.2923036813735962,-8.997358322143555
1776701998253926,1.635060429573059,0.05189141258597374,-3.484623432159424,-45.62358093261719,0.7276357412338257,-9.03905200958252
1776701998263869,1.6733074188232422,0.09892595559358597,-3.5696656703948975,-47.30419921875,0.6006288528442383,-9.326930046081543
1776701998273900,1.7880231142044067,0.12826254963874817,-3.784146308898926,-50.27890396118164,0.030021190643310547,-9.8301420211792
1776701998283913,1.9131819009780884,0.0809132382273674,-4.104229927062988,-54.448883056640625,-0.06760811805725098,-10.645191192626953
1776701998293875,2.092886447906494,0.03483396768569946,-4.467879295349121,-59.321353912353516,-1.0165307521820068,-11.842256546020508
1776701998303869,2.290271043777466,0.03215320035815239,-4.92637300491333,-64.85401153564453,-1.5438950061798096,-13.044696807861328
1776701998313876,2.4666755199432373,-0.02859630063176155,-5.417776107788086,-70.64585876464844,-1.8118972778320312,-14.098855972290039
1776701998323866,2.6628592014312744,-0.06602507829666138,-5.7976975440979,-76.0103759765625,-2.4154841899871826,-15.354360580444336
1776701998333891,2.8297348022460938,-0.0732051283121109,-6.210597991943359,-80.6158447265625,-2.878704786300659,-16.300506591796875
1776701998343872,2.9422216415405273,-0.09127688407897949,-6.516549110412598,-84.37734985351562,-3.195624589920044,-16.7410831451416
1776701998353876,3.0106449127197266,-0.08926427364349365,-6.697737693786621,-86.8475341796875,-3.039677381515503,-17.291006088256836
1776701998363875,3.0392425060272217,-0.0821995809674263,-6.833338260650635,-87.74169158935547,-2.737544059753418,-17.08917999267578
1776701998373886,3.008859395980835,-0.08922944217920303,-6.827545166015625,-87.31310272216797,-2.183300495147705,-17.056804656982422
1776701998383872,2.929265022277832,-0.06587821245193481,-6.688905239105225,-85.41021728515625,-1.6823480129241943,-16.78114891052246
1776701998393872,2.86527943611145,-0.05675787478685379,-6.491369247436523,-82.50630950927734,-1.166271448135376,-16.15536117553711
1776701998403880,2.753601312637329,-0.053201381117105484,-6.2202959060668945,-79.07703399658203,-0.5417921543121338,-15.737909317016602
1776701998413873,2.664856195449829,-0.0430382676422596,-5.97641134262085,-76.17047882080078,-0.407794713973999,-15.333992004394531
1776701998423880,2.597809314727783,-0.05372925102710724,-5.772600173950195,-73.45812225341797,0.016569137573242188,-14.586673736572266
1776701998433872,2.5180728435516357,-0.027518797665834427,-5.599416255950928,-71.71099853515625,-0.12035131454467773,-14.222395896911621
1776701998443878,2.4553775787353516,0.001574510708451271,-5.476638317108154,-70.19561767578125,-0.07254528999328613,-13.837908744812012
1776701998453871,2.380661964416504,0.014498737640678883,-5.391535758972168,-68.66938018798828,0.4004044532775879,-13.457128524780273
1776701998463884,2.3347878456115723,-0.003791162744164467,-5.230373382568359,-67.53598022460938,0.4929795265197754,-13.089523315429688
1776701998473887,2.3314878940582275,0.007932115346193314,-5.208012104034424,-66.5064468383789,0.14916324615478516,-12.984792709350586
1776701998483900,2.325749635696411,0.01915261149406433,-5.1401872634887695,-66.50765228271484,0.12207865715026855,-12.86791706085205
1776701998493872,2.2371139526367188,0.028110776096582413,-5.126247882843018,-66.95233154296875,-0.2590646743774414,-11.951337814331055
1776701998503865,2.056352138519287,0.010362792760133743,-5.136263370513916,-67.33367919921875,-1.4584743976593018,-9.960232734680176
1776701998513873,1.9622750282287598,0.011466707102954388,-5.260590553283691,-68.13037872314453,-0.854999303817749,-9.008146286010742
1776701998523862,1.8699781894683838,-0.015488610602915287,-5.244023323059082,-68.63379669189453,-1.9513425827026367,-7.587069034576416
1776701998533871,1.7090411186218262,-0.007814458571374416,-5.325774192810059,-69.62031555175781,-2.4835495948791504,-5.582258701324463
1776701998543833,1.6059108972549438,0.027980532497167587,-5.387266159057617,-70.08696746826172,-2.38131046295166,-4.229788303375244
1776701998553870,1.44840669631958,-0.00722102914005518,-5.414677619934082,-70.59973907470703,-3.1611440181732178,-2.0753417015075684
1776701998563840,1.3436760902404785,-0.011091604828834534,-5.522554874420166,-71.3902816772461,-3.0659878253936768,-1.0448436737060547
1776701998573835,1.273797631263733,0.041796524077653885,-5.515807628631592,-71.91018676757812,-3.3838229179382324,-0.23905181884765625
1776701998583839,1.216654658317566,0.05885779485106468,-5.646672248840332,-72.77658081054688,-3.7059273719787598,0.7483224868774414
1776701998593834,1.0779445171356201,0.011560710147023201,-5.659100532531738,-73.35887145996094,-4.148189544677734,2.333317756652832
1776701998603884,0.9415407180786133,0.008056140504777431,-5.70720100402832,-74.0069580078125,-4.735804557800293,4.103955268859863
1776701998613830,0.7845674753189087,-0.019449392333626747,-5.739266395568848,-74.81349182128906,-5.1556549072265625,5.929841995239258
1776701998623894,0.6658773422241211,-0.01616036146879196,-5.8031110763549805,-75.23300170898438,-5.426202774047852,7.6198883056640625
1776701998633820,0.5594567060470581,-0.011497688479721546,-5.900735855102539,-75.71097564697266,-5.58585262298584,8.855721473693848
1776701998643869,0.5029333829879761,-0.03211452439427376,-5.950705528259277,-76.46963500976562,-6.091643333435059,9.941319465637207
1776701998653864,0.41937530040740967,-0.007995432242751122,-5.995351791381836,-76.9478530883789,-6.296533107757568,10.810053825378418
1776701998663833,0.3120150566101074,-0.022141173481941223,-6.014690399169922,-77.28981018066406,-6.453682899475098,12.318453788757324
1776701998673900,0.17034590244293213,-0.04598217457532883,-6.069026470184326,-77.97449493408203,-7.3307342529296875,13.936261177062988
1776701998683880,0.03497803211212158,-0.022728320211172104,-6.099277019500732,-78.41043090820312,-7.13453483581543,15.407795906066895
1776701998693836,-0.07985281944274902,-0.03381342068314552,-6.125460147857666,-78.94882202148438,-7.87127685546875,16.837575912475586
1776701998703816,-0.1698092222213745,-0.021937962621450424,-6.191123962402344,-79.45732879638672,-7.582025527954102,17.90528106689453
1776701998713832,-0.26945650577545166,-0.0792476236820221,-6.236993789672852,-80.03680419921875,-8.108240127563477,19.458580017089844
1776701998723832,-0.3780313730239868,-0.08141005039215088,-6.271070957183838,-80.53578186035156,-8.367523193359375,20.68024444580078
1776701998733834,-0.47693681716918945,-0.08528812229633331,-6.319514274597168,-81.04627990722656,-8.682031631469727,21.85150146484375
1776701998743831,-0.5600255131721497,-0.07436370849609375,-6.361678600311279,-81.44065856933594,-9.054893493652344,23.251474380493164
1776701998753839,-0.42734813690185547,0.029020605608820915,-6.499211311340332,-82.33621215820312,-7.584424018859863,21.59210777282715
1776701998763829,-0.29541492462158203,-0.01792396977543831,-6.49653434753418,-82.84642791748047,-7.872959613800049,20.395788192749023
1776701998773842,-0.26139092445373535,-0.030531596392393112,-6.5251569747924805,-83.68214416503906,-8.224878311157227,20.191883087158203
1776701998783826,-0.2819565534591675,-0.02320040389895439,-6.597100257873535,-84.70091247558594,-8.918623924255371,20.4464111328125
1776701998793840,-0.30989670753479004,-0.04523955285549164,-6.679986953735352,-85.88470458984375,-8.758760452270508,21.15074920654297
1776701998803845,-0.2896806001663208,-0.06482396274805069,-6.8055419921875,-86.99360656738281,-8.676460266113281,21.234981536865234
1776701998813821,-0.29747021198272705,-0.0861310064792633,-6.878170490264893,-88.23816680908203,-9.013734817504883,21.31649398803711
1776701998823872,-0.30854129791259766,-0.09788587689399719,-6.943746566772461,-89.75946807861328,-9.261954307556152,21.621938705444336
1776701998833836,-0.31295645236968994,-0.07950012385845184,-7.103850364685059,-90.86415100097656,-9.305010795593262,22.015676498413086
1776701998843863,-0.29267358779907227,-0.0927879810333252,-7.228635311126709,-92.16847229003906,-9.757232666015625,22.233001708984375
1776701998853827,-0.3222391605377197,-0.11481934785842896,-7.288756847381592,-93.40802001953125,-9.762040138244629,22.75696563720703
1776701998863787,-0.3345484733581543,-0.12322526425123215,-7.3995232582092285,-94.69908142089844,-9.982954025268555,23.14022445678711
1776701998873835,-0.31631171703338623,-0.11534611135721207,-7.489459037780762,-95.88258361816406,-10.379610061645508,23.450023651123047
1776701998883871,-0.37670695781707764,-0.10809467732906342,-7.593932151794434,-97.10516357421875,-10.141181945800781,23.623044967651367
1776701998893792,-0.38806474208831787,-0.13896460831165314,-7.646733283996582,-97.74368286132812,-10.1926908493042,23.98580551147461
1776701998903816,-0.4074692726135254,-0.1514463573694229,-7.715865612030029,-98.72073364257812,-10.249591827392578,24.377580642700195
1776701998913836,-0.39985668659210205,-0.15479359030723572,-7.8136749267578125,-99.93415832519531,-10.48670768737793,24.429344177246094
1776701998923796,-0.39530909061431885,-0.19133704900741577,-7.9591522216796875,-100.98825073242188,-10.66575813293457,24.766796112060547
1776701998933797,-0.41133928298950195,-0.18145817518234253,-8.073831558227539,-102.50233459472656,-10.9351806640625,24.777210235595703
1776701998943821,-0.3923400640487671,-0.1766948252916336,-8.170039176940918,-104.31765747070312,-11.399370193481445,24.895904541015625
1776701998953790,-0.39934468269348145,-0.1775778979063034,-8.304478645324707,-106.4056167602539,-11.738476753234863,25.576719284057617
1776701998963794,-0.3944869041442871,-0.19909986853599548,-8.452296257019043,-108.58946228027344,-12.259964942932129,25.862831115722656
1776701998973782,-0.4032571315765381,-0.22919544577598572,-8.646522521972656,-110.94815826416016,-12.622127532958984,26.445171356201172
1776701998983782,-0.4073340892791748,-0.21574971079826355,-8.799131393432617,-113.52742767333984,-13.199332237243652,26.803239822387695
1776701998993779,-0.4242595434188843,-0.19663535058498383,-9.031768798828125,-116.11372375488281,-13.468311309814453,27.46014404296875
1776701999003826,-0.422760009765625,-0.19534382224082947,-9.204973220825195,-118.51669311523438,-13.808235168457031,27.8812255859375
1776701999013809,-0.4371753931045532,-0.20445160567760468,-9.378083229064941,-121.03125,-14.063634872436523,28.5595760345459
1776701999023819,-0.43476951122283936,-0.2052365094423294,-9.606884956359863,-123.6086196899414,-14.428239822387695,29.036067962646484
1776701999033781,-0.4497392177581787,-0.17961226403713226,-9.781795501708984,-126.38230895996094,-15.064668655395508,29.637348175048828
1776701999043829,-0.44114112854003906,-0.14177584648132324,-10.019078254699707,-129.1361083984375,-15.148865699768066,30.202909469604492
1776701999053835,-0.44852566719055176,-0.13819363713264465,-10.213810920715332,-132.10372924804688,-15.724532127380371,30.857099533081055
1776701999063788,-0.47815537452697754,-0.13751950860023499,-10.411897659301758,-135.11119079589844,-15.764984130859375,31.348487854003906
1776701999073835,-0.4552288055419922,-0.08582454174757004,-10.612700462341309,-138.11849975585938,-16.297344207763672,31.773574829101562
1776701999083828,-0.4775991439819336,-0.09057776629924774,-10.850341796875,-141.2186737060547,-16.833040237426758,32.471885681152344
1776701999093797,-0.4511897563934326,-0.04217296093702316,-11.089414596557617,-144.06607055664062,-16.61713981628418,32.58776092529297
1776701999103782,-0.493182897567749,-0.03931046277284622,-11.242207527160645,-146.74505615234375,-16.873580932617188,32.933963775634766
1776701999113786,-0.46725988388061523,0.0011618547141551971,-11.413125038146973,-149.09735107421875,-16.986724853515625,33.43696975708008
1776701999123783,-0.486492395401001,0.02912210486829281,-11.56663990020752,-151.11196899414062,-16.680999755859375,34.150020599365234
1776701999133788,-0.5054094791412354,0.09708639234304428,-11.681279182434082,-152.8970489501953,-16.291229248046875,34.170982360839844
1776701999143775,-0.5161952972412109,0.1394229382276535,-11.799878120422363,-154.4699249267578,-15.720675468444824,34.610904693603516
1776701999153783,-0.5061404705047607,0.21737323701381683,-11.931207656860352,-155.5286865234375,-14.752199172973633,34.8389892578125
1776701999163781,-0.48505163192749023,0.22850757837295532,-11.982491493225098,-156.9338836669922,-13.939132690429688,34.75055694580078
1776701999173783,-0.484114408493042,0.2890567183494568,-12.052032470703125,-158.05642700195312,-12.92828369140625,34.847625732421875
1776701999183780,-0.4577600955963135,0.26062023639678955,-12.243063926696777,-159.8625030517578,-12.176229476928711,34.95721435546875
1776701999193790,-0.4406259059906006,0.2507067322731018,-12.365041732788086,-161.5774383544922,-11.46609115600586,35.16380310058594
1776701999203786,-0.4419262409210205,0.26525139808654785,-12.495772361755371,-163.77088928222656,-10.971146583557129,35.513851165771484
1776701999213786,-0.4537391662597656,0.3144117295742035,-12.633869171142578,-165.3280029296875,-10.085246086120605,36.026554107666016
1776701999223829,-0.5046846866607666,0.3523404598236084,-12.73538589477539,-166.84498596191406,-8.773036003112793,36.28662872314453
1776701999233759,-0.5189294815063477,0.4646902084350586,-12.813621520996094,-167.26861572265625,-7.43391227722168,36.51563262939453
1776701999243893,-0.5332765579223633,0.533763587474823,-12.83141040802002,-166.8932647705078,-5.810314178466797,36.814544677734375
1776701999253751,-0.5245954990386963,0.6288080215454102,-12.706033706665039,-165.607421875,-3.440424919128418,36.65251922607422
1776701999263787,-0.5590734481811523,0.7213159799575806,-12.632881164550781,-163.84521484375,-0.5504837036132812,36.46680450439453
1776701999273810,-0.6581799983978271,0.7915410995483398,-12.490543365478516,-161.7997589111328,2.111943244934082,37.1534538269043
1776701999283874,-0.7615938186645508,0.8365073800086975,-12.477140426635742,-160.01881408691406,5.289344787597656,37.241981506347656
1776701999293801,-0.7623782157897949,0.8766758441925049,-12.382160186767578,-158.947021484375,7.3086347579956055,37.004981994628906
1776701999303826,-0.8227157592773438,0.943793773651123,-12.335986137390137,-158.03041076660156,9.508678436279297,37.16747283935547
1776701999313833,-0.8841156959533691,0.9836298227310181,-12.394949913024902,-157.5724639892578,11.966924667358398,37.74146270751953
1776701999323822,-0.9580564498901367,0.984001100063324,-12.426965713500977,-157.80255126953125,14.151866912841797,38.05978775024414
1776701999333752,-1.0082826614379883,1.0236475467681885,-12.583555221557617,-158.83108520507812,17.079227447509766,38.27455139160156
1776701999343776,-1.0761609077453613,1.0358179807662964,-12.796321868896484,-160.33798217773438,20.14632797241211,38.52593994140625
1776701999353751,-1.1318690776824951,1.1122807264328003,-12.991665840148926,-162.8328857421875,22.673648834228516,38.84343719482422
1776701999363759,-1.1936500072479248,1.1342817544937134,-13.372016906738281,-166.17108154296875,25.774169921875,39.632972717285156
1776701999373767,-1.3427515029907227,1.1262240409851074,-13.727981567382812,-169.6575927734375,28.262229919433594,41.123741149902344
1776701999383774,-1.3718587160110474,1.24382746219635,-14.056137084960938,-172.88644409179688,30.909944534301758,42.067779541015625
1776701999393746,-1.418845534324646,1.4095662832260132,-14.285932540893555,-174.1330108642578,34.06735610961914,42.64630889892578
1776701999403817,-1.4525146484375,1.5178775787353516,-14.419034957885742,-174.07772827148438,37.58868408203125,42.38946533203125
1776701999413806,-1.5632567405700684,1.6297070980072021,-14.362273216247559,-172.5859832763672,40.082069396972656,42.38219451904297
1776701999423806,-1.5922777652740479,1.715424656867981,-14.318244934082031,-169.50958251953125,43.34303665161133,42.06682586669922
1776701999433763,-1.6364195346832275,1.732953429222107,-14.070011138916016,-165.353515625,45.93321228027344,41.5330696105957
1776701999443789,-1.6601839065551758,1.7719813585281372,-13.798057556152344,-160.73744201660156,48.447235107421875,40.296730041503906
1776701999453787,-1.6118950843811035,1.7014610767364502,-13.613420486450195,-156.37142944335938,50.7902946472168,38.294525146484375
1776701999463761,-1.6046087741851807,1.6038340330123901,-13.338777542114258,-153.0313720703125,51.83943176269531,36.782249450683594
1776701999473789,-1.627648949623108,1.512580156326294,-13.210973739624023,-150.72335815429688,53.00171661376953,36.12718200683594
1776701999483788,-1.6187881231307983,1.4167571067810059,-13.179018020629883,-149.7627716064453,54.37892150878906,34.96361541748047
1776701999493749,-1.5444607734680176,1.4473644495010376,-13.105388641357422,-149.88465881347656,54.39204406738281,34.156951904296875
1776701999503747,-1.6354570388793945,1.344969630241394,-13.25754165649414,-149.8717803955078,55.747154235839844,34.28264617919922
1776701999513750,-1.6686099767684937,1.3384584188461304,-13.151501655578613,-149.62779235839844,55.77116775512695,34.60194396972656
1776701999523747,-1.6697678565979004,1.4008393287658691,-13.237317085266113,-149.8768310546875,57.76198196411133,34.007415771484375
1776701999533770,-1.6311190128326416,1.4129114151000977,-13.272900581359863,-149.91163635253906,58.80333709716797,33.62364959716797
1776701999543754,-1.6331346035003662,1.4337477684020996,-13.37521743774414,-150.37179565429688,59.25810623168945,33.578407287597656
1776701999553742,-1.637216567993164,1.4519627094268799,-13.360002517700195,-150.20645141601562,60.61050796508789,33.05644226074219
1776701999563743,-1.554131269454956,1.5241330862045288,-13.435196876525879,-150.30172729492188,63.08409881591797,31.873504638671875
1776701999573743,-1.5716155767440796,1.5035747289657593,-13.546181678771973,-151.42376708984375,63.8188591003418,31.995914459228516
1776701999583758,-1.6629555225372314,1.4475619792938232,-13.81629467010498,-153.886962890625,65.41030883789062,32.42292785644531
1776701999593711,-1.7290619611740112,1.3728605508804321,-14.120948791503906,-156.3253631591797,67.12411499023438,32.58665466308594
1776701999603780,-1.7103149890899658,1.427323818206787,-14.367502212524414,-158.5824432373047,70.17941284179688,31.836877822875977
1776701999613764,-1.7050650119781494,1.5385076999664307,-14.61461353302002,-160.9085693359375,72.19309997558594,32.50836944580078
1776701999623742,-1.7986191511154175,1.5908154249191284,-14.832812309265137,-161.82618713378906,74.47346496582031,33.10926818847656
1776701999633756,-1.807060956954956,1.6810976266860962,-14.853321075439453,-161.3716583251953,75.7833480834961,32.90123748779297
1776701999643743,-1.8446614742279053,1.7515264749526978,-14.850774765014648,-160.5137176513672,76.81451416015625,33.1114387512207
1776701999653747,-1.9392220973968506,1.7332440614700317,-14.849859237670898,-159.19955444335938,77.78749084472656,33.64439010620117
1776701999663742,-1.92564857006073,1.7256642580032349,-14.857011795043945,-157.95997619628906,79.16149139404297,32.484649658203125
1776701999673759,-1.901830792427063,1.7188316583633423,-14.63985824584961,-156.1265869140625,78.5828857421875,32.110015869140625
1776701999683748,-1.9457597732543945,1.766386866569519,-14.597306251525879,-154.19491577148438,79.74124908447266,32.097007751464844
1776701999693744,-2.0955917835235596,1.7009860277175903,-14.329421997070312,-151.6753692626953,78.75057220458984,32.98106384277344
1776701999703741,-2.108449935913086,1.7616153955459595,-14.245841026306152,-149.59901428222656,80.44385528564453,32.421810150146484
1776701999713701,-2.0378222465515137,1.711778163909912,-14.074026107788086,-147.87498474121094,80.39466857910156,31.57343292236328
1776701999723702,-2.0811104774475098,1.6282737255096436,-14.055700302124023,-147.5506134033203,80.41305541992188,31.23140525817871
1776701999733693,-1.9374531507492065,1.5320065021514893,-14.062091827392578,-149.17308044433594,79.354248046875,30.091081619262695
1776701999743706,-1.9116065502166748,1.549703598022461,-14.15675163269043,-151.28213500976562,78.96338653564453,30.248201370239258
1776701999753709,-1.9870755672454834,1.5432054996490479,-14.502946853637695,-154.6587371826172,80.49845123291016,30.95904541015625
1776701999763720,-1.9750984907150269,1.5864347219467163,-14.742366790771484,-157.32278442382812,81.81287384033203,31.629989624023438
1776701999773703,-2.1238784790039062,1.6516474485397339,-14.9319429397583,-157.7417755126953,84.9957275390625,32.29476547241211
1776701999783705,-2.268587112426758,1.6994138956069946,-15.141334533691406,-158.58554077148438,87.32331085205078,33.185020446777344
1776701999793698,-2.3848843574523926,1.7555793523788452,-15.125341415405273,-156.47474670410156,88.971435546875,33.088478088378906
1776701999803741,-2.4783849716186523,1.8722623586654663,-14.98066520690918,-151.6209259033203,92.57903289794922,32.39862060546875
1776701999813708,-2.523810625076294,1.9155313968658447,-14.6314697265625,-146.6782684326172,93.10537719726562,31.76453399658203
1776701999823745,-2.5104007720947266,1.8729172945022583,-14.181824684143066,-142.02748107910156,92.9873046875,31.715118408203125
1776701999833699,-2.659250020980835,1.8822588920593262,-13.908370971679688,-137.64706420898438,91.63426208496094,31.600997924804688
1776701999843746,-2.612112522125244,1.8078067302703857,-13.76146411895752,-135.36962890625,90.81202697753906,30.485618591308594
1776701999853749,-2.6469151973724365,1.597843050956726,-13.672945976257324,-134.93099975585938,90.80587768554688,29.76513671875
1776701999863726,-2.6751880645751953,1.4990817308425903,-13.737927436828613,-135.1373748779297,92.86742401123047,28.752647399902344
1776701999873765,-2.7069406509399414,1.421678066253662,-14.05378246307373,-138.4228057861328,94.6556625366211,28.609621047973633
1776701999883761,-2.6053667068481445,1.5086970329284668,-14.39874267578125,-141.7100830078125,96.95137023925781,28.093326568603516
1776701999893763,-2.7615227699279785,1.4773293733596802,-14.7642183303833,-145.2344207763672,99.92535400390625,28.845834732055664
1776701999903746,-2.856109142303467,1.5478241443634033,-15.167462348937988,-148.78073120117188,103.10132598876953,29.832849502563477
1776701999913764,-2.8918235301971436,1.74745774269104,-15.578938484191895,-152.1221160888672,106.51439666748047,31.190153121948242
1776701999923784,-3.082387924194336,1.8160395622253418,-16.065534591674805,-155.85089111328125,108.36054992675781,33.31531524658203
1776701999933735,-3.15036678314209,1.7997617721557617,-16.25525665283203,-156.12342834472656,109.8653793334961,33.04755401611328
1776701999943745,-3.0382602214813232,1.9456900358200073,-15.984103202819824,-153.9395294189453,109.52339935302734,32.59864044189453
1776701999953742,-3.0463037490844727,2.048809766769409,-15.883203506469727,-151.01083374023438,109.83045196533203,32.307525634765625
1776701999963706,-3.032538890838623,1.999308705329895,-15.45492172241211,-146.97593688964844,106.71418762207031,32.29192352294922
1776701999973703,-3.057337999343872,1.9405025243759155,-15.084068298339844,-143.0391082763672,104.6494140625,32.384979248046875
1776701999983725,-2.91516375541687,1.9590164422988892,-14.708280563354492,-139.46694946289062,102.66139221191406,31.15370750427246
1776701999993706,-2.980278968811035,1.8083887100219727,-14.466127395629883,-136.2855224609375,102.41332244873047,30.042980194091797
1776702000003706,-2.9254257678985596,1.640702247619629,-14.27375602722168,-135.4716339111328,101.27352142333984,29.216678619384766
1776702000013746,-3.0140113830566406,1.5814270973205566,-14.284811973571777,-134.92620849609375,101.68006896972656,29.17991828918457
1776702000023744,-3.0556249618530273,1.575942873954773,-14.358768463134766,-136.08895874023438,102.09710693359375,29.70362663269043
1776702000033754,-3.1119227409362793,1.5582473278045654,-14.558509826660156,-136.40834045410156,105.2517318725586,29.14642906188965
1776702000043758,-3.0011115074157715,1.5472151041030884,-14.654888153076172,-137.7858428955078,105.7696762084961,28.417205810546875
1776702000053746,-2.9175233840942383,1.5907624959945679,-14.824627876281738,-139.83631896972656,106.25839233398438,27.9384765625
1776702000063728,-2.8649895191192627,1.622579574584961,-14.923818588256836,-141.77667236328125,106.71707153320312,27.818941116333008
1776702000073771,-2.834230422973633,1.7386648654937744,-15.02590560913086,-142.84951782226562,107.3180923461914,28.186269760131836
1776702000083813,-2.928219795227051,1.8163679838180542,-15.071870803833008,-142.56130981445312,108.24784088134766,28.978872299194336
1776702000093779,-2.9662258625030518,1.871343731880188,-15.04861831665039,-140.9822998046875,109.102294921875,28.855304718017578
1776702000103697,-3.1155099868774414,1.8318852186203003,-14.964426040649414,-139.17111206054688,109.22235107421875,29.573226928710938
1776702000113704,-3.2284510135650635,1.7863945960998535,-14.91911506652832,-137.31008911132812,110.26097106933594,29.529979705810547
1776702000123742,-3.3185830116271973,1.7028260231018066,-14.864192962646484,-136.16665649414062,110.6223373413086,29.45199966430664
1776702000133733,-3.506430149078369,1.5453219413757324,-14.957024574279785,-136.02792358398438,111.3746337890625,30.158742904663086
1776702000143713,-3.3932273387908936,1.6313121318817139,-14.813732147216797,-135.82275390625,111.10726928710938,29.628944396972656
1776702000153736,-3.4833030700683594,1.6899040937423706,-14.854023933410645,-134.07205200195312,112.9769515991211,29.63202667236328
1776702000163723,-3.428774833679199,1.7037734985351562,-14.683555603027344,-132.63836669921875,112.55033111572266,29.700990676879883
1776702000173712,-3.395068883895874,1.7382887601852417,-14.745123863220215,-130.6290283203125,113.37068176269531,28.056243896484375
1776702000183727,-3.2898499965667725,1.6161444187164307,-14.433234214782715,-128.93186950683594,111.72923278808594,27.153522491455078
1776702000193739,-3.4540934562683105,1.5208991765975952,-14.37596607208252,-127.74775695800781,111.37461853027344,27.41752815246582
1776702000203780,-3.3564937114715576,1.5068774223327637,-14.398256301879883,-129.5154266357422,110.41084289550781,27.595548629760742
1776702000213701,-3.207291841506958,1.5698007345199585,-14.56550407409668,-131.69837951660156,111.06813049316406,26.83195686340332
1776702000223759,-3.247570276260376,1.5035587549209595,-14.68919563293457,-133.8282470703125,110.56936645507812,27.501876831054688
1776702000233701,-3.2460708618164062,1.5930120944976807,-14.778359413146973,-135.83966064453125,110.24662017822266,28.816028594970703
1776702000243759,-3.2677135467529297,1.6632158756256104,-14.969853401184082,-137.28623962402344,110.89319610595703,29.432037353515625
1776702000253734,-3.127377510070801,1.7281169891357422,-15.018891334533691,-138.49624633789062,110.67671203613281,28.758895874023438
1776702000263744,-3.2115185260772705,1.6868250370025635,-15.024927139282227,-138.1064453125,110.3465576171875,29.392066955566406
1776702000273713,-3.257687568664551,1.6272351741790771,-14.992286682128906,-138.73280334472656,109.00332641601562,30.22694206237793
1776702000283740,-3.173469066619873,1.7265211343765259,-14.943702697753906,-138.4674835205078,108.72789001464844,29.72205352783203
1776702000293713,-3.2992351055145264,1.7166991233825684,-14.991205215454102,-138.09031677246094,109.56807708740234,30.249744415283203
1776702000303714,-3.2228918075561523,1.7145156860351562,-15.045504570007324,-139.26873779296875,109.59239196777344,30.23161506652832
1776702000313695,-3.15962553024292,1.7091093063354492,-15.017891883850098,-140.3213653564453,108.71690368652344,29.697574615478516
1776702000323735,-3.200817823410034,1.7042953968048096,-15.080963134765625,-141.21751403808594,108.17061614990234,30.89924430847168
1776702000333711,-3.365859270095825,1.6732202768325806,-15.109328269958496,-140.86520385742188,108.87560272216797,31.596832275390625
1776702000343698,-3.2661657333374023,1.728668451309204,-15.231148719787598,-141.01260375976562,109.74853515625,30.88994026184082
1776702000353674,-3.3912460803985596,1.5782912969589233,-15.128664016723633,-140.55380249023438,108.47144317626953,31.297014236450195
1776702000363727,-3.3156375885009766,1.6477429866790771,-15.003274917602539,-140.24720764160156,108.11534118652344,31.087331771850586
1776702000373741,-3.2113776206970215,1.7936904430389404,-14.98292064666748,-140.5508270263672,108.03487396240234,31.228954315185547
1776702000383688,-3.3500497341156006,1.7683452367782593,-15.047420501708984,-139.7438507080078,108.75907135009766,31.942319869995117
1776702000393705,-3.3705334663391113,1.7504448890686035,-15.021781921386719,-139.020263671875,109.76836395263672,31.26132583618164
1776702000403720,-3.3024485111236572,1.739343523979187,-15.030865669250488,-138.3912353515625,110.5884017944336,30.092763900756836
1776702000413681,-3.269430637359619,1.7149490118026733,-15.012975692749023,-138.38084411621094,110.34754943847656,30.01984214782715
1776702000423665,-3.418243646621704,1.6247303485870361,-15.148889541625977,-138.91004943847656,111.25634765625,30.876296997070312
1776702000433750,-3.355158805847168,1.6680220365524292,-15.183009147644043,-140.0740509033203,111.46566772460938,30.639652252197266
1776702000443707,-3.3468966484069824,1.7050411701202393,-15.365535736083984,-141.74981689453125,112.27410125732422,30.79050636291504
1776702000453757,-3.4698073863983154,1.6523213386535645,-15.407493591308594,-142.42384338378906,112.24703216552734,31.802976608276367
1776702000463622,-3.4400458335876465,1.7966511249542236,-15.422003746032715,-142.81039428710938,112.59073638916016,32.73802185058594
1776702000473673,-3.5028562545776367,1.9059900045394897,-15.490673065185547,-142.00634765625,113.7886962890625,33.0489501953125
1776702000483698,-3.5165321826934814,1.9186351299285889,-15.34756088256836,-139.54318237304688,113.97203826904297,32.709983825683594
1776702000493639,-3.5875635147094727,1.8616257905960083,-15.174186706542969,-135.80099487304688,114.12993621826172,31.869853973388672
1776702000503632,-3.5497794151306152,1.739328384399414,-14.855473518371582,-132.18765258789062,113.0215072631836,30.59276580810547
1776702000513631,-3.5669007301330566,1.6195895671844482,-14.500523567199707,-129.22622680664062,110.46339416503906,30.075180053710938
1776702000523671,-3.4434566497802734,1.6424723863601685,-14.188192367553711,-126.79205322265625,108.80113983154297,29.231830596923828
1776702000533666,-3.3252739906311035,1.6982989311218262,-13.953834533691406,-124.35313415527344,107.84758758544922,28.45183753967285
1776702000543688,-3.2832374572753906,1.6463847160339355,-13.79079818725586,-123.0059814453125,106.94550323486328,27.931486129760742
1776702000553666,-3.390416145324707,1.5753453969955444,-13.724266052246094,-122.12781524658203,106.5665512084961,28.140302658081055
1776702000563615,-3.4308371543884277,1.537230134010315,-13.685129165649414,-122.00540161132812,107.3348388671875,27.91881561279297
1776702000573703,-3.4997730255126953,1.5310397148132324,-13.902460098266602,-123.19708251953125,109.22746276855469,28.03750228881836
1776702000583705,-3.6032209396362305,1.471310019493103,-14.155753135681152,-124.89878845214844,112.05264282226562,28.164955139160156
1776702000593626,-3.619034767150879,1.5346853733062744,-14.4175443649292,-127.30662536621094,113.5810546875,28.632009506225586
1776702000603657,-3.6783411502838135,1.6081507205963135,-14.731380462646484,-130.24961853027344,115.5058364868164,29.343660354614258
1776702000613615,-3.8265633583068848,1.632603645324707,-14.98282241821289,-131.84304809570312,117.77001953125,30.356277465820312
1776702000623710,-3.9041926860809326,1.6413021087646484,-15.202608108520508,-132.81732177734375,119.41105651855469,30.590587615966797
1776702000633660,-3.9375243186950684,1.6917482614517212,-15.291193008422852,-133.3383331298828,120.388427734375,31.085474014282227
1776702000643689,-4.018641471862793,1.7250795364379883,-15.389294624328613,-132.9289093017578,121.72972106933594,31.23322296142578
1776702000653706,-4.039472579956055,1.730043649673462,-15.404947280883789,-132.60020446777344,122.50003051757812,31.130971908569336
1776702000663611,-4.14017915725708,1.651578426361084,-15.446385383605957,-131.85438537597656,123.19564056396484,31.119945526123047
1776702000673708,-4.0184736251831055,1.573403000831604,-15.404899597167969,-131.5498504638672,122.54885864257812,29.663692474365234
1776702000683705,-3.6437840461730957,1.626254677772522,-15.24559211730957,-131.7815704345703,121.93419647216797,27.124513626098633
1776702000693644,-3.393077850341797,1.71163010597229,-15.149039268493652,-131.9048309326172,120.65826416015625,25.710433959960938
1776702000703618,-3.460817337036133,1.7043030261993408,-15.11671257019043,-131.50112915039062,120.24393463134766,26.040054321289062
1776702000713634,-3.6161649227142334,1.6497150659561157,-15.137319564819336,-131.74969482421875,120.15156555175781,27.320941925048828
1776702000723618,-3.8676724433898926,1.6039234399795532,-15.272658348083496,-132.02784729003906,121.02818298339844,28.736221313476562
1776702000733625,-3.952636957168579,1.6210858821868896,-15.293291091918945,-132.02432250976562,121.65457153320312,29.502412796020508
1776702000743633,-3.9408702850341797,1.7374299764633179,-15.304781913757324,-131.74607849121094,122.68220520019531,29.803762435913086
1776702000753681,-3.854037046432495,1.7929731607437134,-15.31966781616211,-131.16510009765625,122.82029724121094,29.432903289794922
1776702000763730,-3.8734030723571777,1.7086273431777954,-15.233881950378418,-130.6896209716797,122.28359985351562,29.155603408813477
1776702000773622,-3.862546682357788,1.6452057361602783,-15.14747428894043,-129.78970336914062,121.32080078125,28.667869567871094
1776702000783655,-3.8099169731140137,1.6284846067428589,-14.99298095703125,-129.4884796142578,120.04634094238281,28.772504806518555
1776702000793652,-3.7517895698547363,1.6866271495819092,-14.973536491394043,-129.23342895507812,119.29994201660156,28.879985809326172
1776702000803643,-3.7931790351867676,1.6923940181732178,-14.901440620422363,-129.11917114257812,118.42816162109375,29.51836395263672
1776702000813698,-3.820319175720215,1.6373780965805054,-14.920377731323242,-129.1522216796875,118.03103637695312,29.673097610473633
1776702000823665,-3.8049075603485107,1.5859054327011108,-14.86697769165039,-129.108154296875,117.14262390136719,29.297700881958008
1776702000833644,-3.7103919982910156,1.5702106952667236,-14.822687149047852,-129.14462280273438,116.48995971679688,28.800148010253906
1776702000843666,-3.646622657775879,1.5883605480194092,-14.789261817932129,-129.1064453125,116.01383972167969,28.510007858276367
1776702000853659,-3.627311944961548,1.6140111684799194,-14.777772903442383,-129.41464233398438,115.95693969726562,28.606203079223633
1776702000863624,-3.6440329551696777,1.5907505750656128,-14.779232025146484,-129.60250854492188,115.59612274169922,28.562410354614258
1776702000873700,-3.6335978507995605,1.588642954826355,-14.793163299560547,-129.70065307617188,115.26264190673828,28.784927368164062
1776702000883663,-3.617849349975586,1.6134260892868042,-14.787370681762695,-130.14614868164062,115.19684600830078,28.825559616088867
1776702000893620,-3.616901397705078,1.6302258968353271,-14.771780967712402,-130.38763427734375,115.30746459960938,28.905452728271484
1776702000903610,-3.6294193267822266,1.6401965618133545,-14.798118591308594,-130.5250244140625,115.25069427490234,29.276166915893555
1776702000913669,-3.650097608566284,1.6302205324172974,-14.817460060119629,-130.46006774902344,115.69828033447266,29.06171417236328
1776702000923618,-3.5575852394104004,1.6496754884719849,-14.792196273803711,-130.406982421875,115.38713073730469,28.475297927856445
1776702000933668,-3.5483198165893555,1.6455490589141846,-14.803933143615723,-130.2989044189453,115.68254852294922,28.201194763183594
1776702000943618,-3.520012378692627,1.6267433166503906,-14.776742935180664,-129.94039916992188,115.58770751953125,27.576887130737305
1776702000953629,-3.465981960296631,1.5854331254959106,-14.762682914733887,-129.63221740722656,115.7059555053711,27.22139549255371
1776702000963622,-3.3992340564727783,1.5700914859771729,-14.756895065307617,-129.3688507080078,115.25643920898438,26.381990432739258
1776702000973631,-3.3406965732574463,1.614744782447815,-14.680785179138184,-129.14450073242188,115.28982543945312,25.958412170410156
1776702000983687,-3.3099708557128906,1.5766249895095825,-14.656325340270996,-128.9510955810547,115.21250915527344,25.79091453552246
1776702000993674,-3.2603471279144287,1.5979121923446655,-14.650975227355957,-128.86990356445312,115.35530090332031,25.18427276611328
1776702001003691,-3.2567946910858154,1.5703439712524414,-14.597420692443848,-128.63046264648438,115.04676055908203,25.235092163085938
1776702001013606,-3.1481516361236572,1.600717306137085,-14.598094940185547,-128.47927856445312,115.17695617675781,24.386943817138672
1776702001023622,-3.1048738956451416,1.5761523246765137,-14.606339454650879,-128.23715209960938,115.33443450927734,23.65740966796875
1776702001033584,-3.0660812854766846,1.549021601676941,-14.569751739501953,-128.25613403320312,114.97020721435547,23.54288673400879
1776702001043634,-2.9654173851013184,1.5734950304031372,-14.592025756835938,-128.0814208984375,115.26806640625,22.68703842163086
1776702001053684,-2.958310127258301,1.5405607223510742,-14.52866268157959,-127.86456298828125,114.90190124511719,22.356836318969727
1776702001063706,-2.900116443634033,1.5748039484024048,-14.521342277526855,-127.65035247802734,115.19636535644531,22.006723403930664
1776702001073736,-2.8317766189575195,1.5711241960525513,-14.520759582519531,-127.63541412353516,115.4439697265625,21.086223602294922
1776702001083736,-2.7512784004211426,1.5660085678100586,-14.480360984802246,-127.44147491455078,115.07405090332031,20.569007873535156
1776702001093635,-2.6529765129089355,1.5997247695922852,-14.466577529907227,-127.19813537597656,115.45857238769531,19.77338981628418
1776702001103644,-2.566591262817383,1.5745455026626587,-14.411520957946777,-126.9871597290039,115.35934448242188,18.828405380249023
1776702001113601,-2.491152048110962,1.56731379032135,-14.405740737915039,-126.74153137207031,115.37329864501953,18.238025665283203
1776702001123624,-2.3786113262176514,1.5742604732513428,-14.361776351928711,-126.30220031738281,115.49650573730469,17.299579620361328
1776702001133578,-2.2789177894592285,1.562878131866455,-14.300619125366211,-126.18351745605469,115.73536682128906,16.537090301513672
1776702001143612,-2.230151653289795,1.5483946800231934,-14.257923126220703,-125.86299896240234,115.12116241455078,15.988061904907227
1776702001153592,-2.1298489570617676,1.569366216659546,-14.274003028869629,-125.87513732910156,115.57356262207031,15.102899551391602
1776702001163553,-2.0229954719543457,1.5495961904525757,-14.231233596801758,-125.90289306640625,115.57261657714844,14.340803146362305
1776702001173589,-1.947893500328064,1.5690784454345703,-14.20566463470459,-125.45500183105469,115.61447143554688,13.759624481201172
1776702001183611,-1.8263351917266846,1.5973246097564697,-14.172401428222656,-125.21517944335938,115.7900390625,12.409078598022461
1776702001193612,-1.7396050691604614,1.5944374799728394,-14.12292194366455,-125.00331115722656,115.71659088134766,11.864706039428711
1776702001203625,-1.613510251045227,1.600030779838562,-14.10912799835205,-124.80329895019531,115.9803695678711,10.628665924072266
1776702001213548,-1.490658164024353,1.5837035179138184,-14.09036636352539,-124.49385833740234,116.10257720947266,9.691019058227539
1776702001223573,-1.3684860467910767,1.5739294290542603,-14.019187927246094,-124.35139465332031,116.17992401123047,8.742767333984375
1776702001233656,-1.2257529497146606,1.597751259803772,-14.008038520812988,-123.99514770507812,116.13612365722656,7.289815902709961
1776702001243600,-1.0621360540390015,1.6111513376235962,-14.01301383972168,-123.65394592285156,116.21647644042969,6.507869720458984
1776702001253652,-0.9405055046081543,1.61482572555542,-13.916633605957031,-123.3599624633789,116.21453094482422,5.09227180480957
1776702001263552,-0.8263040781021118,1.6001853942871094,-13.87977409362793,-123.03980255126953,116.39442443847656,4.216941833496094
1776702001273547,-0.6938930749893188,1.6227643489837646,-13.787803649902344,-122.70201110839844,116.15116119384766,2.9576072692871094
1776702001283549,-0.5614867210388184,1.6328693628311157,-13.771175384521484,-122.35468292236328,116.49627685546875,2.071065902709961
1776702001293587,-0.409122109413147,1.6327368021011353,-13.750823974609375,-122.202880859375,116.86622619628906,0.43556785583496094
1776702001303584,-0.24116754531860352,1.6175174713134766,-13.699603080749512,-121.55896759033203,116.59680938720703,-0.9209156036376953
1776702001313609,-0.08087420463562012,1.6204878091812134,-13.653255462646484,-121.51580810546875,117.0018539428711,-2.4576358795166016
1776702001323555,0.07546257972717285,1.6338412761688232,-13.574776649475098,-120.84771728515625,116.8043441772461,-3.7286510467529297
1776702001333564,0.23015081882476807,1.6301695108413696,-13.533844947814941,-120.55815124511719,117.02023315429688,-5.118305206298828
1776702001343543,0.40992045402526855,1.6228784322738647,-13.481134414672852,-120.00431060791016,116.86064910888672,-6.55814266204834
1776702001353534,0.5670691728591919,1.6352001428604126,-13.369661331176758,-119.58282470703125,117.08645629882812,-8.002392768859863
1776702001363609,0.739891767501831,1.6430799961090088,-13.360494613647461,-119.08110046386719,117.11820220947266,-9.645565032958984
1776702001373546,0.826532244682312,1.5946307182312012,-13.264627456665039,-118.69439697265625,116.83901977539062,-10.697295188903809
1776702001383600,0.9720391035079956,1.614741325378418,-13.227620124816895,-118.13394165039062,116.79767608642578,-11.970407485961914
1776702001393551,1.181644082069397,1.617157220840454,-13.184358596801758,-117.64146423339844,116.94453430175781,-13.734333992004395
1776702001403589,1.2593766450881958,1.5810306072235107,-13.085801124572754,-117.41775512695312,116.24309539794922,-14.818610191345215
1776702001413565,1.409180760383606,1.5897471904754639,-13.075879096984863,-116.43584442138672,116.37187957763672,-16.128376007080078
1776702001423545,1.5939525365829468,1.5542047023773193,-13.004274368286133,-115.79936218261719,116.33829498291016,-17.838991165161133
1776702001433552,1.8128122091293335,1.5518815517425537,-12.912927627563477,-115.47682189941406,116.24757385253906,-19.798486709594727
1776702001443567,2.065462112426758,1.558876872062683,-12.83630657196045,-114.94890594482422,116.47140502929688,-22.16744613647461
1776702001453555,2.1962814331054688,1.490514874458313,-12.714731216430664,-114.34080505371094,115.6898193359375,-23.497957229614258
1776702001463515,2.333141326904297,1.4887665510177612,-12.705720901489258,-113.8145523071289,115.93167877197266,-24.954566955566406
1776702001473710,2.554248332977295,1.4787187576293945,-12.640892028808594,-113.4039306640625,115.6524658203125,-26.707298278808594
1776702001483618,2.7299909591674805,1.467717170715332,-12.580021858215332,-112.93949127197266,115.82008361816406,-28.60832405090332
1776702001493517,2.935879707336426,1.4393746852874756,-12.51235294342041,-112.23755645751953,116.15009307861328,-31.147663116455078
1776702001503518,3.0155773162841797,1.3276054859161377,-12.359512329101562,-111.60372924804688,114.74874114990234,-31.876148223876953
1776702001513621,3.1827950477600098,1.3633501529693604,-12.351400375366211,-111.2513198852539,115.04615020751953,-33.80924606323242
1776702001523552,2.9790687561035156,1.2439104318618774,-12.102914810180664,-109.72821807861328,112.35272216796875,-32.31364440917969
1776702001533511,2.828556537628174,1.2698087692260742,-12.044733047485352,-108.4680404663086,111.30371856689453,-30.979507446289062
1776702001543510,2.8050389289855957,1.2710057497024536,-11.842331886291504,-106.49217224121094,109.7973861694336,-30.44766616821289
1776702001553575,2.746723175048828,1.318145751953125,-11.566253662109375,-103.95006561279297,107.68405151367188,-29.412853240966797
1776702001563577,2.6509647369384766,1.3438156843185425,-11.320329666137695,-101.4190673828125,105.88632202148438,-28.405254364013672
1776702001573527,2.581955909729004,1.3579177856445312,-11.029905319213867,-98.38160705566406,103.74298095703125,-27.586544036865234
1776702001583530,2.535860061645508,1.3393725156784058,-10.748160362243652,-95.70252227783203,101.56392669677734,-26.824501037597656
1776702001593522,2.4323928356170654,1.3371365070343018,-10.453453063964844,-93.45452117919922,99.13895416259766,-25.472293853759766
1776702001603570,2.35537052154541,1.353825330734253,-10.263053894042969,-91.1905746459961,97.58280181884766,-24.93954086303711
1776702001613606,2.303464889526367,1.3314379453659058,-10.045350074768066,-89.13277435302734,95.51072692871094,-24.173782348632812
1776702001623580,2.240248203277588,1.3172004222869873,-9.826404571533203,-87.27519226074219,93.47601318359375,-23.334985733032227
1776702001633545,2.1650428771972656,1.3315306901931763,-9.590538024902344,-85.53019714355469,91.36553192138672,-22.476287841796875
1776702001643597,2.1417222023010254,1.3027637004852295,-9.39873218536377,-83.95470428466797,88.7499771118164,-21.917613983154297
1776702001653593,2.130002021789551,1.2755905389785767,-9.155353546142578,-82.04582977294922,86.02210998535156,-21.54299545288086
1776702001663553,2.1193110942840576,1.2577487230300903,-8.8818998336792,-80.4128189086914,83.46115112304688,-21.051555633544922
1776702001673601,2.104839324951172,1.2543069124221802,-8.690763473510742,-79.0086898803711,81.14540100097656,-20.298381805419922
1776702001683576,2.0371346473693848,1.2519028186798096,-8.538082122802734,-78.03466796875,79.0073471069336,-19.282474517822266
1776702001693502,1.96867036819458,1.2937500476837158,-8.319193840026855,-76.75401306152344,76.74906921386719,-18.164791107177734
1776702001703469,1.7820454835891724,1.2656115293502808,-8.09709358215332,-75.2208251953125,74.32355499267578,-16.297893524169922
1776702001713477,1.587638020515442,1.2242944240570068,-7.951433181762695,-73.25968933105469,72.7068099975586,-14.821319580078125
1776702001723469,1.4971675872802734,1.1483111381530762,-7.790716171264648,-70.78092956542969,71.82354736328125,-14.4560546875
1776702001733513,1.6668363809585571,1.114433765411377,-7.582398414611816,-68.79437255859375,70.40392303466797,-15.993556022644043
1776702001743522,1.7851489782333374,1.0368499755859375,-7.339378833770752,-66.72332000732422,68.5112075805664,-17.400657653808594
1776702001753504,1.7881355285644531,0.9433031678199768,-7.114260673522949,-64.81755828857422,66.72815704345703,-17.965774536132812
1776702001763525,1.8061399459838867,0.8760607838630676,-6.985133647918701,-64.00514221191406,65.30799102783203,-18.200477600097656
1776702001773510,1.888395071029663,0.8551406264305115,-6.867731094360352,-63.534847259521484,63.95371627807617,-18.793764114379883
1776702001783518,1.85343599319458,0.8144417405128479,-6.734359264373779,-62.714988708496094,62.32426834106445,-18.36138153076172
1776702001793518,1.8473844528198242,0.8043500781059265,-6.663797378540039,-62.51103973388672,61.19780731201172,-18.10335350036621
1776702001803509,1.8689374923706055,0.8568221926689148,-6.661195755004883,-62.2741813659668,60.66907501220703,-18.04045295715332
1776702001813473,1.846407413482666,0.8134579658508301,-6.640458583831787,-62.7130012512207,60.15830612182617,-17.88970947265625
1776702001823507,1.9049906730651855,0.8117262125015259,-6.662383079528809,-63.398162841796875,59.79867172241211,-18.136869430541992
1776702001833515,1.9328515529632568,0.8142169117927551,-6.683927059173584,-64.16436767578125,59.229000091552734,-18.211320877075195
1776702001843565,2.0241806507110596,0.8514198660850525,-6.707849502563477,-64.8806381225586,59.019649505615234,-18.732988357543945
1776702001853556,2.071409225463867,0.8863512277603149,-6.749788284301758,-65.52994537353516,58.55376434326172,-18.50721549987793
1776702001863525,2.0284008979797363,0.8632978796958923,-6.726194381713867,-66.20186614990234,58.0034065246582,-18.55898666381836
1776702001873539,2.0632243156433105,0.8533962965011597,-6.78556489944458,-66.91421508789062,57.28192901611328,-18.500268936157227
1776702001883544,2.0584192276000977,0.8661170601844788,-6.790151596069336,-67.07245635986328,57.456050872802734,-18.592060089111328
1776702001893527,2.0126237869262695,0.8663653135299683,-6.71583366394043,-66.40672302246094,57.22743606567383,-17.975387573242188
1776702001903563,1.9352858066558838,0.9102882146835327,-6.651899337768555,-65.6610336303711,56.83755874633789,-17.226356506347656
1776702001913532,1.956737995147705,0.9548233151435852,-6.557941436767578,-64.64891052246094,55.69943618774414,-17.121864318847656
1776702001923533,1.9256844520568848,0.939899206161499,-6.352936744689941,-62.65990447998047,54.176082611083984,-16.972599029541016
1776702001933508,1.8694086074829102,0.9177706241607666,-6.116333484649658,-60.62447738647461,52.43075180053711,-16.11087417602539
1776702001943537,1.8192970752716064,0.9612300395965576,-5.884243488311768,-58.442420959472656,50.08305740356445,-15.173848152160645
1776702001953538,1.7040295600891113,0.9033671021461487,-5.70485782623291,-56.64300537109375,48.1826286315918,-14.234081268310547
1776702001963570,1.6802456378936768,0.8367961645126343,-5.510725021362305,-55.09877395629883,46.23418045043945,-13.8933687210083
1776702001973552,1.6713340282440186,0.8089454770088196,-5.3608574867248535,-54.02023696899414,44.83727264404297,-14.011579513549805
1776702001983506,1.6924231052398682,0.7484987378120422,-5.3514323234558105,-54.520835876464844,44.16242218017578,-14.127751350402832
1776702001993536,1.722713589668274,0.6763092279434204,-5.37955379486084,-55.39155960083008,44.70988845825195,-14.929771423339844
1776702002003532,1.7921411991119385,0.6380894184112549,-5.615321159362793,-58.04235076904297,45.76384735107422,-15.523643493652344
1776702002013560,1.9731035232543945,0.6223048567771912,-5.900766849517822,-61.8807373046875,46.40425491333008,-17.158763885498047
1776702002023542,2.106534004211426,0.6880648136138916,-6.20668888092041,-66.31745147705078,47.28045654296875,-17.592628479003906
1776702002033508,2.2678327560424805,0.7513452172279358,-6.59010124206543,-70.04693603515625,48.91572570800781,-18.514144897460938
1776702002043540,2.3214540481567383,0.8520998358726501,-6.826625347137451,-72.75148010253906,49.6751708984375,-18.394630432128906
1776702002053536,2.275607109069824,0.8884201049804688,-7.058899879455566,-74.77240753173828,50.28038024902344,-17.93485450744629
1776702002063495,2.374541759490967,0.9873460531234741,-7.082241535186768,-75.52627563476562,49.688232421875,-18.19754409790039
1776702002073543,2.2170910835266113,0.9759222269058228,-6.988645553588867,-74.39424133300781,49.03579330444336,-16.624164581298828
1776702002083539,2.1541619300842285,1.0338298082351685,-6.917963027954102,-73.19969940185547,48.53742599487305,-15.952564239501953
1776702002093493,2.093445301055908,1.0272464752197266,-6.639425277709961,-70.41084289550781,46.9670295715332,-15.278291702270508
1776702002103508,1.9341108798980713,0.9979018568992615,-6.405693054199219,-67.22317504882812,45.62206268310547,-14.110705375671387
1776702002113504,1.8034112453460693,0.9153265953063965,-6.109434127807617,-63.66923522949219,42.812625885009766,-13.286016464233398
1776702002123517,1.7822144031524658,0.8702894449234009,-5.739421367645264,-60.20884323120117,40.355342864990234,-12.764205932617188
1776702002133504,1.7064311504364014,0.8097732663154602,-5.332198619842529,-56.857421875,37.59990692138672,-12.197698593139648
1776702002143496,1.6297364234924316,0.7921508550643921,-5.017465591430664,-53.54214859008789,35.52556610107422,-11.527779579162598
1776702002153544,1.3857688903808594,0.8741602897644043,-4.561761856079102,-47.34274673461914,32.999027252197266,-9.059818267822266
1776702002163498,0.9301972985267639,0.5472748875617981,-4.1476054191589355,-42.734737396240234,29.60751724243164,-6.594699859619141
1776702002173530,-0.2958296537399292,0.23840396106243134,-3.234577178955078,-38.61096954345703,18.1400203704834,6.937302589416504
1776702002183485,-0.37187907099723816,0.5688942074775696,-3.707838296890259,-41.281002044677734,21.226966857910156,9.19581413269043
1776702002193475,0.8334749937057495,1.0964853763580322,-4.308749198913574,-44.96532440185547,30.00716781616211,-2.2372488975524902
1776702002203570,-0.10116386413574219,0.1558266580104828,-4.093171119689941,-45.26997375488281,23.448471069335938,4.154898166656494
1776702002213523,-0.337070107460022,0.45285212993621826,-4.097611904144287,-47.268035888671875,21.866947174072266,9.34857177734375
1776702002223543,0.2252398133277893,1.0506930351257324,-4.775264739990234,-48.15432357788086,30.682546615600586,3.9688024520874023
1776702002233500,1.2406586408615112,1.099317193031311,-4.698396682739258,-46.711708068847656,34.177085876464844,-7.232668876647949
1776702002243558,1.3632642030715942,0.7426033020019531,-4.165831565856934,-44.86759567260742,29.15018653869629,-8.583351135253906
1776702002253536,-0.16310828924179077,0.2415233701467514,-3.594897747039795,-44.35212707519531,18.703826904296875,7.03870964050293
1776702002263497,-0.5311884880065918,0.6098459959030151,-4.459089279174805,-45.87229919433594,25.50174331665039,10.297100067138672
1776702002273513,-0.34424975514411926,0.5137209296226501,-4.456957817077637,-45.81760787963867,25.843364715576172,7.943491458892822
1776702002283498,1.1445350646972656,0.9754524827003479,-4.831189155578613,-47.04216003417969,34.43183135986328,-7.1206793785095215
1776702002293527,1.27701997756958,0.5772439241409302,-4.132654190063477,-46.70893859863281,27.603166580200195,-7.859842300415039
1776702002303508,1.0293431282043457,0.7110236883163452,-4.353785514831543,-47.614322662353516,29.00065040588379,-5.09873104095459
1776702002313486,1.5254303216934204,0.9763430953025818,-4.549725532531738,-49.65129852294922,32.32241439819336,-9.364838600158691
1776702002323490,0.3682239055633545,0.5280733108520508,-4.100334644317627,-47.784454345703125,24.67201042175293,1.9058847427368164
1776702002333508,0.09928035736083984,0.8155263066291809,-4.452581405639648,-47.57645797729492,27.071643829345703,5.247552394866943
1776702002343501,0.4014856815338135,0.8481492400169373,-4.677652359008789,-46.62820053100586,31.044403076171875,0.5509829521179199
1776702002353501,0.85527104139328,0.7174233198165894,-4.356871128082275,-45.423423767089844,29.446096420288086,-4.204882621765137
1776702002363498,1.5953795909881592,0.8315800428390503,-4.421213150024414,-46.698917388916016,31.77586555480957,-10.858270645141602
1776702002373476,1.1687579154968262,0.5387725830078125,-4.156466484069824,-47.6038818359375,27.16099739074707,-6.661293983459473
1776702002383490,0.3268452286720276,0.49661150574684143,-4.269108772277832,-48.743194580078125,25.44516372680664,1.9956703186035156
1776702002393482,0.02980417013168335,0.6031445860862732,-4.721472263336182,-48.4294319152832,28.751060485839844,4.313076019287109
1776702002403502,0.1890903115272522,0.6979612708091736,-4.455035209655762,-46.8288459777832,27.3312931060791,3.4004392623901367
1776702002413483,1.024963140487671,1.0469757318496704,-4.587320327758789,-46.235782623291016,32.016422271728516,-4.620473384857178
1776702002423460,1.4506797790527344,0.8589113354682922,-4.267482757568359,-45.67601013183594,30.534273147583008,-9.461896896362305
1776702002433478,1.0259993076324463,0.5304985642433167,-4.144593238830566,-46.00460433959961,27.21849250793457,-5.762685298919678
1776702002443465,0.8051382899284363,0.6004109978675842,-4.263940811157227,-48.17874526977539,27.082653045654297,-2.7423758506774902
1776702002453473,0.24098706245422363,0.6234384775161743,-4.350902080535889,-48.877540588378906,25.677589416503906,3.7700767517089844
1776702002463474,0.23519909381866455,0.8566103577613831,-4.701372146606445,-48.76057434082031,30.01642417907715,2.8349099159240723
1776702002473466,0.7151277661323547,0.8499217629432678,-4.678671360015869,-46.663856506347656,31.342880249023438,-2.106945037841797
1776702002483465,0.9478204250335693,0.6014699339866638,-4.424036979675293,-45.033077239990234,30.415283203125,-5.97980260848999
1776702002493441,1.2434791326522827,0.5763798952102661,-4.123520851135254,-45.22279357910156,28.5283203125,-8.001840591430664
1776702002503439,1.0322456359863281,0.5827146768569946,-4.123316764831543,-46.66545486450195,26.836719512939453,-5.090778827667236
1776702002513467,0.4927615523338318,0.5816665291786194,-4.251279830932617,-48.20969772338867,25.703519821166992,0.6803174018859863
1776702002523480,0.4176962971687317,0.84810471534729,-4.533437728881836,-49.179527282714844,28.371782302856445,2.021122455596924
1776702002533435,0.5029785633087158,0.8657004237174988,-4.700834274291992,-48.30198287963867,30.392257690429688,0.4744234085083008
1776702002543460,0.7117852568626404,0.8427982330322266,-4.420708656311035,-46.58230972290039,29.55373191833496,-1.8912296295166016
1776702002553460,0.9817640781402588,0.7428963780403137,-4.490959167480469,-45.839942932128906,31.321624755859375,-5.6613311767578125
1776702002563441,1.0000226497650146,0.5583480596542358,-4.128734111785889,-45.641693115234375,27.665103912353516,-5.609046936035156
1776702002573454,0.6800988912582397,0.4976641833782196,-4.26967191696167,-46.87163162231445,27.30356788635254,-2.509117364883423
1776702002583433,0.6321999430656433,0.6208495497703552,-4.3663458824157715,-47.96871566772461,27.762998580932617,-1.373476505279541
1776702002593453,0.5616561770439148,0.7099348902702332,-4.516259670257568,-48.475067138671875,29.025400161743164,-0.3805060386657715
1776702002603449,0.6975756287574768,0.797166645526886,-4.559010982513428,-47.833961486816406,29.832670211791992,-1.749173641204834
1776702002613445,0.8262659907341003,0.8139779567718506,-4.3866071701049805,-47.025001525878906,29.280702590942383,-2.807677984237671
1776702002623489,0.6616621017456055,0.710002601146698,-4.330109596252441,-46.48134231567383,28.16495132446289,-1.6228156089782715
1776702002633443,0.6384775638580322,0.6621299982070923,-4.327939987182617,-46.62852096557617,28.30660629272461,-1.8160357475280762
1776702002643466,0.8070249557495117,0.7019016742706299,-4.409414291381836,-47.10155487060547,29.090404510498047,-3.1607472896575928
1776702002653443,0.7865675091743469,0.6734228730201721,-4.413384437561035,-48.04254150390625,28.24046516418457,-2.4459331035614014
1776702002663448,0.8455138206481934,0.7896422147750854,-4.547297477722168,-48.40057373046875,29.7269287109375,-2.929213285446167
1776702002673444,0.6274138689041138,0.6194882392883301,-4.519082069396973,-47.577293395996094,29.188762664794922,-1.5572028160095215
1776702002683474,0.524692952632904,0.5897880792617798,-4.3719940185546875,-46.78997039794922,27.654430389404297,-0.41082334518432617
1776702002693459,0.5837912559509277,0.6356365084648132,-4.449947357177734,-46.490577697753906,28.84659194946289,-1.3174405097961426
1776702002703429,0.7807658314704895,0.7325347065925598,-4.264904022216797,-46.75831604003906,28.31611442565918,-2.718287944793701
1776702002713441,0.8624839782714844,0.7835497260093689,-4.417061805725098,-47.539573669433594,29.416908264160156,-3.1816165447235107
1776702002723377,0.8531231880187988,0.7435488700866699,-4.439791679382324,-48.18619918823242,29.01129913330078,-3.2010459899902344
1776702002733429,0.6329795718193054,0.7128552198410034,-4.406669616699219,-48.207298278808594,28.067712783813477,-0.8062310218811035
1776702002743440,0.6004947423934937,0.7652689218521118,-4.541121482849121,-48.020294189453125,29.58772850036621,-0.7464203834533691
1776702002753467,0.5462512969970703,0.6715440154075623,-4.445054531097412,-47.140193939208984,28.6827392578125,-0.6826000213623047
1776702002763442,0.6890994906425476,0.6769934892654419,-4.457353115081787,-46.62178421020508,29.167423248291016,-2.1231930255889893
1776702002773383,0.7549000978469849,0.5866193175315857,-4.413074493408203,-46.78446960449219,29.074939727783203,-3.372159004211426
1776702002783426,0.7974237203598022,0.6171903610229492,-4.313007831573486,-47.21601486206055,28.163225173950195,-3.046414852142334
1776702002793422,0.7637742757797241,0.6590142846107483,-4.42703914642334,-48.03763198852539,28.880535125732422,-2.5926570892333984
1776702002803375,0.7586385011672974,0.76714688539505,-4.37957239151001,-48.183128356933594,28.4249324798584,-1.8955879211425781
1776702002813445,0.6083899736404419,0.780445396900177,-4.513483047485352,-47.83134460449219,29.26707649230957,-0.7791061401367188
1776702002823433,0.6081781983375549,0.7534205317497253,-4.43272066116333,-47.428672790527344,28.575504302978516,-0.40468645095825195
1776702002833375,0.65817791223526,0.7299269437789917,-4.505781173706055,-46.98262405395508,29.599374771118164,-1.6221013069152832
1776702002843460,0.710745632648468,0.6368619203567505,-4.397459506988525,-46.866825103759766,28.42681121826172,-2.272088050842285
1776702002853425,0.8377710580825806,0.7152104377746582,-4.415085792541504,-47.616905212402344,28.912492752075195,-3.0139243602752686
1776702002863415,0.795893132686615,0.6909088492393494,-4.476189613342285,-48.03424835205078,29.385555267333984,-2.910141706466675
1776702002873428,0.628516435623169,0.6464354395866394,-4.455899238586426,-47.808441162109375,28.458301544189453,-1.3946690559387207
1776702002883378,0.6966989040374756,0.6900637745857239,-4.54045295715332,-47.69929885864258,29.504899978637695,-2.0210623741149902
1776702002893350,0.6132090091705322,0.6352806687355042,-4.404810905456543,-47.16699981689453,28.3015079498291,-1.3992218971252441
1776702002903443,0.6708921790122986,0.7201718091964722,-4.362520694732666,-47.196434020996094,28.4835147857666,-1.468454360961914
1776702002913428,0.7358988523483276,0.7321271300315857,-4.429408073425293,-47.540199279785156,28.95513153076172,-2.1979050636291504
1776702002923452,0.7179459929466248,0.7222529649734497,-4.416031837463379,-47.8463134765625,28.621896743774414,-1.865121841430664
1776702002933394,0.7379399538040161,0.7488932013511658,-4.524811744689941,-48.162078857421875,29.737451553344727,-2.1632015705108643
1776702002943442,0.7827411890029907,0.7475907206535339,-4.4765191078186035,-48.129432678222656,29.233966827392578,-2.4044251441955566
1776702002953385,0.6974155306816101,0.699045717716217,-4.549090385437012,-47.828067779541016,29.481639862060547,-2.03670334815979
1776702002963460,0.5991912484169006,0.6193557381629944,-4.438133716583252,-47.11414337158203,28.48077964782715,-1.5315937995910645
1776702002973441,0.6015973687171936,0.6080756783485413,-4.427214622497559,-47.16691589355469,28.797542572021484,-1.528580665588379
1776702002983458,0.6350351572036743,0.641693651676178,-4.422365188598633,-47.3003044128418,28.503137588500977,-1.7180562019348145
1776702002993386,0.7587303519248962,0.7293375730514526,-4.451822757720947,-47.899017333984375,28.94851303100586,-2.3945796489715576
1776702003003449,0.8759560585021973,0.8109457492828369,-4.462030410766602,-48.252410888671875,29.659584045410156,-3.157686710357666
1776702003013400,0.7183146476745605,0.7417362928390503,-4.430624008178711,-48.14816665649414,28.914594650268555,-1.9081335067749023
1776702003023388,0.6765822172164917,0.751645565032959,-4.471005439758301,-47.82780075073242,29.06643295288086,-1.3459324836730957
1776702003033454,0.5865053534507751,0.6644096374511719,-4.497910499572754,-47.50040817260742,28.964431762695312,-0.8567285537719727
1776702003043443,0.6157668828964233,0.6659548282623291,-4.4285478591918945,-47.14860534667969,28.40472984313965,-1.12705659866333
1776702003053435,0.7444028854370117,0.693479061126709,-4.51349401473999,-47.654701232910156,29.41587257385254,-2.4709970951080322
1776702003063383,0.7601626515388489,0.6776702404022217,-4.451216697692871,-47.884159088134766,28.948286056518555,-2.693984031677246
1776702003073356,0.7419098615646362,0.7170432806015015,-4.486563205718994,-48.05970001220703,29.242462158203125,-2.3063573837280273
1776702003083396,0.7250957489013672,0.7005727887153625,-4.483660697937012,-48.04145431518555,29.062898635864258,-2.1710121631622314
1776702003093357,0.6826978325843811,0.7126071453094482,-4.419818878173828,-47.59587478637695,28.849620819091797,-1.730264663696289
1776702003103425,0.6487863063812256,0.7320564985275269,-4.420241355895996,-47.32042694091797,28.793846130371094,-1.381892204284668
1776702003113374,0.6528503894805908,0.7151767015457153,-4.433257579803467,-47.74005126953125,28.865636825561523,-1.3890619277954102
1776702003123415,0.6677840352058411,0.7070964574813843,-4.463074684143066,-47.860599517822266,28.824565887451172,-1.376298427581787
1776702003133444,0.7253769636154175,0.7192404866218567,-4.503102779388428,-48.198974609375,29.491132736206055,-2.1197733879089355
1776702003143383,0.8370749354362488,0.765670895576477,-4.5322065353393555,-48.16096496582031,29.65678596496582,-2.9452316761016846
1776702003153438,0.7149084806442261,0.6936160326004028,-4.49520206451416,-47.93332290649414,29.312299728393555,-2.2793190479278564
1776702003163433,0.6846885085105896,0.6739844679832458,-4.447257995605469,-47.62071228027344,29.162487030029297,-2.1630067825317383
1776702003173418,0.5905059576034546,0.5930972695350647,-4.4433112144470215,-47.54372024536133,28.606658935546875,-1.3002758026123047
1776702003183407,0.6287877559661865,0.6831042766571045,-4.395312309265137,-47.50238800048828,28.49269676208496,-1.2827153205871582
1776702003193411,0.7452331781387329,0.7237590551376343,-4.472024440765381,-48.013153076171875,29.21627426147461,-2.115248680114746
1776702003203368,0.7561804056167603,0.7455482482910156,-4.4653520584106445,-48.31521224975586,29.07225799560547,-2.1272034645080566
1776702003213441,0.7732531428337097,0.779658317565918,-4.486685276031494,-48.40255355834961,29.526813507080078,-2.1799745559692383
1776702003223426,0.6868458390235901,0.7260504961013794,-4.492433547973633,-48.040618896484375,29.397043228149414,-1.6796989440917969
1776702003233404,0.6263813972473145,0.6979160904884338,-4.466758728027344,-47.87303161621094,29.011735916137695,-1.0411567687988281
1776702003243432,0.6401968002319336,0.6842435002326965,-4.490965366363525,-47.43488311767578,29.085628509521484,-1.401710033416748
1776702003253458,0.6712311506271362,0.6726529002189636,-4.470289707183838,-47.60906982421875,28.76669692993164,-1.7491765022277832
1776702003263387,0.7139012813568115,0.6693205237388611,-4.486085891723633,-47.83687210083008,28.914772033691406,-2.0799479484558105
1776702003273395,0.7546924352645874,0.7035958170890808,-4.474741458892822,-48.2529411315918,29.295042037963867,-2.3162131309509277
1776702003283433,0.7478988170623779,0.7206792831420898,-4.470270156860352,-48.24619674682617,29.205018997192383,-2.112536907196045
1776702003293383,0.7289600968360901,0.7409417629241943,-4.481066703796387,-47.914710998535156,29.291746139526367,-1.943178653717041
1776702003303364,0.6904451847076416,0.7310230731964111,-4.465327739715576,-47.8285026550293,29.017745971679688,-1.667562484741211
1776702003313366,0.5920252799987793,0.6852754354476929,-4.463316440582275,-47.84011459350586,28.578922271728516,-0.8582119941711426
1776702003323329,0.6305044293403625,0.70354825258255,-4.471549987792969,-47.78300094604492,28.988014221191406,-1.0576567649841309
1776702003333377,0.7147343754768372,0.7286306619644165,-4.508232116699219,-48.17633819580078,29.43642807006836,-1.945847511291504
1776702003343373,0.7136713266372681,0.7069246172904968,-4.476241111755371,-48.08273696899414,29.33034324645996,-2.2640509605407715
1776702003353417,0.7814950346946716,0.7337160706520081,-4.524864196777344,-48.1580810546875,29.628921508789062,-2.6780781745910645
1776702003363330,0.6973190307617188,0.6654245853424072,-4.48594331741333,-47.98799133300781,29.288732528686523,-2.107513666152954
1776702003373309,0.6062499284744263,0.6505540609359741,-4.442668437957764,-47.57969284057617,28.52520179748535,-1.0953383445739746
1776702003383351,0.6674218773841858,0.6739349961280823,-4.450928211212158,-48.04387664794922,29.049638748168945,-1.5110344886779785
1776702003393380,0.6603001952171326,0.7025935053825378,-4.462859153747559,-47.770103454589844,28.746212005615234,-1.4856634140014648
1776702003403382,0.7104911208152771,0.7420951128005981,-4.486799716949463,-48.33309555053711,29.060379028320312,-1.9269280433654785
1776702003413340,0.761694073677063,0.7719099521636963,-4.529962062835693,-48.451988220214844,29.780683517456055,-2.353698253631592
1776702003423393,0.7030038833618164,0.7212310433387756,-4.508381366729736,-48.25993347167969,29.116104125976562,-1.5625519752502441
1776702003433405,0.6998359560966492,0.725570023059845,-4.502825736999512,-48.050750732421875,29.42559814453125,-1.7845234870910645
1776702003443357,0.6689940690994263,0.6855747699737549,-4.508170127868652,-47.78545379638672,29.213911056518555,-1.7881407737731934
1776702003453416,0.6361050605773926,0.6346438527107239,-4.506542682647705,-47.69782638549805,28.649202346801758,-1.3188285827636719
1776702003463321,0.6795182228088379,0.6634000539779663,-4.5008673667907715,-47.82968521118164,29.19106674194336,-1.7545275688171387
1776702003473423,0.7329151034355164,0.6988019347190857,-4.503811359405518,-48.194698333740234,28.967308044433594,-2.1387624740600586
1776702003483410,0.7314333915710449,0.7378379106521606,-4.490871429443359,-48.390541076660156,29.15053939819336,-1.997528314590454
1776702003493324,0.7591535449028015,0.7637410163879395,-4.481109619140625,-48.30881881713867,29.580368041992188,-2.20857572555542
1776702003503294,0.6785794496536255,0.7366097569465637,-4.527519226074219,-48.113990783691406,29.065994262695312,-1.6032094955444336
1776702003513343,0.6087949872016907,0.691197395324707,-4.4490966796875,-48.101104736328125,28.952972412109375,-1.152381420135498
1776702003523277,0.6409456729888916,0.6899277567863464,-4.476067543029785,-47.82158660888672,29.22925567626953,-1.356846809387207
1776702003533293,0.6642619371414185,0.6811583042144775,-4.490890026092529,-47.96945571899414,29.128475189208984,-1.6212043762207031
1776702003543365,0.7370172739028931,0.6848456859588623,-4.520153999328613,-48.3299674987793,29.22879409790039,-2.180001974105835
1776702003553399,0.7639079093933105,0.7195878028869629,-4.545367240905762,-48.289371490478516,29.7744083404541,-2.5518295764923096
1776702003563316,0.706426739692688,0.6721861362457275,-4.501034736633301,-48.18935775756836,29.04706573486328,-1.665733814239502
1776702003573331,0.6830994486808777,0.6999794840812683,-4.519781112670898,-48.14242935180664,29.315832138061523,-1.7261056900024414
1776702003583315,0.6491682529449463,0.6977576613426208,-4.486415863037109,-47.91648864746094,28.93331527709961,-1.439516544342041
1776702003593396,0.6505747437477112,0.7237082123756409,-4.471186637878418,-48.016380310058594,28.88097381591797,-1.401921272277832
1776702003603312,0.6783133745193481,0.7513793706893921,-4.511465072631836,-48.170040130615234,29.350879669189453,-1.6889543533325195
1776702003613330,0.7076297402381897,0.7256345748901367,-4.483287334442139,-48.52424240112305,29.27887725830078,-1.662869930267334
1776702003623411,0.7300825119018555,0.742400586605072,-4.552945613861084,-48.37812042236328,29.777687072753906,-2.005375862121582
1776702003633347,0.7328336238861084,0.7024456262588501,-4.489559650421143,-48.32083511352539,29.52167320251465,-2.2105445861816406
1776702003643316,0.6836857199668884,0.6856203079223633,-4.473262786865234,-47.703163146972656,28.79129981994629,-1.6267285346984863
1776702003653414,0.6564317941665649,0.6739228367805481,-4.473130226135254,-47.763301849365234,29.11947250366211,-1.5942692756652832
1776702003663290,0.6558176279067993,0.6582246422767639,-4.4999098777771,-47.990318298339844,28.970932006835938,-1.4148354530334473
1776702003673368,0.6879148483276367,0.6984876990318298,-4.4668121337890625,-47.980045318603516,29.085025787353516,-1.5820350646972656
1776702003683366,0.7471417784690857,0.7451487183570862,-4.517838001251221,-48.39350509643555,29.23358917236328,-2.0611729621887207
1776702003693325,0.7425510883331299,0.7488118410110474,-4.496918201446533,-48.51515579223633,29.496469497680664,-2.117702007293701
1776702003703307,0.686884880065918,0.7388554811477661,-4.496627330780029,-48.27558135986328,29.223209381103516,-1.5185871124267578
1776702003713310,0.6983509063720703,0.7297521829605103,-4.489561080932617,-48.162864685058594,29.28122329711914,-1.720071792602539
1776702003723346,0.6181785464286804,0.6896873116493225,-4.461247444152832,-47.786598205566406,29.267427444458008,-1.317039966583252
1776702003733305,0.6624628305435181,0.6995952725410461,-4.49476957321167,-47.980369567871094,29.316892623901367,-1.6550822257995605
1776702003743296,0.7227112054824829,0.6919025778770447,-4.5200724601745605,-48.0887336730957,29.382726669311523,-2.0595703125
1776702003753275,0.7019386887550354,0.6826992034912109,-4.469161510467529,-48.253849029541016,29.219165802001953,-2.108887195587158
1776702003763335,0.7410753965377808,0.705893337726593,-4.524334907531738,-48.26615524291992,29.307003021240234,-2.1554665565490723
1776702003773263,0.7181110382080078,0.724481999874115,-4.524776935577393,-48.26005935668945,29.25861930847168,-1.9148838520050049
1776702003783325,0.6588731408119202,0.7012391686439514,-4.488891124725342,-48.22649383544922,29.048831939697266,-1.4091887474060059
1776702003793280,0.6921272873878479,0.7153800129890442,-4.486076354980469,-48.171058654785156,29.178491592407227,-1.4853768348693848
1776702003803338,0.6438363194465637,0.7106878757476807,-4.4907426834106445,-48.1356315612793,29.09473991394043,-1.328178882598877
1776702003813342,0.6634170413017273,0.7113761901855469,-4.484440326690674,-48.34031295776367,29.31192398071289,-1.6022067070007324
1776702003823356,0.7415185570716858,0.7365738749504089,-4.510746955871582,-48.53524398803711,29.64284324645996,-2.299583911895752
1776702003833333,0.7285001277923584,0.7129156589508057,-4.53356409072876,-48.208675384521484,29.54845428466797,-2.111161470413208
1776702003843370,0.6822959780693054,0.6891012191772461,-4.523672580718994,-48.18901824951172,29.334896087646484,-1.812471866607666
1776702003853337,0.6687344312667847,0.6947362422943115,-4.522902488708496,-47.974037170410156,29.206649780273438,-1.8104004859924316
1776702003863290,0.6392877101898193,0.6629262566566467,-4.490842819213867,-48.04777908325195,28.6767578125,-1.1913175582885742
1776702003873333,0.6791207790374756,0.7295437455177307,-4.491647243499756,-48.19007873535156,29.168354034423828,-1.4997291564941406
1776702003883433,0.7281152009963989,0.7234869003295898,-4.498941421508789,-48.428489685058594,29.26814842224121,-1.860414981842041
1776702003893233,0.7077497839927673,0.7293562889099121,-4.495972633361816,-48.451210021972656,29.344223022460938,-1.7476263046264648
1776702003903291,0.722562313079834,0.7479586601257324,-4.534700393676758,-48.39220428466797,29.673023223876953,-1.7487401962280273
1776702003913279,0.6793161034584045,0.7151739001274109,-4.515744686126709,-48.28798294067383,29.18351173400879,-1.7324185371398926
1776702003923284,0.6463780403137207,0.688797652721405,-4.491495609283447,-48.150630950927734,29.27288246154785,-1.4516801834106445
1776702003933224,0.6784127950668335,0.6831262707710266,-4.505722999572754,-48.221343994140625,29.241455078125,-1.6600818634033203
1776702003943218,0.6784485578536987,0.6902485489845276,-4.500401496887207,-47.96846389770508,29.22800636291504,-1.7378320693969727
1776702003953278,0.7066532373428345,0.6958162784576416,-4.517870903015137,-48.203956604003906,29.172273635864258,-1.817533016204834
1776702003963277,0.7173824310302734,0.7100925445556641,-4.51981258392334,-48.595481872558594,29.504192352294922,-2.1808435916900635
1776702003973272,0.7101131081581116,0.7134510278701782,-4.515889644622803,-48.383018493652344,29.366031646728516,-1.8645496368408203
1776702003983267,0.6934221982955933,0.7400712966918945,-4.526926040649414,-48.3792724609375,29.3904972076416,-1.709305763244629
1776702003993217,0.6584059596061707,0.7124089002609253,-4.502474784851074,-48.15082550048828,29.0675106048584,-1.5921578407287598
1776702004003325,0.6480026841163635,0.7107996344566345,-4.485020637512207,-48.16447448730469,28.950590133666992,-1.2142047882080078
1776702004013243,0.6847127079963684,0.7172282338142395,-4.509865760803223,-48.21757507324219,29.358871459960938,-1.5489459037780762
1776702004023266,0.71284019947052,0.7061927318572998,-4.520223617553711,-48.42585372924805,29.31817054748535,-1.8600096702575684
1776702004033262,0.7182292938232422,0.7043420076370239,-4.5332865715026855,-48.450626373291016,29.576313018798828,-2.0201048851013184
1776702004043269,0.7265928387641907,0.7105194926261902,-4.534115791320801,-48.3201789855957,29.41708755493164,-2.142726421356201
1776702004053323,0.6650519371032715,0.6929256319999695,-4.514962673187256,-48.20914840698242,28.943193435668945,-1.6649951934814453
1776702004063215,0.6621222496032715,0.6952393054962158,-4.51479959487915,-48.36529541015625,29.087942123413086,-1.5038652420043945
1776702004073329,0.6805316209793091,0.6995007395744324,-4.550867080688477,-48.13722229003906,28.956085205078125,-1.3981547355651855
1776702004083343,0.6805266737937927,0.7214725017547607,-4.5265398025512695,-48.32011032104492,29.12257957458496,-1.4774422645568848
1776702004093225,0.7211419939994812,0.73222416639328,-4.552215576171875,-48.54539489746094,29.523357391357422,-2.056328296661377
1776702004103289,0.713363766670227,0.7326450347900391,-4.549388885498047,-48.245277404785156,29.49981689453125,-1.982743501663208
1776702004113263,0.6837078332901001,0.7132506966590881,-4.542533874511719,-48.44296646118164,29.19710350036621,-1.6952991485595703
1776702004123231,0.6952466368675232,0.7022270560264587,-4.538355350494385,-48.383689880371094,29.486299514770508,-1.7408137321472168
1776702004133274,0.6657572984695435,0.6808001399040222,-4.5207743644714355,-48.2626838684082,29.214324951171875,-1.8191146850585938
1776702004143221,0.6722428798675537,0.686423122882843,-4.503937721252441,-48.32086181640625,29.192163467407227,-1.5720252990722656
1776702004153298,0.7107371091842651,0.7029390931129456,-4.493879318237305,-48.378448486328125,29.372894287109375,-1.9512875080108643
1776702004163301,0.6989675164222717,0.7022755742073059,-4.50073766708374,-48.42543411254883,29.129154205322266,-1.7824678421020508
1776702004173216,0.7214990258216858,0.7361143231391907,-4.558712959289551,-48.67884063720703,29.677892684936523,-2.0053720474243164
1776702004183286,0.7170296907424927,0.7449029088020325,-4.547097206115723,-48.4027099609375,29.504844665527344,-1.7956161499023438
1776702004193220,0.6688816547393799,0.7084593176841736,-4.530638694763184,-48.38633346557617,29.30162239074707,-1.6312165260314941
1776702004203224,0.6854876279830933,0.7108919024467468,-4.5093255043029785,-48.23981857299805,29.274431228637695,-1.6569404602050781
1776702004213240,0.6616597175598145,0.7065864205360413,-4.524627685546875,-48.24238967895508,29.255672454833984,-1.6492252349853516
1776702004223285,0.6852875351905823,0.7019622921943665,-4.5204925537109375,-48.36376190185547,29.370582580566406,-1.7404975891113281
1776702004233280,0.7283676862716675,0.7013179659843445,-4.558712005615234,-48.52953338623047,29.619068145751953,-2.1529195308685303
1776702004243268,0.731275200843811,0.701877772808075,-4.531967639923096,-48.61639404296875,29.360788345336914,-2.0243873596191406
1776702004253278,0.6956799030303955,0.707351565361023,-4.530898571014404,-48.35503387451172,29.319076538085938,-1.7254247665405273
1776702004263221,0.7061753273010254,0.7174190878868103,-4.536838054656982,-48.423004150390625,29.186738967895508,-1.6749677658081055
1776702004273286,0.6698607206344604,0.7073544859886169,-4.517971038818359,-48.48176193237305,29.026294708251953,-1.3126864433288574
1776702004283300,0.6756770610809326,0.7201686501502991,-4.556314468383789,-48.4026985168457,29.32588005065918,-1.4676513671875
1776702004293300,0.7131566405296326,0.7427510619163513,-4.538999557495117,-48.43173599243164,29.402441024780273,-2.0973334312438965
1776702004303244,0.7076618671417236,0.7110854387283325,-4.5439887046813965,-48.524513244628906,29.493480682373047,-1.9341721534729004
1776702004313234,0.7084291577339172,0.7155259251594543,-4.520936965942383,-48.53538513183594,29.488834381103516,-1.9840850830078125
1776702004323278,0.6977860331535339,0.6961891055107117,-4.507991790771484,-48.337379455566406,29.37735366821289,-1.9145917892456055
1776702004333259,0.6836775541305542,0.689631462097168,-4.480819225311279,-48.18386459350586,29.2900447845459,-1.701791763305664
1776702004343264,0.688388466835022,0.6924654245376587,-4.542042255401611,-48.541351318359375,29.278400421142578,-1.93048095703125
1776702004353287,0.6854917407035828,0.6860756278038025,-4.508671283721924,-48.454383850097656,29.276256561279297,-1.8223795890808105
1776702004363225,0.702153205871582,0.7183308005332947,-4.524857997894287,-48.40772247314453,29.270294189453125,-1.5757694244384766
1776702004373213,0.7098749876022339,0.7297982573509216,-4.495406150817871,-48.47913360595703,29.453060150146484,-1.8604679107666016
1776702004383283,0.7176373600959778,0.7331963181495667,-4.490386486053467,-48.6651725769043,29.47050666809082,-1.8990988731384277
1776702004393273,0.6980695724487305,0.7118280529975891,-4.558971405029297,-48.507545471191406,29.520814895629883,-1.9199628829956055
1776702004403293,0.6877663135528564,0.7004296183586121,-4.522917747497559,-48.44045639038086,29.49590301513672,-1.5374135971069336
1776702004413251,0.6742857098579407,0.6827799677848816,-4.540546417236328,-48.344322204589844,29.302783966064453,-1.5784106254577637
1776702004423294,0.6692597270011902,0.6953027844429016,-4.516748905181885,-48.537818908691406,29.536401748657227,-1.8311238288879395
1776702004433271,0.7052267789840698,0.6919994950294495,-4.519637107849121,-48.48761749267578,29.43222427368164,-1.9394259452819824
1776702004443275,0.7258211970329285,0.7206234335899353,-4.548641204833984,-48.38930130004883,29.27268409729004,-1.8653371334075928
1776702004453268,0.7336050271987915,0.7274722456932068,-4.565561294555664,-48.524505615234375,29.456090927124023,-1.896153450012207
1776702004463282,0.6812117099761963,0.7184561491012573,-4.51814079284668,-48.46566390991211,29.446277618408203,-1.6278395652770996
1776702004473259,0.6800628900527954,0.730249285697937,-4.544252872467041,-48.431671142578125,29.2044677734375,-1.6152925491333008
1776702004483278,0.6831660270690918,0.7312026023864746,-4.5420308113098145,-48.34390640258789,29.238529205322266,-1.5989294052124023
1776702004493227,0.6773785948753357,0.7153850197792053,-4.50891637802124,-48.376686096191406,29.46278190612793,-1.6359491348266602
1776702004503217,0.6986662745475769,0.7181980013847351,-4.518424034118652,-48.443973541259766,29.48952865600586,-1.8785977363586426
1776702004513239,0.7237963676452637,0.7203053832054138,-4.5305891036987305,-48.52470779418945,29.487098693847656,-2.174121856689453
1776702004523274,0.6910545825958252,0.6954256296157837,-4.5348405838012695,-48.52369689941406,29.44997215270996,-1.8442564010620117
1776702004533215,0.6945245862007141,0.7066659927368164,-4.519617080688477,-48.3831787109375,29.54058265686035,-1.8559560775756836
1776702004543251,0.6808440089225769,0.6845241189002991,-4.530071258544922,-48.52413558959961,29.195100784301758,-1.6201086044311523
1776702004553212,0.6771767139434814,0.6919000744819641,-4.493257522583008,-48.488285064697266,29.363130569458008,-1.6273078918457031
1776702004563212,0.713412880897522,0.7063857913017273,-4.504983425140381,-48.56438446044922,29.539249420166016,-1.8898015022277832
1776702004573261,0.7148884534835815,0.7136855125427246,-4.501521587371826,-48.66999816894531,29.34029769897461,-1.9019975662231445
1776702004583270,0.6908564567565918,0.7450771331787109,-4.551267623901367,-48.48579788208008,29.4854679107666,-1.8058977127075195
1776702004593228,0.7187286019325256,0.717795193195343,-4.51612663269043,-48.538421630859375,29.606016159057617,-1.852799415588379
1776702004603264,0.6874414682388306,0.7142515778541565,-4.536217212677002,-48.458980560302734,29.404115676879883,-1.7684259414672852
1776702004613228,0.691127598285675,0.691507875919342,-4.556581974029541,-48.56239700317383,29.439443588256836,-1.6680779457092285
1776702004623231,0.6870614886283875,0.6928205490112305,-4.512241840362549,-48.501609802246094,29.23206901550293,-1.7120351791381836
1776702004633244,0.6725140810012817,0.6815237402915955,-4.539346694946289,-48.465003967285156,29.29137420654297,-1.7176318168640137
1776702004643232,0.7139270305633545,0.722068727016449,-4.522935390472412,-48.51832580566406,29.38973617553711,-1.8509783744812012
1776702004653263,0.7116166949272156,0.7305850982666016,-4.555763244628906,-48.68989181518555,29.388534545898438,-1.8337736129760742
1776702004663239,0.6976054310798645,0.727676510810852,-4.560089111328125,-48.47452163696289,29.438392639160156,-1.784998893737793
1776702004673254,0.6976462602615356,0.731931746006012,-4.538999080657959,-48.50489807128906,29.407896041870117,-1.4873366355895996
1776702004683256,0.673130214214325,0.7294793725013733,-4.550169944763184,-48.415748596191406,29.285797119140625,-1.5998783111572266
1776702004693216,0.6620821952819824,0.7220147252082825,-4.513119220733643,-48.38669967651367,29.54033660888672,-1.5681366920471191
1776702004703296,0.6967167258262634,0.7148594260215759,-4.514648914337158,-48.36354446411133,29.794971466064453,-1.8086485862731934
1776702004713167,0.7102575898170471,0.7041454911231995,-4.542144775390625,-48.566837310791016,29.458881378173828,-1.8770408630371094
1776702004723167,0.6952337026596069,0.697457492351532,-4.520766258239746,-48.620235443115234,29.420412063598633,-1.7377443313598633
1776702004733165,0.710007905960083,0.7058357000350952,-4.540988922119141,-48.47914123535156,29.525911331176758,-1.9171857833862305
1776702004743165,0.6687724590301514,0.7089805006980896,-4.52183723449707,-48.47025680541992,29.43402099609375,-1.6171765327453613
1776702004753138,0.6890714168548584,0.696867048740387,-4.522734642028809,-48.51297378540039,29.377286911010742,-1.6968207359313965
1776702004763132,0.7016072869300842,0.7280972599983215,-4.537388801574707,-48.63418197631836,29.488771438598633,-1.7050957679748535
1776702004773133,0.696473240852356,0.7151556611061096,-4.526877403259277,-48.604331970214844,29.386316299438477,-1.7153072357177734
1776702004783132,0.7020161747932434,0.7167842984199524,-4.524186611175537,-48.62624740600586,29.50070571899414,-1.774416446685791
1776702004793124,0.6746311783790588,0.7248315215110779,-4.546045780181885,-48.656131744384766,29.483259201049805,-2.089496612548828
1776702004803262,0.6871786713600159,0.7091584205627441,-4.516034126281738,-48.40076446533203,29.328048706054688,-1.8742308616638184
1776702004813162,0.6982898116111755,0.6931321620941162,-4.538466930389404,-48.511756896972656,29.45232582092285,-1.8038086891174316
1776702004823294,0.6876673102378845,0.6865097880363464,-4.524886131286621,-48.483665466308594,29.242645263671875,-1.6642670631408691
1776702004833183,0.6971192359924316,0.6946696043014526,-4.544504165649414,-48.690921783447266,29.310855865478516,-1.8230724334716797
1776702004843184,0.7154117226600647,0.7205398082733154,-4.535630226135254,-48.620548248291016,29.454530715942383,-1.646934986114502
1776702004853225,0.7055724859237671,0.7221624255180359,-4.53590202331543,-48.58933639526367,29.375980377197266,-1.7879633903503418
1776702004863135,0.7233365178108215,0.7209700345993042,-4.562457084655762,-48.71836853027344,29.48820686340332,-1.8992290496826172
1776702004873289,0.6950715780258179,0.7248048186302185,-4.540332317352295,-48.580875396728516,29.391326904296875,-1.600534439086914
1776702004883332,0.6950078010559082,0.7181625962257385,-4.520101547241211,-48.548377990722656,29.341705322265625,-1.6329469680786133
1776702004893129,0.6902957558631897,0.7169186472892761,-4.526108264923096,-48.49687957763672,29.386411666870117,-1.7990150451660156
1776702004903139,0.6958774328231812,0.6962736248970032,-4.550780296325684,-48.48192596435547,29.33324432373047,-1.667518138885498
1776702004913143,0.7024343013763428,0.7116982340812683,-4.519046783447266,-48.55643844604492,29.550167083740234,-1.8814644813537598
1776702004923169,0.7142387628555298,0.699478268623352,-4.550576686859131,-48.66645812988281,29.539724349975586,-1.9891834259033203
1776702004933129,0.6995205879211426,0.7115157842636108,-4.552317142486572,-48.492279052734375,29.434982299804688,-1.711836338043213
1776702004943134,0.7134968042373657,0.7055163979530334,-4.548219680786133,-48.66816329956055,29.48660659790039,-1.852156639099121
1776702004953141,0.706436276435852,0.7138897776603699,-4.518067359924316,-48.55900192260742,29.341646194458008,-1.662703037261963
1776702004963131,0.694291353225708,0.7228290438652039,-4.548272132873535,-48.52094268798828,29.369312286376953,-1.7141103744506836
1776702004973133,0.6901564598083496,0.6996377110481262,-4.552435874938965,-48.63328552246094,29.465633392333984,-1.6117539405822754
1776702004983142,0.7024155259132385,0.7131338715553284,-4.5352864265441895,-48.62708282470703,29.53563117980957,-1.7077140808105469
1776702004993134,0.6949893236160278,0.7216364145278931,-4.569385051727295,-48.47013473510742,29.486961364746094,-1.8950834274291992
1776702005003134,0.7132667303085327,0.7101266980171204,-4.5337066650390625,-48.52581024169922,29.508562088012695,-1.911898136138916
1776702005013140,0.6932262182235718,0.6867843270301819,-4.5558085441589355,-48.526695251464844,29.442691802978516,-1.723656177520752
1776702005023142,0.6825395226478577,0.7022998332977295,-4.532614707946777,-48.53826141357422,29.418384552001953,-1.6481070518493652
1776702005033136,0.7018789052963257,0.6979618072509766,-4.555934429168701,-48.763832092285156,29.388736724853516,-1.5685005187988281
1776702005043134,0.702416181564331,0.7146745920181274,-4.569586277008057,-48.66582489013672,29.36016845703125,-1.6198277473449707
1776702005053147,0.7076907157897949,0.7218485474586487,-4.527906894683838,-48.72373962402344,29.3786678314209,-1.6756467819213867
1776702005063200,0.715569257736206,0.7334108948707581,-4.570630073547363,-48.60609436035156,29.508174896240234,-1.8599424362182617
1776702005073154,0.7012535333633423,0.7057854533195496,-4.570178031921387,-48.72321319580078,29.352313995361328,-1.4883475303649902
1776702005083136,0.696199893951416,0.7292975187301636,-4.535062313079834,-48.48471450805664,29.51862907409668,-1.6972465515136719
1776702005093101,0.6916579604148865,0.7139918804168701,-4.540884017944336,-48.584449768066406,29.611053466796875,-1.7883977890014648
1776702005103099,0.6771234273910522,0.6937774419784546,-4.562582492828369,-48.77073287963867,29.519495010375977,-1.685575008392334
1776702005113125,0.6995673775672913,0.6883775591850281,-4.5372514724731445,-48.79294204711914,29.524160385131836,-1.858349323272705
1776702005123087,0.7015159130096436,0.7068237066268921,-4.507040977478027,-48.63713455200195,29.422576904296875,-1.6558785438537598
1776702005133100,0.7074925899505615,0.7185148596763611,-4.5722432136535645,-48.68494415283203,29.4309139251709,-1.871046543121338
1776702005143100,0.6964828968048096,0.7263264060020447,-4.564993858337402,-48.63433074951172,29.477663040161133,-1.7778434753417969
1776702005153104,0.686970591545105,0.7130064964294434,-4.546494960784912,-48.639617919921875,29.437641143798828,-1.7884221076965332
1776702005163100,0.6742109060287476,0.7064135074615479,-4.540869235992432,-48.67608642578125,29.523303985595703,-1.738485336303711
1776702005173082,0.6996946930885315,0.71855229139328,-4.5710320472717285,-48.49952697753906,29.462759017944336,-2.022177219390869
1776702005183104,0.6862337589263916,0.7118319869041443,-4.533087253570557,-48.721778869628906,29.463560104370117,-1.7398738861083984
1776702005193102,0.6931789517402649,0.7189905643463135,-4.554462432861328,-48.65947723388672,29.661964416503906,-1.8620972633361816
1776702005203141,0.7015770673751831,0.7031439542770386,-4.522674083709717,-48.697731018066406,29.68946647644043,-1.8102645874023438
1776702005213133,0.690951406955719,0.7211482524871826,-4.553689002990723,-48.591304779052734,29.427043914794922,-1.6757559776306152
1776702005223228,0.7044156193733215,0.693499743938446,-4.555671215057373,-48.66228485107422,29.550432205200195,-1.7673311233520508
1776702005233137,0.6754514575004578,0.7260342240333557,-4.536587715148926,-48.57289123535156,29.427030563354492,-1.8102669715881348
1776702005243153,0.6980927586555481,0.7165222764015198,-4.578994274139404,-48.80088806152344,29.395828247070312,-1.6737704277038574
1776702005253142,0.703127384185791,0.7414000630378723,-4.571767807006836,-48.6962890625,29.538822174072266,-1.7965431213378906
1776702005263101,0.7088993191719055,0.7214394807815552,-4.559675693511963,-48.697879791259766,29.39971160888672,-1.7107529640197754
1776702005273150,0.7064035534858704,0.7118624448776245,-4.609840393066406,-48.645633697509766,29.520410537719727,-1.8351645469665527
1776702005283207,0.6987869739532471,0.6998265981674194,-4.5595550537109375,-48.80257034301758,29.522573471069336,-1.7089385986328125
1776702005293106,0.6715942025184631,0.7052897214889526,-4.562811374664307,-48.565216064453125,29.4451847076416,-1.9944591522216797
1776702005303107,0.6949453949928284,0.6958697438240051,-4.5126495361328125,-48.70774841308594,29.651844024658203,-1.9071078300476074
1776702005313141,0.6967536211013794,0.6928865909576416,-4.548795700073242,-48.64824295043945,29.531322479248047,-1.731557846069336
1776702005323152,0.6895671486854553,0.7199224233627319,-4.569188594818115,-48.73427200317383,29.411497116088867,-1.7465696334838867
1776702005333114,0.6976014971733093,0.7190618515014648,-4.532365798950195,-48.873313903808594,29.53110694885254,-1.8368935585021973
1776702005343151,0.6865176558494568,0.7241889834403992,-4.532785415649414,-48.68470001220703,29.659217834472656,-1.860914707183838
1776702005353121,0.6904564499855042,0.7248185873031616,-4.53505277633667,-48.64447784423828,29.57490348815918,-1.8319430351257324
1776702005363136,0.6820687055587769,0.7138763070106506,-4.556731224060059,-48.620391845703125,29.492780685424805,-1.7429876327514648
1776702005373130,0.684176504611969,0.7012891173362732,-4.54494047164917,-48.7234992980957,29.504871368408203,-1.781104564666748
1776702005383110,0.6981897354125977,0.7077112197875977,-4.5669989585876465,-48.789337158203125,29.613388061523438,-1.6847639083862305
1776702005393104,0.7124617099761963,0.7114959955215454,-4.544050216674805,-48.75503921508789,29.65964126586914,-1.929884910583496
1776702005403099,0.6920155882835388,0.7054139971733093,-4.535726547241211,-48.69029235839844,29.477401733398438,-1.981985092163086
1776702005413062,0.6948939561843872,0.7082818746566772,-4.545855522155762,-48.64549255371094,29.464191436767578,-1.8128666877746582
1776702005423091,0.6840658783912659,0.7226200103759766,-4.542076587677002,-48.56059646606445,29.471397399902344,-1.885866641998291
1776702005433104,0.6860859394073486,0.7060909271240234,-4.551505088806152,-48.597747802734375,29.503751754760742,-1.846512794494629
1776702005443118,0.7061342000961304,0.7256914973258972,-4.535797595977783,-48.80276107788086,29.338842391967773,-1.7343120574951172
1776702005453104,0.6939696073532104,0.7006689310073853,-4.558372497558594,-48.783424377441406,29.576614379882812,-1.7069430351257324
1776702005463090,0.6922388672828674,0.698566734790802,-4.530458927154541,-48.738441467285156,29.393943786621094,-1.8321099281311035
1776702005473113,0.6990918517112732,0.70065838098526,-4.55511474609375,-48.61764907836914,29.455339431762695,-1.5986905097961426
1776702005483130,0.7049156427383423,0.7129625678062439,-4.567212104797363,-48.76717758178711,29.476606369018555,-1.6725411415100098
1776702005493123,0.6800438165664673,0.7054858207702637,-4.591801643371582,-48.772403717041016,29.711044311523438,-1.9105110168457031
1776702005503099,0.6865435838699341,0.7106984257698059,-4.538860321044922,-48.562889099121094,29.381797790527344,-2.02370548248291
1776702005513052,0.679006040096283,0.7090177536010742,-4.52427864074707,-48.74100875854492,29.402767181396484,-1.8657574653625488
1776702005523070,0.6921007633209229,0.7189669609069824,-4.5386433601379395,-48.71221160888672,29.557424545288086,-1.6773724555969238
1776702005533054,0.6907885670661926,0.7260857224464417,-4.583049297332764,-48.83942794799805,29.524473190307617,-1.8082256317138672
1776702005543091,0.696722149848938,0.7050771713256836,-4.534708499908447,-48.80284881591797,29.4742488861084,-1.813474178314209
1776702005553102,0.697976291179657,0.7133812308311462,-4.570572853088379,-48.78804016113281,29.436767578125,-1.9796032905578613
1776702005563170,0.6832816004753113,0.7248275279998779,-4.543949127197266,-48.669578552246094,29.678991317749023,-1.7074694633483887
1776702005573254,0.6703340411186218,0.7018798589706421,-4.5763773918151855,-48.8972282409668,29.62489891052246,-1.5476069450378418
1776702005583285,0.7013375163078308,0.71416175365448,-4.566431045532227,-48.64784622192383,29.567052841186523,-1.7773032188415527
1776702005593245,0.705897331237793,0.7100803256034851,-4.524223327636719,-48.75448989868164,29.464750289916992,-1.9193849563598633
1776702005603335,0.6934946775436401,0.709544837474823,-4.573939800262451,-48.64694595336914,29.70895004272461,-1.6822466850280762
1776702005613326,0.7121337652206421,0.7033045291900635,-4.547050952911377,-48.696502685546875,29.526777267456055,-1.6778125762939453
1776702005623326,0.6948729157447815,0.7091758847236633,-4.552222728729248,-48.74518585205078,29.420242309570312,-1.5707120895385742
1776702005633181,0.6929039359092712,0.7119455337524414,-4.5517778396606445,-48.697635650634766,29.588096618652344,-1.6465301513671875
1776702005643153,0.7115093469619751,0.7162728309631348,-4.517776966094971,-48.744781494140625,29.465837478637695,-1.7254390716552734
1776702005653134,0.6877354383468628,0.7133071422576904,-4.567568778991699,-48.625247955322266,29.52277946472168,-1.8465075492858887
1776702005663089,0.694778323173523,0.7059378623962402,-4.58131217956543,-48.72929000854492,29.466352462768555,-1.7261085510253906
1776702005673141,0.6929249167442322,0.7097377181053162,-4.572408199310303,-48.71514129638672,29.33366584777832,-1.8077030181884766
1776702005683154,0.6929356455802917,0.7134487628936768,-4.547546863555908,-48.84393310546875,29.529130935668945,-1.8180794715881348
1776702005693115,0.7060143947601318,0.7035855054855347,-4.545820713043213,-48.959861755371094,29.481889724731445,-1.594545841217041
1776702005703085,0.6896542310714722,0.7010329365730286,-4.529157638549805,-48.82537841796875,29.579147338867188,-1.8716282844543457
1776702005713104,0.7082238793373108,0.7101832032203674,-4.575993061065674,-48.612552642822266,29.529586791992188,-1.7209153175354004
1776702005723093,0.7032589912414551,0.7137561440467834,-4.5569562911987305,-48.611717224121094,29.479171752929688,-1.8017239570617676
1776702005733069,0.6743427515029907,0.7323848009109497,-4.551557540893555,-48.6373291015625,29.509044647216797,-1.6431636810302734
1776702005743073,0.6919883489608765,0.7282525300979614,-4.583667278289795,-48.61625671386719,29.554508209228516,-1.9188165664672852
1776702005753061,0.7182384729385376,0.6989663243293762,-4.567326068878174,-48.714988708496094,29.435535430908203,-1.776219367980957
1776702005763106,0.6975253224372864,0.6997429728507996,-4.5885210037231445,-48.837703704833984,29.618440628051758,-1.906506061553955
1776702005773122,0.6907894015312195,0.6937687397003174,-4.540438175201416,-48.709503173828125,29.549335479736328,-1.7545194625854492
1776702005783093,0.6745083332061768,0.7082588076591492,-4.551448345184326,-48.65038299560547,29.44919776916504,-1.7071304321289062
1776702005793083,0.7033169269561768,0.7051583528518677,-4.55647611618042,-48.92262649536133,29.577136993408203,-1.6660475730895996
1776702005803143,0.689626932144165,0.7123780846595764,-4.586883068084717,-48.978816986083984,29.671730041503906,-1.8683300018310547
1776702005813095,0.6861501336097717,0.7090761065483093,-4.559056282043457,-48.924373626708984,29.577821731567383,-1.805922031402588
1776702005823155,0.695258617401123,0.7202174067497253,-4.568284511566162,-48.6567268371582,29.524593353271484,-1.7380561828613281
1776702005833130,0.7054572105407715,0.7240092754364014,-4.544964790344238,-48.691078186035156,29.37410545349121,-1.6822080612182617
1776702005843049,0.6708524823188782,0.7226478457450867,-4.571008205413818,-48.81068801879883,29.428138732910156,-1.54083251953125
1776702005853050,0.7160243391990662,0.719391405582428,-4.580025672912598,-48.747825622558594,29.452877044677734,-1.6442651748657227
1776702005863061,0.6987609267234802,0.7014182806015015,-4.590879440307617,-48.672210693359375,29.327669143676758,-1.699002742767334
1776702005873057,0.7032080888748169,0.7128522396087646,-4.565812587738037,-48.71310806274414,29.321853637695312,-1.674036979675293
1776702005883149,0.7152163982391357,0.6950913071632385,-4.5660905838012695,-48.677181243896484,29.50008773803711,-1.7119231224060059
1776702005893015,0.6924269199371338,0.715152382850647,-4.5559539794921875,-48.6216926574707,29.46333885192871,-1.7056350708007812
1776702005903124,0.6888267397880554,0.726081907749176,-4.568232536315918,-48.711544036865234,29.569934844970703,-1.7991185188293457
1776702005913096,0.7015734314918518,0.7106997966766357,-4.571157455444336,-48.74290084838867,29.584836959838867,-1.8019542694091797
1776702005923211,0.6782335638999939,0.7014005184173584,-4.548079490661621,-48.772254943847656,29.470783233642578,-1.79384183883667
1776702005933139,0.6886206865310669,0.710245668888092,-4.5679731369018555,-48.60108184814453,29.413846969604492,-1.6979484558105469
1776702005943146,0.6867307424545288,0.7233846187591553,-4.534999370574951,-48.75947570800781,29.675466537475586,-1.898514747619629
1776702005953136,0.6947784423828125,0.7103770971298218,-4.5617899894714355,-48.64206314086914,29.64071273803711,-1.7134308815002441
1776702005963117,0.7043508887290955,0.7170916199684143,-4.569050312042236,-48.730167388916016,29.617889404296875,-1.8373785018920898
1776702005973083,0.6912473440170288,0.7035652995109558,-4.595764636993408,-48.65410232543945,29.479141235351562,-1.7488226890563965
1776702005983135,0.6731660962104797,0.6976495385169983,-4.528115749359131,-48.82196044921875,29.38060188293457,-1.7056703567504883
1776702005993141,0.7040461301803589,0.712648332118988,-4.540937900543213,-48.81128692626953,29.584209442138672,-1.693427562713623
1776702006003228,0.6958768367767334,0.7187886834144592,-4.518086910247803,-48.77320861816406,29.453760147094727,-1.652566909790039
1776702006013127,0.7178516983985901,0.7163333296775818,-4.616593837738037,-48.77078628540039,29.4645938873291,-1.7584433555603027
1776702006023164,0.7147218585014343,0.7081777453422546,-4.562210559844971,-48.858726501464844,29.499841690063477,-1.727391242980957
1776702006033203,0.7016783356666565,0.7053254246711731,-4.554286479949951,-48.788177490234375,29.547443389892578,-1.7440385818481445
1776702006043094,0.7111071348190308,0.7238881587982178,-4.5661492347717285,-48.82551574707031,29.5747013092041,-1.6022582054138184
1776702006053158,0.6850828528404236,0.7120519280433655,-4.586373329162598,-48.73905944824219,29.511899948120117,-1.6582670211791992
1776702006063116,0.7000880837440491,0.7090525031089783,-4.547670364379883,-48.797176361083984,29.532793045043945,-1.8704533576965332
1776702006073219,0.7091240286827087,0.7113720774650574,-4.547728061676025,-48.63931655883789,29.49073600769043,-1.743790626525879
1776702006083129,0.7019042372703552,0.722169041633606,-4.559220314025879,-48.70934295654297,29.295269012451172,-1.636312484741211
1776702006093113,0.6920151114463806,0.719092071056366,-4.551387310028076,-48.84173583984375,29.529569625854492,-1.7019405364990234
1776702006103191,0.6931185722351074,0.6913304924964905,-4.553640365600586,-48.72364807128906,29.441158294677734,-1.8258037567138672
1776702006113133,0.6914171576499939,0.6963392496109009,-4.5531816482543945,-48.76314926147461,29.498966217041016,-1.7526593208312988
1776702006123094,0.6939585208892822,0.7173571586608887,-4.551092147827148,-48.76539993286133,29.6392879486084,-1.690035343170166
1776702006133097,0.6814079284667969,0.7071321606636047,-4.5658721923828125,-48.84181213378906,29.51150894165039,-1.7561750411987305
1776702006143149,0.6785344481468201,0.6996771097183228,-4.564676284790039,-48.70475387573242,29.562623977661133,-1.6070284843444824
1776702006153181,0.6918307542800903,0.7185755372047424,-4.582969665527344,-48.67070388793945,29.567928314208984,-1.892296314239502
1776702006163146,0.6905016303062439,0.7230855226516724,-4.593214511871338,-48.72150421142578,29.55284309387207,-1.802619457244873
1776702006173090,0.6869948506355286,0.7118076682090759,-4.5185041427612305,-48.723793029785156,29.58391761779785,-1.699007511138916
1776702006183098,0.6991442441940308,0.7283935546875,-4.5636796951293945,-48.606163024902344,29.542747497558594,-1.6940340995788574
1776702006193085,0.6866337060928345,0.7072281241416931,-4.541044235229492,-48.7530403137207,29.59394645690918,-1.7085580825805664
1776702006203133,0.6791695356369019,0.7122607231140137,-4.579388618469238,-48.68851852416992,29.563867568969727,-1.7353100776672363
1776702006213135,0.6778435111045837,0.7403882145881653,-4.549336910247803,-48.747398376464844,29.60962677001953,-1.825037956237793
