Timestamp,Fx,Fy,Fz,Mx,My,Mz
1777554217381063,0.24937069416046143,1.205824613571167,-6.457774639129639,-48.8179817199707,36.53243637084961,-1.5327153205871582
1777554217381276,0.5252034664154053,0.09828615188598633,-3.9016709327697754,-32.76911544799805,-15.232248306274414,-1.8106534481048584
1777554217391303,0.5312797427177429,0.11530663073062897,-3.898989200592041,-32.73746109008789,-14.968531608581543,-1.9239518642425537
1777554217401287,0.5162488222122192,0.12475959956645966,-3.864096164703369,-32.611846923828125,-14.91862678527832,-1.899763822555542
1777554217411239,0.5200376510620117,0.11779234558343887,-3.8788299560546875,-32.850067138671875,-14.960428237915039,-1.958301067352295
1777554217421187,0.5346677303314209,0.09603282809257507,-3.8880372047424316,-32.87287139892578,-15.297367095947266,-2.0898842811584473
1777554217431310,0.5333491563796997,0.10467704385519028,-3.91508412361145,-32.821224212646484,-15.323304176330566,-2.002617359161377
1777554217441215,0.5268439054489136,0.1162206307053566,-3.921687126159668,-32.62284851074219,-15.099693298339844,-1.850423812866211
1777554217451291,0.5328326225280762,0.12187517434358597,-3.8807878494262695,-32.672183990478516,-15.30154037475586,-1.8594520092010498
1777554217461213,0.5367980599403381,0.11018317192792892,-3.907270669937134,-32.80372619628906,-15.263107299804688,-1.9228894710540771
1777554217471301,0.5281388759613037,0.12885423004627228,-3.920187473297119,-32.66423797607422,-15.159801483154297,-1.7102844715118408
1777554217481258,0.5337401032447815,0.12164629995822906,-3.9065306186676025,-32.76036071777344,-15.086726188659668,-1.899658441543579
1777554217491240,0.5378283858299255,0.1167277842760086,-3.904245376586914,-32.80198669433594,-14.993634223937988,-1.9435975551605225
1777554217501330,0.5399841666221619,0.11780302226543427,-3.8974719047546387,-32.685340881347656,-15.15596866607666,-1.693786859512329
1777554217511290,0.5324591398239136,0.11529984325170517,-3.9035511016845703,-32.82551193237305,-14.9569091796875,-1.9033091068267822
1777554217521196,0.5184933543205261,0.11286189407110214,-3.8943188190460205,-32.865631103515625,-15.244361877441406,-1.8678398132324219
1777554217531173,0.5303554534912109,0.11222357302904129,-3.8774261474609375,-32.80685806274414,-14.92858600616455,-1.9341404438018799
1777554217541191,0.5190598964691162,0.1181415244936943,-3.909531593322754,-32.66588592529297,-15.121320724487305,-2.0487194061279297
1777554217551251,0.5326906442642212,0.11178445816040039,-3.8777482509613037,-32.5590934753418,-15.146039962768555,-1.944305419921875
1777554217561210,0.5293499827384949,0.12440292537212372,-3.913191795349121,-32.7720832824707,-15.097799301147461,-2.0211129188537598
1777554217571238,0.5220589637756348,0.11823119223117828,-3.894798994064331,-32.77435302734375,-15.127561569213867,-2.011488199234009
1777554217581169,0.5337935090065002,0.11318428814411163,-3.902812957763672,-32.81255340576172,-15.086221694946289,-2.0050315856933594
1777554217591254,0.5329335331916809,0.09967651218175888,-3.908935546875,-32.81084060668945,-15.071432113647461,-1.8835453987121582
1777554217601235,0.5411763191223145,0.13051468133926392,-3.895453453063965,-32.620018005371094,-15.057037353515625,-1.8528051376342773
1777554217611230,0.5136419534683228,0.11079994589090347,-3.8905739784240723,-32.95988845825195,-15.12596321105957,-1.770937442779541
1777554217621180,0.5324140787124634,0.10908817499876022,-3.894916296005249,-32.581451416015625,-15.1823148727417,-1.8600513935089111
1777554217631185,0.5292230844497681,0.11012936383485794,-3.88517427444458,-32.61749267578125,-14.993396759033203,-1.9722325801849365
1777554217641182,0.5399453639984131,0.111625075340271,-3.905486583709717,-32.69008255004883,-15.04893684387207,-1.8536972999572754
1777554217651233,0.5343084335327148,0.08739084750413895,-3.896838665008545,-32.88573455810547,-15.206297874450684,-1.9485983848571777
1777554217661240,0.5271705985069275,0.11043088138103485,-3.9079105854034424,-32.827754974365234,-15.087946891784668,-1.8593504428863525
1777554217671230,0.5273610353469849,0.1100182980298996,-3.9041271209716797,-32.67041778564453,-15.044991493225098,-1.7574124336242676
1777554217681199,0.5257437825202942,0.0955296978354454,-3.923816442489624,-32.78321838378906,-15.277774810791016,-1.765493631362915
1777554217691207,0.5358700752258301,0.1303957998752594,-3.886838436126709,-32.73896789550781,-15.12846565246582,-2.0423810482025146
1777554217701237,0.5368755459785461,0.12807919085025787,-3.9221363067626953,-32.76490020751953,-15.230159759521484,-1.8121490478515625
1777554217711241,0.5478445291519165,0.11927923560142517,-3.8931055068969727,-32.74623107910156,-15.146612167358398,-1.7828845977783203
1777554217721212,0.5311020612716675,0.10409559309482574,-3.883009910583496,-32.81294631958008,-15.077367782592773,-1.9842162132263184
1777554217731185,0.5244652628898621,0.10831297934055328,-3.8983240127563477,-32.73125457763672,-15.039396286010742,-1.8532166481018066
1777554217741253,0.534090518951416,0.11739403009414673,-3.9203429222106934,-32.801055908203125,-15.097176551818848,-2.0285468101501465
1777554217751234,0.5308833122253418,0.11102816462516785,-3.899523973464966,-32.68426513671875,-15.175223350524902,-1.7248752117156982
1777554217761258,0.5369919538497925,0.12125380337238312,-3.887186050415039,-32.75287628173828,-15.020864486694336,-1.813716173171997
1777554217771191,0.527916669845581,0.10601624846458435,-3.909543037414551,-32.71772003173828,-15.049818992614746,-1.8216400146484375
1777554217781177,0.5476672649383545,0.12308938056230545,-3.9266748428344727,-32.58769989013672,-15.219264030456543,-2.0778629779815674
1777554217791252,0.5262271165847778,0.13319706916809082,-3.9120540618896484,-32.82198715209961,-15.136211395263672,-1.8457260131835938
1777554217801194,0.5261718034744263,0.12122263014316559,-3.8910505771636963,-32.69348907470703,-15.235419273376465,-1.78843092918396
1777554217811209,0.5233125686645508,0.09872274845838547,-3.865726947784424,-32.903472900390625,-15.041862487792969,-1.954056978225708
1777554217821216,0.5243241786956787,0.11822111159563065,-3.8987765312194824,-32.73470687866211,-15.183748245239258,-1.9882605075836182
1777554217831337,0.586310863494873,0.09601307660341263,-3.935826063156128,-33.22284698486328,-15.06289291381836,-2.2408125400543213
1777554217841294,0.5029672384262085,0.04746237397193909,-3.952878952026367,-34.37249755859375,-16.84269142150879,-1.2810688018798828
1777554217851304,0.6613462567329407,0.18019238114356995,-4.158140182495117,-36.00580978393555,-15.584402084350586,-3.0724005699157715
1777554217861270,0.6043402552604675,0.19520355761051178,-4.011629581451416,-34.68523406982422,-15.743585586547852,-2.6637797355651855
1777554217871249,0.5173361301422119,0.21049752831459045,-3.949852466583252,-33.594276428222656,-15.621173858642578,-2.1064820289611816
1777554217881281,1.42061448097229,-0.9805498719215393,-6.21256160736084,-59.49923324584961,-25.05478858947754,-3.939222812652588
1777554217891288,2.5434365272521973,-2.3826522827148438,-9.22311782836914,-98.7689208984375,-43.23421096801758,-7.151478290557861
1777554217901308,3.058955192565918,-2.406280517578125,-10.867624282836914,-116.81095123291016,-47.25531005859375,-10.10761547088623
1777554217911274,3.074836015701294,-1.6377540826797485,-10.424186706542969,-110.06310272216797,-42.290496826171875,-12.791831970214844
1777554217921256,2.087390422821045,-0.7455019354820251,-7.83171272277832,-77.40386962890625,-28.332630157470703,-9.147079467773438
1777554217931240,1.8113622665405273,-0.7224247455596924,-6.740088939666748,-65.24671936035156,-25.859907150268555,-8.681578636169434
1777554217941319,2.319790840148926,-1.4080696105957031,-7.790118217468262,-80.6741943359375,-34.52510070800781,-9.995063781738281
1777554217951303,2.350757598876953,-1.5202797651290894,-8.388102531433105,-86.59790802001953,-36.14503479003906,-9.022144317626953
1777554217961266,2.1259007453918457,-1.9432883262634277,-8.649271011352539,-88.57327270507812,-37.481292724609375,-4.9539079666137695
1777554217971238,2.3302698135375977,-2.3319859504699707,-9.393720626831055,-98.25265502929688,-40.97441482543945,-4.999610900878906
1777554217981223,2.8033173084259033,-2.2205400466918945,-10.090269088745117,-106.61825561523438,-41.73383712768555,-8.914446830749512
1777554217991234,2.494593858718872,-1.830427646636963,-9.378517150878906,-96.67886352539062,-35.54020309448242,-7.873759746551514
1777554218001290,2.24045991897583,-1.6675432920455933,-8.551565170288086,-87.01416778564453,-30.768674850463867,-7.180802345275879
1777554218011268,2.565610885620117,-2.002542495727539,-9.0164213180542,-95.1653060913086,-32.473636627197266,-8.981691360473633
1777554218021260,2.8201522827148438,-2.2459936141967773,-9.874679565429688,-106.5011978149414,-33.303871154785156,-10.367485046386719
1777554218031226,3.075629472732544,-2.5937769412994385,-11.051095008850098,-121.15788269042969,-35.4929313659668,-10.216778755187988
1777554218041279,2.913116455078125,-2.387110948562622,-11.24032974243164,-120.72772216796875,-30.242687225341797,-8.560140609741211
1777554218051292,2.6702780723571777,-2.2299327850341797,-10.85876750946045,-115.57760620117188,-26.13072967529297,-7.354805946350098
1777554218061236,2.679291248321533,-2.311689853668213,-10.95162296295166,-117.09780883789062,-25.501895904541016,-7.552813529968262
1777554218071232,2.5269179344177246,-2.3017594814300537,-10.894818305969238,-116.42617797851562,-24.028146743774414,-5.740251064300537
1777554218081223,2.3595705032348633,-2.277268648147583,-10.857307434082031,-115.80229187011719,-22.87993049621582,-4.210590362548828
1777554218091267,2.2130284309387207,-2.2210869789123535,-10.868965148925781,-115.26069641113281,-22.404979705810547,-2.659412384033203
1777554218101217,2.306790828704834,-2.133913040161133,-10.932353973388672,-116.12047576904297,-22.19143295288086,-3.76297664642334
1777554218111268,2.499359130859375,-2.4062252044677734,-11.492005348205566,-123.68626403808594,-24.620798110961914,-4.330405235290527
1777554218121271,2.6534340381622314,-2.5082788467407227,-11.942739486694336,-130.008056640625,-26.52973747253418,-5.056957244873047
1777554218131207,2.8271117210388184,-2.6043264865875244,-12.449690818786621,-137.07666015625,-28.405601501464844,-5.8178815841674805
1777554218141261,2.879802703857422,-2.860745906829834,-12.98375415802002,-144.0665740966797,-29.945837020874023,-4.719099998474121
1777554218151286,2.5646872520446777,-2.685807704925537,-12.72341537475586,-139.36434936523438,-26.5867977142334,-2.42242431640625
1777554218161180,2.2443203926086426,-2.5182723999023438,-12.129129409790039,-132.20245361328125,-24.49710464477539,-0.7425203323364258
1777554218171282,2.2363333702087402,-2.619372606277466,-12.268643379211426,-136.02481079101562,-26.174087524414062,-0.0467529296875
1777554218181231,2.2666268348693848,-2.6730597019195557,-12.837728500366211,-143.4412841796875,-26.269596099853516,0.7066478729248047
1777554218191178,2.2218003273010254,-2.5774741172790527,-13.189437866210938,-147.04005432128906,-24.759082794189453,1.2766056060791016
1777554218201099,2.0395586490631104,-2.3591411113739014,-13.032796859741211,-144.5211181640625,-21.654502868652344,2.718252182006836
1777554218211104,1.810741901397705,-2.1328206062316895,-12.620245933532715,-138.34384155273438,-17.959726333618164,3.752534866333008
1777554218221126,1.726703405380249,-2.167802333831787,-12.434577941894531,-138.0396728515625,-17.04853057861328,4.005271911621094
1777554218231285,1.6291394233703613,-2.1580650806427,-12.5830659866333,-139.77064514160156,-14.783714294433594,4.914815902709961
1777554218241293,1.3092355728149414,-2.0288243293762207,-12.531900405883789,-138.4921112060547,-10.968925476074219,7.37623405456543
1777554218251267,0.9696743488311768,-1.9632240533828735,-12.483043670654297,-137.39776611328125,-8.225761413574219,10.114788055419922
1777554218261158,0.6391599178314209,-1.6510984897613525,-12.310136795043945,-134.4406280517578,-4.14301061630249,12.571504592895508
1777554218271291,0.37895655632019043,-1.494320273399353,-12.155843734741211,-132.2586669921875,-1.3462443351745605,14.33584976196289
1777554218281230,0.12464118003845215,-1.5336718559265137,-12.374543190002441,-136.95510864257812,-0.7052998542785645,16.64029312133789
1777554218291193,-0.115509033203125,-1.3513901233673096,-12.912108421325684,-142.59054565429688,3.424769401550293,19.254215240478516
1777554218301290,-0.45897388458251953,-0.707831859588623,-12.990242004394531,-137.7738800048828,10.8206787109375,22.027603149414062
1777554218311217,-0.5960729122161865,-0.4233328700065613,-12.471121788024902,-130.9370574951172,14.171976089477539,21.908737182617188
1777554218321132,-0.5435888767242432,-0.4955151379108429,-12.354768753051758,-131.99114990234375,15.75956916809082,20.347665786743164
1777554218331142,-0.7148374319076538,-0.13581961393356323,-12.498393058776855,-131.26937866210938,21.271793365478516,21.425682067871094
1777554218341150,-0.9984452724456787,0.47245267033576965,-12.116499900817871,-121.57855224609375,27.983535766601562,22.83989906311035
1777554218351169,-0.896175742149353,0.488533079624176,-11.556510925292969,-117.4622573852539,29.126909255981445,20.727771759033203
1777554218361128,-0.8372256755828857,0.4387287497520447,-11.763603210449219,-123.63532257080078,31.091175079345703,20.221359252929688
1777554218371159,-1.0488169193267822,1.0211291313171387,-12.402929306030273,-127.8576889038086,39.29929733276367,22.78560447692871
1777554218381131,-1.3517423868179321,1.7441153526306152,-12.558738708496094,-123.87589263916016,46.94178009033203,25.491857528686523
1777554218391137,-1.568662405014038,2.4178695678710938,-11.89465045928955,-108.73133850097656,51.75160598754883,26.600067138671875
1777554218401126,-1.4982259273529053,2.3445727825164795,-10.595460891723633,-94.69296264648438,49.25974655151367,24.024749755859375
1777554218411131,-1.2976847887039185,1.6913461685180664,-9.968828201293945,-93.9031982421875,44.89957046508789,20.066953659057617
1777554218421134,-1.340103030204773,1.1823468208312988,-10.766685485839844,-106.18476104736328,48.55583190917969,18.86733627319336
1777554218431152,-1.7382385730743408,1.314953088760376,-12.260981559753418,-119.8537368774414,58.49388122558594,22.729333877563477
1777554218441138,-2.2738301753997803,2.2079601287841797,-13.345274925231934,-121.50977325439453,69.77960205078125,28.67490577697754
1777554218451220,-2.546321392059326,3.0067639350891113,-12.837652206420898,-106.1641845703125,72.02694702148438,31.616539001464844
1777554218461121,-2.1486270427703857,2.272066354751587,-11.424025535583496,-97.16930389404297,63.25045394897461,25.386484146118164
1777554218471224,-1.8463397026062012,1.2946971654891968,-11.438826560974121,-106.00111389160156,61.70671463012695,19.729888916015625
1777554218481162,-2.4049770832061768,1.8266987800598145,-12.64912223815918,-111.90773010253906,72.50675964355469,24.674806594848633
1777554218491208,-2.79030179977417,2.662001609802246,-12.882353782653809,-105.35238647460938,77.78463745117188,29.795654296875
1777554218501209,-2.6699557304382324,2.4329850673675537,-12.184503555297852,-98.19048309326172,74.46142578125,27.236663818359375
1777554218511351,-2.46982741355896,1.9484078884124756,-11.79896068572998,-97.50559997558594,72.4471435546875,23.486919403076172
1777554218521137,-2.564744472503662,2.1076505184173584,-11.998979568481445,-96.9456787109375,76.94088745117188,23.708648681640625
1777554218531120,-2.676029682159424,2.721755266189575,-11.727277755737305,-88.59888458251953,78.37327575683594,26.144699096679688
1777554218541189,-2.5473837852478027,2.4960391521453857,-10.910802841186523,-80.34244537353516,74.46636199951172,23.25708770751953
1777554218551103,-2.2768685817718506,1.4670367240905762,-10.737335205078125,-86.42024993896484,74.8794174194336,16.505949020385742
1777554218561154,-2.4540205001831055,1.3308663368225098,-12.51947021484375,-104.65656280517578,91.27513885498047,15.922222137451172
1777554218571184,-3.284170150756836,2.9255173206329346,-14.69301986694336,-110.8132553100586,111.42891693115234,26.524471282958984
1777554218581104,-3.508945941925049,4.147430419921875,-14.396807670593262,-96.17640686035156,111.08135223388672,32.611602783203125
1777554218591092,-2.9308176040649414,3.6750802993774414,-12.167496681213379,-79.18048095703125,93.64920043945312,27.568653106689453
1777554218601105,-2.272731065750122,2.409215211868286,-10.731491088867188,-77.28572082519531,82.55413818359375,18.375926971435547
1777554218611128,-2.014702081680298,1.908141016960144,-11.35792350769043,-91.68711853027344,89.28880310058594,15.057538986206055
1777554218621148,-2.3118977546691895,3.377664804458618,-13.277477264404297,-103.77233123779297,106.98712921142578,24.46173667907715
1777554218631175,-2.6826395988464355,4.7276787757873535,-14.208404541015625,-102.60462951660156,115.39244079589844,32.14979553222656
1777554218641087,-2.64042329788208,4.957339286804199,-13.49032974243164,-92.38883972167969,109.33595275878906,32.50536346435547
1777554218651182,-2.2530601024627686,4.133866786956787,-12.188471794128418,-86.37333679199219,98.53404235839844,26.639034271240234
1777554218661110,-1.994415044784546,3.5687577724456787,-11.866838455200195,-88.91252136230469,96.11457824707031,23.186861038208008
1777554218671234,-2.1591129302978516,4.174003601074219,-12.260331153869629,-87.83487701416016,99.3428726196289,26.429414749145508
1777554218681164,-2.216444969177246,4.179321765899658,-11.80789566040039,-81.94921875,94.59140014648438,26.87106704711914
1777554218691189,-1.862937569618225,3.43418550491333,-11.110769271850586,-82.87657165527344,88.10372924804688,22.21405792236328
1777554218701238,-1.6993436813354492,3.1778721809387207,-11.612131118774414,-95.03914642333984,91.27957153320312,21.050146102905273
1777554218711242,-1.8230183124542236,4.120238780975342,-13.056011199951172,-107.77625274658203,102.93293762207031,26.55733299255371
1777554218721167,-2.2316551208496094,5.207765579223633,-14.030911445617676,-108.21173095703125,109.75173950195312,33.53879928588867
1777554218731148,-2.191950798034668,5.114713668823242,-13.42332935333252,-102.03593444824219,102.26616668701172,32.902748107910156
1777554218741189,-1.5358027219772339,4.448272705078125,-12.362070083618164,-102.35211944580078,91.89179229736328,27.038623809814453
1777554218751216,-1.0128189325332642,4.336029052734375,-12.46734619140625,-112.30773162841797,91.25313568115234,24.764904022216797
1777554218761180,-0.9901797771453857,4.8158135414123535,-13.705463409423828,-124.76736450195312,99.41932678222656,27.037429809570312
1777554218771165,-1.0283316373825073,5.652397632598877,-14.640542030334473,-129.31089782714844,106.22566223144531,30.350772857666016
1777554218781119,-1.098707914352417,6.023605823516846,-14.370879173278809,-123.26226043701172,103.4813461303711,31.993698120117188
1777554218791147,-0.7480298280715942,5.5657429695129395,-13.336694717407227,-117.41138458251953,93.44599914550781,28.090003967285156
1777554218801215,-0.1991574764251709,5.161667346954346,-12.834474563598633,-120.03526306152344,87.96636199951172,23.032968521118164
1777554218811151,0.07580208778381348,5.270118236541748,-13.13781452178955,-128.42332458496094,88.33545684814453,22.453121185302734
1777554218821131,0.15299201011657715,5.719326972961426,-13.79580307006836,-136.06912231445312,91.51483917236328,24.492923736572266
1777554218831102,-0.17945539951324463,6.020871639251709,-14.363240242004395,-137.34071350097656,93.38387298583984,28.30148696899414
1777554218841095,-0.6142622232437134,5.893211364746094,-14.004388809204102,-128.7200164794922,90.09968566894531,30.245067596435547
1777554218851109,-0.4638643264770508,5.549492835998535,-12.95237922668457,-119.41777801513672,82.05458068847656,27.775394439697266
1777554218861057,-0.24383842945098877,5.158466339111328,-12.053030967712402,-112.74172973632812,75.24270629882812,24.262752532958984
1777554218871156,0.0652620792388916,4.783698081970215,-11.521568298339844,-111.52033996582031,70.19621276855469,21.079566955566406
1777554218881128,0.42727553844451904,4.713250637054443,-11.575319290161133,-117.35063934326172,69.11530303955078,18.888887405395508
1777554218891187,0.6704636812210083,5.019166946411133,-12.243823051452637,-125.80240631103516,73.52923583984375,18.093521118164062
1777554218901237,0.6290929317474365,5.324230194091797,-12.947559356689453,-131.20230102539062,78.75850677490234,19.067914962768555
1777554218911162,0.29880189895629883,5.4694061279296875,-13.137041091918945,-129.9329376220703,79.71160888671875,22.177892684936523
1777554218921141,-0.18558049201965332,5.420320987701416,-12.79593276977539,-122.27547454833984,76.9679183959961,25.388042449951172
1777554218931118,-0.304732084274292,5.04166316986084,-12.014778137207031,-113.44052124023438,70.64977264404297,24.96416473388672
1777554218941181,0.05544447898864746,4.673460960388184,-11.304849624633789,-110.31086730957031,65.21426391601562,20.778282165527344
1777554218951123,0.36307764053344727,4.622363090515137,-11.069853782653809,-110.29914855957031,63.738677978515625,17.897964477539062
1777554218961182,0.30976879596710205,4.736636161804199,-10.96094036102295,-107.08611297607422,62.96569061279297,18.575193405151367
1777554218971112,0.23756623268127441,4.622515678405762,-10.569612503051758,-102.73907470703125,60.59181594848633,18.268390655517578
1777554218981065,0.25823891162872314,4.3730669021606445,-10.159092903137207,-98.36297607421875,57.85154342651367,17.0786190032959
1777554218991105,0.31478583812713623,4.05931282043457,-9.863429069519043,-96.07028198242188,55.010032653808594,15.412585258483887
1777554219001059,0.3693350553512573,3.877718448638916,-9.689517974853516,-95.93579864501953,52.55121994018555,14.513509750366211
1777554219011211,0.2765127420425415,3.974622964859009,-9.623720169067383,-94.05682373046875,52.24235153198242,15.576530456542969
1777554219021056,0.29838383197784424,3.9564828872680664,-9.414041519165039,-91.36405181884766,50.71815490722656,15.144514083862305
1777554219031067,0.43272507190704346,3.8898301124572754,-9.139732360839844,-88.9715347290039,49.180747985839844,13.443435668945312
1777554219041079,0.6307919025421143,3.7101669311523438,-8.985516548156738,-88.7522964477539,47.21161651611328,11.159995079040527
1777554219051152,0.8098288774490356,3.702455759048462,-8.937553405761719,-89.88805389404297,46.19879913330078,9.749056816101074
1777554219061115,0.8386412858963013,3.794023036956787,-8.994088172912598,-90.1676254272461,46.31681442260742,9.712507247924805
1777554219071120,0.8083004951477051,3.846292018890381,-8.951169967651367,-87.85733032226562,46.31264114379883,9.752880096435547
1777554219081135,0.8257802724838257,3.7566535472869873,-8.658185005187988,-84.89604949951172,43.9975700378418,9.06822681427002
1777554219091043,1.1272492408752441,3.645620107650757,-8.46953296661377,-85.45960235595703,42.06766128540039,6.569754600524902
1777554219101093,1.3192088603973389,3.5491151809692383,-8.509488105773926,-88.8548355102539,41.58562088012695,4.881614685058594
1777554219111095,1.4134430885314941,3.708519697189331,-8.91735553741455,-94.04844665527344,43.78447723388672,4.665249824523926
1777554219121063,1.2633088827133179,3.880841016769409,-9.187268257141113,-95.15687561035156,45.25458908081055,6.695713996887207
1777554219131065,1.0718213319778442,3.999462604522705,-9.152040481567383,-91.64469909667969,46.045528411865234,8.114620208740234
1777554219141061,0.9513862133026123,3.860933542251587,-8.73866081237793,-84.19548034667969,44.7694206237793,7.982556343078613
1777554219151082,1.0015357732772827,3.5682122707366943,-8.10870361328125,-78.26643371582031,41.22064971923828,5.870388984680176
1777554219161057,1.2114440202713013,3.269193172454834,-7.772133827209473,-77.58773803710938,38.37348175048828,3.522531509399414
1777554219171062,1.4409512281417847,3.2697746753692627,-7.835596084594727,-81.14617919921875,38.460304260253906,1.6709394454956055
1777554219181042,1.8030308485031128,3.356407642364502,-8.348959922790527,-91.03431701660156,39.92170333862305,-0.27741050720214844
1777554219191060,1.9998722076416016,3.8030431270599365,-9.283968925476074,-100.94113159179688,45.57070541381836,-0.01962757110595703
1777554219201036,1.7637666463851929,4.300160884857178,-9.900751113891602,-99.58920288085938,51.95237731933594,2.3241710662841797
1777554219211097,1.3284075260162354,4.199477672576904,-9.331826210021973,-86.25230407714844,51.20889663696289,3.95074462890625
1777554219221064,1.06803560256958,3.56237530708313,-8.043281555175781,-70.64384460449219,43.988040924072266,2.8045854568481445
1777554219231069,1.3610857725143433,2.8614556789398193,-6.936053276062012,-64.89437103271484,35.382389068603516,-1.3658723831176758
1777554219241044,2.044124126434326,2.6253135204315186,-7.002551078796387,-72.4222412109375,33.652313232421875,-7.294003963470459
1777554219251048,2.3039016723632812,2.861063003540039,-7.851226806640625,-81.65213012695312,38.331382751464844,-8.903864860534668
1777554219261073,2.215721845626831,3.0945091247558594,-8.408879280090332,-85.3570785522461,41.59672546386719,-7.241246223449707
1777554219271113,2.2997066974639893,3.2097997665405273,-8.619857788085938,-87.29922485351562,42.361568450927734,-7.667737007141113
1777554219281057,2.4493649005889893,3.2061452865600586,-8.844477653503418,-90.90731048583984,42.94406509399414,-8.879528045654297
1777554219291066,2.9435293674468994,3.165802001953125,-9.349853515625,-102.41449737548828,43.10047149658203,-12.669273376464844
1777554219301042,3.1971278190612793,3.4530813694000244,-10.370203971862793,-113.59767150878906,46.458744049072266,-13.762853622436523
1777554219311064,3.4364047050476074,3.6199209690093994,-11.171496391296387,-122.2740249633789,48.18023681640625,-15.280128479003906
1777554219321055,3.1490776538848877,3.6612584590911865,-11.449787139892578,-119.295654296875,49.014163970947266,-13.536737442016602
1777554219331015,2.4479899406433105,3.4621427059173584,-10.442176818847656,-100.88652801513672,45.97675323486328,-9.583986282348633
1777554219341011,1.9434778690338135,2.8470499515533447,-8.623859405517578,-79.19498443603516,37.27705001831055,-8.297223091125488
1777554219351039,2.3628640174865723,1.9874062538146973,-7.537547588348389,-76.03553771972656,26.531282424926758,-13.689879417419434
1777554219361053,3.23636531829834,1.58542799949646,-8.21251392364502,-91.90803527832031,22.150283813476562,-21.0248966217041
1777554219371005,3.8479433059692383,1.5997034311294556,-9.715450286865234,-112.98097229003906,22.363313674926758,-24.68413543701172
1777554219381045,3.8875999450683594,1.9264878034591675,-10.814766883850098,-123.2526626586914,25.36089324951172,-23.37972640991211
1777554219391036,3.444979667663574,2.118911027908325,-10.849994659423828,-118.382080078125,26.20220947265625,-19.01201629638672
1777554219401011,2.805284023284912,2.186891555786133,-9.804889678955078,-101.68680572509766,25.58779525756836,-14.62840461730957
1777554219410994,2.736577033996582,1.859133243560791,-8.722285270690918,-92.08448791503906,20.59949493408203,-15.531668663024902
1777554219421015,3.454237937927246,1.3464893102645874,-9.003397941589355,-104.37850189208984,14.696907043457031,-21.490034103393555
1777554219431065,3.9952259063720703,1.4085369110107422,-10.283557891845703,-121.63954162597656,15.56043815612793,-25.09931182861328
1777554219440990,3.6194417476654053,1.806510090827942,-10.731403350830078,-120.76338958740234,18.805007934570312,-20.790674209594727
1777554219451057,2.6288249492645264,2.0110700130462646,-9.61113166809082,-99.48075103759766,19.638174057006836,-12.88701343536377
1777554219461010,1.7116968631744385,1.8222181797027588,-7.609831809997559,-71.64215087890625,16.83446502685547,-7.565101623535156
1777554219471035,1.9141337871551514,1.1194169521331787,-6.421316623687744,-63.751197814941406,8.928484916687012,-11.266571044921875
1777554219481061,3.395545482635498,0.332180917263031,-7.663821220397949,-92.47187042236328,0.7607192993164062,-23.369693756103516
1777554219491016,4.767705917358398,0.25030747056007385,-10.584684371948242,-134.71612548828125,0.25758981704711914,-31.826786041259766
1777554219501064,4.7891621589660645,0.9360957741737366,-12.514516830444336,-150.54354858398438,8.34771728515625,-29.24620819091797
1777554219511043,3.0794458389282227,1.7058014869689941,-11.36432933807373,-119.06905364990234,18.4397029876709,-15.204952239990234
1777554219521012,1.8655802011489868,1.6133373975753784,-8.40292739868164,-79.31633758544922,17.072359085083008,-8.349602699279785
1777554219531022,1.7110403776168823,1.0098708868026733,-6.481448650360107,-61.66669464111328,10.07436752319336,-10.08469295501709
1777554219541015,2.9425015449523926,0.07806012779474258,-7.138639450073242,-82.31412506103516,2.9203972816467285,-20.90103530883789
1777554219551072,4.743142127990723,-0.3856099545955658,-10.284028053283691,-130.7753143310547,0.8673124313354492,-33.54719543457031
1777554219561012,5.654184341430664,0.14447858929634094,-13.364151954650879,-168.2154083251953,7.1522746086120605,-37.598140716552734
1777554219571008,4.359808444976807,1.3748549222946167,-13.695250511169434,-155.11160278320312,17.542377471923828,-24.481666564941406
1777554219581012,2.4944279193878174,1.9184849262237549,-10.82361125946045,-107.9653091430664,21.584388732910156,-10.91626262664795
1777554219591041,1.343585729598999,1.6021050214767456,-7.331704616546631,-64.17670440673828,16.23872184753418,-5.380733013153076
1777554219601007,1.6612484455108643,0.7049568295478821,-5.760398864746094,-54.62430191040039,6.833610534667969,-10.717084884643555
1777554219611010,2.89804744720459,-0.1925913542509079,-6.932584285736084,-79.35221099853516,0.7454941272735596,-20.886226654052734
1777554219621012,4.035397529602051,-0.36020708084106445,-9.462477684020996,-113.79244995117188,0.7197699546813965,-28.19536018371582
1777554219631050,3.9383933544158936,0.24409762024879456,-10.688543319702148,-123.15128326416016,6.63983154296875,-25.272464752197266
1777554219641015,3.202265977859497,0.6672688722610474,-10.267598152160645,-110.42070770263672,10.328582763671875,-18.48365592956543
1777554219651009,2.666256904602051,0.5052788257598877,-9.228822708129883,-95.93116760253906,10.188735008239746,-14.978582382202148
1777554219661016,2.535511016845703,0.24781906604766846,-8.433036804199219,-87.54390716552734,8.618467330932617,-15.241460800170898
1777554219671018,2.7443597316741943,-0.3313659727573395,-8.56963062286377,-91.54096984863281,6.415214538574219,-17.30846405029297
1777554219681021,2.6361992359161377,-0.568841814994812,-8.91348934173584,-95.15940856933594,6.721037864685059,-16.098217010498047
1777554219690984,2.4262900352478027,-0.49533766508102417,-8.984134674072266,-93.98180389404297,8.758649826049805,-14.339473724365234
1777554219701023,1.9810646772384644,-0.20469483733177185,-8.429689407348633,-83.6331787109375,11.821030616760254,-11.323762893676758
1777554219711023,1.8684312105178833,-0.16915757954120636,-7.756094932556152,-74.78913116455078,13.25408935546875,-11.919893264770508
1777554219720977,2.017223358154297,-0.5402491092681885,-7.741579532623291,-75.89576721191406,13.597806930541992,-14.689046859741211
1777554219730982,2.484619617462158,-1.0294004678726196,-8.569528579711914,-88.29346466064453,14.87708854675293,-19.530437469482422
1777554219740994,2.9612812995910645,-0.9605563282966614,-9.665572166442871,-100.52208709716797,20.928539276123047,-24.030935287475586
1777554219750981,3.2294986248016357,-0.8437367081642151,-10.523837089538574,-108.48429870605469,27.050893783569336,-26.607473373413086
1777554219761019,2.4198336601257324,-0.43964967131614685,-10.267510414123535,-97.72171020507812,33.09565353393555,-20.534156799316406
1777554219771034,1.573340892791748,-0.07694856822490692,-8.897093772888184,-77.89274597167969,32.60394287109375,-14.384929656982422
1777554219780990,1.634474515914917,-0.4739442765712738,-8.105600357055664,-72.25654602050781,29.80557632446289,-16.931777954101562
1777554219790989,1.8848086595535278,-0.6241000890731812,-8.222261428833008,-74.60319519042969,31.891010284423828,-20.526302337646484
1777554219800976,1.9267277717590332,-0.7878299355506897,-8.659756660461426,-79.38986206054688,34.53730010986328,-21.43073272705078
1777554219811004,1.7139021158218384,-0.42861703038215637,-8.722365379333496,-76.46986389160156,37.901607513427734,-19.765644073486328
1777554219820984,1.497511386871338,-0.14222878217697144,-8.228534698486328,-69.40532684326172,38.367279052734375,-17.897981643676758
1777554219831031,1.4667214155197144,-0.5112987756729126,-8.14397144317627,-70.0963134765625,37.51469421386719,-19.114538192749023
1777554219840980,1.3199893236160278,-0.4644536077976227,-8.207246780395508,-70.3135986328125,38.08281326293945,-17.518619537353516
1777554219851019,0.9962379336357117,-0.1960398405790329,-8.017511367797852,-65.34502410888672,38.47677993774414,-14.214107513427734
1777554219860979,1.1039671897888184,-0.29655560851097107,-7.71565580368042,-63.43524932861328,37.312557220458984,-16.078201293945312
1777554219871013,1.3189160823822021,-0.5788419246673584,-7.933344841003418,-67.488037109375,37.98374938964844,-18.518760681152344
1777554219881031,1.2923587560653687,-0.7335526347160339,-8.485820770263672,-73.06401062011719,41.05455017089844,-18.883956909179688
1777554219890974,1.4443210363388062,-0.7587257623672485,-9.18651008605957,-80.31494140625,45.92414474487305,-20.865222930908203
1777554219901012,1.5062462091445923,-0.528725802898407,-9.75217056274414,-83.46915435791016,50.39640426635742,-21.122554779052734
1777554219911018,1.2544608116149902,-0.3366487920284271,-9.517802238464355,-79.92192077636719,50.1437873840332,-18.407257080078125
1777554219920984,1.072097897529602,-0.23192647099494934,-9.158604621887207,-74.55523681640625,49.154605865478516,-17.167583465576172
1777554219930988,1.0553849935531616,-0.38011208176612854,-8.87773323059082,-72.09317016601562,47.74381637573242,-17.776302337646484
1777554219940983,1.1766611337661743,-0.7855719923973083,-9.07788372039795,-75.27301025390625,47.76674270629883,-20.262542724609375
1777554219950978,1.217017412185669,-0.8957153558731079,-9.411407470703125,-79.61172485351562,49.760841369628906,-21.174209594726562
1777554219960984,1.1452234983444214,-0.8591679334640503,-9.875175476074219,-82.80738067626953,52.90943145751953,-20.499446868896484
1777554219970984,1.0160000324249268,-0.7134006023406982,-9.96432876586914,-82.77787780761719,54.15538024902344,-19.33102035522461
1777554219980984,0.9985122680664062,-0.782442033290863,-10.00909423828125,-83.35099029541016,54.653804779052734,-19.509464263916016
1777554219991002,1.0891146659851074,-1.1051199436187744,-10.493318557739258,-88.6889877319336,57.15693664550781,-21.806264877319336
1777554220000995,1.1222782135009766,-1.1584391593933105,-10.964873313903809,-92.56632995605469,60.494140625,-22.636260986328125
1777554220010972,1.0375704765319824,-0.944902777671814,-11.065694808959961,-92.33133697509766,61.57731246948242,-21.561939239501953
1777554220020977,1.127729892730713,-0.941074550151825,-11.129976272583008,-93.24600982666016,61.74190902709961,-22.16506576538086
1777554220030981,1.2591023445129395,-1.144024133682251,-11.416790008544922,-98.20767974853516,63.152469635009766,-23.839082717895508
1777554220040978,1.3370805978775024,-1.2042360305786133,-12.041101455688477,-105.1303482055664,66.37830352783203,-24.653675079345703
1777554220050970,1.3037139177322388,-1.0570461750030518,-12.683783531188965,-110.71897888183594,71.02409362792969,-24.228267669677734
1777554220060950,1.0595837831497192,-0.8089420199394226,-12.9091796875,-109.34903717041016,73.31549835205078,-21.642017364501953
1777554220071011,0.8050218820571899,-0.7617734670639038,-12.561721801757812,-104.11845397949219,71.16706085205078,-19.371938705444336
1777554220080993,0.7872422933578491,-0.9060108661651611,-12.122732162475586,-100.911865234375,68.81292724609375,-19.510753631591797
1777554220090940,0.7311009168624878,-1.1822352409362793,-12.114348411560059,-102.37146759033203,67.69931030273438,-19.988052368164062
1777554220101038,0.6297965049743652,-1.1579289436340332,-12.307584762573242,-104.38082122802734,68.42151641845703,-18.674884796142578
1777554220110986,0.3657662868499756,-1.0018112659454346,-12.328895568847656,-103.6841049194336,68.4621353149414,-15.415922164916992
1777554220120971,0.16031765937805176,-0.8671030402183533,-12.159560203552246,-101.25146484375,67.77664184570312,-13.28094482421875
1777554220130968,0.061070919036865234,-0.7312808632850647,-11.875866889953613,-98.43683624267578,66.35830688476562,-11.762410163879395
1777554220140923,-0.033516764640808105,-0.7587620615959167,-11.585651397705078,-96.0851058959961,64.01094818115234,-10.333694458007812
1777554220150974,-0.0033866167068481445,-0.8940319418907166,-11.66938591003418,-97.30625915527344,64.3123550415039,-11.569268226623535
1777554220160928,0.10127532482147217,-1.0066673755645752,-11.939350128173828,-100.43162536621094,66.0953369140625,-13.012600898742676
1777554220171047,0.09504735469818115,-1.22354257106781,-12.421201705932617,-105.88568878173828,68.3331298828125,-13.958972930908203
1777554220181001,-0.050689101219177246,-1.0609441995620728,-12.774467468261719,-107.69640350341797,70.89485931396484,-12.031126976013184
1777554220190977,-0.15210425853729248,-0.8882578015327454,-12.770410537719727,-106.97270965576172,70.72427368164062,-10.555126190185547
1777554220200969,-0.1284773349761963,-0.7848390340805054,-12.678692817687988,-106.35832977294922,69.70421600341797,-9.852209091186523
1777554220210902,-0.11424648761749268,-0.6312865614891052,-12.523799896240234,-105.85086059570312,69.0921630859375,-9.012048721313477
1777554220220910,-0.20990753173828125,-0.5437702536582947,-12.427268981933594,-104.45787048339844,68.69718933105469,-7.7233076095581055
1777554220230946,-0.11287319660186768,-0.8062494993209839,-12.542970657348633,-108.02339172363281,68.34293365478516,-9.187856674194336
1777554220240921,-0.21168851852416992,-1.038936972618103,-13.196338653564453,-115.17015838623047,71.041015625,-9.120296478271484
1777554220250976,-0.4573392868041992,-0.7584944367408752,-13.667333602905273,-117.50887298583984,74.6517105102539,-6.341628074645996
1777554220260936,-0.6570863723754883,-0.31575828790664673,-13.35027027130127,-112.93115997314453,73.0282974243164,-2.3701696395874023
1777554220271004,-0.8201545476913452,-0.39167001843452454,-12.962969779968262,-110.76425170898438,69.86434936523438,-0.308349609375
1777554220280954,-0.9061670303344727,-0.3865355849266052,-12.962484359741211,-110.38211059570312,69.19779968261719,1.014225959777832
1777554220290979,-0.9680977463722229,-0.1653420627117157,-12.82900333404541,-106.66360473632812,69.5323715209961,1.6851234436035156
1777554220301009,-1.0166029930114746,-0.10378061234951019,-12.195155143737793,-101.99346923828125,65.43767547607422,2.82442569732666
1777554220311008,-1.1294658184051514,-0.026844758540391922,-11.801898956298828,-98.66468048095703,63.62823486328125,4.400361061096191
1777554220320958,-1.1754169464111328,-0.10676144063472748,-11.684487342834473,-98.04045104980469,62.78415298461914,4.535184860229492
1777554220330965,-1.1606957912445068,-0.3502565026283264,-11.993587493896484,-101.28179931640625,65.14019775390625,2.332611083984375
1777554220340946,-1.1601506471633911,-0.484433114528656,-12.505725860595703,-105.40447998046875,69.37051391601562,1.1982669830322266
1777554220350947,-1.3113198280334473,-0.44648754596710205,-12.877880096435547,-108.1830062866211,72.56327819824219,1.8382072448730469
1777554220360957,-1.5220742225646973,-0.15875843167304993,-12.979546546936035,-108.35211181640625,74.34370422363281,4.843709945678711
1777554220370961,-1.6586978435516357,-0.19276919960975647,-13.283961296081543,-112.08818054199219,76.55238342285156,5.834917068481445
1777554220380929,-1.9397742748260498,0.5885244011878967,-13.287693977355957,-106.93892669677734,78.98664093017578,10.544816970825195
1777554220390883,-1.8984732627868652,0.6457912921905518,-12.617555618286133,-101.3709716796875,74.78323364257812,10.99947452545166
1777554220400891,-1.8708937168121338,0.8381773233413696,-12.007160186767578,-96.89037322998047,71.53221130371094,12.159523963928223
1777554220410899,-1.8898283243179321,1.118800163269043,-11.472505569458008,-91.65321350097656,68.82817840576172,13.887085914611816
1777554220420931,-1.7661432027816772,0.6147769093513489,-11.328964233398438,-96.18358612060547,66.94551086425781,11.697051048278809
1777554220430993,-2.072796583175659,0.9132446646690369,-12.226030349731445,-100.45464324951172,74.12508392333984,14.340911865234375
1777554220440991,-2.3182196617126465,1.3155019283294678,-12.346616744995117,-97.78443908691406,75.6015396118164,17.555599212646484
1777554220451000,-2.3112599849700928,1.3160003423690796,-11.891169548034668,-95.43385314941406,72.8096694946289,18.159265518188477
1777554220460978,-2.339979887008667,1.439178705215454,-11.796199798583984,-94.41769409179688,72.91361999511719,18.75876235961914
1777554220470974,-2.414928436279297,1.6985578536987305,-11.727542877197266,-90.66548919677734,73.93354034423828,19.69525718688965
1777554220480964,-2.3227601051330566,1.3922911882400513,-11.487520217895508,-90.64884185791016,73.37845611572266,17.216075897216797
1777554220490922,-2.400128126144409,1.2022713422775269,-11.877647399902344,-96.57022857666016,77.41007995605469,17.035907745361328
1777554220500979,-2.7176132202148438,1.9903751611709595,-12.672431945800781,-97.08025360107422,85.81773376464844,21.839309692382812
1777554220510997,-2.674370765686035,2.0495800971984863,-12.654308319091797,-97.48793029785156,86.98470306396484,21.426410675048828
1777554220520915,-2.667990207672119,2.217461109161377,-12.882247924804688,-99.44927978515625,90.8127670288086,21.650800704956055
1777554220530928,-2.861236095428467,2.8004419803619385,-12.994731903076172,-94.45557403564453,92.68717956542969,24.67091178894043
1777554220540947,-2.702578067779541,2.4918696880340576,-12.288326263427734,-89.72151184082031,88.13499450683594,21.935876846313477
1777554220550948,-2.513964891433716,1.8572152853012085,-12.232423782348633,-93.728515625,88.90245056152344,17.65357780456543
1777554220560959,-2.8676037788391113,2.2980844974517822,-13.008821487426758,-95.8690185546875,96.07160186767578,21.110397338867188
1777554220570913,-3.0216283798217773,2.628913402557373,-13.134130477905273,-91.69819641113281,97.63331604003906,22.897315979003906
1777554220580957,-2.95029354095459,2.929849863052368,-12.246237754821777,-79.74012756347656,92.0235366821289,23.351634979248047
1777554220590954,-2.450256824493408,2.299358367919922,-10.764001846313477,-70.5878677368164,80.6457290649414,17.723724365234375
1777554220600930,-2.175457715988159,1.3593895435333252,-10.377511024475098,-72.95672607421875,78.61497497558594,11.00598430633545
1777554220610913,-2.390336275100708,0.8023467659950256,-11.584308624267578,-87.38572692871094,89.78059387207031,8.744123458862305
1777554220620920,-2.9695205688476562,1.9114234447479248,-13.462366104125977,-96.62345886230469,107.18335723876953,16.983543395996094
1777554220630953,-3.2303056716918945,3.0585060119628906,-14.100160598754883,-94.17132568359375,113.24008178710938,23.512313842773438
1777554220640895,-3.095306396484375,2.9123878479003906,-13.411956787109375,-89.46294403076172,106.59381103515625,22.782108306884766
1777554220650933,-2.695406198501587,2.8132827281951904,-12.610126495361328,-87.76776123046875,100.39566040039062,21.534263610839844
1777554220660881,-2.6478753089904785,2.9714505672454834,-12.722871780395508,-89.3868408203125,101.8392562866211,22.089479446411133
1777554220670962,-2.873419761657715,2.952364206314087,-13.179641723632812,-90.13062286376953,104.88427734375,21.959665298461914
1777554220680953,-2.83311128616333,2.9330742359161377,-12.947944641113281,-87.56210327148438,102.86665344238281,21.68001365661621
1777554220690907,-2.621488571166992,2.9201176166534424,-12.352081298828125,-84.3968505859375,97.79010009765625,21.20522117614746
1777554220700935,-2.38816237449646,2.5135538578033447,-12.267780303955078,-88.8636474609375,96.34840393066406,18.356048583984375
1777554220710978,-2.4952821731567383,2.698080539703369,-12.983278274536133,-95.9544906616211,101.93248748779297,20.20384979248047
1777554220720898,-2.5187041759490967,3.4463226795196533,-13.423290252685547,-98.55208587646484,105.54720306396484,24.65691375732422
1777554220730898,-2.422968864440918,4.046477794647217,-13.192440032958984,-95.41031646728516,103.63079833984375,27.485485076904297
1777554220740899,-2.0579442977905273,3.9210100173950195,-12.612793922424316,-94.33023071289062,98.37926483154297,25.752222061157227
1777554220750902,-1.865774154663086,3.968188524246216,-12.468552589416504,-96.40776062011719,97.0916748046875,25.12236785888672
1777554220760903,-1.8363673686981201,4.252914905548096,-12.689966201782227,-97.43313598632812,98.35843658447266,26.342952728271484
1777554220770888,-1.882483959197998,4.23353385925293,-12.57847785949707,-96.27143096923828,97.15956115722656,26.50175666809082
1777554220780911,-1.9015052318572998,4.069922924041748,-12.415878295898438,-95.2913818359375,94.80371856689453,26.250999450683594
1777554220790944,-1.8687970638275146,3.965787172317505,-12.327598571777344,-95.50225067138672,92.72917175292969,25.991304397583008
1777554220800902,-1.6985020637512207,3.818958282470703,-12.299118041992188,-99.69307708740234,91.10726928710938,24.745006561279297
1777554220810926,-1.4026823043823242,3.9250288009643555,-12.680118560791016,-109.06855010986328,92.54007720947266,24.426664352416992
1777554220820914,-1.428193211555481,4.7066192626953125,-13.426624298095703,-115.30220031738281,97.42606353759766,28.395231246948242
1777554220830894,-1.545401692390442,5.0816144943237305,-13.621435165405273,-114.36808776855469,97.13953399658203,30.950580596923828
1777554220840888,-1.2746450901031494,4.699351787567139,-13.212176322937012,-113.87818908691406,91.26285552978516,27.478900909423828
1777554220850895,-0.9428528547286987,4.408252239227295,-13.060590744018555,-118.17160034179688,88.29588317871094,24.85613441467285
1777554220860867,-0.8153362274169922,4.501454830169678,-13.441872596740723,-126.21964263916016,89.6252212524414,25.05974578857422
1777554220870901,-0.778773307800293,5.014774799346924,-14.045310974121094,-131.21435546875,93.27946472167969,27.13971519470215
1777554220880916,-0.783071756362915,5.4971818923950195,-14.16744613647461,-128.99655151367188,93.63277435302734,28.797060012817383
1777554220890848,-0.6246206760406494,5.311736583709717,-13.550174713134766,-124.60897827148438,87.58018493652344,27.34862518310547
1777554220900904,-0.5534981489181519,4.876254558563232,-13.012771606445312,-123.10619354248047,81.78904724121094,26.093509674072266
1777554220910913,-0.4933894872665405,4.779788494110107,-12.932016372680664,-125.17948150634766,79.64459228515625,26.052715301513672
1777554220920855,-0.47633886337280273,4.8757171630859375,-13.135553359985352,-130.6729736328125,77.43052673339844,27.555559158325195
1777554220930941,-0.5224202871322632,5.295624732971191,-13.31985092163086,-129.37954711914062,80.52442932128906,29.058290481567383
1777554220940898,-0.2688506841659546,5.440720081329346,-13.135210037231445,-127.96658325195312,79.17387390136719,27.249605178833008
1777554220950889,-0.047748446464538574,5.41826868057251,-12.852516174316406,-125.56396484375,77.44414520263672,25.238811492919922
1777554220960880,0.09188079833984375,5.3324360847473145,-12.563183784484863,-123.22438049316406,75.14136505126953,23.575687408447266
1777554220970902,0.3039294481277466,5.205156326293945,-12.271474838256836,-122.91085815429688,72.51337432861328,21.80125617980957
1777554220980912,0.46204686164855957,5.223878383636475,-12.324165344238281,-124.77179718017578,72.41837310791016,20.7542724609375
1777554220990886,0.543399453163147,5.285778045654297,-12.561456680297852,-126.91427612304688,73.5885238647461,19.928482055664062
1777554221000891,0.508620023727417,5.285212516784668,-12.642169952392578,-128.2720489501953,73.65455627441406,20.07415771484375
1777554221010897,0.24033331871032715,5.217489719390869,-12.623529434204102,-127.363525390625,72.44296264648438,22.626066207885742
1777554221020896,-0.17605698108673096,5.175461769104004,-12.462210655212402,-121.43408966064453,70.95097351074219,25.471233367919922
1777554221030970,-0.14227056503295898,4.921303749084473,-11.905376434326172,-115.02519989013672,67.40363311767578,23.755895614624023
1777554221040906,0.16815972328186035,4.625027179718018,-11.304781913757324,-111.58509826660156,63.10197067260742,19.73077392578125
1777554221050930,0.4558401107788086,4.495188236236572,-11.033235549926758,-111.3282241821289,60.40979766845703,17.125288009643555
1777554221060891,0.5589314699172974,4.592401504516602,-10.99753475189209,-112.19459533691406,59.87146759033203,17.07559585571289
1777554221070910,0.4331822395324707,4.700051307678223,-11.036543846130371,-108.9270248413086,60.62599182128906,17.83531379699707
1777554221080932,0.26097869873046875,4.478561878204346,-10.633195877075195,-101.83684539794922,58.572547912597656,17.64765739440918
1777554221090885,0.19846630096435547,4.019830226898193,-10.031185150146484,-94.86255645751953,54.32314682006836,15.581692695617676
1777554221100923,0.28551459312438965,3.6487085819244385,-9.344152450561523,-91.1412124633789,48.62476348876953,14.299935340881348
1777554221110906,0.34608888626098633,3.5964579582214355,-9.141261100769043,-90.34071350097656,46.887794494628906,13.619771957397461
1777554221120891,0.47451841831207275,3.6138107776641846,-9.09541130065918,-90.39592742919922,46.34407424926758,12.462839126586914
1777554221130878,0.5824251174926758,3.6409623622894287,-9.054206848144531,-90.38204193115234,46.312599182128906,11.24509334564209
1777554221140879,0.781009316444397,3.625018835067749,-9.067025184631348,-90.59358978271484,45.550071716308594,9.620749473571777
1777554221150886,0.8265098333358765,3.6415817737579346,-8.950675964355469,-89.90101623535156,45.13993835449219,9.147607803344727
1777554221160871,0.8050391674041748,3.5977730751037598,-8.873632431030273,-88.08550262451172,44.136253356933594,9.100759506225586
1777554221170881,0.7621068954467773,3.5120694637298584,-8.624068260192871,-85.00421142578125,43.08700942993164,8.791417121887207
1777554221180879,0.9864325523376465,3.410025119781494,-8.427000045776367,-85.05693817138672,40.07445526123047,6.789551734924316
1777554221190893,1.1880955696105957,3.3881542682647705,-8.449055671691895,-87.67704772949219,40.3807258605957,4.802600860595703
1777554221200868,1.3408926725387573,3.4223482608795166,-8.824105262756348,-92.21048736572266,41.88543701171875,4.005441665649414
1777554221210881,1.2202088832855225,3.5588338375091553,-9.017409324645996,-93.396728515625,43.33465576171875,5.554399490356445
1777554221220887,1.038966178894043,3.6872010231018066,-8.963370323181152,-90.0019760131836,44.00617218017578,7.220851898193359
1777554221230912,0.9004853963851929,3.631770610809326,-8.62843132019043,-83.76407623291016,42.92378234863281,7.456755638122559
1777554221240866,0.9242348670959473,3.3765385150909424,-8.108965873718262,-78.10093688964844,40.229156494140625,5.973056793212891
1777554221250882,1.1126947402954102,3.1206583976745605,-7.743459701538086,-77.19001770019531,37.76835632324219,3.4497194290161133
1777554221260844,1.2997448444366455,3.0453877449035645,-7.864027500152588,-80.42646789550781,37.45124435424805,2.0246047973632812
1777554221270893,1.525534749031067,3.083573579788208,-8.271505355834961,-87.25450134277344,38.947330474853516,0.7413787841796875
1777554221280891,1.7055383920669556,3.3728790283203125,-8.921794891357422,-94.13069915771484,43.01948165893555,0.4889984130859375
1777554221290820,1.5411356687545776,3.7160301208496094,-9.29842758178711,-93.62187957763672,47.123661041259766,2.3010997772216797
1777554221300875,1.2653322219848633,3.7505877017974854,-9.026412963867188,-84.40959930419922,47.662010192871094,3.237208366394043
1777554221310859,1.0905749797821045,3.323953866958618,-8.092683792114258,-73.01856994628906,43.157073974609375,2.288383960723877
1777554221320846,1.2584145069122314,2.7742016315460205,-7.238415718078613,-67.39555358886719,37.25343704223633,-0.906639575958252
1777554221330810,1.7062058448791504,2.5162837505340576,-7.115602493286133,-71.29851531982422,34.54787826538086,-5.21996545791626
1777554221340886,2.0881049633026123,2.6244513988494873,-7.752145290374756,-79.89849853515625,37.268672943115234,-7.729895114898682
1777554221350888,1.9969159364700317,2.9469809532165527,-8.250473022460938,-83.22553253173828,40.43937301635742,-6.201333999633789
1777554221360841,2.0699005126953125,3.0116822719573975,-8.411296844482422,-85.45002746582031,41.0103645324707,-6.353511810302734
1777554221370813,2.1360669136047363,3.052123785018921,-8.61976146697998,-86.7822265625,42.105674743652344,-6.896292686462402
1777554221380815,2.378694534301758,3.0178728103637695,-8.777082443237305,-90.90406799316406,42.183349609375,-9.013421058654785
1777554221390854,2.7393240928649902,3.0846521854400635,-9.279848098754883,-99.08490753173828,43.63651657104492,-11.598668098449707
1777554221400816,3.2366065979003906,3.2085838317871094,-10.180407524108887,-111.92686462402344,46.58639907836914,-15.184377670288086
1777554221410802,3.4952340126037598,3.3824877738952637,-11.226834297180176,-122.77381134033203,50.37910461425781,-16.682064056396484
1777554221420801,3.070058822631836,3.589277505874634,-11.507539749145508,-118.33467102050781,52.66090393066406,-13.516607284545898
1777554221430901,2.200634002685547,3.4650211334228516,-10.310083389282227,-96.23233032226562,49.08558654785156,-8.109569549560547
1777554221440762,2.093048095703125,2.6754376888275146,-8.57719898223877,-80.00765991210938,38.22996139526367,-9.768563270568848
1777554221450821,2.434906005859375,2.021463632583618,-7.855430603027344,-78.58092498779297,30.773971557617188,-14.49085807800293
1777554221460775,3.1545310020446777,1.6994860172271729,-8.356647491455078,-91.23701477050781,27.549606323242188,-20.34817886352539
1777554221470786,3.8932931423187256,1.7397593259811401,-9.717912673950195,-111.45423889160156,28.17208480834961,-25.465314865112305
1777554221480832,4.3147454261779785,1.960587978363037,-11.22116470336914,-129.60699462890625,30.298139572143555,-27.297016143798828
1777554221490813,3.7373712062835693,2.4710745811462402,-11.492788314819336,-124.73603820800781,34.225852966308594,-21.362703323364258
1777554221500817,2.5992143154144287,2.6509315967559814,-9.988090515136719,-97.83252716064453,34.21122741699219,-13.185063362121582
1777554221510794,2.5245251655578613,1.9664783477783203,-8.330747604370117,-83.94500732421875,25.13493537902832,-14.430529594421387
1777554221520843,3.1177220344543457,1.4796289205551147,-8.316795349121094,-91.51231384277344,19.901493072509766,-20.24262809753418
1777554221530865,3.78485369682312,1.3434473276138306,-9.424171447753906,-108.94641876220703,19.064842224121094,-25.004180908203125
1777554221540806,3.8598952293395996,1.5929410457611084,-10.37450122833252,-119.33084106445312,20.051090240478516,-23.74901580810547
1777554221550771,3.134143829345703,1.9575663805007935,-10.206356048583984,-109.5047378540039,22.125051498413086,-16.980966567993164
1777554221560759,2.27292799949646,1.9272525310516357,-8.752532958984375,-86.8605728149414,20.674571990966797,-11.290430068969727
1777554221570796,2.4539918899536133,1.2774578332901,-7.689261436462402,-80.80511474609375,13.059420585632324,-14.649845123291016
1777554221580812,3.3893961906433105,0.6188101172447205,-8.499938011169434,-99.8314437866211,7.210783958435059,-22.240367889404297
1777554221590817,4.177539348602295,0.5754894614219666,-10.295248031616211,-124.12516784667969,7.937321662902832,-27.244123458862305
1777554221600842,3.799199342727661,1.105907917022705,-10.990135192871094,-125.03086853027344,13.306119918823242,-22.897705078125
1777554221610843,2.9452428817749023,1.3632062673568726,-10.061882019042969,-106.2882080078125,16.48452377319336,-16.396926879882812
1777554221620762,2.3700804710388184,1.252929449081421,-8.444726943969727,-85.81741333007812,15.018528938293457,-13.277104377746582
1777554221630809,2.3762831687927246,0.8699727654457092,-7.5341339111328125,-78.59082794189453,11.067581176757812,-14.645854949951172
1777554221640810,3.388274669647217,0.15623053908348083,-8.558272361755371,-99.09142303466797,6.436367034912109,-23.231788635253906
1777554221650779,4.683048725128174,-0.10185021162033081,-10.950225830078125,-135.78822326660156,5.570454120635986,-32.050262451171875
1777554221660848,4.767999649047852,0.5513147115707397,-12.769203186035156,-151.81922912597656,11.832850456237793,-30.02223014831543
1777554221670793,3.732163906097412,1.2064483165740967,-12.362089157104492,-135.56251525878906,18.084487915039062,-20.79644775390625
1777554221680815,2.358853816986084,1.5725806951522827,-9.81838321685791,-96.94304656982422,18.877269744873047,-10.92535400390625
1777554221690850,1.5992138385772705,1.2391554117202759,-7.244029521942139,-65.80870056152344,14.379961967468262,-8.068588256835938
1777554221700858,2.050853729248047,0.41258642077445984,-6.345495700836182,-63.701988220214844,6.3317742347717285,-13.680909156799316
1777554221710836,3.2139782905578613,-0.2849385440349579,-7.720930099487305,-89.63583374023438,1.5201270580291748,-22.739429473876953
1777554221720790,3.710482120513916,-0.1666407734155655,-9.607096672058105,-111.56641387939453,3.451871395111084,-24.77798843383789
1777554221730807,3.5104005336761475,0.1616409718990326,-10.297937393188477,-115.62547302246094,6.848614692687988,-21.880992889404297
1777554221740812,3.1239778995513916,0.36350786685943604,-10.002006530761719,-107.83937072753906,9.223592758178711,-18.36575698852539
1777554221750801,2.736201286315918,0.28258755803108215,-9.293854713439941,-98.15597534179688,8.98607349395752,-15.725582122802734
1777554221760769,2.5937111377716064,0.14636704325675964,-8.668678283691406,-90.22286987304688,8.914676666259766,-15.763212203979492
1777554221770761,2.5585291385650635,-0.3094055652618408,-8.567416191101074,-90.50669860839844,6.7085795402526855,-15.545973777770996
1777554221780771,2.432300329208374,-0.4447670876979828,-8.618141174316406,-91.80907440185547,6.615700721740723,-14.244973182678223
1777554221790832,2.2105319499969482,-0.3083687424659729,-8.571334838867188,-88.95797729492188,8.23897933959961,-12.451449394226074
1777554221800815,2.0875191688537598,-0.20826131105422974,-8.263449668884277,-84.53199768066406,10.85302448272705,-12.23426342010498
1777554221810803,2.097447395324707,-0.2599707543849945,-8.191344261169434,-81.32255554199219,13.7238130569458,-13.9280424118042
1777554221820764,2.468921422958374,-0.6563042402267456,-8.51162052154541,-87.69037628173828,13.1567964553833,-17.619342803955078
1777554221830806,2.7470223903656006,-0.8574268817901611,-9.312935829162598,-96.56494903564453,16.843368530273438,-20.88127326965332
1777554221840807,3.249699831008911,-0.8467503190040588,-10.230171203613281,-107.86552429199219,20.932979583740234,-25.445301055908203
1777554221850806,2.8746910095214844,-0.7106766104698181,-10.573803901672363,-107.24564361572266,25.887020111083984,-22.30073356628418
1777554221860813,2.055321216583252,-0.15301889181137085,-9.611254692077637,-89.92749786376953,28.738122940063477,-15.807025909423828
1777554221870789,1.8067023754119873,-0.43128472566604614,-8.767267227172852,-81.58638000488281,26.286760330200195,-15.218299865722656
1777554221880788,1.9594452381134033,-0.5429437756538391,-8.611010551452637,-81.04867553710938,26.8825626373291,-17.503414154052734
1777554221890812,1.965285062789917,-0.678536593914032,-8.761093139648438,-83.4057388305664,28.119380950927734,-18.21460723876953
1777554221900765,1.724058985710144,-0.44467270374298096,-8.840995788574219,-80.75099182128906,31.18509292602539,-16.53030014038086
1777554221910864,1.5632354021072388,-0.16970427334308624,-8.26130485534668,-73.25709533691406,31.006181716918945,-15.311153411865234
1777554221920750,1.568744421005249,-0.3846093416213989,-8.045037269592285,-72.46812438964844,30.588478088378906,-16.448116302490234
1777554221930755,1.631165862083435,-0.7232372164726257,-8.406404495239258,-78.38424682617188,31.471736907958984,-17.450563430786133
1777554221940820,1.3722565174102783,-0.3079606890678406,-8.602468490600586,-76.62667083740234,34.769596099853516,-14.336982727050781
1777554221950765,1.167895793914795,-0.08901087939739227,-8.208771705627441,-70.33406066894531,34.94929504394531,-13.037012100219727
1777554221960756,1.2739009857177734,-0.3154289126396179,-8.010645866394043,-69.9159927368164,33.246986389160156,-14.672637939453125
1777554221970728,1.2567765712738037,-0.4761190712451935,-8.11486530303955,-72.48262023925781,33.47010040283203,-14.816173553466797
1777554221980799,1.3094860315322876,-0.5227039456367493,-8.541544914245605,-77.07820129394531,35.986106872558594,-15.41686725616455
1777554221990774,1.428486704826355,-0.4119797646999359,-8.991111755371094,-81.20048522949219,38.734130859375,-16.062660217285156
1777554222000740,1.3803257942199707,-0.3089446723461151,-9.213764190673828,-82.19275665283203,40.50294876098633,-15.362842559814453
1777554222010772,1.2653980255126953,-0.2268616259098053,-9.14937973022461,-80.34484100341797,42.1037712097168,-14.901914596557617
1777554222020771,1.2453795671463013,-0.2828923165798187,-9.108034133911133,-79.23670959472656,41.92647171020508,-15.128005981445312
1777554222030793,1.2751142978668213,-0.4618855118751526,-9.203642845153809,-80.15930938720703,41.8941764831543,-16.316303253173828
1777554222040754,1.3615647554397583,-0.6282795071601868,-9.316214561462402,-82.28192138671875,42.65450668334961,-17.46953773498535
1777554222050766,1.243949055671692,-0.684592604637146,-9.550086975097656,-83.84402465820312,44.115787506103516,-16.92075538635254
1777554222060731,1.1484580039978027,-0.7384874820709229,-9.660673141479492,-85.43109893798828,45.05451965332031,-16.468870162963867
1777554222070758,1.1676247119903564,-0.7285346388816833,-9.944777488708496,-87.35093688964844,46.89234161376953,-16.876529693603516
1777554222080791,1.2866184711456299,-1.0068351030349731,-10.44562816619873,-92.34636688232422,49.48580551147461,-18.904247283935547
1777554222090740,1.3244695663452148,-1.0459604263305664,-10.858855247497559,-96.22705841064453,52.333457946777344,-19.900428771972656
1777554222100781,1.3364454507827759,-0.9545711874961853,-11.09264850616455,-97.54524230957031,53.66488265991211,-19.999862670898438
1777554222110782,1.4337100982666016,-0.9290179014205933,-11.165498733520508,-99.15637969970703,54.36224365234375,-20.480207443237305
1777554222120723,1.5263923406600952,-0.97748202085495,-11.457082748413086,-102.93743133544922,55.4111328125,-21.465410232543945
1777554222130728,1.5593146085739136,-1.0709238052368164,-11.901773452758789,-108.43850708007812,57.56391143798828,-21.887771606445312
1777554222140735,1.4973480701446533,-1.0359121561050415,-12.412992477416992,-112.8172607421875,60.356056213378906,-21.274381637573242
1777554222150742,1.317628264427185,-0.913678765296936,-12.645589828491211,-113.18511962890625,62.6448860168457,-19.59697914123535
1777554222160719,1.090293049812317,-0.7871790528297424,-12.390958786010742,-108.31822204589844,62.00938415527344,-17.579120635986328
1777554222170735,0.9691267013549805,-0.7907131314277649,-11.85252571105957,-103.05068969726562,58.95414352416992,-16.59673500061035
1777554222180745,0.9412012100219727,-1.0387811660766602,-11.624866485595703,-103.13807678222656,56.89759063720703,-16.631494522094727
1777554222190741,0.8320822715759277,-1.0624028444290161,-11.778867721557617,-105.18887329101562,56.958091735839844,-15.361722946166992
1777554222200737,0.5667459964752197,-0.9617568254470825,-11.86967945098877,-105.40223693847656,57.140708923339844,-12.32531452178955
1777554222210723,0.38662493228912354,-0.8384255170822144,-11.901615142822266,-104.03156280517578,57.603302001953125,-10.447980880737305
1777554222220741,0.46124982833862305,-0.9121053814888,-11.873138427734375,-104.18913269042969,57.27682876586914,-11.220661163330078
1777554222230742,0.4572068452835083,-0.9790593385696411,-11.8718900680542,-104.95486450195312,56.91718673706055,-11.343290328979492
1777554222240703,0.42031097412109375,-1.0696462392807007,-12.106650352478027,-107.45216369628906,57.20276641845703,-10.831669807434082
1777554222250758,0.4964712858200073,-1.0020424127578735,-12.355216979980469,-109.73165130615234,59.27351760864258,-11.594624519348145
1777554222260740,0.5296629667282104,-1.1809368133544922,-12.641465187072754,-114.16951751708984,59.371891021728516,-12.094743728637695
1777554222270740,0.40549635887145996,-1.1572188138961792,-13.051740646362305,-117.67543029785156,60.76813888549805,-10.643969535827637
1777554222280743,0.2189323902130127,-0.7458264827728271,-12.960458755493164,-113.44871520996094,61.873130798339844,-7.664322853088379
1777554222290715,0.17121434211730957,-0.5123565196990967,-12.203798294067383,-106.67939758300781,58.458133697509766,-6.108241081237793
1777554222300759,0.3750711679458618,-0.9392173290252686,-12.15295124053955,-111.68197631835938,55.09401321411133,-8.331701278686523
1777554222310723,0.5115294456481934,-1.275870680809021,-13.319205284118652,-124.49225616455078,59.47020721435547,-10.058521270751953
1777554222320711,0.3707146644592285,-0.9554746747016907,-14.03260326385498,-128.49578857421875,64.36116027832031,-8.16576862335205
1777554222330739,0.13882088661193848,-0.6576340794563293,-13.826186180114746,-125.28813171386719,63.99568557739258,-5.2494354248046875
1777554222340720,-0.12080299854278564,-0.32274317741394043,-13.152909278869629,-116.61396789550781,61.2889289855957,-1.7043581008911133
1777554222350711,-0.06806766986846924,-0.40344342589378357,-12.491260528564453,-113.28842163085938,56.81874465942383,-1.6251420974731445
1777554222360692,-0.10561537742614746,-0.8293125629425049,-12.760305404663086,-118.81083679199219,55.729122161865234,-1.7980718612670898
1777554222370735,-0.330427885055542,-0.7606078386306763,-13.31932258605957,-123.42438507080078,58.98838424682617,0.2739124298095703
1777554222380718,-0.5725598335266113,-0.24183164536952972,-13.31871223449707,-118.45318603515625,61.82942581176758,3.2491455078125
1777554222390722,-0.79240882396698,0.31825223565101624,-12.162479400634766,-103.75361633300781,58.69829177856445,6.356724739074707
1777554222400725,-0.6322964429855347,-0.22155839204788208,-11.273822784423828,-102.4639663696289,50.51718521118164,4.445037841796875
1777554222410691,-0.5093845129013062,-1.0345573425292969,-12.398577690124512,-121.14678192138672,52.533172607421875,2.31890869140625
1777554222420710,-0.9664535522460938,-0.2728235721588135,-13.933801651000977,-125.39020538330078,65.31605529785156,6.649209976196289
1777554222430744,-1.217207431793213,0.7330384850502014,-12.892202377319336,-105.9115982055664,65.39312744140625,9.897137641906738
1777554222440678,-0.9119029641151428,-0.07433971017599106,-11.38437271118164,-99.69244384765625,54.416648864746094,5.601930618286133
1777554222450744,-0.7454153299331665,-0.9347968697547913,-11.998064041137695,-113.73320007324219,54.29555892944336,2.6686668395996094
1777554222460676,-1.2888672351837158,-0.13100774586200714,-13.163021087646484,-116.9480972290039,65.3465347290039,8.280778884887695
1777554222470742,-1.5890066623687744,0.8006265163421631,-12.489641189575195,-102.14483642578125,66.59955596923828,12.583465576171875
1777554222480720,-1.3287609815597534,0.1657063364982605,-11.477118492126465,-100.23210144042969,59.674503326416016,8.697123527526855
1777554222490691,-1.3809256553649902,-0.09754136949777603,-11.962369918823242,-111.9871597290039,60.751564025878906,9.639535903930664
1777554222500730,-2.0155787467956543,1.274324893951416,-12.958126068115234,-108.76435852050781,71.71878814697266,18.40803337097168
1777554222510729,-1.9831974506378174,1.5364532470703125,-12.068319320678711,-98.90785217285156,68.1958999633789,18.871688842773438
1777554222520669,-1.6887531280517578,0.81645268201828,-11.566146850585938,-100.98310089111328,63.37489318847656,14.2308988571167
1777554222530679,-1.9626957178115845,1.1011929512023926,-11.922232627868652,-100.9329833984375,66.42577362060547,17.339122772216797
1777554222540677,-2.035910129547119,1.0328301191329956,-11.88985824584961,-101.9982681274414,65.98365020751953,17.812992095947266
1777554222550710,-2.0993502140045166,1.1116929054260254,-12.119527816772461,-105.41840362548828,68.2040786743164,19.067853927612305
1777554222560675,-2.2885544300079346,1.6147716045379639,-12.36654281616211,-104.6944580078125,71.33936309814453,22.055988311767578
1777554222570685,-2.418428421020508,2.0515353679656982,-12.03828239440918,-97.62281036376953,71.19075012207031,24.106348037719727
1777554222580672,-2.2044520378112793,1.5661629438400269,-11.504091262817383,-96.78860473632812,67.45923614501953,20.644428253173828
1777554222590703,-2.2641477584838867,2.004486083984375,-11.489439010620117,-92.82597351074219,69.50353240966797,22.64197540283203
1777554222600672,-2.050175905227661,1.8643237352371216,-11.119919776916504,-91.53357696533203,68.26578521728516,19.956809997558594
1777554222610670,-1.940202236175537,1.1092714071273804,-11.706477165222168,-105.38996887207031,73.02153015136719,16.308942794799805
1777554222620662,-2.580700635910034,2.033223867416382,-13.595394134521484,-115.75788879394531,89.09895324707031,23.102834701538086
1777554222630680,-3.03885555267334,3.4167792797088623,-14.021079063415527,-106.13450622558594,95.89759063720703,30.675357818603516
1777554222640655,-2.624589443206787,2.7029166221618652,-12.690587997436523,-97.34660339355469,86.33480072021484,24.45539093017578
1777554222650679,-2.4274215698242188,2.25492787361145,-12.152983665466309,-95.17691040039062,83.35797882080078,20.909448623657227
1777554222660668,-2.4991507530212402,2.406254291534424,-12.042673110961914,-92.64817810058594,84.10177612304688,21.79999542236328
1777554222670663,-2.5498876571655273,2.377302646636963,-11.96368408203125,-90.0502700805664,83.54177856445312,21.706907272338867
1777554222680695,-2.5312490463256836,2.2641732692718506,-11.86141586303711,-88.0120849609375,84.15644836425781,20.125080108642578
1777554222690663,-2.481233835220337,2.305896520614624,-11.55091667175293,-82.94803619384766,83.04377746582031,19.286258697509766
1777554222700699,-2.344538688659668,1.7462266683578491,-11.177236557006836,-83.11752319335938,80.69727325439453,15.846269607543945
1777554222710700,-2.4075865745544434,1.5323619842529297,-11.661956787109375,-88.96961975097656,86.60895538330078,14.722681999206543
1777554222720633,-2.6366140842437744,2.371381998062134,-12.433874130249023,-91.01823425292969,95.3333740234375,19.338253021240234
1777554222730640,-2.777322292327881,2.420550584793091,-12.802876472473145,-92.1357421875,97.82508087158203,20.215190887451172
1777554222740685,-2.57938289642334,2.251150131225586,-12.843134880065918,-98.8600845336914,98.89100646972656,19.4061279296875
1777554222750756,-2.885931968688965,3.342777967453003,-13.775887489318848,-100.7294692993164,107.56023406982422,26.440494537353516
1777554222760701,-3.0247604846954346,3.7018659114837646,-13.642105102539062,-94.14239501953125,106.8897476196289,27.74811553955078
1777554222770729,-2.7846078872680664,3.084764242172241,-12.722428321838379,-88.47862243652344,98.44642639160156,23.52918243408203
1777554222780680,-2.5537643432617188,2.887211322784424,-12.023241996765137,-84.83157348632812,92.50204467773438,21.574565887451172
1777554222790730,-2.2790420055389404,2.3867199420928955,-11.818474769592285,-89.09026336669922,90.21237182617188,18.455163955688477
1777554222800680,-2.3739233016967773,2.5761077404022217,-12.672264099121094,-97.67361450195312,96.81328582763672,19.99578857421875
1777554222810602,-2.5412421226501465,3.22981595993042,-13.45799732208252,-101.99911499023438,103.56454467773438,24.335041046142578
1777554222820655,-2.4928181171417236,3.8444039821624756,-13.449320793151855,-100.17927551269531,103.301025390625,27.514829635620117
1777554222830699,-2.208540916442871,3.9297430515289307,-12.896331787109375,-97.61095428466797,98.39937591552734,26.970149993896484
1777554222840687,-1.9634677171707153,3.8889472484588623,-12.469645500183105,-97.16790008544922,94.39282989501953,25.59981918334961
1777554222850736,-1.7506792545318604,3.8572092056274414,-12.508109092712402,-101.09477996826172,94.00433349609375,24.794755935668945
1777554222860700,-1.826779842376709,4.209802150726318,-12.799617767333984,-103.098876953125,96.22327423095703,27.124961853027344
1777554222870732,-1.913619041442871,4.626584529876709,-12.727027893066406,-98.15556335449219,94.7236328125,29.86464500427246
1777554222880723,-1.8872159719467163,4.284726142883301,-11.921364784240723,-90.33897399902344,87.53228759765625,27.787185668945312
1777554222890676,-1.546182632446289,3.4204697608947754,-11.233332633972168,-92.40321350097656,80.29297637939453,22.479732513427734
1777554222900706,-1.2830649614334106,3.2096307277679443,-11.783367156982422,-104.75335693359375,83.07913208007812,20.96945571899414
1777554222910713,-1.262800693511963,4.15882682800293,-13.025885581970215,-117.27397155761719,92.49569702148438,25.854389190673828
1777554222920658,-1.4794979095458984,5.136991500854492,-13.940217971801758,-119.23936462402344,99.1202163696289,30.933265686035156
1777554222930642,-1.4356083869934082,5.053488731384277,-13.582364082336426,-115.4117202758789,94.60757446289062,30.199764251708984
1777554222940662,-0.99868243932724,4.591634273529053,-12.973913192749023,-116.09872436523438,88.3329849243164,26.069448471069336
1777554222950673,-0.8149654865264893,4.444970607757568,-13.202953338623047,-122.78819274902344,88.07047271728516,24.654836654663086
1777554222960657,-0.7047916650772095,4.627843856811523,-13.848250389099121,-131.98834228515625,91.65933990478516,25.151405334472656
1777554222970658,-0.811791181564331,5.336890697479248,-14.416062355041504,-133.06771850585938,95.15644073486328,28.883312225341797
1777554222980663,-0.8745901584625244,5.504295825958252,-14.013954162597656,-126.49547576904297,91.1394271850586,29.75145721435547
1777554222990646,-0.6417418718338013,4.909979343414307,-13.199109077453613,-122.9365463256836,83.15057373046875,26.384037017822266
1777554223000672,-0.5090620517730713,4.588935375213623,-12.93001937866211,-124.40528869628906,79.66999053955078,24.862571716308594
1777554223010621,-0.4510829448699951,4.726864814758301,-13.081330299377441,-130.08419799804688,77.30249786376953,26.310638427734375
1777554223020613,-0.5616412162780762,5.056142807006836,-13.437755584716797,-131.179443359375,80.95172119140625,28.12160301208496
1777554223030621,-0.36026227474212646,5.353150367736816,-13.367300987243652,-129.0478057861328,80.5723648071289,27.590585708618164
1777554223040716,-0.15034079551696777,5.316064357757568,-13.004942893981934,-126.18630981445312,77.9299545288086,25.488462448120117
1777554223050672,0.09448802471160889,5.1843953132629395,-12.654766082763672,-123.84137725830078,75.38192749023438,22.80736541748047
1777554223060683,0.2811620235443115,5.114011287689209,-12.350549697875977,-122.87229919433594,73.1220703125,20.973121643066406
1777554223070666,0.4920041561126709,5.038792133331299,-12.35626220703125,-125.31376647949219,71.81897735595703,19.398576736450195
1777554223080650,0.544039249420166,5.137788772583008,-12.583749771118164,-127.86222839355469,73.24557495117188,19.597291946411133
1777554223090655,0.49993300437927246,5.187984466552734,-12.761909484863281,-129.0392303466797,73.56639862060547,19.85776138305664
1777554223100623,0.3973214626312256,5.151756286621094,-12.725370407104492,-128.63134765625,72.7761001586914,20.755613327026367
1777554223110645,0.11844611167907715,5.084288597106934,-12.638938903808594,-124.77852630615234,71.31033325195312,22.82358169555664
1777554223120691,-0.026527047157287598,4.88011360168457,-12.196887016296387,-118.79633331298828,68.34822845458984,22.495792388916016
1777554223130734,0.10616195201873779,4.619726657867432,-11.610942840576172,-114.30839538574219,64.25138854980469,20.4025821685791
1777554223140739,0.3458343744277954,4.494461536407471,-11.274938583374023,-112.08184814453125,61.918373107910156,17.774625778198242
1777554223150726,0.4770575761795044,4.4006853103637695,-11.040769577026367,-111.27204895019531,59.96033477783203,16.817668914794922
1777554223160676,0.4856247901916504,4.397280693054199,-10.974689483642578,-111.06786346435547,59.27605438232422,16.436267852783203
1777554223170644,0.38997018337249756,4.3863677978515625,-10.871190071105957,-107.46780395507812,59.10271072387695,16.718761444091797
1777554223180704,0.23696386814117432,4.187582969665527,-10.534734725952148,-100.5204086303711,57.107460021972656,16.291839599609375
1777554223190679,0.2235010862350464,3.8296382427215576,-9.801247596740723,-94.11519622802734,51.97904968261719,14.738041877746582
1777554223200664,0.3087853193283081,3.5840187072753906,-9.283390045166016,-90.53897094726562,47.639892578125,13.893366813659668
1777554223210676,0.3914133310317993,3.5211644172668457,-9.035431861877441,-88.99685668945312,46.197322845458984,12.720412254333496
1777554223220640,0.5159345865249634,3.466531753540039,-8.926483154296875,-88.73178100585938,44.854270935058594,11.405860900878906
1777554223230707,0.6523795127868652,3.430572509765625,-8.94424819946289,-89.6070556640625,44.514984130859375,10.094493865966797
1777554223240645,0.7655583620071411,3.4674811363220215,-8.966333389282227,-90.12683868408203,44.077857971191406,9.31596565246582
1777554223250704,0.7596405744552612,3.5256876945495605,-8.94009017944336,-88.86991882324219,44.39910888671875,9.308425903320312
1777554223260638,0.6747684478759766,3.4564287662506104,-8.747098922729492,-85.1474609375,43.62350082397461,9.248992919921875
1777554223270698,0.8211148977279663,3.2874319553375244,-8.446978569030762,-83.6218032836914,40.54781723022461,7.554045677185059
1777554223280666,1.041700005531311,3.2113232612609863,-8.345281600952148,-85.35374450683594,39.302330017089844,5.660306930541992
1777554223290610,1.2568285465240479,3.2399306297302246,-8.62397575378418,-90.30023193359375,40.033226013183594,4.39991569519043
1777554223300685,1.2378778457641602,3.4112980365753174,-9.049519538879395,-93.70291900634766,42.479820251464844,5.116684913635254
1777554223310726,1.0366339683532715,3.545156955718994,-9.157496452331543,-92.05508422851562,43.75154113769531,7.119575500488281
1777554223320646,0.8844960927963257,3.565953254699707,-8.85461139678955,-86.17952728271484,43.90427780151367,7.56829833984375
1777554223330637,0.8468104600906372,3.3545174598693848,-8.281148910522461,-78.84165954589844,41.29073715209961,6.395218849182129
1777554223340602,0.9974632263183594,3.044255256652832,-7.814522743225098,-76.44815826416016,37.95462417602539,4.134696006774902
1777554223350638,1.1668319702148438,2.954977035522461,-7.773771286010742,-77.91523742675781,37.07237243652344,2.65000057220459
1777554223360646,1.392508864402771,2.9023144245147705,-8.055675506591797,-83.95071411132812,37.98672103881836,1.0405168533325195
1777554223370613,1.607511281967163,3.1141457557678223,-8.69040584564209,-91.76371765136719,41.44797897338867,0.1454620361328125
1777554223380606,1.522591233253479,3.4802870750427246,-9.193243026733398,-93.22440338134766,46.0560188293457,1.7014617919921875
1777554223390640,1.2355153560638428,3.5777695178985596,-9.022958755493164,-86.06232452392578,47.278438568115234,3.081658363342285
1777554223400630,1.0721821784973145,3.295381546020508,-8.248628616333008,-75.37952423095703,43.98457717895508,2.6369266510009766
1777554223410613,1.1741716861724854,2.8203282356262207,-7.465841293334961,-68.95294952392578,38.61598205566406,-0.08462238311767578
1777554223420603,1.5221869945526123,2.504617929458618,-7.219086647033691,-70.46186065673828,35.5822639465332,-3.850318431854248
1777554223430754,1.9114495515823364,2.4822328090667725,-7.637162208557129,-78.07762908935547,36.52652359008789,-6.863342761993408
1777554223440766,1.8652828931808472,2.7828612327575684,-8.110841751098633,-81.61080932617188,39.395206451416016,-5.287153244018555
1777554223450750,1.7972007989883423,2.930710554122925,-8.239338874816895,-81.76594543457031,40.40437316894531,-4.705563545227051
1777554223460713,1.9751383066177368,2.8759639263153076,-8.301701545715332,-83.58547973632812,40.35798263549805,-6.395787715911865
1777554223470616,2.186490774154663,2.84139084815979,-8.529544830322266,-87.17949676513672,40.56071853637695,-7.9532318115234375
1777554223480685,2.4493541717529297,2.9015862941741943,-8.872605323791504,-93.79090881347656,41.650997161865234,-9.861268043518066
1777554223490706,2.935729503631592,2.9865365028381348,-9.6535062789917,-105.47286224365234,43.781463623046875,-13.03710651397705
1777554223500797,3.2857344150543213,3.2249350547790527,-10.72150993347168,-117.58915710449219,47.799713134765625,-15.223945617675781
1777554223510795,3.3307158946990967,3.431079387664795,-11.482271194458008,-122.8037109375,51.066078186035156,-15.445496559143066
1777554223520722,2.4295520782470703,3.6019649505615234,-10.929800033569336,-105.56434631347656,51.43745040893555,-8.809144020080566
1777554223530737,2.110959768295288,2.9847524166107178,-9.278428077697754,-87.58409118652344,42.420406341552734,-8.654642105102539
1777554223540692,2.0663914680480957,2.3462588787078857,-8.051798820495605,-76.28353118896484,34.79353713989258,-10.697891235351562
1777554223550676,2.7924458980560303,1.7378671169281006,-7.917827606201172,-83.81010437011719,27.934547424316406,-17.612483978271484
1777554223560641,3.435023784637451,1.6700429916381836,-8.96362590789795,-100.94074249267578,28.011301040649414,-22.385353088378906
1777554223570647,4.219783782958984,1.7592206001281738,-10.590163230895996,-124.49790954589844,29.15206527709961,-27.38132095336914
1777554223580678,4.1096649169921875,2.262482166290283,-11.744357109069824,-132.9417266845703,33.796512603759766,-24.74089813232422
1777554223590696,2.794430732727051,2.8214173316955566,-10.815110206604004,-108.02685546875,37.25967788696289,-13.669857025146484
1777554223600605,2.2013888359069824,2.32568097114563,-8.65852165222168,-83.23219299316406,29.66969871520996,-11.081404685974121
1777554223610562,2.5442142486572266,1.6507947444915771,-7.725742816925049,-80.06787872314453,21.854101181030273,-15.562291145324707
1777554223620574,3.377734661102295,1.3060182332992554,-8.362730979919434,-95.33016967773438,18.63018798828125,-22.636104583740234
1777554223630581,4.011262893676758,1.3650773763656616,-9.820523262023926,-116.47239685058594,18.654460906982422,-26.38208770751953
1777554223640529,3.897130012512207,1.7595772743225098,-10.862333297729492,-124.395751953125,21.388221740722656,-23.376224517822266
1777554223650576,2.9151611328125,2.153862237930298,-10.215982437133789,-106.57498931884766,24.186241149902344,-14.981894493103027
1777554223660564,2.3159918785095215,1.8671469688415527,-8.50881576538086,-85.63330078125,19.718847274780273,-12.429529190063477
1777554223670612,2.717926263809204,1.1308544874191284,-7.965032577514648,-85.78266906738281,12.301132202148438,-16.83953857421875
1777554223680604,3.663463592529297,0.6244877576828003,-9.046255111694336,-106.43191528320312,8.399646759033203,-24.079851150512695
1777554223690600,4.051804542541504,0.8397621512413025,-10.395631790161133,-122.3857421875,10.466971397399902,-25.936439514160156
1777554223700657,3.572269916534424,1.2036547660827637,-10.632164001464844,-118.94698333740234,15.271709442138672,-20.971641540527344
1777554223710632,2.8608040809631348,1.343907356262207,-9.65857982635498,-101.90211486816406,16.663179397583008,-16.017860412597656
1777554223720604,2.3254594802856445,1.2232279777526855,-8.216282844543457,-83.34927368164062,14.991959571838379,-13.111978530883789
1777554223730594,2.6110236644744873,0.6750686168670654,-7.793973922729492,-83.35717010498047,10.643756866455078,-16.912839889526367
1777554223740597,3.8595051765441895,0.00722527876496315,-9.26455020904541,-111.03036499023438,6.8210930824279785,-26.947355270385742
1777554223750571,4.69171142578125,0.1564369648694992,-11.524707794189453,-140.85061645507812,8.806577682495117,-31.57309341430664
1777554223760557,4.386222839355469,0.7296051383018494,-12.693077087402344,-146.8694305419922,15.303813934326172,-27.017330169677734
1777554223770552,3.3429508209228516,1.3409007787704468,-11.549836158752441,-124.39130401611328,18.967830657958984,-18.494258880615234
1777554223780557,1.858410358428955,1.619840145111084,-8.770716667175293,-82.01904296875,19.854412078857422,-8.217137336730957
1777554223790579,1.5172990560531616,0.939837634563446,-6.492841720581055,-58.86946487426758,12.11573314666748,-8.842081069946289
1777554223800553,2.414165496826172,0.012837295420467854,-6.538804054260254,-70.0833969116211,4.205967426300049,-17.19420623779297
1777554223810567,3.3355143070220947,-0.263782799243927,-8.266521453857422,-95.5483169555664,1.8987720012664795,-23.35799789428711
1777554223820555,3.6601579189300537,-0.2022063434123993,-9.905271530151367,-114.06704711914062,4.425446033477783,-23.91967010498047
1777554223830565,3.5801026821136475,0.034546732902526855,-10.558823585510254,-118.26020812988281,7.623850345611572,-22.297670364379883
1777554223840555,3.0713765621185303,0.2841629385948181,-10.147510528564453,-108.34226989746094,10.260126113891602,-17.8695125579834
1777554223850560,2.5185940265655518,0.30159181356430054,-9.0716552734375,-93.40230560302734,10.41083812713623,-14.308181762695312
1777554223860563,2.4963693618774414,0.04184970632195473,-8.392923355102539,-86.3796157836914,8.83381462097168,-15.291996002197266
1777554223870570,2.4147233963012695,-0.3099723756313324,-8.268350601196289,-86.57540893554688,6.708666801452637,-14.871932983398438
1777554223880592,2.433879852294922,-0.5284934043884277,-8.522958755493164,-91.2887191772461,6.164467811584473,-14.619463920593262
1777554223890550,2.271584987640381,-0.29605790972709656,-8.628582954406738,-90.59818267822266,8.946972846984863,-13.24106502532959
1777554223900568,2.0405240058898926,-0.1082855686545372,-8.393623352050781,-84.02470397949219,12.976274490356445,-12.089165687561035
1777554223910568,2.1424334049224854,-0.393881618976593,-8.303277969360352,-82.97437286376953,13.799890518188477,-14.569358825683594
1777554223920568,2.5430638790130615,-0.7128806710243225,-8.679672241210938,-90.1676025390625,14.359945297241211,-18.653762817382812
1777554223930561,2.9754531383514404,-0.9309762120246887,-9.683568954467773,-102.6197509765625,17.652956008911133,-22.871614456176758
1777554223940552,3.232057571411133,-0.782322108745575,-10.560628890991211,-111.13801574707031,22.77602767944336,-25.08136749267578
1777554223950524,2.486062526702881,-0.3993103504180908,-10.302372932434082,-100.84904479980469,28.069107055664062,-19.145954132080078
1777554223960564,1.8704004287719727,-0.23736277222633362,-9.140528678894043,-85.36359405517578,27.6270751953125,-14.767557144165039
1777554223970534,1.8740599155426025,-0.49835795164108276,-8.615806579589844,-81.23948669433594,26.00350570678711,-16.32408905029297
1777554223980597,1.961753249168396,-0.6415907144546509,-8.697042465209961,-82.69635009765625,27.515228271484375,-17.83831024169922
1777554223990590,1.921316385269165,-0.621247410774231,-8.803282737731934,-83.96302795410156,28.697744369506836,-17.73163604736328
1777554224000592,1.651222586631775,-0.26135703921318054,-8.564519882202148,-77.89422607421875,31.22035789489746,-15.836408615112305
1777554224010558,1.5831668376922607,-0.2554160952568054,-8.12666130065918,-73.35499572753906,30.306360244750977,-15.491931915283203
1777554224020553,1.6893004179000854,-0.6847232580184937,-8.397561073303223,-78.58018493652344,30.57375144958496,-17.330108642578125
1777554224030638,1.4842389822006226,-0.4078254699707031,-8.58592700958252,-78.91309356689453,32.61410140991211,-14.950162887573242
1777554224040552,1.154683232307434,-0.1589105874300003,-8.508489608764648,-74.08710479736328,34.58024597167969,-12.20610237121582
1777554224050620,1.2379975318908691,-0.12698274850845337,-8.091792106628418,-70.49072265625,33.26320266723633,-13.147065162658691
1777554224060584,1.2276561260223389,-0.39585304260253906,-8.038342475891113,-71.64204406738281,31.811595916748047,-13.554327011108398
1777554224070585,1.2787500619888306,-0.5378974080085754,-8.353475570678711,-76.12505340576172,33.395931243896484,-14.249693870544434
1777554224080532,1.417931079864502,-0.4734182059764862,-8.923450469970703,-81.70637512207031,36.383094787597656,-15.264686584472656
1777554224090487,1.4197685718536377,-0.3149372637271881,-9.229605674743652,-84.48941040039062,37.642486572265625,-14.560948371887207
1777554224100531,1.326337456703186,-0.19062575697898865,-9.324920654296875,-84.22290802001953,39.83332061767578,-13.606603622436523
1777554224110566,1.186222791671753,-0.08039288967847824,-9.143173217773438,-80.33609008789062,39.8292121887207,-12.438533782958984
1777554224120528,1.1807873249053955,-0.22125206887722015,-8.923407554626465,-78.61466217041016,38.30686950683594,-12.98243236541748
1777554224130528,1.2881251573562622,-0.4810282289981842,-8.945229530334473,-80.46965026855469,38.287132263183594,-14.883886337280273
1777554224140526,1.3088911771774292,-0.630946695804596,-9.309871673583984,-83.966796875,39.776268005371094,-15.757410049438477
1777554224150531,1.2420868873596191,-0.6606913208961487,-9.6581449508667,-86.8415298461914,41.692142486572266,-15.26176643371582
1777554224160514,1.2706630229949951,-0.5770529508590698,-9.857027053833008,-88.12393188476562,43.943668365478516,-15.625452995300293
1777554224170514,1.3063737154006958,-0.7320772409439087,-10.156457901000977,-91.13096618652344,46.08294677734375,-16.913419723510742
1777554224180523,1.3822596073150635,-0.929726243019104,-10.560547828674316,-95.10671997070312,48.06917953491211,-18.272045135498047
1777554224190528,1.4114322662353516,-0.8923017382621765,-10.883862495422363,-97.6817398071289,49.96128845214844,-19.047870635986328
1777554224200539,1.4452385902404785,-0.8085062503814697,-10.99566650390625,-98.49765014648438,51.04860305786133,-19.1841983795166
1777554224210518,1.4820899963378906,-0.8805033564567566,-11.103227615356445,-100.74317932128906,51.48366165161133,-19.517316818237305
1777554224220533,1.5651925802230835,-0.9819116592407227,-11.482995986938477,-105.69316101074219,52.759193420410156,-20.364532470703125
1777554224230527,1.6206164360046387,-1.0288125276565552,-12.1258544921875,-112.66292572021484,55.912139892578125,-20.84054946899414
1777554224240514,1.514908790588379,-0.9549078345298767,-12.655601501464844,-115.8287582397461,59.201236724853516,-19.887237548828125
1777554224250557,1.2790578603744507,-0.7561159729957581,-12.582408905029297,-112.13636779785156,60.015777587890625,-17.70263671875
1777554224260523,1.0522462129592896,-0.6573520302772522,-11.979915618896484,-105.26648712158203,58.02766036987305,-15.783190727233887
1777554224270528,0.9847879409790039,-0.8739563226699829,-11.571720123291016,-102.58552551269531,54.47133255004883,-15.354905128479004
1777554224280589,0.9641745090484619,-1.0920411348342896,-11.697604179382324,-105.46629333496094,53.8098030090332,-15.420461654663086
1777554224290551,0.762771487236023,-0.988690197467804,-11.917606353759766,-107.03697204589844,55.14715576171875,-13.075776100158691
1777554224300606,0.5608919858932495,-0.7854884266853333,-11.8297758102417,-105.12240600585938,54.50453567504883,-10.212772369384766
1777554224310645,0.5443121194839478,-0.827235758304596,-11.807514190673828,-104.7586669921875,54.74091339111328,-10.192560195922852
1777554224320519,0.632885217666626,-1.0393379926681519,-11.904704093933105,-107.57374572753906,54.26554870605469,-11.595314025878906
1777554224330540,0.5485482215881348,-1.081505537033081,-12.170162200927734,-109.96603393554688,55.098262786865234,-10.596658706665039
1777554224340585,0.5529801845550537,-0.9751889705657959,-12.418703079223633,-111.4554214477539,56.93653869628906,-10.540245056152344
1777554224350619,0.5765175819396973,-1.0228829383850098,-12.48583984375,-113.22978973388672,56.5483512878418,-10.675223350524902
1777554224360644,0.553437352180481,-1.2177666425704956,-12.86440658569336,-117.73309326171875,56.915828704833984,-10.483055114746094
1777554224370593,0.35023343563079834,-0.91110759973526,-12.934572219848633,-116.75759887695312,58.446659088134766,-7.864605903625488
1777554224380559,0.20588207244873047,-0.5057146549224854,-12.409127235412598,-109.02904510498047,57.13445281982422,-5.337820053100586
1777554224390591,0.3915046453475952,-0.7708295583724976,-11.974382400512695,-109.3849105834961,52.76744079589844,-7.1175432205200195
1777554224400593,0.6145353317260742,-1.2276732921600342,-12.793359756469727,-121.22988891601562,54.05937576293945,-9.281495094299316
1777554224410621,0.5254795551300049,-1.0334839820861816,-13.732114791870117,-127.6527099609375,59.91974639892578,-8.287134170532227
1777554224420601,0.3412516117095947,-0.868426501750946,-13.838188171386719,-127.65654754638672,60.846858978271484,-6.369768142700195
1777554224430610,0.11440587043762207,-0.6162718534469604,-13.517751693725586,-124.1599349975586,59.416446685791016,-3.190953254699707
1777554224440588,-0.07524311542510986,-0.2872515320777893,-13.040099143981934,-117.55441284179688,57.60081100463867,-0.40619754791259766
1777554224450633,-0.05873608589172363,-0.5764464139938354,-12.761811256408691,-117.69725799560547,54.32030487060547,-0.7562685012817383
1777554224460609,-0.23124980926513672,-0.7941701412200928,-13.036149978637695,-122.1507797241211,54.164695739746094,0.7924766540527344
1777554224470650,-0.49860239028930664,-0.32898059487342834,-13.102933883666992,-119.30622863769531,56.791534423828125,4.247215270996094
1777554224480632,-0.6696857213973999,0.19326451420783997,-12.379294395446777,-107.88731384277344,56.25457000732422,6.370623588562012
1777554224490608,-0.6143338680267334,-0.13721269369125366,-11.543022155761719,-104.36267852783203,50.06432342529297,5.4727067947387695
1777554224500626,-0.45616376399993896,-0.6985962390899658,-12.11920166015625,-115.74092864990234,50.0026741027832,3.2918758392333984
1777554224510657,-0.7624210119247437,-0.661237895488739,-13.367483139038086,-125.92013549804688,56.90068435668945,6.01451301574707
1777554224520607,-1.090664029121399,0.3422953188419342,-13.385457992553711,-116.56430053710938,63.0416374206543,10.054235458374023
1777554224530548,-1.0278189182281494,0.3143180012702942,-12.081494331359863,-103.99395751953125,57.20695877075195,8.898988723754883
1777554224540600,-0.8243042230606079,-0.4499790072441101,-11.624955177307129,-107.78860473632812,51.501853942871094,5.668975830078125
1777554224550592,-0.9816563129425049,-0.644238293170929,-12.686105728149414,-119.4775619506836,56.47373962402344,6.677671432495117
1777554224560602,-1.569735050201416,0.6823070645332336,-12.883050918579102,-108.04940032958984,65.12694549560547,13.471712112426758
1777554224570543,-1.3952105045318604,0.6478782892227173,-11.425262451171875,-96.14738464355469,58.77850341796875,11.4548978805542
1777554224580542,-1.1646203994750977,-0.20527714490890503,-11.161396026611328,-104.44915008544922,53.87425231933594,8.182092666625977
1777554224590600,-1.5614182949066162,0.3931114673614502,-12.38122272491455,-113.47770690917969,62.73419952392578,13.754531860351562
1777554224600520,-2.014230251312256,1.4898176193237305,-12.741339683532715,-107.19903564453125,69.86311340332031,19.779176712036133
1777554224610520,-1.8854161500930786,1.166107177734375,-12.05247688293457,-103.64459991455078,65.12451934814453,17.845922470092773
1777554224620572,-1.9495651721954346,1.1106088161468506,-12.000459671020508,-102.1431655883789,65.2535171508789,17.763439178466797
1777554224630616,-2.030487537384033,1.1878046989440918,-11.649259567260742,-99.496337890625,63.64330291748047,18.929075241088867
1777554224640524,-1.9947741031646729,0.9750102162361145,-11.805436134338379,-103.71495819091797,64.1785888671875,18.318370819091797
1777554224650679,-2.128762722015381,1.287243127822876,-12.303184509277344,-107.31739807128906,68.22323608398438,20.651464462280273
1777554224660527,-2.3267464637756348,1.8634350299835205,-12.414435386657715,-104.00445556640625,71.51812744140625,23.611289978027344
1777554224670608,-2.265479803085327,1.887975811958313,-11.984513282775879,-99.21501159667969,69.80423736572266,22.693756103515625
1777554224680565,-2.1637463569641113,1.7885756492614746,-11.581155776977539,-96.01223754882812,67.62859344482422,21.65679359436035
1777554224690481,-2.0546486377716064,2.084813356399536,-11.216747283935547,-90.99221801757812,67.27436828613281,21.483173370361328
1777554224700512,-1.7990615367889404,1.4856579303741455,-11.04134750366211,-96.36030578613281,66.37450408935547,17.35499382019043
1777554224710550,-1.983612060546875,1.2800947427749634,-12.440727233886719,-112.39653015136719,77.55050659179688,17.229846954345703
1777554224720518,-2.6784768104553223,2.6454036235809326,-13.999399185180664,-115.68263244628906,92.97789001464844,26.254016876220703
1777554224730507,-2.895162582397461,3.2708868980407715,-13.77086067199707,-105.0895767211914,93.43321228027344,29.10643768310547
1777554224740481,-2.4703900814056396,2.455456256866455,-12.714995384216309,-99.21361541748047,85.64100646972656,22.316776275634766
1777554224750474,-2.419440746307373,2.4524307250976562,-12.157172203063965,-93.917236328125,82.8863754272461,21.97540283203125
1777554224760439,-2.367907762527466,2.3996832370758057,-11.652231216430664,-89.34000396728516,80.5975570678711,21.084205627441406
1777554224770449,-2.26503849029541,1.9736278057098389,-11.617433547973633,-90.34249114990234,81.181640625,17.720230102539062
1777554224780512,-2.3392903804779053,2.0286998748779297,-11.94215202331543,-91.33899688720703,84.06692504882812,17.966197967529297
1777554224790417,-2.507282257080078,2.3507742881774902,-11.89989948272705,-86.88231658935547,85.35670471191406,19.573760986328125
1777554224800468,-2.3882598876953125,1.7407039403915405,-11.618558883666992,-87.81355285644531,83.86896514892578,15.75593090057373
1777554224810398,-2.479881763458252,2.002722978591919,-11.990535736083984,-89.26834869384766,88.9917984008789,17.25252914428711
1777554224820490,-2.5438404083251953,2.323404312133789,-12.285316467285156,-89.6928939819336,92.0571060180664,18.812084197998047
1777554224830473,-2.4114654064178467,2.0312182903289795,-12.41053581237793,-95.80396270751953,93.57482147216797,17.39451789855957
1777554224840554,-2.52946400642395,2.5831992626190186,-13.384438514709473,-104.10643768310547,102.64387512207031,20.98090362548828
1777554224850489,-2.8794338703155518,3.699145793914795,-14.039506912231445,-101.88309478759766,108.51591491699219,28.00472068786621
1777554224860467,-2.965137243270874,3.6022820472717285,-13.451324462890625,-92.97392272949219,103.432373046875,26.99715805053711
1777554224870608,-2.5702881813049316,2.9681472778320312,-12.302669525146484,-86.99452209472656,93.5359115600586,22.276531219482422
1777554224880614,-2.3024239540100098,2.6506102085113525,-11.781732559204102,-87.57609558105469,88.91664123535156,19.919937133789062
1777554224890564,-2.18397855758667,2.2921032905578613,-12.19364070892334,-96.0,91.13692474365234,18.367000579833984
1777554224900556,-2.4225926399230957,2.924367666244507,-13.20644474029541,-102.86349487304688,99.64204406738281,22.634136199951172
1777554224910620,-2.484189033508301,3.687185287475586,-13.485981941223145,-102.04141998291016,101.90107727050781,26.862075805664062
1777554224920576,-2.2041471004486084,3.7679331302642822,-13.056309700012207,-100.69298553466797,97.77233123779297,26.186443328857422
1777554224930576,-2.055513381958008,3.853778839111328,-12.760480880737305,-99.91861724853516,94.81873321533203,26.086837768554688
1777554224940530,-1.8165826797485352,3.867030143737793,-12.558091163635254,-101.22999572753906,92.48844909667969,25.393253326416016
1777554224950582,-1.764779806137085,3.992403507232666,-12.711824417114258,-103.57477569580078,92.88150787353516,26.0004825592041
1777554224960506,-1.755627155303955,4.180574417114258,-12.762056350708008,-104.17825317382812,92.61509704589844,27.260086059570312
1777554224970550,-1.9462509155273438,4.578226566314697,-12.5220365524292,-96.14339447021484,90.64417266845703,29.668243408203125
1777554224980528,-1.679134488105774,4.0055317878723145,-11.357625961303711,-88.31449890136719,79.94534301757812,25.79808807373047
1777554224990567,-1.261767864227295,2.9680838584899902,-10.806259155273438,-94.32536315917969,73.66390991210938,19.630542755126953
1777554225000506,-1.0209219455718994,3.0967013835906982,-11.812204360961914,-112.3448257446289,80.02674102783203,19.871356964111328
1777554225010515,-1.185469627380371,4.583168029785156,-13.49116325378418,-122.79830932617188,93.37406921386719,27.57576560974121
1777554225020554,-1.441549301147461,5.3436198234558105,-13.989843368530273,-119.5445785522461,96.98274230957031,31.676284790039062
1777554225030599,-1.1077463626861572,4.7892608642578125,-13.20534896850586,-116.66857147216797,89.45319366455078,27.465126037597656
1777554225040577,-0.7138699293136597,4.3681464195251465,-12.973617553710938,-122.1617660522461,85.72842407226562,24.1185245513916
1777554225050578,-0.6498390436172485,4.5799150466918945,-13.713287353515625,-132.04112243652344,89.68130493164062,25.056352615356445
1777554225060439,-0.8305578231811523,5.237202167510986,-14.4835844039917,-134.90936279296875,94.38394927978516,28.727642059326172
1777554225070458,-0.9611517190933228,5.545732498168945,-14.148032188415527,-128.54058837890625,91.49342346191406,30.918811798095703
1777554225080440,-0.7605907917022705,5.080162525177002,-13.35049819946289,-123.16287231445312,84.21463012695312,27.894060134887695
1777554225090442,-0.5383591651916504,4.5816426277160645,-12.91713809967041,-124.80891418457031,79.17908477783203,25.086833953857422
1777554225100549,-0.3479844331741333,4.652792930603027,-13.161256790161133,-131.1239776611328,78.89134216308594,25.10163688659668
1777554225110593,-0.48400068283081055,5.028208255767822,-13.686164855957031,-135.5312957763672,80.52152252197266,28.13970375061035
1777554225120539,-0.4494328498840332,5.4272847175598145,-13.626656532287598,-132.14828491210938,81.73480224609375,28.847803115844727
1777554225130556,-0.2532700300216675,5.479062557220459,-13.204964637756348,-127.26567077636719,79.4413070678711,27.02996063232422
1777554225140561,-0.041648149490356445,5.21908712387085,-12.602591514587402,-122.78274536132812,74.93132781982422,23.881103515625
1777554225150545,0.21740508079528809,5.024995803833008,-12.25737476348877,-121.26112365722656,71.82081604003906,21.321834564208984
1777554225160564,0.45136189460754395,4.918223857879639,-12.15163516998291,-123.26557159423828,70.21202087402344,19.203445434570312
1777554225170542,0.6006195545196533,4.971402645111084,-12.369852066040039,-127.68560791015625,70.78754425048828,18.564645767211914
1777554225180551,0.5928077697753906,5.132189750671387,-12.768430709838867,-130.82994079589844,72.85968780517578,19.17690658569336
1777554225190502,0.48165059089660645,5.210810661315918,-12.92096996307373,-131.60699462890625,73.12342071533203,20.12500762939453
1777554225200579,0.22837066650390625,5.212886810302734,-12.829673767089844,-127.97293853759766,72.38306427001953,22.033655166625977
1777554225210573,0.04281949996948242,4.991122722625732,-12.39684009552002,-121.28690338134766,69.64444732666016,22.307950973510742
1777554225220566,0.16401445865631104,4.66106653213501,-11.773560523986816,-115.94992065429688,64.90711975097656,20.200931549072266
1777554225230620,0.3329123258590698,4.4217681884765625,-11.350760459899902,-114.22234344482422,61.51905059814453,17.8337459564209
1777554225240532,0.44895005226135254,4.4312896728515625,-11.206144332885742,-113.1308364868164,60.474220275878906,16.799150466918945
1777554225250584,0.49993181228637695,4.403031349182129,-11.090194702148438,-111.61363983154297,59.602603912353516,16.276206970214844
1777554225260539,0.4227813482284546,4.353215217590332,-10.870050430297852,-108.35330963134766,58.10382843017578,16.247802734375
1777554225270550,0.3249387741088867,4.169461727142334,-10.595705032348633,-103.77543640136719,56.19805908203125,16.22334861755371
1777554225280560,0.28241240978240967,3.918846607208252,-10.175786972045898,-97.9071044921875,53.70468521118164,14.84861946105957
1777554225290461,0.3088034391403198,3.652336835861206,-9.508089065551758,-92.80231475830078,49.02772903442383,14.027532577514648
1777554225300557,0.34179723262786865,3.5599892139434814,-9.121833801269531,-89.15449523925781,46.19780731201172,13.344066619873047
1777554225310505,0.5038702487945557,3.419898271560669,-8.93559455871582,-88.91615295410156,44.447628021240234,11.48691177368164
1777554225320496,0.6352107524871826,3.394319772720337,-8.879343032836914,-89.26579284667969,44.002044677734375,10.19873046875
1777554225330425,0.7315571308135986,3.4138786792755127,-8.916640281677246,-89.7010726928711,43.62871551513672,9.22573471069336
1777554225340373,0.7640464305877686,3.458779811859131,-8.877927780151367,-88.49913787841797,43.63577651977539,9.004131317138672
1777554225350363,0.6771817207336426,3.417576789855957,-8.680272102355957,-85.17356872558594,42.78476333618164,9.09646224975586
1777554225360361,0.7329822778701782,3.2196125984191895,-8.430729866027832,-82.83743286132812,40.42321014404297,7.945553779602051
1777554225370368,0.9572103023529053,3.1416733264923096,-8.284126281738281,-84.54817962646484,38.62371826171875,5.886672019958496
1777554225380368,1.200762152671814,3.1367666721343994,-8.48178768157959,-89.2806167602539,38.813899993896484,4.344778060913086
1777554225390368,1.2573014497756958,3.3234875202178955,-8.943740844726562,-93.52745819091797,41.28774642944336,4.64255428314209
1777554225400365,1.152377963066101,3.470714807510376,-9.160945892333984,-94.23910522460938,43.0109748840332,5.875612258911133
1777554225410341,0.919964075088501,3.5719964504241943,-9.044689178466797,-88.62562561035156,43.911537170410156,7.582247734069824
1777554225420356,0.7893819808959961,3.3728647232055664,-8.483292579650879,-80.63078308105469,41.92424011230469,7.056601524353027
1777554225430359,0.8895999193191528,3.0655970573425293,-7.812117576599121,-75.45111083984375,38.37541580200195,4.958459854125977
1777554225440371,1.1274141073226929,2.8569698333740234,-7.608778953552246,-76.18321228027344,36.14621353149414,2.6021432876586914
1777554225450388,1.2904529571533203,2.8334691524505615,-7.861005783081055,-80.98310089111328,36.81797409057617,1.6096925735473633
1777554225460390,1.576050877571106,2.948474884033203,-8.507227897644043,-90.17720031738281,39.45820617675781,-0.1920480728149414
1777554225470427,1.5819734334945679,3.3155596256256104,-9.179445266723633,-95.09706115722656,44.37285614013672,0.9186220169067383
1777554225480416,1.3982911109924316,3.581096887588501,-9.309898376464844,-91.44454956054688,47.6375732421875,2.374998092651367
1777554225490316,0.9782842397689819,3.5084927082061768,-8.662052154541016,-78.47100830078125,46.37975311279297,4.087489128112793
1777554225500375,1.0008536577224731,2.9626166820526123,-7.595446586608887,-68.05646514892578,39.674949645996094,1.6199474334716797
1777554225510366,1.3060381412506104,2.4766716957092285,-6.998674392700195,-66.59020233154297,34.72511672973633,-2.3549141883850098
1777554225520337,1.811383843421936,2.2917895317077637,-7.282975673675537,-74.62415313720703,34.29734802246094,-6.293154716491699
1777554225530365,1.8861901760101318,2.603644371032715,-7.933378219604492,-81.18875885009766,37.71125793457031,-5.994662284851074
1777554225540329,1.688460350036621,2.8878586292266846,-8.20809555053711,-80.65530395507812,40.05882263183594,-3.65635347366333
1777554225550372,1.8496956825256348,2.7991373538970947,-8.237367630004883,-81.36540222167969,39.18557357788086,-5.526565074920654
1777554225560373,1.9865771532058716,2.742218255996704,-8.278834342956543,-83.85560607910156,39.08351516723633,-6.9871649742126465
1777554225570367,2.2831802368164062,2.776313543319702,-8.589000701904297,-90.01380920410156,39.70010757446289,-9.056880950927734
1777554225580348,2.7750301361083984,2.88210129737854,-9.306270599365234,-101.33506774902344,41.23794937133789,-11.971612930297852
1777554225590374,3.2744057178497314,3.084019899368286,-10.441356658935547,-116.17342376708984,45.0671272277832,-15.443378448486328
1777554225600373,3.384714126586914,3.3883726596832275,-11.452180862426758,-124.81543731689453,49.529727935791016,-15.712641716003418
1777554225610356,2.7304177284240723,3.6423499584198,-11.318695068359375,-113.71438598632812,51.03178787231445,-10.539255142211914
1777554225620346,2.039152145385742,3.290248394012451,-9.805073738098145,-91.34573364257812,45.20643615722656,-7.131846904754639
1777554225630375,2.0418500900268555,2.475557565689087,-8.235982894897461,-77.65343475341797,34.81163787841797,-9.659543991088867
1777554225640357,2.5558958053588867,1.8389623165130615,-7.800693035125732,-80.59489440917969,27.68627166748047,-15.101465225219727
1777554225650377,3.2525665760040283,1.6876803636550903,-8.540693283081055,-95.28412628173828,26.3480167388916,-20.91663360595703
1777554225660375,4.077199935913086,1.695023775100708,-10.1324462890625,-118.69442749023438,27.418264389038086,-26.218645095825195
1777554225670373,4.307374000549316,2.097567558288574,-11.57558822631836,-133.72584533691406,30.69225311279297,-26.48367691040039
1777554225680403,3.3446121215820312,2.6709468364715576,-11.355415344238281,-119.93437194824219,35.252689361572266,-17.921960830688477
1777554225690374,2.277480363845825,2.58492112159729,-9.390761375427246,-90.3304443359375,32.04938888549805,-10.590834617614746
1777554225700369,2.3989810943603516,1.8422201871871948,-7.840509414672852,-79.36213684082031,23.107837677001953,-14.02056884765625
1777554225710364,3.1627466678619385,1.3147342205047607,-8.11291790008545,-90.75595092773438,18.104246139526367,-21.014915466308594
1777554225720329,3.8812899589538574,1.2840088605880737,-9.426578521728516,-111.40980529785156,17.00786590576172,-25.481840133666992
1777554225730370,3.96793270111084,1.6383774280548096,-10.670473098754883,-123.69883728027344,19.491193771362305,-24.215076446533203
1777554225740370,3.133479595184326,2.055427312850952,-10.470647811889648,-112.16215515136719,22.861555099487305,-16.78946304321289
1777554225750369,2.3332571983337402,1.9665329456329346,-8.858480453491211,-88.55906677246094,20.487396240234375,-11.54317855834961
1777554225760343,2.415692090988159,1.3186273574829102,-7.745406627655029,-81.18214416503906,13.249204635620117,-14.271500587463379
1777554225770330,3.3187344074249268,0.6282277703285217,-8.492136001586914,-98.93611145019531,7.327727794647217,-21.61856460571289
1777554225780327,4.035404205322266,0.6583269238471985,-10.074504852294922,-121.004150390625,7.450632095336914,-26.136011123657227
1777554225790342,3.7578892707824707,1.1055797338485718,-10.7821683883667,-123.8074722290039,12.252899169921875,-22.270118713378906
1777554225800351,3.0187721252441406,1.3876745700836182,-10.124512672424316,-108.38046264648438,15.813283920288086,-16.626537322998047
1777554225810354,2.389291286468506,1.318298578262329,-8.610459327697754,-87.7682876586914,14.939332008361816,-13.123370170593262
1777554225820348,2.380429267883301,0.916606068611145,-7.688426971435547,-79.87305450439453,11.403961181640625,-14.503704071044922
1777554225830358,3.3808271884918213,0.19803456962108612,-8.590743064880371,-99.62249755859375,6.737397193908691,-23.209102630615234
1777554225840319,4.581235885620117,0.04880787804722786,-10.821184158325195,-133.80934143066406,5.693292140960693,-31.105201721191406
1777554225850369,4.5906524658203125,0.597217321395874,-12.539505004882812,-148.16920471191406,12.349974632263184,-28.55699920654297
1777554225860304,3.7747743129730225,1.1101346015930176,-12.226229667663574,-135.07388305664062,17.30035400390625,-21.68487548828125
1777554225870324,2.365165948867798,1.535491943359375,-9.780282974243164,-96.73530578613281,19.385013580322266,-11.329099655151367
1777554225880328,1.5836254358291626,1.2061676979064941,-7.176179885864258,-65.30191040039062,14.986555099487305,-8.39528751373291
1777554225890370,1.9904940128326416,0.33650481700897217,-6.351078033447266,-63.14591979980469,7.197543144226074,-13.658868789672852
1777554225900378,3.063617467880249,-0.28563863039016724,-7.577747344970703,-86.39378356933594,1.9774701595306396,-21.654775619506836
1777554225910366,3.5096678733825684,-0.23378702998161316,-9.249380111694336,-106.78392791748047,3.1000635623931885,-23.274944305419922
1777554225920274,3.569336414337158,-0.1017790287733078,-10.285334587097168,-116.4500503540039,6.149494171142578,-22.468521118164062
1777554225930322,3.296387195587158,0.1387196183204651,-10.334596633911133,-113.2103271484375,8.736946105957031,-19.954071044921875
1777554225940350,2.674708843231201,0.254357248544693,-9.540769577026367,-99.77580261230469,10.069095611572266,-14.958917617797852
1777554225950349,2.471956729888916,0.19833365082740784,-8.625012397766113,-89.33320617675781,9.685959815979004,-14.911705017089844
1777554225960317,2.3796088695526123,-0.05006914585828781,-8.18751335144043,-84.28983306884766,8.28538703918457,-14.80929946899414
1777554225970276,2.445878028869629,-0.48683494329452515,-8.30727767944336,-89.16839599609375,5.971941947937012,-15.09556770324707
1777554225980305,2.3684632778167725,-0.37065038084983826,-8.612889289855957,-91.64863586425781,7.2958269119262695,-13.821632385253906
1777554225990341,2.1816329956054688,-0.11142916977405548,-8.530145645141602,-87.77288818359375,11.610288619995117,-12.817754745483398
1777554226000326,2.000404119491577,-0.13113316893577576,-8.27660846710205,-81.57258605957031,14.609610557556152,-12.679010391235352
1777554226010325,2.352140188217163,-0.5344712734222412,-8.415055274963379,-85.84492492675781,13.868061065673828,-16.829166412353516
1777554226020296,2.7463231086730957,-0.8631812930107117,-9.155858993530273,-96.22793579101562,16.528911590576172,-20.99822235107422
1777554226030330,3.2837412357330322,-0.8810184597969055,-10.17928695678711,-108.90201568603516,20.569116592407227,-25.79155731201172
1777554226040269,2.950509548187256,-0.5205201506614685,-10.5692138671875,-107.36661529541016,26.864835739135742,-22.96282196044922
1777554226050367,2.0695860385894775,-0.02801167033612728,-9.483321189880371,-89.07148742675781,29.531747817993164,-15.915310859680176
1777554226060322,1.9205057621002197,-0.33286818861961365,-8.6643705368042,-81.7093276977539,26.575946807861328,-16.34380531311035
1777554226070322,1.9468082189559937,-0.4911060333251953,-8.63273811340332,-81.20999908447266,27.494033813476562,-17.460554122924805
1777554226080367,1.9238150119781494,-0.5790922045707703,-8.724028587341309,-82.65328216552734,29.201936721801758,-17.933815002441406
1777554226090336,1.7384670972824097,-0.3334709405899048,-8.68496322631836,-79.4759750366211,31.674827575683594,-16.6065673828125
1777554226100367,1.6335378885269165,-0.270139217376709,-8.34538745880127,-75.46388244628906,31.58188819885254,-16.32199478149414
1777554226110321,1.7555334568023682,-0.4637988209724426,-8.487104415893555,-78.67298889160156,32.561763763427734,-17.732133865356445
1777554226120275,1.5166350603103638,-0.38319525122642517,-8.640897750854492,-79.34207916259766,33.97138977050781,-15.628593444824219
1777554226130292,1.0760645866394043,0.11444055289030075,-8.185628890991211,-70.90338134765625,34.40191650390625,-10.982515335083008
1777554226140316,1.0013177394866943,0.07661955803632736,-7.724121570587158,-65.53034973144531,33.11213684082031,-11.047101974487305
1777554226150336,1.2967172861099243,-0.32122984528541565,-7.735358715057373,-68.96429443359375,31.953754425048828,-14.410341262817383
1777554226160345,1.324672818183899,-0.5192619562149048,-8.240609169006348,-75.68365478515625,33.704158782958984,-15.029720306396484
1777554226170321,1.4617950916290283,-0.44058752059936523,-8.998698234558105,-83.18464660644531,38.10376739501953,-15.982460975646973
1777554226180299,1.491699457168579,-0.13548704981803894,-9.373552322387695,-85.97550964355469,41.224945068359375,-15.426332473754883
1777554226190331,1.3420952558517456,0.008806858211755753,-9.395496368408203,-84.9633560180664,41.80264663696289,-13.516510009765625
1777554226200353,1.2051962614059448,0.14944061636924744,-9.183266639709473,-80.84839630126953,42.57188415527344,-12.72802734375
1777554226210358,1.171678900718689,0.06550335884094238,-8.993967056274414,-78.3590316772461,41.411231994628906,-12.987493515014648
1777554226220305,1.3077584505081177,-0.2958835959434509,-9.12109088897705,-80.99041748046875,41.236183166503906,-15.35093879699707
1777554226230330,1.400702714920044,-0.4661545157432556,-9.403075218200684,-84.9181900024414,42.20607376098633,-16.33411979675293
1777554226240311,1.2516251802444458,-0.44485020637512207,-9.666959762573242,-86.7759780883789,44.36231231689453,-15.377264022827148
1777554226250351,1.1940743923187256,-0.46875038743019104,-9.848518371582031,-88.28306579589844,45.25487518310547,-15.085465431213379
1777554226260336,1.2520480155944824,-0.49643078446388245,-10.14189624786377,-90.77171325683594,47.966941833496094,-16.13904571533203
1777554226270343,1.3712059259414673,-0.714142918586731,-10.58890438079834,-94.98281860351562,50.23051452636719,-18.083799362182617
1777554226280278,1.3794019222259521,-0.7547887563705444,-10.947639465332031,-97.67174530029297,52.35742950439453,-18.656856536865234
1777554226290324,1.3425341844558716,-0.6465885043144226,-11.013383865356445,-98.0107192993164,53.69452667236328,-18.296682357788086
1777554226300362,1.3647712469100952,-0.634850263595581,-11.013721466064453,-98.12727355957031,53.56398010253906,-18.55051040649414
1777554226310391,1.4784507751464844,-0.8811420798301697,-11.30316162109375,-103.21697998046875,54.155311584472656,-20.009906768798828
1777554226320403,1.6069276332855225,-0.9943238496780396,-12.0093994140625,-111.22322845458984,57.248573303222656,-21.42286491394043
1777554226330362,1.5957039594650269,-0.9155409336090088,-12.728673934936523,-116.70160675048828,62.12294006347656,-21.276464462280273
1777554226340336,1.378831148147583,-0.7104006409645081,-12.854497909545898,-115.285888671875,64.16740417480469,-19.095497131347656
1777554226350365,1.1296052932739258,-0.5777825713157654,-12.424245834350586,-109.26850891113281,62.66667938232422,-17.21538543701172
1777554226360333,1.0580997467041016,-0.7092326283454895,-11.93798542022705,-105.10160827636719,59.82948303222656,-16.54986572265625
1777554226370380,1.0025575160980225,-1.0368413925170898,-11.927343368530273,-106.93618774414062,58.180728912353516,-17.01663589477539
1777554226380307,0.8995393514633179,-0.9897305965423584,-12.172216415405273,-108.66708374023438,59.29618835449219,-15.700833320617676
1777554226390354,0.6175187826156616,-0.6994328498840332,-11.918462753295898,-105.34869384765625,58.68108367919922,-12.134467124938965
1777554226400364,0.4162571430206299,-0.5691556334495544,-11.554805755615234,-101.01567077636719,56.476318359375,-9.471248626708984
1777554226410367,0.4613347053527832,-0.7997597455978394,-11.523802757263184,-102.06304168701172,55.190582275390625,-10.329812049865723
1777554226420299,0.4841505289077759,-0.9886605143547058,-11.818487167358398,-106.2791976928711,56.09449768066406,-10.99699592590332
1777554226430243,0.4227111339569092,-1.0168787240982056,-12.262697219848633,-110.37126922607422,58.1190185546875,-10.326144218444824
1777554226440309,0.401150107383728,-0.8829828500747681,-12.521190643310547,-111.70565795898438,59.96095657348633,-10.057504653930664
1777554226450354,0.4003716707229614,-0.9595924615859985,-12.655448913574219,-113.86878967285156,59.937095642089844,-9.918256759643555
1777554226460319,0.28452038764953613,-0.9579988121986389,-12.820043563842773,-115.15731048583984,59.98985290527344,-8.712273597717285
1777554226470382,0.15466439723968506,-0.6641386151313782,-12.667736053466797,-111.88107299804688,60.26661682128906,-6.597251892089844
1777554226480324,0.17611825466156006,-0.5861923694610596,-12.274227142333984,-108.8603515625,57.95553207397461,-6.113156318664551
1777554226490429,0.33825743198394775,-0.901338517665863,-12.329916000366211,-113.67758178710938,55.65504837036133,-7.264078140258789
1777554226500356,0.39709901809692383,-1.1380577087402344,-13.263875961303711,-124.24581909179688,58.790748596191406,-7.948383331298828
1777554226510386,0.24242115020751953,-0.8225793838500977,-13.9613676071167,-127.24398803710938,64.13015747070312,-6.478994369506836
1777554226520319,0.07062864303588867,-0.5486659407615662,-13.59247875213623,-123.06526184082031,62.672630310058594,-3.9472036361694336
1777554226530351,-0.09693419933319092,-0.1437494307756424,-12.876243591308594,-113.62957763671875,60.29024124145508,-1.3857450485229492
1777554226540279,-0.021267294883728027,-0.5196725726127625,-12.30108642578125,-113.10113525390625,54.75006103515625,-2.0444440841674805
1777554226550333,-0.1302962303161621,-0.8652387261390686,-12.847177505493164,-120.843017578125,55.77739334106445,-1.210587501525879
1777554226560340,-0.37836480140686035,-0.6769959926605225,-13.48629093170166,-124.43150329589844,59.73172378540039,1.1374988555908203
1777554226570306,-0.6244077682495117,-0.016571834683418274,-13.159599304199219,-115.50833129882812,61.657875061035156,4.356716156005859
1777554226580407,-0.700533390045166,0.3225885331630707,-11.858390808105469,-102.09638977050781,56.512847900390625,5.855069160461426
1777554226590327,-0.5280919075012207,-0.4378252327442169,-11.359207153320312,-106.4333724975586,49.59661102294922,3.343351364135742
1777554226600336,-0.5449323654174805,-0.8776001334190369,-12.76880931854248,-123.91748046875,53.93547821044922,3.492002487182617
1777554226610294,-1.023573637008667,0.11206386983394623,-13.809475898742676,-121.03234100341797,65.92655181884766,8.142074584960938
1777554226620285,-1.0843210220336914,0.6137313842773438,-12.331941604614258,-102.61438751220703,61.54841995239258,9.098565101623535
1777554226630278,-0.7896876335144043,-0.3291151225566864,-11.226320266723633,-102.9732666015625,51.747833251953125,4.877523422241211
1777554226640286,-0.8533914089202881,-0.7998865246772766,-12.353145599365234,-117.83800506591797,55.3665885925293,4.755352020263672
1777554226650327,-1.4857378005981445,0.3262457847595215,-13.189229011535645,-114.13290405273438,66.1077651977539,11.838407516479492
1777554226660330,-1.5388524532318115,0.9642241597175598,-11.999380111694336,-98.2632827758789,63.914695739746094,13.117714881896973
1777554226670289,-1.137587308883667,-0.04619763791561127,-11.30920124053955,-102.58622741699219,56.603431701660156,7.505704879760742
1777554226680273,-1.3681976795196533,-0.059452418237924576,-12.434861183166504,-117.13533020019531,63.18377685546875,10.187969207763672
1777554226690330,-2.10056209564209,1.6345841884613037,-13.199278831481934,-108.19636535644531,74.62738800048828,19.76226806640625
1777554226700350,-1.8744324445724487,1.5533310174942017,-11.762479782104492,-96.18800354003906,65.99556732177734,17.85881996154785
1777554226710319,-1.589760422706604,0.7642667293548584,-11.30099868774414,-100.31233215332031,61.168373107910156,13.736507415771484
1777554226720282,-1.9180247783660889,1.0557113885879517,-11.926586151123047,-103.48595428466797,65.93389892578125,17.223636627197266
1777554226730271,-2.0424342155456543,1.1005266904830933,-12.262505531311035,-106.22918701171875,68.38017272949219,18.29912567138672
1777554226740298,-2.133208990097046,1.513466715812683,-12.372771263122559,-106.03838348388672,70.69136047363281,20.72063446044922
1777554226750309,-2.222325325012207,1.8270800113677979,-12.201951026916504,-102.4398193359375,70.97005462646484,22.333112716674805
1777554226760328,-2.1981778144836426,1.9135323762893677,-11.823551177978516,-97.20726013183594,69.77394104003906,22.09146499633789
1777554226770281,-2.0624747276306152,1.4801470041275024,-11.562665939331055,-98.3739242553711,67.72032928466797,19.35141944885254
1777554226780321,-2.186472177505493,2.0890233516693115,-11.606904983520508,-93.79507446289062,70.72247314453125,22.0557804107666
1777554226790291,-1.936639428138733,1.8417818546295166,-11.15685749053955,-92.86544799804688,68.74393463134766,18.809093475341797
1777554226800315,-1.8095066547393799,1.0931340456008911,-11.892892837524414,-107.40973663330078,73.89273071289062,15.110231399536133
1777554226810292,-2.4946188926696777,2.074719190597534,-13.788692474365234,-116.6546630859375,90.50093841552734,22.4945125579834
1777554226820313,-2.8974125385284424,3.3326985836029053,-14.117164611816406,-106.61113739013672,96.2717514038086,28.74599838256836
1777554226830290,-2.447725296020508,2.5871009826660156,-12.69958209991455,-98.93367004394531,86.35920715332031,22.604598999023438
1777554226840296,-2.358285903930664,2.3251559734344482,-12.197196006774902,-95.15437316894531,83.33817291259766,20.548500061035156
1777554226850294,-2.3525919914245605,2.274904727935791,-11.995424270629883,-92.2441177368164,82.57794189453125,20.134082794189453
1777554226860268,-2.3791651725769043,2.169084072113037,-11.88963508605957,-90.43475341796875,82.49060821533203,19.335792541503906
1777554226870300,-2.364215850830078,2.0608506202697754,-11.851896286010742,-89.96166229248047,83.1363296508789,18.132427215576172
1777554226880287,-2.400562286376953,2.2789769172668457,-11.728114128112793,-85.34730529785156,83.8079833984375,18.67282485961914
1777554226890272,-2.2952880859375,1.7504383325576782,-11.40063190460205,-85.68396759033203,81.43025970458984,15.470392227172852
1777554226900336,-2.3820009231567383,1.6186423301696777,-11.848249435424805,-89.79219055175781,86.91358184814453,14.861390113830566
1777554226910276,-2.608184814453125,2.2953484058380127,-12.391143798828125,-90.61952209472656,93.50190734863281,19.030118942260742
1777554226920341,-2.5971856117248535,2.241285562515259,-12.641918182373047,-93.194091796875,95.53641510009766,18.46407127380371
1777554226930301,-2.4904794692993164,2.198021650314331,-13.010729789733887,-100.95909881591797,99.0621566772461,18.719289779663086
1777554226940323,-2.8038573265075684,3.296372175216675,-13.841265678405762,-102.36933135986328,107.02977752685547,25.541744232177734
1777554226950345,-2.9801559448242188,3.693451404571533,-13.620691299438477,-94.881103515625,105.03765869140625,27.75417137145996
1777554226960282,-2.774184226989746,3.003967523574829,-12.60836124420166,-88.65912628173828,96.046875,22.908935546875
1777554226970306,-2.448051929473877,2.7270617485046387,-11.872268676757812,-85.75969696044922,89.84251403808594,20.811012268066406
1777554226980331,-2.1762163639068604,2.2632148265838623,-11.875555038452148,-92.27507019042969,89.3420181274414,17.641332626342773
1777554226990331,-2.3880228996276855,2.6316728591918945,-12.895642280578613,-100.8057632446289,97.39885711669922,20.941255569458008
1777554227000273,-2.5475099086761475,3.4149727821350098,-13.484272956848145,-102.42900085449219,102.1617660522461,25.54608154296875
1777554227010265,-2.3714399337768555,3.7870371341705322,-13.212608337402344,-100.784912109375,99.69181823730469,27.091495513916016
1777554227020326,-2.139937162399292,3.860036611557007,-12.830724716186523,-99.27660369873047,95.93306732177734,26.671939849853516
1777554227030291,-1.9723594188690186,3.8280606269836426,-12.58708381652832,-99.02935791015625,93.40745544433594,25.64129638671875
1777554227040160,-1.748740792274475,3.8516674041748047,-12.455721855163574,-101.14617156982422,91.87062072753906,25.146629333496094
1777554227050235,-1.7196694612503052,3.9778640270233154,-12.719381332397461,-105.26700592041016,93.08006286621094,26.061031341552734
1777554227060197,-1.9693403244018555,4.563260555267334,-12.830873489379883,-99.8813247680664,93.86612701416016,30.00653076171875
1777554227070273,-1.8993948698043823,4.338481426239014,-11.882572174072266,-89.59820556640625,85.10767364501953,28.327836990356445
1777554227080256,-1.4884101152420044,3.263551712036133,-10.83459186553955,-89.28065490722656,75.19012451171875,21.477113723754883
1777554227090209,-1.0821629762649536,2.7343950271606445,-11.359390258789062,-105.73281860351562,77.5069580078125,18.11210823059082
1777554227100269,-1.1661410331726074,3.9942166805267334,-13.09743595123291,-121.45672607421875,90.82090759277344,24.99190902709961
1777554227110339,-1.5340712070465088,5.356194019317627,-14.1537446975708,-120.44357299804688,99.28589630126953,32.311912536621094
1777554227120288,-1.4086472988128662,5.028848171234131,-13.43648624420166,-113.91033935546875,92.62931060791016,29.779640197753906
1777554227130215,-0.8761812448501587,4.248144626617432,-12.690364837646484,-116.26130676269531,84.56582641601562,24.144489288330078
1777554227140199,-0.6290960311889648,4.243537902832031,-13.227334976196289,-127.44860076904297,87.01820373535156,23.25922966003418
1777554227150188,-0.7690244913101196,4.867400646209717,-14.31161880493164,-135.34994506835938,94.12665557861328,26.6321964263916
1777554227160205,-0.9945007562637329,5.526095867156982,-14.541542053222656,-132.14566040039062,95.36568450927734,30.803813934326172
1777554227170202,-0.9377754926681519,5.354405879974365,-13.735908508300781,-123.20033264160156,88.21231079101562,29.75839614868164
1777554227180139,-0.5853638648986816,4.6452484130859375,-12.858366012573242,-121.97808074951172,80.19131469726562,25.11366844177246
1777554227190190,-0.37427616119384766,4.495359897613525,-12.965892791748047,-127.67488861083984,79.59156799316406,23.658594131469727
1777554227200204,-0.37994563579559326,4.76064920425415,-13.520073890686035,-136.27154541015625,78.76679229736328,26.421754837036133
1777554227210198,-0.46800100803375244,5.339353084564209,-13.790787696838379,-134.90447998046875,83.74636840820312,28.430662155151367
1777554227220198,-0.39090585708618164,5.582148551940918,-13.545000076293945,-130.1836395263672,82.7619400024414,28.1317138671875
1777554227230302,-0.17307531833648682,5.335010051727295,-12.92070198059082,-124.15872955322266,77.7017822265625,25.1968936920166
1777554227240216,0.07345139980316162,5.02518367767334,-12.40102481842041,-121.1468276977539,73.37916564941406,22.130199432373047
1777554227250295,0.32606077194213867,4.867570400238037,-12.118988990783691,-121.5525894165039,70.83026885986328,19.979713439941406
1777554227260199,0.5577425956726074,4.858120441436768,-12.260405540466309,-125.53709411621094,70.85975646972656,18.35382080078125
1777554227270312,0.618973970413208,5.045188903808594,-12.617060661315918,-129.16806030273438,72.5516586303711,18.558334350585938
1777554227280165,0.6164400577545166,5.180903434753418,-12.867775917053223,-131.41502380371094,73.7576904296875,18.968334197998047
1777554227290210,0.43020033836364746,5.22882080078125,-12.905784606933594,-130.0811309814453,73.600341796875,20.687368392944336
1777554227300218,0.129988431930542,5.1041741371154785,-12.6416654586792,-124.25507354736328,71.62603759765625,22.21695327758789
1777554227310270,0.13680696487426758,4.809413433074951,-12.097783088684082,-118.10147857666016,67.62761688232422,20.727066040039062
1777554227320203,0.3054327964782715,4.472855567932129,-11.511701583862305,-115.15552520751953,63.401275634765625,18.104707717895508
1777554227330151,0.42680823802948,4.418118000030518,-11.329235076904297,-113.64822387695312,61.84507751464844,16.625202178955078
1777554227340218,0.47371864318847656,4.404794216156006,-11.1183500289917,-111.41495513916016,60.3317985534668,16.442352294921875
1777554227350212,0.4226689338684082,4.30937385559082,-10.907411575317383,-108.77239990234375,58.847862243652344,16.225770950317383
1777554227360229,0.3484537601470947,4.185147285461426,-10.629449844360352,-104.99967956542969,56.90019226074219,15.859326362609863
1777554227370210,0.25029826164245605,3.9974441528320312,-10.288329124450684,-99.15409851074219,55.043426513671875,15.38979721069336
1777554227380131,0.26357221603393555,3.7000834941864014,-9.69002628326416,-94.42205047607422,50.39466857910156,14.335309028625488
1777554227390147,0.31942760944366455,3.5903098583221436,-9.277970314025879,-90.76589965820312,47.91754150390625,13.419466972351074
1777554227400317,0.39424383640289307,3.4777610301971436,-9.012551307678223,-88.41999816894531,45.60419464111328,12.391303062438965
1777554227410261,0.5417858362197876,3.343414545059204,-8.866107940673828,-88.3504638671875,44.195396423339844,10.683635711669922
1777554227420225,0.6906014680862427,3.3606748580932617,-8.90649700164795,-89.91642761230469,43.76994323730469,9.441387176513672
1777554227430181,0.7284032106399536,3.431447982788086,-8.957802772521973,-89.94189453125,43.99565505981445,9.171320915222168
1777554227440232,0.6776336431503296,3.445930242538452,-8.821830749511719,-87.24126434326172,43.438079833984375,9.594622611999512
1777554227450231,0.6365187168121338,3.3561761379241943,-8.603214263916016,-83.22435760498047,42.17963409423828,9.008612632751465
1777554227460238,0.7886013984680176,3.1117334365844727,-8.28679370880127,-82.41661071777344,39.270118713378906,6.893482208251953
1777554227470271,1.0505919456481934,3.0419156551361084,-8.208084106445312,-84.94864654541016,37.81671905517578,5.009622573852539
1777554227480197,1.2859134674072266,3.169318199157715,-8.66107177734375,-91.17530822753906,39.64891052246094,4.200527191162109
1777554227490155,1.2389965057373047,3.387089252471924,-9.097015380859375,-94.94564056396484,42.1915168762207,5.098213195800781
1777554227500340,1.045440673828125,3.5456888675689697,-9.213563919067383,-92.5564193725586,43.89743423461914,6.665417671203613
1777554227510281,0.9076895713806152,3.4904675483703613,-8.926183700561523,-86.34477233886719,43.89836502075195,6.815788269042969
1777554227520227,0.8905712366104126,3.258181095123291,-8.22134780883789,-79.03369140625,41.178977966308594,5.72542667388916
1777554227530224,1.0198007822036743,2.9775378704071045,-7.748000144958496,-76.27605438232422,37.75358963012695,3.5038156509399414
1777554227540145,1.183692216873169,2.8580260276794434,-7.73243522644043,-77.86505126953125,37.02004623413086,1.9962482452392578
1777554227550167,1.4700992107391357,2.8080339431762695,-8.080597877502441,-85.16041564941406,37.71223068237305,0.17257213592529297
1777554227560148,1.715118646621704,3.027327299118042,-8.83973217010498,-94.79151916503906,41.48973083496094,-0.8125677108764648
1777554227570185,1.584571123123169,3.4791431427001953,-9.472746849060059,-96.23440551757812,47.391685485839844,0.9679603576660156
1777554227580195,1.1866223812103271,3.6233160495758057,-9.182019233703613,-85.97604370117188,48.639251708984375,3.3142881393432617
1777554227590144,0.9584095478057861,3.207038164138794,-8.12055778503418,-72.52410125732422,43.29318618774414,2.9604544639587402
1777554227600213,1.122477412223816,2.623875141143799,-7.173501014709473,-65.74663543701172,36.55858612060547,-0.6174030303955078
1777554227610217,1.5872706174850464,2.263791084289551,-7.043515682220459,-70.77179718017578,33.544715881347656,-5.043333053588867
1777554227620194,1.9527740478515625,2.4078691005706787,-7.7152228355407715,-80.69589233398438,36.2314453125,-7.48560905456543
1777554227630206,1.7118040323257446,2.806589126586914,-8.24858570098877,-81.68758392333984,39.93798828125,-4.064764976501465
1777554227640151,1.6663414239883423,2.8310585021972656,-8.169539451599121,-79.78308868408203,39.514427185058594,-3.746274948120117
1777554227650186,1.9149811267852783,2.69796085357666,-8.159256935119629,-81.92485046386719,38.658084869384766,-6.457706451416016
1777554227660175,2.20100736618042,2.656097650527954,-8.440930366516113,-87.6431655883789,38.6950798034668,-8.415706634521484
1777554227670197,2.602540969848633,2.7624595165252686,-9.03561019897461,-97.92356872558594,40.317874908447266,-11.24797534942627
1777554227680170,3.103804588317871,2.9507720470428467,-10.103265762329102,-112.21260833740234,43.35668182373047,-14.587883949279785
1777554227690185,3.3822903633117676,3.215357542037964,-11.225078582763672,-123.58740997314453,47.397972106933594,-16.051820755004883
1777554227700205,3.033609390258789,3.4926445484161377,-11.49545955657959,-119.97982025146484,49.76813888549805,-12.93385124206543
1777554227710203,2.0624630451202393,3.480924129486084,-10.272323608398438,-96.50630187988281,47.18819046020508,-6.348991394042969
1777554227720174,1.9038126468658447,2.6708767414093018,-8.417750358581543,-79.14290618896484,36.292076110839844,-7.914054870605469
1777554227730142,2.2217016220092773,2.009113311767578,-7.655704975128174,-76.25831604003906,28.765785217285156,-12.562708854675293
1777554227740169,3.0474605560302734,1.5902892351150513,-8.162149429321289,-90.52197265625,24.361812591552734,-19.437807083129883
1777554227750136,3.686856269836426,1.6558223962783813,-9.629619598388672,-110.57090759277344,25.665802001953125,-23.33349609375
1777554227760205,4.275061130523682,1.8074302673339844,-11.132280349731445,-130.25697326660156,27.545442581176758,-26.9360294342041
1777554227770233,3.7483463287353516,2.34938645362854,-11.601127624511719,-127.55941772460938,32.15068817138672,-21.470458984375
1777554227780156,2.5644049644470215,2.6487977504730225,-10.091486930847168,-99.79361724853516,32.586307525634766,-12.378242492675781
1777554227790153,2.314145803451538,2.017819881439209,-8.193252563476562,-82.14912414550781,24.537248611450195,-12.71804141998291
1777554227800121,2.890192985534668,1.4296265840530396,-8.003644943237305,-87.96622467041016,18.472000122070312,-18.473960876464844
1777554227810119,3.689006805419922,1.2535771131515503,-9.089919090270996,-106.65739440917969,16.535310745239258,-24.225439071655273
1777554227820154,3.945404529571533,1.4798234701156616,-10.347567558288574,-121.35716247558594,17.96364974975586,-24.434036254882812
1777554227830218,3.395604133605957,1.8970654010772705,-10.60464096069336,-117.32207489013672,21.02411651611328,-18.995519638061523
1777554227840129,-1.5274667739868164,3.4484121799468994,-5.721024513244629,-15.227160453796387,33.03232192993164,18.08815574645996
1777554227850163,-0.1292826533317566,0.5369876623153687,-1.5106741189956665,0.08020257949829102,-0.07210764288902283,-0.6480836272239685
1777554227860165,0.028766833245754242,0.38497960567474365,-1.3042659759521484,0.45400214195251465,-1.9084669351577759,-1.874190330505371
1777554227870233,0.7349179983139038,-0.49025338888168335,-2.194122314453125,-28.567142486572266,-12.400482177734375,-3.853663206100464
1777554227880176,3.92216420173645,0.2808922231197357,-6.77955961227417,-104.95460510253906,-9.733919143676758,-24.599693298339844
1777554227890089,1.6082637310028076,1.3077774047851562,-10.0429048538208,-124.16691589355469,6.512840747833252,3.4262008666992188
1777554227900157,-1.519901990890503,3.6634304523468018,-8.526033401489258,-58.64358139038086,32.339866638183594,27.68903350830078
1777554227910169,-1.0222868919372559,2.3409197330474854,-3.898134231567383,-6.064836025238037,20.16278076171875,11.848766326904297
1777554227920145,0.19392520189285278,0.24851979315280914,-1.4577281475067139,-2.963419198989868,-1.9428220987319946,-3.38753604888916
1777554227930136,1.6926369667053223,-1.7649967670440674,-4.431787014007568,-52.018836975097656,-6.103252410888672,-15.551979064941406
1777554227940101,0.45074546337127686,-0.5672551393508911,-5.677384376525879,-73.96408081054688,-9.496241569519043,6.147021293640137
1777554227950180,-1.0160503387451172,2.314073324203491,-6.592750072479248,-44.66160202026367,19.989315032958984,18.8360595703125
1777554227960128,-0.7619616985321045,1.8700737953186035,-3.355555295944214,-4.9868292808532715,15.439546585083008,8.752510070800781
1777554227970156,0.44874152541160583,0.18132048845291138,-1.7498546838760376,-7.535587787628174,-2.079314708709717,-5.403379440307617
1777554227980182,1.8912792205810547,-0.9744457602500916,-4.156562805175781,-47.96258544921875,-4.454391002655029,-16.17816925048828
1777554227990100,1.0720614194869995,-1.4598004817962646,-6.763394355773926,-82.52667236328125,-5.967947006225586,-1.7547054290771484
1777554228000111,0.8848849534988403,1.217071771621704,-8.331067085266113,-66.22605895996094,24.91122055053711,-1.977586269378662
1777554228010143,-0.00216086208820343,1.6267385482788086,-3.9761388301849365,-20.150833129882812,12.63791275024414,2.386343002319336
1777554228020143,-0.13575053215026855,0.7076491713523865,-2.1678993701934814,-7.4646830558776855,1.6647738218307495,1.5216567516326904
1777554228030089,0.31556493043899536,-0.3883207440376282,-2.679248332977295,-26.066810607910156,-7.160928249359131,-0.613239049911499
1777554228040089,0.6072266101837158,-0.5893425345420837,-4.997737884521484,-56.1130485534668,-5.490635871887207,0.6827030181884766
1777554228050158,2.050117015838623,1.4398043155670166,-6.74030065536499,-69.07308197021484,10.596031188964844,-11.128016471862793
1777554228060073,1.5826137065887451,1.5168418884277344,-6.476284027099609,-59.2739372253418,13.948430061340332,-8.105956077575684
1777554228070111,0.6559419631958008,0.7508094906806946,-5.68861722946167,-41.919647216796875,14.431424140930176,-3.1243362426757812
1777554228080131,0.15142720937728882,-0.06874381005764008,-4.139308452606201,-31.80829620361328,3.658440589904785,0.7812092304229736
1777554228090127,0.02623724937438965,0.17594169080257416,-3.6899728775024414,-29.825510025024414,0.4690117835998535,2.886101722717285
1777554228100083,0.2314581274986267,0.6049749851226807,-3.736598253250122,-35.08317184448242,-1.4840588569641113,3.395458698272705
1777554228110148,0.84066241979599,1.1028538942337036,-4.535226345062256,-46.41866683959961,1.4205354452133179,-0.529792308807373
1777554228120068,1.6135553121566772,1.2508833408355713,-5.940011024475098,-57.93514633178711,9.278623580932617,-8.17479419708252
1777554228130122,1.773392677307129,1.241882085800171,-5.918378829956055,-60.74077606201172,7.7075114250183105,-9.418205261230469
1777554228140116,1.2373119592666626,1.4038121700286865,-5.92280912399292,-53.74531555175781,11.61011028289795,-5.352768421173096
1777554228150125,0.19488054513931274,0.46146872639656067,-5.421327590942383,-42.572998046875,9.735296249389648,2.157038688659668
1777554228160132,-0.0822296142578125,0.4148479998111725,-4.083944320678711,-32.094852447509766,2.9926958084106445,4.831233024597168
1777554228170047,-0.006786465644836426,0.4143367111682892,-3.940401554107666,-32.46186065673828,1.3647631406784058,4.441529273986816
1777554228180060,0.3735143542289734,0.4246678948402405,-4.364370346069336,-40.57483673095703,0.9216201305389404,1.6610321998596191
1777554228190033,1.5790657997131348,0.6755378246307373,-5.729324817657471,-54.10226821899414,8.420963287353516,-10.017070770263672
1777554228200050,1.8432477712631226,0.5722253322601318,-5.995290756225586,-59.69746398925781,7.917055130004883,-12.076017379760742
1777554228210068,1.427435040473938,1.0213509798049927,-5.786849498748779,-54.28413009643555,9.211372375488281,-7.640707015991211
1777554228220029,0.4152211546897888,0.7876158952713013,-5.198114395141602,-43.171207427978516,7.952648162841797,1.0750064849853516
1777554228230083,-0.11106657981872559,0.5754190683364868,-4.325157165527344,-34.528812408447266,4.1727142333984375,5.539051532745361
1777554228240073,0.020051240921020508,0.5489919781684875,-4.106770992279053,-34.476036071777344,1.75935959815979,4.599677085876465
1777554228250101,0.47088897228240967,0.7055892944335938,-4.325594902038574,-43.13767623901367,-0.33929967880249023,2.223536491394043
1777554228260074,1.467850685119629,1.0921869277954102,-5.798103332519531,-54.68205261230469,8.888525009155273,-7.398677825927734
1777554228270081,1.6468629837036133,0.717348039150238,-6.172447204589844,-58.210418701171875,9.955347061157227,-9.975057601928711
1777554228280075,1.3265190124511719,0.7650630474090576,-5.805561065673828,-51.87617111206055,10.340572357177734,-7.54520845413208
1777554228290066,0.4735586643218994,0.37402772903442383,-5.1190104484558105,-41.887420654296875,7.364684104919434,-0.3634834289550781
1777554228300080,-0.0013232827186584473,0.42838847637176514,-4.184351921081543,-34.690608978271484,2.203169584274292,4.350350379943848
1777554228310061,0.03529155254364014,0.41971591114997864,-4.309329509735107,-36.532615661621094,2.0682950019836426,4.534268379211426
1777554228320030,0.3486735224723816,0.4876290559768677,-4.588822841644287,-43.14863586425781,1.2678556442260742,2.7353878021240234
1777554228330030,1.3981523513793945,1.0976260900497437,-5.4489569664001465,-52.0634765625,7.507379055023193,-7.208754539489746
1777554228340021,1.54010009765625,0.9296263456344604,-5.756432056427002,-55.45979309082031,8.448712348937988,-8.432560920715332
1777554228350020,1.3353155851364136,0.9801990985870361,-5.6294121742248535,-52.60542678833008,8.98840045928955,-6.747440814971924
1777554228360024,0.5305403470993042,0.5915830135345459,-5.304891586303711,-45.24773406982422,7.679449558258057,-0.13464593887329102
1777554228370031,-0.02702021598815918,0.4780621826648712,-4.548081874847412,-37.67747497558594,3.5489706993103027,5.0490899085998535
1777554228380026,-0.0044296979904174805,0.4233490228652954,-4.484028339385986,-36.269309997558594,3.984349012374878,4.592613220214844
1777554228390035,0.3057025671005249,0.2773321568965912,-4.586805820465088,-40.98459243774414,2.478935718536377,1.861069679260254
1777554228400032,1.3045220375061035,0.7806271910667419,-5.209526538848877,-49.30377197265625,6.643209934234619,-7.2283782958984375
1777554228410057,1.5374222993850708,0.6955939531326294,-5.678033351898193,-54.90575408935547,7.537232398986816,-9.333538055419922
1777554228420087,1.3634655475616455,0.8946655988693237,-5.641232967376709,-53.28968811035156,8.113309860229492,-7.020817756652832
1777554228430075,0.6732839345932007,0.8379619717597961,-5.2514238357543945,-46.242828369140625,7.382274627685547,-0.9232516288757324
1777554228440071,0.020114123821258545,0.6244695782661438,-4.632070541381836,-39.04307174682617,4.228899002075195,5.128210067749023
1777554228450080,0.03638345003128052,0.6671953201293945,-4.426136016845703,-37.37853240966797,3.0442025661468506,5.021119594573975
1777554228460087,0.2816762924194336,0.5187013149261475,-4.6753764152526855,-41.989036560058594,2.8582005500793457,2.745659351348877
1777554228470088,1.1692354679107666,0.7448111772537231,-5.426319122314453,-49.37322235107422,7.785621643066406,-5.924315452575684
1777554228480100,1.447923183441162,0.5908171534538269,-5.647411823272705,-52.655242919921875,7.893200874328613,-8.708954811096191
1777554228490117,1.3330376148223877,0.683768630027771,-5.5357866287231445,-51.221378326416016,8.279802322387695,-7.464066505432129
1777554228500093,0.6915063261985779,0.5850300192832947,-5.1407151222229,-45.30590057373047,6.200048446655273,-1.216536045074463
1777554228510063,0.06032383441925049,0.5357391834259033,-4.617894649505615,-39.675689697265625,3.4214324951171875,4.844277381896973
1777554228520051,0.054457008838653564,0.6122574806213379,-4.572474479675293,-38.54314422607422,3.9476418495178223,4.766633033752441
1777554228530050,0.3050607442855835,0.5769438743591309,-4.601037979125977,-41.7740364074707,2.9248456954956055,2.4873714447021484
1777554228540011,1.1723995208740234,0.9299417734146118,-5.197165489196777,-48.8550910949707,6.780564785003662,-5.371054649353027
1777554228550004,1.4046273231506348,0.8008071184158325,-5.57426643371582,-53.402950286865234,7.387808799743652,-7.698391914367676
1777554228560029,1.2376629114151,0.8019665479660034,-5.648713111877441,-52.312355041503906,8.536833763122559,-6.2351155281066895
1777554228570004,0.67533940076828,0.6103954911231995,-5.339742660522461,-46.0389404296875,7.751282691955566,-1.51851224899292
1777554228580011,0.09791439771652222,0.4206525683403015,-4.650700569152832,-39.672088623046875,4.130734920501709,3.804657459259033
1777554228590012,0.08719360828399658,0.4396750032901764,-4.574202537536621,-38.15288162231445,4.091514587402344,3.8940157890319824
1777554228600010,0.36975687742233276,0.43041789531707764,-4.669595718383789,-41.64435958862305,2.850205898284912,1.4643926620483398
1777554228609998,1.1090030670166016,0.767059862613678,-5.17111873626709,-48.46304702758789,6.363287925720215,-5.054885387420654
1777554228620014,1.3190882205963135,0.7345592975616455,-5.541934967041016,-52.502769470214844,7.317127704620361,-7.010690689086914
1777554228630064,1.2518939971923828,0.932316780090332,-5.453539848327637,-51.114070892333984,7.347768783569336,-6.110706329345703
1777554228639997,0.6867438554763794,0.8251746296882629,-5.215555191040039,-46.32218933105469,7.027795791625977,-1.110081672668457
1777554228650042,0.10467952489852905,0.6004152297973633,-4.784958839416504,-41.12479019165039,4.167001247406006,4.397927284240723
1777554228659995,0.12637728452682495,0.5894498229026794,-4.7163896560668945,-39.75054931640625,4.415163993835449,4.006298542022705
1777554228670052,0.36693352460861206,0.4690902531147003,-4.856917858123779,-42.11532211303711,4.6576948165893555,1.5425472259521484
1777554228680107,1.1066404581069946,0.6173675060272217,-5.248398303985596,-47.48652648925781,6.743404388427734,-5.441782474517822
1777554228690076,1.3266141414642334,0.6214615702629089,-5.385499477386475,-51.08455276489258,6.666604518890381,-7.491448402404785
1777554228700050,1.1965157985687256,0.7240564823150635,-5.478083610534668,-50.8054084777832,7.437565803527832,-5.793948650360107
1777554228710046,0.6155858635902405,0.6721486449241638,-5.097806930541992,-46.031578063964844,5.343595504760742,-0.1517171859741211
1777554228720002,0.10981404781341553,0.6586694717407227,-4.811034202575684,-40.92241668701172,4.739911079406738,4.289535999298096
1777554228730002,0.14885228872299194,0.6399111747741699,-4.618817329406738,-39.65119934082031,4.187018871307373,3.843806266784668
1777554228740003,0.45464760065078735,0.628713071346283,-4.733007907867432,-43.17428207397461,3.5271573066711426,1.5342130661010742
1777554228750005,1.0619369745254517,0.786750853061676,-5.311896800994873,-48.85707092285156,7.227071285247803,-4.32397985458374
1777554228760004,1.2336816787719727,0.6980606317520142,-5.507615566253662,-51.51844024658203,7.486390113830566,-6.193217754364014
1777554228770037,1.056934118270874,0.6700217723846436,-5.492612838745117,-49.469600677490234,8.289273262023926,-4.878057479858398
1777554228779998,0.6052496433258057,0.5353623032569885,-5.060617923736572,-44.5457649230957,6.198210716247559,-1.4239869117736816
1777554228790001,0.21569806337356567,0.4908950626850128,-4.668501377105713,-40.96111297607422,3.8487744331359863,2.9469237327575684
1777554228799995,0.2156301736831665,0.5060606598854065,-4.7744317054748535,-41.239952087402344,4.030425071716309,2.9476518630981445
1777554228809992,0.5181108117103577,0.6114105582237244,-4.860987663269043,-44.11841583251953,4.244015216827393,0.5592327117919922
1777554228819994,1.0460079908370972,0.7853712439537048,-5.253701210021973,-48.54597854614258,6.923224449157715,-4.482586860656738
1777554228830032,1.2076928615570068,0.8000589609146118,-5.364657402038574,-50.606327056884766,6.822630882263184,-5.7603044509887695
1777554228839995,1.056572437286377,0.8667391538619995,-5.368973731994629,-49.40990447998047,7.065301895141602,-4.191244125366211
1777554228849995,0.5101122856140137,0.6712779402732849,-5.185892105102539,-45.481895446777344,6.1317877769470215,0.6329302787780762
1777554228859992,0.1940382719039917,0.5833250880241394,-4.8091206550598145,-41.255069732666016,4.808559417724609,3.3790011405944824
1777554228870039,0.255115807056427,0.4867701232433319,-4.826480865478516,-40.71501922607422,4.787198066711426,2.584372043609619
1777554228879992,0.6343657374382019,0.49757885932922363,-4.911720275878906,-43.60972213745117,4.652978897094727,-1.2298498153686523
1777554228889992,1.076245903968811,0.5969882011413574,-5.242712020874023,-48.680606842041016,6.085334777832031,-5.012228012084961
1777554228899991,1.2076654434204102,0.7090968489646912,-5.413158416748047,-50.84471130371094,6.69880485534668,-5.849316120147705
1777554228909991,0.9459977149963379,0.808889627456665,-5.318100929260254,-48.6131706237793,6.772301197052002,-3.1842408180236816
1777554228919949,0.46103888750076294,0.7018868327140808,-5.038346290588379,-44.315155029296875,5.736059188842773,1.111647605895996
1777554228929984,0.2465481162071228,0.6720224022865295,-4.76234769821167,-41.34275436401367,4.2269368171691895,3.1990976333618164
1777554228939990,0.2960367202758789,0.6089797019958496,-4.813111305236816,-42.392520904541016,4.345127105712891,2.4865918159484863
1777554228949953,0.653743326663971,0.6221756935119629,-5.061546325683594,-45.926719665527344,5.382439136505127,-0.6452016830444336
1777554228959945,1.0145947933197021,0.683471143245697,-5.387808799743652,-49.00375747680664,7.448150157928467,-4.486833572387695
1777554228969953,1.078584909439087,0.6422386765480042,-5.408820629119873,-49.20040512084961,7.341706275939941,-5.339277267456055
1777554228979953,0.8691897392272949,0.6196994781494141,-5.211018085479736,-46.91312789916992,6.619689464569092,-3.2571916580200195
1777554228989962,0.4810972809791565,0.5810421109199524,-4.914411544799805,-43.795501708984375,4.975391387939453,0.5655574798583984
1777554228999951,0.2689875364303589,0.5918998718261719,-4.788378715515137,-41.92719268798828,4.284316062927246,2.9123082160949707
1777554229009951,0.32140934467315674,0.5637028217315674,-4.86863374710083,-43.08140182495117,4.494683742523193,2.325747013092041
1777554229019951,0.7697381377220154,0.7506232261657715,-5.012609958648682,-45.772682189941406,5.647511959075928,-1.8715465068817139
1777554229029995,1.0234715938568115,0.7612860202789307,-5.289588451385498,-49.25566101074219,6.562610149383545,-4.336855888366699
1777554229039950,1.088567852973938,0.8050587177276611,-5.4029998779296875,-50.063194274902344,6.812699317932129,-4.469179153442383
1777554229049984,0.7991939783096313,0.7446904182434082,-5.322993278503418,-47.559959411621094,7.088043212890625,-1.9248013496398926
1777554229059942,0.3993852138519287,0.5623770356178284,-5.003098011016846,-43.48345184326172,5.604389667510986,1.4497332572937012
1777554229069997,0.3168509602546692,0.5233100056648254,-4.814757347106934,-41.40130615234375,4.678685188293457,2.062380313873291
1777554229080001,0.4885485768318176,0.48451608419418335,-4.878880977630615,-42.959476470947266,4.668954372406006,0.19756793975830078
1777554229089955,0.8192692995071411,0.6048722267150879,-5.022784233093262,-46.565608978271484,4.9575395584106445,-2.288778066635132
1777554229099990,1.0734732151031494,0.7606193423271179,-5.361237049102783,-49.436798095703125,6.749582290649414,-4.54164981842041
1777554229109992,1.0204553604125977,0.7753980159759521,-5.325724124908447,-49.01777648925781,6.86651086807251,-3.7840280532836914
1777554229119950,0.6899785399436951,0.7538439631462097,-5.150120735168457,-46.157596588134766,5.979430675506592,-1.0491814613342285
1777554229129952,0.41562801599502563,0.6792352199554443,-4.9669671058654785,-43.45029830932617,5.375784873962402,1.620987892150879
1777554229139948,0.3088521957397461,0.5933492183685303,-4.872786998748779,-42.86346435546875,4.129007816314697,2.4891695976257324
1777554229149956,0.4795427918434143,0.5799255967140198,-5.030468463897705,-44.56411361694336,5.475689888000488,0.8789458274841309
1777554229159947,0.8443115949630737,0.6186360716819763,-5.216731548309326,-46.716392517089844,6.579829692840576,-3.0385780334472656
1777554229169953,1.0288524627685547,0.605642557144165,-5.296809196472168,-48.57637405395508,6.882883071899414,-4.753416061401367
1777554229179952,0.9948052167892456,0.6516634225845337,-5.28901481628418,-48.326904296875,6.7645263671875,-4.255025863647461
1777554229189949,0.6743994951248169,0.6332253813743591,-5.091750144958496,-45.96593475341797,5.6803388595581055,-1.0832605361938477
1777554229199954,0.37273532152175903,0.6198299527168274,-4.925741195678711,-43.66508102416992,4.987046241760254,1.8942375183105469
1777554229209943,0.36064696311950684,0.6453050374984741,-4.864264011383057,-42.76948547363281,4.94981575012207,1.9349045753479004
1777554229219949,0.579591691493988,0.6443474888801575,-4.968184471130371,-44.61991500854492,5.003426551818848,0.08648681640625
1777554229229953,0.8939314484596252,0.7204352617263794,-5.177880764007568,-47.877037048339844,5.7704949378967285,-2.9270553588867188
1777554229239943,1.0146911144256592,0.7501551508903503,-5.390480041503906,-49.37236022949219,6.8792548179626465,-4.100872039794922
1777554229249952,0.8547525405883789,0.6931606531143188,-5.341432571411133,-48.01994705200195,6.981498718261719,-2.7549760341644287
1777554229259947,0.6209865808486938,0.6292979121208191,-5.10936164855957,-44.9358024597168,6.122109413146973,-0.6164917945861816
1777554229269953,0.4372820258140564,0.5070785284042358,-4.925301551818848,-42.9014778137207,4.894105911254883,1.2251558303833008
1777554229279943,0.42335695028305054,0.4966127872467041,-4.867181301116943,-43.3271484375,4.154036521911621,1.3885951042175293
1777554229289949,0.6416971683502197,0.6540873050689697,-5.049777030944824,-45.711463928222656,5.429567337036133,-0.8382067680358887
1777554229299953,0.9029263257980347,0.6844140291213989,-5.251241207122803,-48.108585357666016,6.0807952880859375,-2.8530397415161133
1777554229309989,0.982237696647644,0.7769081592559814,-5.268911361694336,-48.63641357421875,6.449512958526611,-3.6481313705444336
1777554229319950,0.8481892943382263,0.7591018080711365,-5.25213623046875,-47.39111328125,6.7186689376831055,-2.305483102798462
1777554229329919,0.5549819469451904,0.6719648241996765,-5.009552955627441,-45.19495391845703,5.199833869934082,0.2576255798339844
1777554229339951,0.39710378646850586,0.6388972997665405,-4.996314525604248,-43.74320983886719,5.193519115447998,1.8025083541870117
1777554229349911,0.4473089575767517,0.5608801245689392,-4.971456527709961,-43.82105255126953,5.456233501434326,1.0670409202575684
1777554229359947,0.6932482123374939,0.5455114841461182,-5.080649375915527,-45.584442138671875,5.359081268310547,-1.2949109077453613
1777554229369913,0.9413530826568604,0.616296648979187,-5.255503177642822,-47.76527404785156,6.523581027984619,-3.694632053375244
1777554229379934,0.9905921220779419,0.6599452495574951,-5.242031574249268,-48.51631164550781,6.201626300811768,-3.9349799156188965
1777554229389939,0.7482860684394836,0.6874945163726807,-5.188785552978516,-47.28147888183594,6.144333362579346,-1.679570198059082
1777554229399944,0.539039134979248,0.7016249895095825,-5.057638168334961,-44.547401428222656,5.889858245849609,0.2075824737548828
1777554229409918,0.4079210162162781,0.6194106340408325,-4.921820640563965,-43.379859924316406,4.769965648651123,1.648409366607666
1777554229419921,0.48434144258499146,0.6404103636741638,-4.975897789001465,-44.53917694091797,4.766969203948975,0.9858484268188477
