Timestamp,Fx,Fy,Fz,Mx,My,Mz
1777555008107996,0.37512093782424927,0.9125341176986694,-4.610533714294434,-30.65813636779785,12.686790466308594,-2.3665308952331543
1777555008117130,0.560610294342041,0.36607345938682556,-3.67677903175354,-22.671905517578125,-11.75905990600586,-4.644885063171387
1777555008127125,0.5548723936080933,0.34009724855422974,-3.649343967437744,-22.732166290283203,-11.898144721984863,-4.672570705413818
1777555008137235,0.5601001977920532,0.35175821185112,-3.6904728412628174,-22.797832489013672,-11.900309562683105,-4.645634651184082
1777555008147229,0.5600451231002808,0.35402151942253113,-3.6587941646575928,-22.642248153686523,-11.977436065673828,-4.7260565757751465
1777555008157273,0.5578278303146362,0.3570084869861603,-3.6341497898101807,-22.814762115478516,-11.837575912475586,-4.731695175170898
1777555008167142,0.5569354295730591,0.36034026741981506,-3.631821870803833,-22.702287673950195,-11.753704071044922,-4.605807304382324
1777555008177131,0.568711519241333,0.36062759160995483,-3.6710684299468994,-22.724002838134766,-11.709952354431152,-4.5772929191589355
1777555008187181,0.5452399253845215,0.3644945025444031,-3.659597158432007,-22.780467987060547,-12.11552619934082,-4.654698371887207
1777555008197185,0.5685056447982788,0.3793398141860962,-3.6896352767944336,-22.56685447692871,-11.859091758728027,-4.632506370544434
1777555008207154,0.5609467029571533,0.364030122756958,-3.659522533416748,-22.671964645385742,-11.839418411254883,-4.679522514343262
1777555008217193,0.5682114362716675,0.3700089752674103,-3.6781158447265625,-22.744312286376953,-11.95494556427002,-4.627367973327637
1777555008227209,0.5498299598693848,0.3529428541660309,-3.6905646324157715,-22.94171905517578,-11.952277183532715,-4.465939521789551
1777555008237200,0.5458107590675354,0.3758043646812439,-3.649991750717163,-22.609033584594727,-11.859657287597656,-4.715765476226807
1777555008247204,0.5450356006622314,0.3575192987918854,-3.678924798965454,-22.57915687561035,-11.825838088989258,-4.594672203063965
1777555008257180,0.5413455367088318,0.35445308685302734,-3.6517162322998047,-22.631380081176758,-11.845410346984863,-4.654520034790039
1777555008267110,0.565636396408081,0.35802799463272095,-3.6505489349365234,-22.805187225341797,-12.037043571472168,-4.6594038009643555
1777555008277164,0.5543224811553955,0.3499193787574768,-3.6703920364379883,-22.961503982543945,-11.938265800476074,-4.739004135131836
1777555008287281,0.5712994933128357,0.3736851215362549,-3.6793270111083984,-22.789470672607422,-11.822982788085938,-4.781586170196533
1777555008297216,0.5577763915061951,0.35759902000427246,-3.636615753173828,-22.620826721191406,-11.81961441040039,-4.60695743560791
1777555008307241,0.5568708777427673,0.34972241520881653,-3.640454053878784,-22.72173309326172,-11.871716499328613,-4.663506507873535
1777555008317263,0.5470890998840332,0.3387187421321869,-3.640624761581421,-22.89653205871582,-11.691014289855957,-4.683300971984863
1777555008327272,0.5637218952178955,0.3660699427127838,-3.674502372741699,-22.605684280395508,-11.960330963134766,-4.532444953918457
1777555008337185,0.5682951211929321,0.362930029630661,-3.648749351501465,-22.861412048339844,-11.970490455627441,-4.599413871765137
1777555008347258,0.5567615628242493,0.3493916988372803,-3.6510720252990723,-22.79706382751465,-11.64284610748291,-4.800468444824219
1777555008357169,0.5513691902160645,0.3568405210971832,-3.646294355392456,-22.83038330078125,-11.975781440734863,-4.657592296600342
1777555008367226,0.5628345012664795,0.367236465215683,-3.6734063625335693,-22.694461822509766,-11.919456481933594,-4.706746578216553
1777555008377143,0.569464385509491,0.3690403401851654,-3.6665329933166504,-22.51389503479004,-11.913874626159668,-4.567233562469482
1777555008387303,0.5515170693397522,0.3574697971343994,-3.6512105464935303,-22.693897247314453,-11.877877235412598,-4.565749168395996
1777555008397156,0.5647554993629456,0.3565449118614197,-3.6769917011260986,-22.72304916381836,-11.900355339050293,-4.652031898498535
1777555008407215,0.5519405603408813,0.3623349964618683,-3.6580848693847656,-22.794288635253906,-11.839031219482422,-4.748563766479492
1777555008417254,0.5598419904708862,0.3648131489753723,-3.655029773712158,-22.786266326904297,-11.933135986328125,-4.634298324584961
1777555008427202,0.5427926778793335,0.3558926284313202,-3.6615149974823,-22.677921295166016,-11.704520225524902,-4.718903541564941
1777555008437194,0.5453855395317078,0.35188722610473633,-3.6424033641815186,-22.655433654785156,-11.915679931640625,-4.693785190582275
1777555008447185,0.5618869066238403,0.35285484790802,-3.6255245208740234,-22.839120864868164,-11.815149307250977,-4.671869277954102
1777555008457237,0.5655241012573242,0.3704240322113037,-3.629241466522217,-22.88088035583496,-12.043112754821777,-4.598930835723877
1777555008467341,0.5655720233917236,0.35282450914382935,-3.6739072799682617,-22.706125259399414,-12.001434326171875,-4.587152004241943
1777555008477127,0.5647382140159607,0.35987967252731323,-3.619568347930908,-22.881458282470703,-11.684577941894531,-4.660013675689697
1777555008487132,0.5487877130508423,0.3531687557697296,-3.655106544494629,-22.746963500976562,-11.930612564086914,-4.57632303237915
1777555008497121,0.5688859820365906,0.35194697976112366,-3.6331284046173096,-22.787105560302734,-11.842035293579102,-4.675895690917969
1777555008507120,0.5556525588035583,0.34590184688568115,-3.6490726470947266,-22.758947372436523,-12.035501480102539,-4.614150047302246
1777555008517129,0.5512844324111938,0.358497679233551,-3.649473190307617,-22.699251174926758,-11.800874710083008,-4.821513652801514
1777555008527121,0.5573462843894958,0.3587745428085327,-3.6397523880004883,-22.756004333496094,-11.717286109924316,-4.8944525718688965
1777555008537094,0.5542569756507874,0.3484272062778473,-3.687333345413208,-22.88885498046875,-11.782143592834473,-4.821190357208252
1777555008547131,0.5520285367965698,0.33909279108047485,-3.6450605392456055,-22.88284683227539,-11.851731300354004,-4.547976493835449
1777555008557084,0.5398733019828796,0.37070271372795105,-3.634087085723877,-22.644948959350586,-11.878969192504883,-4.615119457244873
1777555008567145,0.5668342709541321,0.3579268455505371,-3.663163900375366,-22.807283401489258,-11.85668659210205,-4.665783405303955
1777555008577076,0.5572928786277771,0.37691012024879456,-3.6371748447418213,-22.51716423034668,-11.906960487365723,-4.534927845001221
1777555008587160,0.5582224130630493,0.3679885268211365,-3.6452813148498535,-22.653703689575195,-12.047844886779785,-4.538520336151123
1777555008597160,0.5651533603668213,0.33117371797561646,-3.6599650382995605,-22.847759246826172,-12.170269012451172,-4.488512992858887
1777555008607093,0.5557572841644287,0.3580326437950134,-3.6422228813171387,-22.728639602661133,-11.811128616333008,-4.643361568450928
1777555008617093,0.5597139000892639,0.35968080163002014,-3.661787509918213,-22.77526092529297,-11.842046737670898,-4.603598594665527
1777555008627096,0.5514518022537231,0.3450157344341278,-3.6586709022521973,-22.90477752685547,-11.8529634475708,-4.656346797943115
1777555008637050,0.5589615702629089,0.3536490797996521,-3.664275646209717,-22.939289093017578,-11.79918384552002,-4.7072014808654785
1777555008647050,0.5406733751296997,0.35497361421585083,-3.646667003631592,-22.81713104248047,-11.919148445129395,-4.644392967224121
1777555008657076,0.5554893612861633,0.3588908016681671,-3.6455280780792236,-22.77645492553711,-11.80089282989502,-4.8654632568359375
1777555008667076,0.5582579970359802,0.3430527150630951,-3.6799559593200684,-22.783464431762695,-12.015689849853516,-4.683229446411133
1777555008677072,0.5689650177955627,0.3539595305919647,-3.6874630451202393,-22.86640167236328,-11.910560607910156,-4.654417037963867
1777555008687081,0.5682876110076904,0.3659588396549225,-3.6454882621765137,-22.79275894165039,-12.02932071685791,-4.739624977111816
1777555008697072,0.5417286157608032,0.3780468702316284,-3.671760082244873,-22.705148696899414,-11.68019962310791,-4.694894790649414
1777555008707078,0.5673127770423889,0.3545234203338623,-3.668550491333008,-22.835586547851562,-11.895476341247559,-4.744118690490723
1777555008717100,0.55360347032547,0.33680447936058044,-3.693998098373413,-22.70516586303711,-11.985468864440918,-4.526804447174072
1777555008727074,0.5583359003067017,0.3635159432888031,-3.6170082092285156,-22.819974899291992,-11.78095817565918,-4.690712928771973
1777555008737079,0.5707975029945374,0.3530600965023041,-3.6498911380767822,-22.865407943725586,-11.91681957244873,-4.81744384765625
1777555008747121,0.5546428561210632,0.34821680188179016,-3.6455936431884766,-22.72630500793457,-11.846477508544922,-4.717350959777832
1777555008757082,0.5652096271514893,0.3582392632961273,-3.6420350074768066,-22.702919006347656,-11.869314193725586,-4.586081504821777
1777555008767137,0.5619985461235046,0.37418049573898315,-3.657890796661377,-22.70151138305664,-11.870633125305176,-4.784904956817627
1777555008777056,0.5403999090194702,0.3609957993030548,-3.6963820457458496,-22.670808792114258,-11.834403038024902,-4.805106163024902
1777555008787138,0.5578196048736572,0.33924055099487305,-3.685067653656006,-22.867427825927734,-11.954416275024414,-4.650737285614014
1777555008797083,0.5534918904304504,0.3624393939971924,-3.6611433029174805,-22.734935760498047,-11.970361709594727,-4.498960971832275
1777555008807099,0.5589115619659424,0.35361891984939575,-3.6282052993774414,-22.808862686157227,-11.917681694030762,-4.7291460037231445
1777555008817075,0.5694436430931091,0.3530605733394623,-3.6732656955718994,-22.909221649169922,-11.962248802185059,-4.6776018142700195
1777555008827161,0.5608185529708862,0.3464505970478058,-3.6560959815979004,-22.816326141357422,-11.92781925201416,-4.656002521514893
1777555008837123,0.5575935244560242,0.3440325856208801,-3.6679863929748535,-22.752777099609375,-11.652313232421875,-4.729912281036377
1777555008847086,0.5574436187744141,0.3578999638557434,-3.6439476013183594,-22.795194625854492,-11.804981231689453,-4.797512054443359
1777555008857124,0.5566730499267578,0.3681328594684601,-3.649200439453125,-22.732744216918945,-11.880693435668945,-4.737970352172852
1777555008867084,0.5704660415649414,0.36069485545158386,-3.6442179679870605,-22.94222640991211,-11.88563346862793,-4.744140148162842
1777555008877072,0.5496428608894348,0.3600495457649231,-3.642765998840332,-22.847166061401367,-11.758942604064941,-4.5984416007995605
1777555008887120,0.5682634711265564,0.3560088574886322,-3.6388683319091797,-22.914020538330078,-11.9319429397583,-4.839393138885498
1777555008897105,0.53688645362854,0.3514934182167053,-3.6635665893554688,-22.8076229095459,-11.88090991973877,-4.678258895874023
1777555008907096,0.5606210231781006,0.3661908507347107,-3.644150733947754,-22.74106216430664,-11.962052345275879,-4.654197692871094
1777555008917011,0.5408310890197754,0.36139950156211853,-3.6412997245788574,-22.785266876220703,-11.690536499023438,-4.688652038574219
1777555008927032,0.5691330432891846,0.35020262002944946,-3.668971061706543,-22.677753448486328,-11.969645500183105,-4.629234790802002
1777555008937079,0.5630677938461304,0.35076579451560974,-3.652769088745117,-22.744979858398438,-11.948638916015625,-4.893758296966553
1777555008947083,0.5436549186706543,0.34978342056274414,-3.668437957763672,-23.072811126708984,-11.971004486083984,-4.740455627441406
1777555008957072,0.5572452545166016,0.3577810823917389,-3.65427303314209,-22.874786376953125,-11.804693222045898,-4.716558933258057
1777555008967070,0.5508964657783508,0.3610011041164398,-3.6372828483581543,-22.70051383972168,-11.794187545776367,-4.640250205993652
1777555008977078,0.5510382652282715,0.35058510303497314,-3.6519041061401367,-22.759431838989258,-12.022659301757812,-4.777289390563965
1777555008987117,0.5700050592422485,0.36465898156166077,-3.673771381378174,-22.912885665893555,-11.808158874511719,-4.735427379608154
1777555008997075,0.5603623390197754,0.35527777671813965,-3.676133632659912,-22.917835235595703,-12.114340782165527,-4.513941764831543
1777555009007078,0.5608260631561279,0.34352341294288635,-3.6824660301208496,-22.971920013427734,-11.861891746520996,-4.575194358825684
1777555009017072,0.5710247755050659,0.3585825562477112,-3.6623668670654297,-22.74188804626465,-11.861236572265625,-4.768080711364746
1777555009027073,0.5740603804588318,0.3542908728122711,-3.670654058456421,-22.703567504882812,-11.769861221313477,-4.624627590179443
1777555009037030,0.5653504133224487,0.35119763016700745,-3.6369926929473877,-22.792600631713867,-11.816666603088379,-4.68181037902832
1777555009047116,0.550341010093689,0.36340466141700745,-3.6222000122070312,-22.798715591430664,-11.990094184875488,-4.621779918670654
1777555009057044,0.5637872219085693,0.348463237285614,-3.647995948791504,-22.792118072509766,-11.856329917907715,-4.746068000793457
1777555009066998,0.5668025016784668,0.3512304127216339,-3.6518101692199707,-22.861530303955078,-11.902807235717773,-4.767410755157471
1777555009077033,0.5627939701080322,0.36702144145965576,-3.6661078929901123,-22.73347282409668,-11.945694923400879,-4.749218940734863
1777555009087030,0.5569562911987305,0.3456355333328247,-3.661461114883423,-22.934701919555664,-11.863239288330078,-4.781262397766113
1777555009096978,0.5391100645065308,0.354665070772171,-3.6487984657287598,-22.791767120361328,-11.937453269958496,-4.907939910888672
1777555009107042,0.5606319904327393,0.35092443227767944,-3.6833958625793457,-22.84569549560547,-11.840779304504395,-4.72053861618042
1777555009117017,0.5537630915641785,0.3608303666114807,-3.6649606227874756,-22.76640510559082,-11.911213874816895,-4.826068878173828
1777555009127064,0.5602587461471558,0.3520173132419586,-3.6522910594940186,-22.815200805664062,-11.971240997314453,-4.8492584228515625
1777555009136995,0.5525451302528381,0.3505456745624542,-3.6626522541046143,-22.886831283569336,-11.988260269165039,-4.760891437530518
1777555009147032,0.570048987865448,0.36343955993652344,-3.6612462997436523,-22.884326934814453,-11.854308128356934,-4.84574556350708
1777555009156996,0.5584748387336731,0.352792352437973,-3.6693522930145264,-22.83573341369629,-11.943729400634766,-4.724503040313721
1777555009167065,0.5668737888336182,0.3825950026512146,-3.6747820377349854,-22.889780044555664,-12.065826416015625,-4.678438663482666
1777555009176993,0.5622225999832153,0.3602883815765381,-3.66027569770813,-22.943252563476562,-11.920225143432617,-4.685892105102539
1777555009187066,0.5564841628074646,0.3487071096897125,-3.6693544387817383,-22.831615447998047,-11.810542106628418,-4.567289352416992
1777555009197083,0.5560805201530457,0.3557448089122772,-3.643946647644043,-22.672203063964844,-11.916914939880371,-4.766639709472656
1777555009207053,0.5721843242645264,0.3637233078479767,-3.6723766326904297,-22.805011749267578,-11.934083938598633,-4.683480262756348
1777555009217026,0.5553743839263916,0.3495623767375946,-3.6825268268585205,-23.106470108032227,-12.021121978759766,-4.691937446594238
1777555009227072,0.5493353009223938,0.3560307025909424,-3.6775941848754883,-22.989044189453125,-11.985588073730469,-4.689728260040283
1777555009237036,0.5387109518051147,0.3625876009464264,-3.627528429031372,-22.683080673217773,-11.865723609924316,-4.7711944580078125
1777555009247019,0.5517098903656006,0.35891327261924744,-3.642918825149536,-22.76186752319336,-11.861593246459961,-4.595305919647217
1777555009257015,0.557553768157959,0.359841912984848,-3.633765935897827,-22.89175033569336,-12.045069694519043,-4.732629776000977
1777555009266998,0.545470118522644,0.3449738621711731,-3.6432747840881348,-22.81182098388672,-11.955904960632324,-4.663650035858154
1777555009277035,0.5655941963195801,0.3563098907470703,-3.6366477012634277,-22.936906814575195,-11.66165542602539,-4.778348922729492
1777555009287014,0.5535616874694824,0.3634127974510193,-3.6350719928741455,-22.800434112548828,-11.776723861694336,-4.729093074798584
1777555009296997,0.5488608479499817,0.3383896052837372,-3.650578260421753,-23.005962371826172,-11.881060600280762,-4.713983535766602
1777555009307013,0.5607487559318542,0.35052332282066345,-3.646324634552002,-22.752166748046875,-11.823460578918457,-4.709848403930664
1777555009316995,0.551608681678772,0.3525313436985016,-3.665605068206787,-22.725522994995117,-11.868597984313965,-4.781335830688477
1777555009326992,0.5498419404029846,0.3544216752052307,-3.6426377296447754,-22.719802856445312,-11.784566879272461,-4.609986305236816
1777555009337040,0.5665065050125122,0.36242228746414185,-3.6524431705474854,-22.96103858947754,-11.947427749633789,-4.732566833496094
1777555009346991,0.5553287267684937,0.3711482882499695,-3.651729106903076,-22.917160034179688,-11.94204044342041,-4.868149757385254
1777555009357047,0.5570864081382751,0.34919115900993347,-3.677016019821167,-23.00078773498535,-11.88235092163086,-4.665063381195068
1777555009367022,0.5540601015090942,0.3469063341617584,-3.6797828674316406,-22.953777313232422,-11.903246879577637,-4.610196113586426
1777555009376953,0.5576921701431274,0.3625977337360382,-3.669804573059082,-22.704376220703125,-11.747513771057129,-4.773303985595703
1777555009387027,0.5576866865158081,0.35574477910995483,-3.6786985397338867,-22.8262939453125,-11.873117446899414,-4.542884826660156
1777555009396985,0.5571980476379395,0.342798113822937,-3.686190605163574,-22.7529296875,-11.941622734069824,-4.548172950744629
1777555009407035,0.5820081233978271,0.35219675302505493,-3.6486005783081055,-22.906497955322266,-11.984838485717773,-4.682473659515381
1777555009417054,0.5618409514427185,0.3421092927455902,-3.66713809967041,-22.789134979248047,-11.94781494140625,-4.698184967041016
1777555009427036,0.5570474863052368,0.3680994212627411,-3.6686923503875732,-22.956932067871094,-11.928028106689453,-4.812923431396484
1777555009436948,0.5542841553688049,0.3520355224609375,-3.686241865158081,-22.964643478393555,-12.077447891235352,-4.73594856262207
1777555009446947,0.5470186471939087,0.35802391171455383,-3.661846876144409,-22.828767776489258,-11.805519104003906,-4.731686592102051
1777555009457008,0.5409329533576965,0.3604985475540161,-3.6651315689086914,-22.702865600585938,-11.898261070251465,-4.711743354797363
1777555009466943,0.5648370385169983,0.37100306153297424,-3.6732077598571777,-22.795635223388672,-11.877588272094727,-4.700063705444336
1777555009476989,0.5555034279823303,0.34957805275917053,-3.6520838737487793,-22.84400177001953,-11.926478385925293,-4.7172417640686035
1777555009486974,0.5595525503158569,0.3529953360557556,-3.645498514175415,-23.03664779663086,-11.819954872131348,-4.885429859161377
1777555009496947,0.5578231811523438,0.3482038378715515,-3.6463727951049805,-22.920915603637695,-11.938495635986328,-4.691093444824219
1777555009507029,0.5622923374176025,0.35920193791389465,-3.634035348892212,-22.974323272705078,-11.720454216003418,-4.811026096343994
1777555009516992,0.5611818432807922,0.36424949765205383,-3.6546361446380615,-22.685270309448242,-11.8954439163208,-4.888861656188965
1777555009526988,0.5595858693122864,0.339139461517334,-3.6519200801849365,-22.953826904296875,-12.15092945098877,-4.719709396362305
1777555009536947,0.5519809126853943,0.35473594069480896,-3.6685075759887695,-22.99176788330078,-11.928637504577637,-4.71498966217041
1777555009546950,0.5616226196289062,0.36606740951538086,-3.660984754562378,-22.934614181518555,-11.934186935424805,-4.787695407867432
1777555009556987,0.571630597114563,0.3591366112232208,-3.6735801696777344,-22.88764190673828,-11.951000213623047,-4.751819133758545
1777555009566996,0.5464174747467041,0.37261253595352173,-3.677781105041504,-22.898298263549805,-11.959264755249023,-4.686368942260742
1777555009576975,0.5493537187576294,0.36578789353370667,-3.653700590133667,-22.71156883239746,-12.04786491394043,-4.674315452575684
1777555009587004,0.5666941404342651,0.37545716762542725,-3.6475749015808105,-22.662263870239258,-11.989706039428711,-4.666921138763428
1777555009597047,0.560490071773529,0.34607332944869995,-3.674325704574585,-22.940658569335938,-12.107653617858887,-4.545793533325195
1777555009606976,0.5712146162986755,0.35162827372550964,-3.66218900680542,-23.072980880737305,-11.941884994506836,-4.741617202758789
1777555009617031,0.5689383745193481,0.3317784070968628,-3.704813003540039,-22.998781204223633,-12.194376945495605,-4.701776027679443
1777555009627049,0.5608338117599487,0.3790145814418793,-3.6826281547546387,-22.8254451751709,-11.864334106445312,-4.653300762176514
1777555009637014,0.5515313148498535,0.35389092564582825,-3.667220115661621,-22.84214973449707,-11.866637229919434,-4.674285411834717
1777555009646983,0.6014590263366699,0.3392648696899414,-3.7444610595703125,-23.6335391998291,-12.011746406555176,-5.235343933105469
1777555009656960,0.5878108143806458,0.004270461387932301,-4.218686580657959,-32.14026641845703,-18.275428771972656,-3.332921266555786
1777555009666945,2.73406982421875,-1.7251638174057007,-9.097173690795898,-93.6285400390625,-40.657352447509766,-13.023131370544434
1777555009677034,3.2372965812683105,-1.9708330631256104,-11.187024116516113,-117.99325561523438,-46.07640075683594,-14.404211044311523
1777555009687011,3.3862929344177246,-1.6646337509155273,-11.534358024597168,-120.32205200195312,-42.25123596191406,-15.767762184143066
1777555009696932,2.522726535797119,-0.3916822671890259,-9.11170482635498,-87.51982116699219,-25.6076717376709,-13.627699851989746
1777555009706951,1.5354986190795898,0.10450899600982666,-6.4833664894104,-54.34160232543945,-13.821517944335938,-9.000824928283691
1777555009717002,2.244429111480713,-0.6790623664855957,-7.134427070617676,-68.92879486083984,-21.8035888671875,-14.182334899902344
1777555009726978,3.7791035175323486,-1.5991648435592651,-10.410209655761719,-113.55645751953125,-36.195640563964844,-22.175905227661133
1777555009736933,3.5346169471740723,-1.118428349494934,-10.861286163330078,-114.18042755126953,-27.747024536132812,-19.722545623779297
1777555009746963,2.820308208465576,-1.1267070770263672,-10.008241653442383,-100.89930725097656,-19.855751037597656,-13.871854782104492
1777555009756967,2.4500341415405273,-1.0037754774093628,-9.286272048950195,-90.95301055908203,-14.141590118408203,-11.927738189697266
1777555009766999,2.3392372131347656,-0.6851246356964111,-8.620979309082031,-83.261962890625,-9.556093215942383,-12.877567291259766
1777555009776924,2.801732063293457,-0.9977223873138428,-9.148588180541992,-94.0690689086914,-12.08560848236084,-16.38518524169922
1777555009786975,3.2698206901550293,-1.2967216968536377,-10.55478286743164,-111.4684829711914,-12.725447654724121,-18.726118087768555
1777555009796965,3.3005542755126953,-1.1290785074234009,-11.131437301635742,-116.89730834960938,-8.512908935546875,-18.667156219482422
1777555009806981,2.6933250427246094,-0.7879987955093384,-10.571918487548828,-105.2772445678711,-2.6124348640441895,-14.056982040405273
1777555009816976,2.202993392944336,-0.6051075458526611,-9.696745872497559,-93.08522033691406,-0.10414862632751465,-11.361196517944336
1777555009826983,2.1933555603027344,-0.8937528729438782,-9.408658981323242,-92.59375762939453,-1.6956825256347656,-11.444784164428711
1777555009836971,2.855567216873169,-1.622347354888916,-10.785612106323242,-113.15467834472656,-3.6105589866638184,-16.570568084716797
1777555009846927,3.048278331756592,-1.49692964553833,-11.910079002380371,-123.2666015625,1.8618659973144531,-17.937259674072266
1777555009857006,2.4410834312438965,-0.9551557302474976,-11.441266059875488,-111.9532470703125,7.164544105529785,-13.030074119567871
1777555009866932,1.9500452280044556,-1.01399827003479,-10.577014923095703,-101.80970764160156,6.421516418457031,-9.49840259552002
1777555009876922,1.6792091131210327,-1.265008568763733,-10.296271324157715,-99.21582794189453,5.193445205688477,-7.167935371398926
1777555009886975,1.6071895360946655,-1.40876042842865,-10.473226547241211,-102.22589111328125,4.345002174377441,-6.222578048706055
1777555009896939,1.828647494316101,-1.4123958349227905,-10.993010520935059,-109.69766235351562,3.862997055053711,-7.517514705657959
1777555009906970,1.9173904657363892,-1.2074718475341797,-11.4290132522583,-111.4652328491211,7.505023956298828,-8.200767517089844
1777555009916936,2.220858573913574,-1.2467669248580933,-11.473357200622559,-114.48099517822266,6.681271553039551,-11.16873550415039
1777555009926911,2.380654811859131,-1.7165991067886353,-12.188637733459473,-125.9886703491211,4.300942420959473,-11.541760444641113
1777555009936914,2.313248634338379,-1.4826840162277222,-12.849841117858887,-131.0386505126953,7.3175458908081055,-10.10392951965332
1777555009946987,1.9186242818832397,-1.414794683456421,-12.751312255859375,-129.3130340576172,7.098213195800781,-6.037073135375977
1777555009956960,1.5948816537857056,-1.3315774202346802,-12.533429145812988,-125.68643188476562,7.003180980682373,-2.429255485534668
1777555009966967,1.4098013639450073,-1.261786937713623,-12.264618873596191,-121.9096450805664,6.946193695068359,-1.1195764541625977
1777555009976926,1.46759033203125,-1.4457348585128784,-12.248764991760254,-124.23487854003906,5.005099773406982,-1.461756706237793
1777555009986935,1.4226242303848267,-1.3409017324447632,-12.448928833007812,-125.37054443359375,5.985380172729492,-0.4590644836425781
1777555009996999,1.2374870777130127,-1.3732094764709473,-12.443525314331055,-125.7608413696289,5.311379432678223,1.4985237121582031
1777555010006981,1.1363892555236816,-1.4065072536468506,-12.591765403747559,-128.82379150390625,4.333094596862793,3.0163536071777344
1777555010016961,1.0066001415252686,-1.2300716638565063,-12.757833480834961,-127.8372802734375,5.777125358581543,4.873779296875
1777555010026980,0.9500491619110107,-1.2760062217712402,-12.559399604797363,-126.2765884399414,4.473655700683594,5.4952850341796875
1777555010036962,0.7878541946411133,-1.212211012840271,-12.223108291625977,-123.3056411743164,2.9734935760498047,6.91143798828125
1777555010046926,0.663932204246521,-1.0786893367767334,-11.999696731567383,-120.966064453125,1.6964035034179688,8.34201431274414
1777555010056971,0.6217344999313354,-1.2482764720916748,-12.057753562927246,-123.544189453125,-0.9550738334655762,9.569982528686523
1777555010066890,0.5206508636474609,-1.2392020225524902,-12.256257057189941,-126.06486511230469,-2.227487564086914,11.682611465454102
1777555010076928,0.3645191192626953,-1.1148927211761475,-12.197994232177734,-124.40497589111328,-2.6563658714294434,13.48110580444336
1777555010086934,0.34938836097717285,-1.3525153398513794,-12.281871795654297,-128.34561157226562,-6.904247283935547,14.659549713134766
1777555010096887,0.15017104148864746,-1.231245994567871,-12.432355880737305,-130.45933532714844,-8.258567810058594,17.69615364074707
1777555010106945,-0.1189199686050415,-0.8902830481529236,-12.188639640808105,-127.18883514404297,-8.839122772216797,20.77805519104004
1777555010116888,-0.24519455432891846,-0.7905595898628235,-11.968057632446289,-127.92371368408203,-12.865219116210938,22.88371467590332
1777555010126885,-0.3379547595977783,-0.7982844114303589,-12.385139465332031,-134.22573852539062,-15.320659637451172,25.265466690063477
1777555010136892,-0.38422346115112305,-0.6785727739334106,-12.807903289794922,-140.59445190429688,-17.276559829711914,26.987207412719727
1777555010146943,-0.5037186145782471,-0.20926548540592194,-12.866291046142578,-137.6107177734375,-15.289105415344238,28.382795333862305
1777555010156942,-0.43517017364501953,-0.23531268537044525,-12.623515129089355,-137.80252075195312,-19.177576065063477,27.500444412231445
1777555010166972,-0.43788695335388184,-0.4321359395980835,-13.015130996704102,-144.48257446289062,-25.097028732299805,28.816577911376953
1777555010176916,-0.685052752494812,0.026086749508976936,-12.79510498046875,-135.66925048828125,-20.711448669433594,29.78775405883789
1777555010186911,-0.6625289916992188,0.30901485681533813,-11.465410232543945,-116.34789276123047,-17.211091995239258,26.283462524414062
1777555010196924,-0.30339765548706055,-0.7847509980201721,-11.583414077758789,-128.35902404785156,-33.141700744628906,23.947494506835938
1777555010206927,-0.34197258949279785,-1.363917589187622,-13.229144096374512,-151.54403686523438,-45.90348815917969,27.839427947998047
1777555010216929,-0.7146166563034058,-0.671665370464325,-13.532560348510742,-147.13949584960938,-41.13642120361328,31.196931838989258
1777555010226918,-0.7200539112091064,-0.34710636734962463,-12.728693962097168,-136.72219848632812,-41.160343170166016,28.805057525634766
1777555010236933,-0.6892774105072021,-0.21092812716960907,-11.9703950881958,-127.77505493164062,-41.81415557861328,26.355010986328125
1777555010246865,-0.5333930253982544,-0.8187400102615356,-12.232294082641602,-135.70668029785156,-52.185890197753906,25.83460235595703
1777555010256968,-0.5312597751617432,-0.801270604133606,-12.61500358581543,-138.94223022460938,-54.30303955078125,26.359485626220703
1777555010266927,-0.6259253025054932,-0.38611337542533875,-11.958746910095215,-125.29928588867188,-46.696468353271484,25.023103713989258
1777555010276964,-0.498815655708313,-0.6652806997299194,-11.237152099609375,-117.47138214111328,-47.74201583862305,22.44882583618164
1777555010286926,-0.3017270565032959,-1.4148739576339722,-11.96169662475586,-133.177490234375,-62.60546875,22.288654327392578
1777555010296918,-0.4503498077392578,-1.4946030378341675,-12.990691184997559,-145.68136596679688,-68.68397521972656,25.281984329223633
1777555010306922,-0.6641480922698975,-1.1049875020980835,-12.855440139770508,-138.00601196289062,-62.98664474487305,26.769567489624023
1777555010316887,-0.5734535455703735,-1.132910132408142,-12.277999877929688,-132.05506896972656,-61.68305206298828,24.197208404541016
1777555010326870,-0.4749166965484619,-1.226387858390808,-12.386515617370605,-136.14093017578125,-65.44989013671875,23.41472816467285
1777555010336887,-0.6357773542404175,-0.887462854385376,-12.424531936645508,-132.36581420898438,-63.874568939208984,23.635099411010742
1777555010346911,-0.6108424663543701,-0.8464243412017822,-11.826889991760254,-126.01353454589844,-63.70269012451172,21.6406192779541
1777555010356887,-0.49588489532470703,-0.9718279242515564,-11.991003036499023,-131.09188842773438,-68.73480987548828,20.51766014099121
1777555010366919,-0.5326724052429199,-0.8761450052261353,-12.190034866333008,-131.9456787109375,-68.11279296875,20.99795913696289
1777555010376913,-0.6053742170333862,-0.7024471163749695,-11.667072296142578,-124.12039184570312,-62.42066192626953,20.68175506591797
1777555010386933,-0.4477701187133789,-0.6117919087409973,-11.177379608154297,-118.9434814453125,-60.065330505371094,18.638980865478516
1777555010396914,-0.3652031421661377,-1.112027883529663,-11.957813262939453,-133.37179565429688,-70.72357177734375,19.524431228637695
1777555010406875,-0.40927648544311523,-1.0540674924850464,-12.899523735046387,-146.68263244628906,-76.34329223632812,21.089916229248047
1777555010416917,-0.42511963844299316,-0.35962384939193726,-12.925615310668945,-144.0543670654297,-70.4466781616211,20.001182556152344
1777555010426943,-0.37711048126220703,-0.0894179493188858,-12.504541397094727,-138.26858520507812,-66.62274169921875,17.93056869506836
1777555010436900,-0.26877355575561523,-0.2451576292514801,-12.635064125061035,-141.642333984375,-69.91995239257812,17.07122039794922
1777555010446925,-0.10621237754821777,-0.005737157538533211,-12.895907402038574,-146.97921752929688,-72.74689483642578,14.380416870117188
1777555010456884,-0.009321928024291992,0.16119596362113953,-13.230046272277832,-150.78773498535156,-73.8567886352539,13.108739852905273
1777555010466902,-0.055552005767822266,0.2180970460176468,-13.205660820007324,-149.57725524902344,-72.65292358398438,13.736614227294922
1777555010476924,-0.011662006378173828,0.5101239085197449,-12.576139450073242,-138.94613647460938,-65.02570343017578,11.953729629516602
1777555010486908,0.2235112190246582,0.6259293556213379,-11.912956237792969,-130.60385131835938,-61.6744499206543,7.977415084838867
1777555010496944,0.5337038040161133,0.4443367123603821,-12.153246879577637,-138.6200714111328,-69.3439712524414,4.676237106323242
1777555010506904,0.742504358291626,0.4123988151550293,-13.203649520874023,-154.79608154296875,-78.36335754394531,3.182466506958008
1777555010516884,0.7057671546936035,0.6457837820053101,-13.653328895568848,-157.83084106445312,-76.94345092773438,4.051502227783203
1777555010526936,0.678412675857544,0.7834053635597229,-13.358458518981934,-152.2474822998047,-72.75872802734375,4.107906341552734
1777555010536919,0.6423232555389404,0.7131631374359131,-13.040151596069336,-148.23086547851562,-71.27896118164062,4.0207672119140625
1777555010546906,0.8046274185180664,0.5188513398170471,-13.362001419067383,-155.12588500976562,-76.84046936035156,3.033010482788086
1777555010556934,1.0380518436431885,0.7074218988418579,-14.033019065856934,-163.7008056640625,-81.03572082519531,-0.16025543212890625
1777555010566907,1.2276828289031982,0.8590025901794434,-14.089760780334473,-162.75965881347656,-77.76602935791016,-1.4836540222167969
1777555010576901,1.1905968189239502,0.8227888345718384,-13.519594192504883,-156.5440673828125,-73.27460479736328,-1.216287612915039
1777555010586911,1.0177874565124512,0.8770568370819092,-13.054153442382812,-150.39244079589844,-71.07300567626953,0.010387420654296875
1777555010596906,0.956416130065918,0.7482351660728455,-12.853869438171387,-149.8765106201172,-71.52630615234375,1.1076927185058594
1777555010606906,1.2594232559204102,0.9070792198181152,-13.373758316040039,-157.54135131835938,-74.55126953125,-2.0132217407226562
1777555010616909,1.463954210281372,1.0644724369049072,-13.678915023803711,-162.00596618652344,-75.47047424316406,-3.9032535552978516
1777555010626953,1.5021445751190186,1.104919195175171,-13.677538871765137,-161.96893310546875,-73.96897888183594,-3.6948604583740234
1777555010636886,1.5186731815338135,1.026424765586853,-13.521644592285156,-157.6742706298828,-69.09539031982422,-3.1666717529296875
1777555010646880,1.5679585933685303,1.105236530303955,-12.980042457580566,-153.8109588623047,-65.85773468017578,-3.926485061645508
1777555010656869,1.288135051727295,1.0738277435302734,-13.065855026245117,-156.16807556152344,-68.38410949707031,-0.6751117706298828
1777555010666838,1.4300246238708496,1.21086585521698,-13.542440414428711,-162.03167724609375,-69.74606323242188,-1.671243667602539
1777555010676889,1.7169487476348877,1.4103989601135254,-13.707551956176758,-163.70167541503906,-67.42860412597656,-4.47297477722168
1777555010686834,1.7316038608551025,1.4155797958374023,-13.626745223999023,-162.39675903320312,-66.26370239257812,-4.365638732910156
1777555010696879,1.622183084487915,1.440825343132019,-13.354209899902344,-158.82688903808594,-64.08892822265625,-3.545907974243164
1777555010706887,1.524425983428955,1.5360279083251953,-12.977371215820312,-150.8944091796875,-59.18936538696289,-2.785562515258789
1777555010716847,1.4473888874053955,1.4556466341018677,-12.399892807006836,-142.75469970703125,-55.84477233886719,-2.785398483276367
1777555010726833,1.611222505569458,1.449237585067749,-12.060033798217773,-138.29652404785156,-54.4489860534668,-5.49555778503418
1777555010736904,1.7989184856414795,1.344352126121521,-11.891571998596191,-137.14312744140625,-54.89341735839844,-7.588844299316406
1777555010746846,1.8060646057128906,1.2271305322647095,-11.928848266601562,-138.0597686767578,-56.73467254638672,-7.705842971801758
1777555010756890,1.6893730163574219,1.1500073671340942,-11.90067195892334,-137.021728515625,-56.18136215209961,-5.779397964477539
1777555010766887,1.4799649715423584,1.1453200578689575,-11.501273155212402,-130.0540313720703,-52.55380630493164,-4.291330337524414
1777555010776840,1.2314517498016357,1.0827075242996216,-10.811440467834473,-120.80216979980469,-49.0291862487793,-2.5132694244384766
1777555010786869,1.1607613563537598,1.03211510181427,-10.34388256072998,-114.65819549560547,-47.07150650024414,-2.4692554473876953
1777555010796886,1.257904052734375,0.9999601244926453,-10.188541412353516,-112.64124298095703,-46.783668518066406,-3.477083206176758
1777555010806839,1.4378716945648193,1.0186142921447754,-10.19141960144043,-113.741943359375,-47.416568756103516,-5.47846794128418
1777555010816927,1.5009548664093018,0.9911293387413025,-10.230094909667969,-114.80401611328125,-47.70387649536133,-6.008543014526367
1777555010826975,1.471372127532959,0.983959436416626,-10.226574897766113,-115.23687744140625,-48.43985366821289,-5.950601577758789
1777555010836860,1.401425838470459,0.9695681929588318,-10.265308380126953,-115.55885314941406,-48.2213249206543,-4.880176544189453
1777555010846894,1.2886576652526855,0.9974888563156128,-10.106180191040039,-111.67859649658203,-45.17753601074219,-3.7060089111328125
1777555010856925,1.275254726409912,1.0049306154251099,-9.79865550994873,-108.15091705322266,-43.61519241333008,-4.495214462280273
1777555010866912,1.3910927772521973,1.0446560382843018,-9.632972717285156,-105.75731658935547,-41.991493225097656,-5.483212471008301
1777555010876901,1.4566609859466553,1.0081286430358887,-9.549858093261719,-106.01905059814453,-42.40473556518555,-6.388051986694336
1777555010886865,1.5902490615844727,1.036562442779541,-9.658000946044922,-107.7356185913086,-42.17972946166992,-7.396010398864746
1777555010896876,1.6441078186035156,1.0364738702774048,-9.692891120910645,-107.63493347167969,-40.97458267211914,-7.579302787780762
1777555010906853,1.8786534070968628,1.064418911933899,-9.73049545288086,-108.03973388671875,-38.976322174072266,-9.375576972961426
1777555010916845,2.017205238342285,1.0668878555297852,-9.720969200134277,-108.53331756591797,-38.03621292114258,-10.685547828674316
1777555010926868,2.0606937408447266,1.15932297706604,-9.549690246582031,-106.36654663085938,-36.084617614746094,-11.218070983886719
1777555010936887,2.041780948638916,1.200079083442688,-9.329880714416504,-103.21507263183594,-32.69608688354492,-10.931589126586914
1777555010946969,2.0758066177368164,1.2091408967971802,-9.12437629699707,-101.62203979492188,-31.23055648803711,-11.167732238769531
1777555010956903,2.1546945571899414,1.2360891103744507,-9.211048126220703,-104.80742645263672,-31.91579246520996,-11.480535507202148
1777555010966967,2.2256555557250977,1.3671151399612427,-9.526018142700195,-109.39971923828125,-31.232337951660156,-11.481057167053223
1777555010976901,2.1734323501586914,1.552889347076416,-9.511026382446289,-106.62942504882812,-25.949573516845703,-10.375397682189941
1777555010986973,2.0509674549102783,1.6201794147491455,-8.996376991271973,-97.5671157836914,-19.168655395507812,-9.513110160827637
1777555010997026,2.0192883014678955,1.5412826538085938,-8.500211715698242,-93.38916015625,-17.416248321533203,-9.389033317565918
1777555011006925,2.4031167030334473,1.4515483379364014,-8.972641944885254,-102.77458953857422,-19.478431701660156,-12.107226371765137
1777555011016920,2.9610698223114014,1.468422532081604,-10.062219619750977,-119.64389038085938,-22.34728240966797,-15.030708312988281
1777555011026961,3.0762062072753906,1.7581793069839478,-10.819109916687012,-127.84513092041016,-19.053607940673828,-14.887502670288086
1777555011036890,2.541811466217041,2.1514065265655518,-10.29699993133545,-113.5743408203125,-7.881253719329834,-10.340461730957031
1777555011046932,2.3463029861450195,1.9941351413726807,-9.403560638427734,-101.70225524902344,-4.640832901000977,-10.138145446777344
1777555011056981,2.39190936088562,1.8284298181533813,-8.911592483520508,-96.48260498046875,-3.8009846210479736,-11.432497024536133
1777555011066986,2.3470840454101562,1.7801018953323364,-8.5724458694458,-92.18678283691406,-2.906975269317627,-11.404108047485352
1777555011076944,2.3889479637145996,1.7224705219268799,-8.423421859741211,-90.90635681152344,-2.011584520339966,-12.202753067016602
1777555011086984,2.3181653022766113,1.7323673963546753,-8.29403305053711,-87.5145034790039,0.3570263385772705,-12.167877197265625
1777555011096931,2.4409375190734863,1.6336473226547241,-8.205451011657715,-87.68125915527344,0.10967206954956055,-13.07284164428711
1777555011106938,2.932140827178955,1.5318682193756104,-8.762680053710938,-99.42996978759766,-2.3016538619995117,-16.675365447998047
1777555011116985,3.0691771507263184,1.7749570608139038,-9.452127456665039,-107.20498657226562,0.2436981201171875,-16.647249221801758
1777555011126923,2.893920421600342,1.9702068567276,-9.739696502685547,-105.91797637939453,5.130502223968506,-15.405073165893555
1777555011136859,3.0998148918151855,1.8244107961654663,-9.82017707824707,-107.46697998046875,6.383779525756836,-17.357810974121094
1777555011146916,3.016571044921875,1.816070556640625,-9.848342895507812,-104.69627380371094,9.78657341003418,-17.176647186279297
1777555011156878,3.107456922531128,1.68831467628479,-9.723989486694336,-104.63777160644531,10.336917877197266,-18.388044357299805
1777555011166870,3.3636488914489746,1.6435424089431763,-9.996318817138672,-110.07415771484375,11.503941535949707,-20.215150833129883
1777555011176912,3.1577296257019043,1.889957308769226,-10.237344741821289,-107.89229583740234,16.446697235107422,-18.468303680419922
1777555011186970,3.099560260772705,1.8421103954315186,-10.010464668273926,-104.948486328125,18.282941818237305,-18.784160614013672
1777555011196840,3.2599050998687744,1.7905685901641846,-10.071133613586426,-107.31175231933594,19.482810974121094,-20.234739303588867
1777555011206879,3.140964984893799,1.9796345233917236,-10.19897174835205,-105.55782318115234,24.238887786865234,-19.151458740234375
1777555011216901,2.919532299041748,2.046776533126831,-9.984518051147461,-99.89910125732422,27.731966018676758,-17.851600646972656
1777555011226947,2.6245079040527344,2.1132688522338867,-9.515591621398926,-90.94939422607422,30.748071670532227,-16.397079467773438
1777555011236971,2.520732879638672,2.0136735439300537,-8.965495109558105,-84.84574890136719,31.521146774291992,-16.603105545043945
1777555011246938,2.3790392875671387,1.9740749597549438,-8.63599681854248,-80.47660064697266,31.824066162109375,-15.559354782104492
1777555011256940,2.308439254760742,1.9397737979888916,-8.491559982299805,-78.93852996826172,32.23496627807617,-15.469066619873047
1777555011266970,2.8475542068481445,1.729026436805725,-8.994403839111328,-89.80596923828125,32.674476623535156,-19.873735427856445
1777555011276928,3.1982414722442627,1.8756794929504395,-10.155981063842773,-102.9450912475586,38.18742370605469,-22.19791030883789
1777555011286989,3.4613401889801025,1.9950621128082275,-11.244511604309082,-115.1650390625,43.0448112487793,-23.633495330810547
1777555011296925,3.235811233520508,2.3293886184692383,-11.85999870300293,-116.52018737792969,48.20110321044922,-21.222030639648438
1777555011306974,2.3691067695617676,2.7101519107818604,-10.965218544006348,-98.72429656982422,48.47669982910156,-13.619882583618164
1777555011316887,2.002960205078125,2.3883233070373535,-9.607542037963867,-83.54908752441406,42.82970428466797,-12.188142776489258
1777555011326953,2.1345067024230957,1.9617050886154175,-8.807840347290039,-78.94918823242188,38.084320068359375,-14.321550369262695
1777555011336896,2.420957088470459,1.715143084526062,-8.914656639099121,-83.76197814941406,38.11748123168945,-17.583454132080078
1777555011346990,3.258143424987793,1.3548989295959473,-10.243255615234375,-104.3076400756836,42.4959831237793,-25.34334945678711
1777555011356902,3.397575855255127,1.677918553352356,-11.910861015319824,-120.36421203613281,51.525062561035156,-25.020919799804688
1777555011366935,2.7766451835632324,2.481801748275757,-12.204071998596191,-112.85661315917969,59.04384231567383,-18.97866439819336
1777555011376940,1.6768157482147217,2.7394890785217285,-10.748416900634766,-86.71023559570312,55.35368347167969,-10.040791511535645
1777555011386933,1.413204312324524,2.124631643295288,-8.67191219329834,-67.1048812866211,43.19631576538086,-10.014820098876953
1777555011396988,1.5806372165679932,1.516830563545227,-7.550181865692139,-60.26200485229492,34.89644241333008,-12.880301475524902
1777555011406904,1.7565884590148926,1.2844277620315552,-7.380692958831787,-61.007469177246094,33.32413864135742,-14.971969604492188
1777555011416947,2.0657460689544678,0.9694697260856628,-7.996076583862305,-69.73070526123047,35.8831787109375,-18.8756046295166
1777555011426955,2.554455280303955,0.8683968782424927,-9.052861213684082,-84.3372573852539,40.97032928466797,-23.156238555908203
1777555011436909,2.6232616901397705,1.2876547574996948,-10.088208198547363,-92.3287353515625,48.45008850097656,-22.629741668701172
1777555011446932,2.494652271270752,1.339302659034729,-10.646106719970703,-95.59899139404297,52.55046081542969,-21.988189697265625
1777555011456892,2.390495777130127,1.5214909315109253,-10.58920955657959,-93.6666488647461,52.70479965209961,-20.610679626464844
1777555011466943,2.0328316688537598,1.5250688791275024,-10.309685707092285,-87.31948852539062,51.91556930541992,-18.06932258605957
1777555011476916,2.1590614318847656,0.9867256283760071,-10.093926429748535,-87.57208251953125,48.85485076904297,-20.526634216308594
1777555011486937,2.278069019317627,0.9610232710838318,-10.163119316101074,-89.9398422241211,48.72361755371094,-21.579626083374023
1777555011496892,1.9854109287261963,1.13422429561615,-10.171954154968262,-85.80583190917969,49.3819694519043,-18.776229858398438
1777555011506899,1.9744197130203247,0.8371676802635193,-9.864635467529297,-83.83016204833984,47.14144515991211,-19.78470802307129
1777555011516938,2.2845492362976074,0.581424355506897,-9.993378639221191,-88.28800964355469,46.751380920410156,-22.958955764770508
1777555011526904,2.2297191619873047,0.7170888185501099,-10.302701950073242,-89.92158508300781,48.55577087402344,-22.129549026489258
1777555011536933,2.0488812923431396,0.5471136569976807,-10.432696342468262,-91.26700592041016,48.486881256103516,-20.953109741210938
1777555011546889,1.58047354221344,0.7326356172561646,-10.22978687286377,-85.8481674194336,47.95272445678711,-16.50160026550293
1777555011556870,1.4576172828674316,0.7150475382804871,-9.756585121154785,-80.53016662597656,46.17573928833008,-15.610932350158691
1777555011566933,1.4672913551330566,0.7127688527107239,-9.310982704162598,-75.77171325683594,44.40858840942383,-16.205608367919922
1777555011576878,1.4562994241714478,0.4244113266468048,-9.034463882446289,-73.98348999023438,42.02482223510742,-16.887744903564453
1777555011586907,1.500688910484314,0.17680926620960236,-9.103087425231934,-76.00051879882812,41.73321533203125,-18.145721435546875
1777555011596982,1.401520848274231,0.22652016580104828,-9.273028373718262,-76.43797302246094,42.89183807373047,-16.952741622924805
1777555011606896,1.363345980644226,0.09755764901638031,-9.417247772216797,-77.9553451538086,43.15205764770508,-17.045223236083984
1777555011616976,1.158116102218628,0.3769810199737549,-9.261004447937012,-73.86143493652344,43.367122650146484,-14.855609893798828
1777555011626857,0.644780158996582,0.8077088594436646,-8.24145793914795,-59.43327331542969,39.18157958984375,-9.428236961364746
1777555011636760,0.62195885181427,0.47226473689079285,-7.100244522094727,-51.60268020629883,31.030527114868164,-9.600255966186523
1777555011646842,0.9820680618286133,-0.09056232124567032,-7.262491226196289,-57.353912353515625,30.477069854736328,-14.320638656616211
1777555011656835,1.2305229902267456,-0.3042444586753845,-8.219944953918457,-68.08956146240234,35.44268035888672,-17.042695999145508
1777555011666754,1.1504818201065063,-0.05952509865164757,-8.963645935058594,-73.74307250976562,40.40865707397461,-15.743829727172852
1777555011676776,0.9917730093002319,0.30528533458709717,-9.120243072509766,-72.67616271972656,42.82801055908203,-13.54333209991455
1777555011686835,0.8836372494697571,0.36973869800567627,-8.943510055541992,-69.16928100585938,42.9722900390625,-13.010038375854492
1777555011696759,0.876869797706604,0.13928601145744324,-8.754602432250977,-68.6171875,41.31694793701172,-13.636691093444824
1777555011706724,0.8957518339157104,0.13163580000400543,-8.740593910217285,-68.90629577636719,41.7557373046875,-13.850287437438965
1777555011716757,0.968102216720581,0.19547884166240692,-8.806618690490723,-70.48058319091797,42.54893112182617,-14.227595329284668
1777555011726742,1.0718070268630981,0.18997687101364136,-9.133452415466309,-75.78521728515625,43.79239273071289,-14.290197372436523
1777555011736809,0.933470606803894,0.3935467600822449,-9.578021049499512,-77.70699310302734,48.53457260131836,-13.472794532775879
1777555011746823,0.8348629474639893,0.4797708988189697,-9.713156700134277,-76.52400970458984,50.428653717041016,-13.037814140319824
1777555011756792,0.8390960693359375,0.3259323239326477,-9.727320671081543,-75.9785385131836,50.057716369628906,-13.867388725280762
1777555011766844,0.9066208600997925,0.1254061758518219,-9.7890625,-77.7663803100586,50.43534469604492,-15.426580429077148
1777555011776744,0.9538930654525757,-0.022962423041462898,-10.144979476928711,-81.87877655029297,52.71344757080078,-16.409236907958984
1777555011786791,0.9106951951980591,0.029992863535881042,-10.502617835998535,-84.5741958618164,55.72498321533203,-16.372966766357422
1777555011796784,0.8164063692092896,0.10872822999954224,-10.696755409240723,-85.2337646484375,57.32638931274414,-15.590539932250977
1777555011806773,0.7875964641571045,0.05483009293675423,-10.822728157043457,-85.75828552246094,58.30753707885742,-15.567353248596191
1777555011816832,0.8532211780548096,-0.052470337599515915,-11.024913787841797,-88.2065658569336,59.80892562866211,-17.06482696533203
1777555011826815,0.9713672399520874,-0.16621144115924835,-11.416500091552734,-92.536865234375,62.603050231933594,-19.050411224365234
1777555011836774,1.026409387588501,-0.19049125909805298,-11.9461030960083,-97.15144348144531,66.42326354980469,-20.157691955566406
1777555011846805,0.9642115831375122,-0.11265738308429718,-12.207438468933105,-98.51875305175781,68.66698455810547,-19.574682235717773
1777555011856807,0.854011058807373,-0.016482491046190262,-12.173627853393555,-97.65453338623047,68.83711242675781,-18.21515464782715
1777555011866776,0.7863359451293945,-0.018080852925777435,-12.145681381225586,-97.19013977050781,68.45941162109375,-17.526914596557617
1777555011876802,0.6969953775405884,-0.13899531960487366,-12.212794303894043,-97.95539855957031,68.98014831542969,-17.332931518554688
1777555011886788,0.6030707359313965,-0.15792474150657654,-12.311558723449707,-98.0407485961914,69.99656677246094,-17.002857208251953
1777555011896784,0.48325586318969727,-0.17690283060073853,-12.351059913635254,-97.72689819335938,69.41181945800781,-15.928884506225586
1777555011906815,0.2869335412979126,-0.12359225004911423,-12.172759056091309,-96.0062255859375,68.34042358398438,-13.897157669067383
1777555011916808,0.29592061042785645,-0.2172607034444809,-12.179082870483398,-96.31015014648438,67.49656677246094,-13.791971206665039
1777555011926765,0.23821544647216797,-0.18709757924079895,-12.190605163574219,-96.67278289794922,67.5527572631836,-13.42723560333252
1777555011936778,0.03187119960784912,-0.042473938316106796,-11.977872848510742,-94.31316375732422,65.39335632324219,-10.451605796813965
1777555011946784,-0.020022273063659668,0.13421882688999176,-11.635863304138184,-90.35267639160156,63.10814666748047,-8.80981159210205
1777555011956837,0.007501721382141113,0.024396438151597977,-11.307276725769043,-88.34803771972656,60.12026596069336,-8.85944652557373
1777555011966850,0.13871848583221436,-0.39835888147354126,-11.538562774658203,-94.85244750976562,59.65883255004883,-10.960345268249512
1777555011976792,0.08580243587493896,-0.5088685750961304,-12.450653076171875,-103.10027313232422,64.86018371582031,-11.241983413696289
1777555011986801,-0.1787034273147583,-0.1452195942401886,-12.829665184020996,-102.9217300415039,67.4057388305664,-7.684731483459473
1777555011996785,-0.30041325092315674,-0.005704978480935097,-12.486579895019531,-99.49403381347656,64.70549774169922,-5.637179374694824
1777555012006788,-0.21011018753051758,0.09694808721542358,-12.057920455932617,-95.91041564941406,61.5177001953125,-5.505559921264648
1777555012016745,-0.1184542179107666,0.03529949486255646,-11.674139022827148,-94.78556823730469,57.75536346435547,-4.886792182922363
1777555012026778,-0.06122314929962158,-0.32692140340805054,-11.97964096069336,-101.52589416503906,57.11847686767578,-6.160472869873047
1777555012036823,-0.16647791862487793,-0.2566815912723541,-12.727608680725098,-107.89431762695312,60.954830169677734,-4.948504447937012
1777555012046782,-0.34276676177978516,0.12080724537372589,-12.79971694946289,-106.4349365234375,60.992733001708984,-1.470052719116211
1777555012056693,-0.3109018802642822,0.14230665564537048,-12.505081176757812,-105.57072448730469,57.75597381591797,-0.6557092666625977
1777555012066708,-0.3516232967376709,-0.12617109715938568,-12.616068840026855,-110.29810333251953,55.42512512207031,0.4941730499267578
1777555012076714,-0.634856104850769,0.24250884354114532,-12.944536209106445,-109.64994049072266,57.13630294799805,4.246748924255371
1777555012086724,-0.8166018128395081,0.7883105874061584,-12.086055755615234,-97.56201171875,53.66532516479492,7.671821594238281
1777555012096685,-0.45449233055114746,0.2182479053735733,-11.20873737335205,-97.03849792480469,44.42497253417969,4.693464279174805
1777555012106673,-0.2275484800338745,-0.4088650941848755,-12.047311782836914,-113.59848022460938,41.834877014160156,3.697901725769043
1777555012116749,-0.5778117179870605,0.21937599778175354,-13.150964736938477,-117.87358856201172,47.859046936035156,9.042082786560059
1777555012126727,-0.7346241474151611,0.7995953559875488,-12.444378852844238,-106.02717590332031,45.41340637207031,11.903786659240723
1777555012136763,-0.28791487216949463,-0.08026713132858276,-11.787820816040039,-111.61819458007812,32.65106964111328,8.691532135009766
1777555012146791,-0.1502058506011963,-0.5508279800415039,-12.978342056274414,-131.03204345703125,27.702547073364258,10.869647979736328
1777555012156729,-0.506293773651123,-0.03889848291873932,-13.970962524414062,-138.74398803710938,28.376047134399414,17.97104835510254
1777555012166790,-0.9200488328933716,0.7825513482093811,-13.311970710754395,-124.42620849609375,27.687929153442383,23.393003463745117
1777555012176749,-0.8230888843536377,0.7730339765548706,-11.65481948852539,-109.40419006347656,18.5382022857666,22.353069305419922
1777555012186778,-0.16861677169799805,-0.5286428928375244,-11.686543464660645,-127.72705078125,0.743408203125,18.902599334716797
1777555012196798,-0.45775341987609863,-0.06020011007785797,-12.989298820495605,-137.316162109375,3.173891067504883,24.807802200317383
1777555012206735,-0.7942733764648438,0.7280972003936768,-12.400151252746582,-121.93219757080078,6.286953449249268,27.380565643310547
1777555012216781,-0.3201892375946045,-0.10395088791847229,-11.681394577026367,-125.71464538574219,-6.705954074859619,23.434959411621094
1777555012226807,-0.3211597204208374,-0.14291921257972717,-12.2574462890625,-133.1336669921875,-9.67937183380127,25.156131744384766
1777555012236752,-0.4270329475402832,0.02875525690615177,-12.468083381652832,-134.8290557861328,-10.739791870117188,26.734111785888672
1777555012246738,-0.5404720306396484,0.36366358399391174,-12.011051177978516,-126.11859130859375,-9.858996391296387,26.91185188293457
1777555012256751,-0.4232124090194702,0.18286554515361786,-11.45187759399414,-121.3534164428711,-13.677874565124512,24.769067764282227
1777555012266752,-0.3957512378692627,-0.11336766183376312,-11.397553443908691,-123.56368255615234,-19.342851638793945,24.72283363342285
1777555012276692,-0.4048370122909546,-0.396880567073822,-11.78969955444336,-129.48463439941406,-24.62303924560547,25.74847984313965
1777555012286693,-0.3883955478668213,-0.5553079843521118,-12.31602668762207,-139.23004150390625,-31.858753204345703,27.245513916015625
1777555012296709,-0.5805952548980713,-0.20979459583759308,-12.609615325927734,-139.2445831298828,-30.421077728271484,29.322053909301758
1777555012306696,-0.664993166923523,-0.12144658714532852,-12.321084022521973,-134.3984832763672,-29.875980377197266,28.997526168823242
1777555012316711,-0.5744584798812866,-0.3019508123397827,-12.296629905700684,-138.16241455078125,-36.52915954589844,28.528541564941406
1777555012326712,-0.7313300371170044,0.10773143172264099,-12.18907356262207,-132.82717895507812,-33.782161712646484,28.897769927978516
1777555012336732,-0.6315740346908569,-0.2778681218624115,-12.210991859436035,-135.2763671875,-39.98740005493164,28.194101333618164
1777555012346750,-0.5985777378082275,-0.7215502262115479,-12.958070755004883,-147.61996459960938,-50.01150131225586,29.239721298217773
1777555012356711,-0.7475285530090332,-0.46180665493011475,-13.182229995727539,-145.4735107421875,-48.59798049926758,30.883420944213867
1777555012366717,-0.80054771900177,-0.270695298910141,-12.550085067749023,-135.53079223632812,-46.77992248535156,28.984413146972656
1777555012376740,-0.670238733291626,-0.47536903619766235,-12.18902587890625,-133.71307373046875,-51.851409912109375,26.419042587280273
1777555012386745,-0.6187036037445068,-0.43874260783195496,-12.086181640625,-133.6442413330078,-54.527305603027344,25.03604507446289
1777555012396709,-0.6927295923233032,-0.10581858456134796,-11.481410026550293,-120.90359497070312,-48.03351593017578,23.933759689331055
1777555012406696,-0.46912407875061035,-0.7566456198692322,-11.638121604919434,-129.27162170410156,-59.57640075683594,22.102859497070312
1777555012416772,-0.4489002227783203,-0.9862009882926941,-12.646985054016113,-145.218017578125,-69.65750122070312,23.38776206970215
1777555012426718,-0.6472156047821045,-0.48111188411712646,-12.814998626708984,-141.80715942382812,-64.97268676757812,24.446897506713867
1777555012436713,-0.550976037979126,-0.7722635865211487,-12.79870319366455,-144.08981323242188,-67.34703063964844,23.850732803344727
1777555012446712,-0.5833570957183838,-0.41668352484703064,-12.696846961975098,-139.67391967773438,-63.06684494018555,23.357666015625
1777555012456701,-0.7911384105682373,-0.13564848899841309,-11.841011047363281,-123.89070892333984,-56.81911087036133,22.467069625854492
1777555012466713,-0.5260721445083618,-0.8154088258743286,-11.714807510375977,-129.1910400390625,-65.84123229980469,20.522136688232422
1777555012476702,-0.46642231941223145,-0.8187039494514465,-12.419381141662598,-140.2833709716797,-72.06028747558594,20.428224563598633
1777555012486712,-0.5914754867553711,-0.21642647683620453,-11.93732738494873,-128.92144775390625,-61.74679183959961,20.369747161865234
1777555012496706,-0.475765585899353,-0.25147944688796997,-11.298150062561035,-121.69922637939453,-58.777069091796875,18.39797019958496
1777555012506705,-0.2792935371398926,-0.5564833879470825,-11.7431640625,-133.28863525390625,-67.81444549560547,17.024219512939453
1777555012516691,-0.3000814914703369,-0.7357016801834106,-12.969886779785156,-151.06619262695312,-76.69974517822266,19.688488006591797
1777555012526690,-0.37507128715515137,-0.20316022634506226,-13.422895431518555,-154.046630859375,-73.35954284667969,19.911523818969727
1777555012536703,-0.3547818660736084,0.3648180365562439,-12.800833702087402,-142.44740295410156,-64.58781433105469,17.592544555664062
1777555012546753,-0.24086236953735352,0.11009114980697632,-12.475149154663086,-140.49452209472656,-66.47232818603516,16.274215698242188
1777555012556681,-0.06106376647949219,-0.022944152355194092,-12.945430755615234,-149.54257202148438,-73.14752197265625,15.10837173461914
1777555012566737,-0.013778924942016602,0.1617811769247055,-13.511222839355469,-157.1482696533203,-75.77409362792969,14.426631927490234
1777555012576676,0.04096817970275879,0.6367862224578857,-13.248668670654297,-150.5255889892578,-69.14289093017578,12.699642181396484
1777555012586729,0.19251346588134766,0.8997756242752075,-12.405405044555664,-137.24798583984375,-61.590232849121094,9.423967361450195
1777555012596703,0.343242883682251,0.6899359226226807,-11.87631607055664,-133.11935424804688,-61.9627571105957,7.118682861328125
1777555012606656,0.6567895412445068,0.48735684156417847,-12.555482864379883,-146.88278198242188,-72.09053802490234,4.2439422607421875
1777555012616775,0.8546092510223389,0.708103358745575,-13.423334121704102,-157.6724395751953,-75.78384399414062,2.8072986602783203
1777555012626737,0.8745193481445312,0.8345398306846619,-13.69578742980957,-160.40072631835938,-75.58561706542969,2.865232467651367
1777555012636709,0.7529525756835938,0.794913649559021,-13.613733291625977,-158.1270751953125,-73.7002944946289,4.346611022949219
1777555012646700,0.655921220779419,0.8189988136291504,-13.241727828979492,-152.6355438232422,-70.67050170898438,4.866996765136719
1777555012656763,0.6951501369476318,0.665876030921936,-13.149560928344727,-152.11085510253906,-71.89554595947266,4.494850158691406
1777555012666776,0.9907591342926025,0.6185314059257507,-13.375064849853516,-154.87884521484375,-71.99653625488281,2.4259490966796875
1777555012676747,1.1557018756866455,0.7139567136764526,-13.349711418151855,-157.72311401367188,-73.20658874511719,0.06843185424804688
1777555012686816,1.2362570762634277,1.0579214096069336,-13.52442741394043,-159.03248596191406,-73.13969421386719,-1.5639781951904297
1777555012696788,1.2498037815093994,1.062986969947815,-13.423393249511719,-159.03387451171875,-72.72077178955078,-1.5232620239257812
1777555012706783,1.149078607559204,0.9584134817123413,-13.431224822998047,-158.96678161621094,-72.43942260742188,0.41677284240722656
1777555012716803,1.1010711193084717,1.0717662572860718,-13.276065826416016,-156.15829467773438,-69.86724090576172,0.7326374053955078
1777555012726781,1.087660789489746,1.0667245388031006,-13.00727653503418,-151.59608459472656,-66.63619995117188,0.7739334106445312
1777555012736735,1.3255860805511475,0.9196102619171143,-12.917089462280273,-152.10121154785156,-65.21222686767578,-0.8599834442138672
1777555012746741,1.4401037693023682,1.1202608346939087,-13.096256256103516,-158.01100158691406,-67.8841323852539,-2.0713634490966797
1777555012756702,1.3973684310913086,1.2712006568908691,-13.545077323913574,-162.86843872070312,-68.94139099121094,-0.8644981384277344
1777555012766717,1.402813196182251,1.3374301195144653,-13.63417911529541,-164.6190948486328,-68.14107513427734,-0.4907550811767578
1777555012776625,1.515026569366455,1.543243408203125,-13.638866424560547,-161.90744018554688,-63.98485565185547,-1.6937675476074219
1777555012786687,1.5181024074554443,1.5271037817001343,-13.292678833007812,-157.97421264648438,-62.07664489746094,-1.758096694946289
1777555012796664,1.603085994720459,1.4585837125778198,-13.206219673156738,-158.9867706298828,-62.56875228881836,-2.5393447875976562
1777555012806662,1.6955935955047607,1.6378506422042847,-13.259981155395508,-156.13653564453125,-58.867523193359375,-3.640493392944336
1777555012816648,1.63222336769104,1.6826528310775757,-12.649852752685547,-145.61724853515625,-53.751670837402344,-4.006183624267578
1777555012826682,1.5325639247894287,1.5340452194213867,-11.870501518249512,-135.78497314453125,-51.307525634765625,-4.061431884765625
1777555012836604,1.5445315837860107,1.3506125211715698,-11.509639739990234,-132.99705505371094,-51.52272033691406,-4.851705551147461
1777555012846594,1.7399060726165771,1.2463805675506592,-11.78808879852295,-137.53822326660156,-54.78215408325195,-6.434808731079102
1777555012856640,1.7208871841430664,1.2223507165908813,-11.950267791748047,-139.5857391357422,-55.39051818847656,-5.953754425048828
1777555012866693,1.501905918121338,1.2953213453292847,-11.641754150390625,-133.02252197265625,-51.63189697265625,-3.9237308502197266
1777555012876624,1.3276574611663818,1.29622220993042,-10.952795028686523,-121.95529174804688,-46.347782135009766,-3.1637191772460938
1777555012886694,1.256209135055542,1.1572675704956055,-10.248076438903809,-113.85769653320312,-44.598915100097656,-3.453632354736328
1777555012896754,1.3289403915405273,1.0226075649261475,-10.05838394165039,-112.62721252441406,-45.591522216796875,-4.401956558227539
1777555012906671,1.4105348587036133,0.9748128652572632,-10.167964935302734,-115.34156799316406,-47.393768310546875,-4.970481872558594
1777555012916661,1.3940048217773438,0.9523513317108154,-10.36239242553711,-117.51690673828125,-48.06415557861328,-4.374143600463867
1777555012926660,1.360898733139038,1.0637542009353638,-10.338314056396484,-117.11367797851562,-47.32284927368164,-4.135738372802734
1777555012936764,1.2583141326904297,1.108917474746704,-10.108774185180664,-113.11698913574219,-44.53654861450195,-3.5138683319091797
1777555012946771,1.2336344718933105,1.1206347942352295,-9.740554809570312,-107.36125183105469,-41.53852844238281,-3.6539363861083984
1777555012956715,1.283304214477539,1.0572822093963623,-9.536426544189453,-105.2999267578125,-41.448265075683594,-4.359988212585449
1777555012966701,1.4583382606506348,1.0857924222946167,-9.643287658691406,-107.55690002441406,-42.11791229248047,-6.009765625
1777555012976621,1.6188185214996338,1.1191011667251587,-9.815431594848633,-110.45987701416016,-42.379940032958984,-7.224038124084473
1777555012986746,1.7532367706298828,1.1543172597885132,-9.961360931396484,-112.05207824707031,-42.14591979980469,-8.125198364257812
1777555012996755,1.7356595993041992,1.170026183128357,-9.824889183044434,-109.8193588256836,-39.23773193359375,-7.773585319519043
1777555013006724,1.8120999336242676,1.2242021560668945,-9.552639961242676,-104.58159637451172,-34.80055236816406,-8.763132095336914
1777555013016777,1.9088530540466309,1.2294914722442627,-9.158506393432617,-100.74988555908203,-32.913997650146484,-9.991389274597168
1777555013026719,1.9759622812271118,1.2396636009216309,-9.01877212524414,-99.76504516601562,-31.515300750732422,-10.535063743591309
1777555013036739,2.0212998390197754,1.2360025644302368,-9.072757720947266,-102.56607055664062,-32.01280975341797,-10.640454292297363
1777555013046773,2.1022281646728516,1.3345688581466675,-9.36217212677002,-106.5487060546875,-31.70136070251465,-10.612712860107422
1777555013056729,2.2604541778564453,1.4923800230026245,-9.590240478515625,-109.7154541015625,-30.02495002746582,-11.559677124023438
1777555013066743,2.172102451324463,1.6281850337982178,-9.487043380737305,-106.39530944824219,-25.45438003540039,-10.36229419708252
1777555013076736,2.0345211029052734,1.699270248413086,-8.931381225585938,-98.21345520019531,-19.429288864135742,-9.426721572875977
1777555013086788,1.9533947706222534,1.6572844982147217,-8.440106391906738,-92.83493041992188,-16.760986328125,-8.906251907348633
1777555013096730,2.2349441051483154,1.5630137920379639,-8.727787017822266,-98.90756225585938,-18.22098159790039,-10.656021118164062
1777555013106767,2.725947856903076,1.5578831434249878,-9.640114784240723,-113.97607421875,-20.88625144958496,-13.600027084350586
1777555013116742,3.0890369415283203,1.7347900867462158,-10.678394317626953,-127.89029693603516,-20.86313247680664,-15.27932357788086
1777555013126786,2.7928285598754883,2.1354992389678955,-10.686516761779785,-120.6688232421875,-11.345037460327148,-12.313624382019043
1777555013136736,2.3952746391296387,2.1499452590942383,-9.750893592834473,-105.25994873046875,-4.715317249298096,-10.308037757873535
1777555013146773,2.436438798904419,1.8861041069030762,-9.072579383850098,-98.98944091796875,-4.556711196899414,-11.591070175170898
1777555013156778,2.4056472778320312,1.8342528343200684,-8.776217460632324,-95.54182434082031,-4.0837907791137695,-11.74407958984375
1777555013166770,2.2766690254211426,1.8372949361801147,-8.524126052856445,-90.72419738769531,-2.0628514289855957,-10.882129669189453
1777555013176770,2.237548351287842,1.7582911252975464,-8.249214172363281,-87.45695495605469,-0.6575310230255127,-11.145711898803711
1777555013186780,2.249629020690918,1.7310582399368286,-8.051660537719727,-85.35368347167969,0.11698341369628906,-11.56335163116455
1777555013196717,2.740206718444824,1.5691438913345337,-8.48442554473877,-94.94000244140625,-2.4874753952026367,-15.056532859802246
1777555013206638,3.156306743621826,1.6576730012893677,-9.412764549255371,-108.4722671508789,-2.026209831237793,-17.448436737060547
1777555013216658,3.068179130554199,1.9685328006744385,-9.964706420898438,-110.20526885986328,3.1917200088500977,-16.042726516723633
1777555013226652,3.0750951766967773,1.9840787649154663,-9.967266082763672,-109.23188781738281,6.077316761016846,-16.612077713012695
1777555013236695,2.911447525024414,1.9674912691116333,-9.754495620727539,-103.81590270996094,8.957478523254395,-15.811050415039062
1777555013246733,2.9252071380615234,1.799108624458313,-9.488838195800781,-100.93299865722656,9.844404220581055,-17.001907348632812
1777555013256737,3.2992422580718994,1.59817373752594,-9.755514144897461,-107.47565460205078,9.660514831542969,-20.144176483154297
1777555013266695,3.4549334049224854,1.7495906352996826,-10.301277160644531,-112.77017211914062,12.997481346130371,-20.773229598999023
1777555013276738,3.1479969024658203,1.9917985200881958,-10.317719459533691,-108.1232681274414,17.93400764465332,-18.4715576171875
1777555013286690,3.2251174449920654,1.8736718893051147,-10.159405708312988,-107.7425308227539,18.579973220825195,-19.624164581298828
1777555013296748,3.23624849319458,1.893370509147644,-10.250802040100098,-107.87167358398438,21.760526657104492,-19.92001724243164
1777555013306691,3.0391440391540527,2.0208733081817627,-10.101395606994629,-103.15340423583984,25.486597061157227,-18.60525131225586
1777555013316744,2.7832601070404053,2.1057181358337402,-9.71365737915039,-95.82518005371094,28.83900260925293,-17.0550537109375
1777555013326695,2.509941816329956,2.0759377479553223,-9.207541465759277,-87.1708984375,31.349397659301758,-16.233657836914062
1777555013336732,2.543153762817383,1.9161368608474731,-8.80640697479248,-83.51701354980469,30.859844207763672,-17.2098445892334
1777555013346726,2.3163113594055176,1.9461807012557983,-8.596968650817871,-79.29448699951172,32.30845260620117,-15.37088394165039
1777555013356706,2.708455801010132,1.682120680809021,-8.784018516540527,-85.90203857421875,31.338886260986328,-18.860912322998047
1777555013366781,3.178135871887207,1.678276777267456,-9.785409927368164,-99.61856079101562,35.181541442871094,-22.599349975585938
1777555013376702,3.4485292434692383,1.9326786994934082,-10.924664497375488,-111.95794677734375,40.41592025756836,-23.945960998535156
1777555013386783,3.454986572265625,2.227613687515259,-11.664568901062012,-117.7117691040039,44.833892822265625,-22.789627075195312
1777555013396780,2.748317241668701,2.619523525238037,-11.39394760131836,-106.98230743408203,47.4025764465332,-16.500490188598633
1777555013406692,2.1151609420776367,2.534761905670166,-10.108226776123047,-88.88742065429688,44.503116607666016,-12.476551055908203
1777555013416775,2.122188091278076,2.0292224884033203,-9.077062606811523,-80.68270874023438,38.71003723144531,-14.221004486083984
1777555013426733,2.290266752243042,1.7727078199386597,-8.84221076965332,-80.9866714477539,37.084381103515625,-16.385812759399414
1777555013436729,2.9847769737243652,1.4596595764160156,-9.552428245544434,-95.87054443359375,38.861995697021484,-22.64716148376465
1777555013446690,3.439730167388916,1.5196020603179932,-11.248204231262207,-115.968994140625,46.30604553222656,-25.879013061523438
1777555013456736,3.162105083465576,2.1912357807159424,-12.168339729309082,-117.68506622314453,55.80795669555664,-22.494375228881836
1777555013466682,2.0731000900268555,2.722338914871216,-11.29588794708252,-96.53923797607422,56.5589485168457,-13.028255462646484
1777555013476737,1.5056393146514893,2.3477015495300293,-9.350811958312988,-73.95721435546875,47.105438232421875,-10.11725902557373
1777555013486694,1.472188949584961,1.76511812210083,-7.8590874671936035,-61.544307708740234,37.38766860961914,-11.678213119506836
1777555013496689,1.6874725818634033,1.302156925201416,-7.299384117126465,-59.95515823364258,32.777061462402344,-14.605712890625
1777555013506725,1.9799885749816895,1.0888222455978394,-7.6206793785095215,-65.9273681640625,33.73024368286133,-17.68268585205078
1777555013516702,2.4622230529785156,0.8339143991470337,-8.664626121520996,-80.33353424072266,38.44053268432617,-22.239456176757812
1777555013526726,2.688077926635742,1.1565098762512207,-9.796141624450684,-91.76754760742188,45.568336486816406,-23.23630142211914
1777555013536731,2.4832186698913574,1.4585810899734497,-10.555937767028809,-94.71129608154297,51.320858001708984,-21.343721389770508
1777555013546714,2.451408624649048,1.4185676574707031,-10.597489356994629,-94.7059555053711,52.18764114379883,-21.573047637939453
1777555013556596,2.3030076026916504,1.4841548204421997,-10.462721824645996,-91.35882568359375,51.34908676147461,-20.125202178955078
1777555013566563,2.2106592655181885,1.1825157403945923,-10.366731643676758,-90.29717254638672,50.37217330932617,-20.531452178955078
1777555013576546,2.2991132736206055,1.050939917564392,-10.309443473815918,-91.34815216064453,49.028770446777344,-21.501842498779297
1777555013586551,2.0162293910980225,1.2460684776306152,-10.12037467956543,-85.61036682128906,48.8167610168457,-18.345016479492188
1777555013596538,2.0009846687316895,0.8582505583763123,-9.805628776550293,-83.53155517578125,46.31858825683594,-19.63852310180664
1777555013606560,2.2929463386535645,0.609473705291748,-9.95695972442627,-88.07449340820312,45.53957748413086,-22.943235397338867
1777555013616652,2.2729170322418213,0.7379358410835266,-10.246883392333984,-89.82534790039062,47.78538513183594,-22.13456153869629
1777555013626605,2.1254708766937256,0.6479268670082092,-10.34516429901123,-90.11841583251953,47.88759994506836,-21.323871612548828
1777555013636665,1.8502094745635986,0.5900041460990906,-10.287857055664062,-88.80355072021484,47.49195861816406,-18.890962600708008
1777555013646553,1.5363136529922485,0.6902379989624023,-9.985535621643066,-83.7488021850586,46.6491813659668,-16.058429718017578
1777555013656659,1.543687343597412,0.7099460363388062,-9.581355094909668,-78.70293426513672,45.230125427246094,-16.49443817138672
1777555013666684,1.3776880502700806,0.5796297788619995,-9.115375518798828,-73.22093200683594,42.60792541503906,-15.942502975463867
1777555013676681,1.4770843982696533,0.23250827193260193,-8.940821647644043,-73.85990142822266,40.759605407714844,-17.667301177978516
1777555013686692,1.4811503887176514,0.09162496030330658,-9.20000171661377,-76.86425018310547,41.64707565307617,-18.29607391357422
1777555013696660,1.4241414070129395,0.050609882920980453,-9.465261459350586,-79.48408508300781,43.10245132446289,-17.895048141479492
1777555013706633,1.3340758085250854,0.24691706895828247,-9.472712516784668,-77.57398986816406,43.764732360839844,-16.544389724731445
1777555013716648,0.8318578004837036,0.7298644781112671,-8.680774688720703,-64.95486450195312,41.40926742553711,-11.102090835571289
1777555013726640,0.5358421206474304,0.6766538023948669,-7.413656711578369,-51.768577575683594,33.42832946777344,-8.42593765258789
1777555013736588,0.8215839862823486,0.10884390026330948,-6.933908462524414,-52.39255142211914,28.72508430480957,-12.19359016418457
1777555013746728,1.2546188831329346,-0.34267911314964294,-7.7112250328063965,-64.070556640625,32.094444274902344,-17.29574203491211
1777555013756679,1.2506370544433594,-0.22121697664260864,-8.80993366241455,-73.15534973144531,38.40639877319336,-17.012550354003906
1777555013766742,1.1503511667251587,0.10116782039403915,-9.230944633483887,-75.88047790527344,42.12074279785156,-15.215031623840332
1777555013776665,0.9176352024078369,0.476929247379303,-9.198918342590332,-70.91105651855469,44.24503707885742,-12.931324005126953
1777555013786744,0.8821640610694885,0.31125903129577637,-8.709257125854492,-66.92314147949219,41.030086517333984,-13.155145645141602
1777555013796704,0.9105328321456909,0.0445760041475296,-8.590624809265137,-68.10355377197266,40.100650787353516,-14.172906875610352
1777555013806673,0.9524861574172974,0.04810469597578049,-8.857598304748535,-70.77332305908203,41.95545196533203,-14.446830749511719
1777555013816686,1.0257622003555298,0.21917009353637695,-9.053559303283691,-73.84915161132812,43.48225021362305,-14.214727401733398
1777555013826728,0.9349467754364014,0.34705686569213867,-9.324111938476562,-75.9176025390625,45.384063720703125,-13.145523071289062
1777555013836672,0.849982500076294,0.47508344054222107,-9.556187629699707,-75.59070587158203,48.6153564453125,-12.692872047424316
1777555013846717,0.8573216199874878,0.37505996227264404,-9.603959083557129,-75.8554916381836,49.53343963623047,-13.62495231628418
1777555013856680,0.8699514865875244,0.23198121786117554,-9.636493682861328,-76.27922058105469,49.518611907958984,-14.518259048461914
1777555013866685,0.9450587034225464,0.05059294402599335,-9.852154731750488,-78.69989013671875,50.640419006347656,-15.973798751831055
1777555013876653,0.9030027389526367,-0.04128239303827286,-10.201841354370117,-82.14364624023438,53.00483322143555,-16.317041397094727
1777555013886647,0.8882158994674683,-0.04321717470884323,-10.570080757141113,-84.88975524902344,55.62467956542969,-16.607376098632812
1777555013896714,0.8170087337493896,-0.005052576772868633,-10.838191032409668,-86.84185028076172,57.967201232910156,-16.227828979492188
1777555013906664,0.8307236433029175,-0.044747404754161835,-11.034143447875977,-88.29153442382812,59.494728088378906,-16.797216415405273
1777555013916662,0.8575534820556641,-0.15879307687282562,-11.317337036132812,-91.52176666259766,61.51120376586914,-17.91645050048828
1777555013926617,0.9980807304382324,-0.21093952655792236,-11.76522159576416,-95.76129150390625,64.741943359375,-19.712757110595703
1777555013936664,1.0030755996704102,-0.1953434944152832,-12.13049030303955,-98.66229248046875,67.438232421875,-20.020233154296875
1777555013946626,0.8876228332519531,-0.08713529258966446,-12.231918334960938,-98.61434936523438,68.36540222167969,-18.524951934814453
1777555013956619,0.7814302444458008,-0.03563359007239342,-12.189685821533203,-97.77604675292969,68.00202941894531,-17.552936553955078
1777555013966603,0.6915221214294434,-0.09128154814243317,-12.202743530273438,-97.5467300415039,67.9393539428711,-17.189472198486328
1777555013976567,0.5617733001708984,-0.15145359933376312,-12.211027145385742,-97.1192626953125,68.1846923828125,-16.066341400146484
1777555013986587,0.4900963306427002,-0.2415265142917633,-12.26466178894043,-97.50608825683594,68.26779174804688,-16.068557739257812
1777555013996600,0.35736942291259766,-0.24024854600429535,-12.282967567443848,-97.66871643066406,68.17208099365234,-14.83382797241211
1777555014006599,0.2570068836212158,-0.20838429033756256,-12.264169692993164,-97.16789245605469,67.85397338867188,-13.562406539916992
1777555014016643,0.304240345954895,-0.2315261960029602,-12.29356861114502,-97.72577667236328,67.8837661743164,-13.776517868041992
1777555014026627,0.16314363479614258,-0.14500167965888977,-12.176433563232422,-96.02725982666016,66.53265380859375,-11.963860511779785
1777555014036682,0.00538790225982666,-0.02031119540333748,-11.850286483764648,-93.15972900390625,64.27562713623047,-9.76111888885498
1777555014046576,0.0031766891479492188,0.0721927359700203,-11.514129638671875,-89.70218658447266,61.84035110473633,-8.916633605957031
1777555014056558,0.05575227737426758,-0.19763723015785217,-11.387118339538574,-91.09168243408203,59.35366439819336,-9.709811210632324
1777555014066503,0.13586127758026123,-0.54221510887146,-11.93349838256836,-99.14286041259766,61.10045623779297,-11.249505996704102
1777555014076503,-0.026863932609558105,-0.40746620297431946,-12.70811653137207,-104.02225494384766,65.73908996582031,-9.707736015319824
1777555014086491,-0.22487986087799072,-0.11836925894021988,-12.763328552246094,-102.33995056152344,66.39688110351562,-7.011018753051758
1777555014096572,-0.25925588607788086,-0.06277328729629517,-12.312321662902832,-99.03736877441406,62.82552719116211,-5.498561859130859
1777555014106557,-0.21571075916290283,0.0047623151913285255,-11.980382919311523,-96.39519500732422,59.78880310058594,-4.669260025024414
1777555014116626,-0.13460278511047363,-0.08662723004817963,-11.808282852172852,-97.62654113769531,57.580379486083984,-5.294162750244141
1777555014126489,-0.0731513500213623,-0.43130216002464294,-12.330742835998535,-105.48185729980469,57.80081558227539,-6.001130104064941
1777555014136479,-0.2859445810317993,-0.16358046233654022,-12.924626350402832,-109.33850860595703,60.88430404663086,-2.9572954177856445
1777555014146498,-0.4202139377593994,0.26447704434394836,-12.719133377075195,-105.11891174316406,60.144901275634766,-0.056461334228515625
1777555014156484,-0.29486095905303955,-0.07079962641000748,-12.4195556640625,-107.80158233642578,54.99082946777344,-0.5430688858032227
1777555014166531,-0.48406553268432617,-0.03490804135799408,-12.909228324890137,-111.47132110595703,56.2031364440918,1.9409217834472656
1777555014176475,-0.7861225008964539,0.4904170036315918,-12.607858657836914,-104.441650390625,55.38582992553711,6.375831604003906
1777555014186510,-0.7472174167633057,0.6977418661117554,-11.560373306274414,-93.69300842285156,49.68026351928711,7.0930891036987305
1777555014196506,-0.2858762741088867,-0.29364028573036194,-11.388954162597656,-103.19139099121094,41.27290344238281,3.0002946853637695
1777555014206476,-0.34655022621154785,-0.41097137331962585,-12.657001495361328,-118.8716049194336,43.17105484008789,5.5911712646484375
1777555014216512,-0.7836271524429321,0.6319831609725952,-13.070148468017578,-112.02912139892578,48.260955810546875,11.958988189697266
1777555014226508,-0.5978608131408691,0.41570428013801575,-11.862136840820312,-104.75253295898438,38.730186462402344,10.887192726135254
1777555014236477,-0.18034136295318604,-0.5248672962188721,-12.126832008361816,-121.07685852050781,27.263229370117188,9.428228378295898
1777555014246482,-0.31699514389038086,-0.4323008060455322,-13.742728233337402,-139.3555145263672,27.435821533203125,14.786943435668945
1777555014256489,-0.7860162258148193,0.4015266001224518,-13.953503608703613,-134.1655731201172,28.980775833129883,21.838520050048828
1777555014266506,-1.0322484970092773,1.0164299011230469,-12.35952377319336,-112.82647705078125,24.60159683227539,24.213665008544922
1777555014276517,-0.5196250677108765,0.08596587181091309,-11.256645202636719,-114.04727935791016,8.247812271118164,20.199722290039062
1777555014286526,-0.22994017601013184,-0.6630759239196777,-12.339521408081055,-136.45797729492188,-1.4564785957336426,20.924768447875977
1777555014296531,-0.7702450752258301,0.46188706159591675,-12.897394180297852,-130.05162048339844,6.016016960144043,27.737590789794922
1777555014306542,-0.6502760648727417,0.416458398103714,-11.791755676269531,-120.46121978759766,0.2756528854370117,25.948583602905273
1777555014316530,-0.2798123359680176,-0.27247387170791626,-11.861858367919922,-130.42442321777344,-10.343512535095215,23.463682174682617
1777555014326461,-0.3815493583679199,-0.10478761047124863,-12.52165412902832,-136.1776885986328,-10.712807655334473,26.28878402709961
1777555014336489,-0.5535409450531006,0.2941635549068451,-12.290520668029785,-129.85150146484375,-9.3902006149292,27.600706100463867
1777555014346524,-0.5432934761047363,0.43434521555900574,-11.490154266357422,-118.96504974365234,-9.370475769042969,25.895532608032227
1777555014356531,-0.35167157649993896,-0.0485440269112587,-11.152379035949707,-121.00373840332031,-17.929153442382812,23.938323974609375
1777555014366524,-0.4082770347595215,-0.23556570708751678,-11.550615310668945,-126.10690307617188,-22.327667236328125,25.519731521606445
1777555014376497,-0.4267115592956543,-0.48861536383628845,-12.141427040100098,-135.08966064453125,-28.343278884887695,27.118141174316406
1777555014386518,-0.506993293762207,-0.412150502204895,-12.649984359741211,-141.25050354003906,-31.866737365722656,29.164323806762695
1777555014396508,-0.6869531869888306,-0.08577296137809753,-12.505769729614258,-135.21339416503906,-28.23639488220215,29.901451110839844
1777555014406470,-0.5981540679931641,-0.29962560534477234,-12.249354362487793,-135.65478515625,-33.79045104980469,28.644115447998047
1777555014416537,-0.6459704637527466,-0.12138330191373825,-12.29556655883789,-136.55303955078125,-36.12965393066406,29.015649795532227
1777555014426516,-0.7537424564361572,0.03255978599190712,-12.147563934326172,-131.68858337402344,-35.05788040161133,28.976255416870117
1777555014436477,-0.5949258804321289,-0.6243910789489746,-12.58523941040039,-141.86354064941406,-45.97228240966797,28.77019691467285
1777555014446496,-0.6647095680236816,-0.6085949540138245,-13.094527244567871,-147.1951141357422,-49.3076171875,30.201086044311523
1777555014456465,-0.8114223480224609,-0.39439913630485535,-12.879894256591797,-140.8243865966797,-47.78186798095703,30.038484573364258
1777555014466488,-0.7532539367675781,-0.4288616478443146,-12.441466331481934,-135.79232788085938,-49.545814514160156,28.070640563964844
1777555014476467,-0.6808241605758667,-0.5673474669456482,-12.313690185546875,-136.12332153320312,-54.231170654296875,26.573829650878906
1777555014486484,-0.7304171323776245,-0.17938053607940674,-11.693056106567383,-123.7265853881836,-48.25239562988281,25.12421989440918
1777555014496470,-0.567852258682251,-0.4786022901535034,-11.23680591583252,-120.86131286621094,-51.865291595458984,22.32023811340332
1777555014506458,-0.3967263698577881,-1.1147184371948242,-12.163756370544434,-139.04196166992188,-66.85418701171875,22.60452651977539
1777555014516463,-0.5418503284454346,-0.7574900984764099,-12.865049362182617,-145.6298370361328,-68.11378479003906,24.076507568359375
1777555014526469,-0.6830229759216309,-0.5581373572349548,-12.682053565979004,-139.71815490722656,-63.61573791503906,24.544696807861328
1777555014536468,-0.5631227493286133,-0.7630754709243774,-12.586967468261719,-140.90420532226562,-66.15287780761719,23.573610305786133
1777555014546510,-0.7603552341461182,-0.3142441213130951,-12.303231239318848,-131.23065185546875,-61.224395751953125,23.46213150024414
1777555014556463,-0.6114292144775391,-0.5202117562294006,-11.591694831848145,-124.70285034179688,-61.35463333129883,20.863121032714844
1777555014566513,-0.5237128734588623,-0.9804837107658386,-12.114175796508789,-135.6607666015625,-70.8632583618164,21.085277557373047
1777555014576468,-0.5896689891815186,-0.5670605301856995,-12.287747383117676,-135.56324768066406,-68.25357818603516,20.94710350036621
1777555014586507,-0.5604603290557861,-0.1446632742881775,-11.505986213684082,-122.8541030883789,-59.125205993652344,19.177364349365234
1777555014596469,-0.3697686195373535,-0.36058932542800903,-11.297891616821289,-123.48777770996094,-61.730587005615234,17.21513557434082
1777555014606454,-0.27868056297302246,-0.7752529382705688,-12.307158470153809,-142.31781005859375,-73.99010467529297,18.555999755859375
1777555014616528,-0.3457193374633789,-0.5140643119812012,-13.273974418640137,-154.02523803710938,-76.61627197265625,19.848072052001953
1777555014626512,-0.3922452926635742,0.1509162336587906,-13.16429615020752,-147.8150634765625,-68.95201110839844,18.873876571655273
1777555014636471,-0.3200232982635498,0.1919766366481781,-12.638164520263672,-141.02252197265625,-65.5247573852539,17.231943130493164
1777555014646480,-0.18306541442871094,0.0466083362698555,-12.591486930847168,-143.26449584960938,-69.02067565917969,15.706014633178711
1777555014656474,-0.06645631790161133,-0.009148318320512772,-13.194317817687988,-153.1817626953125,-74.98054504394531,14.849456787109375
1777555014666473,-0.0251617431640625,0.3371981382369995,-13.438676834106445,-153.88275146484375,-73.26229095458984,14.004497528076172
1777555014676467,0.12287306785583496,0.7242587804794312,-12.922957420349121,-145.53758239746094,-66.55101776123047,10.98785400390625
1777555014686477,0.20575714111328125,0.8500912189483643,-12.017414093017578,-132.53533935546875,-59.61306381225586,8.524188995361328
1777555014696445,0.4482693672180176,0.49443888664245605,-11.983505249023438,-136.84661865234375,-66.234375,6.13868522644043
1777555014706465,0.6851575374603271,0.48141175508499146,-12.82044506072998,-149.9263916015625,-73.12242126464844,4.490983963012695
1777555014716461,0.8001632690429688,0.6460963487625122,-13.50683879852295,-158.6305694580078,-76.03398895263672,3.6350250244140625
1777555014726467,0.75821852684021,0.743166446685791,-13.699798583984375,-160.29681396484375,-75.34620666503906,4.481327056884766
1777555014736429,0.6662168502807617,0.8017885088920593,-13.420087814331055,-154.85899353027344,-71.72157287597656,5.757213592529297
1777555014746471,0.5928454399108887,0.7259105443954468,-13.094856262207031,-150.08673095703125,-69.9603271484375,5.66404914855957
1777555014756427,0.8288304805755615,0.5998692512512207,-13.177858352661133,-151.5858917236328,-70.94036102294922,3.952373504638672
1777555014766455,1.1184203624725342,0.6444441676139832,-13.356181144714355,-156.3966064453125,-72.63571166992188,0.8801765441894531
1777555014776459,1.157498836517334,0.8935045003890991,-13.565910339355469,-160.34713745117188,-74.84537506103516,-0.36890220642089844
1777555014786462,1.2650017738342285,1.0834611654281616,-13.680121421813965,-161.32693481445312,-73.75141143798828,-1.2655811309814453
1777555014796468,1.1994092464447021,1.0975549221038818,-13.475475311279297,-158.96575927734375,-71.80884552001953,-0.5721111297607422
1777555014806477,1.1269826889038086,1.07278573513031,-13.231325149536133,-155.3330841064453,-69.51431274414062,0.42644500732421875
1777555014816472,1.0925536155700684,1.0769985914230347,-12.97212028503418,-151.02740478515625,-67.00956726074219,0.7392616271972656
1777555014826448,1.2487499713897705,0.8995048403739929,-13.012669563293457,-152.7192840576172,-66.66899108886719,0.03458595275878906
1777555014836399,1.5112955570220947,1.0645233392715454,-13.087814331054688,-157.77810668945312,-67.58832550048828,-2.5542640686035156
1777555014846380,1.4854576587677002,1.2866027355194092,-13.54100513458252,-163.7874755859375,-68.49623107910156,-1.756805419921875
1777555014856430,1.4156835079193115,1.3894991874694824,-13.788265228271484,-165.5049285888672,-67.92289733886719,-0.5232734680175781
1777555014866465,1.4247958660125732,1.4459856748580933,-13.667144775390625,-163.973388671875,-65.86549377441406,-0.33436012268066406
1777555014876450,1.4506049156188965,1.5542521476745605,-13.421197891235352,-159.29966735839844,-61.683353424072266,-0.9192562103271484
1777555014886464,1.5440700054168701,1.5204823017120361,-13.242195129394531,-157.6280059814453,-61.2935905456543,-2.1328773498535156
1777555014896427,1.6610760688781738,1.5427286624908447,-13.272634506225586,-158.2396240234375,-61.007667541503906,-3.3432483673095703
1777555014906391,1.628211498260498,1.6545460224151611,-13.017192840576172,-151.6919403076172,-56.12860870361328,-3.1829681396484375
1777555014916390,1.541424036026001,1.6422892808914185,-12.29932975769043,-140.85874938964844,-51.94309616088867,-3.5559749603271484
1777555014926389,1.524317741394043,1.4655355215072632,-11.700424194335938,-133.77078247070312,-50.69752883911133,-4.298715591430664
1777555014936404,1.6719162464141846,1.3122665882110596,-11.682083129882812,-135.99063110351562,-53.62065887451172,-5.897382736206055
1777555014946428,1.794384241104126,1.2266758680343628,-12.027654647827148,-141.33851623535156,-56.290191650390625,-6.441373825073242
1777555014956408,1.6631479263305664,1.322715401649475,-11.951651573181152,-138.41085815429688,-53.66554260253906,-5.141345977783203
1777555014966455,1.3740251064300537,1.3459972143173218,-11.285818099975586,-127.28907775878906,-48.587059020996094,-3.1011390686035156
1777555014976476,1.2238242626190186,1.2972545623779297,-10.522863388061523,-116.1251220703125,-44.17803955078125,-2.6751842498779297
1777555014986500,1.2615149021148682,1.1274993419647217,-10.011628150939941,-111.26616668701172,-44.02602005004883,-3.4711971282958984
1777555014996518,1.3482894897460938,1.001686692237854,-10.035486221313477,-113.20825958251953,-46.41127014160156,-4.264553070068359
1777555015006512,1.4211506843566895,0.9700088500976562,-10.339448928833008,-117.62271881103516,-48.23685836791992,-4.532697677612305
1777555015016462,1.3792610168457031,1.0628727674484253,-10.464706420898438,-118.7333984375,-48.117244720458984,-4.075325012207031
1777555015026534,1.2851896286010742,1.1649761199951172,-10.280746459960938,-115.32521057128906,-45.517879486083984,-3.493600845336914
1777555015036507,1.1769390106201172,1.1332539319992065,-9.910284042358398,-109.22904968261719,-42.348182678222656,-2.9683408737182617
1777555015046414,1.2344107627868652,1.0859259366989136,-9.56855583190918,-106.2325668334961,-41.49713897705078,-3.7677221298217773
1777555015056482,1.3503203392028809,1.0880436897277832,-9.528650283813477,-106.05260467529297,-41.34326171875,-4.759973526000977
1777555015066408,1.506141185760498,1.12625253200531,-9.666147232055664,-108.4024429321289,-41.652462005615234,-6.495438575744629
1777555015076460,1.6809568405151367,1.1561356782913208,-9.834413528442383,-110.65116119384766,-41.44084930419922,-7.645605087280273
1777555015086412,1.7674486637115479,1.1611675024032593,-9.869293212890625,-111.52427673339844,-40.982574462890625,-8.347600936889648
1777555015096411,1.8332083225250244,1.193743348121643,-9.800291061401367,-108.86326599121094,-36.90291976928711,-8.675867080688477
1777555015106383,1.8612499237060547,1.2594971656799316,-9.384557723999023,-102.65499877929688,-32.81632614135742,-9.480477333068848
1777555015116393,1.9185395240783691,1.2443721294403076,-8.97366714477539,-98.98246002197266,-31.05243682861328,-10.594240188598633
1777555015126404,1.9616822004318237,1.196184515953064,-8.969480514526367,-100.30326843261719,-31.30023956298828,-10.429614067077637
1777555015136344,2.0480265617370605,1.2772818803787231,-9.2202730178833,-104.9223861694336,-32.240013122558594,-10.433757781982422
1777555015146431,2.1755900382995605,1.3815613985061646,-9.56584644317627,-110.2192611694336,-31.830799102783203,-11.024361610412598
1777555015156381,2.209940195083618,1.5870054960250854,-9.704182624816895,-109.74689483642578,-28.03691864013672,-10.827486991882324
1777555015166385,2.029599666595459,1.6783668994903564,-9.177898406982422,-100.88694763183594,-21.251585006713867,-9.234909057617188
1777555015176375,1.910515308380127,1.6485601663589478,-8.537372589111328,-92.67402648925781,-17.177486419677734,-8.461180686950684
1777555015186424,2.036569356918335,1.567773699760437,-8.476096153259277,-93.54098510742188,-17.068805694580078,-9.320907592773438
1777555015196472,2.5140790939331055,1.4876017570495605,-9.219095230102539,-107.87601470947266,-21.01412010192871,-12.06848430633545
1777555015206455,2.946232318878174,1.6245014667510986,-10.389932632446289,-124.38360595703125,-22.380199432373047,-14.221121788024902
1777555015216492,2.886037588119507,1.9759135246276855,-10.818258285522461,-125.1434326171875,-15.67752456665039,-12.729748725891113
1777555015226453,2.3480372428894043,2.2159881591796875,-9.97342586517334,-108.12477111816406,-5.542245388031006,-9.228806495666504
1777555015236362,2.380293130874634,1.933720350265503,-9.258973121643066,-100.42996978759766,-5.076786518096924,-10.597003936767578
1777555015246346,2.411869525909424,1.8282880783081055,-8.885196685791016,-97.1695556640625,-4.2388505935668945,-11.206741333007812
1777555015256401,2.292062282562256,1.8639001846313477,-8.615585327148438,-92.4435043334961,-2.3978192806243896,-10.83917236328125
1777555015266397,2.233001708984375,1.8019710779190063,-8.33855152130127,-88.100830078125,-0.5297870635986328,-10.94101333618164
1777555015276436,2.1593685150146484,1.739187240600586,-8.028328895568848,-83.70053100585938,0.399951696395874,-10.706610679626465
1777555015286435,2.5160510540008545,1.581329345703125,-8.182235717773438,-89.93492126464844,-1.7062699794769287,-13.552149772644043
1777555015296476,3.091897487640381,1.6044559478759766,-9.133626937866211,-105.27043914794922,-2.5940465927124023,-17.411121368408203
1777555015306482,3.1920278072357178,1.8860007524490356,-9.969721794128418,-112.92929077148438,1.78706693649292,-17.044031143188477
1777555015316450,2.9550676345825195,2.0857059955596924,-10.053017616271973,-109.02269744873047,6.835773468017578,-15.144186973571777
1777555015326438,2.881284713745117,2.0196597576141357,-9.720804214477539,-103.72206115722656,8.738088607788086,-15.127668380737305
1777555015336410,2.833648204803467,1.8729562759399414,-9.41989517211914,-99.5290756225586,10.472928047180176,-15.81539249420166
1777555015346382,3.1458957195281982,1.6782267093658447,-9.514433860778809,-103.49304962158203,10.436112403869629,-18.77791976928711
1777555015356395,3.514716625213623,1.6769838333129883,-10.164408683776855,-113.06663513183594,12.030817031860352,-21.532882690429688
1777555015366439,3.3236582279205322,1.9787169694900513,-10.538187026977539,-112.61241149902344,17.87567138671875,-19.548053741455078
1777555015376393,3.1917285919189453,2.0165562629699707,-10.372096061706543,-108.56756591796875,20.481264114379883,-18.763324737548828
1777555015386392,3.2212865352630615,1.9524896144866943,-10.263738632202148,-107.28072357177734,21.91576385498047,-19.694210052490234
1777555015396392,3.100381851196289,2.0411157608032227,-10.18349838256836,-104.22089385986328,25.456344604492188,-19.120805740356445
1777555015406392,2.874159336090088,2.1204845905303955,-9.834203720092773,-97.84362030029297,28.573978424072266,-17.653594970703125
1777555015416382,2.5346903800964355,2.176413059234619,-9.374410629272461,-88.45165252685547,31.5556640625,-15.638216972351074
1777555015426391,2.5836386680603027,1.9346343278884888,-8.908823013305664,-84.42422485351562,31.25090980529785,-17.236547470092773
1777555015436395,2.3238487243652344,1.9900054931640625,-8.590906143188477,-79.22010803222656,32.76689147949219,-15.440494537353516
1777555015446382,2.4816176891326904,1.8437285423278809,-8.530162811279297,-80.84639739990234,32.216678619384766,-17.083593368530273
1777555015456434,3.069486618041992,1.675530195236206,-9.34478759765625,-94.81126403808594,34.124481201171875,-22.087902069091797
1777555015466417,3.338204860687256,1.8907077312469482,-10.59289264678955,-107.90559387207031,40.72654724121094,-23.527652740478516
1777555015476403,3.4573774337768555,2.141547679901123,-11.466389656066895,-116.28978729248047,45.25228500366211,-23.809764862060547
1777555015486398,3.1192545890808105,2.4777426719665527,-11.641470909118652,-113.49870300292969,48.55019760131836,-19.91582489013672
1777555015496394,2.331785202026367,2.683295965194702,-10.786426544189453,-96.54389953613281,47.973846435546875,-13.544967651367188
1777555015506386,2.1208503246307373,2.2568905353546143,-9.633994102478027,-84.66834259033203,42.70772171020508,-13.898086547851562
1777555015516384,2.3037753105163574,1.8694918155670166,-9.085362434387207,-82.87718963623047,39.0987663269043,-16.287986755371094
1777555015526388,2.5291693210601807,1.7848249673843384,-9.301878929138184,-87.44261169433594,39.93916702270508,-18.119951248168945
1777555015536384,3.1243526935577393,1.5027480125427246,-10.325196266174316,-103.37277221679688,44.19853210449219,-24.14763069152832
1777555015546379,3.283459424972534,1.6982014179229736,-11.727651596069336,-116.22152709960938,51.86969757080078,-24.514551162719727
1777555015556408,2.7951180934906006,2.3521223068237305,-11.918900489807129,-110.38770294189453,57.510501861572266,-19.616994857788086
1777555015566367,1.7086143493652344,2.690005302429199,-10.601590156555176,-85.91268920898438,54.487552642822266,-10.700109481811523
1777555015576413,1.4856305122375488,2.0718400478363037,-8.714655876159668,-67.77596282958984,43.212467193603516,-10.921625137329102
1777555015586420,1.5877279043197632,1.530182957649231,-7.637520790100098,-60.909969329833984,35.511409759521484,-13.224687576293945
1777555015596384,1.7260855436325073,1.3057146072387695,-7.388688564300537,-60.58168029785156,33.43302536010742,-15.18454647064209
1777555015606366,2.1255037784576416,0.8451994061470032,-8.01061725616455,-71.13134765625,36.07656478881836,-20.036161422729492
1777555015616352,2.721010208129883,0.7979100942611694,-9.3040771484375,-88.0551528930664,41.691307067871094,-24.63465118408203
1777555015626359,2.6026716232299805,1.4179668426513672,-10.355646133422852,-94.37909698486328,50.17367172241211,-22.329483032226562
1777555015636428,2.375150680541992,1.4925287961959839,-10.632719993591309,-93.69236755371094,53.1666259765625,-20.98828125
1777555015646428,2.3621153831481934,1.4833064079284668,-10.388495445251465,-91.21334838867188,51.76005554199219,-20.655500411987305
1777555015656409,2.101605176925659,1.3827608823776245,-10.241094589233398,-87.2231674194336,51.04413604736328,-19.177257537841797
1777555015666440,2.341212272644043,0.9206156730651855,-10.215271949768066,-90.45120239257812,49.25271224975586,-22.301536560058594
1777555015676426,2.330864191055298,1.007685899734497,-10.460886001586914,-92.44432067871094,50.653778076171875,-22.129375457763672
1777555015686442,2.0006651878356934,1.1463727951049805,-10.350900650024414,-87.47522735595703,50.988224029541016,-19.430538177490234
1777555015696412,1.9922674894332886,0.8894231915473938,-9.975515365600586,-84.13406372070312,48.014060974121094,-20.212257385253906
1777555015706430,2.3282690048217773,0.5458859205245972,-10.069015502929688,-89.03890991210938,47.015079498291016,-23.50508689880371
1777555015716435,2.219998598098755,0.6794694066047668,-10.441164016723633,-90.5520248413086,49.66082763671875,-22.652938842773438
1777555015726403,2.0008726119995117,0.6064686179161072,-10.36296272277832,-89.8908462524414,49.08432388305664,-20.615234375
1777555015736422,1.4879454374313354,0.8011078834533691,-9.98046875,-82.20989227294922,47.71791076660156,-15.686786651611328
1777555015746440,1.6164103746414185,0.4651792347431183,-9.720619201660156,-81.25409698486328,45.406349182128906,-18.005168914794922
1777555015756457,1.5497870445251465,0.6350690722465515,-9.496833801269531,-77.03704071044922,45.42557907104492,-17.216114044189453
1777555015766458,1.3820173740386963,0.5040423274040222,-9.028585433959961,-72.07795715332031,42.44060134887695,-16.324077606201172
1777555015776404,1.3662614822387695,0.20348650217056274,-8.868861198425293,-72.10352325439453,40.811588287353516,-17.079139709472656
1777555015786426,1.5196162462234497,-0.005198588594794273,-9.180339813232422,-76.84577178955078,41.51670455932617,-18.998640060424805
1777555015796374,1.4434475898742676,0.0019241636618971825,-9.594724655151367,-80.00956726074219,44.200408935546875,-18.357894897460938
1777555015806393,1.132152795791626,0.3722701370716095,-9.410717964172363,-74.16171264648438,44.239356994628906,-14.517095565795898
1777555015816373,0.6156061887741089,0.8057142496109009,-8.249968528747559,-58.787689208984375,38.84838104248047,-9.144060134887695
1777555015826350,0.6037322282791138,0.5043092966079712,-7.08426570892334,-49.919471740722656,30.442480087280273,-9.196874618530273
1777555015836383,1.0033665895462036,-0.16214486956596375,-7.220829010009766,-57.18674087524414,29.80942153930664,-14.732538223266602
1777555015846393,1.2971259355545044,-0.3918137550354004,-8.339489936828613,-69.90614318847656,35.72797775268555,-18.06576919555664
1777555015856352,1.2634766101837158,-0.15445545315742493,-9.26499080657959,-77.49534606933594,41.90407943725586,-17.07787322998047
1777555015866384,0.9483926296234131,0.43057766556739807,-9.28406810760498,-73.14125061035156,44.3062744140625,-12.893404960632324
1777555015876350,0.8048887252807617,0.5485503673553467,-8.736405372619629,-66.02155303955078,42.175716400146484,-11.956989288330078
1777555015886342,0.9075072407722473,0.09312544018030167,-8.482205390930176,-66.36329650878906,39.18281936645508,-13.88591194152832
1777555015896351,0.9731833934783936,-0.04348050430417061,-8.763325691223145,-70.28697204589844,41.25457000732422,-15.226516723632812
1777555015906419,0.9872870445251465,0.19975468516349792,-8.999933242797852,-71.98273468017578,43.32682800292969,-14.4545259475708
1777555015916322,0.9976668357849121,0.2575830817222595,-9.15146255493164,-74.86451721191406,43.63684844970703,-13.615612030029297
1777555015926349,0.8911492824554443,0.4427914619445801,-9.400026321411133,-75.660400390625,47.23014831542969,-12.59195327758789
1777555015936352,0.8659359216690063,0.42177823185920715,-9.63390064239502,-75.90799713134766,49.07106018066406,-13.266633987426758
1777555015946359,0.8859262466430664,0.3155577778816223,-9.717663764953613,-76.45713806152344,49.681339263916016,-14.1307954788208
1777555015956389,0.9109253883361816,0.18807032704353333,-9.771371841430664,-77.4166030883789,50.37146759033203,-15.11420726776123
1777555015966385,0.9354352951049805,0.00987557228654623,-10.041849136352539,-80.39118194580078,51.70858383178711,-16.103473663330078
1777555015976349,0.892485499382019,-0.06145120784640312,-10.412296295166016,-83.86387634277344,54.49947738647461,-16.455163955688477
1777555015986397,0.8738281726837158,-0.02205623686313629,-10.735895156860352,-86.16303253173828,56.86480712890625,-16.418487548828125
1777555015996362,0.824638843536377,-0.0649084746837616,-10.964264869689941,-87.75919342041016,58.86456298828125,-16.618406295776367
1777555016006354,0.8679275512695312,-0.1222539022564888,-11.217012405395508,-90.10357666015625,60.968650817871094,-17.699153900146484
1777555016016464,0.9851845502853394,-0.14531968533992767,-11.5292329788208,-93.17515563964844,63.03523254394531,-18.817623138427734
1777555016026476,0.9974530935287476,-0.19712014496326447,-11.926135063171387,-97.09435272216797,65.72959899902344,-19.782997131347656
1777555016036409,0.9482905864715576,-0.12742826342582703,-12.218343734741211,-98.75443267822266,68.1571044921875,-19.317638397216797
1777555016046349,0.8400453329086304,-0.02234877273440361,-12.189044952392578,-97.82433319091797,68.32364654541016,-18.07016372680664
1777555016056373,0.7333062887191772,-0.1256517767906189,-12.157987594604492,-97.87611389160156,67.77058410644531,-17.443063735961914
1777555016066334,0.6428701877593994,-0.13061462342739105,-12.259073257446289,-98.3436508178711,68.73893737792969,-16.95064926147461
1777555016076315,0.5898786783218384,-0.1653614491224289,-12.36767578125,-98.09654235839844,69.4228744506836,-16.583751678466797
1777555016086297,0.4627962112426758,-0.2817623019218445,-12.334671020507812,-98.46659851074219,68.86103057861328,-15.985156059265137
1777555016096336,0.30631422996520996,-0.13604910671710968,-12.322446823120117,-97.12369537353516,68.75878143310547,-14.135886192321777
1777555016106390,0.26407408714294434,-0.2378791868686676,-12.199638366699219,-96.98193359375,67.49568939208984,-13.857264518737793
1777555016116417,0.2302391529083252,-0.2768703103065491,-12.274660110473633,-97.74227142333984,67.66109466552734,-13.608797073364258
1777555016126392,0.07598888874053955,-0.08051784336566925,-12.137720108032227,-95.55935668945312,66.4114990234375,-11.272425651550293
1777555016136316,-0.025357961654663086,0.07498423010110855,-11.702020645141602,-91.16110229492188,63.515907287597656,-9.15953254699707
1777555016146389,-0.02009892463684082,0.025397997349500656,-11.304080963134766,-88.31822967529297,59.989315032958984,-8.851266860961914
1777555016156316,0.12354087829589844,-0.39628690481185913,-11.45772647857666,-93.91798400878906,59.248172760009766,-10.868334770202637
1777555016166355,0.08696150779724121,-0.607661783695221,-12.381325721740723,-102.89128875732422,63.60444641113281,-11.36861801147461
1777555016176403,-0.1684635877609253,-0.2609703838825226,-12.896564483642578,-104.12330627441406,67.234619140625,-8.122333526611328
1777555016186434,-0.26203155517578125,-0.09842024743556976,-12.685455322265625,-101.49612426757812,65.56517028808594,-6.2835187911987305
1777555016196355,-0.2560408115386963,0.1182936429977417,-12.153390884399414,-95.90055084228516,61.91468811035156,-4.834036827087402
1777555016206405,-0.19818115234375,0.04616296663880348,-11.513090133666992,-92.87604522705078,56.68023681640625,-4.458368301391602
1777555016216381,-0.06400823593139648,-0.36871764063835144,-11.827082633972168,-100.29199981689453,55.67709732055664,-6.043436050415039
1777555016226447,-0.18409967422485352,-0.498348206281662,-12.806915283203125,-110.0037841796875,59.76637268066406,-5.102139472961426
1777555016236317,-0.45154666900634766,0.1312917023897171,-13.045583724975586,-108.18333435058594,62.10105895996094,-0.4549264907836914
1777555016246320,-0.4623837471008301,0.2472705990076065,-12.524422645568848,-104.4120101928711,58.32457733154297,0.9524087905883789
1777555016256339,-0.434248685836792,-0.09889718145132065,-12.462759017944336,-108.51069641113281,53.96481704711914,1.4654407501220703
1777555016266350,-0.5779839754104614,-0.007609564810991287,-12.981393814086914,-111.43877410888672,56.105289459228516,3.0489368438720703
1777555016276329,-0.8374985456466675,0.6810717582702637,-12.375696182250977,-99.85409545898438,54.62044906616211,7.33643913269043
1777555016286370,-0.6227096319198608,0.3050910234451294,-11.32052993774414,-95.7233657836914,45.453033447265625,5.933149337768555
1777555016296424,-0.316342830657959,-0.449476957321167,-11.913626670837402,-110.24222564697266,41.3547477722168,3.7795629501342773
1777555016306395,-0.5517460107803345,-0.05673375725746155,-13.001592636108398,-117.43635559082031,45.56316375732422,8.215551376342773
1777555016316309,-0.8387268781661987,0.6804075241088867,-12.425728797912598,-106.56913757324219,43.82212448120117,13.2716703414917
1777555016326383,-0.44312167167663574,-0.03557789698243141,-11.871194839477539,-110.85501098632812,32.60175704956055,10.486793518066406
1777555016336271,-0.22098278999328613,-0.6397316455841064,-12.999074935913086,-131.34384155273438,26.6905574798584,11.670618057250977
1777555016346313,-0.554908037185669,-0.03929973393678665,-13.936665534973145,-139.2769775390625,27.52067756652832,18.80967903137207
1777555016356263,-1.0149791240692139,0.8753088116645813,-13.297490119934082,-123.76902770996094,27.878026962280273,24.39900779724121
1777555016366308,-0.8134664297103882,0.7407056093215942,-11.626131057739258,-109.21282958984375,17.794357299804688,22.231094360351562
1777555016376326,-0.21124911308288574,-0.5736030340194702,-11.690750122070312,-127.36164093017578,0.47718000411987305,19.21910285949707
1777555016386347,-0.5376040935516357,-0.07311452925205231,-12.872119903564453,-136.38096618652344,2.2068614959716797,25.433961868286133
1777555016396338,-0.8599483966827393,0.7394732236862183,-12.351744651794434,-121.47765350341797,5.694828033447266,28.201309204101562
1777555016406317,-0.35091233253479004,-0.19958874583244324,-11.820247650146484,-127.82240295410156,-7.662460803985596,23.98894691467285
1777555016416337,-0.40260910987854004,-0.11292432248592377,-12.271761894226074,-134.047607421875,-9.747356414794922,26.105255126953125
1777555016426325,-0.49727964401245117,0.11552900820970535,-12.418436050415039,-132.52719116210938,-9.45962905883789,27.39370346069336
1777555016436339,-0.5955954790115356,0.3465900421142578,-11.83725643157959,-122.82469940185547,-8.861519813537598,26.820037841796875
1777555016446323,-0.4081002473831177,0.04794827103614807,-11.332418441772461,-121.38053894042969,-14.410534858703613,24.83911895751953
1777555016456319,-0.41615068912506104,-0.04867735505104065,-11.36620044708252,-122.8776626586914,-18.459171295166016,24.97524070739746
1777555016466280,-0.447826623916626,-0.323900043964386,-11.733713150024414,-129.04483032226562,-23.938993453979492,26.268230438232422
1777555016476295,-0.4458763599395752,-0.5758846402168274,-12.457533836364746,-141.03323364257812,-31.422388076782227,27.984474182128906
1777555016486326,-0.6603678464889526,-0.20306934416294098,-12.797962188720703,-141.1095733642578,-29.701913833618164,30.378767013549805
1777555016496324,-0.7534075975418091,-0.024111289530992508,-12.34852409362793,-133.2880859375,-27.47047233581543,30.049224853515625
1777555016506300,-0.6399025917053223,-0.28135475516319275,-12.213655471801758,-136.17218017578125,-34.531951904296875,28.7300968170166
1777555016516271,-0.7380049228668213,-0.033984631299972534,-12.22003173828125,-134.25363159179688,-34.76203155517578,29.381946563720703
1777555016526271,-0.7309341430664062,-0.24546237289905548,-12.321573257446289,-136.41046142578125,-39.33199691772461,29.308731079101562
1777555016536318,-0.6405923366546631,-0.5992571115493774,-12.900899887084961,-145.78611755371094,-47.49932861328125,29.8592586517334
1777555016546289,-0.7797348499298096,-0.4629687964916229,-13.066919326782227,-143.65914916992188,-46.992523193359375,30.776185989379883
1777555016556261,-0.7650951147079468,-0.4497331380844116,-12.706886291503906,-138.636474609375,-47.96611404418945,29.213775634765625
1777555016566262,-0.7194429636001587,-0.5233303904533386,-12.35033893585205,-135.35891723632812,-50.63043212890625,27.72543716430664
1777555016576296,-0.696622371673584,-0.30169281363487244,-11.841696739196777,-127.79972839355469,-49.34893035888672,25.634267807006836
1777555016586356,-0.6433223485946655,-0.2991201877593994,-11.319599151611328,-120.17296600341797,-48.351688385009766,23.62285804748535
1777555016596304,-0.4625086784362793,-0.9548473358154297,-11.897758483886719,-133.8463592529297,-61.59559631347656,23.115673065185547
1777555016606314,-0.5536553859710693,-0.9059063196182251,-12.731061935424805,-144.42758178710938,-66.64116668701172,24.874162673950195
1777555016616344,-0.7214772701263428,-0.49874094128608704,-12.69672966003418,-139.11172485351562,-62.25043869018555,25.259084701538086
1777555016626355,-0.5449073314666748,-0.8435822129249573,-12.655115127563477,-142.4891815185547,-66.13105010986328,23.907175064086914
1777555016636243,-0.68578040599823,-0.5112576484680176,-12.714924812316895,-138.56338500976562,-63.469810485839844,24.647136688232422
1777555016646223,-0.7138572931289673,-0.27363020181655884,-11.779459953308105,-124.90673828125,-58.16115188598633,22.306196212768555
1777555016656270,-0.5469921827316284,-0.769494891166687,-11.653148651123047,-128.80465698242188,-64.86524963378906,20.85460090637207
1777555016666220,-0.5111455917358398,-0.8248599767684937,-12.310332298278809,-139.34490966796875,-71.52865600585938,21.139047622680664
1777555016676246,-0.6083984375,-0.2287670224905014,-11.942407608032227,-129.102783203125,-61.45376968383789,20.729963302612305
1777555016686231,-0.4920804500579834,-0.30086055397987366,-11.373045921325684,-122.89814758300781,-58.89019775390625,18.873504638671875
1777555016696319,-0.30300307273864746,-0.6627572774887085,-11.925673484802246,-136.0060577392578,-68.70661926269531,18.08777618408203
1777555016706280,-0.3298213481903076,-0.667585551738739,-12.999695777893066,-151.6217498779297,-75.51629638671875,20.074630737304688
1777555016716274,-0.43573641777038574,-0.15842953324317932,-13.308707237243652,-151.76718139648438,-71.11427307128906,20.42954444885254
1777555016726209,-0.4015660285949707,0.23603825271129608,-12.76559829711914,-141.86231994628906,-64.0794906616211,18.70056915283203
1777555016736285,-0.23638653755187988,0.05547725409269333,-12.516108512878418,-141.63519287109375,-66.77128601074219,16.66459846496582
1777555016746291,-0.1190035343170166,-0.09544126689434052,-13.010995864868164,-151.4161834716797,-73.3360595703125,16.01608657836914
1777555016756284,-0.07548856735229492,0.18020902574062347,-13.508108139038086,-156.25685119628906,-74.07858276367188,15.593158721923828
1777555016766263,-0.03414344787597656,0.6751320362091064,-13.031573295593262,-146.2645721435547,-65.65088653564453,13.373651504516602
1777555016776279,0.13356947898864746,0.8009687662124634,-12.11984634399414,-134.31942749023438,-59.703948974609375,10.144439697265625
1777555016786341,0.39317798614501953,0.5820490717887878,-11.946412086486816,-135.66188049316406,-63.861846923828125,7.297027587890625
1777555016796331,0.6521031856536865,0.48684757947921753,-12.724431037902832,-149.07777404785156,-72.02730560302734,5.114990234375
1777555016806264,0.800945520401001,0.7021512389183044,-13.46036148071289,-157.62966918945312,-74.2547607421875,3.9910621643066406
1777555016816235,0.7414228916168213,0.7369154691696167,-13.627641677856445,-158.7305908203125,-73.94200134277344,4.993539810180664
1777555016826272,0.6263778209686279,0.6917486190795898,-13.561603546142578,-157.0986328125,-72.5647201538086,6.570119857788086
1777555016836200,0.6496951580047607,0.8447739481925964,-13.177865028381348,-151.51742553710938,-69.06192779541016,5.300615310668945
1777555016846212,0.7057158946990967,0.6736376285552979,-13.060702323913574,-150.31829833984375,-69.58692169189453,4.885650634765625
1777555016856214,0.9766037464141846,0.5706654787063599,-13.25235366821289,-154.53004455566406,-71.4299545288086,2.8819618225097656
1777555016866187,1.1147964000701904,0.7714513540267944,-13.43804931640625,-158.99217224121094,-73.14728546142578,0.5235328674316406
1777555016876234,1.1961705684661865,1.0460959672927856,-13.60919189453125,-160.9750518798828,-72.87996673583984,-0.5699710845947266
1777555016886219,1.1725308895111084,1.0290226936340332,-13.524267196655273,-160.27264404296875,-72.20855712890625,0.10274887084960938
1777555016896226,1.1682870388031006,1.1113618612289429,-13.400936126708984,-157.26242065429688,-69.20333099365234,0.1467914581298828
1777555016906233,1.0892143249511719,1.1338553428649902,-12.976086616516113,-151.1814422607422,-65.94036102294922,0.6546688079833984
1777555016916197,1.1610910892486572,0.974811315536499,-12.920112609863281,-151.27255249023438,-66.08329010009766,0.6123924255371094
1777555016926249,1.4534306526184082,0.9168218970298767,-13.123189926147461,-156.75555419921875,-66.2596206665039,-1.3487930297851562
1777555016936259,1.5366220474243164,1.1863603591918945,-13.468799591064453,-164.0581512451172,-68.72806549072266,-1.8093681335449219
1777555016946271,1.369628667831421,1.411265254020691,-13.749241828918457,-165.0631103515625,-66.74798583984375,0.3835487365722656
1777555016956281,1.4053235054016113,1.478001356124878,-13.590368270874023,-162.56021118164062,-64.45381164550781,0.031217575073242188
1777555016966177,1.4556159973144531,1.560617446899414,-13.385414123535156,-158.50515747070312,-61.315128326416016,-0.7659988403320312
1777555016976233,1.5032942295074463,1.4230339527130127,-13.282655715942383,-159.8595428466797,-63.02024841308594,-0.9030704498291016
1777555016986270,1.6790671348571777,1.6000432968139648,-13.541180610656738,-162.18125915527344,-61.700496673583984,-2.639627456665039
1777555016996217,1.73077392578125,1.6997846364974976,-13.402106285095215,-158.03924560546875,-58.19025802612305,-3.6681556701660156
1777555017006161,1.568392038345337,1.687170147895813,-12.730399131774902,-146.90875244140625,-53.59572219848633,-2.9546279907226562
1777555017016220,1.5087430477142334,1.5796983242034912,-12.01817512512207,-137.267822265625,-50.98200607299805,-3.5336341857910156
1777555017026240,1.6838946342468262,1.3647809028625488,-11.828826904296875,-137.69654846191406,-53.29823303222656,-5.26527214050293
1777555017036142,1.86289644241333,1.286912202835083,-12.215797424316406,-143.61444091796875,-56.37529754638672,-6.864997863769531
1777555017046200,1.79274582862854,1.3220469951629639,-12.258495330810547,-143.37310791015625,-55.36130905151367,-5.961977005004883
1777555017056182,1.5182125568389893,1.3834792375564575,-11.709125518798828,-133.62098693847656,-50.40113067626953,-3.9517974853515625
1777555017066145,1.2983264923095703,1.356127142906189,-10.8468017578125,-120.82749938964844,-45.129798889160156,-2.9515037536621094
1777555017076203,1.2081964015960693,1.180274248123169,-10.147300720214844,-112.86153411865234,-43.58713912963867,-2.950693130493164
1777555017086152,1.296482801437378,1.0600193738937378,-9.982552528381348,-112.20986938476562,-44.77881622314453,-4.02699089050293
1777555017096145,1.3789129257202148,1.0023303031921387,-10.128313064575195,-114.86770629882812,-46.335201263427734,-4.508329391479492
1777555017106152,1.3803143501281738,0.9750173687934875,-10.311164855957031,-117.04017639160156,-47.41585922241211,-4.049571990966797
1777555017116181,1.342869520187378,1.0877685546875,-10.311556816101074,-117.00326538085938,-46.64094161987305,-3.9235801696777344
1777555017126239,1.260136604309082,1.119981288909912,-10.184017181396484,-113.30843353271484,-44.18318557739258,-2.8782787322998047
1777555017136229,1.2428650856018066,1.1508686542510986,-9.811820983886719,-108.6506576538086,-41.86563491821289,-3.6669416427612305
1777555017146281,1.3071866035461426,1.1278083324432373,-9.568704605102539,-105.91220092773438,-40.57586669921875,-4.517916679382324
1777555017156258,1.4285309314727783,1.1351592540740967,-9.48861312866211,-106.06309509277344,-40.70261764526367,-5.744937896728516
1777555017166235,1.6365313529968262,1.1314141750335693,-9.757187843322754,-109.79351806640625,-41.91069412231445,-7.177978515625
1777555017176192,1.7683308124542236,1.19603431224823,-9.989204406738281,-112.97573852539062,-41.7364616394043,-8.414368629455566
1777555017186219,1.801222562789917,1.1816697120666504,-9.963818550109863,-112.55612182617188,-39.98715591430664,-8.104602813720703
1777555017196311,1.8569414615631104,1.2756210565567017,-9.743714332580566,-107.5237045288086,-34.909847259521484,-8.958663940429688
1777555017206242,1.9018996953964233,1.3110833168029785,-9.135027885437012,-100.24507141113281,-31.037200927734375,-9.724623680114746
1777555017216222,1.9399985074996948,1.2767918109893799,-8.876060485839844,-97.70059204101562,-29.47258186340332,-10.545878410339355
1777555017226305,2.0139546394348145,1.2204655408859253,-8.950439453125,-101.31690216064453,-31.036090850830078,-10.480308532714844
1777555017236182,2.148555040359497,1.3496477603912354,-9.374856948852539,-107.3428955078125,-31.53058624267578,-10.854681968688965
1777555017246190,2.3445677757263184,1.4892197847366333,-9.760828018188477,-112.95465087890625,-30.686546325683594,-11.990074157714844
1777555017256165,2.177340507507324,1.679555058479309,-9.66062068939209,-108.78630065917969,-25.290191650390625,-10.07171630859375
1777555017266147,1.9672980308532715,1.7703505754470825,-8.969449043273926,-97.4964599609375,-18.35321807861328,-8.772384643554688
1777555017276185,1.936368465423584,1.6462383270263672,-8.4280424118042,-92.1126937866211,-16.308860778808594,-8.72632122039795
1777555017286234,2.2922136783599854,1.5503090620040894,-8.787029266357422,-99.78453063964844,-18.27420425415039,-11.172430038452148
1777555017296232,2.8592309951782227,1.5378897190093994,-9.886533737182617,-117.99089813232422,-22.345684051513672,-14.390340805053711
1777555017306261,3.13735294342041,1.8082014322280884,-10.897727966308594,-130.3373565673828,-20.660314559936523,-15.284430503845215
1777555017316146,2.7151288986206055,2.1839122772216797,-10.666459083557129,-119.06446838378906,-9.494063377380371,-11.676302909851074
1777555017326255,2.3639113903045654,2.1131250858306885,-9.589984893798828,-103.0772476196289,-4.228481292724609,-10.201577186584473
1777555017336223,2.382086753845215,1.864829182624817,-8.93698501586914,-96.92867279052734,-4.463850021362305,-11.217071533203125
1777555017346174,2.4008901119232178,1.8078922033309937,-8.686646461486816,-94.59899139404297,-3.7994022369384766,-11.958059310913086
1777555017356229,2.3344287872314453,1.792843222618103,-8.547989845275879,-91.5608901977539,-2.0127596855163574,-11.508794784545898
1777555017366149,2.282104969024658,1.771131992340088,-8.300697326660156,-88.19806671142578,-0.23549556732177734,-11.456640243530273
1777555017376229,2.302372455596924,1.7287933826446533,-8.186817169189453,-86.49652099609375,0.3217945098876953,-11.866083145141602
1777555017386227,2.843726634979248,1.5970157384872437,-8.636566162109375,-97.73538970947266,-2.151746988296509,-15.96719741821289
1777555017396177,3.222057342529297,1.7331273555755615,-9.639856338500977,-110.42540740966797,-0.5992531776428223,-17.84052085876465
1777555017406107,3.0642528533935547,2.030390977859497,-10.025951385498047,-110.30690002441406,4.829361438751221,-15.998152732849121
1777555017416142,3.053354263305664,1.997437596321106,-9.92529582977295,-107.97763061523438,6.861654758453369,-16.341285705566406
1777555017426181,2.819653272628784,1.9808363914489746,-9.669631958007812,-101.15653991699219,10.062400817871094,-15.217219352722168
1777555017436136,2.939013957977295,1.761838674545288,-9.385960578918457,-99.7629623413086,10.453254699707031,-17.31113624572754
1777555017446152,3.336374282836914,1.6180493831634521,-9.739224433898926,-107.4584732055664,10.850591659545898,-20.532958984375
1777555017456195,3.549149513244629,1.7536568641662598,-10.450643539428711,-114.86505889892578,14.464448928833008,-21.701065063476562
1777555017466129,3.2684106826782227,2.0065743923187256,-10.55717658996582,-111.41126251220703,19.576431274414062,-19.585350036621094
1777555017476151,3.259103298187256,1.9606339931488037,-10.378028869628906,-109.37019348144531,20.90463638305664,-19.98101234436035
1777555017486133,3.1492652893066406,2.0060696601867676,-10.227828979492188,-105.95262145996094,23.948144912719727,-19.2020206451416
1777555017496159,2.934692859649658,2.0567495822906494,-9.91331672668457,-100.04110717773438,27.083194732666016,-18.432350158691406
1777555017506165,2.6871705055236816,2.1083180904388428,-9.493144035339355,-92.07688903808594,29.950498580932617,-17.099727630615234
1777555017516113,2.5418341159820557,2.004143238067627,-9.024520874023438,-85.37818145751953,31.240154266357422,-16.806926727294922
1777555017526109,2.5580365657806396,1.9034910202026367,-8.712471008300781,-83.02052307128906,31.175312042236328,-17.548316955566406
1777555017536117,2.2737159729003906,1.9994451999664307,-8.587846755981445,-78.46736145019531,33.22502517700195,-15.324991226196289
1777555017546164,2.860778331756592,1.6195228099822998,-8.890435218811035,-88.25870513916016,32.47787857055664,-20.44587516784668
1777555017556127,3.218214511871338,1.762332558631897,-9.991510391235352,-101.29379272460938,37.22349166870117,-22.705440521240234
1777555017566157,3.390070915222168,1.9958804845809937,-10.992389678955078,-111.59992980957031,42.68642807006836,-23.505970001220703
1777555017576109,3.3651962280273438,2.2381927967071533,-11.644915580749512,-116.25211334228516,46.918792724609375,-22.745630264282227
1777555017586141,2.762491226196289,2.576417922973633,-11.340038299560547,-106.05587005615234,48.56962966918945,-17.111572265625
1777555017596144,2.172670602798462,2.5096681118011475,-10.19467830657959,-89.39077758789062,45.55706787109375,-13.181306838989258
1777555017606107,2.2303011417388916,1.9964796304702759,-9.225954055786133,-83.2071533203125,40.06831741333008,-15.342897415161133
1777555017616152,2.314723253250122,1.8437237739562988,-9.041203498840332,-82.71527099609375,39.08964920043945,-16.457509994506836
1777555017626155,2.822979688644409,1.567419409751892,-9.620012283325195,-93.5941390991211,40.85451126098633,-21.446556091308594
1777555017636165,3.230306625366211,1.4758907556533813,-11.050949096679688,-111.21098327636719,46.36332702636719,-24.746431350708008
1777555017646167,3.1584198474884033,2.0659704208374023,-11.975526809692383,-115.68986511230469,55.22357940673828,-23.196414947509766
1777555017656166,2.247884750366211,2.5910608768463135,-11.425602912902832,-99.06576538085938,57.090824127197266,-14.698970794677734
1777555017666110,1.5713727474212646,2.4258434772491455,-9.639093399047852,-76.43104553222656,49.21348571777344,-10.603548049926758
1777555017676144,1.4986377954483032,1.8301438093185425,-8.0601224899292,-62.69247817993164,38.93657302856445,-11.83270263671875
1777555017686136,1.4946982860565186,1.499251365661621,-7.252423286437988,-56.6346549987793,33.45349884033203,-12.840532302856445
1777555017696157,1.8585600852966309,0.9963148236274719,-7.300921440124512,-61.854248046875,32.70130920410156,-17.189407348632812
1777555017706153,2.635380744934082,0.5498307347297668,-8.626858711242676,-81.88216400146484,37.65115737915039,-24.7205810546875
1777555017716142,2.833987236022949,1.1286088228225708,-10.141029357910156,-95.73976135253906,47.78929901123047,-24.868457794189453
1777555017726137,2.3549323081970215,1.629370927810669,-10.766075134277344,-94.62431335449219,53.800289154052734,-20.25981903076172
1777555017736165,2.2404961585998535,1.5707210302352905,-10.399858474731445,-90.19442749023438,52.42940139770508,-19.52457046508789
1777555017746145,2.122159719467163,1.4762287139892578,-9.98100471496582,-85.61011505126953,49.93989181518555,-18.839218139648438
1777555017756195,2.1554007530212402,1.0685781240463257,-9.977777481079102,-86.58425903320312,48.72065353393555,-20.85043716430664
1777555017766147,2.469050645828247,0.8236132264137268,-10.36706256866455,-93.29534149169922,49.228172302246094,-23.542192459106445
1777555017776137,2.1212735176086426,1.2155036926269531,-10.55883502960205,-90.37216186523438,51.902313232421875,-19.90850257873535
1777555017786141,1.9084950685501099,1.0795711278915405,-10.127575874328613,-84.30941772460938,49.50544738769531,-18.673282623291016
1777555017796142,2.1817879676818848,0.675590991973877,-9.965595245361328,-86.34688568115234,46.89852523803711,-22.06173324584961
1777555017806106,2.3340096473693848,0.6233607530593872,-10.29324722290039,-91.49766540527344,48.7403564453125,-23.705896377563477
1777555017816177,2.125483512878418,0.6830970644950867,-10.591914176940918,-92.15611267089844,50.28547286987305,-21.668813705444336
1777555017826137,1.6825311183929443,0.8776022791862488,-10.237512588500977,-85.40737915039062,49.187496185302734,-17.238035202026367
1777555017836104,1.446103811264038,0.7630131244659424,-9.680036544799805,-79.32598876953125,46.05186462402344,-15.672694206237793
1777555017846101,1.6209959983825684,0.5247268676757812,-9.487991333007812,-78.74264526367188,45.12493133544922,-18.403491973876953
1777555017856130,1.4790805578231812,0.6003907322883606,-9.262446403503418,-74.6031723022461,44.239593505859375,-16.94668960571289
1777555017866104,1.386486530303955,0.43386271595954895,-8.924647331237793,-71.90631103515625,41.944915771484375,-16.6788272857666
1777555017876116,1.4349445104599,0.18720868229866028,-8.944798469543457,-73.52745819091797,41.316871643066406,-17.67601776123047
1777555017886120,1.4693841934204102,0.0007817372679710388,-9.332284927368164,-77.84314727783203,42.826934814453125,-18.664819717407227
1777555017896128,1.3186795711517334,0.1604776233434677,-9.525753021240234,-78.06161499023438,44.797969818115234,-17.04598617553711
1777555017906164,0.8530946373939514,0.6205211281776428,-8.936903953552246,-67.23007202148438,42.92274856567383,-12.033161163330078
1777555017916097,0.6428437232971191,0.6604079604148865,-7.742188453674316,-55.54877471923828,35.64048385620117,-9.578031539916992
1777555017926132,0.7931180000305176,0.280964195728302,-7.206297397613525,-53.590572357177734,31.25506019592285,-11.972798347473145
1777555017936103,1.1585984230041504,-0.1895149052143097,-7.633121013641357,-61.719356536865234,32.54225158691406,-16.125207901000977
1777555017946143,1.2976436614990234,-0.33171218633651733,-8.642852783203125,-72.86265563964844,37.917449951171875,-17.91861915588379
1777555017956100,1.2447397708892822,0.0028785383328795433,-9.430084228515625,-78.75704956054688,43.44541931152344,-16.397830963134766
1777555017966135,0.939498782157898,0.5226722359657288,-9.443782806396484,-73.0833740234375,46.281105041503906,-13.245503425598145
1777555017976102,0.8592453002929688,0.46689373254776,-8.736677169799805,-66.28372192382812,42.43484115600586,-12.827079772949219
1777555017986134,0.9391182065010071,0.077466681599617,-8.521768569946289,-67.1414794921875,39.73748779296875,-14.530113220214844
1777555017996141,1.0016483068466187,0.02155342884361744,-8.847745895385742,-71.35060119628906,42.01558303833008,-15.280242919921875
1777555018006085,1.0854054689407349,0.21805395185947418,-9.159652709960938,-75.1557388305664,44.43011474609375,-14.747099876403809
1777555018016147,0.9224225282669067,0.418584406375885,-9.402965545654297,-76.00346374511719,46.35383224487305,-12.835357666015625
1777555018026144,0.796184778213501,0.5625548362731934,-9.529960632324219,-73.97642517089844,48.5876350402832,-11.981353759765625
1777555018036109,0.8028010129928589,0.42545777559280396,-9.3777437210083,-73.14340209960938,48.082820892333984,-12.885099411010742
1777555018046094,0.8593372106552124,0.1852179616689682,-9.46237850189209,-74.99392700195312,48.162147521972656,-14.369078636169434
1777555018056112,0.9821418523788452,0.011358574964106083,-9.863378524780273,-79.61085510253906,50.721534729003906,-16.488264083862305
1777555018066098,0.8896100521087646,-0.010533785447478294,-10.319997787475586,-83.04967498779297,54.12347412109375,-16.43315315246582
1777555018076108,0.8347536325454712,0.03660820052027702,-10.587090492248535,-84.64466094970703,56.245704650878906,-15.9284029006958
1777555018086076,0.7871254682540894,-0.0038407957181334496,-10.787243843078613,-85.6786117553711,57.73392105102539,-16.076156616210938
1777555018096067,0.8430608510971069,-0.15450412034988403,-11.011576652526855,-88.33920288085938,59.389617919921875,-17.493877410888672
1777555018106071,0.928022027015686,-0.20356601476669312,-11.403374671936035,-92.24756622314453,62.121238708496094,-18.727455139160156
1777555018116040,0.9760923385620117,-0.1973142772912979,-11.824484825134277,-96.31232452392578,65.34115600585938,-19.621570587158203
1777555018126065,0.9491978883743286,-0.17467492818832397,-12.206720352172852,-98.70233917236328,67.76787567138672,-19.673442840576172
1777555018136057,0.8247084617614746,-0.015267265029251575,-12.15118408203125,-97.4556655883789,68.3259048461914,-18.097801208496094
1777555018146100,0.7690538167953491,-0.15764711797237396,-12.143216133117676,-98.35440826416016,67.77177429199219,-17.90975570678711
1777555018156063,0.7488783597946167,-0.1452808529138565,-12.374369621276855,-99.77947998046875,69.5619888305664,-17.75063705444336
1777555018166073,0.6061562299728394,-0.07077477872371674,-12.44375991821289,-98.79409790039062,70.30260467529297,-16.774612426757812
1777555018176051,0.478021502494812,-0.1490456461906433,-12.293449401855469,-97.40811157226562,69.00224304199219,-15.828307151794434
1777555018186113,0.39185631275177,-0.22546222805976868,-12.274140357971191,-97.3564682006836,68.11566925048828,-14.922775268554688
1777555018196089,0.3683234453201294,-0.26111820340156555,-12.32826042175293,-98.53460693359375,68.59978485107422,-15.111970901489258
1777555018206030,0.3257913589477539,-0.2952914834022522,-12.450151443481445,-99.60768127441406,68.92739868164062,-14.938793182373047
1777555018216067,0.204301118850708,-0.0975358858704567,-12.413447380065918,-97.62979125976562,68.39961242675781,-12.631461143493652
1777555018226134,0.0573270320892334,0.05636031925678253,-11.975728988647461,-93.23222351074219,65.39368438720703,-10.549590110778809
1777555018236059,-0.04940688610076904,0.14980049431324005,-11.395580291748047,-88.0710220336914,60.99956512451172,-8.313849449157715
1777555018246062,0.029349565505981445,-0.1329326331615448,-11.160487174987793,-88.83258819580078,58.20928955078125,-9.107397079467773
1777555018256072,0.20948803424835205,-0.641676664352417,-11.840561866760254,-98.97315216064453,60.56277084350586,-12.412535667419434
1777555018266067,0.014077305793762207,-0.44812822341918945,-12.742438316345215,-104.64217376708984,66.52708435058594,-10.716111183166504
1777555018276058,-0.19336581230163574,-0.15334631502628326,-12.826862335205078,-102.98558807373047,67.15171813964844,-7.759730339050293
1777555018286062,-0.2540595531463623,0.04219071567058563,-12.353028297424316,-98.0023422241211,63.98762512207031,-5.842634201049805
1777555018296057,-0.20832312107086182,0.06873520463705063,-11.758683204650879,-94.14861297607422,59.22040557861328,-5.1706037521362305
1777555018306062,-0.12562966346740723,-0.2806767523288727,-11.718317031860352,-98.35589599609375,56.51994323730469,-5.652277946472168
1777555018316047,-0.13828802108764648,-0.42241981625556946,-12.483413696289062,-107.04570007324219,59.361328125,-5.630903244018555
1777555018326053,-0.3521836996078491,-0.11600513011217117,-13.007230758666992,-109.34147644042969,61.93583679199219,-2.468416213989258
1777555018336062,-0.4817326068878174,0.29734957218170166,-12.671101570129395,-103.77699279785156,59.9583625793457,0.7577495574951172
1777555018346099,-0.39601659774780273,-0.031543485820293427,-12.240628242492676,-105.34559631347656,54.09210968017578,0.43059635162353516
1777555018356080,-0.523382306098938,-0.1740928739309311,-12.686988830566406,-111.49626922607422,54.22541046142578,2.234539031982422
1777555018366101,-0.7986700534820557,0.4104143977165222,-12.798934936523438,-106.85846710205078,56.077457427978516,6.7628173828125
1777555018376045,-0.8365588188171387,0.7437100410461426,-11.754521369934082,-94.83006286621094,50.89643478393555,7.895591735839844
1777555018386091,-0.376509428024292,-0.23244689404964447,-11.3296537399292,-102.40040588378906,41.48761749267578,3.8976049423217773
1777555018396116,-0.43041133880615234,-0.30968958139419556,-12.522272109985352,-115.87713623046875,43.088260650634766,6.260896682739258
1777555018406056,-0.795798659324646,0.533103883266449,-12.786343574523926,-110.45905303955078,46.288143157958984,12.032089233398438
1777555018416104,-0.6040973663330078,0.20292095839977264,-12.060105323791504,-108.4273910522461,37.161888122558594,11.421154022216797
1777555018426084,-0.28760337829589844,-0.5114152431488037,-12.596007347106934,-125.27503204345703,28.42737579345703,11.051628112792969
1777555018436052,-0.4799400568008423,-0.1989988386631012,-13.82657241821289,-137.53367614746094,29.461776733398438,16.38957405090332
1777555018446095,-0.8808436393737793,0.5450670719146729,-13.528082847595215,-128.5175323486328,28.360666275024414,22.376449584960938
1777555018456094,-0.9180476665496826,0.8003068566322327,-12.13268756866455,-113.41585540771484,21.533594131469727,22.93463897705078
1777555018466102,-0.47427427768707275,-0.038576096296310425,-11.57322883605957,-118.52153015136719,8.030445098876953,20.458627700805664
1777555018476032,-0.36844682693481445,-0.4382428824901581,-12.434625625610352,-134.306884765625,0.8923039436340332,22.556758880615234
1777555018486052,-0.8723272085189819,0.5895818471908569,-12.44140625,-123.44746398925781,6.464406490325928,28.055448532104492
1777555018496024,-0.5211864709854126,0.06762349605560303,-11.711173057556152,-122.45035552978516,-2.862401008605957,24.80116081237793
1777555018506035,-0.2827608585357666,-0.374045729637146,-12.124979972839355,-134.14987182617188,-10.758362770080566,24.741661071777344
1777555018516018,-0.4954252243041992,0.05186149850487709,-12.574751853942871,-134.5816192626953,-8.537973403930664,27.489898681640625
1777555018526035,-0.6100860834121704,0.2297857403755188,-12.122438430786133,-126.6920166015625,-8.54041862487793,27.49189567565918
1777555018535995,-0.505690336227417,0.12251196801662445,-11.486288070678711,-121.024658203125,-11.873058319091797,25.539804458618164
1777555018546058,-0.44465184211730957,-0.11359803378582001,-11.296544075012207,-121.22221374511719,-16.826435089111328,25.097936630249023
1777555018556041,-0.4837782382965088,-0.1924569457769394,-11.423830032348633,-123.04931640625,-20.45071029663086,25.856809616088867
1777555018566074,-0.40363502502441406,-0.5897685885429382,-12.007854461669922,-134.44900512695312,-29.02705955505371,26.752185821533203
1777555018576051,-0.4922513961791992,-0.5475208163261414,-12.809412002563477,-145.19285583496094,-33.66472244262695,29.560192108154297
1777555018586051,-0.7329235076904297,-0.026590809226036072,-12.750068664550781,-138.2759246826172,-28.421035766601562,31.015708923339844
1777555018596063,-0.678299069404602,-0.11785672605037689,-12.270572662353516,-135.04376220703125,-31.789142608642578,29.18443489074707
1777555018606004,-0.6998803615570068,-0.03804972022771835,-12.134269714355469,-133.9368438720703,-34.001243591308594,28.886661529541016
1777555018616060,-0.7112525701522827,-0.10540598630905151,-12.140263557434082,-132.41477966308594,-36.1572151184082,28.989574432373047
1777555018626065,-0.6034362316131592,-0.7219916582107544,-12.799388885498047,-146.0793914794922,-48.215553283691406,29.622913360595703
1777555018636023,-0.7623108625411987,-0.4613773822784424,-13.221242904663086,-146.12240600585938,-47.103187561035156,31.12510871887207
1777555018646051,-0.7944996356964111,-0.36661064624786377,-12.739611625671387,-137.96730041503906,-46.03043746948242,29.763612747192383
1777555018656060,-0.6919939517974854,-0.588010847568512,-12.406800270080566,-136.22926330566406,-50.49765396118164,27.963436126708984
1777555018666034,-0.6587202548980713,-0.594240665435791,-12.309869766235352,-135.92410278320312,-53.84988021850586,26.632976531982422
1777555018676030,-0.7328624725341797,-0.13547736406326294,-11.580034255981445,-121.89926147460938,-46.970909118652344,24.67115020751953
1777555018686049,-0.5689481496810913,-0.6298918724060059,-11.37414836883545,-123.55789947509766,-54.4315071105957,22.851430892944336
1777555018696015,-0.445420503616333,-1.1682965755462646,-12.452972412109375,-143.30787658691406,-68.75453186035156,23.6585693359375
1777555018706020,-0.6623845100402832,-0.6248447895050049,-12.918506622314453,-144.83010864257812,-66.46994018554688,25.179903030395508
1777555018716048,-0.7234513759613037,-0.5362017154693604,-12.544999122619629,-137.0045166015625,-61.86482620239258,24.97719955444336
1777555018726022,-0.5414984226226807,-0.8323070406913757,-12.590238571166992,-141.707275390625,-66.89076232910156,23.741992950439453
1777555018736020,-0.798490047454834,-0.2852344512939453,-12.387105941772461,-132.6853790283203,-61.95680236816406,23.782886505126953
1777555018746057,-0.6736539602279663,-0.5162086486816406,-11.69333553314209,-125.77737426757812,-61.77481460571289,21.57857322692871
1777555018756027,-0.5251414775848389,-0.9255512952804565,-12.216639518737793,-138.03082275390625,-72.17756652832031,21.087064743041992
1777555018766072,-0.6203489303588867,-0.405154287815094,-12.22889232635498,-134.54632568359375,-66.65509033203125,20.93572235107422
1777555018776003,-0.589019775390625,-0.21394148468971252,-11.479001998901367,-122.57527160644531,-58.60409927368164,19.94386863708496
1777555018786059,-0.3490467071533203,-0.4857666790485382,-11.534892082214355,-128.1527099609375,-64.8270492553711,17.635753631591797
1777555018796045,-0.27858662605285645,-0.5969349145889282,-12.487722396850586,-144.5550994873047,-74.20087432861328,17.895662307739258
1777555018806005,-0.38262128829956055,-0.4184058904647827,-13.202542304992676,-151.4114990234375,-73.8576431274414,20.241199493408203
1777555018816051,-0.4539825916290283,-0.02401142753660679,-13.056489944458008,-146.51922607421875,-68.72879028320312,19.645401000976562
1777555018826048,-0.29712724685668945,0.137761652469635,-12.685510635375977,-142.5615997314453,-67.19811248779297,16.967815399169922
1777555018836034,-0.18933510780334473,0.07448722422122955,-12.704391479492188,-145.4434814453125,-69.91915130615234,15.828933715820312
1777555018846037,-0.1204230785369873,-0.014891304075717926,-13.274394989013672,-154.35498046875,-75.46192932128906,15.508880615234375
1777555018856000,-0.04671883583068848,0.4354854226112366,-13.372570037841797,-152.91246032714844,-72.20883178710938,13.918962478637695
1777555018866029,0.06409907341003418,0.7277151346206665,-12.741373062133789,-142.99656677246094,-64.96469116210938,11.361194610595703
1777555018875965,0.24042439460754395,0.8280831575393677,-11.92946720123291,-132.32003784179688,-60.2061653137207,8.26185417175293
1777555018885992,0.5102677345275879,0.5442718267440796,-12.09415054321289,-139.0927276611328,-67.32328796386719,5.349857330322266
1777555018895973,0.744138240814209,0.5209331512451172,-13.063737869262695,-153.48123168945312,-75.20885467529297,3.707500457763672
1777555018906032,0.7949342727661133,0.7112190127372742,-13.62540054321289,-160.1444091796875,-76.54483032226562,3.7443161010742188
1777555018916027,0.7265036106109619,0.785133421421051,-13.652788162231445,-158.6704559326172,-74.28739166259766,4.792804718017578
1777555018926008,0.5894536972045898,0.7311227917671204,-13.332706451416016,-153.7600555419922,-71.41151428222656,6.393667221069336
1777555018936037,0.5898818969726562,0.6316035985946655,-13.227785110473633,-152.17991638183594,-72.0330581665039,6.062143325805664
1777555018946086,0.8551065921783447,0.5781961679458618,-13.339082717895508,-154.147705078125,-72.05667114257812,3.809001922607422
1777555018956049,1.0990722179412842,0.6527849435806274,-13.400012969970703,-157.0840606689453,-73.16690063476562,0.9012260437011719
1777555018966063,1.1498489379882812,0.9580297470092773,-13.585197448730469,-159.6826629638672,-74.56359100341797,-0.7051944732666016
1777555018976010,1.2237563133239746,1.0458292961120605,-13.504778861999512,-159.57907104492188,-73.32257080078125,-1.4455490112304688
1777555018986037,1.1212043762207031,0.971875011920929,-13.421271324157715,-158.95523071289062,-73.07534790039062,0.44200897216796875
1777555018996053,1.0907883644104004,1.0274746417999268,-13.377082824707031,-156.9100341796875,-70.89580535888672,0.7527294158935547
1777555019006036,1.1369636058807373,1.115422248840332,-13.116518020629883,-153.00839233398438,-67.7894515991211,-0.0557708740234375
1777555019016037,1.2982134819030762,0.9394351243972778,-13.05224895477295,-152.5191192626953,-66.6424331665039,-0.7011489868164062
1777555019026040,1.4977402687072754,1.0843896865844727,-12.994491577148438,-156.007080078125,-67.26429748535156,-2.7165298461914062
1777555019036038,1.4227464199066162,1.2485072612762451,-13.39291000366211,-161.3456268310547,-68.70589447021484,-1.8446826934814453
1777555019046033,1.380842924118042,1.3161736726760864,-13.653518676757812,-164.08004760742188,-68.9733657836914,-0.7257881164550781
1777555019056049,1.4158129692077637,1.3871309757232666,-13.681113243103027,-163.34515380859375,-67.02970886230469,-0.7657966613769531
1777555019066099,1.4393250942230225,1.4718877077102661,-13.471689224243164,-159.65142822265625,-63.713409423828125,-1.1764087677001953
1777555019076076,1.579148530960083,1.501873254776001,-13.280574798583984,-157.96084594726562,-62.566986083984375,-2.873577117919922
1777555019086059,1.685671329498291,1.52450430393219,-13.217477798461914,-156.79605102539062,-61.30987548828125,-3.9604644775390625
1777555019096079,1.64687180519104,1.544480800628662,-12.961893081665039,-151.27517700195312,-58.14522171020508,-3.7488021850585938
1777555019106100,1.5027258396148682,1.5970546007156372,-12.247369766235352,-139.80108642578125,-52.59142303466797,-3.7493858337402344
1777555019116100,1.5210318565368652,1.3921786546707153,-11.62270736694336,-133.28115844726562,-51.81267547607422,-4.549583435058594
1777555019126079,1.680588960647583,1.2243549823760986,-11.673501968383789,-135.7985076904297,-54.817909240722656,-6.112936019897461
1777555019136094,1.79732084274292,1.1768827438354492,-12.014497756958008,-140.70809936523438,-57.34297180175781,-6.889518737792969
1777555019146113,1.6213462352752686,1.2393145561218262,-11.891407012939453,-137.45584106445312,-54.98399353027344,-4.962297439575195
1777555019156075,1.3706965446472168,1.3114848136901855,-11.254619598388672,-126.6378402709961,-49.5374755859375,-3.5893497467041016
1777555019166166,1.2099120616912842,1.260752558708191,-10.412012100219727,-114.5843505859375,-44.50042724609375,-3.0024242401123047
1777555019176056,1.2206909656524658,1.080922245979309,-9.924525260925293,-110.05608367919922,-44.58580780029297,-3.5301055908203125
1777555019186156,1.2845494747161865,0.9860170483589172,-9.926612854003906,-110.96482849121094,-45.97404861450195,-4.054698944091797
1777555019196121,1.3506910800933838,0.9191440939903259,-10.127159118652344,-114.19661712646484,-47.58603286743164,-4.236520767211914
1777555019206147,1.3094911575317383,0.9654150605201721,-10.263005256652832,-116.29299926757812,-48.39536666870117,-3.8164615631103516
1777555019216138,1.2993125915527344,1.0680967569351196,-10.218088150024414,-114.40504455566406,-46.45045471191406,-3.5134620666503906
1777555019226172,1.213977336883545,1.088046669960022,-9.88404369354248,-108.95596313476562,-43.39173126220703,-3.0604124069213867
1777555019236041,1.2116482257843018,1.0604629516601562,-9.561328887939453,-106.45881652832031,-42.5633544921875,-3.677478790283203
1777555019246045,1.3607804775238037,1.0830307006835938,-9.605123519897461,-107.11065673828125,-42.230342864990234,-5.281742095947266
1777555019256027,1.508305549621582,1.074664831161499,-9.69803237915039,-109.38179016113281,-43.07311248779297,-6.45737361907959
1777555019266046,1.6540255546569824,1.1283578872680664,-9.86752986907959,-111.11337280273438,-42.552467346191406,-7.772551536560059
1777555019275969,1.7311370372772217,1.1309654712677002,-9.859940528869629,-110.84616088867188,-41.43514633178711,-7.9680280685424805
1777555019285944,1.8479714393615723,1.1513005495071411,-9.81157112121582,-109.05187225341797,-37.99138641357422,-9.096882820129395
1777555019295969,1.922971487045288,1.203811764717102,-9.500541687011719,-104.91944122314453,-34.98942184448242,-9.953605651855469
1777555019305975,1.987912893295288,1.203322172164917,-9.173709869384766,-101.59306335449219,-32.48754119873047,-10.979820251464844
1777555019315977,1.9605032205581665,1.1755784749984741,-9.01721477508545,-100.70654296875,-32.01694107055664,-10.492693901062012
1777555019325996,2.0917365550994873,1.221754789352417,-9.248041152954102,-105.02127075195312,-32.97604751586914,-11.212510108947754
1777555019335991,2.1650233268737793,1.3534499406814575,-9.47761344909668,-108.7695083618164,-31.951904296875,-11.206897735595703
1777555019345957,2.1942620277404785,1.485468864440918,-9.590570449829102,-109.06837463378906,-29.16089630126953,-10.794551849365234
1777555019356072,2.032900333404541,1.6377464532852173,-9.172689437866211,-100.53532409667969,-21.712324142456055,-9.359736442565918
1777555019366121,1.9542369842529297,1.6021801233291626,-8.546355247497559,-93.08171844482422,-18.10721206665039,-8.965651512145996
1777555019376074,2.089663505554199,1.5175913572311401,-8.521398544311523,-95.14674377441406,-18.20829200744629,-10.148822784423828
1777555019386055,2.6369152069091797,1.4721932411193848,-9.349468231201172,-110.2944107055664,-21.894866943359375,-13.52972412109375
1777555019396099,3.097097873687744,1.6144477128982544,-10.528214454650879,-126.19261932373047,-22.489065170288086,-15.769461631774902
1777555019406095,3.0197482109069824,1.961565375328064,-10.86880111694336,-126.98220825195312,-15.984171867370605,-14.257561683654785
1777555019416036,2.432668685913086,2.190664052963257,-10.057130813598633,-109.48908996582031,-5.926896095275879,-9.906388282775879
1777555019426082,2.432149887084961,1.9271703958511353,-9.291022300720215,-101.13756561279297,-4.5959930419921875,-11.263208389282227
1777555019436025,2.375202178955078,1.8101298809051514,-8.840224266052246,-95.16682434082031,-3.348876953125,-11.277901649475098
1777555019446094,2.252866268157959,1.7526514530181885,-8.442289352416992,-90.02566528320312,-2.391892194747925,-10.988348960876465
1777555019455963,2.283806800842285,1.663513422012329,-8.26374626159668,-88.29496002197266,-1.4622538089752197,-11.566939353942871
1777555019465922,2.195918560028076,1.6769310235977173,-8.05477237701416,-84.57000732421875,0.28173279762268066,-11.358833312988281
1777555019475948,2.566603660583496,1.5138938426971436,-8.299370765686035,-91.16583251953125,-2.060285806655884,-13.940704345703125
1777555019485942,3.110565185546875,1.5274618864059448,-9.203361511230469,-106.1673583984375,-2.525684356689453,-17.60647201538086
1777555019495921,3.088862895965576,1.8309708833694458,-9.887650489807129,-110.46821594238281,2.0168161392211914,-16.59341049194336
1777555019505935,2.9392080307006836,1.9637678861618042,-9.848501205444336,-107.70928192138672,5.616469860076904,-15.582110404968262
1777555019515928,2.8408617973327637,1.9558793306350708,-9.651754379272461,-103.11155700683594,8.119312286376953,-15.092208862304688
1777555019525980,2.809197187423706,1.8306705951690674,-9.421086311340332,-99.30764770507812,10.043638229370117,-15.859630584716797
1777555019535955,3.1770238876342773,1.6106194257736206,-9.554121971130371,-104.2412109375,10.15517520904541,-19.340843200683594
1777555019546047,3.6149044036865234,1.6012579202651978,-10.275461196899414,-115.2037353515625,11.58974838256836,-22.501222610473633
1777555019555945,3.341960906982422,1.9556022882461548,-10.666549682617188,-113.45912170410156,18.037044525146484,-19.76177215576172
1777555019565990,3.1728312969207764,1.9917117357254028,-10.360158920288086,-108.66851043701172,20.22615623474121,-18.8735408782959
1777555019575941,3.201976776123047,1.93252694606781,-10.205482482910156,-107.02789306640625,21.737640380859375,-19.653030395507812
1777555019585987,3.0755364894866943,2.010519504547119,-10.132129669189453,-103.91132354736328,25.678194046020508,-19.15801239013672
1777555019595989,2.8482162952423096,2.1069047451019287,-9.761188507080078,-96.69007110595703,28.79073143005371,-17.445560455322266
1777555019605942,2.4940896034240723,2.151116371154785,-9.263587951660156,-87.03416442871094,31.453533172607422,-15.810035705566406
1777555019615978,2.5216903686523438,1.92133629322052,-8.814061164855957,-82.8410873413086,31.16090965270996,-17.105220794677734
1777555019625972,2.2014100551605225,2.0111234188079834,-8.433359146118164,-76.34530639648438,32.52402114868164,-14.598533630371094
1777555019635923,2.425138473510742,1.782149076461792,-8.338193893432617,-78.66329956054688,31.830406188964844,-17.005359649658203
1777555019645948,3.107701301574707,1.6008566617965698,-9.253722190856934,-94.81190490722656,33.71699142456055,-22.431175231933594
1777555019655932,1.7961537837982178,2.656975269317627,-9.294156074523926,-78.0403060913086,42.26721954345703,-9.958760261535645
1777555019665932,-0.35307493805885315,2.779893398284912,-6.766683101654053,-31.343721389770508,34.33291244506836,5.420407295227051
1777555019675926,0.02336706407368183,1.2429214715957642,-3.440063953399658,-11.624463081359863,9.602107048034668,-0.8115428686141968
1777555019685941,0.29310518503189087,0.8088839054107666,-2.6458590030670166,-9.901323318481445,2.5009732246398926,-3.303882360458374
1777555019695933,1.0507636070251465,0.3480944335460663,-3.5566515922546387,-26.035934448242188,5.282166004180908,-10.490636825561523
1777555019705941,1.0595238208770752,0.0495128259062767,-5.575432300567627,-42.63882064819336,16.24849510192871,-12.283246994018555
1777555019715896,0.47852277755737305,1.3643518686294556,-4.796834945678711,-38.02693176269531,11.285192489624023,0.2851383686065674
1777555019725928,0.46900418400764465,1.7831693887710571,-5.647528171539307,-34.803565979003906,21.594812393188477,-1.842897891998291
1777555019735947,0.8510989546775818,0.8910583257675171,-5.20176887512207,-34.508155822753906,17.6710262298584,-8.469045639038086
1777555019745940,1.2571401596069336,0.7726247906684875,-5.223438262939453,-40.32047653198242,15.897635459899902,-11.254409790039062
1777555019755930,1.0353317260742188,1.5969297885894775,-5.067490577697754,-39.296607971191406,15.021344184875488,-5.055385589599609
1777555019765953,0.33925342559814453,1.8175806999206543,-5.127435207366943,-32.53068542480469,17.327646255493164,0.85337233543396
1777555019775924,-0.34299537539482117,1.1281304359436035,-4.667206287384033,-23.529396057128906,13.529407501220703,3.591630458831787
1777555019785975,-0.015303656458854675,0.7168717980384827,-3.9153449535369873,-22.16204833984375,7.435409069061279,0.19833111763000488
1777555019795966,0.7588992118835449,0.8115020394325256,-4.286439895629883,-31.281936645507812,9.491631507873535,-5.5682172775268555
1777555019805888,1.2644116878509521,0.7469412088394165,-5.681454658508301,-43.97450637817383,18.429914474487305,-11.394021987915039
1777555019815948,1.2515583038330078,1.035793662071228,-6.027326583862305,-47.408634185791016,20.498165130615234,-9.881953239440918
1777555019825936,0.6872408390045166,1.589150071144104,-5.804732322692871,-39.2708625793457,20.97818946838379,-3.4968080520629883
1777555019835897,0.02269965410232544,1.454347014427185,-4.787443161010742,-28.377513885498047,14.49208927154541,2.128225564956665
1777555019845895,-0.11324907839298248,1.0441807508468628,-4.24307107925415,-25.243345260620117,9.798962593078613,2.5957679748535156
1777555019855913,0.1409749686717987,0.9041368961334229,-4.246365547180176,-29.8953857421875,8.023028373718262,1.038506031036377
1777555019866002,0.8347427845001221,1.2348432540893555,-5.104724407196045,-39.4025764465332,14.494878768920898,-4.506497859954834
1777555019876014,1.087453842163086,1.3082317113876343,-5.972613334655762,-45.3355827331543,20.83821678161621,-7.631412506103516
1777555019885952,0.8902373909950256,1.319492220878601,-6.053203582763672,-42.46234130859375,22.11406707763672,-6.443027496337891
1777555019895995,0.512022852897644,1.109072208404541,-5.601119041442871,-34.56840133666992,20.126419067382812,-4.797123908996582
1777555019905952,-0.0970689207315445,0.7149367928504944,-4.547501087188721,-26.83836555480957,11.607376098632812,0.42258715629577637
1777555019915928,-0.024290859699249268,0.8216880559921265,-4.178649425506592,-25.317136764526367,8.857281684875488,1.0695483684539795
1777555019925927,0.1200629472732544,0.6882177591323853,-4.470078468322754,-30.7307186126709,9.594181060791016,-0.2241361141204834
1777555019935964,0.7398184537887573,1.0928821563720703,-5.111809730529785,-37.23272705078125,14.661439895629883,-4.518636703491211
1777555019945916,0.9765247106552124,1.3288577795028687,-5.461341857910156,-40.015541076660156,18.341650009155273,-6.4774169921875
1777555019955935,0.7788475751876831,1.3970861434936523,-5.415456771850586,-37.36865997314453,18.252492904663086,-4.805473327636719
1777555019965945,0.23035314679145813,1.177515983581543,-5.030359745025635,-31.593252182006836,15.30582046508789,-0.7119400501251221
1777555019975896,-0.1602192521095276,0.924360454082489,-4.613517761230469,-26.5867977142334,12.053102493286133,2.0003228187561035
1777555019985902,-0.12202674150466919,0.7323206067085266,-4.3472795486450195,-24.951290130615234,10.586469650268555,0.9297430515289307
1777555019995939,0.15456125140190125,0.6993601322174072,-4.2962446212768555,-26.3740177154541,9.630395889282227,-1.4013314247131348
1777555020005915,0.8245736360549927,0.9053105115890503,-4.731770038604736,-31.337356567382812,14.032817840576172,-7.456707954406738
1777555020015933,0.908683717250824,0.8518633246421814,-4.979392051696777,-34.53482437133789,15.140440940856934,-8.362587928771973
1777555020025921,0.7815913558006287,1.1167027950286865,-4.917184352874756,-33.40798568725586,14.909531593322754,-5.702057838439941
1777555020035875,0.16898894309997559,1.0554698705673218,-4.719602584838867,-29.769453048706055,13.018919944763184,-0.1402275562286377
1777555020045871,-0.1330893486738205,1.0992798805236816,-4.346839904785156,-25.350622177124023,10.585149765014648,2.8865835666656494
1777555020055860,-0.0630282610654831,0.981491208076477,-4.185147285461426,-24.689552307128906,9.57140064239502,1.796924114227295
1777555020065858,0.17821499705314636,0.8759459853172302,-4.3068132400512695,-27.618486404418945,9.688340187072754,-0.540848970413208
1777555020075825,0.734338641166687,1.0474811792373657,-4.779766082763672,-31.855327606201172,14.641694068908691,-6.0534563064575195
1777555020085851,0.8330963850021362,0.896142303943634,-5.037026882171631,-33.85054397583008,15.814167976379395,-7.815347194671631
1777555020095880,0.6632616519927979,0.9516066908836365,-4.947956085205078,-31.819198608398438,16.10647964477539,-6.330780982971191
1777555020105869,0.22265052795410156,0.7434002161026001,-4.6572136878967285,-27.73150634765625,13.007588386535645,-2.3493075370788574
1777555020115836,-0.03606986999511719,0.8275970816612244,-4.130116939544678,-24.504005432128906,8.898094177246094,1.077366590499878
1777555020125844,-0.04955989122390747,0.8390223979949951,-4.18925142288208,-25.08360481262207,9.263677597045898,1.3126213550567627
1777555020135869,0.22729361057281494,0.8829458951950073,-4.333634376525879,-27.91586685180664,10.047533988952637,-1.0116006135940552
1777555020145861,0.7765306830406189,1.1651179790496826,-4.695623874664307,-31.917844772338867,13.719882011413574,-5.435744285583496
1777555020155819,0.8033417463302612,1.0987964868545532,-4.943127632141113,-33.64844512939453,15.29359245300293,-6.112194061279297
1777555020165888,0.6934366822242737,1.1567984819412231,-4.898561954498291,-32.585323333740234,15.1527681350708,-5.072490692138672
1777555020175823,0.14328661561012268,0.8992674946784973,-4.791839599609375,-28.952125549316406,13.666128158569336,-1.224981427192688
1777555020185845,-0.09594503045082092,0.774483859539032,-4.440122127532959,-24.860973358154297,10.881002426147461,0.8484957218170166
1777555020195856,-0.023464307188987732,0.6836249828338623,-4.238195896148682,-23.970983505249023,9.622366905212402,-0.1543285846710205
1777555020205854,0.2232564091682434,0.656924307346344,-4.238314151763916,-26.482707977294922,9.418974876403809,-2.107483386993408
1777555020215849,0.741356611251831,0.9486083388328552,-4.620157241821289,-30.557086944580078,12.902400016784668,-6.224672317504883
1777555020225848,0.8060376644134521,0.9592844843864441,-4.914114952087402,-33.6576042175293,14.318644523620605,-6.489154815673828
1777555020235836,0.6439129114151001,1.1723147630691528,-4.852890968322754,-32.4052848815918,14.634458541870117,-4.417510986328125
1777555020338489,0.23291084170341492,1.1039674282073975,-4.6644978523254395,-29.36701774597168,13.261998176574707,-0.898128867149353
1777555020338524,-0.055035293102264404,0.9988203048706055,-4.378957748413086,-26.05052947998047,10.682177543640137,1.7820868492126465
1777555020338536,-0.012997537851333618,0.9055110216140747,-4.3097310066223145,-25.68309783935547,10.2880859375,0.9364800453186035
1777555020338547,0.2633425295352936,0.7718284130096436,-4.487850189208984,-27.748886108398438,11.519535064697266,-2.4101927280426025
1777555020338558,0.6879284977912903,0.8472618460655212,-4.709994316101074,-30.43659019470215,13.577228546142578,-6.325308799743652
1777555020338575,0.7383183240890503,0.8420748114585876,-4.839725971221924,-32.22675323486328,14.941622734069824,-7.130271911621094
1777555020338585,0.6454455256462097,0.9399092197418213,-4.779312610626221,-31.193069458007812,14.27353572845459,-5.496326446533203
1777555020338597,0.14956235885620117,0.8723008036613464,-4.508506774902344,-28.21078872680664,11.621650695800781,-0.6452263593673706
1777555020338607,-0.016171246767044067,0.9771237373352051,-4.286632061004639,-25.53968048095703,10.24494743347168,1.3405117988586426
1777555020338617,0.0027080774307250977,0.9198751449584961,-4.2248148918151855,-25.870487213134766,9.798471450805664,1.0042774677276611
1777555020345852,0.27574944496154785,0.9139969944953918,-4.413451671600342,-28.359981536865234,10.707623481750488,-1.5550673007965088
1777555020355820,0.6996882557868958,1.047492504119873,-4.720260143280029,-31.67387580871582,13.687941551208496,-5.082760810852051
1777555020365864,0.6824763417243958,1.0036977529525757,-4.891080856323242,-32.98933029174805,15.002193450927734,-5.716650009155273
1777555020375805,0.5623103976249695,1.0058999061584473,-4.888250350952148,-31.205669403076172,15.32616138458252,-4.646249771118164
1777555020385854,0.20601141452789307,0.8195177316665649,-4.63921594619751,-27.722448348999023,12.809192657470703,-2.066817283630371
1777555020472746,0.016991019248962402,0.7569593191146851,-4.341061115264893,-25.33538055419922,10.189866065979004,-0.23691940307617188
1777555020472780,0.08626815676689148,0.7341565489768982,-4.260829925537109,-25.81618309020996,9.90471363067627,-0.589942455291748
1777555020472792,0.36212626099586487,0.8578704595565796,-4.391210079193115,-28.27507209777832,10.704686164855957,-2.615129232406616
1777555020472803,0.6316366195678711,1.019997477531433,-4.672295570373535,-31.260257720947266,13.076745986938477,-4.770877361297607
1777555020472818,0.6414340138435364,1.0693973302841187,-4.823261260986328,-32.18046569824219,14.3279447555542,-5.00994348526001
1777555020472828,0.49638885259628296,1.139283299446106,-4.7227067947387695,-30.782190322875977,13.705734252929688,-3.0627858638763428
1777555020472838,0.14719492197036743,1.0389496088027954,-4.625610828399658,-28.267112731933594,12.438098907470703,-0.15178680419921875
1777555020472849,-0.004268556833267212,0.8782322406768799,-4.429149150848389,-26.352764129638672,11.186372756958008,0.5970075130462646
1777555020475769,0.10157936811447144,0.8190032243728638,-4.401636123657227,-26.368812561035156,11.227035522460938,-0.9363155364990234
1777555020485817,0.41608884930610657,0.7446919679641724,-4.5423712730407715,-28.476543426513672,12.536609649658203,-4.07316780090332
1777555020495834,0.655730664730072,0.8401937484741211,-4.666595935821533,-30.889787673950195,13.22198486328125,-6.1262006759643555
1777555020505837,0.6932839155197144,0.9522786736488342,-4.774492263793945,-31.78687858581543,14.254120826721191,-5.608522891998291
1777555020515852,0.4164201021194458,0.9863530397415161,-4.702215194702148,-30.339950561523438,13.280265808105469,-3.003603219985962
1777555020525901,0.1328093707561493,1.0165464878082275,-4.451877593994141,-27.6047420501709,11.325704574584961,0.23238849639892578
1777555020535798,0.027042746543884277,0.9943335652351379,-4.3880228996276855,-26.08296775817871,10.885611534118652,0.6448378562927246
1777555020545876,0.12557193636894226,0.9040266275405884,-4.346377849578857,-27.098417282104492,10.3539400100708,-0.2235548496246338
1777555020555834,0.4401722252368927,0.981132984161377,-4.5949273109436035,-29.571870803833008,12.422773361206055,-3.050018310546875
1777555020565894,0.617804765701294,0.961872398853302,-4.8361124992370605,-31.571401596069336,14.385725021362305,-5.230006217956543
1777555020575832,0.5614548325538635,0.9156314134597778,-4.811267852783203,-31.275785446166992,14.375822067260742,-4.9593939781188965
1777555020585884,0.3927297592163086,0.8911507725715637,-4.717443943023682,-29.116779327392578,13.86569595336914,-3.5590667724609375
1777555020595831,0.1618855595588684,0.7815538644790649,-4.469433307647705,-26.870473861694336,11.128942489624023,-1.3186792135238647
1777555020605788,0.07312971353530884,0.809660017490387,-4.3210978507995605,-26.628162384033203,9.930011749267578,0.004885196685791016
1777555020615823,0.23251336812973022,0.9171723127365112,-4.448291301727295,-28.076501846313477,11.021651268005371,-1.2997418642044067
1777555020625799,0.44118380546569824,0.9387198090553284,-4.599667549133301,-30.088764190673828,12.002317428588867,-2.879927396774292
1777555020635801,0.5971452593803406,1.0671333074569702,-4.757648468017578,-31.593116760253906,13.892358779907227,-4.266578197479248
1777555020645784,0.545175313949585,1.0666552782058716,-4.804012775421143,-31.278377532958984,14.163724899291992,-4.067558288574219
1777555020655786,0.26072871685028076,0.9723219871520996,-4.659215450286865,-29.454505920410156,12.709504127502441,-1.4363940954208374
1777555020665785,0.10394501686096191,0.9488341808319092,-4.577323913574219,-27.369117736816406,12.406686782836914,-0.6601777076721191
1777555020675771,0.0770544707775116,0.7474865913391113,-4.480396270751953,-26.473045349121094,11.271113395690918,-0.8832443952560425
1777555020685777,0.2987211048603058,0.7756329774856567,-4.393809795379639,-27.5225830078125,11.028051376342773,-2.6495399475097656
1777555020695812,0.5390787720680237,0.8506661653518677,-4.651253700256348,-30.009891510009766,12.865193367004395,-4.8772077560424805
1777555020705796,0.6128913760185242,0.8986183404922485,-4.714066505432129,-31.451866149902344,13.082006454467773,-5.086453437805176
1777555020715803,0.5131211280822754,1.0557949542999268,-4.721501350402832,-31.033771514892578,13.55759048461914,-3.3717575073242188
1777555020725782,0.24765628576278687,1.0396161079406738,-4.635214328765869,-28.958209991455078,12.8974609375,-1.4646968841552734
1777555020735786,0.0829157829284668,0.9582626223564148,-4.406802654266357,-27.225099563598633,10.820631980895996,0.20596957206726074
1777555020745824,0.1143498420715332,0.9550448656082153,-4.414034366607666,-27.191484451293945,11.002938270568848,-0.0723578929901123
1777555020755828,0.3044866919517517,0.8854695558547974,-4.590585708618164,-28.90474510192871,12.235010147094727,-2.3188648223876953
1777555020765841,0.483687162399292,0.8919468522071838,-4.6873626708984375,-30.44565773010254,13.040627479553223,-3.9306795597076416
1777555020775791,0.5965380668640137,0.934821367263794,-4.849395751953125,-31.083723068237305,14.655129432678223,-5.416892051696777
1777555020856616,0.47218769788742065,0.8446669578552246,-4.72689962387085,-30.015684127807617,13.225912094116211,-4.210245132446289
1777555020856704,0.252851665019989,0.876078724861145,-4.5180792808532715,-28.328052520751953,11.465873718261719,-1.673130750656128
1777555020856716,0.16353821754455566,0.9227538704872131,-4.4743499755859375,-27.281213760375977,11.547338485717773,-0.766636848449707
1777555020856728,0.13305601477622986,0.8605673313140869,-4.392369747161865,-27.553956985473633,10.340594291687012,-0.34674644470214844
1777555020856738,0.3680036962032318,1.0082257986068726,-4.52972412109375,-29.175601959228516,11.985512733459473,-2.160271406173706
1777555020856749,0.531936526298523,0.9924874901771545,-4.72613525390625,-30.95668601989746,13.429195404052734,-4.139472961425781
1777555020856759,0.5126594305038452,0.9928821325302124,-4.755496501922607,-31.512929916381836,13.254855155944824,-3.5215187072753906
1777555020856770,0.407053679227829,1.042987585067749,-4.813549041748047,-30.331745147705078,14.119260787963867,-2.7205498218536377
1777555020865851,0.17952609062194824,0.8728232979774475,-4.658883571624756,-28.29285430908203,12.624579429626465,-1.659134030342102
1777555020875765,0.11509928107261658,0.8069497346878052,-4.453901290893555,-26.836631774902344,11.273786544799805,-0.9635418653488159
1777555020885764,0.24831852316856384,0.7861766815185547,-4.480566024780273,-27.333120346069336,11.721879005432129,-2.4475221633911133
1777555020895732,0.40419232845306396,0.7927497625350952,-4.4803009033203125,-29.379505157470703,11.381054878234863,-3.4669711589813232
1777555020905762,0.5172936916351318,0.9774653911590576,-4.6753973960876465,-30.87164878845215,12.968710899353027,-3.764730453491211
1777555020915731,0.5416208505630493,1.0362054109573364,-4.779299259185791,-31.139841079711914,14.272814750671387,-3.987872838973999
1777555020925779,0.3287510871887207,1.0062296390533447,-4.6087517738342285,-29.596210479736328,12.440390586853027,-1.8541948795318604
1777555020935753,0.1903766691684723,0.9968695640563965,-4.595492839813232,-28.304706573486328,12.1715726852417,-0.7286632061004639
1777555020945764,0.12778908014297485,0.9322117567062378,-4.484707355499268,-27.510345458984375,11.503804206848145,-0.6027803421020508
1777555020955748,0.20842644572257996,0.8687626719474792,-4.53224515914917,-28.169845581054688,11.313932418823242,-1.1825625896453857
1777555020965765,0.4512578248977661,0.8850966095924377,-4.722875595092773,-29.52747344970703,13.511222839355469,-3.836266040802002
1777555020975754,0.5389211177825928,0.819563627243042,-4.7192277908325195,-30.393762588500977,13.129411697387695,-4.76533317565918
1777555020985776,0.5176683664321899,0.9285215139389038,-4.6556782722473145,-30.382802963256836,13.154787063598633,-4.124246120452881
1777555020995765,0.3771582841873169,0.9192637205123901,-4.646395683288574,-29.52396011352539,13.023579597473145,-2.717245101928711
1777555021080589,0.17333519458770752,0.8889132142066956,-4.437808990478516,-28.158056259155273,11.103655815124512,-0.6148252487182617
1777555021080609,0.16197025775909424,0.9794312119483948,-4.482855319976807,-27.56553077697754,11.326213836669922,-0.3082444667816162
1777555021080623,0.30229294300079346,0.9474887847900391,-4.562763690948486,-28.388343811035156,11.811469078063965,-1.8173353672027588
1777555021080635,0.4158886671066284,0.9755122065544128,-4.573213577270508,-30.173059463500977,12.164445877075195,-2.8260347843170166
1777555021080646,0.5258129239082336,1.0367885828018188,-4.814294338226318,-31.128244400024414,14.313835144042969,-3.884725570678711
1777555021080656,0.4397423267364502,0.9510064125061035,-4.780856609344482,-30.383493423461914,13.708611488342285,-3.612642288208008
1777555021080667,0.26318758726119995,0.9043087959289551,-4.632203102111816,-28.753440856933594,12.85425853729248,-2.155430316925049
1777555021080677,0.2187880277633667,0.8412249684333801,-4.574566841125488,-27.722972869873047,12.255301475524902,-2.056821346282959
1777555021085717,0.2128123641014099,0.8009181022644043,-4.407496929168701,-27.532716751098633,10.834502220153809,-1.5606629848480225
1777555021095765,0.34313714504241943,0.8941431045532227,-4.5135650634765625,-28.96021842956543,11.440041542053223,-2.3461246490478516
1777555021105767,0.4784238636493683,0.952182948589325,-4.68098258972168,-30.286766052246094,13.048585891723633,-3.7101781368255615
1777555021115777,0.4784601628780365,0.9792646169662476,-4.67261266708374,-30.955793380737305,12.928447723388672,-3.3001575469970703
1777555021125734,0.42152753472328186,1.0436022281646729,-4.721844673156738,-30.334484100341797,13.515730857849121,-2.8151655197143555
1777555021135720,0.2702712118625641,0.9711655378341675,-4.60814094543457,-28.966760635375977,12.642412185668945,-1.7043282985687256
1777555021145764,0.1490986943244934,0.9052404761314392,-4.489994049072266,-28.04361915588379,11.577932357788086,-0.4612550735473633
1777555021155766,0.2348317801952362,0.8980674743652344,-4.611949443817139,-27.89645767211914,12.460344314575195,-1.5851119756698608
1777555021165771,0.3619680106639862,0.8172445297241211,-4.593554973602295,-28.92513656616211,12.201240539550781,-3.0824289321899414
1777555021175714,0.4876440167427063,0.8617569208145142,-4.638342380523682,-30.079463958740234,12.744537353515625,-4.086489200592041
1777555021185785,0.5375151634216309,0.9202945232391357,-4.763803482055664,-30.662275314331055,13.397605895996094,-4.383563995361328
1777555021195734,0.37796080112457275,0.9274104833602905,-4.6258440017700195,-29.79500389099121,12.29764461517334,-2.745894432067871
1777555021205754,0.2549474835395813,0.986636221408844,-4.565262317657471,-28.74519920349121,12.303202629089355,-1.235819697380066
1777555021215766,0.2092767357826233,0.9638521075248718,-4.528439998626709,-27.83521270751953,11.655672073364258,-0.8282058238983154
1777555021329962,0.21448999643325806,0.9151244163513184,-4.480836868286133,-28.43755340576172,11.152872085571289,-0.993976354598999
1777555021330001,0.3761359751224518,0.958480715751648,-4.674568176269531,-29.5966739654541,12.739657402038574,-2.5785486698150635
1777555021330013,0.47882699966430664,0.9288725852966309,-4.739738941192627,-30.60941505432129,13.550187110900879,-3.75425386428833
1777555021330023,0.4479692876338959,0.9353545904159546,-4.727520942687988,-30.3675537109375,13.595139503479004,-3.645112991333008
1777555021330033,0.36922603845596313,0.9100713133811951,-4.714963912963867,-29.542545318603516,13.506599426269531,-3.319078207015991
1777555021330043,0.23996621370315552,0.8120765089988708,-4.498387813568115,-28.408727645874023,11.808929443359375,-1.9264795780181885
1777555021330053,0.21415448188781738,0.8597466945648193,-4.499841213226318,-28.01920509338379,11.268635749816895,-1.391165852546692
1777555021330070,0.2993870973587036,0.8979679942131042,-4.553980827331543,-28.791423797607422,12.050041198730469,-2.2607569694519043
1777555021330080,0.3863377869129181,0.9370540976524353,-4.596071720123291,-29.84056854248047,12.176717758178711,-2.5632550716400146
1777555021330090,0.4665259122848511,1.0169727802276611,-4.695716857910156,-30.547443389892578,13.34326171875,-3.070579767227173
1777555021330100,0.44447994232177734,1.0147920846939087,-4.701029300689697,-30.511810302734375,13.407065391540527,-3.1509158611297607
1777555021335763,0.3179096281528473,0.9940605759620667,-4.63035249710083,-29.454221725463867,12.517992973327637,-1.8798480033874512
1777555021345796,0.21648135781288147,0.9327653050422668,-4.62344217300415,-28.58771324157715,12.666157722473145,-1.5379853248596191
1777555021355811,0.2363836169242859,0.8428552746772766,-4.524067401885986,-28.016666412353516,11.85558032989502,-1.862253189086914
1777555021365761,0.29713472723960876,0.8289406895637512,-4.576653480529785,-28.85917091369629,11.994222640991211,-2.362579345703125
1777555021375727,0.4542888402938843,0.8717002272605896,-4.663588047027588,-29.856515884399414,13.012711524963379,-3.9198226928710938
1777555021385776,0.47984564304351807,0.9251329302787781,-4.656224727630615,-30.31622314453125,12.735764503479004,-3.7823920249938965
1777555021395844,0.42097797989845276,0.9775745272636414,-4.687502861022949,-30.276901245117188,13.035733222961426,-2.9460067749023438
1777555021405688,0.3216381072998047,0.9877263903617859,-4.66874361038208,-29.304882049560547,12.823359489440918,-2.006633758544922
1777555021415758,0.21052899956703186,0.9520797729492188,-4.561360836029053,-28.39952850341797,11.612444877624512,-0.7666727304458618
1777555021425833,0.2188788652420044,0.9586138725280762,-4.587708473205566,-28.353256225585938,12.112550735473633,-1.2101731300354004
1777555021435753,0.3376760482788086,0.9218712449073792,-4.573005676269531,-29.08713722229004,12.359785079956055,-2.3288400173187256
1777555021445774,0.41610828042030334,0.9193018674850464,-4.672080039978027,-30.122840881347656,12.861224174499512,-3.401859760284424
1777555021455832,0.48216643929481506,0.9071685671806335,-4.751108169555664,-30.40448760986328,13.558004379272461,-3.9626731872558594
1777555021465896,0.41527795791625977,0.903230607509613,-4.677945137023926,-29.780715942382812,13.167323112487793,-3.387784719467163
1777555021475922,0.3027040660381317,0.8860656023025513,-4.554451942443848,-28.865116119384766,12.33177661895752,-2.1737661361694336
1777555021485825,0.23794543743133545,0.8850376605987549,-4.5361127853393555,-28.49079704284668,11.944811820983887,-1.7536653280258179
1777555021495901,0.26896968483924866,0.9037578701972961,-4.501364707946777,-28.593425750732422,11.483311653137207,-1.4157567024230957
1777555021505895,0.3376059830188751,0.964737057685852,-4.590470314025879,-29.530189514160156,12.381794929504395,-2.20693039894104
1777555021515768,0.4661770462989807,0.9845982789993286,-4.679177761077881,-30.29667091369629,13.020602226257324,-3.1050329208374023
1777555021525877,0.44022661447525024,0.9717336893081665,-4.679166316986084,-30.621673583984375,13.246206283569336,-2.993314266204834
1777555021535790,0.3700100779533386,0.9718382358551025,-4.740656852722168,-29.83672332763672,13.286286354064941,-2.788456439971924
1777555021545832,0.2934684455394745,0.9086320400238037,-4.627740859985352,-28.998212814331055,12.688982963562012,-1.9872783422470093
1777555021555753,0.22930902242660522,0.8512008190155029,-4.557751178741455,-28.313066482543945,12.104883193969727,-1.606864094734192
1777555021565690,0.3014768064022064,0.8519228100776672,-4.570626735687256,-28.564130783081055,12.16966438293457,-2.564617156982422
1777555021575741,0.37668919563293457,0.8619846105575562,-4.571257591247559,-29.51381492614746,12.374652862548828,-3.083400011062622
1777555021585715,0.4634073078632355,0.935323178768158,-4.680200099945068,-30.067380905151367,12.634121894836426,-3.254396438598633
1777555021595746,0.42702341079711914,0.9852945804595947,-4.703159809112549,-30.46306037902832,13.007966995239258,-2.9979054927825928
1777555021605704,0.3458983898162842,0.9897106885910034,-4.656983375549316,-29.880538940429688,12.735154151916504,-2.1954002380371094
1777555021615691,0.2694801986217499,0.9741942286491394,-4.611708641052246,-28.83072280883789,12.203853607177734,-1.5517747402191162
1777555021625745,0.2533971965312958,0.9573178887367249,-4.5856475830078125,-28.58383560180664,12.154753684997559,-1.537106990814209
1777555021635736,0.2814132571220398,0.9031310081481934,-4.556413650512695,-28.978221893310547,12.356069564819336,-2.152412176132202
1777555021645704,0.3876020908355713,0.8954871296882629,-4.655294895172119,-29.860736846923828,12.783793449401855,-3.0979626178741455
1777555021655646,0.43912598490715027,0.9148327708244324,-4.6979475021362305,-30.13159942626953,13.379827499389648,-3.913935661315918
1777555021665645,0.42396998405456543,0.8943975567817688,-4.683657169342041,-30.110145568847656,12.951828956604004,-3.2450509071350098
1777555021675657,0.3631281852722168,0.9120588898658752,-4.6236748695373535,-29.408344268798828,12.805617332458496,-2.710641384124756
1777555021685683,0.2603755593299866,0.9242883324623108,-4.56615686416626,-28.76963233947754,12.032757759094238,-1.7521510124206543
1777555021695735,0.24604177474975586,0.9227348566055298,-4.575331211090088,-28.883831024169922,11.653164863586426,-1.2611035108566284
1777555021705706,0.3210349977016449,0.9639992117881775,-4.58095645904541,-29.140636444091797,12.595972061157227,-2.0656051635742188
1777555021715658,0.39252278208732605,0.9529635310173035,-4.619171619415283,-30.08632469177246,12.60157585144043,-2.981008529663086
1777555021725743,0.43546903133392334,0.9709123969078064,-4.699190139770508,-30.42723846435547,13.057757377624512,-3.0928680896759033
1777555021735687,0.40124356746673584,0.9488385319709778,-4.7454986572265625,-30.220298767089844,13.437982559204102,-3.1461057662963867
1777555021745774,0.29950806498527527,0.9037754535675049,-4.611051559448242,-29.260086059570312,12.647029876708984,-2.419041156768799
1777555021755711,0.27161192893981934,0.8850186467170715,-4.572082042694092,-28.532257080078125,12.247498512268066,-2.06648588180542
1777555021765768,0.30144578218460083,0.8618183732032776,-4.566636085510254,-28.549396514892578,11.9336576461792,-2.297943115234375
1777555021775764,0.3338378965854645,0.8922851085662842,-4.564952373504639,-29.295120239257812,12.056432723999023,-2.6108765602111816
1777555021785802,0.424640417098999,0.9584835171699524,-4.654078006744385,-30.04143714904785,12.579571723937988,-3.0109333992004395
1777555021795764,0.4334065318107605,0.9803658127784729,-4.689133644104004,-30.420997619628906,12.729166030883789,-2.8341944217681885
1777555021805751,0.35920441150665283,0.9951237440109253,-4.683207035064697,-30.019624710083008,12.952959060668945,-2.4113612174987793
1777555021815775,0.3005744516849518,0.9607922434806824,-4.674008846282959,-29.4172420501709,12.614960670471191,-1.774538278579712
1777555021825863,0.2600036561489105,0.9371262788772583,-4.596806049346924,-28.83896827697754,12.130714416503906,-1.5377755165100098
1777555021835818,0.2948554754257202,0.9075611233711243,-4.611409664154053,-28.90723991394043,12.375570297241211,-2.0774874687194824
1777555021845877,0.37082475423812866,0.8727416396141052,-4.658188819885254,-29.32471466064453,12.687911033630371,-3.0341484546661377
1777555021855875,0.43289121985435486,0.8918684720993042,-4.63825798034668,-30.072418212890625,12.73063850402832,-3.480537176132202
1777555021865814,0.43620428442955017,0.9099829792976379,-4.685218811035156,-30.253662109375,13.099642753601074,-3.4604156017303467
1777555021875763,0.3726496696472168,0.937761127948761,-4.63724946975708,-29.666885375976562,12.723092079162598,-2.7362749576568604
1777555021885862,0.2878422141075134,0.9473857283592224,-4.599548816680908,-29.341081619262695,12.331854820251465,-1.7296462059020996
1777555021895855,0.2732214331626892,0.9361695647239685,-4.574274063110352,-28.937625885009766,12.218982696533203,-1.6519973278045654
1777555021905808,0.3061922788619995,0.9367105960845947,-4.560638427734375,-29.158119201660156,11.989571571350098,-1.9163343906402588
1777555021915774,0.3707464933395386,0.9411989450454712,-4.651242733001709,-29.746288299560547,12.514008522033691,-2.5402421951293945
1777555021925824,0.41782280802726746,0.945368230342865,-4.714170932769775,-30.227291107177734,13.179769515991211,-3.1295833587646484
1777555021935750,0.3986222743988037,0.9227102994918823,-4.705585956573486,-30.12531089782715,13.273427963256836,-3.174201011657715
1777555021945873,0.3517821729183197,0.900684654712677,-4.67188835144043,-29.51799964904785,12.949649810791016,-2.7625372409820557
1777555021955774,0.3116338849067688,0.8852863311767578,-4.617752552032471,-28.79141616821289,12.220829010009766,-2.2906057834625244
1777555021965809,0.27650323510169983,0.875544011592865,-4.586018085479736,-28.74863052368164,11.973939895629883,-2.042477607727051
1777555021975859,0.31672123074531555,0.9105794429779053,-4.584448337554932,-29.253307342529297,12.258666038513184,-2.4334616661071777
1777555021985824,0.4010220766067505,0.9670424461364746,-4.631730556488037,-29.81560516357422,12.370492935180664,-2.545886754989624
1777555021995808,0.42471081018447876,0.9878947734832764,-4.682353973388672,-30.211641311645508,12.852078437805176,-2.8180627822875977
1777555022005875,0.385070264339447,0.9896858930587769,-4.67043399810791,-30.110877990722656,12.933267593383789,-2.7530717849731445
1777555022015786,0.34664955735206604,0.9676398038864136,-4.65861177444458,-29.467941284179688,12.854771614074707,-2.169908285140991
1777555022025824,0.2804982662200928,0.9107697010040283,-4.599660873413086,-28.997270584106445,12.511982917785645,-1.949973225593567
1777555022035664,0.28927043080329895,0.8873780965805054,-4.588906764984131,-28.983369827270508,12.616708755493164,-2.305333137512207
1777555022045835,0.3245120644569397,0.8779151439666748,-4.5804901123046875,-29.31580352783203,12.576358795166016,-2.764584541320801
1777555022055835,0.39990246295928955,0.8860000967979431,-4.627037048339844,-29.79591178894043,12.573811531066895,-3.1618618965148926
1777555022065806,0.44816046953201294,0.9086790084838867,-4.663264751434326,-30.18488121032715,12.909120559692383,-3.234591484069824
1777555022075717,0.3805100917816162,0.939206063747406,-4.650006294250488,-29.9830265045166,12.733627319335938,-2.725632905960083
1777555022085778,0.33458662033081055,0.963591456413269,-4.6499433517456055,-29.57988739013672,12.601372718811035,-2.1381397247314453
1777555022095813,0.2675131559371948,0.9680454134941101,-4.62127685546875,-28.87447738647461,12.38880443572998,-1.7329847812652588
1777555022105846,0.28520092368125916,0.9343598484992981,-4.594727039337158,-29.000539779663086,12.203216552734375,-1.7860852479934692
1777555022115753,0.3537721037864685,0.9511227607727051,-4.620241165161133,-29.503170013427734,12.670646667480469,-2.561218500137329
1777555022125708,0.4029002785682678,0.9145253300666809,-4.659573078155518,-30.112918853759766,13.016594886779785,-2.952096939086914
1777555022135656,0.41218504309654236,0.9275698065757751,-4.694377422332764,-30.22432518005371,13.02473258972168,-3.1729071140289307
1777555022145726,0.3655489683151245,0.9169439673423767,-4.694698810577393,-29.67911148071289,13.157261848449707,-3.223112106323242
1777555022155805,0.31269344687461853,0.894440770149231,-4.594691753387451,-29.192142486572266,12.394412994384766,-2.3559398651123047
1777555022165739,0.28505221009254456,0.9134945869445801,-4.579699993133545,-28.92705535888672,12.25637435913086,-2.2295682430267334
1777555022175811,0.31417039036750793,0.9266317486763,-4.589701175689697,-29.137481689453125,12.209049224853516,-2.145080089569092
1777555022185869,0.3703477084636688,0.9391919374465942,-4.620560646057129,-29.62521743774414,12.181046485900879,-2.4485392570495605
1777555022195764,0.4144892990589142,0.9736889600753784,-4.6778388023376465,-30.056325912475586,12.917110443115234,-2.6189827919006348
1777555022205785,0.4059493839740753,0.9639838933944702,-4.69417142868042,-30.271465301513672,13.033013343811035,-3.0619826316833496
1777555022215822,0.37090393900871277,0.9486373066902161,-4.6507439613342285,-29.70787239074707,12.680517196655273,-2.3347177505493164
1777555022225820,0.31166526675224304,0.9316790699958801,-4.661109924316406,-29.264455795288086,12.778491973876953,-2.2885894775390625
1777555022235679,0.2889167070388794,0.8981633186340332,-4.60746955871582,-28.90467643737793,12.385683059692383,-2.0064802169799805
1777555022245765,0.33301132917404175,0.8776153922080994,-4.595811367034912,-29.157777786254883,12.413533210754395,-2.4610671997070312
1777555022255826,0.4099412262439728,0.8966776728630066,-4.674252033233643,-29.55048942565918,12.768268585205078,-3.1177284717559814
1777555022265818,0.4142036437988281,0.9192239046096802,-4.688474655151367,-29.992420196533203,12.544113159179688,-3.0768203735351562
1777555022275739,0.394883394241333,0.976473867893219,-4.674414157867432,-30.145305633544922,12.951805114746094,-2.8426554203033447
1777555022285772,0.3326376676559448,0.9799509644508362,-4.645138263702393,-29.870363235473633,12.787370681762695,-2.2088077068328857
1777555022295771,0.29893743991851807,0.9410842061042786,-4.624569892883301,-29.317007064819336,12.299899101257324,-1.696725845336914
1777555022305776,0.29047638177871704,0.94122713804245,-4.606931209564209,-29.132705688476562,12.447295188903809,-1.9870452880859375
1777555022315696,0.32884442806243896,0.9072790741920471,-4.6365556716918945,-29.458759307861328,12.515511512756348,-2.432971954345703
1777555022325659,0.38037386536598206,0.9209164977073669,-4.676165580749512,-29.80668830871582,12.750748634338379,-2.897454023361206
1777555022335652,0.39698100090026855,0.915504515171051,-4.670103073120117,-29.904865264892578,13.060093879699707,-3.2984352111816406
1777555022345662,0.3811638355255127,0.9000753164291382,-4.685746192932129,-30.003173828125,12.980751037597656,-3.055253028869629
1777555022355671,0.32000789046287537,0.9022294282913208,-4.649660110473633,-29.544565200805664,12.39232349395752,-2.5611281394958496
1777555022365727,0.2967178225517273,0.9291338324546814,-4.596507549285889,-29.11109733581543,12.170589447021484,-2.125492811203003
1777555022375738,0.29440686106681824,0.9178272485733032,-4.577687740325928,-29.297927856445312,12.315402030944824,-1.8040142059326172
1777555022385762,0.33712247014045715,0.9479241967201233,-4.601041793823242,-29.58287239074707,12.346343040466309,-2.3126611709594727
1777555022395701,0.401584267616272,0.9481592178344727,-4.666034698486328,-30.125776290893555,12.653183937072754,-2.760610580444336
1777555022405863,0.4057597219944,0.9488039016723633,-4.7049336433410645,-30.31954002380371,12.974018096923828,-2.8082494735717773
1777555022415819,0.3746596872806549,0.9649665355682373,-4.702696800231934,-29.543903350830078,12.825838088989258,-2.585557699203491
1777555022425852,0.3185926377773285,0.91349858045578,-4.682821750640869,-29.3295841217041,12.67165470123291,-2.382462501525879
1777555022435727,0.30090126395225525,0.8798707127571106,-4.638449668884277,-29.182188034057617,12.469172477722168,-2.4807190895080566
1777555022445727,0.3195803165435791,0.8879941701889038,-4.591126441955566,-29.36518096923828,12.370180130004883,-2.6581783294677734
1777555022455685,0.3598427176475525,0.8899060487747192,-4.6399312019348145,-29.654354095458984,12.5521821975708,-2.739514112472534
1777555022465665,0.38474059104919434,0.9280937314033508,-4.697811126708984,-30.113170623779297,12.745664596557617,-2.8208935260772705
1777555022475684,0.4080718457698822,0.9574995636940002,-4.696903228759766,-30.13220977783203,12.846878051757812,-2.7901902198791504
1777555022485658,0.352426141500473,0.954888641834259,-4.649872303009033,-29.751096725463867,12.660491943359375,-2.3625400066375732
1777555022495840,0.30639272928237915,0.9543060064315796,-4.655259609222412,-29.43548583984375,12.422632217407227,-2.0164146423339844
1777555022505683,0.29143375158309937,0.9371681213378906,-4.61820650100708,-29.27779769897461,12.54954719543457,-2.1702940464019775
1777555022515670,0.3208450973033905,0.8928890824317932,-4.619751930236816,-29.462373733520508,12.461434364318848,-2.3385095596313477
1777555022525727,0.3535735607147217,0.9206421971321106,-4.662848472595215,-29.53707504272461,12.846412658691406,-3.018486976623535
1777555022535815,0.3885667324066162,0.900238037109375,-4.679988861083984,-29.932334899902344,12.772232055664062,-3.270378589630127
1777555022545747,0.39944371581077576,0.9005208611488342,-4.655226707458496,-30.064786911010742,12.70042610168457,-2.9498775005340576
1777555022555761,0.35967862606048584,0.9307850003242493,-4.6717143058776855,-29.71693229675293,12.655590057373047,-2.523538589477539
1777555022565770,0.3278689384460449,0.9126780033111572,-4.615580081939697,-29.436634063720703,12.43314266204834,-2.2795910835266113
1777555022575619,0.2995935082435608,0.9358517527580261,-4.6092915534973145,-29.29810333251953,12.234790802001953,-1.9369758367538452
1777555022585607,0.3424599766731262,0.9477679133415222,-4.692251205444336,-29.47844696044922,12.554115295410156,-2.3787927627563477
1777555022595630,0.37679553031921387,0.9414729475975037,-4.696462154388428,-29.795818328857422,12.655120849609375,-2.4414167404174805
1777555022605623,0.3896826505661011,0.9556043148040771,-4.716689586639404,-30.02267837524414,13.192774772644043,-2.854309320449829
1777555022615655,0.39787453413009644,0.958124041557312,-4.7201738357543945,-29.7921142578125,12.878047943115234,-2.93984055519104
1777555022625700,0.34650057554244995,0.9230718612670898,-4.670106887817383,-29.424270629882812,12.608522415161133,-2.5356194972991943
1777555022635630,0.3221823573112488,0.9033886194229126,-4.642358303070068,-29.337642669677734,12.686614036560059,-2.3526759147644043
1777555022645657,0.30510127544403076,0.8793933987617493,-4.582642078399658,-29.304073333740234,12.418073654174805,-2.4636435508728027
1777555022655658,0.3362021744251251,0.9128469228744507,-4.60329532623291,-29.520423889160156,12.49561595916748,-2.7147510051727295
1777555022665650,0.37660831212997437,0.9362375140190125,-4.655761241912842,-30.03194808959961,12.827388763427734,-2.577263832092285
1777555022675763,0.41024571657180786,0.9544051885604858,-4.653309345245361,-30.111873626708984,12.845077514648438,-2.799781322479248
1777555022685734,0.36062484979629517,0.9464274644851685,-4.686237812042236,-30.173107147216797,12.910072326660156,-2.568978786468506
1777555022695690,0.33896249532699585,0.9634922742843628,-4.654013633728027,-29.423131942749023,12.894980430603027,-2.4057865142822266
1777555022705583,0.296430766582489,0.9152615666389465,-4.639954090118408,-29.2694091796875,12.499961853027344,-2.0669212341308594
1777555022715596,0.32209140062332153,0.9019080996513367,-4.637146472930908,-29.518096923828125,12.589062690734863,-2.4134464263916016
1777555022725713,0.35953664779663086,0.8876045346260071,-4.6550188064575195,-29.51129150390625,12.592351913452148,-2.6900992393493652
1777555022735658,0.3980853259563446,0.8861520886421204,-4.6823906898498535,-30.094072341918945,12.82088565826416,-2.9731268882751465
1777555022745697,0.40349969267845154,0.9296714663505554,-4.665114879608154,-29.937458038330078,12.989349365234375,-3.0257256031036377
1777555022755632,0.36070454120635986,0.9488554000854492,-4.640259742736816,-29.667837142944336,12.626328468322754,-2.5469565391540527
1777555022765716,0.33091551065444946,0.9168958067893982,-4.652073860168457,-29.72605323791504,12.502963066101074,-2.053135633468628
1777555022775742,0.3116806745529175,0.9334309101104736,-4.622759819030762,-29.461456298828125,12.48426628112793,-2.1064865589141846
1777555022785694,0.33112427592277527,0.9276410937309265,-4.6281585693359375,-29.44675064086914,12.431814193725586,-1.9806571006774902
1777555022795637,0.35510119795799255,0.9245609045028687,-4.654499530792236,-29.99519920349121,12.487935066223145,-2.456970691680908
1777555022805554,0.3894466459751129,0.9368231296539307,-4.690642356872559,-29.985191345214844,13.008878707885742,-2.793221950531006
1777555022815673,0.3840709328651428,0.9149255752563477,-4.697337627410889,-29.892227172851562,12.982293128967285,-2.881533145904541
1777555022825643,0.3544692397117615,0.9173829555511475,-4.65126371383667,-29.65431785583496,12.709610939025879,-2.724877119064331
1777555022835626,0.3386442959308624,0.8931952714920044,-4.687674522399902,-29.65735626220703,12.454460144042969,-2.369917392730713
1777555022845699,0.3197817802429199,0.8948037624359131,-4.60127067565918,-29.48403549194336,12.261983871459961,-2.1964235305786133
1777555022855690,0.3450565040111542,0.924124538898468,-4.606813430786133,-29.460674285888672,12.4419527053833,-2.3766064643859863
1777555022865664,0.3770211637020111,0.9458889961242676,-4.648642063140869,-29.790071487426758,12.6567964553833,-2.481265068054199
1777555022875684,0.37282848358154297,0.9640169739723206,-4.710765838623047,-29.9536190032959,12.893588066101074,-2.5878894329071045
1777555022885611,0.37599366903305054,0.9679622650146484,-4.6894450187683105,-30.04854965209961,12.984943389892578,-2.9187350273132324
1777555022895563,0.34542417526245117,0.9282099008560181,-4.650487422943115,-29.88193130493164,12.870823860168457,-2.486912727355957
1777555022905576,0.32401326298713684,0.9237078428268433,-4.616237640380859,-29.51516342163086,12.59843921661377,-2.238771438598633
1777555022915614,0.32609906792640686,0.9041164517402649,-4.612227916717529,-29.44661521911621,12.651711463928223,-2.4909324645996094
1777555022925718,0.35839909315109253,0.8874538540840149,-4.655696868896484,-29.7054386138916,12.582586288452148,-2.7313830852508545
1777555022935699,0.3882227838039398,0.9019412398338318,-4.633270263671875,-29.856111526489258,12.690187454223633,-2.9754624366760254
1777555022945725,0.41442665457725525,0.9390406012535095,-4.703749179840088,-29.893518447875977,12.891857147216797,-2.992105722427368
1777555022955575,0.3675140142440796,0.9468443393707275,-4.674742221832275,-29.899805068969727,12.603038787841797,-2.7650201320648193
1777555022965709,0.3497494161128998,0.957752525806427,-4.6482038497924805,-29.72712516784668,12.641838073730469,-2.3542122840881348
1777555022975678,0.3324245512485504,0.9324333071708679,-4.673248767852783,-29.61864471435547,12.429680824279785,-2.160601854324341
1777555022985737,0.3275339603424072,0.9485254883766174,-4.643556594848633,-29.50471305847168,12.299956321716309,-1.9595491886138916
1777555022995760,0.3481629490852356,0.9317034482955933,-4.660486698150635,-29.82101821899414,12.653885841369629,-2.506720542907715
1777555023005691,0.3807659447193146,0.9106705784797668,-4.65238094329834,-29.869396209716797,12.825953483581543,-2.836040496826172
1777555023015729,0.4001774489879608,0.9125393033027649,-4.70017671585083,-30.162282943725586,12.738492012023926,-3.0461573600769043
1777555023025729,0.3652811646461487,0.915532648563385,-4.699110984802246,-29.901437759399414,12.79223346710205,-2.868675947189331
1777555023035733,0.3356649577617645,0.9278155565261841,-4.632233619689941,-29.492528915405273,12.691631317138672,-2.448723316192627
1777555023045766,0.3279138207435608,0.926715612411499,-4.638753414154053,-29.40730094909668,12.488458633422852,-2.243320941925049
1777555023055777,0.34651118516921997,0.9449259638786316,-4.651520252227783,-29.447555541992188,12.551119804382324,-2.2588486671447754
1777555023065752,0.3558477759361267,0.947843611240387,-4.639666557312012,-29.7435245513916,12.715904235839844,-2.3288724422454834
1777555023075701,0.38465753197669983,0.9600730538368225,-4.652815818786621,-30.08966064453125,12.969941139221191,-2.825864553451538
1777555023085787,0.3775458037853241,0.9378103613853455,-4.676666736602783,-30.100862503051758,12.994950294494629,-2.678560733795166
1777555023095723,0.34381479024887085,0.9322878122329712,-4.663758277893066,-29.87601661682129,12.883733749389648,-2.505828857421875
1777555023105778,0.3337894380092621,0.9233359694480896,-4.6307573318481445,-29.342239379882812,12.791605949401855,-2.4413022994995117
1777555023115705,0.34304237365722656,0.9095936417579651,-4.633417129516602,-29.43465805053711,12.674362182617188,-2.4661712646484375
1777555023125770,0.32916027307510376,0.9047083854675293,-4.6432623863220215,-29.60457420349121,12.493830680847168,-2.5384130477905273
1777555023135752,0.3678807020187378,0.920567512512207,-4.657681941986084,-29.831405639648438,12.779674530029297,-2.8500609397888184
1777555023145744,0.3645039498806,0.9291160702705383,-4.639591693878174,-30.012104034423828,12.825032234191895,-2.784529209136963
1777555023155716,0.3772386312484741,0.9557363390922546,-4.675989151000977,-29.838468551635742,12.60673999786377,-2.618976593017578
1777555023165851,0.35029080510139465,0.9594737887382507,-4.6579790115356445,-29.7735595703125,12.82515811920166,-2.438312292098999
1777555023175793,0.30667319893836975,0.9491864442825317,-4.6969194412231445,-29.744993209838867,12.338943481445312,-2.296224594116211
1777555023185834,0.3140990436077118,0.9280539155006409,-4.627181529998779,-29.517423629760742,12.550735473632812,-2.1461057662963867
1777555023195837,0.3625219464302063,0.9133332967758179,-4.682537078857422,-29.69556427001953,12.60617733001709,-2.4624757766723633
1777555023205804,0.37596452236175537,0.9100544452667236,-4.684956073760986,-29.90349006652832,12.603022575378418,-2.7604198455810547
1777555023215847,0.41114211082458496,0.921297550201416,-4.712308406829834,-29.827951431274414,12.770868301391602,-2.827094078063965
1777555023225837,0.377123087644577,0.9349851608276367,-4.661245346069336,-29.9025936126709,12.913826942443848,-2.7876052856445312
1777555023235703,0.34760838747024536,0.9178596138954163,-4.658863067626953,-29.728015899658203,12.711142539978027,-2.5106239318847656
1777555023245757,0.33126816153526306,0.9262604713439941,-4.646459579467773,-29.348365783691406,12.569522857666016,-2.3191094398498535
1777555023255800,0.3309258222579956,0.9185835123062134,-4.645541191101074,-29.6915340423584,12.342427253723145,-2.2485673427581787
1777555023265790,0.35077396035194397,0.956653892993927,-4.664093971252441,-29.657712936401367,12.723483085632324,-2.52121901512146
1777555023275804,0.3858679234981537,0.9320898056030273,-4.687411785125732,-30.013521194458008,12.739483833312988,-2.544942617416382
1777555023285756,0.3755257725715637,0.9304485321044922,-4.663963317871094,-30.152023315429688,12.857688903808594,-2.64402174949646
1777555023295765,0.3449942469596863,0.9314026832580566,-4.700404644012451,-29.81258201599121,12.93737506866455,-2.7255122661590576
1777555023305691,0.3431645929813385,0.9151910543441772,-4.6696624755859375,-29.706279754638672,12.846991539001465,-2.7560935020446777
1777555023315603,0.3192675709724426,0.9097316861152649,-4.683432579040527,-29.56041717529297,12.51555347442627,-2.450892448425293
1777555023325549,0.3345242440700531,0.922224760055542,-4.642884254455566,-29.44818687438965,12.793808937072754,-2.5677740573883057
1777555023335641,0.3658393919467926,0.9016695022583008,-4.637755393981934,-29.719343185424805,12.477506637573242,-2.54642915725708
1777555023345656,0.3649774491786957,0.9600173830986023,-4.654577255249023,-29.820518493652344,12.823906898498535,-2.692931652069092
1777555023355680,0.38623395562171936,0.9655435085296631,-4.700923919677734,-30.000926971435547,12.789658546447754,-2.7547099590301514
1777555023365667,0.3448620140552521,0.9393330216407776,-4.642634391784668,-29.987014770507812,12.801408767700195,-2.519655227661133
1777555023375665,0.33776479959487915,0.9319738745689392,-4.658450603485107,-29.627246856689453,12.781585693359375,-2.265408992767334
1777555023385828,0.33648356795310974,0.9173807501792908,-4.659799098968506,-29.56006622314453,12.565277099609375,-2.37367582321167
1777555023395768,0.34389159083366394,0.926714301109314,-4.642332553863525,-29.53643798828125,12.596636772155762,-2.3722333908081055
1777555023405793,0.3723909258842468,0.9124071598052979,-4.6815900802612305,-29.87090301513672,12.780752182006836,-2.835476875305176
1777555023415829,0.3889780640602112,0.9308193325996399,-4.669162273406982,-30.01245880126953,12.81897258758545,-2.8104872703552246
1777555023425786,0.37312737107276917,0.9351168870925903,-4.66908073425293,-29.835664749145508,12.796295166015625,-2.8097057342529297
1777555023435734,0.3702029883861542,0.9366025328636169,-4.672704219818115,-29.954978942871094,12.835161209106445,-2.6881909370422363
1777555023445695,0.33261528611183167,0.9342727065086365,-4.640936374664307,-29.692739486694336,12.679884910583496,-2.373439073562622
1777555023455728,0.3310016989707947,0.9369164109230042,-4.646831035614014,-29.652629852294922,12.542492866516113,-2.203834295272827
1777555023465722,0.3442375659942627,0.946366012096405,-4.674033164978027,-29.70965576171875,12.556777954101562,-2.505899429321289
1777555023475766,0.37145689129829407,0.9489531517028809,-4.668846130371094,-30.02669334411621,12.755972862243652,-2.631232738494873
1777555023485646,0.35598328709602356,0.9169337153434753,-4.687568187713623,-30.086795806884766,12.982884407043457,-2.737138271331787
1777555023495694,0.35113081336021423,0.9278177618980408,-4.707283973693848,-29.899295806884766,12.909051895141602,-2.7294960021972656
1777555023505727,0.35588663816452026,0.9294788241386414,-4.648593902587891,-29.69844627380371,12.781900405883789,-2.557528018951416
1777555023515740,0.3486798405647278,0.8961619138717651,-4.642789363861084,-29.717334747314453,12.645585060119629,-2.4201855659484863
1777555023525903,0.35702377557754517,0.9196029305458069,-4.636915683746338,-29.528343200683594,12.49266529083252,-2.6075024604797363
1777555023535772,0.3502993881702423,0.9271022081375122,-4.6465301513671875,-29.753021240234375,12.662371635437012,-2.517727851867676
1777555023545783,0.3713231086730957,0.950215756893158,-4.672727108001709,-29.9583797454834,12.869983673095703,-2.7626419067382812
1777555023555628,0.36996203660964966,0.9392513632774353,-4.696512699127197,-30.056434631347656,12.690852165222168,-2.5269479751586914
