Timestamp,Fx,Fy,Fz,Mx,My,Mz
1776702117901082,0.5926802754402161,0.6760892271995544,-4.504236221313477,-48.28974533081055,29.026620864868164,-0.8254890441894531
1776702117911080,0.6032671332359314,0.6968508362770081,-4.510545253753662,-48.31251907348633,28.961809158325195,-0.950963020324707
1776702117921081,0.5950039029121399,0.6884790658950806,-4.525327682495117,-48.25274658203125,28.855985641479492,-1.001570701599121
1776702117931175,0.5993965268135071,0.691870927810669,-4.500480651855469,-48.22248840332031,29.098743438720703,-1.0740642547607422
1776702117941226,0.6145473122596741,0.6607162356376648,-4.513515949249268,-48.52534484863281,28.85338020324707,-0.9871196746826172
1776702117951227,0.6136705279350281,0.6890649795532227,-4.523210048675537,-48.490867614746094,28.994041442871094,-0.8998208045959473
1776702117961208,0.5877576470375061,0.6677139401435852,-4.520802974700928,-48.509666442871094,28.92072868347168,-0.9189095497131348
1776702117971167,0.6038171648979187,0.6811454892158508,-4.5357561111450195,-48.532814025878906,29.041322708129883,-0.8690104484558105
1776702117981214,0.6208027601242065,0.6758355498313904,-4.504744529724121,-48.55712127685547,28.948226928710938,-0.7657208442687988
1776702117991160,0.6156218647956848,0.6814963817596436,-4.516169548034668,-48.43008804321289,28.895532608032227,-0.8966312408447266
1776702118001164,0.5918037295341492,0.6958680152893066,-4.533698081970215,-48.200584411621094,28.928159713745117,-0.9087529182434082
1776702118011086,0.6047595739364624,0.6896925568580627,-4.553471565246582,-48.340614318847656,28.788057327270508,-0.8661403656005859
1776702118021119,0.6146982908248901,0.6712117195129395,-4.520532131195068,-48.38602828979492,28.92644691467285,-0.9408588409423828
1776702118031059,0.6030504703521729,0.6778372526168823,-4.502445697784424,-48.336631774902344,28.68942642211914,-0.6937427520751953
1776702118041140,0.6126055717468262,0.680260419845581,-4.5290021896362305,-48.395809173583984,28.94108772277832,-0.9612021446228027
1776702118051044,0.5941848158836365,0.6742058992385864,-4.523033142089844,-48.308231353759766,28.861541748046875,-0.7013206481933594
1776702118061138,0.6133242249488831,0.6745172142982483,-4.5232086181640625,-48.42466354370117,28.79290771484375,-0.6153101921081543
1776702118071091,0.6034720540046692,0.6777231693267822,-4.501000881195068,-48.418514251708984,29.145030975341797,-0.9112906455993652
1776702118081135,0.6048263311386108,0.6755824685096741,-4.519602298736572,-48.45726776123047,28.922441482543945,-0.9727067947387695
1776702118091073,0.5986346006393433,0.6700995564460754,-4.53579044342041,-48.51106262207031,29.034908294677734,-0.8964095115661621
1776702118101125,0.5986980199813843,0.6637936234474182,-4.510267734527588,-48.519775390625,28.914377212524414,-0.9224348068237305
1776702118111012,0.6132617592811584,0.6695753931999207,-4.5224456787109375,-48.38872146606445,28.799701690673828,-1.056741714477539
1776702118121021,0.5996101498603821,0.6760302782058716,-4.509305000305176,-48.3104133605957,28.988313674926758,-0.8376822471618652
1776702118131032,0.6068005561828613,0.6915154457092285,-4.516972064971924,-48.29997253417969,29.019062042236328,-0.9142460823059082
1776702118141041,0.6090377569198608,0.6835060715675354,-4.50918436050415,-48.35548782348633,29.003705978393555,-0.9696493148803711
1776702118151136,0.611055314540863,0.6780794262886047,-4.521400451660156,-48.57020950317383,28.886951446533203,-0.8136734962463379
1776702118161184,0.6154814958572388,0.6903441548347473,-4.477219104766846,-48.43687438964844,28.965051651000977,-0.8939414024353027
1776702118171142,0.6138108968734741,0.673940122127533,-4.494650840759277,-48.3844108581543,28.736230850219727,-0.8860774040222168
1776702118181119,0.6141828298568726,0.6760842800140381,-4.51356840133667,-48.41151428222656,29.13700294494629,-0.8695526123046875
1776702118191065,0.6005292534828186,0.6831682920455933,-4.537756443023682,-48.39065170288086,29.12502098083496,-1.0111446380615234
1776702118201048,0.5969244837760925,0.6691322326660156,-4.499350547790527,-48.2533073425293,28.74209976196289,-0.6826796531677246
1776702118211125,0.6106275916099548,0.6905953288078308,-4.531898498535156,-48.45613098144531,28.99135398864746,-0.6994810104370117
1776702118221073,0.5914240479469299,0.6780852675437927,-4.528214454650879,-48.5667839050293,28.968107223510742,-0.7077121734619141
1776702118231158,0.6003106832504272,0.6951029896736145,-4.522989749908447,-48.142269134521484,28.919300079345703,-0.8444943428039551
1776702118241200,0.6259105205535889,0.6804735660552979,-4.5279741287231445,-48.31878662109375,28.864171981811523,-0.8458466529846191
1776702118251134,0.611747682094574,0.6824074387550354,-4.529624938964844,-48.3991584777832,28.82196617126465,-0.8217606544494629
1776702118261188,0.6104158163070679,0.6874216794967651,-4.539919376373291,-48.43000411987305,28.88155746459961,-0.7029814720153809
1776702118271157,0.6086474061012268,0.6730327606201172,-4.520299911499023,-48.400508880615234,28.99256706237793,-0.8473658561706543
1776702118281185,0.5974962115287781,0.6881082653999329,-4.558887481689453,-48.49956512451172,28.786746978759766,-0.8183932304382324
1776702118291189,0.604779839515686,0.664517343044281,-4.5183515548706055,-48.23703384399414,28.947195053100586,-0.9019145965576172
1776702118301112,0.6148592233657837,0.6697298884391785,-4.507381439208984,-48.37417221069336,28.9168701171875,-0.836815357208252
1776702118311043,0.6072227358818054,0.6724151372909546,-4.523401260375977,-48.36729049682617,28.984485626220703,-0.8375387191772461
1776702118321074,0.5923503041267395,0.6801042556762695,-4.514359474182129,-48.39637756347656,28.952335357666016,-0.8719468116760254
1776702118331061,0.608544647693634,0.6912748217582703,-4.5061140060424805,-48.36662673950195,28.70025062561035,-1.0387392044067383
1776702118341050,0.6004664897918701,0.6708012223243713,-4.530093193054199,-48.43838882446289,29.109769821166992,-1.0017757415771484
1776702118351022,0.5922722816467285,0.6664974093437195,-4.519626140594482,-48.516239166259766,28.84114646911621,-0.9542312622070312
1776702118361124,0.6003885865211487,0.6825940012931824,-4.516561985015869,-48.271583557128906,29.130470275878906,-0.8200902938842773
1776702118371131,0.5964663624763489,0.6848068833351135,-4.516528129577637,-48.49849319458008,28.878520965576172,-1.0875988006591797
1776702118381128,0.5969331860542297,0.6841191649436951,-4.517532825469971,-48.476585388183594,29.12813949584961,-0.9499001502990723
1776702118391111,0.6177121996879578,0.6879818439483643,-4.519213676452637,-48.31647491455078,28.997718811035156,-0.911959171295166
1776702118401118,0.5992620587348938,0.6789825558662415,-4.524843692779541,-48.342498779296875,28.912771224975586,-1.027616024017334
1776702118411048,0.5993087887763977,0.6741056442260742,-4.532326698303223,-48.4405517578125,28.868972778320312,-0.8220252990722656
1776702118421174,0.5992847084999084,0.6831409931182861,-4.5336432456970215,-48.34797286987305,29.009918212890625,-0.7988567352294922
1776702118431053,0.6024860143661499,0.6875265836715698,-4.549703598022461,-48.340091705322266,28.796072006225586,-0.9237575531005859
1776702118441106,0.6047490239143372,0.6933991312980652,-4.538816928863525,-48.41413116455078,28.950698852539062,-1.1070609092712402
1776702118451009,0.6016114354133606,0.6781594157218933,-4.512174129486084,-48.45643997192383,28.95062828063965,-0.7800636291503906
1776702118461072,0.6081147193908691,0.685171365737915,-4.525177955627441,-48.454627990722656,28.85366439819336,-0.7303652763366699
1776702118471217,0.5945866703987122,0.6748980283737183,-4.541200637817383,-48.47307586669922,28.64727020263672,-0.8790116310119629
1776702118481161,0.5957884192466736,0.6801095008850098,-4.5380401611328125,-48.328041076660156,29.077228546142578,-1.0490097999572754
1776702118491042,0.6115526556968689,0.67923903465271,-4.5299153327941895,-48.412906646728516,29.06599998474121,-0.8079066276550293
1776702118501044,0.6073622703552246,0.6709963083267212,-4.5364556312561035,-48.32621383666992,28.934389114379883,-0.7682852745056152
1776702118511082,0.6102504134178162,0.675549328327179,-4.533926963806152,-48.50370407104492,28.852310180664062,-0.8969922065734863
1776702118521044,0.5791487097740173,0.673255443572998,-4.494650363922119,-48.423126220703125,28.86251449584961,-0.8664827346801758
1776702118531085,0.6219304203987122,0.6721933484077454,-4.5114922523498535,-48.51415252685547,28.877477645874023,-0.9236688613891602
1776702118541052,0.5996565222740173,0.6743232011795044,-4.525590896606445,-48.45787811279297,28.70652198791504,-0.7169084548950195
1776702118550976,0.6016929745674133,0.692946195602417,-4.504669189453125,-48.3829460144043,28.988510131835938,-0.9318742752075195
1776702118561016,0.5964595675468445,0.6744747757911682,-4.510732173919678,-48.52154541015625,28.970699310302734,-0.9606900215148926
1776702118571000,0.6008031368255615,0.677122175693512,-4.540290355682373,-48.506553649902344,28.968242645263672,-0.905245304107666
1776702118581065,0.6039972305297852,0.6862136721611023,-4.506541728973389,-48.4882698059082,29.049301147460938,-0.9830036163330078
1776702118591093,0.611389696598053,0.680206298828125,-4.509878635406494,-48.25261688232422,28.895532608032227,-0.8391032218933105
1776702118601203,0.6105179786682129,0.6816158294677734,-4.538619518280029,-48.2890739440918,28.899961471557617,-0.8781266212463379
1776702118611232,0.6085059642791748,0.6761900782585144,-4.533069133758545,-48.235267639160156,28.925498962402344,-0.7744941711425781
1776702118621222,0.6052987575531006,0.6765199899673462,-4.528669357299805,-48.59871292114258,28.793075561523438,-0.7842831611633301
1776702118631255,0.6051071286201477,0.6846717596054077,-4.520679473876953,-48.448692321777344,28.99249267578125,-0.7967891693115234
1776702118641276,0.5960286259651184,0.6844080686569214,-4.503801345825195,-48.38850021362305,29.087514877319336,-0.8256716728210449
1776702118651209,0.6177124381065369,0.6799038648605347,-4.542501926422119,-48.221431732177734,28.759387969970703,-0.8461971282958984
1776702118661274,0.5918346643447876,0.6889969706535339,-4.5121917724609375,-48.24961471557617,28.985794067382812,-0.7687950134277344
1776702118671134,0.5966224074363708,0.6778531670570374,-4.484266757965088,-48.465065002441406,29.002525329589844,-0.8726835250854492
1776702118681148,0.6006873250007629,0.6798080801963806,-4.49271821975708,-48.268768310546875,28.83139991760254,-1.0865797996520996
1776702118691087,0.5901814103126526,0.6659137010574341,-4.517606258392334,-48.452903747558594,29.002941131591797,-1.0616140365600586
1776702118701086,0.5938715934753418,0.670887291431427,-4.514105796813965,-48.37172317504883,28.942480087280273,-1.0046067237854004
1776702118711021,0.6067773103713989,0.658229649066925,-4.492672443389893,-48.44747543334961,28.859243392944336,-0.8169493675231934
1776702118721073,0.6113891005516052,0.6712183356285095,-4.500087261199951,-48.30705642700195,29.10077476501465,-0.9844260215759277
1776702118730975,0.582645833492279,0.6847397089004517,-4.510737419128418,-48.50019836425781,29.00807762145996,-0.9338850975036621
1776702118740969,0.5981667637825012,0.6688841581344604,-4.515240669250488,-48.352054595947266,29.063703536987305,-0.8645572662353516
1776702118751052,0.6040962934494019,0.6765438914299011,-4.529886245727539,-48.40346908569336,28.84898567199707,-0.9072995185852051
1776702118761031,0.6096718311309814,0.6618555784225464,-4.528641700744629,-48.60689163208008,28.903148651123047,-0.831787109375
1776702118771011,0.5967541337013245,0.6740389466285706,-4.534632205963135,-48.2967529296875,29.033647537231445,-0.9882354736328125
1776702118781071,0.6043595671653748,0.6731634140014648,-4.49752140045166,-48.40597915649414,29.019365310668945,-0.6562795639038086
1776702118791126,0.5980430841445923,0.6923416256904602,-4.4907073974609375,-48.34520721435547,29.07734489440918,-0.957646369934082
1776702118801126,0.591737687587738,0.6638393402099609,-4.499899387359619,-48.437374114990234,29.003684997558594,-0.9614148139953613
1776702118811015,0.6043342351913452,0.6891156435012817,-4.486588478088379,-48.38056564331055,28.93059730529785,-0.8549084663391113
1776702118821088,0.5969670414924622,0.6827031970024109,-4.513144493103027,-48.54068374633789,29.0250301361084,-0.8276124000549316
1776702118831179,0.6055730581283569,0.6760225892066956,-4.518636703491211,-48.483489990234375,28.81464195251465,-0.8400774002075195
1776702118841203,0.6210037469863892,0.6870691776275635,-4.526427745819092,-48.34566116333008,28.8044490814209,-0.9825387001037598
1776702118851150,0.6075945496559143,0.6855345964431763,-4.522274971008301,-48.55878448486328,28.852445602416992,-0.8111753463745117
1776702118861207,0.611653745174408,0.6903499364852905,-4.5046210289001465,-48.33967590332031,28.971595764160156,-0.8729467391967773
1776702118871192,0.6087859272956848,0.6907405257225037,-4.522133827209473,-48.34261703491211,28.848690032958984,-0.8486199378967285
1776702118881166,0.5932950377464294,0.6704385280609131,-4.525787830352783,-48.311195373535156,29.093412399291992,-0.8764805793762207
1776702118891089,0.6005377769470215,0.6900801658630371,-4.504223346710205,-48.16777038574219,28.931875228881836,-0.7517595291137695
1776702118901180,0.5966347455978394,0.6768180727958679,-4.479757308959961,-48.384700775146484,28.979843139648438,-1.0611653327941895
1776702118911147,0.604678750038147,0.6625028848648071,-4.516356945037842,-48.539737701416016,28.96607208251953,-0.8522195816040039
1776702118921137,0.6122788786888123,0.6864568591117859,-4.522322177886963,-48.404808044433594,28.955989837646484,-0.9093427658081055
1776702118931130,0.6043684482574463,0.6781682968139648,-4.497864723205566,-48.574867248535156,28.89732551574707,-0.875150203704834
1776702118941144,0.5878704786300659,0.672159731388092,-4.505682468414307,-48.50852584838867,29.01263427734375,-0.8780646324157715
1776702118951116,0.589568555355072,0.6768097877502441,-4.525486469268799,-48.67640686035156,28.91908073425293,-0.9484367370605469
1776702118961128,0.6041123867034912,0.6706159114837646,-4.524465560913086,-48.50157928466797,29.044029235839844,-0.7770709991455078
1776702118971160,0.6000663638114929,0.6775457262992859,-4.522303581237793,-48.33152770996094,29.0543212890625,-0.9200935363769531
1776702118981160,0.598220944404602,0.6697207093238831,-4.524930000305176,-48.524620056152344,29.005496978759766,-0.9493412971496582
1776702118991224,0.6017006039619446,0.6713986992835999,-4.555517196655273,-48.44438552856445,28.920759201049805,-0.8716335296630859
1776702119001137,0.6141934394836426,0.6829168200492859,-4.526068687438965,-48.35411834716797,28.9163818359375,-0.9180588722229004
1776702119011213,0.5951706171035767,0.6789130568504333,-4.510098934173584,-48.52154541015625,28.98223114013672,-1.0035433769226074
1776702119021078,0.5988005995750427,0.6751357316970825,-4.507264137268066,-48.445003509521484,28.93259048461914,-0.8730907440185547
1776702119031089,0.6211150884628296,0.7008505463600159,-4.5270843505859375,-48.28936767578125,28.809368133544922,-0.7433004379272461
1776702119041091,0.6099115610122681,0.6778249144554138,-4.53269100189209,-48.35525894165039,28.808765411376953,-0.8068928718566895
1776702119051003,0.6118254661560059,0.6992543935775757,-4.527835369110107,-48.3397102355957,28.9924259185791,-0.8188276290893555
1776702119061010,0.6094051599502563,0.6812406778335571,-4.521258354187012,-48.303890228271484,28.79068946838379,-0.9732904434204102
1776702119071065,0.6247012615203857,0.6754230856895447,-4.557421684265137,-48.395652770996094,28.99794578552246,-0.7527341842651367
1776702119081011,0.596091091632843,0.6796925067901611,-4.497497081756592,-48.3804817199707,29.03834342956543,-0.8743820190429688
1776702119091074,0.5995752215385437,0.6689690947532654,-4.529610633850098,-48.37449645996094,28.89995765686035,-0.862431526184082
1776702119101027,0.5969682335853577,0.6663582921028137,-4.509761810302734,-48.49289321899414,28.930158615112305,-0.9085464477539062
1776702119111159,0.6033316254615784,0.6761474013328552,-4.488376617431641,-48.34111404418945,29.050804138183594,-0.9179363250732422
1776702119121145,0.6008564829826355,0.6738831996917725,-4.5237274169921875,-48.471893310546875,29.099384307861328,-0.8040695190429688
1776702119131182,0.6082333922386169,0.6890068650245667,-4.508842468261719,-48.19475173950195,28.929922103881836,-0.8181009292602539
1776702119141144,0.6013957858085632,0.6867157220840454,-4.504035472869873,-48.28194808959961,28.906333923339844,-0.832219123840332
1776702119151196,0.5964434146881104,0.6698023676872253,-4.5048370361328125,-48.49116516113281,28.840417861938477,-0.8738861083984375
1776702119160986,0.5887458920478821,0.6831868886947632,-4.535943508148193,-48.38140869140625,28.813554763793945,-0.9047484397888184
1776702119170964,0.6118693351745605,0.6842966675758362,-4.514769554138184,-48.40420913696289,28.815418243408203,-0.9750542640686035
1776702119180935,0.5904789566993713,0.6765066385269165,-4.537761688232422,-48.31513214111328,28.88270378112793,-0.8250875473022461
1776702119190975,0.5943744778633118,0.6943457126617432,-4.540781021118164,-48.36041259765625,28.941408157348633,-0.832216739654541
1776702119200988,0.5939146876335144,0.6779440641403198,-4.528522491455078,-48.38829040527344,28.892765045166016,-0.7790737152099609
1776702119211000,0.6134609580039978,0.6963834166526794,-4.534908294677734,-48.34329605102539,28.90848731994629,-0.7819457054138184
1776702119220924,0.5890222191810608,0.6864577531814575,-4.5005316734313965,-48.3657112121582,29.189085006713867,-0.9154386520385742
1776702119230987,0.6230906844139099,0.6859190464019775,-4.5546875,-48.32628631591797,28.891145706176758,-0.9413051605224609
1776702119240962,0.616693913936615,0.6885033845901489,-4.539344310760498,-48.33740997314453,28.724010467529297,-0.769841194152832
1776702119250912,0.6097418069839478,0.6812957525253296,-4.547667503356934,-48.409725189208984,28.790584564208984,-0.8289546966552734
1776702119261026,0.6118260025978088,0.6826316118240356,-4.556197166442871,-48.35491180419922,28.860353469848633,-0.7076573371887207
1776702119270953,0.6123143434524536,0.6724126935005188,-4.539687633514404,-48.412139892578125,28.75238609313965,-0.8336024284362793
1776702119281021,0.609734296798706,0.6637591123580933,-4.488134384155273,-48.51686096191406,28.985498428344727,-0.9151358604431152
1776702119291037,0.5967960953712463,0.682715654373169,-4.495328426361084,-48.46677017211914,28.74940299987793,-0.7397947311401367
1776702119301042,0.6080502867698669,0.6581832766532898,-4.510234832763672,-48.484256744384766,28.83693504333496,-0.7445101737976074
1776702119311154,0.5978079438209534,0.661344587802887,-4.54182243347168,-48.58362579345703,28.87177085876465,-0.9841814041137695
1776702119321149,0.6026389002799988,0.6855168342590332,-4.533140182495117,-48.320167541503906,29.0201473236084,-0.8871197700500488
1776702119331131,0.609792947769165,0.6810404062271118,-4.510320663452148,-48.2680778503418,29.011009216308594,-0.8711156845092773
1776702119341113,0.6055811643600464,0.6833280324935913,-4.517180919647217,-48.40484619140625,28.86586570739746,-0.9295053482055664
1776702119351099,0.5850157737731934,0.6572235226631165,-4.513119697570801,-48.49908447265625,29.012256622314453,-0.9051742553710938
1776702119361041,0.5949833989143372,0.6955373287200928,-4.516881942749023,-48.47849655151367,29.0899715423584,-0.9028434753417969
1776702119371018,0.6059826612472534,0.6770424246788025,-4.503890514373779,-48.40093231201172,28.99020004272461,-0.9274606704711914
1776702119381087,0.5888909101486206,0.675425112247467,-4.526255130767822,-48.46076965332031,29.04256248474121,-0.8702230453491211
1776702119391230,0.6091795563697815,0.6675582528114319,-4.494556903839111,-48.451759338378906,28.833465576171875,-0.8480129241943359
1776702119401151,0.5980228185653687,0.6903295516967773,-4.54395866394043,-48.415531158447266,29.003019332885742,-0.8278036117553711
1776702119411217,0.6085384488105774,0.6793898940086365,-4.535845756530762,-48.260292053222656,29.03396224975586,-0.9472255706787109
1776702119421178,0.60062575340271,0.6801677942276001,-4.5096588134765625,-48.44890594482422,28.975650787353516,-0.976750373840332
1776702119431197,0.6016166806221008,0.6672034859657288,-4.500305652618408,-48.449337005615234,28.899477005004883,-0.8001871109008789
1776702119441215,0.6038979887962341,0.6832174062728882,-4.50187873840332,-48.34208297729492,28.737995147705078,-0.8458847999572754
1776702119451163,0.6027830243110657,0.680110514163971,-4.515383720397949,-48.38642883300781,28.966773986816406,-0.875847339630127
1776702119461131,0.6198596358299255,0.682909369468689,-4.528753757476807,-48.34687805175781,28.72892189025879,-0.7317752838134766
1776702119471243,0.6159298419952393,0.6883119940757751,-4.50504207611084,-48.49079513549805,28.887807846069336,-0.9524941444396973
1776702119481213,0.5977384448051453,0.6832240223884583,-4.508255958557129,-48.38184356689453,28.803220748901367,-1.0093402862548828
1776702119491202,0.5970550179481506,0.6857599020004272,-4.518335819244385,-48.36372756958008,29.17367935180664,-1.051499843597412
1776702119501151,0.5926802754402161,0.6883645057678223,-4.528865337371826,-48.39267349243164,29.07587432861328,-0.9669070243835449
1776702119511194,0.6078662276268005,0.7051199078559875,-4.507770538330078,-48.20664978027344,28.968833923339844,-0.8692097663879395
1776702119521094,0.6055429577827454,0.6753621101379395,-4.520875453948975,-48.50981521606445,28.870195388793945,-0.9288735389709473
1776702119531128,0.5989306569099426,0.6831130385398865,-4.527288913726807,-48.43313980102539,28.885038375854492,-0.9237079620361328
1776702119541147,0.6156213879585266,0.6960879564285278,-4.530153274536133,-48.34566116333008,29.072139739990234,-0.8927583694458008
1776702119551155,0.6010596752166748,0.6726800799369812,-4.514605522155762,-48.309967041015625,29.07018280029297,-0.9139785766601562
1776702119561154,0.6010794639587402,0.6693940758705139,-4.50584077835083,-48.602081298828125,29.07421112060547,-0.8450708389282227
1776702119571180,0.5924369692802429,0.6879057288169861,-4.51066255569458,-48.4111328125,28.982234954833984,-0.9616856575012207
1776702119581204,0.5959175825119019,0.6876596808433533,-4.500728130340576,-48.40778350830078,28.91359519958496,-0.8276443481445312
1776702119591187,0.6090483665466309,0.6743226647377014,-4.510119915008545,-48.41305923461914,28.97123146057129,-0.9438257217407227
1776702119601125,0.6117050647735596,0.662822425365448,-4.500478744506836,-48.41462707519531,28.933652877807617,-0.7664484977722168
1776702119611175,0.6049401164054871,0.6790408492088318,-4.509924411773682,-48.5577278137207,28.978668212890625,-0.8586006164550781
1776702119621197,0.6154425144195557,0.6790955662727356,-4.511627197265625,-48.30629348754883,28.85717010498047,-0.7629084587097168
1776702119631189,0.5927405953407288,0.6873482465744019,-4.506267070770264,-48.31053924560547,28.823198318481445,-0.8435463905334473
1776702119641216,0.610413670539856,0.7075839042663574,-4.5404534339904785,-48.45075225830078,28.88853645324707,-0.7946443557739258
1776702119651164,0.6036090850830078,0.6755073666572571,-4.494080066680908,-48.27260208129883,28.8575439453125,-0.806645393371582
1776702119661147,0.6128783226013184,0.694547712802887,-4.555696487426758,-48.53741455078125,28.843544006347656,-0.9181728363037109
1776702119671082,0.6155126690864563,0.6770598292350769,-4.520175457000732,-48.3713264465332,28.755720138549805,-0.895876407623291
1776702119681086,0.601750910282135,0.6796861290931702,-4.495871543884277,-48.49354934692383,29.05874252319336,-0.8533229827880859
1776702119691058,0.5919160842895508,0.6860939860343933,-4.4928789138793945,-48.27156066894531,28.9740047454834,-0.9554972648620605
1776702119701082,0.5888522863388062,0.667306661605835,-4.516597270965576,-48.31619644165039,28.923934936523438,-1.0570087432861328
1776702119711065,0.6074914932250977,0.6869511008262634,-4.51150369644165,-48.309532165527344,28.982807159423828,-0.859407901763916
1776702119720948,0.5839120745658875,0.670221745967865,-4.502198696136475,-48.225521087646484,28.76309585571289,-0.8975858688354492
1776702119730953,0.595503568649292,0.6816727519035339,-4.509934425354004,-48.39684295654297,28.93889808654785,-0.9360694885253906
1776702119740996,0.5926255583763123,0.6683040857315063,-4.512936592102051,-48.4336051940918,28.99199676513672,-0.8514847755432129
1776702119751078,0.5972015261650085,0.6846078634262085,-4.496562957763672,-48.42695999145508,29.055400848388672,-0.9623794555664062
1776702119761152,0.597436249256134,0.6617273092269897,-4.510140895843506,-48.43231964111328,28.966102600097656,-0.9372143745422363
1776702119771194,0.6157798171043396,0.6900618076324463,-4.47686243057251,-48.393253326416016,29.129077911376953,-0.8716654777526855
1776702119781069,0.6098307371139526,0.6628417372703552,-4.484616279602051,-48.376251220703125,28.841325759887695,-0.8166351318359375
1776702119791061,0.6033347249031067,0.67279452085495,-4.513309955596924,-48.441715240478516,28.9199275970459,-0.7852659225463867
1776702119801101,0.5988696813583374,0.680562436580658,-4.527475833892822,-48.39043426513672,28.898944854736328,-0.9511966705322266
1776702119811161,0.6150922179222107,0.6837373375892639,-4.512075901031494,-48.35209274291992,28.89320945739746,-0.9871854782104492
1776702119821196,0.6165128350257874,0.6792503595352173,-4.499308109283447,-48.50156784057617,28.880739212036133,-0.9727263450622559
1776702119831146,0.6032254695892334,0.6716167330741882,-4.494426250457764,-48.35321044921875,28.741071701049805,-0.8271732330322266
1776702119841172,0.6031485199928284,0.7001862525939941,-4.517752647399902,-48.28163528442383,28.963539123535156,-0.8418979644775391
1776702119851119,0.6174799203872681,0.691194474697113,-4.502625465393066,-48.326812744140625,28.918737411499023,-0.8899102210998535
1776702119861164,0.6096954941749573,0.6758279204368591,-4.531275272369385,-48.334842681884766,28.85552215576172,-0.9056782722473145
1776702119870977,0.6091348528862,0.6737284064292908,-4.528631687164307,-48.42662811279297,28.827865600585938,-0.8847885131835938
1776702119880912,0.589296281337738,0.6712228655815125,-4.517881870269775,-48.282310485839844,28.850128173828125,-0.9000096321105957
1776702119890931,0.593923032283783,0.7037420272827148,-4.50196647644043,-48.27880859375,28.968463897705078,-0.8203773498535156
1776702119900897,0.6040506362915039,0.6848766803741455,-4.517062187194824,-48.366722106933594,28.866544723510742,-0.7200899124145508
1776702119910909,0.5959230661392212,0.6759207844734192,-4.546347141265869,-48.469818115234375,29.170120239257812,-0.9367446899414062
1776702119920943,0.6091350317001343,0.6856603026390076,-4.522367000579834,-48.31428909301758,29.02936553955078,-0.8939757347106934
1776702119931009,0.5982968211174011,0.6674339771270752,-4.5165228843688965,-48.38705825805664,28.73894500732422,-0.8027911186218262
1776702119940928,0.6018981337547302,0.6701715588569641,-4.520503044128418,-48.43895721435547,28.90793228149414,-0.9304094314575195
1776702119950998,0.6045181155204773,0.6586198210716248,-4.543822288513184,-48.469905853271484,28.967836380004883,-0.8292016983032227
1776702119961039,0.611527681350708,0.6799120306968689,-4.51526403427124,-48.38041687011719,29.009231567382812,-0.8400087356567383
1776702119971042,0.616132378578186,0.6816327571868896,-4.514998435974121,-48.2977180480957,28.841320037841797,-1.0602736473083496
1776702119981084,0.6000241637229919,0.6663925051689148,-4.51132345199585,-48.45140075683594,28.843730926513672,-0.8065280914306641
1776702119991036,0.6056795716285706,0.6760761737823486,-4.505794525146484,-48.49729919433594,28.928386688232422,-0.8048396110534668
1776702120001058,0.6049230098724365,0.6750120520591736,-4.521693706512451,-48.326412200927734,28.9198055267334,-0.818732738494873
1776702120011042,0.6050487756729126,0.6986768245697021,-4.502973556518555,-48.33143997192383,29.027244567871094,-0.9296112060546875
1776702120020947,0.6120277047157288,0.6800032258033752,-4.5439043045043945,-48.3116569519043,28.75157356262207,-0.9330081939697266
1776702120030889,0.5899888873100281,0.685848593711853,-4.537222385406494,-48.46895980834961,28.883678436279297,-0.8142485618591309
1776702120040883,0.5969929099082947,0.6703659296035767,-4.539361476898193,-48.54241180419922,28.757617950439453,-0.7617626190185547
1776702120050921,0.615288257598877,0.6916396021842957,-4.5271759033203125,-48.284664154052734,28.751232147216797,-0.8557443618774414
1776702120060986,0.6092414855957031,0.6981971263885498,-4.511811256408691,-48.35395431518555,28.885406494140625,-0.9018821716308594
1776702120071074,0.6123773455619812,0.6756283640861511,-4.5246663093566895,-48.45519256591797,28.864721298217773,-0.8005080223083496
1776702120080868,0.6009640693664551,0.6823955178260803,-4.484843730926514,-48.405738830566406,28.9815673828125,-1.0230069160461426
1776702120090812,0.6018232107162476,0.6915594339370728,-4.488343715667725,-48.23458480834961,28.982742309570312,-0.773015022277832
1776702120100806,0.6004552841186523,0.6888370513916016,-4.53684139251709,-48.24259948730469,28.961679458618164,-0.9271588325500488
1776702120110873,0.6098982691764832,0.6827186346054077,-4.50848913192749,-48.43117904663086,28.908889770507812,-0.898714542388916
1776702120120921,0.6189669966697693,0.6643264293670654,-4.553055286407471,-48.40593719482422,28.775192260742188,-1.0067253112792969
1776702120131073,0.6040347218513489,0.6690119504928589,-4.522672176361084,-48.29637145996094,28.88528823852539,-0.9648303985595703
1776702120140892,0.6047345995903015,0.6855771541595459,-4.528491497039795,-48.352760314941406,28.88973617553711,-0.7381176948547363
1776702120150848,0.5957472324371338,0.6873727440834045,-4.5321784019470215,-48.32957077026367,29.129535675048828,-0.7887673377990723
1776702120160873,0.6060545444488525,0.6857417225837708,-4.5092315673828125,-48.2567138671875,29.062814712524414,-0.9175691604614258
1776702120170891,0.5975900292396545,0.6916288733482361,-4.5128679275512695,-48.240501403808594,29.097787857055664,-0.9847440719604492
1776702120180837,0.6021521687507629,0.6875819563865662,-4.535995006561279,-48.212650299072266,28.885459899902344,-0.9086885452270508
1776702120190934,0.5983672142028809,0.6554131507873535,-4.494744777679443,-48.38713836669922,28.803916931152344,-0.7865300178527832
1776702120200857,0.6125407218933105,0.6612653732299805,-4.519477844238281,-48.44807815551758,28.85308265686035,-0.7149982452392578
1776702120210971,0.6073400974273682,0.6872578859329224,-4.531524181365967,-48.3509407043457,28.799640655517578,-0.8236393928527832
1776702120220883,0.6048454642295837,0.6768718361854553,-4.531976699829102,-48.46452331542969,29.11493492126465,-0.9796328544616699
1776702120230966,0.6072396636009216,0.695270299911499,-4.509161949157715,-48.325687408447266,29.03117561340332,-0.8797473907470703
1776702120240873,0.6058876514434814,0.6995354890823364,-4.514124393463135,-48.43460464477539,28.8046817779541,-0.8018789291381836
1776702120250799,0.5980799794197083,0.6849202513694763,-4.538806915283203,-48.37364196777344,28.993677139282227,-0.9722356796264648
1776702120260925,0.6090628504753113,0.6896302103996277,-4.509699821472168,-48.242637634277344,28.898012161254883,-0.7862339019775391
1776702120271001,0.6218551993370056,0.6764116287231445,-4.516355514526367,-48.254722595214844,28.798458099365234,-1.0246362686157227
1776702120281054,0.596508264541626,0.6854768395423889,-4.527319431304932,-48.296966552734375,29.027231216430664,-0.9889883995056152
1776702120290946,0.5952173471450806,0.65725177526474,-4.523154258728027,-48.45088195800781,28.748746871948242,-0.8013782501220703
1776702120300891,0.5957139730453491,0.6789878010749817,-4.529088020324707,-48.4761848449707,28.98541831970215,-0.8640599250793457
1776702120310863,0.5833203792572021,0.6827720999717712,-4.499091625213623,-48.57760238647461,29.028871536254883,-1.065946102142334
1776702120320913,0.6174958348274231,0.6618849635124207,-4.490251541137695,-48.45392608642578,28.962005615234375,-0.912722110748291
1776702120331079,0.6134044528007507,0.6741117835044861,-4.51621675491333,-48.45977783203125,29.05010223388672,-0.9113659858703613
1776702120340990,0.5975208878517151,0.6668123602867126,-4.521889686584473,-48.5480842590332,28.964170455932617,-0.7623262405395508
1776702120351045,0.5822795033454895,0.6891022324562073,-4.536555767059326,-48.21459197998047,28.968538284301758,-0.9645657539367676
1776702120361056,0.5823625922203064,0.6699132323265076,-4.538424491882324,-48.479488372802734,28.961925506591797,-0.9467477798461914
1776702120371043,0.6130697131156921,0.6758614778518677,-4.521871089935303,-48.477455139160156,28.99289894104004,-0.960421085357666
1776702120381059,0.6125536561012268,0.671525776386261,-4.501093864440918,-48.25835037231445,28.911584854125977,-1.001051425933838
1776702120391049,0.5890006422996521,0.6624816656112671,-4.513012886047363,-48.514522552490234,28.795934677124023,-1.0107002258300781
1776702120401004,0.5970413684844971,0.6745845079421997,-4.542036056518555,-48.3101692199707,28.807109832763672,-0.8229269981384277
1776702120411063,0.6144323348999023,0.6933645606040955,-4.535321235656738,-48.376129150390625,28.89521598815918,-0.7474651336669922
1776702120421009,0.6110883355140686,0.6815159916877747,-4.543730735778809,-48.28111267089844,28.80040740966797,-0.8212742805480957
1776702120431046,0.6181566715240479,0.6914193034172058,-4.533710479736328,-48.223487854003906,28.83883285522461,-0.9503054618835449
1776702120440997,0.6031346321105957,0.6692628860473633,-4.530182838439941,-48.30652618408203,28.89330291748047,-0.9082927703857422
1776702120451007,0.5960890650749207,0.6866716146469116,-4.522252082824707,-48.370662689208984,28.91651153564453,-0.8112120628356934
1776702120461042,0.597452700138092,0.6862170696258545,-4.527646064758301,-48.34458923339844,28.811954498291016,-0.8291840553283691
1776702120470995,0.6006881594657898,0.6955482959747314,-4.534403324127197,-48.39133834838867,28.837434768676758,-0.9753727912902832
1776702120480933,0.6046535968780518,0.6712490916252136,-4.530276298522949,-48.41447448730469,29.071788787841797,-1.0065793991088867
1776702120490894,0.5966960191726685,0.685844898223877,-4.506239414215088,-48.342464447021484,29.050996780395508,-1.0767874717712402
1776702120500809,0.5834779143333435,0.6642193794250488,-4.528907775878906,-48.37403106689453,28.813194274902344,-0.7106657028198242
1776702120510834,0.6043413281440735,0.667456328868866,-4.528959274291992,-48.5042610168457,28.86246681213379,-0.6953091621398926
1776702120520881,0.6104892492294312,0.6781027913093567,-4.533687591552734,-48.361473083496094,29.00825309753418,-0.8698263168334961
1776702120530939,0.6067390441894531,0.6770532131195068,-4.501456260681152,-48.27490997314453,28.86962127685547,-0.9187846183776855
1776702120540889,0.5946062803268433,0.6702767014503479,-4.489329814910889,-48.33037567138672,28.90475845336914,-0.9336190223693848
1776702120550994,0.587945282459259,0.6702811121940613,-4.49889612197876,-48.52115249633789,28.869230270385742,-0.6535115242004395
1776702120561002,0.6010477542877197,0.6848168969154358,-4.521244525909424,-48.4586067199707,28.889583587646484,-0.8707132339477539
1776702120570986,0.6186895966529846,0.678605854511261,-4.5119547843933105,-48.30281066894531,28.967927932739258,-0.9565176963806152
1776702120581005,0.6233839988708496,0.6614652276039124,-4.522200107574463,-48.371620178222656,28.93209457397461,-0.8763718605041504
1776702120591058,0.595755934715271,0.6575273275375366,-4.565572261810303,-48.37381362915039,28.86444664001465,-0.8373584747314453
1776702120600992,0.6030739545822144,0.6959860920906067,-4.522694110870361,-48.415199279785156,28.666719436645508,-0.8864130973815918
1776702120611049,0.6132296323776245,0.6597479581832886,-4.534766674041748,-48.461273193359375,29.006855010986328,-0.7958574295043945
1776702120620988,0.6131340861320496,0.6918675303459167,-4.5096611976623535,-48.299400329589844,28.8013858795166,-0.9038991928100586
1776702120631088,0.6087474226951599,0.6840291023254395,-4.532436370849609,-48.43648147583008,28.885353088378906,-0.8243379592895508
1776702120641043,0.6060415506362915,0.6895111799240112,-4.50942325592041,-48.24203872680664,28.764453887939453,-0.7774624824523926
1776702120651024,0.6002801060676575,0.6799299716949463,-4.515015602111816,-48.2858772277832,28.789409637451172,-0.8106403350830078
1776702120660930,0.5908903479576111,0.678443968296051,-4.539109706878662,-48.38422393798828,28.823753356933594,-0.8883309364318848
1776702120670870,0.6147531270980835,0.6834025382995605,-4.536494731903076,-48.355770111083984,28.869430541992188,-0.9755735397338867
1776702120680797,0.6128692626953125,0.6762613654136658,-4.5148444175720215,-48.43352508544922,28.988075256347656,-0.9668517112731934
1776702120690779,0.6180090308189392,0.6630187034606934,-4.523140907287598,-48.477386474609375,28.768625259399414,-0.8747568130493164
1776702120700785,0.5958331823348999,0.6767132878303528,-4.5168256759643555,-48.34865188598633,28.964244842529297,-0.8928594589233398
1776702120710799,0.5985501408576965,0.69159334897995,-4.5072855949401855,-48.46638870239258,28.813278198242188,-0.8232560157775879
1776702120720802,0.6163583993911743,0.6936452984809875,-4.549102306365967,-48.23892593383789,28.989534378051758,-0.8393559455871582
1776702120730785,0.6064754724502563,0.6809702515602112,-4.518320083618164,-48.45464324951172,28.94446563720703,-0.9238848686218262
1776702120740799,0.6057564616203308,0.682531476020813,-4.503658294677734,-48.37577438354492,28.867361068725586,-0.8355779647827148
1776702120750784,0.594785749912262,0.6718635559082031,-4.549827575683594,-48.363616943359375,28.834243774414062,-0.8961787223815918
1776702120760828,0.5972491502761841,0.6638615727424622,-4.509671688079834,-48.351680755615234,28.932334899902344,-0.7772445678710938
1776702120770809,0.6073671579360962,0.6863871812820435,-4.53416109085083,-48.39066696166992,29.029329299926758,-1.052323341369629
1776702120780789,0.6033737063407898,0.6764762997627258,-4.507720470428467,-48.21531677246094,28.90870475769043,-0.9511885643005371
1776702120790791,0.6070333123207092,0.6662139892578125,-4.488688945770264,-48.43044662475586,28.82377052307129,-0.8739662170410156
1776702120800784,0.5919416546821594,0.67490553855896,-4.499760627746582,-48.43763732910156,28.977169036865234,-0.8899312019348145
1776702120810836,0.6013314723968506,0.6735368967056274,-4.5287041664123535,-48.29491424560547,28.874210357666016,-0.8519644737243652
1776702120820809,0.6134735345840454,0.6929877400398254,-4.553201675415039,-48.23482894897461,28.96509552001953,-1.028679370880127
1776702120830799,0.6174531579017639,0.6955099105834961,-4.537444114685059,-48.32135009765625,28.85448455810547,-0.8251399993896484
1776702120840790,0.6083788871765137,0.6791801452636719,-4.521913528442383,-48.38677978515625,28.980243682861328,-0.9597549438476562
1776702120850753,0.6041532158851624,0.6843534111976624,-4.544329643249512,-48.229026794433594,28.75621795654297,-0.8092103004455566
1776702120860781,0.6071394085884094,0.6831558346748352,-4.533936977386475,-48.47259521484375,28.724023818969727,-0.6294598579406738
1776702120870848,0.6044476628303528,0.6945946216583252,-4.534285545349121,-48.30419158935547,29.032958984375,-0.9445390701293945
1776702120880787,0.6039500832557678,0.6821141839027405,-4.527365684509277,-48.55909729003906,29.024967193603516,-0.9592671394348145
1776702120890799,0.5927600860595703,0.6774420142173767,-4.515903472900391,-48.270973205566406,28.94502067565918,-0.9168863296508789
1776702120900783,0.5926068425178528,0.6665153503417969,-4.547341346740723,-48.3418083190918,28.871578216552734,-0.939460277557373
1776702120910793,0.6036580801010132,0.6768629550933838,-4.5425004959106445,-48.46136474609375,28.98276138305664,-0.7801504135131836
1776702120920777,0.5881560444831848,0.6699191927909851,-4.524086952209473,-48.509586334228516,29.021957397460938,-0.7786097526550293
1776702120930788,0.5872494578361511,0.6845224499702454,-4.534606456756592,-48.353118896484375,29.013826370239258,-0.851463794708252
1776702120940799,0.6154599785804749,0.6823021769523621,-4.5436110496521,-48.278324127197266,28.961923599243164,-0.8722505569458008
1776702120950776,0.5844979882240295,0.6840088963508606,-4.534189224243164,-48.46723556518555,28.873077392578125,-0.7727193832397461
1776702120960785,0.5938854217529297,0.6784750819206238,-4.527047634124756,-48.508018493652344,28.93819808959961,-0.7759428024291992
1776702120970793,0.5968833565711975,0.6704098582267761,-4.5192155838012695,-48.45390701293945,28.93736457824707,-0.8344006538391113
1776702120980777,0.6084186434745789,0.6937271356582642,-4.5248942375183105,-48.32250213623047,28.807138442993164,-0.9387507438659668
1776702120990828,0.5902404189109802,0.6780703663825989,-4.506392478942871,-48.25251007080078,29.15924072265625,-0.8627171516418457
1776702121000793,0.6015766859054565,0.6835547089576721,-4.50104284286499,-48.359413146972656,28.882287979125977,-0.7852940559387207
1776702121010817,0.5896629691123962,0.672598659992218,-4.515005588531494,-48.435245513916016,28.931964874267578,-0.891395092010498
1776702121020781,0.6009979248046875,0.6817682981491089,-4.516870975494385,-48.32728958129883,28.83258628845215,-0.7030572891235352
1776702121030839,0.6169463992118835,0.6803560256958008,-4.536921501159668,-48.25221252441406,28.831247329711914,-0.8553085327148438
1776702121040818,0.599213182926178,0.6849180459976196,-4.539621829986572,-48.37361145019531,28.907684326171875,-0.8784327507019043
1776702121050784,0.6001247763633728,0.6967707872390747,-4.533778667449951,-48.3652229309082,28.902368545532227,-1.0160746574401855
1776702121060832,0.6113088726997375,0.6866718530654907,-4.557662487030029,-48.45048522949219,28.764694213867188,-0.8220181465148926
1776702121070831,0.6003686785697937,0.6775044202804565,-4.551916599273682,-48.42213439941406,28.85806655883789,-0.8805375099182129
1776702121080792,0.607056200504303,0.6817430853843689,-4.508302688598633,-48.298187255859375,29.220212936401367,-0.9918270111083984
1776702121090794,0.5894699096679688,0.6772788166999817,-4.522726535797119,-48.32591247558594,28.77408218383789,-0.6847028732299805
1776702121100783,0.6036625504493713,0.6811239719390869,-4.481857776641846,-48.33574295043945,28.977420806884766,-0.8139662742614746
1776702121110778,0.5963621139526367,0.6803579330444336,-4.504796504974365,-48.26692581176758,29.017837524414062,-0.8869318962097168
1776702121120794,0.5855278372764587,0.6788961291313171,-4.533689498901367,-48.26933670043945,28.929019927978516,-0.8904938697814941
1776702121130774,0.6100741028785706,0.6677574515342712,-4.517134189605713,-48.435646057128906,29.15797996520996,-0.9288954734802246
1776702121140785,0.5973461270332336,0.667334258556366,-4.531363010406494,-48.31666564941406,28.99119758605957,-0.9050893783569336
1776702121150751,0.597011387348175,0.6765837669372559,-4.500552654266357,-48.2763786315918,28.89183235168457,-0.920137882232666
1776702121160747,0.6039026379585266,0.689719021320343,-4.531897068023682,-48.28026580810547,28.862009048461914,-0.7795429229736328
1776702121170786,0.6129772067070007,0.6779391169548035,-4.515273571014404,-48.33344268798828,28.813833236694336,-0.8347992897033691
1776702121180748,0.6048361659049988,0.6717681884765625,-4.537397384643555,-48.4719352722168,28.97167205810547,-0.7846527099609375
1776702121190769,0.6172196865081787,0.6839733123779297,-4.560091018676758,-48.375038146972656,28.873104095458984,-0.7692470550537109
1776702121200714,0.5971929430961609,0.6858023405075073,-4.508137226104736,-48.304161071777344,28.885591506958008,-0.7891278266906738
1776702121210769,0.5938647985458374,0.6699406504631042,-4.525406360626221,-48.35322570800781,28.943727493286133,-0.9432144165039062
1776702121220741,0.6123632192611694,0.6874642968177795,-4.520623683929443,-48.46126937866211,28.853721618652344,-0.7837314605712891
1776702121230747,0.6018171906471252,0.693108320236206,-4.528711318969727,-48.380374908447266,28.91228485107422,-0.9090757369995117
1776702121240761,0.6010556221008301,0.6864140629768372,-4.577443599700928,-48.19142150878906,28.701797485351562,-0.7112040519714355
1776702121250682,0.602855384349823,0.6725196242332458,-4.527568340301514,-48.407066345214844,28.944223403930664,-0.8155350685119629
1776702121260771,0.6025469303131104,0.6893950700759888,-4.547892093658447,-48.370033264160156,28.79705810546875,-0.673579216003418
1776702121270786,0.6233401894569397,0.6835647821426392,-4.552030563354492,-48.38581848144531,29.02232551574707,-0.6030941009521484
1776702121280718,0.6078561544418335,0.6662217974662781,-4.52528190612793,-48.36159133911133,28.88347816467285,-0.8587422370910645
1776702121290736,0.5955832600593567,0.6873162984848022,-4.516672134399414,-48.33405303955078,29.11332893371582,-0.9330568313598633
1776702121300738,0.608442485332489,0.6649324893951416,-4.511474609375,-48.37609100341797,29.038911819458008,-0.9503636360168457
1776702121310742,0.6059051752090454,0.6660667657852173,-4.525799751281738,-48.2403450012207,28.84327507019043,-0.9280686378479004
1776702121320749,0.5967071652412415,0.6832913160324097,-4.545011043548584,-48.24372482299805,28.898754119873047,-0.8449420928955078
1776702121330733,0.5999563932418823,0.6735171675682068,-4.524925708770752,-48.37247085571289,29.086387634277344,-0.901364803314209
1776702121340741,0.6045992374420166,0.6868084669113159,-4.5214128494262695,-48.32599639892578,28.980186462402344,-0.8179197311401367
1776702121350742,0.6031293869018555,0.6873030662536621,-4.5267510414123535,-48.35646057128906,28.887948989868164,-0.8938846588134766
1776702121360748,0.5948982834815979,0.6853514313697815,-4.515887260437012,-48.394187927246094,29.048019409179688,-0.9840750694274902
1776702121370720,0.6111985445022583,0.6810405850410461,-4.5128302574157715,-48.542518615722656,29.08888816833496,-0.8577694892883301
1776702121380741,0.600618839263916,0.6850454211235046,-4.526784896850586,-48.255550384521484,28.832469940185547,-0.815453052520752
1776702121390754,0.6099805235862732,0.6911904215812683,-4.510218143463135,-48.401451110839844,29.019607543945312,-0.9535002708435059
1776702121400674,0.6104760766029358,0.6720326542854309,-4.532947063446045,-48.41486740112305,28.741455078125,-0.7581586837768555
1776702121410759,0.6149653792381287,0.67969810962677,-4.539645195007324,-48.30820083618164,28.902992248535156,-0.7125191688537598
1776702121420730,0.6097181439399719,0.6853752732276917,-4.516827583312988,-48.369728088378906,28.82870864868164,-0.8481531143188477
1776702121430748,0.6120639443397522,0.6856286525726318,-4.570368766784668,-48.231510162353516,28.75804901123047,-0.7386374473571777
1776702121440750,0.6007114052772522,0.6893709301948547,-4.518901824951172,-48.21631622314453,28.969295501708984,-0.8736920356750488
1776702121450712,0.6136239767074585,0.6752877831459045,-4.5434370040893555,-48.458213806152344,28.89176368713379,-0.7002191543579102
1776702121460720,0.618185818195343,0.6939562559127808,-4.553610801696777,-48.27075958251953,28.743167877197266,-0.7184600830078125
1776702121470763,0.6055006980895996,0.6850341558456421,-4.560844421386719,-48.37565994262695,28.862808227539062,-0.7723121643066406
1776702121480702,0.5914605259895325,0.6826056838035583,-4.529099464416504,-48.6717414855957,29.107635498046875,-0.8867082595825195
1776702121490708,0.5966001152992249,0.6829039454460144,-4.4702348709106445,-48.35633087158203,28.992300033569336,-1.0800385475158691
1776702121500713,0.602333664894104,0.6735543012619019,-4.522658824920654,-48.42610168457031,28.97771644592285,-0.8368549346923828
1776702121510735,0.6057564616203308,0.681240975856781,-4.497771739959717,-48.478309631347656,29.076387405395508,-0.6797451972961426
1776702121520749,0.6048358678817749,0.6918939352035522,-4.529478549957275,-48.2465705871582,28.917062759399414,-0.7754373550415039
1776702121530706,0.6257867217063904,0.683003842830658,-4.530994415283203,-48.13805389404297,29.007003784179688,-0.8076877593994141
1776702121540707,0.6073318123817444,0.6776921153068542,-4.542122840881348,-48.527252197265625,28.849872589111328,-0.9295125007629395
1776702121550705,0.5986931920051575,0.6816204786300659,-4.530063629150391,-48.319305419921875,28.82929801940918,-0.9113068580627441
1776702121560707,0.6137266159057617,0.6918458938598633,-4.558997631072998,-48.44002914428711,28.8038387298584,-0.730710506439209
1776702121570719,0.6074028015136719,0.6844221949577332,-4.535089015960693,-48.3544921875,28.99359703063965,-1.027820110321045
1776702121580710,0.5961719751358032,0.686626136302948,-4.539896488189697,-48.38121032714844,28.93149185180664,-1.038637638092041
1776702121590745,0.6039322018623352,0.6748085618019104,-4.517453193664551,-48.364479064941406,28.910030364990234,-0.8845458030700684
1776702121600742,0.590787410736084,0.6837819218635559,-4.5239691734313965,-48.30588150024414,28.874759674072266,-0.8518190383911133
1776702121610754,0.6052424907684326,0.6708666682243347,-4.549104690551758,-48.5325813293457,28.798917770385742,-0.7707300186157227
1776702121620708,0.6150480508804321,0.6825625896453857,-4.537049293518066,-48.2696533203125,28.876983642578125,-0.9077329635620117
1776702121630746,0.6075537800788879,0.6668776869773865,-4.525527000427246,-48.45377731323242,28.851892471313477,-0.9024543762207031
1776702121640753,0.6142569780349731,0.6869814395904541,-4.550475597381592,-48.412384033203125,28.731964111328125,-0.9113774299621582
1776702121650710,0.5933012962341309,0.6683831214904785,-4.510769367218018,-48.26667785644531,29.013267517089844,-0.7168769836425781
1776702121660750,0.6016132235527039,0.6894973516464233,-4.521081924438477,-48.34918212890625,28.788543701171875,-0.7618217468261719
1776702121670756,0.5963656306266785,0.6852062344551086,-4.538118362426758,-48.339813232421875,29.072267532348633,-0.7983241081237793
1776702121680718,0.5946605801582336,0.6782832145690918,-4.528540134429932,-48.43397903442383,28.90829086303711,-0.8563418388366699
1776702121690677,0.8002256155014038,0.7402008175849915,-4.566647529602051,-48.43083953857422,30.133325576782227,-2.681309700012207
1776702121700674,1.2901265621185303,0.8748379349708557,-4.658790588378906,-48.2550048828125,32.8505859375,-7.978289604187012
1776702121710676,1.3611583709716797,0.7455624341964722,-4.363405227661133,-47.40968322753906,30.19916534423828,-8.518610000610352
1776702121720677,2.2530386447906494,1.0377519130706787,-4.732886791229248,-50.52293014526367,35.366546630859375,-16.849742889404297
1776702121730676,2.0125889778137207,0.6741816997528076,-4.406840801239014,-57.12491226196289,27.11331558227539,-11.932832717895508
1776702121740679,-0.5790395736694336,-0.257688969373703,-5.445858001708984,-66.4476089477539,22.71318817138672,11.719779968261719
1776702121750731,0.36437463760375977,0.6645621657371521,-6.992343902587891,-87.16328430175781,28.815776824951172,9.019120216369629
1776702121760730,2.5020923614501953,1.3215546607971191,-10.15597152709961,-109.8023452758789,49.154991149902344,-11.889421463012695
1776702121770724,4.26092529296875,0.5045096278190613,-10.722909927368164,-131.5192413330078,39.15930938720703,-27.45494842529297
1776702121780720,5.58612585067749,0.888385534286499,-12.172534942626953,-158.24832153320312,33.425697326660156,-36.679656982421875
1776702121790679,6.282846450805664,1.2147196531295776,-13.726879119873047,-181.7161865234375,28.547903060913086,-39.77861785888672
1776702121800669,6.574427127838135,1.4273815155029297,-15.063718795776367,-197.9869384765625,23.14419937133789,-39.726409912109375
1776702121810722,6.517407417297363,1.154787302017212,-15.845606803894043,-203.55404663085938,18.6854248046875,-38.203025817871094
1776702121820681,6.219386100769043,0.8073589205741882,-15.362839698791504,-197.65184020996094,10.942834854125977,-35.57487106323242
1776702121830709,5.683597564697266,0.7172926068305969,-14.211877822875977,-183.77731323242188,5.6324639320373535,-31.60009002685547
1776702121840717,4.98676061630249,0.727218747138977,-12.798542022705078,-163.82447814941406,4.1205573081970215,-26.765838623046875
1776702121850675,4.250333309173584,0.6518968343734741,-11.050621032714844,-141.90185546875,2.4853572845458984,-22.379356384277344
1776702121860681,3.6468279361724854,0.6804931163787842,-9.399892807006836,-121.04731750488281,0.5337424278259277,-18.759347915649414
1776702121870691,3.1084587574005127,0.7029662728309631,-7.9529619216918945,-103.87226104736328,-1.1062564849853516,-15.875078201293945
1776702121880690,2.6889050006866455,0.7176417708396912,-6.965222358703613,-91.37060546875,-3.721303701400757,-13.409547805786133
1776702121890675,2.436415672302246,0.655340313911438,-6.34946346282959,-82.99703216552734,-6.481635570526123,-12.177093505859375
1776702121900633,2.378546714782715,0.49987462162971497,-6.020017623901367,-79.09840393066406,-10.393106460571289,-12.665231704711914
1776702121910641,2.4120230674743652,0.3730888068675995,-6.007913589477539,-79.04707336425781,-15.136345863342285,-13.719695091247559
1776702121920604,2.504404067993164,0.19912521541118622,-6.193119049072266,-81.86360168457031,-20.445642471313477,-15.13778018951416
1776702121930697,2.733304023742676,0.02259013243019581,-6.605589866638184,-87.2151107788086,-25.734954833984375,-16.881832122802734
1776702121940678,2.9699552059173584,-0.27074456214904785,-7.145084857940674,-93.67621612548828,-30.287973403930664,-18.196916580200195
1776702121950659,3.1991639137268066,-0.5486365556716919,-7.779125213623047,-101.65817260742188,-36.85563659667969,-19.749332427978516
1776702121960669,3.45125150680542,-0.6575888991355896,-8.494159698486328,-111.71228790283203,-44.47422790527344,-21.775917053222656
1776702121970682,3.722299337387085,-0.8300855755805969,-9.646828651428223,-122.83255767822266,-51.148948669433594,-22.98166275024414
1776702121980635,4.016746520996094,-1.1104907989501953,-10.713882446289062,-131.76316833496094,-58.50210189819336,-24.657564163208008
1776702121990671,4.322691917419434,-1.429917573928833,-11.41672420501709,-137.40390014648438,-65.53106689453125,-26.145057678222656
1776702122000627,4.41810941696167,-1.6617555618286133,-11.683801651000977,-138.43955993652344,-71.2785873413086,-27.00348663330078
1776702122010680,4.255768775939941,-1.895577073097229,-11.542778968811035,-134.83177185058594,-73.17505645751953,-24.894351959228516
1776702122020665,4.035560607910156,-1.9171838760375977,-10.950434684753418,-127.36152648925781,-71.79186248779297,-23.52958106994629
1776702122030698,3.75543212890625,-1.7674586772918701,-10.069299697875977,-117.6921615600586,-67.3643798828125,-22.18844223022461
1776702122040656,3.403045177459717,-1.5279637575149536,-9.171771049499512,-106.90914916992188,-61.484230041503906,-20.260311126708984
1776702122050643,3.0502047538757324,-1.3558748960494995,-8.344012260437012,-95.80056762695312,-55.242183685302734,-18.351167678833008
1776702122060686,2.7719790935516357,-1.2402772903442383,-7.546570301055908,-86.68783569335938,-50.16968536376953,-16.348752975463867
1776702122070659,2.466038227081299,-1.0181267261505127,-6.901065349578857,-78.9642562866211,-46.13893508911133,-15.126182556152344
1776702122080591,2.2478976249694824,-0.8221191167831421,-6.474116802215576,-72.06182861328125,-42.86345291137695,-14.429259300231934
1776702122090597,2.117921829223633,-0.8032884001731873,-6.132610321044922,-67.10578918457031,-41.68577194213867,-13.676264762878418
1776702122100686,1.9766180515289307,-0.7879527807235718,-5.939245223999023,-63.25091552734375,-41.97488021850586,-13.063131332397461
1776702122110614,1.9616308212280273,-0.750629723072052,-6.016257286071777,-60.982887268066406,-43.416038513183594,-13.021923065185547
1776702122120665,2.004962205886841,-0.7291170954704285,-6.163383483886719,-60.48981857299805,-46.108360290527344,-13.836860656738281
1776702122130608,2.114414691925049,-0.8122313618659973,-6.5687432289123535,-62.20161437988281,-50.744911193847656,-14.876195907592773
1776702122140684,2.193359851837158,-0.9214959144592285,-7.098092079162598,-65.1911392211914,-56.2600212097168,-15.089818954467773
1776702122150667,2.3556227684020996,-1.0817917585372925,-7.71491813659668,-69.18856811523438,-62.902503967285156,-15.797225952148438
1776702122160640,2.571793556213379,-1.2605106830596924,-8.330950736999512,-73.60608673095703,-68.96124267578125,-16.603660583496094
1776702122170621,2.7196590900421143,-1.3968287706375122,-8.858858108520508,-77.33210754394531,-73.98328399658203,-17.607345581054688
1776702122180664,2.866410970687866,-1.540863275527954,-9.21030330657959,-79.14224243164062,-77.59121704101562,-17.579513549804688
1776702122190648,2.8466758728027344,-1.6721206903457642,-9.398152351379395,-78.33895874023438,-80.57396697998047,-16.6397705078125
1776702122200635,2.811436176300049,-1.6671127080917358,-9.367328643798828,-78.32469177246094,-82.49898529052734,-17.223373413085938
1776702122210731,2.879183053970337,-1.6145665645599365,-9.334092140197754,-76.34150695800781,-80.73994445800781,-16.82467269897461
1776702122220630,2.8292243480682373,-1.6780434846878052,-9.080841064453125,-73.77220153808594,-80.12413787841797,-16.510488510131836
1776702122230639,2.694016456604004,-1.6844284534454346,-8.764776229858398,-70.78646850585938,-78.54698944091797,-15.405984878540039
1776702122240655,2.5932018756866455,-1.5774624347686768,-8.389335632324219,-67.5572738647461,-75.28680419921875,-14.866369247436523
1776702122250626,2.523728609085083,-1.4516555070877075,-7.898873805999756,-63.027442932128906,-70.92362213134766,-14.745598793029785
1776702122260673,2.3223230838775635,-1.2589585781097412,-7.325894355773926,-58.28185272216797,-67.33350372314453,-14.670154571533203
1776702122270690,2.16013503074646,-1.1356010437011719,-6.802348613739014,-52.726741790771484,-61.69111251831055,-13.181214332580566
1776702122280642,1.9915342330932617,-1.0425138473510742,-6.251909255981445,-47.00233840942383,-56.69111633300781,-11.978296279907227
1776702122290623,1.8333444595336914,-0.943805992603302,-5.719412803649902,-43.54052734375,-53.10655975341797,-11.98293685913086
1776702122300640,1.7324883937835693,-0.8375034332275391,-5.390134334564209,-40.767555236816406,-49.51215362548828,-11.41375732421875
1776702122310669,1.5875645875930786,-0.797510027885437,-5.141085624694824,-39.650577545166016,-47.41400146484375,-11.064258575439453
1776702122320635,1.5056214332580566,-0.6963340640068054,-5.112921714782715,-39.17456817626953,-46.513458251953125,-11.071208953857422
1776702122330634,1.5742130279541016,-0.6344194412231445,-5.248419761657715,-40.00679397583008,-46.79426956176758,-11.635885238647461
1776702122340610,1.7211177349090576,-0.6985734105110168,-5.486670970916748,-41.24870681762695,-48.452606201171875,-11.605506896972656
1776702122350640,1.9022260904312134,-0.7921553254127502,-5.8632636070251465,-44.058658599853516,-51.65364074707031,-12.484868049621582
1776702122360577,2.01644229888916,-0.9602739810943604,-6.319417476654053,-47.37485885620117,-55.81409454345703,-12.425987243652344
1776702122370581,2.0374226570129395,-1.0617719888687134,-6.813570499420166,-51.01552200317383,-61.05058670043945,-12.89430046081543
1776702122380597,2.3002262115478516,-1.0388821363449097,-7.3475141525268555,-54.48905563354492,-65.05767822265625,-14.363669395446777
1776702122390646,2.5951125621795654,-1.0783231258392334,-7.859989643096924,-57.63039779663086,-69.32775115966797,-16.49375343322754
1776702122400604,2.8030588626861572,-1.182615041732788,-8.31147289276123,-60.597869873046875,-74.31771087646484,-17.911836624145508
1776702122410653,2.986220121383667,-1.2299060821533203,-8.72997760772705,-63.22444534301758,-78.57637786865234,-19.041297912597656
1776702122420608,3.0171701908111572,-1.3022533655166626,-8.973852157592773,-64.49325561523438,-82.14759063720703,-19.092626571655273
1776702122430616,2.9715065956115723,-1.3052095174789429,-9.132087707519531,-64.85836029052734,-84.76109313964844,-19.42952537536621
1776702122440600,2.9847559928894043,-1.3136872053146362,-9.056713104248047,-64.0677261352539,-83.879638671875,-19.127117156982422
1776702122450544,2.794602155685425,-1.3160070180892944,-8.62883186340332,-60.76583480834961,-81.55218505859375,-17.842891693115234
1776702122460612,2.690899133682251,-1.2583277225494385,-8.147732734680176,-56.103858947753906,-76.73663330078125,-16.430397033691406
1776702122470608,2.4401028156280518,-1.1797860860824585,-7.426486015319824,-51.19767761230469,-71.65907287597656,-15.411681175231934
1776702122480593,2.3255443572998047,-1.0651261806488037,-6.766955375671387,-46.31957244873047,-64.01622772216797,-14.447646141052246
1776702122490580,2.086655378341675,-1.0125943422317505,-6.041592597961426,-41.72160720825195,-57.97932052612305,-12.790567398071289
1776702122500557,1.8157296180725098,-0.9181849956512451,-5.399095058441162,-37.53318405151367,-51.932708740234375,-11.289444923400879
1776702122510614,1.5784155130386353,-0.7835485935211182,-4.864202499389648,-33.84437561035156,-46.59047317504883,-10.089881896972656
1776702122520607,1.4285774230957031,-0.6329636573791504,-4.37249231338501,-31.019893646240234,-42.03549575805664,-9.8473482131958
1776702122530651,1.3410251140594482,-0.5539988875389099,-4.135600566864014,-29.152633666992188,-38.50651550292969,-9.100150108337402
1776702122540615,1.2505289316177368,-0.5573211908340454,-4.045334815979004,-28.14969825744629,-37.29730987548828,-8.263067245483398
1776702122550623,1.2647621631622314,-0.5408763885498047,-4.1355881690979,-28.62820816040039,-37.61833953857422,-8.468113899230957
1776702122560600,1.295506238937378,-0.5749324560165405,-4.442614555358887,-30.263399124145508,-40.217063903808594,-8.255169868469238
1776702122570606,1.439995527267456,-0.6612443327903748,-5.018592834472656,-33.05824661254883,-44.60854721069336,-8.269771575927734
1776702122580609,1.6451709270477295,-0.756106972694397,-5.7501397132873535,-37.29547882080078,-51.450191497802734,-9.352873802185059
1776702122590615,1.9502692222595215,-0.7473822832107544,-6.6016974449157715,-43.09449768066406,-59.59822082519531,-12.29948616027832
1776702122600584,2.270127058029175,-0.8822333812713623,-7.560393810272217,-49.071258544921875,-68.1580810546875,-13.985172271728516
1776702122610644,2.437837839126587,-0.9581294655799866,-8.44881820678711,-54.70657730102539,-78.09223937988281,-16.170120239257812
1776702122620614,2.8760855197906494,-1.1090960502624512,-9.323304176330566,-59.273956298828125,-84.62422180175781,-17.31329917907715
1776702122630615,3.0540101528167725,-1.2488453388214111,-9.871194839477539,-62.78602600097656,-92.05269622802734,-18.72161293029785
1776702122640684,3.2536354064941406,-1.3220645189285278,-10.274219512939453,-64.71205139160156,-96.1366958618164,-19.439804077148438
1776702122650645,3.2995784282684326,-1.5317201614379883,-10.318689346313477,-65.30696868896484,-97.76586151123047,-18.73468780517578
1776702122660638,3.2441422939300537,-1.5448968410491943,-10.144853591918945,-63.21000671386719,-96.62442779541016,-18.08702850341797
1776702122670706,3.273686408996582,-1.6110666990280151,-9.669880867004395,-60.78911209106445,-92.34172058105469,-17.427371978759766
1776702122680678,3.1617789268493652,-1.647023320198059,-9.003425598144531,-57.22816467285156,-86.1930923461914,-16.058744430541992
1776702122690580,2.9026715755462646,-1.54244065284729,-8.249545097351074,-52.74977111816406,-79.80622100830078,-15.079926490783691
1776702122700584,2.576162815093994,-1.3054640293121338,-7.421199321746826,-47.83599090576172,-72.23931884765625,-14.393401145935059
1776702122710555,2.2930455207824707,-1.181640386581421,-6.663480281829834,-43.69246292114258,-65.25270080566406,-13.143417358398438
1776702122720577,1.9309097528457642,-1.0209897756576538,-6.03056001663208,-39.51319885253906,-58.98322677612305,-11.77794075012207
1776702122730576,1.7932355403900146,-0.8560916781425476,-5.506266117095947,-35.730308532714844,-52.5990104675293,-10.768982887268066
1776702122740620,1.636152744293213,-0.7551822662353516,-5.087897300720215,-33.50589370727539,-48.69369125366211,-10.53482437133789
1776702122750614,1.5194119215011597,-0.5968446135520935,-4.810146331787109,-32.85453796386719,-45.75986099243164,-11.251021385192871
1776702122760626,1.433713674545288,-0.4779309034347534,-4.779480934143066,-32.25827407836914,-44.61668014526367,-11.219640731811523
1776702122770611,1.4048423767089844,-0.5096516609191895,-4.8579254150390625,-33.01825714111328,-45.076839447021484,-10.734540939331055
1776702122780610,1.4412362575531006,-0.5002554655075073,-5.152535915374756,-35.07228088378906,-47.32792663574219,-11.401643753051758
1776702122790620,1.5641191005706787,-0.502863883972168,-5.6124067306518555,-37.96765899658203,-50.7291374206543,-12.36691665649414
1776702122800610,1.7494122982025146,-0.6400691866874695,-6.193276882171631,-41.843528747558594,-55.658905029296875,-12.62598705291748
1776702122810614,1.9120573997497559,-0.7671756148338318,-6.864418983459473,-45.95183181762695,-61.92097854614258,-13.193788528442383
1776702122820651,2.0885446071624756,-0.8297802209854126,-7.556431770324707,-50.70269775390625,-69.01554870605469,-14.857126235961914
1776702122830619,2.2839908599853516,-0.9650530815124512,-8.278990745544434,-54.944889068603516,-75.96304321289062,-15.277183532714844
1776702122840610,2.487949848175049,-1.0877914428710938,-8.900435447692871,-59.27421188354492,-82.09664154052734,-16.671472549438477
1776702122850594,2.650510787963867,-1.2718110084533691,-9.498686790466309,-62.73687744140625,-87.92120361328125,-16.708662033081055
1776702122860610,2.798403263092041,-1.4350560903549194,-9.864006996154785,-64.78487396240234,-92.10833740234375,-16.365861892700195
1776702122870625,2.896672010421753,-1.5150177478790283,-10.099675178527832,-65.77249145507812,-94.82025146484375,-16.806522369384766
1776702122880573,3.0265746116638184,-1.5700879096984863,-10.08043098449707,-65.13096618652344,-94.81969451904297,-17.200298309326172
1776702122890614,2.9806201457977295,-1.678183913230896,-9.829266548156738,-63.08775329589844,-93.50115203857422,-15.904006958007812
1776702122900577,2.8425464630126953,-1.6854010820388794,-9.38405704498291,-60.45322036743164,-89.9134521484375,-14.979935646057129
1776702122910605,2.708275079727173,-1.6220669746398926,-8.92196273803711,-57.50588607788086,-85.58821105957031,-14.446796417236328
1776702122920553,2.5521669387817383,-1.525235652923584,-8.434708595275879,-54.58164978027344,-81.33868408203125,-13.49948787689209
1776702122930535,2.450749158859253,-1.5083377361297607,-8.116753578186035,-51.915164947509766,-77.48698425292969,-12.20677661895752
1776702122940578,2.247239351272583,-1.4025745391845703,-7.819550514221191,-50.78232955932617,-75.59635162353516,-12.032709121704102
1776702122950564,2.110478401184082,-1.2084413766860962,-7.69541072845459,-50.15746307373047,-73.56898498535156,-13.086004257202148
1776702122960576,2.1465353965759277,-1.1033565998077393,-7.5265984535217285,-48.90412902832031,-70.82308197021484,-13.076668739318848
1776702122970566,2.143094778060913,-1.1712050437927246,-7.319659233093262,-48.063995361328125,-68.91676330566406,-12.555609703063965
1776702122980582,2.168618679046631,-1.218304991722107,-7.180912494659424,-46.99736022949219,-66.7559814453125,-11.761065483093262
1776702122990612,2.199129819869995,-1.1929006576538086,-7.060711860656738,-46.498416900634766,-65.9478759765625,-12.303616523742676
1776702123000582,2.1909265518188477,-1.057378888130188,-7.063138484954834,-46.65768051147461,-65.99539184570312,-13.373513221740723
1776702123010618,2.1113510131835938,-0.9901686906814575,-7.098398685455322,-47.202396392822266,-66.82164764404297,-13.757190704345703
1776702123020576,1.7266310453414917,-1.132485270500183,-7.2088212966918945,-48.04712677001953,-69.12836456298828,-11.394908905029297
1776702123030627,1.6863267421722412,-1.1096969842910767,-7.392153263092041,-48.70551681518555,-69.87298583984375,-10.62115478515625
1776702123040645,1.5171116590499878,-1.1818480491638184,-7.4606757164001465,-49.208099365234375,-71.85098266601562,-9.661871910095215
1776702123050565,1.44443941116333,-1.0779465436935425,-7.57476806640625,-50.393798828125,-73.04548645019531,-10.293087005615234
1776702123060632,1.3579599857330322,-1.103880763053894,-7.709939002990723,-50.63850402832031,-73.9096450805664,-9.505037307739258
1776702123070609,1.1398804187774658,-1.2516639232635498,-7.770690441131592,-51.06231689453125,-75.60185241699219,-7.496311187744141
1776702123080605,1.067840814590454,-1.2779698371887207,-7.9056243896484375,-51.75231170654297,-76.46925354003906,-6.9347968101501465
1776702123090579,1.1260545253753662,-1.231713056564331,-7.929340839385986,-52.37018585205078,-76.81394958496094,-7.385268688201904
1776702123100591,1.206895351409912,-1.13946533203125,-8.002778053283691,-52.87822723388672,-77.290771484375,-8.921809196472168
1776702123110556,1.0586483478546143,-1.223725438117981,-8.009026527404785,-53.0915412902832,-78.2723388671875,-7.795620441436768
1776702123120540,0.9476463794708252,-1.2412885427474976,-8.0957670211792,-53.27384567260742,-79.46176147460938,-7.051811218261719
1776702123130534,0.7164079546928406,-1.3177194595336914,-8.159599304199219,-53.72484588623047,-80.50786590576172,-5.5238494873046875
1776702123140546,0.7016982436180115,-1.2214851379394531,-8.193681716918945,-54.00772476196289,-80.69285583496094,-6.049567222595215
1776702123150541,0.7153637409210205,-1.228168249130249,-8.23559284210205,-53.99262619018555,-80.60820007324219,-5.828073024749756
1776702123160545,0.7202099561691284,-1.2733447551727295,-8.25285816192627,-54.15464782714844,-80.71342468261719,-5.6064863204956055
1776702123170531,0.6881936192512512,-1.2990425825119019,-8.252094268798828,-54.17761993408203,-81.1716079711914,-5.285822868347168
1776702123180578,0.5116648077964783,-1.3245500326156616,-8.261222839355469,-54.367713928222656,-82.10494232177734,-4.603652000427246
1776702123190529,0.3376837372779846,-1.3445343971252441,-8.322476387023926,-54.52214813232422,-82.95670318603516,-3.59554386138916
1776702123200546,0.28037869930267334,-1.3954297304153442,-8.364049911499023,-54.82064437866211,-83.24726104736328,-2.7989754676818848
1776702123210539,0.1689884066581726,-1.3729227781295776,-8.383594512939453,-55.09944152832031,-84.08309936523438,-2.414706230163574
1776702123220506,0.2098449468612671,-1.3060868978500366,-8.449173927307129,-55.13138198852539,-83.81441497802734,-2.963837146759033
1776702123230595,0.16650444269180298,-1.3377848863601685,-8.4578857421875,-55.35816955566406,-84.35294342041016,-2.5719714164733887
1776702123240575,0.03937804698944092,-1.3917841911315918,-8.50447940826416,-55.54636001586914,-85.1959457397461,-1.78086519241333
1776702123250504,-0.0401759147644043,-1.407538652420044,-8.52411937713623,-55.75634002685547,-85.43282318115234,-1.1199250221252441
1776702123260562,-0.20840811729431152,-1.4192209243774414,-8.562616348266602,-55.92027282714844,-86.5732650756836,-0.7569942474365234
1776702123270544,-0.30302518606185913,-1.4292296171188354,-8.592350006103516,-56.076351165771484,-86.77507019042969,0.2888007164001465
1776702123280504,-0.33663010597229004,-1.4511127471923828,-8.650948524475098,-56.29014205932617,-87.22123718261719,0.40488195419311523
1776702123290526,-0.4520193338394165,-1.505394697189331,-8.692377090454102,-56.68938446044922,-88.16492462158203,0.9661588668823242
1776702123300515,-0.4875708222389221,-1.4545161724090576,-8.750274658203125,-57.08319854736328,-88.48944091796875,0.8719167709350586
1776702123310524,-0.5723397731781006,-1.470503807067871,-8.76131534576416,-57.413997650146484,-89.06046295166016,1.180180549621582
1776702123320530,-0.6686483025550842,-1.4879670143127441,-8.800809860229492,-57.47802734375,-89.93011474609375,1.8715715408325195
1776702123330552,-0.7123957872390747,-1.4838505983352661,-8.886931419372559,-57.98489761352539,-90.26545715332031,1.7939767837524414
1776702123340611,-0.7317559719085693,-1.4506499767303467,-8.9190673828125,-58.18623352050781,-90.79556274414062,1.8250293731689453
1776702123350562,-0.8108463883399963,-1.4724948406219482,-8.973329544067383,-58.510799407958984,-91.45268249511719,2.180021286010742
1776702123360530,-0.8151595592498779,-1.492879867553711,-9.051202774047852,-59.05532455444336,-91.95350646972656,2.3425750732421875
1776702123370509,-0.9255456924438477,-1.5218048095703125,-9.063610076904297,-59.26041793823242,-93.14946746826172,2.7759532928466797
1776702123380502,-0.9913927316665649,-1.4857059717178345,-9.15029239654541,-59.847076416015625,-93.8726577758789,2.8499574661254883
1776702123390505,-1.1089577674865723,-1.5174545049667358,-9.220245361328125,-60.38470458984375,-94.9923095703125,3.554633140563965
1776702123400519,-1.2831350564956665,-1.540173053741455,-9.243989944458008,-61.079734802246094,-96.16217803955078,4.272091865539551
1776702123410531,-1.3732894659042358,-1.5206246376037598,-9.362937927246094,-61.848838806152344,-96.579345703125,4.40380859375
1776702123420512,-1.3838520050048828,-1.4864816665649414,-9.428901672363281,-62.33591842651367,-97.54308319091797,4.126655578613281
1776702123430515,-1.5254011154174805,-1.485899567604065,-9.486091613769531,-63.14533233642578,-98.84883880615234,4.2936553955078125
1776702123440535,-1.5032492876052856,-1.4540163278579712,-9.592108726501465,-63.51105880737305,-98.69949340820312,4.443241119384766
1776702123450455,-1.554494023323059,-1.513420581817627,-9.628202438354492,-63.88864517211914,-99.71897888183594,4.83294677734375
1776702123460512,-1.7576067447662354,-1.535318374633789,-9.63967227935791,-64.52284240722656,-101.22493743896484,5.420520782470703
1776702123470494,-2.0561981201171875,-1.5596528053283691,-9.665199279785156,-65.17483520507812,-102.72648620605469,6.949810981750488
1776702123480449,-2.0037102699279785,-1.4867457151412964,-9.764204025268555,-65.99568939208984,-102.0259780883789,6.693051338195801
1776702123490486,-1.9676015377044678,-1.5415780544281006,-9.829347610473633,-66.10078430175781,-102.32764434814453,6.929546356201172
1776702123500511,-2.1072826385498047,-1.5087209939956665,-9.798409461975098,-66.71729278564453,-103.6242904663086,6.453399658203125
1776702123510490,-2.3406100273132324,-1.5479995012283325,-9.826665878295898,-67.02722930908203,-104.53532409667969,8.024388313293457
1776702123520455,-2.280200958251953,-1.429443120956421,-9.905536651611328,-67.76911163330078,-104.22674560546875,6.990045547485352
1776702123530503,-2.4161429405212402,-1.4641263484954834,-9.882837295532227,-68.26909637451172,-105.15582275390625,7.466632843017578
1776702123540529,-2.141437530517578,-1.5081650018692017,-10.048821449279785,-68.22534942626953,-103.3533935546875,7.865550994873047
1776702123550497,-2.0425548553466797,-1.564969539642334,-10.111777305603027,-68.74185943603516,-105.02941131591797,7.07264518737793
1776702123560473,-2.1851377487182617,-1.6422978639602661,-10.238166809082031,-69.58908081054688,-107.2773208618164,8.048454284667969
1776702123570492,-2.2451066970825195,-1.6483542919158936,-10.427877426147461,-70.93812561035156,-109.06423950195312,8.098015785217285
1776702123580447,-2.326751708984375,-1.6147571802139282,-10.51226806640625,-72.15912628173828,-110.95740509033203,7.818251609802246
1776702123590500,-2.394136905670166,-1.6304317712783813,-10.66010570526123,-72.99567413330078,-112.30517578125,8.438521385192871
1776702123600484,-2.3741819858551025,-1.5719119310379028,-10.69281005859375,-74.13375854492188,-113.04131317138672,7.391284942626953
1776702123610491,-2.2729451656341553,-1.4880454540252686,-10.710027694702148,-74.68294525146484,-112.72511291503906,6.407352447509766
1776702123620466,-2.193276882171631,-1.4802628755569458,-10.692220687866211,-74.91954040527344,-111.78591918945312,5.81578254699707
1776702123630523,-2.112239122390747,-1.3585058450698853,-10.640676498413086,-75.29732513427734,-111.28987121582031,4.336973190307617
1776702123640547,-2.132692813873291,-1.3890537023544312,-10.604330062866211,-75.46327209472656,-110.92338562011719,4.791426658630371
1776702123650487,-2.06925630569458,-1.487510323524475,-10.530924797058105,-74.97660827636719,-109.49080657958984,6.0214996337890625
1776702123660490,-1.9052397012710571,-1.314634084701538,-10.400308609008789,-75.17638397216797,-108.05020141601562,3.553389549255371
1776702123670506,-2.0720415115356445,-1.4697734117507935,-10.226446151733398,-74.31657409667969,-106.9073257446289,6.002020835876465
1776702123680537,-2.026442050933838,-1.5478681325912476,-10.144018173217773,-73.95211791992188,-104.84828186035156,7.267536163330078
1776702123690553,-1.955779790878296,-1.5944857597351074,-10.082076072692871,-74.1658935546875,-103.83695220947266,7.579791069030762
1776702123700510,-1.9892492294311523,-1.7526426315307617,-10.098337173461914,-74.94586181640625,-104.0994644165039,9.080904960632324
1776702123710493,-2.0384812355041504,-1.7955443859100342,-10.28453540802002,-76.43602752685547,-105.7867431640625,9.60566234588623
1776702123720465,-2.13340425491333,-1.866865873336792,-10.587676048278809,-78.87399291992188,-108.66481018066406,10.420903205871582
1776702123730465,-2.2007334232330322,-1.959921956062317,-10.906977653503418,-82.33275604248047,-112.32162475585938,10.920654296875
1776702123740499,-2.2624454498291016,-1.9812681674957275,-11.170852661132812,-86.3607177734375,-115.58387756347656,11.19651985168457
1776702123750523,-2.1961231231689453,-1.9831445217132568,-11.538607597351074,-89.81243133544922,-117.6258316040039,10.954139709472656
1776702123760553,-2.236555576324463,-2.0823965072631836,-11.789627075195312,-93.42981719970703,-120.7666244506836,11.236968994140625
1776702123770461,-2.224625587463379,-2.1016507148742676,-12.049620628356934,-96.67442321777344,-122.57008361816406,11.469348907470703
1776702123780527,-2.1504926681518555,-2.0588057041168213,-12.226323127746582,-99.16421508789062,-123.78374481201172,10.502925872802734
1776702123790517,-2.143625259399414,-1.968504548072815,-12.252602577209473,-101.53826141357422,-124.82770538330078,9.406305313110352
1776702123800509,-2.0968093872070312,-1.9973641633987427,-12.307218551635742,-103.28634643554688,-123.75241088867188,10.072227478027344
1776702123810491,-2.0022993087768555,-2.0088601112365723,-12.269495010375977,-104.34273529052734,-122.17744445800781,10.226686477661133
1776702123820496,-1.9789180755615234,-2.1261048316955566,-12.179548263549805,-104.54681396484375,-120.76153564453125,11.856109619140625
1776702123830527,-1.954506278038025,-2.148449182510376,-12.089958190917969,-105.24996185302734,-119.26321411132812,12.131744384765625
1776702123840512,-1.872254729270935,-2.0825321674346924,-11.95814037322998,-105.58060455322266,-116.91011047363281,12.030084609985352
1776702123850493,-1.7802671194076538,-2.0714666843414307,-11.731294631958008,-105.94564819335938,-113.90562438964844,12.172784805297852
1776702123860476,-1.6669994592666626,-1.9635071754455566,-11.517433166503906,-107.10218048095703,-110.638671875,11.579574584960938
1776702123870487,-1.631058692932129,-2.0982208251953125,-11.432659149169922,-107.64517974853516,-106.75170135498047,14.425386428833008
1776702123880455,-1.497598648071289,-2.2601845264434814,-11.339584350585938,-109.51530456542969,-103.57176208496094,15.830057144165039
1776702123890459,-1.3068796396255493,-2.4273436069488525,-11.409178733825684,-112.92731475830078,-102.39899444580078,17.288555145263672
1776702123900472,-1.1571922302246094,-2.512420415878296,-11.58465576171875,-118.64512634277344,-102.2669448852539,17.754528045654297
1776702123910540,-1.1255912780761719,-2.6051666736602783,-11.904191970825195,-125.25906372070312,-103.06729888916016,19.41546058654785
1776702123920452,-1.2114553451538086,-2.6715855598449707,-12.2028169631958,-131.1623077392578,-104.46553802490234,21.436277389526367
1776702123930439,-1.1813933849334717,-2.8298757076263428,-12.490955352783203,-137.63612365722656,-104.7055435180664,24.212547302246094
1776702123940475,-1.0940959453582764,-2.8551604747772217,-12.645196914672852,-143.4027099609375,-103.30681610107422,25.493860244750977
1776702123950440,-1.0284558534622192,-2.7893402576446533,-12.731047630310059,-148.61508178710938,-101.05814361572266,26.718534469604492
1776702123960444,-0.9514527320861816,-2.678900718688965,-12.816976547241211,-151.7870330810547,-97.56670379638672,27.479703903198242
1776702123970432,-0.8482606410980225,-2.5995211601257324,-12.745392799377441,-152.21815490722656,-92.94050598144531,28.287538528442383
1776702123980443,-0.6781737804412842,-2.3779726028442383,-12.524041175842285,-151.225341796875,-88.06126403808594,26.731624603271484
1776702123990461,-0.56260085105896,-2.1681625843048096,-12.174757957458496,-148.9185791015625,-82.62246704101562,25.952024459838867
1776702124000440,-0.4806339740753174,-2.1722540855407715,-11.975862503051758,-147.46484375,-77.50975799560547,26.79218292236328
1776702124010478,-0.4386131763458252,-2.2339422702789307,-11.936508178710938,-147.47113037109375,-74.30176544189453,27.87812042236328
1776702124020463,-0.352766752243042,-2.2524497509002686,-12.107507705688477,-151.25485229492188,-73.94500732421875,27.85320472717285
1776702124030454,-0.20903682708740234,-2.262772798538208,-12.559271812438965,-157.48818969726562,-74.73760986328125,27.40976905822754
1776702124040572,-0.106231689453125,-2.267240285873413,-12.954140663146973,-164.9717254638672,-76.55259704589844,27.484439849853516
1776702124050404,-0.0976717472076416,-2.2950384616851807,-13.351890563964844,-172.60777282714844,-77.0272216796875,28.972888946533203
1776702124060432,-0.1303422451019287,-2.3018038272857666,-13.745203018188477,-178.84619140625,-75.54512786865234,31.08059310913086
1776702124070426,-0.13818573951721191,-2.2245981693267822,-14.086686134338379,-183.40652465820312,-72.56202697753906,32.547000885009766
1776702124080407,-0.18514060974121094,-2.1423964500427246,-14.254585266113281,-185.5730438232422,-68.70982360839844,33.589622497558594
1776702124090473,-0.22068190574645996,-1.9263980388641357,-14.127280235290527,-183.92140197753906,-63.304691314697266,34.21580505371094
1776702124100479,-0.26519274711608887,-1.680254340171814,-13.8447904586792,-179.26205444335938,-55.2222785949707,34.373809814453125
1776702124110465,-0.3579902648925781,-1.5218335390090942,-13.281045913696289,-172.1374969482422,-46.44652557373047,34.68552780151367
1776702124120442,-0.3422384262084961,-1.352734923362732,-12.77535629272461,-165.79666137695312,-37.968955993652344,34.03507614135742
1776702124130499,-0.29288506507873535,-1.1815539598464966,-12.473936080932617,-162.42572021484375,-30.828214645385742,33.030303955078125
1776702124140428,-0.22438406944274902,-1.0159580707550049,-12.390410423278809,-162.61849975585938,-26.323238372802734,32.11069107055664
1776702124150409,-0.25019001960754395,-0.9028958082199097,-12.555484771728516,-166.0821533203125,-23.61754608154297,33.18896484375
1776702124160435,-0.3178424835205078,-0.7411928176879883,-12.872148513793945,-170.4772491455078,-20.371315002441406,34.565467834472656
1776702124170470,-0.33797287940979004,-0.598190426826477,-13.189834594726562,-174.6935272216797,-15.47488021850586,35.22191619873047
1776702124180485,-0.4524874687194824,-0.5059173107147217,-13.596715927124023,-177.91616821289062,-8.977667808532715,36.33118438720703
1776702124190494,-0.5678632259368896,-0.4297020137310028,-13.941577911376953,-180.62379455566406,-3.499103546142578,37.258148193359375
1776702124200430,-0.7004296779632568,-0.2893884479999542,-14.1773042678833,-181.99085998535156,1.9488801956176758,38.21318054199219
1776702124210502,-0.7121319770812988,-0.1103711873292923,-14.329963684082031,-181.62030029296875,8.23786735534668,37.85032653808594
1776702124220453,-0.8256552219390869,0.017824824899435043,-14.296628952026367,-178.8045654296875,14.876076698303223,37.410091400146484
1776702124230504,-0.9292643070220947,0.22552499175071716,-14.111872673034668,-173.88629150390625,22.442481994628906,36.33568572998047
1776702124240459,-0.9356763362884521,0.41552746295928955,-13.90718936920166,-169.7371826171875,28.280651092529297,34.93829345703125
1776702124250452,-0.9309148788452148,0.5860447287559509,-13.85007095336914,-168.0263214111328,32.905555725097656,33.90488815307617
1776702124260457,-0.9958364963531494,0.6010258197784424,-13.918289184570312,-167.54873657226562,35.928794860839844,33.58818817138672
1776702124270468,-1.097489833831787,0.6496817469596863,-14.12436294555664,-168.65687561035156,40.119606018066406,33.69139099121094
1776702124280457,-1.1715295314788818,0.6957880258560181,-14.410287857055664,-170.3819580078125,43.957923889160156,33.668479919433594
1776702124290488,-1.305074691772461,0.741034984588623,-14.627403259277344,-170.67820739746094,47.94573211669922,34.224029541015625
1776702124300451,-1.4427947998046875,0.8253133893013,-14.66815185546875,-169.74227905273438,52.05923080444336,34.19939422607422
1776702124310450,-1.576503872871399,1.031341791152954,-14.68592643737793,-167.47964477539062,57.33724594116211,34.17674255371094
1776702124320428,-1.8147635459899902,1.0671439170837402,-14.758153915405273,-164.58457946777344,62.72235870361328,34.39594268798828
1776702124330480,-1.9984369277954102,1.0865366458892822,-14.659835815429688,-159.68267822265625,68.77597045898438,33.19441223144531
1776702124340459,-2.0623695850372314,1.10041344165802,-14.457439422607422,-154.473876953125,73.5587387084961,31.356904983520508
1776702124350417,-2.108684778213501,1.2069759368896484,-14.149957656860352,-149.24685668945312,76.98701477050781,30.26244354248047
1776702124360423,-2.1673495769500732,1.2498270273208618,-13.927988052368164,-144.79266357421875,79.85137176513672,28.9665470123291
1776702124370488,-2.294663667678833,1.1311742067337036,-13.78038501739502,-141.0347900390625,81.34187316894531,28.51482582092285
1776702124380439,-2.4786555767059326,0.9529129862785339,-13.693953514099121,-138.92608642578125,83.37483215332031,27.604854583740234
1776702124390463,-2.5966477394104004,0.8654022812843323,-13.803272247314453,-138.95797729492188,86.78368377685547,27.318775177001953
1776702124400457,-2.5803780555725098,0.9300439357757568,-14.163542747497559,-141.9180908203125,90.73987579345703,26.8598575592041
1776702124410453,-2.6356821060180664,0.9863447546958923,-14.614242553710938,-145.2600860595703,95.16203308105469,26.404897689819336
1776702124420433,-2.8876984119415283,0.9778275489807129,-15.128511428833008,-148.0111846923828,99.5536117553711,27.903827667236328
1776702124430460,-3.0877339839935303,1.0261859893798828,-15.625118255615234,-150.05162048339844,104.92679595947266,28.221708297729492
1776702124440446,-3.2579100131988525,1.0773191452026367,-15.913558959960938,-150.38539123535156,109.1496353149414,28.44525718688965
1776702124450462,-3.3570351600646973,1.171000361442566,-16.020917892456055,-149.44189453125,111.76661682128906,28.641162872314453
1776702124460476,-3.406069040298462,1.3073986768722534,-15.916997909545898,-146.746337890625,113.01993560791016,28.958648681640625
1776702124470460,-3.4666409492492676,1.366355061531067,-15.724703788757324,-142.59133911132812,113.62831115722656,28.54296112060547
1776702124480442,-3.3682501316070557,1.3352936506271362,-15.357789993286133,-136.9537353515625,113.88485717773438,26.11177635192871
1776702124490423,-3.263556957244873,1.3048076629638672,-14.721853256225586,-130.70748901367188,111.6773681640625,24.158952713012695
1776702124500424,-3.2533528804779053,1.2623957395553589,-14.323912620544434,-125.1966552734375,110.44296264648438,23.292341232299805
1776702124510440,-3.3057796955108643,1.0334136486053467,-13.984006881713867,-120.95742797851562,109.52853393554688,21.962268829345703
1776702124520424,-3.3035659790039062,0.8263565301895142,-13.735862731933594,-119.2923583984375,108.88550567626953,20.39346694946289
1776702124530435,-3.262032985687256,0.7521501183509827,-13.915512084960938,-121.73941040039062,110.24174499511719,19.49064826965332
1776702124540470,-3.3954010009765625,0.6497118473052979,-14.34996223449707,-125.16255187988281,113.55125427246094,19.572803497314453
1776702124550432,-3.6294853687286377,0.6055541634559631,-14.873954772949219,-128.56588745117188,118.87602996826172,19.663991928100586
1776702124560405,-3.914504289627075,0.5480539798736572,-15.554073333740234,-132.31593322753906,125.21372985839844,20.53555679321289
1776702124570370,-3.944575786590576,0.6755191087722778,-16.04886817932129,-135.538818359375,129.84967041015625,20.67551612854004
1776702124580394,-3.9679911136627197,0.8111686706542969,-16.433330535888672,-137.63023376464844,132.87310791015625,21.3731632232666
1776702124590390,-4.16244649887085,0.8871501684188843,-16.62232208251953,-137.24163818359375,135.18028259277344,22.309253692626953
1776702124600352,-4.195355415344238,0.8757681846618652,-16.632999420166016,-135.53436279296875,136.49647521972656,21.463397979736328
1776702124610404,-4.111358165740967,0.9278289675712585,-16.26380157470703,-132.404052734375,134.79542541503906,20.978443145751953
1776702124620404,-4.31324577331543,0.9144886136054993,-16.120784759521484,-129.66969299316406,134.3730926513672,21.989675521850586
1776702124630411,-4.2174859046936035,0.9666942954063416,-15.795119285583496,-126.1655044555664,133.1915740966797,21.555667877197266
1776702124640406,-4.250323295593262,0.9663650393486023,-15.506425857543945,-122.4365463256836,131.93528747558594,20.7994384765625
1776702124650381,-4.272509574890137,0.8834250569343567,-15.191129684448242,-117.32026672363281,132.39105224609375,19.117218017578125
1776702124660380,-4.283962249755859,0.7597842812538147,-14.798257827758789,-112.53984832763672,130.59393310546875,18.01466178894043
1776702124670419,-4.22797966003418,0.714748203754425,-14.555686950683594,-109.35845947265625,131.21282958984375,16.264583587646484
1776702124680379,-4.391726016998291,0.559873640537262,-14.478869438171387,-107.51032257080078,132.4845428466797,15.414840698242188
1776702124690386,-4.415561199188232,0.4851645529270172,-14.637059211730957,-108.51454162597656,135.50575256347656,14.759706497192383
1776702124700387,-4.527059555053711,0.45845654606819153,-15.119942665100098,-111.84469604492188,140.06065368652344,14.436578750610352
1776702124710295,-4.779997825622559,0.4049699008464813,-15.645055770874023,-114.5068130493164,145.51219177246094,14.641901016235352
1776702124720402,-4.919332027435303,0.4372599124908447,-16.230918884277344,-117.8665771484375,150.00096130371094,15.498281478881836
1776702124730349,-5.166624069213867,0.5250877737998962,-16.631656646728516,-119.41172790527344,154.22994995117188,16.45331573486328
1776702124740336,-5.38828182220459,0.5867826342582703,-16.849063873291016,-118.5609130859375,157.8594512939453,16.905277252197266
1776702124750365,-5.550534248352051,0.5503746271133423,-17.003154754638672,-116.16847229003906,160.28436279296875,16.008859634399414
1776702124760324,-5.4995598793029785,0.5756436586380005,-16.515228271484375,-112.88973236083984,157.44296264648438,16.23771095275879
1776702124770357,-5.434207916259766,0.7785447835922241,-16.240182876586914,-109.54167175292969,156.2919464111328,16.735595703125
1776702124780397,-5.40995454788208,0.8018285632133484,-15.971837997436523,-105.13546752929688,154.65359497070312,15.929328918457031
1776702124790416,-5.176998138427734,0.7094210386276245,-15.31354808807373,-100.67698669433594,149.04202270507812,14.498514175415039
1776702124800385,-5.078088283538818,0.6375882029533386,-14.799070358276367,-96.78642272949219,144.583251953125,13.698535919189453
1776702124810445,-5.004479885101318,0.5158920288085938,-14.41612434387207,-93.59737396240234,141.3964080810547,12.852666854858398
1776702124820410,-4.902289390563965,0.39265164732933044,-14.027364730834961,-91.30400085449219,138.73829650878906,11.80228042602539
1776702124830383,-5.075490474700928,0.19993248581886292,-14.104227066040039,-91.55709838867188,138.93429565429688,11.604175567626953
1776702124840434,-5.102806091308594,0.016698068007826805,-14.211790084838867,-93.97201538085938,139.8450927734375,11.06886100769043
1776702124850346,-5.203605651855469,0.041691746562719345,-14.664011001586914,-98.25054931640625,144.54617309570312,11.633827209472656
1776702124860396,-5.555610656738281,0.05774547904729843,-15.477046012878418,-102.47501373291016,151.89578247070312,12.381904602050781
1776702124870407,-5.7898783683776855,0.08895659446716309,-16.125839233398438,-106.1093978881836,158.46080017089844,12.729433059692383
1776702124880377,-5.833522796630859,0.238649383187294,-16.76778793334961,-110.44270324707031,163.69728088378906,13.560396194458008
1776702124890514,-5.999748229980469,0.3350222408771515,-17.17152214050293,-112.36802673339844,168.1106414794922,14.230398178100586
1776702124900453,-6.311575889587402,0.3463248014450073,-17.469247817993164,-111.23776245117188,170.2630615234375,15.03355598449707
1776702124910467,-6.347780227661133,0.34430840611457825,-17.31857681274414,-107.77418518066406,169.6332550048828,13.876747131347656
1776702124920493,-6.076234817504883,0.3722813129425049,-16.6964111328125,-103.21051025390625,164.83396911621094,13.10406494140625
1776702124930481,-5.888700485229492,0.4405100643634796,-15.958181381225586,-98.14352416992188,158.6118621826172,13.251810073852539
1776702124940419,-5.706317901611328,0.4240187108516693,-15.297867774963379,-93.52127075195312,153.20184326171875,12.678787231445312
1776702124950426,-5.618206977844238,0.32895657420158386,-14.71256160736084,-90.02147674560547,147.6999969482422,12.54024887084961
1776702124960411,-5.43840217590332,0.26641154289245605,-14.38950252532959,-87.85086822509766,145.33349609375,11.15947151184082
1776702124970359,-5.489872932434082,0.1000819057226181,-14.202781677246094,-87.06278991699219,143.28602600097656,10.877567291259766
1776702124980405,-5.430739402770996,0.08848291635513306,-14.181904792785645,-86.98248291015625,143.9568328857422,10.419069290161133
1776702124990370,-5.576076507568359,0.004764078184962273,-14.44785213470459,-88.64600372314453,146.46530151367188,10.157255172729492
1776702125000346,-5.819681167602539,-0.08567706495523453,-14.702396392822266,-89.58295440673828,149.1684112548828,10.256437301635742
1776702125010384,-5.9875688552856445,-0.13105341792106628,-15.062727928161621,-90.19915008544922,152.38975524902344,10.026493072509766
1776702125020369,-5.993309020996094,-0.12767502665519714,-15.216066360473633,-90.7083740234375,154.3750762939453,9.437690734863281
1776702125030392,-6.040002822875977,-0.13335701823234558,-15.307397842407227,-90.5094985961914,155.44944763183594,9.311111450195312
1776702125040401,-6.1029253005981445,-0.1335362195968628,-15.27901840209961,-90.06610107421875,155.3032989501953,9.77751350402832
1776702125050338,-6.294075965881348,-0.18508100509643555,-15.375279426574707,-90.40479278564453,156.02191162109375,10.378944396972656
1776702125060374,-6.350283145904541,-0.2741245925426483,-15.492149353027344,-90.90477752685547,156.55430603027344,9.671052932739258
1776702125070378,-6.3444905281066895,-0.3018439710140228,-15.528048515319824,-91.81280517578125,157.7843475341797,9.496805191040039
1776702125080411,-6.192277908325195,-0.2182544469833374,-15.731719970703125,-93.12901306152344,160.32192993164062,9.125068664550781
1776702125090360,-6.409732818603516,-0.16318398714065552,-15.861930847167969,-93.77629089355469,161.66726684570312,10.383670806884766
1776702125100308,-6.601432800292969,-0.1251698136329651,-16.1595458984375,-94.60334014892578,164.46839904785156,10.837181091308594
1776702125110303,-6.403947830200195,-0.11812534183263779,-16.19513702392578,-94.91802215576172,165.15989685058594,9.489683151245117
1776702125120292,-6.32553768157959,-0.10825931280851364,-16.149272918701172,-94.80297088623047,165.42791748046875,8.877382278442383
1776702125130376,-6.414982795715332,-0.16941843926906586,-16.163990020751953,-94.10710906982422,164.72869873046875,9.036705017089844
1776702125140299,-6.448400497436523,-0.15599271655082703,-15.997989654541016,-93.43605041503906,163.08908081054688,9.728239059448242
1776702125150296,-6.514016151428223,-0.13730624318122864,-16.02842903137207,-92.6341552734375,163.08863830566406,9.895034790039062
1776702125160336,-6.341529846191406,-0.12932880222797394,-15.708329200744629,-91.4192886352539,160.59535217285156,9.493064880371094
1776702125170342,-6.298113822937012,-0.13156360387802124,-15.584274291992188,-89.84839630126953,159.1361083984375,9.12019157409668
1776702125180338,-6.021462440490723,-0.09781114012002945,-15.271178245544434,-89.04150390625,157.12596130371094,8.521141052246094
1776702125190382,-6.093434810638428,-0.06200399994850159,-15.200811386108398,-88.67064666748047,155.97897338867188,9.564865112304688
1776702125200300,-6.117474555969238,-0.09142810106277466,-15.298343658447266,-88.76000213623047,156.63650512695312,9.438152313232422
1776702125210405,-6.132928848266602,-0.19106900691986084,-15.271408081054688,-88.84447479248047,156.8790740966797,8.54603385925293
1776702125220299,-6.084643363952637,-0.25073641538619995,-15.310750961303711,-89.0591812133789,157.4473114013672,7.589357376098633
1776702125230359,-6.178633689880371,-0.2952054440975189,-15.43842887878418,-89.28150939941406,158.4509735107422,7.240001678466797
1776702125240335,-6.15528678894043,-0.37567761540412903,-15.488550186157227,-89.69273376464844,158.951171875,6.615556716918945
1776702125250287,-6.114321708679199,-0.38115447759628296,-15.449474334716797,-89.3203125,158.8756866455078,6.254156112670898
1776702125260340,-6.076171875,-0.3371059000492096,-15.357338905334473,-88.70436096191406,158.18075561523438,6.242002487182617
1776702125270342,-5.994073867797852,-0.260240763425827,-15.249751091003418,-88.00631713867188,157.5825653076172,6.611564636230469
1776702125280310,-6.165801525115967,-0.24467936158180237,-15.193479537963867,-86.72952270507812,156.89236450195312,7.355182647705078
1776702125290324,-6.295283317565918,-0.32680967450141907,-15.037285804748535,-85.46083068847656,154.74171447753906,7.601816177368164
1776702125300298,-6.272340774536133,-0.35761407017707825,-14.920282363891602,-84.26420593261719,153.08660888671875,7.493923187255859
1776702125310344,-6.268413543701172,-0.39155495166778564,-14.65771484375,-82.68537902832031,150.89364624023438,7.429338455200195
1776702125320307,-6.113755226135254,-0.3486698269844055,-14.359640121459961,-81.11148071289062,147.80291748046875,7.7539520263671875
1776702125330295,-5.9513654708862305,-0.2413123995065689,-14.089020729064941,-79.89917755126953,145.52713012695312,8.148183822631836
1776702125340297,-5.877161979675293,-0.16897282004356384,-13.93742561340332,-79.13175964355469,144.11875915527344,8.648065567016602
1776702125350360,-5.808987617492676,-0.14826665818691254,-13.93098258972168,-79.14056396484375,143.98602294921875,8.52137565612793
1776702125360305,-5.761816024780273,-0.144771546125412,-13.959020614624023,-79.47108459472656,144.89369201660156,8.265153884887695
1776702125370311,-5.897260665893555,-0.18095161020755768,-14.10214614868164,-80.0973129272461,146.02113342285156,8.321207046508789
1776702125380312,-6.040867805480957,-0.18803182244300842,-14.230142593383789,-81.12154388427734,147.43710327148438,9.173013687133789
1776702125390331,-6.151764869689941,-0.21280567348003387,-14.543136596679688,-82.57170104980469,150.38194274902344,9.329334259033203
1776702125400267,-6.3355512619018555,-0.23307755589485168,-14.811553955078125,-83.7784423828125,153.0609588623047,9.23792839050293
1776702125410301,-6.468327522277832,-0.32289576530456543,-15.08999252319336,-85.09243774414062,155.73887634277344,8.528142929077148
1776702125420299,-6.511191368103027,-0.4010626971721649,-15.333998680114746,-85.76708221435547,158.44439697265625,7.289236068725586
1776702125430368,-6.432431697845459,-0.401915967464447,-15.374822616577148,-86.38609313964844,159.32374572753906,6.890909194946289
1776702125440308,-6.396469593048096,-0.34324517846107483,-15.504777908325195,-86.95026397705078,160.98013305664062,6.75764274597168
1776702125450291,-6.342970848083496,-0.2768905460834503,-15.500045776367188,-87.32667541503906,160.90426635742188,7.547859191894531
1776702125460289,-6.366979598999023,-0.15465304255485535,-15.601633071899414,-87.83985900878906,161.86830139160156,8.279109954833984
1776702125470276,-6.338914394378662,-0.09800806641578674,-15.595754623413086,-87.62964630126953,161.66110229492188,8.89602279663086
1776702125480272,-6.399152755737305,-0.05328502506017685,-15.632616996765137,-87.7255859375,161.86619567871094,9.427143096923828
1776702125490267,-6.380178928375244,-0.1366804987192154,-15.677298545837402,-87.11322021484375,162.68470764160156,7.741884231567383
1776702125500274,-6.220058441162109,-0.2642344832420349,-15.410036087036133,-86.35609436035156,160.3887939453125,6.646366119384766
1776702125510260,-6.196410179138184,-0.25668320059776306,-15.236467361450195,-85.64070892333984,158.8599395751953,6.543500900268555
1776702125520265,-6.1245245933532715,-0.20906692743301392,-15.15190315246582,-85.37246704101562,158.1693572998047,7.032873153686523
1776702125530260,-6.117159843444824,-0.18253019452095032,-15.143350601196289,-84.8790512084961,157.6165008544922,7.017543792724609
1776702125540338,-6.141800880432129,-0.22005212306976318,-15.124154090881348,-84.72563171386719,157.4309539794922,6.746829986572266
1776702125550276,-6.02034330368042,-0.26415330171585083,-15.026308059692383,-84.42625427246094,156.5968017578125,6.014579772949219
1776702125560295,-5.976160526275635,-0.20631468296051025,-14.969099044799805,-84.30592346191406,156.3148956298828,6.38653564453125
1776702125570280,-5.973358154296875,-0.16623328626155853,-14.917738914489746,-84.33268737792969,156.5995330810547,6.869882583618164
1776702125580271,-5.941654205322266,-0.14154057204723358,-15.019786834716797,-84.23638916015625,156.74964904785156,6.4138336181640625
1776702125590356,-5.932744979858398,-0.19063504040241241,-14.978196144104004,-84.45512390136719,156.7359619140625,5.9017333984375
1776702125600252,-5.8551530838012695,-0.19265447556972504,-14.95905590057373,-84.05303955078125,156.5544891357422,5.4800262451171875
1776702125610360,-5.7753705978393555,-0.1932969093322754,-14.921820640563965,-83.95738220214844,156.5318603515625,5.290191650390625
1776702125620309,-5.713541030883789,-0.19143714010715485,-14.906447410583496,-84.00227355957031,156.51637268066406,4.5801849365234375
1776702125630290,-5.629490852355957,-0.2318384349346161,-14.895536422729492,-83.79842376708984,156.6609649658203,3.9845314025878906
1776702125640360,-5.541534423828125,-0.23262371122837067,-14.786175727844238,-83.85966491699219,156.11715698242188,3.916566848754883
1776702125650306,-5.484792709350586,-0.15427929162979126,-14.803488731384277,-83.75456237792969,156.4544219970703,3.8170127868652344
1776702125660345,-5.44154167175293,-0.132346048951149,-14.758041381835938,-83.53138732910156,155.95603942871094,4.216569900512695
1776702125670296,-5.390260219573975,-0.08507892489433289,-14.793023109436035,-83.60487365722656,156.55905151367188,3.964811325073242
1776702125680260,-5.287461280822754,-0.09464392066001892,-14.758384704589844,-83.69561004638672,156.5233612060547,3.5329856872558594
1776702125690270,-5.2047119140625,-0.046831004321575165,-14.68592643737793,-83.47071075439453,156.1716766357422,3.524362564086914
1776702125700272,-5.117550373077393,-0.04593648016452789,-14.696723937988281,-83.62792205810547,156.68511962890625,2.977937698364258
1776702125710264,-5.018516540527344,-0.020175574347376823,-14.62743091583252,-83.34843444824219,156.51634216308594,2.6298065185546875
1776702125720282,-4.936551094055176,-0.022955182939767838,-14.621338844299316,-83.28509521484375,156.64077758789062,2.3448143005371094
1776702125730263,-4.84080696105957,-0.00862606056034565,-14.538678169250488,-83.04478454589844,156.06307983398438,1.9988746643066406
1776702125740257,-4.733764171600342,0.04401195049285889,-14.551511764526367,-82.99757385253906,156.15802001953125,1.8577995300292969
1776702125750237,-4.6269211769104,0.06833109259605408,-14.481962203979492,-82.9202880859375,156.04624938964844,1.7314729690551758
1776702125760257,-4.496248245239258,0.1326465606689453,-14.421180725097656,-82.77758026123047,155.99313354492188,1.5294713973999023
1776702125770282,-4.456394195556641,0.16280275583267212,-14.405383110046387,-82.53556823730469,156.09324645996094,1.548628807067871
1776702125780220,-4.313899040222168,0.2104920744895935,-14.28441047668457,-82.6130142211914,155.4891357421875,1.6013002395629883
1776702125790262,-4.251343250274658,0.2604074478149414,-14.34632396697998,-82.53436279296875,156.02267456054688,1.398813247680664
1776702125800271,-4.159566402435303,0.2748061716556549,-14.17580795288086,-82.21856689453125,154.73179626464844,1.6065635681152344
1776702125810266,-4.085961818695068,0.3181275725364685,-14.207712173461914,-82.10832214355469,155.00877380371094,1.8168249130249023
1776702125820189,-4.0502028465271,0.35819321870803833,-14.090576171875,-81.85682678222656,153.76266479492188,2.269993782043457
1776702125830261,-4.020211219787598,0.4055255949497223,-13.999329566955566,-81.70948028564453,153.05148315429688,2.8659896850585938
1776702125840249,-4.041574954986572,0.47453537583351135,-13.972564697265625,-81.61448669433594,152.54916381835938,3.5049924850463867
1776702125850199,-4.033486366271973,0.5264846682548523,-13.895755767822266,-81.34525299072266,151.20925903320312,4.301921844482422
1776702125860246,-3.9896240234375,0.5871029496192932,-13.86458683013916,-81.05097961425781,150.7668914794922,4.908207893371582
1776702125870312,-3.9145584106445312,0.6391075253486633,-13.732851028442383,-80.46366882324219,149.81105041503906,5.144871711730957
1776702125880243,-3.9383859634399414,0.6667213439941406,-13.630599021911621,-80.07242584228516,148.41961669921875,5.410159111022949
1776702125890219,-3.8341751098632812,0.7184681296348572,-13.554730415344238,-79.38522338867188,147.40414428710938,5.351266860961914
1776702125900280,-3.7961981296539307,0.7467406392097473,-13.35014820098877,-78.71928405761719,145.6218719482422,5.761659622192383
1776702125910253,-3.7476933002471924,0.7786041498184204,-13.240592956542969,-77.94953918457031,144.25975036621094,6.009751319885254
1776702125920294,-3.6484570503234863,0.7928611636161804,-13.05345630645752,-77.30389404296875,142.30381774902344,6.171513557434082
1776702125930331,-3.6694247722625732,0.8138321042060852,-12.88825511932373,-76.3052749633789,140.10202026367188,6.5030927658081055
1776702125940299,-3.7296504974365234,0.8091012835502625,-12.716376304626465,-75.34149169921875,137.3589324951172,7.301240921020508
1776702125950203,-3.7232861518859863,0.7823436856269836,-12.541139602661133,-74.14208984375,135.18792724609375,7.500374794006348
1776702125960188,-3.8639845848083496,0.7609380483627319,-12.291364669799805,-72.82342529296875,131.4944305419922,8.716487884521484
1776702125970188,-3.872131824493408,0.7186814546585083,-12.15162181854248,-71.84333038330078,129.695556640625,8.383004188537598
1776702125980211,-3.827481269836426,0.660645604133606,-11.879456520080566,-70.50382232666016,126.68079376220703,8.195456504821777
1776702125990258,-3.6559715270996094,0.5905768871307373,-11.723347663879395,-69.75090026855469,125.21551513671875,7.0591840744018555
1776702126000223,-3.6998813152313232,0.5322038531303406,-11.554258346557617,-68.90725708007812,122.83690643310547,7.014760971069336
1776702126010383,-3.823631763458252,0.4318351745605469,-11.37631607055664,-68.50198364257812,120.2083511352539,7.472021102905273
1776702126020197,-3.8115696907043457,0.4686846435070038,-11.328717231750488,-68.58609771728516,119.55418395996094,7.820197105407715
1776702126030276,-3.8538670539855957,0.4322073757648468,-11.28801441192627,-69.2218017578125,118.33245086669922,8.801226615905762
1776702126040216,-4.033190727233887,0.4719686508178711,-11.438968658447266,-70.27494049072266,118.9820785522461,10.045336723327637
1776702126050214,-3.492917060852051,0.6275473833084106,-11.58467960357666,-72.55817413330078,123.14952087402344,7.391598701477051
1776702126060294,-3.527616500854492,0.6820964813232422,-11.86013126373291,-74.40937042236328,124.8258056640625,8.262569427490234
1776702126070233,-3.697997808456421,0.7098778486251831,-12.071557998657227,-76.69580078125,126.40226745605469,9.653177261352539
1776702126080187,-3.430229663848877,0.926694393157959,-12.433445930480957,-79.64568328857422,131.22833251953125,8.952375411987305
1776702126090176,-3.284709930419922,0.9716204404830933,-12.860462188720703,-82.53192901611328,135.94276428222656,7.474297523498535
1776702126100192,-3.8261280059814453,0.8659478425979614,-13.048371315002441,-84.87403869628906,135.68458557128906,10.873560905456543
1776702126110189,-4.618651866912842,0.6860400438308716,-13.61416244506836,-87.72688293457031,137.43682861328125,13.421613693237305
1776702126120213,-4.943874359130859,0.6274728775024414,-13.983355522155762,-91.39087677001953,138.72671508789062,15.194520950317383
1776702126130206,-4.790102005004883,0.7105560898780823,-14.56313419342041,-96.28912353515625,144.05422973632812,13.820869445800781
1776702126140258,-2.43432879447937,1.3781698942184448,-15.420172691345215,-102.29035949707031,159.277099609375,-0.6867504119873047
1776702126150278,0.26662707328796387,1.8951764106750488,-15.06933879852295,-106.40731048583984,164.56468200683594,-16.030624389648438
1776702126160261,-1.1088647842407227,1.605849266052246,-14.40655517578125,-104.91280364990234,149.9613800048828,-3.0114545822143555
1776702126170185,-1.2565993070602417,2.091686487197876,-14.47629165649414,-106.718994140625,147.7488555908203,2.646327018737793
1776702126180228,0.04668450355529785,2.860339879989624,-14.39645004272461,-107.31707000732422,149.3759765625,-2.445338249206543
1776702126190236,-0.08438515663146973,2.673692226409912,-13.769139289855957,-103.6990737915039,140.74322509765625,-1.0199451446533203
1776702126200302,-1.5564981698989868,2.0194947719573975,-12.896623611450195,-98.38545989990234,124.48988342285156,9.254204750061035
1776702126210446,-2.1888532638549805,1.7184133529663086,-12.678877830505371,-94.69156646728516,117.69818878173828,12.326045989990234
1776702126220363,-1.5889896154403687,1.8472784757614136,-11.480734825134277,-91.8330307006836,106.95296478271484,12.040727615356445
1776702126230254,-0.9856868982315063,2.343442916870117,-10.995861053466797,-90.57095336914062,101.94991302490234,12.412127494812012
1776702126240249,-0.6258506774902344,2.5530874729156494,-10.501453399658203,-89.35771179199219,96.5329360961914,12.20621109008789
1776702126250177,-0.9325137734413147,2.548659563064575,-9.812557220458984,-88.43409729003906,87.42251586914062,17.05592918395996
1776702126260199,-1.1375588178634644,2.6982927322387695,-9.967948913574219,-89.36835479736328,85.86658477783203,19.93579864501953
1776702126270221,-0.7105161547660828,2.716470956802368,-9.856416702270508,-91.77670288085938,83.87482452392578,17.21569061279297
1776702126280189,0.08381116390228271,2.9117908477783203,-10.218328475952148,-94.91151428222656,88.0259780883789,10.068017959594727
1776702126290266,0.7331634759902954,2.896315336227417,-10.01198959350586,-98.54174041748047,85.2616958618164,5.47541618347168
1776702126300168,0.31871509552001953,2.7155141830444336,-10.487198829650879,-103.04512786865234,85.43390655517578,7.965243339538574
1776702126310176,-0.27622854709625244,2.298506021499634,-10.742032051086426,-107.94844055175781,81.96600341796875,12.645532608032227
1776702126320151,-0.25968992710113525,2.3497235774993896,-11.517255783081055,-114.83997344970703,85.53387451171875,12.433206558227539
1776702126330144,1.7864879369735718,3.147104501724243,-12.088607788085938,-124.34225463867188,92.94243621826172,-2.7435970306396484
1776702126340263,2.4367918968200684,3.1488027572631836,-12.466408729553223,-130.2606964111328,93.82966613769531,-8.815532684326172
1776702126350188,2.6739470958709717,3.05527925491333,-12.534164428710938,-136.0201873779297,91.17552947998047,-10.009590148925781
1776702126360265,3.3060994148254395,3.6058499813079834,-12.831063270568848,-142.08895874023438,92.68916320800781,-13.134893417358398
1776702126370250,3.5931153297424316,3.7378549575805664,-13.258445739746094,-146.33348083496094,93.91532135009766,-16.196292877197266
1776702126380236,3.7559890747070312,3.8807241916656494,-13.055583953857422,-147.73529052734375,89.19835662841797,-16.202594757080078
1776702126390327,3.8212082386016846,3.902224063873291,-13.183813095092773,-147.26931762695312,88.04503631591797,-17.25431251525879
1776702126400241,3.8035247325897217,3.7666854858398438,-12.685006141662598,-143.24407958984375,82.12442779541016,-17.320724487304688
1776702126410388,3.8098928928375244,3.59206223487854,-12.273977279663086,-140.17625427246094,76.39131927490234,-17.587060928344727
1776702126420230,3.7623045444488525,3.3684005737304688,-11.91515064239502,-137.4810028076172,70.3538589477539,-17.173660278320312
1776702126430315,3.9476780891418457,3.372164487838745,-11.43075180053711,-136.20945739746094,63.37276077270508,-18.558563232421875
1776702126440340,3.799619674682617,3.214977741241455,-11.242136001586914,-133.20700073242188,58.51817321777344,-17.68912124633789
1776702126450280,3.7226061820983887,2.8858087062835693,-10.788567543029785,-128.8400421142578,52.479305267333984,-18.012720108032227
1776702126460289,3.6771554946899414,2.64127516746521,-10.247430801391602,-125.07190704345703,44.643585205078125,-17.727182388305664
1776702126470237,3.6131911277770996,2.5611956119537354,-9.732479095458984,-123.099365234375,36.49938201904297,-16.66756248474121
1776702126480171,3.5112719535827637,2.5416741371154785,-9.461584091186523,-122.31968688964844,29.90403938293457,-15.186899185180664
1776702126490239,3.5221292972564697,2.3517463207244873,-9.552409172058105,-122.22914123535156,26.244136810302734,-15.757009506225586
1776702126500205,3.719808578491211,1.9777776002883911,-9.37631893157959,-121.72681427001953,21.070005416870117,-18.447370529174805
1776702126510249,3.900052309036255,1.6685017347335815,-9.285749435424805,-124.44775390625,15.529788970947266,-20.80076789855957
1776702126520152,4.179481506347656,1.7010024785995483,-9.445293426513672,-131.9058074951172,8.632425308227539,-22.30590057373047
1776702126530140,4.442512035369873,1.822049856185913,-10.234980583190918,-143.17539978027344,3.3375134468078613,-23.26431655883789
1776702126540193,4.702049255371094,1.5089471340179443,-11.476541519165039,-154.08013916015625,-0.49029016494750977,-25.090410232543945
1776702126550131,5.001630783081055,1.0384318828582764,-12.004829406738281,-162.24368286132812,-9.468612670898438,-27.64527702331543
1776702126560203,5.118154048919678,0.8113417625427246,-12.375022888183594,-167.4345703125,-16.653791427612305,-28.45577621459961
1776702126570126,5.133665561676025,0.5905812978744507,-12.643766403198242,-168.68557739257812,-21.418851852416992,-28.602935791015625
1776702126580145,5.026812553405762,0.34604334831237793,-12.424102783203125,-166.32955932617188,-26.61469078063965,-28.36873435974121
1776702126590147,4.838613986968994,0.19858507812023163,-12.13894271850586,-160.89414978027344,-29.136577606201172,-27.128877639770508
1776702126600184,4.603522777557373,0.021969551220536232,-11.567888259887695,-153.13009643554688,-31.19952392578125,-25.785873413085938
1776702126610190,4.3172807693481445,-0.13312222063541412,-10.897153854370117,-143.4259490966797,-31.577327728271484,-24.02212905883789
1776702126620209,4.059823513031006,-0.1997818797826767,-10.234261512756348,-135.33665466308594,-33.47316360473633,-22.87291717529297
1776702126630230,3.8338561058044434,-0.2551509439945221,-9.689388275146484,-128.36024475097656,-34.876991271972656,-21.675983428955078
1776702126640207,3.680063009262085,-0.25008130073547363,-9.35348892211914,-124.62096405029297,-36.90505599975586,-21.085811614990234
1776702126650178,3.5529839992523193,-0.25018566846847534,-9.157098770141602,-122.16559600830078,-38.85216522216797,-20.749839782714844
1776702126660210,3.4399735927581787,-0.32488852739334106,-9.071310043334961,-119.6688232421875,-40.209716796875,-19.88479995727539
1776702126670255,3.3993592262268066,-0.4305814802646637,-8.949875831604004,-116.77326202392578,-41.3155632019043,-19.944608688354492
1776702126680166,3.312932014465332,-0.6401616930961609,-8.705564498901367,-112.74104309082031,-41.81501770019531,-19.082080841064453
1776702126690207,3.1894731521606445,-0.7384591698646545,-8.429434776306152,-108.98858642578125,-42.531856536865234,-18.158430099487305
1776702126700171,3.0031113624572754,-0.7759832143783569,-8.150323867797852,-105.31182861328125,-42.927730560302734,-16.93465805053711
1776702126710168,2.865325450897217,-0.7877063155174255,-7.943490505218506,-102.12400817871094,-43.31370544433594,-16.16707420349121
1776702126720200,2.800196647644043,-0.7039811015129089,-7.827232360839844,-99.36489868164062,-44.176883697509766,-16.163414001464844
1776702126730142,2.7913951873779297,-0.7033157348632812,-7.7769551277160645,-98.04771423339844,-44.173465728759766,-16.99949073791504
1776702126740126,2.8142690658569336,-0.7028277516365051,-7.726512908935547,-96.427734375,-44.80098342895508,-17.390722274780273
1776702126750158,2.8539786338806152,-0.731941819190979,-7.826320171356201,-96.06210327148438,-46.40793991088867,-18.0479793548584
1776702126760183,2.9309630393981934,-0.7779239416122437,-8.052129745483398,-96.95281982421875,-49.21400451660156,-19.050922393798828
1776702126770187,3.0471363067626953,-0.8005749583244324,-8.331963539123535,-100.09529876708984,-54.54668045043945,-20.977602005004883
1776702126780153,3.1171905994415283,-0.8734433650970459,-8.836109161376953,-104.0280532836914,-58.94318771362305,-21.787090301513672
1776702126790215,3.2705485820770264,-0.9988745450973511,-9.33233642578125,-107.43439483642578,-63.34527587890625,-22.509016036987305
1776702126800172,3.329646110534668,-1.0236159563064575,-9.713081359863281,-108.28377532958984,-68.21698760986328,-23.384918212890625
1776702126810220,3.318408489227295,-1.0978208780288696,-9.901424407958984,-106.52264404296875,-71.21188354492188,-22.98163604736328
1776702126820203,3.259474277496338,-1.2033361196517944,-9.929827690124512,-103.14105987548828,-74.1050796508789,-22.835365295410156
1776702126830200,3.2349753379821777,-1.205932855606079,-9.775236129760742,-98.484375,-74.91889190673828,-22.58340835571289
1776702126840207,3.0691776275634766,-1.261185884475708,-9.42616081237793,-93.37944030761719,-74.71746063232422,-21.66610336303711
1776702126850200,2.9123356342315674,-1.2380644083023071,-9.043496131896973,-87.3577651977539,-72.22872161865234,-20.269512176513672
1776702126860215,2.749307632446289,-1.1844851970672607,-8.547393798828125,-80.18551635742188,-69.14720916748047,-18.816322326660156
1776702126870211,2.52429461479187,-1.1441196203231812,-7.95915412902832,-72.96316528320312,-66.06895446777344,-17.43447494506836
1776702126880202,2.341600179672241,-1.1059904098510742,-7.445003032684326,-67.04151916503906,-62.857574462890625,-16.096498489379883
1776702126890114,2.0753602981567383,-0.9553036093711853,-7.040713310241699,-61.83600616455078,-61.12325668334961,-15.189964294433594
1776702126900109,2.036853075027466,-0.8602988719940186,-6.860179424285889,-58.459510803222656,-59.168617248535156,-14.762687683105469
1776702126910100,1.8926901817321777,-0.8105130195617676,-6.759218692779541,-56.04165267944336,-59.94476318359375,-14.84024429321289
1776702126920129,2.011496067047119,-0.7494048476219177,-6.8872294425964355,-55.72785949707031,-60.196468353271484,-15.415103912353516
1776702126930163,2.072446584701538,-0.8476045727729797,-7.016439437866211,-55.815040588378906,-61.86374282836914,-15.279741287231445
1776702126940185,2.1178219318389893,-0.8937233686447144,-7.248446941375732,-56.98735809326172,-64.54212188720703,-15.724109649658203
1776702126950127,2.301384449005127,-0.9085801839828491,-7.557668685913086,-58.0797233581543,-67.04199981689453,-16.41938591003418
1776702126960130,2.3231616020202637,-1.0701600313186646,-7.8509135246276855,-59.69575500488281,-71.08686065673828,-16.239028930664062
1776702126970122,2.2707605361938477,-1.1327048540115356,-8.165104866027832,-61.45134353637695,-74.62296295166016,-15.961694717407227
1776702126980129,2.352959156036377,-1.030748724937439,-8.390731811523438,-62.25804138183594,-76.27603912353516,-17.143268585205078
1776702126990126,2.4590213298797607,-1.0248254537582397,-8.438790321350098,-62.26222610473633,-77.28495788574219,-17.707576751708984
1776702127000098,2.497284412384033,-1.0556111335754395,-8.446137428283691,-60.48470687866211,-77.58794403076172,-17.45613670349121
1776702127010136,2.381305456161499,-1.1605151891708374,-8.337980270385742,-60.04145050048828,-78.38484954833984,-16.622119903564453
1776702127020144,2.446363925933838,-1.112886667251587,-8.23442268371582,-59.5452995300293,-76.7704849243164,-16.94289207458496
1776702127030128,2.4559638500213623,-1.1360399723052979,-8.219179153442383,-59.24972152709961,-76.45985412597656,-16.48891830444336
1776702127040137,2.329164505004883,-1.1417829990386963,-8.166875839233398,-59.098289489746094,-76.99752044677734,-16.085668563842773
1776702127050117,2.2721505165100098,-1.113603115081787,-8.206380844116211,-58.29694747924805,-76.66422271728516,-15.683430671691895
1776702127060168,2.232503652572632,-1.0745062828063965,-8.118704795837402,-57.66138458251953,-76.50009155273438,-15.685413360595703
1776702127070161,2.216818332672119,-1.000278115272522,-7.979258060455322,-55.792598724365234,-74.8268814086914,-15.630669593811035
1776702127080094,2.302481174468994,-1.0618966817855835,-7.758598327636719,-54.038597106933594,-72.05572509765625,-15.239156723022461
1776702127090083,2.2754297256469727,-1.0566580295562744,-7.366055011749268,-52.050621032714844,-69.54141235351562,-15.273285865783691
1776702127100091,2.136138916015625,-1.0273687839508057,-7.058420658111572,-49.53052520751953,-66.97627258300781,-14.250636100769043
1776702127110085,1.9821385145187378,-0.9109621644020081,-6.755503177642822,-46.93831253051758,-64.52987670898438,-13.681562423706055
1776702127120090,1.9839622974395752,-0.8496214747428894,-6.640330791473389,-44.20050048828125,-62.164608001708984,-13.097419738769531
1776702127130093,1.799109935760498,-0.8885528445243835,-6.414013385772705,-43.42384719848633,-61.596012115478516,-12.584391593933105
1776702127140087,1.8179821968078613,-0.8535962700843811,-6.39636754989624,-42.74198913574219,-59.75169372558594,-11.625226974487305
1776702127150109,1.819384217262268,-0.8430520296096802,-6.3340067863464355,-42.40501403808594,-59.493873596191406,-12.093873977661133
1776702127160093,1.7774816751480103,-0.9196355938911438,-6.385468006134033,-43.323089599609375,-60.185951232910156,-11.517472267150879
1776702127170072,1.8600176572799683,-0.9213621020317078,-6.506384372711182,-43.59138107299805,-60.356327056884766,-11.290366172790527
1776702127180048,1.9027763605117798,-0.9866374135017395,-6.718800067901611,-44.63629150390625,-62.69738006591797,-11.149269104003906
1776702127190108,2.0001931190490723,-1.0017482042312622,-6.977407455444336,-46.589256286621094,-65.14205932617188,-11.884272575378418
1776702127200067,2.0637319087982178,-1.0663834810256958,-7.386603832244873,-48.91809844970703,-68.90023040771484,-12.332711219787598
1776702127210178,2.1964969635009766,-1.0985349416732788,-7.782547950744629,-51.36661911010742,-72.18659210205078,-13.285053253173828
1776702127220075,2.315018892288208,-1.2073712348937988,-8.192251205444336,-54.61666488647461,-76.76057434082031,-13.73402214050293
1776702127230081,2.5844485759735107,-1.2501533031463623,-8.647200584411621,-57.102027893066406,-79.76642608642578,-14.705938339233398
1776702127240106,2.5068624019622803,-1.309746265411377,-8.918009757995605,-59.41044998168945,-84.71141052246094,-15.630427360534668
1776702127250057,2.6426100730895996,-1.3395192623138428,-9.108097076416016,-61.21120834350586,-85.58198547363281,-15.96104907989502
1776702127260095,2.743972063064575,-1.3308357000350952,-9.153865814208984,-60.53044891357422,-86.15631103515625,-16.37303352355957
1776702127270122,2.664614200592041,-1.3080300092697144,-9.01824951171875,-59.383209228515625,-86.0895767211914,-16.309612274169922
1776702127280087,2.6250100135803223,-1.3060660362243652,-8.781381607055664,-57.941768646240234,-83.86714172363281,-16.264244079589844
1776702127290055,2.44403076171875,-1.2498283386230469,-8.346575736999512,-55.93781280517578,-80.93812561035156,-16.20511817932129
1776702127300050,2.456265449523926,-1.2317718267440796,-7.9236602783203125,-52.33652114868164,-74.84921264648438,-14.27946662902832
1776702127310139,2.335354804992676,-1.1928867101669312,-7.332128524780273,-48.80875015258789,-70.24061584472656,-13.951301574707031
1776702127320103,2.1740076541900635,-1.0877554416656494,-6.817849159240723,-46.092979431152344,-65.48846435546875,-13.397425651550293
1776702127330156,2.021974563598633,-0.9463387727737427,-6.372821807861328,-42.94734573364258,-60.736305236816406,-12.816415786743164
1776702127340072,1.8961795568466187,-0.9062455892562866,-6.013897895812988,-40.62312698364258,-57.183189392089844,-11.845772743225098
1776702127350041,1.7876453399658203,-0.8973672389984131,-5.771344184875488,-39.586936950683594,-54.6326789855957,-11.324930191040039
1776702127360148,1.7321162223815918,-0.8880963325500488,-5.686927795410156,-38.770118713378906,-53.06692123413086,-10.192634582519531
1776702127370109,1.6673943996429443,-0.8137455582618713,-5.670315742492676,-38.484657287597656,-52.99104690551758,-10.534029960632324
1776702127380099,1.7053242921829224,-0.7899410724639893,-5.7993693351745605,-38.8043212890625,-53.30349349975586,-10.498296737670898
1776702127390152,1.724364161491394,-0.8543462157249451,-6.021108627319336,-39.27808380126953,-55.279258728027344,-9.80466365814209
1776702127400052,1.7269282341003418,-0.8625213503837585,-6.327306747436523,-40.051025390625,-59.12970733642578,-10.026469230651855
1776702127410108,1.9088327884674072,-0.9264253377914429,-6.712616920471191,-41.799617767333984,-62.03004837036133,-10.207929611206055
1776702127420161,1.903688907623291,-1.0110411643981934,-7.089663028717041,-44.63882827758789,-67.10395050048828,-11.142276763916016
1776702127430127,2.133575439453125,-1.0216162204742432,-7.506585597991943,-47.00423812866211,-69.82955932617188,-12.133586883544922
1776702127440102,2.2881369590759277,-1.123724341392517,-7.765476703643799,-48.9573860168457,-72.71314239501953,-12.767939567565918
1776702127450175,2.3303847312927246,-1.0969394445419312,-7.906238079071045,-50.661502838134766,-75.2060317993164,-14.234709739685059
1776702127460167,2.365581750869751,-1.1297435760498047,-8.05045223236084,-50.660377502441406,-75.77684020996094,-13.632258415222168
1776702127470178,2.3425254821777344,-1.120763897895813,-7.969907760620117,-49.43816375732422,-75.81527709960938,-13.78707218170166
1776702127480136,2.3142690658569336,-1.1228022575378418,-7.732746124267578,-47.86183166503906,-74.17839050292969,-13.188384056091309
1776702127490212,2.1550495624542236,-1.1010277271270752,-7.3744707107543945,-45.114295959472656,-71.45488739013672,-12.57992172241211
1776702127500153,2.087348222732544,-1.0628256797790527,-6.952713489532471,-43.03372573852539,-67.4143295288086,-11.97971248626709
1776702127510202,1.9781574010849,-0.9907991290092468,-6.460568428039551,-40.803627014160156,-62.8929443359375,-11.825786590576172
1776702127520159,1.8070883750915527,-0.9064992070198059,-5.9874677658081055,-37.90635681152344,-58.300811767578125,-11.07514476776123
1776702127530160,1.636006474494934,-0.8169872164726257,-5.589928150177002,-35.287593841552734,-54.6837043762207,-10.079654693603516
1776702127540157,1.5509648323059082,-0.7531481981277466,-5.31132173538208,-32.78083801269531,-50.87150955200195,-9.230682373046875
1776702127550192,1.4767874479293823,-0.7328153252601624,-5.0681538581848145,-31.45391845703125,-48.25113296508789,-8.717818260192871
1776702127560156,1.475180983543396,-0.7126573920249939,-4.975536346435547,-31.199317932128906,-47.25371170043945,-8.674381256103516
1776702127570162,1.4887218475341797,-0.7331667542457581,-5.1286115646362305,-31.48484992980957,-48.01679611206055,-8.044134140014648
1776702127580227,1.5088274478912354,-0.7418521046638489,-5.399205684661865,-32.06760787963867,-50.34130096435547,-8.144146919250488
1776702127590077,1.665319561958313,-0.7491159439086914,-5.836178779602051,-34.50088882446289,-53.70413589477539,-9.009864807128906
1776702127600079,1.7562472820281982,-0.8515872955322266,-6.322623252868652,-37.722957611083984,-59.139244079589844,-9.530441284179688
1776702127610146,1.8685766458511353,-0.9604212641716003,-6.961777210235596,-41.320533752441406,-64.59349060058594,-9.83555793762207
1776702127620160,2.134549379348755,-1.0077157020568848,-7.528037071228027,-45.00664520263672,-69.89356994628906,-11.512012481689453
1776702127630093,2.346055030822754,-0.9684345126152039,-8.075634956359863,-48.957176208496094,-76.00526428222656,-14.106179237365723
1776702127640056,2.4611144065856934,-1.091135859489441,-8.562082290649414,-52.12882614135742,-80.53730773925781,-14.510817527770996
1776702127650144,2.5689053535461426,-1.1675931215286255,-8.899603843688965,-53.31017303466797,-84.24217987060547,-14.449856758117676
1776702127660217,2.67697811126709,-1.207781434059143,-9.118392944335938,-54.09186553955078,-86.88633728027344,-15.085958480834961
1776702127670185,2.6642768383026123,-1.2757121324539185,-9.18608570098877,-54.15904235839844,-88.55614471435547,-14.980607032775879
1776702127680201,2.7157411575317383,-1.323227882385254,-9.123943328857422,-53.91439437866211,-87.6113052368164,-14.89814567565918
1776702127690160,2.6797049045562744,-1.3483332395553589,-8.877652168273926,-53.28547286987305,-85.96537017822266,-14.76154899597168
1776702127700184,2.651005268096924,-1.3191218376159668,-8.48523235321045,-50.97434616088867,-82.0676040649414,-14.016440391540527
1776702127710178,2.487612009048462,-1.3046276569366455,-7.964930534362793,-48.05706787109375,-77.97473907470703,-13.375860214233398
1776702127720147,2.3617334365844727,-1.2608716487884521,-7.472462177276611,-44.7432746887207,-72.51103973388672,-11.924589157104492
1776702127730197,2.2223172187805176,-1.2013394832611084,-6.953916072845459,-42.47200012207031,-67.5745849609375,-11.425411224365234
1776702127740113,2.086290121078491,-1.0585805177688599,-6.487113952636719,-39.88658142089844,-62.80897903442383,-11.333627700805664
1776702127750173,1.9216115474700928,-0.948213517665863,-6.068500995635986,-37.562686920166016,-58.59040069580078,-11.168721199035645
1776702127760146,1.8743647336959839,-0.8883545994758606,-5.7892231941223145,-35.60224914550781,-55.34796142578125,-10.419784545898438
1776702127770217,1.745220422744751,-0.8394312262535095,-5.581812858581543,-34.681121826171875,-53.746490478515625,-10.226890563964844
1776702127780116,1.6141548156738281,-0.7844390273094177,-5.541529178619385,-34.01176452636719,-52.61574172973633,-9.404071807861328
1776702127790193,1.5680842399597168,-0.7519141435623169,-5.553457736968994,-34.3220100402832,-52.495147705078125,-9.470154762268066
1776702127800125,1.581009864807129,-0.698531985282898,-5.692555904388428,-35.693450927734375,-53.88636779785156,-10.405923843383789
1776702127810153,1.6323035955429077,-0.7172512412071228,-6.0031633377075195,-37.16880798339844,-56.06637954711914,-10.458719253540039
1776702127820175,1.7015544176101685,-0.7950509190559387,-6.361766338348389,-39.446128845214844,-59.01765060424805,-10.559794425964355
1776702127830143,1.8572018146514893,-0.8542534112930298,-6.775226593017578,-41.80413055419922,-63.027679443359375,-11.057418823242188
1776702127840198,1.9623920917510986,-0.8559197187423706,-7.239194393157959,-44.625892639160156,-67.5597915649414,-12.62389850616455
1776702127850113,2.0562541484832764,-0.8586596846580505,-7.67653226852417,-47.97444534301758,-72.0611801147461,-14.015382766723633
1776702127860162,2.148280620574951,-0.9891670346260071,-8.126087188720703,-50.39622497558594,-75.95738220214844,-13.609282493591309
1776702127870146,2.2631163597106934,-1.0796641111373901,-8.483475685119629,-52.69025802612305,-79.83260345458984,-13.943767547607422
1776702127880172,2.3587803840637207,-1.1074665784835815,-8.85391902923584,-54.596858978271484,-83.19636535644531,-14.891514778137207
1776702127890115,2.4729232788085938,-1.1819039583206177,-9.062633514404297,-55.80101776123047,-85.36629486083984,-15.272056579589844
1776702127900117,2.575648307800293,-1.1860069036483765,-9.119338035583496,-55.92210006713867,-86.41867065429688,-15.784431457519531
1776702127910081,2.5950825214385986,-1.2731209993362427,-9.075323104858398,-55.47544479370117,-86.16776275634766,-15.148755073547363
1776702127919987,2.5661094188690186,-1.3170915842056274,-8.852747917175293,-54.270782470703125,-84.80252075195312,-14.470108985900879
1776702127929968,2.5328965187072754,-1.324845790863037,-8.615485191345215,-52.58671188354492,-82.48689270019531,-13.998785018920898
1776702127939967,2.4697940349578857,-1.297463297843933,-8.297853469848633,-50.769432067871094,-80.07080078125,-13.44295883178711
1776702127949988,2.377239227294922,-1.31688392162323,-8.092547416687012,-49.22853088378906,-77.56080627441406,-12.431707382202148
1776702127959995,2.3284242153167725,-1.3250430822372437,-7.948078632354736,-48.36336898803711,-75.90501403808594,-11.768416404724121
1776702127970118,2.283658504486084,-1.2756710052490234,-7.866201400756836,-47.54637908935547,-75.40927124023438,-11.53847599029541
1776702127980080,2.281113624572754,-1.237903118133545,-7.878317356109619,-47.59114456176758,-74.96272277832031,-11.954903602600098
1776702127990127,2.23695707321167,-1.234885334968567,-7.8147783279418945,-47.27186965942383,-74.41825866699219,-11.709555625915527
1776702127999984,2.2365355491638184,-1.2487996816635132,-7.738367080688477,-46.76738739013672,-73.76224517822266,-11.35451889038086
1776702128009986,2.229377269744873,-1.2305808067321777,-7.7209696769714355,-46.35894012451172,-73.41426849365234,-11.375093460083008
1776702128019989,2.0881330966949463,-1.2710890769958496,-7.704128742218018,-46.43613052368164,-74.09461212158203,-10.767004013061523
1776702128030015,1.8287878036499023,-1.25068998336792,-7.731163024902344,-46.77812194824219,-75.36932373046875,-10.006319046020508
1776702128040080,1.8293629884719849,-1.2396436929702759,-7.800867557525635,-47.14057922363281,-75.40751647949219,-9.734749794006348
1776702128050052,1.7905924320220947,-1.232079267501831,-7.856244087219238,-47.121578216552734,-75.47661590576172,-9.756682395935059
1776702128060058,1.7947825193405151,-1.23451566696167,-7.877107620239258,-47.36289596557617,-75.9266357421875,-9.474929809570312
1776702128070069,1.743594765663147,-1.2497806549072266,-7.853240013122559,-47.33259963989258,-75.97859954833984,-9.174565315246582
1776702128079991,1.5429118871688843,-1.2885795831680298,-7.868082046508789,-47.626556396484375,-77.26249694824219,-8.704471588134766
1776702128089930,1.4731967449188232,-1.2897050380706787,-7.913540363311768,-47.6340217590332,-77.14920043945312,-7.888916492462158
1776702128099925,1.440271258354187,-1.3177433013916016,-7.9398417472839355,-47.70256042480469,-77.6003646850586,-7.618255615234375
1776702128109965,1.4145658016204834,-1.314318060874939,-7.9694976806640625,-47.860809326171875,-77.81742858886719,-7.681401252746582
1776702128119998,1.4069883823394775,-1.303946852684021,-7.987368583679199,-47.885066986083984,-77.82671356201172,-7.779038906097412
1776702128129993,1.274624228477478,-1.3170748949050903,-7.979595184326172,-48.43048858642578,-78.77655792236328,-7.475282669067383
1776702128139997,1.1506317853927612,-1.3417150974273682,-8.072301864624023,-48.51314163208008,-79.52632904052734,-6.658612251281738
1776702128150006,1.0059833526611328,-1.3605645895004272,-8.10853099822998,-48.633243560791016,-80.35379028320312,-5.829987525939941
1776702128160025,0.9005303382873535,-1.3824769258499146,-8.148884773254395,-48.801902770996094,-80.926025390625,-5.184549331665039
1776702128170023,0.8333446979522705,-1.38019597530365,-8.170609474182129,-48.953392028808594,-81.16783142089844,-4.840108871459961
1776702128180002,0.8332598209381104,-1.3670942783355713,-8.2247896194458,-49.14508819580078,-81.50514221191406,-4.94952392578125
1776702128190060,0.7664060592651367,-1.403894305229187,-8.26679801940918,-49.475242614746094,-81.97712707519531,-4.553971290588379
1776702128200021,0.6619592308998108,-1.4186159372329712,-8.253905296325684,-49.58319091796875,-82.65829467773438,-3.981719970703125
1776702128210042,0.5733060836791992,-1.427738070487976,-8.29857063293457,-49.87247085571289,-83.2452621459961,-3.710474967956543
1776702128220086,0.4322293996810913,-1.4644957780838013,-8.35607624053955,-49.8888053894043,-83.8929214477539,-2.7043447494506836
1776702128230030,0.3716760277748108,-1.4645065069198608,-8.374101638793945,-50.07799530029297,-84.28174591064453,-2.511683464050293
1776702128240037,0.30206894874572754,-1.4561952352523804,-8.441349029541016,-50.16499328613281,-84.90514373779297,-2.1737771034240723
1776702128250001,0.24498575925827026,-1.4659662246704102,-8.476827621459961,-50.45731735229492,-85.45169830322266,-1.7994236946105957
1776702128260037,0.18628567457199097,-1.4606348276138306,-8.499715805053711,-50.587127685546875,-85.86383819580078,-1.5055537223815918
1776702128270047,0.013729572296142578,-1.5033133029937744,-8.545074462890625,-50.76261520385742,-86.73834991455078,-0.7289009094238281
1776702128280019,-0.1127888560295105,-1.521923303604126,-8.535744667053223,-50.82744216918945,-87.09234619140625,-0.11918497085571289
1776702128290017,-0.18633097410202026,-1.530946969985962,-8.588728904724121,-51.313480377197266,-87.89071655273438,0.3478541374206543
1776702128300040,-0.2712739109992981,-1.5657943487167358,-8.667320251464844,-51.62757110595703,-88.43682098388672,0.8418145179748535
1776702128310004,-0.22957348823547363,-1.5088756084442139,-8.679738998413086,-51.88347244262695,-88.6129379272461,0.46308279037475586
1776702128320016,-0.18673372268676758,-1.494521141052246,-8.746594429016113,-52.005889892578125,-88.70987701416016,0.11301136016845703
1776702128330013,-0.3269750475883484,-1.5293989181518555,-8.73513126373291,-52.352935791015625,-89.83250427246094,0.5808992385864258
1776702128340002,-0.4202679395675659,-1.5427597761154175,-8.823799133300781,-52.99300765991211,-90.49707794189453,0.9057178497314453
1776702128350012,-0.5974211096763611,-1.5629826784133911,-8.888201713562012,-53.26357650756836,-91.72673797607422,1.5159974098205566
1776702128360016,-0.7750277519226074,-1.5550332069396973,-8.961271286010742,-53.752864837646484,-93.13911437988281,2.265256404876709
1776702128370018,-0.8111191391944885,-1.555010199546814,-9.049403190612793,-54.20951461791992,-93.49090576171875,2.6385555267333984
1776702128380003,-0.9366605877876282,-1.5879751443862915,-9.102304458618164,-54.84101867675781,-94.80259704589844,3.0756988525390625
1776702128390022,-0.9975929260253906,-1.5846049785614014,-9.218332290649414,-55.180030822753906,-95.29126739501953,3.4604129791259766
1776702128400019,-1.020897388458252,-1.572716236114502,-9.253364562988281,-55.742027282714844,-96.40632629394531,3.360647201538086
1776702128409996,-1.145097017288208,-1.5929280519485474,-9.324202537536621,-56.401973724365234,-97.52796936035156,3.6121110916137695
1776702128419999,-1.3478128910064697,-1.6109015941619873,-9.401802062988281,-57.105873107910156,-98.79070281982422,4.518134117126465
1776702128430031,-1.4853273630142212,-1.6261719465255737,-9.485208511352539,-57.7100830078125,-99.5405502319336,5.417682647705078
1776702128439993,-1.6692804098129272,-1.6595585346221924,-9.482412338256836,-58.338558197021484,-100.76951599121094,6.304616928100586
1776702128449964,-1.7791773080825806,-1.6472105979919434,-9.59758186340332,-58.968326568603516,-101.45447540283203,6.773143768310547
1776702128460001,-1.7062773704528809,-1.6046847105026245,-9.690390586853027,-59.190914154052734,-101.59439086914062,6.705735206604004
1776702128470010,-1.9775906801223755,-1.6941986083984375,-9.65716552734375,-59.872901916503906,-103.69861602783203,7.573596000671387
1776702128480017,-1.9285967350006104,-1.6247200965881348,-9.780635833740234,-60.31257247924805,-103.05093383789062,7.32275390625
1776702128489997,-2.0222008228302,-1.6744447946548462,-9.815267562866211,-60.958717346191406,-104.23711395263672,7.695570945739746
1776702128500002,-1.962311863899231,-1.5951709747314453,-9.896552085876465,-61.45679473876953,-104.33335876464844,6.942350387573242
1776702128509994,-2.155693531036377,-1.6992411613464355,-9.880583763122559,-61.67390441894531,-105.43919372558594,8.117817878723145
1776702128520019,-2.1874728202819824,-1.5830771923065186,-9.949872016906738,-62.49657440185547,-106.12544250488281,7.363186836242676
1776702128530007,-2.0720953941345215,-1.592209815979004,-10.008056640625,-62.782203674316406,-105.2359619140625,7.534172058105469
1776702128540016,-1.9835387468338013,-1.5280845165252686,-10.005721092224121,-63.41175842285156,-105.73458099365234,5.871753692626953
1776702128550005,-2.2031970024108887,-1.5702508687973022,-9.990530014038086,-63.89061737060547,-106.7548599243164,6.937191009521484
1776702128560013,-2.1713154315948486,-1.672465443611145,-10.043794631958008,-64.09078979492188,-106.33860778808594,8.324274063110352
1776702128570017,-2.3744516372680664,-1.7916070222854614,-10.053099632263184,-64.37071228027344,-107.63356018066406,9.601645469665527
1776702128580013,-1.931976556777954,-1.5786213874816895,-10.113617897033691,-64.98808288574219,-105.06551361083984,7.068397521972656
1776702128590026,-2.3178744316101074,-1.708362340927124,-9.983602523803711,-65.29743957519531,-107.82684326171875,8.328996658325195
1776702128600036,-2.4411497116088867,-1.6257210969924927,-10.044756889343262,-66.20951843261719,-107.40325927734375,8.34774112701416
1776702128610015,-2.047888994216919,-1.452709436416626,-10.068273544311523,-66.77989196777344,-104.946533203125,6.422597885131836
1776702128619989,-1.744620680809021,-1.4086635112762451,-10.013895034790039,-66.8179931640625,-103.93614196777344,4.358599662780762
1776702128629971,-1.8732995986938477,-1.4738349914550781,-9.908524513244629,-67.27994537353516,-104.67303466796875,4.575385093688965
1776702128639979,-2.505415439605713,-1.7728440761566162,-9.827475547790527,-67.274658203125,-106.5848617553711,10.078158378601074
1776702128649975,-2.0386269092559814,-1.5820140838623047,-10.065362930297852,-68.11045837402344,-102.86708068847656,8.651811599731445
1776702128659980,-2.124128580093384,-1.6889276504516602,-9.932096481323242,-68.68529510498047,-104.6556396484375,8.64669418334961
1776702128669972,-2.252490758895874,-1.7736904621124268,-10.106809616088867,-70.1847915649414,-105.67797088623047,10.38476276397705
1776702128679983,-2.3288841247558594,-1.8665097951889038,-10.23681926727295,-71.71135711669922,-107.28363800048828,11.43991470336914
1776702128689986,-2.381514072418213,-1.9034000635147095,-10.512616157531738,-73.95735931396484,-109.45338439941406,11.596446990966797
1776702128699978,-2.468416690826416,-1.9125378131866455,-10.672811508178711,-76.10896301269531,-111.87157440185547,11.781362533569336
1776702128709993,-2.528729200363159,-1.8850029706954956,-10.901570320129395,-78.38946533203125,-114.13249969482422,11.564098358154297
1776702128719978,-2.5463268756866455,-1.9573276042938232,-11.146408081054688,-80.44952392578125,-115.9347152709961,12.178287506103516
1776702128729983,-2.5774364471435547,-2.000650644302368,-11.304388046264648,-82.37246704101562,-117.83780670166016,12.112224578857422
1776702128739977,-2.585484504699707,-1.988869071006775,-11.481084823608398,-84.08966827392578,-119.59620666503906,12.141302108764648
1776702128749983,-2.559680938720703,-1.9407556056976318,-11.630722045898438,-85.65279388427734,-120.5477523803711,11.556499481201172
1776702128760002,-2.530132293701172,-1.8516796827316284,-11.628046989440918,-86.5450439453125,-121.16389465332031,10.209854125976562
1776702128769980,-2.4556527137756348,-1.909410834312439,-11.664785385131836,-86.99544525146484,-120.67440795898438,10.490705490112305
1776702128779910,-2.4102282524108887,-1.967111587524414,-11.622119903564453,-87.59774017333984,-120.28309631347656,10.940460205078125
1776702128790002,-2.4198808670043945,-2.0470714569091797,-11.56005859375,-88.79914855957031,-119.7833023071289,11.764045715332031
1776702128800018,-2.415154218673706,-2.113001823425293,-11.570985794067383,-90.77661895751953,-119.28018951416016,12.69355583190918
1776702128809997,-2.3600716590881348,-2.0984013080596924,-11.495686531066895,-92.78936004638672,-118.20719909667969,12.82745361328125
1776702128819990,-2.3429276943206787,-2.1156506538391113,-11.47787857055664,-94.82090759277344,-116.45130157470703,13.271928787231445
1776702128829996,-2.165586471557617,-2.057701587677002,-11.360832214355469,-95.99252319335938,-113.41738891601562,13.108238220214844
1776702128840013,-2.036609649658203,-2.0040955543518066,-11.18250560760498,-96.58606719970703,-110.37330627441406,12.900623321533203
1776702128849966,-1.982406497001648,-2.076601266860962,-11.040153503417969,-96.89432525634766,-107.77885437011719,14.264789581298828
1776702128859971,-1.944248080253601,-2.254354953765869,-10.996445655822754,-97.93634033203125,-106.02669525146484,16.5004825592041
1776702128869968,-1.8936606645584106,-2.3973402976989746,-10.983683586120605,-101.21847534179688,-105.69508361816406,17.994781494140625
1776702128879912,-1.793226957321167,-2.4634201526641846,-11.240476608276367,-106.35957336425781,-105.48332214355469,18.716075897216797
1776702128890008,-1.7064098119735718,-2.599886655807495,-11.579994201660156,-112.89166259765625,-106.2926025390625,20.38239860534668
1776702128899985,-1.6463795900344849,-2.667515516281128,-11.830671310424805,-119.4443130493164,-107.27143859863281,21.587940216064453
1776702128909926,-1.5818390846252441,-2.7478418350219727,-12.164417266845703,-125.78089904785156,-106.64309692382812,23.440004348754883
1776702128919987,-1.4761550426483154,-2.845806837081909,-12.433499336242676,-130.62527465820312,-105.82831573486328,25.087547302246094
1776702128929982,-1.395817518234253,-2.8899147510528564,-12.497547149658203,-134.81605529785156,-104.6410140991211,25.746728897094727
1776702128939904,-1.3042453527450562,-2.887016534805298,-12.506916999816895,-138.4272003173828,-102.41720581054688,26.91507911682129
1776702128949921,-1.154847502708435,-2.7202835083007812,-12.464334487915039,-141.13406372070312,-99.34713745117188,26.43558692932129
1776702128959913,-1.0238251686096191,-2.6466379165649414,-12.30427360534668,-142.87295532226562,-95.60919952392578,26.842622756958008
1776702128970050,-0.8851314783096313,-2.5460691452026367,-12.118464469909668,-143.40667724609375,-89.84183502197266,27.19182586669922
1776702128979879,-0.8086460828781128,-2.49202036857605,-11.894355773925781,-142.47073364257812,-83.75438690185547,28.063629150390625
1776702128989994,-0.735575795173645,-2.5042831897735596,-11.714637756347656,-141.9407196044922,-79.07306671142578,29.18659210205078
1776702128999890,-0.6233184337615967,-2.450273275375366,-11.756789207458496,-143.99038696289062,-76.75114440917969,29.08558464050293
1776702129009969,-0.5279734134674072,-2.431828737258911,-11.983865737915039,-148.84957885742188,-76.66246032714844,29.131427764892578
1776702129019908,-0.5180966854095459,-2.460123300552368,-12.391901016235352,-155.4784393310547,-78.52984619140625,29.998064041137695
1776702129029992,-0.4672844409942627,-2.539670467376709,-13.002641677856445,-162.8094482421875,-80.2109603881836,31.152124404907227
1776702129040003,-0.40862441062927246,-2.5778839588165283,-13.39069652557373,-169.57659912109375,-81.98640441894531,31.533218383789062
1776702129049877,-0.4068889617919922,-2.5741147994995117,-13.742074966430664,-174.85260009765625,-81.26420593261719,32.872398376464844
1776702129059983,-0.3647773265838623,-2.632204294204712,-13.996641159057617,-178.10104370117188,-78.79780578613281,33.923980712890625
1776702129070056,-0.34517478942871094,-2.6056158542633057,-14.027687072753906,-179.26708984375,-74.3023681640625,34.92891311645508
1776702129079916,-0.34411001205444336,-2.4074320793151855,-13.912602424621582,-177.4051513671875,-68.6425552368164,34.562767028808594
1776702129089915,-0.3190932273864746,-2.1408512592315674,-13.535669326782227,-173.13589477539062,-61.798561096191406,33.991668701171875
1776702129099952,-0.3147590160369873,-1.9731496572494507,-13.185230255126953,-167.71005249023438,-53.280189514160156,33.76860046386719
1776702129109916,-0.2884976863861084,-1.879188060760498,-12.734482765197754,-163.35545349121094,-45.98980712890625,32.87315368652344
1776702129119899,-0.2538301944732666,-1.6929330825805664,-12.543558120727539,-161.9634246826172,-40.09892272949219,32.615562438964844
1776702129129885,-0.2285165786743164,-1.5617016553878784,-12.502939224243164,-163.36447143554688,-35.11859130859375,32.08002471923828
1776702129139886,-0.185821533203125,-1.4004727602005005,-12.741683959960938,-167.19998168945312,-30.846675872802734,32.430320739746094
1776702129149895,-0.2738525867462158,-1.281899333000183,-13.043697357177734,-171.2928924560547,-26.559097290039062,33.821922302246094
1776702129159880,-0.34500837326049805,-1.1616361141204834,-13.335935592651367,-174.53524780273438,-20.719463348388672,35.00275802612305
1776702129169881,-0.43419504165649414,-0.9939916133880615,-13.581304550170898,-176.6222686767578,-13.135906219482422,35.786476135253906
1776702129179861,-0.5066535472869873,-0.8398297429084778,-13.799020767211914,-177.94180297851562,-4.933127403259277,35.97455596923828
1776702129189964,-0.5646266937255859,-0.545432448387146,-13.959165573120117,-177.80276489257812,2.1124467849731445,36.014347076416016
1776702129199880,-0.6538615226745605,-0.33529117703437805,-14.00833511352539,-176.26235961914062,8.838789939880371,35.891265869140625
1776702129209880,-0.762629508972168,-0.08517678827047348,-13.937213897705078,-173.27920532226562,14.435566902160645,35.97631072998047
1776702129219877,-0.8384759426116943,0.07229563593864441,-13.755941390991211,-169.0369110107422,20.269420623779297,35.3013916015625
1776702129229845,-0.9874577522277832,0.15450550615787506,-13.62283706665039,-165.8609161376953,24.527585983276367,35.3460578918457
1776702129239984,-1.104172945022583,0.16353319585323334,-13.668632507324219,-165.13876342773438,29.274656295776367,34.78580093383789
1776702129249887,-1.1706045866012573,0.21577320992946625,-13.767623901367188,-165.70521545410156,33.093570709228516,34.75956726074219
1776702129259902,-1.2553683519363403,0.2846318185329437,-14.105310440063477,-167.6900177001953,37.18046188354492,35.186378479003906
1776702129269965,-1.312751054763794,0.41459590196609497,-14.330543518066406,-168.33883666992188,42.845703125,34.24269104003906
1776702129279881,-1.3233189582824707,0.5148102641105652,-14.446747779846191,-167.68202209472656,47.97111511230469,32.534149169921875
1776702129289845,-1.373660683631897,0.6873834729194641,-14.422192573547363,-166.2060546875,52.12583923339844,32.696319580078125
1776702129299842,-1.456359624862671,0.868461012840271,-14.49223804473877,-164.6708984375,57.0197868347168,32.25662612915039
1776702129309856,-1.648771047592163,0.9570583701133728,-14.567414283752441,-161.93597412109375,63.141273498535156,31.75993537902832
1776702129319882,-1.7179235219955444,0.9928159117698669,-14.530107498168945,-157.72573852539062,68.34676361083984,30.224712371826172
1776702129329842,-1.862157940864563,1.0941656827926636,-14.303089141845703,-152.9625244140625,72.68748474121094,29.369733810424805
1776702129339843,-1.997662901878357,1.132766842842102,-14.118853569030762,-147.47898864746094,77.41271209716797,28.312000274658203
1776702129349848,-2.064790964126587,1.0733897686004639,-13.929492950439453,-143.54087829589844,80.03936004638672,27.17763900756836
1776702129359850,-2.136319875717163,1.0145974159240723,-13.778990745544434,-140.40338134765625,82.74264526367188,25.29303741455078
1776702129369839,-2.253288984298706,0.9213145971298218,-13.848403930664062,-139.5107879638672,86.24323272705078,24.71336555480957
1776702129379842,-2.357865810394287,0.9600590467453003,-14.053142547607422,-140.546142578125,90.33216857910156,24.43980598449707
1776702129389890,-2.5282208919525146,0.9970501065254211,-14.49091911315918,-143.12591552734375,93.59375,25.668933868408203
1776702129399861,-2.697540521621704,1.0591177940368652,-14.950508117675781,-145.75416564941406,98.77230834960938,26.229713439941406
1776702129409881,-2.888204574584961,1.0196335315704346,-15.334778785705566,-147.4405059814453,103.0634536743164,26.56302261352539
1776702129419879,-2.9368960857391357,1.1468850374221802,-15.554167747497559,-148.11419677734375,106.42780303955078,26.733333587646484
1776702129429879,-3.105480909347534,1.2259682416915894,-15.719564437866211,-147.69894409179688,108.74980163574219,27.83990478515625
1776702129439883,-3.2486162185668945,1.2654973268508911,-15.77928352355957,-145.65960693359375,110.36798095703125,27.82666015625
1776702129449871,-3.2282276153564453,1.3091624975204468,-15.532142639160156,-142.18052673339844,111.34807586669922,26.876331329345703
1776702129459877,-3.2823712825775146,1.261513352394104,-15.265191078186035,-136.9322052001953,111.94021606445312,25.656381607055664
1776702129469852,-3.2749552726745605,1.2728729248046875,-14.649700164794922,-131.65721130371094,108.62031555175781,25.902530670166016
1776702129479811,-3.3134286403656006,1.2674572467803955,-14.394094467163086,-126.9344711303711,108.082275390625,24.962736129760742
1776702129489828,-3.2306699752807617,1.15419602394104,-13.911188125610352,-122.52659606933594,106.22014617919922,23.432798385620117
1776702129499835,-3.2532896995544434,0.9882018566131592,-13.686668395996094,-120.22830963134766,105.42665100097656,22.4082088470459
1776702129509810,-3.1341967582702637,0.8536589741706848,-13.6854248046875,-121.50498962402344,105.38578796386719,20.973663330078125
1776702129519830,-3.2151896953582764,0.7858995795249939,-13.93137264251709,-124.79428100585938,107.00083923339844,21.54986000061035
1776702129529828,-3.3218889236450195,0.8052137494087219,-14.488662719726562,-130.14810180664062,111.20832824707031,22.330982208251953
1776702129539816,-3.441417694091797,0.8867913484573364,-15.176020622253418,-135.46499633789062,116.50896453857422,22.59540367126465
1776702129549823,-3.7464194297790527,0.7742372155189514,-15.78970718383789,-138.92807006835938,121.71082305908203,23.66766357421875
1776702129559782,-3.913038492202759,0.8648432493209839,-16.24765968322754,-141.98207092285156,126.0866470336914,24.652130126953125
1776702129569827,-3.974174976348877,1.059446930885315,-16.627046585083008,-143.43138122558594,129.9403533935547,25.09084129333496
1776702129579809,-4.004157543182373,1.1828398704528809,-16.684045791625977,-142.94775390625,130.63365173339844,25.8128719329834
1776702129589876,-4.139903545379639,1.152167558670044,-16.570587158203125,-139.9838409423828,130.87457275390625,25.659664154052734
1776702129599826,-4.062405586242676,1.2239246368408203,-16.244600296020508,-135.24072265625,130.71249389648438,24.49986457824707
1776702129609821,-4.194871425628662,1.1299233436584473,-15.978221893310547,-131.18496704101562,130.08255004882812,24.47488784790039
1776702129619808,-4.040961742401123,1.191339373588562,-15.533392906188965,-127.485595703125,128.40101623535156,23.38307762145996
1776702129629813,-3.9728283882141113,1.2383265495300293,-15.331618309020996,-124.36439514160156,127.59056854248047,22.847190856933594
1776702129639815,-3.99980092048645,1.130453109741211,-15.018836975097656,-120.55609130859375,126.2023696899414,21.70747184753418
1776702129649789,-4.019754409790039,1.0161075592041016,-14.742494583129883,-116.68290710449219,125.91053009033203,20.44756507873535
1776702129659844,-4.040064811706543,0.895026445388794,-14.558942794799805,-114.13713836669922,125.06079864501953,19.400745391845703
1776702129669796,-4.296365737915039,0.7378593683242798,-14.444197654724121,-112.3377914428711,126.0603256225586,19.34265899658203
1776702129679813,-4.325957775115967,0.6527164578437805,-14.638213157653809,-112.53038787841797,130.20458984375,17.622865676879883
1776702129689814,-4.43114709854126,0.5017783045768738,-14.98801040649414,-113.72633361816406,135.08384704589844,15.998479843139648
1776702129699774,-4.465860843658447,0.5110546946525574,-15.466520309448242,-116.68045043945312,139.9918670654297,15.536155700683594
1776702129709804,-4.643599510192871,0.5549578070640564,-15.941040992736816,-120.91267395019531,143.0552978515625,17.115346908569336
1776702129719762,-4.805798053741455,0.6153135895729065,-16.46352767944336,-124.47134399414062,147.38758850097656,17.86319351196289
1776702129729864,-4.960789203643799,0.7207948565483093,-16.78779411315918,-125.22247314453125,151.2466583251953,18.394487380981445
1776702129739807,-5.130367279052734,0.8038783669471741,-16.935832977294922,-124.34959411621094,153.155517578125,19.319414138793945
1776702129749776,-5.222259521484375,0.9114379286766052,-16.84720230102539,-121.28111267089844,154.04690551757812,19.426753997802734
1776702129759802,-5.065397262573242,0.9550135135650635,-16.531038284301758,-117.21880340576172,152.513671875,18.36273193359375
1776702129769897,-5.003556251525879,0.9326111674308777,-16.01659393310547,-111.66427612304688,149.81005859375,17.128633499145508
1776702129779941,-4.89588737487793,0.801796555519104,-15.573102951049805,-107.01093292236328,147.06832885742188,15.59002685546875
1776702129789978,-4.799770832061768,0.6445136070251465,-15.07221794128418,-103.82266998291016,142.0826416015625,14.781797409057617
1776702129799926,-4.828596115112305,0.5276558995246887,-14.695058822631836,-101.63675689697266,138.44052124023438,15.008792877197266
1776702129809820,-4.770592212677002,0.47726917266845703,-14.483348846435547,-99.85914611816406,137.84146118164062,14.119504928588867
1776702129819842,-4.713131904602051,0.4362543225288391,-14.418922424316406,-98.98121643066406,138.42355346679688,12.854307174682617
1776702129829881,-4.73127555847168,0.4350086748600006,-14.506485939025879,-98.8945541381836,140.49575805664062,12.710607528686523
1776702129839849,-4.971728324890137,0.327122300863266,-14.798630714416504,-99.70709228515625,143.05145263671875,13.012332916259766
1776702129849869,-5.013711929321289,0.2638017535209656,-15.03575325012207,-101.68755340576172,145.19088745117188,12.414274215698242
1776702129859897,-5.054376125335693,0.22610831260681152,-15.379962921142578,-104.9238052368164,147.01547241210938,12.321954727172852
1776702129869861,-5.146605968475342,0.15603923797607422,-15.685330390930176,-107.8609619140625,150.4778289794922,12.2486572265625
1776702129879850,-5.369498252868652,0.12624402344226837,-16.133502960205078,-110.31089782714844,153.84243774414062,12.749624252319336
1776702129889940,-5.446428298950195,0.1565411388874054,-16.54199981689453,-111.64007568359375,158.47366333007812,12.039506912231445
1776702129899951,-5.549628257751465,0.2432805746793747,-16.71365737915039,-111.32556915283203,161.57565307617188,12.452850341796875
1776702129909942,-5.639043807983398,0.3231276869773865,-16.937416076660156,-110.8524398803711,163.92189025878906,12.546245574951172
1776702129919888,-5.799683094024658,0.27742236852645874,-16.691980361938477,-108.34950256347656,162.2368927001953,13.107595443725586
1776702129929896,-5.694545745849609,0.33625471591949463,-16.559017181396484,-105.80084991455078,161.21116638183594,12.68235969543457
1776702129939916,-5.533225059509277,0.37280142307281494,-16.123273849487305,-102.72566986083984,158.7476806640625,11.619266510009766
1776702129949889,-5.650219917297363,0.3124249279499054,-15.779672622680664,-99.05865478515625,155.37867736816406,12.079597473144531
1776702129959894,-5.368374347686768,0.3262888491153717,-15.37472152709961,-96.19757843017578,152.40447998046875,10.937984466552734
1776702129969911,-5.232826232910156,0.2889898121356964,-14.928561210632324,-93.78053283691406,148.74684143066406,10.388988494873047
1776702129979916,-5.2245025634765625,0.21872222423553467,-14.625475883483887,-92.4527587890625,145.80160522460938,10.332761764526367
1776702129989951,-5.320244789123535,0.13201850652694702,-14.542491912841797,-91.46562194824219,144.96392822265625,10.66312026977539
1776702129999949,-5.25629997253418,0.06293077021837234,-14.679122924804688,-92.0361328125,146.5549774169922,9.074995040893555
1776702130009960,-5.347248077392578,-0.09199153631925583,-14.731670379638672,-93.42415618896484,146.34109497070312,8.84720230102539
1776702130019951,-5.379573822021484,-0.04442380368709564,-14.875993728637695,-93.50476837158203,148.90232849121094,8.936325073242188
1776702130029972,-5.47109317779541,0.01679219864308834,-15.158123016357422,-94.80892944335938,151.22232055664062,9.573518753051758
1776702130039949,-5.495847702026367,0.025519853457808495,-15.33785343170166,-95.50337982177734,152.9138946533203,9.454038619995117
1776702130049918,-5.449213027954102,0.04129629582166672,-15.331331253051758,-95.76691436767578,153.3622283935547,9.077142715454102
1776702130059896,-5.539272785186768,0.02807018533349037,-15.338178634643555,-95.91807556152344,152.4477081298828,10.146873474121094
1776702130069878,-5.422484397888184,0.10631056129932404,-15.368831634521484,-96.45997619628906,152.68435668945312,9.817052841186523
1776702130079823,-5.345376014709473,0.16654451191425323,-15.224647521972656,-96.00162506103516,151.29295349121094,9.980655670166016
1776702130089797,-5.32277774810791,0.1800215244293213,-15.112468719482422,-95.05358123779297,150.26919555664062,9.905488967895508
1776702130099740,-5.338034629821777,0.12992176413536072,-14.903474807739258,-93.81019592285156,148.513671875,9.72149658203125
1776702130109814,-5.263181686401367,0.1279933899641037,-14.72549057006836,-92.66049194335938,147.2984161376953,9.847890853881836
1776702130119781,-5.3200273513793945,0.15296517312526703,-14.670639991760254,-92.7193603515625,146.5862274169922,10.714256286621094
1776702130129770,-5.207242965698242,0.24435366690158844,-14.703981399536133,-93.16593933105469,148.03485107421875,10.098268508911133
1776702130139827,-5.285247325897217,0.2457176148891449,-14.84755802154541,-93.25103759765625,150.01254272460938,10.332666397094727
1776702130149819,-5.380696773529053,0.2212594449520111,-15.005040168762207,-94.10405731201172,151.07693481445312,10.551336288452148
1776702130159896,-5.389477252960205,0.2280236780643463,-15.18082332611084,-95.09236907958984,153.0371551513672,10.124366760253906
1776702130169869,-5.655804634094238,0.09477151930332184,-15.38476848602295,-95.45806884765625,154.2496795654297,10.467508316040039
1776702130179905,-5.715183734893799,0.015279371291399002,-15.545953750610352,-96.61357879638672,154.99423217773438,10.410079956054688
1776702130189943,-5.5908122062683105,0.037326499819755554,-15.625323295593262,-97.64111328125,156.23806762695312,9.72077751159668
1776702130199921,-5.683744430541992,-0.02417830005288124,-15.735027313232422,-98.2234115600586,156.18170166015625,9.780113220214844
1776702130209956,-5.638453483581543,-0.013766087591648102,-15.61822509765625,-98.28749084472656,155.13290405273438,10.095033645629883
1776702130219928,-5.568399429321289,0.1241956576704979,-15.603769302368164,-98.51703643798828,154.90567016601562,10.774873733520508
1776702130229950,-5.53697395324707,0.20725561678409576,-15.582268714904785,-98.53466796875,154.5546112060547,11.323432922363281
1776702130239927,-5.489019393920898,0.23799194395542145,-15.446581840515137,-97.76298522949219,153.51251220703125,11.353691101074219
1776702130249849,-5.479412078857422,0.2785080075263977,-15.322036743164062,-97.05732727050781,152.97006225585938,11.697513580322266
1776702130259925,-5.349590301513672,0.3300178349018097,-15.25110912322998,-97.0874252319336,151.50875854492188,11.782756805419922
1776702130269928,-5.510077476501465,0.24648326635360718,-15.233148574829102,-97.08523559570312,150.2499542236328,12.471921920776367
1776702130279859,-5.465129375457764,0.23783981800079346,-15.034442901611328,-96.86576843261719,148.12594604492188,12.867431640625
1776702130289911,-5.600511074066162,0.2159615457057953,-15.167194366455078,-96.7055435180664,148.80551147460938,13.13056755065918
1776702130299912,-5.516872882843018,0.11329884082078934,-15.11556339263916,-96.45865631103516,148.19363403320312,11.788204193115234
1776702130309939,-5.325103759765625,0.1293220967054367,-14.957765579223633,-96.47595977783203,147.52609252929688,11.339521408081055
1776702130319843,-5.342214584350586,0.17294713854789734,-14.904813766479492,-97.04373168945312,147.01718139648438,12.174747467041016
1776702130329918,-5.470333099365234,0.23493708670139313,-15.129646301269531,-97.6337890625,148.31161499023438,13.11823844909668
1776702130339916,-5.503979682922363,0.18422754108905792,-15.212180137634277,-98.33935546875,148.8760528564453,12.891962051391602
1776702130349921,-5.5230817794799805,0.1595650613307953,-15.305683135986328,-98.7822036743164,149.42230224609375,12.748062133789062
1776702130359915,-5.540078163146973,0.11445791274309158,-15.34151554107666,-99.35440063476562,149.55572509765625,12.280475616455078
1776702130369904,-5.5048017501831055,0.18058976531028748,-15.291620254516602,-99.52616882324219,149.61990356445312,13.188543319702148
1776702130379827,-5.61763858795166,0.18783192336559296,-15.510754585266113,-100.41339111328125,151.07257080078125,13.246358871459961
1776702130389778,-5.595390796661377,0.16710695624351501,-15.406641006469727,-100.52594757080078,149.98074340820312,13.650419235229492
1776702130399758,-5.668483734130859,0.22013668715953827,-15.504698753356934,-100.37701416015625,150.82273864746094,14.14661979675293
1776702130409813,-5.688078880310059,0.16034828126430511,-15.61539363861084,-100.44843292236328,151.6431121826172,13.408002853393555
1776702130419803,-5.602028846740723,0.1319577544927597,-15.375370979309082,-99.8080825805664,150.0279998779297,13.091529846191406
1776702130429763,-5.6257004737854,0.1510629951953888,-15.429282188415527,-99.74617004394531,149.86526489257812,13.422250747680664
1776702130439809,-5.595864772796631,0.1809805929660797,-15.297157287597656,-99.29363250732422,148.5454559326172,14.129352569580078
1776702130449733,-5.579098224639893,0.30785906314849854,-15.154502868652344,-99.57775115966797,147.82083129882812,15.139066696166992
1776702130459787,-5.619248390197754,0.34681767225265503,-15.399083137512207,-99.48734283447266,149.36508178710938,15.059747695922852
1776702130469788,-5.568166732788086,0.25602665543556213,-15.256744384765625,-99.1505126953125,148.29763793945312,14.015935897827148
1776702130479755,-5.607527732849121,0.1958174705505371,-15.168045043945312,-98.58521270751953,147.92665100097656,14.124637603759766
1776702130489775,-5.509788513183594,0.288667231798172,-15.053855895996094,-98.62802124023438,146.7101287841797,14.532737731933594
1776702130499779,-5.5175981521606445,0.36455485224723816,-15.147613525390625,-99.0536117553711,147.69129943847656,15.059722900390625
1776702130509723,-5.5316481590271,0.25745052099227905,-15.326169967651367,-98.61174774169922,149.2806396484375,13.14030647277832
1776702130519768,-5.383896350860596,0.1598440706729889,-14.975154876708984,-98.22821044921875,146.56422424316406,12.823663711547852
1776702130529760,-5.393103122711182,0.26623353362083435,-15.090076446533203,-98.51254272460938,147.63037109375,13.067266464233398
1776702130539731,-5.222527503967285,0.3451407849788666,-14.932573318481445,-98.72627258300781,146.39794921875,13.63564682006836
1776702130549781,-5.3859148025512695,0.3663026690483093,-15.213996887207031,-98.67453002929688,148.6431121826172,13.427656173706055
1776702130559780,-5.26997184753418,0.20101085305213928,-15.170035362243652,-98.3436050415039,147.83229064941406,11.859491348266602
1776702130569722,-5.118062973022461,0.28850057721138,-14.861177444458008,-98.35957336425781,145.800048828125,12.378055572509766
1776702130579737,-5.15251350402832,0.45284825563430786,-14.986494064331055,-98.66836547851562,147.1220245361328,13.506610870361328
1776702130589779,-5.094431400299072,0.469005286693573,-15.075411796569824,-98.74166870117188,147.76071166992188,12.888236999511719
1776702130599742,-5.099841117858887,0.33342424035072327,-15.13569450378418,-98.25912475585938,148.5627899169922,11.452259063720703
1776702130609790,-5.0135650634765625,0.1596595197916031,-15.062479972839355,-97.84461975097656,147.72390747070312,9.803169250488281
1776702130619744,-4.849165439605713,0.23059546947479248,-14.764326095581055,-97.82767486572266,145.8195343017578,10.19056510925293
1776702130629827,-4.89418888092041,0.4014042317867279,-14.953046798706055,-98.13323211669922,146.91055297851562,11.378185272216797
1776702130639767,-4.867042541503906,0.4107997417449951,-14.98030948638916,-98.071044921875,147.71090698242188,10.788049697875977
1776702130649734,-4.742650985717773,0.40874025225639343,-14.903040885925293,-97.89881896972656,147.18197631835938,10.134529113769531
1776702130659807,-4.7145280838012695,0.40983328223228455,-14.929939270019531,-97.78467559814453,147.54684448242188,9.662551879882812
1776702130669796,-4.551483154296875,0.45606729388237,-14.747574806213379,-97.82899475097656,146.58529663085938,9.7044677734375
1776702130679751,-4.516084671020508,0.5649425983428955,-14.847652435302734,-98.11380004882812,147.552001953125,9.710721969604492
1776702130689750,-4.508820533752441,0.49588125944137573,-14.932953834533691,-97.60403442382812,148.35037231445312,8.727142333984375
1776702130699754,-4.389617443084717,0.3860803246498108,-14.848854064941406,-97.30828857421875,148.2773895263672,6.868297576904297
1776702130709765,-4.23514986038208,0.3356245756149292,-14.710847854614258,-96.99311828613281,147.35699462890625,6.033082962036133
1776702130719722,-4.154338359832764,0.37102124094963074,-14.710318565368652,-96.82315063476562,147.1780242919922,5.814090728759766
1776702130729724,-4.055744171142578,0.44067662954330444,-14.665550231933594,-96.7553939819336,147.28643798828125,5.636787414550781
1776702130739729,-3.9341068267822266,0.5219222903251648,-14.59872817993164,-96.86868286132812,147.25840759277344,5.2621002197265625
1776702130749711,-3.8593244552612305,0.5336160063743591,-14.63040828704834,-96.5104751586914,147.75454711914062,4.732913970947266
1776702130759759,-3.7102458477020264,0.5751486420631409,-14.484230041503906,-96.50213623046875,146.87246704101562,4.543680191040039
1776702130769779,-3.679290294647217,0.60091632604599,-14.610389709472656,-96.5701904296875,147.8745574951172,4.049106597900391
1776702130779726,-3.542276382446289,0.5850469470024109,-14.45646858215332,-96.12183380126953,147.35386657714844,3.2028751373291016
1776702130789756,-3.4830987453460693,0.5796434283256531,-14.508567810058594,-96.02731323242188,147.97280883789062,2.3460521697998047
1776702130799729,-3.348527431488037,0.5340166687965393,-14.465948104858398,-95.74198150634766,147.62808227539062,1.154937744140625
1776702130809750,-3.2416787147521973,0.5891438722610474,-14.269124984741211,-95.65801239013672,146.20091247558594,1.6529827117919922
1776702130819713,-3.251307487487793,0.6557542681694031,-14.449353218078613,-95.79048156738281,147.98179626464844,1.2682876586914062
1776702130829763,-3.1202502250671387,0.611954927444458,-14.312013626098633,-95.53118133544922,146.8295135498047,0.732452392578125
1776702130839761,-3.0758118629455566,0.6658156514167786,-14.343690872192383,-95.44535827636719,147.4059600830078,0.29932308197021484
1776702130849715,-3.015498638153076,0.6602006554603577,-14.268444061279297,-95.157958984375,146.8209686279297,0.2042856216430664
1776702130859774,-2.8729796409606934,0.7539248466491699,-14.205238342285156,-95.07091522216797,146.37831115722656,0.388763427734375
1776702130869752,-2.8460543155670166,0.760796070098877,-14.299650192260742,-94.88264465332031,147.48330688476562,-0.6847667694091797
1776702130879727,-2.7572784423828125,0.697410523891449,-14.070809364318848,-94.46312713623047,146.26504516601562,-1.4077329635620117
1776702130889756,-2.5670156478881836,0.7321781516075134,-14.080931663513184,-94.01528930664062,146.75051879882812,-2.558542251586914
1776702130899712,-2.417746067047119,0.7583764791488647,-13.986531257629395,-93.69706726074219,145.8485565185547,-3.2844038009643555
1776702130909753,-2.3923444747924805,0.7653175592422485,-13.93130874633789,-93.20573425292969,145.62246704101562,-3.689297676086426
1776702130919751,-2.292459011077881,0.7424084544181824,-13.879789352416992,-92.87916564941406,145.2895050048828,-4.249037742614746
1776702130929731,-2.1496429443359375,0.743515133857727,-13.77330493927002,-92.22608947753906,144.60025024414062,-5.195662498474121
1776702130939722,-2.045811653137207,0.7855694890022278,-13.65913200378418,-91.86154174804688,143.93551635742188,-5.352155685424805
1776702130949698,-1.954052448272705,0.8141103982925415,-13.632270812988281,-91.63969421386719,144.1808624267578,-6.283885955810547
1776702130959715,-1.8352372646331787,0.7766098976135254,-13.545393943786621,-91.35608673095703,143.64344787597656,-7.0369873046875
1776702130969698,-1.6573786735534668,0.7859569787979126,-13.461641311645508,-90.935302734375,143.52943420410156,-8.301566123962402
1776702130979704,-1.4694445133209229,0.814174234867096,-13.432432174682617,-90.43280029296875,143.4073944091797,-9.564112663269043
1776702130989757,-1.3056193590164185,0.8120439052581787,-13.357404708862305,-90.39578247070312,143.1697998046875,-10.462076187133789
1776702130999701,-1.2708433866500854,0.7506564259529114,-13.324551582336426,-89.94458770751953,143.11375427246094,-11.289385795593262
1776702131009759,-1.122802972793579,0.717348575592041,-13.232358932495117,-89.87312316894531,142.0823516845703,-12.15622329711914
1776702131019717,-1.1004728078842163,0.7497385144233704,-13.180878639221191,-89.68118286132812,141.80345153808594,-12.133886337280273
1776702131029752,-0.7174545526504517,0.8682827949523926,-13.182600975036621,-89.96418762207031,142.91372680664062,-14.223947525024414
1776702131039751,-0.6547602415084839,0.8370886445045471,-13.120208740234375,-89.59660339355469,142.13790893554688,-14.761927604675293
1776702131049719,-0.4715815782546997,0.8383116126060486,-13.039152145385742,-89.790283203125,142.160888671875,-15.999046325683594
1776702131059750,-0.4545009136199951,0.8249374032020569,-12.98388385772705,-89.33013153076172,141.49851989746094,-16.072189331054688
1776702131069777,-0.4207746982574463,0.8091784715652466,-12.962924003601074,-89.19857025146484,141.04998779296875,-16.45121955871582
1776702131079734,-0.0787895917892456,0.856276273727417,-12.963464736938477,-89.35257720947266,142.1857452392578,-18.829975128173828
1776702131089713,-0.15137898921966553,0.7534536123275757,-12.828272819519043,-89.11338806152344,140.2410888671875,-18.78178596496582
1776702131099697,0.04624807834625244,0.8140277862548828,-12.811540603637695,-89.20195007324219,140.56967163085938,-20.08791160583496
1776702131109731,0.3476494550704956,0.8920395374298096,-12.720104217529297,-89.58928680419922,140.40676879882812,-21.4069881439209
1776702131119727,0.4584472179412842,0.9531795382499695,-12.680484771728516,-89.66380310058594,140.24961853027344,-21.49636459350586
1776702131129721,0.7492022514343262,1.0258924961090088,-12.673664093017578,-89.9118423461914,140.4415740966797,-23.063114166259766
1776702131139703,0.6682766675949097,0.9842883348464966,-12.56988525390625,-89.15420532226562,138.6817169189453,-22.394596099853516
1776702131149707,1.0153547525405884,1.0823776721954346,-12.467804908752441,-89.1884994506836,138.93431091308594,-24.35439109802246
1776702131159697,0.9489922523498535,1.041783332824707,-12.353944778442383,-88.67948913574219,137.08946228027344,-23.823930740356445
1776702131169717,0.9658153057098389,0.9683035612106323,-12.319700241088867,-88.54290771484375,136.16087341308594,-24.417285919189453
1776702131179699,0.6506823301315308,0.8166595101356506,-12.195633888244629,-87.83881378173828,133.08453369140625,-22.51412582397461
1776702131189702,1.2328577041625977,0.9498552680015564,-12.23265266418457,-88.63438415527344,134.73648071289062,-26.2766170501709
1776702131199715,1.6048835515975952,0.9713041186332703,-12.081414222717285,-89.00757598876953,134.00250244140625,-28.590126037597656
1776702131209750,1.5108013153076172,0.9496215581893921,-11.994963645935059,-89.23531341552734,131.2507781982422,-27.291364669799805
1776702131219744,1.3538357019424438,0.9226481914520264,-12.12448501586914,-90.55587768554688,130.80801391601562,-26.107839584350586
1776702131229698,1.6395466327667236,1.0228304862976074,-12.140579223632812,-91.9302749633789,130.8117218017578,-27.201519012451172
1776702131239700,1.909150242805481,1.1250337362289429,-12.277759552001953,-93.58978271484375,131.9655303955078,-28.970632553100586
1776702131249698,1.6029521226882935,1.0215837955474854,-12.22438907623291,-93.36183166503906,129.1202850341797,-26.630538940429688
1776702131259746,1.72762930393219,1.1705363988876343,-12.14850902557373,-93.82563018798828,128.1054229736328,-26.115381240844727
1776702131269722,1.7160662412643433,1.273160696029663,-12.131933212280273,-93.37086486816406,127.39412689208984,-25.212509155273438
1776702131279718,1.6973776817321777,1.2778915166854858,-11.935163497924805,-92.03968811035156,125.42085266113281,-25.013347625732422
1776702131289678,1.6946251392364502,1.2071614265441895,-11.833329200744629,-91.13369750976562,123.72540283203125,-25.16973876953125
1776702131299729,1.7291715145111084,1.077717661857605,-11.752541542053223,-91.45601654052734,122.08190155029297,-26.357662200927734
1776702131309671,1.8326890468597412,0.9791948795318604,-11.685561180114746,-93.12223815917969,120.8678207397461,-27.198726654052734
1776702131319654,1.9059499502182007,0.8727698922157288,-11.918856620788574,-96.13334655761719,120.81715393066406,-28.376907348632812
1776702131329639,2.044401168823242,0.8327326774597168,-12.138958930969238,-99.85459899902344,121.46427917480469,-29.713138580322266
1776702131339658,2.214893341064453,0.9074735045433044,-12.367502212524414,-103.73556518554688,122.07684326171875,-30.287681579589844
1776702131349631,2.396960735321045,1.1727474927902222,-12.511422157287598,-107.39114379882812,122.10916137695312,-29.175174713134766
1776702131359650,2.4921345710754395,1.5399055480957031,-12.74163818359375,-109.4923095703125,123.93310546875,-28.404743194580078
1776702131369642,2.4307141304016113,1.575107216835022,-12.903069496154785,-110.16624450683594,123.87480926513672,-28.24008560180664
1776702131379643,2.384577751159668,1.5104097127914429,-12.735687255859375,-109.5837631225586,121.05152893066406,-28.12826156616211
1776702131389680,2.438169479370117,1.4480949640274048,-12.524911880493164,-109.02952575683594,117.30628967285156,-27.808300018310547
1776702131399647,2.4104502201080322,1.4396142959594727,-12.304037094116211,-107.68466186523438,113.18412017822266,-27.42238998413086
1776702131409685,2.553640365600586,1.460234522819519,-11.803337097167969,-105.69048309326172,107.27204132080078,-27.271438598632812
1776702131419712,2.5012145042419434,1.49929678440094,-11.355973243713379,-102.86589050292969,101.84880065917969,-25.86765480041504
1776702131429712,2.3745641708374023,1.4036223888397217,-10.91207504272461,-99.95040893554688,96.6169204711914,-24.546497344970703
1776702131439720,2.435072422027588,1.2736586332321167,-10.610883712768555,-98.1539535522461,92.3067398071289,-24.859529495239258
1776702131449684,2.5240447521209717,1.081084132194519,-10.397486686706543,-98.37532806396484,89.00601959228516,-26.094223022460938
1776702131459719,2.7288920879364014,0.9934468269348145,-10.375107765197754,-100.83174896240234,86.48939514160156,-27.44121742248535
1776702131469722,3.0204968452453613,1.0672941207885742,-10.498236656188965,-105.457275390625,85.23844146728516,-28.719789505004883
1776702131479672,3.2803852558135986,1.3131093978881836,-10.796318054199219,-110.89929962158203,85.20399475097656,-29.127445220947266
1776702131489678,3.5136473178863525,1.5695221424102783,-11.124832153320312,-116.4019775390625,85.26183319091797,-29.14875602722168
1776702131499672,3.7393922805786133,1.8052587509155273,-11.410347938537598,-122.69005584716797,84.74532318115234,-29.25042724609375
1776702131509664,3.8994431495666504,1.9468425512313843,-11.883194923400879,-127.7820816040039,85.64665222167969,-29.714481353759766
1776702131519684,4.042412281036377,1.9489412307739258,-12.140244483947754,-131.69845581054688,84.23855590820312,-30.450817108154297
1776702131529686,4.197602272033691,1.9364166259765625,-12.26118278503418,-135.37557983398438,81.2808609008789,-31.085628509521484
1776702131539676,4.3385772705078125,1.9452672004699707,-12.352218627929688,-138.95936584472656,77.57311248779297,-31.162288665771484
1776702131549683,4.4932541847229,2.0370216369628906,-12.537596702575684,-143.57237243652344,73.41749572753906,-30.886138916015625
1776702131559680,4.528197288513184,2.109928607940674,-12.629963874816895,-146.77020263671875,68.43436431884766,-29.63681411743164
1776702131569677,4.479975700378418,2.1577963829040527,-12.542997360229492,-146.89871215820312,62.97021484375,-28.232892990112305
1776702131579644,4.340702056884766,2.040776014328003,-12.253983497619629,-144.1106414794922,56.04640197753906,-26.558595657348633
1776702131589693,4.148028373718262,1.8444128036499023,-11.723448753356934,-139.54302978515625,48.48761749267578,-24.703155517578125
1776702131599662,4.000511169433594,1.6300048828125,-11.110605239868164,-134.90475463867188,40.26873016357422,-22.87934112548828
1776702131609674,3.7942757606506348,1.4832123517990112,-10.514612197875977,-129.2024383544922,32.861568450927734,-20.963180541992188
1776702131619633,3.708261013031006,1.3897743225097656,-9.914885520935059,-124.0101318359375,26.08307647705078,-20.216468811035156
1776702131629666,3.597733974456787,1.1909005641937256,-9.43655776977539,-120.73661804199219,19.062068939208984,-18.822784423828125
1776702131639677,3.576040267944336,0.9128177165985107,-9.151461601257324,-119.84477233886719,13.334041595458984,-18.426593780517578
1776702131649638,3.7376608848571777,0.8072996139526367,-9.155411720275879,-122.62347412109375,8.302066802978516,-19.883831024169922
1776702131659687,3.9324936866760254,0.7627655267715454,-9.409793853759766,-127.6012191772461,4.095558166503906,-20.872522354125977
1776702131669667,3.9941024780273438,0.6914268732070923,-9.825675964355469,-132.24948120117188,0.1459798812866211,-20.88300323486328
1776702131679671,4.014867782592773,0.583088755607605,-10.115289688110352,-135.5900421142578,-5.225569248199463,-20.495267868041992
1776702131689644,3.5343382358551025,0.5194403529167175,-9.49572467803955,-123.98470306396484,-3.9861197471618652,-16.886377334594727
1776702131699612,3.2654595375061035,0.6184477806091309,-8.15932846069336,-113.8526840209961,-5.920694828033447,-16.12456703186035
1776702131709573,0.2933058738708496,-0.356199711561203,-6.792658805847168,-101.40367126464844,-16.737510681152344,16.428070068359375
1776702131719565,-0.35282933712005615,-0.4998234808444977,-8.148543357849121,-99.45225524902344,-2.726747989654541,23.393505096435547
1776702131729589,1.002941370010376,-1.3505537509918213,-9.006241798400879,-97.66372680664062,8.256586074829102,6.90196418762207
1776702131739590,0.7962522506713867,-1.9017727375030518,-6.68759298324585,-105.27218627929688,-24.095054626464844,10.724370002746582
1776702131749563,-0.10213446617126465,-0.7268862724304199,-8.46563720703125,-109.89064025878906,-10.02107048034668,22.294137954711914
1776702131759618,0.7541295289993286,-0.5020836591720581,-8.996638298034668,-106.20077514648438,1.5433297157287598,12.038640975952148
1776702131769593,3.015653133392334,0.18108594417572021,-8.483600616455078,-105.19692993164062,3.976532459259033,-14.636636734008789
1776702131779604,2.902681827545166,-0.9428436756134033,-8.146003723144531,-102.0804443359375,0.6340234279632568,-13.746414184570312
1776702131789630,0.7171729803085327,-1.8010997772216797,-6.597377777099609,-102.4989013671875,-21.982391357421875,11.52086067199707
1776702131799605,-0.14522600173950195,-0.5488384962081909,-8.047442436218262,-106.15194702148438,-9.90711784362793,22.397878646850586
1776702131809656,-0.08575785160064697,-0.6039228439331055,-8.429337501525879,-105.67371368408203,-5.962104797363281,21.58389663696289
1776702131819653,1.4597101211547852,-0.04058298468589783,-8.626270294189453,-104.68849182128906,1.7019214630126953,3.572453498840332
1776702131829643,2.4331214427948,-0.1440502107143402,-8.07912540435791,-104.58531188964844,-1.4536170959472656,-7.618753910064697
1776702131839659,2.0729503631591797,-0.5403509140014648,-7.848994731903076,-105.4002456665039,-6.664417266845703,-3.5243682861328125
1776702131849603,1.3436726331710815,-0.8233820796012878,-8.091071128845215,-108.28777313232422,-9.187423706054688,5.492746353149414
1776702131859645,0.055255770683288574,-1.3230366706848145,-8.146331787109375,-107.15560913085938,-11.69084358215332,20.141510009765625
1776702131869661,0.3236384391784668,-0.6578125357627869,-8.420351028442383,-105.60861206054688,-4.975258827209473,16.584850311279297
1776702131879600,1.4139938354492188,-0.2795056998729706,-8.425912857055664,-102.65373992919922,1.1464343070983887,3.5576114654541016
1776702131889617,2.191005229949951,-0.43117886781692505,-7.984698295593262,-101.46612548828125,-0.5149655342102051,-5.517402172088623
1776702131899574,2.3393797874450684,-0.6050214767456055,-7.813290596008301,-103.67513275146484,-4.769039630889893,-6.882075309753418
1776702131909623,1.2058916091918945,-0.977454423904419,-7.594106197357178,-107.03634643554688,-12.977218627929688,6.330129623413086
1776702131919630,0.37143194675445557,-0.6668843030929565,-8.12852668762207,-110.04055786132812,-11.574462890625,16.814510345458984
1776702131929553,0.4071882963180542,-0.4237767457962036,-8.698068618774414,-108.7309799194336,-4.518751621246338,16.236955642700195
1776702131939593,1.1116387844085693,-0.3329378068447113,-8.470338821411133,-104.0337142944336,-0.6476402282714844,7.567914962768555
1776702131949611,2.1290574073791504,-0.2602527439594269,-8.220108032226562,-101.19256591796875,2.0112528800964355,-4.929543972015381
1776702131959602,2.0911617279052734,-0.741233229637146,-7.62964391708374,-101.4487075805664,-5.350000381469727,-4.488758087158203
1776702131969597,1.1794052124023438,-1.1680821180343628,-7.756175994873047,-104.3256607055664,-9.439475059509277,6.164885520935059
1776702131979581,0.7182192802429199,-1.0633900165557861,-8.143410682678223,-107.79763793945312,-10.055540084838867,12.580167770385742
1776702131989617,0.5874952077865601,-0.7169904708862305,-8.378009796142578,-108.31444549560547,-7.393089294433594,13.883676528930664
1776702131999576,1.2429238557815552,-0.20635391771793365,-8.47337532043457,-106.96800231933594,-2.6578311920166016,6.383318901062012
1776702132009625,1.8059771060943604,-0.13959656655788422,-8.223496437072754,-103.95574188232422,-0.8181085586547852,-0.7453746795654297
1776702132019581,1.5960196256637573,-0.6249586939811707,-7.790180206298828,-102.31431579589844,-5.023465633392334,1.246755599975586
1776702132029577,1.1768734455108643,-0.7751301527023315,-7.80435848236084,-103.72004699707031,-7.660521984100342,6.352326393127441
1776702132039560,0.9439761638641357,-0.7241738438606262,-8.091473579406738,-106.42807006835938,-8.046026229858398,9.401107788085938
1776702132049557,0.8590729236602783,-0.6803821921348572,-8.371630668640137,-107.37732696533203,-6.196519374847412,10.50826644897461
1776702132059609,1.331836223602295,-0.5212815999984741,-8.513293266296387,-107.03255462646484,-2.875528335571289,5.724640846252441
1776702132069585,1.4626449346542358,-0.6757892370223999,-8.20992660522461,-104.8696517944336,-4.0816731452941895,3.4635515213012695
1776702132079594,1.3077201843261719,-0.7659334540367126,-7.970358848571777,-103.67973327636719,-5.495417594909668,5.02552604675293
1776702132089578,1.0958635807037354,-0.7442725896835327,-7.884934425354004,-103.79070281982422,-6.702991962432861,7.209986686706543
1776702132099548,0.9850972890853882,-0.6825836300849915,-8.025885581970215,-104.94831085205078,-6.45859432220459,8.84567928314209
1776702132109594,1.1512340307235718,-0.48203155398368835,-8.170624732971191,-106.00172424316406,-5.695169448852539,6.908694267272949
1776702132119535,1.5108883380889893,-0.30188798904418945,-8.286396980285645,-107.3188247680664,-4.180392265319824,3.08107852935791
1776702132129541,1.4193150997161865,-0.5235176086425781,-8.208952903747559,-106.64400482177734,-5.22878885269165,4.200774192810059
1776702132139530,1.1942335367202759,-0.6722300052642822,-8.152009963989258,-105.84315490722656,-5.814716339111328,6.573409080505371
1776702132149508,0.9875023365020752,-0.7999913096427917,-8.166893005371094,-104.6328125,-5.472917556762695,8.756260871887207
1776702132159512,0.9135653972625732,-0.7948317527770996,-8.065877914428711,-104.11515808105469,-6.188169956207275,9.175080299377441
1776702132169508,1.2145177125930786,-0.6685835719108582,-8.251566886901855,-104.34545135498047,-3.5988478660583496,6.242596626281738
1776702132179509,1.4695825576782227,-0.6648412942886353,-8.100038528442383,-105.16583251953125,-4.944192886352539,3.4322404861450195
1776702132189558,1.469557285308838,-0.6166750192642212,-8.12529468536377,-106.3818359375,-6.044966220855713,3.625054359436035
1776702132199533,1.280570149421692,-0.5424787402153015,-8.119003295898438,-107.23710632324219,-7.14577054977417,5.838327407836914
1776702132209534,0.9571231603622437,-0.5798003077507019,-8.216429710388184,-106.67068481445312,-6.688786029815674,9.585932731628418
1776702132219530,0.9374595880508423,-0.5146912336349487,-8.185274124145508,-105.52296447753906,-5.031865119934082,9.176112174987793
1776702132229562,1.1631706953048706,-0.5451057553291321,-8.2159423828125,-104.34193420410156,-3.4397096633911133,6.761862754821777
1776702132239523,1.421496033668518,-0.5819166898727417,-8.095441818237305,-104.5028076171875,-4.651659965515137,3.8177614212036133
1776702132249505,1.4065476655960083,-0.6762067079544067,-8.17054271697998,-105.38660430908203,-5.206995487213135,3.9882802963256836
1776702132259557,1.293592929840088,-0.7718016505241394,-8.161033630371094,-106.50596618652344,-6.529468536376953,6.044661521911621
1776702132269523,0.984461784362793,-0.8240980505943298,-8.213152885437012,-106.60398864746094,-6.981709957122803,9.086898803710938
1776702132279510,1.0948457717895508,-0.6073668003082275,-8.258574485778809,-106.4454116821289,-4.870541572570801,7.737074851989746
1776702132289509,1.1407362222671509,-0.574117124080658,-8.117549896240234,-105.01640319824219,-5.3262505531311035,6.8474273681640625
1776702132299519,1.3097705841064453,-0.461942195892334,-8.082929611206055,-104.53733825683594,-4.241309642791748,4.8205671310424805
1776702132309497,1.3238801956176758,-0.5632315874099731,-8.047952651977539,-105.03440856933594,-5.513023376464844,4.8081560134887695
1776702132319517,1.2236652374267578,-0.5942907929420471,-8.107874870300293,-106.28215789794922,-6.468581676483154,6.235390663146973
1776702132329515,1.1191792488098145,-0.6226791143417358,-8.233244895935059,-107.11270904541016,-6.15108060836792,7.889432907104492
1776702132339514,1.158355712890625,-0.5814089775085449,-8.333637237548828,-106.81681823730469,-5.027764797210693,7.003496170043945
1776702132349478,1.1905615329742432,-0.6929597854614258,-8.247547149658203,-105.7051773071289,-4.603008270263672,6.633292198181152
1776702132359490,1.1951338052749634,-0.7225176692008972,-8.150674819946289,-104.45225524902344,-5.189384937286377,6.477405548095703
1776702132369517,1.1872332096099854,-0.7493014931678772,-8.133781433105469,-104.64303588867188,-5.230311870574951,6.388897895812988
1776702132379501,1.1252634525299072,-0.7152167558670044,-8.053570747375488,-105.03504943847656,-6.435563564300537,7.1484270095825195
1776702132389519,1.2733774185180664,-0.5632792711257935,-8.196276664733887,-106.48241424560547,-5.012609958648682,5.60765266418457
1776702132399519,1.3061261177062988,-0.4782496988773346,-8.152093887329102,-107.0544662475586,-6.177637577056885,5.4605712890625
1776702132409521,1.2358793020248413,-0.4871548116207123,-8.26045036315918,-106.77040100097656,-5.0561842918396,6.293065071105957
1776702132419521,1.2087571620941162,-0.5395854711532593,-8.230289459228516,-106.03250122070312,-5.3838887214660645,6.520482063293457
1776702132429546,1.0575072765350342,-0.6817643642425537,-8.18938159942627,-105.21797180175781,-5.384668350219727,8.010127067565918
1776702132439531,1.0731641054153442,-0.7014992237091064,-8.14467716217041,-105.17913818359375,-5.441953659057617,7.749362945556641
1776702132449479,1.1904658079147339,-0.6589396595954895,-8.206031799316406,-105.5386734008789,-4.873668670654297,6.416685104370117
1776702132459547,1.2875243425369263,-0.6742165684700012,-8.226873397827148,-105.90679931640625,-5.1457295417785645,5.508275032043457
1776702132469516,1.3134201765060425,-0.677322506904602,-8.214959144592285,-106.26956176757812,-5.544759750366211,5.499494552612305
1776702132479493,1.310767650604248,-0.6087630391120911,-8.171894073486328,-106.59477996826172,-5.874513626098633,5.53961181640625
1776702132489488,1.1507534980773926,-0.6002620458602905,-8.144513130187988,-105.94096374511719,-5.773792266845703,7.148197174072266
1776702132499474,1.0811944007873535,-0.5567827224731445,-8.151735305786133,-105.56228637695312,-5.722062587738037,7.766423225402832
1776702132509478,1.1227836608886719,-0.5554157495498657,-8.198360443115234,-105.73075103759766,-5.105147361755371,7.155877113342285
1776702132519469,1.1665581464767456,-0.5892741084098816,-8.184043884277344,-105.9815902709961,-5.677587985992432,6.851130485534668
1776702132529476,1.3047550916671753,-0.5855159759521484,-8.292072296142578,-106.74518585205078,-4.782423973083496,5.628887176513672
1776702132539490,1.299500823020935,-0.6364983916282654,-8.260951042175293,-106.55286407470703,-5.243070602416992,5.581699371337891
1776702132549485,1.2070119380950928,-0.7117122411727905,-8.203173637390137,-106.13701629638672,-5.4294023513793945,6.442370414733887
1776702132559485,1.1761797666549683,-0.6950595378875732,-8.216440200805664,-105.65797424316406,-5.334551811218262,6.590090751647949
1776702132569468,1.0870881080627441,-0.737840473651886,-8.150459289550781,-105.09383392333984,-5.773858547210693,7.608907699584961
1776702132579475,1.1671456098556519,-0.6119670867919922,-8.147199630737305,-105.5376968383789,-5.414679527282715,6.889815330505371
1776702132589516,1.223789095878601,-0.585577130317688,-8.174365043640137,-106.05412292480469,-5.659942150115967,6.278365135192871
1776702132599471,1.2739189863204956,-0.49558430910110474,-8.235366821289062,-106.89494323730469,-5.802334785461426,5.662494659423828
1776702132609515,1.2569023370742798,-0.5126510858535767,-8.239063262939453,-106.94220733642578,-5.352447986602783,6.159280776977539
1776702132619450,1.2132563591003418,-0.5588929653167725,-8.24576473236084,-106.46678924560547,-5.277027130126953,6.556157112121582
1776702132629522,1.1615426540374756,-0.6570863723754883,-8.223243713378906,-105.85688018798828,-5.339798450469971,7.127188682556152
1776702132639532,1.1261850595474243,-0.7090886235237122,-8.179488182067871,-105.18727111816406,-5.511903285980225,7.229585647583008
1776702132649479,1.1612228155136108,-0.7323412299156189,-8.189836502075195,-105.37247467041016,-5.392542362213135,6.941827774047852
1776702132659523,1.2110170125961304,-0.7096516489982605,-8.17175579071045,-106.07936096191406,-5.696840286254883,6.43436336517334
1776702132669522,1.2829641103744507,-0.6506497859954834,-8.254043579101562,-106.55661010742188,-5.258731365203857,5.953372955322266
1776702132679493,1.3163492679595947,-0.567861020565033,-8.200132369995117,-106.51494598388672,-5.547913074493408,5.60269832611084
1776702132689504,1.2443534135818481,-0.5489031076431274,-8.218969345092773,-106.70262908935547,-5.791513919830322,6.143516540527344
1776702132699498,1.164764642715454,-0.5753751993179321,-8.205242156982422,-106.20208740234375,-5.341248035430908,6.816875457763672
1776702132709479,1.0732758045196533,-0.6193534135818481,-8.148811340332031,-105.8058853149414,-5.878278732299805,7.740507125854492
1776702132719451,1.1117609739303589,-0.6096432209014893,-8.253190994262695,-105.91014099121094,-5.1424031257629395,7.220841407775879
1776702132729492,1.2287553548812866,-0.6291388273239136,-8.25255298614502,-106.23974609375,-5.150848865509033,6.3794403076171875
1776702132739469,1.2799938917160034,-0.6449552774429321,-8.250265121459961,-106.33877563476562,-5.203487873077393,5.780104637145996
1776702132749476,1.2789191007614136,-0.682433545589447,-8.265237808227539,-106.44242858886719,-5.155421733856201,5.643065452575684
1776702132759503,1.2130160331726074,-0.6981746554374695,-8.188079833984375,-105.94905853271484,-5.665267467498779,6.373744964599609
1776702132769469,1.1466997861862183,-0.6672921180725098,-8.176694869995117,-105.70879364013672,-5.691893100738525,7.152109146118164
1776702132779505,1.146826982498169,-0.6054385304450989,-8.14621353149414,-105.59998321533203,-5.695601940155029,7.11270809173584
1776702132789492,1.17790687084198,-0.5677484273910522,-8.180739402770996,-106.1900405883789,-5.507878303527832,6.81043815612793
1776702132799492,1.2129744291305542,-0.5474998950958252,-8.202716827392578,-106.66441345214844,-5.524096965789795,6.390130996704102
1776702132809534,1.2826992273330688,-0.5377777814865112,-8.280759811401367,-106.96126556396484,-5.043694019317627,5.65949821472168
1776702132819510,1.2261821031570435,-0.594133734703064,-8.23773193359375,-106.6208724975586,-5.473258972167969,6.344630241394043
1776702132829518,1.1934089660644531,-0.6214689612388611,-8.25133991241455,-105.97032165527344,-5.1151580810546875,6.531667709350586
1776702132839534,1.1864488124847412,-0.6886100172996521,-8.18457317352295,-105.614990234375,-5.230548858642578,6.808213233947754
1776702132849430,1.1139285564422607,-0.7493232488632202,-8.166376113891602,-105.51725006103516,-5.833548069000244,7.496722221374512
1776702132859511,1.1985669136047363,-0.6645827889442444,-8.206945419311523,-105.98545837402344,-5.537128925323486,6.890716552734375
1776702132869472,1.2186025381088257,-0.6224455237388611,-8.218055725097656,-106.44977569580078,-5.551366806030273,6.3917436599731445
1776702132879447,1.2505847215652466,-0.5680996775627136,-8.223872184753418,-106.77107238769531,-5.49120569229126,5.850484848022461
1776702132889438,1.2829813957214355,-0.5331075191497803,-8.263559341430664,-106.80970764160156,-5.321284294128418,5.604811668395996
1776702132899437,1.1801122426986694,-0.5645029544830322,-8.201456069946289,-106.28032684326172,-5.377239227294922,6.717888832092285
1776702132909442,1.0926960706710815,-0.6238422393798828,-8.204889297485352,-106.0162353515625,-5.415665149688721,7.78787899017334
1776702132919448,1.1505438089370728,-0.6408911347389221,-8.211496353149414,-106.07980346679688,-5.228074073791504,7.210494041442871
1776702132929447,1.1708533763885498,-0.6692594885826111,-8.239034652709961,-106.00668334960938,-5.250755310058594,6.837066650390625
1776702132939464,1.2244420051574707,-0.6702335476875305,-8.253310203552246,-106.34300994873047,-5.379447937011719,6.080717086791992
1776702132949453,1.2897790670394897,-0.6557053923606873,-8.269243240356445,-106.51670837402344,-5.099026679992676,5.630157470703125
1776702132959437,1.2253456115722656,-0.683777391910553,-8.177815437316895,-106.47520446777344,-5.887259006500244,6.454303741455078
1776702132969438,1.1925910711288452,-0.6239482164382935,-8.232017517089844,-106.20962524414062,-5.463794231414795,6.540096282958984
1776702132979445,1.1715877056121826,-0.6046696901321411,-8.146323204040527,-105.94694519042969,-5.639409065246582,6.866842269897461
1776702132989504,1.1318111419677734,-0.603536069393158,-8.19139289855957,-106.09307861328125,-5.705031871795654,7.215250015258789
1776702132999462,1.204120397567749,-0.5538838505744934,-8.232190132141113,-106.42018127441406,-5.306744575500488,6.792291641235352
1776702133009497,1.2395275831222534,-0.5787106156349182,-8.25855541229248,-106.80411529541016,-5.440722465515137,6.4502058029174805
1776702133019443,1.2410309314727783,-0.6006633043289185,-8.274726867675781,-106.75731658935547,-5.208973407745361,6.034045219421387
1776702133029495,1.2544262409210205,-0.6397249102592468,-8.297125816345215,-106.55139923095703,-5.1999664306640625,6.0634260177612305
1776702133039504,1.1837376356124878,-0.7065696120262146,-8.231292724609375,-106.00021362304688,-5.5743560791015625,6.989336967468262
1776702133049455,1.15585458278656,-0.6865520477294922,-8.187445640563965,-105.76485443115234,-5.576634407043457,7.191205024719238
1776702133059476,1.1591508388519287,-0.6584404110908508,-8.214807510375977,-105.84281921386719,-5.736635208129883,7.103157997131348
1776702133069492,1.1882826089859009,-0.6179187297821045,-8.22812271118164,-106.41659545898438,-5.763998031616211,6.781262397766113
1776702133079412,1.267869234085083,-0.5706866383552551,-8.23893928527832,-107.01101684570312,-5.387885093688965,5.969942092895508
1776702133089435,1.2577874660491943,-0.5534451603889465,-8.214117050170898,-106.88090515136719,-5.608341693878174,5.996065139770508
1776702133099444,1.2130770683288574,-0.581210732460022,-8.214746475219727,-106.74005126953125,-5.524814605712891,6.680228233337402
1776702133109416,1.183647632598877,-0.6117217540740967,-8.25089168548584,-106.29954528808594,-5.410420894622803,6.971256256103516
1776702133119450,1.1356544494628906,-0.6599771976470947,-8.206709861755371,-105.90445709228516,-5.416648864746094,7.164334297180176
1776702133129459,1.1505000591278076,-0.6649667024612427,-8.224614143371582,-105.99182891845703,-5.180199146270752,6.974479675292969
1776702133139446,1.2046399116516113,-0.6756882667541504,-8.24863052368164,-106.33906555175781,-5.208881378173828,6.292483329772949
1776702133149450,1.2335435152053833,-0.6680488586425781,-8.221128463745117,-106.37154388427734,-5.555381774902344,6.26943302154541
1776702133159469,1.2409014701843262,-0.6231324076652527,-8.244648933410645,-106.82007598876953,-5.5609540939331055,6.219677925109863
1776702133169468,1.2367372512817383,-0.611385703086853,-8.225272178649902,-106.42575073242188,-5.578601837158203,6.156167030334473
1776702133179431,1.1643790006637573,-0.614253044128418,-8.210519790649414,-106.31216430664062,-5.660092830657959,6.864592552185059
1776702133189460,1.1575140953063965,-0.573920488357544,-8.237488746643066,-106.115478515625,-5.406055927276611,7.101620674133301
1776702133199420,1.1538642644882202,-0.5958913564682007,-8.198467254638672,-106.17438507080078,-5.511564254760742,7.164303779602051
1776702133209471,1.1982934474945068,-0.6031908392906189,-8.24960994720459,-106.59814453125,-5.412383556365967,6.740386009216309
1776702133219461,1.2583590745925903,-0.6026027202606201,-8.2930908203125,-106.67880249023438,-4.962747573852539,6.076657295227051
1776702133229463,1.255853533744812,-0.652891993522644,-8.293896675109863,-106.48209381103516,-5.476757049560547,6.170411109924316
1776702133239445,1.2077757120132446,-0.6625528931617737,-8.26113510131836,-106.36182403564453,-5.603830337524414,6.616345405578613
1776702133249392,1.195627212524414,-0.6590812802314758,-8.214574813842773,-106.19111633300781,-5.6164021492004395,6.865578651428223
1776702133259452,1.1230884790420532,-0.655342161655426,-8.191774368286133,-105.98773193359375,-5.873775005340576,7.473716735839844
1776702133269434,1.1729694604873657,-0.5725530982017517,-8.248676300048828,-106.25666046142578,-5.401492118835449,6.817949295043945
1776702133279397,1.2217471599578857,-0.5710834264755249,-8.26781940460205,-106.73265838623047,-5.530892848968506,6.370046615600586
1776702133289410,1.2186148166656494,-0.5814414620399475,-8.265519142150879,-106.97743225097656,-5.615421295166016,6.410991668701172
1776702133299401,1.2301827669143677,-0.5847533941268921,-8.283215522766113,-106.76820373535156,-5.035286903381348,6.213164329528809
1776702133309435,1.2005583047866821,-0.6332941055297852,-8.248239517211914,-106.4801025390625,-5.254232883453369,6.5729522705078125
1776702133319450,1.1489735841751099,-0.6680695414543152,-8.231616973876953,-106.04655456542969,-5.502554893493652,7.088095664978027
1776702133329393,1.1770410537719727,-0.6694641709327698,-8.227351188659668,-105.86841583251953,-5.419315814971924,6.849135398864746
1776702133339430,1.178847312927246,-0.6643821001052856,-8.210392951965332,-106.22224426269531,-5.454843997955322,6.785467147827148
1776702133349406,1.2179162502288818,-0.6571387648582458,-8.226316452026367,-106.56877136230469,-5.46136474609375,6.492559432983398
1776702133359389,1.2602826356887817,-0.589393138885498,-8.259069442749023,-106.54965209960938,-5.534883499145508,6.031350135803223
1776702133369411,1.2199634313583374,-0.593234658241272,-8.2583589553833,-106.70663452148438,-5.60512638092041,6.280755043029785
1776702133379395,1.215433120727539,-0.5692769885063171,-8.239236831665039,-106.53417205810547,-5.411210060119629,6.648037910461426
1776702133389460,1.179906964302063,-0.5929971933364868,-8.217819213867188,-106.38810729980469,-5.558388710021973,6.774374961853027
1776702133399409,1.1462411880493164,-0.6501188278198242,-8.203783988952637,-106.33982849121094,-5.790828704833984,7.519622802734375
1776702133409431,1.1776245832443237,-0.6124922037124634,-8.292961120605469,-106.43494415283203,-5.304967880249023,6.853011131286621
1776702133419396,1.209107756614685,-0.6280142664909363,-8.250570297241211,-106.63494110107422,-5.145869255065918,6.367378234863281
1776702133429445,1.2505648136138916,-0.6279776692390442,-8.26710319519043,-106.46572875976562,-5.30048942565918,6.2874040603637695
1776702133439438,1.2557305097579956,-0.6268321871757507,-8.277851104736328,-106.43965911865234,-5.276230812072754,5.959593772888184
1776702133449431,1.180816650390625,-0.6493319272994995,-8.250123977661133,-106.42549896240234,-5.571083068847656,6.768298149108887
1776702133459453,1.1507515907287598,-0.6140593886375427,-8.227012634277344,-106.29200744628906,-5.658408164978027,7.1346282958984375
1776702133469449,1.180023431777954,-0.5893133878707886,-8.272407531738281,-106.31739807128906,-5.550065517425537,6.830846786499023
1776702133479365,1.1920521259307861,-0.5956563949584961,-8.230501174926758,-106.69275665283203,-5.449131011962891,6.740608215332031
1776702133489415,1.216546893119812,-0.5746210217475891,-8.239452362060547,-106.78143310546875,-5.299743175506592,6.263714790344238
1776702133499431,1.2237921953201294,-0.6065302491188049,-8.250515937805176,-106.90153503417969,-5.33973503112793,6.187216758728027
1776702133509420,1.200946569442749,-0.6367063522338867,-8.269519805908203,-106.46234130859375,-5.41805362701416,6.662636756896973
1776702133519403,1.201616883277893,-0.6258403658866882,-8.25244140625,-106.17074584960938,-5.144211769104004,6.4278717041015625
1776702133529410,1.1762863397598267,-0.6882572174072266,-8.239386558532715,-106.16837310791016,-5.66552209854126,7.0068559646606445
1776702133539414,1.1766810417175293,-0.6597689986228943,-8.213887214660645,-106.23054504394531,-5.4004364013671875,6.757901191711426
1776702133549403,1.1964722871780396,-0.6256704926490784,-8.252307891845703,-106.5395278930664,-5.319845676422119,6.488834381103516
1776702133559405,1.2107325792312622,-0.5888434052467346,-8.233899116516113,-106.64616394042969,-5.480626583099365,6.416625022888184
1776702133569440,1.2379612922668457,-0.5573662519454956,-8.24579906463623,-106.92094421386719,-5.275267124176025,6.247493743896484
1776702133579414,1.2117843627929688,-0.6026484370231628,-8.254630088806152,-106.78612518310547,-5.415848731994629,6.3622541427612305
1776702133589405,1.2004867792129517,-0.6207171082496643,-8.226041793823242,-106.40194702148438,-5.507637023925781,6.902313232421875
1776702133599393,1.163807988166809,-0.6378191709518433,-8.265009880065918,-106.45457458496094,-5.425662517547607,7.087594032287598
1776702133609395,1.1616607904434204,-0.6368227005004883,-8.250467300415039,-106.29435729980469,-5.3691935539245605,6.777517318725586
1776702133619395,1.1928136348724365,-0.6574569940567017,-8.294905662536621,-106.52497100830078,-5.478343963623047,6.844426155090332
1776702133629413,1.2533046007156372,-0.6303706169128418,-8.278867721557617,-106.55740356445312,-5.3565521240234375,6.103767395019531
1776702133639435,1.2344952821731567,-0.6570470929145813,-8.28917407989502,-106.80408477783203,-5.555522918701172,6.509477615356445
1776702133649421,1.1974190473556519,-0.6034531593322754,-8.23787784576416,-106.45821380615234,-5.363796710968018,6.6272430419921875
1776702133659412,1.2083377838134766,-0.6086366772651672,-8.261903762817383,-106.49971008300781,-5.396144390106201,6.840243339538574
1776702133669498,1.1827419996261597,-0.6051816344261169,-8.23764419555664,-106.40180969238281,-5.536038875579834,6.846518516540527
1776702133679518,1.1711806058883667,-0.5911272168159485,-8.253021240234375,-106.50515747070312,-5.446227073669434,6.821637153625488
1776702133689577,1.22001051902771,-0.6031631827354431,-8.263092041015625,-106.88363647460938,-5.34379243850708,6.535259246826172
1776702133699590,1.219952940940857,-0.6189044713973999,-8.292594909667969,-106.75009155273438,-5.372067451477051,6.36299991607666
1776702133709484,1.2261070013046265,-0.6060929894447327,-8.271703720092773,-106.64192199707031,-5.0462517738342285,6.411813735961914
1776702133719551,1.2154446840286255,-0.6307643055915833,-8.262208938598633,-106.36575317382812,-5.265776634216309,6.362253189086914
1776702133729477,1.1791629791259766,-0.6630800366401672,-8.266343116760254,-106.4166259765625,-5.632217884063721,6.88482666015625
1776702133739505,1.1918190717697144,-0.6340214610099792,-8.226996421813965,-106.23150634765625,-5.281322956085205,6.833549499511719
1776702133749542,1.1931225061416626,-0.6131356954574585,-8.232170104980469,-106.34496307373047,-5.5229573249816895,6.67497444152832
1776702133759530,1.2038475275039673,-0.5921005010604858,-8.235576629638672,-106.7086181640625,-5.334744453430176,6.692465782165527
1776702133769553,1.2390271425247192,-0.5698618292808533,-8.291971206665039,-106.85368347167969,-5.22882080078125,6.164699554443359
1776702133779516,1.2056561708450317,-0.5921148061752319,-8.260645866394043,-106.78194427490234,-5.627353668212891,6.380114555358887
1776702133789616,1.2264268398284912,-0.6210146546363831,-8.267552375793457,-106.66400146484375,-5.402113437652588,6.709287643432617
1776702133799510,1.1761575937271118,-0.6243715286254883,-8.248601913452148,-106.49382019042969,-5.480518341064453,6.852695465087891
1776702133809567,1.1742154359817505,-0.6406458020210266,-8.238973617553711,-106.36532592773438,-5.454400539398193,7.073169708251953
1776702133819639,1.1854044198989868,-0.6546889543533325,-8.279485702514648,-106.44017028808594,-5.37450647354126,6.666160583496094
1776702133829506,1.2367678880691528,-0.6269899010658264,-8.257951736450195,-106.63685607910156,-5.535654067993164,6.419398307800293
1776702133839515,1.221720814704895,-0.6116615533828735,-8.270329475402832,-106.67301940917969,-5.454613208770752,6.550307273864746
1776702133849527,1.2270866632461548,-0.6030310988426208,-8.251863479614258,-106.7155532836914,-5.4561448097229,6.348480224609375
1776702133859518,1.2163705825805664,-0.5906658172607422,-8.287252426147461,-106.54132843017578,-5.639578819274902,6.522806167602539
1776702133869547,1.1773109436035156,-0.6011042594909668,-8.241003036499023,-106.5640869140625,-5.3951215744018555,6.887051582336426
1776702133879603,1.1550488471984863,-0.6044871211051941,-8.242870330810547,-106.50155639648438,-5.26001501083374,6.903397560119629
1776702133889565,1.1838618516921997,-0.6170144081115723,-8.23848819732666,-106.55604553222656,-5.390759468078613,6.712094306945801
1776702133899557,1.2214291095733643,-0.6424633264541626,-8.27818489074707,-106.68647766113281,-5.303661346435547,6.419581413269043
1776702133909499,1.2432141304016113,-0.618584156036377,-8.258090019226074,-106.77891540527344,-5.168924808502197,6.195254325866699
1776702133919525,1.2170215845108032,-0.652489423751831,-8.279398918151855,-106.4456787109375,-5.49217414855957,6.382546424865723
1776702133929499,1.2041836977005005,-0.6306151747703552,-8.294181823730469,-106.71847534179688,-5.267013072967529,6.371631622314453
1776702133939525,1.1783660650253296,-0.6274182796478271,-8.217458724975586,-106.34730529785156,-5.606175899505615,6.897818565368652
1776702133949534,1.1819902658462524,-0.6196961402893066,-8.235808372497559,-106.58714294433594,-5.284430980682373,6.944706916809082
1776702133959534,1.2062911987304688,-0.5998615026473999,-8.25645637512207,-106.77235412597656,-5.4568634033203125,6.481349945068359
1776702133969557,1.206253170967102,-0.6033424735069275,-8.264619827270508,-106.76448059082031,-5.426331520080566,6.542076110839844
1776702133979528,1.2125710248947144,-0.5823301672935486,-8.288326263427734,-106.64604949951172,-5.364165782928467,6.4424285888671875
1776702133989493,1.194057822227478,-0.6112690567970276,-8.279509544372559,-106.68993377685547,-5.430516242980957,6.537137031555176
1776702133999449,1.184198021888733,-0.632615327835083,-8.26180648803711,-106.44869232177734,-5.367508411407471,6.852413177490234
1776702134009498,1.1754767894744873,-0.6560958027839661,-8.259963989257812,-106.52094268798828,-5.321842670440674,6.771367073059082
1776702134019565,1.2121416330337524,-0.6541936993598938,-8.266045570373535,-106.52649688720703,-5.554837226867676,6.712352752685547
1776702134029599,1.2068588733673096,-0.6480799913406372,-8.287734985351562,-106.57462310791016,-5.601088047027588,6.608677864074707
1776702134039643,1.2265892028808594,-0.6060325503349304,-8.296024322509766,-106.79924011230469,-5.40397310256958,6.543788909912109
1776702134049567,1.2167853116989136,-0.5814331769943237,-8.241559982299805,-106.77047729492188,-5.313480854034424,6.339934349060059
1776702134059502,1.2248878479003906,-0.5882449746131897,-8.241373062133789,-106.88123321533203,-5.662694454193115,6.660123825073242
1776702134069632,1.2310456037521362,-0.5810444951057434,-8.273764610290527,-106.58329772949219,-5.5496320724487305,6.601410865783691
1776702134079557,1.174584150314331,-0.619986891746521,-8.249778747558594,-106.53043365478516,-5.389839172363281,6.940567970275879
1776702134089569,1.1884596347808838,-0.6297463178634644,-8.272819519042969,-106.6183090209961,-5.381376266479492,6.886314392089844
1776702134099575,1.2019495964050293,-0.6373600363731384,-8.251842498779297,-106.7192611694336,-5.1083879470825195,6.365205764770508
